<?xml version="1.0" encoding="UTF-8"?>
<!-- track-length = 41922 filtered ascend = 953 plain-ascend = 0 cost=87469 energy=.3kwh time=3h 12m 27s -->
<gpx 
 xmlns="http://www.topografix.com/GPX/1/1" 
 xmlns:xsi="http://www.w3.org/2001/XMLSchema-instance" 
 xsi:schemaLocation="http://www.topografix.com/GPX/1/1 http://www.topografix.com/GPX/1/1/gpx.xsd" 
 creator="BRouter-1.7.9" version="1.1"><wpt lat="39.90662" lon="3.08272"><name>Gran Café 1919</name><sym>Restaurant</sym></wpt><wpt lat="39.90887" lon="3.08132"><name>Cultural</name><sym>Restaurant</sym></wpt><wpt lat="39.91173" lon="3.09246"><name>Store Formentor</name><sym>Restaurant</sym></wpt><wpt lat="39.9072" lon="3.082"><name>Café</name><sym>Restaurant</sym></wpt><wpt lat="39.96132" lon="3.21237"><name>Far de Formentor</name><sym>Restaurant</sym></wpt><wpt lat="39.90859" lon="3.08501"><name>Cappuccino</name><sym>Restaurant</sym></wpt><wpt lat="39.90637" lon="3.08193"><name>Wattstyle</name><sym>Bike Trail</sym></wpt><wpt lat="39.90709" lon="3.08267"><name>Bike island</name><sym>Bike Trail</sym></wpt><wpt lat="39.91093" lon="3.08727"><name>Holibikes Cafeteria</name><sym>Restaurant</sym></wpt>
 <trk>
  <src>brouter_fastbike-lowtraffic_0</src>
  <type>bike</type>
  <trkseg>
   <trkpt lon="3.083068" lat="39.908298"><ele>2.0</ele><sym>pass_place</sym><type>Via</type></trkpt>
   <trkpt lon="3.083480" lat="39.908057"><ele>2.0</ele><sym>left</sym></trkpt>
   <trkpt lon="3.083892" lat="39.908468"><ele>1.75</ele></trkpt>
   <trkpt lon="3.084594" lat="39.909169"><ele>1.0</ele></trkpt>
   <trkpt lon="3.085036" lat="39.909597"><ele>1.0</ele></trkpt>
   <trkpt lon="3.085185" lat="39.909741"><ele>1.0</ele></trkpt>
   <trkpt lon="3.086128" lat="39.910393"><ele>1.25</ele></trkpt>
   <trkpt lon="3.086355" lat="39.910541"><ele>1.0</ele></trkpt>
   <trkpt lon="3.087295" lat="39.911066"><ele>1.0</ele></trkpt>
   <trkpt lon="3.087534" lat="39.911195"><ele>1.25</ele></trkpt>
   <trkpt lon="3.087604" lat="39.911229"><ele>1.25</ele></trkpt>
   <trkpt lon="3.087685" lat="39.911258"><ele>1.25</ele></trkpt>
   <trkpt lon="3.088873" lat="39.911594"><ele>1.0</ele></trkpt>
   <trkpt lon="3.089053" lat="39.911627"><ele>1.0</ele></trkpt>
   <trkpt lon="3.089131" lat="39.911628"><ele>1.0</ele></trkpt>
   <trkpt lon="3.089918" lat="39.911657"><ele>1.0</ele></trkpt>
   <trkpt lon="3.090822" lat="39.911683"><ele>1.0</ele></trkpt>
   <trkpt lon="3.091602" lat="39.911707"><ele>2.0</ele></trkpt>
   <trkpt lon="3.091734" lat="39.911702"><ele>2.0</ele></trkpt>
   <trkpt lon="3.091833" lat="39.911686"><ele>2.0</ele></trkpt>
   <trkpt lon="3.092342" lat="39.911577"><ele>1.75</ele></trkpt>
   <trkpt lon="3.092469" lat="39.911551"><ele>1.75</ele></trkpt>
   <trkpt lon="3.092953" lat="39.911445"><ele>2.0</ele></trkpt>
   <trkpt lon="3.095277" lat="39.910951"><ele>3.0</ele></trkpt>
   <trkpt lon="3.096269" lat="39.910739"><ele>3.75</ele></trkpt>
   <trkpt lon="3.096908" lat="39.910603"><ele>4.0</ele></trkpt>
   <trkpt lon="3.097074" lat="39.910576"><ele>4.0</ele></trkpt>
   <trkpt lon="3.097277" lat="39.910547"><ele>3.75</ele></trkpt>
   <trkpt lon="3.097507" lat="39.910514"><ele>3.75</ele></trkpt>
   <trkpt lon="3.097845" lat="39.910474"><ele>3.5</ele></trkpt>
   <trkpt lon="3.098336" lat="39.910410"><ele>3.0</ele></trkpt>
   <trkpt lon="3.098407" lat="39.910406"><ele>3.0</ele></trkpt>
   <trkpt lon="3.098477" lat="39.910412"><ele>3.0</ele></trkpt>
   <trkpt lon="3.098525" lat="39.910424"><ele>3.0</ele></trkpt>
   <trkpt lon="3.098602" lat="39.910477"><ele>3.0</ele></trkpt>
   <trkpt lon="3.098620" lat="39.910506"><ele>3.0</ele></trkpt>
   <trkpt lon="3.099444" lat="39.912412"><ele>8.5</ele></trkpt>
   <trkpt lon="3.099466" lat="39.912463"><ele>8.75</ele></trkpt>
   <trkpt lon="3.099635" lat="39.912679"><ele>9.5</ele><sym>roundabout_e1</sym></trkpt>
   <trkpt lon="3.099692" lat="39.912705"><ele>9.5</ele></trkpt>
   <trkpt lon="3.099756" lat="39.912711"><ele>9.75</ele></trkpt>
   <trkpt lon="3.099835" lat="39.912702"><ele>9.5</ele></trkpt>
   <trkpt lon="3.100081" lat="39.912654"><ele>9.5</ele><sym>pass_place</sym><type>Shaping</type></trkpt>
   <trkpt lon="3.100084" lat="39.912654"><ele>9.5</ele></trkpt>
   <trkpt lon="3.100427" lat="39.912576"><ele>9.25</ele></trkpt>
   <trkpt lon="3.101521" lat="39.912323"><ele>8.5</ele></trkpt>
   <trkpt lon="3.101743" lat="39.912277"><ele>9.25</ele></trkpt>
   <trkpt lon="3.101932" lat="39.912256"><ele>10.0</ele></trkpt>
   <trkpt lon="3.102116" lat="39.912261"><ele>10.5</ele></trkpt>
   <trkpt lon="3.102309" lat="39.912306"><ele>11.0</ele></trkpt>
   <trkpt lon="3.102467" lat="39.912375"><ele>11.25</ele></trkpt>
   <trkpt lon="3.102604" lat="39.912487"><ele>12.25</ele></trkpt>
   <trkpt lon="3.102683" lat="39.912576"><ele>12.75</ele></trkpt>
   <trkpt lon="3.103047" lat="39.913087"><ele>16.0</ele></trkpt>
   <trkpt lon="3.104263" lat="39.914829"><ele>28.75</ele></trkpt>
   <trkpt lon="3.104333" lat="39.914880"><ele>29.25</ele></trkpt>
   <trkpt lon="3.104397" lat="39.914901"><ele>29.75</ele></trkpt>
   <trkpt lon="3.104479" lat="39.914904"><ele>30.25</ele></trkpt>
   <trkpt lon="3.104555" lat="39.914884"><ele>31.5</ele></trkpt>
   <trkpt lon="3.104618" lat="39.914847"><ele>32.5</ele></trkpt>
   <trkpt lon="3.104659" lat="39.914789"><ele>33.25</ele></trkpt>
   <trkpt lon="3.104666" lat="39.914712"><ele>34.0</ele></trkpt>
   <trkpt lon="3.104373" lat="39.913624"><ele>40.25</ele></trkpt>
   <trkpt lon="3.104091" lat="39.912505"><ele>42.0</ele></trkpt>
   <trkpt lon="3.104063" lat="39.912241"><ele>43.0</ele></trkpt>
   <trkpt lon="3.104097" lat="39.911609"><ele>43.75</ele></trkpt>
   <trkpt lon="3.104129" lat="39.911550"><ele>44.25</ele></trkpt>
   <trkpt lon="3.104200" lat="39.911518"><ele>46.5</ele></trkpt>
   <trkpt lon="3.104270" lat="39.911521"><ele>49.5</ele></trkpt>
   <trkpt lon="3.104329" lat="39.911554"><ele>52.0</ele></trkpt>
   <trkpt lon="3.104355" lat="39.911611"><ele>53.75</ele></trkpt>
   <trkpt lon="3.104368" lat="39.912016"><ele>54.0</ele></trkpt>
   <trkpt lon="3.104391" lat="39.912276"><ele>54.0</ele></trkpt>
   <trkpt lon="3.104455" lat="39.912502"><ele>56.25</ele></trkpt>
   <trkpt lon="3.104567" lat="39.912700"><ele>58.25</ele></trkpt>
   <trkpt lon="3.104838" lat="39.913024"><ele>61.75</ele></trkpt>
   <trkpt lon="3.104893" lat="39.913153"><ele>63.0</ele></trkpt>
   <trkpt lon="3.104938" lat="39.913364"><ele>64.25</ele></trkpt>
   <trkpt lon="3.105008" lat="39.913581"><ele>66.5</ele></trkpt>
   <trkpt lon="3.105127" lat="39.913762"><ele>67.75</ele></trkpt>
   <trkpt lon="3.105526" lat="39.914227"><ele>70.25</ele></trkpt>
   <trkpt lon="3.105803" lat="39.914536"><ele>72.75</ele></trkpt>
   <trkpt lon="3.105893" lat="39.914610"><ele>73.75</ele></trkpt>
   <trkpt lon="3.106380" lat="39.914955"><ele>78.0</ele></trkpt>
   <trkpt lon="3.107388" lat="39.915860"><ele>87.5</ele></trkpt>
   <trkpt lon="3.107865" lat="39.916214"><ele>90.75</ele></trkpt>
   <trkpt lon="3.107924" lat="39.916285"><ele>91.5</ele></trkpt>
   <trkpt lon="3.107946" lat="39.916344"><ele>91.5</ele></trkpt>
   <trkpt lon="3.107944" lat="39.916409"><ele>91.5</ele></trkpt>
   <trkpt lon="3.107922" lat="39.916477"><ele>92.5</ele></trkpt>
   <trkpt lon="3.107864" lat="39.916552"><ele>93.0</ele></trkpt>
   <trkpt lon="3.107025" lat="39.917198"><ele>99.5</ele></trkpt>
   <trkpt lon="3.106946" lat="39.917236"><ele>99.75</ele></trkpt>
   <trkpt lon="3.106852" lat="39.917250"><ele>101.0</ele></trkpt>
   <trkpt lon="3.106748" lat="39.917246"><ele>101.5</ele></trkpt>
   <trkpt lon="3.106320" lat="39.917151"><ele>102.25</ele></trkpt>
   <trkpt lon="3.106020" lat="39.917105"><ele>103.25</ele><sym>pass_place</sym><type>Shaping</type></trkpt>
   <trkpt lon="3.105913" lat="39.917101"><ele>103.25</ele></trkpt>
   <trkpt lon="3.105804" lat="39.917121"><ele>103.75</ele></trkpt>
   <trkpt lon="3.105720" lat="39.917163"><ele>103.75</ele></trkpt>
   <trkpt lon="3.105660" lat="39.917227"><ele>104.75</ele></trkpt>
   <trkpt lon="3.105625" lat="39.917310"><ele>104.75</ele></trkpt>
   <trkpt lon="3.105630" lat="39.917382"><ele>106.0</ele></trkpt>
   <trkpt lon="3.105657" lat="39.917491"><ele>109.25</ele></trkpt>
   <trkpt lon="3.105827" lat="39.917848"><ele>110.25</ele></trkpt>
   <trkpt lon="3.106300" lat="39.918493"><ele>118.25</ele></trkpt>
   <trkpt lon="3.106473" lat="39.918812"><ele>119.75</ele></trkpt>
   <trkpt lon="3.106887" lat="39.919452"><ele>125.25</ele></trkpt>
   <trkpt lon="3.106968" lat="39.919628"><ele>128.25</ele></trkpt>
   <trkpt lon="3.106995" lat="39.919774"><ele>129.5</ele></trkpt>
   <trkpt lon="3.107024" lat="39.920990"><ele>140.0</ele></trkpt>
   <trkpt lon="3.107052" lat="39.921151"><ele>140.75</ele></trkpt>
   <trkpt lon="3.107214" lat="39.921578"><ele>144.5</ele></trkpt>
   <trkpt lon="3.107266" lat="39.921760"><ele>146.0</ele></trkpt>
   <trkpt lon="3.107348" lat="39.922210"><ele>149.75</ele></trkpt>
   <trkpt lon="3.107391" lat="39.922328"><ele>150.0</ele></trkpt>
   <trkpt lon="3.107652" lat="39.922853"><ele>155.5</ele></trkpt>
   <trkpt lon="3.107701" lat="39.922990"><ele>156.0</ele></trkpt>
   <trkpt lon="3.107812" lat="39.923474"><ele>160.75</ele></trkpt>
   <trkpt lon="3.107811" lat="39.923584"><ele>160.5</ele></trkpt>
   <trkpt lon="3.107772" lat="39.923716"><ele>160.75</ele></trkpt>
   <trkpt lon="3.107489" lat="39.924274"><ele>163.75</ele></trkpt>
   <trkpt lon="3.107480" lat="39.924357"><ele>164.25</ele></trkpt>
   <trkpt lon="3.107510" lat="39.924440"><ele>166.0</ele></trkpt>
   <trkpt lon="3.107567" lat="39.924499"><ele>166.0</ele></trkpt>
   <trkpt lon="3.107655" lat="39.924560"><ele>166.75</ele></trkpt>
   <trkpt lon="3.108339" lat="39.924842"><ele>175.5</ele></trkpt>
   <trkpt lon="3.108414" lat="39.924899"><ele>176.25</ele></trkpt>
   <trkpt lon="3.108463" lat="39.924966"><ele>175.75</ele></trkpt>
   <trkpt lon="3.108489" lat="39.925043"><ele>175.5</ele></trkpt>
   <trkpt lon="3.108480" lat="39.925244"><ele>176.5</ele></trkpt>
   <trkpt lon="3.108491" lat="39.925339"><ele>176.5</ele></trkpt>
   <trkpt lon="3.108516" lat="39.925405"><ele>176.75</ele></trkpt>
   <trkpt lon="3.108564" lat="39.925462"><ele>177.5</ele></trkpt>
   <trkpt lon="3.108679" lat="39.925546"><ele>179.5</ele></trkpt>
   <trkpt lon="3.108848" lat="39.925636"><ele>181.0</ele></trkpt>
   <trkpt lon="3.109224" lat="39.925804"><ele>184.25</ele></trkpt>
   <trkpt lon="3.109294" lat="39.925859"><ele>184.5</ele></trkpt>
   <trkpt lon="3.109341" lat="39.925923"><ele>185.25</ele></trkpt>
   <trkpt lon="3.109359" lat="39.925999"><ele>185.5</ele></trkpt>
   <trkpt lon="3.109343" lat="39.926171"><ele>185.0</ele></trkpt>
   <trkpt lon="3.109345" lat="39.926330"><ele>186.25</ele></trkpt>
   <trkpt lon="3.109366" lat="39.926434"><ele>186.75</ele></trkpt>
   <trkpt lon="3.109406" lat="39.926504"><ele>187.25</ele></trkpt>
   <trkpt lon="3.109476" lat="39.926581"><ele>188.25</ele></trkpt>
   <trkpt lon="3.109703" lat="39.926767"><ele>191.5</ele></trkpt>
   <trkpt lon="3.109743" lat="39.926817"><ele>192.25</ele></trkpt>
   <trkpt lon="3.109756" lat="39.926869"><ele>192.5</ele></trkpt>
   <trkpt lon="3.109738" lat="39.926933"><ele>192.25</ele></trkpt>
   <trkpt lon="3.109645" lat="39.927086"><ele>191.75</ele></trkpt>
   <trkpt lon="3.109626" lat="39.927174"><ele>192.25</ele></trkpt>
   <trkpt lon="3.109658" lat="39.927287"><ele>193.5</ele></trkpt>
   <trkpt lon="3.109857" lat="39.927712"><ele>197.75</ele></trkpt>
   <trkpt lon="3.109996" lat="39.928044"><ele>200.75</ele></trkpt>
   <trkpt lon="3.110010" lat="39.928100"><ele>201.25</ele></trkpt>
   <trkpt lon="3.110021" lat="39.928432"><ele>204.25</ele></trkpt>
   <trkpt lon="3.110047" lat="39.928511"><ele>205.0</ele></trkpt>
   <trkpt lon="3.110102" lat="39.928577"><ele>205.75</ele></trkpt>
   <trkpt lon="3.110332" lat="39.928704"><ele>206.75</ele></trkpt>
   <trkpt lon="3.110484" lat="39.928780"><ele>207.75</ele></trkpt>
   <trkpt lon="3.110688" lat="39.928877"><ele>208.0</ele></trkpt>
   <trkpt lon="3.110770" lat="39.928888"><ele>208.0</ele></trkpt>
   <trkpt lon="3.110855" lat="39.928874"><ele>207.75</ele></trkpt>
   <trkpt lon="3.111030" lat="39.928782"><ele>207.75</ele></trkpt>
   <trkpt lon="3.111131" lat="39.928726"><ele>208.0</ele></trkpt>
   <trkpt lon="3.111198" lat="39.928703"><ele>207.75</ele></trkpt>
   <trkpt lon="3.111283" lat="39.928693"><ele>207.25</ele></trkpt>
   <trkpt lon="3.111390" lat="39.928700"><ele>206.0</ele></trkpt>
   <trkpt lon="3.111830" lat="39.928793"><ele>203.0</ele></trkpt>
   <trkpt lon="3.112257" lat="39.928936"><ele>200.0</ele></trkpt>
   <trkpt lon="3.112969" lat="39.929099"><ele>198.5</ele></trkpt>
   <trkpt lon="3.113003" lat="39.929126"><ele>197.25</ele></trkpt>
   <trkpt lon="3.113016" lat="39.929161"><ele>195.0</ele></trkpt>
   <trkpt lon="3.113013" lat="39.929182"><ele>193.75</ele></trkpt>
   <trkpt lon="3.113002" lat="39.929198"><ele>193.0</ele></trkpt>
   <trkpt lon="3.112981" lat="39.929212"><ele>192.25</ele></trkpt>
   <trkpt lon="3.112920" lat="39.929224"><ele>191.5</ele></trkpt>
   <trkpt lon="3.112882" lat="39.929221"><ele>191.5</ele></trkpt>
   <trkpt lon="3.112472" lat="39.929137"><ele>192.0</ele></trkpt>
   <trkpt lon="3.112338" lat="39.929122"><ele>192.25</ele></trkpt>
   <trkpt lon="3.111950" lat="39.929094"><ele>191.5</ele><sym>pass_place</sym><type>Shaping</type></trkpt>
   <trkpt lon="3.111865" lat="39.929109"><ele>191.75</ele></trkpt>
   <trkpt lon="3.111804" lat="39.929139"><ele>191.25</ele></trkpt>
   <trkpt lon="3.111768" lat="39.929179"><ele>190.75</ele></trkpt>
   <trkpt lon="3.111760" lat="39.929198"><ele>191.0</ele></trkpt>
   <trkpt lon="3.111763" lat="39.929235"><ele>191.25</ele></trkpt>
   <trkpt lon="3.111772" lat="39.929253"><ele>191.25</ele></trkpt>
   <trkpt lon="3.111808" lat="39.929289"><ele>190.5</ele></trkpt>
   <trkpt lon="3.111836" lat="39.929302"><ele>190.0</ele></trkpt>
   <trkpt lon="3.111883" lat="39.929312"><ele>188.75</ele></trkpt>
   <trkpt lon="3.112758" lat="39.929372"><ele>185.0</ele></trkpt>
   <trkpt lon="3.113274" lat="39.929405"><ele>180.5</ele></trkpt>
   <trkpt lon="3.113372" lat="39.929400"><ele>180.25</ele></trkpt>
   <trkpt lon="3.113541" lat="39.929378"><ele>179.25</ele></trkpt>
   <trkpt lon="3.113658" lat="39.929372"><ele>179.25</ele></trkpt>
   <trkpt lon="3.113728" lat="39.929380"><ele>179.5</ele></trkpt>
   <trkpt lon="3.114155" lat="39.929521"><ele>175.0</ele></trkpt>
   <trkpt lon="3.114228" lat="39.929527"><ele>174.5</ele></trkpt>
   <trkpt lon="3.114407" lat="39.929511"><ele>174.75</ele></trkpt>
   <trkpt lon="3.114466" lat="39.929521"><ele>174.5</ele></trkpt>
   <trkpt lon="3.114523" lat="39.929544"><ele>174.75</ele></trkpt>
   <trkpt lon="3.114591" lat="39.929595"><ele>174.25</ele></trkpt>
   <trkpt lon="3.114799" lat="39.929880"><ele>170.5</ele></trkpt>
   <trkpt lon="3.115028" lat="39.930110"><ele>166.5</ele></trkpt>
   <trkpt lon="3.115109" lat="39.930181"><ele>165.75</ele></trkpt>
   <trkpt lon="3.115464" lat="39.930396"><ele>164.75</ele></trkpt>
   <trkpt lon="3.115513" lat="39.930417"><ele>164.75</ele></trkpt>
   <trkpt lon="3.115567" lat="39.930431"><ele>165.0</ele></trkpt>
   <trkpt lon="3.115622" lat="39.930437"><ele>164.25</ele></trkpt>
   <trkpt lon="3.115894" lat="39.930418"><ele>163.75</ele></trkpt>
   <trkpt lon="3.116063" lat="39.930422"><ele>163.5</ele></trkpt>
   <trkpt lon="3.116130" lat="39.930432"><ele>163.25</ele></trkpt>
   <trkpt lon="3.116209" lat="39.930451"><ele>163.0</ele></trkpt>
   <trkpt lon="3.116741" lat="39.930629"><ele>157.25</ele></trkpt>
   <trkpt lon="3.116813" lat="39.930644"><ele>157.0</ele></trkpt>
   <trkpt lon="3.116894" lat="39.930653"><ele>157.5</ele></trkpt>
   <trkpt lon="3.117053" lat="39.930650"><ele>157.5</ele></trkpt>
   <trkpt lon="3.117638" lat="39.930551"><ele>158.25</ele></trkpt>
   <trkpt lon="3.117887" lat="39.930487"><ele>158.0</ele></trkpt>
   <trkpt lon="3.118183" lat="39.930370"><ele>158.5</ele></trkpt>
   <trkpt lon="3.118264" lat="39.930347"><ele>159.0</ele></trkpt>
   <trkpt lon="3.118341" lat="39.930332"><ele>159.25</ele></trkpt>
   <trkpt lon="3.118431" lat="39.930326"><ele>159.25</ele></trkpt>
   <trkpt lon="3.118529" lat="39.930328"><ele>158.75</ele></trkpt>
   <trkpt lon="3.119220" lat="39.930363"><ele>158.5</ele></trkpt>
   <trkpt lon="3.119605" lat="39.930360"><ele>161.0</ele></trkpt>
   <trkpt lon="3.119670" lat="39.930368"><ele>161.25</ele></trkpt>
   <trkpt lon="3.119978" lat="39.930475"><ele>160.0</ele></trkpt>
   <trkpt lon="3.120055" lat="39.930489"><ele>159.5</ele></trkpt>
   <trkpt lon="3.120218" lat="39.930501"><ele>159.75</ele></trkpt>
   <trkpt lon="3.120300" lat="39.930515"><ele>159.5</ele></trkpt>
   <trkpt lon="3.120668" lat="39.930645"><ele>154.25</ele></trkpt>
   <trkpt lon="3.120744" lat="39.930659"><ele>153.5</ele></trkpt>
   <trkpt lon="3.120834" lat="39.930667"><ele>153.5</ele></trkpt>
   <trkpt lon="3.120939" lat="39.930670"><ele>149.75</ele></trkpt>
   <trkpt lon="3.121033" lat="39.930659"><ele>147.5</ele></trkpt>
   <trkpt lon="3.121079" lat="39.930643"><ele>147.25</ele></trkpt>
   <trkpt lon="3.121178" lat="39.930586"><ele>150.0</ele></trkpt>
   <trkpt lon="3.121214" lat="39.930571"><ele>151.0</ele></trkpt>
   <trkpt lon="3.121257" lat="39.930563"><ele>151.25</ele></trkpt>
   <trkpt lon="3.121355" lat="39.930567"><ele>150.0</ele></trkpt>
   <trkpt lon="3.121516" lat="39.930592"><ele>149.5</ele></trkpt>
   <trkpt lon="3.121559" lat="39.930606"><ele>149.25</ele></trkpt>
   <trkpt lon="3.121588" lat="39.930625"><ele>148.5</ele></trkpt>
   <trkpt lon="3.121658" lat="39.930692"><ele>146.25</ele></trkpt>
   <trkpt lon="3.121699" lat="39.930761"><ele>143.5</ele></trkpt>
   <trkpt lon="3.121733" lat="39.930857"><ele>139.5</ele></trkpt>
   <trkpt lon="3.121758" lat="39.930905"><ele>138.0</ele></trkpt>
   <trkpt lon="3.121890" lat="39.931060"><ele>136.25</ele></trkpt>
   <trkpt lon="3.121913" lat="39.931083"><ele>136.5</ele></trkpt>
   <trkpt lon="3.121992" lat="39.931106"><ele>136.75</ele></trkpt>
   <trkpt lon="3.122075" lat="39.931100"><ele>136.75</ele></trkpt>
   <trkpt lon="3.122111" lat="39.931089"><ele>136.75</ele></trkpt>
   <trkpt lon="3.122168" lat="39.931052"><ele>137.0</ele></trkpt>
   <trkpt lon="3.122189" lat="39.931022"><ele>137.25</ele></trkpt>
   <trkpt lon="3.122269" lat="39.930849"><ele>137.25</ele></trkpt>
   <trkpt lon="3.122312" lat="39.930774"><ele>137.0</ele></trkpt>
   <trkpt lon="3.122368" lat="39.930710"><ele>136.25</ele></trkpt>
   <trkpt lon="3.122768" lat="39.930354"><ele>132.75</ele></trkpt>
   <trkpt lon="3.122825" lat="39.930318"><ele>132.75</ele></trkpt>
   <trkpt lon="3.122881" lat="39.930296"><ele>132.75</ele></trkpt>
   <trkpt lon="3.123012" lat="39.930271"><ele>132.0</ele></trkpt>
   <trkpt lon="3.123087" lat="39.930268"><ele>131.5</ele></trkpt>
   <trkpt lon="3.123545" lat="39.930293"><ele>128.25</ele></trkpt>
   <trkpt lon="3.123796" lat="39.930296"><ele>127.0</ele></trkpt>
   <trkpt lon="3.123993" lat="39.930284"><ele>126.25</ele></trkpt>
   <trkpt lon="3.124453" lat="39.930233"><ele>127.5</ele></trkpt>
   <trkpt lon="3.124585" lat="39.930229"><ele>128.25</ele></trkpt>
   <trkpt lon="3.124680" lat="39.930246"><ele>127.25</ele></trkpt>
   <trkpt lon="3.124736" lat="39.930282"><ele>124.75</ele></trkpt>
   <trkpt lon="3.124750" lat="39.930301"><ele>123.75</ele></trkpt>
   <trkpt lon="3.124753" lat="39.930322"><ele>122.5</ele></trkpt>
   <trkpt lon="3.124749" lat="39.930341"><ele>121.5</ele></trkpt>
   <trkpt lon="3.124733" lat="39.930360"><ele>120.25</ele></trkpt>
   <trkpt lon="3.124706" lat="39.930376"><ele>119.25</ele></trkpt>
   <trkpt lon="3.124667" lat="39.930388"><ele>118.25</ele></trkpt>
   <trkpt lon="3.124622" lat="39.930394"><ele>117.75</ele></trkpt>
   <trkpt lon="3.124320" lat="39.930376"><ele>118.25</ele></trkpt>
   <trkpt lon="3.124249" lat="39.930377"><ele>118.25</ele></trkpt>
   <trkpt lon="3.124171" lat="39.930385"><ele>118.0</ele></trkpt>
   <trkpt lon="3.124069" lat="39.930405"><ele>117.75</ele></trkpt>
   <trkpt lon="3.123551" lat="39.930535"><ele>115.25</ele></trkpt>
   <trkpt lon="3.123249" lat="39.930622"><ele>114.25</ele></trkpt>
   <trkpt lon="3.123207" lat="39.930638"><ele>114.5</ele></trkpt>
   <trkpt lon="3.123126" lat="39.930695"><ele>114.75</ele></trkpt>
   <trkpt lon="3.123088" lat="39.930745"><ele>114.75</ele></trkpt>
   <trkpt lon="3.123076" lat="39.930778"><ele>114.25</ele></trkpt>
   <trkpt lon="3.123076" lat="39.930809"><ele>113.75</ele></trkpt>
   <trkpt lon="3.123083" lat="39.930845"><ele>113.0</ele></trkpt>
   <trkpt lon="3.123140" lat="39.931002"><ele>111.25</ele></trkpt>
   <trkpt lon="3.123154" lat="39.931085"><ele>110.75</ele></trkpt>
   <trkpt lon="3.123150" lat="39.931122"><ele>110.75</ele></trkpt>
   <trkpt lon="3.123052" lat="39.931422"><ele>109.0</ele></trkpt>
   <trkpt lon="3.123048" lat="39.931462"><ele>109.0</ele></trkpt>
   <trkpt lon="3.123060" lat="39.931537"><ele>108.75</ele></trkpt>
   <trkpt lon="3.123074" lat="39.931575"><ele>108.5</ele></trkpt>
   <trkpt lon="3.123119" lat="39.931641"><ele>107.5</ele></trkpt>
   <trkpt lon="3.123157" lat="39.931677"><ele>106.5</ele></trkpt>
   <trkpt lon="3.123237" lat="39.931731"><ele>105.0</ele></trkpt>
   <trkpt lon="3.123328" lat="39.931765"><ele>105.25</ele></trkpt>
   <trkpt lon="3.124455" lat="39.931978"><ele>98.25</ele></trkpt>
   <trkpt lon="3.124711" lat="39.932046"><ele>96.0</ele></trkpt>
   <trkpt lon="3.124800" lat="39.932076"><ele>94.75</ele></trkpt>
   <trkpt lon="3.124878" lat="39.932112"><ele>94.0</ele></trkpt>
   <trkpt lon="3.124995" lat="39.932178"><ele>93.25</ele></trkpt>
   <trkpt lon="3.125042" lat="39.932217"><ele>93.25</ele></trkpt>
   <trkpt lon="3.125086" lat="39.932270"><ele>92.5</ele></trkpt>
   <trkpt lon="3.125161" lat="39.932403"><ele>91.5</ele></trkpt>
   <trkpt lon="3.125188" lat="39.932470"><ele>91.25</ele></trkpt>
   <trkpt lon="3.125229" lat="39.932697"><ele>89.5</ele></trkpt>
   <trkpt lon="3.125248" lat="39.933300"><ele>82.75</ele><sym>pass_place</sym><type>Shaping</type></trkpt>
   <trkpt lon="3.125261" lat="39.933387"><ele>80.25</ele></trkpt>
   <trkpt lon="3.125295" lat="39.933480"><ele>76.75</ele></trkpt>
   <trkpt lon="3.125368" lat="39.933568"><ele>75.25</ele></trkpt>
   <trkpt lon="3.125427" lat="39.933603"><ele>77.0</ele></trkpt>
   <trkpt lon="3.125501" lat="39.933628"><ele>80.25</ele></trkpt>
   <trkpt lon="3.125544" lat="39.933634"><ele>82.5</ele></trkpt>
   <trkpt lon="3.125631" lat="39.933632"><ele>83.0</ele></trkpt>
   <trkpt lon="3.125728" lat="39.933609"><ele>82.25</ele></trkpt>
   <trkpt lon="3.125819" lat="39.933576"><ele>81.25</ele></trkpt>
   <trkpt lon="3.125979" lat="39.933505"><ele>80.75</ele></trkpt>
   <trkpt lon="3.126648" lat="39.933140"><ele>75.5</ele></trkpt>
   <trkpt lon="3.126805" lat="39.933042"><ele>75.0</ele></trkpt>
   <trkpt lon="3.126876" lat="39.932986"><ele>74.25</ele></trkpt>
   <trkpt lon="3.127249" lat="39.932656"><ele>69.5</ele></trkpt>
   <trkpt lon="3.127325" lat="39.932601"><ele>69.25</ele></trkpt>
   <trkpt lon="3.127664" lat="39.932393"><ele>67.25</ele></trkpt>
   <trkpt lon="3.127806" lat="39.932319"><ele>65.75</ele></trkpt>
   <trkpt lon="3.127857" lat="39.932302"><ele>65.25</ele></trkpt>
   <trkpt lon="3.128022" lat="39.932268"><ele>65.25</ele></trkpt>
   <trkpt lon="3.128726" lat="39.932148"><ele>60.5</ele></trkpt>
   <trkpt lon="3.128825" lat="39.932145"><ele>60.0</ele></trkpt>
   <trkpt lon="3.128906" lat="39.932160"><ele>59.75</ele></trkpt>
   <trkpt lon="3.128947" lat="39.932176"><ele>59.5</ele></trkpt>
   <trkpt lon="3.129517" lat="39.932497"><ele>56.0</ele></trkpt>
   <trkpt lon="3.130180" lat="39.932770"><ele>51.0</ele></trkpt>
   <trkpt lon="3.130358" lat="39.932852"><ele>49.25</ele></trkpt>
   <trkpt lon="3.130464" lat="39.932921"><ele>48.0</ele></trkpt>
   <trkpt lon="3.130519" lat="39.932970"><ele>47.5</ele></trkpt>
   <trkpt lon="3.130619" lat="39.933092"><ele>48.0</ele></trkpt>
   <trkpt lon="3.130640" lat="39.933109"><ele>48.0</ele></trkpt>
   <trkpt lon="3.130670" lat="39.933122"><ele>48.0</ele></trkpt>
   <trkpt lon="3.130702" lat="39.933124"><ele>47.75</ele></trkpt>
   <trkpt lon="3.130730" lat="39.933119"><ele>47.5</ele></trkpt>
   <trkpt lon="3.130781" lat="39.933092"><ele>46.75</ele></trkpt>
   <trkpt lon="3.130808" lat="39.933054"><ele>46.0</ele></trkpt>
   <trkpt lon="3.130809" lat="39.933032"><ele>45.75</ele></trkpt>
   <trkpt lon="3.130805" lat="39.933010"><ele>45.25</ele></trkpt>
   <trkpt lon="3.130765" lat="39.932951"><ele>44.5</ele></trkpt>
   <trkpt lon="3.130673" lat="39.932866"><ele>43.5</ele></trkpt>
   <trkpt lon="3.130123" lat="39.932479"><ele>41.0</ele></trkpt>
   <trkpt lon="3.129895" lat="39.932269"><ele>38.5</ele></trkpt>
   <trkpt lon="3.129576" lat="39.931954"><ele>35.75</ele></trkpt>
   <trkpt lon="3.129528" lat="39.931896"><ele>35.5</ele></trkpt>
   <trkpt lon="3.129281" lat="39.931481"><ele>31.5</ele></trkpt>
   <trkpt lon="3.129256" lat="39.931399"><ele>30.5</ele></trkpt>
   <trkpt lon="3.129255" lat="39.931354"><ele>30.0</ele></trkpt>
   <trkpt lon="3.129263" lat="39.931315"><ele>30.0</ele></trkpt>
   <trkpt lon="3.129457" lat="39.931037"><ele>27.25</ele></trkpt>
   <trkpt lon="3.130179" lat="39.930107"><ele>20.5</ele></trkpt>
   <trkpt lon="3.130226" lat="39.930047"><ele>20.25</ele></trkpt>
   <trkpt lon="3.130315" lat="39.929951"><ele>19.5</ele></trkpt>
   <trkpt lon="3.130355" lat="39.929921"><ele>19.0</ele></trkpt>
   <trkpt lon="3.130407" lat="39.929890"><ele>18.5</ele></trkpt>
   <trkpt lon="3.130532" lat="39.929846"><ele>17.5</ele></trkpt>
   <trkpt lon="3.132551" lat="39.929373"><ele>8.75</ele></trkpt>
   <trkpt lon="3.132890" lat="39.929288"><ele>6.75</ele></trkpt>
   <trkpt lon="3.133455" lat="39.929136"><ele>4.25</ele></trkpt>
   <trkpt lon="3.133528" lat="39.929128"><ele>4.0</ele></trkpt>
   <trkpt lon="3.133644" lat="39.929145"><ele>3.75</ele></trkpt>
   <trkpt lon="3.133711" lat="39.929175"><ele>3.5</ele><sym>right</sym></trkpt>
   <trkpt lon="3.133752" lat="39.929146"><ele>3.25</ele></trkpt>
   <trkpt lon="3.133824" lat="39.929096"><ele>2.75</ele></trkpt>
   <trkpt lon="3.133928" lat="39.929036"><ele>2.5</ele></trkpt>
   <trkpt lon="3.134379" lat="39.928911"><ele>2.0</ele></trkpt>
   <trkpt lon="3.134627" lat="39.928831"><ele>3.0</ele></trkpt>
   <trkpt lon="3.134793" lat="39.928746"><ele>3.25</ele><sym>straight</sym></trkpt>
   <trkpt lon="3.135007" lat="39.928651"><ele>4.25</ele></trkpt>
   <trkpt lon="3.135080" lat="39.928612"><ele>4.5</ele></trkpt>
   <trkpt lon="3.135450" lat="39.928448"><ele>6.75</ele></trkpt>
   <trkpt lon="3.135642" lat="39.928381"><ele>7.5</ele></trkpt>
   <trkpt lon="3.135817" lat="39.928349"><ele>8.25</ele></trkpt>
   <trkpt lon="3.136046" lat="39.928329"><ele>7.75</ele></trkpt>
   <trkpt lon="3.136340" lat="39.928326"><ele>7.0</ele></trkpt>
   <trkpt lon="3.136794" lat="39.928351"><ele>5.5</ele></trkpt>
   <trkpt lon="3.137089" lat="39.928375"><ele>4.25</ele></trkpt>
   <trkpt lon="3.137199" lat="39.928384"><ele>4.0</ele></trkpt>
   <trkpt lon="3.138571" lat="39.928443"><ele>3.75</ele><sym>right</sym></trkpt>
   <trkpt lon="3.138570" lat="39.928394"><ele>3.75</ele></trkpt>
   <trkpt lon="3.138570" lat="39.928314"><ele>3.75</ele></trkpt>
   <trkpt lon="3.138574" lat="39.928116"><ele>3.75</ele></trkpt>
   <trkpt lon="3.140211" lat="39.927724"><ele>3.75</ele><sym>pass_place</sym><type>Shaping</type></trkpt>
   <trkpt lon="3.140214" lat="39.927724"><ele>3.75</ele></trkpt>
   <trkpt lon="3.140723" lat="39.927595"><ele>3.75</ele></trkpt>
   <trkpt lon="3.141042" lat="39.927495"><ele>3.75</ele></trkpt>
   <trkpt lon="3.141201" lat="39.927433"><ele>3.75</ele></trkpt>
   <trkpt lon="3.141436" lat="39.927437"><ele>3.75</ele><sym>pass_place</sym><type>Shaping</type></trkpt>
   <trkpt lon="3.141436" lat="39.927437"><ele>3.75</ele></trkpt>
   <trkpt lon="3.141201" lat="39.927433"><ele>3.75</ele></trkpt>
   <trkpt lon="3.141042" lat="39.927495"><ele>3.75</ele></trkpt>
   <trkpt lon="3.140723" lat="39.927595"><ele>3.75</ele></trkpt>
   <trkpt lon="3.140214" lat="39.927724"><ele>3.75</ele></trkpt>
   <trkpt lon="3.138574" lat="39.928116"><ele>3.75</ele></trkpt>
   <trkpt lon="3.138570" lat="39.928314"><ele>3.75</ele></trkpt>
   <trkpt lon="3.138570" lat="39.928394"><ele>3.75</ele></trkpt>
   <trkpt lon="3.138571" lat="39.928443"><ele>3.75</ele><sym>left</sym></trkpt>
   <trkpt lon="3.137199" lat="39.928384"><ele>4.0</ele></trkpt>
   <trkpt lon="3.137089" lat="39.928375"><ele>4.25</ele></trkpt>
   <trkpt lon="3.136794" lat="39.928351"><ele>5.5</ele></trkpt>
   <trkpt lon="3.136340" lat="39.928326"><ele>7.0</ele></trkpt>
   <trkpt lon="3.136046" lat="39.928329"><ele>7.75</ele></trkpt>
   <trkpt lon="3.135817" lat="39.928349"><ele>8.25</ele></trkpt>
   <trkpt lon="3.135642" lat="39.928381"><ele>7.5</ele></trkpt>
   <trkpt lon="3.135450" lat="39.928448"><ele>6.75</ele></trkpt>
   <trkpt lon="3.135080" lat="39.928612"><ele>4.5</ele></trkpt>
   <trkpt lon="3.135007" lat="39.928651"><ele>4.25</ele></trkpt>
   <trkpt lon="3.134793" lat="39.928746"><ele>3.25</ele><sym>straight</sym></trkpt>
   <trkpt lon="3.134627" lat="39.928831"><ele>3.0</ele></trkpt>
   <trkpt lon="3.134379" lat="39.928911"><ele>2.0</ele></trkpt>
   <trkpt lon="3.133928" lat="39.929036"><ele>2.5</ele></trkpt>
   <trkpt lon="3.133824" lat="39.929096"><ele>2.75</ele></trkpt>
   <trkpt lon="3.133752" lat="39.929146"><ele>3.25</ele></trkpt>
   <trkpt lon="3.133711" lat="39.929175"><ele>3.5</ele><sym>right</sym></trkpt>
   <trkpt lon="3.133801" lat="39.929250"><ele>3.25</ele></trkpt>
   <trkpt lon="3.133822" lat="39.929282"><ele>3.25</ele></trkpt>
   <trkpt lon="3.133855" lat="39.929355"><ele>3.0</ele></trkpt>
   <trkpt lon="3.133892" lat="39.929522"><ele>3.25</ele></trkpt>
   <trkpt lon="3.133921" lat="39.929699"><ele>3.75</ele></trkpt>
   <trkpt lon="3.134011" lat="39.930020"><ele>4.5</ele></trkpt>
   <trkpt lon="3.134077" lat="39.930290"><ele>5.25</ele></trkpt>
   <trkpt lon="3.134139" lat="39.930454"><ele>5.75</ele></trkpt>
   <trkpt lon="3.134235" lat="39.930618"><ele>6.0</ele></trkpt>
   <trkpt lon="3.134664" lat="39.931270"><ele>8.25</ele></trkpt>
   <trkpt lon="3.134865" lat="39.931600"><ele>9.25</ele></trkpt>
   <trkpt lon="3.135122" lat="39.932146"><ele>11.0</ele></trkpt>
   <trkpt lon="3.135551" lat="39.932983"><ele>15.5</ele></trkpt>
   <trkpt lon="3.135636" lat="39.933119"><ele>16.0</ele></trkpt>
   <trkpt lon="3.135687" lat="39.933180"><ele>16.5</ele></trkpt>
   <trkpt lon="3.135802" lat="39.933290"><ele>17.5</ele></trkpt>
   <trkpt lon="3.135920" lat="39.933358"><ele>18.0</ele></trkpt>
   <trkpt lon="3.135988" lat="39.933387"><ele>18.25</ele></trkpt>
   <trkpt lon="3.136060" lat="39.933405"><ele>18.5</ele></trkpt>
   <trkpt lon="3.136227" lat="39.933426"><ele>19.0</ele></trkpt>
   <trkpt lon="3.136600" lat="39.933437"><ele>20.0</ele></trkpt>
   <trkpt lon="3.137265" lat="39.933456"><ele>21.5</ele></trkpt>
   <trkpt lon="3.137395" lat="39.933476"><ele>22.25</ele></trkpt>
   <trkpt lon="3.137504" lat="39.933512"><ele>23.25</ele></trkpt>
   <trkpt lon="3.137627" lat="39.933574"><ele>24.0</ele></trkpt>
   <trkpt lon="3.138114" lat="39.933870"><ele>27.0</ele></trkpt>
   <trkpt lon="3.139243" lat="39.934530"><ele>36.0</ele></trkpt>
   <trkpt lon="3.139623" lat="39.934759"><ele>35.75</ele></trkpt>
   <trkpt lon="3.139836" lat="39.934859"><ele>36.0</ele></trkpt>
   <trkpt lon="3.139967" lat="39.934911"><ele>36.0</ele></trkpt>
   <trkpt lon="3.140230" lat="39.934994"><ele>36.0</ele></trkpt>
   <trkpt lon="3.140615" lat="39.935131"><ele>37.75</ele></trkpt>
   <trkpt lon="3.140686" lat="39.935162"><ele>38.0</ele></trkpt>
   <trkpt lon="3.140755" lat="39.935196"><ele>38.25</ele></trkpt>
   <trkpt lon="3.140826" lat="39.935243"><ele>38.5</ele></trkpt>
   <trkpt lon="3.140885" lat="39.935293"><ele>38.75</ele></trkpt>
   <trkpt lon="3.140934" lat="39.935338"><ele>39.0</ele></trkpt>
   <trkpt lon="3.141117" lat="39.935536"><ele>39.75</ele></trkpt>
   <trkpt lon="3.143052" lat="39.937468"><ele>44.75</ele><sym>pass_place</sym><type>Shaping</type></trkpt>
   <trkpt lon="3.143055" lat="39.937470"><ele>44.75</ele></trkpt>
   <trkpt lon="3.143901" lat="39.938312"><ele>51.75</ele></trkpt>
   <trkpt lon="3.144018" lat="39.938414"><ele>52.5</ele></trkpt>
   <trkpt lon="3.144254" lat="39.938583"><ele>53.75</ele></trkpt>
   <trkpt lon="3.144853" lat="39.938932"><ele>55.25</ele></trkpt>
   <trkpt lon="3.146443" lat="39.939835"><ele>55.5</ele></trkpt>
   <trkpt lon="3.149321" lat="39.941463"><ele>58.75</ele></trkpt>
   <trkpt lon="3.149835" lat="39.941752"><ele>61.5</ele></trkpt>
   <trkpt lon="3.151509" lat="39.942693"><ele>65.75</ele></trkpt>
   <trkpt lon="3.153075" lat="39.943579"><ele>67.5</ele></trkpt>
   <trkpt lon="3.155677" lat="39.945052"><ele>73.25</ele></trkpt>
   <trkpt lon="3.160121" lat="39.947547"><ele>84.75</ele><sym>pass_place</sym><type>Shaping</type></trkpt>
   <trkpt lon="3.160125" lat="39.947549"><ele>84.75</ele></trkpt>
   <trkpt lon="3.160249" lat="39.947610"><ele>85.25</ele></trkpt>
   <trkpt lon="3.160353" lat="39.947647"><ele>85.5</ele></trkpt>
   <trkpt lon="3.160463" lat="39.947677"><ele>85.5</ele></trkpt>
   <trkpt lon="3.160580" lat="39.947688"><ele>85.5</ele></trkpt>
   <trkpt lon="3.160722" lat="39.947688"><ele>86.0</ele></trkpt>
   <trkpt lon="3.160973" lat="39.947671"><ele>86.75</ele></trkpt>
   <trkpt lon="3.161424" lat="39.947604"><ele>87.0</ele></trkpt>
   <trkpt lon="3.161815" lat="39.947542"><ele>88.0</ele></trkpt>
   <trkpt lon="3.161975" lat="39.947523"><ele>88.75</ele></trkpt>
   <trkpt lon="3.162142" lat="39.947523"><ele>89.5</ele></trkpt>
   <trkpt lon="3.162239" lat="39.947545"><ele>89.75</ele></trkpt>
   <trkpt lon="3.162323" lat="39.947591"><ele>90.0</ele></trkpt>
   <trkpt lon="3.162410" lat="39.947656"><ele>90.25</ele></trkpt>
   <trkpt lon="3.163093" lat="39.948275"><ele>96.0</ele></trkpt>
   <trkpt lon="3.163177" lat="39.948337"><ele>96.25</ele></trkpt>
   <trkpt lon="3.163224" lat="39.948356"><ele>95.5</ele></trkpt>
   <trkpt lon="3.163274" lat="39.948369"><ele>95.25</ele></trkpt>
   <trkpt lon="3.163867" lat="39.948472"><ele>96.25</ele></trkpt>
   <trkpt lon="3.164738" lat="39.948645"><ele>94.0</ele></trkpt>
   <trkpt lon="3.166016" lat="39.948932"><ele>87.25</ele></trkpt>
   <trkpt lon="3.166778" lat="39.949025"><ele>84.75</ele></trkpt>
   <trkpt lon="3.167396" lat="39.949091"><ele>82.5</ele></trkpt>
   <trkpt lon="3.168349" lat="39.949261"><ele>79.75</ele></trkpt>
   <trkpt lon="3.168641" lat="39.949299"><ele>79.5</ele></trkpt>
   <trkpt lon="3.168826" lat="39.949307"><ele>79.0</ele></trkpt>
   <trkpt lon="3.168924" lat="39.949304"><ele>78.75</ele></trkpt>
   <trkpt lon="3.169013" lat="39.949293"><ele>78.5</ele></trkpt>
   <trkpt lon="3.169324" lat="39.949238"><ele>77.75</ele></trkpt>
   <trkpt lon="3.169778" lat="39.949158"><ele>79.0</ele></trkpt>
   <trkpt lon="3.169892" lat="39.949148"><ele>79.25</ele></trkpt>
   <trkpt lon="3.170180" lat="39.949171"><ele>81.75</ele></trkpt>
   <trkpt lon="3.170350" lat="39.949195"><ele>83.0</ele></trkpt>
   <trkpt lon="3.170595" lat="39.949231"><ele>84.25</ele></trkpt>
   <trkpt lon="3.170750" lat="39.949224"><ele>86.0</ele></trkpt>
   <trkpt lon="3.170833" lat="39.949212"><ele>87.0</ele></trkpt>
   <trkpt lon="3.170929" lat="39.949187"><ele>88.0</ele></trkpt>
   <trkpt lon="3.171151" lat="39.949116"><ele>90.5</ele></trkpt>
   <trkpt lon="3.171234" lat="39.949066"><ele>91.5</ele></trkpt>
   <trkpt lon="3.171271" lat="39.949032"><ele>92.0</ele></trkpt>
   <trkpt lon="3.171301" lat="39.948993"><ele>92.25</ele></trkpt>
   <trkpt lon="3.171314" lat="39.948952"><ele>92.25</ele></trkpt>
   <trkpt lon="3.171325" lat="39.948753"><ele>92.75</ele></trkpt>
   <trkpt lon="3.171328" lat="39.948438"><ele>93.25</ele></trkpt>
   <trkpt lon="3.171335" lat="39.948385"><ele>93.25</ele></trkpt>
   <trkpt lon="3.171350" lat="39.948341"><ele>93.25</ele></trkpt>
   <trkpt lon="3.171374" lat="39.948301"><ele>93.25</ele></trkpt>
   <trkpt lon="3.171412" lat="39.948260"><ele>93.5</ele></trkpt>
   <trkpt lon="3.171511" lat="39.948199"><ele>94.5</ele></trkpt>
   <trkpt lon="3.171630" lat="39.948168"><ele>96.0</ele></trkpt>
   <trkpt lon="3.171700" lat="39.948164"><ele>97.5</ele></trkpt>
   <trkpt lon="3.171762" lat="39.948170"><ele>99.0</ele></trkpt>
   <trkpt lon="3.171880" lat="39.948206"><ele>102.0</ele></trkpt>
   <trkpt lon="3.171959" lat="39.948270"><ele>104.0</ele></trkpt>
   <trkpt lon="3.171986" lat="39.948309"><ele>104.75</ele></trkpt>
   <trkpt lon="3.172240" lat="39.948837"><ele>110.25</ele></trkpt>
   <trkpt lon="3.172271" lat="39.948872"><ele>110.5</ele></trkpt>
   <trkpt lon="3.172329" lat="39.948918"><ele>110.5</ele></trkpt>
   <trkpt lon="3.172381" lat="39.948939"><ele>110.75</ele></trkpt>
   <trkpt lon="3.172468" lat="39.948950"><ele>111.5</ele></trkpt>
   <trkpt lon="3.172561" lat="39.948947"><ele>112.5</ele></trkpt>
   <trkpt lon="3.173183" lat="39.948842"><ele>117.75</ele></trkpt>
   <trkpt lon="3.173340" lat="39.948831"><ele>119.75</ele></trkpt>
   <trkpt lon="3.173512" lat="39.948842"><ele>121.25</ele></trkpt>
   <trkpt lon="3.173702" lat="39.948886"><ele>120.5</ele></trkpt>
   <trkpt lon="3.174367" lat="39.949101"><ele>125.25</ele></trkpt>
   <trkpt lon="3.174544" lat="39.949175"><ele>126.0</ele></trkpt>
   <trkpt lon="3.174931" lat="39.949367"><ele>125.25</ele></trkpt>
   <trkpt lon="3.175050" lat="39.949405"><ele>125.25</ele></trkpt>
   <trkpt lon="3.176190" lat="39.949669"><ele>130.25</ele></trkpt>
   <trkpt lon="3.176322" lat="39.949688"><ele>130.5</ele></trkpt>
   <trkpt lon="3.176393" lat="39.949689"><ele>131.0</ele></trkpt>
   <trkpt lon="3.176458" lat="39.949681"><ele>131.0</ele></trkpt>
   <trkpt lon="3.177059" lat="39.949499"><ele>144.75</ele></trkpt>
   <trkpt lon="3.177559" lat="39.949384"><ele>213.0</ele></trkpt>
   <trkpt lon="3.177706" lat="39.949356"><ele>216.25</ele></trkpt>
   <trkpt lon="3.177791" lat="39.949353"><ele>215.5</ele></trkpt>
   <trkpt lon="3.177859" lat="39.949357"><ele>214.75</ele></trkpt>
   <trkpt lon="3.177932" lat="39.949374"><ele>212.75</ele></trkpt>
   <trkpt lon="3.178310" lat="39.949469"><ele>204.0</ele></trkpt>
   <trkpt lon="3.180078" lat="39.949980"><ele>162.0</ele><sym>pass_place</sym><type>Shaping</type></trkpt>
   <trkpt lon="3.180084" lat="39.949982"><ele>162.0</ele></trkpt>
   <trkpt lon="3.180461" lat="39.950099"><ele>157.0</ele></trkpt>
   <trkpt lon="3.180710" lat="39.950168"><ele>157.25</ele></trkpt>
   <trkpt lon="3.181106" lat="39.950246"><ele>157.0</ele></trkpt>
   <trkpt lon="3.181615" lat="39.950363"><ele>158.25</ele></trkpt>
   <trkpt lon="3.182361" lat="39.950563"><ele>164.5</ele></trkpt>
   <trkpt lon="3.182858" lat="39.950688"><ele>166.5</ele></trkpt>
   <trkpt lon="3.183032" lat="39.950736"><ele>167.5</ele></trkpt>
   <trkpt lon="3.183125" lat="39.950768"><ele>168.5</ele></trkpt>
   <trkpt lon="3.184035" lat="39.951231"><ele>171.5</ele></trkpt>
   <trkpt lon="3.184268" lat="39.951375"><ele>173.25</ele></trkpt>
   <trkpt lon="3.184582" lat="39.951609"><ele>174.25</ele></trkpt>
   <trkpt lon="3.184787" lat="39.951766"><ele>175.5</ele></trkpt>
   <trkpt lon="3.184871" lat="39.951817"><ele>175.5</ele></trkpt>
   <trkpt lon="3.184916" lat="39.951833"><ele>176.0</ele></trkpt>
   <trkpt lon="3.184958" lat="39.951844"><ele>176.25</ele></trkpt>
   <trkpt lon="3.185420" lat="39.951898"><ele>180.0</ele></trkpt>
   <trkpt lon="3.185468" lat="39.951908"><ele>180.0</ele></trkpt>
   <trkpt lon="3.185555" lat="39.951937"><ele>179.5</ele></trkpt>
   <trkpt lon="3.185646" lat="39.951986"><ele>182.0</ele></trkpt>
   <trkpt lon="3.185875" lat="39.952165"><ele>183.0</ele></trkpt>
   <trkpt lon="3.186003" lat="39.952287"><ele>183.5</ele></trkpt>
   <trkpt lon="3.186087" lat="39.952380"><ele>184.0</ele></trkpt>
   <trkpt lon="3.186261" lat="39.952658"><ele>182.0</ele></trkpt>
   <trkpt lon="3.186291" lat="39.952703"><ele>182.0</ele></trkpt>
   <trkpt lon="3.186317" lat="39.952729"><ele>182.5</ele></trkpt>
   <trkpt lon="3.186373" lat="39.952761"><ele>183.75</ele></trkpt>
   <trkpt lon="3.186411" lat="39.952769"><ele>184.0</ele></trkpt>
   <trkpt lon="3.186780" lat="39.952804"><ele>184.75</ele></trkpt>
   <trkpt lon="3.187195" lat="39.952863"><ele>183.5</ele></trkpt>
   <trkpt lon="3.187339" lat="39.952897"><ele>182.75</ele></trkpt>
   <trkpt lon="3.187452" lat="39.952947"><ele>182.5</ele></trkpt>
   <trkpt lon="3.187701" lat="39.953094"><ele>182.25</ele></trkpt>
   <trkpt lon="3.187783" lat="39.953128"><ele>182.0</ele></trkpt>
   <trkpt lon="3.187830" lat="39.953136"><ele>182.5</ele></trkpt>
   <trkpt lon="3.187911" lat="39.953135"><ele>183.0</ele></trkpt>
   <trkpt lon="3.188416" lat="39.953029"><ele>183.0</ele></trkpt>
   <trkpt lon="3.188560" lat="39.953010"><ele>182.75</ele></trkpt>
   <trkpt lon="3.188626" lat="39.953009"><ele>182.75</ele></trkpt>
   <trkpt lon="3.188709" lat="39.953020"><ele>181.75</ele></trkpt>
   <trkpt lon="3.188795" lat="39.953059"><ele>181.5</ele></trkpt>
   <trkpt lon="3.188833" lat="39.953083"><ele>181.25</ele></trkpt>
   <trkpt lon="3.188872" lat="39.953119"><ele>181.0</ele></trkpt>
   <trkpt lon="3.188926" lat="39.953203"><ele>180.5</ele></trkpt>
   <trkpt lon="3.188950" lat="39.953272"><ele>180.5</ele></trkpt>
   <trkpt lon="3.189116" lat="39.953886"><ele>177.25</ele></trkpt>
   <trkpt lon="3.189132" lat="39.953937"><ele>176.75</ele></trkpt>
   <trkpt lon="3.189157" lat="39.953979"><ele>176.0</ele></trkpt>
   <trkpt lon="3.189196" lat="39.954024"><ele>175.5</ele></trkpt>
   <trkpt lon="3.189244" lat="39.954056"><ele>175.0</ele></trkpt>
   <trkpt lon="3.189332" lat="39.954095"><ele>174.25</ele></trkpt>
   <trkpt lon="3.189457" lat="39.954114"><ele>173.5</ele></trkpt>
   <trkpt lon="3.189509" lat="39.954112"><ele>174.0</ele></trkpt>
   <trkpt lon="3.189605" lat="39.954092"><ele>175.0</ele></trkpt>
   <trkpt lon="3.189648" lat="39.954073"><ele>175.25</ele></trkpt>
   <trkpt lon="3.189691" lat="39.954045"><ele>175.25</ele></trkpt>
   <trkpt lon="3.189772" lat="39.953977"><ele>175.5</ele></trkpt>
   <trkpt lon="3.190219" lat="39.953488"><ele>179.5</ele></trkpt>
   <trkpt lon="3.190406" lat="39.953351"><ele>181.25</ele></trkpt>
   <trkpt lon="3.190637" lat="39.953195"><ele>181.5</ele></trkpt>
   <trkpt lon="3.191461" lat="39.952745"><ele>183.25</ele></trkpt>
   <trkpt lon="3.191539" lat="39.952715"><ele>182.75</ele></trkpt>
   <trkpt lon="3.191660" lat="39.952711"><ele>184.25</ele></trkpt>
   <trkpt lon="3.191759" lat="39.952728"><ele>184.25</ele></trkpt>
   <trkpt lon="3.191872" lat="39.952769"><ele>185.25</ele></trkpt>
   <trkpt lon="3.192087" lat="39.952874"><ele>188.25</ele></trkpt>
   <trkpt lon="3.192174" lat="39.952901"><ele>188.5</ele></trkpt>
   <trkpt lon="3.192253" lat="39.952900"><ele>188.75</ele></trkpt>
   <trkpt lon="3.192328" lat="39.952879"><ele>189.75</ele></trkpt>
   <trkpt lon="3.192367" lat="39.952862"><ele>190.25</ele></trkpt>
   <trkpt lon="3.192445" lat="39.952791"><ele>189.5</ele></trkpt>
   <trkpt lon="3.192546" lat="39.952621"><ele>190.75</ele></trkpt>
   <trkpt lon="3.192577" lat="39.952555"><ele>191.25</ele></trkpt>
   <trkpt lon="3.192709" lat="39.951948"><ele>190.75</ele></trkpt>
   <trkpt lon="3.192757" lat="39.951821"><ele>190.75</ele></trkpt>
   <trkpt lon="3.192781" lat="39.951793"><ele>191.75</ele></trkpt>
   <trkpt lon="3.192852" lat="39.951734"><ele>192.25</ele></trkpt>
   <trkpt lon="3.193093" lat="39.951593"><ele>194.25</ele></trkpt>
   <trkpt lon="3.193156" lat="39.951549"><ele>195.0</ele></trkpt>
   <trkpt lon="3.193235" lat="39.951481"><ele>195.75</ele></trkpt>
   <trkpt lon="3.193445" lat="39.951190"><ele>197.0</ele></trkpt>
   <trkpt lon="3.193535" lat="39.951113"><ele>197.5</ele></trkpt>
   <trkpt lon="3.193612" lat="39.951076"><ele>198.25</ele></trkpt>
   <trkpt lon="3.193647" lat="39.951067"><ele>198.25</ele></trkpt>
   <trkpt lon="3.193721" lat="39.951061"><ele>198.25</ele></trkpt>
   <trkpt lon="3.193797" lat="39.951071"><ele>198.5</ele></trkpt>
   <trkpt lon="3.193888" lat="39.951113"><ele>200.0</ele></trkpt>
   <trkpt lon="3.194238" lat="39.951349"><ele>201.75</ele></trkpt>
   <trkpt lon="3.194350" lat="39.951409"><ele>202.5</ele></trkpt>
   <trkpt lon="3.194431" lat="39.951430"><ele>202.0</ele></trkpt>
   <trkpt lon="3.194473" lat="39.951434"><ele>202.25</ele></trkpt>
   <trkpt lon="3.194559" lat="39.951430"><ele>203.0</ele></trkpt>
   <trkpt lon="3.194635" lat="39.951404"><ele>203.0</ele></trkpt>
   <trkpt lon="3.194671" lat="39.951383"><ele>203.0</ele></trkpt>
   <trkpt lon="3.194737" lat="39.951324"><ele>203.0</ele></trkpt>
   <trkpt lon="3.194774" lat="39.951267"><ele>203.5</ele></trkpt>
   <trkpt lon="3.194964" lat="39.950894"><ele>203.75</ele></trkpt>
   <trkpt lon="3.194993" lat="39.950862"><ele>204.25</ele></trkpt>
   <trkpt lon="3.195062" lat="39.950816"><ele>204.25</ele></trkpt>
   <trkpt lon="3.195123" lat="39.950789"><ele>204.25</ele></trkpt>
   <trkpt lon="3.195217" lat="39.950759"><ele>204.75</ele></trkpt>
   <trkpt lon="3.195337" lat="39.950744"><ele>205.75</ele></trkpt>
   <trkpt lon="3.195472" lat="39.950749"><ele>206.75</ele></trkpt>
   <trkpt lon="3.196168" lat="39.950842"><ele>210.0</ele><sym>pass_place</sym><type>Shaping</type></trkpt>
   <trkpt lon="3.196173" lat="39.950843"><ele>210.0</ele></trkpt>
   <trkpt lon="3.196421" lat="39.950896"><ele>210.75</ele></trkpt>
   <trkpt lon="3.196531" lat="39.950926"><ele>211.0</ele></trkpt>
   <trkpt lon="3.196766" lat="39.951009"><ele>212.5</ele></trkpt>
   <trkpt lon="3.196872" lat="39.951055"><ele>213.25</ele></trkpt>
   <trkpt lon="3.197317" lat="39.951287"><ele>215.25</ele></trkpt>
   <trkpt lon="3.197441" lat="39.951335"><ele>216.0</ele></trkpt>
   <trkpt lon="3.197665" lat="39.951400"><ele>217.75</ele></trkpt>
   <trkpt lon="3.198055" lat="39.951472"><ele>219.25</ele></trkpt>
   <trkpt lon="3.198139" lat="39.951510"><ele>220.0</ele></trkpt>
   <trkpt lon="3.198171" lat="39.951538"><ele>220.25</ele></trkpt>
   <trkpt lon="3.198205" lat="39.951579"><ele>220.5</ele></trkpt>
   <trkpt lon="3.198264" lat="39.951696"><ele>220.75</ele><sym>pass_place</sym><type>Shaping</type></trkpt>
   <trkpt lon="3.198292" lat="39.951820"><ele>220.5</ele></trkpt>
   <trkpt lon="3.198364" lat="39.952506"><ele>218.75</ele></trkpt>
   <trkpt lon="3.198377" lat="39.952724"><ele>219.25</ele></trkpt>
   <trkpt lon="3.198388" lat="39.952766"><ele>219.0</ele></trkpt>
   <trkpt lon="3.198437" lat="39.952838"><ele>219.5</ele></trkpt>
   <trkpt lon="3.198468" lat="39.952868"><ele>219.5</ele></trkpt>
   <trkpt lon="3.198506" lat="39.952902"><ele>219.75</ele></trkpt>
   <trkpt lon="3.198619" lat="39.952977"><ele>219.75</ele></trkpt>
   <trkpt lon="3.198663" lat="39.952997"><ele>220.0</ele></trkpt>
   <trkpt lon="3.198755" lat="39.953025"><ele>220.0</ele></trkpt>
   <trkpt lon="3.198891" lat="39.953031"><ele>219.0</ele></trkpt>
   <trkpt lon="3.199034" lat="39.953010"><ele>219.75</ele></trkpt>
   <trkpt lon="3.199091" lat="39.952991"><ele>219.75</ele></trkpt>
   <trkpt lon="3.199437" lat="39.952808"><ele>219.75</ele></trkpt>
   <trkpt lon="3.199485" lat="39.952789"><ele>219.5</ele></trkpt>
   <trkpt lon="3.199544" lat="39.952774"><ele>219.0</ele></trkpt>
   <trkpt lon="3.199687" lat="39.952752"><ele>219.0</ele></trkpt>
   <trkpt lon="3.199830" lat="39.952744"><ele>218.5</ele></trkpt>
   <trkpt lon="3.199923" lat="39.952744"><ele>218.25</ele></trkpt>
   <trkpt lon="3.200115" lat="39.952773"><ele>218.0</ele></trkpt>
   <trkpt lon="3.200839" lat="39.953003"><ele>217.25</ele></trkpt>
   <trkpt lon="3.200984" lat="39.953054"><ele>217.25</ele></trkpt>
   <trkpt lon="3.201058" lat="39.953088"><ele>216.75</ele></trkpt>
   <trkpt lon="3.201400" lat="39.953324"><ele>214.0</ele></trkpt>
   <trkpt lon="3.201439" lat="39.953348"><ele>213.25</ele></trkpt>
   <trkpt lon="3.201526" lat="39.953382"><ele>212.0</ele></trkpt>
   <trkpt lon="3.201667" lat="39.953400"><ele>210.75</ele></trkpt>
   <trkpt lon="3.201781" lat="39.953406"><ele>210.25</ele></trkpt>
   <trkpt lon="3.202561" lat="39.953411"><ele>211.25</ele></trkpt>
   <trkpt lon="3.202618" lat="39.953418"><ele>211.0</ele></trkpt>
   <trkpt lon="3.202663" lat="39.953430"><ele>210.25</ele></trkpt>
   <trkpt lon="3.202739" lat="39.953465"><ele>208.75</ele></trkpt>
   <trkpt lon="3.202794" lat="39.953512"><ele>207.0</ele></trkpt>
   <trkpt lon="3.202827" lat="39.953566"><ele>205.0</ele></trkpt>
   <trkpt lon="3.202833" lat="39.953595"><ele>203.75</ele></trkpt>
   <trkpt lon="3.202828" lat="39.953654"><ele>201.75</ele></trkpt>
   <trkpt lon="3.202806" lat="39.953711"><ele>200.0</ele></trkpt>
   <trkpt lon="3.202788" lat="39.953738"><ele>199.5</ele></trkpt>
   <trkpt lon="3.202735" lat="39.953783"><ele>198.5</ele></trkpt>
   <trkpt lon="3.202626" lat="39.953829"><ele>197.5</ele></trkpt>
   <trkpt lon="3.202553" lat="39.953836"><ele>197.5</ele></trkpt>
   <trkpt lon="3.202223" lat="39.953786"><ele>195.75</ele></trkpt>
   <trkpt lon="3.202116" lat="39.953789"><ele>196.25</ele></trkpt>
   <trkpt lon="3.202026" lat="39.953809"><ele>196.25</ele></trkpt>
   <trkpt lon="3.201988" lat="39.953826"><ele>196.0</ele></trkpt>
   <trkpt lon="3.201938" lat="39.953872"><ele>195.5</ele></trkpt>
   <trkpt lon="3.201918" lat="39.953903"><ele>195.25</ele></trkpt>
   <trkpt lon="3.201906" lat="39.953933"><ele>195.5</ele></trkpt>
   <trkpt lon="3.201905" lat="39.953963"><ele>195.5</ele></trkpt>
   <trkpt lon="3.201920" lat="39.954038"><ele>195.25</ele></trkpt>
   <trkpt lon="3.202000" lat="39.954220"><ele>192.0</ele></trkpt>
   <trkpt lon="3.202000" lat="39.954265"><ele>191.0</ele></trkpt>
   <trkpt lon="3.201984" lat="39.954309"><ele>190.5</ele></trkpt>
   <trkpt lon="3.201921" lat="39.954375"><ele>190.0</ele></trkpt>
   <trkpt lon="3.201849" lat="39.954419"><ele>189.5</ele></trkpt>
   <trkpt lon="3.201499" lat="39.954530"><ele>189.25</ele></trkpt>
   <trkpt lon="3.201393" lat="39.954572"><ele>189.25</ele></trkpt>
   <trkpt lon="3.201359" lat="39.954597"><ele>189.25</ele></trkpt>
   <trkpt lon="3.201298" lat="39.954646"><ele>189.5</ele></trkpt>
   <trkpt lon="3.200928" lat="39.955076"><ele>186.0</ele></trkpt>
   <trkpt lon="3.200897" lat="39.955121"><ele>185.75</ele></trkpt>
   <trkpt lon="3.200878" lat="39.955164"><ele>185.5</ele></trkpt>
   <trkpt lon="3.200868" lat="39.955239"><ele>184.0</ele></trkpt>
   <trkpt lon="3.200893" lat="39.955323"><ele>180.5</ele></trkpt>
   <trkpt lon="3.200917" lat="39.955358"><ele>178.75</ele></trkpt>
   <trkpt lon="3.200984" lat="39.955410"><ele>177.25</ele></trkpt>
   <trkpt lon="3.201030" lat="39.955430"><ele>177.25</ele></trkpt>
   <trkpt lon="3.201109" lat="39.955447"><ele>178.25</ele></trkpt>
   <trkpt lon="3.201184" lat="39.955453"><ele>178.5</ele></trkpt>
   <trkpt lon="3.201242" lat="39.955450"><ele>178.5</ele></trkpt>
   <trkpt lon="3.201347" lat="39.955432"><ele>178.5</ele></trkpt>
   <trkpt lon="3.201589" lat="39.955387"><ele>179.5</ele></trkpt>
   <trkpt lon="3.201673" lat="39.955381"><ele>180.0</ele></trkpt>
   <trkpt lon="3.201765" lat="39.955386"><ele>180.25</ele></trkpt>
   <trkpt lon="3.202419" lat="39.955482"><ele>180.25</ele></trkpt>
   <trkpt lon="3.202498" lat="39.955488"><ele>180.5</ele></trkpt>
   <trkpt lon="3.202564" lat="39.955486"><ele>181.25</ele></trkpt>
   <trkpt lon="3.202622" lat="39.955477"><ele>181.75</ele></trkpt>
   <trkpt lon="3.202675" lat="39.955461"><ele>182.0</ele></trkpt>
   <trkpt lon="3.202775" lat="39.955404"><ele>181.5</ele></trkpt>
   <trkpt lon="3.202831" lat="39.955359"><ele>181.5</ele></trkpt>
   <trkpt lon="3.203273" lat="39.954851"><ele>181.5</ele></trkpt>
   <trkpt lon="3.203352" lat="39.954770"><ele>181.0</ele></trkpt>
   <trkpt lon="3.203444" lat="39.954693"><ele>181.0</ele></trkpt>
   <trkpt lon="3.203544" lat="39.954628"><ele>181.25</ele></trkpt>
   <trkpt lon="3.204599" lat="39.954076"><ele>178.75</ele></trkpt>
   <trkpt lon="3.204724" lat="39.954027"><ele>179.25</ele></trkpt>
   <trkpt lon="3.204854" lat="39.953990"><ele>178.0</ele></trkpt>
   <trkpt lon="3.205469" lat="39.953839"><ele>180.0</ele></trkpt>
   <trkpt lon="3.205546" lat="39.953815"><ele>180.5</ele></trkpt>
   <trkpt lon="3.205617" lat="39.953791"><ele>181.75</ele></trkpt>
   <trkpt lon="3.205923" lat="39.953647"><ele>181.0</ele></trkpt>
   <trkpt lon="3.205984" lat="39.953626"><ele>181.0</ele></trkpt>
   <trkpt lon="3.206130" lat="39.953594"><ele>181.75</ele></trkpt>
   <trkpt lon="3.206259" lat="39.953597"><ele>181.75</ele></trkpt>
   <trkpt lon="3.207187" lat="39.953741"><ele>187.5</ele></trkpt>
   <trkpt lon="3.207249" lat="39.953758"><ele>187.25</ele></trkpt>
   <trkpt lon="3.207306" lat="39.953780"><ele>186.0</ele></trkpt>
   <trkpt lon="3.207362" lat="39.953814"><ele>185.75</ele></trkpt>
   <trkpt lon="3.207647" lat="39.954044"><ele>188.25</ele></trkpt>
   <trkpt lon="3.207725" lat="39.954149"><ele>190.0</ele></trkpt>
   <trkpt lon="3.208204" lat="39.955046"><ele>191.0</ele></trkpt>
   <trkpt lon="3.208246" lat="39.955159"><ele>190.75</ele></trkpt>
   <trkpt lon="3.208255" lat="39.955219"><ele>191.0</ele></trkpt>
   <trkpt lon="3.208254" lat="39.955352"><ele>191.75</ele></trkpt>
   <trkpt lon="3.208230" lat="39.955487"><ele>192.5</ele></trkpt>
   <trkpt lon="3.208024" lat="39.956044"><ele>193.5</ele></trkpt>
   <trkpt lon="3.208015" lat="39.956134"><ele>193.25</ele></trkpt>
   <trkpt lon="3.208027" lat="39.956195"><ele>193.0</ele></trkpt>
   <trkpt lon="3.208065" lat="39.956292"><ele>192.25</ele></trkpt>
   <trkpt lon="3.208305" lat="39.956840"><ele>191.0</ele><sym>pass_place</sym><type>Shaping</type></trkpt>
   <trkpt lon="3.208314" lat="39.956878"><ele>191.0</ele></trkpt>
   <trkpt lon="3.208316" lat="39.956965"><ele>191.0</ele></trkpt>
   <trkpt lon="3.208308" lat="39.957002"><ele>190.5</ele></trkpt>
   <trkpt lon="3.208290" lat="39.957035"><ele>190.25</ele></trkpt>
   <trkpt lon="3.208237" lat="39.957103"><ele>190.0</ele></trkpt>
   <trkpt lon="3.208178" lat="39.957153"><ele>190.5</ele></trkpt>
   <trkpt lon="3.208141" lat="39.957172"><ele>191.0</ele></trkpt>
   <trkpt lon="3.208057" lat="39.957198"><ele>192.25</ele></trkpt>
   <trkpt lon="3.207937" lat="39.957207"><ele>191.25</ele></trkpt>
   <trkpt lon="3.207593" lat="39.957198"><ele>190.25</ele></trkpt>
   <trkpt lon="3.207547" lat="39.957205"><ele>189.75</ele></trkpt>
   <trkpt lon="3.207453" lat="39.957235"><ele>189.0</ele></trkpt>
   <trkpt lon="3.207409" lat="39.957257"><ele>189.0</ele></trkpt>
   <trkpt lon="3.207343" lat="39.957315"><ele>188.75</ele></trkpt>
   <trkpt lon="3.207311" lat="39.957373"><ele>188.0</ele></trkpt>
   <trkpt lon="3.207303" lat="39.957444"><ele>187.0</ele></trkpt>
   <trkpt lon="3.207319" lat="39.957514"><ele>185.0</ele></trkpt>
   <trkpt lon="3.207334" lat="39.957541"><ele>182.75</ele></trkpt>
   <trkpt lon="3.207388" lat="39.957602"><ele>180.5</ele></trkpt>
   <trkpt lon="3.207429" lat="39.957631"><ele>181.25</ele></trkpt>
   <trkpt lon="3.207473" lat="39.957655"><ele>183.5</ele></trkpt>
   <trkpt lon="3.207574" lat="39.957694"><ele>185.75</ele></trkpt>
   <trkpt lon="3.208033" lat="39.957859"><ele>188.25</ele></trkpt>
   <trkpt lon="3.208118" lat="39.957875"><ele>189.0</ele></trkpt>
   <trkpt lon="3.208205" lat="39.957882"><ele>189.5</ele></trkpt>
   <trkpt lon="3.208378" lat="39.957876"><ele>190.25</ele></trkpt>
   <trkpt lon="3.208467" lat="39.957862"><ele>190.75</ele></trkpt>
   <trkpt lon="3.208559" lat="39.957839"><ele>191.0</ele></trkpt>
   <trkpt lon="3.208658" lat="39.957804"><ele>191.0</ele></trkpt>
   <trkpt lon="3.208754" lat="39.957756"><ele>191.25</ele></trkpt>
   <trkpt lon="3.209044" lat="39.957573"><ele>194.0</ele></trkpt>
   <trkpt lon="3.209111" lat="39.957524"><ele>194.75</ele></trkpt>
   <trkpt lon="3.209163" lat="39.957476"><ele>194.75</ele></trkpt>
   <trkpt lon="3.209346" lat="39.957266"><ele>196.25</ele></trkpt>
   <trkpt lon="3.209426" lat="39.957191"><ele>196.75</ele></trkpt>
   <trkpt lon="3.210092" lat="39.956756"><ele>200.75</ele></trkpt>
   <trkpt lon="3.210581" lat="39.956444"><ele>200.75</ele></trkpt>
   <trkpt lon="3.210701" lat="39.956362"><ele>201.0</ele></trkpt>
   <trkpt lon="3.210846" lat="39.956239"><ele>199.0</ele></trkpt>
   <trkpt lon="3.210956" lat="39.956127"><ele>195.5</ele></trkpt>
   <trkpt lon="3.211075" lat="39.956005"><ele>193.25</ele></trkpt>
   <trkpt lon="3.211329" lat="39.955722"><ele>193.75</ele></trkpt>
   <trkpt lon="3.211406" lat="39.955622"><ele>192.75</ele></trkpt>
   <trkpt lon="3.211565" lat="39.955360"><ele>193.0</ele></trkpt>
   <trkpt lon="3.211599" lat="39.955325"><ele>192.0</ele></trkpt>
   <trkpt lon="3.211635" lat="39.955306"><ele>190.5</ele></trkpt>
   <trkpt lon="3.211678" lat="39.955295"><ele>188.5</ele></trkpt>
   <trkpt lon="3.211718" lat="39.955292"><ele>187.25</ele></trkpt>
   <trkpt lon="3.211771" lat="39.955297"><ele>185.75</ele></trkpt>
   <trkpt lon="3.211816" lat="39.955311"><ele>184.5</ele></trkpt>
   <trkpt lon="3.211851" lat="39.955331"><ele>183.75</ele></trkpt>
   <trkpt lon="3.211881" lat="39.955353"><ele>182.75</ele></trkpt>
   <trkpt lon="3.211906" lat="39.955383"><ele>182.25</ele></trkpt>
   <trkpt lon="3.211939" lat="39.955447"><ele>181.5</ele></trkpt>
   <trkpt lon="3.211948" lat="39.955507"><ele>181.5</ele></trkpt>
   <trkpt lon="3.211933" lat="39.955577"><ele>181.5</ele></trkpt>
   <trkpt lon="3.211885" lat="39.955668"><ele>180.5</ele></trkpt>
   <trkpt lon="3.211593" lat="39.956150"><ele>178.0</ele></trkpt>
   <trkpt lon="3.211553" lat="39.956243"><ele>177.75</ele></trkpt>
   <trkpt lon="3.211538" lat="39.956319"><ele>177.0</ele></trkpt>
   <trkpt lon="3.211547" lat="39.956414"><ele>175.5</ele></trkpt>
   <trkpt lon="3.211737" lat="39.957246"><ele>163.75</ele></trkpt>
   <trkpt lon="3.211740" lat="39.957378"><ele>162.5</ele></trkpt>
   <trkpt lon="3.211710" lat="39.957467"><ele>162.75</ele></trkpt>
   <trkpt lon="3.211688" lat="39.957511"><ele>163.0</ele></trkpt>
   <trkpt lon="3.211368" lat="39.958009"><ele>158.5</ele></trkpt>
   <trkpt lon="3.211298" lat="39.958136"><ele>157.25</ele></trkpt>
   <trkpt lon="3.211264" lat="39.958249"><ele>156.0</ele></trkpt>
   <trkpt lon="3.211250" lat="39.958324"><ele>154.5</ele></trkpt>
   <trkpt lon="3.211204" lat="39.958674"><ele>149.0</ele></trkpt>
   <trkpt lon="3.211178" lat="39.958786"><ele>148.25</ele></trkpt>
   <trkpt lon="3.211142" lat="39.958864"><ele>148.25</ele></trkpt>
   <trkpt lon="3.211111" lat="39.958900"><ele>147.5</ele></trkpt>
   <trkpt lon="3.211026" lat="39.958962"><ele>144.5</ele></trkpt>
   <trkpt lon="3.210295" lat="39.959391"><ele>143.25</ele></trkpt>
   <trkpt lon="3.210253" lat="39.959425"><ele>141.0</ele></trkpt>
   <trkpt lon="3.210179" lat="39.959530"><ele>137.75</ele></trkpt>
   <trkpt lon="3.209910" lat="39.959951"><ele>131.75</ele></trkpt>
   <trkpt lon="3.209898" lat="39.960026"><ele>129.25</ele></trkpt>
   <trkpt lon="3.209904" lat="39.960061"><ele>128.0</ele></trkpt>
   <trkpt lon="3.209913" lat="39.960091"><ele>127.0</ele></trkpt>
   <trkpt lon="3.209949" lat="39.960155"><ele>126.0</ele></trkpt>
   <trkpt lon="3.210167" lat="39.960313"><ele>127.75</ele></trkpt>
   <trkpt lon="3.210245" lat="39.960343"><ele>129.5</ele></trkpt>
   <trkpt lon="3.210336" lat="39.960354"><ele>131.5</ele></trkpt>
   <trkpt lon="3.210581" lat="39.960333"><ele>132.0</ele></trkpt>
   <trkpt lon="3.210623" lat="39.960338"><ele>131.25</ele></trkpt>
   <trkpt lon="3.210711" lat="39.960367"><ele>130.75</ele></trkpt>
   <trkpt lon="3.210820" lat="39.960429"><ele>132.25</ele></trkpt>
   <trkpt lon="3.211035" lat="39.960576"><ele>137.25</ele></trkpt>
   <trkpt lon="3.211090" lat="39.960606"><ele>137.5</ele></trkpt>
   <trkpt lon="3.211183" lat="39.960632"><ele>138.5</ele></trkpt>
   <trkpt lon="3.211283" lat="39.960637"><ele>139.5</ele></trkpt>
   <trkpt lon="3.211341" lat="39.960625"><ele>139.25</ele></trkpt>
   <trkpt lon="3.211852" lat="39.960406"><ele>137.25</ele></trkpt>
   <trkpt lon="3.211933" lat="39.960367"><ele>136.75</ele></trkpt>
   <trkpt lon="3.211987" lat="39.960350"><ele>136.75</ele></trkpt>
   <trkpt lon="3.212030" lat="39.960344"><ele>137.25</ele></trkpt>
   <trkpt lon="3.212060" lat="39.960348"><ele>137.75</ele></trkpt>
   <trkpt lon="3.212093" lat="39.960358"><ele>138.75</ele></trkpt>
   <trkpt lon="3.212130" lat="39.960388"><ele>141.0</ele></trkpt>
   <trkpt lon="3.212144" lat="39.960430"><ele>143.75</ele></trkpt>
   <trkpt lon="3.212141" lat="39.960450"><ele>144.75</ele></trkpt>
   <trkpt lon="3.212133" lat="39.960470"><ele>145.75</ele></trkpt>
   <trkpt lon="3.212074" lat="39.960516"><ele>147.0</ele></trkpt>
   <trkpt lon="3.211297" lat="39.960852"><ele>147.75</ele></trkpt>
   <trkpt lon="3.211249" lat="39.960892"><ele>147.75</ele></trkpt>
   <trkpt lon="3.211230" lat="39.960930"><ele>147.75</ele></trkpt>
   <trkpt lon="3.211228" lat="39.960982"><ele>147.75</ele></trkpt>
   <trkpt lon="3.211246" lat="39.961024"><ele>148.25</ele></trkpt>
   <trkpt lon="3.211263" lat="39.961042"><ele>148.75</ele></trkpt>
   <trkpt lon="3.211317" lat="39.961076"><ele>150.5</ele></trkpt>
   <trkpt lon="3.211359" lat="39.961088"><ele>151.75</ele></trkpt>
   <trkpt lon="3.211393" lat="39.961093"><ele>152.5</ele></trkpt>
   <trkpt lon="3.211460" lat="39.961082"><ele>153.25</ele></trkpt>
   <trkpt lon="3.211499" lat="39.961061"><ele>153.5</ele></trkpt>
   <trkpt lon="3.211857" lat="39.960763"><ele>153.75</ele></trkpt>
   <trkpt lon="3.211924" lat="39.960718"><ele>153.0</ele></trkpt>
   <trkpt lon="3.211960" lat="39.960699"><ele>152.75</ele></trkpt>
   <trkpt lon="3.212042" lat="39.960674"><ele>153.25</ele></trkpt>
   <trkpt lon="3.212133" lat="39.960670"><ele>154.75</ele></trkpt>
   <trkpt lon="3.212177" lat="39.960677"><ele>156.0</ele></trkpt>
   <trkpt lon="3.212253" lat="39.960699"><ele>156.75</ele></trkpt>
   <trkpt lon="3.212334" lat="39.960739"><ele>156.5</ele></trkpt>
   <trkpt lon="3.212571" lat="39.960914"><ele>157.0</ele></trkpt>
   <trkpt lon="3.212717" lat="39.961011"><ele>155.25</ele></trkpt>
   <trkpt lon="3.212786" lat="39.961079"><ele>157.5</ele></trkpt>
   <trkpt lon="3.212802" lat="39.961142"><ele>159.0</ele></trkpt>
   <trkpt lon="3.212801" lat="39.961165"><ele>159.25</ele></trkpt>
   <trkpt lon="3.212783" lat="39.961202"><ele>160.0</ele></trkpt>
   <trkpt lon="3.212767" lat="39.961218"><ele>160.5</ele></trkpt>
   <trkpt lon="3.212718" lat="39.961244"><ele>161.5</ele></trkpt>
   <trkpt lon="3.212631" lat="39.961261"><ele>163.5</ele><sym>right_slight</sym></trkpt>
   <trkpt lon="3.212617" lat="39.961299"><ele>164.0</ele><sym>left_slight</sym></trkpt>
   <trkpt lon="3.212591" lat="39.961303"><ele>164.75</ele><sym>pass_place</sym><type>Shaping</type></trkpt>
   <trkpt lon="3.212588" lat="39.961304"><ele>164.75</ele></trkpt>
   <trkpt lon="3.212410" lat="39.961460"><ele>159.75</ele><sym>u-turn</sym><type>Via</type></trkpt>
   <trkpt lon="3.212588" lat="39.961304"><ele>164.75</ele></trkpt>
   <trkpt lon="3.212617" lat="39.961299"><ele>164.0</ele><sym>right_slight</sym></trkpt>
   <trkpt lon="3.212631" lat="39.961261"><ele>163.5</ele></trkpt>
   <trkpt lon="3.212718" lat="39.961244"><ele>161.5</ele></trkpt>
   <trkpt lon="3.212767" lat="39.961218"><ele>160.5</ele></trkpt>
   <trkpt lon="3.212783" lat="39.961202"><ele>160.0</ele></trkpt>
   <trkpt lon="3.212801" lat="39.961165"><ele>159.25</ele></trkpt>
   <trkpt lon="3.212802" lat="39.961142"><ele>159.0</ele></trkpt>
   <trkpt lon="3.212786" lat="39.961079"><ele>157.5</ele></trkpt>
   <trkpt lon="3.212717" lat="39.961011"><ele>155.25</ele></trkpt>
   <trkpt lon="3.212571" lat="39.960914"><ele>157.0</ele></trkpt>
   <trkpt lon="3.212334" lat="39.960739"><ele>156.5</ele></trkpt>
   <trkpt lon="3.212253" lat="39.960699"><ele>156.75</ele></trkpt>
   <trkpt lon="3.212177" lat="39.960677"><ele>156.0</ele></trkpt>
   <trkpt lon="3.212133" lat="39.960670"><ele>154.75</ele></trkpt>
   <trkpt lon="3.212042" lat="39.960674"><ele>153.25</ele></trkpt>
   <trkpt lon="3.211960" lat="39.960699"><ele>152.75</ele></trkpt>
   <trkpt lon="3.211924" lat="39.960718"><ele>153.0</ele></trkpt>
   <trkpt lon="3.211857" lat="39.960763"><ele>153.75</ele></trkpt>
   <trkpt lon="3.211499" lat="39.961061"><ele>153.5</ele></trkpt>
   <trkpt lon="3.211460" lat="39.961082"><ele>153.25</ele></trkpt>
   <trkpt lon="3.211393" lat="39.961093"><ele>152.5</ele></trkpt>
   <trkpt lon="3.211359" lat="39.961088"><ele>151.75</ele></trkpt>
   <trkpt lon="3.211317" lat="39.961076"><ele>150.5</ele></trkpt>
   <trkpt lon="3.211263" lat="39.961042"><ele>148.75</ele></trkpt>
   <trkpt lon="3.211246" lat="39.961024"><ele>148.25</ele></trkpt>
   <trkpt lon="3.211228" lat="39.960982"><ele>147.75</ele></trkpt>
   <trkpt lon="3.211230" lat="39.960930"><ele>147.75</ele></trkpt>
   <trkpt lon="3.211249" lat="39.960892"><ele>147.75</ele></trkpt>
   <trkpt lon="3.211297" lat="39.960852"><ele>147.75</ele></trkpt>
   <trkpt lon="3.212074" lat="39.960516"><ele>147.0</ele></trkpt>
   <trkpt lon="3.212133" lat="39.960470"><ele>145.75</ele></trkpt>
   <trkpt lon="3.212141" lat="39.960450"><ele>144.75</ele></trkpt>
   <trkpt lon="3.212144" lat="39.960430"><ele>143.75</ele></trkpt>
   <trkpt lon="3.212130" lat="39.960388"><ele>141.0</ele></trkpt>
   <trkpt lon="3.212093" lat="39.960358"><ele>138.75</ele></trkpt>
   <trkpt lon="3.212060" lat="39.960348"><ele>137.75</ele></trkpt>
   <trkpt lon="3.212030" lat="39.960344"><ele>137.25</ele></trkpt>
   <trkpt lon="3.211987" lat="39.960350"><ele>136.75</ele></trkpt>
   <trkpt lon="3.211933" lat="39.960367"><ele>136.75</ele></trkpt>
   <trkpt lon="3.211852" lat="39.960406"><ele>137.25</ele></trkpt>
   <trkpt lon="3.211341" lat="39.960625"><ele>139.25</ele></trkpt>
   <trkpt lon="3.211283" lat="39.960637"><ele>139.5</ele></trkpt>
   <trkpt lon="3.211183" lat="39.960632"><ele>138.5</ele></trkpt>
   <trkpt lon="3.211090" lat="39.960606"><ele>137.5</ele></trkpt>
   <trkpt lon="3.211035" lat="39.960576"><ele>137.25</ele></trkpt>
   <trkpt lon="3.210820" lat="39.960429"><ele>132.25</ele></trkpt>
   <trkpt lon="3.210711" lat="39.960367"><ele>130.75</ele></trkpt>
   <trkpt lon="3.210623" lat="39.960338"><ele>131.25</ele></trkpt>
   <trkpt lon="3.210581" lat="39.960333"><ele>132.0</ele></trkpt>
   <trkpt lon="3.210336" lat="39.960354"><ele>131.5</ele></trkpt>
   <trkpt lon="3.210245" lat="39.960343"><ele>129.5</ele></trkpt>
   <trkpt lon="3.210167" lat="39.960313"><ele>127.75</ele></trkpt>
   <trkpt lon="3.209949" lat="39.960155"><ele>126.0</ele></trkpt>
   <trkpt lon="3.209913" lat="39.960091"><ele>127.0</ele></trkpt>
   <trkpt lon="3.209904" lat="39.960061"><ele>128.0</ele></trkpt>
   <trkpt lon="3.209898" lat="39.960026"><ele>129.25</ele></trkpt>
   <trkpt lon="3.209910" lat="39.959951"><ele>131.75</ele></trkpt>
   <trkpt lon="3.210179" lat="39.959530"><ele>137.75</ele></trkpt>
   <trkpt lon="3.210253" lat="39.959425"><ele>141.0</ele></trkpt>
   <trkpt lon="3.210295" lat="39.959391"><ele>143.25</ele></trkpt>
   <trkpt lon="3.211026" lat="39.958962"><ele>144.5</ele></trkpt>
   <trkpt lon="3.211111" lat="39.958900"><ele>147.5</ele></trkpt>
   <trkpt lon="3.211142" lat="39.958864"><ele>148.25</ele></trkpt>
   <trkpt lon="3.211178" lat="39.958786"><ele>148.25</ele></trkpt>
   <trkpt lon="3.211204" lat="39.958674"><ele>149.0</ele></trkpt>
   <trkpt lon="3.211250" lat="39.958324"><ele>154.5</ele></trkpt>
   <trkpt lon="3.211264" lat="39.958249"><ele>156.0</ele></trkpt>
   <trkpt lon="3.211298" lat="39.958136"><ele>157.25</ele></trkpt>
   <trkpt lon="3.211368" lat="39.958009"><ele>158.5</ele></trkpt>
   <trkpt lon="3.211688" lat="39.957511"><ele>163.0</ele></trkpt>
   <trkpt lon="3.211710" lat="39.957467"><ele>162.75</ele></trkpt>
   <trkpt lon="3.211740" lat="39.957378"><ele>162.5</ele></trkpt>
   <trkpt lon="3.211737" lat="39.957246"><ele>163.75</ele></trkpt>
   <trkpt lon="3.211547" lat="39.956414"><ele>175.5</ele></trkpt>
   <trkpt lon="3.211538" lat="39.956319"><ele>177.0</ele></trkpt>
   <trkpt lon="3.211553" lat="39.956243"><ele>177.75</ele></trkpt>
   <trkpt lon="3.211593" lat="39.956150"><ele>178.0</ele></trkpt>
   <trkpt lon="3.211885" lat="39.955668"><ele>180.5</ele></trkpt>
   <trkpt lon="3.211933" lat="39.955577"><ele>181.5</ele></trkpt>
   <trkpt lon="3.211948" lat="39.955507"><ele>181.5</ele></trkpt>
   <trkpt lon="3.211939" lat="39.955447"><ele>181.5</ele></trkpt>
   <trkpt lon="3.211906" lat="39.955383"><ele>182.25</ele></trkpt>
   <trkpt lon="3.211881" lat="39.955353"><ele>182.75</ele></trkpt>
   <trkpt lon="3.211851" lat="39.955331"><ele>183.75</ele></trkpt>
   <trkpt lon="3.211816" lat="39.955311"><ele>184.5</ele></trkpt>
   <trkpt lon="3.211771" lat="39.955297"><ele>185.75</ele></trkpt>
   <trkpt lon="3.211718" lat="39.955292"><ele>187.25</ele></trkpt>
   <trkpt lon="3.211678" lat="39.955295"><ele>188.5</ele></trkpt>
   <trkpt lon="3.211635" lat="39.955306"><ele>190.5</ele></trkpt>
   <trkpt lon="3.211599" lat="39.955325"><ele>192.0</ele></trkpt>
   <trkpt lon="3.211565" lat="39.955360"><ele>193.0</ele></trkpt>
   <trkpt lon="3.211406" lat="39.955622"><ele>192.75</ele></trkpt>
   <trkpt lon="3.211329" lat="39.955722"><ele>193.75</ele></trkpt>
   <trkpt lon="3.211075" lat="39.956005"><ele>193.25</ele></trkpt>
   <trkpt lon="3.210956" lat="39.956127"><ele>195.5</ele></trkpt>
   <trkpt lon="3.210846" lat="39.956239"><ele>199.0</ele></trkpt>
   <trkpt lon="3.210701" lat="39.956362"><ele>201.0</ele></trkpt>
   <trkpt lon="3.210581" lat="39.956444"><ele>200.75</ele></trkpt>
   <trkpt lon="3.210092" lat="39.956756"><ele>200.75</ele></trkpt>
   <trkpt lon="3.209426" lat="39.957191"><ele>196.75</ele></trkpt>
   <trkpt lon="3.209346" lat="39.957266"><ele>196.25</ele></trkpt>
   <trkpt lon="3.209163" lat="39.957476"><ele>194.75</ele></trkpt>
   <trkpt lon="3.209111" lat="39.957524"><ele>194.75</ele></trkpt>
   <trkpt lon="3.209044" lat="39.957573"><ele>194.0</ele></trkpt>
   <trkpt lon="3.208754" lat="39.957756"><ele>191.25</ele></trkpt>
   <trkpt lon="3.208658" lat="39.957804"><ele>191.0</ele></trkpt>
   <trkpt lon="3.208559" lat="39.957839"><ele>191.0</ele></trkpt>
   <trkpt lon="3.208467" lat="39.957862"><ele>190.75</ele></trkpt>
   <trkpt lon="3.208378" lat="39.957876"><ele>190.25</ele></trkpt>
   <trkpt lon="3.208205" lat="39.957882"><ele>189.5</ele></trkpt>
   <trkpt lon="3.208118" lat="39.957875"><ele>189.0</ele></trkpt>
   <trkpt lon="3.208033" lat="39.957859"><ele>188.25</ele></trkpt>
   <trkpt lon="3.207574" lat="39.957694"><ele>185.75</ele></trkpt>
   <trkpt lon="3.207473" lat="39.957655"><ele>183.5</ele></trkpt>
   <trkpt lon="3.207429" lat="39.957631"><ele>181.25</ele></trkpt>
   <trkpt lon="3.207388" lat="39.957602"><ele>180.5</ele></trkpt>
   <trkpt lon="3.207334" lat="39.957541"><ele>182.75</ele></trkpt>
   <trkpt lon="3.207319" lat="39.957514"><ele>185.0</ele></trkpt>
   <trkpt lon="3.207303" lat="39.957444"><ele>187.0</ele></trkpt>
   <trkpt lon="3.207311" lat="39.957373"><ele>188.0</ele></trkpt>
   <trkpt lon="3.207343" lat="39.957315"><ele>188.75</ele></trkpt>
   <trkpt lon="3.207409" lat="39.957257"><ele>189.0</ele></trkpt>
   <trkpt lon="3.207453" lat="39.957235"><ele>189.0</ele></trkpt>
   <trkpt lon="3.207547" lat="39.957205"><ele>189.75</ele></trkpt>
   <trkpt lon="3.207593" lat="39.957198"><ele>190.25</ele></trkpt>
   <trkpt lon="3.207937" lat="39.957207"><ele>191.25</ele></trkpt>
   <trkpt lon="3.208057" lat="39.957198"><ele>192.25</ele></trkpt>
   <trkpt lon="3.208141" lat="39.957172"><ele>191.0</ele></trkpt>
   <trkpt lon="3.208178" lat="39.957153"><ele>190.5</ele></trkpt>
   <trkpt lon="3.208237" lat="39.957103"><ele>190.0</ele></trkpt>
   <trkpt lon="3.208290" lat="39.957035"><ele>190.25</ele><sym>pass_place</sym><type>Shaping</type></trkpt>
   <trkpt lon="3.208308" lat="39.957002"><ele>190.5</ele></trkpt>
   <trkpt lon="3.208316" lat="39.956965"><ele>191.0</ele></trkpt>
   <trkpt lon="3.208314" lat="39.956878"><ele>191.0</ele></trkpt>
   <trkpt lon="3.208305" lat="39.956840"><ele>191.0</ele></trkpt>
   <trkpt lon="3.208065" lat="39.956292"><ele>192.25</ele></trkpt>
   <trkpt lon="3.208027" lat="39.956195"><ele>193.0</ele></trkpt>
   <trkpt lon="3.208015" lat="39.956134"><ele>193.25</ele></trkpt>
   <trkpt lon="3.208024" lat="39.956044"><ele>193.5</ele></trkpt>
   <trkpt lon="3.208230" lat="39.955487"><ele>192.5</ele></trkpt>
   <trkpt lon="3.208254" lat="39.955352"><ele>191.75</ele></trkpt>
   <trkpt lon="3.208255" lat="39.955219"><ele>191.0</ele></trkpt>
   <trkpt lon="3.208246" lat="39.955159"><ele>190.75</ele></trkpt>
   <trkpt lon="3.208204" lat="39.955046"><ele>191.0</ele></trkpt>
   <trkpt lon="3.207725" lat="39.954149"><ele>190.0</ele></trkpt>
   <trkpt lon="3.207647" lat="39.954044"><ele>188.25</ele></trkpt>
   <trkpt lon="3.207362" lat="39.953814"><ele>185.75</ele></trkpt>
   <trkpt lon="3.207306" lat="39.953780"><ele>186.0</ele></trkpt>
   <trkpt lon="3.207249" lat="39.953758"><ele>187.25</ele></trkpt>
   <trkpt lon="3.207187" lat="39.953741"><ele>187.5</ele></trkpt>
   <trkpt lon="3.206259" lat="39.953597"><ele>181.75</ele></trkpt>
   <trkpt lon="3.206130" lat="39.953594"><ele>181.75</ele></trkpt>
   <trkpt lon="3.205984" lat="39.953626"><ele>181.0</ele></trkpt>
   <trkpt lon="3.205923" lat="39.953647"><ele>181.0</ele></trkpt>
   <trkpt lon="3.205617" lat="39.953791"><ele>181.75</ele></trkpt>
   <trkpt lon="3.205546" lat="39.953815"><ele>180.5</ele></trkpt>
   <trkpt lon="3.205469" lat="39.953839"><ele>180.0</ele></trkpt>
   <trkpt lon="3.204854" lat="39.953990"><ele>178.0</ele></trkpt>
   <trkpt lon="3.204724" lat="39.954027"><ele>179.25</ele></trkpt>
   <trkpt lon="3.204599" lat="39.954076"><ele>178.75</ele></trkpt>
   <trkpt lon="3.203544" lat="39.954628"><ele>181.25</ele></trkpt>
   <trkpt lon="3.203444" lat="39.954693"><ele>181.0</ele></trkpt>
   <trkpt lon="3.203352" lat="39.954770"><ele>181.0</ele></trkpt>
   <trkpt lon="3.203273" lat="39.954851"><ele>181.5</ele></trkpt>
   <trkpt lon="3.202831" lat="39.955359"><ele>181.5</ele></trkpt>
   <trkpt lon="3.202775" lat="39.955404"><ele>181.5</ele></trkpt>
   <trkpt lon="3.202675" lat="39.955461"><ele>182.0</ele></trkpt>
   <trkpt lon="3.202622" lat="39.955477"><ele>181.75</ele></trkpt>
   <trkpt lon="3.202564" lat="39.955486"><ele>181.25</ele></trkpt>
   <trkpt lon="3.202498" lat="39.955488"><ele>180.5</ele></trkpt>
   <trkpt lon="3.202419" lat="39.955482"><ele>180.25</ele></trkpt>
   <trkpt lon="3.201765" lat="39.955386"><ele>180.25</ele></trkpt>
   <trkpt lon="3.201673" lat="39.955381"><ele>180.0</ele></trkpt>
   <trkpt lon="3.201589" lat="39.955387"><ele>179.5</ele></trkpt>
   <trkpt lon="3.201347" lat="39.955432"><ele>178.5</ele></trkpt>
   <trkpt lon="3.201242" lat="39.955450"><ele>178.5</ele></trkpt>
   <trkpt lon="3.201184" lat="39.955453"><ele>178.5</ele></trkpt>
   <trkpt lon="3.201109" lat="39.955447"><ele>178.25</ele></trkpt>
   <trkpt lon="3.201030" lat="39.955430"><ele>177.25</ele></trkpt>
   <trkpt lon="3.200984" lat="39.955410"><ele>177.25</ele></trkpt>
   <trkpt lon="3.200917" lat="39.955358"><ele>178.75</ele></trkpt>
   <trkpt lon="3.200893" lat="39.955323"><ele>180.5</ele></trkpt>
   <trkpt lon="3.200868" lat="39.955239"><ele>184.0</ele></trkpt>
   <trkpt lon="3.200878" lat="39.955164"><ele>185.5</ele></trkpt>
   <trkpt lon="3.200897" lat="39.955121"><ele>185.75</ele></trkpt>
   <trkpt lon="3.200928" lat="39.955076"><ele>186.0</ele></trkpt>
   <trkpt lon="3.201298" lat="39.954646"><ele>189.5</ele></trkpt>
   <trkpt lon="3.201359" lat="39.954597"><ele>189.25</ele></trkpt>
   <trkpt lon="3.201393" lat="39.954572"><ele>189.25</ele></trkpt>
   <trkpt lon="3.201499" lat="39.954530"><ele>189.25</ele></trkpt>
   <trkpt lon="3.201849" lat="39.954419"><ele>189.5</ele></trkpt>
   <trkpt lon="3.201921" lat="39.954375"><ele>190.0</ele></trkpt>
   <trkpt lon="3.201984" lat="39.954309"><ele>190.5</ele></trkpt>
   <trkpt lon="3.202000" lat="39.954265"><ele>191.0</ele></trkpt>
   <trkpt lon="3.202000" lat="39.954220"><ele>192.0</ele></trkpt>
   <trkpt lon="3.201920" lat="39.954038"><ele>195.25</ele></trkpt>
   <trkpt lon="3.201905" lat="39.953963"><ele>195.5</ele></trkpt>
   <trkpt lon="3.201906" lat="39.953933"><ele>195.5</ele></trkpt>
   <trkpt lon="3.201918" lat="39.953903"><ele>195.25</ele></trkpt>
   <trkpt lon="3.201938" lat="39.953872"><ele>195.5</ele></trkpt>
   <trkpt lon="3.201988" lat="39.953826"><ele>196.0</ele></trkpt>
   <trkpt lon="3.202026" lat="39.953809"><ele>196.25</ele></trkpt>
   <trkpt lon="3.202116" lat="39.953789"><ele>196.25</ele></trkpt>
   <trkpt lon="3.202223" lat="39.953786"><ele>195.75</ele></trkpt>
   <trkpt lon="3.202553" lat="39.953836"><ele>197.5</ele></trkpt>
   <trkpt lon="3.202626" lat="39.953829"><ele>197.5</ele></trkpt>
   <trkpt lon="3.202735" lat="39.953783"><ele>198.5</ele></trkpt>
   <trkpt lon="3.202788" lat="39.953738"><ele>199.5</ele></trkpt>
   <trkpt lon="3.202806" lat="39.953711"><ele>200.0</ele></trkpt>
   <trkpt lon="3.202828" lat="39.953654"><ele>201.75</ele></trkpt>
   <trkpt lon="3.202833" lat="39.953595"><ele>203.75</ele></trkpt>
   <trkpt lon="3.202827" lat="39.953566"><ele>205.0</ele></trkpt>
   <trkpt lon="3.202794" lat="39.953512"><ele>207.0</ele></trkpt>
   <trkpt lon="3.202739" lat="39.953465"><ele>208.75</ele></trkpt>
   <trkpt lon="3.202663" lat="39.953430"><ele>210.25</ele></trkpt>
   <trkpt lon="3.202618" lat="39.953418"><ele>211.0</ele></trkpt>
   <trkpt lon="3.202561" lat="39.953411"><ele>211.25</ele></trkpt>
   <trkpt lon="3.201781" lat="39.953406"><ele>210.25</ele></trkpt>
   <trkpt lon="3.201667" lat="39.953400"><ele>210.75</ele></trkpt>
   <trkpt lon="3.201526" lat="39.953382"><ele>212.0</ele></trkpt>
   <trkpt lon="3.201439" lat="39.953348"><ele>213.25</ele></trkpt>
   <trkpt lon="3.201400" lat="39.953324"><ele>214.0</ele></trkpt>
   <trkpt lon="3.201058" lat="39.953088"><ele>216.75</ele></trkpt>
   <trkpt lon="3.200984" lat="39.953054"><ele>217.25</ele></trkpt>
   <trkpt lon="3.200839" lat="39.953003"><ele>217.25</ele></trkpt>
   <trkpt lon="3.200115" lat="39.952773"><ele>218.0</ele></trkpt>
   <trkpt lon="3.199923" lat="39.952744"><ele>218.25</ele></trkpt>
   <trkpt lon="3.199830" lat="39.952744"><ele>218.5</ele></trkpt>
   <trkpt lon="3.199687" lat="39.952752"><ele>219.0</ele></trkpt>
   <trkpt lon="3.199544" lat="39.952774"><ele>219.0</ele></trkpt>
   <trkpt lon="3.199485" lat="39.952789"><ele>219.5</ele></trkpt>
   <trkpt lon="3.199437" lat="39.952808"><ele>219.75</ele></trkpt>
   <trkpt lon="3.199091" lat="39.952991"><ele>219.75</ele></trkpt>
   <trkpt lon="3.199034" lat="39.953010"><ele>219.75</ele></trkpt>
   <trkpt lon="3.198891" lat="39.953031"><ele>219.0</ele></trkpt>
   <trkpt lon="3.198755" lat="39.953025"><ele>220.0</ele></trkpt>
   <trkpt lon="3.198663" lat="39.952997"><ele>220.0</ele></trkpt>
   <trkpt lon="3.198619" lat="39.952977"><ele>219.75</ele></trkpt>
   <trkpt lon="3.198506" lat="39.952902"><ele>219.75</ele></trkpt>
   <trkpt lon="3.198468" lat="39.952868"><ele>219.5</ele></trkpt>
   <trkpt lon="3.198437" lat="39.952838"><ele>219.5</ele></trkpt>
   <trkpt lon="3.198388" lat="39.952766"><ele>219.0</ele></trkpt>
   <trkpt lon="3.198377" lat="39.952724"><ele>219.25</ele></trkpt>
   <trkpt lon="3.198364" lat="39.952506"><ele>218.75</ele></trkpt>
   <trkpt lon="3.198292" lat="39.951820"><ele>220.5</ele><sym>pass_place</sym><type>Shaping</type></trkpt>
   <trkpt lon="3.198264" lat="39.951696"><ele>220.75</ele></trkpt>
   <trkpt lon="3.198205" lat="39.951579"><ele>220.5</ele></trkpt>
   <trkpt lon="3.198171" lat="39.951538"><ele>220.25</ele></trkpt>
   <trkpt lon="3.198139" lat="39.951510"><ele>220.0</ele></trkpt>
   <trkpt lon="3.198055" lat="39.951472"><ele>219.25</ele></trkpt>
   <trkpt lon="3.197665" lat="39.951400"><ele>217.75</ele></trkpt>
   <trkpt lon="3.197441" lat="39.951335"><ele>216.0</ele></trkpt>
   <trkpt lon="3.197317" lat="39.951287"><ele>215.25</ele></trkpt>
   <trkpt lon="3.196872" lat="39.951055"><ele>213.25</ele></trkpt>
   <trkpt lon="3.196766" lat="39.951009"><ele>212.5</ele></trkpt>
   <trkpt lon="3.196531" lat="39.950926"><ele>211.0</ele></trkpt>
   <trkpt lon="3.196421" lat="39.950896"><ele>210.75</ele></trkpt>
   <trkpt lon="3.196173" lat="39.950843"><ele>210.0</ele></trkpt>
   <trkpt lon="3.195472" lat="39.950749"><ele>206.75</ele></trkpt>
   <trkpt lon="3.195337" lat="39.950744"><ele>205.75</ele></trkpt>
   <trkpt lon="3.195217" lat="39.950759"><ele>204.75</ele></trkpt>
   <trkpt lon="3.195123" lat="39.950789"><ele>204.25</ele></trkpt>
   <trkpt lon="3.195062" lat="39.950816"><ele>204.25</ele></trkpt>
   <trkpt lon="3.194993" lat="39.950862"><ele>204.25</ele></trkpt>
   <trkpt lon="3.194964" lat="39.950894"><ele>203.75</ele></trkpt>
   <trkpt lon="3.194774" lat="39.951267"><ele>203.5</ele></trkpt>
   <trkpt lon="3.194737" lat="39.951324"><ele>203.0</ele></trkpt>
   <trkpt lon="3.194671" lat="39.951383"><ele>203.0</ele></trkpt>
   <trkpt lon="3.194635" lat="39.951404"><ele>203.0</ele></trkpt>
   <trkpt lon="3.194559" lat="39.951430"><ele>203.0</ele></trkpt>
   <trkpt lon="3.194473" lat="39.951434"><ele>202.25</ele></trkpt>
   <trkpt lon="3.194431" lat="39.951430"><ele>202.0</ele></trkpt>
   <trkpt lon="3.194350" lat="39.951409"><ele>202.5</ele></trkpt>
   <trkpt lon="3.194238" lat="39.951349"><ele>201.75</ele></trkpt>
   <trkpt lon="3.193888" lat="39.951113"><ele>200.0</ele></trkpt>
   <trkpt lon="3.193797" lat="39.951071"><ele>198.5</ele></trkpt>
   <trkpt lon="3.193721" lat="39.951061"><ele>198.25</ele></trkpt>
   <trkpt lon="3.193647" lat="39.951067"><ele>198.25</ele></trkpt>
   <trkpt lon="3.193612" lat="39.951076"><ele>198.25</ele></trkpt>
   <trkpt lon="3.193535" lat="39.951113"><ele>197.5</ele></trkpt>
   <trkpt lon="3.193445" lat="39.951190"><ele>197.0</ele></trkpt>
   <trkpt lon="3.193235" lat="39.951481"><ele>195.75</ele></trkpt>
   <trkpt lon="3.193156" lat="39.951549"><ele>195.0</ele></trkpt>
   <trkpt lon="3.193093" lat="39.951593"><ele>194.25</ele></trkpt>
   <trkpt lon="3.192852" lat="39.951734"><ele>192.25</ele></trkpt>
   <trkpt lon="3.192781" lat="39.951793"><ele>191.75</ele></trkpt>
   <trkpt lon="3.192757" lat="39.951821"><ele>190.75</ele></trkpt>
   <trkpt lon="3.192709" lat="39.951948"><ele>190.75</ele></trkpt>
   <trkpt lon="3.192577" lat="39.952555"><ele>191.25</ele></trkpt>
   <trkpt lon="3.192546" lat="39.952621"><ele>190.75</ele></trkpt>
   <trkpt lon="3.192445" lat="39.952791"><ele>189.5</ele></trkpt>
   <trkpt lon="3.192367" lat="39.952862"><ele>190.25</ele></trkpt>
   <trkpt lon="3.192328" lat="39.952879"><ele>189.75</ele></trkpt>
   <trkpt lon="3.192253" lat="39.952900"><ele>188.75</ele></trkpt>
   <trkpt lon="3.192174" lat="39.952901"><ele>188.5</ele></trkpt>
   <trkpt lon="3.192087" lat="39.952874"><ele>188.25</ele></trkpt>
   <trkpt lon="3.191872" lat="39.952769"><ele>185.25</ele></trkpt>
   <trkpt lon="3.191759" lat="39.952728"><ele>184.25</ele></trkpt>
   <trkpt lon="3.191660" lat="39.952711"><ele>184.25</ele></trkpt>
   <trkpt lon="3.191539" lat="39.952715"><ele>182.75</ele></trkpt>
   <trkpt lon="3.191461" lat="39.952745"><ele>183.25</ele></trkpt>
   <trkpt lon="3.190637" lat="39.953195"><ele>181.5</ele></trkpt>
   <trkpt lon="3.190406" lat="39.953351"><ele>181.25</ele></trkpt>
   <trkpt lon="3.190219" lat="39.953488"><ele>179.5</ele></trkpt>
   <trkpt lon="3.189772" lat="39.953977"><ele>175.5</ele></trkpt>
   <trkpt lon="3.189691" lat="39.954045"><ele>175.25</ele></trkpt>
   <trkpt lon="3.189648" lat="39.954073"><ele>175.25</ele></trkpt>
   <trkpt lon="3.189605" lat="39.954092"><ele>175.0</ele></trkpt>
   <trkpt lon="3.189509" lat="39.954112"><ele>174.0</ele></trkpt>
   <trkpt lon="3.189457" lat="39.954114"><ele>173.5</ele></trkpt>
   <trkpt lon="3.189332" lat="39.954095"><ele>174.25</ele></trkpt>
   <trkpt lon="3.189244" lat="39.954056"><ele>175.0</ele></trkpt>
   <trkpt lon="3.189196" lat="39.954024"><ele>175.5</ele></trkpt>
   <trkpt lon="3.189157" lat="39.953979"><ele>176.0</ele></trkpt>
   <trkpt lon="3.189132" lat="39.953937"><ele>176.75</ele></trkpt>
   <trkpt lon="3.189116" lat="39.953886"><ele>177.25</ele></trkpt>
   <trkpt lon="3.188950" lat="39.953272"><ele>180.5</ele></trkpt>
   <trkpt lon="3.188926" lat="39.953203"><ele>180.5</ele></trkpt>
   <trkpt lon="3.188872" lat="39.953119"><ele>181.0</ele></trkpt>
   <trkpt lon="3.188833" lat="39.953083"><ele>181.25</ele></trkpt>
   <trkpt lon="3.188795" lat="39.953059"><ele>181.5</ele></trkpt>
   <trkpt lon="3.188709" lat="39.953020"><ele>181.75</ele></trkpt>
   <trkpt lon="3.188626" lat="39.953009"><ele>182.75</ele></trkpt>
   <trkpt lon="3.188560" lat="39.953010"><ele>182.75</ele></trkpt>
   <trkpt lon="3.188416" lat="39.953029"><ele>183.0</ele></trkpt>
   <trkpt lon="3.187911" lat="39.953135"><ele>183.0</ele></trkpt>
   <trkpt lon="3.187830" lat="39.953136"><ele>182.5</ele></trkpt>
   <trkpt lon="3.187783" lat="39.953128"><ele>182.0</ele></trkpt>
   <trkpt lon="3.187701" lat="39.953094"><ele>182.25</ele></trkpt>
   <trkpt lon="3.187452" lat="39.952947"><ele>182.5</ele></trkpt>
   <trkpt lon="3.187339" lat="39.952897"><ele>182.75</ele></trkpt>
   <trkpt lon="3.187195" lat="39.952863"><ele>183.5</ele></trkpt>
   <trkpt lon="3.186780" lat="39.952804"><ele>184.75</ele></trkpt>
   <trkpt lon="3.186411" lat="39.952769"><ele>184.0</ele></trkpt>
   <trkpt lon="3.186373" lat="39.952761"><ele>183.75</ele></trkpt>
   <trkpt lon="3.186317" lat="39.952729"><ele>182.5</ele></trkpt>
   <trkpt lon="3.186291" lat="39.952703"><ele>182.0</ele></trkpt>
   <trkpt lon="3.186261" lat="39.952658"><ele>182.0</ele></trkpt>
   <trkpt lon="3.186087" lat="39.952380"><ele>184.0</ele></trkpt>
   <trkpt lon="3.186003" lat="39.952287"><ele>183.5</ele></trkpt>
   <trkpt lon="3.185875" lat="39.952165"><ele>183.0</ele></trkpt>
   <trkpt lon="3.185646" lat="39.951986"><ele>182.0</ele></trkpt>
   <trkpt lon="3.185555" lat="39.951937"><ele>179.5</ele></trkpt>
   <trkpt lon="3.185468" lat="39.951908"><ele>180.0</ele></trkpt>
   <trkpt lon="3.185420" lat="39.951898"><ele>180.0</ele></trkpt>
   <trkpt lon="3.184958" lat="39.951844"><ele>176.25</ele></trkpt>
   <trkpt lon="3.184916" lat="39.951833"><ele>176.0</ele></trkpt>
   <trkpt lon="3.184871" lat="39.951817"><ele>175.5</ele></trkpt>
   <trkpt lon="3.184787" lat="39.951766"><ele>175.5</ele></trkpt>
   <trkpt lon="3.184582" lat="39.951609"><ele>174.25</ele></trkpt>
   <trkpt lon="3.184268" lat="39.951375"><ele>173.25</ele></trkpt>
   <trkpt lon="3.184035" lat="39.951231"><ele>171.5</ele></trkpt>
   <trkpt lon="3.183125" lat="39.950768"><ele>168.5</ele></trkpt>
   <trkpt lon="3.183032" lat="39.950736"><ele>167.5</ele></trkpt>
   <trkpt lon="3.182858" lat="39.950688"><ele>166.5</ele></trkpt>
   <trkpt lon="3.182361" lat="39.950563"><ele>164.5</ele><sym>pass_place</sym><type>Shaping</type></trkpt>
   <trkpt lon="3.181615" lat="39.950363"><ele>158.25</ele></trkpt>
   <trkpt lon="3.181106" lat="39.950246"><ele>157.0</ele></trkpt>
   <trkpt lon="3.180710" lat="39.950168"><ele>157.25</ele></trkpt>
   <trkpt lon="3.180461" lat="39.950099"><ele>157.0</ele></trkpt>
   <trkpt lon="3.180084" lat="39.949982"><ele>165.75</ele></trkpt>
   <trkpt lon="3.178310" lat="39.949469"><ele>206.25</ele></trkpt>
   <trkpt lon="3.177932" lat="39.949374"><ele>214.75</ele></trkpt>
   <trkpt lon="3.177859" lat="39.949357"><ele>214.75</ele></trkpt>
   <trkpt lon="3.177791" lat="39.949353"><ele>215.5</ele></trkpt>
   <trkpt lon="3.177706" lat="39.949356"><ele>216.25</ele></trkpt>
   <trkpt lon="3.177559" lat="39.949384"><ele>213.0</ele></trkpt>
   <trkpt lon="3.177059" lat="39.949499"><ele>144.75</ele></trkpt>
   <trkpt lon="3.176458" lat="39.949681"><ele>131.0</ele></trkpt>
   <trkpt lon="3.176393" lat="39.949689"><ele>131.0</ele></trkpt>
   <trkpt lon="3.176322" lat="39.949688"><ele>130.5</ele></trkpt>
   <trkpt lon="3.176190" lat="39.949669"><ele>130.25</ele></trkpt>
   <trkpt lon="3.175050" lat="39.949405"><ele>125.25</ele></trkpt>
   <trkpt lon="3.174931" lat="39.949367"><ele>125.25</ele></trkpt>
   <trkpt lon="3.174544" lat="39.949175"><ele>126.0</ele></trkpt>
   <trkpt lon="3.174367" lat="39.949101"><ele>125.25</ele></trkpt>
   <trkpt lon="3.173702" lat="39.948886"><ele>120.5</ele></trkpt>
   <trkpt lon="3.173512" lat="39.948842"><ele>121.25</ele></trkpt>
   <trkpt lon="3.173340" lat="39.948831"><ele>119.75</ele></trkpt>
   <trkpt lon="3.173183" lat="39.948842"><ele>117.75</ele></trkpt>
   <trkpt lon="3.172561" lat="39.948947"><ele>112.5</ele></trkpt>
   <trkpt lon="3.172468" lat="39.948950"><ele>111.5</ele></trkpt>
   <trkpt lon="3.172381" lat="39.948939"><ele>110.75</ele></trkpt>
   <trkpt lon="3.172329" lat="39.948918"><ele>110.5</ele></trkpt>
   <trkpt lon="3.172271" lat="39.948872"><ele>110.5</ele></trkpt>
   <trkpt lon="3.172240" lat="39.948837"><ele>110.25</ele></trkpt>
   <trkpt lon="3.171986" lat="39.948309"><ele>104.75</ele></trkpt>
   <trkpt lon="3.171959" lat="39.948270"><ele>104.0</ele></trkpt>
   <trkpt lon="3.171880" lat="39.948206"><ele>102.0</ele></trkpt>
   <trkpt lon="3.171762" lat="39.948170"><ele>99.0</ele></trkpt>
   <trkpt lon="3.171700" lat="39.948164"><ele>97.5</ele></trkpt>
   <trkpt lon="3.171630" lat="39.948168"><ele>96.0</ele></trkpt>
   <trkpt lon="3.171511" lat="39.948199"><ele>94.5</ele></trkpt>
   <trkpt lon="3.171412" lat="39.948260"><ele>93.5</ele></trkpt>
   <trkpt lon="3.171374" lat="39.948301"><ele>93.25</ele></trkpt>
   <trkpt lon="3.171350" lat="39.948341"><ele>93.25</ele></trkpt>
   <trkpt lon="3.171335" lat="39.948385"><ele>93.25</ele></trkpt>
   <trkpt lon="3.171328" lat="39.948438"><ele>93.25</ele></trkpt>
   <trkpt lon="3.171325" lat="39.948753"><ele>92.75</ele></trkpt>
   <trkpt lon="3.171314" lat="39.948952"><ele>92.25</ele></trkpt>
   <trkpt lon="3.171301" lat="39.948993"><ele>92.25</ele></trkpt>
   <trkpt lon="3.171271" lat="39.949032"><ele>92.0</ele></trkpt>
   <trkpt lon="3.171234" lat="39.949066"><ele>91.5</ele></trkpt>
   <trkpt lon="3.171151" lat="39.949116"><ele>90.5</ele></trkpt>
   <trkpt lon="3.170929" lat="39.949187"><ele>88.0</ele></trkpt>
   <trkpt lon="3.170833" lat="39.949212"><ele>87.0</ele></trkpt>
   <trkpt lon="3.170750" lat="39.949224"><ele>86.0</ele></trkpt>
   <trkpt lon="3.170595" lat="39.949231"><ele>84.25</ele></trkpt>
   <trkpt lon="3.170350" lat="39.949195"><ele>83.0</ele></trkpt>
   <trkpt lon="3.170180" lat="39.949171"><ele>81.75</ele></trkpt>
   <trkpt lon="3.169892" lat="39.949148"><ele>79.25</ele></trkpt>
   <trkpt lon="3.169778" lat="39.949158"><ele>79.0</ele></trkpt>
   <trkpt lon="3.169324" lat="39.949238"><ele>77.75</ele></trkpt>
   <trkpt lon="3.169013" lat="39.949293"><ele>78.5</ele></trkpt>
   <trkpt lon="3.168924" lat="39.949304"><ele>78.75</ele></trkpt>
   <trkpt lon="3.168826" lat="39.949307"><ele>79.0</ele></trkpt>
   <trkpt lon="3.168641" lat="39.949299"><ele>79.5</ele></trkpt>
   <trkpt lon="3.168349" lat="39.949261"><ele>79.75</ele></trkpt>
   <trkpt lon="3.167396" lat="39.949091"><ele>82.5</ele></trkpt>
   <trkpt lon="3.166778" lat="39.949025"><ele>84.75</ele></trkpt>
   <trkpt lon="3.166016" lat="39.948932"><ele>87.25</ele></trkpt>
   <trkpt lon="3.164738" lat="39.948645"><ele>94.0</ele></trkpt>
   <trkpt lon="3.163867" lat="39.948472"><ele>96.25</ele></trkpt>
   <trkpt lon="3.163274" lat="39.948369"><ele>95.25</ele><sym>pass_place</sym><type>Shaping</type></trkpt>
   <trkpt lon="3.163224" lat="39.948356"><ele>95.5</ele></trkpt>
   <trkpt lon="3.163177" lat="39.948337"><ele>96.25</ele></trkpt>
   <trkpt lon="3.163093" lat="39.948275"><ele>96.0</ele></trkpt>
   <trkpt lon="3.162410" lat="39.947656"><ele>90.25</ele></trkpt>
   <trkpt lon="3.162323" lat="39.947591"><ele>90.0</ele></trkpt>
   <trkpt lon="3.162239" lat="39.947545"><ele>89.75</ele></trkpt>
   <trkpt lon="3.162142" lat="39.947523"><ele>89.5</ele></trkpt>
   <trkpt lon="3.161975" lat="39.947523"><ele>88.75</ele></trkpt>
   <trkpt lon="3.161815" lat="39.947542"><ele>88.0</ele></trkpt>
   <trkpt lon="3.161424" lat="39.947604"><ele>87.0</ele></trkpt>
   <trkpt lon="3.160973" lat="39.947671"><ele>86.75</ele></trkpt>
   <trkpt lon="3.160722" lat="39.947688"><ele>86.0</ele></trkpt>
   <trkpt lon="3.160580" lat="39.947688"><ele>85.5</ele></trkpt>
   <trkpt lon="3.160463" lat="39.947677"><ele>85.5</ele></trkpt>
   <trkpt lon="3.160353" lat="39.947647"><ele>85.5</ele></trkpt>
   <trkpt lon="3.160249" lat="39.947610"><ele>85.25</ele></trkpt>
   <trkpt lon="3.160125" lat="39.947549"><ele>84.75</ele></trkpt>
   <trkpt lon="3.155677" lat="39.945052"><ele>73.25</ele></trkpt>
   <trkpt lon="3.153075" lat="39.943579"><ele>67.5</ele></trkpt>
   <trkpt lon="3.151509" lat="39.942693"><ele>65.75</ele></trkpt>
   <trkpt lon="3.149835" lat="39.941752"><ele>61.5</ele></trkpt>
   <trkpt lon="3.149321" lat="39.941463"><ele>58.75</ele></trkpt>
   <trkpt lon="3.146443" lat="39.939835"><ele>55.5</ele></trkpt>
   <trkpt lon="3.144853" lat="39.938932"><ele>55.25</ele><sym>pass_place</sym><type>Shaping</type></trkpt>
   <trkpt lon="3.144254" lat="39.938583"><ele>53.75</ele></trkpt>
   <trkpt lon="3.144018" lat="39.938414"><ele>52.5</ele></trkpt>
   <trkpt lon="3.143901" lat="39.938312"><ele>51.75</ele></trkpt>
   <trkpt lon="3.143055" lat="39.937470"><ele>44.75</ele></trkpt>
   <trkpt lon="3.141117" lat="39.935536"><ele>39.75</ele></trkpt>
   <trkpt lon="3.140934" lat="39.935338"><ele>39.0</ele></trkpt>
   <trkpt lon="3.140885" lat="39.935293"><ele>38.75</ele></trkpt>
   <trkpt lon="3.140826" lat="39.935243"><ele>38.5</ele></trkpt>
   <trkpt lon="3.140755" lat="39.935196"><ele>38.25</ele></trkpt>
   <trkpt lon="3.140686" lat="39.935162"><ele>38.0</ele></trkpt>
   <trkpt lon="3.140615" lat="39.935131"><ele>37.75</ele></trkpt>
   <trkpt lon="3.140230" lat="39.934994"><ele>36.0</ele></trkpt>
   <trkpt lon="3.139967" lat="39.934911"><ele>36.0</ele></trkpt>
   <trkpt lon="3.139836" lat="39.934859"><ele>36.0</ele></trkpt>
   <trkpt lon="3.139623" lat="39.934759"><ele>35.75</ele></trkpt>
   <trkpt lon="3.139243" lat="39.934530"><ele>36.0</ele></trkpt>
   <trkpt lon="3.138114" lat="39.933870"><ele>27.0</ele></trkpt>
   <trkpt lon="3.137627" lat="39.933574"><ele>24.0</ele></trkpt>
   <trkpt lon="3.137504" lat="39.933512"><ele>23.25</ele></trkpt>
   <trkpt lon="3.137395" lat="39.933476"><ele>22.25</ele></trkpt>
   <trkpt lon="3.137265" lat="39.933456"><ele>21.5</ele></trkpt>
   <trkpt lon="3.136600" lat="39.933437"><ele>20.0</ele></trkpt>
   <trkpt lon="3.136227" lat="39.933426"><ele>19.0</ele></trkpt>
   <trkpt lon="3.136060" lat="39.933405"><ele>18.5</ele></trkpt>
   <trkpt lon="3.135988" lat="39.933387"><ele>18.25</ele></trkpt>
   <trkpt lon="3.135920" lat="39.933358"><ele>18.0</ele></trkpt>
   <trkpt lon="3.135802" lat="39.933290"><ele>17.5</ele></trkpt>
   <trkpt lon="3.135687" lat="39.933180"><ele>16.5</ele></trkpt>
   <trkpt lon="3.135636" lat="39.933119"><ele>16.0</ele></trkpt>
   <trkpt lon="3.135551" lat="39.932983"><ele>15.5</ele></trkpt>
   <trkpt lon="3.135122" lat="39.932146"><ele>11.0</ele></trkpt>
   <trkpt lon="3.134865" lat="39.931600"><ele>9.25</ele></trkpt>
   <trkpt lon="3.134664" lat="39.931270"><ele>8.25</ele></trkpt>
   <trkpt lon="3.134235" lat="39.930618"><ele>6.0</ele></trkpt>
   <trkpt lon="3.134139" lat="39.930454"><ele>5.75</ele></trkpt>
   <trkpt lon="3.134077" lat="39.930290"><ele>5.25</ele></trkpt>
   <trkpt lon="3.134011" lat="39.930020"><ele>4.5</ele></trkpt>
   <trkpt lon="3.133921" lat="39.929699"><ele>3.75</ele></trkpt>
   <trkpt lon="3.133892" lat="39.929522"><ele>3.25</ele></trkpt>
   <trkpt lon="3.133855" lat="39.929355"><ele>3.0</ele></trkpt>
   <trkpt lon="3.133822" lat="39.929282"><ele>3.25</ele></trkpt>
   <trkpt lon="3.133801" lat="39.929250"><ele>3.25</ele></trkpt>
   <trkpt lon="3.133711" lat="39.929175"><ele>3.5</ele><sym>left</sym></trkpt>
   <trkpt lon="3.133752" lat="39.929146"><ele>3.25</ele></trkpt>
   <trkpt lon="3.133824" lat="39.929096"><ele>2.75</ele></trkpt>
   <trkpt lon="3.133928" lat="39.929036"><ele>2.5</ele></trkpt>
   <trkpt lon="3.134379" lat="39.928911"><ele>2.0</ele></trkpt>
   <trkpt lon="3.134627" lat="39.928831"><ele>3.0</ele></trkpt>
   <trkpt lon="3.134793" lat="39.928746"><ele>3.25</ele><sym>straight</sym></trkpt>
   <trkpt lon="3.135007" lat="39.928651"><ele>4.25</ele></trkpt>
   <trkpt lon="3.135080" lat="39.928612"><ele>4.5</ele></trkpt>
   <trkpt lon="3.135450" lat="39.928448"><ele>6.75</ele></trkpt>
   <trkpt lon="3.135642" lat="39.928381"><ele>7.5</ele></trkpt>
   <trkpt lon="3.135817" lat="39.928349"><ele>8.25</ele></trkpt>
   <trkpt lon="3.136046" lat="39.928329"><ele>7.75</ele></trkpt>
   <trkpt lon="3.136340" lat="39.928326"><ele>7.0</ele></trkpt>
   <trkpt lon="3.136788" lat="39.928350"><ele>5.5</ele><sym>pass_place</sym><type>Shaping</type></trkpt>
   <trkpt lon="3.136794" lat="39.928351"><ele>5.5</ele></trkpt>
   <trkpt lon="3.137089" lat="39.928375"><ele>4.25</ele></trkpt>
   <trkpt lon="3.137199" lat="39.928384"><ele>4.0</ele></trkpt>
   <trkpt lon="3.138571" lat="39.928443"><ele>3.75</ele><sym>right</sym></trkpt>
   <trkpt lon="3.138570" lat="39.928394"><ele>3.75</ele></trkpt>
   <trkpt lon="3.138570" lat="39.928314"><ele>3.75</ele></trkpt>
   <trkpt lon="3.138574" lat="39.928116"><ele>3.75</ele></trkpt>
   <trkpt lon="3.140214" lat="39.927724"><ele>3.75</ele></trkpt>
   <trkpt lon="3.140723" lat="39.927595"><ele>3.75</ele></trkpt>
   <trkpt lon="3.141042" lat="39.927495"><ele>3.75</ele></trkpt>
   <trkpt lon="3.141201" lat="39.927433"><ele>3.75</ele></trkpt>
   <trkpt lon="3.141436" lat="39.927437"><ele>3.75</ele><sym>pass_place</sym><type>Shaping</type></trkpt>
   <trkpt lon="3.141436" lat="39.927437"><ele>3.75</ele></trkpt>
   <trkpt lon="3.141201" lat="39.927433"><ele>3.75</ele></trkpt>
   <trkpt lon="3.141042" lat="39.927495"><ele>3.75</ele></trkpt>
   <trkpt lon="3.140723" lat="39.927595"><ele>3.75</ele></trkpt>
   <trkpt lon="3.140214" lat="39.927724"><ele>3.75</ele></trkpt>
   <trkpt lon="3.138574" lat="39.928116"><ele>3.75</ele></trkpt>
   <trkpt lon="3.138570" lat="39.928314"><ele>3.75</ele></trkpt>
   <trkpt lon="3.138570" lat="39.928394"><ele>3.75</ele></trkpt>
   <trkpt lon="3.138571" lat="39.928443"><ele>3.75</ele><sym>left</sym></trkpt>
   <trkpt lon="3.137199" lat="39.928384"><ele>4.0</ele></trkpt>
   <trkpt lon="3.137089" lat="39.928375"><ele>4.25</ele></trkpt>
   <trkpt lon="3.136794" lat="39.928351"><ele>5.5</ele></trkpt>
   <trkpt lon="3.136340" lat="39.928326"><ele>7.0</ele></trkpt>
   <trkpt lon="3.136046" lat="39.928329"><ele>7.75</ele></trkpt>
   <trkpt lon="3.135817" lat="39.928349"><ele>8.25</ele></trkpt>
   <trkpt lon="3.135642" lat="39.928381"><ele>7.5</ele></trkpt>
   <trkpt lon="3.135450" lat="39.928448"><ele>6.75</ele></trkpt>
   <trkpt lon="3.135080" lat="39.928612"><ele>4.5</ele></trkpt>
   <trkpt lon="3.135007" lat="39.928651"><ele>4.25</ele></trkpt>
   <trkpt lon="3.134793" lat="39.928746"><ele>3.25</ele><sym>straight</sym></trkpt>
   <trkpt lon="3.134627" lat="39.928831"><ele>3.0</ele></trkpt>
   <trkpt lon="3.134379" lat="39.928911"><ele>2.0</ele></trkpt>
   <trkpt lon="3.133928" lat="39.929036"><ele>2.5</ele></trkpt>
   <trkpt lon="3.133824" lat="39.929096"><ele>2.75</ele></trkpt>
   <trkpt lon="3.133752" lat="39.929146"><ele>3.25</ele></trkpt>
   <trkpt lon="3.133711" lat="39.929175"><ele>3.5</ele><sym>left_slight</sym></trkpt>
   <trkpt lon="3.133644" lat="39.929145"><ele>3.75</ele></trkpt>
   <trkpt lon="3.133528" lat="39.929128"><ele>4.0</ele></trkpt>
   <trkpt lon="3.133455" lat="39.929136"><ele>4.25</ele></trkpt>
   <trkpt lon="3.132890" lat="39.929288"><ele>6.75</ele></trkpt>
   <trkpt lon="3.132551" lat="39.929373"><ele>8.75</ele></trkpt>
   <trkpt lon="3.130532" lat="39.929846"><ele>17.5</ele></trkpt>
   <trkpt lon="3.130407" lat="39.929890"><ele>18.5</ele></trkpt>
   <trkpt lon="3.130355" lat="39.929921"><ele>19.0</ele></trkpt>
   <trkpt lon="3.130315" lat="39.929951"><ele>19.5</ele></trkpt>
   <trkpt lon="3.130226" lat="39.930047"><ele>20.25</ele></trkpt>
   <trkpt lon="3.130179" lat="39.930107"><ele>20.5</ele></trkpt>
   <trkpt lon="3.129457" lat="39.931037"><ele>27.25</ele></trkpt>
   <trkpt lon="3.129263" lat="39.931315"><ele>30.0</ele></trkpt>
   <trkpt lon="3.129255" lat="39.931354"><ele>30.0</ele></trkpt>
   <trkpt lon="3.129256" lat="39.931399"><ele>30.5</ele></trkpt>
   <trkpt lon="3.129281" lat="39.931481"><ele>31.5</ele></trkpt>
   <trkpt lon="3.129528" lat="39.931896"><ele>35.5</ele></trkpt>
   <trkpt lon="3.129576" lat="39.931954"><ele>35.75</ele></trkpt>
   <trkpt lon="3.129895" lat="39.932269"><ele>38.5</ele></trkpt>
   <trkpt lon="3.130123" lat="39.932479"><ele>41.0</ele></trkpt>
   <trkpt lon="3.130673" lat="39.932866"><ele>43.5</ele></trkpt>
   <trkpt lon="3.130765" lat="39.932951"><ele>44.5</ele></trkpt>
   <trkpt lon="3.130805" lat="39.933010"><ele>45.25</ele></trkpt>
   <trkpt lon="3.130809" lat="39.933032"><ele>45.75</ele></trkpt>
   <trkpt lon="3.130808" lat="39.933054"><ele>46.0</ele></trkpt>
   <trkpt lon="3.130781" lat="39.933092"><ele>46.75</ele></trkpt>
   <trkpt lon="3.130730" lat="39.933119"><ele>47.5</ele></trkpt>
   <trkpt lon="3.130702" lat="39.933124"><ele>47.75</ele></trkpt>
   <trkpt lon="3.130670" lat="39.933122"><ele>48.0</ele></trkpt>
   <trkpt lon="3.130640" lat="39.933109"><ele>48.0</ele></trkpt>
   <trkpt lon="3.130619" lat="39.933092"><ele>48.0</ele></trkpt>
   <trkpt lon="3.130519" lat="39.932970"><ele>47.5</ele></trkpt>
   <trkpt lon="3.130464" lat="39.932921"><ele>48.0</ele></trkpt>
   <trkpt lon="3.130358" lat="39.932852"><ele>49.25</ele></trkpt>
   <trkpt lon="3.130180" lat="39.932770"><ele>51.0</ele></trkpt>
   <trkpt lon="3.129517" lat="39.932497"><ele>56.0</ele></trkpt>
   <trkpt lon="3.128947" lat="39.932176"><ele>59.5</ele></trkpt>
   <trkpt lon="3.128906" lat="39.932160"><ele>59.75</ele></trkpt>
   <trkpt lon="3.128825" lat="39.932145"><ele>60.0</ele></trkpt>
   <trkpt lon="3.128726" lat="39.932148"><ele>60.5</ele></trkpt>
   <trkpt lon="3.128022" lat="39.932268"><ele>65.25</ele></trkpt>
   <trkpt lon="3.127857" lat="39.932302"><ele>65.25</ele></trkpt>
   <trkpt lon="3.127806" lat="39.932319"><ele>65.75</ele></trkpt>
   <trkpt lon="3.127664" lat="39.932393"><ele>67.25</ele></trkpt>
   <trkpt lon="3.127325" lat="39.932601"><ele>69.25</ele><sym>pass_place</sym><type>Shaping</type></trkpt>
   <trkpt lon="3.127249" lat="39.932656"><ele>69.5</ele></trkpt>
   <trkpt lon="3.126876" lat="39.932986"><ele>74.25</ele></trkpt>
   <trkpt lon="3.126805" lat="39.933042"><ele>75.0</ele></trkpt>
   <trkpt lon="3.126648" lat="39.933140"><ele>75.5</ele></trkpt>
   <trkpt lon="3.125979" lat="39.933505"><ele>80.75</ele></trkpt>
   <trkpt lon="3.125819" lat="39.933576"><ele>81.25</ele></trkpt>
   <trkpt lon="3.125728" lat="39.933609"><ele>82.25</ele></trkpt>
   <trkpt lon="3.125631" lat="39.933632"><ele>83.0</ele></trkpt>
   <trkpt lon="3.125544" lat="39.933634"><ele>82.5</ele></trkpt>
   <trkpt lon="3.125501" lat="39.933628"><ele>80.25</ele></trkpt>
   <trkpt lon="3.125427" lat="39.933603"><ele>77.0</ele></trkpt>
   <trkpt lon="3.125368" lat="39.933568"><ele>75.25</ele></trkpt>
   <trkpt lon="3.125295" lat="39.933480"><ele>76.75</ele></trkpt>
   <trkpt lon="3.125261" lat="39.933387"><ele>80.25</ele></trkpt>
   <trkpt lon="3.125248" lat="39.933300"><ele>82.75</ele></trkpt>
   <trkpt lon="3.125229" lat="39.932697"><ele>89.5</ele></trkpt>
   <trkpt lon="3.125188" lat="39.932470"><ele>91.25</ele></trkpt>
   <trkpt lon="3.125161" lat="39.932403"><ele>91.5</ele></trkpt>
   <trkpt lon="3.125086" lat="39.932270"><ele>92.5</ele></trkpt>
   <trkpt lon="3.125042" lat="39.932217"><ele>93.25</ele></trkpt>
   <trkpt lon="3.124995" lat="39.932178"><ele>93.25</ele></trkpt>
   <trkpt lon="3.124878" lat="39.932112"><ele>94.0</ele></trkpt>
   <trkpt lon="3.124800" lat="39.932076"><ele>94.75</ele></trkpt>
   <trkpt lon="3.124711" lat="39.932046"><ele>96.0</ele></trkpt>
   <trkpt lon="3.124455" lat="39.931978"><ele>98.25</ele></trkpt>
   <trkpt lon="3.123328" lat="39.931765"><ele>105.25</ele></trkpt>
   <trkpt lon="3.123237" lat="39.931731"><ele>105.0</ele></trkpt>
   <trkpt lon="3.123157" lat="39.931677"><ele>106.5</ele></trkpt>
   <trkpt lon="3.123119" lat="39.931641"><ele>107.5</ele></trkpt>
   <trkpt lon="3.123074" lat="39.931575"><ele>108.5</ele></trkpt>
   <trkpt lon="3.123060" lat="39.931537"><ele>108.75</ele></trkpt>
   <trkpt lon="3.123048" lat="39.931462"><ele>109.0</ele></trkpt>
   <trkpt lon="3.123052" lat="39.931422"><ele>109.0</ele></trkpt>
   <trkpt lon="3.123150" lat="39.931122"><ele>110.75</ele></trkpt>
   <trkpt lon="3.123154" lat="39.931085"><ele>110.75</ele></trkpt>
   <trkpt lon="3.123140" lat="39.931002"><ele>111.25</ele></trkpt>
   <trkpt lon="3.123083" lat="39.930845"><ele>113.0</ele></trkpt>
   <trkpt lon="3.123076" lat="39.930809"><ele>113.75</ele></trkpt>
   <trkpt lon="3.123076" lat="39.930778"><ele>114.25</ele></trkpt>
   <trkpt lon="3.123088" lat="39.930745"><ele>114.75</ele></trkpt>
   <trkpt lon="3.123126" lat="39.930695"><ele>114.75</ele></trkpt>
   <trkpt lon="3.123207" lat="39.930638"><ele>114.5</ele></trkpt>
   <trkpt lon="3.123249" lat="39.930622"><ele>114.25</ele></trkpt>
   <trkpt lon="3.123551" lat="39.930535"><ele>115.25</ele></trkpt>
   <trkpt lon="3.124069" lat="39.930405"><ele>117.75</ele></trkpt>
   <trkpt lon="3.124171" lat="39.930385"><ele>118.0</ele></trkpt>
   <trkpt lon="3.124249" lat="39.930377"><ele>118.25</ele></trkpt>
   <trkpt lon="3.124320" lat="39.930376"><ele>118.25</ele></trkpt>
   <trkpt lon="3.124622" lat="39.930394"><ele>117.75</ele></trkpt>
   <trkpt lon="3.124667" lat="39.930388"><ele>118.25</ele></trkpt>
   <trkpt lon="3.124706" lat="39.930376"><ele>119.25</ele></trkpt>
   <trkpt lon="3.124733" lat="39.930360"><ele>120.25</ele></trkpt>
   <trkpt lon="3.124749" lat="39.930341"><ele>121.5</ele></trkpt>
   <trkpt lon="3.124753" lat="39.930322"><ele>122.5</ele></trkpt>
   <trkpt lon="3.124750" lat="39.930301"><ele>123.75</ele></trkpt>
   <trkpt lon="3.124736" lat="39.930282"><ele>124.75</ele></trkpt>
   <trkpt lon="3.124680" lat="39.930246"><ele>127.25</ele></trkpt>
   <trkpt lon="3.124585" lat="39.930229"><ele>128.25</ele></trkpt>
   <trkpt lon="3.124453" lat="39.930233"><ele>127.5</ele></trkpt>
   <trkpt lon="3.123993" lat="39.930284"><ele>126.25</ele></trkpt>
   <trkpt lon="3.123796" lat="39.930296"><ele>127.0</ele></trkpt>
   <trkpt lon="3.123545" lat="39.930293"><ele>128.25</ele></trkpt>
   <trkpt lon="3.123087" lat="39.930268"><ele>131.5</ele></trkpt>
   <trkpt lon="3.123012" lat="39.930271"><ele>132.0</ele></trkpt>
   <trkpt lon="3.122881" lat="39.930296"><ele>132.75</ele></trkpt>
   <trkpt lon="3.122825" lat="39.930318"><ele>132.75</ele></trkpt>
   <trkpt lon="3.122768" lat="39.930354"><ele>132.75</ele></trkpt>
   <trkpt lon="3.122368" lat="39.930710"><ele>136.25</ele></trkpt>
   <trkpt lon="3.122312" lat="39.930774"><ele>137.0</ele></trkpt>
   <trkpt lon="3.122269" lat="39.930849"><ele>137.25</ele></trkpt>
   <trkpt lon="3.122189" lat="39.931022"><ele>137.25</ele></trkpt>
   <trkpt lon="3.122168" lat="39.931052"><ele>137.0</ele></trkpt>
   <trkpt lon="3.122111" lat="39.931089"><ele>136.75</ele></trkpt>
   <trkpt lon="3.122075" lat="39.931100"><ele>136.75</ele></trkpt>
   <trkpt lon="3.121992" lat="39.931106"><ele>136.75</ele></trkpt>
   <trkpt lon="3.121913" lat="39.931083"><ele>136.5</ele></trkpt>
   <trkpt lon="3.121890" lat="39.931060"><ele>136.25</ele></trkpt>
   <trkpt lon="3.121758" lat="39.930905"><ele>138.0</ele></trkpt>
   <trkpt lon="3.121733" lat="39.930857"><ele>139.5</ele></trkpt>
   <trkpt lon="3.121699" lat="39.930761"><ele>143.5</ele></trkpt>
   <trkpt lon="3.121658" lat="39.930692"><ele>146.25</ele></trkpt>
   <trkpt lon="3.121588" lat="39.930625"><ele>148.5</ele></trkpt>
   <trkpt lon="3.121559" lat="39.930606"><ele>149.25</ele></trkpt>
   <trkpt lon="3.121516" lat="39.930592"><ele>149.5</ele></trkpt>
   <trkpt lon="3.121355" lat="39.930567"><ele>150.0</ele></trkpt>
   <trkpt lon="3.121257" lat="39.930563"><ele>151.25</ele></trkpt>
   <trkpt lon="3.121214" lat="39.930571"><ele>151.0</ele></trkpt>
   <trkpt lon="3.121178" lat="39.930586"><ele>150.0</ele></trkpt>
   <trkpt lon="3.121079" lat="39.930643"><ele>147.25</ele></trkpt>
   <trkpt lon="3.121033" lat="39.930659"><ele>147.5</ele></trkpt>
   <trkpt lon="3.120939" lat="39.930670"><ele>149.75</ele></trkpt>
   <trkpt lon="3.120834" lat="39.930667"><ele>153.5</ele></trkpt>
   <trkpt lon="3.120744" lat="39.930659"><ele>153.5</ele></trkpt>
   <trkpt lon="3.120668" lat="39.930645"><ele>154.25</ele></trkpt>
   <trkpt lon="3.120300" lat="39.930515"><ele>159.5</ele></trkpt>
   <trkpt lon="3.120218" lat="39.930501"><ele>159.75</ele></trkpt>
   <trkpt lon="3.120055" lat="39.930489"><ele>159.5</ele></trkpt>
   <trkpt lon="3.119978" lat="39.930475"><ele>160.0</ele></trkpt>
   <trkpt lon="3.119670" lat="39.930368"><ele>161.25</ele></trkpt>
   <trkpt lon="3.119605" lat="39.930360"><ele>161.0</ele></trkpt>
   <trkpt lon="3.119220" lat="39.930363"><ele>158.5</ele></trkpt>
   <trkpt lon="3.118529" lat="39.930328"><ele>158.75</ele></trkpt>
   <trkpt lon="3.118431" lat="39.930326"><ele>159.25</ele></trkpt>
   <trkpt lon="3.118341" lat="39.930332"><ele>159.25</ele></trkpt>
   <trkpt lon="3.118264" lat="39.930347"><ele>159.0</ele></trkpt>
   <trkpt lon="3.118183" lat="39.930370"><ele>158.5</ele></trkpt>
   <trkpt lon="3.117887" lat="39.930487"><ele>158.0</ele></trkpt>
   <trkpt lon="3.117638" lat="39.930551"><ele>158.25</ele></trkpt>
   <trkpt lon="3.117053" lat="39.930650"><ele>157.5</ele></trkpt>
   <trkpt lon="3.116894" lat="39.930653"><ele>157.5</ele></trkpt>
   <trkpt lon="3.116813" lat="39.930644"><ele>157.0</ele></trkpt>
   <trkpt lon="3.116741" lat="39.930629"><ele>157.25</ele></trkpt>
   <trkpt lon="3.116209" lat="39.930451"><ele>163.0</ele></trkpt>
   <trkpt lon="3.116130" lat="39.930432"><ele>163.25</ele></trkpt>
   <trkpt lon="3.116063" lat="39.930422"><ele>163.5</ele></trkpt>
   <trkpt lon="3.115894" lat="39.930418"><ele>163.75</ele></trkpt>
   <trkpt lon="3.115622" lat="39.930437"><ele>164.25</ele></trkpt>
   <trkpt lon="3.115567" lat="39.930431"><ele>165.0</ele></trkpt>
   <trkpt lon="3.115513" lat="39.930417"><ele>164.75</ele></trkpt>
   <trkpt lon="3.115464" lat="39.930396"><ele>164.75</ele></trkpt>
   <trkpt lon="3.115109" lat="39.930181"><ele>165.75</ele></trkpt>
   <trkpt lon="3.115028" lat="39.930110"><ele>166.5</ele></trkpt>
   <trkpt lon="3.114799" lat="39.929880"><ele>170.5</ele></trkpt>
   <trkpt lon="3.114591" lat="39.929595"><ele>174.25</ele><sym>pass_place</sym><type>Shaping</type></trkpt>
   <trkpt lon="3.114523" lat="39.929544"><ele>174.75</ele></trkpt>
   <trkpt lon="3.114466" lat="39.929521"><ele>174.5</ele></trkpt>
   <trkpt lon="3.114407" lat="39.929511"><ele>174.75</ele></trkpt>
   <trkpt lon="3.114228" lat="39.929527"><ele>174.5</ele></trkpt>
   <trkpt lon="3.114155" lat="39.929521"><ele>175.0</ele></trkpt>
   <trkpt lon="3.113728" lat="39.929380"><ele>179.5</ele></trkpt>
   <trkpt lon="3.113658" lat="39.929372"><ele>179.25</ele></trkpt>
   <trkpt lon="3.113541" lat="39.929378"><ele>179.25</ele></trkpt>
   <trkpt lon="3.113372" lat="39.929400"><ele>180.25</ele></trkpt>
   <trkpt lon="3.113274" lat="39.929405"><ele>180.5</ele></trkpt>
   <trkpt lon="3.112758" lat="39.929372"><ele>185.0</ele></trkpt>
   <trkpt lon="3.111883" lat="39.929312"><ele>188.75</ele></trkpt>
   <trkpt lon="3.111836" lat="39.929302"><ele>190.0</ele></trkpt>
   <trkpt lon="3.111808" lat="39.929289"><ele>190.5</ele></trkpt>
   <trkpt lon="3.111772" lat="39.929253"><ele>191.25</ele></trkpt>
   <trkpt lon="3.111763" lat="39.929235"><ele>191.25</ele></trkpt>
   <trkpt lon="3.111760" lat="39.929198"><ele>191.0</ele></trkpt>
   <trkpt lon="3.111768" lat="39.929179"><ele>190.75</ele></trkpt>
   <trkpt lon="3.111804" lat="39.929139"><ele>191.25</ele></trkpt>
   <trkpt lon="3.111865" lat="39.929109"><ele>191.75</ele></trkpt>
   <trkpt lon="3.111950" lat="39.929094"><ele>191.5</ele></trkpt>
   <trkpt lon="3.112338" lat="39.929122"><ele>192.25</ele></trkpt>
   <trkpt lon="3.112472" lat="39.929137"><ele>192.0</ele></trkpt>
   <trkpt lon="3.112882" lat="39.929221"><ele>191.5</ele></trkpt>
   <trkpt lon="3.112920" lat="39.929224"><ele>191.5</ele></trkpt>
   <trkpt lon="3.112981" lat="39.929212"><ele>192.25</ele></trkpt>
   <trkpt lon="3.113002" lat="39.929198"><ele>193.0</ele></trkpt>
   <trkpt lon="3.113013" lat="39.929182"><ele>193.75</ele></trkpt>
   <trkpt lon="3.113016" lat="39.929161"><ele>195.0</ele></trkpt>
   <trkpt lon="3.113003" lat="39.929126"><ele>197.25</ele></trkpt>
   <trkpt lon="3.112969" lat="39.929099"><ele>198.5</ele></trkpt>
   <trkpt lon="3.112257" lat="39.928936"><ele>200.0</ele></trkpt>
   <trkpt lon="3.111830" lat="39.928793"><ele>203.0</ele></trkpt>
   <trkpt lon="3.111390" lat="39.928700"><ele>206.0</ele></trkpt>
   <trkpt lon="3.111283" lat="39.928693"><ele>207.25</ele></trkpt>
   <trkpt lon="3.111198" lat="39.928703"><ele>207.75</ele></trkpt>
   <trkpt lon="3.111131" lat="39.928726"><ele>208.0</ele></trkpt>
   <trkpt lon="3.111030" lat="39.928782"><ele>207.75</ele></trkpt>
   <trkpt lon="3.110855" lat="39.928874"><ele>207.75</ele></trkpt>
   <trkpt lon="3.110770" lat="39.928888"><ele>208.0</ele></trkpt>
   <trkpt lon="3.110688" lat="39.928877"><ele>208.0</ele></trkpt>
   <trkpt lon="3.110484" lat="39.928780"><ele>207.75</ele></trkpt>
   <trkpt lon="3.110332" lat="39.928704"><ele>206.75</ele></trkpt>
   <trkpt lon="3.110102" lat="39.928577"><ele>205.75</ele></trkpt>
   <trkpt lon="3.110047" lat="39.928511"><ele>205.0</ele></trkpt>
   <trkpt lon="3.110021" lat="39.928432"><ele>204.25</ele></trkpt>
   <trkpt lon="3.110010" lat="39.928100"><ele>201.25</ele></trkpt>
   <trkpt lon="3.109996" lat="39.928044"><ele>200.75</ele></trkpt>
   <trkpt lon="3.109857" lat="39.927712"><ele>197.75</ele></trkpt>
   <trkpt lon="3.109658" lat="39.927287"><ele>193.5</ele></trkpt>
   <trkpt lon="3.109626" lat="39.927174"><ele>192.25</ele></trkpt>
   <trkpt lon="3.109645" lat="39.927086"><ele>191.75</ele></trkpt>
   <trkpt lon="3.109738" lat="39.926933"><ele>192.25</ele></trkpt>
   <trkpt lon="3.109756" lat="39.926869"><ele>192.5</ele></trkpt>
   <trkpt lon="3.109743" lat="39.926817"><ele>192.25</ele></trkpt>
   <trkpt lon="3.109703" lat="39.926767"><ele>191.5</ele></trkpt>
   <trkpt lon="3.109476" lat="39.926581"><ele>188.25</ele></trkpt>
   <trkpt lon="3.109406" lat="39.926504"><ele>187.25</ele></trkpt>
   <trkpt lon="3.109366" lat="39.926434"><ele>186.75</ele></trkpt>
   <trkpt lon="3.109345" lat="39.926330"><ele>186.25</ele></trkpt>
   <trkpt lon="3.109343" lat="39.926171"><ele>185.0</ele></trkpt>
   <trkpt lon="3.109359" lat="39.925999"><ele>185.5</ele></trkpt>
   <trkpt lon="3.109341" lat="39.925923"><ele>185.25</ele></trkpt>
   <trkpt lon="3.109294" lat="39.925859"><ele>184.5</ele></trkpt>
   <trkpt lon="3.109224" lat="39.925804"><ele>184.25</ele></trkpt>
   <trkpt lon="3.108848" lat="39.925636"><ele>181.0</ele></trkpt>
   <trkpt lon="3.108679" lat="39.925546"><ele>179.5</ele></trkpt>
   <trkpt lon="3.108564" lat="39.925462"><ele>177.5</ele></trkpt>
   <trkpt lon="3.108516" lat="39.925405"><ele>176.75</ele></trkpt>
   <trkpt lon="3.108491" lat="39.925339"><ele>176.5</ele></trkpt>
   <trkpt lon="3.108480" lat="39.925244"><ele>176.5</ele></trkpt>
   <trkpt lon="3.108489" lat="39.925043"><ele>175.5</ele></trkpt>
   <trkpt lon="3.108463" lat="39.924966"><ele>175.75</ele></trkpt>
   <trkpt lon="3.108414" lat="39.924899"><ele>176.25</ele></trkpt>
   <trkpt lon="3.108339" lat="39.924842"><ele>175.5</ele></trkpt>
   <trkpt lon="3.107655" lat="39.924560"><ele>166.75</ele></trkpt>
   <trkpt lon="3.107567" lat="39.924499"><ele>166.0</ele></trkpt>
   <trkpt lon="3.107510" lat="39.924440"><ele>166.0</ele></trkpt>
   <trkpt lon="3.107480" lat="39.924357"><ele>164.25</ele></trkpt>
   <trkpt lon="3.107489" lat="39.924274"><ele>163.75</ele></trkpt>
   <trkpt lon="3.107772" lat="39.923716"><ele>160.75</ele></trkpt>
   <trkpt lon="3.107811" lat="39.923584"><ele>160.5</ele></trkpt>
   <trkpt lon="3.107812" lat="39.923474"><ele>160.75</ele></trkpt>
   <trkpt lon="3.107701" lat="39.922990"><ele>156.0</ele></trkpt>
   <trkpt lon="3.107652" lat="39.922853"><ele>155.5</ele></trkpt>
   <trkpt lon="3.107391" lat="39.922328"><ele>150.0</ele></trkpt>
   <trkpt lon="3.107348" lat="39.922210"><ele>149.75</ele></trkpt>
   <trkpt lon="3.107266" lat="39.921760"><ele>146.0</ele></trkpt>
   <trkpt lon="3.107214" lat="39.921578"><ele>144.5</ele></trkpt>
   <trkpt lon="3.107052" lat="39.921151"><ele>140.75</ele></trkpt>
   <trkpt lon="3.107024" lat="39.920990"><ele>140.0</ele></trkpt>
   <trkpt lon="3.106995" lat="39.919774"><ele>129.5</ele></trkpt>
   <trkpt lon="3.106968" lat="39.919628"><ele>128.25</ele></trkpt>
   <trkpt lon="3.106887" lat="39.919452"><ele>125.25</ele></trkpt>
   <trkpt lon="3.106473" lat="39.918812"><ele>119.75</ele><sym>pass_place</sym><type>Shaping</type></trkpt>
   <trkpt lon="3.106300" lat="39.918493"><ele>118.25</ele></trkpt>
   <trkpt lon="3.105827" lat="39.917848"><ele>110.25</ele></trkpt>
   <trkpt lon="3.105657" lat="39.917491"><ele>109.25</ele></trkpt>
   <trkpt lon="3.105630" lat="39.917382"><ele>106.0</ele></trkpt>
   <trkpt lon="3.105625" lat="39.917310"><ele>104.75</ele></trkpt>
   <trkpt lon="3.105660" lat="39.917227"><ele>104.75</ele></trkpt>
   <trkpt lon="3.105720" lat="39.917163"><ele>103.75</ele></trkpt>
   <trkpt lon="3.105804" lat="39.917121"><ele>103.75</ele></trkpt>
   <trkpt lon="3.105913" lat="39.917101"><ele>103.25</ele></trkpt>
   <trkpt lon="3.106020" lat="39.917105"><ele>103.25</ele></trkpt>
   <trkpt lon="3.106320" lat="39.917151"><ele>102.25</ele></trkpt>
   <trkpt lon="3.106748" lat="39.917246"><ele>101.5</ele></trkpt>
   <trkpt lon="3.106852" lat="39.917250"><ele>101.0</ele></trkpt>
   <trkpt lon="3.106946" lat="39.917236"><ele>99.75</ele></trkpt>
   <trkpt lon="3.107025" lat="39.917198"><ele>99.5</ele></trkpt>
   <trkpt lon="3.107864" lat="39.916552"><ele>93.0</ele></trkpt>
   <trkpt lon="3.107922" lat="39.916477"><ele>92.5</ele></trkpt>
   <trkpt lon="3.107944" lat="39.916409"><ele>91.5</ele></trkpt>
   <trkpt lon="3.107946" lat="39.916344"><ele>91.5</ele></trkpt>
   <trkpt lon="3.107924" lat="39.916285"><ele>91.5</ele></trkpt>
   <trkpt lon="3.107865" lat="39.916214"><ele>90.75</ele></trkpt>
   <trkpt lon="3.107388" lat="39.915860"><ele>87.5</ele></trkpt>
   <trkpt lon="3.106380" lat="39.914955"><ele>78.0</ele></trkpt>
   <trkpt lon="3.105893" lat="39.914610"><ele>73.75</ele></trkpt>
   <trkpt lon="3.105803" lat="39.914536"><ele>72.75</ele></trkpt>
   <trkpt lon="3.105526" lat="39.914227"><ele>70.25</ele></trkpt>
   <trkpt lon="3.105127" lat="39.913762"><ele>67.75</ele></trkpt>
   <trkpt lon="3.105008" lat="39.913581"><ele>66.5</ele></trkpt>
   <trkpt lon="3.104938" lat="39.913364"><ele>64.25</ele></trkpt>
   <trkpt lon="3.104893" lat="39.913153"><ele>63.0</ele></trkpt>
   <trkpt lon="3.104838" lat="39.913024"><ele>61.75</ele></trkpt>
   <trkpt lon="3.104567" lat="39.912700"><ele>58.25</ele></trkpt>
   <trkpt lon="3.104455" lat="39.912502"><ele>56.25</ele></trkpt>
   <trkpt lon="3.104391" lat="39.912276"><ele>54.0</ele></trkpt>
   <trkpt lon="3.104368" lat="39.912016"><ele>54.0</ele></trkpt>
   <trkpt lon="3.104355" lat="39.911611"><ele>53.75</ele></trkpt>
   <trkpt lon="3.104329" lat="39.911554"><ele>52.0</ele></trkpt>
   <trkpt lon="3.104270" lat="39.911521"><ele>49.5</ele></trkpt>
   <trkpt lon="3.104200" lat="39.911518"><ele>46.5</ele></trkpt>
   <trkpt lon="3.104129" lat="39.911550"><ele>44.25</ele></trkpt>
   <trkpt lon="3.104097" lat="39.911609"><ele>43.75</ele></trkpt>
   <trkpt lon="3.104063" lat="39.912241"><ele>43.0</ele></trkpt>
   <trkpt lon="3.104091" lat="39.912505"><ele>42.0</ele></trkpt>
   <trkpt lon="3.104373" lat="39.913624"><ele>40.25</ele></trkpt>
   <trkpt lon="3.104666" lat="39.914712"><ele>34.0</ele></trkpt>
   <trkpt lon="3.104659" lat="39.914789"><ele>33.25</ele></trkpt>
   <trkpt lon="3.104618" lat="39.914847"><ele>32.5</ele></trkpt>
   <trkpt lon="3.104555" lat="39.914884"><ele>31.5</ele></trkpt>
   <trkpt lon="3.104479" lat="39.914904"><ele>30.25</ele></trkpt>
   <trkpt lon="3.104397" lat="39.914901"><ele>29.75</ele></trkpt>
   <trkpt lon="3.104333" lat="39.914880"><ele>29.25</ele></trkpt>
   <trkpt lon="3.104263" lat="39.914829"><ele>28.75</ele></trkpt>
   <trkpt lon="3.103047" lat="39.913087"><ele>16.0</ele></trkpt>
   <trkpt lon="3.102683" lat="39.912576"><ele>12.75</ele></trkpt>
   <trkpt lon="3.102604" lat="39.912487"><ele>12.25</ele><sym>pass_place</sym><type>Shaping</type></trkpt>
   <trkpt lon="3.102467" lat="39.912375"><ele>11.25</ele></trkpt>
   <trkpt lon="3.102309" lat="39.912306"><ele>11.0</ele></trkpt>
   <trkpt lon="3.102116" lat="39.912261"><ele>10.5</ele></trkpt>
   <trkpt lon="3.101932" lat="39.912256"><ele>10.0</ele></trkpt>
   <trkpt lon="3.101743" lat="39.912277"><ele>9.25</ele></trkpt>
   <trkpt lon="3.101521" lat="39.912323"><ele>8.5</ele></trkpt>
   <trkpt lon="3.100427" lat="39.912576"><ele>9.25</ele></trkpt>
   <trkpt lon="3.100084" lat="39.912654"><ele>9.5</ele></trkpt>
   <trkpt lon="3.099846" lat="39.912781"><ele>10.0</ele></trkpt>
   <trkpt lon="3.099801" lat="39.912816"><ele>10.0</ele></trkpt>
   <trkpt lon="3.099743" lat="39.912890"><ele>10.25</ele><sym>roundabout_e4</sym></trkpt>
   <trkpt lon="3.099678" lat="39.912948"><ele>10.5</ele></trkpt>
   <trkpt lon="3.099585" lat="39.912973"><ele>10.5</ele></trkpt>
   <trkpt lon="3.099519" lat="39.912969"><ele>10.5</ele></trkpt>
   <trkpt lon="3.099460" lat="39.912950"><ele>10.5</ele></trkpt>
   <trkpt lon="3.099412" lat="39.912917"><ele>10.25</ele></trkpt>
   <trkpt lon="3.099394" lat="39.912896"><ele>10.0</ele></trkpt>
   <trkpt lon="3.099372" lat="39.912853"><ele>10.0</ele></trkpt>
   <trkpt lon="3.099368" lat="39.912826"><ele>9.75</ele></trkpt>
   <trkpt lon="3.099376" lat="39.912777"><ele>9.75</ele></trkpt>
   <trkpt lon="3.099405" lat="39.912733"><ele>9.5</ele></trkpt>
   <trkpt lon="3.099448" lat="39.912659"><ele>9.5</ele></trkpt>
   <trkpt lon="3.099458" lat="39.912628"><ele>9.25</ele></trkpt>
   <trkpt lon="3.099468" lat="39.912526"><ele>9.0</ele></trkpt>
   <trkpt lon="3.099466" lat="39.912463"><ele>8.75</ele></trkpt>
   <trkpt lon="3.099444" lat="39.912412"><ele>8.5</ele></trkpt>
   <trkpt lon="3.098620" lat="39.910506"><ele>3.0</ele></trkpt>
   <trkpt lon="3.098602" lat="39.910477"><ele>3.0</ele></trkpt>
   <trkpt lon="3.098525" lat="39.910424"><ele>3.0</ele></trkpt>
   <trkpt lon="3.098477" lat="39.910412"><ele>3.0</ele></trkpt>
   <trkpt lon="3.098407" lat="39.910406"><ele>3.0</ele></trkpt>
   <trkpt lon="3.098336" lat="39.910410"><ele>3.0</ele></trkpt>
   <trkpt lon="3.097845" lat="39.910474"><ele>3.5</ele></trkpt>
   <trkpt lon="3.097507" lat="39.910514"><ele>3.75</ele></trkpt>
   <trkpt lon="3.097277" lat="39.910547"><ele>3.75</ele></trkpt>
   <trkpt lon="3.097074" lat="39.910576"><ele>4.0</ele></trkpt>
   <trkpt lon="3.096908" lat="39.910603"><ele>4.0</ele></trkpt>
   <trkpt lon="3.096269" lat="39.910739"><ele>3.75</ele></trkpt>
   <trkpt lon="3.095277" lat="39.910951"><ele>3.0</ele></trkpt>
   <trkpt lon="3.092953" lat="39.911445"><ele>2.0</ele></trkpt>
   <trkpt lon="3.092469" lat="39.911551"><ele>1.75</ele></trkpt>
   <trkpt lon="3.092342" lat="39.911577"><ele>1.75</ele></trkpt>
   <trkpt lon="3.091833" lat="39.911686"><ele>2.0</ele></trkpt>
   <trkpt lon="3.091734" lat="39.911702"><ele>2.0</ele></trkpt>
   <trkpt lon="3.091602" lat="39.911707"><ele>2.0</ele></trkpt>
   <trkpt lon="3.090822" lat="39.911683"><ele>1.0</ele></trkpt>
   <trkpt lon="3.089918" lat="39.911657"><ele>1.0</ele></trkpt>
   <trkpt lon="3.089131" lat="39.911628"><ele>1.0</ele></trkpt>
   <trkpt lon="3.089053" lat="39.911627"><ele>1.0</ele></trkpt>
   <trkpt lon="3.088873" lat="39.911594"><ele>1.0</ele></trkpt>
   <trkpt lon="3.087685" lat="39.911258"><ele>1.25</ele></trkpt>
   <trkpt lon="3.087604" lat="39.911229"><ele>1.25</ele></trkpt>
   <trkpt lon="3.087534" lat="39.911195"><ele>1.25</ele></trkpt>
   <trkpt lon="3.087295" lat="39.911066"><ele>1.0</ele></trkpt>
   <trkpt lon="3.086355" lat="39.910541"><ele>1.0</ele></trkpt>
   <trkpt lon="3.086128" lat="39.910393"><ele>1.25</ele></trkpt>
   <trkpt lon="3.085186" lat="39.909742"><ele>1.0</ele><sym>pass_place</sym><type>Shaping</type></trkpt>
   <trkpt lon="3.085185" lat="39.909741"><ele>1.0</ele><sym>right</sym></trkpt>
   <trkpt lon="3.084323" lat="39.910233"><ele>3.0</ele><sym>left</sym></trkpt>
   <trkpt lon="3.083753" lat="39.909670"><ele>2.0</ele><sym>right</sym></trkpt>
   <trkpt lon="3.083664" lat="39.909723"><ele>2.0</ele><sym>left</sym></trkpt>
   <trkpt lon="3.083585" lat="39.909646"><ele>2.0</ele></trkpt>
   <trkpt lon="3.082953" lat="39.909036"><ele>2.25</ele></trkpt>
   <trkpt lon="3.082523" lat="39.908618"><ele>2.0</ele><sym>left</sym></trkpt>
   <trkpt lon="3.083068" lat="39.908298"><ele>2.0</ele><sym>pass_place</sym><type>Via</type></trkpt>
  </trkseg>
 </trk>
</gpx>
