<?xml version="1.0" encoding="UTF-8"?>
<!-- track-length = 63899 filtered ascend = 271 plain-ascend = 0 cost=90892 energy=.3kwh time=3h 15m 11s -->
<gpx 
 xmlns="http://www.topografix.com/GPX/1/1" 
 xmlns:xsi="http://www.w3.org/2001/XMLSchema-instance" 
 xsi:schemaLocation="http://www.topografix.com/GPX/1/1 http://www.topografix.com/GPX/1/1/gpx.xsd" 
 creator="BRouter-1.7.9" version="1.1"><wpt lat="39.8404" lon="3.12191"><name>Bequi - Shop &amp; Service</name><sym>Bike Trail</sym></wpt><wpt lat="39.84368" lon="3.13243"><name>Ca na Maganeta</name><sym>Restaurant</sym></wpt><wpt lat="39.84404" lon="3.13275"><name>Corro</name><sym>Restaurant</sym></wpt><wpt lat="39.84228" lon="3.12938"><name>Yute</name><sym>Restaurant</sym></wpt><wpt lat="39.83743" lon="3.1192"><name>Epcot</name><sym>Restaurant</sym></wpt><wpt lat="39.87799" lon="3.01484"><name>Cafe di Calvari</name><sym>Restaurant</sym></wpt><wpt lat="39.87719" lon="3.01647"><name>L&#x27;Illa</name><sym>Restaurant</sym></wpt><wpt lat="39.73553" lon="3.05758"><name>Can Bernat</name><sym>Restaurant</sym></wpt><wpt lat="39.73618" lon="3.05773"><name>Can Costitx</name><sym>Restaurant</sym></wpt><wpt lat="39.90662" lon="3.08272"><name>Gran Café 1919</name><sym>Restaurant</sym></wpt><wpt lat="39.90887" lon="3.08132"><name>Cultural</name><sym>Restaurant</sym></wpt><wpt lat="39.84084" lon="3.12487"><name>bimont</name><sym>Bike Trail</sym></wpt><wpt lat="39.88219" lon="3.01538"><name>El Perrito</name><sym>Restaurant</sym></wpt><wpt lat="39.85225" lon="3.11836"><name>Café</name><sym>Restaurant</sym></wpt><wpt lat="39.86428" lon="3.09096"><name>Hürzeler</name><sym>Bike Trail</sym></wpt><wpt lat="39.7695" lon="3.0247"><name>Sa Picada</name><sym>Restaurant</sym></wpt><wpt lat="39.85293" lon="3.11914"><name>Sant Sebastià</name><sym>Restaurant</sym></wpt><wpt lat="39.82172" lon="3.11433"><name>Café</name><sym>Restaurant</sym></wpt><wpt lat="39.77471" lon="2.96556"><name>Cas Reto</name><sym>Restaurant</sym></wpt><wpt lat="39.8516" lon="3.12363"><name>Es Mercat</name><sym>Restaurant</sym></wpt><wpt lat="39.85226" lon="3.12382"><name>Es Passeig</name><sym>Restaurant</sym></wpt><wpt lat="39.90813" lon="3.08053"><name>Dolç Sa Pobla</name><sym>Restaurant</sym></wpt><wpt lat="39.88685" lon="3.03075"><name>Polígono</name><sym>Restaurant</sym></wpt><wpt lat="39.90484" lon="3.0779"><name>Café</name><sym>Restaurant</sym></wpt><wpt lat="39.85408" lon="3.12487"><name>Nákara</name><sym>Restaurant</sym></wpt><wpt lat="39.8409" lon="3.12509"><name>sa Teulada</name><sym>Restaurant</sym></wpt><wpt lat="39.82205" lon="3.11452"><name>es Cantó</name><sym>Restaurant</sym></wpt><wpt lat="39.8153" lon="3.11531"><name>Güep&#x27; Cafe</name><sym>Restaurant</sym></wpt><wpt lat="39.83378" lon="3.11827"><name>Danny&#x27;s</name><sym>Restaurant</sym></wpt><wpt lat="39.88173" lon="3.01945"><name>Can Toni</name><sym>Restaurant</sym></wpt><wpt lat="39.84033" lon="3.12264"><name>Bimont</name><sym>Bike Trail</sym></wpt><wpt lat="39.84055" lon="3.12167"><name>Patagonia</name><sym>Restaurant</sym></wpt><wpt lat="39.76848" lon="3.02072"><name>Paradís</name><sym>Restaurant</sym></wpt><wpt lat="39.90509" lon="3.08175"><name>Ca les Monges</name><sym>Restaurant</sym></wpt><wpt lat="39.88103" lon="3.0177"><name>Palma</name><sym>Restaurant</sym></wpt><wpt lat="39.88125" lon="3.01795"><name>Can Vallori</name><sym>Restaurant</sym></wpt><wpt lat="39.73825" lon="3.05256"><name>es Clossos</name><sym>Restaurant</sym></wpt><wpt lat="39.73818" lon="3.05173"><name>6 Tons</name><sym>Restaurant</sym></wpt><wpt lat="39.73931" lon="3.0541"><name>Son Moro</name><sym>Restaurant</sym></wpt><wpt lat="39.77442" lon="2.96658"><name>Cas Pobler</name><sym>Restaurant</sym></wpt>
 <trk>
  <src>brouter_fastbike-lowtraffic_0</src>
  <type>bike</type>
  <trkseg>
   <trkpt lon="3.083068" lat="39.908298"><ele>2.0</ele><sym>pass_place</sym><type>Via</type></trkpt>
   <trkpt lon="3.083480" lat="39.908057"><ele>2.0</ele><sym>left</sym></trkpt>
   <trkpt lon="3.083892" lat="39.908468"><ele>1.75</ele><sym>left</sym></trkpt>
   <trkpt lon="3.082953" lat="39.909036"><ele>2.25</ele></trkpt>
   <trkpt lon="3.082124" lat="39.909551"><ele>4.0</ele></trkpt>
   <trkpt lon="3.082040" lat="39.909600"><ele>4.25</ele></trkpt>
   <trkpt lon="3.081347" lat="39.910011"><ele>6.0</ele><sym>left</sym></trkpt>
   <trkpt lon="3.081129" lat="39.909799"><ele>5.75</ele></trkpt>
   <trkpt lon="3.080902" lat="39.909580"><ele>5.75</ele></trkpt>
   <trkpt lon="3.080155" lat="39.908875"><ele>4.75</ele></trkpt>
   <trkpt lon="3.079789" lat="39.908529"><ele>4.0</ele></trkpt>
   <trkpt lon="3.079738" lat="39.908481"><ele>4.0</ele></trkpt>
   <trkpt lon="3.079491" lat="39.908229"><ele>4.0</ele></trkpt>
   <trkpt lon="3.079393" lat="39.908108"><ele>4.0</ele></trkpt>
   <trkpt lon="3.079306" lat="39.907983"><ele>4.0</ele></trkpt>
   <trkpt lon="3.079201" lat="39.907801"><ele>4.0</ele></trkpt>
   <trkpt lon="3.079120" lat="39.907631"><ele>4.0</ele></trkpt>
   <trkpt lon="3.079063" lat="39.907487"><ele>3.75</ele></trkpt>
   <trkpt lon="3.079019" lat="39.907352"><ele>3.25</ele></trkpt>
   <trkpt lon="3.078977" lat="39.907167"><ele>3.0</ele></trkpt>
   <trkpt lon="3.078963" lat="39.907037"><ele>3.0</ele></trkpt>
   <trkpt lon="3.078947" lat="39.906744"><ele>3.0</ele></trkpt>
   <trkpt lon="3.078962" lat="39.906457"><ele>3.0</ele></trkpt>
   <trkpt lon="3.078984" lat="39.906294"><ele>2.5</ele></trkpt>
   <trkpt lon="3.079022" lat="39.906141"><ele>2.0</ele></trkpt>
   <trkpt lon="3.079086" lat="39.905985"><ele>2.0</ele></trkpt>
   <trkpt lon="3.079248" lat="39.905663"><ele>2.0</ele><sym>right</sym></trkpt>
   <trkpt lon="3.078474" lat="39.905430"><ele>2.0</ele></trkpt>
   <trkpt lon="3.077831" lat="39.905235"><ele>2.0</ele></trkpt>
   <trkpt lon="3.077545" lat="39.905149"><ele>2.0</ele></trkpt>
   <trkpt lon="3.077151" lat="39.905030"><ele>1.75</ele></trkpt>
   <trkpt lon="3.076983" lat="39.904980"><ele>1.75</ele></trkpt>
   <trkpt lon="3.076896" lat="39.904953"><ele>1.75</ele></trkpt>
   <trkpt lon="3.076349" lat="39.904788"><ele>2.0</ele></trkpt>
   <trkpt lon="3.076198" lat="39.904743"><ele>2.0</ele></trkpt>
   <trkpt lon="3.075970" lat="39.904674"><ele>2.5</ele></trkpt>
   <trkpt lon="3.075738" lat="39.904635"><ele>3.0</ele></trkpt>
   <trkpt lon="3.075630" lat="39.904643"><ele>3.0</ele></trkpt>
   <trkpt lon="3.075596" lat="39.904651"><ele>3.0</ele></trkpt>
   <trkpt lon="3.075569" lat="39.904666"><ele>3.0</ele><sym>roundabout_e1</sym></trkpt>
   <trkpt lon="3.075531" lat="39.904700"><ele>3.0</ele></trkpt>
   <trkpt lon="3.075435" lat="39.904751"><ele>3.0</ele></trkpt>
   <trkpt lon="3.075380" lat="39.904767"><ele>3.0</ele></trkpt>
   <trkpt lon="3.075322" lat="39.904776"><ele>3.0</ele></trkpt>
   <trkpt lon="3.075206" lat="39.904772"><ele>3.0</ele></trkpt>
   <trkpt lon="3.075182" lat="39.904767"><ele>3.0</ele></trkpt>
   <trkpt lon="3.075128" lat="39.904752"><ele>3.0</ele></trkpt>
   <trkpt lon="3.075033" lat="39.904702"><ele>3.0</ele></trkpt>
   <trkpt lon="3.074994" lat="39.904669"><ele>3.0</ele></trkpt>
   <trkpt lon="3.074940" lat="39.904592"><ele>3.0</ele></trkpt>
   <trkpt lon="3.074892" lat="39.904505"><ele>3.25</ele></trkpt>
   <trkpt lon="3.074824" lat="39.904408"><ele>3.5</ele></trkpt>
   <trkpt lon="3.074777" lat="39.904368"><ele>3.5</ele></trkpt>
   <trkpt lon="3.074720" lat="39.904331"><ele>3.5</ele></trkpt>
   <trkpt lon="3.074578" lat="39.904263"><ele>3.0</ele></trkpt>
   <trkpt lon="3.074549" lat="39.904254"><ele>3.0</ele></trkpt>
   <trkpt lon="3.073759" lat="39.904015"><ele>3.75</ele><sym>right</sym></trkpt>
   <trkpt lon="3.073735" lat="39.904060"><ele>3.5</ele><sym>left</sym></trkpt>
   <trkpt lon="3.071443" lat="39.903361"><ele>5.0</ele></trkpt>
   <trkpt lon="3.070205" lat="39.902984"><ele>5.75</ele></trkpt>
   <trkpt lon="3.069771" lat="39.902851"><ele>6.0</ele><sym>pass_place</sym><type>Shaping</type></trkpt>
   <trkpt lon="3.069564" lat="39.902842"><ele>6.25</ele></trkpt>
   <trkpt lon="3.069272" lat="39.902856"><ele>6.75</ele></trkpt>
   <trkpt lon="3.069211" lat="39.902845"><ele>6.75</ele></trkpt>
   <trkpt lon="3.069153" lat="39.902827"><ele>7.0</ele></trkpt>
   <trkpt lon="3.069111" lat="39.902786"><ele>7.0</ele></trkpt>
   <trkpt lon="3.069044" lat="39.902661"><ele>7.0</ele></trkpt>
   <trkpt lon="3.068999" lat="39.902626"><ele>7.0</ele><sym>right_slight</sym></trkpt>
   <trkpt lon="3.067510" lat="39.902172"><ele>7.75</ele></trkpt>
   <trkpt lon="3.066911" lat="39.902000"><ele>8.0</ele></trkpt>
   <trkpt lon="3.064139" lat="39.901163"><ele>9.75</ele></trkpt>
   <trkpt lon="3.063427" lat="39.900948"><ele>10.0</ele></trkpt>
   <trkpt lon="3.062209" lat="39.900588"><ele>11.0</ele></trkpt>
   <trkpt lon="3.062141" lat="39.900567"><ele>11.0</ele></trkpt>
   <trkpt lon="3.061179" lat="39.900275"><ele>12.0</ele></trkpt>
   <trkpt lon="3.060392" lat="39.900040"><ele>12.75</ele></trkpt>
   <trkpt lon="3.059803" lat="39.899864"><ele>13.0</ele></trkpt>
   <trkpt lon="3.058941" lat="39.899600"><ele>13.75</ele></trkpt>
   <trkpt lon="3.057889" lat="39.899300"><ele>14.25</ele></trkpt>
   <trkpt lon="3.057588" lat="39.899213"><ele>14.75</ele></trkpt>
   <trkpt lon="3.057072" lat="39.899039"><ele>15.0</ele></trkpt>
   <trkpt lon="3.054294" lat="39.898214"><ele>17.0</ele></trkpt>
   <trkpt lon="3.053236" lat="39.897900"><ele>17.5</ele></trkpt>
   <trkpt lon="3.052244" lat="39.897606"><ele>18.5</ele></trkpt>
   <trkpt lon="3.051512" lat="39.897384"><ele>19.0</ele></trkpt>
   <trkpt lon="3.049506" lat="39.896781"><ele>21.0</ele><sym>stay_left</sym></trkpt>
   <trkpt lon="3.049508" lat="39.896778"><ele>21.0</ele><sym>pass_place</sym><type>Shaping</type></trkpt>
   <trkpt lon="3.049506" lat="39.896781"><ele>21.0</ele></trkpt>
   <trkpt lon="3.048383" lat="39.896446"><ele>21.75</ele></trkpt>
   <trkpt lon="3.047978" lat="39.896330"><ele>22.0</ele></trkpt>
   <trkpt lon="3.046735" lat="39.895929"><ele>22.75</ele></trkpt>
   <trkpt lon="3.045799" lat="39.895628"><ele>24.5</ele></trkpt>
   <trkpt lon="3.043667" lat="39.894881"><ele>30.25</ele></trkpt>
   <trkpt lon="3.040069" lat="39.893620"><ele>30.0</ele></trkpt>
   <trkpt lon="3.039694" lat="39.893488"><ele>30.25</ele></trkpt>
   <trkpt lon="3.039007" lat="39.893251"><ele>30.25</ele></trkpt>
   <trkpt lon="3.037279" lat="39.892711"><ele>31.25</ele><sym>stay_left</sym></trkpt>
   <trkpt lon="3.037066" lat="39.892643"><ele>30.5</ele><sym>straight</sym></trkpt>
   <trkpt lon="3.036886" lat="39.892595"><ele>30.25</ele><sym>stay_right</sym></trkpt>
   <trkpt lon="3.036434" lat="39.892459"><ele>30.75</ele></trkpt>
   <trkpt lon="3.036126" lat="39.892356"><ele>30.75</ele></trkpt>
   <trkpt lon="3.035845" lat="39.892265"><ele>31.0</ele></trkpt>
   <trkpt lon="3.035352" lat="39.892075"><ele>31.0</ele></trkpt>
   <trkpt lon="3.034813" lat="39.891852"><ele>31.75</ele></trkpt>
   <trkpt lon="3.034322" lat="39.891601"><ele>32.0</ele></trkpt>
   <trkpt lon="3.034097" lat="39.891465"><ele>32.0</ele></trkpt>
   <trkpt lon="3.033818" lat="39.891281"><ele>32.75</ele></trkpt>
   <trkpt lon="3.033549" lat="39.891107"><ele>33.0</ele></trkpt>
   <trkpt lon="3.033274" lat="39.890889"><ele>33.0</ele></trkpt>
   <trkpt lon="3.032528" lat="39.890276"><ele>34.0</ele></trkpt>
   <trkpt lon="3.031680" lat="39.889579"><ele>35.0</ele></trkpt>
   <trkpt lon="3.031051" lat="39.889060"><ele>36.0</ele></trkpt>
   <trkpt lon="3.031049" lat="39.889059"><ele>36.0</ele><sym>pass_place</sym><type>Shaping</type></trkpt>
   <trkpt lon="3.030806" lat="39.888851"><ele>36.0</ele></trkpt>
   <trkpt lon="3.030447" lat="39.888545"><ele>37.0</ele></trkpt>
   <trkpt lon="3.029698" lat="39.887942"><ele>38.0</ele></trkpt>
   <trkpt lon="3.029164" lat="39.887542"><ele>38.75</ele></trkpt>
   <trkpt lon="3.028636" lat="39.887215"><ele>38.75</ele></trkpt>
   <trkpt lon="3.027842" lat="39.886787"><ele>40.0</ele></trkpt>
   <trkpt lon="3.027369" lat="39.886582"><ele>40.25</ele><sym>straight</sym></trkpt>
   <trkpt lon="3.025641" lat="39.885888"><ele>42.0</ele></trkpt>
   <trkpt lon="3.024151" lat="39.885310"><ele>43.75</ele></trkpt>
   <trkpt lon="3.023682" lat="39.885128"><ele>44.0</ele></trkpt>
   <trkpt lon="3.023440" lat="39.885057"><ele>44.0</ele></trkpt>
   <trkpt lon="3.022471" lat="39.884827"><ele>45.25</ele><sym>straight</sym></trkpt>
   <trkpt lon="3.022214" lat="39.884754"><ele>45.0</ele><sym>straight</sym></trkpt>
   <trkpt lon="3.021778" lat="39.884604"><ele>46.0</ele><sym>left_slight</sym></trkpt>
   <trkpt lon="3.021749" lat="39.884519"><ele>46.0</ele><sym>right_slight</sym></trkpt>
   <trkpt lon="3.021682" lat="39.884498"><ele>46.0</ele></trkpt>
   <trkpt lon="3.021195" lat="39.884331"><ele>46.25</ele></trkpt>
   <trkpt lon="3.020734" lat="39.884213"><ele>46.75</ele><sym>left_slight</sym></trkpt>
   <trkpt lon="3.020631" lat="39.884118"><ele>47.0</ele></trkpt>
   <trkpt lon="3.020605" lat="39.884034"><ele>47.0</ele><sym>left_slight</sym></trkpt>
   <trkpt lon="3.020758" lat="39.883887"><ele>47.0</ele><sym>right</sym></trkpt>
   <trkpt lon="3.020736" lat="39.883854"><ele>47.0</ele></trkpt>
   <trkpt lon="3.020703" lat="39.883796"><ele>47.0</ele></trkpt>
   <trkpt lon="3.020676" lat="39.883777"><ele>47.0</ele></trkpt>
   <trkpt lon="3.020236" lat="39.883521"><ele>47.0</ele></trkpt>
   <trkpt lon="3.019992" lat="39.883306"><ele>47.0</ele></trkpt>
   <trkpt lon="3.019715" lat="39.882951"><ele>48.0</ele></trkpt>
   <trkpt lon="3.019586" lat="39.882748"><ele>47.75</ele></trkpt>
   <trkpt lon="3.019418" lat="39.882410"><ele>47.5</ele></trkpt>
   <trkpt lon="3.019431" lat="39.882237"><ele>47.0</ele></trkpt>
   <trkpt lon="3.019490" lat="39.882047"><ele>47.5</ele></trkpt>
   <trkpt lon="3.019493" lat="39.882016"><ele>47.75</ele><sym>right_slight</sym></trkpt>
   <trkpt lon="3.019456" lat="39.881925"><ele>48.0</ele></trkpt>
   <trkpt lon="3.019249" lat="39.881512"><ele>50.0</ele><sym>right_slight</sym></trkpt>
   <trkpt lon="3.018078" lat="39.881196"><ele>50.0</ele></trkpt>
   <trkpt lon="3.017612" lat="39.881059"><ele>50.0</ele></trkpt>
   <trkpt lon="3.016867" lat="39.880851"><ele>51.0</ele></trkpt>
   <trkpt lon="3.016038" lat="39.880631"><ele>52.0</ele></trkpt>
   <trkpt lon="3.015501" lat="39.880472"><ele>52.25</ele><sym>left</sym></trkpt>
   <trkpt lon="3.015850" lat="39.879963"><ele>53.0</ele></trkpt>
   <trkpt lon="3.015851" lat="39.879961"><ele>53.0</ele><sym>pass_place</sym><type>Shaping</type></trkpt>
   <trkpt lon="3.016033" lat="39.879780"><ele>53.0</ele></trkpt>
   <trkpt lon="3.016104" lat="39.879599"><ele>53.0</ele></trkpt>
   <trkpt lon="3.016110" lat="39.879560"><ele>53.0</ele></trkpt>
   <trkpt lon="3.016150" lat="39.879473"><ele>52.75</ele><sym>right_slight</sym></trkpt>
   <trkpt lon="3.016141" lat="39.879353"><ele>52.0</ele></trkpt>
   <trkpt lon="3.016074" lat="39.879193"><ele>51.5</ele></trkpt>
   <trkpt lon="3.016017" lat="39.879022"><ele>52.0</ele></trkpt>
   <trkpt lon="3.016031" lat="39.878797"><ele>51.5</ele><sym>right_slight</sym></trkpt>
   <trkpt lon="3.015878" lat="39.878551"><ele>51.5</ele></trkpt>
   <trkpt lon="3.015744" lat="39.878407"><ele>51.25</ele></trkpt>
   <trkpt lon="3.015562" lat="39.878233"><ele>50.25</ele></trkpt>
   <trkpt lon="3.015084" lat="39.877992"><ele>49.5</ele></trkpt>
   <trkpt lon="3.014903" lat="39.877886"><ele>49.75</ele></trkpt>
   <trkpt lon="3.014854" lat="39.877860"><ele>49.75</ele><sym>left</sym></trkpt>
   <trkpt lon="3.015061" lat="39.877683"><ele>48.25</ele></trkpt>
   <trkpt lon="3.015141" lat="39.877641"><ele>48.0</ele><sym>right_sharp</sym></trkpt>
   <trkpt lon="3.015054" lat="39.877588"><ele>48.0</ele></trkpt>
   <trkpt lon="3.014862" lat="39.877515"><ele>48.5</ele></trkpt>
   <trkpt lon="3.014514" lat="39.877330"><ele>49.0</ele></trkpt>
   <trkpt lon="3.014370" lat="39.877245"><ele>49.25</ele></trkpt>
   <trkpt lon="3.014321" lat="39.877193"><ele>49.25</ele><sym>left_slight</sym></trkpt>
   <trkpt lon="3.014440" lat="39.876950"><ele>48.0</ele></trkpt>
   <trkpt lon="3.014484" lat="39.876841"><ele>47.0</ele></trkpt>
   <trkpt lon="3.014548" lat="39.876738"><ele>46.25</ele></trkpt>
   <trkpt lon="3.014852" lat="39.876429"><ele>44.5</ele></trkpt>
   <trkpt lon="3.015051" lat="39.876275"><ele>44.0</ele></trkpt>
   <trkpt lon="3.015514" lat="39.876039"><ele>44.0</ele><sym>right_slight</sym></trkpt>
   <trkpt lon="3.015539" lat="39.875883"><ele>44.0</ele><sym>right_slight</sym></trkpt>
   <trkpt lon="3.015357" lat="39.875683"><ele>44.0</ele></trkpt>
   <trkpt lon="3.014732" lat="39.875139"><ele>45.75</ele></trkpt>
   <trkpt lon="3.014566" lat="39.875024"><ele>46.0</ele></trkpt>
   <trkpt lon="3.014534" lat="39.874991"><ele>46.0</ele><sym>left_slight</sym></trkpt>
   <trkpt lon="3.014508" lat="39.874915"><ele>46.0</ele><sym>right_slight</sym></trkpt>
   <trkpt lon="3.013773" lat="39.874260"><ele>48.25</ele></trkpt>
   <trkpt lon="3.012937" lat="39.873477"><ele>50.5</ele></trkpt>
   <trkpt lon="3.012449" lat="39.873046"><ele>52.0</ele></trkpt>
   <trkpt lon="3.011753" lat="39.872355"><ele>54.25</ele><sym>left_slight</sym></trkpt>
   <trkpt lon="3.011764" lat="39.871963"><ele>54.5</ele></trkpt>
   <trkpt lon="3.011793" lat="39.871757"><ele>55.5</ele></trkpt>
   <trkpt lon="3.012205" lat="39.871257"><ele>54.5</ele></trkpt>
   <trkpt lon="3.012484" lat="39.870928"><ele>54.5</ele></trkpt>
   <trkpt lon="3.012563" lat="39.870884"><ele>54.5</ele><sym>right_slight</sym></trkpt>
   <trkpt lon="3.012835" lat="39.870447"><ele>55.25</ele></trkpt>
   <trkpt lon="3.012959" lat="39.870264"><ele>56.0</ele></trkpt>
   <trkpt lon="3.013074" lat="39.870193"><ele>56.25</ele></trkpt>
   <trkpt lon="3.013505" lat="39.870049"><ele>56.0</ele><sym>right</sym></trkpt>
   <trkpt lon="3.013414" lat="39.869828"><ele>56.75</ele></trkpt>
   <trkpt lon="3.013333" lat="39.869572"><ele>57.5</ele></trkpt>
   <trkpt lon="3.013310" lat="39.869499"><ele>57.75</ele></trkpt>
   <trkpt lon="3.013290" lat="39.869243"><ele>58.0</ele></trkpt>
   <trkpt lon="3.013287" lat="39.869078"><ele>58.25</ele></trkpt>
   <trkpt lon="3.013285" lat="39.868990"><ele>58.75</ele></trkpt>
   <trkpt lon="3.013321" lat="39.868643"><ele>59.75</ele></trkpt>
   <trkpt lon="3.013366" lat="39.868479"><ele>61.0</ele></trkpt>
   <trkpt lon="3.013409" lat="39.868323"><ele>61.75</ele></trkpt>
   <trkpt lon="3.013619" lat="39.867798"><ele>61.0</ele></trkpt>
   <trkpt lon="3.013665" lat="39.867676"><ele>61.25</ele></trkpt>
   <trkpt lon="3.013989" lat="39.866818"><ele>59.75</ele></trkpt>
   <trkpt lon="3.014154" lat="39.866423"><ele>59.75</ele><sym>pass_place</sym><type>Shaping</type></trkpt>
   <trkpt lon="3.014243" lat="39.866238"><ele>59.75</ele></trkpt>
   <trkpt lon="3.014433" lat="39.865973"><ele>58.75</ele></trkpt>
   <trkpt lon="3.014577" lat="39.865796"><ele>59.0</ele></trkpt>
   <trkpt lon="3.014707" lat="39.865632"><ele>58.5</ele></trkpt>
   <trkpt lon="3.014930" lat="39.865400"><ele>58.5</ele></trkpt>
   <trkpt lon="3.015336" lat="39.865070"><ele>58.25</ele></trkpt>
   <trkpt lon="3.015748" lat="39.864788"><ele>57.25</ele></trkpt>
   <trkpt lon="3.016350" lat="39.864397"><ele>55.5</ele></trkpt>
   <trkpt lon="3.016861" lat="39.864066"><ele>54.5</ele></trkpt>
   <trkpt lon="3.017105" lat="39.863892"><ele>52.5</ele></trkpt>
   <trkpt lon="3.017585" lat="39.863645"><ele>50.25</ele></trkpt>
   <trkpt lon="3.017929" lat="39.863501"><ele>48.75</ele></trkpt>
   <trkpt lon="3.018403" lat="39.863315"><ele>47.0</ele></trkpt>
   <trkpt lon="3.019459" lat="39.862937"><ele>44.75</ele></trkpt>
   <trkpt lon="3.019534" lat="39.862911"><ele>44.75</ele></trkpt>
   <trkpt lon="3.019699" lat="39.862855"><ele>44.75</ele></trkpt>
   <trkpt lon="3.021998" lat="39.862023"><ele>38.25</ele></trkpt>
   <trkpt lon="3.022217" lat="39.861943"><ele>37.75</ele></trkpt>
   <trkpt lon="3.022696" lat="39.861775"><ele>37.0</ele></trkpt>
   <trkpt lon="3.023143" lat="39.861597"><ele>37.0</ele></trkpt>
   <trkpt lon="3.023304" lat="39.861525"><ele>36.0</ele></trkpt>
   <trkpt lon="3.023640" lat="39.861342"><ele>37.5</ele></trkpt>
   <trkpt lon="3.023960" lat="39.861132"><ele>36.0</ele></trkpt>
   <trkpt lon="3.024052" lat="39.861072"><ele>36.0</ele></trkpt>
   <trkpt lon="3.024202" lat="39.860974"><ele>37.0</ele></trkpt>
   <trkpt lon="3.024700" lat="39.860607"><ele>38.75</ele></trkpt>
   <trkpt lon="3.025036" lat="39.860364"><ele>40.75</ele></trkpt>
   <trkpt lon="3.025114" lat="39.860307"><ele>41.25</ele></trkpt>
   <trkpt lon="3.026189" lat="39.859515"><ele>47.75</ele></trkpt>
   <trkpt lon="3.026872" lat="39.859010"><ele>52.5</ele></trkpt>
   <trkpt lon="3.027402" lat="39.858626"><ele>56.0</ele></trkpt>
   <trkpt lon="3.028304" lat="39.857944"><ele>58.25</ele></trkpt>
   <trkpt lon="3.029125" lat="39.857364"><ele>58.75</ele></trkpt>
   <trkpt lon="3.029722" lat="39.856992"><ele>58.75</ele></trkpt>
   <trkpt lon="3.030588" lat="39.856448"><ele>53.75</ele><sym>pass_place</sym><type>Shaping</type></trkpt>
   <trkpt lon="3.030593" lat="39.856446"><ele>53.75</ele></trkpt>
   <trkpt lon="3.031050" lat="39.856118"><ele>50.0</ele></trkpt>
   <trkpt lon="3.031374" lat="39.855863"><ele>47.75</ele></trkpt>
   <trkpt lon="3.031768" lat="39.855500"><ele>46.0</ele></trkpt>
   <trkpt lon="3.033115" lat="39.854258"><ele>45.0</ele></trkpt>
   <trkpt lon="3.033587" lat="39.853809"><ele>48.0</ele></trkpt>
   <trkpt lon="3.033886" lat="39.853548"><ele>50.0</ele></trkpt>
   <trkpt lon="3.034096" lat="39.853306"><ele>51.75</ele></trkpt>
   <trkpt lon="3.034233" lat="39.853095"><ele>51.75</ele></trkpt>
   <trkpt lon="3.034314" lat="39.852901"><ele>53.25</ele></trkpt>
   <trkpt lon="3.034374" lat="39.852669"><ele>52.75</ele></trkpt>
   <trkpt lon="3.034401" lat="39.852526"><ele>52.0</ele></trkpt>
   <trkpt lon="3.034403" lat="39.852309"><ele>51.75</ele></trkpt>
   <trkpt lon="3.034359" lat="39.852093"><ele>51.75</ele></trkpt>
   <trkpt lon="3.034288" lat="39.851836"><ele>50.5</ele></trkpt>
   <trkpt lon="3.034184" lat="39.851567"><ele>49.75</ele></trkpt>
   <trkpt lon="3.034005" lat="39.851225"><ele>49.5</ele></trkpt>
   <trkpt lon="3.033843" lat="39.850945"><ele>49.25</ele></trkpt>
   <trkpt lon="3.033674" lat="39.850622"><ele>49.0</ele></trkpt>
   <trkpt lon="3.033537" lat="39.850217"><ele>50.0</ele></trkpt>
   <trkpt lon="3.033481" lat="39.849920"><ele>49.75</ele></trkpt>
   <trkpt lon="3.033437" lat="39.849472"><ele>50.75</ele></trkpt>
   <trkpt lon="3.033420" lat="39.849189"><ele>51.25</ele></trkpt>
   <trkpt lon="3.033371" lat="39.848378"><ele>53.5</ele></trkpt>
   <trkpt lon="3.033282" lat="39.847706"><ele>55.75</ele></trkpt>
   <trkpt lon="3.033236" lat="39.847498"><ele>56.25</ele></trkpt>
   <trkpt lon="3.033147" lat="39.847187"><ele>56.25</ele></trkpt>
   <trkpt lon="3.033022" lat="39.846873"><ele>57.25</ele></trkpt>
   <trkpt lon="3.032835" lat="39.846545"><ele>58.75</ele></trkpt>
   <trkpt lon="3.032272" lat="39.845807"><ele>60.75</ele></trkpt>
   <trkpt lon="3.031861" lat="39.845355"><ele>62.5</ele></trkpt>
   <trkpt lon="3.031209" lat="39.844583"><ele>67.0</ele></trkpt>
   <trkpt lon="3.030927" lat="39.844232"><ele>68.5</ele></trkpt>
   <trkpt lon="3.030694" lat="39.843822"><ele>70.25</ele></trkpt>
   <trkpt lon="3.030315" lat="39.842953"><ele>71.75</ele></trkpt>
   <trkpt lon="3.029635" lat="39.841347"><ele>68.25</ele><sym>right</sym></trkpt>
   <trkpt lon="3.029629" lat="39.841349"><ele>67.75</ele><sym>pass_place</sym><type>Shaping</type></trkpt>
   <trkpt lon="3.029569" lat="39.841371"><ele>67.75</ele></trkpt>
   <trkpt lon="3.029532" lat="39.841375"><ele>67.5</ele></trkpt>
   <trkpt lon="3.029487" lat="39.841362"><ele>67.0</ele></trkpt>
   <trkpt lon="3.029344" lat="39.841274"><ele>67.0</ele></trkpt>
   <trkpt lon="3.029217" lat="39.841212"><ele>66.75</ele></trkpt>
   <trkpt lon="3.028763" lat="39.841043"><ele>65.5</ele></trkpt>
   <trkpt lon="3.028472" lat="39.840924"><ele>64.75</ele></trkpt>
   <trkpt lon="3.028381" lat="39.840860"><ele>64.75</ele></trkpt>
   <trkpt lon="3.028327" lat="39.840782"><ele>64.5</ele></trkpt>
   <trkpt lon="3.028195" lat="39.840524"><ele>64.75</ele></trkpt>
   <trkpt lon="3.028131" lat="39.840442"><ele>65.0</ele></trkpt>
   <trkpt lon="3.028042" lat="39.840368"><ele>65.0</ele></trkpt>
   <trkpt lon="3.027641" lat="39.840160"><ele>66.0</ele></trkpt>
   <trkpt lon="3.027537" lat="39.840100"><ele>66.0</ele></trkpt>
   <trkpt lon="3.027462" lat="39.840087"><ele>66.0</ele></trkpt>
   <trkpt lon="3.027156" lat="39.840132"><ele>66.0</ele></trkpt>
   <trkpt lon="3.027075" lat="39.840137"><ele>65.75</ele></trkpt>
   <trkpt lon="3.027005" lat="39.840129"><ele>65.5</ele></trkpt>
   <trkpt lon="3.026866" lat="39.840084"><ele>64.75</ele></trkpt>
   <trkpt lon="3.026835" lat="39.840046"><ele>64.5</ele></trkpt>
   <trkpt lon="3.026830" lat="39.840002"><ele>64.25</ele></trkpt>
   <trkpt lon="3.026878" lat="39.839877"><ele>64.0</ele></trkpt>
   <trkpt lon="3.026994" lat="39.839139"><ele>62.75</ele></trkpt>
   <trkpt lon="3.026963" lat="39.838952"><ele>62.75</ele></trkpt>
   <trkpt lon="3.026666" lat="39.838236"><ele>59.25</ele></trkpt>
   <trkpt lon="3.026595" lat="39.838170"><ele>58.75</ele></trkpt>
   <trkpt lon="3.025881" lat="39.837783"><ele>59.5</ele></trkpt>
   <trkpt lon="3.025795" lat="39.837743"><ele>60.0</ele></trkpt>
   <trkpt lon="3.025608" lat="39.837646"><ele>60.75</ele></trkpt>
   <trkpt lon="3.025277" lat="39.837110"><ele>60.5</ele></trkpt>
   <trkpt lon="3.025166" lat="39.837016"><ele>60.5</ele></trkpt>
   <trkpt lon="3.025005" lat="39.836935"><ele>60.75</ele></trkpt>
   <trkpt lon="3.024856" lat="39.836900"><ele>61.0</ele></trkpt>
   <trkpt lon="3.024765" lat="39.836851"><ele>61.0</ele></trkpt>
   <trkpt lon="3.024374" lat="39.836580"><ele>62.5</ele></trkpt>
   <trkpt lon="3.023870" lat="39.836262"><ele>63.25</ele></trkpt>
   <trkpt lon="3.023666" lat="39.836133"><ele>63.5</ele></trkpt>
   <trkpt lon="3.023505" lat="39.836038"><ele>64.0</ele></trkpt>
   <trkpt lon="3.023153" lat="39.835793"><ele>63.25</ele></trkpt>
   <trkpt lon="3.023027" lat="39.835683"><ele>63.0</ele></trkpt>
   <trkpt lon="3.022632" lat="39.835535"><ele>63.5</ele></trkpt>
   <trkpt lon="3.022205" lat="39.835391"><ele>63.5</ele></trkpt>
   <trkpt lon="3.021990" lat="39.835355"><ele>64.0</ele></trkpt>
   <trkpt lon="3.021674" lat="39.835254"><ele>65.25</ele></trkpt>
   <trkpt lon="3.021281" lat="39.835102"><ele>65.25</ele></trkpt>
   <trkpt lon="3.020807" lat="39.834980"><ele>66.75</ele></trkpt>
   <trkpt lon="3.020462" lat="39.834850"><ele>66.25</ele></trkpt>
   <trkpt lon="3.019916" lat="39.834743"><ele>67.25</ele></trkpt>
   <trkpt lon="3.019714" lat="39.834744"><ele>68.0</ele></trkpt>
   <trkpt lon="3.019378" lat="39.834784"><ele>68.5</ele></trkpt>
   <trkpt lon="3.019030" lat="39.834736"><ele>69.5</ele></trkpt>
   <trkpt lon="3.018466" lat="39.834480"><ele>69.25</ele></trkpt>
   <trkpt lon="3.017637" lat="39.834290"><ele>70.0</ele></trkpt>
   <trkpt lon="3.017563" lat="39.834279"><ele>70.25</ele></trkpt>
   <trkpt lon="3.016571" lat="39.834044"><ele>70.5</ele></trkpt>
   <trkpt lon="3.016087" lat="39.833815"><ele>72.25</ele></trkpt>
   <trkpt lon="3.015320" lat="39.833501"><ele>78.5</ele></trkpt>
   <trkpt lon="3.015218" lat="39.833445"><ele>79.25</ele></trkpt>
   <trkpt lon="3.014854" lat="39.833051"><ele>80.5</ele></trkpt>
   <trkpt lon="3.014390" lat="39.832665"><ele>83.5</ele></trkpt>
   <trkpt lon="3.014139" lat="39.832493"><ele>85.0</ele><sym>pass_place</sym><type>Shaping</type></trkpt>
   <trkpt lon="3.013512" lat="39.832275"><ele>85.5</ele></trkpt>
   <trkpt lon="3.012850" lat="39.832053"><ele>86.75</ele></trkpt>
   <trkpt lon="3.012568" lat="39.831942"><ele>87.25</ele></trkpt>
   <trkpt lon="3.012349" lat="39.831811"><ele>87.5</ele></trkpt>
   <trkpt lon="3.012198" lat="39.831685"><ele>87.25</ele></trkpt>
   <trkpt lon="3.012090" lat="39.831584"><ele>87.5</ele></trkpt>
   <trkpt lon="3.011857" lat="39.831276"><ele>86.25</ele></trkpt>
   <trkpt lon="3.011692" lat="39.831161"><ele>85.5</ele></trkpt>
   <trkpt lon="3.011546" lat="39.831082"><ele>85.0</ele></trkpt>
   <trkpt lon="3.011192" lat="39.830732"><ele>84.25</ele></trkpt>
   <trkpt lon="3.010532" lat="39.830339"><ele>83.25</ele></trkpt>
   <trkpt lon="3.009865" lat="39.829973"><ele>84.75</ele></trkpt>
   <trkpt lon="3.009264" lat="39.829656"><ele>84.5</ele></trkpt>
   <trkpt lon="3.008879" lat="39.829486"><ele>86.0</ele></trkpt>
   <trkpt lon="3.007723" lat="39.829065"><ele>88.5</ele></trkpt>
   <trkpt lon="3.007072" lat="39.828577"><ele>90.75</ele></trkpt>
   <trkpt lon="3.006635" lat="39.828168"><ele>92.5</ele></trkpt>
   <trkpt lon="3.006407" lat="39.827832"><ele>92.75</ele></trkpt>
   <trkpt lon="3.006100" lat="39.827338"><ele>93.25</ele></trkpt>
   <trkpt lon="3.005988" lat="39.827263"><ele>93.5</ele></trkpt>
   <trkpt lon="3.005562" lat="39.827062"><ele>94.25</ele></trkpt>
   <trkpt lon="3.004913" lat="39.826742"><ele>95.25</ele></trkpt>
   <trkpt lon="3.004723" lat="39.826652"><ele>94.75</ele></trkpt>
   <trkpt lon="3.004542" lat="39.826547"><ele>94.25</ele></trkpt>
   <trkpt lon="3.004126" lat="39.826236"><ele>94.0</ele></trkpt>
   <trkpt lon="3.003873" lat="39.826036"><ele>94.25</ele></trkpt>
   <trkpt lon="3.003176" lat="39.825487"><ele>94.5</ele></trkpt>
   <trkpt lon="3.002677" lat="39.825086"><ele>94.5</ele></trkpt>
   <trkpt lon="3.001880" lat="39.824537"><ele>95.5</ele></trkpt>
   <trkpt lon="3.001447" lat="39.824306"><ele>96.25</ele></trkpt>
   <trkpt lon="3.001328" lat="39.824204"><ele>96.25</ele></trkpt>
   <trkpt lon="3.001023" lat="39.823730"><ele>97.5</ele></trkpt>
   <trkpt lon="3.000993" lat="39.823627"><ele>97.5</ele></trkpt>
   <trkpt lon="3.000950" lat="39.823550"><ele>97.75</ele></trkpt>
   <trkpt lon="3.000615" lat="39.823067"><ele>97.5</ele></trkpt>
   <trkpt lon="3.000425" lat="39.822930"><ele>97.5</ele></trkpt>
   <trkpt lon="2.999892" lat="39.822608"><ele>96.25</ele></trkpt>
   <trkpt lon="2.999337" lat="39.822075"><ele>95.25</ele></trkpt>
   <trkpt lon="2.998731" lat="39.821565"><ele>92.5</ele><sym>stay_left</sym></trkpt>
   <trkpt lon="2.998733" lat="39.821560"><ele>93.25</ele><sym>pass_place</sym><type>Shaping</type></trkpt>
   <trkpt lon="2.998731" lat="39.821565"><ele>92.5</ele></trkpt>
   <trkpt lon="2.998188" lat="39.821175"><ele>90.75</ele></trkpt>
   <trkpt lon="2.997644" lat="39.820768"><ele>89.5</ele></trkpt>
   <trkpt lon="2.996638" lat="39.819969"><ele>88.0</ele></trkpt>
   <trkpt lon="2.995963" lat="39.819480"><ele>87.25</ele></trkpt>
   <trkpt lon="2.995711" lat="39.819270"><ele>87.0</ele></trkpt>
   <trkpt lon="2.995173" lat="39.818882"><ele>86.0</ele></trkpt>
   <trkpt lon="2.994358" lat="39.818692"><ele>86.0</ele></trkpt>
   <trkpt lon="2.993989" lat="39.818608"><ele>85.75</ele></trkpt>
   <trkpt lon="2.992966" lat="39.818266"><ele>86.75</ele></trkpt>
   <trkpt lon="2.992876" lat="39.818213"><ele>86.75</ele></trkpt>
   <trkpt lon="2.992767" lat="39.818176"><ele>86.75</ele></trkpt>
   <trkpt lon="2.992685" lat="39.818147"><ele>86.75</ele></trkpt>
   <trkpt lon="2.992240" lat="39.817962"><ele>86.75</ele></trkpt>
   <trkpt lon="2.992010" lat="39.817844"><ele>87.0</ele></trkpt>
   <trkpt lon="2.991714" lat="39.817638"><ele>86.5</ele></trkpt>
   <trkpt lon="2.991628" lat="39.817566"><ele>86.0</ele></trkpt>
   <trkpt lon="2.991525" lat="39.817507"><ele>86.0</ele></trkpt>
   <trkpt lon="2.991257" lat="39.817376"><ele>86.0</ele></trkpt>
   <trkpt lon="2.991088" lat="39.817249"><ele>86.0</ele></trkpt>
   <trkpt lon="2.990374" lat="39.816732"><ele>85.0</ele></trkpt>
   <trkpt lon="2.990240" lat="39.816648"><ele>84.75</ele></trkpt>
   <trkpt lon="2.989778" lat="39.816273"><ele>82.5</ele></trkpt>
   <trkpt lon="2.989649" lat="39.816192"><ele>82.25</ele></trkpt>
   <trkpt lon="2.989556" lat="39.816149"><ele>82.5</ele></trkpt>
   <trkpt lon="2.989465" lat="39.816106"><ele>82.75</ele></trkpt>
   <trkpt lon="2.989423" lat="39.816086"><ele>82.75</ele></trkpt>
   <trkpt lon="2.989260" lat="39.816031"><ele>83.75</ele></trkpt>
   <trkpt lon="2.989052" lat="39.815975"><ele>84.0</ele></trkpt>
   <trkpt lon="2.988769" lat="39.815925"><ele>84.0</ele></trkpt>
   <trkpt lon="2.988613" lat="39.815887"><ele>83.75</ele></trkpt>
   <trkpt lon="2.988467" lat="39.815819"><ele>83.25</ele></trkpt>
   <trkpt lon="2.988109" lat="39.815627"><ele>80.25</ele></trkpt>
   <trkpt lon="2.987722" lat="39.815377"><ele>79.75</ele></trkpt>
   <trkpt lon="2.987459" lat="39.815238"><ele>79.25</ele></trkpt>
   <trkpt lon="2.987208" lat="39.815116"><ele>79.0</ele></trkpt>
   <trkpt lon="2.987041" lat="39.815056"><ele>79.5</ele></trkpt>
   <trkpt lon="2.986701" lat="39.814892"><ele>79.75</ele></trkpt>
   <trkpt lon="2.986611" lat="39.814839"><ele>80.0</ele></trkpt>
   <trkpt lon="2.985894" lat="39.814342"><ele>78.25</ele></trkpt>
   <trkpt lon="2.985527" lat="39.814065"><ele>77.25</ele></trkpt>
   <trkpt lon="2.985119" lat="39.813738"><ele>77.25</ele></trkpt>
   <trkpt lon="2.985024" lat="39.813654"><ele>77.0</ele></trkpt>
   <trkpt lon="2.984979" lat="39.813604"><ele>77.0</ele></trkpt>
   <trkpt lon="2.984890" lat="39.813462"><ele>77.0</ele></trkpt>
   <trkpt lon="2.984809" lat="39.813305"><ele>77.25</ele></trkpt>
   <trkpt lon="2.984752" lat="39.813239"><ele>77.0</ele></trkpt>
   <trkpt lon="2.984580" lat="39.813142"><ele>76.25</ele></trkpt>
   <trkpt lon="2.983755" lat="39.812757"><ele>77.0</ele></trkpt>
   <trkpt lon="2.983049" lat="39.812453"><ele>76.0</ele></trkpt>
   <trkpt lon="2.982979" lat="39.812390"><ele>76.5</ele></trkpt>
   <trkpt lon="2.982868" lat="39.812185"><ele>76.75</ele></trkpt>
   <trkpt lon="2.982702" lat="39.811980"><ele>75.75</ele></trkpt>
   <trkpt lon="2.982209" lat="39.811549"><ele>74.25</ele><sym>pass_place</sym><type>Shaping</type></trkpt>
   <trkpt lon="2.982208" lat="39.811549"><ele>74.25</ele></trkpt>
   <trkpt lon="2.982109" lat="39.811485"><ele>74.25</ele></trkpt>
   <trkpt lon="2.981995" lat="39.811431"><ele>74.25</ele></trkpt>
   <trkpt lon="2.981844" lat="39.811394"><ele>75.0</ele></trkpt>
   <trkpt lon="2.981672" lat="39.811325"><ele>75.75</ele></trkpt>
   <trkpt lon="2.981220" lat="39.811103"><ele>75.25</ele></trkpt>
   <trkpt lon="2.981093" lat="39.811019"><ele>75.5</ele></trkpt>
   <trkpt lon="2.980962" lat="39.810913"><ele>75.25</ele></trkpt>
   <trkpt lon="2.980489" lat="39.810499"><ele>74.25</ele></trkpt>
   <trkpt lon="2.980119" lat="39.810247"><ele>72.75</ele></trkpt>
   <trkpt lon="2.979557" lat="39.809984"><ele>71.25</ele></trkpt>
   <trkpt lon="2.979174" lat="39.809778"><ele>69.5</ele></trkpt>
   <trkpt lon="2.979006" lat="39.809708"><ele>68.75</ele></trkpt>
   <trkpt lon="2.978914" lat="39.809685"><ele>68.5</ele></trkpt>
   <trkpt lon="2.978846" lat="39.809676"><ele>68.5</ele></trkpt>
   <trkpt lon="2.977259" lat="39.809710"><ele>67.0</ele></trkpt>
   <trkpt lon="2.976965" lat="39.809692"><ele>67.0</ele></trkpt>
   <trkpt lon="2.976762" lat="39.809666"><ele>66.75</ele></trkpt>
   <trkpt lon="2.976615" lat="39.809632"><ele>66.5</ele></trkpt>
   <trkpt lon="2.976440" lat="39.809582"><ele>66.25</ele></trkpt>
   <trkpt lon="2.976101" lat="39.809435"><ele>66.75</ele></trkpt>
   <trkpt lon="2.975658" lat="39.809143"><ele>66.75</ele></trkpt>
   <trkpt lon="2.975493" lat="39.809020"><ele>67.0</ele></trkpt>
   <trkpt lon="2.975102" lat="39.808510"><ele>66.0</ele></trkpt>
   <trkpt lon="2.975000" lat="39.808407"><ele>66.0</ele></trkpt>
   <trkpt lon="2.974514" lat="39.808042"><ele>65.0</ele></trkpt>
   <trkpt lon="2.974257" lat="39.807820"><ele>64.25</ele></trkpt>
   <trkpt lon="2.974085" lat="39.807618"><ele>64.0</ele></trkpt>
   <trkpt lon="2.973999" lat="39.807534"><ele>63.75</ele></trkpt>
   <trkpt lon="2.973639" lat="39.807277"><ele>64.0</ele></trkpt>
   <trkpt lon="2.973265" lat="39.807060"><ele>63.0</ele></trkpt>
   <trkpt lon="2.972486" lat="39.806658"><ele>62.75</ele></trkpt>
   <trkpt lon="2.972403" lat="39.806604"><ele>62.5</ele></trkpt>
   <trkpt lon="2.971520" lat="39.805826"><ele>61.0</ele></trkpt>
   <trkpt lon="2.970510" lat="39.804864"><ele>60.75</ele></trkpt>
   <trkpt lon="2.970111" lat="39.804466"><ele>60.0</ele></trkpt>
   <trkpt lon="2.970037" lat="39.804349"><ele>60.0</ele></trkpt>
   <trkpt lon="2.970022" lat="39.804281"><ele>60.0</ele></trkpt>
   <trkpt lon="2.970031" lat="39.804217"><ele>60.0</ele></trkpt>
   <trkpt lon="2.970042" lat="39.804136"><ele>60.0</ele></trkpt>
   <trkpt lon="2.970133" lat="39.803775"><ele>61.25</ele></trkpt>
   <trkpt lon="2.970110" lat="39.803703"><ele>61.25</ele></trkpt>
   <trkpt lon="2.969930" lat="39.803221"><ele>62.5</ele></trkpt>
   <trkpt lon="2.969776" lat="39.802951"><ele>63.75</ele></trkpt>
   <trkpt lon="2.969590" lat="39.802730"><ele>64.25</ele></trkpt>
   <trkpt lon="2.969497" lat="39.802603"><ele>63.75</ele></trkpt>
   <trkpt lon="2.969398" lat="39.802407"><ele>64.5</ele></trkpt>
   <trkpt lon="2.969339" lat="39.802221"><ele>65.5</ele></trkpt>
   <trkpt lon="2.969183" lat="39.801504"><ele>63.5</ele></trkpt>
   <trkpt lon="2.969062" lat="39.801056"><ele>65.25</ele></trkpt>
   <trkpt lon="2.968961" lat="39.800828"><ele>63.75</ele></trkpt>
   <trkpt lon="2.968705" lat="39.800310"><ele>63.5</ele></trkpt>
   <trkpt lon="2.968703" lat="39.800307"><ele>61.75</ele><sym>pass_place</sym><type>Shaping</type></trkpt>
   <trkpt lon="2.968449" lat="39.799927"><ele>61.75</ele></trkpt>
   <trkpt lon="2.967320" lat="39.798596"><ele>56.75</ele></trkpt>
   <trkpt lon="2.966819" lat="39.798053"><ele>56.0</ele></trkpt>
   <trkpt lon="2.966273" lat="39.797327"><ele>54.25</ele></trkpt>
   <trkpt lon="2.966203" lat="39.797233"><ele>53.75</ele></trkpt>
   <trkpt lon="2.966022" lat="39.796924"><ele>53.25</ele></trkpt>
   <trkpt lon="2.965862" lat="39.796546"><ele>51.5</ele></trkpt>
   <trkpt lon="2.965844" lat="39.796327"><ele>51.25</ele></trkpt>
   <trkpt lon="2.965887" lat="39.795695"><ele>51.25</ele></trkpt>
   <trkpt lon="2.965915" lat="39.795236"><ele>50.25</ele></trkpt>
   <trkpt lon="2.965932" lat="39.794973"><ele>49.5</ele></trkpt>
   <trkpt lon="2.965913" lat="39.794838"><ele>49.25</ele></trkpt>
   <trkpt lon="2.965847" lat="39.794650"><ele>49.0</ele></trkpt>
   <trkpt lon="2.965578" lat="39.794035"><ele>48.75</ele><sym>right_slight</sym></trkpt>
   <trkpt lon="2.965372" lat="39.793844"><ele>48.0</ele></trkpt>
   <trkpt lon="2.965183" lat="39.793705"><ele>47.75</ele></trkpt>
   <trkpt lon="2.965101" lat="39.793627"><ele>48.75</ele></trkpt>
   <trkpt lon="2.965072" lat="39.793591"><ele>49.0</ele></trkpt>
   <trkpt lon="2.964987" lat="39.793437"><ele>48.75</ele></trkpt>
   <trkpt lon="2.964948" lat="39.793380"><ele>48.5</ele></trkpt>
   <trkpt lon="2.964890" lat="39.793321"><ele>48.75</ele></trkpt>
   <trkpt lon="2.964325" lat="39.792829"><ele>49.0</ele></trkpt>
   <trkpt lon="2.964227" lat="39.792747"><ele>49.5</ele><sym>left_slight</sym></trkpt>
   <trkpt lon="2.964203" lat="39.792675"><ele>49.75</ele></trkpt>
   <trkpt lon="2.964217" lat="39.792621"><ele>49.5</ele></trkpt>
   <trkpt lon="2.964273" lat="39.792553"><ele>49.5</ele></trkpt>
   <trkpt lon="2.964299" lat="39.792526"><ele>49.25</ele><sym>right</sym></trkpt>
   <trkpt lon="2.964094" lat="39.792338"><ele>50.0</ele></trkpt>
   <trkpt lon="2.964014" lat="39.792209"><ele>50.0</ele></trkpt>
   <trkpt lon="2.963934" lat="39.792052"><ele>50.0</ele></trkpt>
   <trkpt lon="2.963747" lat="39.791915"><ele>50.0</ele></trkpt>
   <trkpt lon="2.963561" lat="39.791827"><ele>50.5</ele></trkpt>
   <trkpt lon="2.963312" lat="39.791680"><ele>51.75</ele></trkpt>
   <trkpt lon="2.963185" lat="39.791564"><ele>51.5</ele></trkpt>
   <trkpt lon="2.962979" lat="39.791232"><ele>52.75</ele></trkpt>
   <trkpt lon="2.962685" lat="39.790864"><ele>53.0</ele></trkpt>
   <trkpt lon="2.962434" lat="39.790604"><ele>53.25</ele></trkpt>
   <trkpt lon="2.962284" lat="39.790346"><ele>53.75</ele></trkpt>
   <trkpt lon="2.962201" lat="39.790145"><ele>54.25</ele></trkpt>
   <trkpt lon="2.962152" lat="39.789857"><ele>55.75</ele></trkpt>
   <trkpt lon="2.961970" lat="39.789439"><ele>57.0</ele></trkpt>
   <trkpt lon="2.961665" lat="39.788819"><ele>59.0</ele></trkpt>
   <trkpt lon="2.961310" lat="39.788355"><ele>61.75</ele></trkpt>
   <trkpt lon="2.960944" lat="39.787968"><ele>63.75</ele></trkpt>
   <trkpt lon="2.960580" lat="39.787661"><ele>67.0</ele></trkpt>
   <trkpt lon="2.960264" lat="39.787470"><ele>69.25</ele></trkpt>
   <trkpt lon="2.959412" lat="39.787208"><ele>74.75</ele></trkpt>
   <trkpt lon="2.959061" lat="39.787028"><ele>74.5</ele></trkpt>
   <trkpt lon="2.958930" lat="39.786935"><ele>74.5</ele></trkpt>
   <trkpt lon="2.958797" lat="39.786800"><ele>73.75</ele><sym>pass_place</sym><type>Shaping</type></trkpt>
   <trkpt lon="2.958797" lat="39.786799"><ele>73.75</ele></trkpt>
   <trkpt lon="2.958693" lat="39.786622"><ele>73.5</ele></trkpt>
   <trkpt lon="2.958602" lat="39.786380"><ele>73.0</ele></trkpt>
   <trkpt lon="2.958497" lat="39.786101"><ele>73.0</ele></trkpt>
   <trkpt lon="2.958440" lat="39.785950"><ele>73.25</ele></trkpt>
   <trkpt lon="2.958422" lat="39.785902"><ele>73.5</ele></trkpt>
   <trkpt lon="2.958355" lat="39.785725"><ele>74.25</ele></trkpt>
   <trkpt lon="2.958297" lat="39.785570"><ele>74.5</ele></trkpt>
   <trkpt lon="2.957991" lat="39.784757"><ele>78.0</ele></trkpt>
   <trkpt lon="2.957819" lat="39.784298"><ele>81.25</ele></trkpt>
   <trkpt lon="2.957758" lat="39.784108"><ele>82.0</ele></trkpt>
   <trkpt lon="2.957701" lat="39.783966"><ele>82.5</ele></trkpt>
   <trkpt lon="2.957609" lat="39.783847"><ele>83.0</ele></trkpt>
   <trkpt lon="2.957243" lat="39.783479"><ele>87.0</ele></trkpt>
   <trkpt lon="2.956926" lat="39.783143"><ele>90.75</ele></trkpt>
   <trkpt lon="2.956720" lat="39.782939"><ele>92.25</ele></trkpt>
   <trkpt lon="2.956669" lat="39.782798"><ele>93.5</ele></trkpt>
   <trkpt lon="2.956645" lat="39.782661"><ele>94.5</ele></trkpt>
   <trkpt lon="2.956636" lat="39.782424"><ele>96.0</ele></trkpt>
   <trkpt lon="2.956676" lat="39.780581"><ele>106.0</ele></trkpt>
   <trkpt lon="2.956667" lat="39.780527"><ele>106.0</ele></trkpt>
   <trkpt lon="2.956656" lat="39.780454"><ele>106.5</ele></trkpt>
   <trkpt lon="2.956620" lat="39.780350"><ele>107.25</ele></trkpt>
   <trkpt lon="2.956504" lat="39.780180"><ele>108.5</ele></trkpt>
   <trkpt lon="2.956439" lat="39.780034"><ele>109.75</ele></trkpt>
   <trkpt lon="2.956447" lat="39.779966"><ele>110.25</ele></trkpt>
   <trkpt lon="2.956708" lat="39.779602"><ele>114.25</ele></trkpt>
   <trkpt lon="2.956821" lat="39.779528"><ele>115.0</ele></trkpt>
   <trkpt lon="2.957226" lat="39.779341"><ele>117.75</ele><sym>right</sym></trkpt>
   <trkpt lon="2.956821" lat="39.778877"><ele>117.75</ele></trkpt>
   <trkpt lon="2.956123" lat="39.778077"><ele>112.0</ele><sym>left</sym></trkpt>
   <trkpt lon="2.956704" lat="39.777778"><ele>114.0</ele></trkpt>
   <trkpt lon="2.957203" lat="39.777521"><ele>113.75</ele></trkpt>
   <trkpt lon="2.957753" lat="39.777236"><ele>115.0</ele><sym>right_slight</sym></trkpt>
   <trkpt lon="2.958249" lat="39.776487"><ele>110.5</ele></trkpt>
   <trkpt lon="2.958427" lat="39.776217"><ele>108.75</ele></trkpt>
   <trkpt lon="2.958519" lat="39.776030"><ele>108.0</ele><sym>left_slight</sym></trkpt>
   <trkpt lon="2.958803" lat="39.775855"><ele>107.75</ele></trkpt>
   <trkpt lon="2.959360" lat="39.775536"><ele>107.75</ele></trkpt>
   <trkpt lon="2.959624" lat="39.775374"><ele>107.75</ele></trkpt>
   <trkpt lon="2.960304" lat="39.774927"><ele>111.5</ele></trkpt>
   <trkpt lon="2.960428" lat="39.774861"><ele>112.25</ele></trkpt>
   <trkpt lon="2.960489" lat="39.774843"><ele>112.5</ele></trkpt>
   <trkpt lon="2.960599" lat="39.774830"><ele>113.25</ele></trkpt>
   <trkpt lon="2.960775" lat="39.774840"><ele>113.5</ele></trkpt>
   <trkpt lon="2.960986" lat="39.774824"><ele>113.0</ele></trkpt>
   <trkpt lon="2.961642" lat="39.774717"><ele>108.75</ele></trkpt>
   <trkpt lon="2.961769" lat="39.774687"><ele>108.0</ele></trkpt>
   <trkpt lon="2.961866" lat="39.774637"><ele>107.25</ele></trkpt>
   <trkpt lon="2.961970" lat="39.774548"><ele>106.75</ele></trkpt>
   <trkpt lon="2.962862" lat="39.773635"><ele>116.75</ele><sym>u-turn_right</sym></trkpt>
   <trkpt lon="2.962856" lat="39.773631"><ele>112.0</ele><sym>pass_place</sym><type>Shaping</type></trkpt>
   <trkpt lon="2.962862" lat="39.773635"><ele>116.75</ele></trkpt>
   <trkpt lon="2.963066" lat="39.773814"><ele>119.25</ele></trkpt>
   <trkpt lon="2.963365" lat="39.773963"><ele>121.5</ele></trkpt>
   <trkpt lon="2.963665" lat="39.774090"><ele>123.25</ele></trkpt>
   <trkpt lon="2.963994" lat="39.774236"><ele>124.5</ele></trkpt>
   <trkpt lon="2.964112" lat="39.774298"><ele>125.0</ele></trkpt>
   <trkpt lon="2.964385" lat="39.774473"><ele>127.0</ele></trkpt>
   <trkpt lon="2.964643" lat="39.774635"><ele>127.75</ele></trkpt>
   <trkpt lon="2.964857" lat="39.774760"><ele>128.25</ele></trkpt>
   <trkpt lon="2.965002" lat="39.774823"><ele>129.0</ele></trkpt>
   <trkpt lon="2.965161" lat="39.774859"><ele>129.0</ele></trkpt>
   <trkpt lon="2.965302" lat="39.774867"><ele>129.0</ele></trkpt>
   <trkpt lon="2.965447" lat="39.774849"><ele>129.0</ele></trkpt>
   <trkpt lon="2.965563" lat="39.774782"><ele>129.25</ele></trkpt>
   <trkpt lon="2.965656" lat="39.774728"><ele>129.5</ele><sym>left</sym></trkpt>
   <trkpt lon="2.965802" lat="39.774861"><ele>130.25</ele></trkpt>
   <trkpt lon="2.965883" lat="39.774935"><ele>130.25</ele><sym>left</sym></trkpt>
   <trkpt lon="2.965678" lat="39.775083"><ele>128.75</ele></trkpt>
   <trkpt lon="2.965466" lat="39.775235"><ele>127.5</ele></trkpt>
   <trkpt lon="2.965282" lat="39.775393"><ele>128.25</ele></trkpt>
   <trkpt lon="2.965134" lat="39.775521"><ele>127.75</ele></trkpt>
   <trkpt lon="2.964968" lat="39.775624"><ele>128.75</ele></trkpt>
   <trkpt lon="2.964594" lat="39.775946"><ele>129.75</ele><sym>left_sharp</sym></trkpt>
   <trkpt lon="2.964488" lat="39.775714"><ele>130.75</ele><sym>pass_place</sym><type>Shaping</type></trkpt>
   <trkpt lon="2.964370" lat="39.775321"><ele>130.0</ele></trkpt>
   <trkpt lon="2.965002" lat="39.774823"><ele>129.0</ele><sym>left</sym></trkpt>
   <trkpt lon="2.965161" lat="39.774859"><ele>129.0</ele></trkpt>
   <trkpt lon="2.965302" lat="39.774867"><ele>129.0</ele></trkpt>
   <trkpt lon="2.965447" lat="39.774849"><ele>129.0</ele></trkpt>
   <trkpt lon="2.965563" lat="39.774782"><ele>129.25</ele></trkpt>
   <trkpt lon="2.965656" lat="39.774728"><ele>129.5</ele></trkpt>
   <trkpt lon="2.965719" lat="39.774690"><ele>129.75</ele></trkpt>
   <trkpt lon="2.965864" lat="39.774609"><ele>129.75</ele></trkpt>
   <trkpt lon="2.966039" lat="39.774516"><ele>130.25</ele></trkpt>
   <trkpt lon="2.966247" lat="39.774430"><ele>129.75</ele></trkpt>
   <trkpt lon="2.966512" lat="39.774358"><ele>129.25</ele><sym>right_slight</sym></trkpt>
   <trkpt lon="2.966752" lat="39.774186"><ele>127.25</ele></trkpt>
   <trkpt lon="2.966926" lat="39.774049"><ele>126.0</ele></trkpt>
   <trkpt lon="2.966944" lat="39.774034"><ele>126.0</ele></trkpt>
   <trkpt lon="2.967388" lat="39.773669"><ele>122.5</ele></trkpt>
   <trkpt lon="2.967566" lat="39.773474"><ele>121.75</ele><sym>left</sym></trkpt>
   <trkpt lon="2.967619" lat="39.773490"><ele>121.5</ele></trkpt>
   <trkpt lon="2.968135" lat="39.773571"><ele>121.0</ele></trkpt>
   <trkpt lon="2.968156" lat="39.773575"><ele>121.0</ele></trkpt>
   <trkpt lon="2.968532" lat="39.773627"><ele>121.75</ele></trkpt>
   <trkpt lon="2.968627" lat="39.773632"><ele>121.75</ele></trkpt>
   <trkpt lon="2.969216" lat="39.773669"><ele>121.25</ele></trkpt>
   <trkpt lon="2.969436" lat="39.773713"><ele>121.25</ele></trkpt>
   <trkpt lon="2.969623" lat="39.773773"><ele>121.25</ele></trkpt>
   <trkpt lon="2.969766" lat="39.773841"><ele>121.0</ele><sym>right_slight</sym></trkpt>
   <trkpt lon="2.969926" lat="39.773847"><ele>120.25</ele></trkpt>
   <trkpt lon="2.970635" lat="39.773856"><ele>114.75</ele></trkpt>
   <trkpt lon="2.971188" lat="39.773866"><ele>111.5</ele></trkpt>
   <trkpt lon="2.971326" lat="39.773891"><ele>110.75</ele></trkpt>
   <trkpt lon="2.971615" lat="39.774016"><ele>108.75</ele></trkpt>
   <trkpt lon="2.971958" lat="39.774174"><ele>109.75</ele></trkpt>
   <trkpt lon="2.972351" lat="39.774447"><ele>109.25</ele></trkpt>
   <trkpt lon="2.972698" lat="39.774722"><ele>109.5</ele></trkpt>
   <trkpt lon="2.973198" lat="39.775194"><ele>108.5</ele></trkpt>
   <trkpt lon="2.973607" lat="39.775667"><ele>111.75</ele></trkpt>
   <trkpt lon="2.973783" lat="39.775855"><ele>113.0</ele></trkpt>
   <trkpt lon="2.973982" lat="39.776026"><ele>113.25</ele></trkpt>
   <trkpt lon="2.974092" lat="39.776111"><ele>113.25</ele></trkpt>
   <trkpt lon="2.974213" lat="39.776223"><ele>112.5</ele></trkpt>
   <trkpt lon="2.974719" lat="39.776815"><ele>109.0</ele></trkpt>
   <trkpt lon="2.974828" lat="39.776909"><ele>108.5</ele></trkpt>
   <trkpt lon="2.975126" lat="39.777158"><ele>108.25</ele></trkpt>
   <trkpt lon="2.975199" lat="39.777203"><ele>108.25</ele></trkpt>
   <trkpt lon="2.975278" lat="39.777226"><ele>108.0</ele></trkpt>
   <trkpt lon="2.975387" lat="39.777245"><ele>108.25</ele></trkpt>
   <trkpt lon="2.975565" lat="39.777237"><ele>108.25</ele></trkpt>
   <trkpt lon="2.975759" lat="39.777197"><ele>108.0</ele></trkpt>
   <trkpt lon="2.975805" lat="39.777171"><ele>107.75</ele></trkpt>
   <trkpt lon="2.975970" lat="39.777079"><ele>107.0</ele></trkpt>
   <trkpt lon="2.976244" lat="39.776905"><ele>106.0</ele></trkpt>
   <trkpt lon="2.977023" lat="39.776319"><ele>106.25</ele></trkpt>
   <trkpt lon="2.977265" lat="39.776120"><ele>105.75</ele></trkpt>
   <trkpt lon="2.977479" lat="39.775927"><ele>103.75</ele></trkpt>
   <trkpt lon="2.977594" lat="39.775844"><ele>103.0</ele></trkpt>
   <trkpt lon="2.977726" lat="39.775761"><ele>102.25</ele></trkpt>
   <trkpt lon="2.977878" lat="39.775700"><ele>101.5</ele></trkpt>
   <trkpt lon="2.978248" lat="39.775624"><ele>100.25</ele></trkpt>
   <trkpt lon="2.978521" lat="39.775588"><ele>99.5</ele></trkpt>
   <trkpt lon="2.978693" lat="39.775572"><ele>99.5</ele></trkpt>
   <trkpt lon="2.978879" lat="39.775572"><ele>99.5</ele></trkpt>
   <trkpt lon="2.979193" lat="39.775619"><ele>98.0</ele></trkpt>
   <trkpt lon="2.979894" lat="39.775736"><ele>95.25</ele></trkpt>
   <trkpt lon="2.980319" lat="39.775806"><ele>93.75</ele></trkpt>
   <trkpt lon="2.980421" lat="39.775827"><ele>94.0</ele></trkpt>
   <trkpt lon="2.980523" lat="39.775861"><ele>94.0</ele></trkpt>
   <trkpt lon="2.980735" lat="39.776022"><ele>93.5</ele></trkpt>
   <trkpt lon="2.980848" lat="39.776127"><ele>93.75</ele></trkpt>
   <trkpt lon="2.980918" lat="39.776170"><ele>94.0</ele><sym>pass_place</sym><type>Shaping</type></trkpt>
   <trkpt lon="2.980924" lat="39.776174"><ele>94.0</ele></trkpt>
   <trkpt lon="2.981272" lat="39.776291"><ele>94.75</ele></trkpt>
   <trkpt lon="2.981518" lat="39.776320"><ele>94.0</ele></trkpt>
   <trkpt lon="2.981720" lat="39.776326"><ele>92.25</ele></trkpt>
   <trkpt lon="2.981858" lat="39.776321"><ele>89.75</ele></trkpt>
   <trkpt lon="2.982078" lat="39.776290"><ele>86.5</ele></trkpt>
   <trkpt lon="2.982258" lat="39.776256"><ele>84.5</ele></trkpt>
   <trkpt lon="2.982688" lat="39.776247"><ele>80.0</ele></trkpt>
   <trkpt lon="2.983333" lat="39.776260"><ele>73.75</ele></trkpt>
   <trkpt lon="2.983426" lat="39.776251"><ele>72.75</ele></trkpt>
   <trkpt lon="2.983806" lat="39.776160"><ele>69.25</ele></trkpt>
   <trkpt lon="2.984067" lat="39.776070"><ele>66.75</ele></trkpt>
   <trkpt lon="2.984359" lat="39.775959"><ele>64.0</ele></trkpt>
   <trkpt lon="2.984667" lat="39.775905"><ele>61.5</ele></trkpt>
   <trkpt lon="2.984780" lat="39.775904"><ele>60.75</ele></trkpt>
   <trkpt lon="2.984886" lat="39.775916"><ele>60.5</ele></trkpt>
   <trkpt lon="2.985181" lat="39.775978"><ele>58.5</ele></trkpt>
   <trkpt lon="2.985253" lat="39.776014"><ele>58.0</ele></trkpt>
   <trkpt lon="2.985309" lat="39.776051"><ele>57.75</ele></trkpt>
   <trkpt lon="2.985374" lat="39.776109"><ele>57.25</ele></trkpt>
   <trkpt lon="2.985699" lat="39.776399"><ele>56.25</ele></trkpt>
   <trkpt lon="2.985889" lat="39.776604"><ele>55.25</ele></trkpt>
   <trkpt lon="2.985921" lat="39.776653"><ele>55.25</ele></trkpt>
   <trkpt lon="2.985904" lat="39.776703"><ele>55.5</ele><sym>right_sharp</sym></trkpt>
   <trkpt lon="2.986069" lat="39.776647"><ele>54.0</ele></trkpt>
   <trkpt lon="2.986341" lat="39.776541"><ele>51.75</ele></trkpt>
   <trkpt lon="2.986476" lat="39.776457"><ele>50.75</ele></trkpt>
   <trkpt lon="2.986634" lat="39.776336"><ele>50.0</ele></trkpt>
   <trkpt lon="2.986866" lat="39.776156"><ele>48.5</ele></trkpt>
   <trkpt lon="2.987523" lat="39.775588"><ele>46.25</ele></trkpt>
   <trkpt lon="2.987850" lat="39.775318"><ele>42.75</ele></trkpt>
   <trkpt lon="2.988264" lat="39.774955"><ele>43.0</ele></trkpt>
   <trkpt lon="2.988409" lat="39.774827"><ele>43.0</ele></trkpt>
   <trkpt lon="2.988489" lat="39.774725"><ele>43.75</ele></trkpt>
   <trkpt lon="2.988610" lat="39.774383"><ele>44.75</ele></trkpt>
   <trkpt lon="2.988686" lat="39.774151"><ele>42.75</ele></trkpt>
   <trkpt lon="2.988697" lat="39.774020"><ele>41.75</ele></trkpt>
   <trkpt lon="2.988687" lat="39.773954"><ele>41.25</ele><sym>roundabout_e3</sym></trkpt>
   <trkpt lon="2.988668" lat="39.773939"><ele>41.25</ele></trkpt>
   <trkpt lon="2.988634" lat="39.773903"><ele>41.0</ele></trkpt>
   <trkpt lon="2.988619" lat="39.773872"><ele>40.75</ele></trkpt>
   <trkpt lon="2.988614" lat="39.773812"><ele>40.5</ele></trkpt>
   <trkpt lon="2.988633" lat="39.773765"><ele>40.5</ele></trkpt>
   <trkpt lon="2.988670" lat="39.773725"><ele>40.25</ele></trkpt>
   <trkpt lon="2.988722" lat="39.773697"><ele>40.0</ele></trkpt>
   <trkpt lon="2.988783" lat="39.773683"><ele>39.75</ele></trkpt>
   <trkpt lon="2.988847" lat="39.773684"><ele>39.5</ele></trkpt>
   <trkpt lon="2.988906" lat="39.773701"><ele>39.5</ele></trkpt>
   <trkpt lon="2.988958" lat="39.773734"><ele>39.5</ele></trkpt>
   <trkpt lon="2.988993" lat="39.773778"><ele>39.5</ele></trkpt>
   <trkpt lon="2.989007" lat="39.773829"><ele>39.5</ele></trkpt>
   <trkpt lon="2.988997" lat="39.773880"><ele>39.75</ele></trkpt>
   <trkpt lon="2.988987" lat="39.773944"><ele>39.75</ele></trkpt>
   <trkpt lon="2.989003" lat="39.774028"><ele>39.25</ele></trkpt>
   <trkpt lon="2.989004" lat="39.774092"><ele>39.25</ele></trkpt>
   <trkpt lon="2.988984" lat="39.774173"><ele>39.25</ele></trkpt>
   <trkpt lon="2.988804" lat="39.774776"><ele>38.75</ele></trkpt>
   <trkpt lon="2.988787" lat="39.774917"><ele>38.25</ele></trkpt>
   <trkpt lon="2.988787" lat="39.774966"><ele>37.75</ele></trkpt>
   <trkpt lon="2.988801" lat="39.775061"><ele>37.5</ele></trkpt>
   <trkpt lon="2.988828" lat="39.775147"><ele>37.5</ele></trkpt>
   <trkpt lon="2.988880" lat="39.775251"><ele>37.0</ele></trkpt>
   <trkpt lon="2.988944" lat="39.775338"><ele>37.0</ele></trkpt>
   <trkpt lon="2.989015" lat="39.775420"><ele>37.0</ele></trkpt>
   <trkpt lon="2.989055" lat="39.775466"><ele>36.75</ele></trkpt>
   <trkpt lon="2.989177" lat="39.775578"><ele>36.0</ele></trkpt>
   <trkpt lon="2.989247" lat="39.775636"><ele>35.75</ele></trkpt>
   <trkpt lon="2.989459" lat="39.775782"><ele>34.75</ele></trkpt>
   <trkpt lon="2.989532" lat="39.775834"><ele>34.5</ele></trkpt>
   <trkpt lon="2.991092" lat="39.776901"><ele>31.0</ele></trkpt>
   <trkpt lon="2.992837" lat="39.778095"><ele>28.75</ele></trkpt>
   <trkpt lon="2.995277" lat="39.779551"><ele>28.0</ele><sym>pass_place</sym><type>Shaping</type></trkpt>
   <trkpt lon="2.995280" lat="39.779553"><ele>28.0</ele></trkpt>
   <trkpt lon="2.995502" lat="39.779667"><ele>28.75</ele></trkpt>
   <trkpt lon="2.995625" lat="39.779715"><ele>28.75</ele></trkpt>
   <trkpt lon="2.995757" lat="39.779753"><ele>29.25</ele></trkpt>
   <trkpt lon="2.996020" lat="39.779762"><ele>29.75</ele></trkpt>
   <trkpt lon="2.996230" lat="39.779759"><ele>29.75</ele></trkpt>
   <trkpt lon="2.996313" lat="39.779768"><ele>29.5</ele></trkpt>
   <trkpt lon="2.996392" lat="39.779788"><ele>29.5</ele></trkpt>
   <trkpt lon="2.996474" lat="39.779817"><ele>29.5</ele></trkpt>
   <trkpt lon="2.996630" lat="39.779888"><ele>30.0</ele><sym>right_slight</sym></trkpt>
   <trkpt lon="2.996708" lat="39.779900"><ele>30.0</ele></trkpt>
   <trkpt lon="2.996837" lat="39.779890"><ele>29.5</ele></trkpt>
   <trkpt lon="2.996980" lat="39.779836"><ele>28.5</ele></trkpt>
   <trkpt lon="2.997054" lat="39.779820"><ele>28.0</ele></trkpt>
   <trkpt lon="2.997367" lat="39.779667"><ele>26.75</ele></trkpt>
   <trkpt lon="2.997462" lat="39.779620"><ele>26.0</ele></trkpt>
   <trkpt lon="2.997780" lat="39.779461"><ele>25.75</ele></trkpt>
   <trkpt lon="2.998389" lat="39.779191"><ele>25.5</ele></trkpt>
   <trkpt lon="2.998853" lat="39.778964"><ele>24.75</ele></trkpt>
   <trkpt lon="2.999811" lat="39.778500"><ele>25.0</ele></trkpt>
   <trkpt lon="2.999856" lat="39.778479"><ele>25.0</ele></trkpt>
   <trkpt lon="3.000247" lat="39.778289"><ele>24.75</ele></trkpt>
   <trkpt lon="3.001946" lat="39.777466"><ele>23.75</ele></trkpt>
   <trkpt lon="3.002479" lat="39.777208"><ele>23.75</ele></trkpt>
   <trkpt lon="3.003053" lat="39.776926"><ele>23.75</ele></trkpt>
   <trkpt lon="3.003325" lat="39.776795"><ele>23.5</ele></trkpt>
   <trkpt lon="3.003776" lat="39.776566"><ele>23.5</ele></trkpt>
   <trkpt lon="3.004062" lat="39.776428"><ele>23.5</ele></trkpt>
   <trkpt lon="3.004411" lat="39.776260"><ele>22.5</ele></trkpt>
   <trkpt lon="3.004991" lat="39.775980"><ele>23.0</ele></trkpt>
   <trkpt lon="3.005826" lat="39.775573"><ele>23.75</ele></trkpt>
   <trkpt lon="3.006565" lat="39.775201"><ele>24.0</ele></trkpt>
   <trkpt lon="3.007228" lat="39.774886"><ele>24.0</ele></trkpt>
   <trkpt lon="3.007745" lat="39.774640"><ele>24.0</ele></trkpt>
   <trkpt lon="3.007898" lat="39.774577"><ele>24.0</ele></trkpt>
   <trkpt lon="3.007958" lat="39.774552"><ele>24.0</ele></trkpt>
   <trkpt lon="3.008009" lat="39.774533"><ele>24.0</ele></trkpt>
   <trkpt lon="3.008629" lat="39.774300"><ele>24.0</ele></trkpt>
   <trkpt lon="3.008662" lat="39.774289"><ele>24.0</ele></trkpt>
   <trkpt lon="3.009469" lat="39.773995"><ele>23.75</ele></trkpt>
   <trkpt lon="3.009940" lat="39.773822"><ele>24.0</ele></trkpt>
   <trkpt lon="3.011055" lat="39.773414"><ele>23.5</ele></trkpt>
   <trkpt lon="3.011332" lat="39.773311"><ele>24.0</ele></trkpt>
   <trkpt lon="3.011400" lat="39.773288"><ele>23.75</ele></trkpt>
   <trkpt lon="3.011453" lat="39.773268"><ele>23.75</ele></trkpt>
   <trkpt lon="3.011976" lat="39.773081"><ele>23.75</ele></trkpt>
   <trkpt lon="3.011998" lat="39.773073"><ele>23.75</ele></trkpt>
   <trkpt lon="3.013094" lat="39.772671"><ele>23.75</ele></trkpt>
   <trkpt lon="3.013316" lat="39.772593"><ele>23.5</ele></trkpt>
   <trkpt lon="3.013376" lat="39.772572"><ele>23.5</ele></trkpt>
   <trkpt lon="3.013467" lat="39.772539"><ele>23.75</ele><sym>right_slight</sym></trkpt>
   <trkpt lon="3.013589" lat="39.772419"><ele>24.25</ele><sym>pass_place</sym><type>Shaping</type></trkpt>
   <trkpt lon="3.013591" lat="39.772418"><ele>24.25</ele><sym>roundabout_e2</sym></trkpt>
   <trkpt lon="3.013584" lat="39.772368"><ele>24.25</ele></trkpt>
   <trkpt lon="3.013606" lat="39.772307"><ele>24.5</ele></trkpt>
   <trkpt lon="3.013631" lat="39.772274"><ele>24.75</ele></trkpt>
   <trkpt lon="3.013681" lat="39.772241"><ele>24.5</ele></trkpt>
   <trkpt lon="3.013731" lat="39.772223"><ele>24.5</ele></trkpt>
   <trkpt lon="3.013785" lat="39.772214"><ele>24.25</ele></trkpt>
   <trkpt lon="3.013840" lat="39.772220"><ele>24.0</ele></trkpt>
   <trkpt lon="3.013894" lat="39.772236"><ele>24.0</ele></trkpt>
   <trkpt lon="3.013934" lat="39.772259"><ele>24.0</ele></trkpt>
   <trkpt lon="3.014167" lat="39.772274"><ele>24.0</ele><sym>right_slight</sym></trkpt>
   <trkpt lon="3.014193" lat="39.772266"><ele>24.0</ele></trkpt>
   <trkpt lon="3.014290" lat="39.772227"><ele>24.0</ele></trkpt>
   <trkpt lon="3.014494" lat="39.772153"><ele>24.0</ele></trkpt>
   <trkpt lon="3.015319" lat="39.771857"><ele>23.25</ele></trkpt>
   <trkpt lon="3.015574" lat="39.771766"><ele>23.5</ele></trkpt>
   <trkpt lon="3.015981" lat="39.771621"><ele>23.0</ele></trkpt>
   <trkpt lon="3.016608" lat="39.771386"><ele>23.0</ele></trkpt>
   <trkpt lon="3.016753" lat="39.771332"><ele>23.0</ele></trkpt>
   <trkpt lon="3.016795" lat="39.771316"><ele>23.0</ele></trkpt>
   <trkpt lon="3.017445" lat="39.771073"><ele>23.0</ele></trkpt>
   <trkpt lon="3.018210" lat="39.770812"><ele>23.0</ele></trkpt>
   <trkpt lon="3.018923" lat="39.770553"><ele>23.0</ele></trkpt>
   <trkpt lon="3.019513" lat="39.770338"><ele>23.75</ele></trkpt>
   <trkpt lon="3.019622" lat="39.770275"><ele>24.0</ele><sym>right_slight</sym></trkpt>
   <trkpt lon="3.019787" lat="39.770104"><ele>24.0</ele></trkpt>
   <trkpt lon="3.019963" lat="39.769821"><ele>24.0</ele></trkpt>
   <trkpt lon="3.020305" lat="39.769287"><ele>24.5</ele></trkpt>
   <trkpt lon="3.020539" lat="39.768923"><ele>24.0</ele></trkpt>
   <trkpt lon="3.020779" lat="39.768571"><ele>25.0</ele></trkpt>
   <trkpt lon="3.021169" lat="39.767970"><ele>24.75</ele></trkpt>
   <trkpt lon="3.021349" lat="39.767671"><ele>24.75</ele></trkpt>
   <trkpt lon="3.021552" lat="39.767361"><ele>25.0</ele></trkpt>
   <trkpt lon="3.021603" lat="39.767279"><ele>25.0</ele></trkpt>
   <trkpt lon="3.022164" lat="39.766396"><ele>24.0</ele><sym>left</sym></trkpt>
   <trkpt lon="3.022894" lat="39.766800"><ele>24.0</ele></trkpt>
   <trkpt lon="3.023260" lat="39.767006"><ele>23.25</ele></trkpt>
   <trkpt lon="3.023749" lat="39.767261"><ele>23.0</ele></trkpt>
   <trkpt lon="3.024134" lat="39.767475"><ele>22.0</ele></trkpt>
   <trkpt lon="3.024858" lat="39.767879"><ele>21.5</ele></trkpt>
   <trkpt lon="3.025580" lat="39.768266"><ele>21.0</ele></trkpt>
   <trkpt lon="3.025992" lat="39.768492"><ele>21.0</ele></trkpt>
   <trkpt lon="3.026312" lat="39.768671"><ele>20.25</ele></trkpt>
   <trkpt lon="3.026774" lat="39.768928"><ele>20.0</ele></trkpt>
   <trkpt lon="3.027021" lat="39.769065"><ele>20.0</ele><sym>right</sym></trkpt>
   <trkpt lon="3.027508" lat="39.768569"><ele>20.0</ele></trkpt>
   <trkpt lon="3.027677" lat="39.768393"><ele>20.0</ele></trkpt>
   <trkpt lon="3.027832" lat="39.768203"><ele>20.0</ele></trkpt>
   <trkpt lon="3.028163" lat="39.767767"><ele>20.0</ele></trkpt>
   <trkpt lon="3.028283" lat="39.767560"><ele>20.0</ele></trkpt>
   <trkpt lon="3.028659" lat="39.767001"><ele>20.0</ele></trkpt>
   <trkpt lon="3.028660" lat="39.766999"><ele>20.0</ele><sym>pass_place</sym><type>Shaping</type></trkpt>
   <trkpt lon="3.028685" lat="39.766963"><ele>20.0</ele></trkpt>
   <trkpt lon="3.028704" lat="39.766934"><ele>20.0</ele></trkpt>
   <trkpt lon="3.028710" lat="39.766908"><ele>20.0</ele></trkpt>
   <trkpt lon="3.028697" lat="39.766884"><ele>20.0</ele><sym>roundabout_e2</sym></trkpt>
   <trkpt lon="3.028673" lat="39.766875"><ele>20.0</ele></trkpt>
   <trkpt lon="3.028644" lat="39.766841"><ele>20.0</ele></trkpt>
   <trkpt lon="3.028647" lat="39.766804"><ele>20.0</ele></trkpt>
   <trkpt lon="3.028660" lat="39.766787"><ele>20.0</ele></trkpt>
   <trkpt lon="3.028702" lat="39.766768"><ele>20.0</ele></trkpt>
   <trkpt lon="3.028752" lat="39.766772"><ele>20.0</ele></trkpt>
   <trkpt lon="3.028773" lat="39.766783"><ele>20.0</ele></trkpt>
   <trkpt lon="3.028796" lat="39.766816"><ele>20.0</ele></trkpt>
   <trkpt lon="3.028828" lat="39.766782"><ele>20.0</ele></trkpt>
   <trkpt lon="3.028859" lat="39.766747"><ele>20.0</ele></trkpt>
   <trkpt lon="3.028932" lat="39.766638"><ele>20.0</ele></trkpt>
   <trkpt lon="3.029306" lat="39.766075"><ele>20.0</ele></trkpt>
   <trkpt lon="3.029353" lat="39.766005"><ele>20.0</ele></trkpt>
   <trkpt lon="3.029547" lat="39.765701"><ele>20.0</ele></trkpt>
   <trkpt lon="3.029624" lat="39.765580"><ele>20.0</ele></trkpt>
   <trkpt lon="3.029633" lat="39.765565"><ele>20.0</ele><sym>right_slight</sym></trkpt>
   <trkpt lon="3.029634" lat="39.765465"><ele>20.0</ele></trkpt>
   <trkpt lon="3.029613" lat="39.765373"><ele>20.0</ele><sym>roundabout_e3</sym></trkpt>
   <trkpt lon="3.029601" lat="39.765339"><ele>20.0</ele></trkpt>
   <trkpt lon="3.029602" lat="39.765303"><ele>20.0</ele></trkpt>
   <trkpt lon="3.029615" lat="39.765269"><ele>20.0</ele></trkpt>
   <trkpt lon="3.029641" lat="39.765239"><ele>20.0</ele></trkpt>
   <trkpt lon="3.029677" lat="39.765216"><ele>20.0</ele></trkpt>
   <trkpt lon="3.029719" lat="39.765201"><ele>20.0</ele></trkpt>
   <trkpt lon="3.029765" lat="39.765196"><ele>20.0</ele></trkpt>
   <trkpt lon="3.029789" lat="39.765198"><ele>20.0</ele></trkpt>
   <trkpt lon="3.029951" lat="39.765041"><ele>19.75</ele></trkpt>
   <trkpt lon="3.029965" lat="39.765008"><ele>20.0</ele></trkpt>
   <trkpt lon="3.029987" lat="39.764964"><ele>20.0</ele></trkpt>
   <trkpt lon="3.030036" lat="39.764854"><ele>20.0</ele></trkpt>
   <trkpt lon="3.030146" lat="39.764493"><ele>20.75</ele></trkpt>
   <trkpt lon="3.030209" lat="39.764296"><ele>21.0</ele></trkpt>
   <trkpt lon="3.030284" lat="39.764075"><ele>21.0</ele></trkpt>
   <trkpt lon="3.030392" lat="39.763856"><ele>21.0</ele></trkpt>
   <trkpt lon="3.030430" lat="39.763778"><ele>21.0</ele></trkpt>
   <trkpt lon="3.030631" lat="39.763461"><ele>21.0</ele></trkpt>
   <trkpt lon="3.030802" lat="39.763180"><ele>21.0</ele></trkpt>
   <trkpt lon="3.031154" lat="39.762656"><ele>20.0</ele></trkpt>
   <trkpt lon="3.031159" lat="39.762648"><ele>20.0</ele></trkpt>
   <trkpt lon="3.031194" lat="39.762597"><ele>20.0</ele></trkpt>
   <trkpt lon="3.032091" lat="39.761266"><ele>20.0</ele></trkpt>
   <trkpt lon="3.032300" lat="39.760956"><ele>20.0</ele></trkpt>
   <trkpt lon="3.033222" lat="39.759580"><ele>20.5</ele></trkpt>
   <trkpt lon="3.033395" lat="39.759314"><ele>21.0</ele><sym>straight</sym></trkpt>
   <trkpt lon="3.033450" lat="39.759231"><ele>21.0</ele></trkpt>
   <trkpt lon="3.033529" lat="39.759121"><ele>21.0</ele></trkpt>
   <trkpt lon="3.033772" lat="39.758820"><ele>21.0</ele></trkpt>
   <trkpt lon="3.034310" lat="39.758227"><ele>21.0</ele></trkpt>
   <trkpt lon="3.035925" lat="39.756442"><ele>23.75</ele></trkpt>
   <trkpt lon="3.038829" lat="39.753224"><ele>20.0</ele></trkpt>
   <trkpt lon="3.041281" lat="39.750504"><ele>18.5</ele></trkpt>
   <trkpt lon="3.041283" lat="39.750501"><ele>18.5</ele><sym>pass_place</sym><type>Shaping</type></trkpt>
   <trkpt lon="3.041623" lat="39.750124"><ele>18.5</ele></trkpt>
   <trkpt lon="3.042375" lat="39.749294"><ele>19.0</ele></trkpt>
   <trkpt lon="3.042827" lat="39.748797"><ele>19.0</ele></trkpt>
   <trkpt lon="3.044185" lat="39.747300"><ele>12.75</ele></trkpt>
   <trkpt lon="3.044476" lat="39.746980"><ele>15.0</ele></trkpt>
   <trkpt lon="3.045167" lat="39.746212"><ele>17.75</ele></trkpt>
   <trkpt lon="3.046125" lat="39.745147"><ele>19.0</ele></trkpt>
   <trkpt lon="3.046609" lat="39.744610"><ele>21.0</ele></trkpt>
   <trkpt lon="3.046811" lat="39.744422"><ele>22.5</ele></trkpt>
   <trkpt lon="3.047758" lat="39.743531"><ele>32.25</ele></trkpt>
   <trkpt lon="3.049691" lat="39.741838"><ele>49.0</ele></trkpt>
   <trkpt lon="3.050096" lat="39.741537"><ele>49.75</ele></trkpt>
   <trkpt lon="3.051011" lat="39.740847"><ele>53.0</ele></trkpt>
   <trkpt lon="3.051178" lat="39.740690"><ele>53.75</ele></trkpt>
   <trkpt lon="3.051321" lat="39.740518"><ele>54.5</ele></trkpt>
   <trkpt lon="3.051573" lat="39.740136"><ele>54.75</ele></trkpt>
   <trkpt lon="3.051655" lat="39.740013"><ele>56.5</ele></trkpt>
   <trkpt lon="3.051708" lat="39.739953"><ele>56.0</ele></trkpt>
   <trkpt lon="3.051761" lat="39.739891"><ele>55.75</ele></trkpt>
   <trkpt lon="3.051933" lat="39.739769"><ele>58.0</ele></trkpt>
   <trkpt lon="3.051984" lat="39.739706"><ele>59.0</ele><sym>roundabout_e1</sym></trkpt>
   <trkpt lon="3.051998" lat="39.739663"><ele>58.25</ele></trkpt>
   <trkpt lon="3.052028" lat="39.739624"><ele>58.0</ele></trkpt>
   <trkpt lon="3.052070" lat="39.739593"><ele>57.75</ele></trkpt>
   <trkpt lon="3.052241" lat="39.739432"><ele>58.0</ele></trkpt>
   <trkpt lon="3.052362" lat="39.739338"><ele>59.75</ele></trkpt>
   <trkpt lon="3.052802" lat="39.738967"><ele>62.25</ele></trkpt>
   <trkpt lon="3.053077" lat="39.738780"><ele>62.5</ele></trkpt>
   <trkpt lon="3.053115" lat="39.738754"><ele>62.5</ele></trkpt>
   <trkpt lon="3.053302" lat="39.738624"><ele>62.75</ele></trkpt>
   <trkpt lon="3.053436" lat="39.738530"><ele>62.75</ele></trkpt>
   <trkpt lon="3.053523" lat="39.738477"><ele>62.75</ele></trkpt>
   <trkpt lon="3.053574" lat="39.738443"><ele>62.75</ele></trkpt>
   <trkpt lon="3.053904" lat="39.738228"><ele>63.0</ele></trkpt>
   <trkpt lon="3.054042" lat="39.738138"><ele>63.25</ele></trkpt>
   <trkpt lon="3.054478" lat="39.737875"><ele>64.75</ele><sym>stay_left</sym></trkpt>
   <trkpt lon="3.054482" lat="39.737877"><ele>65.25</ele><sym>pass_place</sym><type>Shaping</type></trkpt>
   <trkpt lon="3.054478" lat="39.737875"><ele>64.75</ele></trkpt>
   <trkpt lon="3.054572" lat="39.737813"><ele>65.25</ele></trkpt>
   <trkpt lon="3.054615" lat="39.737779"><ele>65.5</ele></trkpt>
   <trkpt lon="3.054871" lat="39.737576"><ele>66.5</ele></trkpt>
   <trkpt lon="3.054916" lat="39.737540"><ele>66.5</ele></trkpt>
   <trkpt lon="3.055381" lat="39.737192"><ele>68.25</ele></trkpt>
   <trkpt lon="3.055674" lat="39.736975"><ele>69.25</ele><sym>left</sym></trkpt>
   <trkpt lon="3.055992" lat="39.737350"><ele>70.25</ele><sym>right</sym></trkpt>
   <trkpt lon="3.056369" lat="39.737172"><ele>71.5</ele></trkpt>
   <trkpt lon="3.056672" lat="39.737012"><ele>72.5</ele><sym>right</sym></trkpt>
   <trkpt lon="3.056669" lat="39.737009"><ele>70.75</ele><sym>pass_place</sym><type>Shaping</type></trkpt>
   <trkpt lon="3.056376" lat="39.736628"><ele>70.75</ele><sym>right</sym></trkpt>
   <trkpt lon="3.055996" lat="39.736787"><ele>70.0</ele></trkpt>
   <trkpt lon="3.055825" lat="39.736858"><ele>69.75</ele><sym>right_slight</sym></trkpt>
   <trkpt lon="3.055725" lat="39.736935"><ele>69.5</ele></trkpt>
   <trkpt lon="3.055674" lat="39.736975"><ele>69.25</ele><sym>stay_left</sym></trkpt>
   <trkpt lon="3.055381" lat="39.737192"><ele>68.25</ele></trkpt>
   <trkpt lon="3.054916" lat="39.737540"><ele>66.5</ele></trkpt>
   <trkpt lon="3.054871" lat="39.737576"><ele>66.5</ele></trkpt>
   <trkpt lon="3.054615" lat="39.737779"><ele>65.5</ele></trkpt>
   <trkpt lon="3.054572" lat="39.737813"><ele>65.25</ele></trkpt>
   <trkpt lon="3.054478" lat="39.737875"><ele>64.75</ele><sym>stay_left</sym></trkpt>
   <trkpt lon="3.054042" lat="39.738138"><ele>63.25</ele></trkpt>
   <trkpt lon="3.053904" lat="39.738228"><ele>63.0</ele></trkpt>
   <trkpt lon="3.053574" lat="39.738443"><ele>62.75</ele></trkpt>
   <trkpt lon="3.053523" lat="39.738477"><ele>62.75</ele></trkpt>
   <trkpt lon="3.053436" lat="39.738530"><ele>62.75</ele></trkpt>
   <trkpt lon="3.053302" lat="39.738624"><ele>62.75</ele></trkpt>
   <trkpt lon="3.053115" lat="39.738754"><ele>62.5</ele></trkpt>
   <trkpt lon="3.053077" lat="39.738780"><ele>62.5</ele></trkpt>
   <trkpt lon="3.052802" lat="39.738967"><ele>62.25</ele></trkpt>
   <trkpt lon="3.052362" lat="39.739338"><ele>59.75</ele><sym>right_slight</sym></trkpt>
   <trkpt lon="3.052359" lat="39.739454"><ele>60.0</ele></trkpt>
   <trkpt lon="3.052351" lat="39.739564"><ele>60.25</ele></trkpt>
   <trkpt lon="3.052349" lat="39.739615"><ele>60.5</ele><sym>roundabout_e1</sym></trkpt>
   <trkpt lon="3.052378" lat="39.739647"><ele>60.75</ele></trkpt>
   <trkpt lon="3.052397" lat="39.739684"><ele>60.75</ele></trkpt>
   <trkpt lon="3.052403" lat="39.739722"><ele>60.75</ele></trkpt>
   <trkpt lon="3.052492" lat="39.740036"><ele>60.75</ele></trkpt>
   <trkpt lon="3.052504" lat="39.740204"><ele>60.25</ele></trkpt>
   <trkpt lon="3.052519" lat="39.740282"><ele>60.0</ele></trkpt>
   <trkpt lon="3.052565" lat="39.740459"><ele>59.5</ele></trkpt>
   <trkpt lon="3.052683" lat="39.740962"><ele>58.0</ele></trkpt>
   <trkpt lon="3.052784" lat="39.741342"><ele>57.0</ele></trkpt>
   <trkpt lon="3.052799" lat="39.741411"><ele>56.75</ele></trkpt>
   <trkpt lon="3.052851" lat="39.741683"><ele>55.75</ele></trkpt>
   <trkpt lon="3.052867" lat="39.741753"><ele>55.5</ele></trkpt>
   <trkpt lon="3.052890" lat="39.741858"><ele>55.25</ele></trkpt>
   <trkpt lon="3.052914" lat="39.741963"><ele>54.75</ele></trkpt>
   <trkpt lon="3.052945" lat="39.742105"><ele>54.25</ele></trkpt>
   <trkpt lon="3.052990" lat="39.742312"><ele>54.0</ele></trkpt>
   <trkpt lon="3.053033" lat="39.742510"><ele>53.75</ele></trkpt>
   <trkpt lon="3.053063" lat="39.742648"><ele>53.25</ele></trkpt>
   <trkpt lon="3.053097" lat="39.742700"><ele>53.25</ele></trkpt>
   <trkpt lon="3.053200" lat="39.742865"><ele>53.0</ele></trkpt>
   <trkpt lon="3.053366" lat="39.743128"><ele>52.75</ele></trkpt>
   <trkpt lon="3.053404" lat="39.743189"><ele>52.5</ele></trkpt>
   <trkpt lon="3.053492" lat="39.743338"><ele>52.5</ele></trkpt>
   <trkpt lon="3.053664" lat="39.743632"><ele>51.0</ele></trkpt>
   <trkpt lon="3.053738" lat="39.743757"><ele>50.5</ele></trkpt>
   <trkpt lon="3.053776" lat="39.743876"><ele>50.0</ele></trkpt>
   <trkpt lon="3.053890" lat="39.744235"><ele>48.75</ele></trkpt>
   <trkpt lon="3.054005" lat="39.744595"><ele>47.0</ele></trkpt>
   <trkpt lon="3.054062" lat="39.744772"><ele>46.25</ele></trkpt>
   <trkpt lon="3.054099" lat="39.744889"><ele>46.0</ele></trkpt>
   <trkpt lon="3.054117" lat="39.744944"><ele>45.75</ele></trkpt>
   <trkpt lon="3.054153" lat="39.745374"><ele>44.25</ele></trkpt>
   <trkpt lon="3.054171" lat="39.745597"><ele>42.75</ele></trkpt>
   <trkpt lon="3.054177" lat="39.745680"><ele>42.5</ele></trkpt>
   <trkpt lon="3.054206" lat="39.746133"><ele>41.0</ele></trkpt>
   <trkpt lon="3.054215" lat="39.746266"><ele>40.0</ele></trkpt>
   <trkpt lon="3.054315" lat="39.747320"><ele>36.0</ele></trkpt>
   <trkpt lon="3.054566" lat="39.748115"><ele>34.0</ele></trkpt>
   <trkpt lon="3.054753" lat="39.748735"><ele>31.5</ele></trkpt>
   <trkpt lon="3.055478" lat="39.751139"><ele>27.5</ele><sym>pass_place</sym><type>Shaping</type></trkpt>
   <trkpt lon="3.055899" lat="39.752530"><ele>23.0</ele></trkpt>
   <trkpt lon="3.055960" lat="39.752734"><ele>22.75</ele></trkpt>
   <trkpt lon="3.055980" lat="39.752762"><ele>23.0</ele><sym>left_slight</sym></trkpt>
   <trkpt lon="3.055978" lat="39.752843"><ele>22.5</ele></trkpt>
   <trkpt lon="3.055993" lat="39.753013"><ele>21.75</ele></trkpt>
   <trkpt lon="3.056094" lat="39.753599"><ele>18.75</ele></trkpt>
   <trkpt lon="3.056233" lat="39.754443"><ele>16.0</ele></trkpt>
   <trkpt lon="3.056412" lat="39.755437"><ele>14.25</ele></trkpt>
   <trkpt lon="3.056496" lat="39.756080"><ele>13.0</ele></trkpt>
   <trkpt lon="3.056770" lat="39.757577"><ele>11.5</ele></trkpt>
   <trkpt lon="3.056900" lat="39.758406"><ele>10.75</ele><sym>left_slight</sym></trkpt>
   <trkpt lon="3.056741" lat="39.758671"><ele>9.5</ele></trkpt>
   <trkpt lon="3.056488" lat="39.758984"><ele>8.0</ele></trkpt>
   <trkpt lon="3.056407" lat="39.759064"><ele>7.25</ele></trkpt>
   <trkpt lon="3.056166" lat="39.759189"><ele>8.5</ele></trkpt>
   <trkpt lon="3.055733" lat="39.759523"><ele>10.25</ele></trkpt>
   <trkpt lon="3.053340" lat="39.761444"><ele>11.75</ele><sym>right</sym></trkpt>
   <trkpt lon="3.054778" lat="39.763357"><ele>9.0</ele></trkpt>
   <trkpt lon="3.055638" lat="39.764244"><ele>8.25</ele></trkpt>
   <trkpt lon="3.055753" lat="39.764395"><ele>8.5</ele><sym>left</sym></trkpt>
   <trkpt lon="3.053439" lat="39.765729"><ele>8.75</ele><sym>pass_place</sym><type>Shaping</type></trkpt>
   <trkpt lon="3.053438" lat="39.765730"><ele>8.75</ele></trkpt>
   <trkpt lon="3.052820" lat="39.767106"><ele>8.75</ele></trkpt>
   <trkpt lon="3.052358" lat="39.768182"><ele>9.0</ele></trkpt>
   <trkpt lon="3.052300" lat="39.768330"><ele>9.0</ele></trkpt>
   <trkpt lon="3.052118" lat="39.769106"><ele>9.0</ele></trkpt>
   <trkpt lon="3.052008" lat="39.769418"><ele>8.75</ele></trkpt>
   <trkpt lon="3.051864" lat="39.769756"><ele>8.0</ele></trkpt>
   <trkpt lon="3.051736" lat="39.770117"><ele>8.0</ele></trkpt>
   <trkpt lon="3.051677" lat="39.770366"><ele>8.0</ele></trkpt>
   <trkpt lon="3.051590" lat="39.770899"><ele>8.0</ele></trkpt>
   <trkpt lon="3.051571" lat="39.771140"><ele>8.0</ele></trkpt>
   <trkpt lon="3.051515" lat="39.771387"><ele>8.0</ele></trkpt>
   <trkpt lon="3.051210" lat="39.772111"><ele>8.0</ele></trkpt>
   <trkpt lon="3.051065" lat="39.772589"><ele>7.5</ele></trkpt>
   <trkpt lon="3.050738" lat="39.773735"><ele>7.0</ele></trkpt>
   <trkpt lon="3.050660" lat="39.774018"><ele>7.0</ele></trkpt>
   <trkpt lon="3.050240" lat="39.775200"><ele>6.0</ele></trkpt>
   <trkpt lon="3.049850" lat="39.776245"><ele>6.0</ele></trkpt>
   <trkpt lon="3.049799" lat="39.776426"><ele>6.0</ele><sym>right_slight</sym></trkpt>
   <trkpt lon="3.049906" lat="39.776560"><ele>6.0</ele></trkpt>
   <trkpt lon="3.050050" lat="39.776691"><ele>5.75</ele></trkpt>
   <trkpt lon="3.051336" lat="39.777580"><ele>5.5</ele></trkpt>
   <trkpt lon="3.052657" lat="39.778510"><ele>5.0</ele></trkpt>
   <trkpt lon="3.052830" lat="39.778632"><ele>5.0</ele></trkpt>
   <trkpt lon="3.052946" lat="39.778694"><ele>5.0</ele></trkpt>
   <trkpt lon="3.053067" lat="39.778730"><ele>5.0</ele><sym>left_slight</sym></trkpt>
   <trkpt lon="3.053089" lat="39.778796"><ele>5.0</ele></trkpt>
   <trkpt lon="3.053153" lat="39.778852"><ele>5.0</ele></trkpt>
   <trkpt lon="3.053347" lat="39.778958"><ele>5.0</ele></trkpt>
   <trkpt lon="3.053468" lat="39.779038"><ele>5.0</ele></trkpt>
   <trkpt lon="3.053660" lat="39.779238"><ele>5.0</ele></trkpt>
   <trkpt lon="3.054250" lat="39.779984"><ele>4.5</ele></trkpt>
   <trkpt lon="3.054433" lat="39.780208"><ele>4.0</ele><sym>stay_left</sym></trkpt>
   <trkpt lon="3.054429" lat="39.780209"><ele>4.0</ele><sym>pass_place</sym><type>Shaping</type></trkpt>
   <trkpt lon="3.054433" lat="39.780208"><ele>4.0</ele></trkpt>
   <trkpt lon="3.054535" lat="39.780332"><ele>4.0</ele></trkpt>
   <trkpt lon="3.055182" lat="39.781122"><ele>3.25</ele></trkpt>
   <trkpt lon="3.055467" lat="39.781441"><ele>3.0</ele></trkpt>
   <trkpt lon="3.055512" lat="39.781513"><ele>3.0</ele></trkpt>
   <trkpt lon="3.055554" lat="39.781608"><ele>3.0</ele></trkpt>
   <trkpt lon="3.055655" lat="39.781919"><ele>3.0</ele></trkpt>
   <trkpt lon="3.055876" lat="39.782559"><ele>3.0</ele></trkpt>
   <trkpt lon="3.055965" lat="39.782776"><ele>3.0</ele></trkpt>
   <trkpt lon="3.056394" lat="39.783263"><ele>3.0</ele></trkpt>
   <trkpt lon="3.056478" lat="39.783393"><ele>2.75</ele></trkpt>
   <trkpt lon="3.056476" lat="39.783443"><ele>3.0</ele></trkpt>
   <trkpt lon="3.056381" lat="39.783566"><ele>3.0</ele></trkpt>
   <trkpt lon="3.055985" lat="39.783896"><ele>3.0</ele></trkpt>
   <trkpt lon="3.055127" lat="39.784503"><ele>3.0</ele></trkpt>
   <trkpt lon="3.054724" lat="39.784739"><ele>2.75</ele></trkpt>
   <trkpt lon="3.054493" lat="39.784831"><ele>2.5</ele></trkpt>
   <trkpt lon="3.054141" lat="39.785003"><ele>2.75</ele></trkpt>
   <trkpt lon="3.053605" lat="39.785344"><ele>2.25</ele></trkpt>
   <trkpt lon="3.053217" lat="39.785548"><ele>3.0</ele></trkpt>
   <trkpt lon="3.052998" lat="39.785657"><ele>3.0</ele></trkpt>
   <trkpt lon="3.052720" lat="39.785783"><ele>3.0</ele></trkpt>
   <trkpt lon="3.052549" lat="39.785880"><ele>3.0</ele></trkpt>
   <trkpt lon="3.052390" lat="39.786003"><ele>3.0</ele></trkpt>
   <trkpt lon="3.052289" lat="39.786081"><ele>3.0</ele></trkpt>
   <trkpt lon="3.051352" lat="39.786942"><ele>3.0</ele></trkpt>
   <trkpt lon="3.051202" lat="39.787080"><ele>3.0</ele><sym>right_slight</sym></trkpt>
   <trkpt lon="3.051199" lat="39.787150"><ele>3.0</ele></trkpt>
   <trkpt lon="3.051175" lat="39.787222"><ele>3.0</ele></trkpt>
   <trkpt lon="3.050989" lat="39.787523"><ele>3.0</ele></trkpt>
   <trkpt lon="3.050844" lat="39.787695"><ele>3.0</ele></trkpt>
   <trkpt lon="3.050790" lat="39.787759"><ele>3.0</ele></trkpt>
   <trkpt lon="3.050261" lat="39.788267"><ele>3.75</ele></trkpt>
   <trkpt lon="3.050194" lat="39.788392"><ele>4.0</ele></trkpt>
   <trkpt lon="3.050178" lat="39.788519"><ele>4.0</ele></trkpt>
   <trkpt lon="3.050217" lat="39.788646"><ele>4.0</ele></trkpt>
   <trkpt lon="3.050314" lat="39.788765"><ele>3.75</ele></trkpt>
   <trkpt lon="3.050411" lat="39.788850"><ele>3.75</ele></trkpt>
   <trkpt lon="3.051098" lat="39.789268"><ele>3.0</ele></trkpt>
   <trkpt lon="3.053276" lat="39.790590"><ele>2.75</ele></trkpt>
   <trkpt lon="3.054220" lat="39.791217"><ele>2.0</ele></trkpt>
   <trkpt lon="3.057749" lat="39.793269"><ele>2.0</ele><sym>pass_place</sym><type>Shaping</type></trkpt>
   <trkpt lon="3.057757" lat="39.793274"><ele>2.0</ele></trkpt>
   <trkpt lon="3.058076" lat="39.793427"><ele>2.0</ele></trkpt>
   <trkpt lon="3.059167" lat="39.793742"><ele>1.25</ele></trkpt>
   <trkpt lon="3.061175" lat="39.794307"><ele>1.0</ele></trkpt>
   <trkpt lon="3.063467" lat="39.794954"><ele>1.0</ele></trkpt>
   <trkpt lon="3.063560" lat="39.794981"><ele>1.0</ele></trkpt>
   <trkpt lon="3.068225" lat="39.796316"><ele>1.25</ele></trkpt>
   <trkpt lon="3.068642" lat="39.796417"><ele>1.0</ele></trkpt>
   <trkpt lon="3.068786" lat="39.796430"><ele>1.0</ele></trkpt>
   <trkpt lon="3.068921" lat="39.796428"><ele>1.0</ele></trkpt>
   <trkpt lon="3.069092" lat="39.796401"><ele>1.0</ele></trkpt>
   <trkpt lon="3.070612" lat="39.796139"><ele>1.0</ele></trkpt>
   <trkpt lon="3.070943" lat="39.796075"><ele>2.0</ele></trkpt>
   <trkpt lon="3.071150" lat="39.796022"><ele>1.75</ele></trkpt>
   <trkpt lon="3.071342" lat="39.795935"><ele>1.5</ele></trkpt>
   <trkpt lon="3.071575" lat="39.795800"><ele>1.25</ele></trkpt>
   <trkpt lon="3.072121" lat="39.795439"><ele>1.75</ele></trkpt>
   <trkpt lon="3.072304" lat="39.795311"><ele>2.0</ele></trkpt>
   <trkpt lon="3.072452" lat="39.795237"><ele>1.75</ele></trkpt>
   <trkpt lon="3.072621" lat="39.795207"><ele>2.0</ele></trkpt>
   <trkpt lon="3.072761" lat="39.795222"><ele>2.0</ele></trkpt>
   <trkpt lon="3.072892" lat="39.795266"><ele>1.75</ele></trkpt>
   <trkpt lon="3.073008" lat="39.795350"><ele>1.75</ele></trkpt>
   <trkpt lon="3.073057" lat="39.795426"><ele>1.75</ele></trkpt>
   <trkpt lon="3.073079" lat="39.795527"><ele>1.75</ele></trkpt>
   <trkpt lon="3.073045" lat="39.795636"><ele>1.5</ele></trkpt>
   <trkpt lon="3.073015" lat="39.795732"><ele>1.25</ele></trkpt>
   <trkpt lon="3.072824" lat="39.796033"><ele>1.5</ele></trkpt>
   <trkpt lon="3.072766" lat="39.796127"><ele>1.75</ele></trkpt>
   <trkpt lon="3.072756" lat="39.796145"><ele>1.75</ele></trkpt>
   <trkpt lon="3.072732" lat="39.796187"><ele>1.75</ele></trkpt>
   <trkpt lon="3.072666" lat="39.796308"><ele>1.5</ele></trkpt>
   <trkpt lon="3.072513" lat="39.796560"><ele>1.25</ele></trkpt>
   <trkpt lon="3.072493" lat="39.796637"><ele>1.0</ele></trkpt>
   <trkpt lon="3.072497" lat="39.796705"><ele>1.0</ele></trkpt>
   <trkpt lon="3.072528" lat="39.796781"><ele>1.0</ele></trkpt>
   <trkpt lon="3.072586" lat="39.796844"><ele>1.0</ele></trkpt>
   <trkpt lon="3.072677" lat="39.796897"><ele>1.0</ele></trkpt>
   <trkpt lon="3.072790" lat="39.796949"><ele>1.0</ele></trkpt>
   <trkpt lon="3.078309" lat="39.798970"><ele>1.0</ele><sym>pass_place</sym><type>Shaping</type></trkpt>
   <trkpt lon="3.078405" lat="39.799005"><ele>1.0</ele></trkpt>
   <trkpt lon="3.082556" lat="39.800537"><ele>1.0</ele></trkpt>
   <trkpt lon="3.082653" lat="39.800573"><ele>1.0</ele></trkpt>
   <trkpt lon="3.084058" lat="39.801091"><ele>1.0</ele></trkpt>
   <trkpt lon="3.084198" lat="39.801160"><ele>1.0</ele></trkpt>
   <trkpt lon="3.084317" lat="39.801236"><ele>1.0</ele></trkpt>
   <trkpt lon="3.084386" lat="39.801319"><ele>1.0</ele></trkpt>
   <trkpt lon="3.084430" lat="39.801417"><ele>1.0</ele></trkpt>
   <trkpt lon="3.084436" lat="39.801571"><ele>1.0</ele></trkpt>
   <trkpt lon="3.084370" lat="39.802855"><ele>1.0</ele></trkpt>
   <trkpt lon="3.084329" lat="39.803640"><ele>1.0</ele></trkpt>
   <trkpt lon="3.084351" lat="39.803741"><ele>1.0</ele></trkpt>
   <trkpt lon="3.084380" lat="39.803808"><ele>1.0</ele></trkpt>
   <trkpt lon="3.084398" lat="39.803849"><ele>1.0</ele></trkpt>
   <trkpt lon="3.084459" lat="39.803931"><ele>1.0</ele></trkpt>
   <trkpt lon="3.084538" lat="39.804001"><ele>1.0</ele></trkpt>
   <trkpt lon="3.085781" lat="39.804852"><ele>1.25</ele></trkpt>
   <trkpt lon="3.088601" lat="39.806811"><ele>1.25</ele></trkpt>
   <trkpt lon="3.089899" lat="39.807701"><ele>1.25</ele></trkpt>
   <trkpt lon="3.090020" lat="39.807765"><ele>1.0</ele></trkpt>
   <trkpt lon="3.090175" lat="39.807824"><ele>1.0</ele></trkpt>
   <trkpt lon="3.090632" lat="39.807977"><ele>1.0</ele></trkpt>
   <trkpt lon="3.094488" lat="39.809229"><ele>1.0</ele></trkpt>
   <trkpt lon="3.094489" lat="39.809229"><ele>1.0</ele><sym>pass_place</sym><type>Shaping</type></trkpt>
   <trkpt lon="3.095212" lat="39.809465"><ele>1.0</ele></trkpt>
   <trkpt lon="3.095854" lat="39.809670"><ele>1.0</ele></trkpt>
   <trkpt lon="3.099034" lat="39.810694"><ele>1.0</ele></trkpt>
   <trkpt lon="3.099370" lat="39.810810"><ele>1.0</ele></trkpt>
   <trkpt lon="3.099560" lat="39.810896"><ele>1.0</ele></trkpt>
   <trkpt lon="3.099881" lat="39.811062"><ele>1.0</ele></trkpt>
   <trkpt lon="3.100761" lat="39.811550"><ele>1.5</ele></trkpt>
   <trkpt lon="3.101047" lat="39.811713"><ele>1.5</ele></trkpt>
   <trkpt lon="3.101756" lat="39.812061"><ele>1.5</ele></trkpt>
   <trkpt lon="3.101953" lat="39.812148"><ele>1.5</ele></trkpt>
   <trkpt lon="3.103446" lat="39.812667"><ele>2.0</ele></trkpt>
   <trkpt lon="3.103791" lat="39.812785"><ele>2.0</ele></trkpt>
   <trkpt lon="3.104145" lat="39.812911"><ele>1.5</ele></trkpt>
   <trkpt lon="3.104256" lat="39.812919"><ele>1.5</ele></trkpt>
   <trkpt lon="3.104397" lat="39.812925"><ele>1.75</ele></trkpt>
   <trkpt lon="3.104478" lat="39.812913"><ele>2.0</ele><sym>roundabout_e1</sym></trkpt>
   <trkpt lon="3.104553" lat="39.812883"><ele>2.0</ele></trkpt>
   <trkpt lon="3.104636" lat="39.812870"><ele>2.0</ele></trkpt>
   <trkpt lon="3.104721" lat="39.812877"><ele>2.25</ele></trkpt>
   <trkpt lon="3.104799" lat="39.812902"><ele>2.25</ele></trkpt>
   <trkpt lon="3.104864" lat="39.812944"><ele>2.25</ele></trkpt>
   <trkpt lon="3.104911" lat="39.812998"><ele>2.25</ele></trkpt>
   <trkpt lon="3.104936" lat="39.813060"><ele>2.0</ele></trkpt>
   <trkpt lon="3.104937" lat="39.813125"><ele>2.0</ele></trkpt>
   <trkpt lon="3.104950" lat="39.813251"><ele>2.0</ele></trkpt>
   <trkpt lon="3.104976" lat="39.813324"><ele>2.0</ele></trkpt>
   <trkpt lon="3.105040" lat="39.813428"><ele>1.5</ele></trkpt>
   <trkpt lon="3.105310" lat="39.813659"><ele>1.5</ele></trkpt>
   <trkpt lon="3.105757" lat="39.814041"><ele>1.0</ele></trkpt>
   <trkpt lon="3.105999" lat="39.814232"><ele>1.0</ele></trkpt>
   <trkpt lon="3.106134" lat="39.814307"><ele>1.25</ele></trkpt>
   <trkpt lon="3.106281" lat="39.814365"><ele>1.25</ele></trkpt>
   <trkpt lon="3.106490" lat="39.814431"><ele>1.0</ele></trkpt>
   <trkpt lon="3.106671" lat="39.814454"><ele>1.0</ele></trkpt>
   <trkpt lon="3.106803" lat="39.814459"><ele>1.5</ele></trkpt>
   <trkpt lon="3.107029" lat="39.814449"><ele>2.0</ele></trkpt>
   <trkpt lon="3.107302" lat="39.814400"><ele>2.0</ele></trkpt>
   <trkpt lon="3.107723" lat="39.814328"><ele>2.0</ele></trkpt>
   <trkpt lon="3.108024" lat="39.814341"><ele>2.0</ele></trkpt>
   <trkpt lon="3.108175" lat="39.814356"><ele>1.5</ele></trkpt>
   <trkpt lon="3.109546" lat="39.814532"><ele>1.0</ele></trkpt>
   <trkpt lon="3.109706" lat="39.814550"><ele>1.0</ele></trkpt>
   <trkpt lon="3.109898" lat="39.814576"><ele>1.0</ele></trkpt>
   <trkpt lon="3.110374" lat="39.814634"><ele>1.0</ele></trkpt>
   <trkpt lon="3.111506" lat="39.814774"><ele>1.0</ele></trkpt>
   <trkpt lon="3.111835" lat="39.814815"><ele>1.0</ele></trkpt>
   <trkpt lon="3.111911" lat="39.814823"><ele>1.0</ele></trkpt>
   <trkpt lon="3.113048" lat="39.814967"><ele>1.25</ele></trkpt>
   <trkpt lon="3.113718" lat="39.815051"><ele>1.25</ele><sym>pass_place</sym><type>Shaping</type></trkpt>
   <trkpt lon="3.113724" lat="39.815052"><ele>1.25</ele></trkpt>
   <trkpt lon="3.114069" lat="39.815066"><ele>1.75</ele></trkpt>
   <trkpt lon="3.114159" lat="39.815069"><ele>1.75</ele><sym>roundabout_e4</sym></trkpt>
   <trkpt lon="3.114177" lat="39.815049"><ele>2.0</ele></trkpt>
   <trkpt lon="3.114231" lat="39.815025"><ele>2.0</ele></trkpt>
   <trkpt lon="3.114269" lat="39.815020"><ele>2.0</ele></trkpt>
   <trkpt lon="3.114307" lat="39.815025"><ele>2.0</ele></trkpt>
   <trkpt lon="3.114341" lat="39.815038"><ele>2.0</ele></trkpt>
   <trkpt lon="3.114369" lat="39.815058"><ele>2.0</ele></trkpt>
   <trkpt lon="3.114384" lat="39.815077"><ele>2.0</ele></trkpt>
   <trkpt lon="3.114397" lat="39.815118"><ele>2.0</ele></trkpt>
   <trkpt lon="3.114381" lat="39.815166"><ele>2.0</ele></trkpt>
   <trkpt lon="3.114367" lat="39.815182"><ele>2.0</ele></trkpt>
   <trkpt lon="3.114377" lat="39.815269"><ele>2.0</ele></trkpt>
   <trkpt lon="3.114356" lat="39.815347"><ele>2.0</ele></trkpt>
   <trkpt lon="3.114315" lat="39.815466"><ele>2.0</ele></trkpt>
   <trkpt lon="3.114237" lat="39.815689"><ele>2.0</ele></trkpt>
   <trkpt lon="3.114157" lat="39.815943"><ele>2.0</ele></trkpt>
   <trkpt lon="3.114131" lat="39.816028"><ele>2.0</ele></trkpt>
   <trkpt lon="3.114114" lat="39.816116"><ele>2.0</ele></trkpt>
   <trkpt lon="3.114051" lat="39.816366"><ele>2.0</ele></trkpt>
   <trkpt lon="3.114013" lat="39.816610"><ele>2.0</ele></trkpt>
   <trkpt lon="3.114017" lat="39.816990"><ele>1.5</ele></trkpt>
   <trkpt lon="3.114166" lat="39.817875"><ele>1.0</ele></trkpt>
   <trkpt lon="3.114177" lat="39.817945"><ele>1.0</ele></trkpt>
   <trkpt lon="3.114185" lat="39.818013"><ele>1.0</ele></trkpt>
   <trkpt lon="3.114211" lat="39.818161"><ele>1.0</ele></trkpt>
   <trkpt lon="3.114418" lat="39.819172"><ele>1.0</ele></trkpt>
   <trkpt lon="3.114572" lat="39.820030"><ele>1.0</ele></trkpt>
   <trkpt lon="3.114586" lat="39.820107"><ele>1.0</ele></trkpt>
   <trkpt lon="3.114610" lat="39.820239"><ele>1.0</ele></trkpt>
   <trkpt lon="3.114673" lat="39.820376"><ele>1.0</ele></trkpt>
   <trkpt lon="3.114996" lat="39.822297"><ele>1.0</ele></trkpt>
   <trkpt lon="3.115026" lat="39.822476"><ele>1.0</ele></trkpt>
   <trkpt lon="3.115052" lat="39.822625"><ele>1.0</ele></trkpt>
   <trkpt lon="3.115226" lat="39.823675"><ele>1.0</ele></trkpt>
   <trkpt lon="3.115375" lat="39.824563"><ele>1.0</ele></trkpt>
   <trkpt lon="3.115400" lat="39.824716"><ele>1.0</ele></trkpt>
   <trkpt lon="3.115429" lat="39.824882"><ele>1.0</ele></trkpt>
   <trkpt lon="3.115474" lat="39.825132"><ele>1.0</ele></trkpt>
   <trkpt lon="3.115579" lat="39.825724"><ele>1.0</ele></trkpt>
   <trkpt lon="3.115680" lat="39.826295"><ele>1.0</ele></trkpt>
   <trkpt lon="3.115797" lat="39.826901"><ele>1.0</ele></trkpt>
   <trkpt lon="3.115980" lat="39.827941"><ele>1.0</ele></trkpt>
   <trkpt lon="3.116005" lat="39.828078"><ele>1.0</ele></trkpt>
   <trkpt lon="3.116037" lat="39.828229"><ele>1.0</ele></trkpt>
   <trkpt lon="3.116108" lat="39.828547"><ele>1.0</ele></trkpt>
   <trkpt lon="3.116169" lat="39.828713"><ele>1.0</ele></trkpt>
   <trkpt lon="3.116232" lat="39.828891"><ele>1.0</ele></trkpt>
   <trkpt lon="3.116519" lat="39.829772"><ele>1.0</ele></trkpt>
   <trkpt lon="3.116718" lat="39.830381"><ele>1.0</ele></trkpt>
   <trkpt lon="3.116769" lat="39.830536"><ele>1.0</ele></trkpt>
   <trkpt lon="3.116769" lat="39.830539"><ele>1.0</ele><sym>pass_place</sym><type>Shaping</type></trkpt>
   <trkpt lon="3.117062" lat="39.831428"><ele>1.25</ele><sym>left_slight</sym></trkpt>
   <trkpt lon="3.117089" lat="39.831510"><ele>1.25</ele></trkpt>
   <trkpt lon="3.117068" lat="39.831577"><ele>1.0</ele><sym>roundabout_e2</sym></trkpt>
   <trkpt lon="3.117092" lat="39.831601"><ele>1.0</ele></trkpt>
   <trkpt lon="3.117108" lat="39.831630"><ele>1.0</ele></trkpt>
   <trkpt lon="3.117107" lat="39.831671"><ele>1.0</ele></trkpt>
   <trkpt lon="3.117097" lat="39.831689"><ele>1.0</ele></trkpt>
   <trkpt lon="3.117156" lat="39.831727"><ele>1.0</ele></trkpt>
   <trkpt lon="3.117168" lat="39.831761"><ele>1.0</ele></trkpt>
   <trkpt lon="3.117180" lat="39.831800"><ele>1.0</ele></trkpt>
   <trkpt lon="3.117188" lat="39.831823"><ele>1.0</ele></trkpt>
   <trkpt lon="3.117466" lat="39.832687"><ele>1.0</ele></trkpt>
   <trkpt lon="3.117722" lat="39.833422"><ele>1.0</ele></trkpt>
   <trkpt lon="3.117773" lat="39.833571"><ele>1.0</ele></trkpt>
   <trkpt lon="3.117832" lat="39.833765"><ele>1.25</ele></trkpt>
   <trkpt lon="3.117967" lat="39.834208"><ele>1.0</ele></trkpt>
   <trkpt lon="3.118215" lat="39.834881"><ele>1.0</ele></trkpt>
   <trkpt lon="3.118335" lat="39.835102"><ele>1.0</ele></trkpt>
   <trkpt lon="3.118409" lat="39.835236"><ele>1.0</ele></trkpt>
   <trkpt lon="3.118563" lat="39.835468"><ele>1.0</ele></trkpt>
   <trkpt lon="3.118791" lat="39.835812"><ele>1.0</ele></trkpt>
   <trkpt lon="3.118901" lat="39.836014"><ele>1.0</ele></trkpt>
   <trkpt lon="3.119296" lat="39.836680"><ele>1.0</ele></trkpt>
   <trkpt lon="3.119692" lat="39.837325"><ele>1.0</ele></trkpt>
   <trkpt lon="3.119947" lat="39.837740"><ele>1.0</ele></trkpt>
   <trkpt lon="3.120088" lat="39.837970"><ele>1.0</ele></trkpt>
   <trkpt lon="3.120198" lat="39.838143"><ele>1.0</ele></trkpt>
   <trkpt lon="3.120475" lat="39.838625"><ele>1.0</ele></trkpt>
   <trkpt lon="3.120529" lat="39.838707"><ele>1.0</ele></trkpt>
   <trkpt lon="3.120805" lat="39.839090"><ele>1.0</ele></trkpt>
   <trkpt lon="3.121114" lat="39.839473"><ele>1.0</ele></trkpt>
   <trkpt lon="3.121238" lat="39.839572"><ele>1.0</ele></trkpt>
   <trkpt lon="3.121475" lat="39.839695"><ele>1.0</ele></trkpt>
   <trkpt lon="3.121641" lat="39.839781"><ele>1.0</ele></trkpt>
   <trkpt lon="3.122183" lat="39.839952"><ele>1.0</ele></trkpt>
   <trkpt lon="3.123448" lat="39.840220"><ele>1.0</ele></trkpt>
   <trkpt lon="3.124125" lat="39.840356"><ele>1.0</ele></trkpt>
   <trkpt lon="3.124614" lat="39.840449"><ele>1.0</ele></trkpt>
   <trkpt lon="3.125287" lat="39.840575"><ele>1.0</ele></trkpt>
   <trkpt lon="3.125437" lat="39.840607"><ele>1.0</ele></trkpt>
   <trkpt lon="3.125475" lat="39.840616"><ele>1.0</ele><sym>left</sym></trkpt>
   <trkpt lon="3.125451" lat="39.840690"><ele>1.0</ele><sym>right</sym></trkpt>
   <trkpt lon="3.126097" lat="39.840815"><ele>1.0</ele></trkpt>
   <trkpt lon="3.126733" lat="39.840948"><ele>1.0</ele></trkpt>
   <trkpt lon="3.126907" lat="39.841007"><ele>1.0</ele></trkpt>
   <trkpt lon="3.127970" lat="39.841222"><ele>1.0</ele></trkpt>
   <trkpt lon="3.128767" lat="39.841384"><ele>1.0</ele></trkpt>
   <trkpt lon="3.128894" lat="39.841409"><ele>1.0</ele></trkpt>
   <trkpt lon="3.129579" lat="39.841548"><ele>1.0</ele><sym>stay_left</sym></trkpt>
   <trkpt lon="3.129578" lat="39.841549"><ele>1.0</ele><sym>pass_place</sym><type>Shaping</type></trkpt>
   <trkpt lon="3.129579" lat="39.841548"><ele>1.0</ele></trkpt>
   <trkpt lon="3.129754" lat="39.841584"><ele>1.0</ele></trkpt>
   <trkpt lon="3.130418" lat="39.841719"><ele>1.0</ele></trkpt>
   <trkpt lon="3.131154" lat="39.841870"><ele>1.0</ele></trkpt>
   <trkpt lon="3.131241" lat="39.841884"><ele>1.0</ele><sym>left</sym></trkpt>
   <trkpt lon="3.131239" lat="39.841980"><ele>1.0</ele></trkpt>
   <trkpt lon="3.131243" lat="39.842643"><ele>1.0</ele></trkpt>
   <trkpt lon="3.131244" lat="39.843182"><ele>1.0</ele></trkpt>
   <trkpt lon="3.131250" lat="39.843710"><ele>1.5</ele><sym>right</sym></trkpt>
   <trkpt lon="3.131723" lat="39.843882"><ele>1.75</ele></trkpt>
   <trkpt lon="3.131878" lat="39.843938"><ele>2.0</ele></trkpt>
   <trkpt lon="3.132004" lat="39.843984"><ele>2.0</ele></trkpt>
   <trkpt lon="3.132617" lat="39.844205"><ele>2.25</ele></trkpt>
   <trkpt lon="3.132766" lat="39.844259"><ele>2.5</ele><sym>roundabout_e2</sym></trkpt>
   <trkpt lon="3.132807" lat="39.844253"><ele>2.5</ele></trkpt>
   <trkpt lon="3.132838" lat="39.844265"><ele>2.5</ele></trkpt>
   <trkpt lon="3.132854" lat="39.844294"><ele>2.5</ele></trkpt>
   <trkpt lon="3.132840" lat="39.844324"><ele>2.5</ele></trkpt>
   <trkpt lon="3.132811" lat="39.844337"><ele>2.25</ele></trkpt>
   <trkpt lon="3.132781" lat="39.844335"><ele>2.25</ele></trkpt>
   <trkpt lon="3.132441" lat="39.844743"><ele>2.0</ele></trkpt>
   <trkpt lon="3.131438" lat="39.845712"><ele>1.5</ele></trkpt>
   <trkpt lon="3.131124" lat="39.846016"><ele>2.0</ele><sym>roundabout_e2</sym></trkpt>
   <trkpt lon="3.131168" lat="39.846053"><ele>2.0</ele></trkpt>
   <trkpt lon="3.131186" lat="39.846083"><ele>2.0</ele></trkpt>
   <trkpt lon="3.131196" lat="39.846135"><ele>2.0</ele></trkpt>
   <trkpt lon="3.131191" lat="39.846165"><ele>2.0</ele></trkpt>
   <trkpt lon="3.131164" lat="39.846210"><ele>2.25</ele></trkpt>
   <trkpt lon="3.131141" lat="39.846232"><ele>2.25</ele></trkpt>
   <trkpt lon="3.131083" lat="39.846262"><ele>2.25</ele></trkpt>
   <trkpt lon="3.131035" lat="39.846272"><ele>2.25</ele></trkpt>
   <trkpt lon="3.130967" lat="39.846270"><ele>2.25</ele></trkpt>
   <trkpt lon="3.130902" lat="39.846248"><ele>2.0</ele></trkpt>
   <trkpt lon="3.130672" lat="39.846515"><ele>1.5</ele></trkpt>
   <trkpt lon="3.130578" lat="39.846608"><ele>1.25</ele></trkpt>
   <trkpt lon="3.129542" lat="39.847624"><ele>1.25</ele></trkpt>
   <trkpt lon="3.129016" lat="39.848122"><ele>2.5</ele></trkpt>
   <trkpt lon="3.128172" lat="39.848955"><ele>4.0</ele></trkpt>
   <trkpt lon="3.128094" lat="39.849032"><ele>4.25</ele></trkpt>
   <trkpt lon="3.127311" lat="39.849787"><ele>6.0</ele></trkpt>
   <trkpt lon="3.127246" lat="39.849853"><ele>6.0</ele></trkpt>
   <trkpt lon="3.127025" lat="39.850074"><ele>6.25</ele></trkpt>
   <trkpt lon="3.126935" lat="39.850164"><ele>6.5</ele></trkpt>
   <trkpt lon="3.126851" lat="39.850247"><ele>6.75</ele></trkpt>
   <trkpt lon="3.126488" lat="39.850605"><ele>8.0</ele></trkpt>
   <trkpt lon="3.126363" lat="39.850731"><ele>8.0</ele></trkpt>
   <trkpt lon="3.125909" lat="39.851179"><ele>9.0</ele></trkpt>
   <trkpt lon="3.125220" lat="39.851857"><ele>10.5</ele></trkpt>
   <trkpt lon="3.125031" lat="39.852003"><ele>10.0</ele><sym>straight</sym></trkpt>
   <trkpt lon="3.124942" lat="39.852094"><ele>10.0</ele></trkpt>
   <trkpt lon="3.124116" lat="39.852959"><ele>10.0</ele></trkpt>
   <trkpt lon="3.124104" lat="39.852973"><ele>10.0</ele></trkpt>
   <trkpt lon="3.124048" lat="39.853042"><ele>10.0</ele></trkpt>
   <trkpt lon="3.123984" lat="39.853167"><ele>9.75</ele></trkpt>
   <trkpt lon="3.123963" lat="39.853353"><ele>9.5</ele></trkpt>
   <trkpt lon="3.123985" lat="39.853422"><ele>9.25</ele><sym>right</sym></trkpt>
   <trkpt lon="3.124047" lat="39.853451"><ele>9.0</ele><sym>pass_place</sym><type>Shaping</type></trkpt>
   <trkpt lon="3.124050" lat="39.853452"><ele>9.0</ele></trkpt>
   <trkpt lon="3.124168" lat="39.853463"><ele>8.75</ele></trkpt>
   <trkpt lon="3.124294" lat="39.853483"><ele>8.5</ele></trkpt>
   <trkpt lon="3.124338" lat="39.853506"><ele>8.0</ele></trkpt>
   <trkpt lon="3.124369" lat="39.853544"><ele>7.75</ele></trkpt>
   <trkpt lon="3.124523" lat="39.853823"><ele>7.75</ele><sym>right_slight</sym></trkpt>
   <trkpt lon="3.124549" lat="39.853869"><ele>7.75</ele></trkpt>
   <trkpt lon="3.124693" lat="39.853921"><ele>8.0</ele></trkpt>
   <trkpt lon="3.124745" lat="39.853940"><ele>8.0</ele><sym>left</sym></trkpt>
   <trkpt lon="3.124718" lat="39.854126"><ele>8.0</ele></trkpt>
   <trkpt lon="3.124687" lat="39.854158"><ele>8.0</ele></trkpt>
   <trkpt lon="3.124551" lat="39.854299"><ele>8.0</ele></trkpt>
   <trkpt lon="3.124431" lat="39.854414"><ele>8.0</ele></trkpt>
   <trkpt lon="3.124299" lat="39.854535"><ele>8.0</ele></trkpt>
   <trkpt lon="3.124196" lat="39.854630"><ele>8.0</ele></trkpt>
   <trkpt lon="3.124178" lat="39.854765"><ele>8.0</ele><sym>left</sym></trkpt>
   <trkpt lon="3.123860" lat="39.854785"><ele>8.0</ele></trkpt>
   <trkpt lon="3.123800" lat="39.854792"><ele>8.0</ele></trkpt>
   <trkpt lon="3.123688" lat="39.854806"><ele>8.0</ele></trkpt>
   <trkpt lon="3.123541" lat="39.854842"><ele>8.25</ele></trkpt>
   <trkpt lon="3.123367" lat="39.854954"><ele>8.75</ele></trkpt>
   <trkpt lon="3.123246" lat="39.855078"><ele>9.0</ele></trkpt>
   <trkpt lon="3.123195" lat="39.855159"><ele>9.0</ele><sym>left</sym></trkpt>
   <trkpt lon="3.123055" lat="39.855153"><ele>9.25</ele></trkpt>
   <trkpt lon="3.122942" lat="39.855147"><ele>10.75</ele></trkpt>
   <trkpt lon="3.122583" lat="39.855580"><ele>10.25</ele><sym>left</sym></trkpt>
   <trkpt lon="3.122319" lat="39.855534"><ele>11.25</ele></trkpt>
   <trkpt lon="3.122225" lat="39.855580"><ele>11.0</ele><sym>right_slight</sym></trkpt>
   <trkpt lon="3.122045" lat="39.855831"><ele>11.0</ele><sym>left</sym></trkpt>
   <trkpt lon="3.121633" lat="39.855597"><ele>9.5</ele></trkpt>
   <trkpt lon="3.121609" lat="39.855476"><ele>9.25</ele><sym>right_slight</sym></trkpt>
   <trkpt lon="3.121358" lat="39.855408"><ele>7.75</ele></trkpt>
   <trkpt lon="3.121176" lat="39.855365"><ele>6.75</ele></trkpt>
   <trkpt lon="3.120962" lat="39.855251"><ele>6.0</ele></trkpt>
   <trkpt lon="3.120464" lat="39.854968"><ele>5.5</ele></trkpt>
   <trkpt lon="3.120232" lat="39.854830"><ele>5.0</ele></trkpt>
   <trkpt lon="3.119390" lat="39.854324"><ele>5.5</ele></trkpt>
   <trkpt lon="3.118952" lat="39.854050"><ele>6.25</ele></trkpt>
   <trkpt lon="3.118868" lat="39.853994"><ele>6.5</ele></trkpt>
   <trkpt lon="3.118777" lat="39.853899"><ele>6.75</ele></trkpt>
   <trkpt lon="3.118696" lat="39.853743"><ele>7.5</ele></trkpt>
   <trkpt lon="3.118638" lat="39.853572"><ele>8.75</ele></trkpt>
   <trkpt lon="3.118626" lat="39.853426"><ele>9.5</ele><sym>right</sym></trkpt>
   <trkpt lon="3.118516" lat="39.853448"><ele>9.5</ele></trkpt>
   <trkpt lon="3.118445" lat="39.853446"><ele>9.5</ele></trkpt>
   <trkpt lon="3.118282" lat="39.853421"><ele>9.25</ele><sym>right</sym></trkpt>
   <trkpt lon="3.117935" lat="39.853944"><ele>6.5</ele><sym>left</sym></trkpt>
   <trkpt lon="3.116528" lat="39.853859"><ele>4.0</ele></trkpt>
   <trkpt lon="3.116408" lat="39.853929"><ele>4.0</ele></trkpt>
   <trkpt lon="3.116183" lat="39.854268"><ele>3.5</ele></trkpt>
   <trkpt lon="3.116017" lat="39.854464"><ele>3.0</ele></trkpt>
   <trkpt lon="3.115666" lat="39.855031"><ele>2.25</ele></trkpt>
   <trkpt lon="3.115498" lat="39.855273"><ele>2.0</ele></trkpt>
   <trkpt lon="3.115237" lat="39.855572"><ele>2.0</ele></trkpt>
   <trkpt lon="3.114799" lat="39.856506"><ele>2.0</ele></trkpt>
   <trkpt lon="3.114681" lat="39.856677"><ele>2.0</ele></trkpt>
   <trkpt lon="3.114574" lat="39.856784"><ele>2.0</ele></trkpt>
   <trkpt lon="3.114457" lat="39.856838"><ele>2.0</ele></trkpt>
   <trkpt lon="3.114178" lat="39.856850"><ele>2.0</ele></trkpt>
   <trkpt lon="3.113728" lat="39.856846"><ele>2.0</ele></trkpt>
   <trkpt lon="3.113391" lat="39.856950"><ele>1.75</ele></trkpt>
   <trkpt lon="3.113286" lat="39.856930"><ele>2.0</ele></trkpt>
   <trkpt lon="3.112745" lat="39.856682"><ele>2.75</ele><sym>right_slight</sym></trkpt>
   <trkpt lon="3.112651" lat="39.856648"><ele>2.5</ele></trkpt>
   <trkpt lon="3.112481" lat="39.856652"><ele>2.0</ele></trkpt>
   <trkpt lon="3.112382" lat="39.856655"><ele>2.0</ele></trkpt>
   <trkpt lon="3.112057" lat="39.856639"><ele>2.0</ele></trkpt>
   <trkpt lon="3.111662" lat="39.856579"><ele>2.0</ele></trkpt>
   <trkpt lon="3.109950" lat="39.856591"><ele>1.0</ele><sym>pass_place</sym><type>Shaping</type></trkpt>
   <trkpt lon="3.109946" lat="39.856592"><ele>1.0</ele></trkpt>
   <trkpt lon="3.109003" lat="39.856569"><ele>1.0</ele></trkpt>
   <trkpt lon="3.108480" lat="39.856675"><ele>1.0</ele></trkpt>
   <trkpt lon="3.108118" lat="39.856730"><ele>1.0</ele></trkpt>
   <trkpt lon="3.107699" lat="39.856799"><ele>1.0</ele></trkpt>
   <trkpt lon="3.106600" lat="39.856964"><ele>1.25</ele></trkpt>
   <trkpt lon="3.106469" lat="39.856985"><ele>1.25</ele></trkpt>
   <trkpt lon="3.106242" lat="39.857050"><ele>1.25</ele></trkpt>
   <trkpt lon="3.105149" lat="39.857235"><ele>1.25</ele></trkpt>
   <trkpt lon="3.105095" lat="39.857226"><ele>1.5</ele><sym>left_slight</sym></trkpt>
   <trkpt lon="3.105076" lat="39.857206"><ele>1.5</ele><sym>right</sym></trkpt>
   <trkpt lon="3.103882" lat="39.857709"><ele>1.5</ele></trkpt>
   <trkpt lon="3.103512" lat="39.857852"><ele>1.5</ele></trkpt>
   <trkpt lon="3.102842" lat="39.858051"><ele>1.5</ele></trkpt>
   <trkpt lon="3.101743" lat="39.858371"><ele>1.5</ele></trkpt>
   <trkpt lon="3.101253" lat="39.858499"><ele>1.5</ele></trkpt>
   <trkpt lon="3.101164" lat="39.858513"><ele>1.75</ele></trkpt>
   <trkpt lon="3.099967" lat="39.858703"><ele>1.5</ele></trkpt>
   <trkpt lon="3.099885" lat="39.858728"><ele>1.5</ele></trkpt>
   <trkpt lon="3.099561" lat="39.858827"><ele>1.5</ele></trkpt>
   <trkpt lon="3.099253" lat="39.858961"><ele>1.5</ele></trkpt>
   <trkpt lon="3.099037" lat="39.859101"><ele>1.5</ele></trkpt>
   <trkpt lon="3.098856" lat="39.859241"><ele>1.5</ele></trkpt>
   <trkpt lon="3.098710" lat="39.859388"><ele>1.5</ele></trkpt>
   <trkpt lon="3.098609" lat="39.859521"><ele>1.5</ele></trkpt>
   <trkpt lon="3.098057" lat="39.860263"><ele>1.25</ele></trkpt>
   <trkpt lon="3.097514" lat="39.860939"><ele>1.25</ele></trkpt>
   <trkpt lon="3.097319" lat="39.861162"><ele>1.25</ele></trkpt>
   <trkpt lon="3.097092" lat="39.861370"><ele>1.25</ele></trkpt>
   <trkpt lon="3.095467" lat="39.862581"><ele>1.25</ele></trkpt>
   <trkpt lon="3.093906" lat="39.863688"><ele>1.25</ele></trkpt>
   <trkpt lon="3.092792" lat="39.864321"><ele>1.25</ele></trkpt>
   <trkpt lon="3.092321" lat="39.864611"><ele>1.0</ele><sym>pass_place</sym><type>Shaping</type></trkpt>
   <trkpt lon="3.092320" lat="39.864612"><ele>1.0</ele></trkpt>
   <trkpt lon="3.091566" lat="39.865009"><ele>1.0</ele></trkpt>
   <trkpt lon="3.090858" lat="39.865469"><ele>1.0</ele></trkpt>
   <trkpt lon="3.090445" lat="39.865857"><ele>1.0</ele></trkpt>
   <trkpt lon="3.089740" lat="39.866519"><ele>1.0</ele></trkpt>
   <trkpt lon="3.086892" lat="39.869998"><ele>0.75</ele></trkpt>
   <trkpt lon="3.086536" lat="39.870491"><ele>1.0</ele></trkpt>
   <trkpt lon="3.086507" lat="39.870539"><ele>1.0</ele></trkpt>
   <trkpt lon="3.086464" lat="39.870613"><ele>1.0</ele></trkpt>
   <trkpt lon="3.086374" lat="39.870770"><ele>1.0</ele></trkpt>
   <trkpt lon="3.085583" lat="39.872047"><ele>1.0</ele></trkpt>
   <trkpt lon="3.084141" lat="39.874410"><ele>1.0</ele></trkpt>
   <trkpt lon="3.083112" lat="39.876258"><ele>1.0</ele></trkpt>
   <trkpt lon="3.082578" lat="39.877262"><ele>1.0</ele></trkpt>
   <trkpt lon="3.081839" lat="39.878745"><ele>1.0</ele><sym>pass_place</sym><type>Shaping</type></trkpt>
   <trkpt lon="3.080718" lat="39.881643"><ele>1.75</ele></trkpt>
   <trkpt lon="3.080699" lat="39.881690"><ele>1.75</ele></trkpt>
   <trkpt lon="3.080276" lat="39.882774"><ele>2.0</ele></trkpt>
   <trkpt lon="3.080261" lat="39.882860"><ele>2.25</ele></trkpt>
   <trkpt lon="3.080200" lat="39.883014"><ele>2.25</ele></trkpt>
   <trkpt lon="3.080093" lat="39.883155"><ele>2.5</ele></trkpt>
   <trkpt lon="3.079971" lat="39.883283"><ele>2.75</ele></trkpt>
   <trkpt lon="3.079934" lat="39.883313"><ele>2.75</ele></trkpt>
   <trkpt lon="3.079728" lat="39.883489"><ele>2.0</ele></trkpt>
   <trkpt lon="3.079671" lat="39.883572"><ele>2.0</ele></trkpt>
   <trkpt lon="3.079605" lat="39.883780"><ele>2.0</ele><sym>left_slight</sym></trkpt>
   <trkpt lon="3.079570" lat="39.883791"><ele>2.0</ele><sym>right</sym></trkpt>
   <trkpt lon="3.079576" lat="39.883902"><ele>1.75</ele></trkpt>
   <trkpt lon="3.079628" lat="39.884091"><ele>2.0</ele></trkpt>
   <trkpt lon="3.079636" lat="39.884222"><ele>2.0</ele></trkpt>
   <trkpt lon="3.079624" lat="39.884374"><ele>1.75</ele></trkpt>
   <trkpt lon="3.079596" lat="39.884496"><ele>1.75</ele></trkpt>
   <trkpt lon="3.079104" lat="39.885824"><ele>1.5</ele></trkpt>
   <trkpt lon="3.078937" lat="39.886301"><ele>1.25</ele></trkpt>
   <trkpt lon="3.078702" lat="39.886931"><ele>1.25</ele></trkpt>
   <trkpt lon="3.078504" lat="39.887480"><ele>1.25</ele></trkpt>
   <trkpt lon="3.078461" lat="39.887598"><ele>1.25</ele></trkpt>
   <trkpt lon="3.078294" lat="39.888236"><ele>1.5</ele></trkpt>
   <trkpt lon="3.078193" lat="39.888674"><ele>1.5</ele></trkpt>
   <trkpt lon="3.078188" lat="39.889135"><ele>1.5</ele></trkpt>
   <trkpt lon="3.078198" lat="39.889675"><ele>1.25</ele></trkpt>
   <trkpt lon="3.078194" lat="39.889825"><ele>1.5</ele></trkpt>
   <trkpt lon="3.078195" lat="39.889930"><ele>1.25</ele></trkpt>
   <trkpt lon="3.078196" lat="39.890059"><ele>1.25</ele></trkpt>
   <trkpt lon="3.078199" lat="39.890839"><ele>1.25</ele></trkpt>
   <trkpt lon="3.078199" lat="39.891978"><ele>1.5</ele></trkpt>
   <trkpt lon="3.078199" lat="39.892119"><ele>1.75</ele></trkpt>
   <trkpt lon="3.078200" lat="39.892420"><ele>2.0</ele></trkpt>
   <trkpt lon="3.078204" lat="39.892744"><ele>1.75</ele></trkpt>
   <trkpt lon="3.078205" lat="39.892924"><ele>1.25</ele></trkpt>
   <trkpt lon="3.078209" lat="39.893559"><ele>1.0</ele></trkpt>
   <trkpt lon="3.078215" lat="39.893958"><ele>1.0</ele></trkpt>
   <trkpt lon="3.078228" lat="39.895006"><ele>1.0</ele></trkpt>
   <trkpt lon="3.078228" lat="39.895009"><ele>1.0</ele><sym>pass_place</sym><type>Shaping</type></trkpt>
   <trkpt lon="3.078232" lat="39.895033"><ele>1.0</ele></trkpt>
   <trkpt lon="3.078294" lat="39.895434"><ele>1.0</ele></trkpt>
   <trkpt lon="3.078355" lat="39.895670"><ele>1.0</ele></trkpt>
   <trkpt lon="3.078697" lat="39.896986"><ele>1.0</ele></trkpt>
   <trkpt lon="3.078820" lat="39.897466"><ele>1.0</ele></trkpt>
   <trkpt lon="3.078845" lat="39.897558"><ele>1.0</ele></trkpt>
   <trkpt lon="3.078954" lat="39.897970"><ele>1.0</ele></trkpt>
   <trkpt lon="3.079102" lat="39.898537"><ele>1.0</ele></trkpt>
   <trkpt lon="3.079121" lat="39.898628"><ele>1.0</ele></trkpt>
   <trkpt lon="3.079226" lat="39.899051"><ele>1.25</ele></trkpt>
   <trkpt lon="3.079297" lat="39.899471"><ele>1.0</ele></trkpt>
   <trkpt lon="3.079324" lat="39.899600"><ele>1.0</ele></trkpt>
   <trkpt lon="3.079395" lat="39.900152"><ele>1.0</ele></trkpt>
   <trkpt lon="3.079410" lat="39.900251"><ele>1.0</ele></trkpt>
   <trkpt lon="3.079495" lat="39.900798"><ele>1.0</ele></trkpt>
   <trkpt lon="3.079536" lat="39.901037"><ele>1.0</ele></trkpt>
   <trkpt lon="3.079566" lat="39.901206"><ele>1.0</ele></trkpt>
   <trkpt lon="3.079589" lat="39.901280"><ele>1.0</ele></trkpt>
   <trkpt lon="3.079705" lat="39.901642"><ele>1.0</ele></trkpt>
   <trkpt lon="3.079915" lat="39.902249"><ele>1.0</ele></trkpt>
   <trkpt lon="3.079988" lat="39.902417"><ele>1.5</ele></trkpt>
   <trkpt lon="3.080102" lat="39.902625"><ele>1.25</ele></trkpt>
   <trkpt lon="3.080183" lat="39.902747"><ele>1.0</ele></trkpt>
   <trkpt lon="3.080214" lat="39.902794"><ele>1.0</ele></trkpt>
   <trkpt lon="3.080237" lat="39.902829"><ele>1.0</ele></trkpt>
   <trkpt lon="3.080494" lat="39.903182"><ele>1.0</ele></trkpt>
   <trkpt lon="3.080778" lat="39.903550"><ele>1.0</ele></trkpt>
   <trkpt lon="3.080832" lat="39.903624"><ele>1.0</ele></trkpt>
   <trkpt lon="3.081491" lat="39.904496"><ele>0.75</ele></trkpt>
   <trkpt lon="3.081537" lat="39.904587"><ele>1.0</ele></trkpt>
   <trkpt lon="3.081587" lat="39.904680"><ele>1.0</ele></trkpt>
   <trkpt lon="3.081855" lat="39.905080"><ele>1.0</ele></trkpt>
   <trkpt lon="3.081870" lat="39.905103"><ele>1.0</ele></trkpt>
   <trkpt lon="3.082148" lat="39.905515"><ele>1.0</ele></trkpt>
   <trkpt lon="3.082365" lat="39.905836"><ele>1.0</ele></trkpt>
   <trkpt lon="3.082404" lat="39.905891"><ele>1.0</ele></trkpt>
   <trkpt lon="3.082485" lat="39.905969"><ele>1.0</ele></trkpt>
   <trkpt lon="3.082544" lat="39.906019"><ele>1.0</ele></trkpt>
   <trkpt lon="3.082776" lat="39.906217"><ele>1.0</ele></trkpt>
   <trkpt lon="3.082802" lat="39.906241"><ele>1.0</ele><sym>roundabout_e2</sym></trkpt>
   <trkpt lon="3.082834" lat="39.906245"><ele>1.0</ele></trkpt>
   <trkpt lon="3.082863" lat="39.906255"><ele>1.0</ele></trkpt>
   <trkpt lon="3.082890" lat="39.906273"><ele>1.0</ele></trkpt>
   <trkpt lon="3.082908" lat="39.906297"><ele>1.0</ele></trkpt>
   <trkpt lon="3.082916" lat="39.906324"><ele>1.0</ele></trkpt>
   <trkpt lon="3.082913" lat="39.906351"><ele>1.0</ele></trkpt>
   <trkpt lon="3.082897" lat="39.906379"><ele>1.0</ele></trkpt>
   <trkpt lon="3.082870" lat="39.906401"><ele>1.0</ele></trkpt>
   <trkpt lon="3.082835" lat="39.906414"><ele>1.0</ele></trkpt>
   <trkpt lon="3.082796" lat="39.906418"><ele>1.0</ele></trkpt>
   <trkpt lon="3.082757" lat="39.906411"><ele>1.0</ele></trkpt>
   <trkpt lon="3.082709" lat="39.906382"><ele>1.0</ele></trkpt>
   <trkpt lon="3.082682" lat="39.906436"><ele>1.0</ele></trkpt>
   <trkpt lon="3.082618" lat="39.906533"><ele>1.0</ele></trkpt>
   <trkpt lon="3.082329" lat="39.906903"><ele>1.5</ele><sym>right</sym></trkpt>
   <trkpt lon="3.082729" lat="39.907307"><ele>1.25</ele></trkpt>
   <trkpt lon="3.083480" lat="39.908057"><ele>2.0</ele><sym>left</sym></trkpt>
   <trkpt lon="3.083068" lat="39.908298"><ele>2.0</ele><sym>pass_place</sym><type>Via</type></trkpt>
  </trkseg>
 </trk>
</gpx>
