<?xml version="1.0" encoding="UTF-8"?>
<!-- track-length = 88496 filtered ascend = 347 plain-ascend = 0 cost=114938 energy=.4kwh time=4h 28m 5s -->
<gpx 
 xmlns="http://www.topografix.com/GPX/1/1" 
 xmlns:xsi="http://www.w3.org/2001/XMLSchema-instance" 
 xsi:schemaLocation="http://www.topografix.com/GPX/1/1 http://www.topografix.com/GPX/1/1/gpx.xsd" 
 creator="BRouter-1.7.9" version="1.1"><wpt lat="39.61413" lon="3.11245"><name>Es Bolacor</name><sym>Restaurant</sym></wpt><wpt lat="39.76554" lon="3.148"><name>Huerzeler Cycling Station</name><sym>Bike Trail</sym></wpt><wpt lat="39.8404" lon="3.12191"><name>Bequi - Shop &amp; Service</name><sym>Bike Trail</sym></wpt><wpt lat="39.83743" lon="3.1192"><name>Epcot</name><sym>Restaurant</sym></wpt><wpt lat="39.76738" lon="3.1463"><name>Wheelsport</name><sym>Bike Trail</sym></wpt><wpt lat="39.73553" lon="3.05758"><name>Can Bernat</name><sym>Restaurant</sym></wpt><wpt lat="39.73618" lon="3.05773"><name>Can Costitx</name><sym>Restaurant</sym></wpt><wpt lat="39.90662" lon="3.08272"><name>Gran Café 1919</name><sym>Restaurant</sym></wpt><wpt lat="39.90887" lon="3.08132"><name>Cultural</name><sym>Restaurant</sym></wpt><wpt lat="39.80345" lon="3.11867"><name>Philipps bicycle rental</name><sym>Bike Trail</sym></wpt><wpt lat="39.85225" lon="3.11836"><name>Café</name><sym>Restaurant</sym></wpt><wpt lat="39.86428" lon="3.09096"><name>Hürzeler</name><sym>Bike Trail</sym></wpt><wpt lat="39.64283" lon="3.01182"><name>Triquet</name><sym>Restaurant</sym></wpt><wpt lat="39.64342" lon="3.01156"><name>Es Mirador</name><sym>Restaurant</sym></wpt><wpt lat="39.85293" lon="3.11914"><name>Sant Sebastià</name><sym>Restaurant</sym></wpt><wpt lat="39.82172" lon="3.11433"><name>Café</name><sym>Restaurant</sym></wpt><wpt lat="39.85208" lon="3.11524"><name>niu wave</name><sym>Bike Trail</sym></wpt><wpt lat="39.90813" lon="3.08053"><name>Dolç Sa Pobla</name><sym>Restaurant</sym></wpt><wpt lat="39.76727" lon="3.14683"><name>Velo-plus</name><sym>Bike Trail</sym></wpt><wpt lat="39.76546" lon="3.14887"><name>Europa</name><sym>Restaurant</sym></wpt><wpt lat="39.8084" lon="3.11597"><name>Bike Point</name><sym>Restaurant</sym></wpt><wpt lat="39.80617" lon="3.11676"><name>rad-salon</name><sym>Bike Trail</sym></wpt><wpt lat="39.70887" lon="3.10873"><name>es Revolt</name><sym>Restaurant</sym></wpt><wpt lat="39.90484" lon="3.0779"><name>Café</name><sym>Restaurant</sym></wpt><wpt lat="39.82205" lon="3.11452"><name>es Cantó</name><sym>Restaurant</sym></wpt><wpt lat="39.80706" lon="3.11645"><name>Assos Outlet</name><sym>Bike Trail</sym></wpt><wpt lat="39.70146" lon="3.10234"><name>sa Granja</name><sym>Restaurant</sym></wpt><wpt lat="39.8153" lon="3.11531"><name>Güep&#x27; Cafe</name><sym>Restaurant</sym></wpt><wpt lat="39.85192" lon="3.11545"><name>Bon Apetit</name><sym>Restaurant</sym></wpt><wpt lat="39.83138" lon="3.10817"><name>Nevada</name><sym>Restaurant</sym></wpt><wpt lat="39.83135" lon="3.10764"><name>Legends</name><sym>Restaurant</sym></wpt><wpt lat="39.83378" lon="3.11827"><name>Danny&#x27;s</name><sym>Restaurant</sym></wpt><wpt lat="39.84033" lon="3.12264"><name>Bimont</name><sym>Bike Trail</sym></wpt><wpt lat="39.84055" lon="3.12167"><name>Patagonia</name><sym>Restaurant</sym></wpt><wpt lat="39.70014" lon="3.10405"><name>Novedades</name><sym>Restaurant</sym></wpt><wpt lat="39.70528" lon="3.10617"><name>Can Maco</name><sym>Restaurant</sym></wpt><wpt lat="39.90509" lon="3.08175"><name>Ca les Monges</name><sym>Restaurant</sym></wpt><wpt lat="39.76129" lon="3.1532"><name>Aroma</name><sym>Restaurant</sym></wpt><wpt lat="39.73825" lon="3.05256"><name>es Clossos</name><sym>Restaurant</sym></wpt><wpt lat="39.73818" lon="3.05173"><name>6 Tons</name><sym>Restaurant</sym></wpt>
 <trk>
  <src>brouter_fastbike-lowtraffic_0</src>
  <type>bike</type>
  <trkseg>
   <trkpt lon="3.083068" lat="39.908298"><ele>2.0</ele><sym>pass_place</sym><type>Via</type></trkpt>
   <trkpt lon="3.083480" lat="39.908057"><ele>2.0</ele><sym>left</sym></trkpt>
   <trkpt lon="3.083892" lat="39.908468"><ele>1.75</ele><sym>left</sym></trkpt>
   <trkpt lon="3.082953" lat="39.909036"><ele>2.25</ele></trkpt>
   <trkpt lon="3.082124" lat="39.909551"><ele>4.0</ele></trkpt>
   <trkpt lon="3.082040" lat="39.909600"><ele>4.25</ele></trkpt>
   <trkpt lon="3.081347" lat="39.910011"><ele>6.0</ele><sym>left</sym></trkpt>
   <trkpt lon="3.081129" lat="39.909799"><ele>5.75</ele></trkpt>
   <trkpt lon="3.080902" lat="39.909580"><ele>5.75</ele></trkpt>
   <trkpt lon="3.080155" lat="39.908875"><ele>4.75</ele></trkpt>
   <trkpt lon="3.079789" lat="39.908529"><ele>4.0</ele></trkpt>
   <trkpt lon="3.079738" lat="39.908481"><ele>4.0</ele></trkpt>
   <trkpt lon="3.079491" lat="39.908229"><ele>4.0</ele></trkpt>
   <trkpt lon="3.079393" lat="39.908108"><ele>4.0</ele></trkpt>
   <trkpt lon="3.079306" lat="39.907983"><ele>4.0</ele></trkpt>
   <trkpt lon="3.079201" lat="39.907801"><ele>4.0</ele></trkpt>
   <trkpt lon="3.079120" lat="39.907631"><ele>4.0</ele></trkpt>
   <trkpt lon="3.079063" lat="39.907487"><ele>3.75</ele></trkpt>
   <trkpt lon="3.079019" lat="39.907352"><ele>3.25</ele></trkpt>
   <trkpt lon="3.078977" lat="39.907167"><ele>3.0</ele></trkpt>
   <trkpt lon="3.078963" lat="39.907037"><ele>3.0</ele></trkpt>
   <trkpt lon="3.078947" lat="39.906744"><ele>3.0</ele></trkpt>
   <trkpt lon="3.078962" lat="39.906457"><ele>3.0</ele></trkpt>
   <trkpt lon="3.078984" lat="39.906294"><ele>2.5</ele></trkpt>
   <trkpt lon="3.079022" lat="39.906141"><ele>2.0</ele></trkpt>
   <trkpt lon="3.079086" lat="39.905985"><ele>2.0</ele></trkpt>
   <trkpt lon="3.079248" lat="39.905663"><ele>2.0</ele><sym>left</sym></trkpt>
   <trkpt lon="3.079872" lat="39.905851"><ele>2.0</ele><sym>right</sym></trkpt>
   <trkpt lon="3.079994" lat="39.905754"><ele>2.0</ele></trkpt>
   <trkpt lon="3.080305" lat="39.905507"><ele>1.75</ele></trkpt>
   <trkpt lon="3.080621" lat="39.905259"><ele>1.0</ele></trkpt>
   <trkpt lon="3.080982" lat="39.904978"><ele>1.0</ele></trkpt>
   <trkpt lon="3.081028" lat="39.904943"><ele>1.0</ele></trkpt>
   <trkpt lon="3.081096" lat="39.904889"><ele>1.0</ele></trkpt>
   <trkpt lon="3.081436" lat="39.904619"><ele>1.0</ele></trkpt>
   <trkpt lon="3.081476" lat="39.904600"><ele>1.0</ele></trkpt>
   <trkpt lon="3.081537" lat="39.904587"><ele>1.0</ele></trkpt>
   <trkpt lon="3.081567" lat="39.904577"><ele>1.0</ele><sym>right</sym></trkpt>
   <trkpt lon="3.081521" lat="39.904482"><ele>1.0</ele></trkpt>
   <trkpt lon="3.081005" lat="39.903769"><ele>1.0</ele></trkpt>
   <trkpt lon="3.080877" lat="39.903602"><ele>1.0</ele></trkpt>
   <trkpt lon="3.080592" lat="39.903240"><ele>1.0</ele></trkpt>
   <trkpt lon="3.080531" lat="39.903169"><ele>1.0</ele></trkpt>
   <trkpt lon="3.080269" lat="39.902799"><ele>1.0</ele></trkpt>
   <trkpt lon="3.080256" lat="39.902778"><ele>1.0</ele></trkpt>
   <trkpt lon="3.080143" lat="39.902600"><ele>1.0</ele></trkpt>
   <trkpt lon="3.080041" lat="39.902407"><ele>1.0</ele></trkpt>
   <trkpt lon="3.079970" lat="39.902241"><ele>1.0</ele></trkpt>
   <trkpt lon="3.079848" lat="39.901931"><ele>1.0</ele></trkpt>
   <trkpt lon="3.079731" lat="39.901596"><ele>1.0</ele></trkpt>
   <trkpt lon="3.079637" lat="39.901276"><ele>1.0</ele></trkpt>
   <trkpt lon="3.079616" lat="39.901203"><ele>1.0</ele></trkpt>
   <trkpt lon="3.079556" lat="39.900793"><ele>1.0</ele></trkpt>
   <trkpt lon="3.079487" lat="39.900245"><ele>1.0</ele></trkpt>
   <trkpt lon="3.079478" lat="39.900181"><ele>1.0</ele></trkpt>
   <trkpt lon="3.079400" lat="39.899649"><ele>1.0</ele></trkpt>
   <trkpt lon="3.079365" lat="39.899465"><ele>1.0</ele></trkpt>
   <trkpt lon="3.079281" lat="39.899044"><ele>1.25</ele></trkpt>
   <trkpt lon="3.079279" lat="39.899039"><ele>1.0</ele><sym>pass_place</sym><type>Shaping</type></trkpt>
   <trkpt lon="3.079189" lat="39.898616"><ele>1.0</ele></trkpt>
   <trkpt lon="3.079013" lat="39.897960"><ele>1.0</ele></trkpt>
   <trkpt lon="3.078905" lat="39.897549"><ele>1.0</ele></trkpt>
   <trkpt lon="3.078897" lat="39.897517"><ele>1.0</ele></trkpt>
   <trkpt lon="3.078883" lat="39.897463"><ele>1.0</ele></trkpt>
   <trkpt lon="3.078761" lat="39.896977"><ele>1.0</ele></trkpt>
   <trkpt lon="3.078408" lat="39.895660"><ele>1.0</ele></trkpt>
   <trkpt lon="3.078346" lat="39.895379"><ele>1.0</ele></trkpt>
   <trkpt lon="3.078295" lat="39.895031"><ele>1.0</ele></trkpt>
   <trkpt lon="3.078268" lat="39.893958"><ele>1.0</ele></trkpt>
   <trkpt lon="3.078270" lat="39.893559"><ele>1.0</ele></trkpt>
   <trkpt lon="3.078266" lat="39.892743"><ele>1.5</ele></trkpt>
   <trkpt lon="3.078265" lat="39.892418"><ele>2.0</ele></trkpt>
   <trkpt lon="3.078265" lat="39.892113"><ele>1.5</ele></trkpt>
   <trkpt lon="3.078264" lat="39.891976"><ele>1.25</ele></trkpt>
   <trkpt lon="3.078251" lat="39.890056"><ele>1.25</ele></trkpt>
   <trkpt lon="3.078250" lat="39.889931"><ele>1.25</ele></trkpt>
   <trkpt lon="3.078250" lat="39.889821"><ele>1.25</ele></trkpt>
   <trkpt lon="3.078249" lat="39.889189"><ele>1.25</ele><sym>right_slight</sym></trkpt>
   <trkpt lon="3.078188" lat="39.889135"><ele>1.5</ele><sym>left_slight</sym></trkpt>
   <trkpt lon="3.078193" lat="39.888674"><ele>1.5</ele></trkpt>
   <trkpt lon="3.078294" lat="39.888236"><ele>1.25</ele></trkpt>
   <trkpt lon="3.078461" lat="39.887598"><ele>1.25</ele></trkpt>
   <trkpt lon="3.078504" lat="39.887480"><ele>1.0</ele></trkpt>
   <trkpt lon="3.078702" lat="39.886931"><ele>1.0</ele></trkpt>
   <trkpt lon="3.078937" lat="39.886301"><ele>1.0</ele></trkpt>
   <trkpt lon="3.079104" lat="39.885824"><ele>1.0</ele></trkpt>
   <trkpt lon="3.079596" lat="39.884496"><ele>1.75</ele></trkpt>
   <trkpt lon="3.079624" lat="39.884374"><ele>1.75</ele></trkpt>
   <trkpt lon="3.079636" lat="39.884222"><ele>2.0</ele></trkpt>
   <trkpt lon="3.079628" lat="39.884091"><ele>2.0</ele></trkpt>
   <trkpt lon="3.079576" lat="39.883902"><ele>1.75</ele><sym>right_slight</sym></trkpt>
   <trkpt lon="3.079480" lat="39.883821"><ele>2.0</ele></trkpt>
   <trkpt lon="3.079412" lat="39.883781"><ele>2.25</ele></trkpt>
   <trkpt lon="3.079354" lat="39.883747"><ele>2.5</ele><sym>roundabout_e2</sym></trkpt>
   <trkpt lon="3.079286" lat="39.883737"><ele>2.5</ele></trkpt>
   <trkpt lon="3.079225" lat="39.883712"><ele>2.5</ele></trkpt>
   <trkpt lon="3.079176" lat="39.883675"><ele>2.75</ele></trkpt>
   <trkpt lon="3.079143" lat="39.883628"><ele>2.75</ele></trkpt>
   <trkpt lon="3.079129" lat="39.883577"><ele>2.75</ele></trkpt>
   <trkpt lon="3.079140" lat="39.883513"><ele>2.5</ele></trkpt>
   <trkpt lon="3.079162" lat="39.883473"><ele>2.25</ele></trkpt>
   <trkpt lon="3.079206" lat="39.883431"><ele>2.25</ele></trkpt>
   <trkpt lon="3.079265" lat="39.883402"><ele>2.0</ele></trkpt>
   <trkpt lon="3.079332" lat="39.883387"><ele>2.0</ele></trkpt>
   <trkpt lon="3.079400" lat="39.883387"><ele>2.0</ele><sym>pass_place</sym><type>Shaping</type></trkpt>
   <trkpt lon="3.079402" lat="39.883387"><ele>2.0</ele></trkpt>
   <trkpt lon="3.079468" lat="39.883403"><ele>2.0</ele></trkpt>
   <trkpt lon="3.079614" lat="39.883370"><ele>2.0</ele></trkpt>
   <trkpt lon="3.079791" lat="39.883336"><ele>2.0</ele><sym>right_slight</sym></trkpt>
   <trkpt lon="3.079882" lat="39.883282"><ele>2.5</ele></trkpt>
   <trkpt lon="3.079937" lat="39.883233"><ele>2.75</ele></trkpt>
   <trkpt lon="3.080080" lat="39.883073"><ele>2.5</ele></trkpt>
   <trkpt lon="3.080165" lat="39.882939"><ele>2.25</ele></trkpt>
   <trkpt lon="3.080225" lat="39.882815"><ele>2.5</ele></trkpt>
   <trkpt lon="3.080336" lat="39.882494"><ele>1.75</ele></trkpt>
   <trkpt lon="3.080357" lat="39.882434"><ele>1.5</ele></trkpt>
   <trkpt lon="3.080656" lat="39.881630"><ele>1.5</ele></trkpt>
   <trkpt lon="3.080899" lat="39.880978"><ele>1.5</ele></trkpt>
   <trkpt lon="3.080957" lat="39.880818"><ele>1.75</ele></trkpt>
   <trkpt lon="3.081185" lat="39.880202"><ele>1.75</ele></trkpt>
   <trkpt lon="3.081238" lat="39.880062"><ele>1.5</ele></trkpt>
   <trkpt lon="3.081469" lat="39.879441"><ele>1.25</ele></trkpt>
   <trkpt lon="3.081626" lat="39.879052"><ele>1.25</ele></trkpt>
   <trkpt lon="3.081814" lat="39.878644"><ele>1.25</ele></trkpt>
   <trkpt lon="3.082054" lat="39.878169"><ele>1.25</ele></trkpt>
   <trkpt lon="3.082230" lat="39.877825"><ele>1.5</ele></trkpt>
   <trkpt lon="3.082771" lat="39.876784"><ele>1.5</ele></trkpt>
   <trkpt lon="3.083289" lat="39.875814"><ele>1.75</ele></trkpt>
   <trkpt lon="3.083794" lat="39.874916"><ele>1.5</ele></trkpt>
   <trkpt lon="3.084209" lat="39.874205"><ele>1.25</ele></trkpt>
   <trkpt lon="3.084979" lat="39.872909"><ele>1.0</ele></trkpt>
   <trkpt lon="3.085257" lat="39.872481"><ele>1.0</ele></trkpt>
   <trkpt lon="3.086140" lat="39.871016"><ele>1.5</ele></trkpt>
   <trkpt lon="3.086395" lat="39.870593"><ele>1.0</ele></trkpt>
   <trkpt lon="3.086440" lat="39.870520"><ele>1.0</ele></trkpt>
   <trkpt lon="3.086467" lat="39.870476"><ele>1.0</ele><sym>left</sym></trkpt>
   <trkpt lon="3.086536" lat="39.870491"><ele>1.0</ele><sym>right</sym></trkpt>
   <trkpt lon="3.086892" lat="39.869998"><ele>1.0</ele></trkpt>
   <trkpt lon="3.089739" lat="39.866519"><ele>1.25</ele><sym>pass_place</sym><type>Shaping</type></trkpt>
   <trkpt lon="3.089740" lat="39.866519"><ele>1.25</ele></trkpt>
   <trkpt lon="3.090445" lat="39.865857"><ele>1.25</ele></trkpt>
   <trkpt lon="3.090858" lat="39.865469"><ele>1.25</ele></trkpt>
   <trkpt lon="3.091566" lat="39.865009"><ele>1.25</ele></trkpt>
   <trkpt lon="3.092320" lat="39.864612"><ele>1.25</ele></trkpt>
   <trkpt lon="3.092792" lat="39.864321"><ele>1.25</ele></trkpt>
   <trkpt lon="3.093906" lat="39.863688"><ele>1.25</ele></trkpt>
   <trkpt lon="3.095467" lat="39.862581"><ele>1.5</ele></trkpt>
   <trkpt lon="3.097092" lat="39.861370"><ele>1.5</ele></trkpt>
   <trkpt lon="3.097319" lat="39.861162"><ele>1.5</ele></trkpt>
   <trkpt lon="3.097514" lat="39.860939"><ele>1.5</ele></trkpt>
   <trkpt lon="3.098057" lat="39.860263"><ele>1.5</ele></trkpt>
   <trkpt lon="3.098609" lat="39.859521"><ele>1.5</ele></trkpt>
   <trkpt lon="3.098710" lat="39.859388"><ele>1.5</ele></trkpt>
   <trkpt lon="3.098856" lat="39.859241"><ele>1.5</ele></trkpt>
   <trkpt lon="3.099037" lat="39.859101"><ele>1.5</ele></trkpt>
   <trkpt lon="3.099253" lat="39.858961"><ele>1.5</ele></trkpt>
   <trkpt lon="3.099561" lat="39.858827"><ele>1.5</ele></trkpt>
   <trkpt lon="3.099885" lat="39.858728"><ele>1.5</ele></trkpt>
   <trkpt lon="3.099967" lat="39.858703"><ele>1.5</ele></trkpt>
   <trkpt lon="3.101164" lat="39.858513"><ele>1.75</ele></trkpt>
   <trkpt lon="3.101253" lat="39.858499"><ele>1.75</ele></trkpt>
   <trkpt lon="3.101743" lat="39.858371"><ele>1.75</ele></trkpt>
   <trkpt lon="3.102842" lat="39.858051"><ele>1.5</ele></trkpt>
   <trkpt lon="3.103512" lat="39.857852"><ele>1.5</ele></trkpt>
   <trkpt lon="3.103882" lat="39.857709"><ele>1.5</ele></trkpt>
   <trkpt lon="3.105076" lat="39.857206"><ele>1.5</ele><sym>left</sym></trkpt>
   <trkpt lon="3.105095" lat="39.857226"><ele>1.5</ele><sym>right</sym></trkpt>
   <trkpt lon="3.105149" lat="39.857235"><ele>1.25</ele></trkpt>
   <trkpt lon="3.106240" lat="39.857050"><ele>1.25</ele><sym>pass_place</sym><type>Shaping</type></trkpt>
   <trkpt lon="3.106242" lat="39.857050"><ele>1.25</ele></trkpt>
   <trkpt lon="3.106469" lat="39.856985"><ele>1.0</ele></trkpt>
   <trkpt lon="3.106600" lat="39.856964"><ele>1.0</ele></trkpt>
   <trkpt lon="3.107699" lat="39.856799"><ele>0.75</ele></trkpt>
   <trkpt lon="3.108118" lat="39.856730"><ele>1.0</ele></trkpt>
   <trkpt lon="3.108480" lat="39.856675"><ele>1.0</ele></trkpt>
   <trkpt lon="3.109003" lat="39.856569"><ele>1.0</ele></trkpt>
   <trkpt lon="3.109946" lat="39.856592"><ele>1.0</ele></trkpt>
   <trkpt lon="3.111662" lat="39.856579"><ele>2.0</ele></trkpt>
   <trkpt lon="3.112057" lat="39.856639"><ele>2.0</ele></trkpt>
   <trkpt lon="3.112382" lat="39.856655"><ele>2.0</ele></trkpt>
   <trkpt lon="3.112481" lat="39.856652"><ele>2.0</ele></trkpt>
   <trkpt lon="3.112651" lat="39.856648"><ele>2.5</ele></trkpt>
   <trkpt lon="3.112745" lat="39.856682"><ele>2.75</ele></trkpt>
   <trkpt lon="3.113286" lat="39.856930"><ele>2.0</ele></trkpt>
   <trkpt lon="3.113391" lat="39.856950"><ele>1.75</ele></trkpt>
   <trkpt lon="3.113728" lat="39.856846"><ele>2.0</ele></trkpt>
   <trkpt lon="3.114178" lat="39.856850"><ele>2.0</ele></trkpt>
   <trkpt lon="3.114457" lat="39.856838"><ele>2.0</ele></trkpt>
   <trkpt lon="3.114574" lat="39.856784"><ele>2.0</ele></trkpt>
   <trkpt lon="3.114681" lat="39.856677"><ele>2.0</ele></trkpt>
   <trkpt lon="3.114799" lat="39.856506"><ele>2.0</ele></trkpt>
   <trkpt lon="3.115237" lat="39.855572"><ele>2.0</ele></trkpt>
   <trkpt lon="3.115498" lat="39.855273"><ele>2.0</ele></trkpt>
   <trkpt lon="3.115666" lat="39.855031"><ele>2.25</ele></trkpt>
   <trkpt lon="3.116017" lat="39.854464"><ele>3.0</ele></trkpt>
   <trkpt lon="3.116183" lat="39.854268"><ele>3.5</ele></trkpt>
   <trkpt lon="3.116408" lat="39.853929"><ele>4.0</ele></trkpt>
   <trkpt lon="3.116528" lat="39.853859"><ele>4.0</ele></trkpt>
   <trkpt lon="3.117935" lat="39.853944"><ele>6.5</ele><sym>right</sym></trkpt>
   <trkpt lon="3.118282" lat="39.853421"><ele>9.25</ele><sym>straight</sym></trkpt>
   <trkpt lon="3.118446" lat="39.853175"><ele>10.5</ele></trkpt>
   <trkpt lon="3.118475" lat="39.853132"><ele>10.5</ele><sym>right_slight</sym></trkpt>
   <trkpt lon="3.118466" lat="39.853111"><ele>10.75</ele></trkpt>
   <trkpt lon="3.118439" lat="39.853049"><ele>10.75</ele><sym>left</sym></trkpt>
   <trkpt lon="3.118554" lat="39.853022"><ele>10.75</ele><sym>right_slight</sym></trkpt>
   <trkpt lon="3.118639" lat="39.852953"><ele>10.75</ele></trkpt>
   <trkpt lon="3.118673" lat="39.852875"><ele>10.5</ele></trkpt>
   <trkpt lon="3.118692" lat="39.852832"><ele>10.25</ele></trkpt>
   <trkpt lon="3.118763" lat="39.852692"><ele>10.0</ele></trkpt>
   <trkpt lon="3.118798" lat="39.852625"><ele>10.25</ele></trkpt>
   <trkpt lon="3.118857" lat="39.852570"><ele>10.5</ele></trkpt>
   <trkpt lon="3.118961" lat="39.852489"><ele>10.75</ele></trkpt>
   <trkpt lon="3.119110" lat="39.852398"><ele>10.75</ele></trkpt>
   <trkpt lon="3.119250" lat="39.852329"><ele>11.0</ele></trkpt>
   <trkpt lon="3.119448" lat="39.852243"><ele>11.0</ele></trkpt>
   <trkpt lon="3.119659" lat="39.852080"><ele>11.75</ele></trkpt>
   <trkpt lon="3.119896" lat="39.851786"><ele>12.75</ele></trkpt>
   <trkpt lon="3.119998" lat="39.851614"><ele>14.0</ele></trkpt>
   <trkpt lon="3.120025" lat="39.851574"><ele>14.25</ele><sym>right</sym></trkpt>
   <trkpt lon="3.119856" lat="39.851463"><ele>14.0</ele></trkpt>
   <trkpt lon="3.119835" lat="39.851452"><ele>14.0</ele><sym>left</sym></trkpt>
   <trkpt lon="3.119898" lat="39.851379"><ele>14.5</ele><sym>u-turn</sym><type>Via</type></trkpt>
   <trkpt lon="3.119835" lat="39.851452"><ele>14.0</ele><sym>left</sym></trkpt>
   <trkpt lon="3.119755" lat="39.851409"><ele>13.75</ele></trkpt>
   <trkpt lon="3.119623" lat="39.851329"><ele>13.25</ele></trkpt>
   <trkpt lon="3.119549" lat="39.851254"><ele>12.5</ele></trkpt>
   <trkpt lon="3.119518" lat="39.851221"><ele>12.0</ele></trkpt>
   <trkpt lon="3.119490" lat="39.851166"><ele>11.5</ele></trkpt>
   <trkpt lon="3.119473" lat="39.851093"><ele>11.0</ele></trkpt>
   <trkpt lon="3.119483" lat="39.851000"><ele>11.0</ele><sym>right</sym></trkpt>
   <trkpt lon="3.118844" lat="39.850850"><ele>9.75</ele></trkpt>
   <trkpt lon="3.118564" lat="39.850822"><ele>9.75</ele></trkpt>
   <trkpt lon="3.118202" lat="39.850665"><ele>9.5</ele></trkpt>
   <trkpt lon="3.118038" lat="39.850604"><ele>9.5</ele></trkpt>
   <trkpt lon="3.117793" lat="39.850491"><ele>9.0</ele></trkpt>
   <trkpt lon="3.117450" lat="39.850293"><ele>8.75</ele></trkpt>
   <trkpt lon="3.117322" lat="39.850175"><ele>8.0</ele></trkpt>
   <trkpt lon="3.117234" lat="39.850073"><ele>8.0</ele><sym>left_slight</sym></trkpt>
   <trkpt lon="3.117220" lat="39.849989"><ele>8.0</ele></trkpt>
   <trkpt lon="3.117139" lat="39.849686"><ele>8.75</ele></trkpt>
   <trkpt lon="3.116996" lat="39.849417"><ele>7.75</ele></trkpt>
   <trkpt lon="3.116756" lat="39.849035"><ele>5.5</ele></trkpt>
   <trkpt lon="3.116635" lat="39.848789"><ele>4.0</ele></trkpt>
   <trkpt lon="3.116444" lat="39.848566"><ele>2.75</ele></trkpt>
   <trkpt lon="3.116407" lat="39.848481"><ele>2.5</ele></trkpt>
   <trkpt lon="3.116403" lat="39.848406"><ele>2.25</ele></trkpt>
   <trkpt lon="3.116411" lat="39.848281"><ele>2.0</ele></trkpt>
   <trkpt lon="3.116640" lat="39.847939"><ele>2.75</ele><sym>right</sym></trkpt>
   <trkpt lon="3.115872" lat="39.847697"><ele>2.0</ele></trkpt>
   <trkpt lon="3.115624" lat="39.847643"><ele>2.0</ele></trkpt>
   <trkpt lon="3.115430" lat="39.847623"><ele>1.75</ele></trkpt>
   <trkpt lon="3.114786" lat="39.847392"><ele>2.0</ele></trkpt>
   <trkpt lon="3.114172" lat="39.846907"><ele>1.0</ele></trkpt>
   <trkpt lon="3.113504" lat="39.846700"><ele>1.0</ele></trkpt>
   <trkpt lon="3.113263" lat="39.846597"><ele>1.0</ele></trkpt>
   <trkpt lon="3.112614" lat="39.846245"><ele>1.0</ele></trkpt>
   <trkpt lon="3.112481" lat="39.846116"><ele>1.0</ele></trkpt>
   <trkpt lon="3.112390" lat="39.845967"><ele>1.0</ele></trkpt>
   <trkpt lon="3.112292" lat="39.845922"><ele>1.0</ele></trkpt>
   <trkpt lon="3.112082" lat="39.846123"><ele>1.0</ele></trkpt>
   <trkpt lon="3.112013" lat="39.846144"><ele>1.0</ele></trkpt>
   <trkpt lon="3.111619" lat="39.846072"><ele>1.75</ele></trkpt>
   <trkpt lon="3.110739" lat="39.845939"><ele>2.75</ele></trkpt>
   <trkpt lon="3.110391" lat="39.845786"><ele>3.25</ele></trkpt>
   <trkpt lon="3.110123" lat="39.845613"><ele>3.75</ele></trkpt>
   <trkpt lon="3.109805" lat="39.845487"><ele>4.25</ele></trkpt>
   <trkpt lon="3.109281" lat="39.845342"><ele>5.25</ele></trkpt>
   <trkpt lon="3.109183" lat="39.845299"><ele>5.75</ele></trkpt>
   <trkpt lon="3.108829" lat="39.845144"><ele>6.0</ele></trkpt>
   <trkpt lon="3.108801" lat="39.845137"><ele>6.0</ele></trkpt>
   <trkpt lon="3.108644" lat="39.845096"><ele>6.0</ele></trkpt>
   <trkpt lon="3.108447" lat="39.844998"><ele>6.5</ele></trkpt>
   <trkpt lon="3.108091" lat="39.844841"><ele>7.75</ele></trkpt>
   <trkpt lon="3.107600" lat="39.844642"><ele>9.0</ele><sym>left_slight</sym></trkpt>
   <trkpt lon="3.107406" lat="39.844470"><ele>8.25</ele></trkpt>
   <trkpt lon="3.107239" lat="39.844280"><ele>7.0</ele></trkpt>
   <trkpt lon="3.107205" lat="39.844200"><ele>6.25</ele><sym>left_slight</sym></trkpt>
   <trkpt lon="3.107322" lat="39.843953"><ele>4.5</ele></trkpt>
   <trkpt lon="3.107349" lat="39.843880"><ele>4.25</ele></trkpt>
   <trkpt lon="3.107355" lat="39.843795"><ele>4.25</ele></trkpt>
   <trkpt lon="3.107340" lat="39.843618"><ele>4.0</ele></trkpt>
   <trkpt lon="3.107388" lat="39.843403"><ele>3.25</ele></trkpt>
   <trkpt lon="3.107371" lat="39.843027"><ele>2.5</ele></trkpt>
   <trkpt lon="3.107307" lat="39.842760"><ele>2.0</ele></trkpt>
   <trkpt lon="3.107277" lat="39.842690"><ele>1.75</ele></trkpt>
   <trkpt lon="3.107209" lat="39.842647"><ele>1.5</ele></trkpt>
   <trkpt lon="3.107101" lat="39.842559"><ele>1.0</ele></trkpt>
   <trkpt lon="3.107088" lat="39.842511"><ele>1.0</ele><sym>pass_place</sym><type>Shaping</type></trkpt>
   <trkpt lon="3.107171" lat="39.842307"><ele>1.0</ele></trkpt>
   <trkpt lon="3.107192" lat="39.842216"><ele>1.0</ele></trkpt>
   <trkpt lon="3.107177" lat="39.842121"><ele>1.0</ele><sym>straight</sym></trkpt>
   <trkpt lon="3.107158" lat="39.841999"><ele>1.0</ele></trkpt>
   <trkpt lon="3.106989" lat="39.841511"><ele>1.0</ele></trkpt>
   <trkpt lon="3.106935" lat="39.841406"><ele>1.0</ele></trkpt>
   <trkpt lon="3.106825" lat="39.841311"><ele>1.0</ele></trkpt>
   <trkpt lon="3.106372" lat="39.841038"><ele>1.75</ele></trkpt>
   <trkpt lon="3.106213" lat="39.840889"><ele>1.5</ele></trkpt>
   <trkpt lon="3.106063" lat="39.840652"><ele>2.0</ele></trkpt>
   <trkpt lon="3.105996" lat="39.840524"><ele>2.0</ele></trkpt>
   <trkpt lon="3.105941" lat="39.840391"><ele>2.0</ele></trkpt>
   <trkpt lon="3.105782" lat="39.839853"><ele>2.0</ele></trkpt>
   <trkpt lon="3.105659" lat="39.839678"><ele>1.75</ele></trkpt>
   <trkpt lon="3.105202" lat="39.839194"><ele>1.0</ele></trkpt>
   <trkpt lon="3.104981" lat="39.838752"><ele>1.0</ele></trkpt>
   <trkpt lon="3.104906" lat="39.838427"><ele>1.0</ele></trkpt>
   <trkpt lon="3.104837" lat="39.838264"><ele>1.0</ele></trkpt>
   <trkpt lon="3.104771" lat="39.838109"><ele>1.0</ele></trkpt>
   <trkpt lon="3.104441" lat="39.837676"><ele>1.0</ele></trkpt>
   <trkpt lon="3.104405" lat="39.837567"><ele>1.0</ele></trkpt>
   <trkpt lon="3.104346" lat="39.837513"><ele>1.25</ele></trkpt>
   <trkpt lon="3.104326" lat="39.837481"><ele>1.25</ele><sym>roundabout_e2</sym></trkpt>
   <trkpt lon="3.104282" lat="39.837465"><ele>1.5</ele></trkpt>
   <trkpt lon="3.104248" lat="39.837438"><ele>1.5</ele></trkpt>
   <trkpt lon="3.104228" lat="39.837405"><ele>1.75</ele></trkpt>
   <trkpt lon="3.104223" lat="39.837368"><ele>1.75</ele></trkpt>
   <trkpt lon="3.104232" lat="39.837337"><ele>1.75</ele></trkpt>
   <trkpt lon="3.104251" lat="39.837310"><ele>1.5</ele></trkpt>
   <trkpt lon="3.104281" lat="39.837288"><ele>1.5</ele></trkpt>
   <trkpt lon="3.104323" lat="39.837272"><ele>1.25</ele></trkpt>
   <trkpt lon="3.104371" lat="39.837267"><ele>1.25</ele></trkpt>
   <trkpt lon="3.104417" lat="39.837275"><ele>1.0</ele></trkpt>
   <trkpt lon="3.104787" lat="39.836614"><ele>1.0</ele></trkpt>
   <trkpt lon="3.104965" lat="39.836268"><ele>1.0</ele></trkpt>
   <trkpt lon="3.105140" lat="39.835907"><ele>1.0</ele></trkpt>
   <trkpt lon="3.105150" lat="39.835663"><ele>1.0</ele></trkpt>
   <trkpt lon="3.105120" lat="39.835353"><ele>1.0</ele></trkpt>
   <trkpt lon="3.105145" lat="39.835177"><ele>1.0</ele></trkpt>
   <trkpt lon="3.105270" lat="39.834743"><ele>1.0</ele></trkpt>
   <trkpt lon="3.105362" lat="39.834511"><ele>1.0</ele></trkpt>
   <trkpt lon="3.105631" lat="39.834090"><ele>1.0</ele></trkpt>
   <trkpt lon="3.105782" lat="39.833760"><ele>1.0</ele></trkpt>
   <trkpt lon="3.105929" lat="39.833378"><ele>1.0</ele></trkpt>
   <trkpt lon="3.106040" lat="39.833156"><ele>1.0</ele></trkpt>
   <trkpt lon="3.106199" lat="39.832839"><ele>1.0</ele></trkpt>
   <trkpt lon="3.106497" lat="39.831931"><ele>1.25</ele></trkpt>
   <trkpt lon="3.106678" lat="39.831145"><ele>1.0</ele><sym>right_sharp</sym></trkpt>
   <trkpt lon="3.105446" lat="39.831081"><ele>7.25</ele></trkpt>
   <trkpt lon="3.105390" lat="39.831078"><ele>7.5</ele></trkpt>
   <trkpt lon="3.105299" lat="39.831091"><ele>7.75</ele><sym>left_slight</sym></trkpt>
   <trkpt lon="3.105126" lat="39.831067"><ele>8.5</ele></trkpt>
   <trkpt lon="3.105034" lat="39.831029"><ele>9.0</ele></trkpt>
   <trkpt lon="3.104969" lat="39.830992"><ele>9.75</ele><sym>left_slight</sym></trkpt>
   <trkpt lon="3.105138" lat="39.830663"><ele>10.5</ele></trkpt>
   <trkpt lon="3.105218" lat="39.830471"><ele>10.0</ele></trkpt>
   <trkpt lon="3.105266" lat="39.830312"><ele>9.25</ele></trkpt>
   <trkpt lon="3.105339" lat="39.830001"><ele>8.5</ele></trkpt>
   <trkpt lon="3.105357" lat="39.829850"><ele>8.25</ele></trkpt>
   <trkpt lon="3.105377" lat="39.829629"><ele>8.25</ele></trkpt>
   <trkpt lon="3.105386" lat="39.829313"><ele>8.0</ele></trkpt>
   <trkpt lon="3.105389" lat="39.829001"><ele>9.5</ele></trkpt>
   <trkpt lon="3.105382" lat="39.828570"><ele>10.0</ele><sym>pass_place</sym><type>Shaping</type></trkpt>
   <trkpt lon="3.105365" lat="39.828381"><ele>9.75</ele></trkpt>
   <trkpt lon="3.105333" lat="39.828190"><ele>9.0</ele></trkpt>
   <trkpt lon="3.105249" lat="39.827883"><ele>10.0</ele></trkpt>
   <trkpt lon="3.105031" lat="39.827345"><ele>11.25</ele></trkpt>
   <trkpt lon="3.104782" lat="39.826763"><ele>12.0</ele></trkpt>
   <trkpt lon="3.104635" lat="39.826457"><ele>13.75</ele></trkpt>
   <trkpt lon="3.104456" lat="39.826163"><ele>14.75</ele></trkpt>
   <trkpt lon="3.104257" lat="39.825899"><ele>16.25</ele></trkpt>
   <trkpt lon="3.104094" lat="39.825720"><ele>17.25</ele></trkpt>
   <trkpt lon="3.103849" lat="39.825494"><ele>19.25</ele></trkpt>
   <trkpt lon="3.103592" lat="39.825290"><ele>21.25</ele></trkpt>
   <trkpt lon="3.102485" lat="39.824480"><ele>26.75</ele></trkpt>
   <trkpt lon="3.102204" lat="39.824260"><ele>27.5</ele></trkpt>
   <trkpt lon="3.101957" lat="39.824045"><ele>27.25</ele></trkpt>
   <trkpt lon="3.101755" lat="39.823850"><ele>27.25</ele></trkpt>
   <trkpt lon="3.101312" lat="39.823393"><ele>28.75</ele></trkpt>
   <trkpt lon="3.100857" lat="39.822695"><ele>26.5</ele></trkpt>
   <trkpt lon="3.100473" lat="39.821876"><ele>24.25</ele></trkpt>
   <trkpt lon="3.100321" lat="39.821279"><ele>22.5</ele></trkpt>
   <trkpt lon="3.100259" lat="39.820787"><ele>21.75</ele></trkpt>
   <trkpt lon="3.100275" lat="39.820176"><ele>19.5</ele></trkpt>
   <trkpt lon="3.100362" lat="39.819614"><ele>18.0</ele></trkpt>
   <trkpt lon="3.100561" lat="39.819083"><ele>16.5</ele></trkpt>
   <trkpt lon="3.100794" lat="39.818523"><ele>14.75</ele></trkpt>
   <trkpt lon="3.101442" lat="39.817473"><ele>11.75</ele></trkpt>
   <trkpt lon="3.102306" lat="39.816228"><ele>8.25</ele></trkpt>
   <trkpt lon="3.102689" lat="39.815673"><ele>6.25</ele></trkpt>
   <trkpt lon="3.103087" lat="39.815123"><ele>4.75</ele></trkpt>
   <trkpt lon="3.103248" lat="39.814875"><ele>4.25</ele></trkpt>
   <trkpt lon="3.103647" lat="39.814338"><ele>3.25</ele></trkpt>
   <trkpt lon="3.103941" lat="39.813950"><ele>2.25</ele><sym>pass_place</sym><type>Shaping</type></trkpt>
   <trkpt lon="3.103944" lat="39.813947"><ele>2.25</ele></trkpt>
   <trkpt lon="3.104327" lat="39.813476"><ele>1.75</ele></trkpt>
   <trkpt lon="3.104363" lat="39.813344"><ele>2.25</ele></trkpt>
   <trkpt lon="3.104388" lat="39.813194"><ele>2.0</ele><sym>roundabout_e1</sym></trkpt>
   <trkpt lon="3.104368" lat="39.813153"><ele>2.0</ele></trkpt>
   <trkpt lon="3.104358" lat="39.813110"><ele>2.0</ele></trkpt>
   <trkpt lon="3.104303" lat="39.813038"><ele>1.75</ele></trkpt>
   <trkpt lon="3.104225" lat="39.812974"><ele>1.75</ele></trkpt>
   <trkpt lon="3.104145" lat="39.812911"><ele>1.5</ele></trkpt>
   <trkpt lon="3.103791" lat="39.812785"><ele>2.0</ele></trkpt>
   <trkpt lon="3.103446" lat="39.812667"><ele>1.75</ele></trkpt>
   <trkpt lon="3.101953" lat="39.812148"><ele>1.5</ele></trkpt>
   <trkpt lon="3.101756" lat="39.812061"><ele>1.25</ele></trkpt>
   <trkpt lon="3.101047" lat="39.811713"><ele>1.5</ele></trkpt>
   <trkpt lon="3.100761" lat="39.811550"><ele>1.5</ele></trkpt>
   <trkpt lon="3.099881" lat="39.811062"><ele>1.0</ele></trkpt>
   <trkpt lon="3.099560" lat="39.810896"><ele>1.0</ele></trkpt>
   <trkpt lon="3.099370" lat="39.810810"><ele>1.0</ele></trkpt>
   <trkpt lon="3.099034" lat="39.810694"><ele>1.0</ele></trkpt>
   <trkpt lon="3.095854" lat="39.809670"><ele>1.0</ele></trkpt>
   <trkpt lon="3.095212" lat="39.809465"><ele>1.0</ele></trkpt>
   <trkpt lon="3.094488" lat="39.809229"><ele>1.0</ele></trkpt>
   <trkpt lon="3.090632" lat="39.807977"><ele>1.0</ele></trkpt>
   <trkpt lon="3.090175" lat="39.807824"><ele>1.0</ele></trkpt>
   <trkpt lon="3.090020" lat="39.807765"><ele>1.0</ele></trkpt>
   <trkpt lon="3.089899" lat="39.807701"><ele>1.25</ele></trkpt>
   <trkpt lon="3.088601" lat="39.806811"><ele>1.25</ele></trkpt>
   <trkpt lon="3.085781" lat="39.804852"><ele>1.0</ele><sym>pass_place</sym><type>Shaping</type></trkpt>
   <trkpt lon="3.084538" lat="39.804001"><ele>1.0</ele></trkpt>
   <trkpt lon="3.084459" lat="39.803931"><ele>1.0</ele></trkpt>
   <trkpt lon="3.084398" lat="39.803849"><ele>1.0</ele></trkpt>
   <trkpt lon="3.084380" lat="39.803808"><ele>1.0</ele></trkpt>
   <trkpt lon="3.084351" lat="39.803741"><ele>1.0</ele></trkpt>
   <trkpt lon="3.084329" lat="39.803640"><ele>1.0</ele></trkpt>
   <trkpt lon="3.084370" lat="39.802855"><ele>1.0</ele></trkpt>
   <trkpt lon="3.084436" lat="39.801571"><ele>1.0</ele></trkpt>
   <trkpt lon="3.084430" lat="39.801417"><ele>1.0</ele></trkpt>
   <trkpt lon="3.084386" lat="39.801319"><ele>1.0</ele></trkpt>
   <trkpt lon="3.084317" lat="39.801236"><ele>1.0</ele></trkpt>
   <trkpt lon="3.084198" lat="39.801160"><ele>1.0</ele></trkpt>
   <trkpt lon="3.084058" lat="39.801091"><ele>1.0</ele></trkpt>
   <trkpt lon="3.082653" lat="39.800573"><ele>1.0</ele></trkpt>
   <trkpt lon="3.082556" lat="39.800537"><ele>1.0</ele></trkpt>
   <trkpt lon="3.078405" lat="39.799005"><ele>1.0</ele></trkpt>
   <trkpt lon="3.078309" lat="39.798970"><ele>1.0</ele></trkpt>
   <trkpt lon="3.072790" lat="39.796949"><ele>1.0</ele></trkpt>
   <trkpt lon="3.072677" lat="39.796897"><ele>1.0</ele></trkpt>
   <trkpt lon="3.072586" lat="39.796844"><ele>1.0</ele></trkpt>
   <trkpt lon="3.072528" lat="39.796781"><ele>1.0</ele></trkpt>
   <trkpt lon="3.072497" lat="39.796705"><ele>1.0</ele></trkpt>
   <trkpt lon="3.072493" lat="39.796637"><ele>1.0</ele></trkpt>
   <trkpt lon="3.072513" lat="39.796560"><ele>1.25</ele></trkpt>
   <trkpt lon="3.072666" lat="39.796308"><ele>1.5</ele></trkpt>
   <trkpt lon="3.072732" lat="39.796187"><ele>1.75</ele></trkpt>
   <trkpt lon="3.072756" lat="39.796145"><ele>1.75</ele></trkpt>
   <trkpt lon="3.072766" lat="39.796127"><ele>1.75</ele></trkpt>
   <trkpt lon="3.072824" lat="39.796033"><ele>1.5</ele></trkpt>
   <trkpt lon="3.073015" lat="39.795732"><ele>1.25</ele></trkpt>
   <trkpt lon="3.073045" lat="39.795636"><ele>1.5</ele></trkpt>
   <trkpt lon="3.073079" lat="39.795527"><ele>1.75</ele></trkpt>
   <trkpt lon="3.073057" lat="39.795426"><ele>1.75</ele></trkpt>
   <trkpt lon="3.073008" lat="39.795350"><ele>1.75</ele></trkpt>
   <trkpt lon="3.072892" lat="39.795266"><ele>1.75</ele></trkpt>
   <trkpt lon="3.072761" lat="39.795222"><ele>2.0</ele></trkpt>
   <trkpt lon="3.072621" lat="39.795207"><ele>2.0</ele></trkpt>
   <trkpt lon="3.072452" lat="39.795237"><ele>1.75</ele></trkpt>
   <trkpt lon="3.072448" lat="39.795238"><ele>2.0</ele><sym>pass_place</sym><type>Shaping</type></trkpt>
   <trkpt lon="3.072304" lat="39.795311"><ele>2.0</ele></trkpt>
   <trkpt lon="3.072121" lat="39.795439"><ele>1.75</ele></trkpt>
   <trkpt lon="3.071575" lat="39.795800"><ele>1.25</ele></trkpt>
   <trkpt lon="3.071342" lat="39.795935"><ele>1.5</ele></trkpt>
   <trkpt lon="3.071150" lat="39.796022"><ele>1.75</ele></trkpt>
   <trkpt lon="3.070943" lat="39.796075"><ele>2.0</ele></trkpt>
   <trkpt lon="3.070612" lat="39.796139"><ele>1.0</ele></trkpt>
   <trkpt lon="3.069092" lat="39.796401"><ele>1.0</ele></trkpt>
   <trkpt lon="3.068921" lat="39.796428"><ele>1.0</ele></trkpt>
   <trkpt lon="3.068786" lat="39.796430"><ele>1.0</ele></trkpt>
   <trkpt lon="3.068642" lat="39.796417"><ele>1.0</ele></trkpt>
   <trkpt lon="3.068225" lat="39.796316"><ele>1.25</ele></trkpt>
   <trkpt lon="3.063560" lat="39.794981"><ele>1.0</ele></trkpt>
   <trkpt lon="3.063467" lat="39.794954"><ele>1.0</ele></trkpt>
   <trkpt lon="3.061175" lat="39.794307"><ele>1.0</ele></trkpt>
   <trkpt lon="3.059167" lat="39.793742"><ele>1.25</ele></trkpt>
   <trkpt lon="3.058076" lat="39.793427"><ele>2.0</ele></trkpt>
   <trkpt lon="3.057757" lat="39.793274"><ele>2.0</ele></trkpt>
   <trkpt lon="3.054220" lat="39.791217"><ele>2.0</ele></trkpt>
   <trkpt lon="3.053277" lat="39.790591"><ele>2.75</ele><sym>pass_place</sym><type>Shaping</type></trkpt>
   <trkpt lon="3.053276" lat="39.790590"><ele>2.75</ele></trkpt>
   <trkpt lon="3.051098" lat="39.789268"><ele>3.0</ele></trkpt>
   <trkpt lon="3.050411" lat="39.788850"><ele>3.75</ele></trkpt>
   <trkpt lon="3.050314" lat="39.788765"><ele>3.75</ele></trkpt>
   <trkpt lon="3.050217" lat="39.788646"><ele>4.0</ele></trkpt>
   <trkpt lon="3.050178" lat="39.788519"><ele>4.0</ele></trkpt>
   <trkpt lon="3.050194" lat="39.788392"><ele>4.0</ele></trkpt>
   <trkpt lon="3.050261" lat="39.788267"><ele>3.75</ele></trkpt>
   <trkpt lon="3.050790" lat="39.787759"><ele>3.0</ele></trkpt>
   <trkpt lon="3.050844" lat="39.787695"><ele>3.0</ele></trkpt>
   <trkpt lon="3.050989" lat="39.787523"><ele>3.0</ele></trkpt>
   <trkpt lon="3.051175" lat="39.787222"><ele>3.0</ele></trkpt>
   <trkpt lon="3.051199" lat="39.787150"><ele>3.0</ele></trkpt>
   <trkpt lon="3.051202" lat="39.787080"><ele>3.0</ele><sym>left_slight</sym></trkpt>
   <trkpt lon="3.051352" lat="39.786942"><ele>3.0</ele></trkpt>
   <trkpt lon="3.052289" lat="39.786081"><ele>3.0</ele></trkpt>
   <trkpt lon="3.052390" lat="39.786003"><ele>3.0</ele></trkpt>
   <trkpt lon="3.052549" lat="39.785880"><ele>3.0</ele></trkpt>
   <trkpt lon="3.052720" lat="39.785783"><ele>3.0</ele></trkpt>
   <trkpt lon="3.052998" lat="39.785657"><ele>3.0</ele></trkpt>
   <trkpt lon="3.053217" lat="39.785548"><ele>3.0</ele></trkpt>
   <trkpt lon="3.053605" lat="39.785344"><ele>2.25</ele></trkpt>
   <trkpt lon="3.054141" lat="39.785003"><ele>2.75</ele></trkpt>
   <trkpt lon="3.054493" lat="39.784831"><ele>2.5</ele></trkpt>
   <trkpt lon="3.054724" lat="39.784739"><ele>2.75</ele></trkpt>
   <trkpt lon="3.055127" lat="39.784503"><ele>3.0</ele></trkpt>
   <trkpt lon="3.055985" lat="39.783896"><ele>3.0</ele></trkpt>
   <trkpt lon="3.056381" lat="39.783566"><ele>3.0</ele></trkpt>
   <trkpt lon="3.056476" lat="39.783443"><ele>3.0</ele></trkpt>
   <trkpt lon="3.056478" lat="39.783393"><ele>2.75</ele></trkpt>
   <trkpt lon="3.056394" lat="39.783263"><ele>3.0</ele></trkpt>
   <trkpt lon="3.055965" lat="39.782776"><ele>3.0</ele></trkpt>
   <trkpt lon="3.055876" lat="39.782559"><ele>3.0</ele></trkpt>
   <trkpt lon="3.055655" lat="39.781919"><ele>3.0</ele></trkpt>
   <trkpt lon="3.055554" lat="39.781608"><ele>3.0</ele></trkpt>
   <trkpt lon="3.055512" lat="39.781513"><ele>3.0</ele></trkpt>
   <trkpt lon="3.055467" lat="39.781441"><ele>3.0</ele></trkpt>
   <trkpt lon="3.055182" lat="39.781122"><ele>3.25</ele></trkpt>
   <trkpt lon="3.054535" lat="39.780332"><ele>4.0</ele></trkpt>
   <trkpt lon="3.054433" lat="39.780208"><ele>4.0</ele></trkpt>
   <trkpt lon="3.054250" lat="39.779984"><ele>4.5</ele></trkpt>
   <trkpt lon="3.053660" lat="39.779238"><ele>5.0</ele></trkpt>
   <trkpt lon="3.053468" lat="39.779038"><ele>5.0</ele></trkpt>
   <trkpt lon="3.053347" lat="39.778958"><ele>5.0</ele></trkpt>
   <trkpt lon="3.053153" lat="39.778852"><ele>5.0</ele></trkpt>
   <trkpt lon="3.053089" lat="39.778796"><ele>5.0</ele></trkpt>
   <trkpt lon="3.053067" lat="39.778730"><ele>5.0</ele><sym>right_slight</sym></trkpt>
   <trkpt lon="3.052946" lat="39.778694"><ele>5.0</ele></trkpt>
   <trkpt lon="3.052830" lat="39.778632"><ele>5.0</ele></trkpt>
   <trkpt lon="3.052658" lat="39.778510"><ele>5.0</ele><sym>pass_place</sym><type>Shaping</type></trkpt>
   <trkpt lon="3.052657" lat="39.778510"><ele>5.0</ele></trkpt>
   <trkpt lon="3.051336" lat="39.777580"><ele>5.5</ele></trkpt>
   <trkpt lon="3.050050" lat="39.776691"><ele>5.75</ele></trkpt>
   <trkpt lon="3.049906" lat="39.776560"><ele>6.0</ele></trkpt>
   <trkpt lon="3.049799" lat="39.776426"><ele>6.0</ele><sym>left_slight</sym></trkpt>
   <trkpt lon="3.049850" lat="39.776245"><ele>6.0</ele></trkpt>
   <trkpt lon="3.050240" lat="39.775200"><ele>6.0</ele></trkpt>
   <trkpt lon="3.050660" lat="39.774018"><ele>7.0</ele></trkpt>
   <trkpt lon="3.050738" lat="39.773735"><ele>7.0</ele></trkpt>
   <trkpt lon="3.051065" lat="39.772589"><ele>7.5</ele></trkpt>
   <trkpt lon="3.051210" lat="39.772111"><ele>8.0</ele></trkpt>
   <trkpt lon="3.051515" lat="39.771387"><ele>8.0</ele></trkpt>
   <trkpt lon="3.051571" lat="39.771140"><ele>8.0</ele></trkpt>
   <trkpt lon="3.051590" lat="39.770899"><ele>8.0</ele></trkpt>
   <trkpt lon="3.051677" lat="39.770366"><ele>8.0</ele></trkpt>
   <trkpt lon="3.051736" lat="39.770117"><ele>8.0</ele></trkpt>
   <trkpt lon="3.051864" lat="39.769756"><ele>8.0</ele></trkpt>
   <trkpt lon="3.052008" lat="39.769418"><ele>8.75</ele></trkpt>
   <trkpt lon="3.052118" lat="39.769106"><ele>9.0</ele></trkpt>
   <trkpt lon="3.052300" lat="39.768330"><ele>9.0</ele></trkpt>
   <trkpt lon="3.052358" lat="39.768182"><ele>9.0</ele></trkpt>
   <trkpt lon="3.052820" lat="39.767106"><ele>8.75</ele></trkpt>
   <trkpt lon="3.053438" lat="39.765730"><ele>8.75</ele></trkpt>
   <trkpt lon="3.055747" lat="39.764397"><ele>8.5</ele><sym>pass_place</sym><type>Shaping</type></trkpt>
   <trkpt lon="3.055753" lat="39.764395"><ele>8.5</ele><sym>right</sym></trkpt>
   <trkpt lon="3.055638" lat="39.764244"><ele>8.25</ele></trkpt>
   <trkpt lon="3.054778" lat="39.763357"><ele>9.0</ele></trkpt>
   <trkpt lon="3.053340" lat="39.761444"><ele>11.75</ele><sym>left</sym></trkpt>
   <trkpt lon="3.055733" lat="39.759523"><ele>10.25</ele></trkpt>
   <trkpt lon="3.056166" lat="39.759189"><ele>8.5</ele></trkpt>
   <trkpt lon="3.056407" lat="39.759064"><ele>7.25</ele></trkpt>
   <trkpt lon="3.056488" lat="39.758984"><ele>8.0</ele></trkpt>
   <trkpt lon="3.056741" lat="39.758671"><ele>9.5</ele></trkpt>
   <trkpt lon="3.056900" lat="39.758406"><ele>10.75</ele><sym>right_slight</sym></trkpt>
   <trkpt lon="3.056770" lat="39.757577"><ele>11.5</ele></trkpt>
   <trkpt lon="3.056496" lat="39.756080"><ele>13.0</ele></trkpt>
   <trkpt lon="3.056412" lat="39.755437"><ele>14.25</ele></trkpt>
   <trkpt lon="3.056233" lat="39.754443"><ele>16.0</ele></trkpt>
   <trkpt lon="3.056094" lat="39.753599"><ele>18.75</ele></trkpt>
   <trkpt lon="3.055993" lat="39.753013"><ele>21.75</ele></trkpt>
   <trkpt lon="3.055978" lat="39.752843"><ele>22.5</ele></trkpt>
   <trkpt lon="3.055980" lat="39.752762"><ele>23.0</ele></trkpt>
   <trkpt lon="3.055960" lat="39.752734"><ele>22.75</ele></trkpt>
   <trkpt lon="3.055899" lat="39.752530"><ele>23.0</ele></trkpt>
   <trkpt lon="3.055478" lat="39.751139"><ele>27.5</ele></trkpt>
   <trkpt lon="3.054754" lat="39.748738"><ele>31.5</ele><sym>pass_place</sym><type>Shaping</type></trkpt>
   <trkpt lon="3.054753" lat="39.748735"><ele>31.5</ele></trkpt>
   <trkpt lon="3.054566" lat="39.748115"><ele>34.0</ele></trkpt>
   <trkpt lon="3.054315" lat="39.747320"><ele>36.0</ele></trkpt>
   <trkpt lon="3.054215" lat="39.746266"><ele>40.0</ele></trkpt>
   <trkpt lon="3.054206" lat="39.746133"><ele>41.0</ele></trkpt>
   <trkpt lon="3.054177" lat="39.745680"><ele>42.5</ele></trkpt>
   <trkpt lon="3.054171" lat="39.745597"><ele>42.75</ele></trkpt>
   <trkpt lon="3.054153" lat="39.745374"><ele>44.25</ele></trkpt>
   <trkpt lon="3.054117" lat="39.744944"><ele>45.75</ele></trkpt>
   <trkpt lon="3.054099" lat="39.744889"><ele>46.0</ele></trkpt>
   <trkpt lon="3.054062" lat="39.744772"><ele>46.25</ele></trkpt>
   <trkpt lon="3.054005" lat="39.744595"><ele>47.0</ele></trkpt>
   <trkpt lon="3.053890" lat="39.744235"><ele>48.75</ele></trkpt>
   <trkpt lon="3.053776" lat="39.743876"><ele>50.0</ele></trkpt>
   <trkpt lon="3.053738" lat="39.743757"><ele>50.5</ele></trkpt>
   <trkpt lon="3.053664" lat="39.743632"><ele>51.0</ele></trkpt>
   <trkpt lon="3.053492" lat="39.743338"><ele>52.5</ele></trkpt>
   <trkpt lon="3.053404" lat="39.743189"><ele>52.5</ele></trkpt>
   <trkpt lon="3.053366" lat="39.743128"><ele>52.75</ele></trkpt>
   <trkpt lon="3.053200" lat="39.742865"><ele>53.0</ele></trkpt>
   <trkpt lon="3.053097" lat="39.742700"><ele>53.25</ele></trkpt>
   <trkpt lon="3.053063" lat="39.742648"><ele>53.25</ele></trkpt>
   <trkpt lon="3.053033" lat="39.742510"><ele>53.75</ele></trkpt>
   <trkpt lon="3.052990" lat="39.742312"><ele>54.0</ele></trkpt>
   <trkpt lon="3.052945" lat="39.742105"><ele>54.25</ele></trkpt>
   <trkpt lon="3.052914" lat="39.741963"><ele>54.75</ele></trkpt>
   <trkpt lon="3.052890" lat="39.741858"><ele>55.25</ele></trkpt>
   <trkpt lon="3.052867" lat="39.741753"><ele>55.5</ele></trkpt>
   <trkpt lon="3.052851" lat="39.741683"><ele>55.75</ele></trkpt>
   <trkpt lon="3.052799" lat="39.741411"><ele>56.75</ele></trkpt>
   <trkpt lon="3.052784" lat="39.741342"><ele>57.0</ele></trkpt>
   <trkpt lon="3.052683" lat="39.740962"><ele>58.0</ele></trkpt>
   <trkpt lon="3.052565" lat="39.740459"><ele>59.5</ele></trkpt>
   <trkpt lon="3.052519" lat="39.740282"><ele>60.0</ele></trkpt>
   <trkpt lon="3.052504" lat="39.740204"><ele>60.25</ele></trkpt>
   <trkpt lon="3.052405" lat="39.740058"><ele>59.5</ele></trkpt>
   <trkpt lon="3.052258" lat="39.739934"><ele>59.5</ele></trkpt>
   <trkpt lon="3.052188" lat="39.739886"><ele>59.25</ele><sym>roundabout_e2</sym></trkpt>
   <trkpt lon="3.052100" lat="39.739869"><ele>58.5</ele></trkpt>
   <trkpt lon="3.052047" lat="39.739841"><ele>58.25</ele></trkpt>
   <trkpt lon="3.052008" lat="39.739802"><ele>58.25</ele></trkpt>
   <trkpt lon="3.051987" lat="39.739755"><ele>58.75</ele></trkpt>
   <trkpt lon="3.051984" lat="39.739706"><ele>59.0</ele></trkpt>
   <trkpt lon="3.051998" lat="39.739663"><ele>58.25</ele></trkpt>
   <trkpt lon="3.052028" lat="39.739624"><ele>58.0</ele></trkpt>
   <trkpt lon="3.052070" lat="39.739593"><ele>57.75</ele></trkpt>
   <trkpt lon="3.052241" lat="39.739432"><ele>58.0</ele></trkpt>
   <trkpt lon="3.052362" lat="39.739338"><ele>59.75</ele></trkpt>
   <trkpt lon="3.052802" lat="39.738967"><ele>62.25</ele></trkpt>
   <trkpt lon="3.053077" lat="39.738780"><ele>62.5</ele></trkpt>
   <trkpt lon="3.053115" lat="39.738754"><ele>62.5</ele></trkpt>
   <trkpt lon="3.053302" lat="39.738624"><ele>62.75</ele></trkpt>
   <trkpt lon="3.053436" lat="39.738530"><ele>62.75</ele></trkpt>
   <trkpt lon="3.053523" lat="39.738477"><ele>62.75</ele></trkpt>
   <trkpt lon="3.053574" lat="39.738443"><ele>62.75</ele></trkpt>
   <trkpt lon="3.053904" lat="39.738228"><ele>63.0</ele></trkpt>
   <trkpt lon="3.054042" lat="39.738138"><ele>63.25</ele></trkpt>
   <trkpt lon="3.054478" lat="39.737875"><ele>64.75</ele></trkpt>
   <trkpt lon="3.054572" lat="39.737813"><ele>65.25</ele></trkpt>
   <trkpt lon="3.054615" lat="39.737779"><ele>65.5</ele></trkpt>
   <trkpt lon="3.054871" lat="39.737576"><ele>66.5</ele></trkpt>
   <trkpt lon="3.054916" lat="39.737540"><ele>66.5</ele></trkpt>
   <trkpt lon="3.055381" lat="39.737192"><ele>68.25</ele></trkpt>
   <trkpt lon="3.055674" lat="39.736975"><ele>69.25</ele></trkpt>
   <trkpt lon="3.055725" lat="39.736935"><ele>69.5</ele></trkpt>
   <trkpt lon="3.055825" lat="39.736858"><ele>69.75</ele></trkpt>
   <trkpt lon="3.055929" lat="39.736758"><ele>70.0</ele></trkpt>
   <trkpt lon="3.056147" lat="39.736540"><ele>69.5</ele></trkpt>
   <trkpt lon="3.056503" lat="39.736084"><ele>68.75</ele></trkpt>
   <trkpt lon="3.056499" lat="39.736031"><ele>68.75</ele><sym>left_slight</sym></trkpt>
   <trkpt lon="3.056821" lat="39.735559"><ele>69.5</ele></trkpt>
   <trkpt lon="3.056988" lat="39.735259"><ele>70.0</ele></trkpt>
   <trkpt lon="3.057021" lat="39.735200"><ele>70.5</ele><sym>straight</sym></trkpt>
   <trkpt lon="3.057280" lat="39.734651"><ele>73.25</ele></trkpt>
   <trkpt lon="3.057333" lat="39.734537"><ele>74.0</ele></trkpt>
   <trkpt lon="3.057344" lat="39.734508"><ele>74.0</ele><sym>pass_place</sym><type>Shaping</type></trkpt>
   <trkpt lon="3.057345" lat="39.734506"><ele>74.0</ele></trkpt>
   <trkpt lon="3.057510" lat="39.734076"><ele>76.25</ele></trkpt>
   <trkpt lon="3.057518" lat="39.734055"><ele>76.25</ele></trkpt>
   <trkpt lon="3.057605" lat="39.733826"><ele>77.25</ele></trkpt>
   <trkpt lon="3.057773" lat="39.733581"><ele>78.0</ele></trkpt>
   <trkpt lon="3.057780" lat="39.733565"><ele>78.0</ele></trkpt>
   <trkpt lon="3.057813" lat="39.733492"><ele>78.25</ele></trkpt>
   <trkpt lon="3.058078" lat="39.732917"><ele>79.0</ele></trkpt>
   <trkpt lon="3.058113" lat="39.732843"><ele>79.0</ele></trkpt>
   <trkpt lon="3.058134" lat="39.732799"><ele>79.0</ele></trkpt>
   <trkpt lon="3.058546" lat="39.731915"><ele>78.5</ele></trkpt>
   <trkpt lon="3.058642" lat="39.731735"><ele>78.25</ele></trkpt>
   <trkpt lon="3.058723" lat="39.731585"><ele>78.25</ele></trkpt>
   <trkpt lon="3.058737" lat="39.731559"><ele>78.25</ele></trkpt>
   <trkpt lon="3.058854" lat="39.731341"><ele>77.75</ele></trkpt>
   <trkpt lon="3.058913" lat="39.730923"><ele>77.25</ele></trkpt>
   <trkpt lon="3.059083" lat="39.730015"><ele>78.25</ele></trkpt>
   <trkpt lon="3.059103" lat="39.729909"><ele>78.0</ele></trkpt>
   <trkpt lon="3.059208" lat="39.729681"><ele>78.0</ele><sym>right_slight</sym></trkpt>
   <trkpt lon="3.058927" lat="39.728960"><ele>75.25</ele></trkpt>
   <trkpt lon="3.058846" lat="39.728748"><ele>74.75</ele></trkpt>
   <trkpt lon="3.058737" lat="39.728459"><ele>74.25</ele></trkpt>
   <trkpt lon="3.058620" lat="39.728155"><ele>74.0</ele></trkpt>
   <trkpt lon="3.058376" lat="39.727590"><ele>73.0</ele></trkpt>
   <trkpt lon="3.058277" lat="39.727367"><ele>72.0</ele></trkpt>
   <trkpt lon="3.058160" lat="39.727055"><ele>71.75</ele></trkpt>
   <trkpt lon="3.057831" lat="39.726211"><ele>70.5</ele></trkpt>
   <trkpt lon="3.056878" lat="39.723799"><ele>68.25</ele></trkpt>
   <trkpt lon="3.056010" lat="39.721553"><ele>69.75</ele></trkpt>
   <trkpt lon="3.055067" lat="39.719187"><ele>72.0</ele></trkpt>
   <trkpt lon="3.055030" lat="39.719070"><ele>72.0</ele></trkpt>
   <trkpt lon="3.054941" lat="39.718791"><ele>72.0</ele></trkpt>
   <trkpt lon="3.054940" lat="39.718788"><ele>64.25</ele><sym>pass_place</sym><type>Shaping</type></trkpt>
   <trkpt lon="3.054657" lat="39.717729"><ele>64.25</ele></trkpt>
   <trkpt lon="3.054384" lat="39.716745"><ele>72.25</ele></trkpt>
   <trkpt lon="3.054372" lat="39.716698"><ele>72.75</ele></trkpt>
   <trkpt lon="3.054422" lat="39.716541"><ele>73.25</ele></trkpt>
   <trkpt lon="3.054530" lat="39.716199"><ele>74.75</ele></trkpt>
   <trkpt lon="3.055526" lat="39.713053"><ele>79.75</ele></trkpt>
   <trkpt lon="3.055642" lat="39.712877"><ele>78.5</ele></trkpt>
   <trkpt lon="3.055795" lat="39.712794"><ele>77.25</ele></trkpt>
   <trkpt lon="3.056881" lat="39.712568"><ele>75.25</ele></trkpt>
   <trkpt lon="3.058374" lat="39.712216"><ele>80.25</ele></trkpt>
   <trkpt lon="3.058463" lat="39.712157"><ele>81.5</ele></trkpt>
   <trkpt lon="3.058509" lat="39.712063"><ele>82.75</ele></trkpt>
   <trkpt lon="3.058133" lat="39.710746"><ele>82.75</ele></trkpt>
   <trkpt lon="3.057572" lat="39.708854"><ele>86.25</ele></trkpt>
   <trkpt lon="3.057467" lat="39.708554"><ele>85.75</ele></trkpt>
   <trkpt lon="3.057352" lat="39.708351"><ele>84.75</ele></trkpt>
   <trkpt lon="3.057144" lat="39.708152"><ele>84.0</ele></trkpt>
   <trkpt lon="3.057055" lat="39.708010"><ele>83.75</ele></trkpt>
   <trkpt lon="3.057019" lat="39.707952"><ele>83.75</ele></trkpt>
   <trkpt lon="3.055947" lat="39.704642"><ele>103.75</ele><sym>stay_left</sym></trkpt>
   <trkpt lon="3.055950" lat="39.704641"><ele>103.5</ele><sym>pass_place</sym><type>Shaping</type></trkpt>
   <trkpt lon="3.055947" lat="39.704642"><ele>103.75</ele></trkpt>
   <trkpt lon="3.055903" lat="39.704505"><ele>103.5</ele></trkpt>
   <trkpt lon="3.055807" lat="39.704336"><ele>102.5</ele></trkpt>
   <trkpt lon="3.055621" lat="39.704133"><ele>101.0</ele></trkpt>
   <trkpt lon="3.055522" lat="39.703854"><ele>98.5</ele></trkpt>
   <trkpt lon="3.055435" lat="39.703533"><ele>96.5</ele></trkpt>
   <trkpt lon="3.055290" lat="39.702590"><ele>96.0</ele></trkpt>
   <trkpt lon="3.055228" lat="39.702139"><ele>96.0</ele></trkpt>
   <trkpt lon="3.055148" lat="39.701785"><ele>96.75</ele></trkpt>
   <trkpt lon="3.055042" lat="39.701429"><ele>97.75</ele></trkpt>
   <trkpt lon="3.054886" lat="39.701160"><ele>98.25</ele></trkpt>
   <trkpt lon="3.054645" lat="39.700682"><ele>100.5</ele></trkpt>
   <trkpt lon="3.054329" lat="39.700145"><ele>103.25</ele></trkpt>
   <trkpt lon="3.054094" lat="39.699761"><ele>105.0</ele></trkpt>
   <trkpt lon="3.053947" lat="39.699577"><ele>106.25</ele></trkpt>
   <trkpt lon="3.053671" lat="39.699264"><ele>108.5</ele></trkpt>
   <trkpt lon="3.053529" lat="39.698943"><ele>110.75</ele></trkpt>
   <trkpt lon="3.053473" lat="39.698785"><ele>111.5</ele></trkpt>
   <trkpt lon="3.053429" lat="39.698624"><ele>112.25</ele></trkpt>
   <trkpt lon="3.053356" lat="39.698131"><ele>115.5</ele><sym>straight</sym></trkpt>
   <trkpt lon="3.053268" lat="39.697915"><ele>116.75</ele></trkpt>
   <trkpt lon="3.053110" lat="39.697530"><ele>113.5</ele></trkpt>
   <trkpt lon="3.052911" lat="39.697129"><ele>109.25</ele></trkpt>
   <trkpt lon="3.052785" lat="39.696849"><ele>107.75</ele></trkpt>
   <trkpt lon="3.052548" lat="39.696237"><ele>105.75</ele></trkpt>
   <trkpt lon="3.052510" lat="39.696116"><ele>105.75</ele></trkpt>
   <trkpt lon="3.052490" lat="39.696017"><ele>106.0</ele></trkpt>
   <trkpt lon="3.052475" lat="39.695800"><ele>106.0</ele></trkpt>
   <trkpt lon="3.052471" lat="39.695565"><ele>106.25</ele></trkpt>
   <trkpt lon="3.052445" lat="39.695372"><ele>106.5</ele></trkpt>
   <trkpt lon="3.052306" lat="39.694795"><ele>108.0</ele></trkpt>
   <trkpt lon="3.052141" lat="39.694061"><ele>110.0</ele></trkpt>
   <trkpt lon="3.052100" lat="39.693884"><ele>111.25</ele></trkpt>
   <trkpt lon="3.052064" lat="39.693821"><ele>111.75</ele></trkpt>
   <trkpt lon="3.052025" lat="39.693781"><ele>111.75</ele></trkpt>
   <trkpt lon="3.051933" lat="39.693726"><ele>111.75</ele></trkpt>
   <trkpt lon="3.051689" lat="39.693644"><ele>111.25</ele></trkpt>
   <trkpt lon="3.051442" lat="39.693569"><ele>111.25</ele></trkpt>
   <trkpt lon="3.050976" lat="39.693450"><ele>110.25</ele></trkpt>
   <trkpt lon="3.050797" lat="39.693400"><ele>109.5</ele></trkpt>
   <trkpt lon="3.050649" lat="39.693351"><ele>109.5</ele></trkpt>
   <trkpt lon="3.050514" lat="39.693286"><ele>109.5</ele></trkpt>
   <trkpt lon="3.050418" lat="39.693220"><ele>109.25</ele></trkpt>
   <trkpt lon="3.050096" lat="39.692948"><ele>108.0</ele></trkpt>
   <trkpt lon="3.049925" lat="39.692830"><ele>107.0</ele></trkpt>
   <trkpt lon="3.049812" lat="39.692772"><ele>106.5</ele></trkpt>
   <trkpt lon="3.049251" lat="39.692589"><ele>104.75</ele></trkpt>
   <trkpt lon="3.049151" lat="39.692548"><ele>104.25</ele></trkpt>
   <trkpt lon="3.049066" lat="39.692498"><ele>103.5</ele></trkpt>
   <trkpt lon="3.049011" lat="39.692457"><ele>103.25</ele></trkpt>
   <trkpt lon="3.048963" lat="39.692397"><ele>103.0</ele></trkpt>
   <trkpt lon="3.048357" lat="39.691475"><ele>99.5</ele></trkpt>
   <trkpt lon="3.048288" lat="39.691316"><ele>98.75</ele></trkpt>
   <trkpt lon="3.048265" lat="39.691242"><ele>98.75</ele></trkpt>
   <trkpt lon="3.048144" lat="39.690861"><ele>97.5</ele></trkpt>
   <trkpt lon="3.048068" lat="39.690717"><ele>97.25</ele></trkpt>
   <trkpt lon="3.047972" lat="39.690580"><ele>97.25</ele></trkpt>
   <trkpt lon="3.047863" lat="39.690451"><ele>97.0</ele><sym>pass_place</sym><type>Shaping</type></trkpt>
   <trkpt lon="3.047744" lat="39.690360"><ele>96.5</ele></trkpt>
   <trkpt lon="3.047383" lat="39.690139"><ele>94.5</ele></trkpt>
   <trkpt lon="3.047250" lat="39.690027"><ele>94.0</ele></trkpt>
   <trkpt lon="3.047175" lat="39.689936"><ele>93.75</ele></trkpt>
   <trkpt lon="3.047111" lat="39.689858"><ele>93.75</ele></trkpt>
   <trkpt lon="3.046997" lat="39.689687"><ele>93.5</ele></trkpt>
   <trkpt lon="3.046630" lat="39.689025"><ele>92.0</ele></trkpt>
   <trkpt lon="3.046552" lat="39.688917"><ele>91.75</ele></trkpt>
   <trkpt lon="3.046416" lat="39.688760"><ele>93.25</ele></trkpt>
   <trkpt lon="3.046344" lat="39.688675"><ele>93.75</ele></trkpt>
   <trkpt lon="3.045562" lat="39.687862"><ele>98.5</ele></trkpt>
   <trkpt lon="3.045224" lat="39.687595"><ele>101.25</ele></trkpt>
   <trkpt lon="3.044945" lat="39.687399"><ele>103.75</ele></trkpt>
   <trkpt lon="3.044832" lat="39.687313"><ele>104.75</ele></trkpt>
   <trkpt lon="3.044804" lat="39.687268"><ele>105.25</ele></trkpt>
   <trkpt lon="3.044588" lat="39.686814"><ele>109.5</ele></trkpt>
   <trkpt lon="3.043415" lat="39.684677"><ele>122.0</ele></trkpt>
   <trkpt lon="3.043379" lat="39.684568"><ele>123.25</ele></trkpt>
   <trkpt lon="3.043376" lat="39.684435"><ele>124.75</ele></trkpt>
   <trkpt lon="3.043420" lat="39.683769"><ele>129.5</ele></trkpt>
   <trkpt lon="3.043418" lat="39.683658"><ele>130.5</ele></trkpt>
   <trkpt lon="3.043398" lat="39.683529"><ele>131.25</ele></trkpt>
   <trkpt lon="3.043223" lat="39.682882"><ele>132.75</ele></trkpt>
   <trkpt lon="3.043161" lat="39.682538"><ele>131.0</ele></trkpt>
   <trkpt lon="3.043139" lat="39.682359"><ele>129.0</ele></trkpt>
   <trkpt lon="3.043074" lat="39.682179"><ele>127.0</ele></trkpt>
   <trkpt lon="3.042816" lat="39.681697"><ele>122.5</ele></trkpt>
   <trkpt lon="3.042445" lat="39.681053"><ele>120.75</ele></trkpt>
   <trkpt lon="3.042353" lat="39.680928"><ele>120.25</ele></trkpt>
   <trkpt lon="3.041969" lat="39.680527"><ele>117.0</ele></trkpt>
   <trkpt lon="3.041849" lat="39.680371"><ele>115.75</ele></trkpt>
   <trkpt lon="3.041620" lat="39.679860"><ele>115.0</ele></trkpt>
   <trkpt lon="3.041478" lat="39.679440"><ele>115.5</ele></trkpt>
   <trkpt lon="3.041348" lat="39.678929"><ele>115.5</ele></trkpt>
   <trkpt lon="3.041121" lat="39.678333"><ele>115.0</ele></trkpt>
   <trkpt lon="3.040652" lat="39.677484"><ele>115.5</ele></trkpt>
   <trkpt lon="3.040532" lat="39.677275"><ele>116.0</ele></trkpt>
   <trkpt lon="3.040337" lat="39.677041"><ele>116.75</ele></trkpt>
   <trkpt lon="3.040182" lat="39.676885"><ele>117.25</ele></trkpt>
   <trkpt lon="3.039781" lat="39.676509"><ele>119.0</ele></trkpt>
   <trkpt lon="3.039551" lat="39.676293"><ele>120.0</ele></trkpt>
   <trkpt lon="3.039280" lat="39.676021"><ele>120.5</ele><sym>pass_place</sym><type>Shaping</type></trkpt>
   <trkpt lon="3.038967" lat="39.675615"><ele>121.0</ele></trkpt>
   <trkpt lon="3.038678" lat="39.675273"><ele>121.0</ele></trkpt>
   <trkpt lon="3.038624" lat="39.675138"><ele>121.0</ele></trkpt>
   <trkpt lon="3.038602" lat="39.675020"><ele>120.75</ele></trkpt>
   <trkpt lon="3.038563" lat="39.674444"><ele>119.0</ele></trkpt>
   <trkpt lon="3.038469" lat="39.673046"><ele>118.0</ele></trkpt>
   <trkpt lon="3.038447" lat="39.672842"><ele>118.75</ele></trkpt>
   <trkpt lon="3.038407" lat="39.672714"><ele>119.25</ele></trkpt>
   <trkpt lon="3.038133" lat="39.672228"><ele>119.5</ele></trkpt>
   <trkpt lon="3.037881" lat="39.671746"><ele>118.75</ele></trkpt>
   <trkpt lon="3.037732" lat="39.671506"><ele>118.75</ele></trkpt>
   <trkpt lon="3.037409" lat="39.671125"><ele>119.5</ele></trkpt>
   <trkpt lon="3.037379" lat="39.671088"><ele>119.5</ele></trkpt>
   <trkpt lon="3.037079" lat="39.670698"><ele>122.5</ele></trkpt>
   <trkpt lon="3.036911" lat="39.670385"><ele>123.5</ele></trkpt>
   <trkpt lon="3.036845" lat="39.670303"><ele>123.5</ele></trkpt>
   <trkpt lon="3.036760" lat="39.670237"><ele>123.75</ele></trkpt>
   <trkpt lon="3.035966" lat="39.669857"><ele>121.25</ele></trkpt>
   <trkpt lon="3.035674" lat="39.669760"><ele>120.75</ele></trkpt>
   <trkpt lon="3.035526" lat="39.669685"><ele>121.0</ele></trkpt>
   <trkpt lon="3.035457" lat="39.669636"><ele>121.0</ele></trkpt>
   <trkpt lon="3.035402" lat="39.669577"><ele>121.0</ele></trkpt>
   <trkpt lon="3.035199" lat="39.669218"><ele>120.25</ele></trkpt>
   <trkpt lon="3.035129" lat="39.669093"><ele>119.5</ele></trkpt>
   <trkpt lon="3.034871" lat="39.668686"><ele>118.75</ele></trkpt>
   <trkpt lon="3.034326" lat="39.667905"><ele>117.0</ele></trkpt>
   <trkpt lon="3.033536" lat="39.666855"><ele>116.5</ele></trkpt>
   <trkpt lon="3.033465" lat="39.666739"><ele>116.75</ele></trkpt>
   <trkpt lon="3.033410" lat="39.666632"><ele>116.75</ele></trkpt>
   <trkpt lon="3.033364" lat="39.666504"><ele>116.75</ele></trkpt>
   <trkpt lon="3.033333" lat="39.666366"><ele>117.0</ele></trkpt>
   <trkpt lon="3.032593" lat="39.662914"><ele>127.0</ele></trkpt>
   <trkpt lon="3.032489" lat="39.662475"><ele>128.0</ele></trkpt>
   <trkpt lon="3.032450" lat="39.662349"><ele>128.75</ele></trkpt>
   <trkpt lon="3.032396" lat="39.662229"><ele>129.5</ele></trkpt>
   <trkpt lon="3.032262" lat="39.662026"><ele>131.0</ele></trkpt>
   <trkpt lon="3.031919" lat="39.661609"><ele>134.0</ele></trkpt>
   <trkpt lon="3.031846" lat="39.661492"><ele>134.5</ele></trkpt>
   <trkpt lon="3.031710" lat="39.661201"><ele>135.5</ele><sym>pass_place</sym><type>Shaping</type></trkpt>
   <trkpt lon="3.031660" lat="39.661067"><ele>135.75</ele></trkpt>
   <trkpt lon="3.031636" lat="39.660928"><ele>135.0</ele></trkpt>
   <trkpt lon="3.031635" lat="39.660833"><ele>134.75</ele></trkpt>
   <trkpt lon="3.031642" lat="39.660738"><ele>133.75</ele></trkpt>
   <trkpt lon="3.031627" lat="39.660653"><ele>133.0</ele></trkpt>
   <trkpt lon="3.031592" lat="39.660566"><ele>132.0</ele></trkpt>
   <trkpt lon="3.030689" lat="39.659384"><ele>129.5</ele></trkpt>
   <trkpt lon="3.029775" lat="39.658220"><ele>130.0</ele></trkpt>
   <trkpt lon="3.029504" lat="39.657930"><ele>129.5</ele></trkpt>
   <trkpt lon="3.029090" lat="39.657570"><ele>129.25</ele></trkpt>
   <trkpt lon="3.028807" lat="39.657378"><ele>130.5</ele></trkpt>
   <trkpt lon="3.028341" lat="39.657108"><ele>131.75</ele></trkpt>
   <trkpt lon="3.027357" lat="39.656533"><ele>136.5</ele></trkpt>
   <trkpt lon="3.026974" lat="39.656290"><ele>139.5</ele></trkpt>
   <trkpt lon="3.026447" lat="39.655955"><ele>142.0</ele></trkpt>
   <trkpt lon="3.026201" lat="39.655809"><ele>142.5</ele></trkpt>
   <trkpt lon="3.025930" lat="39.655684"><ele>143.5</ele></trkpt>
   <trkpt lon="3.025555" lat="39.655550"><ele>144.0</ele></trkpt>
   <trkpt lon="3.024842" lat="39.655275"><ele>145.5</ele></trkpt>
   <trkpt lon="3.024661" lat="39.655176"><ele>146.75</ele></trkpt>
   <trkpt lon="3.024457" lat="39.655039"><ele>148.5</ele></trkpt>
   <trkpt lon="3.024188" lat="39.654770"><ele>148.75</ele><sym>pass_place</sym><type>Shaping</type></trkpt>
   <trkpt lon="3.024187" lat="39.654768"><ele>148.75</ele></trkpt>
   <trkpt lon="3.024032" lat="39.654635"><ele>148.75</ele></trkpt>
   <trkpt lon="3.023617" lat="39.654382"><ele>147.25</ele></trkpt>
   <trkpt lon="3.023083" lat="39.653896"><ele>146.75</ele></trkpt>
   <trkpt lon="3.022901" lat="39.653775"><ele>146.75</ele></trkpt>
   <trkpt lon="3.022704" lat="39.653663"><ele>146.5</ele></trkpt>
   <trkpt lon="3.022252" lat="39.653458"><ele>146.5</ele></trkpt>
   <trkpt lon="3.021784" lat="39.653260"><ele>146.0</ele></trkpt>
   <trkpt lon="3.021497" lat="39.653127"><ele>146.0</ele></trkpt>
   <trkpt lon="3.021165" lat="39.652973"><ele>146.0</ele></trkpt>
   <trkpt lon="3.021004" lat="39.652885"><ele>145.5</ele></trkpt>
   <trkpt lon="3.020681" lat="39.652655"><ele>144.5</ele></trkpt>
   <trkpt lon="3.020105" lat="39.652194"><ele>144.25</ele></trkpt>
   <trkpt lon="3.019898" lat="39.651959"><ele>143.5</ele></trkpt>
   <trkpt lon="3.019702" lat="39.651699"><ele>142.0</ele></trkpt>
   <trkpt lon="3.019269" lat="39.651041"><ele>139.5</ele></trkpt>
   <trkpt lon="3.018592" lat="39.650027"><ele>139.75</ele></trkpt>
   <trkpt lon="3.018337" lat="39.649656"><ele>139.0</ele></trkpt>
   <trkpt lon="3.018027" lat="39.649031"><ele>140.25</ele></trkpt>
   <trkpt lon="3.017842" lat="39.648623"><ele>140.25</ele></trkpt>
   <trkpt lon="3.017651" lat="39.648237"><ele>140.75</ele></trkpt>
   <trkpt lon="3.017581" lat="39.648043"><ele>141.25</ele></trkpt>
   <trkpt lon="3.017545" lat="39.647815"><ele>141.75</ele></trkpt>
   <trkpt lon="3.017475" lat="39.647595"><ele>142.5</ele><sym>right_slight</sym></trkpt>
   <trkpt lon="3.016961" lat="39.647359"><ele>141.5</ele><sym>right_slight</sym></trkpt>
   <trkpt lon="3.016699" lat="39.647336"><ele>141.5</ele><sym>roundabout_e2</sym></trkpt>
   <trkpt lon="3.016622" lat="39.647354"><ele>141.25</ele></trkpt>
   <trkpt lon="3.016536" lat="39.647356"><ele>141.25</ele></trkpt>
   <trkpt lon="3.016452" lat="39.647325"><ele>141.0</ele></trkpt>
   <trkpt lon="3.016402" lat="39.647293"><ele>141.0</ele></trkpt>
   <trkpt lon="3.016357" lat="39.647240"><ele>140.75</ele></trkpt>
   <trkpt lon="3.016338" lat="39.647179"><ele>140.75</ele></trkpt>
   <trkpt lon="3.016345" lat="39.647116"><ele>140.5</ele></trkpt>
   <trkpt lon="3.016378" lat="39.647058"><ele>140.25</ele></trkpt>
   <trkpt lon="3.016177" lat="39.646974"><ele>140.0</ele></trkpt>
   <trkpt lon="3.016114" lat="39.646944"><ele>139.75</ele></trkpt>
   <trkpt lon="3.015849" lat="39.646824"><ele>138.5</ele></trkpt>
   <trkpt lon="3.015314" lat="39.646525"><ele>135.75</ele></trkpt>
   <trkpt lon="3.015160" lat="39.646420"><ele>134.25</ele></trkpt>
   <trkpt lon="3.014836" lat="39.646237"><ele>132.5</ele></trkpt>
   <trkpt lon="3.014775" lat="39.646186"><ele>131.75</ele></trkpt>
   <trkpt lon="3.014234" lat="39.645894"><ele>127.75</ele></trkpt>
   <trkpt lon="3.013690" lat="39.645638"><ele>125.75</ele></trkpt>
   <trkpt lon="3.013644" lat="39.645620"><ele>126.0</ele></trkpt>
   <trkpt lon="3.013605" lat="39.645605"><ele>125.75</ele></trkpt>
   <trkpt lon="3.013529" lat="39.645576"><ele>125.75</ele><sym>straight</sym></trkpt>
   <trkpt lon="3.013372" lat="39.645505"><ele>125.75</ele></trkpt>
   <trkpt lon="3.013323" lat="39.645483"><ele>126.0</ele><sym>left_slight</sym></trkpt>
   <trkpt lon="3.012292" lat="39.643967"><ele>131.0</ele></trkpt>
   <trkpt lon="3.012273" lat="39.643904"><ele>130.75</ele></trkpt>
   <trkpt lon="3.012066" lat="39.643232"><ele>130.25</ele></trkpt>
   <trkpt lon="3.011979" lat="39.642945"><ele>130.25</ele></trkpt>
   <trkpt lon="3.011902" lat="39.642781"><ele>130.25</ele><sym>left</sym></trkpt>
   <trkpt lon="3.012035" lat="39.642660"><ele>129.5</ele></trkpt>
   <trkpt lon="3.012037" lat="39.642658"><ele>128.5</ele><sym>pass_place</sym><type>Shaping</type></trkpt>
   <trkpt lon="3.012290" lat="39.642433"><ele>128.5</ele></trkpt>
   <trkpt lon="3.012410" lat="39.642323"><ele>128.0</ele></trkpt>
   <trkpt lon="3.012742" lat="39.642024"><ele>127.0</ele></trkpt>
   <trkpt lon="3.012895" lat="39.641886"><ele>127.0</ele></trkpt>
   <trkpt lon="3.013444" lat="39.641390"><ele>126.5</ele><sym>right</sym></trkpt>
   <trkpt lon="3.013336" lat="39.641254"><ele>126.5</ele></trkpt>
   <trkpt lon="3.013265" lat="39.641131"><ele>126.0</ele><sym>left_slight</sym></trkpt>
   <trkpt lon="3.013338" lat="39.641062"><ele>126.0</ele></trkpt>
   <trkpt lon="3.013409" lat="39.640977"><ele>126.0</ele></trkpt>
   <trkpt lon="3.013810" lat="39.640583"><ele>126.5</ele></trkpt>
   <trkpt lon="3.014059" lat="39.640359"><ele>126.5</ele></trkpt>
   <trkpt lon="3.014756" lat="39.639791"><ele>127.25</ele></trkpt>
   <trkpt lon="3.015077" lat="39.639554"><ele>128.5</ele></trkpt>
   <trkpt lon="3.015119" lat="39.639533"><ele>128.75</ele></trkpt>
   <trkpt lon="3.015221" lat="39.639477"><ele>128.75</ele></trkpt>
   <trkpt lon="3.015702" lat="39.639296"><ele>129.25</ele></trkpt>
   <trkpt lon="3.015778" lat="39.639273"><ele>129.25</ele></trkpt>
   <trkpt lon="3.015944" lat="39.639194"><ele>129.5</ele></trkpt>
   <trkpt lon="3.016567" lat="39.638738"><ele>130.0</ele></trkpt>
   <trkpt lon="3.016840" lat="39.638548"><ele>130.25</ele></trkpt>
   <trkpt lon="3.017125" lat="39.638353"><ele>130.5</ele></trkpt>
   <trkpt lon="3.017411" lat="39.638197"><ele>128.25</ele></trkpt>
   <trkpt lon="3.017798" lat="39.637995"><ele>127.75</ele></trkpt>
   <trkpt lon="3.017984" lat="39.637917"><ele>125.75</ele></trkpt>
   <trkpt lon="3.018110" lat="39.637873"><ele>125.75</ele></trkpt>
   <trkpt lon="3.018239" lat="39.637831"><ele>126.5</ele></trkpt>
   <trkpt lon="3.018417" lat="39.637793"><ele>125.25</ele></trkpt>
   <trkpt lon="3.018856" lat="39.637807"><ele>125.0</ele></trkpt>
   <trkpt lon="3.018915" lat="39.637787"><ele>125.0</ele></trkpt>
   <trkpt lon="3.018984" lat="39.637742"><ele>124.25</ele></trkpt>
   <trkpt lon="3.019273" lat="39.637468"><ele>121.25</ele></trkpt>
   <trkpt lon="3.019714" lat="39.637112"><ele>119.5</ele></trkpt>
   <trkpt lon="3.019899" lat="39.637000"><ele>118.5</ele></trkpt>
   <trkpt lon="3.020067" lat="39.636923"><ele>117.5</ele></trkpt>
   <trkpt lon="3.021676" lat="39.636286"><ele>109.75</ele></trkpt>
   <trkpt lon="3.023750" lat="39.635420"><ele>101.25</ele></trkpt>
   <trkpt lon="3.024080" lat="39.635265"><ele>100.0</ele></trkpt>
   <trkpt lon="3.025875" lat="39.634298"><ele>95.75</ele></trkpt>
   <trkpt lon="3.028259" lat="39.632959"><ele>90.5</ele><sym>pass_place</sym><type>Shaping</type></trkpt>
   <trkpt lon="3.028260" lat="39.632959"><ele>90.5</ele></trkpt>
   <trkpt lon="3.030426" lat="39.631615"><ele>88.0</ele><sym>left_slight</sym></trkpt>
   <trkpt lon="3.030549" lat="39.631577"><ele>88.0</ele></trkpt>
   <trkpt lon="3.030676" lat="39.631567"><ele>88.0</ele></trkpt>
   <trkpt lon="3.031269" lat="39.631532"><ele>87.75</ele></trkpt>
   <trkpt lon="3.031476" lat="39.631501"><ele>88.0</ele></trkpt>
   <trkpt lon="3.031791" lat="39.631443"><ele>88.0</ele></trkpt>
   <trkpt lon="3.032080" lat="39.631382"><ele>88.0</ele></trkpt>
   <trkpt lon="3.032725" lat="39.631236"><ele>87.0</ele></trkpt>
   <trkpt lon="3.033513" lat="39.631044"><ele>86.25</ele></trkpt>
   <trkpt lon="3.034142" lat="39.630898"><ele>86.0</ele></trkpt>
   <trkpt lon="3.034410" lat="39.630811"><ele>86.0</ele></trkpt>
   <trkpt lon="3.035225" lat="39.630493"><ele>86.0</ele></trkpt>
   <trkpt lon="3.035987" lat="39.630159"><ele>86.25</ele></trkpt>
   <trkpt lon="3.036383" lat="39.630002"><ele>86.0</ele></trkpt>
   <trkpt lon="3.036537" lat="39.629951"><ele>86.0</ele></trkpt>
   <trkpt lon="3.037396" lat="39.629662"><ele>86.0</ele></trkpt>
   <trkpt lon="3.038483" lat="39.629464"><ele>84.75</ele></trkpt>
   <trkpt lon="3.039229" lat="39.629243"><ele>85.5</ele></trkpt>
   <trkpt lon="3.040008" lat="39.628996"><ele>87.0</ele></trkpt>
   <trkpt lon="3.040399" lat="39.628884"><ele>87.25</ele></trkpt>
   <trkpt lon="3.041201" lat="39.628610"><ele>87.5</ele></trkpt>
   <trkpt lon="3.041626" lat="39.628476"><ele>87.0</ele></trkpt>
   <trkpt lon="3.042596" lat="39.628255"><ele>87.0</ele></trkpt>
   <trkpt lon="3.043771" lat="39.628049"><ele>88.0</ele></trkpt>
   <trkpt lon="3.044650" lat="39.627917"><ele>87.5</ele></trkpt>
   <trkpt lon="3.045070" lat="39.627885"><ele>87.5</ele></trkpt>
   <trkpt lon="3.046295" lat="39.627843"><ele>87.75</ele></trkpt>
   <trkpt lon="3.047217" lat="39.627779"><ele>87.75</ele></trkpt>
   <trkpt lon="3.047960" lat="39.627743"><ele>88.5</ele><sym>pass_place</sym><type>Shaping</type></trkpt>
   <trkpt lon="3.047962" lat="39.627743"><ele>88.5</ele></trkpt>
   <trkpt lon="3.048798" lat="39.627717"><ele>89.0</ele></trkpt>
   <trkpt lon="3.049262" lat="39.627695"><ele>89.25</ele></trkpt>
   <trkpt lon="3.049431" lat="39.627673"><ele>89.25</ele></trkpt>
   <trkpt lon="3.050187" lat="39.627515"><ele>90.75</ele></trkpt>
   <trkpt lon="3.051065" lat="39.627383"><ele>92.5</ele></trkpt>
   <trkpt lon="3.051264" lat="39.627372"><ele>93.0</ele></trkpt>
   <trkpt lon="3.051479" lat="39.627382"><ele>93.25</ele></trkpt>
   <trkpt lon="3.051837" lat="39.627343"><ele>94.5</ele></trkpt>
   <trkpt lon="3.052264" lat="39.627266"><ele>97.0</ele></trkpt>
   <trkpt lon="3.052866" lat="39.627172"><ele>99.5</ele></trkpt>
   <trkpt lon="3.053014" lat="39.627175"><ele>99.25</ele></trkpt>
   <trkpt lon="3.053146" lat="39.627199"><ele>98.25</ele></trkpt>
   <trkpt lon="3.053323" lat="39.627252"><ele>96.75</ele></trkpt>
   <trkpt lon="3.053520" lat="39.627271"><ele>96.5</ele></trkpt>
   <trkpt lon="3.053787" lat="39.627253"><ele>96.25</ele></trkpt>
   <trkpt lon="3.054063" lat="39.627222"><ele>96.5</ele></trkpt>
   <trkpt lon="3.054404" lat="39.627145"><ele>97.0</ele></trkpt>
   <trkpt lon="3.054724" lat="39.627057"><ele>98.0</ele></trkpt>
   <trkpt lon="3.055633" lat="39.626732"><ele>100.5</ele></trkpt>
   <trkpt lon="3.055804" lat="39.626659"><ele>100.75</ele></trkpt>
   <trkpt lon="3.055941" lat="39.626578"><ele>100.25</ele></trkpt>
   <trkpt lon="3.055978" lat="39.626542"><ele>100.25</ele></trkpt>
   <trkpt lon="3.056065" lat="39.626425"><ele>100.0</ele></trkpt>
   <trkpt lon="3.056315" lat="39.625938"><ele>100.5</ele></trkpt>
   <trkpt lon="3.056649" lat="39.625293"><ele>102.75</ele></trkpt>
   <trkpt lon="3.056753" lat="39.625061"><ele>104.25</ele></trkpt>
   <trkpt lon="3.056805" lat="39.624978"><ele>104.5</ele></trkpt>
   <trkpt lon="3.056875" lat="39.624901"><ele>104.75</ele></trkpt>
   <trkpt lon="3.056899" lat="39.624884"><ele>104.75</ele></trkpt>
   <trkpt lon="3.056942" lat="39.624854"><ele>105.0</ele></trkpt>
   <trkpt lon="3.057037" lat="39.624816"><ele>104.5</ele></trkpt>
   <trkpt lon="3.057112" lat="39.624754"><ele>104.0</ele></trkpt>
   <trkpt lon="3.057162" lat="39.624680"><ele>103.75</ele></trkpt>
   <trkpt lon="3.057236" lat="39.624506"><ele>103.75</ele></trkpt>
   <trkpt lon="3.057278" lat="39.624334"><ele>104.75</ele></trkpt>
   <trkpt lon="3.057281" lat="39.623800"><ele>108.0</ele></trkpt>
   <trkpt lon="3.057288" lat="39.623733"><ele>107.75</ele></trkpt>
   <trkpt lon="3.057329" lat="39.623642"><ele>107.75</ele></trkpt>
   <trkpt lon="3.057387" lat="39.623593"><ele>108.0</ele></trkpt>
   <trkpt lon="3.057552" lat="39.623475"><ele>109.0</ele></trkpt>
   <trkpt lon="3.057763" lat="39.623271"><ele>109.25</ele></trkpt>
   <trkpt lon="3.057991" lat="39.623055"><ele>111.0</ele></trkpt>
   <trkpt lon="3.058238" lat="39.622862"><ele>111.25</ele></trkpt>
   <trkpt lon="3.058797" lat="39.622534"><ele>113.0</ele></trkpt>
   <trkpt lon="3.059420" lat="39.622204"><ele>113.25</ele></trkpt>
   <trkpt lon="3.059677" lat="39.622051"><ele>114.25</ele></trkpt>
   <trkpt lon="3.059909" lat="39.621875"><ele>113.75</ele></trkpt>
   <trkpt lon="3.060082" lat="39.621715"><ele>116.75</ele></trkpt>
   <trkpt lon="3.060214" lat="39.621562"><ele>114.5</ele></trkpt>
   <trkpt lon="3.060310" lat="39.621414"><ele>117.25</ele></trkpt>
   <trkpt lon="3.060355" lat="39.621278"><ele>116.5</ele></trkpt>
   <trkpt lon="3.060441" lat="39.620924"><ele>115.75</ele></trkpt>
   <trkpt lon="3.060551" lat="39.620705"><ele>117.75</ele></trkpt>
   <trkpt lon="3.060639" lat="39.620657"><ele>118.5</ele></trkpt>
   <trkpt lon="3.060834" lat="39.620602"><ele>119.5</ele></trkpt>
   <trkpt lon="3.061409" lat="39.620595"><ele>121.25</ele></trkpt>
   <trkpt lon="3.061633" lat="39.620610"><ele>123.25</ele></trkpt>
   <trkpt lon="3.061829" lat="39.620653"><ele>125.0</ele></trkpt>
   <trkpt lon="3.062146" lat="39.620802"><ele>127.5</ele></trkpt>
   <trkpt lon="3.062257" lat="39.620882"><ele>127.75</ele></trkpt>
   <trkpt lon="3.062426" lat="39.620983"><ele>128.0</ele></trkpt>
   <trkpt lon="3.062673" lat="39.621146"><ele>130.25</ele></trkpt>
   <trkpt lon="3.063073" lat="39.621429"><ele>130.5</ele></trkpt>
   <trkpt lon="3.063539" lat="39.621659"><ele>129.75</ele><sym>pass_place</sym><type>Shaping</type></trkpt>
   <trkpt lon="3.063543" lat="39.621661"><ele>129.75</ele></trkpt>
   <trkpt lon="3.063732" lat="39.621686"><ele>130.0</ele></trkpt>
   <trkpt lon="3.064276" lat="39.621681"><ele>129.5</ele></trkpt>
   <trkpt lon="3.064618" lat="39.621778"><ele>128.0</ele></trkpt>
   <trkpt lon="3.065683" lat="39.622171"><ele>125.5</ele></trkpt>
   <trkpt lon="3.066249" lat="39.622290"><ele>124.5</ele></trkpt>
   <trkpt lon="3.066432" lat="39.622302"><ele>124.25</ele></trkpt>
   <trkpt lon="3.066791" lat="39.622326"><ele>123.75</ele></trkpt>
   <trkpt lon="3.067070" lat="39.622315"><ele>122.75</ele></trkpt>
   <trkpt lon="3.067450" lat="39.622270"><ele>122.0</ele></trkpt>
   <trkpt lon="3.068025" lat="39.622246"><ele>121.75</ele></trkpt>
   <trkpt lon="3.068397" lat="39.622176"><ele>122.75</ele></trkpt>
   <trkpt lon="3.068806" lat="39.622181"><ele>121.5</ele></trkpt>
   <trkpt lon="3.069898" lat="39.622416"><ele>118.0</ele></trkpt>
   <trkpt lon="3.070032" lat="39.622413"><ele>117.5</ele></trkpt>
   <trkpt lon="3.070430" lat="39.622362"><ele>117.5</ele></trkpt>
   <trkpt lon="3.071362" lat="39.622196"><ele>118.5</ele></trkpt>
   <trkpt lon="3.071531" lat="39.622182"><ele>118.5</ele></trkpt>
   <trkpt lon="3.071770" lat="39.622167"><ele>118.5</ele></trkpt>
   <trkpt lon="3.072044" lat="39.622156"><ele>118.25</ele></trkpt>
   <trkpt lon="3.072426" lat="39.622152"><ele>117.0</ele></trkpt>
   <trkpt lon="3.073567" lat="39.622193"><ele>115.75</ele></trkpt>
   <trkpt lon="3.074297" lat="39.622209"><ele>114.25</ele></trkpt>
   <trkpt lon="3.075051" lat="39.622125"><ele>113.5</ele></trkpt>
   <trkpt lon="3.075549" lat="39.622028"><ele>114.75</ele></trkpt>
   <trkpt lon="3.077776" lat="39.621406"><ele>117.25</ele></trkpt>
   <trkpt lon="3.078579" lat="39.621212"><ele>116.25</ele></trkpt>
   <trkpt lon="3.078785" lat="39.621145"><ele>116.5</ele></trkpt>
   <trkpt lon="3.078931" lat="39.621047"><ele>116.25</ele></trkpt>
   <trkpt lon="3.078964" lat="39.621025"><ele>116.0</ele></trkpt>
   <trkpt lon="3.079232" lat="39.620787"><ele>115.5</ele></trkpt>
   <trkpt lon="3.079464" lat="39.620644"><ele>115.25</ele></trkpt>
   <trkpt lon="3.079741" lat="39.620523"><ele>115.5</ele></trkpt>
   <trkpt lon="3.080538" lat="39.620226"><ele>114.0</ele></trkpt>
   <trkpt lon="3.081110" lat="39.620032"><ele>113.0</ele></trkpt>
   <trkpt lon="3.081409" lat="39.619930"><ele>112.75</ele></trkpt>
   <trkpt lon="3.081638" lat="39.619821"><ele>112.5</ele></trkpt>
   <trkpt lon="3.081945" lat="39.619616"><ele>112.5</ele></trkpt>
   <trkpt lon="3.083024" lat="39.618805"><ele>114.5</ele></trkpt>
   <trkpt lon="3.083272" lat="39.618653"><ele>114.5</ele><sym>pass_place</sym><type>Shaping</type></trkpt>
   <trkpt lon="3.083569" lat="39.618494"><ele>114.0</ele></trkpt>
   <trkpt lon="3.083985" lat="39.618338"><ele>112.5</ele></trkpt>
   <trkpt lon="3.084424" lat="39.618190"><ele>110.25</ele><sym>stay_right</sym></trkpt>
   <trkpt lon="3.084711" lat="39.618091"><ele>110.75</ele></trkpt>
   <trkpt lon="3.085006" lat="39.617970"><ele>109.25</ele></trkpt>
   <trkpt lon="3.085312" lat="39.617808"><ele>111.0</ele></trkpt>
   <trkpt lon="3.085592" lat="39.617619"><ele>109.75</ele></trkpt>
   <trkpt lon="3.085886" lat="39.617336"><ele>110.0</ele></trkpt>
   <trkpt lon="3.086070" lat="39.617108"><ele>108.75</ele></trkpt>
   <trkpt lon="3.086288" lat="39.616840"><ele>107.25</ele></trkpt>
   <trkpt lon="3.086735" lat="39.616402"><ele>109.75</ele></trkpt>
   <trkpt lon="3.087135" lat="39.616126"><ele>108.75</ele></trkpt>
   <trkpt lon="3.087398" lat="39.615979"><ele>106.25</ele></trkpt>
   <trkpt lon="3.087700" lat="39.615865"><ele>107.25</ele></trkpt>
   <trkpt lon="3.088012" lat="39.615763"><ele>105.75</ele></trkpt>
   <trkpt lon="3.088411" lat="39.615661"><ele>105.25</ele></trkpt>
   <trkpt lon="3.089135" lat="39.615607"><ele>104.0</ele></trkpt>
   <trkpt lon="3.089689" lat="39.615618"><ele>104.0</ele></trkpt>
   <trkpt lon="3.090030" lat="39.615597"><ele>103.75</ele></trkpt>
   <trkpt lon="3.090516" lat="39.615516"><ele>103.0</ele></trkpt>
   <trkpt lon="3.091278" lat="39.615341"><ele>103.0</ele></trkpt>
   <trkpt lon="3.092290" lat="39.615107"><ele>101.75</ele></trkpt>
   <trkpt lon="3.095615" lat="39.614355"><ele>99.0</ele></trkpt>
   <trkpt lon="3.095821" lat="39.614317"><ele>99.0</ele></trkpt>
   <trkpt lon="3.096199" lat="39.614274"><ele>98.25</ele></trkpt>
   <trkpt lon="3.096769" lat="39.614220"><ele>98.0</ele></trkpt>
   <trkpt lon="3.097515" lat="39.614211"><ele>97.75</ele></trkpt>
   <trkpt lon="3.097815" lat="39.614220"><ele>97.0</ele></trkpt>
   <trkpt lon="3.099541" lat="39.614366"><ele>96.0</ele></trkpt>
   <trkpt lon="3.099603" lat="39.614359"><ele>96.0</ele></trkpt>
   <trkpt lon="3.099667" lat="39.614327"><ele>96.0</ele></trkpt>
   <trkpt lon="3.100026" lat="39.613987"><ele>95.5</ele></trkpt>
   <trkpt lon="3.100077" lat="39.613933"><ele>95.5</ele></trkpt>
   <trkpt lon="3.101725" lat="39.612067"><ele>95.5</ele><sym>left_slight</sym></trkpt>
   <trkpt lon="3.101729" lat="39.612066"><ele>95.5</ele><sym>pass_place</sym><type>Shaping</type></trkpt>
   <trkpt lon="3.102090" lat="39.612062"><ele>95.5</ele></trkpt>
   <trkpt lon="3.102250" lat="39.612066"><ele>95.5</ele></trkpt>
   <trkpt lon="3.102385" lat="39.612076"><ele>95.5</ele></trkpt>
   <trkpt lon="3.102528" lat="39.612103"><ele>95.25</ele></trkpt>
   <trkpt lon="3.103601" lat="39.612393"><ele>95.75</ele></trkpt>
   <trkpt lon="3.104722" lat="39.612674"><ele>94.25</ele></trkpt>
   <trkpt lon="3.106811" lat="39.613141"><ele>94.0</ele></trkpt>
   <trkpt lon="3.107652" lat="39.613424"><ele>94.5</ele></trkpt>
   <trkpt lon="3.108441" lat="39.613662"><ele>94.75</ele></trkpt>
   <trkpt lon="3.108985" lat="39.613788"><ele>95.0</ele></trkpt>
   <trkpt lon="3.109392" lat="39.613884"><ele>95.75</ele></trkpt>
   <trkpt lon="3.110131" lat="39.614060"><ele>96.5</ele><sym>left</sym></trkpt>
   <trkpt lon="3.109939" lat="39.614631"><ele>95.25</ele></trkpt>
   <trkpt lon="3.109825" lat="39.615066"><ele>94.0</ele><sym>right</sym></trkpt>
   <trkpt lon="3.110414" lat="39.615241"><ele>95.5</ele></trkpt>
   <trkpt lon="3.110909" lat="39.615454"><ele>96.0</ele></trkpt>
   <trkpt lon="3.111748" lat="39.615876"><ele>95.75</ele><sym>left</sym></trkpt>
   <trkpt lon="3.111525" lat="39.616192"><ele>94.75</ele></trkpt>
   <trkpt lon="3.111247" lat="39.616580"><ele>93.5</ele></trkpt>
   <trkpt lon="3.110927" lat="39.616863"><ele>92.0</ele></trkpt>
   <trkpt lon="3.110760" lat="39.617011"><ele>91.75</ele></trkpt>
   <trkpt lon="3.110523" lat="39.617205"><ele>91.0</ele></trkpt>
   <trkpt lon="3.110379" lat="39.617310"><ele>90.5</ele></trkpt>
   <trkpt lon="3.110332" lat="39.617350"><ele>90.5</ele></trkpt>
   <trkpt lon="3.110293" lat="39.617383"><ele>90.25</ele></trkpt>
   <trkpt lon="3.109979" lat="39.617621"><ele>90.0</ele></trkpt>
   <trkpt lon="3.109880" lat="39.617708"><ele>90.0</ele></trkpt>
   <trkpt lon="3.109814" lat="39.617755"><ele>90.0</ele></trkpt>
   <trkpt lon="3.109514" lat="39.617962"><ele>89.5</ele></trkpt>
   <trkpt lon="3.108884" lat="39.618468"><ele>89.0</ele><sym>right_slight</sym></trkpt>
   <trkpt lon="3.109169" lat="39.619381"><ele>88.0</ele></trkpt>
   <trkpt lon="3.109328" lat="39.619769"><ele>88.0</ele></trkpt>
   <trkpt lon="3.109591" lat="39.620217"><ele>88.0</ele></trkpt>
   <trkpt lon="3.109861" lat="39.620450"><ele>88.25</ele></trkpt>
   <trkpt lon="3.109931" lat="39.620613"><ele>88.25</ele></trkpt>
   <trkpt lon="3.110118" lat="39.621158"><ele>88.5</ele><sym>right_slight</sym></trkpt>
   <trkpt lon="3.110258" lat="39.621301"><ele>88.5</ele></trkpt>
   <trkpt lon="3.110358" lat="39.621400"><ele>88.5</ele></trkpt>
   <trkpt lon="3.110383" lat="39.621465"><ele>88.25</ele><sym>left_slight</sym></trkpt>
   <trkpt lon="3.110380" lat="39.621470"><ele>88.25</ele><sym>pass_place</sym><type>Shaping</type></trkpt>
   <trkpt lon="3.110372" lat="39.621490"><ele>88.25</ele></trkpt>
   <trkpt lon="3.110214" lat="39.621830"><ele>88.0</ele></trkpt>
   <trkpt lon="3.110123" lat="39.622201"><ele>88.0</ele></trkpt>
   <trkpt lon="3.109925" lat="39.623239"><ele>89.5</ele></trkpt>
   <trkpt lon="3.109857" lat="39.623586"><ele>90.25</ele></trkpt>
   <trkpt lon="3.109732" lat="39.623918"><ele>90.0</ele></trkpt>
   <trkpt lon="3.109629" lat="39.624190"><ele>90.25</ele></trkpt>
   <trkpt lon="3.109243" lat="39.624987"><ele>89.0</ele></trkpt>
   <trkpt lon="3.109122" lat="39.625237"><ele>89.0</ele></trkpt>
   <trkpt lon="3.108963" lat="39.625576"><ele>89.0</ele></trkpt>
   <trkpt lon="3.108906" lat="39.625696"><ele>89.0</ele></trkpt>
   <trkpt lon="3.108757" lat="39.626014"><ele>88.25</ele></trkpt>
   <trkpt lon="3.108405" lat="39.626730"><ele>87.75</ele></trkpt>
   <trkpt lon="3.107302" lat="39.628853"><ele>87.0</ele></trkpt>
   <trkpt lon="3.107063" lat="39.629289"><ele>87.0</ele></trkpt>
   <trkpt lon="3.106716" lat="39.629817"><ele>86.75</ele></trkpt>
   <trkpt lon="3.106406" lat="39.630323"><ele>87.0</ele></trkpt>
   <trkpt lon="3.106263" lat="39.630668"><ele>87.0</ele></trkpt>
   <trkpt lon="3.106088" lat="39.631240"><ele>87.0</ele></trkpt>
   <trkpt lon="3.105992" lat="39.631688"><ele>87.0</ele></trkpt>
   <trkpt lon="3.105789" lat="39.632329"><ele>86.5</ele></trkpt>
   <trkpt lon="3.105672" lat="39.632627"><ele>86.25</ele></trkpt>
   <trkpt lon="3.105535" lat="39.632901"><ele>85.5</ele></trkpt>
   <trkpt lon="3.105403" lat="39.633133"><ele>85.0</ele></trkpt>
   <trkpt lon="3.105233" lat="39.633382"><ele>84.75</ele></trkpt>
   <trkpt lon="3.103516" lat="39.635784"><ele>82.25</ele></trkpt>
   <trkpt lon="3.103138" lat="39.636483"><ele>82.25</ele></trkpt>
   <trkpt lon="3.102780" lat="39.637370"><ele>82.5</ele><sym>pass_place</sym><type>Shaping</type></trkpt>
   <trkpt lon="3.102780" lat="39.637372"><ele>82.5</ele></trkpt>
   <trkpt lon="3.102641" lat="39.637896"><ele>82.5</ele></trkpt>
   <trkpt lon="3.102486" lat="39.638867"><ele>80.75</ele></trkpt>
   <trkpt lon="3.102403" lat="39.639270"><ele>80.5</ele></trkpt>
   <trkpt lon="3.102165" lat="39.639939"><ele>80.75</ele></trkpt>
   <trkpt lon="3.101736" lat="39.640670"><ele>80.0</ele></trkpt>
   <trkpt lon="3.101078" lat="39.641550"><ele>79.75</ele></trkpt>
   <trkpt lon="3.100428" lat="39.642443"><ele>80.25</ele></trkpt>
   <trkpt lon="3.100229" lat="39.642766"><ele>80.75</ele></trkpt>
   <trkpt lon="3.100099" lat="39.643081"><ele>81.75</ele></trkpt>
   <trkpt lon="3.100007" lat="39.643482"><ele>83.0</ele></trkpt>
   <trkpt lon="3.100013" lat="39.643721"><ele>83.0</ele></trkpt>
   <trkpt lon="3.100025" lat="39.643935"><ele>83.25</ele></trkpt>
   <trkpt lon="3.100194" lat="39.644874"><ele>83.5</ele></trkpt>
   <trkpt lon="3.100229" lat="39.645067"><ele>83.25</ele></trkpt>
   <trkpt lon="3.100260" lat="39.645334"><ele>83.0</ele></trkpt>
   <trkpt lon="3.100294" lat="39.645634"><ele>84.0</ele><sym>right_slight</sym></trkpt>
   <trkpt lon="3.100430" lat="39.645842"><ele>84.5</ele><sym>roundabout_e3</sym></trkpt>
   <trkpt lon="3.100490" lat="39.645866"><ele>84.75</ele></trkpt>
   <trkpt lon="3.100541" lat="39.645900"><ele>84.75</ele></trkpt>
   <trkpt lon="3.100593" lat="39.645961"><ele>85.0</ele></trkpt>
   <trkpt lon="3.100612" lat="39.646002"><ele>85.0</ele></trkpt>
   <trkpt lon="3.100617" lat="39.646061"><ele>85.0</ele></trkpt>
   <trkpt lon="3.100598" lat="39.646132"><ele>85.0</ele></trkpt>
   <trkpt lon="3.100551" lat="39.646194"><ele>85.0</ele></trkpt>
   <trkpt lon="3.100481" lat="39.646242"><ele>85.0</ele></trkpt>
   <trkpt lon="3.100395" lat="39.646270"><ele>85.0</ele></trkpt>
   <trkpt lon="3.100293" lat="39.646456"><ele>85.0</ele></trkpt>
   <trkpt lon="3.100218" lat="39.647396"><ele>85.0</ele></trkpt>
   <trkpt lon="3.100207" lat="39.647609"><ele>84.75</ele></trkpt>
   <trkpt lon="3.100212" lat="39.647804"><ele>84.75</ele></trkpt>
   <trkpt lon="3.100227" lat="39.647985"><ele>84.75</ele></trkpt>
   <trkpt lon="3.100252" lat="39.648153"><ele>85.0</ele></trkpt>
   <trkpt lon="3.100286" lat="39.648311"><ele>85.0</ele></trkpt>
   <trkpt lon="3.100335" lat="39.648471"><ele>85.0</ele></trkpt>
   <trkpt lon="3.100456" lat="39.648747"><ele>85.25</ele></trkpt>
   <trkpt lon="3.100729" lat="39.649330"><ele>87.0</ele></trkpt>
   <trkpt lon="3.100810" lat="39.649532"><ele>88.5</ele></trkpt>
   <trkpt lon="3.100858" lat="39.649692"><ele>89.5</ele></trkpt>
   <trkpt lon="3.100895" lat="39.649861"><ele>90.25</ele></trkpt>
   <trkpt lon="3.100932" lat="39.650164"><ele>92.0</ele></trkpt>
   <trkpt lon="3.100927" lat="39.650306"><ele>93.0</ele></trkpt>
   <trkpt lon="3.100898" lat="39.650483"><ele>94.5</ele></trkpt>
   <trkpt lon="3.100819" lat="39.650870"><ele>96.0</ele></trkpt>
   <trkpt lon="3.100749" lat="39.651074"><ele>96.25</ele></trkpt>
   <trkpt lon="3.100612" lat="39.651389"><ele>95.75</ele></trkpt>
   <trkpt lon="3.100438" lat="39.651729"><ele>96.0</ele></trkpt>
   <trkpt lon="3.100300" lat="39.651948"><ele>95.0</ele></trkpt>
   <trkpt lon="3.100138" lat="39.652191"><ele>94.0</ele></trkpt>
   <trkpt lon="3.099902" lat="39.652518"><ele>91.75</ele></trkpt>
   <trkpt lon="3.099620" lat="39.652879"><ele>89.25</ele><sym>pass_place</sym><type>Shaping</type></trkpt>
   <trkpt lon="3.099616" lat="39.652885"><ele>89.25</ele></trkpt>
   <trkpt lon="3.099492" lat="39.653044"><ele>88.0</ele></trkpt>
   <trkpt lon="3.099366" lat="39.653207"><ele>87.25</ele></trkpt>
   <trkpt lon="3.099255" lat="39.653358"><ele>86.0</ele></trkpt>
   <trkpt lon="3.098950" lat="39.653767"><ele>83.5</ele></trkpt>
   <trkpt lon="3.098733" lat="39.654071"><ele>81.25</ele></trkpt>
   <trkpt lon="3.098395" lat="39.654585"><ele>77.75</ele></trkpt>
   <trkpt lon="3.098214" lat="39.654892"><ele>73.75</ele></trkpt>
   <trkpt lon="3.098052" lat="39.655192"><ele>71.5</ele></trkpt>
   <trkpt lon="3.097785" lat="39.655741"><ele>67.25</ele></trkpt>
   <trkpt lon="3.097645" lat="39.656075"><ele>65.0</ele></trkpt>
   <trkpt lon="3.097531" lat="39.656374"><ele>64.75</ele></trkpt>
   <trkpt lon="3.097392" lat="39.656773"><ele>64.0</ele></trkpt>
   <trkpt lon="3.097177" lat="39.657408"><ele>63.75</ele></trkpt>
   <trkpt lon="3.097115" lat="39.657596"><ele>63.25</ele></trkpt>
   <trkpt lon="3.096961" lat="39.658067"><ele>63.75</ele></trkpt>
   <trkpt lon="3.096907" lat="39.658299"><ele>63.75</ele></trkpt>
   <trkpt lon="3.096879" lat="39.658483"><ele>63.25</ele></trkpt>
   <trkpt lon="3.096865" lat="39.658666"><ele>63.0</ele></trkpt>
   <trkpt lon="3.096867" lat="39.658917"><ele>63.0</ele></trkpt>
   <trkpt lon="3.096887" lat="39.659058"><ele>63.0</ele></trkpt>
   <trkpt lon="3.097026" lat="39.659807"><ele>63.0</ele></trkpt>
   <trkpt lon="3.097252" lat="39.661187"><ele>64.0</ele></trkpt>
   <trkpt lon="3.098290" lat="39.667481"><ele>60.0</ele></trkpt>
   <trkpt lon="3.098941" lat="39.671397"><ele>64.0</ele></trkpt>
   <trkpt lon="3.098941" lat="39.671398"><ele>64.25</ele><sym>pass_place</sym><type>Shaping</type></trkpt>
   <trkpt lon="3.098950" lat="39.671487"><ele>64.25</ele></trkpt>
   <trkpt lon="3.099801" lat="39.676642"><ele>71.75</ele></trkpt>
   <trkpt lon="3.099858" lat="39.677006"><ele>72.5</ele></trkpt>
   <trkpt lon="3.099873" lat="39.677110"><ele>72.75</ele></trkpt>
   <trkpt lon="3.099917" lat="39.677401"><ele>73.0</ele></trkpt>
   <trkpt lon="3.099947" lat="39.677686"><ele>72.75</ele></trkpt>
   <trkpt lon="3.099813" lat="39.680179"><ele>76.75</ele></trkpt>
   <trkpt lon="3.099827" lat="39.680367"><ele>76.5</ele></trkpt>
   <trkpt lon="3.099872" lat="39.680639"><ele>77.0</ele></trkpt>
   <trkpt lon="3.100084" lat="39.681621"><ele>75.75</ele></trkpt>
   <trkpt lon="3.100363" lat="39.682908"><ele>75.75</ele></trkpt>
   <trkpt lon="3.100623" lat="39.684195"><ele>77.0</ele></trkpt>
   <trkpt lon="3.100968" lat="39.685747"><ele>77.25</ele></trkpt>
   <trkpt lon="3.101011" lat="39.685941"><ele>77.0</ele></trkpt>
   <trkpt lon="3.101046" lat="39.686117"><ele>76.75</ele></trkpt>
   <trkpt lon="3.101081" lat="39.686266"><ele>76.25</ele></trkpt>
   <trkpt lon="3.101833" lat="39.689796"><ele>76.5</ele></trkpt>
   <trkpt lon="3.101833" lat="39.689798"><ele>75.0</ele><sym>pass_place</sym><type>Shaping</type></trkpt>
   <trkpt lon="3.102248" lat="39.691687"><ele>75.0</ele></trkpt>
   <trkpt lon="3.102759" lat="39.694021"><ele>76.75</ele></trkpt>
   <trkpt lon="3.102796" lat="39.694365"><ele>77.0</ele><sym>right_slight</sym></trkpt>
   <trkpt lon="3.102869" lat="39.694512"><ele>77.75</ele></trkpt>
   <trkpt lon="3.102933" lat="39.694738"><ele>78.5</ele></trkpt>
   <trkpt lon="3.102956" lat="39.694832"><ele>79.25</ele></trkpt>
   <trkpt lon="3.102952" lat="39.694933"><ele>79.5</ele></trkpt>
   <trkpt lon="3.102942" lat="39.695059"><ele>80.0</ele></trkpt>
   <trkpt lon="3.102903" lat="39.695153"><ele>80.5</ele></trkpt>
   <trkpt lon="3.102675" lat="39.695477"><ele>81.5</ele></trkpt>
   <trkpt lon="3.102354" lat="39.695891"><ele>83.75</ele></trkpt>
   <trkpt lon="3.102275" lat="39.696213"><ele>85.5</ele></trkpt>
   <trkpt lon="3.102763" lat="39.697499"><ele>93.0</ele></trkpt>
   <trkpt lon="3.102916" lat="39.697979"><ele>93.0</ele></trkpt>
   <trkpt lon="3.102981" lat="39.698188"><ele>92.5</ele></trkpt>
   <trkpt lon="3.103085" lat="39.698516"><ele>92.0</ele></trkpt>
   <trkpt lon="3.103105" lat="39.698590"><ele>92.0</ele><sym>right_slight</sym></trkpt>
   <trkpt lon="3.103173" lat="39.698646"><ele>92.25</ele></trkpt>
   <trkpt lon="3.103385" lat="39.698909"><ele>91.0</ele></trkpt>
   <trkpt lon="3.103674" lat="39.699319"><ele>90.0</ele></trkpt>
   <trkpt lon="3.103848" lat="39.699567"><ele>89.5</ele><sym>left</sym></trkpt>
   <trkpt lon="3.103345" lat="39.699766"><ele>91.75</ele></trkpt>
   <trkpt lon="3.103268" lat="39.699791"><ele>91.75</ele><sym>right_slight</sym></trkpt>
   <trkpt lon="3.103167" lat="39.699825"><ele>91.75</ele></trkpt>
   <trkpt lon="3.103109" lat="39.699873"><ele>91.5</ele></trkpt>
   <trkpt lon="3.102817" lat="39.700258"><ele>90.0</ele></trkpt>
   <trkpt lon="3.102785" lat="39.700369"><ele>90.0</ele></trkpt>
   <trkpt lon="3.102766" lat="39.700540"><ele>90.0</ele></trkpt>
   <trkpt lon="3.102780" lat="39.700657"><ele>89.5</ele></trkpt>
   <trkpt lon="3.102818" lat="39.700827"><ele>89.0</ele></trkpt>
   <trkpt lon="3.102899" lat="39.701078"><ele>88.0</ele></trkpt>
   <trkpt lon="3.102951" lat="39.701211"><ele>87.75</ele><sym>left</sym></trkpt>
   <trkpt lon="3.102210" lat="39.701399"><ele>85.75</ele><sym>roundabout_e1</sym></trkpt>
   <trkpt lon="3.102215" lat="39.701423"><ele>85.75</ele></trkpt>
   <trkpt lon="3.102312" lat="39.701505"><ele>86.0</ele></trkpt>
   <trkpt lon="3.102625" lat="39.702017"><ele>85.25</ele></trkpt>
   <trkpt lon="3.102722" lat="39.702172"><ele>84.0</ele></trkpt>
   <trkpt lon="3.102938" lat="39.702395"><ele>81.75</ele></trkpt>
   <trkpt lon="3.103436" lat="39.702902"><ele>76.75</ele></trkpt>
   <trkpt lon="3.103559" lat="39.703034"><ele>75.25</ele></trkpt>
   <trkpt lon="3.103743" lat="39.703167"><ele>75.0</ele></trkpt>
   <trkpt lon="3.103982" lat="39.703292"><ele>73.0</ele></trkpt>
   <trkpt lon="3.104088" lat="39.703347"><ele>72.25</ele></trkpt>
   <trkpt lon="3.104402" lat="39.703528"><ele>70.75</ele></trkpt>
   <trkpt lon="3.104535" lat="39.703609"><ele>70.0</ele></trkpt>
   <trkpt lon="3.104692" lat="39.703722"><ele>69.5</ele></trkpt>
   <trkpt lon="3.104764" lat="39.703783"><ele>69.25</ele></trkpt>
   <trkpt lon="3.104918" lat="39.703941"><ele>68.5</ele><sym>pass_place</sym><type>Shaping</type></trkpt>
   <trkpt lon="3.105167" lat="39.704201"><ele>67.25</ele></trkpt>
   <trkpt lon="3.105250" lat="39.704297"><ele>67.0</ele></trkpt>
   <trkpt lon="3.105359" lat="39.704423"><ele>66.25</ele></trkpt>
   <trkpt lon="3.105539" lat="39.704659"><ele>64.5</ele></trkpt>
   <trkpt lon="3.105732" lat="39.704856"><ele>63.5</ele><sym>right_slight</sym></trkpt>
   <trkpt lon="3.105993" lat="39.704933"><ele>63.0</ele></trkpt>
   <trkpt lon="3.106103" lat="39.704966"><ele>63.0</ele></trkpt>
   <trkpt lon="3.106305" lat="39.705024"><ele>62.25</ele><sym>left</sym></trkpt>
   <trkpt lon="3.106180" lat="39.705153"><ele>62.25</ele></trkpt>
   <trkpt lon="3.106046" lat="39.705290"><ele>62.0</ele><sym>right</sym></trkpt>
   <trkpt lon="3.106107" lat="39.705373"><ele>62.0</ele></trkpt>
   <trkpt lon="3.106383" lat="39.705757"><ele>61.0</ele></trkpt>
   <trkpt lon="3.106412" lat="39.705797"><ele>61.0</ele></trkpt>
   <trkpt lon="3.106873" lat="39.706463"><ele>61.0</ele></trkpt>
   <trkpt lon="3.107201" lat="39.706940"><ele>61.75</ele></trkpt>
   <trkpt lon="3.107536" lat="39.707427"><ele>62.0</ele></trkpt>
   <trkpt lon="3.108622" lat="39.709007"><ele>69.25</ele></trkpt>
   <trkpt lon="3.108863" lat="39.709368"><ele>72.5</ele></trkpt>
   <trkpt lon="3.108864" lat="39.709451"><ele>73.0</ele></trkpt>
   <trkpt lon="3.108809" lat="39.709520"><ele>74.25</ele><sym>left_slight</sym></trkpt>
   <trkpt lon="3.108785" lat="39.709550"><ele>74.75</ele></trkpt>
   <trkpt lon="3.108271" lat="39.709823"><ele>73.25</ele></trkpt>
   <trkpt lon="3.108171" lat="39.709882"><ele>73.0</ele><sym>straight</sym></trkpt>
   <trkpt lon="3.107076" lat="39.710513"><ele>69.0</ele><sym>right</sym></trkpt>
   <trkpt lon="3.107650" lat="39.711418"><ele>68.25</ele></trkpt>
   <trkpt lon="3.107797" lat="39.711627"><ele>67.5</ele></trkpt>
   <trkpt lon="3.108284" lat="39.712321"><ele>65.25</ele></trkpt>
   <trkpt lon="3.108836" lat="39.713105"><ele>65.25</ele></trkpt>
   <trkpt lon="3.109062" lat="39.713524"><ele>64.75</ele></trkpt>
   <trkpt lon="3.109163" lat="39.713802"><ele>64.25</ele></trkpt>
   <trkpt lon="3.109244" lat="39.714107"><ele>64.25</ele></trkpt>
   <trkpt lon="3.109312" lat="39.714679"><ele>60.75</ele></trkpt>
   <trkpt lon="3.109398" lat="39.715822"><ele>54.5</ele></trkpt>
   <trkpt lon="3.109455" lat="39.716246"><ele>53.5</ele></trkpt>
   <trkpt lon="3.109556" lat="39.716634"><ele>52.5</ele></trkpt>
   <trkpt lon="3.109720" lat="39.717047"><ele>51.5</ele></trkpt>
   <trkpt lon="3.110039" lat="39.717764"><ele>50.0</ele></trkpt>
   <trkpt lon="3.110108" lat="39.717919"><ele>49.25</ele><sym>pass_place</sym><type>Shaping</type></trkpt>
   <trkpt lon="3.110110" lat="39.717924"><ele>49.25</ele></trkpt>
   <trkpt lon="3.110431" lat="39.718574"><ele>48.0</ele></trkpt>
   <trkpt lon="3.110723" lat="39.718975"><ele>47.25</ele></trkpt>
   <trkpt lon="3.111087" lat="39.719452"><ele>47.0</ele></trkpt>
   <trkpt lon="3.111246" lat="39.719647"><ele>46.5</ele></trkpt>
   <trkpt lon="3.113635" lat="39.722721"><ele>47.25</ele></trkpt>
   <trkpt lon="3.114632" lat="39.723978"><ele>54.5</ele></trkpt>
   <trkpt lon="3.115180" lat="39.724657"><ele>64.0</ele></trkpt>
   <trkpt lon="3.115330" lat="39.724899"><ele>65.25</ele></trkpt>
   <trkpt lon="3.115529" lat="39.725287"><ele>67.5</ele></trkpt>
   <trkpt lon="3.115611" lat="39.725595"><ele>68.25</ele></trkpt>
   <trkpt lon="3.115723" lat="39.726176"><ele>69.5</ele></trkpt>
   <trkpt lon="3.115831" lat="39.726600"><ele>71.5</ele></trkpt>
   <trkpt lon="3.115942" lat="39.726873"><ele>71.25</ele></trkpt>
   <trkpt lon="3.116008" lat="39.726988"><ele>71.25</ele></trkpt>
   <trkpt lon="3.116262" lat="39.727433"><ele>70.75</ele></trkpt>
   <trkpt lon="3.116726" lat="39.728179"><ele>71.75</ele></trkpt>
   <trkpt lon="3.117883" lat="39.730041"><ele>72.5</ele></trkpt>
   <trkpt lon="3.118654" lat="39.731427"><ele>71.0</ele></trkpt>
   <trkpt lon="3.119004" lat="39.732137"><ele>67.75</ele></trkpt>
   <trkpt lon="3.119374" lat="39.732821"><ele>64.75</ele><sym>pass_place</sym><type>Shaping</type></trkpt>
   <trkpt lon="3.119376" lat="39.732823"><ele>64.75</ele></trkpt>
   <trkpt lon="3.119600" lat="39.733217"><ele>64.5</ele></trkpt>
   <trkpt lon="3.121379" lat="39.736157"><ele>57.75</ele></trkpt>
   <trkpt lon="3.123107" lat="39.739092"><ele>52.75</ele></trkpt>
   <trkpt lon="3.123159" lat="39.739179"><ele>52.5</ele></trkpt>
   <trkpt lon="3.123608" lat="39.739926"><ele>53.0</ele><sym>right_slight</sym></trkpt>
   <trkpt lon="3.123844" lat="39.740053"><ele>52.0</ele></trkpt>
   <trkpt lon="3.124086" lat="39.740128"><ele>51.25</ele></trkpt>
   <trkpt lon="3.124782" lat="39.740333"><ele>48.75</ele></trkpt>
   <trkpt lon="3.125040" lat="39.740403"><ele>47.75</ele></trkpt>
   <trkpt lon="3.127044" lat="39.740928"><ele>41.5</ele></trkpt>
   <trkpt lon="3.128090" lat="39.741209"><ele>41.5</ele></trkpt>
   <trkpt lon="3.130893" lat="39.741967"><ele>38.5</ele></trkpt>
   <trkpt lon="3.131220" lat="39.742056"><ele>37.75</ele></trkpt>
   <trkpt lon="3.131345" lat="39.742087"><ele>37.5</ele></trkpt>
   <trkpt lon="3.133217" lat="39.742591"><ele>37.25</ele></trkpt>
   <trkpt lon="3.135522" lat="39.743228"><ele>33.0</ele><sym>stay_left</sym></trkpt>
   <trkpt lon="3.135519" lat="39.743229"><ele>34.25</ele><sym>pass_place</sym><type>Shaping</type></trkpt>
   <trkpt lon="3.135522" lat="39.743228"><ele>33.0</ele></trkpt>
   <trkpt lon="3.136793" lat="39.743575"><ele>32.0</ele></trkpt>
   <trkpt lon="3.138773" lat="39.744104"><ele>31.0</ele></trkpt>
   <trkpt lon="3.139408" lat="39.744495"><ele>31.5</ele></trkpt>
   <trkpt lon="3.140234" lat="39.745065"><ele>32.0</ele></trkpt>
   <trkpt lon="3.140575" lat="39.745289"><ele>33.0</ele></trkpt>
   <trkpt lon="3.140876" lat="39.745398"><ele>33.75</ele></trkpt>
   <trkpt lon="3.142338" lat="39.745881"><ele>35.75</ele></trkpt>
   <trkpt lon="3.144284" lat="39.746489"><ele>34.25</ele></trkpt>
   <trkpt lon="3.144995" lat="39.746720"><ele>34.75</ele></trkpt>
   <trkpt lon="3.145350" lat="39.746844"><ele>35.25</ele></trkpt>
   <trkpt lon="3.145597" lat="39.747006"><ele>36.0</ele></trkpt>
   <trkpt lon="3.145665" lat="39.747050"><ele>36.25</ele></trkpt>
   <trkpt lon="3.148524" lat="39.749253"><ele>32.0</ele></trkpt>
   <trkpt lon="3.149135" lat="39.749724"><ele>31.75</ele></trkpt>
   <trkpt lon="3.152062" lat="39.751978"><ele>27.75</ele></trkpt>
   <trkpt lon="3.152617" lat="39.752400"><ele>26.25</ele><sym>pass_place</sym><type>Shaping</type></trkpt>
   <trkpt lon="3.152623" lat="39.752404"><ele>26.25</ele></trkpt>
   <trkpt lon="3.152975" lat="39.752669"><ele>26.0</ele></trkpt>
   <trkpt lon="3.153482" lat="39.753117"><ele>26.5</ele></trkpt>
   <trkpt lon="3.154423" lat="39.754142"><ele>27.0</ele></trkpt>
   <trkpt lon="3.155510" lat="39.755296"><ele>24.75</ele></trkpt>
   <trkpt lon="3.155701" lat="39.755491"><ele>24.0</ele></trkpt>
   <trkpt lon="3.155731" lat="39.755522"><ele>24.0</ele></trkpt>
   <trkpt lon="3.155869" lat="39.755673"><ele>24.0</ele></trkpt>
   <trkpt lon="3.156420" lat="39.756274"><ele>23.25</ele></trkpt>
   <trkpt lon="3.156942" lat="39.756832"><ele>21.5</ele></trkpt>
   <trkpt lon="3.157103" lat="39.756917"><ele>21.25</ele></trkpt>
   <trkpt lon="3.157222" lat="39.756957"><ele>21.0</ele><sym>roundabout_e3</sym></trkpt>
   <trkpt lon="3.157293" lat="39.756958"><ele>21.0</ele></trkpt>
   <trkpt lon="3.157392" lat="39.756992"><ele>21.0</ele></trkpt>
   <trkpt lon="3.157464" lat="39.757051"><ele>21.0</ele></trkpt>
   <trkpt lon="3.157488" lat="39.757088"><ele>21.0</ele></trkpt>
   <trkpt lon="3.157504" lat="39.757157"><ele>21.0</ele></trkpt>
   <trkpt lon="3.157500" lat="39.757196"><ele>21.0</ele></trkpt>
   <trkpt lon="3.157485" lat="39.757241"><ele>21.0</ele></trkpt>
   <trkpt lon="3.157455" lat="39.757280"><ele>21.0</ele></trkpt>
   <trkpt lon="3.157419" lat="39.757310"><ele>21.0</ele></trkpt>
   <trkpt lon="3.157384" lat="39.757332"><ele>21.25</ele></trkpt>
   <trkpt lon="3.157337" lat="39.757351"><ele>21.25</ele></trkpt>
   <trkpt lon="3.157265" lat="39.757361"><ele>21.25</ele></trkpt>
   <trkpt lon="3.157201" lat="39.757358"><ele>21.5</ele></trkpt>
   <trkpt lon="3.157055" lat="39.757424"><ele>22.0</ele></trkpt>
   <trkpt lon="3.156920" lat="39.757492"><ele>22.75</ele></trkpt>
   <trkpt lon="3.154627" lat="39.759677"><ele>21.0</ele></trkpt>
   <trkpt lon="3.154388" lat="39.759904"><ele>20.25</ele></trkpt>
   <trkpt lon="3.153512" lat="39.760747"><ele>17.25</ele></trkpt>
   <trkpt lon="3.153462" lat="39.760862"><ele>16.75</ele><sym>roundabout_e2</sym></trkpt>
   <trkpt lon="3.153457" lat="39.760904"><ele>16.5</ele></trkpt>
   <trkpt lon="3.153443" lat="39.760922"><ele>16.5</ele></trkpt>
   <trkpt lon="3.153424" lat="39.760935"><ele>16.5</ele></trkpt>
   <trkpt lon="3.153306" lat="39.761047"><ele>16.0</ele></trkpt>
   <trkpt lon="3.153089" lat="39.761254"><ele>15.75</ele></trkpt>
   <trkpt lon="3.152798" lat="39.761531"><ele>15.25</ele></trkpt>
   <trkpt lon="3.152716" lat="39.761609"><ele>15.0</ele></trkpt>
   <trkpt lon="3.152541" lat="39.761776"><ele>14.5</ele></trkpt>
   <trkpt lon="3.152417" lat="39.761895"><ele>14.0</ele></trkpt>
   <trkpt lon="3.152276" lat="39.762029"><ele>13.5</ele></trkpt>
   <trkpt lon="3.151996" lat="39.762296"><ele>13.25</ele></trkpt>
   <trkpt lon="3.151615" lat="39.762659"><ele>13.0</ele></trkpt>
   <trkpt lon="3.151514" lat="39.762754"><ele>13.0</ele></trkpt>
   <trkpt lon="3.151475" lat="39.762792"><ele>12.75</ele><sym>straight</sym></trkpt>
   <trkpt lon="3.151427" lat="39.762838"><ele>12.75</ele><sym>straight</sym></trkpt>
   <trkpt lon="3.151049" lat="39.763198"><ele>12.75</ele></trkpt>
   <trkpt lon="3.150587" lat="39.763638"><ele>11.75</ele></trkpt>
   <trkpt lon="3.150492" lat="39.763729"><ele>11.5</ele><sym>straight</sym></trkpt>
   <trkpt lon="3.150368" lat="39.763844"><ele>11.5</ele></trkpt>
   <trkpt lon="3.150118" lat="39.764077"><ele>11.25</ele></trkpt>
   <trkpt lon="3.149909" lat="39.764281"><ele>11.0</ele></trkpt>
   <trkpt lon="3.148917" lat="39.765248"><ele>9.0</ele><sym>u-turn_right</sym></trkpt>
   <trkpt lon="3.148919" lat="39.765249"><ele>9.0</ele><sym>pass_place</sym><type>Shaping</type></trkpt>
   <trkpt lon="3.148917" lat="39.765248"><ele>9.0</ele></trkpt>
   <trkpt lon="3.148858" lat="39.765306"><ele>9.0</ele></trkpt>
   <trkpt lon="3.148774" lat="39.765356"><ele>9.0</ele><sym>roundabout_e1</sym></trkpt>
   <trkpt lon="3.148771" lat="39.765378"><ele>9.0</ele></trkpt>
   <trkpt lon="3.148752" lat="39.765412"><ele>9.0</ele></trkpt>
   <trkpt lon="3.148720" lat="39.765437"><ele>9.0</ele></trkpt>
   <trkpt lon="3.148648" lat="39.765454"><ele>9.0</ele></trkpt>
   <trkpt lon="3.148652" lat="39.765486"><ele>9.0</ele></trkpt>
   <trkpt lon="3.148567" lat="39.765562"><ele>9.0</ele></trkpt>
   <trkpt lon="3.148236" lat="39.765880"><ele>9.25</ele></trkpt>
   <trkpt lon="3.147253" lat="39.766809"><ele>9.75</ele></trkpt>
   <trkpt lon="3.147164" lat="39.766893"><ele>10.0</ele></trkpt>
   <trkpt lon="3.147049" lat="39.767004"><ele>9.75</ele></trkpt>
   <trkpt lon="3.146849" lat="39.767197"><ele>9.0</ele></trkpt>
   <trkpt lon="3.146626" lat="39.767417"><ele>9.0</ele></trkpt>
   <trkpt lon="3.146256" lat="39.767755"><ele>9.0</ele></trkpt>
   <trkpt lon="3.146137" lat="39.767858"><ele>8.5</ele><sym>roundabout_e2</sym></trkpt>
   <trkpt lon="3.146105" lat="39.767902"><ele>8.5</ele></trkpt>
   <trkpt lon="3.146058" lat="39.767929"><ele>8.25</ele></trkpt>
   <trkpt lon="3.145952" lat="39.768037"><ele>8.0</ele></trkpt>
   <trkpt lon="3.145701" lat="39.768292"><ele>7.0</ele></trkpt>
   <trkpt lon="3.145279" lat="39.768683"><ele>6.5</ele></trkpt>
   <trkpt lon="3.145138" lat="39.768824"><ele>6.0</ele></trkpt>
   <trkpt lon="3.144928" lat="39.769035"><ele>5.25</ele></trkpt>
   <trkpt lon="3.144832" lat="39.769123"><ele>5.0</ele></trkpt>
   <trkpt lon="3.144263" lat="39.769645"><ele>4.0</ele></trkpt>
   <trkpt lon="3.144195" lat="39.769708"><ele>3.75</ele></trkpt>
   <trkpt lon="3.144114" lat="39.769784"><ele>4.0</ele></trkpt>
   <trkpt lon="3.143644" lat="39.770232"><ele>3.0</ele></trkpt>
   <trkpt lon="3.143562" lat="39.770310"><ele>3.0</ele></trkpt>
   <trkpt lon="3.143379" lat="39.770481"><ele>3.0</ele></trkpt>
   <trkpt lon="3.142565" lat="39.771245"><ele>1.75</ele></trkpt>
   <trkpt lon="3.142485" lat="39.771356"><ele>2.0</ele></trkpt>
   <trkpt lon="3.142444" lat="39.771420"><ele>1.75</ele><sym>roundabout_e3</sym></trkpt>
   <trkpt lon="3.142450" lat="39.771445"><ele>1.75</ele></trkpt>
   <trkpt lon="3.142446" lat="39.771487"><ele>1.5</ele></trkpt>
   <trkpt lon="3.142430" lat="39.771528"><ele>1.5</ele></trkpt>
   <trkpt lon="3.142409" lat="39.771555"><ele>1.5</ele></trkpt>
   <trkpt lon="3.142352" lat="39.771599"><ele>1.5</ele></trkpt>
   <trkpt lon="3.142266" lat="39.771626"><ele>1.75</ele></trkpt>
   <trkpt lon="3.142213" lat="39.771628"><ele>1.75</ele></trkpt>
   <trkpt lon="3.142161" lat="39.771622"><ele>1.75</ele></trkpt>
   <trkpt lon="3.142042" lat="39.771673"><ele>2.0</ele></trkpt>
   <trkpt lon="3.141905" lat="39.771762"><ele>1.75</ele></trkpt>
   <trkpt lon="3.141823" lat="39.771842"><ele>1.75</ele></trkpt>
   <trkpt lon="3.140789" lat="39.772832"><ele>2.0</ele></trkpt>
   <trkpt lon="3.140686" lat="39.772925"><ele>1.75</ele></trkpt>
   <trkpt lon="3.140412" lat="39.773154"><ele>1.5</ele></trkpt>
   <trkpt lon="3.140177" lat="39.773339"><ele>2.0</ele></trkpt>
   <trkpt lon="3.139741" lat="39.773664"><ele>1.75</ele></trkpt>
   <trkpt lon="3.139656" lat="39.773727"><ele>1.75</ele></trkpt>
   <trkpt lon="3.139456" lat="39.773883"><ele>1.0</ele></trkpt>
   <trkpt lon="3.139149" lat="39.774121"><ele>1.75</ele></trkpt>
   <trkpt lon="3.138521" lat="39.774595"><ele>1.0</ele></trkpt>
   <trkpt lon="3.138413" lat="39.774677"><ele>1.0</ele></trkpt>
   <trkpt lon="3.134221" lat="39.777841"><ele>1.25</ele><sym>pass_place</sym><type>Shaping</type></trkpt>
   <trkpt lon="3.134218" lat="39.777844"><ele>1.25</ele></trkpt>
   <trkpt lon="3.133565" lat="39.778406"><ele>1.75</ele></trkpt>
   <trkpt lon="3.132946" lat="39.778983"><ele>1.5</ele></trkpt>
   <trkpt lon="3.132270" lat="39.779607"><ele>1.5</ele></trkpt>
   <trkpt lon="3.131761" lat="39.780080"><ele>1.5</ele></trkpt>
   <trkpt lon="3.131032" lat="39.780839"><ele>1.5</ele></trkpt>
   <trkpt lon="3.129749" lat="39.782120"><ele>1.0</ele></trkpt>
   <trkpt lon="3.129511" lat="39.782432"><ele>1.0</ele></trkpt>
   <trkpt lon="3.127685" lat="39.785047"><ele>1.75</ele></trkpt>
   <trkpt lon="3.127147" lat="39.785824"><ele>2.0</ele></trkpt>
   <trkpt lon="3.126746" lat="39.786388"><ele>2.25</ele></trkpt>
   <trkpt lon="3.126528" lat="39.786671"><ele>1.5</ele></trkpt>
   <trkpt lon="3.125154" lat="39.788444"><ele>1.5</ele></trkpt>
   <trkpt lon="3.124989" lat="39.788651"><ele>1.75</ele></trkpt>
   <trkpt lon="3.124878" lat="39.788801"><ele>1.75</ele></trkpt>
   <trkpt lon="3.124816" lat="39.788882"><ele>1.75</ele></trkpt>
   <trkpt lon="3.124451" lat="39.789343"><ele>2.5</ele></trkpt>
   <trkpt lon="3.122907" lat="39.791335"><ele>2.25</ele></trkpt>
   <trkpt lon="3.122741" lat="39.791586"><ele>1.75</ele></trkpt>
   <trkpt lon="3.122740" lat="39.791590"><ele>1.75</ele><sym>pass_place</sym><type>Shaping</type></trkpt>
   <trkpt lon="3.122702" lat="39.791767"><ele>1.75</ele></trkpt>
   <trkpt lon="3.122689" lat="39.791802"><ele>1.75</ele><sym>roundabout_e1</sym></trkpt>
   <trkpt lon="3.122720" lat="39.791822"><ele>1.75</ele></trkpt>
   <trkpt lon="3.122743" lat="39.791852"><ele>1.75</ele></trkpt>
   <trkpt lon="3.122810" lat="39.791902"><ele>2.0</ele></trkpt>
   <trkpt lon="3.122873" lat="39.791936"><ele>2.0</ele></trkpt>
   <trkpt lon="3.122896" lat="39.791947"><ele>2.0</ele></trkpt>
   <trkpt lon="3.122943" lat="39.791958"><ele>2.0</ele></trkpt>
   <trkpt lon="3.122977" lat="39.791965"><ele>2.0</ele><sym>roundabout_e3</sym></trkpt>
   <trkpt lon="3.123008" lat="39.791949"><ele>2.0</ele></trkpt>
   <trkpt lon="3.123041" lat="39.791942"><ele>2.0</ele></trkpt>
   <trkpt lon="3.123075" lat="39.791943"><ele>2.0</ele></trkpt>
   <trkpt lon="3.123107" lat="39.791952"><ele>2.0</ele></trkpt>
   <trkpt lon="3.123134" lat="39.791968"><ele>2.0</ele></trkpt>
   <trkpt lon="3.123154" lat="39.791990"><ele>2.0</ele></trkpt>
   <trkpt lon="3.123163" lat="39.792015"><ele>2.0</ele></trkpt>
   <trkpt lon="3.123154" lat="39.792061"><ele>2.0</ele></trkpt>
   <trkpt lon="3.123119" lat="39.792094"><ele>2.0</ele></trkpt>
   <trkpt lon="3.123094" lat="39.792105"><ele>2.0</ele></trkpt>
   <trkpt lon="3.123108" lat="39.792153"><ele>2.0</ele></trkpt>
   <trkpt lon="3.123016" lat="39.792312"><ele>1.5</ele></trkpt>
   <trkpt lon="3.122947" lat="39.792376"><ele>1.5</ele></trkpt>
   <trkpt lon="3.122325" lat="39.792601"><ele>2.0</ele></trkpt>
   <trkpt lon="3.122214" lat="39.792642"><ele>1.75</ele></trkpt>
   <trkpt lon="3.121342" lat="39.794090"><ele>1.75</ele></trkpt>
   <trkpt lon="3.121009" lat="39.794643"><ele>1.0</ele></trkpt>
   <trkpt lon="3.120748" lat="39.795369"><ele>1.75</ele></trkpt>
   <trkpt lon="3.120715" lat="39.795453"><ele>1.5</ele></trkpt>
   <trkpt lon="3.120743" lat="39.795641"><ele>1.25</ele></trkpt>
   <trkpt lon="3.120656" lat="39.796151"><ele>1.0</ele></trkpt>
   <trkpt lon="3.120361" lat="39.796941"><ele>1.75</ele></trkpt>
   <trkpt lon="3.120261" lat="39.797213"><ele>2.0</ele></trkpt>
   <trkpt lon="3.120240" lat="39.797289"><ele>1.75</ele></trkpt>
   <trkpt lon="3.119971" lat="39.798132"><ele>1.75</ele></trkpt>
   <trkpt lon="3.119861" lat="39.798474"><ele>1.75</ele></trkpt>
   <trkpt lon="3.119711" lat="39.798972"><ele>1.75</ele></trkpt>
   <trkpt lon="3.119677" lat="39.799036"><ele>1.75</ele></trkpt>
   <trkpt lon="3.119655" lat="39.799067"><ele>1.75</ele></trkpt>
   <trkpt lon="3.119623" lat="39.799113"><ele>1.75</ele></trkpt>
   <trkpt lon="3.119611" lat="39.799129"><ele>1.75</ele></trkpt>
   <trkpt lon="3.119560" lat="39.799165"><ele>1.75</ele><sym>roundabout_e2</sym></trkpt>
   <trkpt lon="3.119553" lat="39.799196"><ele>2.0</ele></trkpt>
   <trkpt lon="3.119536" lat="39.799224"><ele>2.0</ele></trkpt>
   <trkpt lon="3.119509" lat="39.799248"><ele>2.0</ele></trkpt>
   <trkpt lon="3.119471" lat="39.799266"><ele>2.0</ele></trkpt>
   <trkpt lon="3.119427" lat="39.799275"><ele>1.75</ele></trkpt>
   <trkpt lon="3.119402" lat="39.799359"><ele>1.75</ele></trkpt>
   <trkpt lon="3.119301" lat="39.799578"><ele>1.75</ele></trkpt>
   <trkpt lon="3.119048" lat="39.800386"><ele>1.75</ele></trkpt>
   <trkpt lon="3.118874" lat="39.800928"><ele>2.0</ele></trkpt>
   <trkpt lon="3.118790" lat="39.801172"><ele>2.0</ele></trkpt>
   <trkpt lon="3.118754" lat="39.801361"><ele>2.75</ele></trkpt>
   <trkpt lon="3.118553" lat="39.801983"><ele>3.0</ele></trkpt>
   <trkpt lon="3.118496" lat="39.802155"><ele>3.0</ele></trkpt>
   <trkpt lon="3.118452" lat="39.802303"><ele>3.0</ele></trkpt>
   <trkpt lon="3.118431" lat="39.802369"><ele>3.0</ele></trkpt>
   <trkpt lon="3.118388" lat="39.802452"><ele>3.0</ele></trkpt>
   <trkpt lon="3.118349" lat="39.802560"><ele>3.0</ele></trkpt>
   <trkpt lon="3.118075" lat="39.803418"><ele>3.0</ele></trkpt>
   <trkpt lon="3.117995" lat="39.803662"><ele>3.0</ele></trkpt>
   <trkpt lon="3.117952" lat="39.803818"><ele>3.0</ele></trkpt>
   <trkpt lon="3.117938" lat="39.803899"><ele>2.75</ele></trkpt>
   <trkpt lon="3.117912" lat="39.804010"><ele>3.0</ele><sym>roundabout_e3</sym></trkpt>
   <trkpt lon="3.117952" lat="39.804039"><ele>3.0</ele></trkpt>
   <trkpt lon="3.117964" lat="39.804052"><ele>3.0</ele></trkpt>
   <trkpt lon="3.117990" lat="39.804090"><ele>3.0</ele></trkpt>
   <trkpt lon="3.118003" lat="39.804147"><ele>2.75</ele></trkpt>
   <trkpt lon="3.117991" lat="39.804204"><ele>3.0</ele></trkpt>
   <trkpt lon="3.117954" lat="39.804255"><ele>3.0</ele></trkpt>
   <trkpt lon="3.117914" lat="39.804284"><ele>3.0</ele></trkpt>
   <trkpt lon="3.117859" lat="39.804458"><ele>3.0</ele></trkpt>
   <trkpt lon="3.117423" lat="39.805866"><ele>3.0</ele></trkpt>
   <trkpt lon="3.117265" lat="39.806351"><ele>3.0</ele></trkpt>
   <trkpt lon="3.116858" lat="39.807609"><ele>3.0</ele></trkpt>
   <trkpt lon="3.116857" lat="39.807609"><ele>2.75</ele><sym>pass_place</sym><type>Shaping</type></trkpt>
   <trkpt lon="3.116798" lat="39.807796"><ele>2.75</ele></trkpt>
   <trkpt lon="3.116694" lat="39.808092"><ele>2.0</ele></trkpt>
   <trkpt lon="3.116614" lat="39.808318"><ele>2.75</ele></trkpt>
   <trkpt lon="3.116588" lat="39.808401"><ele>2.75</ele></trkpt>
   <trkpt lon="3.116556" lat="39.808463"><ele>2.75</ele></trkpt>
   <trkpt lon="3.116549" lat="39.808499"><ele>2.75</ele></trkpt>
   <trkpt lon="3.116527" lat="39.808598"><ele>2.75</ele></trkpt>
   <trkpt lon="3.116309" lat="39.809230"><ele>2.0</ele></trkpt>
   <trkpt lon="3.116134" lat="39.809814"><ele>2.0</ele></trkpt>
   <trkpt lon="3.116108" lat="39.809892"><ele>2.0</ele></trkpt>
   <trkpt lon="3.116076" lat="39.809985"><ele>2.0</ele></trkpt>
   <trkpt lon="3.116048" lat="39.810063"><ele>2.0</ele></trkpt>
   <trkpt lon="3.116020" lat="39.810153"><ele>2.25</ele></trkpt>
   <trkpt lon="3.115688" lat="39.811159"><ele>2.0</ele></trkpt>
   <trkpt lon="3.115370" lat="39.812180"><ele>2.0</ele></trkpt>
   <trkpt lon="3.115358" lat="39.812217"><ele>2.0</ele></trkpt>
   <trkpt lon="3.115189" lat="39.812716"><ele>2.0</ele></trkpt>
   <trkpt lon="3.115085" lat="39.813078"><ele>2.25</ele><sym>left_slight</sym></trkpt>
   <trkpt lon="3.115061" lat="39.813149"><ele>2.0</ele></trkpt>
   <trkpt lon="3.115023" lat="39.813188"><ele>2.0</ele><sym>roundabout_e2</sym></trkpt>
   <trkpt lon="3.115043" lat="39.813219"><ele>2.0</ele></trkpt>
   <trkpt lon="3.115047" lat="39.813256"><ele>2.0</ele></trkpt>
   <trkpt lon="3.115035" lat="39.813291"><ele>2.0</ele></trkpt>
   <trkpt lon="3.115007" lat="39.813321"><ele>2.0</ele></trkpt>
   <trkpt lon="3.114979" lat="39.813337"><ele>2.0</ele></trkpt>
   <trkpt lon="3.114986" lat="39.813377"><ele>2.0</ele></trkpt>
   <trkpt lon="3.114974" lat="39.813424"><ele>2.0</ele></trkpt>
   <trkpt lon="3.114737" lat="39.814119"><ele>2.0</ele></trkpt>
   <trkpt lon="3.114663" lat="39.814338"><ele>2.0</ele></trkpt>
   <trkpt lon="3.114484" lat="39.814967"><ele>2.0</ele></trkpt>
   <trkpt lon="3.114477" lat="39.814989"><ele>2.0</ele></trkpt>
   <trkpt lon="3.114456" lat="39.815076"><ele>2.0</ele></trkpt>
   <trkpt lon="3.114397" lat="39.815118"><ele>2.0</ele><sym>roundabout_e2</sym></trkpt>
   <trkpt lon="3.114381" lat="39.815166"><ele>2.0</ele></trkpt>
   <trkpt lon="3.114367" lat="39.815182"><ele>2.0</ele></trkpt>
   <trkpt lon="3.114377" lat="39.815269"><ele>2.0</ele></trkpt>
   <trkpt lon="3.114356" lat="39.815347"><ele>2.0</ele></trkpt>
   <trkpt lon="3.114315" lat="39.815466"><ele>2.0</ele></trkpt>
   <trkpt lon="3.114237" lat="39.815689"><ele>2.0</ele></trkpt>
   <trkpt lon="3.114157" lat="39.815943"><ele>2.0</ele></trkpt>
   <trkpt lon="3.114131" lat="39.816028"><ele>2.0</ele></trkpt>
   <trkpt lon="3.114114" lat="39.816116"><ele>2.0</ele></trkpt>
   <trkpt lon="3.114051" lat="39.816366"><ele>2.0</ele></trkpt>
   <trkpt lon="3.114013" lat="39.816610"><ele>2.0</ele></trkpt>
   <trkpt lon="3.114017" lat="39.816990"><ele>1.5</ele></trkpt>
   <trkpt lon="3.114166" lat="39.817875"><ele>1.0</ele></trkpt>
   <trkpt lon="3.114177" lat="39.817945"><ele>1.0</ele></trkpt>
   <trkpt lon="3.114185" lat="39.818013"><ele>1.0</ele></trkpt>
   <trkpt lon="3.114211" lat="39.818161"><ele>1.0</ele></trkpt>
   <trkpt lon="3.114418" lat="39.819172"><ele>1.0</ele></trkpt>
   <trkpt lon="3.114572" lat="39.820030"><ele>1.0</ele></trkpt>
   <trkpt lon="3.114586" lat="39.820107"><ele>1.0</ele></trkpt>
   <trkpt lon="3.114610" lat="39.820239"><ele>1.0</ele></trkpt>
   <trkpt lon="3.114673" lat="39.820376"><ele>1.0</ele></trkpt>
   <trkpt lon="3.114996" lat="39.822297"><ele>1.0</ele></trkpt>
   <trkpt lon="3.115026" lat="39.822476"><ele>1.0</ele></trkpt>
   <trkpt lon="3.115052" lat="39.822625"><ele>1.0</ele></trkpt>
   <trkpt lon="3.115226" lat="39.823675"><ele>1.0</ele></trkpt>
   <trkpt lon="3.115226" lat="39.823679"><ele>1.0</ele><sym>pass_place</sym><type>Shaping</type></trkpt>
   <trkpt lon="3.115375" lat="39.824563"><ele>1.0</ele></trkpt>
   <trkpt lon="3.115400" lat="39.824716"><ele>1.0</ele></trkpt>
   <trkpt lon="3.115429" lat="39.824882"><ele>1.0</ele></trkpt>
   <trkpt lon="3.115474" lat="39.825132"><ele>1.0</ele></trkpt>
   <trkpt lon="3.115579" lat="39.825724"><ele>1.0</ele></trkpt>
   <trkpt lon="3.115680" lat="39.826295"><ele>1.0</ele></trkpt>
   <trkpt lon="3.115797" lat="39.826901"><ele>1.0</ele></trkpt>
   <trkpt lon="3.115980" lat="39.827941"><ele>1.0</ele></trkpt>
   <trkpt lon="3.116005" lat="39.828078"><ele>1.0</ele></trkpt>
   <trkpt lon="3.116037" lat="39.828229"><ele>1.0</ele></trkpt>
   <trkpt lon="3.116108" lat="39.828547"><ele>1.0</ele></trkpt>
   <trkpt lon="3.116169" lat="39.828713"><ele>1.0</ele></trkpt>
   <trkpt lon="3.116232" lat="39.828891"><ele>1.0</ele></trkpt>
   <trkpt lon="3.116519" lat="39.829772"><ele>1.0</ele></trkpt>
   <trkpt lon="3.116718" lat="39.830381"><ele>1.0</ele></trkpt>
   <trkpt lon="3.116769" lat="39.830536"><ele>1.0</ele></trkpt>
   <trkpt lon="3.117062" lat="39.831428"><ele>1.0</ele><sym>left_slight</sym></trkpt>
   <trkpt lon="3.117089" lat="39.831510"><ele>1.25</ele></trkpt>
   <trkpt lon="3.117068" lat="39.831577"><ele>1.0</ele><sym>roundabout_e2</sym></trkpt>
   <trkpt lon="3.117092" lat="39.831601"><ele>1.0</ele></trkpt>
   <trkpt lon="3.117108" lat="39.831630"><ele>1.0</ele></trkpt>
   <trkpt lon="3.117107" lat="39.831671"><ele>1.0</ele></trkpt>
   <trkpt lon="3.117097" lat="39.831689"><ele>1.0</ele></trkpt>
   <trkpt lon="3.117156" lat="39.831727"><ele>1.0</ele></trkpt>
   <trkpt lon="3.117168" lat="39.831761"><ele>1.0</ele></trkpt>
   <trkpt lon="3.117180" lat="39.831800"><ele>1.0</ele></trkpt>
   <trkpt lon="3.117188" lat="39.831823"><ele>1.0</ele></trkpt>
   <trkpt lon="3.117466" lat="39.832687"><ele>1.0</ele></trkpt>
   <trkpt lon="3.117722" lat="39.833422"><ele>1.0</ele></trkpt>
   <trkpt lon="3.117773" lat="39.833571"><ele>1.0</ele></trkpt>
   <trkpt lon="3.117832" lat="39.833765"><ele>1.25</ele></trkpt>
   <trkpt lon="3.117967" lat="39.834208"><ele>1.0</ele></trkpt>
   <trkpt lon="3.118215" lat="39.834881"><ele>1.0</ele></trkpt>
   <trkpt lon="3.118335" lat="39.835102"><ele>1.0</ele></trkpt>
   <trkpt lon="3.118409" lat="39.835236"><ele>1.0</ele></trkpt>
   <trkpt lon="3.118563" lat="39.835468"><ele>1.0</ele></trkpt>
   <trkpt lon="3.118791" lat="39.835812"><ele>1.0</ele></trkpt>
   <trkpt lon="3.118901" lat="39.836014"><ele>1.0</ele></trkpt>
   <trkpt lon="3.119296" lat="39.836680"><ele>1.0</ele></trkpt>
   <trkpt lon="3.119692" lat="39.837325"><ele>1.0</ele></trkpt>
   <trkpt lon="3.119947" lat="39.837740"><ele>1.0</ele></trkpt>
   <trkpt lon="3.120088" lat="39.837970"><ele>1.0</ele></trkpt>
   <trkpt lon="3.120198" lat="39.838143"><ele>1.0</ele></trkpt>
   <trkpt lon="3.120475" lat="39.838625"><ele>1.0</ele></trkpt>
   <trkpt lon="3.120529" lat="39.838707"><ele>1.0</ele></trkpt>
   <trkpt lon="3.120805" lat="39.839090"><ele>1.0</ele></trkpt>
   <trkpt lon="3.121110" lat="39.839469"><ele>1.0</ele><sym>pass_place</sym><type>Shaping</type></trkpt>
   <trkpt lon="3.121114" lat="39.839473"><ele>1.0</ele><sym>left</sym></trkpt>
   <trkpt lon="3.121012" lat="39.839538"><ele>1.0</ele><sym>right</sym></trkpt>
   <trkpt lon="3.121165" lat="39.839661"><ele>1.0</ele><sym>roundabout_e2</sym></trkpt>
   <trkpt lon="3.121222" lat="39.839704"><ele>1.0</ele></trkpt>
   <trkpt lon="3.121243" lat="39.839747"><ele>1.0</ele></trkpt>
   <trkpt lon="3.121244" lat="39.839792"><ele>1.0</ele></trkpt>
   <trkpt lon="3.121228" lat="39.839829"><ele>1.0</ele></trkpt>
   <trkpt lon="3.121199" lat="39.839859"><ele>1.0</ele></trkpt>
   <trkpt lon="3.121176" lat="39.839874"><ele>1.0</ele></trkpt>
   <trkpt lon="3.121145" lat="39.840041"><ele>1.0</ele><sym>right_slight</sym></trkpt>
   <trkpt lon="3.121388" lat="39.840448"><ele>1.5</ele></trkpt>
   <trkpt lon="3.121409" lat="39.840482"><ele>1.75</ele></trkpt>
   <trkpt lon="3.121551" lat="39.840720"><ele>2.0</ele></trkpt>
   <trkpt lon="3.121824" lat="39.841177"><ele>1.75</ele></trkpt>
   <trkpt lon="3.121985" lat="39.841446"><ele>1.75</ele></trkpt>
   <trkpt lon="3.122319" lat="39.842005"><ele>1.0</ele></trkpt>
   <trkpt lon="3.122661" lat="39.842576"><ele>0.75</ele></trkpt>
   <trkpt lon="3.122711" lat="39.842659"><ele>1.0</ele></trkpt>
   <trkpt lon="3.123027" lat="39.843189"><ele>1.0</ele></trkpt>
   <trkpt lon="3.123073" lat="39.843265"><ele>1.0</ele></trkpt>
   <trkpt lon="3.123412" lat="39.843832"><ele>1.0</ele></trkpt>
   <trkpt lon="3.123446" lat="39.843889"><ele>0.75</ele></trkpt>
   <trkpt lon="3.124167" lat="39.845094"><ele>1.0</ele></trkpt>
   <trkpt lon="3.124247" lat="39.845228"><ele>1.0</ele></trkpt>
   <trkpt lon="3.124510" lat="39.845668"><ele>1.0</ele></trkpt>
   <trkpt lon="3.124569" lat="39.845767"><ele>1.0</ele><sym>roundabout_e3</sym></trkpt>
   <trkpt lon="3.124661" lat="39.845764"><ele>1.0</ele></trkpt>
   <trkpt lon="3.124750" lat="39.845785"><ele>1.0</ele></trkpt>
   <trkpt lon="3.124825" lat="39.845826"><ele>1.0</ele></trkpt>
   <trkpt lon="3.124879" lat="39.845883"><ele>1.0</ele></trkpt>
   <trkpt lon="3.124902" lat="39.845934"><ele>1.0</ele></trkpt>
   <trkpt lon="3.124908" lat="39.845987"><ele>1.0</ele></trkpt>
   <trkpt lon="3.124898" lat="39.846039"><ele>1.25</ele></trkpt>
   <trkpt lon="3.124865" lat="39.846096"><ele>1.25</ele></trkpt>
   <trkpt lon="3.124812" lat="39.846143"><ele>1.5</ele></trkpt>
   <trkpt lon="3.124744" lat="39.846177"><ele>1.75</ele></trkpt>
   <trkpt lon="3.124667" lat="39.846195"><ele>1.75</ele></trkpt>
   <trkpt lon="3.124586" lat="39.846195"><ele>1.5</ele></trkpt>
   <trkpt lon="3.124509" lat="39.846178"><ele>1.0</ele></trkpt>
   <trkpt lon="3.124441" lat="39.846144"><ele>1.0</ele></trkpt>
   <trkpt lon="3.124341" lat="39.846212"><ele>1.0</ele></trkpt>
   <trkpt lon="3.122871" lat="39.847225"><ele>7.0</ele></trkpt>
   <trkpt lon="3.122760" lat="39.847292"><ele>7.5</ele></trkpt>
   <trkpt lon="3.122628" lat="39.847358"><ele>8.5</ele></trkpt>
   <trkpt lon="3.122528" lat="39.847408"><ele>8.75</ele></trkpt>
   <trkpt lon="3.122213" lat="39.847494"><ele>9.75</ele></trkpt>
   <trkpt lon="3.122070" lat="39.847587"><ele>10.25</ele></trkpt>
   <trkpt lon="3.121988" lat="39.847659"><ele>10.5</ele></trkpt>
   <trkpt lon="3.121940" lat="39.847717"><ele>10.75</ele></trkpt>
   <trkpt lon="3.121660" lat="39.848140"><ele>11.25</ele></trkpt>
   <trkpt lon="3.121415" lat="39.848500"><ele>10.5</ele></trkpt>
   <trkpt lon="3.121031" lat="39.849150"><ele>10.25</ele><sym>pass_place</sym><type>Shaping</type></trkpt>
   <trkpt lon="3.121029" lat="39.849154"><ele>10.25</ele></trkpt>
   <trkpt lon="3.120888" lat="39.849355"><ele>9.75</ele></trkpt>
   <trkpt lon="3.120481" lat="39.849842"><ele>9.25</ele></trkpt>
   <trkpt lon="3.120071" lat="39.850325"><ele>9.5</ele></trkpt>
   <trkpt lon="3.119649" lat="39.850801"><ele>10.75</ele></trkpt>
   <trkpt lon="3.119558" lat="39.850918"><ele>11.0</ele></trkpt>
   <trkpt lon="3.119483" lat="39.851000"><ele>11.0</ele><sym>left</sym></trkpt>
   <trkpt lon="3.118844" lat="39.850850"><ele>9.75</ele></trkpt>
   <trkpt lon="3.118564" lat="39.850822"><ele>9.75</ele></trkpt>
   <trkpt lon="3.118202" lat="39.850665"><ele>9.5</ele></trkpt>
   <trkpt lon="3.118038" lat="39.850604"><ele>9.5</ele></trkpt>
   <trkpt lon="3.117793" lat="39.850491"><ele>9.0</ele></trkpt>
   <trkpt lon="3.117450" lat="39.850293"><ele>8.75</ele></trkpt>
   <trkpt lon="3.117322" lat="39.850175"><ele>8.0</ele></trkpt>
   <trkpt lon="3.117234" lat="39.850073"><ele>8.0</ele><sym>right</sym></trkpt>
   <trkpt lon="3.117073" lat="39.850124"><ele>8.0</ele></trkpt>
   <trkpt lon="3.116224" lat="39.850609"><ele>7.5</ele></trkpt>
   <trkpt lon="3.115807" lat="39.851038"><ele>7.25</ele></trkpt>
   <trkpt lon="3.115381" lat="39.851468"><ele>6.0</ele></trkpt>
   <trkpt lon="3.115330" lat="39.851527"><ele>6.0</ele></trkpt>
   <trkpt lon="3.115307" lat="39.851563"><ele>6.0</ele><sym>roundabout_e1</sym></trkpt>
   <trkpt lon="3.115362" lat="39.851597"><ele>6.0</ele></trkpt>
   <trkpt lon="3.115393" lat="39.851634"><ele>6.0</ele></trkpt>
   <trkpt lon="3.115408" lat="39.851676"><ele>6.0</ele></trkpt>
   <trkpt lon="3.115401" lat="39.851736"><ele>6.0</ele></trkpt>
   <trkpt lon="3.115377" lat="39.851775"><ele>6.0</ele></trkpt>
   <trkpt lon="3.115342" lat="39.851806"><ele>6.0</ele></trkpt>
   <trkpt lon="3.115297" lat="39.851829"><ele>6.0</ele></trkpt>
   <trkpt lon="3.115211" lat="39.851906"><ele>5.75</ele></trkpt>
   <trkpt lon="3.115010" lat="39.852041"><ele>5.0</ele></trkpt>
   <trkpt lon="3.114853" lat="39.852130"><ele>5.0</ele></trkpt>
   <trkpt lon="3.114767" lat="39.852178"><ele>5.0</ele></trkpt>
   <trkpt lon="3.114455" lat="39.852401"><ele>5.0</ele></trkpt>
   <trkpt lon="3.114271" lat="39.852522"><ele>5.0</ele></trkpt>
   <trkpt lon="3.113979" lat="39.852727"><ele>5.0</ele></trkpt>
   <trkpt lon="3.113265" lat="39.853196"><ele>4.0</ele></trkpt>
   <trkpt lon="3.113116" lat="39.853297"><ele>4.0</ele></trkpt>
   <trkpt lon="3.112338" lat="39.853819"><ele>4.0</ele></trkpt>
   <trkpt lon="3.112291" lat="39.853851"><ele>4.0</ele></trkpt>
   <trkpt lon="3.112045" lat="39.854011"><ele>3.0</ele></trkpt>
   <trkpt lon="3.111793" lat="39.854159"><ele>3.0</ele></trkpt>
   <trkpt lon="3.110965" lat="39.854591"><ele>2.0</ele></trkpt>
   <trkpt lon="3.110917" lat="39.854615"><ele>2.0</ele></trkpt>
   <trkpt lon="3.109071" lat="39.855408"><ele>1.0</ele></trkpt>
   <trkpt lon="3.108089" lat="39.855843"><ele>1.0</ele></trkpt>
   <trkpt lon="3.107430" lat="39.856128"><ele>1.5</ele></trkpt>
   <trkpt lon="3.106590" lat="39.856494"><ele>1.0</ele></trkpt>
   <trkpt lon="3.106186" lat="39.856670"><ele>1.75</ele></trkpt>
   <trkpt lon="3.106043" lat="39.856732"><ele>1.75</ele></trkpt>
   <trkpt lon="3.105958" lat="39.856767"><ele>1.5</ele></trkpt>
   <trkpt lon="3.105737" lat="39.856860"><ele>1.5</ele></trkpt>
   <trkpt lon="3.105491" lat="39.856963"><ele>1.75</ele></trkpt>
   <trkpt lon="3.105064" lat="39.857154"><ele>1.75</ele><sym>right</sym></trkpt>
   <trkpt lon="3.105065" lat="39.857180"><ele>1.75</ele></trkpt>
   <trkpt lon="3.105076" lat="39.857206"><ele>1.5</ele><sym>u-turn_right</sym></trkpt>
   <trkpt lon="3.105079" lat="39.857209"><ele>1.5</ele><sym>pass_place</sym><type>Shaping</type></trkpt>
   <trkpt lon="3.105076" lat="39.857206"><ele>1.5</ele></trkpt>
   <trkpt lon="3.103882" lat="39.857709"><ele>1.5</ele></trkpt>
   <trkpt lon="3.103512" lat="39.857852"><ele>1.5</ele></trkpt>
   <trkpt lon="3.102842" lat="39.858051"><ele>1.5</ele></trkpt>
   <trkpt lon="3.101743" lat="39.858371"><ele>1.5</ele></trkpt>
   <trkpt lon="3.101253" lat="39.858499"><ele>1.5</ele></trkpt>
   <trkpt lon="3.101164" lat="39.858513"><ele>1.75</ele></trkpt>
   <trkpt lon="3.099967" lat="39.858703"><ele>1.5</ele></trkpt>
   <trkpt lon="3.099885" lat="39.858728"><ele>1.5</ele></trkpt>
   <trkpt lon="3.099561" lat="39.858827"><ele>1.5</ele></trkpt>
   <trkpt lon="3.099253" lat="39.858961"><ele>1.5</ele></trkpt>
   <trkpt lon="3.099037" lat="39.859101"><ele>1.5</ele></trkpt>
   <trkpt lon="3.098856" lat="39.859241"><ele>1.5</ele></trkpt>
   <trkpt lon="3.098710" lat="39.859388"><ele>1.5</ele></trkpt>
   <trkpt lon="3.098609" lat="39.859521"><ele>1.5</ele></trkpt>
   <trkpt lon="3.098057" lat="39.860263"><ele>1.25</ele></trkpt>
   <trkpt lon="3.097514" lat="39.860939"><ele>1.25</ele></trkpt>
   <trkpt lon="3.097319" lat="39.861162"><ele>1.25</ele></trkpt>
   <trkpt lon="3.097092" lat="39.861370"><ele>1.25</ele></trkpt>
   <trkpt lon="3.095467" lat="39.862581"><ele>1.25</ele></trkpt>
   <trkpt lon="3.093906" lat="39.863688"><ele>1.25</ele></trkpt>
   <trkpt lon="3.092792" lat="39.864321"><ele>1.25</ele></trkpt>
   <trkpt lon="3.092320" lat="39.864612"><ele>1.0</ele></trkpt>
   <trkpt lon="3.091566" lat="39.865009"><ele>1.0</ele></trkpt>
   <trkpt lon="3.090858" lat="39.865469"><ele>1.0</ele></trkpt>
   <trkpt lon="3.090445" lat="39.865857"><ele>1.0</ele></trkpt>
   <trkpt lon="3.089740" lat="39.866519"><ele>1.0</ele></trkpt>
   <trkpt lon="3.086892" lat="39.869998"><ele>0.75</ele><sym>pass_place</sym><type>Shaping</type></trkpt>
   <trkpt lon="3.086536" lat="39.870491"><ele>1.0</ele><sym>left_slight</sym></trkpt>
   <trkpt lon="3.086467" lat="39.870476"><ele>1.0</ele><sym>right_slight</sym></trkpt>
   <trkpt lon="3.086440" lat="39.870520"><ele>1.0</ele></trkpt>
   <trkpt lon="3.086395" lat="39.870593"><ele>1.0</ele></trkpt>
   <trkpt lon="3.086140" lat="39.871016"><ele>1.5</ele></trkpt>
   <trkpt lon="3.085257" lat="39.872481"><ele>1.0</ele></trkpt>
   <trkpt lon="3.084979" lat="39.872909"><ele>1.0</ele></trkpt>
   <trkpt lon="3.084209" lat="39.874205"><ele>1.5</ele></trkpt>
   <trkpt lon="3.083794" lat="39.874916"><ele>1.75</ele></trkpt>
   <trkpt lon="3.083289" lat="39.875814"><ele>1.75</ele></trkpt>
   <trkpt lon="3.082771" lat="39.876784"><ele>1.5</ele></trkpt>
   <trkpt lon="3.082230" lat="39.877825"><ele>1.25</ele></trkpt>
   <trkpt lon="3.082054" lat="39.878169"><ele>1.25</ele></trkpt>
   <trkpt lon="3.081814" lat="39.878644"><ele>1.25</ele></trkpt>
   <trkpt lon="3.081626" lat="39.879052"><ele>1.25</ele></trkpt>
   <trkpt lon="3.081469" lat="39.879441"><ele>1.5</ele></trkpt>
   <trkpt lon="3.081238" lat="39.880062"><ele>1.75</ele></trkpt>
   <trkpt lon="3.081185" lat="39.880202"><ele>1.75</ele></trkpt>
   <trkpt lon="3.080957" lat="39.880818"><ele>1.5</ele></trkpt>
   <trkpt lon="3.080899" lat="39.880978"><ele>1.5</ele></trkpt>
   <trkpt lon="3.080656" lat="39.881630"><ele>1.5</ele></trkpt>
   <trkpt lon="3.080357" lat="39.882434"><ele>1.5</ele></trkpt>
   <trkpt lon="3.080336" lat="39.882494"><ele>1.75</ele></trkpt>
   <trkpt lon="3.080225" lat="39.882815"><ele>2.5</ele></trkpt>
   <trkpt lon="3.080165" lat="39.882939"><ele>2.25</ele></trkpt>
   <trkpt lon="3.080080" lat="39.883073"><ele>2.5</ele></trkpt>
   <trkpt lon="3.079937" lat="39.883233"><ele>2.75</ele></trkpt>
   <trkpt lon="3.079882" lat="39.883282"><ele>2.5</ele></trkpt>
   <trkpt lon="3.079791" lat="39.883336"><ele>2.0</ele></trkpt>
   <trkpt lon="3.079688" lat="39.883449"><ele>2.0</ele></trkpt>
   <trkpt lon="3.079641" lat="39.883512"><ele>2.0</ele></trkpt>
   <trkpt lon="3.079600" lat="39.883567"><ele>2.25</ele><sym>roundabout_e1</sym></trkpt>
   <trkpt lon="3.079592" lat="39.883614"><ele>2.25</ele></trkpt>
   <trkpt lon="3.079568" lat="39.883658"><ele>2.25</ele></trkpt>
   <trkpt lon="3.079570" lat="39.883791"><ele>2.0</ele></trkpt>
   <trkpt lon="3.079576" lat="39.883902"><ele>1.75</ele></trkpt>
   <trkpt lon="3.079628" lat="39.884091"><ele>2.0</ele></trkpt>
   <trkpt lon="3.079636" lat="39.884222"><ele>2.0</ele></trkpt>
   <trkpt lon="3.079624" lat="39.884374"><ele>1.75</ele></trkpt>
   <trkpt lon="3.079596" lat="39.884496"><ele>1.75</ele></trkpt>
   <trkpt lon="3.079105" lat="39.885821"><ele>0.75</ele><sym>pass_place</sym><type>Shaping</type></trkpt>
   <trkpt lon="3.079104" lat="39.885824"><ele>0.75</ele></trkpt>
   <trkpt lon="3.078937" lat="39.886301"><ele>0.75</ele></trkpt>
   <trkpt lon="3.078702" lat="39.886931"><ele>1.0</ele></trkpt>
   <trkpt lon="3.078504" lat="39.887480"><ele>1.0</ele></trkpt>
   <trkpt lon="3.078461" lat="39.887598"><ele>1.25</ele></trkpt>
   <trkpt lon="3.078294" lat="39.888236"><ele>1.5</ele></trkpt>
   <trkpt lon="3.078193" lat="39.888674"><ele>1.5</ele></trkpt>
   <trkpt lon="3.078188" lat="39.889135"><ele>1.5</ele></trkpt>
   <trkpt lon="3.078198" lat="39.889675"><ele>1.25</ele></trkpt>
   <trkpt lon="3.078194" lat="39.889825"><ele>1.5</ele></trkpt>
   <trkpt lon="3.078195" lat="39.889930"><ele>1.25</ele></trkpt>
   <trkpt lon="3.078196" lat="39.890059"><ele>1.25</ele></trkpt>
   <trkpt lon="3.078199" lat="39.890839"><ele>1.25</ele></trkpt>
   <trkpt lon="3.078199" lat="39.891978"><ele>1.5</ele></trkpt>
   <trkpt lon="3.078199" lat="39.892119"><ele>1.75</ele></trkpt>
   <trkpt lon="3.078200" lat="39.892420"><ele>2.0</ele></trkpt>
   <trkpt lon="3.078204" lat="39.892744"><ele>1.75</ele></trkpt>
   <trkpt lon="3.078205" lat="39.892924"><ele>1.25</ele></trkpt>
   <trkpt lon="3.078209" lat="39.893559"><ele>1.0</ele></trkpt>
   <trkpt lon="3.078215" lat="39.893958"><ele>1.0</ele></trkpt>
   <trkpt lon="3.078228" lat="39.895006"><ele>1.0</ele></trkpt>
   <trkpt lon="3.078232" lat="39.895033"><ele>1.0</ele></trkpt>
   <trkpt lon="3.078294" lat="39.895434"><ele>1.0</ele></trkpt>
   <trkpt lon="3.078355" lat="39.895670"><ele>1.0</ele></trkpt>
   <trkpt lon="3.078697" lat="39.896986"><ele>1.0</ele></trkpt>
   <trkpt lon="3.078820" lat="39.897466"><ele>1.0</ele></trkpt>
   <trkpt lon="3.078845" lat="39.897558"><ele>1.0</ele></trkpt>
   <trkpt lon="3.078954" lat="39.897970"><ele>1.0</ele></trkpt>
   <trkpt lon="3.079102" lat="39.898537"><ele>1.0</ele></trkpt>
   <trkpt lon="3.079121" lat="39.898628"><ele>1.0</ele></trkpt>
   <trkpt lon="3.079226" lat="39.899051"><ele>1.25</ele></trkpt>
   <trkpt lon="3.079297" lat="39.899471"><ele>1.0</ele></trkpt>
   <trkpt lon="3.079324" lat="39.899600"><ele>1.0</ele></trkpt>
   <trkpt lon="3.079395" lat="39.900152"><ele>1.0</ele></trkpt>
   <trkpt lon="3.079410" lat="39.900251"><ele>1.0</ele></trkpt>
   <trkpt lon="3.079495" lat="39.900798"><ele>1.0</ele></trkpt>
   <trkpt lon="3.079536" lat="39.901037"><ele>1.0</ele></trkpt>
   <trkpt lon="3.079566" lat="39.901206"><ele>1.0</ele></trkpt>
   <trkpt lon="3.079589" lat="39.901280"><ele>1.0</ele></trkpt>
   <trkpt lon="3.079705" lat="39.901642"><ele>1.0</ele></trkpt>
   <trkpt lon="3.079915" lat="39.902249"><ele>1.0</ele></trkpt>
   <trkpt lon="3.079915" lat="39.902250"><ele>1.5</ele><sym>pass_place</sym><type>Shaping</type></trkpt>
   <trkpt lon="3.079988" lat="39.902417"><ele>1.5</ele></trkpt>
   <trkpt lon="3.080102" lat="39.902625"><ele>1.25</ele></trkpt>
   <trkpt lon="3.080183" lat="39.902747"><ele>1.0</ele></trkpt>
   <trkpt lon="3.080214" lat="39.902794"><ele>1.0</ele></trkpt>
   <trkpt lon="3.080237" lat="39.902829"><ele>1.0</ele></trkpt>
   <trkpt lon="3.080494" lat="39.903182"><ele>1.0</ele></trkpt>
   <trkpt lon="3.080778" lat="39.903550"><ele>1.0</ele></trkpt>
   <trkpt lon="3.080832" lat="39.903624"><ele>1.0</ele></trkpt>
   <trkpt lon="3.081491" lat="39.904496"><ele>0.75</ele></trkpt>
   <trkpt lon="3.081537" lat="39.904587"><ele>1.0</ele></trkpt>
   <trkpt lon="3.081587" lat="39.904680"><ele>1.0</ele></trkpt>
   <trkpt lon="3.081855" lat="39.905080"><ele>1.0</ele></trkpt>
   <trkpt lon="3.081870" lat="39.905103"><ele>1.0</ele></trkpt>
   <trkpt lon="3.082148" lat="39.905515"><ele>1.0</ele></trkpt>
   <trkpt lon="3.082365" lat="39.905836"><ele>1.0</ele></trkpt>
   <trkpt lon="3.082404" lat="39.905891"><ele>1.0</ele></trkpt>
   <trkpt lon="3.082485" lat="39.905969"><ele>1.0</ele></trkpt>
   <trkpt lon="3.082544" lat="39.906019"><ele>1.0</ele></trkpt>
   <trkpt lon="3.082776" lat="39.906217"><ele>1.0</ele></trkpt>
   <trkpt lon="3.082802" lat="39.906241"><ele>1.0</ele><sym>roundabout_e2</sym></trkpt>
   <trkpt lon="3.082834" lat="39.906245"><ele>1.0</ele></trkpt>
   <trkpt lon="3.082863" lat="39.906255"><ele>1.0</ele></trkpt>
   <trkpt lon="3.082890" lat="39.906273"><ele>1.0</ele></trkpt>
   <trkpt lon="3.082908" lat="39.906297"><ele>1.0</ele></trkpt>
   <trkpt lon="3.082916" lat="39.906324"><ele>1.0</ele></trkpt>
   <trkpt lon="3.082913" lat="39.906351"><ele>1.0</ele></trkpt>
   <trkpt lon="3.082897" lat="39.906379"><ele>1.0</ele></trkpt>
   <trkpt lon="3.082870" lat="39.906401"><ele>1.0</ele></trkpt>
   <trkpt lon="3.082835" lat="39.906414"><ele>1.0</ele></trkpt>
   <trkpt lon="3.082796" lat="39.906418"><ele>1.0</ele></trkpt>
   <trkpt lon="3.082757" lat="39.906411"><ele>1.0</ele></trkpt>
   <trkpt lon="3.082709" lat="39.906382"><ele>1.0</ele></trkpt>
   <trkpt lon="3.082682" lat="39.906436"><ele>1.0</ele></trkpt>
   <trkpt lon="3.082618" lat="39.906533"><ele>1.0</ele></trkpt>
   <trkpt lon="3.082329" lat="39.906903"><ele>1.5</ele><sym>right</sym></trkpt>
   <trkpt lon="3.082729" lat="39.907307"><ele>1.25</ele></trkpt>
   <trkpt lon="3.083480" lat="39.908057"><ele>2.0</ele><sym>left</sym></trkpt>
   <trkpt lon="3.083068" lat="39.908298"><ele>2.0</ele><sym>pass_place</sym><type>Via</type></trkpt>
  </trkseg>
 </trk>
</gpx>
