<?xml version="1.0" encoding="UTF-8"?>
<!-- track-length = 93323 filtered ascend = 545 plain-ascend = 0 cost=129080 energy=.5kwh time=4h 59m 6s -->
<gpx 
 xmlns="http://www.topografix.com/GPX/1/1" 
 xmlns:xsi="http://www.w3.org/2001/XMLSchema-instance" 
 xsi:schemaLocation="http://www.topografix.com/GPX/1/1 http://www.topografix.com/GPX/1/1/gpx.xsd" 
 creator="BRouter-1.7.9" version="1.1"><wpt lat="39.76554" lon="3.148"><name>Huerzeler Cycling Station</name><sym>Bike Trail</sym></wpt><wpt lat="39.8404" lon="3.12191"><name>Bequi - Shop &amp; Service</name><sym>Bike Trail</sym></wpt><wpt lat="39.84228" lon="3.12938"><name>Yute</name><sym>Restaurant</sym></wpt><wpt lat="39.83743" lon="3.1192"><name>Epcot</name><sym>Restaurant</sym></wpt><wpt lat="39.76738" lon="3.1463"><name>Wheelsport</name><sym>Bike Trail</sym></wpt><wpt lat="39.90662" lon="3.08272"><name>Gran Café 1919</name><sym>Restaurant</sym></wpt><wpt lat="39.77058" lon="3.14863"><name>Café</name><sym>Restaurant</sym></wpt><wpt lat="39.7626" lon="3.16281"><name>Sa Plaça</name><sym>Restaurant</sym></wpt><wpt lat="39.90887" lon="3.08132"><name>Cultural</name><sym>Restaurant</sym></wpt><wpt lat="39.77198" lon="3.14453"><name>Easy Tours</name><sym>Bike Trail</sym></wpt><wpt lat="39.84084" lon="3.12487"><name>bimont</name><sym>Bike Trail</sym></wpt><wpt lat="39.80345" lon="3.11867"><name>Philipps bicycle rental</name><sym>Bike Trail</sym></wpt><wpt lat="39.85225" lon="3.11836"><name>Café</name><sym>Restaurant</sym></wpt><wpt lat="39.86428" lon="3.09096"><name>Hürzeler</name><sym>Bike Trail</sym></wpt><wpt lat="39.82172" lon="3.11433"><name>Café</name><sym>Restaurant</sym></wpt><wpt lat="39.85208" lon="3.11524"><name>niu wave</name><sym>Bike Trail</sym></wpt><wpt lat="39.83754" lon="3.1242"><name>Kiosk 4</name><sym>Restaurant</sym></wpt><wpt lat="39.76815" lon="3.15006"><name>Cent Deu</name><sym>Restaurant</sym></wpt><wpt lat="39.90813" lon="3.08053"><name>Dolç Sa Pobla</name><sym>Restaurant</sym></wpt><wpt lat="39.76685" lon="3.15333"><name>Gran Bahía</name><sym>Restaurant</sym></wpt><wpt lat="39.76727" lon="3.14683"><name>Velo-plus</name><sym>Bike Trail</sym></wpt><wpt lat="39.76644" lon="3.15452"><name>Lunita</name><sym>Restaurant</sym></wpt><wpt lat="39.76546" lon="3.14887"><name>Europa</name><sym>Restaurant</sym></wpt><wpt lat="39.8084" lon="3.11597"><name>Bike Point</name><sym>Restaurant</sym></wpt><wpt lat="39.80617" lon="3.11676"><name>rad-salon</name><sym>Bike Trail</sym></wpt><wpt lat="39.69207" lon="3.34476"><name>Chapeau</name><sym>Restaurant</sym></wpt><wpt lat="39.90484" lon="3.0779"><name>Café</name><sym>Restaurant</sym></wpt><wpt lat="39.8409" lon="3.12509"><name>sa Teulada</name><sym>Restaurant</sym></wpt><wpt lat="39.84439" lon="3.127"><name>la Caña</name><sym>Restaurant</sym></wpt><wpt lat="39.69267" lon="3.34584"><name>es Cantó</name><sym>Restaurant</sym></wpt><wpt lat="39.82205" lon="3.11452"><name>es Cantó</name><sym>Restaurant</sym></wpt><wpt lat="39.80706" lon="3.11645"><name>Assos Outlet</name><sym>Bike Trail</sym></wpt><wpt lat="39.8153" lon="3.11531"><name>Güep&#x27; Cafe</name><sym>Restaurant</sym></wpt><wpt lat="39.85192" lon="3.11545"><name>Bon Apetit</name><sym>Restaurant</sym></wpt><wpt lat="39.83378" lon="3.11827"><name>Danny&#x27;s</name><sym>Restaurant</sym></wpt><wpt lat="39.84033" lon="3.12264"><name>Bimont</name><sym>Bike Trail</sym></wpt><wpt lat="39.84055" lon="3.12167"><name>Patagonia</name><sym>Restaurant</sym></wpt><wpt lat="39.90509" lon="3.08175"><name>Ca les Monges</name><sym>Restaurant</sym></wpt><wpt lat="39.76129" lon="3.1532"><name>Aroma</name><sym>Restaurant</sym></wpt><wpt lat="39.85245" lon="3.11569"><name>Ses Forques</name><sym>Restaurant</sym></wpt>
 <trk>
  <src>brouter_fastbike-lowtraffic_0</src>
  <type>bike</type>
  <trkseg>
   <trkpt lon="3.083068" lat="39.908298"><ele>2.0</ele><sym>pass_place</sym><type>Via</type></trkpt>
   <trkpt lon="3.083480" lat="39.908057"><ele>2.0</ele><sym>left</sym></trkpt>
   <trkpt lon="3.083892" lat="39.908468"><ele>1.75</ele><sym>left</sym></trkpt>
   <trkpt lon="3.082953" lat="39.909036"><ele>2.25</ele></trkpt>
   <trkpt lon="3.082124" lat="39.909551"><ele>4.0</ele></trkpt>
   <trkpt lon="3.082040" lat="39.909600"><ele>4.25</ele></trkpt>
   <trkpt lon="3.081347" lat="39.910011"><ele>6.0</ele><sym>left</sym></trkpt>
   <trkpt lon="3.081129" lat="39.909799"><ele>5.75</ele></trkpt>
   <trkpt lon="3.080902" lat="39.909580"><ele>5.75</ele></trkpt>
   <trkpt lon="3.080155" lat="39.908875"><ele>4.75</ele></trkpt>
   <trkpt lon="3.079789" lat="39.908529"><ele>4.0</ele></trkpt>
   <trkpt lon="3.079738" lat="39.908481"><ele>4.0</ele></trkpt>
   <trkpt lon="3.079491" lat="39.908229"><ele>4.0</ele></trkpt>
   <trkpt lon="3.079393" lat="39.908108"><ele>4.0</ele></trkpt>
   <trkpt lon="3.079306" lat="39.907983"><ele>4.0</ele></trkpt>
   <trkpt lon="3.079201" lat="39.907801"><ele>4.0</ele></trkpt>
   <trkpt lon="3.079120" lat="39.907631"><ele>4.0</ele></trkpt>
   <trkpt lon="3.079063" lat="39.907487"><ele>3.75</ele></trkpt>
   <trkpt lon="3.079019" lat="39.907352"><ele>3.25</ele></trkpt>
   <trkpt lon="3.078977" lat="39.907167"><ele>3.0</ele></trkpt>
   <trkpt lon="3.078963" lat="39.907037"><ele>3.0</ele></trkpt>
   <trkpt lon="3.078947" lat="39.906744"><ele>3.0</ele></trkpt>
   <trkpt lon="3.078962" lat="39.906457"><ele>3.0</ele></trkpt>
   <trkpt lon="3.078984" lat="39.906294"><ele>2.5</ele></trkpt>
   <trkpt lon="3.079022" lat="39.906141"><ele>2.0</ele></trkpt>
   <trkpt lon="3.079086" lat="39.905985"><ele>2.0</ele></trkpt>
   <trkpt lon="3.079248" lat="39.905663"><ele>2.0</ele><sym>left</sym></trkpt>
   <trkpt lon="3.079872" lat="39.905851"><ele>2.0</ele><sym>right</sym></trkpt>
   <trkpt lon="3.079994" lat="39.905754"><ele>2.0</ele></trkpt>
   <trkpt lon="3.080305" lat="39.905507"><ele>1.75</ele></trkpt>
   <trkpt lon="3.080621" lat="39.905259"><ele>1.0</ele></trkpt>
   <trkpt lon="3.080982" lat="39.904978"><ele>1.0</ele></trkpt>
   <trkpt lon="3.081028" lat="39.904943"><ele>1.0</ele></trkpt>
   <trkpt lon="3.081096" lat="39.904889"><ele>1.0</ele></trkpt>
   <trkpt lon="3.081436" lat="39.904619"><ele>1.0</ele></trkpt>
   <trkpt lon="3.081476" lat="39.904600"><ele>1.0</ele></trkpt>
   <trkpt lon="3.081537" lat="39.904587"><ele>1.0</ele></trkpt>
   <trkpt lon="3.081567" lat="39.904577"><ele>1.0</ele><sym>right</sym></trkpt>
   <trkpt lon="3.081521" lat="39.904482"><ele>1.0</ele></trkpt>
   <trkpt lon="3.081005" lat="39.903769"><ele>1.0</ele></trkpt>
   <trkpt lon="3.080877" lat="39.903602"><ele>1.0</ele></trkpt>
   <trkpt lon="3.080592" lat="39.903240"><ele>1.0</ele></trkpt>
   <trkpt lon="3.080531" lat="39.903169"><ele>1.0</ele></trkpt>
   <trkpt lon="3.080269" lat="39.902799"><ele>1.0</ele></trkpt>
   <trkpt lon="3.080256" lat="39.902778"><ele>1.0</ele></trkpt>
   <trkpt lon="3.080143" lat="39.902600"><ele>1.0</ele></trkpt>
   <trkpt lon="3.080041" lat="39.902407"><ele>1.0</ele></trkpt>
   <trkpt lon="3.079970" lat="39.902241"><ele>1.0</ele></trkpt>
   <trkpt lon="3.079848" lat="39.901931"><ele>1.0</ele></trkpt>
   <trkpt lon="3.079731" lat="39.901596"><ele>1.0</ele></trkpt>
   <trkpt lon="3.079637" lat="39.901276"><ele>1.0</ele></trkpt>
   <trkpt lon="3.079616" lat="39.901203"><ele>1.0</ele></trkpt>
   <trkpt lon="3.079556" lat="39.900793"><ele>1.0</ele></trkpt>
   <trkpt lon="3.079487" lat="39.900245"><ele>1.0</ele></trkpt>
   <trkpt lon="3.079478" lat="39.900181"><ele>1.0</ele></trkpt>
   <trkpt lon="3.079400" lat="39.899649"><ele>1.0</ele></trkpt>
   <trkpt lon="3.079365" lat="39.899465"><ele>1.0</ele></trkpt>
   <trkpt lon="3.079281" lat="39.899044"><ele>1.25</ele></trkpt>
   <trkpt lon="3.079279" lat="39.899039"><ele>1.0</ele><sym>pass_place</sym><type>Shaping</type></trkpt>
   <trkpt lon="3.079189" lat="39.898616"><ele>1.0</ele></trkpt>
   <trkpt lon="3.079013" lat="39.897960"><ele>1.0</ele></trkpt>
   <trkpt lon="3.078905" lat="39.897549"><ele>1.0</ele></trkpt>
   <trkpt lon="3.078897" lat="39.897517"><ele>1.0</ele></trkpt>
   <trkpt lon="3.078883" lat="39.897463"><ele>1.0</ele></trkpt>
   <trkpt lon="3.078761" lat="39.896977"><ele>1.0</ele></trkpt>
   <trkpt lon="3.078408" lat="39.895660"><ele>1.0</ele></trkpt>
   <trkpt lon="3.078346" lat="39.895379"><ele>1.0</ele></trkpt>
   <trkpt lon="3.078295" lat="39.895031"><ele>1.0</ele></trkpt>
   <trkpt lon="3.078268" lat="39.893958"><ele>1.0</ele></trkpt>
   <trkpt lon="3.078270" lat="39.893559"><ele>1.0</ele></trkpt>
   <trkpt lon="3.078266" lat="39.892743"><ele>1.5</ele></trkpt>
   <trkpt lon="3.078265" lat="39.892418"><ele>2.0</ele></trkpt>
   <trkpt lon="3.078265" lat="39.892113"><ele>1.5</ele></trkpt>
   <trkpt lon="3.078264" lat="39.891976"><ele>1.25</ele></trkpt>
   <trkpt lon="3.078251" lat="39.890056"><ele>1.25</ele></trkpt>
   <trkpt lon="3.078250" lat="39.889931"><ele>1.25</ele></trkpt>
   <trkpt lon="3.078250" lat="39.889821"><ele>1.25</ele></trkpt>
   <trkpt lon="3.078249" lat="39.889189"><ele>1.25</ele><sym>right_slight</sym></trkpt>
   <trkpt lon="3.078188" lat="39.889135"><ele>1.5</ele><sym>left_slight</sym></trkpt>
   <trkpt lon="3.078193" lat="39.888674"><ele>1.5</ele></trkpt>
   <trkpt lon="3.078294" lat="39.888236"><ele>1.25</ele></trkpt>
   <trkpt lon="3.078461" lat="39.887598"><ele>1.25</ele></trkpt>
   <trkpt lon="3.078504" lat="39.887480"><ele>1.0</ele></trkpt>
   <trkpt lon="3.078702" lat="39.886931"><ele>1.0</ele></trkpt>
   <trkpt lon="3.078937" lat="39.886301"><ele>1.0</ele></trkpt>
   <trkpt lon="3.079104" lat="39.885824"><ele>1.0</ele></trkpt>
   <trkpt lon="3.079596" lat="39.884496"><ele>1.75</ele></trkpt>
   <trkpt lon="3.079624" lat="39.884374"><ele>1.75</ele></trkpt>
   <trkpt lon="3.079636" lat="39.884222"><ele>2.0</ele></trkpt>
   <trkpt lon="3.079628" lat="39.884091"><ele>2.0</ele></trkpt>
   <trkpt lon="3.079576" lat="39.883902"><ele>1.75</ele><sym>right_slight</sym></trkpt>
   <trkpt lon="3.079480" lat="39.883821"><ele>2.0</ele></trkpt>
   <trkpt lon="3.079412" lat="39.883781"><ele>2.25</ele></trkpt>
   <trkpt lon="3.079354" lat="39.883747"><ele>2.5</ele><sym>roundabout_e2</sym></trkpt>
   <trkpt lon="3.079286" lat="39.883737"><ele>2.5</ele></trkpt>
   <trkpt lon="3.079225" lat="39.883712"><ele>2.5</ele></trkpt>
   <trkpt lon="3.079176" lat="39.883675"><ele>2.75</ele></trkpt>
   <trkpt lon="3.079143" lat="39.883628"><ele>2.75</ele></trkpt>
   <trkpt lon="3.079129" lat="39.883577"><ele>2.75</ele></trkpt>
   <trkpt lon="3.079140" lat="39.883513"><ele>2.5</ele></trkpt>
   <trkpt lon="3.079162" lat="39.883473"><ele>2.25</ele></trkpt>
   <trkpt lon="3.079206" lat="39.883431"><ele>2.25</ele></trkpt>
   <trkpt lon="3.079265" lat="39.883402"><ele>2.0</ele></trkpt>
   <trkpt lon="3.079332" lat="39.883387"><ele>2.0</ele></trkpt>
   <trkpt lon="3.079400" lat="39.883387"><ele>2.0</ele><sym>pass_place</sym><type>Shaping</type></trkpt>
   <trkpt lon="3.079402" lat="39.883387"><ele>2.0</ele></trkpt>
   <trkpt lon="3.079468" lat="39.883403"><ele>2.0</ele></trkpt>
   <trkpt lon="3.079614" lat="39.883370"><ele>2.0</ele></trkpt>
   <trkpt lon="3.079791" lat="39.883336"><ele>2.0</ele><sym>right_slight</sym></trkpt>
   <trkpt lon="3.079882" lat="39.883282"><ele>2.5</ele></trkpt>
   <trkpt lon="3.079937" lat="39.883233"><ele>2.75</ele></trkpt>
   <trkpt lon="3.080080" lat="39.883073"><ele>2.5</ele></trkpt>
   <trkpt lon="3.080165" lat="39.882939"><ele>2.25</ele></trkpt>
   <trkpt lon="3.080225" lat="39.882815"><ele>2.5</ele></trkpt>
   <trkpt lon="3.080336" lat="39.882494"><ele>1.75</ele></trkpt>
   <trkpt lon="3.080357" lat="39.882434"><ele>1.5</ele></trkpt>
   <trkpt lon="3.080656" lat="39.881630"><ele>1.5</ele></trkpt>
   <trkpt lon="3.080899" lat="39.880978"><ele>1.5</ele></trkpt>
   <trkpt lon="3.080957" lat="39.880818"><ele>1.75</ele></trkpt>
   <trkpt lon="3.081185" lat="39.880202"><ele>1.75</ele></trkpt>
   <trkpt lon="3.081238" lat="39.880062"><ele>1.5</ele></trkpt>
   <trkpt lon="3.081469" lat="39.879441"><ele>1.25</ele></trkpt>
   <trkpt lon="3.081626" lat="39.879052"><ele>1.25</ele></trkpt>
   <trkpt lon="3.081814" lat="39.878644"><ele>1.25</ele></trkpt>
   <trkpt lon="3.082054" lat="39.878169"><ele>1.25</ele></trkpt>
   <trkpt lon="3.082230" lat="39.877825"><ele>1.5</ele></trkpt>
   <trkpt lon="3.082771" lat="39.876784"><ele>1.5</ele></trkpt>
   <trkpt lon="3.083289" lat="39.875814"><ele>1.75</ele></trkpt>
   <trkpt lon="3.083794" lat="39.874916"><ele>1.5</ele></trkpt>
   <trkpt lon="3.084209" lat="39.874205"><ele>1.25</ele></trkpt>
   <trkpt lon="3.084979" lat="39.872909"><ele>1.0</ele></trkpt>
   <trkpt lon="3.085257" lat="39.872481"><ele>1.0</ele></trkpt>
   <trkpt lon="3.086140" lat="39.871016"><ele>1.5</ele></trkpt>
   <trkpt lon="3.086395" lat="39.870593"><ele>1.0</ele></trkpt>
   <trkpt lon="3.086440" lat="39.870520"><ele>1.0</ele></trkpt>
   <trkpt lon="3.086467" lat="39.870476"><ele>1.0</ele><sym>left</sym></trkpt>
   <trkpt lon="3.086536" lat="39.870491"><ele>1.0</ele><sym>right</sym></trkpt>
   <trkpt lon="3.086892" lat="39.869998"><ele>1.0</ele></trkpt>
   <trkpt lon="3.089739" lat="39.866519"><ele>1.25</ele><sym>pass_place</sym><type>Shaping</type></trkpt>
   <trkpt lon="3.089740" lat="39.866519"><ele>1.25</ele></trkpt>
   <trkpt lon="3.090445" lat="39.865857"><ele>1.25</ele></trkpt>
   <trkpt lon="3.090858" lat="39.865469"><ele>1.25</ele></trkpt>
   <trkpt lon="3.091566" lat="39.865009"><ele>1.25</ele></trkpt>
   <trkpt lon="3.092320" lat="39.864612"><ele>1.25</ele></trkpt>
   <trkpt lon="3.092792" lat="39.864321"><ele>1.25</ele></trkpt>
   <trkpt lon="3.093906" lat="39.863688"><ele>1.25</ele></trkpt>
   <trkpt lon="3.095467" lat="39.862581"><ele>1.5</ele></trkpt>
   <trkpt lon="3.097092" lat="39.861370"><ele>1.5</ele></trkpt>
   <trkpt lon="3.097319" lat="39.861162"><ele>1.5</ele></trkpt>
   <trkpt lon="3.097514" lat="39.860939"><ele>1.5</ele></trkpt>
   <trkpt lon="3.098057" lat="39.860263"><ele>1.5</ele></trkpt>
   <trkpt lon="3.098609" lat="39.859521"><ele>1.5</ele></trkpt>
   <trkpt lon="3.098710" lat="39.859388"><ele>1.5</ele></trkpt>
   <trkpt lon="3.098856" lat="39.859241"><ele>1.5</ele></trkpt>
   <trkpt lon="3.099037" lat="39.859101"><ele>1.5</ele></trkpt>
   <trkpt lon="3.099253" lat="39.858961"><ele>1.5</ele></trkpt>
   <trkpt lon="3.099561" lat="39.858827"><ele>1.5</ele></trkpt>
   <trkpt lon="3.099885" lat="39.858728"><ele>1.5</ele></trkpt>
   <trkpt lon="3.099967" lat="39.858703"><ele>1.5</ele></trkpt>
   <trkpt lon="3.101164" lat="39.858513"><ele>1.75</ele></trkpt>
   <trkpt lon="3.101253" lat="39.858499"><ele>1.75</ele></trkpt>
   <trkpt lon="3.101743" lat="39.858371"><ele>1.75</ele></trkpt>
   <trkpt lon="3.102842" lat="39.858051"><ele>1.5</ele></trkpt>
   <trkpt lon="3.103512" lat="39.857852"><ele>1.5</ele></trkpt>
   <trkpt lon="3.103882" lat="39.857709"><ele>1.5</ele></trkpt>
   <trkpt lon="3.105076" lat="39.857206"><ele>1.5</ele></trkpt>
   <trkpt lon="3.106074" lat="39.856784"><ele>1.5</ele><sym>right</sym></trkpt>
   <trkpt lon="3.106071" lat="39.856778"><ele>1.75</ele><sym>pass_place</sym><type>Shaping</type></trkpt>
   <trkpt lon="3.106043" lat="39.856732"><ele>1.75</ele><sym>left</sym></trkpt>
   <trkpt lon="3.106186" lat="39.856670"><ele>1.75</ele></trkpt>
   <trkpt lon="3.106590" lat="39.856494"><ele>1.0</ele></trkpt>
   <trkpt lon="3.107430" lat="39.856128"><ele>1.5</ele></trkpt>
   <trkpt lon="3.108089" lat="39.855843"><ele>1.0</ele></trkpt>
   <trkpt lon="3.109071" lat="39.855408"><ele>1.0</ele></trkpt>
   <trkpt lon="3.110917" lat="39.854615"><ele>2.0</ele></trkpt>
   <trkpt lon="3.110965" lat="39.854591"><ele>2.0</ele></trkpt>
   <trkpt lon="3.111793" lat="39.854159"><ele>3.0</ele></trkpt>
   <trkpt lon="3.112045" lat="39.854011"><ele>3.0</ele></trkpt>
   <trkpt lon="3.112291" lat="39.853851"><ele>4.0</ele></trkpt>
   <trkpt lon="3.112338" lat="39.853819"><ele>4.0</ele></trkpt>
   <trkpt lon="3.113116" lat="39.853297"><ele>4.0</ele></trkpt>
   <trkpt lon="3.113265" lat="39.853196"><ele>4.0</ele></trkpt>
   <trkpt lon="3.113979" lat="39.852727"><ele>5.0</ele></trkpt>
   <trkpt lon="3.114271" lat="39.852522"><ele>5.0</ele></trkpt>
   <trkpt lon="3.114455" lat="39.852401"><ele>5.0</ele></trkpt>
   <trkpt lon="3.114767" lat="39.852178"><ele>5.0</ele></trkpt>
   <trkpt lon="3.114898" lat="39.852032"><ele>5.0</ele></trkpt>
   <trkpt lon="3.114944" lat="39.851982"><ele>5.0</ele></trkpt>
   <trkpt lon="3.114994" lat="39.851897"><ele>4.75</ele></trkpt>
   <trkpt lon="3.115016" lat="39.851828"><ele>5.0</ele></trkpt>
   <trkpt lon="3.115040" lat="39.851758"><ele>5.0</ele><sym>roundabout_e2</sym></trkpt>
   <trkpt lon="3.115024" lat="39.851719"><ele>5.0</ele></trkpt>
   <trkpt lon="3.115024" lat="39.851671"><ele>5.0</ele></trkpt>
   <trkpt lon="3.115036" lat="39.851638"><ele>5.0</ele></trkpt>
   <trkpt lon="3.115063" lat="39.851602"><ele>5.0</ele></trkpt>
   <trkpt lon="3.115102" lat="39.851574"><ele>5.25</ele></trkpt>
   <trkpt lon="3.115149" lat="39.851554"><ele>5.5</ele></trkpt>
   <trkpt lon="3.115202" lat="39.851546"><ele>5.5</ele></trkpt>
   <trkpt lon="3.115256" lat="39.851549"><ele>5.75</ele></trkpt>
   <trkpt lon="3.115307" lat="39.851563"><ele>6.0</ele></trkpt>
   <trkpt lon="3.115330" lat="39.851527"><ele>6.0</ele></trkpt>
   <trkpt lon="3.115381" lat="39.851468"><ele>6.0</ele></trkpt>
   <trkpt lon="3.115807" lat="39.851038"><ele>7.25</ele></trkpt>
   <trkpt lon="3.116224" lat="39.850609"><ele>7.5</ele></trkpt>
   <trkpt lon="3.117073" lat="39.850124"><ele>8.0</ele></trkpt>
   <trkpt lon="3.117234" lat="39.850073"><ele>8.0</ele><sym>left</sym></trkpt>
   <trkpt lon="3.117322" lat="39.850175"><ele>8.0</ele></trkpt>
   <trkpt lon="3.117450" lat="39.850293"><ele>8.75</ele></trkpt>
   <trkpt lon="3.117793" lat="39.850491"><ele>9.0</ele></trkpt>
   <trkpt lon="3.118038" lat="39.850604"><ele>9.5</ele></trkpt>
   <trkpt lon="3.118202" lat="39.850665"><ele>9.5</ele></trkpt>
   <trkpt lon="3.118564" lat="39.850822"><ele>9.75</ele></trkpt>
   <trkpt lon="3.118844" lat="39.850850"><ele>9.75</ele></trkpt>
   <trkpt lon="3.119483" lat="39.851000"><ele>11.0</ele><sym>right</sym></trkpt>
   <trkpt lon="3.119558" lat="39.850918"><ele>11.0</ele></trkpt>
   <trkpt lon="3.119649" lat="39.850801"><ele>10.75</ele></trkpt>
   <trkpt lon="3.120071" lat="39.850325"><ele>9.5</ele></trkpt>
   <trkpt lon="3.120481" lat="39.849842"><ele>9.25</ele></trkpt>
   <trkpt lon="3.120888" lat="39.849355"><ele>9.75</ele></trkpt>
   <trkpt lon="3.121029" lat="39.849154"><ele>10.25</ele></trkpt>
   <trkpt lon="3.121415" lat="39.848500"><ele>10.5</ele></trkpt>
   <trkpt lon="3.121660" lat="39.848140"><ele>11.25</ele><sym>pass_place</sym><type>Shaping</type></trkpt>
   <trkpt lon="3.121940" lat="39.847717"><ele>10.75</ele></trkpt>
   <trkpt lon="3.121988" lat="39.847659"><ele>10.5</ele></trkpt>
   <trkpt lon="3.122070" lat="39.847587"><ele>10.25</ele></trkpt>
   <trkpt lon="3.122213" lat="39.847494"><ele>9.75</ele></trkpt>
   <trkpt lon="3.122528" lat="39.847408"><ele>8.75</ele></trkpt>
   <trkpt lon="3.122628" lat="39.847358"><ele>8.5</ele></trkpt>
   <trkpt lon="3.122760" lat="39.847292"><ele>7.5</ele></trkpt>
   <trkpt lon="3.122871" lat="39.847225"><ele>7.0</ele></trkpt>
   <trkpt lon="3.124341" lat="39.846212"><ele>1.0</ele></trkpt>
   <trkpt lon="3.124441" lat="39.846144"><ele>1.0</ele><sym>roundabout_e3</sym></trkpt>
   <trkpt lon="3.124388" lat="39.846098"><ele>1.0</ele></trkpt>
   <trkpt lon="3.124354" lat="39.846042"><ele>1.0</ele></trkpt>
   <trkpt lon="3.124342" lat="39.845981"><ele>1.0</ele></trkpt>
   <trkpt lon="3.124350" lat="39.845931"><ele>1.0</ele></trkpt>
   <trkpt lon="3.124387" lat="39.845863"><ele>1.0</ele></trkpt>
   <trkpt lon="3.124472" lat="39.845797"><ele>1.0</ele></trkpt>
   <trkpt lon="3.124569" lat="39.845767"><ele>1.0</ele></trkpt>
   <trkpt lon="3.124661" lat="39.845764"><ele>1.0</ele></trkpt>
   <trkpt lon="3.124750" lat="39.845785"><ele>1.0</ele></trkpt>
   <trkpt lon="3.124825" lat="39.845826"><ele>1.0</ele></trkpt>
   <trkpt lon="3.124879" lat="39.845883"><ele>1.0</ele></trkpt>
   <trkpt lon="3.125135" lat="39.845758"><ele>1.25</ele></trkpt>
   <trkpt lon="3.125530" lat="39.845556"><ele>1.0</ele></trkpt>
   <trkpt lon="3.125798" lat="39.845396"><ele>1.25</ele></trkpt>
   <trkpt lon="3.126090" lat="39.845211"><ele>1.0</ele></trkpt>
   <trkpt lon="3.126785" lat="39.844732"><ele>1.0</ele></trkpt>
   <trkpt lon="3.126998" lat="39.844586"><ele>1.0</ele><sym>roundabout_e2</sym></trkpt>
   <trkpt lon="3.126983" lat="39.844574"><ele>1.0</ele></trkpt>
   <trkpt lon="3.126972" lat="39.844545"><ele>1.0</ele></trkpt>
   <trkpt lon="3.126987" lat="39.844516"><ele>1.0</ele></trkpt>
   <trkpt lon="3.127021" lat="39.844500"><ele>1.0</ele></trkpt>
   <trkpt lon="3.127041" lat="39.844499"><ele>1.0</ele></trkpt>
   <trkpt lon="3.127077" lat="39.844511"><ele>1.0</ele></trkpt>
   <trkpt lon="3.127429" lat="39.844150"><ele>1.0</ele></trkpt>
   <trkpt lon="3.127600" lat="39.843953"><ele>1.0</ele></trkpt>
   <trkpt lon="3.127711" lat="39.843826"><ele>1.0</ele></trkpt>
   <trkpt lon="3.127823" lat="39.843690"><ele>1.0</ele></trkpt>
   <trkpt lon="3.128033" lat="39.843403"><ele>1.0</ele></trkpt>
   <trkpt lon="3.128429" lat="39.842782"><ele>1.0</ele></trkpt>
   <trkpt lon="3.128472" lat="39.842695"><ele>1.0</ele><sym>left</sym></trkpt>
   <trkpt lon="3.129262" lat="39.842992"><ele>1.0</ele></trkpt>
   <trkpt lon="3.129802" lat="39.843187"><ele>2.0</ele><sym>u-turn_right</sym></trkpt>
   <trkpt lon="3.129800" lat="39.843190"><ele>2.0</ele><sym>pass_place</sym><type>Shaping</type></trkpt>
   <trkpt lon="3.129802" lat="39.843187"><ele>2.0</ele></trkpt>
   <trkpt lon="3.129262" lat="39.842992"><ele>1.0</ele></trkpt>
   <trkpt lon="3.128472" lat="39.842695"><ele>1.0</ele><sym>stay_left</sym></trkpt>
   <trkpt lon="3.128088" lat="39.842555"><ele>1.0</ele></trkpt>
   <trkpt lon="3.127456" lat="39.842320"><ele>1.0</ele></trkpt>
   <trkpt lon="3.127059" lat="39.842183"><ele>1.0</ele></trkpt>
   <trkpt lon="3.126673" lat="39.842049"><ele>1.0</ele></trkpt>
   <trkpt lon="3.126568" lat="39.842010"><ele>1.0</ele></trkpt>
   <trkpt lon="3.126376" lat="39.841948"><ele>1.0</ele></trkpt>
   <trkpt lon="3.126141" lat="39.841873"><ele>1.0</ele></trkpt>
   <trkpt lon="3.125355" lat="39.841617"><ele>1.0</ele></trkpt>
   <trkpt lon="3.125219" lat="39.841573"><ele>1.0</ele></trkpt>
   <trkpt lon="3.125143" lat="39.841549"><ele>1.0</ele><sym>left</sym></trkpt>
   <trkpt lon="3.125177" lat="39.841454"><ele>0.75</ele></trkpt>
   <trkpt lon="3.125262" lat="39.841210"><ele>1.0</ele></trkpt>
   <trkpt lon="3.125367" lat="39.840910"><ele>1.0</ele></trkpt>
   <trkpt lon="3.125401" lat="39.840813"><ele>1.0</ele></trkpt>
   <trkpt lon="3.125422" lat="39.840760"><ele>1.0</ele></trkpt>
   <trkpt lon="3.125430" lat="39.840741"><ele>1.0</ele><sym>straight</sym></trkpt>
   <trkpt lon="3.125451" lat="39.840690"><ele>1.0</ele></trkpt>
   <trkpt lon="3.125475" lat="39.840616"><ele>1.0</ele><sym>left_slight</sym></trkpt>
   <trkpt lon="3.125871" lat="39.840308"><ele>1.0</ele><sym>right</sym></trkpt>
   <trkpt lon="3.125802" lat="39.840241"><ele>1.0</ele></trkpt>
   <trkpt lon="3.125639" lat="39.840083"><ele>1.0</ele></trkpt>
   <trkpt lon="3.125432" lat="39.839716"><ele>1.0</ele></trkpt>
   <trkpt lon="3.125379" lat="39.839629"><ele>1.0</ele></trkpt>
   <trkpt lon="3.125272" lat="39.839456"><ele>1.0</ele></trkpt>
   <trkpt lon="3.124870" lat="39.839108"><ele>1.0</ele></trkpt>
   <trkpt lon="3.124835" lat="39.839081"><ele>1.0</ele></trkpt>
   <trkpt lon="3.124785" lat="39.839042"><ele>1.0</ele></trkpt>
   <trkpt lon="3.124313" lat="39.838675"><ele>1.0</ele></trkpt>
   <trkpt lon="3.123737" lat="39.838489"><ele>1.0</ele></trkpt>
   <trkpt lon="3.123327" lat="39.838209"><ele>1.0</ele></trkpt>
   <trkpt lon="3.123133" lat="39.838021"><ele>1.0</ele></trkpt>
   <trkpt lon="3.123029" lat="39.837874"><ele>1.0</ele></trkpt>
   <trkpt lon="3.122973" lat="39.837684"><ele>1.0</ele></trkpt>
   <trkpt lon="3.122951" lat="39.837609"><ele>1.0</ele></trkpt>
   <trkpt lon="3.122823" lat="39.837411"><ele>1.0</ele></trkpt>
   <trkpt lon="3.122434" lat="39.837001"><ele>1.0</ele></trkpt>
   <trkpt lon="3.122357" lat="39.836920"><ele>1.0</ele></trkpt>
   <trkpt lon="3.122279" lat="39.836847"><ele>1.0</ele></trkpt>
   <trkpt lon="3.122100" lat="39.836679"><ele>1.0</ele></trkpt>
   <trkpt lon="3.121833" lat="39.836455"><ele>1.0</ele></trkpt>
   <trkpt lon="3.121643" lat="39.836361"><ele>1.0</ele></trkpt>
   <trkpt lon="3.121558" lat="39.836328"><ele>1.0</ele></trkpt>
   <trkpt lon="3.121384" lat="39.836260"><ele>1.0</ele></trkpt>
   <trkpt lon="3.121110" lat="39.836077"><ele>1.0</ele></trkpt>
   <trkpt lon="3.120824" lat="39.835779"><ele>1.0</ele></trkpt>
   <trkpt lon="3.120803" lat="39.835738"><ele>1.0</ele></trkpt>
   <trkpt lon="3.120773" lat="39.835665"><ele>1.0</ele></trkpt>
   <trkpt lon="3.120610" lat="39.835176"><ele>1.0</ele></trkpt>
   <trkpt lon="3.120549" lat="39.834995"><ele>1.0</ele></trkpt>
   <trkpt lon="3.120508" lat="39.834872"><ele>1.0</ele></trkpt>
   <trkpt lon="3.120228" lat="39.834469"><ele>1.0</ele></trkpt>
   <trkpt lon="3.120203" lat="39.834434"><ele>1.0</ele></trkpt>
   <trkpt lon="3.120176" lat="39.834394"><ele>1.0</ele></trkpt>
   <trkpt lon="3.120098" lat="39.834296"><ele>1.0</ele></trkpt>
   <trkpt lon="3.119796" lat="39.833991"><ele>1.0</ele></trkpt>
   <trkpt lon="3.119549" lat="39.833874"><ele>1.0</ele></trkpt>
   <trkpt lon="3.119477" lat="39.833840"><ele>1.0</ele></trkpt>
   <trkpt lon="3.119260" lat="39.833737"><ele>1.0</ele></trkpt>
   <trkpt lon="3.118969" lat="39.833511"><ele>1.0</ele></trkpt>
   <trkpt lon="3.118886" lat="39.833447"><ele>1.0</ele><sym>right</sym></trkpt>
   <trkpt lon="3.118825" lat="39.833474"><ele>1.0</ele></trkpt>
   <trkpt lon="3.118458" lat="39.833638"><ele>1.0</ele><sym>left_slight</sym></trkpt>
   <trkpt lon="3.118322" lat="39.833650"><ele>1.0</ele></trkpt>
   <trkpt lon="3.118184" lat="39.833661"><ele>1.0</ele></trkpt>
   <trkpt lon="3.117909" lat="39.833596"><ele>1.0</ele></trkpt>
   <trkpt lon="3.117773" lat="39.833571"><ele>1.0</ele><sym>right_slight</sym></trkpt>
   <trkpt lon="3.117705" lat="39.833597"><ele>1.0</ele><sym>straight</sym></trkpt>
   <trkpt lon="3.117608" lat="39.833633"><ele>1.0</ele></trkpt>
   <trkpt lon="3.117528" lat="39.833662"><ele>1.0</ele><sym>left</sym></trkpt>
   <trkpt lon="3.117474" lat="39.833505"><ele>1.0</ele></trkpt>
   <trkpt lon="3.116927" lat="39.831874"><ele>1.0</ele></trkpt>
   <trkpt lon="3.116925" lat="39.831869"><ele>1.0</ele><sym>pass_place</sym><type>Shaping</type></trkpt>
   <trkpt lon="3.116918" lat="39.831848"><ele>1.0</ele></trkpt>
   <trkpt lon="3.116889" lat="39.831762"><ele>1.0</ele></trkpt>
   <trkpt lon="3.116930" lat="39.831708"><ele>1.0</ele><sym>roundabout_e3</sym></trkpt>
   <trkpt lon="3.116901" lat="39.831680"><ele>1.0</ele></trkpt>
   <trkpt lon="3.116891" lat="39.831658"><ele>1.0</ele></trkpt>
   <trkpt lon="3.116894" lat="39.831616"><ele>1.0</ele></trkpt>
   <trkpt lon="3.116916" lat="39.831585"><ele>1.0</ele></trkpt>
   <trkpt lon="3.116919" lat="39.831534"><ele>1.0</ele></trkpt>
   <trkpt lon="3.116903" lat="39.831454"><ele>1.0</ele></trkpt>
   <trkpt lon="3.116889" lat="39.831387"><ele>1.0</ele></trkpt>
   <trkpt lon="3.116615" lat="39.830564"><ele>1.0</ele></trkpt>
   <trkpt lon="3.116563" lat="39.830416"><ele>1.0</ele></trkpt>
   <trkpt lon="3.116205" lat="39.829309"><ele>1.0</ele></trkpt>
   <trkpt lon="3.116080" lat="39.828923"><ele>1.0</ele></trkpt>
   <trkpt lon="3.116027" lat="39.828760"><ele>1.0</ele></trkpt>
   <trkpt lon="3.115899" lat="39.828364"><ele>1.0</ele></trkpt>
   <trkpt lon="3.115877" lat="39.828247"><ele>1.0</ele><sym>right</sym></trkpt>
   <trkpt lon="3.115806" lat="39.828255"><ele>1.0</ele><sym>left</sym></trkpt>
   <trkpt lon="3.115778" lat="39.828104"><ele>1.0</ele></trkpt>
   <trkpt lon="3.115752" lat="39.827962"><ele>1.0</ele></trkpt>
   <trkpt lon="3.115560" lat="39.826931"><ele>1.0</ele></trkpt>
   <trkpt lon="3.115325" lat="39.825667"><ele>1.0</ele></trkpt>
   <trkpt lon="3.115184" lat="39.824910"><ele>1.0</ele></trkpt>
   <trkpt lon="3.115153" lat="39.824745"><ele>1.0</ele></trkpt>
   <trkpt lon="3.115124" lat="39.824584"><ele>1.0</ele></trkpt>
   <trkpt lon="3.114753" lat="39.822661"><ele>1.0</ele></trkpt>
   <trkpt lon="3.114751" lat="39.822648"><ele>1.0</ele></trkpt>
   <trkpt lon="3.114730" lat="39.822505"><ele>1.0</ele></trkpt>
   <trkpt lon="3.114705" lat="39.822342"><ele>1.0</ele></trkpt>
   <trkpt lon="3.114702" lat="39.822322"><ele>1.0</ele></trkpt>
   <trkpt lon="3.114570" lat="39.821568"><ele>1.25</ele></trkpt>
   <trkpt lon="3.114462" lat="39.821000"><ele>1.0</ele></trkpt>
   <trkpt lon="3.114344" lat="39.820404"><ele>1.0</ele></trkpt>
   <trkpt lon="3.114322" lat="39.820269"><ele>1.0</ele></trkpt>
   <trkpt lon="3.114300" lat="39.820127"><ele>1.0</ele></trkpt>
   <trkpt lon="3.114139" lat="39.819196"><ele>1.0</ele></trkpt>
   <trkpt lon="3.113970" lat="39.818187"><ele>1.0</ele></trkpt>
   <trkpt lon="3.113939" lat="39.818037"><ele>1.0</ele></trkpt>
   <trkpt lon="3.113907" lat="39.817898"><ele>1.5</ele></trkpt>
   <trkpt lon="3.113786" lat="39.817164"><ele>1.5</ele></trkpt>
   <trkpt lon="3.113763" lat="39.816977"><ele>1.75</ele></trkpt>
   <trkpt lon="3.113750" lat="39.816702"><ele>2.0</ele></trkpt>
   <trkpt lon="3.113756" lat="39.816583"><ele>2.0</ele></trkpt>
   <trkpt lon="3.113778" lat="39.816391"><ele>2.25</ele></trkpt>
   <trkpt lon="3.113836" lat="39.816149"><ele>2.0</ele></trkpt>
   <trkpt lon="3.113852" lat="39.816084"><ele>1.75</ele></trkpt>
   <trkpt lon="3.113908" lat="39.815900"><ele>2.0</ele></trkpt>
   <trkpt lon="3.113908" lat="39.815899"><ele>2.0</ele><sym>pass_place</sym><type>Shaping</type></trkpt>
   <trkpt lon="3.113939" lat="39.815799"><ele>2.0</ele></trkpt>
   <trkpt lon="3.113952" lat="39.815755"><ele>2.0</ele></trkpt>
   <trkpt lon="3.114027" lat="39.815510"><ele>1.75</ele></trkpt>
   <trkpt lon="3.114090" lat="39.815307"><ele>1.75</ele></trkpt>
   <trkpt lon="3.114143" lat="39.815142"><ele>1.75</ele><sym>roundabout_e3</sym></trkpt>
   <trkpt lon="3.114139" lat="39.815128"><ele>1.75</ele></trkpt>
   <trkpt lon="3.114159" lat="39.815069"><ele>1.75</ele></trkpt>
   <trkpt lon="3.114177" lat="39.815049"><ele>2.0</ele></trkpt>
   <trkpt lon="3.114231" lat="39.815025"><ele>2.0</ele></trkpt>
   <trkpt lon="3.114288" lat="39.814955"><ele>2.0</ele></trkpt>
   <trkpt lon="3.114335" lat="39.814840"><ele>2.0</ele></trkpt>
   <trkpt lon="3.114546" lat="39.814182"><ele>2.0</ele></trkpt>
   <trkpt lon="3.114803" lat="39.813397"><ele>2.0</ele></trkpt>
   <trkpt lon="3.114818" lat="39.813318"><ele>2.0</ele><sym>roundabout_e2</sym></trkpt>
   <trkpt lon="3.114799" lat="39.813298"><ele>2.0</ele></trkpt>
   <trkpt lon="3.114781" lat="39.813252"><ele>2.0</ele></trkpt>
   <trkpt lon="3.114784" lat="39.813225"><ele>2.0</ele></trkpt>
   <trkpt lon="3.114796" lat="39.813201"><ele>2.0</ele></trkpt>
   <trkpt lon="3.114842" lat="39.813162"><ele>2.0</ele></trkpt>
   <trkpt lon="3.114892" lat="39.813088"><ele>2.0</ele></trkpt>
   <trkpt lon="3.114910" lat="39.813048"><ele>2.0</ele></trkpt>
   <trkpt lon="3.115090" lat="39.812504"><ele>2.0</ele></trkpt>
   <trkpt lon="3.115194" lat="39.812180"><ele>2.25</ele></trkpt>
   <trkpt lon="3.115540" lat="39.811098"><ele>2.0</ele></trkpt>
   <trkpt lon="3.115779" lat="39.810359"><ele>2.0</ele></trkpt>
   <trkpt lon="3.115834" lat="39.810119"><ele>2.0</ele></trkpt>
   <trkpt lon="3.115863" lat="39.810029"><ele>2.0</ele></trkpt>
   <trkpt lon="3.115920" lat="39.809855"><ele>2.0</ele></trkpt>
   <trkpt lon="3.115941" lat="39.809781"><ele>2.0</ele></trkpt>
   <trkpt lon="3.115979" lat="39.809668"><ele>2.0</ele></trkpt>
   <trkpt lon="3.116020" lat="39.809596"><ele>2.0</ele></trkpt>
   <trkpt lon="3.116085" lat="39.809405"><ele>2.0</ele></trkpt>
   <trkpt lon="3.116294" lat="39.808748"><ele>2.75</ele></trkpt>
   <trkpt lon="3.116308" lat="39.808654"><ele>2.75</ele></trkpt>
   <trkpt lon="3.116333" lat="39.808565"><ele>2.5</ele></trkpt>
   <trkpt lon="3.116377" lat="39.808431"><ele>2.25</ele></trkpt>
   <trkpt lon="3.116423" lat="39.808283"><ele>2.25</ele></trkpt>
   <trkpt lon="3.116450" lat="39.808208"><ele>2.25</ele></trkpt>
   <trkpt lon="3.116489" lat="39.808128"><ele>2.5</ele></trkpt>
   <trkpt lon="3.116560" lat="39.807917"><ele>2.5</ele><sym>right_slight</sym></trkpt>
   <trkpt lon="3.116520" lat="39.807847"><ele>2.75</ele></trkpt>
   <trkpt lon="3.116487" lat="39.807812"><ele>2.75</ele><sym>left_slight</sym></trkpt>
   <trkpt lon="3.116509" lat="39.807740"><ele>3.0</ele></trkpt>
   <trkpt lon="3.116569" lat="39.807551"><ele>3.0</ele></trkpt>
   <trkpt lon="3.116772" lat="39.806921"><ele>3.0</ele></trkpt>
   <trkpt lon="3.117011" lat="39.806102"><ele>3.0</ele></trkpt>
   <trkpt lon="3.117117" lat="39.805808"><ele>2.75</ele></trkpt>
   <trkpt lon="3.117234" lat="39.805434"><ele>2.25</ele></trkpt>
   <trkpt lon="3.117572" lat="39.804401"><ele>3.0</ele></trkpt>
   <trkpt lon="3.117618" lat="39.804262"><ele>3.0</ele><sym>roundabout_e3</sym></trkpt>
   <trkpt lon="3.117583" lat="39.804222"><ele>3.0</ele></trkpt>
   <trkpt lon="3.117564" lat="39.804176"><ele>3.0</ele></trkpt>
   <trkpt lon="3.117563" lat="39.804128"><ele>3.0</ele></trkpt>
   <trkpt lon="3.117579" lat="39.804082"><ele>3.0</ele></trkpt>
   <trkpt lon="3.117620" lat="39.804032"><ele>3.0</ele></trkpt>
   <trkpt lon="3.117681" lat="39.803997"><ele>3.0</ele></trkpt>
   <trkpt lon="3.117769" lat="39.803978"><ele>3.0</ele></trkpt>
   <trkpt lon="3.117845" lat="39.803880"><ele>3.0</ele></trkpt>
   <trkpt lon="3.117980" lat="39.803485"><ele>3.0</ele></trkpt>
   <trkpt lon="3.118305" lat="39.802479"><ele>2.75</ele></trkpt>
   <trkpt lon="3.118342" lat="39.802283"><ele>3.0</ele></trkpt>
   <trkpt lon="3.118390" lat="39.802135"><ele>3.0</ele></trkpt>
   <trkpt lon="3.118445" lat="39.801962"><ele>3.0</ele></trkpt>
   <trkpt lon="3.118489" lat="39.801850"><ele>2.75</ele></trkpt>
   <trkpt lon="3.118645" lat="39.801534"><ele>3.0</ele></trkpt>
   <trkpt lon="3.118731" lat="39.801316"><ele>2.5</ele></trkpt>
   <trkpt lon="3.118790" lat="39.801172"><ele>2.0</ele></trkpt>
   <trkpt lon="3.118874" lat="39.800928"><ele>1.75</ele></trkpt>
   <trkpt lon="3.119048" lat="39.800386"><ele>1.75</ele></trkpt>
   <trkpt lon="3.119300" lat="39.799580"><ele>1.5</ele><sym>pass_place</sym><type>Shaping</type></trkpt>
   <trkpt lon="3.119301" lat="39.799578"><ele>1.5</ele></trkpt>
   <trkpt lon="3.119322" lat="39.799345"><ele>1.5</ele></trkpt>
   <trkpt lon="3.119334" lat="39.799302"><ele>1.5</ele></trkpt>
   <trkpt lon="3.119346" lat="39.799264"><ele>1.5</ele><sym>roundabout_e2</sym></trkpt>
   <trkpt lon="3.119305" lat="39.799241"><ele>1.25</ele></trkpt>
   <trkpt lon="3.119277" lat="39.799210"><ele>1.25</ele></trkpt>
   <trkpt lon="3.119263" lat="39.799173"><ele>1.25</ele></trkpt>
   <trkpt lon="3.119266" lat="39.799134"><ele>1.25</ele></trkpt>
   <trkpt lon="3.119284" lat="39.799102"><ele>1.25</ele></trkpt>
   <trkpt lon="3.119313" lat="39.799074"><ele>1.25</ele></trkpt>
   <trkpt lon="3.119352" lat="39.799056"><ele>1.25</ele></trkpt>
   <trkpt lon="3.119425" lat="39.798977"><ele>1.25</ele></trkpt>
   <trkpt lon="3.119437" lat="39.798962"><ele>1.25</ele></trkpt>
   <trkpt lon="3.119524" lat="39.798848"><ele>1.25</ele></trkpt>
   <trkpt lon="3.119534" lat="39.798818"><ele>1.25</ele></trkpt>
   <trkpt lon="3.119642" lat="39.798485"><ele>1.25</ele></trkpt>
   <trkpt lon="3.120403" lat="39.796090"><ele>1.0</ele></trkpt>
   <trkpt lon="3.120508" lat="39.795762"><ele>1.0</ele></trkpt>
   <trkpt lon="3.120920" lat="39.794557"><ele>1.0</ele></trkpt>
   <trkpt lon="3.121722" lat="39.793253"><ele>2.0</ele></trkpt>
   <trkpt lon="3.122105" lat="39.792629"><ele>1.75</ele></trkpt>
   <trkpt lon="3.122357" lat="39.792219"><ele>1.75</ele></trkpt>
   <trkpt lon="3.122474" lat="39.792033"><ele>1.75</ele></trkpt>
   <trkpt lon="3.122505" lat="39.791978"><ele>2.0</ele></trkpt>
   <trkpt lon="3.122524" lat="39.791910"><ele>1.75</ele><sym>roundabout_e1</sym></trkpt>
   <trkpt lon="3.122517" lat="39.791880"><ele>1.75</ele></trkpt>
   <trkpt lon="3.122525" lat="39.791850"><ele>1.5</ele></trkpt>
   <trkpt lon="3.122545" lat="39.791823"><ele>1.5</ele></trkpt>
   <trkpt lon="3.122671" lat="39.791651"><ele>1.5</ele></trkpt>
   <trkpt lon="3.122741" lat="39.791586"><ele>1.75</ele></trkpt>
   <trkpt lon="3.122907" lat="39.791335"><ele>2.25</ele></trkpt>
   <trkpt lon="3.124451" lat="39.789343"><ele>2.5</ele></trkpt>
   <trkpt lon="3.124816" lat="39.788882"><ele>1.75</ele></trkpt>
   <trkpt lon="3.124878" lat="39.788801"><ele>1.75</ele></trkpt>
   <trkpt lon="3.124989" lat="39.788651"><ele>1.75</ele></trkpt>
   <trkpt lon="3.125154" lat="39.788444"><ele>1.5</ele></trkpt>
   <trkpt lon="3.126528" lat="39.786671"><ele>1.5</ele></trkpt>
   <trkpt lon="3.126746" lat="39.786388"><ele>2.25</ele></trkpt>
   <trkpt lon="3.127147" lat="39.785824"><ele>2.0</ele></trkpt>
   <trkpt lon="3.127685" lat="39.785047"><ele>1.75</ele></trkpt>
   <trkpt lon="3.129511" lat="39.782432"><ele>1.0</ele><sym>pass_place</sym><type>Shaping</type></trkpt>
   <trkpt lon="3.129749" lat="39.782120"><ele>1.0</ele></trkpt>
   <trkpt lon="3.131032" lat="39.780839"><ele>1.5</ele></trkpt>
   <trkpt lon="3.131761" lat="39.780080"><ele>1.5</ele></trkpt>
   <trkpt lon="3.132270" lat="39.779607"><ele>1.5</ele></trkpt>
   <trkpt lon="3.132946" lat="39.778983"><ele>1.5</ele></trkpt>
   <trkpt lon="3.133565" lat="39.778406"><ele>1.75</ele></trkpt>
   <trkpt lon="3.134218" lat="39.777844"><ele>1.25</ele></trkpt>
   <trkpt lon="3.138413" lat="39.774677"><ele>1.0</ele></trkpt>
   <trkpt lon="3.138521" lat="39.774595"><ele>1.0</ele></trkpt>
   <trkpt lon="3.139149" lat="39.774121"><ele>1.75</ele></trkpt>
   <trkpt lon="3.139456" lat="39.773883"><ele>1.0</ele></trkpt>
   <trkpt lon="3.139656" lat="39.773727"><ele>1.75</ele></trkpt>
   <trkpt lon="3.139741" lat="39.773664"><ele>1.75</ele></trkpt>
   <trkpt lon="3.140177" lat="39.773339"><ele>2.0</ele></trkpt>
   <trkpt lon="3.140412" lat="39.773154"><ele>1.5</ele></trkpt>
   <trkpt lon="3.140686" lat="39.772925"><ele>1.75</ele></trkpt>
   <trkpt lon="3.140789" lat="39.772832"><ele>2.0</ele></trkpt>
   <trkpt lon="3.141823" lat="39.771842"><ele>1.75</ele></trkpt>
   <trkpt lon="3.141905" lat="39.771762"><ele>1.75</ele></trkpt>
   <trkpt lon="3.141970" lat="39.771660"><ele>1.75</ele></trkpt>
   <trkpt lon="3.142007" lat="39.771556"><ele>1.5</ele></trkpt>
   <trkpt lon="3.142018" lat="39.771525"><ele>1.5</ele><sym>roundabout_e3</sym></trkpt>
   <trkpt lon="3.142002" lat="39.771478"><ele>1.25</ele></trkpt>
   <trkpt lon="3.142002" lat="39.771430"><ele>1.25</ele></trkpt>
   <trkpt lon="3.142026" lat="39.771374"><ele>1.25</ele></trkpt>
   <trkpt lon="3.142074" lat="39.771327"><ele>1.5</ele></trkpt>
   <trkpt lon="3.142138" lat="39.771296"><ele>1.75</ele></trkpt>
   <trkpt lon="3.142186" lat="39.771285"><ele>1.75</ele></trkpt>
   <trkpt lon="3.142234" lat="39.771282"><ele>2.0</ele></trkpt>
   <trkpt lon="3.142283" lat="39.771288"><ele>2.0</ele></trkpt>
   <trkpt lon="3.142351" lat="39.771312"><ele>2.0</ele></trkpt>
   <trkpt lon="3.142405" lat="39.771352"><ele>2.0</ele></trkpt>
   <trkpt lon="3.142440" lat="39.771403"><ele>1.75</ele></trkpt>
   <trkpt lon="3.142444" lat="39.771420"><ele>1.75</ele></trkpt>
   <trkpt lon="3.142450" lat="39.771445"><ele>1.75</ele></trkpt>
   <trkpt lon="3.142699" lat="39.771568"><ele>1.5</ele></trkpt>
   <trkpt lon="3.143221" lat="39.771733"><ele>1.75</ele></trkpt>
   <trkpt lon="3.143307" lat="39.771760"><ele>2.0</ele></trkpt>
   <trkpt lon="3.143413" lat="39.771791"><ele>2.0</ele><sym>straight</sym></trkpt>
   <trkpt lon="3.143624" lat="39.771815"><ele>2.0</ele></trkpt>
   <trkpt lon="3.143911" lat="39.771848"><ele>2.0</ele><sym>left_slight</sym><type>Via</type></trkpt>
   <trkpt lon="3.143973" lat="39.771919"><ele>2.0</ele></trkpt>
   <trkpt lon="3.144055" lat="39.771984"><ele>2.0</ele></trkpt>
   <trkpt lon="3.144102" lat="39.771992"><ele>2.0</ele></trkpt>
   <trkpt lon="3.144174" lat="39.771979"><ele>2.0</ele></trkpt>
   <trkpt lon="3.144256" lat="39.771923"><ele>2.25</ele></trkpt>
   <trkpt lon="3.144291" lat="39.771872"><ele>2.25</ele></trkpt>
   <trkpt lon="3.144434" lat="39.771860"><ele>2.5</ele></trkpt>
   <trkpt lon="3.144631" lat="39.771821"><ele>2.0</ele></trkpt>
   <trkpt lon="3.144801" lat="39.771777"><ele>2.0</ele></trkpt>
   <trkpt lon="3.145186" lat="39.771633"><ele>2.0</ele></trkpt>
   <trkpt lon="3.145302" lat="39.771583"><ele>2.0</ele></trkpt>
   <trkpt lon="3.145388" lat="39.771544"><ele>2.0</ele></trkpt>
   <trkpt lon="3.146231" lat="39.771138"><ele>2.0</ele></trkpt>
   <trkpt lon="3.146371" lat="39.771073"><ele>2.0</ele></trkpt>
   <trkpt lon="3.146436" lat="39.771044"><ele>2.0</ele></trkpt>
   <trkpt lon="3.147089" lat="39.770727"><ele>2.0</ele></trkpt>
   <trkpt lon="3.147162" lat="39.770693"><ele>2.0</ele></trkpt>
   <trkpt lon="3.147217" lat="39.770666"><ele>2.0</ele></trkpt>
   <trkpt lon="3.147388" lat="39.770537"><ele>1.75</ele></trkpt>
   <trkpt lon="3.147531" lat="39.770372"><ele>2.0</ele></trkpt>
   <trkpt lon="3.147572" lat="39.770324"><ele>2.0</ele></trkpt>
   <trkpt lon="3.147918" lat="39.769970"><ele>2.0</ele></trkpt>
   <trkpt lon="3.147968" lat="39.769919"><ele>2.0</ele></trkpt>
   <trkpt lon="3.148318" lat="39.769572"><ele>2.0</ele></trkpt>
   <trkpt lon="3.148367" lat="39.769523"><ele>2.0</ele><sym>straight</sym></trkpt>
   <trkpt lon="3.148404" lat="39.769483"><ele>2.0</ele></trkpt>
   <trkpt lon="3.148803" lat="39.769049"><ele>2.0</ele></trkpt>
   <trkpt lon="3.148849" lat="39.769000"><ele>2.0</ele></trkpt>
   <trkpt lon="3.149048" lat="39.768779"><ele>2.0</ele></trkpt>
   <trkpt lon="3.149174" lat="39.768643"><ele>2.0</ele></trkpt>
   <trkpt lon="3.149349" lat="39.768454"><ele>2.0</ele></trkpt>
   <trkpt lon="3.149709" lat="39.768246"><ele>2.0</ele></trkpt>
   <trkpt lon="3.149815" lat="39.768185"><ele>2.0</ele></trkpt>
   <trkpt lon="3.149878" lat="39.768151"><ele>2.0</ele></trkpt>
   <trkpt lon="3.150397" lat="39.767870"><ele>1.75</ele></trkpt>
   <trkpt lon="3.150499" lat="39.767814"><ele>2.0</ele></trkpt>
   <trkpt lon="3.150585" lat="39.767768"><ele>2.0</ele><sym>straight</sym></trkpt>
   <trkpt lon="3.150689" lat="39.767712"><ele>2.0</ele></trkpt>
   <trkpt lon="3.151238" lat="39.767419"><ele>2.0</ele></trkpt>
   <trkpt lon="3.151299" lat="39.767388"><ele>2.0</ele></trkpt>
   <trkpt lon="3.151513" lat="39.767280"><ele>2.0</ele></trkpt>
   <trkpt lon="3.151733" lat="39.767169"><ele>2.0</ele></trkpt>
   <trkpt lon="3.151810" lat="39.767130"><ele>2.0</ele></trkpt>
   <trkpt lon="3.151866" lat="39.767101"><ele>2.0</ele></trkpt>
   <trkpt lon="3.151923" lat="39.767073"><ele>2.0</ele></trkpt>
   <trkpt lon="3.152387" lat="39.766964"><ele>2.0</ele></trkpt>
   <trkpt lon="3.152467" lat="39.766945"><ele>2.0</ele></trkpt>
   <trkpt lon="3.152549" lat="39.766925"><ele>2.0</ele></trkpt>
   <trkpt lon="3.153070" lat="39.766802"><ele>2.0</ele></trkpt>
   <trkpt lon="3.153144" lat="39.766786"><ele>2.0</ele><sym>straight</sym></trkpt>
   <trkpt lon="3.153204" lat="39.766775"><ele>2.0</ele></trkpt>
   <trkpt lon="3.153750" lat="39.766668"><ele>2.75</ele></trkpt>
   <trkpt lon="3.153835" lat="39.766651"><ele>3.0</ele></trkpt>
   <trkpt lon="3.153897" lat="39.766621"><ele>3.0</ele></trkpt>
   <trkpt lon="3.154100" lat="39.766523"><ele>3.0</ele></trkpt>
   <trkpt lon="3.154166" lat="39.766491"><ele>3.0</ele></trkpt>
   <trkpt lon="3.154441" lat="39.766348"><ele>3.0</ele></trkpt>
   <trkpt lon="3.154521" lat="39.766306"><ele>2.5</ele><sym>straight</sym></trkpt>
   <trkpt lon="3.154795" lat="39.766163"><ele>2.0</ele></trkpt>
   <trkpt lon="3.154849" lat="39.766135"><ele>2.0</ele></trkpt>
   <trkpt lon="3.155125" lat="39.765991"><ele>2.0</ele></trkpt>
   <trkpt lon="3.155193" lat="39.765955"><ele>2.0</ele></trkpt>
   <trkpt lon="3.155471" lat="39.765816"><ele>2.0</ele></trkpt>
   <trkpt lon="3.155538" lat="39.765782"><ele>2.0</ele></trkpt>
   <trkpt lon="3.155812" lat="39.765640"><ele>2.0</ele></trkpt>
   <trkpt lon="3.155883" lat="39.765603"><ele>1.75</ele></trkpt>
   <trkpt lon="3.156150" lat="39.765471"><ele>2.0</ele></trkpt>
   <trkpt lon="3.156223" lat="39.765435"><ele>2.0</ele></trkpt>
   <trkpt lon="3.156491" lat="39.765307"><ele>2.0</ele></trkpt>
   <trkpt lon="3.156566" lat="39.765278"><ele>2.0</ele></trkpt>
   <trkpt lon="3.156936" lat="39.765171"><ele>2.75</ele></trkpt>
   <trkpt lon="3.157038" lat="39.765141"><ele>3.0</ele><sym>straight</sym></trkpt>
   <trkpt lon="3.157099" lat="39.765093"><ele>3.0</ele></trkpt>
   <trkpt lon="3.157887" lat="39.764866"><ele>3.25</ele></trkpt>
   <trkpt lon="3.159045" lat="39.764533"><ele>4.5</ele></trkpt>
   <trkpt lon="3.159140" lat="39.764562"><ele>4.5</ele></trkpt>
   <trkpt lon="3.160048" lat="39.764666"><ele>3.0</ele><sym>right_slight</sym></trkpt>
   <trkpt lon="3.160123" lat="39.764622"><ele>3.25</ele></trkpt>
   <trkpt lon="3.161496" lat="39.764213"><ele>3.75</ele></trkpt>
   <trkpt lon="3.161500" lat="39.764211"><ele>5.0</ele><sym>pass_place</sym><type>Shaping</type></trkpt>
   <trkpt lon="3.162512" lat="39.763930"><ele>5.0</ele></trkpt>
   <trkpt lon="3.162565" lat="39.763908"><ele>5.0</ele></trkpt>
   <trkpt lon="3.162609" lat="39.763878"><ele>5.25</ele></trkpt>
   <trkpt lon="3.162629" lat="39.763847"><ele>5.5</ele></trkpt>
   <trkpt lon="3.162653" lat="39.763751"><ele>5.75</ele></trkpt>
   <trkpt lon="3.162715" lat="39.763690"><ele>6.0</ele><sym>right_slight</sym></trkpt>
   <trkpt lon="3.162730" lat="39.763641"><ele>6.0</ele></trkpt>
   <trkpt lon="3.162747" lat="39.763566"><ele>6.25</ele></trkpt>
   <trkpt lon="3.162773" lat="39.763464"><ele>6.5</ele></trkpt>
   <trkpt lon="3.162776" lat="39.763412"><ele>6.5</ele></trkpt>
   <trkpt lon="3.162775" lat="39.763373"><ele>6.75</ele></trkpt>
   <trkpt lon="3.162682" lat="39.763157"><ele>7.0</ele></trkpt>
   <trkpt lon="3.162655" lat="39.763096"><ele>7.0</ele></trkpt>
   <trkpt lon="3.162618" lat="39.763008"><ele>7.0</ele></trkpt>
   <trkpt lon="3.162498" lat="39.762736"><ele>7.0</ele></trkpt>
   <trkpt lon="3.162423" lat="39.762566"><ele>7.75</ele></trkpt>
   <trkpt lon="3.162383" lat="39.762511"><ele>7.75</ele></trkpt>
   <trkpt lon="3.162334" lat="39.762465"><ele>8.0</ele></trkpt>
   <trkpt lon="3.162243" lat="39.762392"><ele>8.25</ele></trkpt>
   <trkpt lon="3.161857" lat="39.762152"><ele>9.0</ele></trkpt>
   <trkpt lon="3.161359" lat="39.761823"><ele>9.25</ele></trkpt>
   <trkpt lon="3.160856" lat="39.761497"><ele>10.75</ele></trkpt>
   <trkpt lon="3.160520" lat="39.761293"><ele>11.25</ele></trkpt>
   <trkpt lon="3.160220" lat="39.761091"><ele>12.0</ele></trkpt>
   <trkpt lon="3.160115" lat="39.760970"><ele>13.0</ele></trkpt>
   <trkpt lon="3.160051" lat="39.760877"><ele>13.5</ele></trkpt>
   <trkpt lon="3.159730" lat="39.760177"><ele>15.25</ele></trkpt>
   <trkpt lon="3.159535" lat="39.759769"><ele>16.75</ele></trkpt>
   <trkpt lon="3.159491" lat="39.759671"><ele>17.0</ele></trkpt>
   <trkpt lon="3.159421" lat="39.759526"><ele>17.5</ele></trkpt>
   <trkpt lon="3.159339" lat="39.759383"><ele>17.75</ele></trkpt>
   <trkpt lon="3.158796" lat="39.758786"><ele>18.0</ele></trkpt>
   <trkpt lon="3.158222" lat="39.758172"><ele>19.5</ele></trkpt>
   <trkpt lon="3.157517" lat="39.757414"><ele>21.0</ele></trkpt>
   <trkpt lon="3.157419" lat="39.757310"><ele>21.0</ele><sym>roundabout_e3</sym></trkpt>
   <trkpt lon="3.157384" lat="39.757332"><ele>21.25</ele></trkpt>
   <trkpt lon="3.157337" lat="39.757351"><ele>21.25</ele></trkpt>
   <trkpt lon="3.157265" lat="39.757361"><ele>21.25</ele></trkpt>
   <trkpt lon="3.157201" lat="39.757358"><ele>21.5</ele></trkpt>
   <trkpt lon="3.157146" lat="39.757346"><ele>21.75</ele></trkpt>
   <trkpt lon="3.157058" lat="39.757303"><ele>22.0</ele></trkpt>
   <trkpt lon="3.157025" lat="39.757273"><ele>22.0</ele></trkpt>
   <trkpt lon="3.157001" lat="39.757240"><ele>22.0</ele></trkpt>
   <trkpt lon="3.156989" lat="39.757177"><ele>21.75</ele></trkpt>
   <trkpt lon="3.157002" lat="39.757095"><ele>21.75</ele></trkpt>
   <trkpt lon="3.157061" lat="39.757022"><ele>21.5</ele></trkpt>
   <trkpt lon="3.157115" lat="39.756985"><ele>21.25</ele></trkpt>
   <trkpt lon="3.157167" lat="39.756967"><ele>21.25</ele></trkpt>
   <trkpt lon="3.157222" lat="39.756957"><ele>21.0</ele></trkpt>
   <trkpt lon="3.157293" lat="39.756958"><ele>21.0</ele></trkpt>
   <trkpt lon="3.157356" lat="39.756937"><ele>21.0</ele></trkpt>
   <trkpt lon="3.157468" lat="39.756886"><ele>21.0</ele></trkpt>
   <trkpt lon="3.157632" lat="39.756798"><ele>21.0</ele></trkpt>
   <trkpt lon="3.159033" lat="39.755476"><ele>20.75</ele></trkpt>
   <trkpt lon="3.160422" lat="39.754133"><ele>19.5</ele></trkpt>
   <trkpt lon="3.161115" lat="39.753483"><ele>18.75</ele></trkpt>
   <trkpt lon="3.161163" lat="39.753439"><ele>18.5</ele></trkpt>
   <trkpt lon="3.161524" lat="39.753106"><ele>17.5</ele></trkpt>
   <trkpt lon="3.161743" lat="39.752882"><ele>16.25</ele></trkpt>
   <trkpt lon="3.161920" lat="39.752698"><ele>15.25</ele></trkpt>
   <trkpt lon="3.162148" lat="39.752428"><ele>13.5</ele></trkpt>
   <trkpt lon="3.162362" lat="39.752113"><ele>12.25</ele></trkpt>
   <trkpt lon="3.162592" lat="39.751791"><ele>13.0</ele><sym>pass_place</sym><type>Shaping</type></trkpt>
   <trkpt lon="3.162593" lat="39.751791"><ele>13.0</ele></trkpt>
   <trkpt lon="3.163376" lat="39.750565"><ele>7.75</ele></trkpt>
   <trkpt lon="3.163669" lat="39.750140"><ele>7.0</ele></trkpt>
   <trkpt lon="3.163816" lat="39.749918"><ele>6.25</ele></trkpt>
   <trkpt lon="3.164313" lat="39.749165"><ele>8.5</ele></trkpt>
   <trkpt lon="3.164462" lat="39.748929"><ele>12.5</ele></trkpt>
   <trkpt lon="3.165741" lat="39.746962"><ele>25.75</ele></trkpt>
   <trkpt lon="3.165979" lat="39.746603"><ele>27.75</ele></trkpt>
   <trkpt lon="3.166448" lat="39.745944"><ele>30.25</ele></trkpt>
   <trkpt lon="3.168761" lat="39.742398"><ele>29.25</ele></trkpt>
   <trkpt lon="3.169614" lat="39.741067"><ele>30.0</ele></trkpt>
   <trkpt lon="3.169775" lat="39.740832"><ele>29.75</ele></trkpt>
   <trkpt lon="3.170040" lat="39.740471"><ele>30.25</ele></trkpt>
   <trkpt lon="3.170221" lat="39.740255"><ele>30.0</ele></trkpt>
   <trkpt lon="3.170463" lat="39.740016"><ele>29.75</ele></trkpt>
   <trkpt lon="3.170749" lat="39.739791"><ele>29.5</ele></trkpt>
   <trkpt lon="3.171091" lat="39.739548"><ele>29.5</ele></trkpt>
   <trkpt lon="3.171429" lat="39.739339"><ele>29.0</ele></trkpt>
   <trkpt lon="3.171763" lat="39.739157"><ele>29.75</ele></trkpt>
   <trkpt lon="3.173866" lat="39.738228"><ele>30.0</ele><sym>stay_left</sym></trkpt>
   <trkpt lon="3.173867" lat="39.738230"><ele>29.75</ele><sym>pass_place</sym><type>Shaping</type></trkpt>
   <trkpt lon="3.173866" lat="39.738228"><ele>30.0</ele></trkpt>
   <trkpt lon="3.180621" lat="39.735260"><ele>33.75</ele></trkpt>
   <trkpt lon="3.184744" lat="39.733458"><ele>36.25</ele></trkpt>
   <trkpt lon="3.187384" lat="39.732290"><ele>35.75</ele></trkpt>
   <trkpt lon="3.188419" lat="39.731842"><ele>36.5</ele></trkpt>
   <trkpt lon="3.188558" lat="39.731783"><ele>36.75</ele></trkpt>
   <trkpt lon="3.190878" lat="39.730750"><ele>39.0</ele></trkpt>
   <trkpt lon="3.197492" lat="39.727852"><ele>29.25</ele><sym>pass_place</sym><type>Shaping</type></trkpt>
   <trkpt lon="3.197494" lat="39.727852"><ele>29.25</ele></trkpt>
   <trkpt lon="3.197784" lat="39.727720"><ele>26.75</ele></trkpt>
   <trkpt lon="3.197887" lat="39.727675"><ele>26.5</ele></trkpt>
   <trkpt lon="3.198330" lat="39.727479"><ele>25.0</ele></trkpt>
   <trkpt lon="3.198563" lat="39.727377"><ele>23.75</ele></trkpt>
   <trkpt lon="3.198690" lat="39.727312"><ele>23.0</ele></trkpt>
   <trkpt lon="3.198823" lat="39.727204"><ele>22.25</ele></trkpt>
   <trkpt lon="3.198921" lat="39.727085"><ele>22.0</ele></trkpt>
   <trkpt lon="3.198997" lat="39.726974"><ele>21.75</ele></trkpt>
   <trkpt lon="3.199052" lat="39.726819"><ele>22.25</ele></trkpt>
   <trkpt lon="3.199077" lat="39.726541"><ele>22.75</ele></trkpt>
   <trkpt lon="3.198813" lat="39.725093"><ele>15.0</ele></trkpt>
   <trkpt lon="3.198816" lat="39.724940"><ele>14.5</ele></trkpt>
   <trkpt lon="3.198845" lat="39.724818"><ele>14.0</ele></trkpt>
   <trkpt lon="3.198920" lat="39.724709"><ele>12.0</ele></trkpt>
   <trkpt lon="3.198988" lat="39.724647"><ele>10.5</ele></trkpt>
   <trkpt lon="3.199121" lat="39.724561"><ele>8.0</ele></trkpt>
   <trkpt lon="3.199240" lat="39.724510"><ele>7.25</ele></trkpt>
   <trkpt lon="3.199392" lat="39.724479"><ele>7.25</ele></trkpt>
   <trkpt lon="3.199521" lat="39.724467"><ele>7.5</ele></trkpt>
   <trkpt lon="3.199658" lat="39.724477"><ele>7.5</ele></trkpt>
   <trkpt lon="3.199826" lat="39.724529"><ele>7.75</ele></trkpt>
   <trkpt lon="3.199953" lat="39.724605"><ele>8.0</ele></trkpt>
   <trkpt lon="3.200188" lat="39.724833"><ele>8.0</ele></trkpt>
   <trkpt lon="3.200501" lat="39.725165"><ele>11.5</ele></trkpt>
   <trkpt lon="3.200648" lat="39.725340"><ele>11.5</ele></trkpt>
   <trkpt lon="3.201039" lat="39.725815"><ele>14.75</ele></trkpt>
   <trkpt lon="3.201314" lat="39.726134"><ele>17.5</ele></trkpt>
   <trkpt lon="3.201457" lat="39.726287"><ele>18.75</ele></trkpt>
   <trkpt lon="3.201600" lat="39.726402"><ele>19.5</ele></trkpt>
   <trkpt lon="3.201764" lat="39.726496"><ele>21.5</ele></trkpt>
   <trkpt lon="3.201931" lat="39.726557"><ele>23.25</ele></trkpt>
   <trkpt lon="3.202137" lat="39.726601"><ele>22.5</ele></trkpt>
   <trkpt lon="3.202363" lat="39.726613"><ele>22.25</ele></trkpt>
   <trkpt lon="3.202582" lat="39.726599"><ele>22.5</ele></trkpt>
   <trkpt lon="3.202832" lat="39.726541"><ele>23.25</ele></trkpt>
   <trkpt lon="3.204836" lat="39.725765"><ele>21.0</ele></trkpt>
   <trkpt lon="3.205926" lat="39.725352"><ele>25.0</ele></trkpt>
   <trkpt lon="3.208279" lat="39.724429"><ele>32.0</ele></trkpt>
   <trkpt lon="3.208371" lat="39.724389"><ele>32.0</ele></trkpt>
   <trkpt lon="3.208548" lat="39.724300"><ele>32.75</ele></trkpt>
   <trkpt lon="3.208900" lat="39.724122"><ele>33.75</ele></trkpt>
   <trkpt lon="3.208968" lat="39.724079"><ele>34.25</ele></trkpt>
   <trkpt lon="3.209309" lat="39.723854"><ele>34.75</ele></trkpt>
   <trkpt lon="3.209567" lat="39.723639"><ele>35.25</ele></trkpt>
   <trkpt lon="3.209710" lat="39.723512"><ele>35.5</ele></trkpt>
   <trkpt lon="3.209963" lat="39.723234"><ele>34.5</ele></trkpt>
   <trkpt lon="3.210090" lat="39.723104"><ele>34.0</ele></trkpt>
   <trkpt lon="3.210263" lat="39.722926"><ele>33.75</ele></trkpt>
   <trkpt lon="3.210290" lat="39.722893"><ele>34.0</ele></trkpt>
   <trkpt lon="3.210615" lat="39.722510"><ele>34.0</ele></trkpt>
   <trkpt lon="3.211599" lat="39.721320"><ele>34.75</ele><sym>pass_place</sym><type>Shaping</type></trkpt>
   <trkpt lon="3.212637" lat="39.720085"><ele>36.0</ele></trkpt>
   <trkpt lon="3.214011" lat="39.718456"><ele>38.25</ele></trkpt>
   <trkpt lon="3.214237" lat="39.718173"><ele>38.0</ele></trkpt>
   <trkpt lon="3.215743" lat="39.716393"><ele>38.5</ele></trkpt>
   <trkpt lon="3.217209" lat="39.714629"><ele>41.0</ele></trkpt>
   <trkpt lon="3.217242" lat="39.714588"><ele>41.0</ele></trkpt>
   <trkpt lon="3.219255" lat="39.712180"><ele>43.0</ele></trkpt>
   <trkpt lon="3.219579" lat="39.711874"><ele>42.5</ele></trkpt>
   <trkpt lon="3.219708" lat="39.711752"><ele>42.5</ele></trkpt>
   <trkpt lon="3.219987" lat="39.711549"><ele>42.75</ele></trkpt>
   <trkpt lon="3.220677" lat="39.711105"><ele>44.0</ele></trkpt>
   <trkpt lon="3.221339" lat="39.710673"><ele>44.25</ele></trkpt>
   <trkpt lon="3.221979" lat="39.710279"><ele>43.75</ele></trkpt>
   <trkpt lon="3.222257" lat="39.710087"><ele>43.0</ele></trkpt>
   <trkpt lon="3.222427" lat="39.709959"><ele>43.0</ele><sym>left_slight</sym></trkpt>
   <trkpt lon="3.223104" lat="39.709544"><ele>43.75</ele></trkpt>
   <trkpt lon="3.223472" lat="39.709219"><ele>42.5</ele></trkpt>
   <trkpt lon="3.223537" lat="39.709111"><ele>42.0</ele></trkpt>
   <trkpt lon="3.223576" lat="39.708989"><ele>42.0</ele></trkpt>
   <trkpt lon="3.223585" lat="39.708919"><ele>42.0</ele></trkpt>
   <trkpt lon="3.223571" lat="39.708838"><ele>41.75</ele></trkpt>
   <trkpt lon="3.223110" lat="39.707918"><ele>39.5</ele><sym>pass_place</sym><type>Shaping</type></trkpt>
   <trkpt lon="3.223109" lat="39.707917"><ele>39.5</ele></trkpt>
   <trkpt lon="3.223029" lat="39.707366"><ele>37.0</ele></trkpt>
   <trkpt lon="3.223027" lat="39.707207"><ele>35.75</ele></trkpt>
   <trkpt lon="3.223040" lat="39.707043"><ele>34.5</ele></trkpt>
   <trkpt lon="3.223077" lat="39.706880"><ele>33.75</ele></trkpt>
   <trkpt lon="3.223151" lat="39.706693"><ele>33.75</ele></trkpt>
   <trkpt lon="3.223261" lat="39.706523"><ele>32.75</ele></trkpt>
   <trkpt lon="3.223422" lat="39.706302"><ele>31.0</ele></trkpt>
   <trkpt lon="3.223678" lat="39.706049"><ele>27.75</ele></trkpt>
   <trkpt lon="3.224130" lat="39.705673"><ele>24.25</ele></trkpt>
   <trkpt lon="3.224344" lat="39.705470"><ele>22.25</ele></trkpt>
   <trkpt lon="3.224435" lat="39.705366"><ele>21.75</ele></trkpt>
   <trkpt lon="3.224538" lat="39.705223"><ele>20.25</ele></trkpt>
   <trkpt lon="3.224615" lat="39.705055"><ele>19.75</ele></trkpt>
   <trkpt lon="3.224665" lat="39.704895"><ele>18.75</ele></trkpt>
   <trkpt lon="3.224679" lat="39.704686"><ele>17.25</ele></trkpt>
   <trkpt lon="3.224638" lat="39.704184"><ele>14.25</ele></trkpt>
   <trkpt lon="3.224639" lat="39.704012"><ele>13.0</ele></trkpt>
   <trkpt lon="3.224658" lat="39.703836"><ele>11.75</ele></trkpt>
   <trkpt lon="3.224736" lat="39.703613"><ele>9.5</ele></trkpt>
   <trkpt lon="3.224788" lat="39.703523"><ele>8.5</ele></trkpt>
   <trkpt lon="3.224868" lat="39.703418"><ele>7.5</ele></trkpt>
   <trkpt lon="3.224924" lat="39.703360"><ele>7.25</ele></trkpt>
   <trkpt lon="3.225011" lat="39.703303"><ele>6.25</ele></trkpt>
   <trkpt lon="3.225094" lat="39.703256"><ele>4.75</ele></trkpt>
   <trkpt lon="3.225173" lat="39.703222"><ele>3.75</ele></trkpt>
   <trkpt lon="3.225391" lat="39.703160"><ele>3.25</ele></trkpt>
   <trkpt lon="3.225517" lat="39.703146"><ele>3.5</ele></trkpt>
   <trkpt lon="3.225662" lat="39.703140"><ele>4.0</ele></trkpt>
   <trkpt lon="3.225774" lat="39.703146"><ele>4.25</ele></trkpt>
   <trkpt lon="3.226259" lat="39.703222"><ele>4.5</ele></trkpt>
   <trkpt lon="3.228210" lat="39.703615"><ele>16.0</ele></trkpt>
   <trkpt lon="3.229391" lat="39.703903"><ele>22.5</ele></trkpt>
   <trkpt lon="3.229816" lat="39.704024"><ele>25.25</ele></trkpt>
   <trkpt lon="3.230102" lat="39.704138"><ele>28.0</ele></trkpt>
   <trkpt lon="3.230385" lat="39.704295"><ele>30.75</ele></trkpt>
   <trkpt lon="3.230557" lat="39.704427"><ele>32.0</ele></trkpt>
   <trkpt lon="3.230814" lat="39.704697"><ele>33.75</ele></trkpt>
   <trkpt lon="3.231257" lat="39.705306"><ele>39.0</ele></trkpt>
   <trkpt lon="3.231400" lat="39.705492"><ele>40.75</ele></trkpt>
   <trkpt lon="3.231706" lat="39.705722"><ele>44.25</ele></trkpt>
   <trkpt lon="3.232095" lat="39.705923"><ele>47.75</ele></trkpt>
   <trkpt lon="3.232457" lat="39.706040"><ele>48.5</ele></trkpt>
   <trkpt lon="3.232757" lat="39.706089"><ele>48.25</ele></trkpt>
   <trkpt lon="3.233002" lat="39.706108"><ele>48.0</ele></trkpt>
   <trkpt lon="3.233307" lat="39.706096"><ele>49.0</ele></trkpt>
   <trkpt lon="3.233641" lat="39.706044"><ele>52.0</ele></trkpt>
   <trkpt lon="3.233889" lat="39.705980"><ele>54.25</ele></trkpt>
   <trkpt lon="3.234211" lat="39.705861"><ele>51.5</ele></trkpt>
   <trkpt lon="3.234861" lat="39.705561"><ele>52.25</ele></trkpt>
   <trkpt lon="3.234924" lat="39.705532"><ele>52.5</ele></trkpt>
   <trkpt lon="3.235066" lat="39.705467"><ele>52.75</ele></trkpt>
   <trkpt lon="3.236542" lat="39.704738"><ele>56.5</ele></trkpt>
   <trkpt lon="3.236975" lat="39.704558"><ele>56.5</ele></trkpt>
   <trkpt lon="3.237325" lat="39.704427"><ele>58.5</ele></trkpt>
   <trkpt lon="3.237688" lat="39.704329"><ele>58.5</ele><sym>pass_place</sym><type>Shaping</type></trkpt>
   <trkpt lon="3.238064" lat="39.704260"><ele>60.5</ele></trkpt>
   <trkpt lon="3.238467" lat="39.704214"><ele>62.0</ele></trkpt>
   <trkpt lon="3.238925" lat="39.704203"><ele>63.0</ele></trkpt>
   <trkpt lon="3.239459" lat="39.704232"><ele>64.5</ele></trkpt>
   <trkpt lon="3.241102" lat="39.704400"><ele>65.75</ele></trkpt>
   <trkpt lon="3.241946" lat="39.704479"><ele>67.0</ele></trkpt>
   <trkpt lon="3.242505" lat="39.704525"><ele>68.0</ele></trkpt>
   <trkpt lon="3.243039" lat="39.704551"><ele>68.75</ele></trkpt>
   <trkpt lon="3.243456" lat="39.704545"><ele>69.25</ele></trkpt>
   <trkpt lon="3.243614" lat="39.704536"><ele>70.0</ele></trkpt>
   <trkpt lon="3.243706" lat="39.704532"><ele>70.0</ele></trkpt>
   <trkpt lon="3.244110" lat="39.704494"><ele>70.75</ele></trkpt>
   <trkpt lon="3.244430" lat="39.704449"><ele>71.75</ele></trkpt>
   <trkpt lon="3.244688" lat="39.704394"><ele>72.0</ele></trkpt>
   <trkpt lon="3.245176" lat="39.704259"><ele>73.5</ele></trkpt>
   <trkpt lon="3.245659" lat="39.704097"><ele>75.0</ele></trkpt>
   <trkpt lon="3.245994" lat="39.703954"><ele>76.0</ele></trkpt>
   <trkpt lon="3.246267" lat="39.703821"><ele>77.0</ele></trkpt>
   <trkpt lon="3.248442" lat="39.702499"><ele>86.0</ele></trkpt>
   <trkpt lon="3.249272" lat="39.702030"><ele>88.25</ele></trkpt>
   <trkpt lon="3.249805" lat="39.701783"><ele>89.5</ele></trkpt>
   <trkpt lon="3.250164" lat="39.701652"><ele>90.0</ele></trkpt>
   <trkpt lon="3.250543" lat="39.701557"><ele>90.25</ele></trkpt>
   <trkpt lon="3.250893" lat="39.701492"><ele>90.75</ele></trkpt>
   <trkpt lon="3.251230" lat="39.701457"><ele>91.5</ele></trkpt>
   <trkpt lon="3.251580" lat="39.701427"><ele>92.5</ele></trkpt>
   <trkpt lon="3.252120" lat="39.701416"><ele>92.75</ele></trkpt>
   <trkpt lon="3.253111" lat="39.701395"><ele>94.75</ele></trkpt>
   <trkpt lon="3.262147" lat="39.701117"><ele>98.75</ele><sym>pass_place</sym><type>Shaping</type></trkpt>
   <trkpt lon="3.262811" lat="39.701076"><ele>97.75</ele></trkpt>
   <trkpt lon="3.263124" lat="39.701029"><ele>96.75</ele></trkpt>
   <trkpt lon="3.263425" lat="39.700960"><ele>96.25</ele></trkpt>
   <trkpt lon="3.263966" lat="39.700798"><ele>96.5</ele></trkpt>
   <trkpt lon="3.264479" lat="39.700583"><ele>96.75</ele></trkpt>
   <trkpt lon="3.264807" lat="39.700404"><ele>96.75</ele></trkpt>
   <trkpt lon="3.265062" lat="39.700247"><ele>97.0</ele></trkpt>
   <trkpt lon="3.265093" lat="39.700226"><ele>97.0</ele></trkpt>
   <trkpt lon="3.265254" lat="39.700078"><ele>97.0</ele></trkpt>
   <trkpt lon="3.265877" lat="39.699534"><ele>98.25</ele></trkpt>
   <trkpt lon="3.266009" lat="39.699420"><ele>99.0</ele></trkpt>
   <trkpt lon="3.266268" lat="39.699225"><ele>98.75</ele></trkpt>
   <trkpt lon="3.266460" lat="39.699112"><ele>99.25</ele></trkpt>
   <trkpt lon="3.266662" lat="39.699008"><ele>98.0</ele></trkpt>
   <trkpt lon="3.266927" lat="39.698884"><ele>100.75</ele></trkpt>
   <trkpt lon="3.267230" lat="39.698755"><ele>100.25</ele></trkpt>
   <trkpt lon="3.272603" lat="39.696688"><ele>114.75</ele></trkpt>
   <trkpt lon="3.273674" lat="39.696318"><ele>117.25</ele></trkpt>
   <trkpt lon="3.274605" lat="39.696064"><ele>119.25</ele></trkpt>
   <trkpt lon="3.275728" lat="39.695786"><ele>122.25</ele></trkpt>
   <trkpt lon="3.276846" lat="39.695586"><ele>124.0</ele></trkpt>
   <trkpt lon="3.277984" lat="39.695435"><ele>125.25</ele></trkpt>
   <trkpt lon="3.278933" lat="39.695354"><ele>124.25</ele></trkpt>
   <trkpt lon="3.280092" lat="39.695281"><ele>126.25</ele></trkpt>
   <trkpt lon="3.280877" lat="39.695214"><ele>128.0</ele></trkpt>
   <trkpt lon="3.281680" lat="39.695110"><ele>130.5</ele><sym>pass_place</sym><type>Shaping</type></trkpt>
   <trkpt lon="3.281685" lat="39.695110"><ele>130.5</ele></trkpt>
   <trkpt lon="3.282690" lat="39.694948"><ele>128.5</ele></trkpt>
   <trkpt lon="3.283335" lat="39.694806"><ele>126.75</ele></trkpt>
   <trkpt lon="3.284021" lat="39.694634"><ele>128.75</ele></trkpt>
   <trkpt lon="3.284408" lat="39.694511"><ele>131.5</ele></trkpt>
   <trkpt lon="3.285690" lat="39.694098"><ele>138.5</ele></trkpt>
   <trkpt lon="3.289099" lat="39.692964"><ele>156.0</ele></trkpt>
   <trkpt lon="3.289827" lat="39.692738"><ele>161.5</ele></trkpt>
   <trkpt lon="3.290267" lat="39.692633"><ele>161.75</ele></trkpt>
   <trkpt lon="3.290782" lat="39.692543"><ele>168.0</ele></trkpt>
   <trkpt lon="3.291358" lat="39.692475"><ele>171.5</ele></trkpt>
   <trkpt lon="3.292075" lat="39.692452"><ele>175.25</ele></trkpt>
   <trkpt lon="3.292547" lat="39.692463"><ele>180.0</ele></trkpt>
   <trkpt lon="3.292666" lat="39.692471"><ele>180.75</ele></trkpt>
   <trkpt lon="3.293076" lat="39.692511"><ele>183.5</ele></trkpt>
   <trkpt lon="3.293478" lat="39.692567"><ele>189.75</ele></trkpt>
   <trkpt lon="3.294003" lat="39.692670"><ele>195.25</ele></trkpt>
   <trkpt lon="3.295928" lat="39.693140"><ele>199.0</ele><sym>pass_place</sym><type>Shaping</type></trkpt>
   <trkpt lon="3.295932" lat="39.693141"><ele>199.0</ele></trkpt>
   <trkpt lon="3.296407" lat="39.693243"><ele>197.0</ele></trkpt>
   <trkpt lon="3.296858" lat="39.693324"><ele>193.5</ele></trkpt>
   <trkpt lon="3.297316" lat="39.693391"><ele>192.5</ele></trkpt>
   <trkpt lon="3.300645" lat="39.693875"><ele>182.5</ele></trkpt>
   <trkpt lon="3.300733" lat="39.693887"><ele>182.25</ele></trkpt>
   <trkpt lon="3.301331" lat="39.693970"><ele>180.5</ele></trkpt>
   <trkpt lon="3.302276" lat="39.694100"><ele>179.25</ele></trkpt>
   <trkpt lon="3.303356" lat="39.694227"><ele>177.0</ele></trkpt>
   <trkpt lon="3.304295" lat="39.694267"><ele>175.0</ele></trkpt>
   <trkpt lon="3.305115" lat="39.694253"><ele>172.5</ele></trkpt>
   <trkpt lon="3.305762" lat="39.694216"><ele>172.25</ele></trkpt>
   <trkpt lon="3.306471" lat="39.694145"><ele>173.0</ele></trkpt>
   <trkpt lon="3.307227" lat="39.694030"><ele>172.5</ele></trkpt>
   <trkpt lon="3.308105" lat="39.693861"><ele>169.5</ele></trkpt>
   <trkpt lon="3.310445" lat="39.693364"><ele>169.5</ele></trkpt>
   <trkpt lon="3.311730" lat="39.693092"><ele>171.75</ele></trkpt>
   <trkpt lon="3.312212" lat="39.693008"><ele>173.25</ele></trkpt>
   <trkpt lon="3.312617" lat="39.692955"><ele>175.5</ele></trkpt>
   <trkpt lon="3.313144" lat="39.692903"><ele>175.75</ele></trkpt>
   <trkpt lon="3.313784" lat="39.692870"><ele>174.0</ele></trkpt>
   <trkpt lon="3.314343" lat="39.692889"><ele>173.75</ele></trkpt>
   <trkpt lon="3.314558" lat="39.692906"><ele>173.5</ele></trkpt>
   <trkpt lon="3.315050" lat="39.692944"><ele>173.25</ele></trkpt>
   <trkpt lon="3.316346" lat="39.693107"><ele>172.75</ele></trkpt>
   <trkpt lon="3.317041" lat="39.693167"><ele>171.5</ele><sym>stay_left</sym></trkpt>
   <trkpt lon="3.317040" lat="39.693169"><ele>173.75</ele><sym>pass_place</sym><type>Shaping</type></trkpt>
   <trkpt lon="3.317041" lat="39.693167"><ele>171.5</ele></trkpt>
   <trkpt lon="3.317387" lat="39.693180"><ele>172.0</ele></trkpt>
   <trkpt lon="3.317834" lat="39.693180"><ele>171.25</ele></trkpt>
   <trkpt lon="3.318390" lat="39.693149"><ele>169.5</ele></trkpt>
   <trkpt lon="3.318804" lat="39.693107"><ele>168.5</ele></trkpt>
   <trkpt lon="3.319081" lat="39.693077"><ele>167.5</ele></trkpt>
   <trkpt lon="3.319201" lat="39.693057"><ele>167.0</ele></trkpt>
   <trkpt lon="3.319491" lat="39.693007"><ele>167.25</ele></trkpt>
   <trkpt lon="3.320040" lat="39.692888"><ele>164.75</ele></trkpt>
   <trkpt lon="3.322387" lat="39.692255"><ele>160.25</ele></trkpt>
   <trkpt lon="3.324288" lat="39.691742"><ele>158.0</ele></trkpt>
   <trkpt lon="3.327215" lat="39.690955"><ele>155.5</ele></trkpt>
   <trkpt lon="3.328231" lat="39.690672"><ele>153.0</ele></trkpt>
   <trkpt lon="3.329407" lat="39.690342"><ele>151.25</ele></trkpt>
   <trkpt lon="3.329861" lat="39.690200"><ele>149.0</ele></trkpt>
   <trkpt lon="3.330385" lat="39.690004"><ele>150.5</ele></trkpt>
   <trkpt lon="3.331378" lat="39.689583"><ele>149.25</ele></trkpt>
   <trkpt lon="3.331440" lat="39.689551"><ele>149.25</ele></trkpt>
   <trkpt lon="3.332486" lat="39.688995"><ele>150.25</ele></trkpt>
   <trkpt lon="3.332831" lat="39.688832"><ele>150.0</ele></trkpt>
   <trkpt lon="3.333017" lat="39.688762"><ele>150.0</ele></trkpt>
   <trkpt lon="3.333450" lat="39.688635"><ele>149.0</ele></trkpt>
   <trkpt lon="3.333666" lat="39.688593"><ele>149.0</ele></trkpt>
   <trkpt lon="3.333978" lat="39.688559"><ele>149.0</ele></trkpt>
   <trkpt lon="3.334415" lat="39.688548"><ele>149.0</ele></trkpt>
   <trkpt lon="3.334828" lat="39.688596"><ele>147.75</ele></trkpt>
   <trkpt lon="3.335157" lat="39.688668"><ele>147.0</ele></trkpt>
   <trkpt lon="3.335440" lat="39.688740"><ele>146.5</ele></trkpt>
   <trkpt lon="3.336262" lat="39.689135"><ele>143.25</ele></trkpt>
   <trkpt lon="3.337107" lat="39.689591"><ele>139.75</ele><sym>pass_place</sym><type>Shaping</type></trkpt>
   <trkpt lon="3.337111" lat="39.689593"><ele>139.75</ele></trkpt>
   <trkpt lon="3.337775" lat="39.689856"><ele>137.0</ele></trkpt>
   <trkpt lon="3.338666" lat="39.690144"><ele>138.25</ele></trkpt>
   <trkpt lon="3.339045" lat="39.690250"><ele>137.0</ele></trkpt>
   <trkpt lon="3.339818" lat="39.690466"><ele>134.75</ele></trkpt>
   <trkpt lon="3.340316" lat="39.690611"><ele>131.25</ele></trkpt>
   <trkpt lon="3.340902" lat="39.690781"><ele>127.75</ele></trkpt>
   <trkpt lon="3.341486" lat="39.690928"><ele>121.75</ele></trkpt>
   <trkpt lon="3.342144" lat="39.691081"><ele>122.5</ele></trkpt>
   <trkpt lon="3.342424" lat="39.691130"><ele>124.0</ele></trkpt>
   <trkpt lon="3.342597" lat="39.691147"><ele>124.75</ele><sym>right_slight</sym></trkpt>
   <trkpt lon="3.342956" lat="39.691070"><ele>125.25</ele><sym>roundabout_e2</sym></trkpt>
   <trkpt lon="3.342984" lat="39.691037"><ele>125.0</ele></trkpt>
   <trkpt lon="3.343023" lat="39.691012"><ele>125.0</ele></trkpt>
   <trkpt lon="3.343070" lat="39.690997"><ele>125.0</ele></trkpt>
   <trkpt lon="3.343121" lat="39.690994"><ele>125.25</ele></trkpt>
   <trkpt lon="3.343171" lat="39.691003"><ele>125.5</ele></trkpt>
   <trkpt lon="3.343215" lat="39.691023"><ele>125.5</ele></trkpt>
   <trkpt lon="3.343248" lat="39.691052"><ele>125.75</ele></trkpt>
   <trkpt lon="3.343267" lat="39.691083"><ele>125.75</ele></trkpt>
   <trkpt lon="3.343403" lat="39.691141"><ele>126.75</ele></trkpt>
   <trkpt lon="3.343455" lat="39.691156"><ele>127.25</ele></trkpt>
   <trkpt lon="3.343585" lat="39.691194"><ele>128.25</ele></trkpt>
   <trkpt lon="3.343883" lat="39.691282"><ele>128.5</ele></trkpt>
   <trkpt lon="3.344044" lat="39.691367"><ele>128.75</ele></trkpt>
   <trkpt lon="3.344464" lat="39.691699"><ele>127.75</ele></trkpt>
   <trkpt lon="3.344571" lat="39.691785"><ele>127.5</ele></trkpt>
   <trkpt lon="3.344877" lat="39.691972"><ele>126.75</ele></trkpt>
   <trkpt lon="3.345366" lat="39.692266"><ele>127.25</ele></trkpt>
   <trkpt lon="3.345884" lat="39.692570"><ele>129.75</ele></trkpt>
   <trkpt lon="3.346354" lat="39.692834"><ele>128.75</ele></trkpt>
   <trkpt lon="3.346562" lat="39.692972"><ele>127.75</ele></trkpt>
   <trkpt lon="3.346780" lat="39.693114"><ele>126.75</ele></trkpt>
   <trkpt lon="3.346837" lat="39.693152"><ele>126.5</ele><sym>u-turn_right</sym></trkpt>
   <trkpt lon="3.346840" lat="39.693150"><ele>126.75</ele><sym>pass_place</sym><type>Shaping</type></trkpt>
   <trkpt lon="3.346837" lat="39.693152"><ele>126.5</ele></trkpt>
   <trkpt lon="3.346780" lat="39.693114"><ele>126.75</ele></trkpt>
   <trkpt lon="3.346562" lat="39.692972"><ele>127.75</ele></trkpt>
   <trkpt lon="3.346354" lat="39.692834"><ele>128.75</ele></trkpt>
   <trkpt lon="3.345884" lat="39.692570"><ele>129.75</ele></trkpt>
   <trkpt lon="3.345366" lat="39.692266"><ele>127.25</ele></trkpt>
   <trkpt lon="3.344877" lat="39.691972"><ele>126.75</ele></trkpt>
   <trkpt lon="3.344571" lat="39.691785"><ele>127.5</ele></trkpt>
   <trkpt lon="3.344464" lat="39.691699"><ele>127.75</ele></trkpt>
   <trkpt lon="3.344044" lat="39.691367"><ele>128.75</ele></trkpt>
   <trkpt lon="3.343883" lat="39.691282"><ele>128.5</ele></trkpt>
   <trkpt lon="3.343585" lat="39.691194"><ele>128.25</ele></trkpt>
   <trkpt lon="3.343256" lat="39.691182"><ele>126.75</ele><sym>roundabout_e1</sym></trkpt>
   <trkpt lon="3.343225" lat="39.691213"><ele>127.0</ele></trkpt>
   <trkpt lon="3.343184" lat="39.691236"><ele>127.25</ele></trkpt>
   <trkpt lon="3.343135" lat="39.691248"><ele>127.25</ele></trkpt>
   <trkpt lon="3.343084" lat="39.691249"><ele>127.0</ele></trkpt>
   <trkpt lon="3.343014" lat="39.691226"><ele>126.75</ele></trkpt>
   <trkpt lon="3.342962" lat="39.691184"><ele>126.25</ele></trkpt>
   <trkpt lon="3.342825" lat="39.691159"><ele>125.75</ele></trkpt>
   <trkpt lon="3.342597" lat="39.691147"><ele>124.75</ele></trkpt>
   <trkpt lon="3.342424" lat="39.691130"><ele>124.0</ele></trkpt>
   <trkpt lon="3.342144" lat="39.691081"><ele>122.5</ele></trkpt>
   <trkpt lon="3.341486" lat="39.690928"><ele>121.75</ele></trkpt>
   <trkpt lon="3.340902" lat="39.690781"><ele>127.75</ele></trkpt>
   <trkpt lon="3.340316" lat="39.690611"><ele>131.25</ele></trkpt>
   <trkpt lon="3.339818" lat="39.690466"><ele>134.75</ele></trkpt>
   <trkpt lon="3.339045" lat="39.690250"><ele>137.0</ele></trkpt>
   <trkpt lon="3.338666" lat="39.690144"><ele>138.25</ele></trkpt>
   <trkpt lon="3.337775" lat="39.689856"><ele>137.0</ele></trkpt>
   <trkpt lon="3.337111" lat="39.689593"><ele>139.75</ele></trkpt>
   <trkpt lon="3.336262" lat="39.689135"><ele>143.25</ele></trkpt>
   <trkpt lon="3.335440" lat="39.688740"><ele>146.5</ele></trkpt>
   <trkpt lon="3.335157" lat="39.688668"><ele>147.0</ele></trkpt>
   <trkpt lon="3.334828" lat="39.688596"><ele>147.75</ele></trkpt>
   <trkpt lon="3.334415" lat="39.688548"><ele>149.0</ele></trkpt>
   <trkpt lon="3.333978" lat="39.688559"><ele>149.0</ele></trkpt>
   <trkpt lon="3.333666" lat="39.688593"><ele>149.0</ele></trkpt>
   <trkpt lon="3.333450" lat="39.688635"><ele>149.0</ele></trkpt>
   <trkpt lon="3.333017" lat="39.688762"><ele>150.0</ele></trkpt>
   <trkpt lon="3.332831" lat="39.688832"><ele>150.0</ele></trkpt>
   <trkpt lon="3.332486" lat="39.688995"><ele>150.25</ele></trkpt>
   <trkpt lon="3.331440" lat="39.689551"><ele>149.25</ele></trkpt>
   <trkpt lon="3.331378" lat="39.689583"><ele>149.25</ele></trkpt>
   <trkpt lon="3.330385" lat="39.690004"><ele>150.5</ele></trkpt>
   <trkpt lon="3.329861" lat="39.690200"><ele>149.0</ele></trkpt>
   <trkpt lon="3.329407" lat="39.690342"><ele>151.25</ele></trkpt>
   <trkpt lon="3.328231" lat="39.690672"><ele>153.0</ele></trkpt>
   <trkpt lon="3.327215" lat="39.690955"><ele>155.5</ele></trkpt>
   <trkpt lon="3.327208" lat="39.690956"><ele>158.0</ele><sym>pass_place</sym><type>Shaping</type></trkpt>
   <trkpt lon="3.324288" lat="39.691742"><ele>158.0</ele></trkpt>
   <trkpt lon="3.322387" lat="39.692255"><ele>160.25</ele></trkpt>
   <trkpt lon="3.320040" lat="39.692888"><ele>164.75</ele></trkpt>
   <trkpt lon="3.319491" lat="39.693007"><ele>167.25</ele></trkpt>
   <trkpt lon="3.319201" lat="39.693057"><ele>167.0</ele></trkpt>
   <trkpt lon="3.319081" lat="39.693077"><ele>167.5</ele></trkpt>
   <trkpt lon="3.318804" lat="39.693107"><ele>168.5</ele></trkpt>
   <trkpt lon="3.318390" lat="39.693149"><ele>169.5</ele></trkpt>
   <trkpt lon="3.317834" lat="39.693180"><ele>171.25</ele></trkpt>
   <trkpt lon="3.317387" lat="39.693180"><ele>172.0</ele></trkpt>
   <trkpt lon="3.317041" lat="39.693167"><ele>171.5</ele><sym>stay_left</sym></trkpt>
   <trkpt lon="3.316346" lat="39.693107"><ele>172.75</ele></trkpt>
   <trkpt lon="3.315050" lat="39.692944"><ele>173.25</ele></trkpt>
   <trkpt lon="3.314558" lat="39.692906"><ele>173.5</ele></trkpt>
   <trkpt lon="3.314343" lat="39.692889"><ele>173.75</ele></trkpt>
   <trkpt lon="3.313784" lat="39.692870"><ele>174.0</ele></trkpt>
   <trkpt lon="3.313144" lat="39.692903"><ele>175.75</ele></trkpt>
   <trkpt lon="3.312617" lat="39.692955"><ele>175.5</ele></trkpt>
   <trkpt lon="3.312212" lat="39.693008"><ele>173.25</ele></trkpt>
   <trkpt lon="3.311730" lat="39.693092"><ele>171.75</ele></trkpt>
   <trkpt lon="3.310445" lat="39.693364"><ele>169.5</ele></trkpt>
   <trkpt lon="3.308105" lat="39.693861"><ele>169.5</ele></trkpt>
   <trkpt lon="3.307227" lat="39.694030"><ele>172.5</ele></trkpt>
   <trkpt lon="3.306471" lat="39.694144"><ele>173.0</ele><sym>pass_place</sym><type>Shaping</type></trkpt>
   <trkpt lon="3.306471" lat="39.694145"><ele>173.0</ele></trkpt>
   <trkpt lon="3.305762" lat="39.694216"><ele>172.25</ele></trkpt>
   <trkpt lon="3.305115" lat="39.694253"><ele>172.5</ele></trkpt>
   <trkpt lon="3.304295" lat="39.694267"><ele>175.0</ele></trkpt>
   <trkpt lon="3.303356" lat="39.694227"><ele>177.0</ele></trkpt>
   <trkpt lon="3.302276" lat="39.694100"><ele>179.25</ele></trkpt>
   <trkpt lon="3.301331" lat="39.693970"><ele>180.5</ele></trkpt>
   <trkpt lon="3.300733" lat="39.693887"><ele>182.25</ele></trkpt>
   <trkpt lon="3.300645" lat="39.693875"><ele>182.5</ele></trkpt>
   <trkpt lon="3.297316" lat="39.693391"><ele>192.5</ele></trkpt>
   <trkpt lon="3.296858" lat="39.693324"><ele>193.5</ele></trkpt>
   <trkpt lon="3.296407" lat="39.693243"><ele>197.0</ele></trkpt>
   <trkpt lon="3.295932" lat="39.693141"><ele>199.0</ele></trkpt>
   <trkpt lon="3.294003" lat="39.692670"><ele>195.25</ele></trkpt>
   <trkpt lon="3.293478" lat="39.692567"><ele>189.75</ele></trkpt>
   <trkpt lon="3.293076" lat="39.692511"><ele>183.5</ele></trkpt>
   <trkpt lon="3.292666" lat="39.692471"><ele>180.75</ele></trkpt>
   <trkpt lon="3.292547" lat="39.692463"><ele>180.0</ele></trkpt>
   <trkpt lon="3.292075" lat="39.692452"><ele>175.25</ele></trkpt>
   <trkpt lon="3.291358" lat="39.692475"><ele>171.5</ele></trkpt>
   <trkpt lon="3.290782" lat="39.692543"><ele>168.0</ele></trkpt>
   <trkpt lon="3.290267" lat="39.692633"><ele>161.75</ele></trkpt>
   <trkpt lon="3.289827" lat="39.692738"><ele>161.5</ele></trkpt>
   <trkpt lon="3.289099" lat="39.692964"><ele>156.0</ele></trkpt>
   <trkpt lon="3.285690" lat="39.694098"><ele>138.5</ele></trkpt>
   <trkpt lon="3.285689" lat="39.694098"><ele>131.5</ele><sym>pass_place</sym><type>Shaping</type></trkpt>
   <trkpt lon="3.284408" lat="39.694511"><ele>131.5</ele></trkpt>
   <trkpt lon="3.284021" lat="39.694634"><ele>128.75</ele></trkpt>
   <trkpt lon="3.283335" lat="39.694806"><ele>126.75</ele></trkpt>
   <trkpt lon="3.282690" lat="39.694948"><ele>128.5</ele></trkpt>
   <trkpt lon="3.281685" lat="39.695110"><ele>130.5</ele></trkpt>
   <trkpt lon="3.280877" lat="39.695214"><ele>128.0</ele></trkpt>
   <trkpt lon="3.280092" lat="39.695281"><ele>126.25</ele></trkpt>
   <trkpt lon="3.278933" lat="39.695354"><ele>124.25</ele></trkpt>
   <trkpt lon="3.277984" lat="39.695435"><ele>125.25</ele></trkpt>
   <trkpt lon="3.276846" lat="39.695586"><ele>124.0</ele></trkpt>
   <trkpt lon="3.275728" lat="39.695786"><ele>122.25</ele></trkpt>
   <trkpt lon="3.274605" lat="39.696064"><ele>119.25</ele></trkpt>
   <trkpt lon="3.273674" lat="39.696318"><ele>117.25</ele></trkpt>
   <trkpt lon="3.272603" lat="39.696688"><ele>114.75</ele></trkpt>
   <trkpt lon="3.267230" lat="39.698755"><ele>100.25</ele></trkpt>
   <trkpt lon="3.266927" lat="39.698884"><ele>100.75</ele></trkpt>
   <trkpt lon="3.266662" lat="39.699008"><ele>98.0</ele></trkpt>
   <trkpt lon="3.266460" lat="39.699112"><ele>99.25</ele></trkpt>
   <trkpt lon="3.266268" lat="39.699225"><ele>98.75</ele></trkpt>
   <trkpt lon="3.266009" lat="39.699419"><ele>99.0</ele><sym>pass_place</sym><type>Shaping</type></trkpt>
   <trkpt lon="3.266009" lat="39.699420"><ele>99.0</ele></trkpt>
   <trkpt lon="3.265877" lat="39.699534"><ele>98.25</ele></trkpt>
   <trkpt lon="3.265594" lat="39.700070"><ele>96.5</ele></trkpt>
   <trkpt lon="3.265391" lat="39.700414"><ele>95.0</ele></trkpt>
   <trkpt lon="3.265380" lat="39.700433"><ele>94.75</ele></trkpt>
   <trkpt lon="3.265259" lat="39.700625"><ele>94.5</ele></trkpt>
   <trkpt lon="3.265195" lat="39.700722"><ele>94.0</ele></trkpt>
   <trkpt lon="3.265139" lat="39.700809"><ele>93.5</ele></trkpt>
   <trkpt lon="3.265001" lat="39.701014"><ele>93.25</ele></trkpt>
   <trkpt lon="3.264510" lat="39.701835"><ele>90.25</ele></trkpt>
   <trkpt lon="3.263909" lat="39.703045"><ele>87.75</ele></trkpt>
   <trkpt lon="3.263632" lat="39.703644"><ele>86.5</ele></trkpt>
   <trkpt lon="3.263548" lat="39.703864"><ele>86.25</ele></trkpt>
   <trkpt lon="3.263500" lat="39.704045"><ele>85.5</ele></trkpt>
   <trkpt lon="3.263460" lat="39.704282"><ele>84.25</ele></trkpt>
   <trkpt lon="3.263412" lat="39.704789"><ele>83.75</ele></trkpt>
   <trkpt lon="3.263354" lat="39.705254"><ele>83.75</ele></trkpt>
   <trkpt lon="3.263351" lat="39.705433"><ele>83.25</ele></trkpt>
   <trkpt lon="3.263366" lat="39.705548"><ele>82.75</ele></trkpt>
   <trkpt lon="3.263440" lat="39.706092"><ele>81.5</ele></trkpt>
   <trkpt lon="3.263471" lat="39.706390"><ele>81.0</ele></trkpt>
   <trkpt lon="3.263479" lat="39.706754"><ele>80.5</ele></trkpt>
   <trkpt lon="3.263445" lat="39.707863"><ele>77.25</ele></trkpt>
   <trkpt lon="3.263458" lat="39.708101"><ele>76.25</ele></trkpt>
   <trkpt lon="3.263513" lat="39.708351"><ele>75.75</ele></trkpt>
   <trkpt lon="3.263915" lat="39.709600"><ele>74.0</ele></trkpt>
   <trkpt lon="3.264063" lat="39.710017"><ele>74.0</ele></trkpt>
   <trkpt lon="3.264205" lat="39.710334"><ele>71.75</ele></trkpt>
   <trkpt lon="3.264991" lat="39.711776"><ele>67.5</ele></trkpt>
   <trkpt lon="3.266339" lat="39.714087"><ele>59.25</ele></trkpt>
   <trkpt lon="3.266657" lat="39.714729"><ele>56.0</ele><sym>pass_place</sym><type>Shaping</type></trkpt>
   <trkpt lon="3.266659" lat="39.714733"><ele>56.0</ele></trkpt>
   <trkpt lon="3.266808" lat="39.715013"><ele>53.75</ele></trkpt>
   <trkpt lon="3.266856" lat="39.715072"><ele>53.5</ele></trkpt>
   <trkpt lon="3.266922" lat="39.715121"><ele>53.0</ele></trkpt>
   <trkpt lon="3.267277" lat="39.715320"><ele>51.75</ele></trkpt>
   <trkpt lon="3.267539" lat="39.715455"><ele>51.5</ele></trkpt>
   <trkpt lon="3.267785" lat="39.715606"><ele>51.25</ele></trkpt>
   <trkpt lon="3.267877" lat="39.715676"><ele>51.25</ele></trkpt>
   <trkpt lon="3.267943" lat="39.715750"><ele>51.0</ele></trkpt>
   <trkpt lon="3.267979" lat="39.715840"><ele>51.0</ele></trkpt>
   <trkpt lon="3.267997" lat="39.715908"><ele>51.0</ele></trkpt>
   <trkpt lon="3.268005" lat="39.715974"><ele>51.0</ele></trkpt>
   <trkpt lon="3.268004" lat="39.716050"><ele>51.0</ele></trkpt>
   <trkpt lon="3.267962" lat="39.716479"><ele>51.0</ele></trkpt>
   <trkpt lon="3.267968" lat="39.716564"><ele>51.0</ele></trkpt>
   <trkpt lon="3.267993" lat="39.716629"><ele>51.25</ele></trkpt>
   <trkpt lon="3.268033" lat="39.716687"><ele>51.5</ele></trkpt>
   <trkpt lon="3.268140" lat="39.716781"><ele>52.25</ele></trkpt>
   <trkpt lon="3.268287" lat="39.716885"><ele>53.5</ele></trkpt>
   <trkpt lon="3.268737" lat="39.717160"><ele>56.5</ele></trkpt>
   <trkpt lon="3.270055" lat="39.717890"><ele>61.75</ele></trkpt>
   <trkpt lon="3.271205" lat="39.718541"><ele>66.5</ele></trkpt>
   <trkpt lon="3.271860" lat="39.718912"><ele>70.25</ele></trkpt>
   <trkpt lon="3.272451" lat="39.719250"><ele>72.75</ele></trkpt>
   <trkpt lon="3.273929" lat="39.720103"><ele>75.25</ele></trkpt>
   <trkpt lon="3.274480" lat="39.720404"><ele>75.5</ele></trkpt>
   <trkpt lon="3.275594" lat="39.721011"><ele>77.75</ele></trkpt>
   <trkpt lon="3.275744" lat="39.721106"><ele>79.0</ele></trkpt>
   <trkpt lon="3.275864" lat="39.721206"><ele>79.5</ele></trkpt>
   <trkpt lon="3.275964" lat="39.721334"><ele>79.25</ele></trkpt>
   <trkpt lon="3.276037" lat="39.721474"><ele>78.75</ele></trkpt>
   <trkpt lon="3.276434" lat="39.722361"><ele>74.5</ele></trkpt>
   <trkpt lon="3.276839" lat="39.723244"><ele>76.75</ele></trkpt>
   <trkpt lon="3.277225" lat="39.724085"><ele>79.0</ele></trkpt>
   <trkpt lon="3.277331" lat="39.724315"><ele>79.75</ele></trkpt>
   <trkpt lon="3.277804" lat="39.725334"><ele>76.75</ele></trkpt>
   <trkpt lon="3.277906" lat="39.725550"><ele>75.75</ele></trkpt>
   <trkpt lon="3.277999" lat="39.725747"><ele>77.0</ele></trkpt>
   <trkpt lon="3.278208" lat="39.726159"><ele>76.5</ele></trkpt>
   <trkpt lon="3.278463" lat="39.726620"><ele>74.0</ele></trkpt>
   <trkpt lon="3.278609" lat="39.726875"><ele>72.5</ele></trkpt>
   <trkpt lon="3.279111" lat="39.727746"><ele>65.75</ele></trkpt>
   <trkpt lon="3.279112" lat="39.727748"><ele>63.75</ele><sym>pass_place</sym><type>Shaping</type></trkpt>
   <trkpt lon="3.279283" lat="39.728043"><ele>63.75</ele></trkpt>
   <trkpt lon="3.279529" lat="39.728471"><ele>60.5</ele></trkpt>
   <trkpt lon="3.279708" lat="39.728782"><ele>58.5</ele></trkpt>
   <trkpt lon="3.279723" lat="39.728808"><ele>58.5</ele></trkpt>
   <trkpt lon="3.279847" lat="39.729028"><ele>56.5</ele></trkpt>
   <trkpt lon="3.280002" lat="39.729303"><ele>54.5</ele></trkpt>
   <trkpt lon="3.280433" lat="39.730064"><ele>49.5</ele></trkpt>
   <trkpt lon="3.280967" lat="39.730998"><ele>43.5</ele></trkpt>
   <trkpt lon="3.281039" lat="39.731123"><ele>42.5</ele></trkpt>
   <trkpt lon="3.281824" lat="39.732493"><ele>33.5</ele></trkpt>
   <trkpt lon="3.282408" lat="39.733515"><ele>29.0</ele><sym>u-turn_right</sym></trkpt>
   <trkpt lon="3.282411" lat="39.733511"><ele>32.5</ele><sym>pass_place</sym><type>Shaping</type></trkpt>
   <trkpt lon="3.282408" lat="39.733515"><ele>29.0</ele></trkpt>
   <trkpt lon="3.281824" lat="39.732493"><ele>33.5</ele></trkpt>
   <trkpt lon="3.281039" lat="39.731123"><ele>42.5</ele></trkpt>
   <trkpt lon="3.280967" lat="39.730998"><ele>43.5</ele></trkpt>
   <trkpt lon="3.280433" lat="39.730064"><ele>49.5</ele></trkpt>
   <trkpt lon="3.280002" lat="39.729303"><ele>54.5</ele></trkpt>
   <trkpt lon="3.279847" lat="39.729028"><ele>56.5</ele></trkpt>
   <trkpt lon="3.279723" lat="39.728808"><ele>58.5</ele></trkpt>
   <trkpt lon="3.279708" lat="39.728782"><ele>58.5</ele></trkpt>
   <trkpt lon="3.279529" lat="39.728471"><ele>60.5</ele></trkpt>
   <trkpt lon="3.279283" lat="39.728043"><ele>63.75</ele></trkpt>
   <trkpt lon="3.279111" lat="39.727746"><ele>65.75</ele></trkpt>
   <trkpt lon="3.278609" lat="39.726875"><ele>72.5</ele></trkpt>
   <trkpt lon="3.278463" lat="39.726620"><ele>74.0</ele></trkpt>
   <trkpt lon="3.278208" lat="39.726159"><ele>76.5</ele></trkpt>
   <trkpt lon="3.277999" lat="39.725747"><ele>77.0</ele></trkpt>
   <trkpt lon="3.277906" lat="39.725550"><ele>75.75</ele></trkpt>
   <trkpt lon="3.277804" lat="39.725334"><ele>76.75</ele></trkpt>
   <trkpt lon="3.277331" lat="39.724315"><ele>79.75</ele></trkpt>
   <trkpt lon="3.277225" lat="39.724085"><ele>79.0</ele></trkpt>
   <trkpt lon="3.276839" lat="39.723244"><ele>76.75</ele></trkpt>
   <trkpt lon="3.276434" lat="39.722361"><ele>74.5</ele></trkpt>
   <trkpt lon="3.276037" lat="39.721474"><ele>78.75</ele></trkpt>
   <trkpt lon="3.275964" lat="39.721334"><ele>79.25</ele></trkpt>
   <trkpt lon="3.275864" lat="39.721206"><ele>79.5</ele></trkpt>
   <trkpt lon="3.275744" lat="39.721106"><ele>79.0</ele></trkpt>
   <trkpt lon="3.275594" lat="39.721011"><ele>77.75</ele></trkpt>
   <trkpt lon="3.274480" lat="39.720404"><ele>75.5</ele></trkpt>
   <trkpt lon="3.273929" lat="39.720103"><ele>75.25</ele></trkpt>
   <trkpt lon="3.272451" lat="39.719250"><ele>72.75</ele></trkpt>
   <trkpt lon="3.272449" lat="39.719249"><ele>70.25</ele><sym>pass_place</sym><type>Shaping</type></trkpt>
   <trkpt lon="3.271860" lat="39.718912"><ele>70.25</ele></trkpt>
   <trkpt lon="3.271205" lat="39.718541"><ele>66.5</ele></trkpt>
   <trkpt lon="3.270055" lat="39.717890"><ele>61.75</ele></trkpt>
   <trkpt lon="3.268737" lat="39.717160"><ele>56.5</ele></trkpt>
   <trkpt lon="3.268287" lat="39.716885"><ele>53.5</ele></trkpt>
   <trkpt lon="3.268140" lat="39.716781"><ele>52.25</ele></trkpt>
   <trkpt lon="3.268033" lat="39.716687"><ele>51.5</ele></trkpt>
   <trkpt lon="3.267993" lat="39.716629"><ele>51.25</ele></trkpt>
   <trkpt lon="3.267968" lat="39.716564"><ele>51.0</ele></trkpt>
   <trkpt lon="3.267962" lat="39.716479"><ele>51.0</ele></trkpt>
   <trkpt lon="3.268004" lat="39.716050"><ele>51.25</ele></trkpt>
   <trkpt lon="3.268005" lat="39.715974"><ele>51.25</ele></trkpt>
   <trkpt lon="3.267997" lat="39.715908"><ele>51.25</ele></trkpt>
   <trkpt lon="3.267979" lat="39.715840"><ele>51.25</ele></trkpt>
   <trkpt lon="3.267943" lat="39.715750"><ele>51.25</ele></trkpt>
   <trkpt lon="3.267877" lat="39.715676"><ele>51.5</ele></trkpt>
   <trkpt lon="3.267785" lat="39.715606"><ele>51.5</ele></trkpt>
   <trkpt lon="3.267539" lat="39.715455"><ele>51.5</ele></trkpt>
   <trkpt lon="3.267277" lat="39.715320"><ele>51.75</ele></trkpt>
   <trkpt lon="3.266922" lat="39.715121"><ele>53.0</ele></trkpt>
   <trkpt lon="3.266856" lat="39.715072"><ele>53.5</ele></trkpt>
   <trkpt lon="3.266808" lat="39.715013"><ele>53.75</ele></trkpt>
   <trkpt lon="3.266659" lat="39.714733"><ele>56.0</ele></trkpt>
   <trkpt lon="3.266339" lat="39.714087"><ele>59.25</ele></trkpt>
   <trkpt lon="3.264991" lat="39.711776"><ele>67.5</ele></trkpt>
   <trkpt lon="3.264205" lat="39.710334"><ele>71.75</ele></trkpt>
   <trkpt lon="3.264063" lat="39.710017"><ele>74.0</ele></trkpt>
   <trkpt lon="3.263915" lat="39.709600"><ele>74.0</ele></trkpt>
   <trkpt lon="3.263513" lat="39.708351"><ele>75.75</ele></trkpt>
   <trkpt lon="3.263458" lat="39.708101"><ele>76.25</ele></trkpt>
   <trkpt lon="3.263445" lat="39.707863"><ele>77.25</ele></trkpt>
   <trkpt lon="3.263479" lat="39.706754"><ele>80.5</ele></trkpt>
   <trkpt lon="3.263471" lat="39.706390"><ele>81.0</ele></trkpt>
   <trkpt lon="3.263440" lat="39.706092"><ele>81.5</ele></trkpt>
   <trkpt lon="3.263366" lat="39.705549"><ele>82.75</ele><sym>pass_place</sym><type>Shaping</type></trkpt>
   <trkpt lon="3.263366" lat="39.705548"><ele>82.75</ele></trkpt>
   <trkpt lon="3.263351" lat="39.705433"><ele>83.25</ele></trkpt>
   <trkpt lon="3.263354" lat="39.705254"><ele>83.75</ele></trkpt>
   <trkpt lon="3.263412" lat="39.704789"><ele>83.75</ele></trkpt>
   <trkpt lon="3.263460" lat="39.704282"><ele>84.25</ele></trkpt>
   <trkpt lon="3.263500" lat="39.704045"><ele>85.5</ele></trkpt>
   <trkpt lon="3.263548" lat="39.703864"><ele>86.25</ele></trkpt>
   <trkpt lon="3.263632" lat="39.703644"><ele>86.5</ele></trkpt>
   <trkpt lon="3.263909" lat="39.703045"><ele>87.75</ele></trkpt>
   <trkpt lon="3.264510" lat="39.701835"><ele>90.25</ele></trkpt>
   <trkpt lon="3.265001" lat="39.701014"><ele>93.25</ele></trkpt>
   <trkpt lon="3.265050" lat="39.700873"><ele>93.5</ele></trkpt>
   <trkpt lon="3.265067" lat="39.700798"><ele>94.0</ele></trkpt>
   <trkpt lon="3.265032" lat="39.700695"><ele>94.75</ele></trkpt>
   <trkpt lon="3.264987" lat="39.700629"><ele>95.5</ele></trkpt>
   <trkpt lon="3.264924" lat="39.700578"><ele>96.0</ele></trkpt>
   <trkpt lon="3.264813" lat="39.700541"><ele>96.5</ele></trkpt>
   <trkpt lon="3.264769" lat="39.700535"><ele>96.75</ele></trkpt>
   <trkpt lon="3.264667" lat="39.700545"><ele>97.0</ele></trkpt>
   <trkpt lon="3.264479" lat="39.700583"><ele>96.75</ele></trkpt>
   <trkpt lon="3.263966" lat="39.700798"><ele>96.5</ele></trkpt>
   <trkpt lon="3.263425" lat="39.700960"><ele>96.25</ele></trkpt>
   <trkpt lon="3.263124" lat="39.701029"><ele>96.75</ele></trkpt>
   <trkpt lon="3.262811" lat="39.701076"><ele>97.75</ele></trkpt>
   <trkpt lon="3.262147" lat="39.701117"><ele>98.75</ele></trkpt>
   <trkpt lon="3.253111" lat="39.701395"><ele>94.75</ele></trkpt>
   <trkpt lon="3.252120" lat="39.701416"><ele>92.75</ele></trkpt>
   <trkpt lon="3.251580" lat="39.701427"><ele>92.5</ele></trkpt>
   <trkpt lon="3.251230" lat="39.701457"><ele>91.5</ele></trkpt>
   <trkpt lon="3.250893" lat="39.701492"><ele>90.75</ele></trkpt>
   <trkpt lon="3.250543" lat="39.701557"><ele>90.25</ele></trkpt>
   <trkpt lon="3.250539" lat="39.701557"><ele>90.0</ele><sym>pass_place</sym><type>Shaping</type></trkpt>
   <trkpt lon="3.250164" lat="39.701652"><ele>90.0</ele></trkpt>
   <trkpt lon="3.249805" lat="39.701783"><ele>89.5</ele></trkpt>
   <trkpt lon="3.249272" lat="39.702030"><ele>88.25</ele></trkpt>
   <trkpt lon="3.248442" lat="39.702499"><ele>86.0</ele></trkpt>
   <trkpt lon="3.246267" lat="39.703821"><ele>77.0</ele></trkpt>
   <trkpt lon="3.245994" lat="39.703954"><ele>76.0</ele></trkpt>
   <trkpt lon="3.245659" lat="39.704097"><ele>75.0</ele></trkpt>
   <trkpt lon="3.245176" lat="39.704259"><ele>73.5</ele></trkpt>
   <trkpt lon="3.244688" lat="39.704394"><ele>72.0</ele></trkpt>
   <trkpt lon="3.244430" lat="39.704449"><ele>71.75</ele></trkpt>
   <trkpt lon="3.244110" lat="39.704494"><ele>70.75</ele></trkpt>
   <trkpt lon="3.243706" lat="39.704532"><ele>70.0</ele></trkpt>
   <trkpt lon="3.243614" lat="39.704536"><ele>70.0</ele></trkpt>
   <trkpt lon="3.243456" lat="39.704545"><ele>69.25</ele></trkpt>
   <trkpt lon="3.243039" lat="39.704551"><ele>68.75</ele></trkpt>
   <trkpt lon="3.242505" lat="39.704525"><ele>68.0</ele></trkpt>
   <trkpt lon="3.241946" lat="39.704479"><ele>67.0</ele></trkpt>
   <trkpt lon="3.241102" lat="39.704400"><ele>65.75</ele></trkpt>
   <trkpt lon="3.239459" lat="39.704232"><ele>64.5</ele></trkpt>
   <trkpt lon="3.238925" lat="39.704203"><ele>63.0</ele></trkpt>
   <trkpt lon="3.238467" lat="39.704214"><ele>62.0</ele></trkpt>
   <trkpt lon="3.238064" lat="39.704260"><ele>60.5</ele></trkpt>
   <trkpt lon="3.237688" lat="39.704329"><ele>58.5</ele></trkpt>
   <trkpt lon="3.237325" lat="39.704427"><ele>58.5</ele></trkpt>
   <trkpt lon="3.236975" lat="39.704558"><ele>56.5</ele></trkpt>
   <trkpt lon="3.236542" lat="39.704738"><ele>56.5</ele></trkpt>
   <trkpt lon="3.235066" lat="39.705467"><ele>52.75</ele></trkpt>
   <trkpt lon="3.234924" lat="39.705532"><ele>52.5</ele></trkpt>
   <trkpt lon="3.234861" lat="39.705561"><ele>52.25</ele></trkpt>
   <trkpt lon="3.234211" lat="39.705861"><ele>51.5</ele></trkpt>
   <trkpt lon="3.233889" lat="39.705980"><ele>54.25</ele></trkpt>
   <trkpt lon="3.233641" lat="39.706044"><ele>52.0</ele></trkpt>
   <trkpt lon="3.233307" lat="39.706096"><ele>49.0</ele></trkpt>
   <trkpt lon="3.233002" lat="39.706108"><ele>48.0</ele></trkpt>
   <trkpt lon="3.232757" lat="39.706089"><ele>48.25</ele></trkpt>
   <trkpt lon="3.232457" lat="39.706040"><ele>48.5</ele></trkpt>
   <trkpt lon="3.232095" lat="39.705923"><ele>47.75</ele></trkpt>
   <trkpt lon="3.231706" lat="39.705722"><ele>44.25</ele></trkpt>
   <trkpt lon="3.231400" lat="39.705492"><ele>40.75</ele></trkpt>
   <trkpt lon="3.231398" lat="39.705489"><ele>39.0</ele><sym>pass_place</sym><type>Shaping</type></trkpt>
   <trkpt lon="3.231257" lat="39.705306"><ele>39.0</ele></trkpt>
   <trkpt lon="3.230814" lat="39.704697"><ele>33.75</ele></trkpt>
   <trkpt lon="3.230557" lat="39.704427"><ele>32.0</ele></trkpt>
   <trkpt lon="3.230385" lat="39.704295"><ele>30.75</ele></trkpt>
   <trkpt lon="3.230102" lat="39.704138"><ele>28.0</ele></trkpt>
   <trkpt lon="3.229816" lat="39.704024"><ele>25.25</ele></trkpt>
   <trkpt lon="3.229391" lat="39.703903"><ele>22.5</ele></trkpt>
   <trkpt lon="3.228210" lat="39.703615"><ele>16.0</ele></trkpt>
   <trkpt lon="3.226259" lat="39.703222"><ele>4.5</ele></trkpt>
   <trkpt lon="3.225774" lat="39.703146"><ele>4.25</ele></trkpt>
   <trkpt lon="3.225662" lat="39.703140"><ele>4.0</ele></trkpt>
   <trkpt lon="3.225517" lat="39.703146"><ele>3.5</ele></trkpt>
   <trkpt lon="3.225391" lat="39.703160"><ele>3.25</ele></trkpt>
   <trkpt lon="3.225173" lat="39.703222"><ele>3.75</ele></trkpt>
   <trkpt lon="3.225094" lat="39.703256"><ele>4.75</ele></trkpt>
   <trkpt lon="3.225011" lat="39.703303"><ele>6.25</ele></trkpt>
   <trkpt lon="3.224924" lat="39.703360"><ele>7.25</ele></trkpt>
   <trkpt lon="3.224868" lat="39.703418"><ele>7.5</ele></trkpt>
   <trkpt lon="3.224788" lat="39.703523"><ele>8.5</ele></trkpt>
   <trkpt lon="3.224736" lat="39.703613"><ele>9.5</ele><sym>stay_left</sym></trkpt>
   <trkpt lon="3.224658" lat="39.703836"><ele>11.75</ele></trkpt>
   <trkpt lon="3.224639" lat="39.704012"><ele>13.0</ele></trkpt>
   <trkpt lon="3.224638" lat="39.704184"><ele>14.25</ele></trkpt>
   <trkpt lon="3.224679" lat="39.704686"><ele>17.25</ele></trkpt>
   <trkpt lon="3.224665" lat="39.704895"><ele>18.75</ele></trkpt>
   <trkpt lon="3.224615" lat="39.705055"><ele>19.75</ele></trkpt>
   <trkpt lon="3.224538" lat="39.705223"><ele>20.25</ele></trkpt>
   <trkpt lon="3.224435" lat="39.705366"><ele>21.75</ele></trkpt>
   <trkpt lon="3.224344" lat="39.705470"><ele>22.25</ele></trkpt>
   <trkpt lon="3.224130" lat="39.705673"><ele>24.25</ele></trkpt>
   <trkpt lon="3.223678" lat="39.706049"><ele>27.75</ele></trkpt>
   <trkpt lon="3.223422" lat="39.706302"><ele>31.0</ele></trkpt>
   <trkpt lon="3.223261" lat="39.706523"><ele>32.75</ele></trkpt>
   <trkpt lon="3.223151" lat="39.706693"><ele>33.75</ele></trkpt>
   <trkpt lon="3.223077" lat="39.706880"><ele>33.75</ele></trkpt>
   <trkpt lon="3.223040" lat="39.707043"><ele>34.5</ele></trkpt>
   <trkpt lon="3.223027" lat="39.707207"><ele>35.75</ele></trkpt>
   <trkpt lon="3.223029" lat="39.707366"><ele>37.0</ele></trkpt>
   <trkpt lon="3.223109" lat="39.707917"><ele>39.5</ele></trkpt>
   <trkpt lon="3.223152" lat="39.708201"><ele>40.5</ele></trkpt>
   <trkpt lon="3.223166" lat="39.708459"><ele>41.0</ele></trkpt>
   <trkpt lon="3.223158" lat="39.708658"><ele>41.0</ele></trkpt>
   <trkpt lon="3.223134" lat="39.708820"><ele>41.75</ele></trkpt>
   <trkpt lon="3.223094" lat="39.708975"><ele>42.0</ele></trkpt>
   <trkpt lon="3.223005" lat="39.709213"><ele>42.25</ele></trkpt>
   <trkpt lon="3.222855" lat="39.709466"><ele>43.25</ele></trkpt>
   <trkpt lon="3.222712" lat="39.709669"><ele>43.0</ele></trkpt>
   <trkpt lon="3.222586" lat="39.709809"><ele>43.0</ele></trkpt>
   <trkpt lon="3.222427" lat="39.709959"><ele>43.0</ele></trkpt>
   <trkpt lon="3.222257" lat="39.710087"><ele>43.0</ele></trkpt>
   <trkpt lon="3.221979" lat="39.710279"><ele>43.75</ele></trkpt>
   <trkpt lon="3.221339" lat="39.710673"><ele>44.25</ele></trkpt>
   <trkpt lon="3.220677" lat="39.711105"><ele>44.0</ele></trkpt>
   <trkpt lon="3.219987" lat="39.711549"><ele>42.75</ele></trkpt>
   <trkpt lon="3.219708" lat="39.711752"><ele>42.5</ele></trkpt>
   <trkpt lon="3.219579" lat="39.711874"><ele>42.5</ele></trkpt>
   <trkpt lon="3.219255" lat="39.712180"><ele>43.0</ele><sym>pass_place</sym><type>Shaping</type></trkpt>
   <trkpt lon="3.217242" lat="39.714588"><ele>41.0</ele></trkpt>
   <trkpt lon="3.217209" lat="39.714629"><ele>41.0</ele></trkpt>
   <trkpt lon="3.215743" lat="39.716393"><ele>38.5</ele></trkpt>
   <trkpt lon="3.214237" lat="39.718173"><ele>38.0</ele></trkpt>
   <trkpt lon="3.214011" lat="39.718456"><ele>38.25</ele></trkpt>
   <trkpt lon="3.212637" lat="39.720085"><ele>36.0</ele></trkpt>
   <trkpt lon="3.211599" lat="39.721320"><ele>34.75</ele></trkpt>
   <trkpt lon="3.210615" lat="39.722510"><ele>34.0</ele></trkpt>
   <trkpt lon="3.210290" lat="39.722893"><ele>34.0</ele></trkpt>
   <trkpt lon="3.210183" lat="39.723055"><ele>33.75</ele></trkpt>
   <trkpt lon="3.210048" lat="39.723232"><ele>34.5</ele></trkpt>
   <trkpt lon="3.209960" lat="39.723347"><ele>35.0</ele></trkpt>
   <trkpt lon="3.209738" lat="39.723573"><ele>35.75</ele></trkpt>
   <trkpt lon="3.209707" lat="39.723605"><ele>35.75</ele></trkpt>
   <trkpt lon="3.209655" lat="39.723658"><ele>35.75</ele></trkpt>
   <trkpt lon="3.209330" lat="39.723924"><ele>35.25</ele></trkpt>
   <trkpt lon="3.209146" lat="39.724047"><ele>35.25</ele></trkpt>
   <trkpt lon="3.208931" lat="39.724173"><ele>34.25</ele></trkpt>
   <trkpt lon="3.208632" lat="39.724311"><ele>33.0</ele></trkpt>
   <trkpt lon="3.208556" lat="39.724334"><ele>32.75</ele></trkpt>
   <trkpt lon="3.208371" lat="39.724389"><ele>32.0</ele></trkpt>
   <trkpt lon="3.208279" lat="39.724429"><ele>32.0</ele></trkpt>
   <trkpt lon="3.205930" lat="39.725350"><ele>25.0</ele><sym>pass_place</sym><type>Shaping</type></trkpt>
   <trkpt lon="3.205926" lat="39.725352"><ele>25.0</ele></trkpt>
   <trkpt lon="3.204836" lat="39.725765"><ele>21.0</ele></trkpt>
   <trkpt lon="3.202832" lat="39.726541"><ele>23.25</ele></trkpt>
   <trkpt lon="3.202582" lat="39.726599"><ele>22.5</ele></trkpt>
   <trkpt lon="3.202363" lat="39.726613"><ele>22.25</ele></trkpt>
   <trkpt lon="3.202137" lat="39.726601"><ele>22.5</ele></trkpt>
   <trkpt lon="3.201931" lat="39.726557"><ele>23.25</ele></trkpt>
   <trkpt lon="3.201764" lat="39.726496"><ele>21.5</ele></trkpt>
   <trkpt lon="3.201600" lat="39.726402"><ele>19.5</ele></trkpt>
   <trkpt lon="3.201457" lat="39.726287"><ele>18.75</ele></trkpt>
   <trkpt lon="3.201314" lat="39.726134"><ele>17.5</ele></trkpt>
   <trkpt lon="3.201039" lat="39.725815"><ele>14.75</ele></trkpt>
   <trkpt lon="3.200648" lat="39.725340"><ele>11.5</ele></trkpt>
   <trkpt lon="3.200501" lat="39.725165"><ele>11.5</ele></trkpt>
   <trkpt lon="3.200188" lat="39.724833"><ele>8.0</ele></trkpt>
   <trkpt lon="3.199953" lat="39.724605"><ele>7.5</ele></trkpt>
   <trkpt lon="3.199826" lat="39.724529"><ele>7.5</ele></trkpt>
   <trkpt lon="3.199658" lat="39.724477"><ele>7.25</ele></trkpt>
   <trkpt lon="3.199521" lat="39.724467"><ele>7.25</ele></trkpt>
   <trkpt lon="3.199392" lat="39.724479"><ele>7.25</ele></trkpt>
   <trkpt lon="3.199240" lat="39.724510"><ele>7.25</ele></trkpt>
   <trkpt lon="3.199121" lat="39.724561"><ele>8.0</ele></trkpt>
   <trkpt lon="3.198988" lat="39.724647"><ele>10.5</ele></trkpt>
   <trkpt lon="3.198920" lat="39.724709"><ele>12.0</ele></trkpt>
   <trkpt lon="3.198845" lat="39.724818"><ele>14.0</ele></trkpt>
   <trkpt lon="3.198816" lat="39.724940"><ele>14.5</ele></trkpt>
   <trkpt lon="3.198813" lat="39.725093"><ele>15.0</ele></trkpt>
   <trkpt lon="3.199077" lat="39.726541"><ele>22.75</ele></trkpt>
   <trkpt lon="3.199052" lat="39.726819"><ele>22.25</ele></trkpt>
   <trkpt lon="3.198997" lat="39.726974"><ele>21.75</ele></trkpt>
   <trkpt lon="3.198921" lat="39.727085"><ele>22.0</ele></trkpt>
   <trkpt lon="3.198823" lat="39.727204"><ele>22.25</ele></trkpt>
   <trkpt lon="3.198690" lat="39.727312"><ele>23.0</ele></trkpt>
   <trkpt lon="3.198563" lat="39.727377"><ele>23.75</ele></trkpt>
   <trkpt lon="3.198330" lat="39.727479"><ele>25.0</ele></trkpt>
   <trkpt lon="3.197887" lat="39.727675"><ele>26.5</ele></trkpt>
   <trkpt lon="3.197784" lat="39.727720"><ele>26.75</ele></trkpt>
   <trkpt lon="3.197494" lat="39.727852"><ele>29.25</ele></trkpt>
   <trkpt lon="3.190879" lat="39.730749"><ele>39.0</ele><sym>pass_place</sym><type>Shaping</type></trkpt>
   <trkpt lon="3.190878" lat="39.730750"><ele>39.0</ele></trkpt>
   <trkpt lon="3.188558" lat="39.731783"><ele>36.75</ele></trkpt>
   <trkpt lon="3.188419" lat="39.731842"><ele>36.5</ele></trkpt>
   <trkpt lon="3.187384" lat="39.732290"><ele>35.75</ele></trkpt>
   <trkpt lon="3.184744" lat="39.733458"><ele>36.25</ele></trkpt>
   <trkpt lon="3.180621" lat="39.735260"><ele>33.75</ele></trkpt>
   <trkpt lon="3.173866" lat="39.738228"><ele>30.0</ele><sym>stay_right</sym></trkpt>
   <trkpt lon="3.171763" lat="39.739157"><ele>29.75</ele><sym>pass_place</sym><type>Shaping</type></trkpt>
   <trkpt lon="3.171429" lat="39.739339"><ele>29.0</ele></trkpt>
   <trkpt lon="3.171091" lat="39.739548"><ele>29.5</ele></trkpt>
   <trkpt lon="3.170749" lat="39.739791"><ele>29.5</ele></trkpt>
   <trkpt lon="3.170463" lat="39.740016"><ele>29.75</ele></trkpt>
   <trkpt lon="3.170221" lat="39.740255"><ele>30.0</ele></trkpt>
   <trkpt lon="3.170040" lat="39.740471"><ele>30.25</ele></trkpt>
   <trkpt lon="3.169775" lat="39.740832"><ele>29.75</ele></trkpt>
   <trkpt lon="3.169614" lat="39.741067"><ele>30.0</ele></trkpt>
   <trkpt lon="3.168761" lat="39.742398"><ele>29.25</ele></trkpt>
   <trkpt lon="3.166448" lat="39.745944"><ele>30.25</ele></trkpt>
   <trkpt lon="3.165979" lat="39.746603"><ele>27.75</ele></trkpt>
   <trkpt lon="3.165741" lat="39.746962"><ele>25.75</ele></trkpt>
   <trkpt lon="3.164462" lat="39.748929"><ele>12.5</ele></trkpt>
   <trkpt lon="3.164313" lat="39.749165"><ele>8.5</ele></trkpt>
   <trkpt lon="3.163816" lat="39.749918"><ele>6.25</ele></trkpt>
   <trkpt lon="3.163669" lat="39.750140"><ele>7.0</ele></trkpt>
   <trkpt lon="3.163376" lat="39.750565"><ele>7.75</ele></trkpt>
   <trkpt lon="3.162593" lat="39.751791"><ele>13.0</ele></trkpt>
   <trkpt lon="3.162362" lat="39.752113"><ele>12.25</ele></trkpt>
   <trkpt lon="3.162148" lat="39.752428"><ele>13.5</ele></trkpt>
   <trkpt lon="3.161920" lat="39.752698"><ele>15.25</ele></trkpt>
   <trkpt lon="3.161743" lat="39.752882"><ele>16.25</ele></trkpt>
   <trkpt lon="3.161524" lat="39.753106"><ele>17.5</ele></trkpt>
   <trkpt lon="3.161163" lat="39.753439"><ele>18.5</ele></trkpt>
   <trkpt lon="3.161161" lat="39.753440"><ele>18.75</ele><sym>pass_place</sym><type>Shaping</type></trkpt>
   <trkpt lon="3.161115" lat="39.753483"><ele>18.75</ele></trkpt>
   <trkpt lon="3.160422" lat="39.754133"><ele>19.5</ele></trkpt>
   <trkpt lon="3.159033" lat="39.755476"><ele>20.75</ele></trkpt>
   <trkpt lon="3.157632" lat="39.756798"><ele>21.0</ele></trkpt>
   <trkpt lon="3.157543" lat="39.756952"><ele>21.0</ele></trkpt>
   <trkpt lon="3.157488" lat="39.757088"><ele>21.0</ele><sym>roundabout_e1</sym></trkpt>
   <trkpt lon="3.157504" lat="39.757157"><ele>21.0</ele></trkpt>
   <trkpt lon="3.157500" lat="39.757196"><ele>21.0</ele></trkpt>
   <trkpt lon="3.157485" lat="39.757241"><ele>21.0</ele></trkpt>
   <trkpt lon="3.157455" lat="39.757280"><ele>21.0</ele></trkpt>
   <trkpt lon="3.157419" lat="39.757310"><ele>21.0</ele></trkpt>
   <trkpt lon="3.157384" lat="39.757332"><ele>21.25</ele></trkpt>
   <trkpt lon="3.157337" lat="39.757351"><ele>21.25</ele></trkpt>
   <trkpt lon="3.157265" lat="39.757361"><ele>21.25</ele></trkpt>
   <trkpt lon="3.157201" lat="39.757358"><ele>21.5</ele></trkpt>
   <trkpt lon="3.157055" lat="39.757424"><ele>22.0</ele></trkpt>
   <trkpt lon="3.156920" lat="39.757492"><ele>22.75</ele></trkpt>
   <trkpt lon="3.154627" lat="39.759677"><ele>21.0</ele></trkpt>
   <trkpt lon="3.154388" lat="39.759904"><ele>20.25</ele></trkpt>
   <trkpt lon="3.153512" lat="39.760747"><ele>17.25</ele></trkpt>
   <trkpt lon="3.153462" lat="39.760862"><ele>16.75</ele><sym>roundabout_e2</sym></trkpt>
   <trkpt lon="3.153457" lat="39.760904"><ele>16.5</ele></trkpt>
   <trkpt lon="3.153443" lat="39.760922"><ele>16.5</ele></trkpt>
   <trkpt lon="3.153424" lat="39.760935"><ele>16.5</ele></trkpt>
   <trkpt lon="3.153306" lat="39.761047"><ele>16.0</ele></trkpt>
   <trkpt lon="3.153089" lat="39.761254"><ele>15.75</ele></trkpt>
   <trkpt lon="3.152798" lat="39.761531"><ele>15.25</ele></trkpt>
   <trkpt lon="3.152716" lat="39.761609"><ele>15.0</ele></trkpt>
   <trkpt lon="3.152541" lat="39.761776"><ele>14.5</ele></trkpt>
   <trkpt lon="3.152417" lat="39.761895"><ele>14.0</ele></trkpt>
   <trkpt lon="3.152276" lat="39.762029"><ele>13.5</ele></trkpt>
   <trkpt lon="3.151996" lat="39.762296"><ele>13.25</ele></trkpt>
   <trkpt lon="3.151615" lat="39.762659"><ele>13.0</ele></trkpt>
   <trkpt lon="3.151514" lat="39.762754"><ele>13.0</ele></trkpt>
   <trkpt lon="3.151475" lat="39.762792"><ele>12.75</ele><sym>right</sym></trkpt>
   <trkpt lon="3.152060" lat="39.763468"><ele>10.0</ele></trkpt>
   <trkpt lon="3.152186" lat="39.763615"><ele>9.75</ele></trkpt>
   <trkpt lon="3.152590" lat="39.764078"><ele>8.0</ele></trkpt>
   <trkpt lon="3.153295" lat="39.764892"><ele>6.0</ele><sym>left</sym></trkpt>
   <trkpt lon="3.152948" lat="39.765073"><ele>6.5</ele></trkpt>
   <trkpt lon="3.152620" lat="39.765244"><ele>6.0</ele></trkpt>
   <trkpt lon="3.152059" lat="39.765535"><ele>5.0</ele></trkpt>
   <trkpt lon="3.151510" lat="39.765821"><ele>4.0</ele><sym>pass_place</sym><type>Shaping</type></trkpt>
   <trkpt lon="3.151509" lat="39.765822"><ele>4.0</ele></trkpt>
   <trkpt lon="3.150943" lat="39.766133"><ele>3.75</ele></trkpt>
   <trkpt lon="3.150442" lat="39.766400"><ele>3.0</ele></trkpt>
   <trkpt lon="3.150386" lat="39.766430"><ele>3.0</ele></trkpt>
   <trkpt lon="3.150315" lat="39.766466"><ele>3.0</ele></trkpt>
   <trkpt lon="3.149874" lat="39.766689"><ele>3.25</ele></trkpt>
   <trkpt lon="3.149819" lat="39.766720"><ele>3.5</ele></trkpt>
   <trkpt lon="3.149755" lat="39.766752"><ele>3.5</ele></trkpt>
   <trkpt lon="3.149486" lat="39.766884"><ele>3.75</ele></trkpt>
   <trkpt lon="3.149427" lat="39.766916"><ele>4.0</ele></trkpt>
   <trkpt lon="3.149364" lat="39.766950"><ele>4.25</ele></trkpt>
   <trkpt lon="3.149025" lat="39.767130"><ele>4.5</ele></trkpt>
   <trkpt lon="3.148700" lat="39.767378"><ele>5.25</ele></trkpt>
   <trkpt lon="3.148296" lat="39.767706"><ele>6.0</ele></trkpt>
   <trkpt lon="3.147968" lat="39.767973"><ele>5.25</ele></trkpt>
   <trkpt lon="3.147713" lat="39.768190"><ele>4.5</ele></trkpt>
   <trkpt lon="3.147147" lat="39.768653"><ele>3.75</ele></trkpt>
   <trkpt lon="3.146710" lat="39.769010"><ele>3.25</ele></trkpt>
   <trkpt lon="3.146312" lat="39.769336"><ele>3.0</ele></trkpt>
   <trkpt lon="3.146255" lat="39.769382"><ele>3.0</ele></trkpt>
   <trkpt lon="3.146230" lat="39.769435"><ele>3.0</ele></trkpt>
   <trkpt lon="3.146216" lat="39.769465"><ele>3.0</ele></trkpt>
   <trkpt lon="3.145942" lat="39.769706"><ele>2.75</ele></trkpt>
   <trkpt lon="3.145894" lat="39.769748"><ele>2.75</ele></trkpt>
   <trkpt lon="3.145243" lat="39.770303"><ele>3.0</ele></trkpt>
   <trkpt lon="3.145201" lat="39.770339"><ele>3.25</ele></trkpt>
   <trkpt lon="3.144547" lat="39.770855"><ele>2.25</ele></trkpt>
   <trkpt lon="3.144429" lat="39.770946"><ele>2.25</ele></trkpt>
   <trkpt lon="3.144345" lat="39.771015"><ele>2.5</ele></trkpt>
   <trkpt lon="3.143413" lat="39.771791"><ele>2.0</ele><sym>left_slight</sym></trkpt>
   <trkpt lon="3.143307" lat="39.771760"><ele>2.0</ele></trkpt>
   <trkpt lon="3.143221" lat="39.771733"><ele>1.75</ele></trkpt>
   <trkpt lon="3.142699" lat="39.771568"><ele>1.5</ele></trkpt>
   <trkpt lon="3.142474" lat="39.771534"><ele>1.5</ele></trkpt>
   <trkpt lon="3.142430" lat="39.771528"><ele>1.5</ele><sym>roundabout_e2</sym></trkpt>
   <trkpt lon="3.142409" lat="39.771555"><ele>1.5</ele></trkpt>
   <trkpt lon="3.142352" lat="39.771599"><ele>1.5</ele></trkpt>
   <trkpt lon="3.142266" lat="39.771626"><ele>1.75</ele></trkpt>
   <trkpt lon="3.142213" lat="39.771628"><ele>1.75</ele></trkpt>
   <trkpt lon="3.142161" lat="39.771622"><ele>1.75</ele></trkpt>
   <trkpt lon="3.142042" lat="39.771673"><ele>2.0</ele></trkpt>
   <trkpt lon="3.141905" lat="39.771762"><ele>1.75</ele></trkpt>
   <trkpt lon="3.141823" lat="39.771842"><ele>1.75</ele></trkpt>
   <trkpt lon="3.140789" lat="39.772832"><ele>2.0</ele></trkpt>
   <trkpt lon="3.140686" lat="39.772925"><ele>1.75</ele></trkpt>
   <trkpt lon="3.140412" lat="39.773154"><ele>1.5</ele></trkpt>
   <trkpt lon="3.140177" lat="39.773339"><ele>2.0</ele></trkpt>
   <trkpt lon="3.139741" lat="39.773664"><ele>1.75</ele></trkpt>
   <trkpt lon="3.139656" lat="39.773727"><ele>1.75</ele></trkpt>
   <trkpt lon="3.139456" lat="39.773883"><ele>1.0</ele></trkpt>
   <trkpt lon="3.139149" lat="39.774121"><ele>1.75</ele></trkpt>
   <trkpt lon="3.138521" lat="39.774595"><ele>1.0</ele></trkpt>
   <trkpt lon="3.138413" lat="39.774677"><ele>1.0</ele></trkpt>
   <trkpt lon="3.134221" lat="39.777841"><ele>1.25</ele><sym>pass_place</sym><type>Shaping</type></trkpt>
   <trkpt lon="3.134218" lat="39.777844"><ele>1.25</ele></trkpt>
   <trkpt lon="3.133565" lat="39.778406"><ele>1.75</ele></trkpt>
   <trkpt lon="3.132946" lat="39.778983"><ele>1.5</ele></trkpt>
   <trkpt lon="3.132270" lat="39.779607"><ele>1.5</ele></trkpt>
   <trkpt lon="3.131761" lat="39.780080"><ele>1.5</ele></trkpt>
   <trkpt lon="3.131032" lat="39.780839"><ele>1.5</ele></trkpt>
   <trkpt lon="3.129749" lat="39.782120"><ele>1.0</ele></trkpt>
   <trkpt lon="3.129511" lat="39.782432"><ele>1.0</ele></trkpt>
   <trkpt lon="3.127685" lat="39.785047"><ele>1.75</ele></trkpt>
   <trkpt lon="3.127147" lat="39.785824"><ele>2.0</ele></trkpt>
   <trkpt lon="3.126746" lat="39.786388"><ele>2.25</ele></trkpt>
   <trkpt lon="3.126528" lat="39.786671"><ele>1.5</ele></trkpt>
   <trkpt lon="3.125154" lat="39.788444"><ele>1.5</ele></trkpt>
   <trkpt lon="3.124989" lat="39.788651"><ele>1.75</ele></trkpt>
   <trkpt lon="3.124878" lat="39.788801"><ele>1.75</ele></trkpt>
   <trkpt lon="3.124816" lat="39.788882"><ele>1.75</ele></trkpt>
   <trkpt lon="3.124451" lat="39.789343"><ele>2.5</ele></trkpt>
   <trkpt lon="3.122907" lat="39.791335"><ele>2.25</ele></trkpt>
   <trkpt lon="3.122741" lat="39.791586"><ele>1.75</ele></trkpt>
   <trkpt lon="3.122740" lat="39.791590"><ele>1.75</ele><sym>pass_place</sym><type>Shaping</type></trkpt>
   <trkpt lon="3.122702" lat="39.791767"><ele>1.75</ele></trkpt>
   <trkpt lon="3.122689" lat="39.791802"><ele>1.75</ele><sym>roundabout_e1</sym></trkpt>
   <trkpt lon="3.122720" lat="39.791822"><ele>1.75</ele></trkpt>
   <trkpt lon="3.122743" lat="39.791852"><ele>1.75</ele></trkpt>
   <trkpt lon="3.122810" lat="39.791902"><ele>2.0</ele></trkpt>
   <trkpt lon="3.122873" lat="39.791936"><ele>2.0</ele></trkpt>
   <trkpt lon="3.122896" lat="39.791947"><ele>2.0</ele></trkpt>
   <trkpt lon="3.122943" lat="39.791958"><ele>2.0</ele></trkpt>
   <trkpt lon="3.122977" lat="39.791965"><ele>2.0</ele><sym>roundabout_e3</sym></trkpt>
   <trkpt lon="3.123008" lat="39.791949"><ele>2.0</ele></trkpt>
   <trkpt lon="3.123041" lat="39.791942"><ele>2.0</ele></trkpt>
   <trkpt lon="3.123075" lat="39.791943"><ele>2.0</ele></trkpt>
   <trkpt lon="3.123107" lat="39.791952"><ele>2.0</ele></trkpt>
   <trkpt lon="3.123134" lat="39.791968"><ele>2.0</ele></trkpt>
   <trkpt lon="3.123154" lat="39.791990"><ele>2.0</ele></trkpt>
   <trkpt lon="3.123163" lat="39.792015"><ele>2.0</ele></trkpt>
   <trkpt lon="3.123154" lat="39.792061"><ele>2.0</ele></trkpt>
   <trkpt lon="3.123119" lat="39.792094"><ele>2.0</ele></trkpt>
   <trkpt lon="3.123094" lat="39.792105"><ele>2.0</ele></trkpt>
   <trkpt lon="3.123108" lat="39.792153"><ele>2.0</ele></trkpt>
   <trkpt lon="3.123016" lat="39.792312"><ele>1.5</ele></trkpt>
   <trkpt lon="3.122947" lat="39.792376"><ele>1.5</ele></trkpt>
   <trkpt lon="3.122325" lat="39.792601"><ele>2.0</ele></trkpt>
   <trkpt lon="3.122214" lat="39.792642"><ele>1.75</ele></trkpt>
   <trkpt lon="3.121342" lat="39.794090"><ele>1.75</ele></trkpt>
   <trkpt lon="3.121009" lat="39.794643"><ele>1.0</ele></trkpt>
   <trkpt lon="3.120748" lat="39.795369"><ele>1.75</ele></trkpt>
   <trkpt lon="3.120715" lat="39.795453"><ele>1.5</ele></trkpt>
   <trkpt lon="3.120743" lat="39.795641"><ele>1.25</ele></trkpt>
   <trkpt lon="3.120656" lat="39.796151"><ele>1.0</ele></trkpt>
   <trkpt lon="3.120361" lat="39.796941"><ele>1.75</ele></trkpt>
   <trkpt lon="3.120261" lat="39.797213"><ele>2.0</ele></trkpt>
   <trkpt lon="3.120240" lat="39.797289"><ele>1.75</ele></trkpt>
   <trkpt lon="3.119971" lat="39.798132"><ele>1.75</ele></trkpt>
   <trkpt lon="3.119861" lat="39.798474"><ele>1.75</ele></trkpt>
   <trkpt lon="3.119711" lat="39.798972"><ele>1.75</ele></trkpt>
   <trkpt lon="3.119677" lat="39.799036"><ele>1.75</ele></trkpt>
   <trkpt lon="3.119655" lat="39.799067"><ele>1.75</ele></trkpt>
   <trkpt lon="3.119623" lat="39.799113"><ele>1.75</ele></trkpt>
   <trkpt lon="3.119611" lat="39.799129"><ele>1.75</ele></trkpt>
   <trkpt lon="3.119560" lat="39.799165"><ele>1.75</ele><sym>roundabout_e2</sym></trkpt>
   <trkpt lon="3.119553" lat="39.799196"><ele>2.0</ele></trkpt>
   <trkpt lon="3.119536" lat="39.799224"><ele>2.0</ele></trkpt>
   <trkpt lon="3.119509" lat="39.799248"><ele>2.0</ele></trkpt>
   <trkpt lon="3.119471" lat="39.799266"><ele>2.0</ele></trkpt>
   <trkpt lon="3.119427" lat="39.799275"><ele>1.75</ele></trkpt>
   <trkpt lon="3.119402" lat="39.799359"><ele>1.75</ele></trkpt>
   <trkpt lon="3.119301" lat="39.799578"><ele>1.75</ele></trkpt>
   <trkpt lon="3.119048" lat="39.800386"><ele>1.75</ele></trkpt>
   <trkpt lon="3.118874" lat="39.800928"><ele>2.0</ele></trkpt>
   <trkpt lon="3.118790" lat="39.801172"><ele>2.0</ele></trkpt>
   <trkpt lon="3.118754" lat="39.801361"><ele>2.75</ele></trkpt>
   <trkpt lon="3.118553" lat="39.801983"><ele>3.0</ele></trkpt>
   <trkpt lon="3.118496" lat="39.802155"><ele>3.0</ele></trkpt>
   <trkpt lon="3.118452" lat="39.802303"><ele>3.0</ele></trkpt>
   <trkpt lon="3.118431" lat="39.802369"><ele>3.0</ele></trkpt>
   <trkpt lon="3.118388" lat="39.802452"><ele>3.0</ele></trkpt>
   <trkpt lon="3.118349" lat="39.802560"><ele>3.0</ele></trkpt>
   <trkpt lon="3.118075" lat="39.803418"><ele>3.0</ele></trkpt>
   <trkpt lon="3.117995" lat="39.803662"><ele>3.0</ele></trkpt>
   <trkpt lon="3.117952" lat="39.803818"><ele>3.0</ele></trkpt>
   <trkpt lon="3.117938" lat="39.803899"><ele>2.75</ele></trkpt>
   <trkpt lon="3.117912" lat="39.804010"><ele>3.0</ele><sym>roundabout_e3</sym></trkpt>
   <trkpt lon="3.117952" lat="39.804039"><ele>3.0</ele></trkpt>
   <trkpt lon="3.117964" lat="39.804052"><ele>3.0</ele></trkpt>
   <trkpt lon="3.117990" lat="39.804090"><ele>3.0</ele></trkpt>
   <trkpt lon="3.118003" lat="39.804147"><ele>2.75</ele></trkpt>
   <trkpt lon="3.117991" lat="39.804204"><ele>3.0</ele></trkpt>
   <trkpt lon="3.117954" lat="39.804255"><ele>3.0</ele></trkpt>
   <trkpt lon="3.117914" lat="39.804284"><ele>3.0</ele></trkpt>
   <trkpt lon="3.117859" lat="39.804458"><ele>3.0</ele></trkpt>
   <trkpt lon="3.117423" lat="39.805866"><ele>3.0</ele></trkpt>
   <trkpt lon="3.117265" lat="39.806351"><ele>3.0</ele></trkpt>
   <trkpt lon="3.116858" lat="39.807609"><ele>3.0</ele></trkpt>
   <trkpt lon="3.116857" lat="39.807609"><ele>2.75</ele><sym>pass_place</sym><type>Shaping</type></trkpt>
   <trkpt lon="3.116798" lat="39.807796"><ele>2.75</ele></trkpt>
   <trkpt lon="3.116694" lat="39.808092"><ele>2.0</ele></trkpt>
   <trkpt lon="3.116614" lat="39.808318"><ele>2.75</ele></trkpt>
   <trkpt lon="3.116588" lat="39.808401"><ele>2.75</ele></trkpt>
   <trkpt lon="3.116556" lat="39.808463"><ele>2.75</ele></trkpt>
   <trkpt lon="3.116549" lat="39.808499"><ele>2.75</ele></trkpt>
   <trkpt lon="3.116527" lat="39.808598"><ele>2.75</ele></trkpt>
   <trkpt lon="3.116309" lat="39.809230"><ele>2.0</ele></trkpt>
   <trkpt lon="3.116134" lat="39.809814"><ele>2.0</ele></trkpt>
   <trkpt lon="3.116108" lat="39.809892"><ele>2.0</ele></trkpt>
   <trkpt lon="3.116076" lat="39.809985"><ele>2.0</ele></trkpt>
   <trkpt lon="3.116048" lat="39.810063"><ele>2.0</ele></trkpt>
   <trkpt lon="3.116020" lat="39.810153"><ele>2.25</ele></trkpt>
   <trkpt lon="3.115688" lat="39.811159"><ele>2.0</ele></trkpt>
   <trkpt lon="3.115370" lat="39.812180"><ele>2.0</ele></trkpt>
   <trkpt lon="3.115358" lat="39.812217"><ele>2.0</ele></trkpt>
   <trkpt lon="3.115189" lat="39.812716"><ele>2.0</ele></trkpt>
   <trkpt lon="3.115085" lat="39.813078"><ele>2.25</ele><sym>left_slight</sym></trkpt>
   <trkpt lon="3.115061" lat="39.813149"><ele>2.0</ele></trkpt>
   <trkpt lon="3.115023" lat="39.813188"><ele>2.0</ele><sym>roundabout_e2</sym></trkpt>
   <trkpt lon="3.115043" lat="39.813219"><ele>2.0</ele></trkpt>
   <trkpt lon="3.115047" lat="39.813256"><ele>2.0</ele></trkpt>
   <trkpt lon="3.115035" lat="39.813291"><ele>2.0</ele></trkpt>
   <trkpt lon="3.115007" lat="39.813321"><ele>2.0</ele></trkpt>
   <trkpt lon="3.114979" lat="39.813337"><ele>2.0</ele></trkpt>
   <trkpt lon="3.114986" lat="39.813377"><ele>2.0</ele></trkpt>
   <trkpt lon="3.114974" lat="39.813424"><ele>2.0</ele></trkpt>
   <trkpt lon="3.114737" lat="39.814119"><ele>2.0</ele></trkpt>
   <trkpt lon="3.114663" lat="39.814338"><ele>2.0</ele></trkpt>
   <trkpt lon="3.114484" lat="39.814967"><ele>2.0</ele></trkpt>
   <trkpt lon="3.114477" lat="39.814989"><ele>2.0</ele></trkpt>
   <trkpt lon="3.114456" lat="39.815076"><ele>2.0</ele></trkpt>
   <trkpt lon="3.114397" lat="39.815118"><ele>2.0</ele><sym>roundabout_e2</sym></trkpt>
   <trkpt lon="3.114381" lat="39.815166"><ele>2.0</ele></trkpt>
   <trkpt lon="3.114367" lat="39.815182"><ele>2.0</ele></trkpt>
   <trkpt lon="3.114377" lat="39.815269"><ele>2.0</ele></trkpt>
   <trkpt lon="3.114356" lat="39.815347"><ele>2.0</ele></trkpt>
   <trkpt lon="3.114315" lat="39.815466"><ele>2.0</ele></trkpt>
   <trkpt lon="3.114237" lat="39.815689"><ele>2.0</ele></trkpt>
   <trkpt lon="3.114157" lat="39.815943"><ele>2.0</ele></trkpt>
   <trkpt lon="3.114131" lat="39.816028"><ele>2.0</ele></trkpt>
   <trkpt lon="3.114114" lat="39.816116"><ele>2.0</ele></trkpt>
   <trkpt lon="3.114051" lat="39.816366"><ele>2.0</ele></trkpt>
   <trkpt lon="3.114013" lat="39.816610"><ele>2.0</ele></trkpt>
   <trkpt lon="3.114017" lat="39.816990"><ele>1.5</ele></trkpt>
   <trkpt lon="3.114166" lat="39.817875"><ele>1.0</ele></trkpt>
   <trkpt lon="3.114177" lat="39.817945"><ele>1.0</ele></trkpt>
   <trkpt lon="3.114185" lat="39.818013"><ele>1.0</ele></trkpt>
   <trkpt lon="3.114211" lat="39.818161"><ele>1.0</ele></trkpt>
   <trkpt lon="3.114418" lat="39.819172"><ele>1.0</ele></trkpt>
   <trkpt lon="3.114572" lat="39.820030"><ele>1.0</ele></trkpt>
   <trkpt lon="3.114586" lat="39.820107"><ele>1.0</ele></trkpt>
   <trkpt lon="3.114610" lat="39.820239"><ele>1.0</ele></trkpt>
   <trkpt lon="3.114673" lat="39.820376"><ele>1.0</ele></trkpt>
   <trkpt lon="3.114996" lat="39.822297"><ele>1.0</ele></trkpt>
   <trkpt lon="3.115026" lat="39.822476"><ele>1.0</ele></trkpt>
   <trkpt lon="3.115052" lat="39.822625"><ele>1.0</ele></trkpt>
   <trkpt lon="3.115226" lat="39.823675"><ele>1.0</ele></trkpt>
   <trkpt lon="3.115226" lat="39.823679"><ele>1.0</ele><sym>pass_place</sym><type>Shaping</type></trkpt>
   <trkpt lon="3.115375" lat="39.824563"><ele>1.0</ele></trkpt>
   <trkpt lon="3.115400" lat="39.824716"><ele>1.0</ele></trkpt>
   <trkpt lon="3.115429" lat="39.824882"><ele>1.0</ele></trkpt>
   <trkpt lon="3.115474" lat="39.825132"><ele>1.0</ele></trkpt>
   <trkpt lon="3.115579" lat="39.825724"><ele>1.0</ele></trkpt>
   <trkpt lon="3.115680" lat="39.826295"><ele>1.0</ele></trkpt>
   <trkpt lon="3.115797" lat="39.826901"><ele>1.0</ele></trkpt>
   <trkpt lon="3.115980" lat="39.827941"><ele>1.0</ele></trkpt>
   <trkpt lon="3.116005" lat="39.828078"><ele>1.0</ele></trkpt>
   <trkpt lon="3.116037" lat="39.828229"><ele>1.0</ele></trkpt>
   <trkpt lon="3.116108" lat="39.828547"><ele>1.0</ele></trkpt>
   <trkpt lon="3.116169" lat="39.828713"><ele>1.0</ele></trkpt>
   <trkpt lon="3.116232" lat="39.828891"><ele>1.0</ele></trkpt>
   <trkpt lon="3.116519" lat="39.829772"><ele>1.0</ele></trkpt>
   <trkpt lon="3.116718" lat="39.830381"><ele>1.0</ele></trkpt>
   <trkpt lon="3.116769" lat="39.830536"><ele>1.0</ele></trkpt>
   <trkpt lon="3.117062" lat="39.831428"><ele>1.0</ele><sym>left_slight</sym></trkpt>
   <trkpt lon="3.117089" lat="39.831510"><ele>1.25</ele></trkpt>
   <trkpt lon="3.117068" lat="39.831577"><ele>1.0</ele><sym>roundabout_e2</sym></trkpt>
   <trkpt lon="3.117092" lat="39.831601"><ele>1.0</ele></trkpt>
   <trkpt lon="3.117108" lat="39.831630"><ele>1.0</ele></trkpt>
   <trkpt lon="3.117107" lat="39.831671"><ele>1.0</ele></trkpt>
   <trkpt lon="3.117097" lat="39.831689"><ele>1.0</ele></trkpt>
   <trkpt lon="3.117156" lat="39.831727"><ele>1.0</ele></trkpt>
   <trkpt lon="3.117168" lat="39.831761"><ele>1.0</ele></trkpt>
   <trkpt lon="3.117180" lat="39.831800"><ele>1.0</ele></trkpt>
   <trkpt lon="3.117188" lat="39.831823"><ele>1.0</ele></trkpt>
   <trkpt lon="3.117466" lat="39.832687"><ele>1.0</ele></trkpt>
   <trkpt lon="3.117722" lat="39.833422"><ele>1.0</ele></trkpt>
   <trkpt lon="3.117773" lat="39.833571"><ele>1.0</ele></trkpt>
   <trkpt lon="3.117832" lat="39.833765"><ele>1.25</ele></trkpt>
   <trkpt lon="3.117967" lat="39.834208"><ele>1.0</ele></trkpt>
   <trkpt lon="3.118215" lat="39.834881"><ele>1.0</ele></trkpt>
   <trkpt lon="3.118335" lat="39.835102"><ele>1.0</ele></trkpt>
   <trkpt lon="3.118409" lat="39.835236"><ele>1.0</ele></trkpt>
   <trkpt lon="3.118563" lat="39.835468"><ele>1.0</ele></trkpt>
   <trkpt lon="3.118791" lat="39.835812"><ele>1.0</ele></trkpt>
   <trkpt lon="3.118901" lat="39.836014"><ele>1.0</ele></trkpt>
   <trkpt lon="3.119296" lat="39.836680"><ele>1.0</ele></trkpt>
   <trkpt lon="3.119692" lat="39.837325"><ele>1.0</ele></trkpt>
   <trkpt lon="3.119947" lat="39.837740"><ele>1.0</ele></trkpt>
   <trkpt lon="3.120088" lat="39.837970"><ele>1.0</ele></trkpt>
   <trkpt lon="3.120198" lat="39.838143"><ele>1.0</ele></trkpt>
   <trkpt lon="3.120475" lat="39.838625"><ele>1.0</ele></trkpt>
   <trkpt lon="3.120529" lat="39.838707"><ele>1.0</ele></trkpt>
   <trkpt lon="3.120805" lat="39.839090"><ele>1.0</ele></trkpt>
   <trkpt lon="3.121110" lat="39.839469"><ele>1.0</ele><sym>pass_place</sym><type>Shaping</type></trkpt>
   <trkpt lon="3.121114" lat="39.839473"><ele>1.0</ele></trkpt>
   <trkpt lon="3.121238" lat="39.839572"><ele>1.0</ele></trkpt>
   <trkpt lon="3.121475" lat="39.839695"><ele>1.0</ele></trkpt>
   <trkpt lon="3.121641" lat="39.839781"><ele>1.0</ele></trkpt>
   <trkpt lon="3.122183" lat="39.839952"><ele>1.0</ele></trkpt>
   <trkpt lon="3.123448" lat="39.840220"><ele>1.0</ele></trkpt>
   <trkpt lon="3.124125" lat="39.840356"><ele>1.0</ele></trkpt>
   <trkpt lon="3.124614" lat="39.840449"><ele>1.0</ele></trkpt>
   <trkpt lon="3.125287" lat="39.840575"><ele>1.0</ele></trkpt>
   <trkpt lon="3.125437" lat="39.840607"><ele>1.0</ele></trkpt>
   <trkpt lon="3.125475" lat="39.840616"><ele>1.0</ele><sym>left</sym></trkpt>
   <trkpt lon="3.125451" lat="39.840690"><ele>1.0</ele><sym>straight</sym></trkpt>
   <trkpt lon="3.125430" lat="39.840741"><ele>1.0</ele></trkpt>
   <trkpt lon="3.125422" lat="39.840760"><ele>1.0</ele></trkpt>
   <trkpt lon="3.125401" lat="39.840813"><ele>1.0</ele></trkpt>
   <trkpt lon="3.125367" lat="39.840910"><ele>1.0</ele></trkpt>
   <trkpt lon="3.125262" lat="39.841210"><ele>1.0</ele></trkpt>
   <trkpt lon="3.125177" lat="39.841454"><ele>0.75</ele></trkpt>
   <trkpt lon="3.125143" lat="39.841549"><ele>1.0</ele><sym>right_slight</sym></trkpt>
   <trkpt lon="3.125219" lat="39.841573"><ele>1.0</ele></trkpt>
   <trkpt lon="3.125355" lat="39.841617"><ele>1.0</ele></trkpt>
   <trkpt lon="3.126141" lat="39.841873"><ele>1.0</ele></trkpt>
   <trkpt lon="3.126376" lat="39.841948"><ele>1.0</ele></trkpt>
   <trkpt lon="3.126568" lat="39.842010"><ele>1.0</ele></trkpt>
   <trkpt lon="3.126673" lat="39.842049"><ele>1.0</ele></trkpt>
   <trkpt lon="3.127059" lat="39.842183"><ele>1.0</ele></trkpt>
   <trkpt lon="3.127456" lat="39.842320"><ele>1.0</ele></trkpt>
   <trkpt lon="3.128088" lat="39.842555"><ele>1.0</ele></trkpt>
   <trkpt lon="3.128472" lat="39.842695"><ele>1.0</ele><sym>left</sym></trkpt>
   <trkpt lon="3.128429" lat="39.842782"><ele>1.0</ele></trkpt>
   <trkpt lon="3.128033" lat="39.843403"><ele>1.0</ele></trkpt>
   <trkpt lon="3.127823" lat="39.843690"><ele>1.0</ele></trkpt>
   <trkpt lon="3.127711" lat="39.843826"><ele>1.0</ele></trkpt>
   <trkpt lon="3.127602" lat="39.843950"><ele>1.0</ele><sym>pass_place</sym><type>Shaping</type></trkpt>
   <trkpt lon="3.127600" lat="39.843953"><ele>1.0</ele></trkpt>
   <trkpt lon="3.127429" lat="39.844150"><ele>1.0</ele></trkpt>
   <trkpt lon="3.127077" lat="39.844511"><ele>1.0</ele><sym>roundabout_e2</sym></trkpt>
   <trkpt lon="3.127097" lat="39.844539"><ele>1.0</ele></trkpt>
   <trkpt lon="3.127090" lat="39.844571"><ele>1.0</ele></trkpt>
   <trkpt lon="3.127058" lat="39.844592"><ele>1.0</ele></trkpt>
   <trkpt lon="3.127017" lat="39.844593"><ele>1.0</ele></trkpt>
   <trkpt lon="3.126998" lat="39.844586"><ele>1.0</ele></trkpt>
   <trkpt lon="3.126785" lat="39.844732"><ele>1.0</ele></trkpt>
   <trkpt lon="3.126090" lat="39.845211"><ele>1.0</ele></trkpt>
   <trkpt lon="3.125798" lat="39.845396"><ele>1.25</ele></trkpt>
   <trkpt lon="3.125530" lat="39.845556"><ele>1.0</ele></trkpt>
   <trkpt lon="3.125135" lat="39.845758"><ele>1.25</ele></trkpt>
   <trkpt lon="3.124879" lat="39.845883"><ele>1.0</ele><sym>roundabout_e2</sym></trkpt>
   <trkpt lon="3.124902" lat="39.845934"><ele>1.0</ele></trkpt>
   <trkpt lon="3.124908" lat="39.845987"><ele>1.0</ele></trkpt>
   <trkpt lon="3.124898" lat="39.846039"><ele>1.25</ele></trkpt>
   <trkpt lon="3.124865" lat="39.846096"><ele>1.25</ele></trkpt>
   <trkpt lon="3.124812" lat="39.846143"><ele>1.5</ele></trkpt>
   <trkpt lon="3.124744" lat="39.846177"><ele>1.75</ele></trkpt>
   <trkpt lon="3.124667" lat="39.846195"><ele>1.75</ele></trkpt>
   <trkpt lon="3.124586" lat="39.846195"><ele>1.5</ele></trkpt>
   <trkpt lon="3.124509" lat="39.846178"><ele>1.0</ele></trkpt>
   <trkpt lon="3.124441" lat="39.846144"><ele>1.0</ele></trkpt>
   <trkpt lon="3.124341" lat="39.846212"><ele>1.0</ele></trkpt>
   <trkpt lon="3.122871" lat="39.847225"><ele>7.0</ele></trkpt>
   <trkpt lon="3.122760" lat="39.847292"><ele>7.5</ele></trkpt>
   <trkpt lon="3.122628" lat="39.847358"><ele>8.5</ele></trkpt>
   <trkpt lon="3.122528" lat="39.847408"><ele>8.75</ele></trkpt>
   <trkpt lon="3.122213" lat="39.847494"><ele>9.75</ele></trkpt>
   <trkpt lon="3.122070" lat="39.847587"><ele>10.25</ele></trkpt>
   <trkpt lon="3.121988" lat="39.847659"><ele>10.5</ele></trkpt>
   <trkpt lon="3.121940" lat="39.847717"><ele>10.75</ele></trkpt>
   <trkpt lon="3.121660" lat="39.848140"><ele>11.25</ele></trkpt>
   <trkpt lon="3.121415" lat="39.848500"><ele>10.5</ele></trkpt>
   <trkpt lon="3.121029" lat="39.849154"><ele>10.25</ele></trkpt>
   <trkpt lon="3.120888" lat="39.849355"><ele>9.75</ele></trkpt>
   <trkpt lon="3.120481" lat="39.849842"><ele>9.25</ele></trkpt>
   <trkpt lon="3.120071" lat="39.850325"><ele>9.5</ele></trkpt>
   <trkpt lon="3.119649" lat="39.850801"><ele>10.75</ele></trkpt>
   <trkpt lon="3.119558" lat="39.850918"><ele>11.0</ele></trkpt>
   <trkpt lon="3.119483" lat="39.851000"><ele>11.0</ele><sym>left_slight</sym></trkpt>
   <trkpt lon="3.118844" lat="39.850850"><ele>9.75</ele></trkpt>
   <trkpt lon="3.118564" lat="39.850822"><ele>9.75</ele></trkpt>
   <trkpt lon="3.118202" lat="39.850665"><ele>9.5</ele></trkpt>
   <trkpt lon="3.118038" lat="39.850604"><ele>9.5</ele></trkpt>
   <trkpt lon="3.117793" lat="39.850491"><ele>9.0</ele></trkpt>
   <trkpt lon="3.117450" lat="39.850293"><ele>8.75</ele></trkpt>
   <trkpt lon="3.117322" lat="39.850175"><ele>8.0</ele></trkpt>
   <trkpt lon="3.117234" lat="39.850073"><ele>8.0</ele><sym>right</sym></trkpt>
   <trkpt lon="3.117073" lat="39.850124"><ele>8.0</ele></trkpt>
   <trkpt lon="3.116224" lat="39.850609"><ele>7.5</ele></trkpt>
   <trkpt lon="3.115807" lat="39.851038"><ele>7.25</ele></trkpt>
   <trkpt lon="3.115381" lat="39.851468"><ele>6.0</ele></trkpt>
   <trkpt lon="3.115330" lat="39.851527"><ele>6.0</ele></trkpt>
   <trkpt lon="3.115307" lat="39.851563"><ele>6.0</ele><sym>roundabout_e1</sym></trkpt>
   <trkpt lon="3.115362" lat="39.851597"><ele>6.0</ele></trkpt>
   <trkpt lon="3.115393" lat="39.851634"><ele>6.0</ele></trkpt>
   <trkpt lon="3.115408" lat="39.851676"><ele>6.0</ele></trkpt>
   <trkpt lon="3.115401" lat="39.851736"><ele>6.0</ele></trkpt>
   <trkpt lon="3.115377" lat="39.851775"><ele>6.0</ele></trkpt>
   <trkpt lon="3.115342" lat="39.851806"><ele>6.0</ele></trkpt>
   <trkpt lon="3.115297" lat="39.851829"><ele>6.0</ele></trkpt>
   <trkpt lon="3.115211" lat="39.851906"><ele>5.75</ele></trkpt>
   <trkpt lon="3.115010" lat="39.852041"><ele>5.0</ele></trkpt>
   <trkpt lon="3.114853" lat="39.852130"><ele>5.0</ele><sym>right</sym></trkpt>
   <trkpt lon="3.114878" lat="39.852151"><ele>5.0</ele><sym>left</sym></trkpt>
   <trkpt lon="3.114830" lat="39.852185"><ele>5.0</ele></trkpt>
   <trkpt lon="3.114518" lat="39.852408"><ele>5.0</ele></trkpt>
   <trkpt lon="3.114489" lat="39.852429"><ele>5.0</ele></trkpt>
   <trkpt lon="3.114441" lat="39.852462"><ele>5.0</ele></trkpt>
   <trkpt lon="3.114031" lat="39.852741"><ele>5.0</ele></trkpt>
   <trkpt lon="3.114011" lat="39.852755"><ele>5.0</ele></trkpt>
   <trkpt lon="3.113978" lat="39.852777"><ele>5.0</ele></trkpt>
   <trkpt lon="3.113354" lat="39.853198"><ele>4.0</ele></trkpt>
   <trkpt lon="3.113350" lat="39.853200"><ele>4.0</ele><sym>pass_place</sym><type>Shaping</type></trkpt>
   <trkpt lon="3.113307" lat="39.853230"><ele>4.0</ele></trkpt>
   <trkpt lon="3.113275" lat="39.853252"><ele>4.0</ele></trkpt>
   <trkpt lon="3.112366" lat="39.853877"><ele>4.0</ele></trkpt>
   <trkpt lon="3.112110" lat="39.854032"><ele>3.25</ele></trkpt>
   <trkpt lon="3.111731" lat="39.854244"><ele>3.0</ele></trkpt>
   <trkpt lon="3.110974" lat="39.854640"><ele>2.0</ele></trkpt>
   <trkpt lon="3.107453" lat="39.856167"><ele>1.5</ele></trkpt>
   <trkpt lon="3.106659" lat="39.856527"><ele>1.0</ele></trkpt>
   <trkpt lon="3.106074" lat="39.856784"><ele>1.5</ele><sym>stay_left</sym></trkpt>
   <trkpt lon="3.105076" lat="39.857206"><ele>1.5</ele></trkpt>
   <trkpt lon="3.103882" lat="39.857709"><ele>1.5</ele></trkpt>
   <trkpt lon="3.103512" lat="39.857852"><ele>1.5</ele></trkpt>
   <trkpt lon="3.102842" lat="39.858051"><ele>1.5</ele></trkpt>
   <trkpt lon="3.101743" lat="39.858371"><ele>1.5</ele></trkpt>
   <trkpt lon="3.101253" lat="39.858499"><ele>1.5</ele></trkpt>
   <trkpt lon="3.101164" lat="39.858513"><ele>1.75</ele></trkpt>
   <trkpt lon="3.099967" lat="39.858703"><ele>1.5</ele></trkpt>
   <trkpt lon="3.099885" lat="39.858728"><ele>1.5</ele></trkpt>
   <trkpt lon="3.099561" lat="39.858827"><ele>1.5</ele></trkpt>
   <trkpt lon="3.099253" lat="39.858961"><ele>1.5</ele></trkpt>
   <trkpt lon="3.099037" lat="39.859101"><ele>1.5</ele></trkpt>
   <trkpt lon="3.098856" lat="39.859241"><ele>1.5</ele></trkpt>
   <trkpt lon="3.098710" lat="39.859388"><ele>1.5</ele></trkpt>
   <trkpt lon="3.098609" lat="39.859521"><ele>1.5</ele></trkpt>
   <trkpt lon="3.098057" lat="39.860263"><ele>1.25</ele></trkpt>
   <trkpt lon="3.097514" lat="39.860939"><ele>1.25</ele></trkpt>
   <trkpt lon="3.097319" lat="39.861162"><ele>1.25</ele></trkpt>
   <trkpt lon="3.097092" lat="39.861370"><ele>1.25</ele></trkpt>
   <trkpt lon="3.095469" lat="39.862579"><ele>1.25</ele><sym>pass_place</sym><type>Shaping</type></trkpt>
   <trkpt lon="3.095467" lat="39.862581"><ele>1.25</ele></trkpt>
   <trkpt lon="3.093906" lat="39.863688"><ele>1.25</ele></trkpt>
   <trkpt lon="3.092792" lat="39.864321"><ele>1.25</ele></trkpt>
   <trkpt lon="3.092320" lat="39.864612"><ele>1.0</ele></trkpt>
   <trkpt lon="3.091566" lat="39.865009"><ele>1.0</ele></trkpt>
   <trkpt lon="3.090858" lat="39.865469"><ele>1.0</ele></trkpt>
   <trkpt lon="3.090445" lat="39.865857"><ele>1.0</ele></trkpt>
   <trkpt lon="3.089740" lat="39.866519"><ele>1.0</ele></trkpt>
   <trkpt lon="3.086892" lat="39.869998"><ele>0.75</ele></trkpt>
   <trkpt lon="3.086536" lat="39.870491"><ele>1.0</ele><sym>left_slight</sym></trkpt>
   <trkpt lon="3.086467" lat="39.870476"><ele>1.0</ele><sym>right_slight</sym></trkpt>
   <trkpt lon="3.086440" lat="39.870520"><ele>1.0</ele></trkpt>
   <trkpt lon="3.086395" lat="39.870593"><ele>1.0</ele></trkpt>
   <trkpt lon="3.086140" lat="39.871016"><ele>1.5</ele></trkpt>
   <trkpt lon="3.085257" lat="39.872481"><ele>1.0</ele></trkpt>
   <trkpt lon="3.084979" lat="39.872909"><ele>1.0</ele></trkpt>
   <trkpt lon="3.084209" lat="39.874205"><ele>1.5</ele></trkpt>
   <trkpt lon="3.083794" lat="39.874916"><ele>1.75</ele></trkpt>
   <trkpt lon="3.083291" lat="39.875810"><ele>1.75</ele><sym>pass_place</sym><type>Shaping</type></trkpt>
   <trkpt lon="3.083289" lat="39.875814"><ele>1.75</ele></trkpt>
   <trkpt lon="3.082771" lat="39.876784"><ele>1.5</ele></trkpt>
   <trkpt lon="3.082230" lat="39.877825"><ele>1.25</ele></trkpt>
   <trkpt lon="3.082054" lat="39.878169"><ele>1.25</ele></trkpt>
   <trkpt lon="3.081814" lat="39.878644"><ele>1.25</ele></trkpt>
   <trkpt lon="3.081626" lat="39.879052"><ele>1.25</ele></trkpt>
   <trkpt lon="3.081469" lat="39.879441"><ele>1.5</ele></trkpt>
   <trkpt lon="3.081238" lat="39.880062"><ele>1.75</ele></trkpt>
   <trkpt lon="3.081185" lat="39.880202"><ele>1.75</ele></trkpt>
   <trkpt lon="3.080957" lat="39.880818"><ele>1.5</ele></trkpt>
   <trkpt lon="3.080899" lat="39.880978"><ele>1.5</ele></trkpt>
   <trkpt lon="3.080656" lat="39.881630"><ele>1.5</ele></trkpt>
   <trkpt lon="3.080357" lat="39.882434"><ele>1.5</ele></trkpt>
   <trkpt lon="3.080336" lat="39.882494"><ele>1.75</ele></trkpt>
   <trkpt lon="3.080225" lat="39.882815"><ele>2.5</ele></trkpt>
   <trkpt lon="3.080165" lat="39.882939"><ele>2.25</ele></trkpt>
   <trkpt lon="3.080080" lat="39.883073"><ele>2.5</ele></trkpt>
   <trkpt lon="3.079937" lat="39.883233"><ele>2.75</ele></trkpt>
   <trkpt lon="3.079882" lat="39.883282"><ele>2.5</ele></trkpt>
   <trkpt lon="3.079791" lat="39.883336"><ele>2.0</ele></trkpt>
   <trkpt lon="3.079688" lat="39.883449"><ele>2.0</ele></trkpt>
   <trkpt lon="3.079641" lat="39.883512"><ele>2.0</ele></trkpt>
   <trkpt lon="3.079600" lat="39.883567"><ele>2.25</ele><sym>roundabout_e1</sym></trkpt>
   <trkpt lon="3.079592" lat="39.883614"><ele>2.25</ele></trkpt>
   <trkpt lon="3.079568" lat="39.883658"><ele>2.25</ele></trkpt>
   <trkpt lon="3.079570" lat="39.883791"><ele>2.0</ele></trkpt>
   <trkpt lon="3.079576" lat="39.883902"><ele>1.75</ele></trkpt>
   <trkpt lon="3.079628" lat="39.884091"><ele>2.0</ele></trkpt>
   <trkpt lon="3.079636" lat="39.884222"><ele>2.0</ele></trkpt>
   <trkpt lon="3.079624" lat="39.884374"><ele>1.75</ele></trkpt>
   <trkpt lon="3.079596" lat="39.884496"><ele>1.75</ele></trkpt>
   <trkpt lon="3.079104" lat="39.885824"><ele>1.5</ele></trkpt>
   <trkpt lon="3.078937" lat="39.886301"><ele>1.25</ele></trkpt>
   <trkpt lon="3.078702" lat="39.886931"><ele>1.25</ele></trkpt>
   <trkpt lon="3.078504" lat="39.887480"><ele>1.25</ele></trkpt>
   <trkpt lon="3.078461" lat="39.887598"><ele>1.25</ele></trkpt>
   <trkpt lon="3.078294" lat="39.888236"><ele>1.5</ele></trkpt>
   <trkpt lon="3.078193" lat="39.888674"><ele>1.5</ele></trkpt>
   <trkpt lon="3.078188" lat="39.889135"><ele>1.5</ele></trkpt>
   <trkpt lon="3.078198" lat="39.889675"><ele>1.25</ele></trkpt>
   <trkpt lon="3.078194" lat="39.889825"><ele>1.5</ele></trkpt>
   <trkpt lon="3.078195" lat="39.889930"><ele>1.25</ele></trkpt>
   <trkpt lon="3.078196" lat="39.890059"><ele>1.25</ele></trkpt>
   <trkpt lon="3.078199" lat="39.890839"><ele>1.25</ele></trkpt>
   <trkpt lon="3.078199" lat="39.891978"><ele>1.5</ele></trkpt>
   <trkpt lon="3.078199" lat="39.891980"><ele>1.75</ele><sym>pass_place</sym><type>Shaping</type></trkpt>
   <trkpt lon="3.078199" lat="39.892119"><ele>1.75</ele></trkpt>
   <trkpt lon="3.078200" lat="39.892420"><ele>2.0</ele></trkpt>
   <trkpt lon="3.078204" lat="39.892744"><ele>1.75</ele></trkpt>
   <trkpt lon="3.078205" lat="39.892924"><ele>1.25</ele></trkpt>
   <trkpt lon="3.078209" lat="39.893559"><ele>1.0</ele></trkpt>
   <trkpt lon="3.078215" lat="39.893958"><ele>1.0</ele></trkpt>
   <trkpt lon="3.078228" lat="39.895006"><ele>1.0</ele></trkpt>
   <trkpt lon="3.078232" lat="39.895033"><ele>1.0</ele></trkpt>
   <trkpt lon="3.078294" lat="39.895434"><ele>1.0</ele></trkpt>
   <trkpt lon="3.078355" lat="39.895670"><ele>1.0</ele></trkpt>
   <trkpt lon="3.078697" lat="39.896986"><ele>1.0</ele></trkpt>
   <trkpt lon="3.078820" lat="39.897466"><ele>1.0</ele></trkpt>
   <trkpt lon="3.078845" lat="39.897558"><ele>1.0</ele></trkpt>
   <trkpt lon="3.078954" lat="39.897970"><ele>1.0</ele></trkpt>
   <trkpt lon="3.079102" lat="39.898537"><ele>1.0</ele></trkpt>
   <trkpt lon="3.079121" lat="39.898628"><ele>1.0</ele></trkpt>
   <trkpt lon="3.079226" lat="39.899051"><ele>1.25</ele></trkpt>
   <trkpt lon="3.079297" lat="39.899471"><ele>1.0</ele></trkpt>
   <trkpt lon="3.079324" lat="39.899600"><ele>1.0</ele></trkpt>
   <trkpt lon="3.079395" lat="39.900152"><ele>1.0</ele></trkpt>
   <trkpt lon="3.079410" lat="39.900251"><ele>1.0</ele></trkpt>
   <trkpt lon="3.079495" lat="39.900798"><ele>1.0</ele></trkpt>
   <trkpt lon="3.079536" lat="39.901037"><ele>1.0</ele></trkpt>
   <trkpt lon="3.079566" lat="39.901206"><ele>1.0</ele></trkpt>
   <trkpt lon="3.079589" lat="39.901280"><ele>1.0</ele></trkpt>
   <trkpt lon="3.079705" lat="39.901642"><ele>1.0</ele></trkpt>
   <trkpt lon="3.079915" lat="39.902249"><ele>1.0</ele></trkpt>
   <trkpt lon="3.079988" lat="39.902417"><ele>1.5</ele></trkpt>
   <trkpt lon="3.080102" lat="39.902625"><ele>1.25</ele></trkpt>
   <trkpt lon="3.080183" lat="39.902747"><ele>1.0</ele></trkpt>
   <trkpt lon="3.080214" lat="39.902794"><ele>1.0</ele></trkpt>
   <trkpt lon="3.080237" lat="39.902829"><ele>1.0</ele></trkpt>
   <trkpt lon="3.080494" lat="39.903182"><ele>1.0</ele></trkpt>
   <trkpt lon="3.080778" lat="39.903550"><ele>1.0</ele></trkpt>
   <trkpt lon="3.080832" lat="39.903624"><ele>1.0</ele></trkpt>
   <trkpt lon="3.081491" lat="39.904496"><ele>0.75</ele></trkpt>
   <trkpt lon="3.081537" lat="39.904587"><ele>1.0</ele></trkpt>
   <trkpt lon="3.081587" lat="39.904680"><ele>1.0</ele></trkpt>
   <trkpt lon="3.081855" lat="39.905080"><ele>1.0</ele></trkpt>
   <trkpt lon="3.081870" lat="39.905103"><ele>1.0</ele></trkpt>
   <trkpt lon="3.082148" lat="39.905515"><ele>1.0</ele></trkpt>
   <trkpt lon="3.082365" lat="39.905836"><ele>1.0</ele></trkpt>
   <trkpt lon="3.082404" lat="39.905891"><ele>1.0</ele></trkpt>
   <trkpt lon="3.082485" lat="39.905969"><ele>1.0</ele></trkpt>
   <trkpt lon="3.082544" lat="39.906019"><ele>1.0</ele></trkpt>
   <trkpt lon="3.082776" lat="39.906217"><ele>1.0</ele></trkpt>
   <trkpt lon="3.082802" lat="39.906241"><ele>1.0</ele><sym>roundabout_e2</sym></trkpt>
   <trkpt lon="3.082834" lat="39.906245"><ele>1.0</ele></trkpt>
   <trkpt lon="3.082863" lat="39.906255"><ele>1.0</ele></trkpt>
   <trkpt lon="3.082890" lat="39.906273"><ele>1.0</ele></trkpt>
   <trkpt lon="3.082908" lat="39.906297"><ele>1.0</ele></trkpt>
   <trkpt lon="3.082916" lat="39.906324"><ele>1.0</ele></trkpt>
   <trkpt lon="3.082913" lat="39.906351"><ele>1.0</ele></trkpt>
   <trkpt lon="3.082897" lat="39.906379"><ele>1.0</ele></trkpt>
   <trkpt lon="3.082870" lat="39.906401"><ele>1.0</ele></trkpt>
   <trkpt lon="3.082835" lat="39.906414"><ele>1.0</ele></trkpt>
   <trkpt lon="3.082796" lat="39.906418"><ele>1.0</ele></trkpt>
   <trkpt lon="3.082757" lat="39.906411"><ele>1.0</ele></trkpt>
   <trkpt lon="3.082709" lat="39.906382"><ele>1.0</ele></trkpt>
   <trkpt lon="3.082682" lat="39.906436"><ele>1.0</ele></trkpt>
   <trkpt lon="3.082618" lat="39.906533"><ele>1.0</ele></trkpt>
   <trkpt lon="3.082329" lat="39.906903"><ele>1.5</ele><sym>right</sym></trkpt>
   <trkpt lon="3.082729" lat="39.907307"><ele>1.25</ele></trkpt>
   <trkpt lon="3.083480" lat="39.908057"><ele>2.0</ele><sym>left</sym></trkpt>
   <trkpt lon="3.083068" lat="39.908298"><ele>2.0</ele><sym>pass_place</sym><type>Via</type></trkpt>
  </trkseg>
 </trk>
</gpx>
