<?xml version="1.0" encoding="UTF-8"?>
<!-- track-length = 99938 filtered ascend = 1954 plain-ascend = 0 cost=195150 energy=.7kwh time=7h 32m 9s -->
<gpx 
 xmlns="http://www.topografix.com/GPX/1/1" 
 xmlns:xsi="http://www.w3.org/2001/XMLSchema-instance" 
 xsi:schemaLocation="http://www.topografix.com/GPX/1/1 http://www.topografix.com/GPX/1/1/gpx.xsd" 
 creator="BRouter-1.7.9" version="1.1"><wpt lat="39.90662" lon="3.08272"><name>Gran Café 1919</name><sym>Restaurant</sym></wpt><wpt lat="39.90887" lon="3.08132"><name>Cultural</name><sym>Restaurant</sym></wpt><wpt lat="39.82227" lon="2.88397"><name>Sa Plaça</name><sym>Restaurant</sym></wpt><wpt lat="39.81632" lon="2.82431"><name>Els Arcs</name><sym>Restaurant</sym></wpt><wpt lat="39.88219" lon="3.01538"><name>El Perrito</name><sym>Restaurant</sym></wpt><wpt lat="39.82245" lon="2.8847"><name>Drinking water</name><sym>Drinking Water</sym></wpt><wpt lat="39.82272" lon="2.89168"><name>Drinking water</name><sym>Drinking Water</sym></wpt><wpt lat="39.83352" lon="2.89534"><name>Drinking water</name><sym>Drinking Water</sym></wpt><wpt lat="39.90813" lon="3.08053"><name>Dolç Sa Pobla</name><sym>Restaurant</sym></wpt><wpt lat="39.88685" lon="3.03075"><name>Polígono</name><sym>Restaurant</sym></wpt><wpt lat="39.90484" lon="3.0779"><name>Café</name><sym>Restaurant</sym></wpt><wpt lat="39.88173" lon="3.01945"><name>Can Toni</name><sym>Restaurant</sym></wpt><wpt lat="39.90509" lon="3.08175"><name>Ca les Monges</name><sym>Restaurant</sym></wpt><wpt lat="39.88103" lon="3.0177"><name>Palma</name><sym>Restaurant</sym></wpt><wpt lat="39.88125" lon="3.01795"><name>Can Vallori</name><sym>Restaurant</sym></wpt><wpt lat="39.90867" lon="3.0811"><name>Bike shop</name><sym>Bike Trail</sym></wpt><wpt lat="39.90141" lon="3.06892"><name>Stefan&#x27;s</name><sym>Restaurant</sym></wpt><wpt lat="39.9053" lon="3.07748"><name>Juanito</name><sym>Restaurant</sym></wpt><wpt lat="39.90512" lon="3.07703"><name>March</name><sym>Bike Trail</sym></wpt><wpt lat="39.90859" lon="3.08501"><name>Cappuccino</name><sym>Restaurant</sym></wpt><wpt lat="39.90469" lon="3.07843"><name>Mallorca Bike Lounge/The Bike Rooms</name><sym>Bike Trail</sym></wpt><wpt lat="39.90637" lon="3.08193"><name>Wattstyle</name><sym>Bike Trail</sym></wpt><wpt lat="39.90709" lon="3.08267"><name>Bike island</name><sym>Bike Trail</sym></wpt><wpt lat="39.88129" lon="3.01567"><name>Drinking water</name><sym>Drinking Water</sym></wpt><wpt lat="39.88182" lon="3.01448"><name>Drinking water</name><sym>Drinking Water</sym></wpt><wpt lat="39.90568" lon="3.08155"><name>Dixto. Healthy Fastfood Restaurant - Cafe</name><sym>Restaurant</sym></wpt><wpt lat="39.84742" lon="2.79815"><name>Bike shop</name><sym>Bike Trail</sym></wpt>
 <trk>
  <src>brouter_fastbike-lowtraffic_0</src>
  <type>bike</type>
  <trkseg>
   <trkpt lon="3.083068" lat="39.908298"><ele>2.0</ele><sym>pass_place</sym><type>Via</type></trkpt>
   <trkpt lon="3.083480" lat="39.908057"><ele>2.0</ele><sym>left</sym></trkpt>
   <trkpt lon="3.083892" lat="39.908468"><ele>1.75</ele><sym>left</sym></trkpt>
   <trkpt lon="3.082953" lat="39.909036"><ele>2.25</ele></trkpt>
   <trkpt lon="3.082124" lat="39.909551"><ele>4.0</ele></trkpt>
   <trkpt lon="3.082040" lat="39.909600"><ele>4.25</ele></trkpt>
   <trkpt lon="3.081347" lat="39.910011"><ele>6.0</ele><sym>left</sym></trkpt>
   <trkpt lon="3.081129" lat="39.909799"><ele>5.75</ele></trkpt>
   <trkpt lon="3.080902" lat="39.909580"><ele>5.75</ele></trkpt>
   <trkpt lon="3.080155" lat="39.908875"><ele>4.75</ele></trkpt>
   <trkpt lon="3.079789" lat="39.908529"><ele>4.0</ele></trkpt>
   <trkpt lon="3.079738" lat="39.908481"><ele>4.0</ele></trkpt>
   <trkpt lon="3.079491" lat="39.908229"><ele>4.0</ele></trkpt>
   <trkpt lon="3.079393" lat="39.908108"><ele>4.0</ele></trkpt>
   <trkpt lon="3.079306" lat="39.907983"><ele>4.0</ele></trkpt>
   <trkpt lon="3.079201" lat="39.907801"><ele>4.0</ele></trkpt>
   <trkpt lon="3.079120" lat="39.907631"><ele>4.0</ele></trkpt>
   <trkpt lon="3.079063" lat="39.907487"><ele>3.75</ele></trkpt>
   <trkpt lon="3.079019" lat="39.907352"><ele>3.25</ele></trkpt>
   <trkpt lon="3.078977" lat="39.907167"><ele>3.0</ele></trkpt>
   <trkpt lon="3.078963" lat="39.907037"><ele>3.0</ele></trkpt>
   <trkpt lon="3.078947" lat="39.906744"><ele>3.0</ele></trkpt>
   <trkpt lon="3.078962" lat="39.906457"><ele>3.0</ele></trkpt>
   <trkpt lon="3.078984" lat="39.906294"><ele>2.5</ele></trkpt>
   <trkpt lon="3.079022" lat="39.906141"><ele>2.0</ele></trkpt>
   <trkpt lon="3.079086" lat="39.905985"><ele>2.0</ele></trkpt>
   <trkpt lon="3.079248" lat="39.905663"><ele>2.0</ele><sym>right</sym></trkpt>
   <trkpt lon="3.078474" lat="39.905430"><ele>2.0</ele></trkpt>
   <trkpt lon="3.077831" lat="39.905235"><ele>2.0</ele></trkpt>
   <trkpt lon="3.077545" lat="39.905149"><ele>2.0</ele></trkpt>
   <trkpt lon="3.077151" lat="39.905030"><ele>1.75</ele></trkpt>
   <trkpt lon="3.076983" lat="39.904980"><ele>1.75</ele></trkpt>
   <trkpt lon="3.076896" lat="39.904953"><ele>1.75</ele></trkpt>
   <trkpt lon="3.076349" lat="39.904788"><ele>2.0</ele></trkpt>
   <trkpt lon="3.076198" lat="39.904743"><ele>2.0</ele></trkpt>
   <trkpt lon="3.075970" lat="39.904674"><ele>2.5</ele></trkpt>
   <trkpt lon="3.075738" lat="39.904635"><ele>3.0</ele></trkpt>
   <trkpt lon="3.075630" lat="39.904643"><ele>3.0</ele></trkpt>
   <trkpt lon="3.075596" lat="39.904651"><ele>3.0</ele></trkpt>
   <trkpt lon="3.075569" lat="39.904666"><ele>3.0</ele><sym>roundabout_e1</sym></trkpt>
   <trkpt lon="3.075531" lat="39.904700"><ele>3.0</ele></trkpt>
   <trkpt lon="3.075435" lat="39.904751"><ele>3.0</ele></trkpt>
   <trkpt lon="3.075380" lat="39.904767"><ele>3.0</ele></trkpt>
   <trkpt lon="3.075322" lat="39.904776"><ele>3.0</ele></trkpt>
   <trkpt lon="3.075206" lat="39.904772"><ele>3.0</ele></trkpt>
   <trkpt lon="3.075182" lat="39.904767"><ele>3.0</ele></trkpt>
   <trkpt lon="3.075128" lat="39.904752"><ele>3.0</ele></trkpt>
   <trkpt lon="3.075033" lat="39.904702"><ele>3.0</ele></trkpt>
   <trkpt lon="3.074994" lat="39.904669"><ele>3.0</ele></trkpt>
   <trkpt lon="3.074940" lat="39.904592"><ele>3.0</ele></trkpt>
   <trkpt lon="3.074892" lat="39.904505"><ele>3.25</ele></trkpt>
   <trkpt lon="3.074824" lat="39.904408"><ele>3.5</ele></trkpt>
   <trkpt lon="3.074777" lat="39.904368"><ele>3.5</ele></trkpt>
   <trkpt lon="3.074720" lat="39.904331"><ele>3.5</ele></trkpt>
   <trkpt lon="3.074578" lat="39.904263"><ele>3.0</ele></trkpt>
   <trkpt lon="3.074549" lat="39.904254"><ele>3.0</ele></trkpt>
   <trkpt lon="3.073759" lat="39.904015"><ele>3.75</ele><sym>right</sym></trkpt>
   <trkpt lon="3.073735" lat="39.904060"><ele>3.5</ele><sym>left</sym></trkpt>
   <trkpt lon="3.071443" lat="39.903361"><ele>5.0</ele></trkpt>
   <trkpt lon="3.070205" lat="39.902984"><ele>5.75</ele></trkpt>
   <trkpt lon="3.069771" lat="39.902851"><ele>6.0</ele><sym>pass_place</sym><type>Shaping</type></trkpt>
   <trkpt lon="3.069564" lat="39.902842"><ele>6.25</ele></trkpt>
   <trkpt lon="3.069272" lat="39.902856"><ele>6.75</ele></trkpt>
   <trkpt lon="3.069211" lat="39.902845"><ele>6.75</ele></trkpt>
   <trkpt lon="3.069153" lat="39.902827"><ele>7.0</ele></trkpt>
   <trkpt lon="3.069111" lat="39.902786"><ele>7.0</ele></trkpt>
   <trkpt lon="3.069044" lat="39.902661"><ele>7.0</ele></trkpt>
   <trkpt lon="3.068999" lat="39.902626"><ele>7.0</ele><sym>right_slight</sym></trkpt>
   <trkpt lon="3.067510" lat="39.902172"><ele>7.75</ele></trkpt>
   <trkpt lon="3.066911" lat="39.902000"><ele>8.0</ele></trkpt>
   <trkpt lon="3.064139" lat="39.901163"><ele>9.75</ele></trkpt>
   <trkpt lon="3.063427" lat="39.900948"><ele>10.0</ele></trkpt>
   <trkpt lon="3.062209" lat="39.900588"><ele>11.0</ele></trkpt>
   <trkpt lon="3.062141" lat="39.900567"><ele>11.0</ele></trkpt>
   <trkpt lon="3.061179" lat="39.900275"><ele>12.0</ele></trkpt>
   <trkpt lon="3.060392" lat="39.900040"><ele>12.75</ele></trkpt>
   <trkpt lon="3.059803" lat="39.899864"><ele>13.0</ele></trkpt>
   <trkpt lon="3.058941" lat="39.899600"><ele>13.75</ele></trkpt>
   <trkpt lon="3.057889" lat="39.899300"><ele>14.25</ele></trkpt>
   <trkpt lon="3.057588" lat="39.899213"><ele>14.75</ele></trkpt>
   <trkpt lon="3.057072" lat="39.899039"><ele>15.0</ele></trkpt>
   <trkpt lon="3.054294" lat="39.898214"><ele>17.0</ele></trkpt>
   <trkpt lon="3.053236" lat="39.897900"><ele>17.5</ele></trkpt>
   <trkpt lon="3.052244" lat="39.897606"><ele>18.5</ele></trkpt>
   <trkpt lon="3.051512" lat="39.897384"><ele>19.0</ele></trkpt>
   <trkpt lon="3.049506" lat="39.896781"><ele>21.0</ele><sym>stay_left</sym></trkpt>
   <trkpt lon="3.049508" lat="39.896778"><ele>21.0</ele><sym>pass_place</sym><type>Shaping</type></trkpt>
   <trkpt lon="3.049506" lat="39.896781"><ele>21.0</ele></trkpt>
   <trkpt lon="3.048383" lat="39.896446"><ele>21.75</ele></trkpt>
   <trkpt lon="3.047978" lat="39.896330"><ele>22.0</ele></trkpt>
   <trkpt lon="3.046735" lat="39.895929"><ele>22.75</ele></trkpt>
   <trkpt lon="3.045799" lat="39.895628"><ele>24.5</ele></trkpt>
   <trkpt lon="3.043667" lat="39.894881"><ele>30.25</ele></trkpt>
   <trkpt lon="3.040069" lat="39.893620"><ele>30.0</ele></trkpt>
   <trkpt lon="3.039694" lat="39.893488"><ele>30.25</ele></trkpt>
   <trkpt lon="3.039007" lat="39.893251"><ele>30.25</ele></trkpt>
   <trkpt lon="3.037279" lat="39.892711"><ele>31.25</ele><sym>stay_left</sym></trkpt>
   <trkpt lon="3.037066" lat="39.892643"><ele>30.5</ele><sym>straight</sym></trkpt>
   <trkpt lon="3.036886" lat="39.892595"><ele>30.25</ele><sym>stay_right</sym></trkpt>
   <trkpt lon="3.036434" lat="39.892459"><ele>30.75</ele></trkpt>
   <trkpt lon="3.036126" lat="39.892356"><ele>30.75</ele></trkpt>
   <trkpt lon="3.035845" lat="39.892265"><ele>31.0</ele></trkpt>
   <trkpt lon="3.035352" lat="39.892075"><ele>31.0</ele></trkpt>
   <trkpt lon="3.034813" lat="39.891852"><ele>31.75</ele></trkpt>
   <trkpt lon="3.034322" lat="39.891601"><ele>32.0</ele></trkpt>
   <trkpt lon="3.034097" lat="39.891465"><ele>32.0</ele></trkpt>
   <trkpt lon="3.033818" lat="39.891281"><ele>32.75</ele></trkpt>
   <trkpt lon="3.033549" lat="39.891107"><ele>33.0</ele></trkpt>
   <trkpt lon="3.033274" lat="39.890889"><ele>33.0</ele></trkpt>
   <trkpt lon="3.032528" lat="39.890276"><ele>34.0</ele></trkpt>
   <trkpt lon="3.031680" lat="39.889579"><ele>35.0</ele></trkpt>
   <trkpt lon="3.031051" lat="39.889060"><ele>36.0</ele></trkpt>
   <trkpt lon="3.031049" lat="39.889059"><ele>36.0</ele><sym>pass_place</sym><type>Shaping</type></trkpt>
   <trkpt lon="3.030806" lat="39.888851"><ele>36.0</ele></trkpt>
   <trkpt lon="3.030447" lat="39.888545"><ele>37.0</ele></trkpt>
   <trkpt lon="3.029698" lat="39.887942"><ele>38.0</ele></trkpt>
   <trkpt lon="3.029164" lat="39.887542"><ele>38.75</ele></trkpt>
   <trkpt lon="3.028636" lat="39.887215"><ele>38.75</ele></trkpt>
   <trkpt lon="3.027842" lat="39.886787"><ele>40.0</ele></trkpt>
   <trkpt lon="3.027369" lat="39.886582"><ele>40.25</ele><sym>straight</sym></trkpt>
   <trkpt lon="3.025641" lat="39.885888"><ele>42.0</ele></trkpt>
   <trkpt lon="3.024151" lat="39.885310"><ele>43.75</ele></trkpt>
   <trkpt lon="3.023682" lat="39.885128"><ele>44.0</ele></trkpt>
   <trkpt lon="3.023440" lat="39.885057"><ele>44.0</ele></trkpt>
   <trkpt lon="3.022471" lat="39.884827"><ele>45.25</ele><sym>straight</sym></trkpt>
   <trkpt lon="3.022214" lat="39.884754"><ele>45.0</ele><sym>straight</sym></trkpt>
   <trkpt lon="3.021778" lat="39.884604"><ele>46.0</ele><sym>left_slight</sym></trkpt>
   <trkpt lon="3.021749" lat="39.884519"><ele>46.0</ele><sym>right_slight</sym></trkpt>
   <trkpt lon="3.021682" lat="39.884498"><ele>46.0</ele></trkpt>
   <trkpt lon="3.021195" lat="39.884331"><ele>46.25</ele></trkpt>
   <trkpt lon="3.020734" lat="39.884213"><ele>46.75</ele><sym>left_slight</sym></trkpt>
   <trkpt lon="3.020631" lat="39.884118"><ele>47.0</ele></trkpt>
   <trkpt lon="3.020605" lat="39.884034"><ele>47.0</ele><sym>left_slight</sym></trkpt>
   <trkpt lon="3.020758" lat="39.883887"><ele>47.0</ele><sym>right</sym></trkpt>
   <trkpt lon="3.020736" lat="39.883854"><ele>47.0</ele></trkpt>
   <trkpt lon="3.020703" lat="39.883796"><ele>47.0</ele></trkpt>
   <trkpt lon="3.020676" lat="39.883777"><ele>47.0</ele></trkpt>
   <trkpt lon="3.020236" lat="39.883521"><ele>47.0</ele></trkpt>
   <trkpt lon="3.019992" lat="39.883306"><ele>47.0</ele></trkpt>
   <trkpt lon="3.019715" lat="39.882951"><ele>48.0</ele></trkpt>
   <trkpt lon="3.019586" lat="39.882748"><ele>47.75</ele></trkpt>
   <trkpt lon="3.019418" lat="39.882410"><ele>47.5</ele></trkpt>
   <trkpt lon="3.019431" lat="39.882237"><ele>47.0</ele></trkpt>
   <trkpt lon="3.019490" lat="39.882047"><ele>47.5</ele></trkpt>
   <trkpt lon="3.019493" lat="39.882016"><ele>47.75</ele><sym>right_slight</sym></trkpt>
   <trkpt lon="3.019456" lat="39.881925"><ele>48.0</ele></trkpt>
   <trkpt lon="3.019249" lat="39.881512"><ele>50.0</ele><sym>right_slight</sym></trkpt>
   <trkpt lon="3.018078" lat="39.881196"><ele>50.0</ele></trkpt>
   <trkpt lon="3.017612" lat="39.881059"><ele>50.0</ele></trkpt>
   <trkpt lon="3.016867" lat="39.880851"><ele>51.0</ele></trkpt>
   <trkpt lon="3.016038" lat="39.880631"><ele>52.0</ele></trkpt>
   <trkpt lon="3.015501" lat="39.880472"><ele>52.25</ele><sym>left</sym></trkpt>
   <trkpt lon="3.015850" lat="39.879963"><ele>53.0</ele><sym>u-turn</sym></trkpt>
   <trkpt lon="3.015851" lat="39.879961"><ele>53.0</ele><sym>pass_place</sym><type>Shaping</type></trkpt>
   <trkpt lon="3.015850" lat="39.879963"><ele>53.0</ele></trkpt>
   <trkpt lon="3.015501" lat="39.880472"><ele>52.25</ele></trkpt>
   <trkpt lon="3.015435" lat="39.880566"><ele>52.25</ele></trkpt>
   <trkpt lon="3.015389" lat="39.880637"><ele>52.25</ele></trkpt>
   <trkpt lon="3.015128" lat="39.881070"><ele>53.0</ele></trkpt>
   <trkpt lon="3.014911" lat="39.881448"><ele>54.5</ele></trkpt>
   <trkpt lon="3.014630" lat="39.881682"><ele>55.75</ele></trkpt>
   <trkpt lon="3.014535" lat="39.881795"><ele>55.75</ele></trkpt>
   <trkpt lon="3.014451" lat="39.881914"><ele>55.25</ele></trkpt>
   <trkpt lon="3.014159" lat="39.882283"><ele>53.25</ele></trkpt>
   <trkpt lon="3.014071" lat="39.882393"><ele>52.5</ele></trkpt>
   <trkpt lon="3.013955" lat="39.882577"><ele>52.25</ele></trkpt>
   <trkpt lon="3.013916" lat="39.882729"><ele>52.0</ele></trkpt>
   <trkpt lon="3.013848" lat="39.883073"><ele>53.0</ele><sym>left</sym></trkpt>
   <trkpt lon="3.012764" lat="39.883057"><ele>54.0</ele></trkpt>
   <trkpt lon="3.010843" lat="39.883029"><ele>55.75</ele></trkpt>
   <trkpt lon="3.010003" lat="39.883020"><ele>55.75</ele></trkpt>
   <trkpt lon="3.009524" lat="39.883015"><ele>56.0</ele></trkpt>
   <trkpt lon="3.009007" lat="39.883011"><ele>56.25</ele></trkpt>
   <trkpt lon="3.008806" lat="39.882999"><ele>56.75</ele></trkpt>
   <trkpt lon="3.008635" lat="39.882971"><ele>56.5</ele></trkpt>
   <trkpt lon="3.008376" lat="39.882887"><ele>56.25</ele></trkpt>
   <trkpt lon="3.007700" lat="39.882568"><ele>57.0</ele></trkpt>
   <trkpt lon="3.005971" lat="39.881644"><ele>57.25</ele></trkpt>
   <trkpt lon="3.004799" lat="39.881021"><ele>58.5</ele></trkpt>
   <trkpt lon="3.004794" lat="39.881018"><ele>58.5</ele></trkpt>
   <trkpt lon="3.004737" lat="39.880987"><ele>58.75</ele></trkpt>
   <trkpt lon="3.003275" lat="39.880203"><ele>60.0</ele></trkpt>
   <trkpt lon="3.002479" lat="39.879768"><ele>60.75</ele></trkpt>
   <trkpt lon="3.000867" lat="39.878909"><ele>62.0</ele></trkpt>
   <trkpt lon="3.000820" lat="39.878889"><ele>62.0</ele></trkpt>
   <trkpt lon="3.000283" lat="39.878596"><ele>62.75</ele></trkpt>
   <trkpt lon="2.999802" lat="39.878340"><ele>63.0</ele></trkpt>
   <trkpt lon="2.997307" lat="39.877042"><ele>65.0</ele><sym>pass_place</sym><type>Shaping</type></trkpt>
   <trkpt lon="2.997306" lat="39.877041"><ele>65.0</ele></trkpt>
   <trkpt lon="2.996342" lat="39.876516"><ele>66.0</ele></trkpt>
   <trkpt lon="2.995652" lat="39.876152"><ele>67.0</ele></trkpt>
   <trkpt lon="2.994583" lat="39.875561"><ele>70.5</ele></trkpt>
   <trkpt lon="2.994206" lat="39.875348"><ele>71.75</ele></trkpt>
   <trkpt lon="2.993505" lat="39.874981"><ele>74.5</ele></trkpt>
   <trkpt lon="2.993289" lat="39.874892"><ele>75.75</ele></trkpt>
   <trkpt lon="2.993181" lat="39.874856"><ele>76.0</ele></trkpt>
   <trkpt lon="2.992784" lat="39.874742"><ele>76.25</ele></trkpt>
   <trkpt lon="2.991699" lat="39.874505"><ele>75.25</ele></trkpt>
   <trkpt lon="2.991415" lat="39.874443"><ele>74.75</ele></trkpt>
   <trkpt lon="2.990263" lat="39.874187"><ele>76.75</ele></trkpt>
   <trkpt lon="2.989854" lat="39.874069"><ele>77.75</ele></trkpt>
   <trkpt lon="2.987987" lat="39.873352"><ele>77.0</ele></trkpt>
   <trkpt lon="2.987062" lat="39.873006"><ele>79.25</ele></trkpt>
   <trkpt lon="2.986703" lat="39.872866"><ele>80.0</ele></trkpt>
   <trkpt lon="2.985681" lat="39.872475"><ele>80.75</ele></trkpt>
   <trkpt lon="2.985477" lat="39.872398"><ele>81.0</ele></trkpt>
   <trkpt lon="2.984500" lat="39.872055"><ele>80.75</ele></trkpt>
   <trkpt lon="2.984466" lat="39.872041"><ele>80.5</ele></trkpt>
   <trkpt lon="2.983546" lat="39.871691"><ele>80.0</ele></trkpt>
   <trkpt lon="2.983245" lat="39.871476"><ele>79.5</ele></trkpt>
   <trkpt lon="2.982787" lat="39.871080"><ele>79.5</ele></trkpt>
   <trkpt lon="2.982196" lat="39.870507"><ele>80.75</ele></trkpt>
   <trkpt lon="2.982115" lat="39.870449"><ele>80.75</ele></trkpt>
   <trkpt lon="2.982060" lat="39.870411"><ele>80.75</ele></trkpt>
   <trkpt lon="2.981955" lat="39.870360"><ele>80.75</ele></trkpt>
   <trkpt lon="2.981446" lat="39.870144"><ele>81.0</ele></trkpt>
   <trkpt lon="2.980808" lat="39.869860"><ele>81.5</ele></trkpt>
   <trkpt lon="2.979688" lat="39.869379"><ele>83.0</ele></trkpt>
   <trkpt lon="2.979419" lat="39.869298"><ele>83.0</ele></trkpt>
   <trkpt lon="2.977571" lat="39.868851"><ele>85.0</ele><sym>pass_place</sym><type>Shaping</type></trkpt>
   <trkpt lon="2.976754" lat="39.868674"><ele>85.75</ele></trkpt>
   <trkpt lon="2.972379" lat="39.867642"><ele>91.5</ele></trkpt>
   <trkpt lon="2.972096" lat="39.867610"><ele>92.0</ele></trkpt>
   <trkpt lon="2.971994" lat="39.867606"><ele>92.25</ele></trkpt>
   <trkpt lon="2.971804" lat="39.867610"><ele>92.0</ele></trkpt>
   <trkpt lon="2.971646" lat="39.867629"><ele>91.75</ele></trkpt>
   <trkpt lon="2.971455" lat="39.867676"><ele>92.25</ele></trkpt>
   <trkpt lon="2.967814" lat="39.868557"><ele>96.5</ele></trkpt>
   <trkpt lon="2.966794" lat="39.868791"><ele>98.0</ele></trkpt>
   <trkpt lon="2.966688" lat="39.868820"><ele>97.75</ele></trkpt>
   <trkpt lon="2.966674" lat="39.868819"><ele>97.75</ele><sym>stay_right</sym></trkpt>
   <trkpt lon="2.963919" lat="39.869487"><ele>101.0</ele></trkpt>
   <trkpt lon="2.963023" lat="39.869694"><ele>102.0</ele></trkpt>
   <trkpt lon="2.962515" lat="39.869825"><ele>103.0</ele></trkpt>
   <trkpt lon="2.962388" lat="39.869849"><ele>103.0</ele></trkpt>
   <trkpt lon="2.962071" lat="39.869861"><ele>103.0</ele></trkpt>
   <trkpt lon="2.960424" lat="39.869706"><ele>104.25</ele></trkpt>
   <trkpt lon="2.959147" lat="39.869591"><ele>106.0</ele></trkpt>
   <trkpt lon="2.957875" lat="39.869492"><ele>106.5</ele></trkpt>
   <trkpt lon="2.957207" lat="39.869424"><ele>107.75</ele></trkpt>
   <trkpt lon="2.956849" lat="39.869364"><ele>108.0</ele><sym>pass_place</sym><type>Shaping</type></trkpt>
   <trkpt lon="2.956749" lat="39.869337"><ele>108.25</ele></trkpt>
   <trkpt lon="2.956540" lat="39.869280"><ele>108.5</ele></trkpt>
   <trkpt lon="2.955407" lat="39.868929"><ele>109.5</ele></trkpt>
   <trkpt lon="2.955300" lat="39.868896"><ele>109.75</ele></trkpt>
   <trkpt lon="2.955120" lat="39.868835"><ele>110.0</ele></trkpt>
   <trkpt lon="2.953817" lat="39.868437"><ele>111.0</ele></trkpt>
   <trkpt lon="2.953444" lat="39.868343"><ele>111.5</ele></trkpt>
   <trkpt lon="2.953296" lat="39.868333"><ele>111.75</ele></trkpt>
   <trkpt lon="2.953063" lat="39.868343"><ele>112.0</ele></trkpt>
   <trkpt lon="2.952374" lat="39.868402"><ele>114.0</ele></trkpt>
   <trkpt lon="2.951379" lat="39.868478"><ele>117.0</ele></trkpt>
   <trkpt lon="2.951144" lat="39.868534"><ele>117.5</ele></trkpt>
   <trkpt lon="2.950979" lat="39.868585"><ele>118.0</ele></trkpt>
   <trkpt lon="2.950425" lat="39.868832"><ele>121.25</ele></trkpt>
   <trkpt lon="2.950067" lat="39.868917"><ele>123.0</ele></trkpt>
   <trkpt lon="2.948872" lat="39.869171"><ele>130.25</ele></trkpt>
   <trkpt lon="2.948691" lat="39.869192"><ele>132.0</ele></trkpt>
   <trkpt lon="2.948443" lat="39.869189"><ele>133.5</ele></trkpt>
   <trkpt lon="2.947206" lat="39.869139"><ele>138.5</ele></trkpt>
   <trkpt lon="2.946968" lat="39.869152"><ele>140.0</ele></trkpt>
   <trkpt lon="2.946802" lat="39.869175"><ele>140.75</ele></trkpt>
   <trkpt lon="2.946666" lat="39.869225"><ele>142.5</ele></trkpt>
   <trkpt lon="2.946381" lat="39.869381"><ele>145.25</ele></trkpt>
   <trkpt lon="2.946223" lat="39.869411"><ele>145.75</ele></trkpt>
   <trkpt lon="2.946102" lat="39.869405"><ele>145.25</ele></trkpt>
   <trkpt lon="2.945959" lat="39.869350"><ele>146.0</ele></trkpt>
   <trkpt lon="2.945878" lat="39.869294"><ele>146.75</ele></trkpt>
   <trkpt lon="2.945716" lat="39.869107"><ele>151.0</ele></trkpt>
   <trkpt lon="2.945412" lat="39.868644"><ele>154.0</ele></trkpt>
   <trkpt lon="2.945290" lat="39.868476"><ele>154.5</ele></trkpt>
   <trkpt lon="2.945157" lat="39.868360"><ele>155.25</ele></trkpt>
   <trkpt lon="2.944963" lat="39.868266"><ele>156.75</ele></trkpt>
   <trkpt lon="2.944317" lat="39.868023"><ele>160.75</ele></trkpt>
   <trkpt lon="2.944045" lat="39.867948"><ele>163.25</ele></trkpt>
   <trkpt lon="2.943659" lat="39.867891"><ele>165.5</ele></trkpt>
   <trkpt lon="2.943560" lat="39.867864"><ele>165.75</ele></trkpt>
   <trkpt lon="2.943484" lat="39.867826"><ele>165.5</ele></trkpt>
   <trkpt lon="2.943034" lat="39.867256"><ele>168.5</ele></trkpt>
   <trkpt lon="2.942773" lat="39.867057"><ele>171.0</ele></trkpt>
   <trkpt lon="2.942282" lat="39.866753"><ele>175.0</ele></trkpt>
   <trkpt lon="2.941987" lat="39.866598"><ele>175.5</ele></trkpt>
   <trkpt lon="2.941768" lat="39.866533"><ele>177.0</ele></trkpt>
   <trkpt lon="2.941569" lat="39.866522"><ele>179.25</ele></trkpt>
   <trkpt lon="2.941304" lat="39.866498"><ele>181.25</ele></trkpt>
   <trkpt lon="2.941119" lat="39.866469"><ele>181.75</ele></trkpt>
   <trkpt lon="2.940646" lat="39.866342"><ele>186.25</ele></trkpt>
   <trkpt lon="2.940315" lat="39.866211"><ele>188.75</ele></trkpt>
   <trkpt lon="2.939109" lat="39.865853"><ele>193.5</ele></trkpt>
   <trkpt lon="2.938914" lat="39.865808"><ele>193.0</ele></trkpt>
   <trkpt lon="2.938824" lat="39.865813"><ele>193.75</ele></trkpt>
   <trkpt lon="2.938741" lat="39.865846"><ele>195.25</ele></trkpt>
   <trkpt lon="2.938678" lat="39.865890"><ele>196.25</ele></trkpt>
   <trkpt lon="2.938642" lat="39.865943"><ele>197.5</ele></trkpt>
   <trkpt lon="2.938619" lat="39.866011"><ele>199.0</ele></trkpt>
   <trkpt lon="2.938620" lat="39.866094"><ele>200.5</ele></trkpt>
   <trkpt lon="2.938675" lat="39.866165"><ele>205.0</ele></trkpt>
   <trkpt lon="2.938770" lat="39.866207"><ele>207.25</ele></trkpt>
   <trkpt lon="2.938917" lat="39.866256"><ele>209.25</ele><sym>pass_place</sym><type>Shaping</type></trkpt>
   <trkpt lon="2.939257" lat="39.866244"><ele>205.5</ele></trkpt>
   <trkpt lon="2.939448" lat="39.866261"><ele>204.25</ele></trkpt>
   <trkpt lon="2.939704" lat="39.866342"><ele>204.25</ele></trkpt>
   <trkpt lon="2.940811" lat="39.867030"><ele>212.25</ele></trkpt>
   <trkpt lon="2.940919" lat="39.867141"><ele>211.75</ele></trkpt>
   <trkpt lon="2.941203" lat="39.867764"><ele>217.0</ele></trkpt>
   <trkpt lon="2.941344" lat="39.868135"><ele>220.25</ele></trkpt>
   <trkpt lon="2.941425" lat="39.868396"><ele>221.75</ele></trkpt>
   <trkpt lon="2.941465" lat="39.868811"><ele>227.0</ele></trkpt>
   <trkpt lon="2.941513" lat="39.868882"><ele>227.5</ele></trkpt>
   <trkpt lon="2.941587" lat="39.868934"><ele>229.5</ele></trkpt>
   <trkpt lon="2.941677" lat="39.868964"><ele>230.5</ele></trkpt>
   <trkpt lon="2.941842" lat="39.868967"><ele>231.75</ele></trkpt>
   <trkpt lon="2.942027" lat="39.868937"><ele>230.0</ele></trkpt>
   <trkpt lon="2.942261" lat="39.868942"><ele>230.5</ele></trkpt>
   <trkpt lon="2.943275" lat="39.869187"><ele>235.0</ele></trkpt>
   <trkpt lon="2.943413" lat="39.869252"><ele>236.25</ele></trkpt>
   <trkpt lon="2.943498" lat="39.869353"><ele>237.25</ele></trkpt>
   <trkpt lon="2.943517" lat="39.869444"><ele>237.75</ele></trkpt>
   <trkpt lon="2.943514" lat="39.869536"><ele>238.25</ele></trkpt>
   <trkpt lon="2.943447" lat="39.869636"><ele>239.0</ele></trkpt>
   <trkpt lon="2.943350" lat="39.869726"><ele>240.75</ele></trkpt>
   <trkpt lon="2.943252" lat="39.869775"><ele>243.0</ele></trkpt>
   <trkpt lon="2.943117" lat="39.869789"><ele>244.25</ele></trkpt>
   <trkpt lon="2.942946" lat="39.869751"><ele>245.0</ele></trkpt>
   <trkpt lon="2.941707" lat="39.869382"><ele>256.0</ele></trkpt>
   <trkpt lon="2.941463" lat="39.869362"><ele>256.5</ele></trkpt>
   <trkpt lon="2.941284" lat="39.869357"><ele>258.5</ele></trkpt>
   <trkpt lon="2.941145" lat="39.869325"><ele>259.75</ele></trkpt>
   <trkpt lon="2.941054" lat="39.869283"><ele>260.75</ele></trkpt>
   <trkpt lon="2.940969" lat="39.869187"><ele>259.75</ele></trkpt>
   <trkpt lon="2.940878" lat="39.868810"><ele>263.5</ele></trkpt>
   <trkpt lon="2.940801" lat="39.868654"><ele>264.75</ele></trkpt>
   <trkpt lon="2.940693" lat="39.868499"><ele>267.0</ele></trkpt>
   <trkpt lon="2.940442" lat="39.868189"><ele>268.75</ele></trkpt>
   <trkpt lon="2.939783" lat="39.867591"><ele>268.5</ele></trkpt>
   <trkpt lon="2.939524" lat="39.867398"><ele>270.75</ele></trkpt>
   <trkpt lon="2.939333" lat="39.867311"><ele>274.75</ele></trkpt>
   <trkpt lon="2.939014" lat="39.867287"><ele>282.25</ele></trkpt>
   <trkpt lon="2.938557" lat="39.867267"><ele>283.75</ele></trkpt>
   <trkpt lon="2.938080" lat="39.867139"><ele>282.0</ele></trkpt>
   <trkpt lon="2.937683" lat="39.867005"><ele>286.0</ele></trkpt>
   <trkpt lon="2.937307" lat="39.866904"><ele>285.25</ele></trkpt>
   <trkpt lon="2.936330" lat="39.866721"><ele>291.0</ele></trkpt>
   <trkpt lon="2.935913" lat="39.866664"><ele>292.5</ele></trkpt>
   <trkpt lon="2.935549" lat="39.866599"><ele>291.5</ele></trkpt>
   <trkpt lon="2.935243" lat="39.866615"><ele>295.0</ele></trkpt>
   <trkpt lon="2.934530" lat="39.866670"><ele>299.75</ele></trkpt>
   <trkpt lon="2.933892" lat="39.866712"><ele>303.75</ele></trkpt>
   <trkpt lon="2.933646" lat="39.866751"><ele>304.75</ele></trkpt>
   <trkpt lon="2.933497" lat="39.866817"><ele>306.0</ele></trkpt>
   <trkpt lon="2.933363" lat="39.866888"><ele>307.0</ele></trkpt>
   <trkpt lon="2.932880" lat="39.867277"><ele>314.25</ele></trkpt>
   <trkpt lon="2.932752" lat="39.867315"><ele>313.5</ele></trkpt>
   <trkpt lon="2.932619" lat="39.867321"><ele>313.25</ele></trkpt>
   <trkpt lon="2.932410" lat="39.867265"><ele>313.5</ele></trkpt>
   <trkpt lon="2.931501" lat="39.866954"><ele>320.5</ele><sym>left_slight</sym></trkpt>
   <trkpt lon="2.931499" lat="39.866949"><ele>318.5</ele><sym>pass_place</sym><type>Shaping</type></trkpt>
   <trkpt lon="2.931501" lat="39.866954"><ele>320.5</ele></trkpt>
   <trkpt lon="2.931367" lat="39.866889"><ele>322.0</ele></trkpt>
   <trkpt lon="2.931301" lat="39.866803"><ele>323.0</ele></trkpt>
   <trkpt lon="2.931247" lat="39.866681"><ele>323.0</ele></trkpt>
   <trkpt lon="2.931103" lat="39.866243"><ele>325.5</ele></trkpt>
   <trkpt lon="2.931019" lat="39.866079"><ele>326.5</ele></trkpt>
   <trkpt lon="2.930955" lat="39.866014"><ele>326.75</ele></trkpt>
   <trkpt lon="2.930842" lat="39.865969"><ele>328.5</ele></trkpt>
   <trkpt lon="2.930721" lat="39.865961"><ele>329.5</ele></trkpt>
   <trkpt lon="2.929867" lat="39.866155"><ele>336.5</ele></trkpt>
   <trkpt lon="2.929681" lat="39.866234"><ele>338.5</ele></trkpt>
   <trkpt lon="2.929568" lat="39.866322"><ele>339.25</ele></trkpt>
   <trkpt lon="2.929437" lat="39.866454"><ele>340.0</ele></trkpt>
   <trkpt lon="2.929340" lat="39.866530"><ele>341.0</ele></trkpt>
   <trkpt lon="2.929197" lat="39.866597"><ele>340.25</ele></trkpt>
   <trkpt lon="2.928206" lat="39.867000"><ele>344.25</ele></trkpt>
   <trkpt lon="2.927792" lat="39.867163"><ele>345.75</ele></trkpt>
   <trkpt lon="2.927682" lat="39.867235"><ele>346.0</ele></trkpt>
   <trkpt lon="2.927599" lat="39.867324"><ele>345.25</ele></trkpt>
   <trkpt lon="2.927592" lat="39.867387"><ele>346.0</ele></trkpt>
   <trkpt lon="2.927615" lat="39.867462"><ele>347.75</ele></trkpt>
   <trkpt lon="2.927678" lat="39.867558"><ele>349.0</ele></trkpt>
   <trkpt lon="2.927794" lat="39.867645"><ele>349.5</ele></trkpt>
   <trkpt lon="2.928117" lat="39.867762"><ele>352.5</ele></trkpt>
   <trkpt lon="2.928487" lat="39.867870"><ele>356.25</ele></trkpt>
   <trkpt lon="2.928602" lat="39.867924"><ele>356.75</ele></trkpt>
   <trkpt lon="2.928703" lat="39.868015"><ele>357.25</ele></trkpt>
   <trkpt lon="2.928727" lat="39.868094"><ele>357.5</ele></trkpt>
   <trkpt lon="2.928719" lat="39.868194"><ele>358.75</ele></trkpt>
   <trkpt lon="2.928653" lat="39.868293"><ele>359.5</ele></trkpt>
   <trkpt lon="2.928535" lat="39.868370"><ele>361.0</ele></trkpt>
   <trkpt lon="2.928186" lat="39.868454"><ele>362.25</ele></trkpt>
   <trkpt lon="2.927650" lat="39.868573"><ele>364.0</ele></trkpt>
   <trkpt lon="2.926980" lat="39.868726"><ele>370.5</ele></trkpt>
   <trkpt lon="2.926811" lat="39.868787"><ele>371.0</ele></trkpt>
   <trkpt lon="2.926674" lat="39.868856"><ele>371.5</ele></trkpt>
   <trkpt lon="2.926262" lat="39.869164"><ele>374.5</ele></trkpt>
   <trkpt lon="2.926054" lat="39.869282"><ele>376.75</ele></trkpt>
   <trkpt lon="2.925873" lat="39.869355"><ele>377.5</ele></trkpt>
   <trkpt lon="2.925694" lat="39.869402"><ele>378.75</ele></trkpt>
   <trkpt lon="2.925541" lat="39.869419"><ele>379.5</ele></trkpt>
   <trkpt lon="2.925361" lat="39.869382"><ele>381.0</ele></trkpt>
   <trkpt lon="2.925232" lat="39.869312"><ele>382.25</ele></trkpt>
   <trkpt lon="2.925137" lat="39.869228"><ele>383.0</ele></trkpt>
   <trkpt lon="2.925004" lat="39.869081"><ele>383.75</ele></trkpt>
   <trkpt lon="2.924913" lat="39.868915"><ele>383.75</ele></trkpt>
   <trkpt lon="2.924664" lat="39.868047"><ele>391.0</ele></trkpt>
   <trkpt lon="2.924410" lat="39.867222"><ele>395.25</ele></trkpt>
   <trkpt lon="2.924366" lat="39.866998"><ele>397.75</ele></trkpt>
   <trkpt lon="2.924372" lat="39.866579"><ele>398.25</ele></trkpt>
   <trkpt lon="2.924354" lat="39.866489"><ele>397.5</ele></trkpt>
   <trkpt lon="2.924311" lat="39.866422"><ele>397.75</ele></trkpt>
   <trkpt lon="2.924269" lat="39.866387"><ele>398.25</ele></trkpt>
   <trkpt lon="2.924202" lat="39.866351"><ele>398.5</ele></trkpt>
   <trkpt lon="2.922631" lat="39.866022"><ele>401.0</ele></trkpt>
   <trkpt lon="2.922334" lat="39.865978"><ele>400.5</ele></trkpt>
   <trkpt lon="2.922070" lat="39.865973"><ele>403.5</ele></trkpt>
   <trkpt lon="2.921203" lat="39.866032"><ele>408.5</ele></trkpt>
   <trkpt lon="2.921062" lat="39.866034"><ele>407.5</ele></trkpt>
   <trkpt lon="2.920948" lat="39.866002"><ele>406.5</ele></trkpt>
   <trkpt lon="2.920804" lat="39.865922"><ele>405.75</ele></trkpt>
   <trkpt lon="2.920385" lat="39.865586"><ele>403.75</ele></trkpt>
   <trkpt lon="2.919822" lat="39.865213"><ele>398.5</ele></trkpt>
   <trkpt lon="2.919192" lat="39.864841"><ele>401.25</ele></trkpt>
   <trkpt lon="2.918827" lat="39.864561"><ele>404.25</ele><sym>pass_place</sym><type>Shaping</type></trkpt>
   <trkpt lon="2.918825" lat="39.864559"><ele>404.25</ele></trkpt>
   <trkpt lon="2.918674" lat="39.864490"><ele>403.0</ele></trkpt>
   <trkpt lon="2.918538" lat="39.864440"><ele>402.25</ele></trkpt>
   <trkpt lon="2.918228" lat="39.864339"><ele>403.5</ele></trkpt>
   <trkpt lon="2.917809" lat="39.864220"><ele>406.75</ele></trkpt>
   <trkpt lon="2.917683" lat="39.864170"><ele>409.0</ele></trkpt>
   <trkpt lon="2.917614" lat="39.864121"><ele>409.75</ele></trkpt>
   <trkpt lon="2.917565" lat="39.864063"><ele>410.25</ele></trkpt>
   <trkpt lon="2.917496" lat="39.863955"><ele>409.75</ele></trkpt>
   <trkpt lon="2.917373" lat="39.863679"><ele>412.25</ele></trkpt>
   <trkpt lon="2.917241" lat="39.863346"><ele>414.75</ele></trkpt>
   <trkpt lon="2.917134" lat="39.863205"><ele>418.0</ele></trkpt>
   <trkpt lon="2.917044" lat="39.863144"><ele>418.0</ele></trkpt>
   <trkpt lon="2.916744" lat="39.863028"><ele>418.0</ele></trkpt>
   <trkpt lon="2.916662" lat="39.862984"><ele>419.0</ele></trkpt>
   <trkpt lon="2.916574" lat="39.862924"><ele>419.25</ele></trkpt>
   <trkpt lon="2.916476" lat="39.862806"><ele>420.25</ele></trkpt>
   <trkpt lon="2.916393" lat="39.862693"><ele>419.75</ele></trkpt>
   <trkpt lon="2.916350" lat="39.862564"><ele>420.5</ele></trkpt>
   <trkpt lon="2.916351" lat="39.862415"><ele>421.25</ele></trkpt>
   <trkpt lon="2.916467" lat="39.861962"><ele>422.75</ele></trkpt>
   <trkpt lon="2.916592" lat="39.861430"><ele>424.5</ele></trkpt>
   <trkpt lon="2.916590" lat="39.861303"><ele>426.25</ele></trkpt>
   <trkpt lon="2.916544" lat="39.861206"><ele>427.5</ele></trkpt>
   <trkpt lon="2.916443" lat="39.861106"><ele>428.5</ele></trkpt>
   <trkpt lon="2.916314" lat="39.861040"><ele>429.75</ele></trkpt>
   <trkpt lon="2.916135" lat="39.860975"><ele>431.0</ele></trkpt>
   <trkpt lon="2.916005" lat="39.860913"><ele>430.75</ele></trkpt>
   <trkpt lon="2.915895" lat="39.860825"><ele>431.5</ele></trkpt>
   <trkpt lon="2.915761" lat="39.860628"><ele>435.0</ele></trkpt>
   <trkpt lon="2.915596" lat="39.860409"><ele>433.75</ele></trkpt>
   <trkpt lon="2.915435" lat="39.860119"><ele>436.25</ele></trkpt>
   <trkpt lon="2.915424" lat="39.860031"><ele>438.25</ele></trkpt>
   <trkpt lon="2.915453" lat="39.859917"><ele>439.25</ele></trkpt>
   <trkpt lon="2.915496" lat="39.859801"><ele>439.5</ele></trkpt>
   <trkpt lon="2.915526" lat="39.859635"><ele>440.75</ele></trkpt>
   <trkpt lon="2.915518" lat="39.859570"><ele>441.25</ele></trkpt>
   <trkpt lon="2.915491" lat="39.859515"><ele>441.25</ele></trkpt>
   <trkpt lon="2.915437" lat="39.859468"><ele>441.25</ele></trkpt>
   <trkpt lon="2.915011" lat="39.859268"><ele>443.5</ele></trkpt>
   <trkpt lon="2.914698" lat="39.859084"><ele>442.0</ele></trkpt>
   <trkpt lon="2.914561" lat="39.858973"><ele>441.5</ele></trkpt>
   <trkpt lon="2.914458" lat="39.858851"><ele>442.0</ele></trkpt>
   <trkpt lon="2.914274" lat="39.858553"><ele>442.5</ele></trkpt>
   <trkpt lon="2.914057" lat="39.858136"><ele>444.0</ele></trkpt>
   <trkpt lon="2.914030" lat="39.858041"><ele>444.0</ele></trkpt>
   <trkpt lon="2.914029" lat="39.857934"><ele>444.75</ele></trkpt>
   <trkpt lon="2.914093" lat="39.857194"><ele>448.0</ele></trkpt>
   <trkpt lon="2.914070" lat="39.857118"><ele>447.25</ele></trkpt>
   <trkpt lon="2.913983" lat="39.857031"><ele>445.5</ele></trkpt>
   <trkpt lon="2.913811" lat="39.856913"><ele>444.5</ele></trkpt>
   <trkpt lon="2.913742" lat="39.856871"><ele>445.5</ele></trkpt>
   <trkpt lon="2.913563" lat="39.856764"><ele>448.5</ele></trkpt>
   <trkpt lon="2.913372" lat="39.856684"><ele>450.5</ele></trkpt>
   <trkpt lon="2.913240" lat="39.856651"><ele>451.25</ele></trkpt>
   <trkpt lon="2.913141" lat="39.856655"><ele>451.0</ele></trkpt>
   <trkpt lon="2.912961" lat="39.856706"><ele>451.75</ele></trkpt>
   <trkpt lon="2.912779" lat="39.856775"><ele>454.0</ele></trkpt>
   <trkpt lon="2.912578" lat="39.856888"><ele>454.0</ele></trkpt>
   <trkpt lon="2.912431" lat="39.856982"><ele>454.5</ele></trkpt>
   <trkpt lon="2.910978" lat="39.858409"><ele>462.75</ele></trkpt>
   <trkpt lon="2.910879" lat="39.858459"><ele>463.5</ele></trkpt>
   <trkpt lon="2.910738" lat="39.858478"><ele>464.75</ele></trkpt>
   <trkpt lon="2.910637" lat="39.858452"><ele>465.75</ele></trkpt>
   <trkpt lon="2.910545" lat="39.858382"><ele>466.75</ele></trkpt>
   <trkpt lon="2.910493" lat="39.858327"><ele>467.5</ele></trkpt>
   <trkpt lon="2.910478" lat="39.858248"><ele>467.75</ele></trkpt>
   <trkpt lon="2.910492" lat="39.857899"><ele>469.75</ele></trkpt>
   <trkpt lon="2.910480" lat="39.857551"><ele>471.75</ele></trkpt>
   <trkpt lon="2.910361" lat="39.857012"><ele>477.5</ele></trkpt>
   <trkpt lon="2.910322" lat="39.856901"><ele>478.75</ele></trkpt>
   <trkpt lon="2.910195" lat="39.856734"><ele>481.0</ele></trkpt>
   <trkpt lon="2.909926" lat="39.856475"><ele>483.75</ele></trkpt>
   <trkpt lon="2.909092" lat="39.855724"><ele>485.25</ele></trkpt>
   <trkpt lon="2.908551" lat="39.855172"><ele>487.0</ele><sym>pass_place</sym><type>Shaping</type></trkpt>
   <trkpt lon="2.907869" lat="39.854415"><ele>492.0</ele></trkpt>
   <trkpt lon="2.907759" lat="39.854335"><ele>493.75</ele></trkpt>
   <trkpt lon="2.907514" lat="39.854215"><ele>495.75</ele></trkpt>
   <trkpt lon="2.907042" lat="39.854060"><ele>499.25</ele></trkpt>
   <trkpt lon="2.906854" lat="39.854018"><ele>500.25</ele></trkpt>
   <trkpt lon="2.906712" lat="39.854020"><ele>501.5</ele></trkpt>
   <trkpt lon="2.906574" lat="39.854048"><ele>503.25</ele></trkpt>
   <trkpt lon="2.906356" lat="39.854136"><ele>504.5</ele></trkpt>
   <trkpt lon="2.906204" lat="39.854224"><ele>505.75</ele></trkpt>
   <trkpt lon="2.905981" lat="39.854361"><ele>507.25</ele></trkpt>
   <trkpt lon="2.905850" lat="39.854412"><ele>508.5</ele></trkpt>
   <trkpt lon="2.905657" lat="39.854452"><ele>509.75</ele></trkpt>
   <trkpt lon="2.905271" lat="39.854478"><ele>511.75</ele></trkpt>
   <trkpt lon="2.905087" lat="39.854507"><ele>512.75</ele></trkpt>
   <trkpt lon="2.904955" lat="39.854551"><ele>513.5</ele></trkpt>
   <trkpt lon="2.904579" lat="39.854819"><ele>516.25</ele></trkpt>
   <trkpt lon="2.904386" lat="39.854941"><ele>518.5</ele></trkpt>
   <trkpt lon="2.904289" lat="39.855022"><ele>518.5</ele></trkpt>
   <trkpt lon="2.904230" lat="39.855114"><ele>519.25</ele></trkpt>
   <trkpt lon="2.904149" lat="39.855624"><ele>521.75</ele></trkpt>
   <trkpt lon="2.904090" lat="39.855759"><ele>522.0</ele></trkpt>
   <trkpt lon="2.903977" lat="39.855876"><ele>523.5</ele></trkpt>
   <trkpt lon="2.903876" lat="39.855952"><ele>524.75</ele></trkpt>
   <trkpt lon="2.903687" lat="39.856033"><ele>526.5</ele></trkpt>
   <trkpt lon="2.903400" lat="39.856116"><ele>528.5</ele></trkpt>
   <trkpt lon="2.903151" lat="39.856153"><ele>530.5</ele></trkpt>
   <trkpt lon="2.902948" lat="39.856164"><ele>531.75</ele></trkpt>
   <trkpt lon="2.902476" lat="39.856147"><ele>534.0</ele></trkpt>
   <trkpt lon="2.902201" lat="39.856129"><ele>535.0</ele></trkpt>
   <trkpt lon="2.902014" lat="39.856101"><ele>535.75</ele></trkpt>
   <trkpt lon="2.901659" lat="39.855934"><ele>537.75</ele></trkpt>
   <trkpt lon="2.901060" lat="39.855587"><ele>537.5</ele></trkpt>
   <trkpt lon="2.900057" lat="39.855021"><ele>530.25</ele></trkpt>
   <trkpt lon="2.899814" lat="39.854884"><ele>527.5</ele></trkpt>
   <trkpt lon="2.898091" lat="39.853912"><ele>519.75</ele></trkpt>
   <trkpt lon="2.897912" lat="39.853782"><ele>519.25</ele></trkpt>
   <trkpt lon="2.897787" lat="39.853646"><ele>519.5</ele></trkpt>
   <trkpt lon="2.897576" lat="39.853272"><ele>519.5</ele></trkpt>
   <trkpt lon="2.897280" lat="39.852721"><ele>517.75</ele></trkpt>
   <trkpt lon="2.896896" lat="39.851599"><ele>510.25</ele></trkpt>
   <trkpt lon="2.896670" lat="39.850765"><ele>513.0</ele></trkpt>
   <trkpt lon="2.896546" lat="39.849835"><ele>509.0</ele></trkpt>
   <trkpt lon="2.896401" lat="39.848560"><ele>512.75</ele></trkpt>
   <trkpt lon="2.896342" lat="39.848264"><ele>515.25</ele></trkpt>
   <trkpt lon="2.896259" lat="39.848139"><ele>515.75</ele><sym>pass_place</sym><type>Shaping</type></trkpt>
   <trkpt lon="2.896258" lat="39.848137"><ele>515.75</ele></trkpt>
   <trkpt lon="2.895468" lat="39.847100"><ele>518.75</ele></trkpt>
   <trkpt lon="2.895152" lat="39.846589"><ele>520.25</ele></trkpt>
   <trkpt lon="2.895002" lat="39.846331"><ele>519.25</ele></trkpt>
   <trkpt lon="2.894910" lat="39.846146"><ele>518.75</ele></trkpt>
   <trkpt lon="2.894856" lat="39.845946"><ele>518.25</ele></trkpt>
   <trkpt lon="2.894852" lat="39.845804"><ele>518.75</ele></trkpt>
   <trkpt lon="2.895414" lat="39.843893"><ele>518.0</ele></trkpt>
   <trkpt lon="2.895443" lat="39.843794"><ele>517.5</ele></trkpt>
   <trkpt lon="2.896159" lat="39.841425"><ele>499.75</ele></trkpt>
   <trkpt lon="2.896171" lat="39.841381"><ele>499.25</ele></trkpt>
   <trkpt lon="2.896446" lat="39.840468"><ele>515.5</ele></trkpt>
   <trkpt lon="2.896815" lat="39.839296"><ele>520.0</ele></trkpt>
   <trkpt lon="2.896884" lat="39.839076"><ele>519.5</ele></trkpt>
   <trkpt lon="2.897287" lat="39.837756"><ele>528.5</ele></trkpt>
   <trkpt lon="2.897356" lat="39.837404"><ele>535.0</ele></trkpt>
   <trkpt lon="2.897324" lat="39.837124"><ele>535.5</ele></trkpt>
   <trkpt lon="2.897078" lat="39.836470"><ele>536.5</ele></trkpt>
   <trkpt lon="2.897058" lat="39.836407"><ele>536.25</ele></trkpt>
   <trkpt lon="2.896795" lat="39.835611"><ele>538.0</ele></trkpt>
   <trkpt lon="2.896690" lat="39.835435"><ele>539.25</ele></trkpt>
   <trkpt lon="2.895904" lat="39.834690"><ele>544.5</ele></trkpt>
   <trkpt lon="2.895859" lat="39.834560"><ele>545.25</ele></trkpt>
   <trkpt lon="2.895844" lat="39.834413"><ele>546.0</ele></trkpt>
   <trkpt lon="2.895903" lat="39.833726"><ele>551.5</ele></trkpt>
   <trkpt lon="2.895926" lat="39.833436"><ele>553.25</ele></trkpt>
   <trkpt lon="2.895933" lat="39.833352"><ele>553.5</ele></trkpt>
   <trkpt lon="2.895893" lat="39.833054"><ele>554.75</ele></trkpt>
   <trkpt lon="2.895727" lat="39.832222"><ele>561.5</ele><sym>pass_place</sym><type>Shaping</type></trkpt>
   <trkpt lon="2.895644" lat="39.831848"><ele>560.75</ele></trkpt>
   <trkpt lon="2.895613" lat="39.831650"><ele>561.25</ele></trkpt>
   <trkpt lon="2.895601" lat="39.831486"><ele>561.75</ele></trkpt>
   <trkpt lon="2.895652" lat="39.831086"><ele>560.25</ele></trkpt>
   <trkpt lon="2.895717" lat="39.830720"><ele>562.0</ele></trkpt>
   <trkpt lon="2.895778" lat="39.830531"><ele>562.0</ele></trkpt>
   <trkpt lon="2.895860" lat="39.830394"><ele>561.25</ele></trkpt>
   <trkpt lon="2.895926" lat="39.830323"><ele>561.0</ele></trkpt>
   <trkpt lon="2.896032" lat="39.830235"><ele>559.5</ele></trkpt>
   <trkpt lon="2.896210" lat="39.830127"><ele>558.5</ele></trkpt>
   <trkpt lon="2.896498" lat="39.829965"><ele>558.25</ele></trkpt>
   <trkpt lon="2.897559" lat="39.829359"><ele>554.75</ele></trkpt>
   <trkpt lon="2.897650" lat="39.829308"><ele>554.5</ele></trkpt>
   <trkpt lon="2.897919" lat="39.829152"><ele>553.5</ele></trkpt>
   <trkpt lon="2.898009" lat="39.829085"><ele>552.25</ele></trkpt>
   <trkpt lon="2.898043" lat="39.829052"><ele>551.75</ele></trkpt>
   <trkpt lon="2.898097" lat="39.828980"><ele>550.5</ele></trkpt>
   <trkpt lon="2.898133" lat="39.828902"><ele>548.75</ele></trkpt>
   <trkpt lon="2.898146" lat="39.828830"><ele>548.25</ele></trkpt>
   <trkpt lon="2.898140" lat="39.828735"><ele>548.0</ele></trkpt>
   <trkpt lon="2.897981" lat="39.828122"><ele>542.75</ele></trkpt>
   <trkpt lon="2.897965" lat="39.828028"><ele>541.75</ele></trkpt>
   <trkpt lon="2.897972" lat="39.827963"><ele>541.75</ele></trkpt>
   <trkpt lon="2.898026" lat="39.827841"><ele>542.5</ele></trkpt>
   <trkpt lon="2.898058" lat="39.827797"><ele>543.0</ele></trkpt>
   <trkpt lon="2.898121" lat="39.827731"><ele>542.0</ele></trkpt>
   <trkpt lon="2.898204" lat="39.827678"><ele>541.25</ele></trkpt>
   <trkpt lon="2.898421" lat="39.827584"><ele>540.5</ele></trkpt>
   <trkpt lon="2.899123" lat="39.827299"><ele>537.5</ele></trkpt>
   <trkpt lon="2.899577" lat="39.827122"><ele>534.75</ele></trkpt>
   <trkpt lon="2.899706" lat="39.827023"><ele>534.0</ele></trkpt>
   <trkpt lon="2.899829" lat="39.826868"><ele>532.75</ele></trkpt>
   <trkpt lon="2.899884" lat="39.826601"><ele>532.25</ele></trkpt>
   <trkpt lon="2.899945" lat="39.826124"><ele>530.5</ele></trkpt>
   <trkpt lon="2.899953" lat="39.825901"><ele>528.0</ele></trkpt>
   <trkpt lon="2.899958" lat="39.825755"><ele>526.75</ele></trkpt>
   <trkpt lon="2.899904" lat="39.825514"><ele>524.75</ele></trkpt>
   <trkpt lon="2.899631" lat="39.825086"><ele>525.25</ele></trkpt>
   <trkpt lon="2.899176" lat="39.824477"><ele>522.75</ele></trkpt>
   <trkpt lon="2.898783" lat="39.824007"><ele>519.25</ele></trkpt>
   <trkpt lon="2.898520" lat="39.823744"><ele>518.0</ele></trkpt>
   <trkpt lon="2.898234" lat="39.823490"><ele>517.0</ele></trkpt>
   <trkpt lon="2.897593" lat="39.822994"><ele>515.25</ele></trkpt>
   <trkpt lon="2.896342" lat="39.822087"><ele>511.5</ele></trkpt>
   <trkpt lon="2.894507" lat="39.820734"><ele>500.75</ele></trkpt>
   <trkpt lon="2.894418" lat="39.820687"><ele>499.75</ele></trkpt>
   <trkpt lon="2.894239" lat="39.820611"><ele>498.25</ele></trkpt>
   <trkpt lon="2.894121" lat="39.820560"><ele>497.75</ele></trkpt>
   <trkpt lon="2.893911" lat="39.820516"><ele>497.0</ele></trkpt>
   <trkpt lon="2.893774" lat="39.820504"><ele>496.5</ele></trkpt>
   <trkpt lon="2.893616" lat="39.820508"><ele>496.0</ele></trkpt>
   <trkpt lon="2.893149" lat="39.820606"><ele>494.75</ele></trkpt>
   <trkpt lon="2.892729" lat="39.820748"><ele>494.5</ele><sym>pass_place</sym><type>Shaping</type></trkpt>
   <trkpt lon="2.892729" lat="39.820749"><ele>494.5</ele></trkpt>
   <trkpt lon="2.892537" lat="39.820803"><ele>494.75</ele></trkpt>
   <trkpt lon="2.892456" lat="39.820792"><ele>495.0</ele><sym>right_slight</sym></trkpt>
   <trkpt lon="2.892418" lat="39.820822"><ele>494.75</ele></trkpt>
   <trkpt lon="2.892379" lat="39.820847"><ele>494.25</ele></trkpt>
   <trkpt lon="2.892317" lat="39.820869"><ele>493.75</ele></trkpt>
   <trkpt lon="2.891194" lat="39.821195"><ele>490.5</ele></trkpt>
   <trkpt lon="2.890931" lat="39.821272"><ele>490.0</ele></trkpt>
   <trkpt lon="2.890075" lat="39.821528"><ele>487.0</ele></trkpt>
   <trkpt lon="2.889325" lat="39.821740"><ele>483.75</ele></trkpt>
   <trkpt lon="2.889059" lat="39.821790"><ele>481.5</ele></trkpt>
   <trkpt lon="2.888198" lat="39.821916"><ele>479.75</ele></trkpt>
   <trkpt lon="2.887730" lat="39.821972"><ele>478.75</ele></trkpt>
   <trkpt lon="2.887576" lat="39.821981"><ele>478.25</ele></trkpt>
   <trkpt lon="2.887477" lat="39.821973"><ele>478.0</ele><sym>right</sym></trkpt>
   <trkpt lon="2.887426" lat="39.822029"><ele>478.0</ele></trkpt>
   <trkpt lon="2.887253" lat="39.822220"><ele>477.0</ele></trkpt>
   <trkpt lon="2.886973" lat="39.822427"><ele>476.0</ele></trkpt>
   <trkpt lon="2.886895" lat="39.822446"><ele>476.0</ele></trkpt>
   <trkpt lon="2.886773" lat="39.822476"><ele>476.0</ele></trkpt>
   <trkpt lon="2.886414" lat="39.822525"><ele>475.75</ele></trkpt>
   <trkpt lon="2.885963" lat="39.822545"><ele>474.5</ele></trkpt>
   <trkpt lon="2.885899" lat="39.822538"><ele>474.25</ele></trkpt>
   <trkpt lon="2.885850" lat="39.822533"><ele>474.0</ele></trkpt>
   <trkpt lon="2.885722" lat="39.822520"><ele>474.25</ele></trkpt>
   <trkpt lon="2.885453" lat="39.822489"><ele>474.25</ele></trkpt>
   <trkpt lon="2.884874" lat="39.822397"><ele>474.25</ele><sym>u-turn_right</sym></trkpt>
   <trkpt lon="2.884869" lat="39.822396"><ele>474.25</ele><sym>pass_place</sym><type>Shaping</type></trkpt>
   <trkpt lon="2.884874" lat="39.822397"><ele>474.25</ele></trkpt>
   <trkpt lon="2.885453" lat="39.822489"><ele>474.25</ele></trkpt>
   <trkpt lon="2.885722" lat="39.822520"><ele>474.25</ele></trkpt>
   <trkpt lon="2.885850" lat="39.822533"><ele>474.0</ele></trkpt>
   <trkpt lon="2.885899" lat="39.822538"><ele>474.25</ele></trkpt>
   <trkpt lon="2.885963" lat="39.822545"><ele>474.5</ele></trkpt>
   <trkpt lon="2.886414" lat="39.822525"><ele>475.75</ele></trkpt>
   <trkpt lon="2.886773" lat="39.822476"><ele>476.0</ele></trkpt>
   <trkpt lon="2.886895" lat="39.822446"><ele>476.0</ele></trkpt>
   <trkpt lon="2.886973" lat="39.822427"><ele>476.0</ele></trkpt>
   <trkpt lon="2.887253" lat="39.822220"><ele>477.0</ele></trkpt>
   <trkpt lon="2.887426" lat="39.822029"><ele>478.0</ele></trkpt>
   <trkpt lon="2.887477" lat="39.821973"><ele>478.0</ele><sym>left_slight</sym></trkpt>
   <trkpt lon="2.887576" lat="39.821981"><ele>478.25</ele></trkpt>
   <trkpt lon="2.887730" lat="39.821972"><ele>478.75</ele></trkpt>
   <trkpt lon="2.888198" lat="39.821916"><ele>479.75</ele></trkpt>
   <trkpt lon="2.889059" lat="39.821790"><ele>481.5</ele></trkpt>
   <trkpt lon="2.889325" lat="39.821740"><ele>483.75</ele></trkpt>
   <trkpt lon="2.890075" lat="39.821528"><ele>487.0</ele></trkpt>
   <trkpt lon="2.890931" lat="39.821272"><ele>490.0</ele></trkpt>
   <trkpt lon="2.891194" lat="39.821195"><ele>490.5</ele></trkpt>
   <trkpt lon="2.892317" lat="39.820869"><ele>493.75</ele></trkpt>
   <trkpt lon="2.892379" lat="39.820847"><ele>494.25</ele></trkpt>
   <trkpt lon="2.892418" lat="39.820822"><ele>494.75</ele></trkpt>
   <trkpt lon="2.892456" lat="39.820792"><ele>495.0</ele><sym>right_slight</sym></trkpt>
   <trkpt lon="2.892400" lat="39.820739"><ele>495.0</ele></trkpt>
   <trkpt lon="2.892354" lat="39.820565"><ele>495.75</ele></trkpt>
   <trkpt lon="2.892287" lat="39.820260"><ele>499.25</ele></trkpt>
   <trkpt lon="2.892284" lat="39.820129"><ele>501.25</ele></trkpt>
   <trkpt lon="2.892329" lat="39.820051"><ele>502.25</ele></trkpt>
   <trkpt lon="2.892379" lat="39.819992"><ele>503.0</ele></trkpt>
   <trkpt lon="2.892648" lat="39.819778"><ele>504.75</ele></trkpt>
   <trkpt lon="2.892694" lat="39.819715"><ele>505.5</ele></trkpt>
   <trkpt lon="2.892708" lat="39.819640"><ele>505.5</ele></trkpt>
   <trkpt lon="2.892708" lat="39.819537"><ele>505.5</ele></trkpt>
   <trkpt lon="2.892669" lat="39.818637"><ele>511.5</ele></trkpt>
   <trkpt lon="2.892547" lat="39.818070"><ele>514.75</ele></trkpt>
   <trkpt lon="2.892489" lat="39.817865"><ele>516.25</ele></trkpt>
   <trkpt lon="2.892477" lat="39.817777"><ele>516.75</ele></trkpt>
   <trkpt lon="2.892493" lat="39.817702"><ele>517.75</ele></trkpt>
   <trkpt lon="2.892585" lat="39.817626"><ele>518.5</ele></trkpt>
   <trkpt lon="2.892704" lat="39.817581"><ele>519.0</ele></trkpt>
   <trkpt lon="2.893573" lat="39.817368"><ele>520.75</ele></trkpt>
   <trkpt lon="2.893707" lat="39.817319"><ele>522.25</ele></trkpt>
   <trkpt lon="2.893729" lat="39.817296"><ele>523.0</ele></trkpt>
   <trkpt lon="2.893761" lat="39.817264"><ele>523.75</ele></trkpt>
   <trkpt lon="2.893787" lat="39.817195"><ele>524.5</ele></trkpt>
   <trkpt lon="2.893803" lat="39.817106"><ele>524.5</ele></trkpt>
   <trkpt lon="2.893892" lat="39.816912"><ele>524.75</ele></trkpt>
   <trkpt lon="2.893917" lat="39.816876"><ele>524.75</ele></trkpt>
   <trkpt lon="2.893988" lat="39.816806"><ele>524.75</ele></trkpt>
   <trkpt lon="2.894107" lat="39.816740"><ele>525.0</ele></trkpt>
   <trkpt lon="2.894260" lat="39.816687"><ele>525.25</ele></trkpt>
   <trkpt lon="2.895195" lat="39.816502"><ele>528.0</ele></trkpt>
   <trkpt lon="2.895383" lat="39.816460"><ele>528.5</ele></trkpt>
   <trkpt lon="2.895805" lat="39.816383"><ele>530.75</ele></trkpt>
   <trkpt lon="2.896067" lat="39.816304"><ele>530.75</ele></trkpt>
   <trkpt lon="2.896216" lat="39.816238"><ele>531.25</ele></trkpt>
   <trkpt lon="2.896300" lat="39.816170"><ele>532.0</ele></trkpt>
   <trkpt lon="2.896367" lat="39.816072"><ele>533.25</ele></trkpt>
   <trkpt lon="2.896380" lat="39.815977"><ele>534.25</ele></trkpt>
   <trkpt lon="2.896349" lat="39.815879"><ele>535.25</ele></trkpt>
   <trkpt lon="2.896310" lat="39.815808"><ele>536.0</ele></trkpt>
   <trkpt lon="2.896282" lat="39.815784"><ele>536.25</ele></trkpt>
   <trkpt lon="2.896211" lat="39.815724"><ele>536.75</ele></trkpt>
   <trkpt lon="2.896028" lat="39.815650"><ele>537.5</ele></trkpt>
   <trkpt lon="2.895659" lat="39.815580"><ele>539.0</ele></trkpt>
   <trkpt lon="2.895397" lat="39.815536"><ele>540.5</ele></trkpt>
   <trkpt lon="2.894761" lat="39.815453"><ele>543.0</ele></trkpt>
   <trkpt lon="2.893771" lat="39.815295"><ele>547.5</ele></trkpt>
   <trkpt lon="2.893260" lat="39.815224"><ele>549.25</ele></trkpt>
   <trkpt lon="2.892872" lat="39.815153"><ele>552.0</ele><sym>pass_place</sym><type>Shaping</type></trkpt>
   <trkpt lon="2.892561" lat="39.815029"><ele>552.5</ele></trkpt>
   <trkpt lon="2.892226" lat="39.814867"><ele>554.25</ele></trkpt>
   <trkpt lon="2.891798" lat="39.814667"><ele>559.0</ele></trkpt>
   <trkpt lon="2.891630" lat="39.814622"><ele>560.0</ele></trkpt>
   <trkpt lon="2.891028" lat="39.814523"><ele>560.75</ele></trkpt>
   <trkpt lon="2.890873" lat="39.814468"><ele>562.0</ele></trkpt>
   <trkpt lon="2.890761" lat="39.814412"><ele>562.0</ele></trkpt>
   <trkpt lon="2.890319" lat="39.813883"><ele>566.5</ele></trkpt>
   <trkpt lon="2.890171" lat="39.813778"><ele>568.25</ele></trkpt>
   <trkpt lon="2.889713" lat="39.813468"><ele>573.0</ele></trkpt>
   <trkpt lon="2.889578" lat="39.813395"><ele>574.5</ele></trkpt>
   <trkpt lon="2.889468" lat="39.813337"><ele>575.0</ele><sym>right</sym></trkpt>
   <trkpt lon="2.889369" lat="39.813511"><ele>575.25</ele></trkpt>
   <trkpt lon="2.889122" lat="39.813930"><ele>577.5</ele></trkpt>
   <trkpt lon="2.888849" lat="39.814304"><ele>578.5</ele></trkpt>
   <trkpt lon="2.888186" lat="39.815175"><ele>584.75</ele></trkpt>
   <trkpt lon="2.888032" lat="39.815312"><ele>586.0</ele></trkpt>
   <trkpt lon="2.887943" lat="39.815376"><ele>586.5</ele></trkpt>
   <trkpt lon="2.887808" lat="39.815430"><ele>587.25</ele></trkpt>
   <trkpt lon="2.887586" lat="39.815504"><ele>588.25</ele></trkpt>
   <trkpt lon="2.887328" lat="39.815601"><ele>590.0</ele></trkpt>
   <trkpt lon="2.886973" lat="39.815786"><ele>592.0</ele></trkpt>
   <trkpt lon="2.886692" lat="39.815954"><ele>593.75</ele></trkpt>
   <trkpt lon="2.886602" lat="39.815981"><ele>594.5</ele></trkpt>
   <trkpt lon="2.886531" lat="39.815989"><ele>595.0</ele></trkpt>
   <trkpt lon="2.886475" lat="39.815978"><ele>595.5</ele></trkpt>
   <trkpt lon="2.886405" lat="39.815955"><ele>596.5</ele></trkpt>
   <trkpt lon="2.886061" lat="39.815776"><ele>596.0</ele></trkpt>
   <trkpt lon="2.885932" lat="39.815730"><ele>596.25</ele></trkpt>
   <trkpt lon="2.885757" lat="39.815692"><ele>596.75</ele></trkpt>
   <trkpt lon="2.885625" lat="39.815670"><ele>597.75</ele></trkpt>
   <trkpt lon="2.885528" lat="39.815638"><ele>598.75</ele></trkpt>
   <trkpt lon="2.885046" lat="39.815370"><ele>603.5</ele></trkpt>
   <trkpt lon="2.884977" lat="39.815343"><ele>603.75</ele></trkpt>
   <trkpt lon="2.884879" lat="39.815323"><ele>604.5</ele></trkpt>
   <trkpt lon="2.884780" lat="39.815325"><ele>604.25</ele></trkpt>
   <trkpt lon="2.884705" lat="39.815336"><ele>604.25</ele></trkpt>
   <trkpt lon="2.884307" lat="39.815417"><ele>606.5</ele></trkpt>
   <trkpt lon="2.883656" lat="39.815421"><ele>612.0</ele></trkpt>
   <trkpt lon="2.882943" lat="39.815498"><ele>614.0</ele></trkpt>
   <trkpt lon="2.882701" lat="39.815498"><ele>614.75</ele></trkpt>
   <trkpt lon="2.882522" lat="39.815507"><ele>615.5</ele></trkpt>
   <trkpt lon="2.882409" lat="39.815508"><ele>615.75</ele></trkpt>
   <trkpt lon="2.882326" lat="39.815497"><ele>616.25</ele></trkpt>
   <trkpt lon="2.881757" lat="39.815362"><ele>619.25</ele></trkpt>
   <trkpt lon="2.881624" lat="39.815354"><ele>620.5</ele></trkpt>
   <trkpt lon="2.881486" lat="39.815368"><ele>621.75</ele></trkpt>
   <trkpt lon="2.881313" lat="39.815406"><ele>622.75</ele></trkpt>
   <trkpt lon="2.881200" lat="39.815460"><ele>622.75</ele></trkpt>
   <trkpt lon="2.881053" lat="39.815540"><ele>622.5</ele></trkpt>
   <trkpt lon="2.880814" lat="39.815717"><ele>623.5</ele></trkpt>
   <trkpt lon="2.880736" lat="39.815761"><ele>623.25</ele></trkpt>
   <trkpt lon="2.880647" lat="39.815790"><ele>623.5</ele></trkpt>
   <trkpt lon="2.880528" lat="39.815803"><ele>624.25</ele></trkpt>
   <trkpt lon="2.880134" lat="39.815776"><ele>626.25</ele></trkpt>
   <trkpt lon="2.879846" lat="39.815745"><ele>627.75</ele></trkpt>
   <trkpt lon="2.879703" lat="39.815715"><ele>629.0</ele></trkpt>
   <trkpt lon="2.879448" lat="39.815679"><ele>631.0</ele></trkpt>
   <trkpt lon="2.879364" lat="39.815685"><ele>632.0</ele></trkpt>
   <trkpt lon="2.879256" lat="39.815700"><ele>632.75</ele></trkpt>
   <trkpt lon="2.879143" lat="39.815739"><ele>632.75</ele></trkpt>
   <trkpt lon="2.878842" lat="39.815880"><ele>632.5</ele></trkpt>
   <trkpt lon="2.878623" lat="39.815959"><ele>635.5</ele></trkpt>
   <trkpt lon="2.878512" lat="39.816012"><ele>637.25</ele></trkpt>
   <trkpt lon="2.878442" lat="39.816069"><ele>637.5</ele></trkpt>
   <trkpt lon="2.878327" lat="39.816192"><ele>638.0</ele></trkpt>
   <trkpt lon="2.878239" lat="39.816327"><ele>639.25</ele></trkpt>
   <trkpt lon="2.878189" lat="39.816450"><ele>640.0</ele></trkpt>
   <trkpt lon="2.878171" lat="39.816533"><ele>640.75</ele></trkpt>
   <trkpt lon="2.878174" lat="39.816651"><ele>640.5</ele></trkpt>
   <trkpt lon="2.878306" lat="39.816922"><ele>641.0</ele></trkpt>
   <trkpt lon="2.878317" lat="39.816957"><ele>641.0</ele></trkpt>
   <trkpt lon="2.878312" lat="39.816997"><ele>640.5</ele></trkpt>
   <trkpt lon="2.878261" lat="39.817056"><ele>640.0</ele></trkpt>
   <trkpt lon="2.878203" lat="39.817067"><ele>640.5</ele></trkpt>
   <trkpt lon="2.878152" lat="39.817065"><ele>641.0</ele></trkpt>
   <trkpt lon="2.877846" lat="39.816964"><ele>644.5</ele></trkpt>
   <trkpt lon="2.877662" lat="39.816939"><ele>645.5</ele></trkpt>
   <trkpt lon="2.877494" lat="39.816947"><ele>646.0</ele></trkpt>
   <trkpt lon="2.877372" lat="39.816962"><ele>647.25</ele></trkpt>
   <trkpt lon="2.877275" lat="39.816989"><ele>648.5</ele></trkpt>
   <trkpt lon="2.877216" lat="39.817036"><ele>649.0</ele></trkpt>
   <trkpt lon="2.877182" lat="39.817096"><ele>649.25</ele></trkpt>
   <trkpt lon="2.877159" lat="39.817178"><ele>649.25</ele></trkpt>
   <trkpt lon="2.877151" lat="39.817287"><ele>650.25</ele></trkpt>
   <trkpt lon="2.877167" lat="39.817360"><ele>650.75</ele></trkpt>
   <trkpt lon="2.877208" lat="39.817450"><ele>650.0</ele></trkpt>
   <trkpt lon="2.877255" lat="39.817515"><ele>649.0</ele></trkpt>
   <trkpt lon="2.877298" lat="39.817597"><ele>648.5</ele></trkpt>
   <trkpt lon="2.877312" lat="39.817645"><ele>648.25</ele></trkpt>
   <trkpt lon="2.877305" lat="39.817710"><ele>649.0</ele><sym>pass_place</sym><type>Shaping</type></trkpt>
   <trkpt lon="2.877305" lat="39.817711"><ele>649.0</ele></trkpt>
   <trkpt lon="2.877227" lat="39.818087"><ele>652.5</ele></trkpt>
   <trkpt lon="2.877203" lat="39.818137"><ele>652.0</ele></trkpt>
   <trkpt lon="2.877157" lat="39.818187"><ele>651.75</ele></trkpt>
   <trkpt lon="2.877069" lat="39.818236"><ele>652.75</ele></trkpt>
   <trkpt lon="2.876975" lat="39.818269"><ele>654.5</ele></trkpt>
   <trkpt lon="2.876841" lat="39.818339"><ele>656.0</ele></trkpt>
   <trkpt lon="2.876649" lat="39.818501"><ele>657.25</ele></trkpt>
   <trkpt lon="2.876568" lat="39.818614"><ele>657.5</ele></trkpt>
   <trkpt lon="2.876529" lat="39.818717"><ele>658.25</ele></trkpt>
   <trkpt lon="2.876508" lat="39.818812"><ele>658.5</ele></trkpt>
   <trkpt lon="2.876485" lat="39.819052"><ele>658.0</ele></trkpt>
   <trkpt lon="2.876444" lat="39.819321"><ele>659.0</ele></trkpt>
   <trkpt lon="2.876396" lat="39.819505"><ele>660.5</ele></trkpt>
   <trkpt lon="2.876342" lat="39.819653"><ele>661.0</ele></trkpt>
   <trkpt lon="2.876291" lat="39.819766"><ele>661.25</ele></trkpt>
   <trkpt lon="2.876218" lat="39.819841"><ele>661.75</ele></trkpt>
   <trkpt lon="2.876001" lat="39.819971"><ele>663.25</ele></trkpt>
   <trkpt lon="2.875751" lat="39.820082"><ele>664.0</ele></trkpt>
   <trkpt lon="2.875633" lat="39.820116"><ele>664.75</ele></trkpt>
   <trkpt lon="2.875451" lat="39.820148"><ele>665.75</ele></trkpt>
   <trkpt lon="2.875217" lat="39.820175"><ele>667.75</ele></trkpt>
   <trkpt lon="2.875012" lat="39.820206"><ele>669.0</ele></trkpt>
   <trkpt lon="2.874921" lat="39.820231"><ele>669.75</ele></trkpt>
   <trkpt lon="2.874711" lat="39.820399"><ele>671.5</ele></trkpt>
   <trkpt lon="2.874608" lat="39.820495"><ele>672.5</ele></trkpt>
   <trkpt lon="2.874456" lat="39.820614"><ele>673.5</ele></trkpt>
   <trkpt lon="2.874356" lat="39.820646"><ele>673.25</ele></trkpt>
   <trkpt lon="2.874284" lat="39.820642"><ele>673.25</ele></trkpt>
   <trkpt lon="2.873820" lat="39.820505"><ele>672.75</ele></trkpt>
   <trkpt lon="2.873246" lat="39.820399"><ele>672.75</ele></trkpt>
   <trkpt lon="2.873092" lat="39.820389"><ele>672.25</ele></trkpt>
   <trkpt lon="2.872885" lat="39.820398"><ele>671.75</ele></trkpt>
   <trkpt lon="2.872720" lat="39.820437"><ele>671.25</ele></trkpt>
   <trkpt lon="2.872582" lat="39.820498"><ele>671.0</ele></trkpt>
   <trkpt lon="2.872403" lat="39.820591"><ele>671.0</ele></trkpt>
   <trkpt lon="2.872302" lat="39.820636"><ele>671.0</ele></trkpt>
   <trkpt lon="2.872072" lat="39.820745"><ele>671.5</ele></trkpt>
   <trkpt lon="2.871176" lat="39.821106"><ele>674.75</ele></trkpt>
   <trkpt lon="2.870390" lat="39.821434"><ele>676.0</ele></trkpt>
   <trkpt lon="2.870249" lat="39.821502"><ele>676.0</ele></trkpt>
   <trkpt lon="2.870046" lat="39.821612"><ele>676.75</ele></trkpt>
   <trkpt lon="2.869893" lat="39.821683"><ele>677.0</ele></trkpt>
   <trkpt lon="2.869781" lat="39.821718"><ele>677.25</ele></trkpt>
   <trkpt lon="2.869433" lat="39.821798"><ele>677.5</ele></trkpt>
   <trkpt lon="2.869250" lat="39.821830"><ele>677.0</ele></trkpt>
   <trkpt lon="2.868946" lat="39.821859"><ele>676.0</ele></trkpt>
   <trkpt lon="2.868784" lat="39.821865"><ele>675.25</ele></trkpt>
   <trkpt lon="2.868694" lat="39.821859"><ele>675.0</ele></trkpt>
   <trkpt lon="2.867909" lat="39.821729"><ele>672.0</ele></trkpt>
   <trkpt lon="2.867727" lat="39.821688"><ele>671.25</ele></trkpt>
   <trkpt lon="2.867427" lat="39.821581"><ele>670.75</ele></trkpt>
   <trkpt lon="2.867262" lat="39.821545"><ele>670.25</ele></trkpt>
   <trkpt lon="2.867134" lat="39.821528"><ele>670.0</ele></trkpt>
   <trkpt lon="2.866935" lat="39.821520"><ele>669.0</ele></trkpt>
   <trkpt lon="2.866775" lat="39.821540"><ele>669.5</ele></trkpt>
   <trkpt lon="2.866646" lat="39.821581"><ele>669.25</ele></trkpt>
   <trkpt lon="2.866512" lat="39.821644"><ele>669.75</ele></trkpt>
   <trkpt lon="2.866397" lat="39.821718"><ele>669.75</ele></trkpt>
   <trkpt lon="2.865801" lat="39.822152"><ele>668.75</ele></trkpt>
   <trkpt lon="2.865701" lat="39.822204"><ele>667.75</ele></trkpt>
   <trkpt lon="2.865637" lat="39.822217"><ele>667.25</ele></trkpt>
   <trkpt lon="2.865543" lat="39.822218"><ele>666.75</ele></trkpt>
   <trkpt lon="2.865448" lat="39.822197"><ele>665.5</ele></trkpt>
   <trkpt lon="2.865181" lat="39.822052"><ele>665.5</ele></trkpt>
   <trkpt lon="2.865009" lat="39.822009"><ele>664.25</ele></trkpt>
   <trkpt lon="2.864894" lat="39.822008"><ele>664.0</ele></trkpt>
   <trkpt lon="2.864803" lat="39.822022"><ele>663.5</ele></trkpt>
   <trkpt lon="2.864674" lat="39.822052"><ele>663.0</ele></trkpt>
   <trkpt lon="2.864494" lat="39.822149"><ele>662.0</ele></trkpt>
   <trkpt lon="2.863980" lat="39.822476"><ele>660.0</ele></trkpt>
   <trkpt lon="2.863580" lat="39.822711"><ele>659.0</ele></trkpt>
   <trkpt lon="2.863057" lat="39.823023"><ele>661.25</ele></trkpt>
   <trkpt lon="2.862971" lat="39.823057"><ele>660.75</ele></trkpt>
   <trkpt lon="2.862898" lat="39.823075"><ele>660.75</ele></trkpt>
   <trkpt lon="2.862776" lat="39.823088"><ele>660.5</ele></trkpt>
   <trkpt lon="2.862534" lat="39.823083"><ele>658.5</ele></trkpt>
   <trkpt lon="2.862392" lat="39.823087"><ele>658.0</ele></trkpt>
   <trkpt lon="2.862286" lat="39.823108"><ele>657.0</ele></trkpt>
   <trkpt lon="2.862202" lat="39.823148"><ele>656.0</ele></trkpt>
   <trkpt lon="2.862121" lat="39.823201"><ele>655.75</ele></trkpt>
   <trkpt lon="2.861989" lat="39.823315"><ele>655.25</ele></trkpt>
   <trkpt lon="2.861948" lat="39.823339"><ele>655.5</ele></trkpt>
   <trkpt lon="2.861909" lat="39.823349"><ele>654.75</ele></trkpt>
   <trkpt lon="2.861834" lat="39.823344"><ele>654.0</ele></trkpt>
   <trkpt lon="2.861743" lat="39.823327"><ele>654.0</ele></trkpt>
   <trkpt lon="2.861517" lat="39.823271"><ele>654.0</ele></trkpt>
   <trkpt lon="2.861357" lat="39.823246"><ele>653.5</ele></trkpt>
   <trkpt lon="2.861195" lat="39.823241"><ele>654.25</ele></trkpt>
   <trkpt lon="2.861088" lat="39.823268"><ele>653.5</ele></trkpt>
   <trkpt lon="2.861018" lat="39.823310"><ele>653.0</ele></trkpt>
   <trkpt lon="2.860986" lat="39.823371"><ele>653.25</ele></trkpt>
   <trkpt lon="2.860999" lat="39.823451"><ele>653.25</ele></trkpt>
   <trkpt lon="2.861088" lat="39.823720"><ele>649.0</ele></trkpt>
   <trkpt lon="2.861072" lat="39.823815"><ele>648.5</ele></trkpt>
   <trkpt lon="2.861045" lat="39.823867"><ele>648.5</ele></trkpt>
   <trkpt lon="2.860981" lat="39.823927"><ele>648.0</ele><sym>pass_place</sym><type>Shaping</type></trkpt>
   <trkpt lon="2.860047" lat="39.824382"><ele>648.75</ele></trkpt>
   <trkpt lon="2.859218" lat="39.824767"><ele>649.5</ele></trkpt>
   <trkpt lon="2.859140" lat="39.824793"><ele>649.5</ele></trkpt>
   <trkpt lon="2.859037" lat="39.824801"><ele>649.25</ele></trkpt>
   <trkpt lon="2.858913" lat="39.824774"><ele>649.25</ele></trkpt>
   <trkpt lon="2.858792" lat="39.824721"><ele>648.75</ele></trkpt>
   <trkpt lon="2.858650" lat="39.824646"><ele>649.0</ele></trkpt>
   <trkpt lon="2.858060" lat="39.824275"><ele>647.5</ele></trkpt>
   <trkpt lon="2.857919" lat="39.824198"><ele>647.5</ele></trkpt>
   <trkpt lon="2.857821" lat="39.824164"><ele>647.5</ele></trkpt>
   <trkpt lon="2.857735" lat="39.824150"><ele>647.5</ele></trkpt>
   <trkpt lon="2.857507" lat="39.824137"><ele>648.0</ele></trkpt>
   <trkpt lon="2.857413" lat="39.824115"><ele>647.5</ele></trkpt>
   <trkpt lon="2.857005" lat="39.823966"><ele>647.25</ele></trkpt>
   <trkpt lon="2.856686" lat="39.823818"><ele>647.5</ele></trkpt>
   <trkpt lon="2.856556" lat="39.823738"><ele>646.75</ele></trkpt>
   <trkpt lon="2.856465" lat="39.823662"><ele>646.5</ele></trkpt>
   <trkpt lon="2.856413" lat="39.823594"><ele>646.25</ele></trkpt>
   <trkpt lon="2.856354" lat="39.823480"><ele>644.25</ele></trkpt>
   <trkpt lon="2.856161" lat="39.823034"><ele>641.75</ele></trkpt>
   <trkpt lon="2.856051" lat="39.822727"><ele>639.0</ele></trkpt>
   <trkpt lon="2.855995" lat="39.822602"><ele>638.5</ele></trkpt>
   <trkpt lon="2.855908" lat="39.822489"><ele>638.5</ele></trkpt>
   <trkpt lon="2.855826" lat="39.822433"><ele>638.75</ele></trkpt>
   <trkpt lon="2.855712" lat="39.822392"><ele>638.5</ele></trkpt>
   <trkpt lon="2.855605" lat="39.822375"><ele>638.0</ele></trkpt>
   <trkpt lon="2.855471" lat="39.822372"><ele>637.75</ele></trkpt>
   <trkpt lon="2.854728" lat="39.822516"><ele>638.5</ele></trkpt>
   <trkpt lon="2.854562" lat="39.822538"><ele>638.25</ele></trkpt>
   <trkpt lon="2.854423" lat="39.822540"><ele>638.25</ele></trkpt>
   <trkpt lon="2.854382" lat="39.822538"><ele>637.75</ele></trkpt>
   <trkpt lon="2.854256" lat="39.822504"><ele>636.0</ele></trkpt>
   <trkpt lon="2.854162" lat="39.822486"><ele>635.75</ele></trkpt>
   <trkpt lon="2.854069" lat="39.822478"><ele>635.75</ele></trkpt>
   <trkpt lon="2.853975" lat="39.822485"><ele>634.75</ele></trkpt>
   <trkpt lon="2.853889" lat="39.822520"><ele>633.5</ele></trkpt>
   <trkpt lon="2.853693" lat="39.822653"><ele>633.5</ele></trkpt>
   <trkpt lon="2.853315" lat="39.822889"><ele>632.25</ele></trkpt>
   <trkpt lon="2.853019" lat="39.823048"><ele>633.5</ele></trkpt>
   <trkpt lon="2.852793" lat="39.823154"><ele>633.75</ele></trkpt>
   <trkpt lon="2.852688" lat="39.823192"><ele>634.5</ele></trkpt>
   <trkpt lon="2.852571" lat="39.823221"><ele>635.5</ele></trkpt>
   <trkpt lon="2.852386" lat="39.823234"><ele>637.0</ele></trkpt>
   <trkpt lon="2.852240" lat="39.823252"><ele>637.75</ele></trkpt>
   <trkpt lon="2.852139" lat="39.823276"><ele>638.0</ele></trkpt>
   <trkpt lon="2.852032" lat="39.823326"><ele>637.75</ele></trkpt>
   <trkpt lon="2.851871" lat="39.823439"><ele>637.75</ele></trkpt>
   <trkpt lon="2.851775" lat="39.823518"><ele>638.25</ele></trkpt>
   <trkpt lon="2.851711" lat="39.823591"><ele>638.25</ele></trkpt>
   <trkpt lon="2.851535" lat="39.823872"><ele>637.5</ele></trkpt>
   <trkpt lon="2.851227" lat="39.824138"><ele>636.5</ele></trkpt>
   <trkpt lon="2.850948" lat="39.824365"><ele>639.0</ele></trkpt>
   <trkpt lon="2.850307" lat="39.824824"><ele>641.75</ele></trkpt>
   <trkpt lon="2.850231" lat="39.824865"><ele>642.0</ele></trkpt>
   <trkpt lon="2.850090" lat="39.824921"><ele>641.5</ele></trkpt>
   <trkpt lon="2.849233" lat="39.825134"><ele>641.0</ele></trkpt>
   <trkpt lon="2.848057" lat="39.825571"><ele>638.75</ele></trkpt>
   <trkpt lon="2.847978" lat="39.825618"><ele>638.75</ele></trkpt>
   <trkpt lon="2.847916" lat="39.825701"><ele>638.25</ele></trkpt>
   <trkpt lon="2.847797" lat="39.825884"><ele>637.25</ele></trkpt>
   <trkpt lon="2.847716" lat="39.825977"><ele>636.75</ele></trkpt>
   <trkpt lon="2.847645" lat="39.826039"><ele>636.5</ele></trkpt>
   <trkpt lon="2.847564" lat="39.826086"><ele>636.0</ele></trkpt>
   <trkpt lon="2.847417" lat="39.826139"><ele>636.0</ele></trkpt>
   <trkpt lon="2.847306" lat="39.826164"><ele>636.25</ele></trkpt>
   <trkpt lon="2.847210" lat="39.826176"><ele>636.25</ele></trkpt>
   <trkpt lon="2.846997" lat="39.826158"><ele>633.25</ele></trkpt>
   <trkpt lon="2.846461" lat="39.826100"><ele>630.0</ele></trkpt>
   <trkpt lon="2.846190" lat="39.826079"><ele>631.0</ele></trkpt>
   <trkpt lon="2.846052" lat="39.826090"><ele>630.75</ele></trkpt>
   <trkpt lon="2.844830" lat="39.826330"><ele>633.0</ele></trkpt>
   <trkpt lon="2.844004" lat="39.826454"><ele>632.5</ele></trkpt>
   <trkpt lon="2.843841" lat="39.826467"><ele>633.25</ele></trkpt>
   <trkpt lon="2.843520" lat="39.826483"><ele>633.75</ele><sym>pass_place</sym><type>Shaping</type></trkpt>
   <trkpt lon="2.843518" lat="39.826484"><ele>633.75</ele></trkpt>
   <trkpt lon="2.842541" lat="39.826543"><ele>630.0</ele></trkpt>
   <trkpt lon="2.842122" lat="39.826572"><ele>629.25</ele></trkpt>
   <trkpt lon="2.841962" lat="39.826575"><ele>628.5</ele></trkpt>
   <trkpt lon="2.841858" lat="39.826562"><ele>627.0</ele></trkpt>
   <trkpt lon="2.841736" lat="39.826523"><ele>626.0</ele></trkpt>
   <trkpt lon="2.841497" lat="39.826432"><ele>625.75</ele></trkpt>
   <trkpt lon="2.841385" lat="39.826375"><ele>625.5</ele></trkpt>
   <trkpt lon="2.841342" lat="39.826332"><ele>623.5</ele></trkpt>
   <trkpt lon="2.841329" lat="39.826276"><ele>622.5</ele></trkpt>
   <trkpt lon="2.841345" lat="39.826221"><ele>623.0</ele></trkpt>
   <trkpt lon="2.841423" lat="39.826093"><ele>624.5</ele></trkpt>
   <trkpt lon="2.841505" lat="39.826001"><ele>626.25</ele></trkpt>
   <trkpt lon="2.841531" lat="39.825939"><ele>627.0</ele></trkpt>
   <trkpt lon="2.841522" lat="39.825896"><ele>627.0</ele></trkpt>
   <trkpt lon="2.841490" lat="39.825858"><ele>626.5</ele></trkpt>
   <trkpt lon="2.841095" lat="39.825800"><ele>622.5</ele></trkpt>
   <trkpt lon="2.840857" lat="39.825776"><ele>622.75</ele></trkpt>
   <trkpt lon="2.840431" lat="39.825785"><ele>620.5</ele></trkpt>
   <trkpt lon="2.839776" lat="39.825809"><ele>617.0</ele></trkpt>
   <trkpt lon="2.839635" lat="39.825821"><ele>616.0</ele></trkpt>
   <trkpt lon="2.839520" lat="39.825835"><ele>615.25</ele></trkpt>
   <trkpt lon="2.839446" lat="39.825854"><ele>614.75</ele></trkpt>
   <trkpt lon="2.839360" lat="39.825887"><ele>614.5</ele></trkpt>
   <trkpt lon="2.839224" lat="39.825990"><ele>613.75</ele></trkpt>
   <trkpt lon="2.839168" lat="39.826056"><ele>613.25</ele></trkpt>
   <trkpt lon="2.839135" lat="39.826124"><ele>613.0</ele></trkpt>
   <trkpt lon="2.839078" lat="39.826308"><ele>611.75</ele></trkpt>
   <trkpt lon="2.838917" lat="39.826924"><ele>609.75</ele></trkpt>
   <trkpt lon="2.838881" lat="39.827061"><ele>609.5</ele></trkpt>
   <trkpt lon="2.838823" lat="39.827204"><ele>609.5</ele></trkpt>
   <trkpt lon="2.838615" lat="39.827500"><ele>606.75</ele></trkpt>
   <trkpt lon="2.838383" lat="39.827857"><ele>605.0</ele></trkpt>
   <trkpt lon="2.838158" lat="39.828314"><ele>607.0</ele></trkpt>
   <trkpt lon="2.838092" lat="39.828402"><ele>606.5</ele></trkpt>
   <trkpt lon="2.838020" lat="39.828445"><ele>606.75</ele></trkpt>
   <trkpt lon="2.837654" lat="39.828568"><ele>608.25</ele></trkpt>
   <trkpt lon="2.837421" lat="39.828632"><ele>605.25</ele></trkpt>
   <trkpt lon="2.837308" lat="39.828645"><ele>603.0</ele></trkpt>
   <trkpt lon="2.837220" lat="39.828646"><ele>602.5</ele></trkpt>
   <trkpt lon="2.837167" lat="39.828640"><ele>602.5</ele></trkpt>
   <trkpt lon="2.837027" lat="39.828616"><ele>604.5</ele></trkpt>
   <trkpt lon="2.836922" lat="39.828578"><ele>605.25</ele></trkpt>
   <trkpt lon="2.836789" lat="39.828482"><ele>605.75</ele></trkpt>
   <trkpt lon="2.836535" lat="39.828332"><ele>604.25</ele></trkpt>
   <trkpt lon="2.836409" lat="39.828272"><ele>603.25</ele></trkpt>
   <trkpt lon="2.836156" lat="39.828184"><ele>601.75</ele></trkpt>
   <trkpt lon="2.835900" lat="39.828158"><ele>601.0</ele></trkpt>
   <trkpt lon="2.835559" lat="39.828165"><ele>602.25</ele></trkpt>
   <trkpt lon="2.835249" lat="39.828211"><ele>600.0</ele></trkpt>
   <trkpt lon="2.834365" lat="39.828428"><ele>592.25</ele></trkpt>
   <trkpt lon="2.834228" lat="39.828442"><ele>591.25</ele></trkpt>
   <trkpt lon="2.834142" lat="39.828435"><ele>591.0</ele></trkpt>
   <trkpt lon="2.833916" lat="39.828401"><ele>588.25</ele></trkpt>
   <trkpt lon="2.833686" lat="39.828348"><ele>587.0</ele></trkpt>
   <trkpt lon="2.833371" lat="39.828185"><ele>588.0</ele></trkpt>
   <trkpt lon="2.833164" lat="39.828101"><ele>587.5</ele></trkpt>
   <trkpt lon="2.832867" lat="39.828014"><ele>585.5</ele></trkpt>
   <trkpt lon="2.832413" lat="39.827890"><ele>582.0</ele></trkpt>
   <trkpt lon="2.831764" lat="39.827812"><ele>576.75</ele></trkpt>
   <trkpt lon="2.831668" lat="39.827793"><ele>576.75</ele></trkpt>
   <trkpt lon="2.831529" lat="39.827749"><ele>575.75</ele></trkpt>
   <trkpt lon="2.831291" lat="39.827599"><ele>575.75</ele></trkpt>
   <trkpt lon="2.830596" lat="39.827107"><ele>578.0</ele></trkpt>
   <trkpt lon="2.829997" lat="39.826607"><ele>574.75</ele></trkpt>
   <trkpt lon="2.829925" lat="39.826533"><ele>574.5</ele></trkpt>
   <trkpt lon="2.829713" lat="39.826214"><ele>573.5</ele></trkpt>
   <trkpt lon="2.829652" lat="39.826084"><ele>573.0</ele></trkpt>
   <trkpt lon="2.829599" lat="39.825902"><ele>572.25</ele></trkpt>
   <trkpt lon="2.829562" lat="39.825724"><ele>572.25</ele></trkpt>
   <trkpt lon="2.829497" lat="39.825490"><ele>572.25</ele></trkpt>
   <trkpt lon="2.829370" lat="39.825240"><ele>570.0</ele></trkpt>
   <trkpt lon="2.829304" lat="39.825140"><ele>568.75</ele></trkpt>
   <trkpt lon="2.829193" lat="39.824880"><ele>569.0</ele></trkpt>
   <trkpt lon="2.829089" lat="39.824749"><ele>568.0</ele></trkpt>
   <trkpt lon="2.828442" lat="39.824108"><ele>565.25</ele><sym>pass_place</sym><type>Shaping</type></trkpt>
   <trkpt lon="2.827943" lat="39.823680"><ele>564.25</ele></trkpt>
   <trkpt lon="2.827732" lat="39.823499"><ele>561.5</ele></trkpt>
   <trkpt lon="2.827528" lat="39.823262"><ele>559.5</ele></trkpt>
   <trkpt lon="2.827384" lat="39.823007"><ele>559.5</ele></trkpt>
   <trkpt lon="2.827337" lat="39.822887"><ele>559.0</ele></trkpt>
   <trkpt lon="2.827308" lat="39.822770"><ele>558.75</ele></trkpt>
   <trkpt lon="2.827311" lat="39.822652"><ele>557.5</ele></trkpt>
   <trkpt lon="2.827338" lat="39.822560"><ele>557.25</ele></trkpt>
   <trkpt lon="2.827396" lat="39.822435"><ele>556.25</ele></trkpt>
   <trkpt lon="2.827508" lat="39.822251"><ele>556.0</ele></trkpt>
   <trkpt lon="2.827594" lat="39.822073"><ele>561.25</ele></trkpt>
   <trkpt lon="2.827652" lat="39.821779"><ele>558.5</ele></trkpt>
   <trkpt lon="2.827675" lat="39.821716"><ele>557.5</ele></trkpt>
   <trkpt lon="2.827730" lat="39.821674"><ele>557.75</ele></trkpt>
   <trkpt lon="2.827796" lat="39.821664"><ele>558.75</ele></trkpt>
   <trkpt lon="2.828033" lat="39.821690"><ele>559.0</ele></trkpt>
   <trkpt lon="2.828139" lat="39.821689"><ele>560.5</ele></trkpt>
   <trkpt lon="2.828253" lat="39.821664"><ele>561.25</ele></trkpt>
   <trkpt lon="2.828372" lat="39.821579"><ele>561.25</ele></trkpt>
   <trkpt lon="2.828673" lat="39.821235"><ele>560.75</ele></trkpt>
   <trkpt lon="2.828775" lat="39.821088"><ele>560.25</ele></trkpt>
   <trkpt lon="2.828842" lat="39.821030"><ele>560.5</ele></trkpt>
   <trkpt lon="2.828946" lat="39.820962"><ele>560.5</ele></trkpt>
   <trkpt lon="2.829118" lat="39.820905"><ele>561.25</ele></trkpt>
   <trkpt lon="2.829460" lat="39.820819"><ele>561.5</ele></trkpt>
   <trkpt lon="2.829612" lat="39.820770"><ele>561.25</ele></trkpt>
   <trkpt lon="2.829755" lat="39.820693"><ele>560.5</ele></trkpt>
   <trkpt lon="2.829848" lat="39.820625"><ele>560.25</ele></trkpt>
   <trkpt lon="2.829948" lat="39.820488"><ele>559.75</ele></trkpt>
   <trkpt lon="2.830014" lat="39.820316"><ele>558.5</ele></trkpt>
   <trkpt lon="2.830050" lat="39.820174"><ele>558.0</ele></trkpt>
   <trkpt lon="2.830078" lat="39.820004"><ele>557.5</ele></trkpt>
   <trkpt lon="2.830063" lat="39.819795"><ele>556.5</ele></trkpt>
   <trkpt lon="2.830009" lat="39.819650"><ele>556.0</ele></trkpt>
   <trkpt lon="2.829871" lat="39.819500"><ele>555.0</ele></trkpt>
   <trkpt lon="2.829650" lat="39.819306"><ele>553.25</ele></trkpt>
   <trkpt lon="2.829534" lat="39.819168"><ele>551.25</ele></trkpt>
   <trkpt lon="2.829505" lat="39.819107"><ele>549.25</ele></trkpt>
   <trkpt lon="2.829514" lat="39.819030"><ele>548.25</ele></trkpt>
   <trkpt lon="2.829578" lat="39.818957"><ele>548.75</ele></trkpt>
   <trkpt lon="2.829806" lat="39.818757"><ele>550.5</ele></trkpt>
   <trkpt lon="2.829857" lat="39.818660"><ele>549.75</ele></trkpt>
   <trkpt lon="2.829887" lat="39.818594"><ele>549.5</ele></trkpt>
   <trkpt lon="2.829882" lat="39.818521"><ele>550.0</ele></trkpt>
   <trkpt lon="2.829837" lat="39.818451"><ele>549.5</ele><sym>right_slight</sym></trkpt>
   <trkpt lon="2.829747" lat="39.818415"><ele>548.5</ele></trkpt>
   <trkpt lon="2.829574" lat="39.818368"><ele>546.75</ele></trkpt>
   <trkpt lon="2.829128" lat="39.818288"><ele>543.0</ele></trkpt>
   <trkpt lon="2.829040" lat="39.818261"><ele>541.5</ele></trkpt>
   <trkpt lon="2.828944" lat="39.818196"><ele>540.25</ele></trkpt>
   <trkpt lon="2.828806" lat="39.818054"><ele>538.75</ele></trkpt>
   <trkpt lon="2.828755" lat="39.817975"><ele>537.5</ele></trkpt>
   <trkpt lon="2.828734" lat="39.817910"><ele>536.75</ele></trkpt>
   <trkpt lon="2.828728" lat="39.817813"><ele>536.5</ele></trkpt>
   <trkpt lon="2.828762" lat="39.817724"><ele>536.25</ele></trkpt>
   <trkpt lon="2.828918" lat="39.817555"><ele>536.5</ele></trkpt>
   <trkpt lon="2.829545" lat="39.816937"><ele>531.25</ele></trkpt>
   <trkpt lon="2.829735" lat="39.816751"><ele>530.5</ele></trkpt>
   <trkpt lon="2.829832" lat="39.816621"><ele>530.0</ele></trkpt>
   <trkpt lon="2.829861" lat="39.816525"><ele>529.25</ele></trkpt>
   <trkpt lon="2.829858" lat="39.816440"><ele>528.0</ele></trkpt>
   <trkpt lon="2.829832" lat="39.816357"><ele>527.75</ele></trkpt>
   <trkpt lon="2.829800" lat="39.816279"><ele>529.75</ele></trkpt>
   <trkpt lon="2.829742" lat="39.816230"><ele>530.5</ele></trkpt>
   <trkpt lon="2.828282" lat="39.816023"><ele>536.25</ele></trkpt>
   <trkpt lon="2.827971" lat="39.815985"><ele>536.25</ele></trkpt>
   <trkpt lon="2.827749" lat="39.815945"><ele>536.5</ele></trkpt>
   <trkpt lon="2.827619" lat="39.815908"><ele>536.25</ele></trkpt>
   <trkpt lon="2.827520" lat="39.815852"><ele>538.0</ele></trkpt>
   <trkpt lon="2.827401" lat="39.815766"><ele>537.75</ele></trkpt>
   <trkpt lon="2.827119" lat="39.815483"><ele>539.75</ele></trkpt>
   <trkpt lon="2.826985" lat="39.815370"><ele>540.0</ele></trkpt>
   <trkpt lon="2.826746" lat="39.815215"><ele>544.75</ele></trkpt>
   <trkpt lon="2.826520" lat="39.815092"><ele>546.0</ele></trkpt>
   <trkpt lon="2.826252" lat="39.814956"><ele>547.25</ele></trkpt>
   <trkpt lon="2.826075" lat="39.814893"><ele>547.5</ele></trkpt>
   <trkpt lon="2.825958" lat="39.814872"><ele>547.75</ele></trkpt>
   <trkpt lon="2.825847" lat="39.814871"><ele>548.0</ele></trkpt>
   <trkpt lon="2.825735" lat="39.814902"><ele>548.25</ele></trkpt>
   <trkpt lon="2.825599" lat="39.814972"><ele>548.75</ele></trkpt>
   <trkpt lon="2.825530" lat="39.815034"><ele>548.75</ele></trkpt>
   <trkpt lon="2.825473" lat="39.815100"><ele>550.25</ele></trkpt>
   <trkpt lon="2.825244" lat="39.815472"><ele>551.25</ele></trkpt>
   <trkpt lon="2.825143" lat="39.815590"><ele>552.75</ele></trkpt>
   <trkpt lon="2.824770" lat="39.815961"><ele>557.0</ele></trkpt>
   <trkpt lon="2.824699" lat="39.816044"><ele>557.5</ele></trkpt>
   <trkpt lon="2.824657" lat="39.816079"><ele>557.25</ele></trkpt>
   <trkpt lon="2.824585" lat="39.816128"><ele>557.5</ele></trkpt>
   <trkpt lon="2.824487" lat="39.816162"><ele>558.75</ele><sym>stay_right</sym></trkpt>
   <trkpt lon="2.824264" lat="39.816226"><ele>559.75</ele></trkpt>
   <trkpt lon="2.824203" lat="39.816236"><ele>559.75</ele></trkpt>
   <trkpt lon="2.824075" lat="39.816239"><ele>559.5</ele></trkpt>
   <trkpt lon="2.823970" lat="39.816219"><ele>559.25</ele></trkpt>
   <trkpt lon="2.823922" lat="39.816204"><ele>559.25</ele></trkpt>
   <trkpt lon="2.823799" lat="39.816149"><ele>559.25</ele></trkpt>
   <trkpt lon="2.823697" lat="39.816078"><ele>560.25</ele></trkpt>
   <trkpt lon="2.823600" lat="39.816008"><ele>560.5</ele><sym>pass_place</sym><type>Shaping</type></trkpt>
   <trkpt lon="2.823599" lat="39.816007"><ele>560.5</ele></trkpt>
   <trkpt lon="2.823459" lat="39.815896"><ele>560.25</ele></trkpt>
   <trkpt lon="2.822844" lat="39.815336"><ele>561.0</ele></trkpt>
   <trkpt lon="2.822700" lat="39.815222"><ele>561.25</ele></trkpt>
   <trkpt lon="2.822597" lat="39.815154"><ele>561.0</ele></trkpt>
   <trkpt lon="2.822555" lat="39.815140"><ele>560.25</ele></trkpt>
   <trkpt lon="2.822514" lat="39.815138"><ele>559.25</ele></trkpt>
   <trkpt lon="2.822473" lat="39.815145"><ele>559.5</ele></trkpt>
   <trkpt lon="2.822442" lat="39.815158"><ele>559.75</ele></trkpt>
   <trkpt lon="2.822262" lat="39.815280"><ele>561.25</ele></trkpt>
   <trkpt lon="2.822039" lat="39.815452"><ele>561.25</ele></trkpt>
   <trkpt lon="2.822008" lat="39.815496"><ele>561.25</ele></trkpt>
   <trkpt lon="2.821964" lat="39.815594"><ele>561.75</ele></trkpt>
   <trkpt lon="2.821956" lat="39.815695"><ele>562.5</ele></trkpt>
   <trkpt lon="2.821967" lat="39.815743"><ele>562.5</ele></trkpt>
   <trkpt lon="2.821995" lat="39.815799"><ele>562.25</ele></trkpt>
   <trkpt lon="2.822117" lat="39.815984"><ele>561.75</ele></trkpt>
   <trkpt lon="2.822130" lat="39.816024"><ele>562.25</ele></trkpt>
   <trkpt lon="2.822135" lat="39.816074"><ele>563.0</ele></trkpt>
   <trkpt lon="2.822124" lat="39.816122"><ele>563.75</ele></trkpt>
   <trkpt lon="2.822106" lat="39.816172"><ele>563.0</ele></trkpt>
   <trkpt lon="2.822073" lat="39.816228"><ele>562.75</ele></trkpt>
   <trkpt lon="2.821746" lat="39.816638"><ele>561.75</ele></trkpt>
   <trkpt lon="2.821667" lat="39.816718"><ele>561.25</ele></trkpt>
   <trkpt lon="2.820992" lat="39.817304"><ele>565.5</ele></trkpt>
   <trkpt lon="2.820923" lat="39.817351"><ele>565.5</ele></trkpt>
   <trkpt lon="2.820838" lat="39.817395"><ele>565.75</ele></trkpt>
   <trkpt lon="2.820745" lat="39.817432"><ele>565.75</ele></trkpt>
   <trkpt lon="2.820639" lat="39.817462"><ele>566.25</ele></trkpt>
   <trkpt lon="2.820502" lat="39.817489"><ele>567.0</ele></trkpt>
   <trkpt lon="2.819591" lat="39.817609"><ele>571.25</ele></trkpt>
   <trkpt lon="2.819441" lat="39.817641"><ele>571.75</ele></trkpt>
   <trkpt lon="2.819305" lat="39.817687"><ele>572.25</ele></trkpt>
   <trkpt lon="2.817797" lat="39.818273"><ele>581.25</ele></trkpt>
   <trkpt lon="2.817533" lat="39.818358"><ele>583.5</ele></trkpt>
   <trkpt lon="2.817129" lat="39.818452"><ele>588.0</ele></trkpt>
   <trkpt lon="2.816303" lat="39.818641"><ele>591.25</ele></trkpt>
   <trkpt lon="2.816105" lat="39.818673"><ele>593.25</ele></trkpt>
   <trkpt lon="2.815952" lat="39.818689"><ele>594.25</ele></trkpt>
   <trkpt lon="2.815317" lat="39.818733"><ele>599.75</ele></trkpt>
   <trkpt lon="2.815258" lat="39.818752"><ele>600.25</ele></trkpt>
   <trkpt lon="2.815210" lat="39.818781"><ele>600.25</ele></trkpt>
   <trkpt lon="2.815179" lat="39.818807"><ele>600.25</ele></trkpt>
   <trkpt lon="2.815160" lat="39.818838"><ele>600.0</ele></trkpt>
   <trkpt lon="2.815149" lat="39.818881"><ele>599.25</ele></trkpt>
   <trkpt lon="2.815146" lat="39.818934"><ele>600.0</ele></trkpt>
   <trkpt lon="2.815165" lat="39.819083"><ele>602.25</ele></trkpt>
   <trkpt lon="2.815235" lat="39.819344"><ele>604.0</ele></trkpt>
   <trkpt lon="2.815275" lat="39.819420"><ele>604.5</ele></trkpt>
   <trkpt lon="2.815381" lat="39.819546"><ele>606.0</ele></trkpt>
   <trkpt lon="2.815543" lat="39.819677"><ele>607.75</ele></trkpt>
   <trkpt lon="2.815648" lat="39.819746"><ele>608.5</ele></trkpt>
   <trkpt lon="2.816012" lat="39.819939"><ele>611.25</ele></trkpt>
   <trkpt lon="2.816050" lat="39.819970"><ele>611.75</ele></trkpt>
   <trkpt lon="2.816077" lat="39.820003"><ele>612.5</ele></trkpt>
   <trkpt lon="2.816096" lat="39.820044"><ele>612.0</ele></trkpt>
   <trkpt lon="2.816103" lat="39.820090"><ele>611.75</ele></trkpt>
   <trkpt lon="2.816101" lat="39.820127"><ele>611.75</ele></trkpt>
   <trkpt lon="2.816089" lat="39.820164"><ele>611.75</ele></trkpt>
   <trkpt lon="2.816072" lat="39.820193"><ele>612.0</ele></trkpt>
   <trkpt lon="2.816033" lat="39.820234"><ele>613.0</ele></trkpt>
   <trkpt lon="2.815254" lat="39.820850"><ele>621.75</ele></trkpt>
   <trkpt lon="2.815207" lat="39.820899"><ele>623.0</ele></trkpt>
   <trkpt lon="2.815166" lat="39.820955"><ele>624.25</ele></trkpt>
   <trkpt lon="2.815128" lat="39.821067"><ele>624.75</ele></trkpt>
   <trkpt lon="2.815116" lat="39.821206"><ele>626.0</ele></trkpt>
   <trkpt lon="2.815123" lat="39.821277"><ele>626.75</ele></trkpt>
   <trkpt lon="2.815143" lat="39.821353"><ele>626.75</ele></trkpt>
   <trkpt lon="2.815280" lat="39.821739"><ele>630.0</ele></trkpt>
   <trkpt lon="2.815287" lat="39.821781"><ele>631.0</ele></trkpt>
   <trkpt lon="2.815280" lat="39.821818"><ele>632.25</ele></trkpt>
   <trkpt lon="2.815257" lat="39.821844"><ele>633.5</ele></trkpt>
   <trkpt lon="2.815220" lat="39.821861"><ele>634.75</ele></trkpt>
   <trkpt lon="2.815180" lat="39.821868"><ele>636.0</ele></trkpt>
   <trkpt lon="2.815138" lat="39.821860"><ele>636.75</ele></trkpt>
   <trkpt lon="2.815101" lat="39.821842"><ele>637.25</ele></trkpt>
   <trkpt lon="2.815073" lat="39.821820"><ele>637.25</ele></trkpt>
   <trkpt lon="2.815054" lat="39.821780"><ele>637.0</ele></trkpt>
   <trkpt lon="2.814992" lat="39.821576"><ele>635.0</ele></trkpt>
   <trkpt lon="2.814944" lat="39.821512"><ele>636.0</ele></trkpt>
   <trkpt lon="2.814730" lat="39.821290"><ele>639.25</ele></trkpt>
   <trkpt lon="2.814636" lat="39.821149"><ele>641.25</ele></trkpt>
   <trkpt lon="2.814605" lat="39.821068"><ele>641.75</ele></trkpt>
   <trkpt lon="2.814584" lat="39.820986"><ele>642.5</ele></trkpt>
   <trkpt lon="2.814578" lat="39.820909"><ele>642.25</ele></trkpt>
   <trkpt lon="2.814608" lat="39.820725"><ele>641.5</ele></trkpt>
   <trkpt lon="2.814608" lat="39.820679"><ele>641.75</ele></trkpt>
   <trkpt lon="2.814578" lat="39.820599"><ele>642.75</ele></trkpt>
   <trkpt lon="2.814551" lat="39.820571"><ele>643.5</ele></trkpt>
   <trkpt lon="2.814513" lat="39.820547"><ele>644.25</ele></trkpt>
   <trkpt lon="2.814469" lat="39.820535"><ele>645.0</ele></trkpt>
   <trkpt lon="2.814425" lat="39.820531"><ele>646.0</ele></trkpt>
   <trkpt lon="2.814376" lat="39.820535"><ele>647.5</ele></trkpt>
   <trkpt lon="2.814330" lat="39.820555"><ele>648.75</ele></trkpt>
   <trkpt lon="2.814298" lat="39.820579"><ele>649.75</ele></trkpt>
   <trkpt lon="2.814278" lat="39.820608"><ele>650.25</ele></trkpt>
   <trkpt lon="2.814268" lat="39.820687"><ele>651.0</ele></trkpt>
   <trkpt lon="2.814276" lat="39.820733"><ele>651.0</ele></trkpt>
   <trkpt lon="2.814357" lat="39.820992"><ele>650.5</ele></trkpt>
   <trkpt lon="2.814375" lat="39.821082"><ele>651.0</ele></trkpt>
   <trkpt lon="2.814402" lat="39.821277"><ele>653.25</ele></trkpt>
   <trkpt lon="2.814414" lat="39.821433"><ele>655.75</ele></trkpt>
   <trkpt lon="2.814447" lat="39.821539"><ele>657.0</ele></trkpt>
   <trkpt lon="2.814543" lat="39.821730"><ele>657.75</ele></trkpt>
   <trkpt lon="2.814561" lat="39.821776"><ele>657.75</ele></trkpt>
   <trkpt lon="2.814570" lat="39.821826"><ele>658.0</ele></trkpt>
   <trkpt lon="2.814564" lat="39.821927"><ele>659.5</ele></trkpt>
   <trkpt lon="2.814530" lat="39.822075"><ele>663.0</ele></trkpt>
   <trkpt lon="2.814525" lat="39.822127"><ele>663.5</ele></trkpt>
   <trkpt lon="2.814529" lat="39.822174"><ele>664.0</ele></trkpt>
   <trkpt lon="2.814548" lat="39.822220"><ele>663.75</ele></trkpt>
   <trkpt lon="2.814580" lat="39.822254"><ele>664.75</ele></trkpt>
   <trkpt lon="2.814618" lat="39.822280"><ele>665.0</ele></trkpt>
   <trkpt lon="2.814664" lat="39.822299"><ele>665.0</ele></trkpt>
   <trkpt lon="2.814732" lat="39.822320"><ele>664.75</ele></trkpt>
   <trkpt lon="2.814974" lat="39.822363"><ele>663.5</ele></trkpt>
   <trkpt lon="2.815042" lat="39.822383"><ele>663.5</ele></trkpt>
   <trkpt lon="2.815097" lat="39.822408"><ele>664.0</ele></trkpt>
   <trkpt lon="2.815201" lat="39.822488"><ele>666.25</ele><sym>pass_place</sym><type>Shaping</type></trkpt>
   <trkpt lon="2.815480" lat="39.822736"><ele>670.25</ele></trkpt>
   <trkpt lon="2.815795" lat="39.823087"><ele>672.5</ele></trkpt>
   <trkpt lon="2.815844" lat="39.823176"><ele>672.75</ele></trkpt>
   <trkpt lon="2.815854" lat="39.823230"><ele>673.25</ele></trkpt>
   <trkpt lon="2.815856" lat="39.823278"><ele>674.0</ele></trkpt>
   <trkpt lon="2.815842" lat="39.823397"><ele>675.5</ele></trkpt>
   <trkpt lon="2.815791" lat="39.823581"><ele>677.25</ele></trkpt>
   <trkpt lon="2.815757" lat="39.823662"><ele>677.5</ele></trkpt>
   <trkpt lon="2.815668" lat="39.823812"><ele>678.5</ele></trkpt>
   <trkpt lon="2.815575" lat="39.823931"><ele>680.25</ele></trkpt>
   <trkpt lon="2.815508" lat="39.823999"><ele>680.5</ele></trkpt>
   <trkpt lon="2.815247" lat="39.824185"><ele>683.0</ele></trkpt>
   <trkpt lon="2.815067" lat="39.824376"><ele>684.75</ele></trkpt>
   <trkpt lon="2.814716" lat="39.824782"><ele>690.25</ele></trkpt>
   <trkpt lon="2.814683" lat="39.824852"><ele>690.75</ele></trkpt>
   <trkpt lon="2.814682" lat="39.824886"><ele>690.75</ele></trkpt>
   <trkpt lon="2.814702" lat="39.824944"><ele>690.75</ele></trkpt>
   <trkpt lon="2.814747" lat="39.824996"><ele>691.0</ele></trkpt>
   <trkpt lon="2.814781" lat="39.825012"><ele>691.25</ele></trkpt>
   <trkpt lon="2.814828" lat="39.825023"><ele>691.75</ele></trkpt>
   <trkpt lon="2.814883" lat="39.825025"><ele>692.25</ele></trkpt>
   <trkpt lon="2.815022" lat="39.825010"><ele>692.5</ele></trkpt>
   <trkpt lon="2.815326" lat="39.824961"><ele>694.25</ele></trkpt>
   <trkpt lon="2.815443" lat="39.824967"><ele>695.0</ele></trkpt>
   <trkpt lon="2.815537" lat="39.824996"><ele>695.75</ele></trkpt>
   <trkpt lon="2.815578" lat="39.825018"><ele>696.25</ele></trkpt>
   <trkpt lon="2.815665" lat="39.825089"><ele>697.25</ele></trkpt>
   <trkpt lon="2.815781" lat="39.825165"><ele>698.5</ele></trkpt>
   <trkpt lon="2.815887" lat="39.825199"><ele>699.0</ele></trkpt>
   <trkpt lon="2.815941" lat="39.825210"><ele>699.5</ele></trkpt>
   <trkpt lon="2.816081" lat="39.825222"><ele>700.25</ele></trkpt>
   <trkpt lon="2.816341" lat="39.825207"><ele>701.25</ele></trkpt>
   <trkpt lon="2.816390" lat="39.825212"><ele>701.75</ele></trkpt>
   <trkpt lon="2.816437" lat="39.825225"><ele>701.75</ele></trkpt>
   <trkpt lon="2.816527" lat="39.825268"><ele>702.0</ele></trkpt>
   <trkpt lon="2.816626" lat="39.825334"><ele>703.0</ele></trkpt>
   <trkpt lon="2.816909" lat="39.825551"><ele>706.0</ele></trkpt>
   <trkpt lon="2.816995" lat="39.825631"><ele>706.5</ele></trkpt>
   <trkpt lon="2.817073" lat="39.825718"><ele>707.25</ele></trkpt>
   <trkpt lon="2.817193" lat="39.825876"><ele>709.0</ele></trkpt>
   <trkpt lon="2.817287" lat="39.826019"><ele>710.0</ele></trkpt>
   <trkpt lon="2.817310" lat="39.826065"><ele>710.25</ele></trkpt>
   <trkpt lon="2.817328" lat="39.826112"><ele>710.5</ele></trkpt>
   <trkpt lon="2.817353" lat="39.826222"><ele>711.25</ele></trkpt>
   <trkpt lon="2.817357" lat="39.826471"><ele>714.75</ele></trkpt>
   <trkpt lon="2.817368" lat="39.826527"><ele>715.5</ele></trkpt>
   <trkpt lon="2.817386" lat="39.826580"><ele>716.0</ele></trkpt>
   <trkpt lon="2.817441" lat="39.826680"><ele>716.75</ele></trkpt>
   <trkpt lon="2.817474" lat="39.826725"><ele>717.75</ele></trkpt>
   <trkpt lon="2.817561" lat="39.826807"><ele>719.0</ele></trkpt>
   <trkpt lon="2.817755" lat="39.826929"><ele>718.75</ele></trkpt>
   <trkpt lon="2.817854" lat="39.827007"><ele>717.75</ele></trkpt>
   <trkpt lon="2.817936" lat="39.827109"><ele>718.25</ele></trkpt>
   <trkpt lon="2.817968" lat="39.827169"><ele>719.5</ele></trkpt>
   <trkpt lon="2.818008" lat="39.827279"><ele>721.0</ele></trkpt>
   <trkpt lon="2.818021" lat="39.827413"><ele>722.25</ele></trkpt>
   <trkpt lon="2.818014" lat="39.827457"><ele>722.75</ele></trkpt>
   <trkpt lon="2.817986" lat="39.827539"><ele>724.0</ele><sym>pass_place</sym><type>Shaping</type></trkpt>
   <trkpt lon="2.817794" lat="39.827870"><ele>721.0</ele></trkpt>
   <trkpt lon="2.817709" lat="39.827993"><ele>718.0</ele></trkpt>
   <trkpt lon="2.817664" lat="39.828054"><ele>716.5</ele></trkpt>
   <trkpt lon="2.817336" lat="39.828447"><ele>712.0</ele></trkpt>
   <trkpt lon="2.817272" lat="39.828534"><ele>710.5</ele></trkpt>
   <trkpt lon="2.817216" lat="39.828645"><ele>708.5</ele></trkpt>
   <trkpt lon="2.817202" lat="39.828689"><ele>708.0</ele></trkpt>
   <trkpt lon="2.817195" lat="39.828747"><ele>707.25</ele></trkpt>
   <trkpt lon="2.817211" lat="39.828924"><ele>706.25</ele></trkpt>
   <trkpt lon="2.817212" lat="39.829126"><ele>704.75</ele></trkpt>
   <trkpt lon="2.817204" lat="39.829203"><ele>704.0</ele></trkpt>
   <trkpt lon="2.817166" lat="39.829373"><ele>702.5</ele></trkpt>
   <trkpt lon="2.817126" lat="39.829484"><ele>701.25</ele></trkpt>
   <trkpt lon="2.816791" lat="39.830227"><ele>694.75</ele></trkpt>
   <trkpt lon="2.816749" lat="39.830336"><ele>693.0</ele></trkpt>
   <trkpt lon="2.816363" lat="39.831656"><ele>676.5</ele></trkpt>
   <trkpt lon="2.816325" lat="39.831729"><ele>673.75</ele></trkpt>
   <trkpt lon="2.816261" lat="39.831800"><ele>671.0</ele></trkpt>
   <trkpt lon="2.816007" lat="39.831987"><ele>666.75</ele></trkpt>
   <trkpt lon="2.815899" lat="39.832063"><ele>666.75</ele></trkpt>
   <trkpt lon="2.815787" lat="39.832159"><ele>667.5</ele></trkpt>
   <trkpt lon="2.815756" lat="39.832199"><ele>668.25</ele></trkpt>
   <trkpt lon="2.815723" lat="39.832268"><ele>669.0</ele></trkpt>
   <trkpt lon="2.815721" lat="39.832336"><ele>669.25</ele></trkpt>
   <trkpt lon="2.815743" lat="39.832399"><ele>669.25</ele></trkpt>
   <trkpt lon="2.815766" lat="39.832432"><ele>669.25</ele></trkpt>
   <trkpt lon="2.815821" lat="39.832476"><ele>669.0</ele></trkpt>
   <trkpt lon="2.815852" lat="39.832496"><ele>668.75</ele></trkpt>
   <trkpt lon="2.815884" lat="39.832507"><ele>668.25</ele></trkpt>
   <trkpt lon="2.815950" lat="39.832516"><ele>667.25</ele></trkpt>
   <trkpt lon="2.815990" lat="39.832514"><ele>667.0</ele></trkpt>
   <trkpt lon="2.816067" lat="39.832493"><ele>666.25</ele></trkpt>
   <trkpt lon="2.816123" lat="39.832449"><ele>665.5</ele></trkpt>
   <trkpt lon="2.816153" lat="39.832393"><ele>664.75</ele></trkpt>
   <trkpt lon="2.816160" lat="39.832329"><ele>664.75</ele></trkpt>
   <trkpt lon="2.816141" lat="39.832249"><ele>665.5</ele></trkpt>
   <trkpt lon="2.816116" lat="39.832189"><ele>666.0</ele></trkpt>
   <trkpt lon="2.816091" lat="39.832151"><ele>666.5</ele></trkpt>
   <trkpt lon="2.815998" lat="39.832055"><ele>666.75</ele></trkpt>
   <trkpt lon="2.815887" lat="39.831962"><ele>665.75</ele></trkpt>
   <trkpt lon="2.815823" lat="39.831886"><ele>664.75</ele></trkpt>
   <trkpt lon="2.815789" lat="39.831832"><ele>663.75</ele></trkpt>
   <trkpt lon="2.815762" lat="39.831754"><ele>662.75</ele></trkpt>
   <trkpt lon="2.815757" lat="39.831710"><ele>662.5</ele></trkpt>
   <trkpt lon="2.815763" lat="39.831624"><ele>662.25</ele></trkpt>
   <trkpt lon="2.815801" lat="39.831493"><ele>662.0</ele></trkpt>
   <trkpt lon="2.816034" lat="39.830879"><ele>657.5</ele></trkpt>
   <trkpt lon="2.816058" lat="39.830778"><ele>657.5</ele></trkpt>
   <trkpt lon="2.816061" lat="39.830725"><ele>657.25</ele></trkpt>
   <trkpt lon="2.816052" lat="39.830589"><ele>656.25</ele></trkpt>
   <trkpt lon="2.816038" lat="39.830529"><ele>655.75</ele></trkpt>
   <trkpt lon="2.815959" lat="39.830346"><ele>655.25</ele></trkpt>
   <trkpt lon="2.815946" lat="39.830325"><ele>655.25</ele></trkpt>
   <trkpt lon="2.815905" lat="39.830294"><ele>654.5</ele></trkpt>
   <trkpt lon="2.815879" lat="39.830286"><ele>654.0</ele></trkpt>
   <trkpt lon="2.815818" lat="39.830283"><ele>653.0</ele></trkpt>
   <trkpt lon="2.815753" lat="39.830295"><ele>653.5</ele></trkpt>
   <trkpt lon="2.815538" lat="39.830390"><ele>651.0</ele></trkpt>
   <trkpt lon="2.815443" lat="39.830419"><ele>648.75</ele></trkpt>
   <trkpt lon="2.815340" lat="39.830428"><ele>647.25</ele></trkpt>
   <trkpt lon="2.815199" lat="39.830410"><ele>645.5</ele></trkpt>
   <trkpt lon="2.815159" lat="39.830395"><ele>645.0</ele></trkpt>
   <trkpt lon="2.815127" lat="39.830369"><ele>645.25</ele></trkpt>
   <trkpt lon="2.815106" lat="39.830341"><ele>646.0</ele></trkpt>
   <trkpt lon="2.815095" lat="39.830277"><ele>648.25</ele></trkpt>
   <trkpt lon="2.815098" lat="39.830243"><ele>647.25</ele></trkpt>
   <trkpt lon="2.815241" lat="39.829640"><ele>641.0</ele></trkpt>
   <trkpt lon="2.815251" lat="39.829546"><ele>641.0</ele></trkpt>
   <trkpt lon="2.815237" lat="39.829490"><ele>640.0</ele></trkpt>
   <trkpt lon="2.815189" lat="39.829444"><ele>638.25</ele></trkpt>
   <trkpt lon="2.815151" lat="39.829423"><ele>639.25</ele></trkpt>
   <trkpt lon="2.814795" lat="39.829317"><ele>636.25</ele></trkpt>
   <trkpt lon="2.814715" lat="39.829281"><ele>634.0</ele></trkpt>
   <trkpt lon="2.814606" lat="39.829221"><ele>634.25</ele></trkpt>
   <trkpt lon="2.814519" lat="39.829200"><ele>633.25</ele></trkpt>
   <trkpt lon="2.814425" lat="39.829210"><ele>631.75</ele></trkpt>
   <trkpt lon="2.814386" lat="39.829224"><ele>632.5</ele></trkpt>
   <trkpt lon="2.814359" lat="39.829246"><ele>632.5</ele></trkpt>
   <trkpt lon="2.814239" lat="39.829424"><ele>627.75</ele></trkpt>
   <trkpt lon="2.814179" lat="39.829481"><ele>626.75</ele></trkpt>
   <trkpt lon="2.814033" lat="39.829580"><ele>627.0</ele></trkpt>
   <trkpt lon="2.813567" lat="39.829826"><ele>624.5</ele></trkpt>
   <trkpt lon="2.813524" lat="39.829856"><ele>625.75</ele></trkpt>
   <trkpt lon="2.813507" lat="39.829877"><ele>626.0</ele></trkpt>
   <trkpt lon="2.813498" lat="39.829920"><ele>625.0</ele></trkpt>
   <trkpt lon="2.813507" lat="39.829944"><ele>623.75</ele></trkpt>
   <trkpt lon="2.813543" lat="39.829972"><ele>620.75</ele></trkpt>
   <trkpt lon="2.813568" lat="39.829977"><ele>619.25</ele></trkpt>
   <trkpt lon="2.813635" lat="39.829964"><ele>616.25</ele></trkpt>
   <trkpt lon="2.813761" lat="39.829907"><ele>614.75</ele></trkpt>
   <trkpt lon="2.814078" lat="39.829785"><ele>613.75</ele></trkpt>
   <trkpt lon="2.814433" lat="39.829637"><ele>611.75</ele></trkpt>
   <trkpt lon="2.814479" lat="39.829627"><ele>612.75</ele></trkpt>
   <trkpt lon="2.814521" lat="39.829624"><ele>613.5</ele></trkpt>
   <trkpt lon="2.814563" lat="39.829629"><ele>614.25</ele></trkpt>
   <trkpt lon="2.814599" lat="39.829642"><ele>614.25</ele></trkpt>
   <trkpt lon="2.814630" lat="39.829661"><ele>614.0</ele></trkpt>
   <trkpt lon="2.814661" lat="39.829704"><ele>612.5</ele></trkpt>
   <trkpt lon="2.814668" lat="39.829736"><ele>612.0</ele></trkpt>
   <trkpt lon="2.814655" lat="39.829799"><ele>612.0</ele></trkpt>
   <trkpt lon="2.814637" lat="39.829824"><ele>611.5</ele></trkpt>
   <trkpt lon="2.814611" lat="39.829845"><ele>610.5</ele></trkpt>
   <trkpt lon="2.814572" lat="39.829863"><ele>609.25</ele></trkpt>
   <trkpt lon="2.814515" lat="39.829879"><ele>607.0</ele></trkpt>
   <trkpt lon="2.814195" lat="39.829941"><ele>604.5</ele></trkpt>
   <trkpt lon="2.814104" lat="39.829968"><ele>604.25</ele></trkpt>
   <trkpt lon="2.814005" lat="39.830006"><ele>604.0</ele></trkpt>
   <trkpt lon="2.813913" lat="39.830050"><ele>603.0</ele></trkpt>
   <trkpt lon="2.813825" lat="39.830102"><ele>602.75</ele></trkpt>
   <trkpt lon="2.813654" lat="39.830240"><ele>600.75</ele></trkpt>
   <trkpt lon="2.813613" lat="39.830285"><ele>599.75</ele></trkpt>
   <trkpt lon="2.813582" lat="39.830350"><ele>601.0</ele></trkpt>
   <trkpt lon="2.813591" lat="39.830395"><ele>599.25</ele></trkpt>
   <trkpt lon="2.813605" lat="39.830410"><ele>598.0</ele></trkpt>
   <trkpt lon="2.813646" lat="39.830425"><ele>595.5</ele></trkpt>
   <trkpt lon="2.813697" lat="39.830421"><ele>593.25</ele></trkpt>
   <trkpt lon="2.813721" lat="39.830412"><ele>592.5</ele></trkpt>
   <trkpt lon="2.813745" lat="39.830394"><ele>592.0</ele></trkpt>
   <trkpt lon="2.813951" lat="39.830218"><ele>594.25</ele></trkpt>
   <trkpt lon="2.813982" lat="39.830202"><ele>594.75</ele></trkpt>
   <trkpt lon="2.814056" lat="39.830187"><ele>594.75</ele></trkpt>
   <trkpt lon="2.814100" lat="39.830190"><ele>594.25</ele></trkpt>
   <trkpt lon="2.814165" lat="39.830210"><ele>592.75</ele></trkpt>
   <trkpt lon="2.814197" lat="39.830229"><ele>593.25</ele></trkpt>
   <trkpt lon="2.814224" lat="39.830273"><ele>593.0</ele></trkpt>
   <trkpt lon="2.814223" lat="39.830330"><ele>593.25</ele></trkpt>
   <trkpt lon="2.814211" lat="39.830359"><ele>593.0</ele></trkpt>
   <trkpt lon="2.814095" lat="39.830527"><ele>588.25</ele></trkpt>
   <trkpt lon="2.814083" lat="39.830594"><ele>586.0</ele></trkpt>
   <trkpt lon="2.814106" lat="39.830687"><ele>584.5</ele></trkpt>
   <trkpt lon="2.814160" lat="39.830803"><ele>584.25</ele></trkpt>
   <trkpt lon="2.814288" lat="39.830972"><ele>582.75</ele></trkpt>
   <trkpt lon="2.814353" lat="39.831047"><ele>582.0</ele></trkpt>
   <trkpt lon="2.814421" lat="39.831105"><ele>582.25</ele></trkpt>
   <trkpt lon="2.814816" lat="39.831366"><ele>580.75</ele></trkpt>
   <trkpt lon="2.814852" lat="39.831398"><ele>580.5</ele></trkpt>
   <trkpt lon="2.814877" lat="39.831431"><ele>581.5</ele></trkpt>
   <trkpt lon="2.814892" lat="39.831476"><ele>582.25</ele></trkpt>
   <trkpt lon="2.814891" lat="39.831518"><ele>582.25</ele></trkpt>
   <trkpt lon="2.814881" lat="39.831555"><ele>582.0</ele></trkpt>
   <trkpt lon="2.814628" lat="39.831949"><ele>574.25</ele></trkpt>
   <trkpt lon="2.814561" lat="39.832070"><ele>577.0</ele><sym>pass_place</sym><type>Shaping</type></trkpt>
   <trkpt lon="2.814561" lat="39.832071"><ele>577.0</ele></trkpt>
   <trkpt lon="2.814522" lat="39.832164"><ele>577.25</ele></trkpt>
   <trkpt lon="2.814467" lat="39.832346"><ele>577.75</ele></trkpt>
   <trkpt lon="2.814404" lat="39.832473"><ele>576.5</ele></trkpt>
   <trkpt lon="2.814328" lat="39.832597"><ele>574.75</ele></trkpt>
   <trkpt lon="2.814241" lat="39.832700"><ele>571.25</ele></trkpt>
   <trkpt lon="2.814124" lat="39.832794"><ele>567.5</ele></trkpt>
   <trkpt lon="2.813977" lat="39.832890"><ele>568.5</ele></trkpt>
   <trkpt lon="2.813791" lat="39.832990"><ele>567.25</ele></trkpt>
   <trkpt lon="2.813665" lat="39.833046"><ele>565.25</ele></trkpt>
   <trkpt lon="2.813472" lat="39.833108"><ele>564.5</ele></trkpt>
   <trkpt lon="2.812084" lat="39.833525"><ele>558.0</ele></trkpt>
   <trkpt lon="2.811991" lat="39.833542"><ele>557.75</ele></trkpt>
   <trkpt lon="2.811946" lat="39.833540"><ele>557.0</ele></trkpt>
   <trkpt lon="2.811911" lat="39.833527"><ele>556.5</ele></trkpt>
   <trkpt lon="2.811876" lat="39.833492"><ele>554.5</ele></trkpt>
   <trkpt lon="2.811868" lat="39.833465"><ele>552.75</ele></trkpt>
   <trkpt lon="2.811873" lat="39.833440"><ele>551.25</ele></trkpt>
   <trkpt lon="2.811905" lat="39.833394"><ele>548.75</ele></trkpt>
   <trkpt lon="2.811963" lat="39.833363"><ele>547.75</ele></trkpt>
   <trkpt lon="2.812052" lat="39.833331"><ele>547.75</ele></trkpt>
   <trkpt lon="2.813184" lat="39.832953"><ele>547.75</ele></trkpt>
   <trkpt lon="2.813286" lat="39.832908"><ele>547.75</ele></trkpt>
   <trkpt lon="2.813364" lat="39.832858"><ele>546.75</ele></trkpt>
   <trkpt lon="2.813493" lat="39.832750"><ele>545.75</ele></trkpt>
   <trkpt lon="2.813613" lat="39.832604"><ele>545.25</ele></trkpt>
   <trkpt lon="2.813710" lat="39.832432"><ele>542.75</ele></trkpt>
   <trkpt lon="2.813821" lat="39.832126"><ele>540.25</ele></trkpt>
   <trkpt lon="2.813875" lat="39.831907"><ele>539.75</ele></trkpt>
   <trkpt lon="2.813879" lat="39.831859"><ele>540.0</ele></trkpt>
   <trkpt lon="2.813867" lat="39.831772"><ele>540.0</ele></trkpt>
   <trkpt lon="2.813825" lat="39.831702"><ele>539.75</ele></trkpt>
   <trkpt lon="2.813799" lat="39.831677"><ele>539.5</ele></trkpt>
   <trkpt lon="2.813767" lat="39.831659"><ele>539.5</ele></trkpt>
   <trkpt lon="2.813730" lat="39.831648"><ele>539.25</ele></trkpt>
   <trkpt lon="2.813686" lat="39.831646"><ele>538.75</ele></trkpt>
   <trkpt lon="2.813640" lat="39.831654"><ele>537.75</ele></trkpt>
   <trkpt lon="2.813603" lat="39.831670"><ele>537.0</ele></trkpt>
   <trkpt lon="2.813429" lat="39.831789"><ele>536.0</ele></trkpt>
   <trkpt lon="2.813294" lat="39.831848"><ele>534.25</ele></trkpt>
   <trkpt lon="2.813199" lat="39.831876"><ele>533.25</ele></trkpt>
   <trkpt lon="2.812969" lat="39.831920"><ele>532.0</ele></trkpt>
   <trkpt lon="2.812853" lat="39.831934"><ele>531.25</ele></trkpt>
   <trkpt lon="2.812469" lat="39.831959"><ele>530.5</ele></trkpt>
   <trkpt lon="2.812426" lat="39.831970"><ele>531.25</ele></trkpt>
   <trkpt lon="2.812399" lat="39.831986"><ele>531.25</ele></trkpt>
   <trkpt lon="2.812378" lat="39.832009"><ele>530.75</ele></trkpt>
   <trkpt lon="2.812366" lat="39.832055"><ele>528.75</ele></trkpt>
   <trkpt lon="2.812373" lat="39.832081"><ele>527.75</ele></trkpt>
   <trkpt lon="2.812410" lat="39.832130"><ele>525.75</ele></trkpt>
   <trkpt lon="2.812440" lat="39.832146"><ele>525.25</ele></trkpt>
   <trkpt lon="2.812480" lat="39.832158"><ele>525.0</ele></trkpt>
   <trkpt lon="2.812527" lat="39.832162"><ele>525.0</ele></trkpt>
   <trkpt lon="2.812775" lat="39.832123"><ele>524.5</ele></trkpt>
   <trkpt lon="2.812829" lat="39.832125"><ele>524.5</ele></trkpt>
   <trkpt lon="2.812915" lat="39.832151"><ele>524.25</ele></trkpt>
   <trkpt lon="2.812946" lat="39.832173"><ele>523.75</ele></trkpt>
   <trkpt lon="2.812998" lat="39.832245"><ele>522.5</ele></trkpt>
   <trkpt lon="2.813013" lat="39.832318"><ele>523.0</ele></trkpt>
   <trkpt lon="2.813006" lat="39.832378"><ele>523.25</ele></trkpt>
   <trkpt lon="2.812992" lat="39.832434"><ele>523.25</ele></trkpt>
   <trkpt lon="2.812945" lat="39.832535"><ele>523.75</ele></trkpt>
   <trkpt lon="2.812908" lat="39.832582"><ele>524.25</ele></trkpt>
   <trkpt lon="2.812852" lat="39.832627"><ele>524.5</ele></trkpt>
   <trkpt lon="2.812790" lat="39.832663"><ele>524.0</ele></trkpt>
   <trkpt lon="2.812700" lat="39.832691"><ele>522.75</ele></trkpt>
   <trkpt lon="2.812652" lat="39.832692"><ele>522.0</ele></trkpt>
   <trkpt lon="2.812608" lat="39.832685"><ele>521.0</ele></trkpt>
   <trkpt lon="2.812558" lat="39.832670"><ele>519.75</ele></trkpt>
   <trkpt lon="2.812504" lat="39.832639"><ele>518.0</ele></trkpt>
   <trkpt lon="2.812449" lat="39.832595"><ele>516.25</ele></trkpt>
   <trkpt lon="2.812179" lat="39.832367"><ele>514.25</ele></trkpt>
   <trkpt lon="2.812109" lat="39.832324"><ele>514.0</ele></trkpt>
   <trkpt lon="2.812041" lat="39.832294"><ele>513.75</ele></trkpt>
   <trkpt lon="2.811736" lat="39.832225"><ele>510.0</ele></trkpt>
   <trkpt lon="2.811563" lat="39.832194"><ele>509.0</ele></trkpt>
   <trkpt lon="2.811008" lat="39.832130"><ele>502.25</ele></trkpt>
   <trkpt lon="2.810927" lat="39.832105"><ele>500.5</ele></trkpt>
   <trkpt lon="2.810891" lat="39.832080"><ele>500.0</ele></trkpt>
   <trkpt lon="2.810860" lat="39.832050"><ele>499.75</ele></trkpt>
   <trkpt lon="2.810804" lat="39.831963"><ele>499.75</ele></trkpt>
   <trkpt lon="2.810577" lat="39.831393"><ele>494.75</ele></trkpt>
   <trkpt lon="2.810517" lat="39.831279"><ele>494.75</ele></trkpt>
   <trkpt lon="2.810476" lat="39.831225"><ele>494.25</ele></trkpt>
   <trkpt lon="2.810327" lat="39.831065"><ele>492.75</ele></trkpt>
   <trkpt lon="2.810196" lat="39.830961"><ele>492.75</ele></trkpt>
   <trkpt lon="2.810095" lat="39.830913"><ele>491.75</ele></trkpt>
   <trkpt lon="2.809998" lat="39.830891"><ele>490.0</ele></trkpt>
   <trkpt lon="2.809880" lat="39.830889"><ele>489.75</ele></trkpt>
   <trkpt lon="2.809652" lat="39.830914"><ele>487.0</ele></trkpt>
   <trkpt lon="2.809564" lat="39.830916"><ele>485.75</ele></trkpt>
   <trkpt lon="2.808537" lat="39.830754"><ele>479.5</ele></trkpt>
   <trkpt lon="2.808406" lat="39.830725"><ele>479.0</ele></trkpt>
   <trkpt lon="2.808207" lat="39.830665"><ele>478.25</ele></trkpt>
   <trkpt lon="2.807901" lat="39.830536"><ele>477.75</ele></trkpt>
   <trkpt lon="2.807812" lat="39.830506"><ele>478.25</ele></trkpt>
   <trkpt lon="2.807718" lat="39.830486"><ele>478.5</ele></trkpt>
   <trkpt lon="2.807370" lat="39.830430"><ele>480.0</ele></trkpt>
   <trkpt lon="2.807329" lat="39.830430"><ele>479.75</ele></trkpt>
   <trkpt lon="2.807293" lat="39.830437"><ele>478.75</ele></trkpt>
   <trkpt lon="2.807267" lat="39.830451"><ele>477.5</ele></trkpt>
   <trkpt lon="2.807248" lat="39.830492"><ele>474.0</ele></trkpt>
   <trkpt lon="2.807254" lat="39.830515"><ele>472.25</ele></trkpt>
   <trkpt lon="2.807289" lat="39.830546"><ele>470.0</ele></trkpt>
   <trkpt lon="2.807375" lat="39.830567"><ele>468.75</ele></trkpt>
   <trkpt lon="2.807821" lat="39.830649"><ele>467.25</ele></trkpt>
   <trkpt lon="2.808023" lat="39.830710"><ele>468.0</ele></trkpt>
   <trkpt lon="2.808296" lat="39.830808"><ele>467.5</ele></trkpt>
   <trkpt lon="2.808343" lat="39.830845"><ele>465.5</ele></trkpt>
   <trkpt lon="2.808352" lat="39.830866"><ele>464.5</ele></trkpt>
   <trkpt lon="2.808350" lat="39.830886"><ele>463.25</ele></trkpt>
   <trkpt lon="2.808342" lat="39.830903"><ele>461.75</ele></trkpt>
   <trkpt lon="2.808321" lat="39.830918"><ele>460.5</ele></trkpt>
   <trkpt lon="2.808294" lat="39.830926"><ele>459.25</ele></trkpt>
   <trkpt lon="2.808258" lat="39.830925"><ele>458.5</ele></trkpt>
   <trkpt lon="2.808213" lat="39.830916"><ele>458.0</ele></trkpt>
   <trkpt lon="2.808018" lat="39.830834"><ele>459.25</ele></trkpt>
   <trkpt lon="2.807907" lat="39.830807"><ele>459.0</ele></trkpt>
   <trkpt lon="2.807781" lat="39.830786"><ele>457.75</ele></trkpt>
   <trkpt lon="2.807613" lat="39.830767"><ele>457.25</ele></trkpt>
   <trkpt lon="2.807448" lat="39.830753"><ele>456.75</ele></trkpt>
   <trkpt lon="2.807212" lat="39.830744"><ele>455.75</ele></trkpt>
   <trkpt lon="2.807110" lat="39.830733"><ele>454.75</ele></trkpt>
   <trkpt lon="2.807018" lat="39.830715"><ele>454.25</ele></trkpt>
   <trkpt lon="2.806543" lat="39.830590"><ele>451.5</ele></trkpt>
   <trkpt lon="2.806458" lat="39.830560"><ele>451.0</ele></trkpt>
   <trkpt lon="2.806328" lat="39.830493"><ele>452.75</ele></trkpt>
   <trkpt lon="2.806258" lat="39.830483"><ele>451.75</ele></trkpt>
   <trkpt lon="2.806229" lat="39.830489"><ele>450.5</ele></trkpt>
   <trkpt lon="2.806208" lat="39.830501"><ele>449.25</ele></trkpt>
   <trkpt lon="2.806193" lat="39.830520"><ele>447.75</ele></trkpt>
   <trkpt lon="2.806190" lat="39.830540"><ele>446.5</ele></trkpt>
   <trkpt lon="2.806196" lat="39.830565"><ele>445.5</ele></trkpt>
   <trkpt lon="2.806236" lat="39.830608"><ele>445.5</ele></trkpt>
   <trkpt lon="2.806393" lat="39.830676"><ele>447.0</ele></trkpt>
   <trkpt lon="2.806717" lat="39.830792"><ele>446.75</ele><sym>pass_place</sym><type>Shaping</type></trkpt>
   <trkpt lon="2.806722" lat="39.830794"><ele>446.75</ele></trkpt>
   <trkpt lon="2.806801" lat="39.830836"><ele>445.75</ele></trkpt>
   <trkpt lon="2.806819" lat="39.830855"><ele>445.0</ele></trkpt>
   <trkpt lon="2.806838" lat="39.830898"><ele>443.25</ele></trkpt>
   <trkpt lon="2.806837" lat="39.830919"><ele>442.5</ele></trkpt>
   <trkpt lon="2.806831" lat="39.830944"><ele>441.25</ele></trkpt>
   <trkpt lon="2.806814" lat="39.830968"><ele>440.25</ele></trkpt>
   <trkpt lon="2.806790" lat="39.830987"><ele>439.5</ele></trkpt>
   <trkpt lon="2.806763" lat="39.830999"><ele>439.0</ele></trkpt>
   <trkpt lon="2.806693" lat="39.831008"><ele>438.5</ele></trkpt>
   <trkpt lon="2.806592" lat="39.830995"><ele>439.0</ele></trkpt>
   <trkpt lon="2.806271" lat="39.830915"><ele>440.0</ele></trkpt>
   <trkpt lon="2.806186" lat="39.830882"><ele>439.75</ele></trkpt>
   <trkpt lon="2.806148" lat="39.830858"><ele>440.0</ele></trkpt>
   <trkpt lon="2.806093" lat="39.830794"><ele>440.0</ele></trkpt>
   <trkpt lon="2.805956" lat="39.830534"><ele>439.75</ele></trkpt>
   <trkpt lon="2.805881" lat="39.830452"><ele>440.25</ele></trkpt>
   <trkpt lon="2.805301" lat="39.830027"><ele>435.0</ele></trkpt>
   <trkpt lon="2.805168" lat="39.829947"><ele>435.75</ele></trkpt>
   <trkpt lon="2.805072" lat="39.829904"><ele>435.25</ele></trkpt>
   <trkpt lon="2.804607" lat="39.829752"><ele>430.25</ele></trkpt>
   <trkpt lon="2.803599" lat="39.829387"><ele>427.5</ele></trkpt>
   <trkpt lon="2.803322" lat="39.829297"><ele>428.0</ele></trkpt>
   <trkpt lon="2.803111" lat="39.829219"><ele>427.0</ele></trkpt>
   <trkpt lon="2.803052" lat="39.829214"><ele>426.0</ele></trkpt>
   <trkpt lon="2.803022" lat="39.829218"><ele>426.25</ele></trkpt>
   <trkpt lon="2.802999" lat="39.829229"><ele>426.0</ele></trkpt>
   <trkpt lon="2.802974" lat="39.829265"><ele>424.75</ele></trkpt>
   <trkpt lon="2.802972" lat="39.829287"><ele>424.0</ele></trkpt>
   <trkpt lon="2.802977" lat="39.829310"><ele>422.75</ele></trkpt>
   <trkpt lon="2.802990" lat="39.829326"><ele>422.0</ele></trkpt>
   <trkpt lon="2.803027" lat="39.829349"><ele>420.5</ele></trkpt>
   <trkpt lon="2.803170" lat="39.829378"><ele>421.0</ele></trkpt>
   <trkpt lon="2.803302" lat="39.829417"><ele>421.75</ele></trkpt>
   <trkpt lon="2.804468" lat="39.829909"><ele>418.25</ele></trkpt>
   <trkpt lon="2.804541" lat="39.829944"><ele>418.0</ele></trkpt>
   <trkpt lon="2.804607" lat="39.829985"><ele>417.25</ele></trkpt>
   <trkpt lon="2.804665" lat="39.830031"><ele>416.25</ele></trkpt>
   <trkpt lon="2.804739" lat="39.830111"><ele>415.0</ele></trkpt>
   <trkpt lon="2.805167" lat="39.830626"><ele>411.75</ele></trkpt>
   <trkpt lon="2.805206" lat="39.830685"><ele>411.5</ele></trkpt>
   <trkpt lon="2.805223" lat="39.830763"><ele>410.5</ele></trkpt>
   <trkpt lon="2.805220" lat="39.830809"><ele>409.75</ele></trkpt>
   <trkpt lon="2.805192" lat="39.830882"><ele>410.75</ele></trkpt>
   <trkpt lon="2.805137" lat="39.830943"><ele>412.0</ele></trkpt>
   <trkpt lon="2.805055" lat="39.830989"><ele>412.5</ele></trkpt>
   <trkpt lon="2.804982" lat="39.831013"><ele>412.5</ele></trkpt>
   <trkpt lon="2.804867" lat="39.831038"><ele>412.25</ele></trkpt>
   <trkpt lon="2.804750" lat="39.831054"><ele>411.75</ele></trkpt>
   <trkpt lon="2.804495" lat="39.831064"><ele>407.0</ele></trkpt>
   <trkpt lon="2.804447" lat="39.831076"><ele>406.25</ele></trkpt>
   <trkpt lon="2.804381" lat="39.831109"><ele>403.75</ele></trkpt>
   <trkpt lon="2.804338" lat="39.831158"><ele>402.25</ele></trkpt>
   <trkpt lon="2.804158" lat="39.831512"><ele>400.25</ele></trkpt>
   <trkpt lon="2.804089" lat="39.831694"><ele>399.5</ele></trkpt>
   <trkpt lon="2.803828" lat="39.832769"><ele>389.0</ele></trkpt>
   <trkpt lon="2.803812" lat="39.832839"><ele>387.75</ele></trkpt>
   <trkpt lon="2.803805" lat="39.832912"><ele>387.0</ele></trkpt>
   <trkpt lon="2.803823" lat="39.833026"><ele>387.5</ele></trkpt>
   <trkpt lon="2.803864" lat="39.833169"><ele>386.25</ele></trkpt>
   <trkpt lon="2.803890" lat="39.833212"><ele>386.5</ele></trkpt>
   <trkpt lon="2.804161" lat="39.833558"><ele>384.5</ele></trkpt>
   <trkpt lon="2.804211" lat="39.833658"><ele>382.75</ele></trkpt>
   <trkpt lon="2.804212" lat="39.833713"><ele>382.0</ele></trkpt>
   <trkpt lon="2.804187" lat="39.833824"><ele>380.75</ele></trkpt>
   <trkpt lon="2.804095" lat="39.834014"><ele>379.75</ele></trkpt>
   <trkpt lon="2.804057" lat="39.834059"><ele>379.5</ele></trkpt>
   <trkpt lon="2.804006" lat="39.834103"><ele>379.0</ele></trkpt>
   <trkpt lon="2.803939" lat="39.834145"><ele>378.5</ele></trkpt>
   <trkpt lon="2.803864" lat="39.834178"><ele>377.75</ele></trkpt>
   <trkpt lon="2.803757" lat="39.834214"><ele>377.25</ele></trkpt>
   <trkpt lon="2.803633" lat="39.834247"><ele>377.75</ele></trkpt>
   <trkpt lon="2.803009" lat="39.834348"><ele>371.75</ele></trkpt>
   <trkpt lon="2.802935" lat="39.834365"><ele>369.75</ele></trkpt>
   <trkpt lon="2.802879" lat="39.834391"><ele>368.75</ele></trkpt>
   <trkpt lon="2.802840" lat="39.834424"><ele>368.5</ele></trkpt>
   <trkpt lon="2.802810" lat="39.834462"><ele>368.25</ele></trkpt>
   <trkpt lon="2.802565" lat="39.835034"><ele>363.0</ele></trkpt>
   <trkpt lon="2.802546" lat="39.835091"><ele>362.0</ele></trkpt>
   <trkpt lon="2.802541" lat="39.835159"><ele>361.75</ele></trkpt>
   <trkpt lon="2.802556" lat="39.835412"><ele>361.25</ele></trkpt>
   <trkpt lon="2.802564" lat="39.835453"><ele>361.25</ele></trkpt>
   <trkpt lon="2.802586" lat="39.835504"><ele>361.25</ele></trkpt>
   <trkpt lon="2.802615" lat="39.835544"><ele>361.5</ele></trkpt>
   <trkpt lon="2.802664" lat="39.835591"><ele>361.25</ele></trkpt>
   <trkpt lon="2.802720" lat="39.835631"><ele>360.5</ele></trkpt>
   <trkpt lon="2.802789" lat="39.835665"><ele>359.5</ele></trkpt>
   <trkpt lon="2.802854" lat="39.835687"><ele>359.5</ele></trkpt>
   <trkpt lon="2.803277" lat="39.835755"><ele>359.75</ele></trkpt>
   <trkpt lon="2.803335" lat="39.835757"><ele>360.25</ele></trkpt>
   <trkpt lon="2.803401" lat="39.835749"><ele>358.0</ele></trkpt>
   <trkpt lon="2.803466" lat="39.835728"><ele>356.25</ele></trkpt>
   <trkpt lon="2.803513" lat="39.835694"><ele>355.75</ele></trkpt>
   <trkpt lon="2.804003" lat="39.835232"><ele>352.75</ele></trkpt>
   <trkpt lon="2.804068" lat="39.835159"><ele>351.75</ele></trkpt>
   <trkpt lon="2.804120" lat="39.835090"><ele>351.5</ele></trkpt>
   <trkpt lon="2.804375" lat="39.834672"><ele>349.75</ele></trkpt>
   <trkpt lon="2.804440" lat="39.834615"><ele>348.25</ele></trkpt>
   <trkpt lon="2.804546" lat="39.834557"><ele>347.25</ele></trkpt>
   <trkpt lon="2.806122" lat="39.833888"><ele>339.75</ele></trkpt>
   <trkpt lon="2.806192" lat="39.833870"><ele>339.75</ele></trkpt>
   <trkpt lon="2.806278" lat="39.833867"><ele>339.25</ele></trkpt>
   <trkpt lon="2.806357" lat="39.833886"><ele>338.25</ele></trkpt>
   <trkpt lon="2.806421" lat="39.833913"><ele>338.0</ele></trkpt>
   <trkpt lon="2.806520" lat="39.834010"><ele>337.5</ele><sym>pass_place</sym><type>Shaping</type></trkpt>
   <trkpt lon="2.806658" lat="39.834265"><ele>333.5</ele></trkpt>
   <trkpt lon="2.806775" lat="39.834522"><ele>332.5</ele></trkpt>
   <trkpt lon="2.806802" lat="39.834611"><ele>332.25</ele></trkpt>
   <trkpt lon="2.806818" lat="39.834694"><ele>331.5</ele></trkpt>
   <trkpt lon="2.806817" lat="39.834767"><ele>330.75</ele></trkpt>
   <trkpt lon="2.806561" lat="39.836398"><ele>313.75</ele></trkpt>
   <trkpt lon="2.806559" lat="39.836485"><ele>312.5</ele></trkpt>
   <trkpt lon="2.806570" lat="39.836557"><ele>311.75</ele></trkpt>
   <trkpt lon="2.806673" lat="39.837106"><ele>308.0</ele></trkpt>
   <trkpt lon="2.806674" lat="39.837168"><ele>307.0</ele></trkpt>
   <trkpt lon="2.806665" lat="39.837224"><ele>305.75</ele></trkpt>
   <trkpt lon="2.806647" lat="39.837280"><ele>306.0</ele></trkpt>
   <trkpt lon="2.806614" lat="39.837344"><ele>306.0</ele></trkpt>
   <trkpt lon="2.806551" lat="39.837435"><ele>305.5</ele></trkpt>
   <trkpt lon="2.806372" lat="39.837663"><ele>303.75</ele></trkpt>
   <trkpt lon="2.806335" lat="39.837728"><ele>303.25</ele></trkpt>
   <trkpt lon="2.805963" lat="39.838601"><ele>293.0</ele></trkpt>
   <trkpt lon="2.805782" lat="39.838881"><ele>290.25</ele></trkpt>
   <trkpt lon="2.805711" lat="39.838970"><ele>289.25</ele></trkpt>
   <trkpt lon="2.805657" lat="39.839052"><ele>288.0</ele></trkpt>
   <trkpt lon="2.805619" lat="39.839136"><ele>287.25</ele></trkpt>
   <trkpt lon="2.805590" lat="39.839224"><ele>286.5</ele></trkpt>
   <trkpt lon="2.805352" lat="39.840251"><ele>278.25</ele></trkpt>
   <trkpt lon="2.805338" lat="39.840346"><ele>277.0</ele></trkpt>
   <trkpt lon="2.805336" lat="39.840420"><ele>275.75</ele></trkpt>
   <trkpt lon="2.805345" lat="39.840504"><ele>275.0</ele></trkpt>
   <trkpt lon="2.805410" lat="39.840742"><ele>274.5</ele></trkpt>
   <trkpt lon="2.805425" lat="39.840831"><ele>274.25</ele></trkpt>
   <trkpt lon="2.805429" lat="39.840916"><ele>273.5</ele></trkpt>
   <trkpt lon="2.805417" lat="39.841067"><ele>271.75</ele></trkpt>
   <trkpt lon="2.805398" lat="39.841167"><ele>270.75</ele></trkpt>
   <trkpt lon="2.805361" lat="39.841270"><ele>269.5</ele></trkpt>
   <trkpt lon="2.805038" lat="39.841902"><ele>262.5</ele></trkpt>
   <trkpt lon="2.804974" lat="39.842000"><ele>261.5</ele></trkpt>
   <trkpt lon="2.804834" lat="39.842158"><ele>260.75</ele></trkpt>
   <trkpt lon="2.804679" lat="39.842301"><ele>258.25</ele></trkpt>
   <trkpt lon="2.804425" lat="39.842501"><ele>256.5</ele></trkpt>
   <trkpt lon="2.803975" lat="39.842834"><ele>251.75</ele></trkpt>
   <trkpt lon="2.803918" lat="39.842907"><ele>250.5</ele></trkpt>
   <trkpt lon="2.803674" lat="39.843364"><ele>245.75</ele></trkpt>
   <trkpt lon="2.803653" lat="39.843418"><ele>244.25</ele></trkpt>
   <trkpt lon="2.803649" lat="39.843469"><ele>243.5</ele></trkpt>
   <trkpt lon="2.803664" lat="39.843518"><ele>243.0</ele></trkpt>
   <trkpt lon="2.803691" lat="39.843552"><ele>242.75</ele></trkpt>
   <trkpt lon="2.803728" lat="39.843579"><ele>242.75</ele></trkpt>
   <trkpt lon="2.803788" lat="39.843600"><ele>243.0</ele></trkpt>
   <trkpt lon="2.803839" lat="39.843609"><ele>243.5</ele></trkpt>
   <trkpt lon="2.804055" lat="39.843630"><ele>242.25</ele></trkpt>
   <trkpt lon="2.804151" lat="39.843649"><ele>241.25</ele></trkpt>
   <trkpt lon="2.804210" lat="39.843671"><ele>240.75</ele></trkpt>
   <trkpt lon="2.804255" lat="39.843703"><ele>240.25</ele></trkpt>
   <trkpt lon="2.804316" lat="39.843760"><ele>239.5</ele></trkpt>
   <trkpt lon="2.804350" lat="39.843822"><ele>239.0</ele></trkpt>
   <trkpt lon="2.804380" lat="39.843911"><ele>238.5</ele></trkpt>
   <trkpt lon="2.804410" lat="39.844057"><ele>238.25</ele></trkpt>
   <trkpt lon="2.804436" lat="39.844236"><ele>237.5</ele></trkpt>
   <trkpt lon="2.804502" lat="39.844898"><ele>235.25</ele></trkpt>
   <trkpt lon="2.804494" lat="39.844988"><ele>235.25</ele></trkpt>
   <trkpt lon="2.804472" lat="39.845073"><ele>234.25</ele></trkpt>
   <trkpt lon="2.804416" lat="39.845161"><ele>233.5</ele></trkpt>
   <trkpt lon="2.804352" lat="39.845225"><ele>233.75</ele></trkpt>
   <trkpt lon="2.804291" lat="39.845267"><ele>234.25</ele></trkpt>
   <trkpt lon="2.804201" lat="39.845313"><ele>234.25</ele></trkpt>
   <trkpt lon="2.804114" lat="39.845342"><ele>233.25</ele></trkpt>
   <trkpt lon="2.804009" lat="39.845351"><ele>231.75</ele></trkpt>
   <trkpt lon="2.802985" lat="39.845306"><ele>226.5</ele></trkpt>
   <trkpt lon="2.802901" lat="39.845316"><ele>226.0</ele></trkpt>
   <trkpt lon="2.802821" lat="39.845333"><ele>225.75</ele></trkpt>
   <trkpt lon="2.802732" lat="39.845360"><ele>226.25</ele></trkpt>
   <trkpt lon="2.802654" lat="39.845406"><ele>226.75</ele></trkpt>
   <trkpt lon="2.802430" lat="39.845564"><ele>223.25</ele></trkpt>
   <trkpt lon="2.802300" lat="39.845630"><ele>221.0</ele></trkpt>
   <trkpt lon="2.802220" lat="39.845652"><ele>219.5</ele></trkpt>
   <trkpt lon="2.801973" lat="39.845662"><ele>214.75</ele></trkpt>
   <trkpt lon="2.801835" lat="39.845650"><ele>214.75</ele></trkpt>
   <trkpt lon="2.801605" lat="39.845604"><ele>215.5</ele></trkpt>
   <trkpt lon="2.801489" lat="39.845567"><ele>213.75</ele></trkpt>
   <trkpt lon="2.801381" lat="39.845523"><ele>212.75</ele></trkpt>
   <trkpt lon="2.801277" lat="39.845481"><ele>213.25</ele></trkpt>
   <trkpt lon="2.800453" lat="39.845145"><ele>210.5</ele></trkpt>
   <trkpt lon="2.800402" lat="39.845107"><ele>209.75</ele></trkpt>
   <trkpt lon="2.800280" lat="39.844993"><ele>207.0</ele></trkpt>
   <trkpt lon="2.800251" lat="39.844971"><ele>207.0</ele></trkpt>
   <trkpt lon="2.800213" lat="39.844959"><ele>206.75</ele></trkpt>
   <trkpt lon="2.800166" lat="39.844956"><ele>206.0</ele></trkpt>
   <trkpt lon="2.800121" lat="39.844965"><ele>205.25</ele></trkpt>
   <trkpt lon="2.800049" lat="39.845010"><ele>203.5</ele></trkpt>
   <trkpt lon="2.800026" lat="39.845049"><ele>203.0</ele></trkpt>
   <trkpt lon="2.800023" lat="39.845086"><ele>202.5</ele></trkpt>
   <trkpt lon="2.800034" lat="39.845133"><ele>202.5</ele></trkpt>
   <trkpt lon="2.800058" lat="39.845181"><ele>202.5</ele></trkpt>
   <trkpt lon="2.800133" lat="39.845266"><ele>202.75</ele><sym>pass_place</sym><type>Shaping</type></trkpt>
   <trkpt lon="2.800154" lat="39.845302"><ele>203.0</ele></trkpt>
   <trkpt lon="2.800165" lat="39.845344"><ele>203.0</ele></trkpt>
   <trkpt lon="2.800156" lat="39.845378"><ele>202.75</ele></trkpt>
   <trkpt lon="2.800133" lat="39.845416"><ele>202.25</ele></trkpt>
   <trkpt lon="2.800087" lat="39.845440"><ele>201.0</ele></trkpt>
   <trkpt lon="2.800043" lat="39.845451"><ele>200.0</ele></trkpt>
   <trkpt lon="2.799991" lat="39.845449"><ele>198.5</ele></trkpt>
   <trkpt lon="2.799948" lat="39.845438"><ele>196.25</ele></trkpt>
   <trkpt lon="2.799899" lat="39.845411"><ele>194.75</ele></trkpt>
   <trkpt lon="2.799741" lat="39.845295"><ele>196.75</ele></trkpt>
   <trkpt lon="2.799646" lat="39.845196"><ele>190.0</ele></trkpt>
   <trkpt lon="2.799593" lat="39.845123"><ele>188.25</ele></trkpt>
   <trkpt lon="2.799494" lat="39.844962"><ele>192.75</ele></trkpt>
   <trkpt lon="2.799396" lat="39.844515"><ele>198.75</ele></trkpt>
   <trkpt lon="2.799294" lat="39.844227"><ele>198.25</ele></trkpt>
   <trkpt lon="2.799241" lat="39.844134"><ele>191.5</ele></trkpt>
   <trkpt lon="2.799190" lat="39.844093"><ele>185.25</ele></trkpt>
   <trkpt lon="2.799087" lat="39.843950"><ele>182.0</ele></trkpt>
   <trkpt lon="2.798966" lat="39.843829"><ele>177.75</ele></trkpt>
   <trkpt lon="2.798917" lat="39.843758"><ele>176.75</ele></trkpt>
   <trkpt lon="2.798883" lat="39.843684"><ele>177.0</ele></trkpt>
   <trkpt lon="2.798800" lat="39.843420"><ele>175.75</ele></trkpt>
   <trkpt lon="2.798778" lat="39.843211"><ele>188.25</ele></trkpt>
   <trkpt lon="2.798812" lat="39.842963"><ele>201.25</ele></trkpt>
   <trkpt lon="2.798839" lat="39.842809"><ele>183.0</ele></trkpt>
   <trkpt lon="2.798838" lat="39.842696"><ele>175.5</ele></trkpt>
   <trkpt lon="2.798831" lat="39.842635"><ele>173.25</ele></trkpt>
   <trkpt lon="2.798764" lat="39.842330"><ele>166.25</ele></trkpt>
   <trkpt lon="2.798760" lat="39.842229"><ele>166.0</ele></trkpt>
   <trkpt lon="2.798771" lat="39.842171"><ele>165.75</ele></trkpt>
   <trkpt lon="2.798820" lat="39.842012"><ele>166.25</ele></trkpt>
   <trkpt lon="2.798832" lat="39.841942"><ele>165.75</ele></trkpt>
   <trkpt lon="2.798833" lat="39.841863"><ele>164.75</ele></trkpt>
   <trkpt lon="2.798797" lat="39.841236"><ele>157.5</ele></trkpt>
   <trkpt lon="2.798802" lat="39.841160"><ele>157.0</ele></trkpt>
   <trkpt lon="2.798829" lat="39.841036"><ele>156.0</ele></trkpt>
   <trkpt lon="2.798926" lat="39.840841"><ele>156.25</ele></trkpt>
   <trkpt lon="2.798959" lat="39.840725"><ele>155.75</ele></trkpt>
   <trkpt lon="2.798980" lat="39.840429"><ele>152.25</ele></trkpt>
   <trkpt lon="2.799080" lat="39.839804"><ele>148.5</ele></trkpt>
   <trkpt lon="2.799114" lat="39.839535"><ele>148.25</ele></trkpt>
   <trkpt lon="2.799153" lat="39.839110"><ele>146.25</ele></trkpt>
   <trkpt lon="2.799159" lat="39.838975"><ele>146.5</ele></trkpt>
   <trkpt lon="2.799156" lat="39.838898"><ele>146.5</ele></trkpt>
   <trkpt lon="2.799143" lat="39.838818"><ele>146.0</ele></trkpt>
   <trkpt lon="2.799010" lat="39.838257"><ele>147.0</ele></trkpt>
   <trkpt lon="2.798941" lat="39.838114"><ele>144.75</ele></trkpt>
   <trkpt lon="2.798920" lat="39.838086"><ele>144.0</ele></trkpt>
   <trkpt lon="2.798855" lat="39.838041"><ele>143.0</ele></trkpt>
   <trkpt lon="2.798739" lat="39.838011"><ele>142.5</ele></trkpt>
   <trkpt lon="2.798631" lat="39.837989"><ele>142.25</ele></trkpt>
   <trkpt lon="2.798540" lat="39.837977"><ele>141.5</ele></trkpt>
   <trkpt lon="2.798448" lat="39.837975"><ele>140.5</ele></trkpt>
   <trkpt lon="2.798294" lat="39.837989"><ele>139.75</ele></trkpt>
   <trkpt lon="2.798221" lat="39.838005"><ele>140.75</ele></trkpt>
   <trkpt lon="2.798151" lat="39.838033"><ele>141.25</ele></trkpt>
   <trkpt lon="2.798097" lat="39.838063"><ele>140.75</ele></trkpt>
   <trkpt lon="2.798037" lat="39.838107"><ele>139.5</ele></trkpt>
   <trkpt lon="2.797904" lat="39.838232"><ele>136.5</ele></trkpt>
   <trkpt lon="2.797865" lat="39.838258"><ele>136.25</ele></trkpt>
   <trkpt lon="2.797796" lat="39.838289"><ele>137.0</ele></trkpt>
   <trkpt lon="2.797661" lat="39.838325"><ele>137.5</ele></trkpt>
   <trkpt lon="2.797502" lat="39.838382"><ele>137.0</ele></trkpt>
   <trkpt lon="2.797331" lat="39.838476"><ele>136.5</ele></trkpt>
   <trkpt lon="2.797262" lat="39.838530"><ele>135.0</ele></trkpt>
   <trkpt lon="2.797134" lat="39.838648"><ele>133.25</ele></trkpt>
   <trkpt lon="2.796909" lat="39.838878"><ele>131.25</ele></trkpt>
   <trkpt lon="2.796683" lat="39.839182"><ele>128.0</ele></trkpt>
   <trkpt lon="2.796318" lat="39.839617"><ele>122.75</ele></trkpt>
   <trkpt lon="2.796255" lat="39.839676"><ele>121.75</ele></trkpt>
   <trkpt lon="2.796177" lat="39.839728"><ele>121.5</ele></trkpt>
   <trkpt lon="2.795803" lat="39.839920"><ele>121.75</ele></trkpt>
   <trkpt lon="2.795736" lat="39.839973"><ele>121.0</ele></trkpt>
   <trkpt lon="2.795687" lat="39.840028"><ele>120.25</ele></trkpt>
   <trkpt lon="2.795496" lat="39.840281"><ele>119.0</ele></trkpt>
   <trkpt lon="2.795456" lat="39.840359"><ele>119.0</ele></trkpt>
   <trkpt lon="2.795435" lat="39.840423"><ele>118.5</ele></trkpt>
   <trkpt lon="2.795428" lat="39.840479"><ele>117.5</ele></trkpt>
   <trkpt lon="2.795438" lat="39.840725"><ele>115.75</ele></trkpt>
   <trkpt lon="2.795435" lat="39.840853"><ele>115.5</ele></trkpt>
   <trkpt lon="2.795421" lat="39.840945"><ele>115.0</ele></trkpt>
   <trkpt lon="2.795352" lat="39.841227"><ele>113.0</ele></trkpt>
   <trkpt lon="2.795292" lat="39.841406"><ele>111.25</ele></trkpt>
   <trkpt lon="2.795271" lat="39.841531"><ele>110.75</ele></trkpt>
   <trkpt lon="2.795276" lat="39.841692"><ele>109.0</ele></trkpt>
   <trkpt lon="2.795313" lat="39.841863"><ele>107.5</ele></trkpt>
   <trkpt lon="2.795330" lat="39.841995"><ele>106.25</ele></trkpt>
   <trkpt lon="2.795330" lat="39.842168"><ele>104.5</ele></trkpt>
   <trkpt lon="2.795346" lat="39.842267"><ele>103.75</ele></trkpt>
   <trkpt lon="2.795373" lat="39.842336"><ele>103.5</ele></trkpt>
   <trkpt lon="2.795415" lat="39.842390"><ele>102.75</ele></trkpt>
   <trkpt lon="2.795484" lat="39.842444"><ele>101.5</ele></trkpt>
   <trkpt lon="2.795645" lat="39.842529"><ele>98.5</ele></trkpt>
   <trkpt lon="2.795716" lat="39.842573"><ele>97.0</ele></trkpt>
   <trkpt lon="2.795768" lat="39.842615"><ele>96.5</ele></trkpt>
   <trkpt lon="2.795809" lat="39.842667"><ele>96.25</ele></trkpt>
   <trkpt lon="2.795840" lat="39.842726"><ele>96.5</ele></trkpt>
   <trkpt lon="2.795856" lat="39.842784"><ele>96.5</ele></trkpt>
   <trkpt lon="2.795850" lat="39.842824"><ele>95.75</ele></trkpt>
   <trkpt lon="2.795831" lat="39.842858"><ele>95.5</ele></trkpt>
   <trkpt lon="2.795793" lat="39.842884"><ele>95.25</ele></trkpt>
   <trkpt lon="2.795745" lat="39.842903"><ele>95.25</ele></trkpt>
   <trkpt lon="2.795484" lat="39.842964"><ele>96.0</ele></trkpt>
   <trkpt lon="2.795418" lat="39.842986"><ele>96.0</ele></trkpt>
   <trkpt lon="2.795371" lat="39.843016"><ele>95.75</ele></trkpt>
   <trkpt lon="2.795307" lat="39.843101"><ele>94.75</ele></trkpt>
   <trkpt lon="2.795269" lat="39.843229"><ele>93.75</ele></trkpt>
   <trkpt lon="2.795265" lat="39.843327"><ele>92.5</ele></trkpt>
   <trkpt lon="2.795278" lat="39.843489"><ele>91.25</ele></trkpt>
   <trkpt lon="2.795329" lat="39.843895"><ele>87.5</ele></trkpt>
   <trkpt lon="2.795323" lat="39.843956"><ele>86.5</ele></trkpt>
   <trkpt lon="2.795300" lat="39.844018"><ele>86.25</ele></trkpt>
   <trkpt lon="2.795266" lat="39.844072"><ele>86.25</ele></trkpt>
   <trkpt lon="2.795216" lat="39.844125"><ele>86.5</ele></trkpt>
   <trkpt lon="2.795140" lat="39.844179"><ele>86.75</ele></trkpt>
   <trkpt lon="2.795042" lat="39.844234"><ele>86.25</ele></trkpt>
   <trkpt lon="2.794950" lat="39.844270"><ele>85.75</ele><sym>pass_place</sym><type>Shaping</type></trkpt>
   <trkpt lon="2.794947" lat="39.844272"><ele>85.75</ele></trkpt>
   <trkpt lon="2.794684" lat="39.844331"><ele>85.25</ele></trkpt>
   <trkpt lon="2.794298" lat="39.844415"><ele>84.0</ele></trkpt>
   <trkpt lon="2.794214" lat="39.844441"><ele>83.75</ele></trkpt>
   <trkpt lon="2.794141" lat="39.844478"><ele>83.75</ele></trkpt>
   <trkpt lon="2.794073" lat="39.844523"><ele>83.75</ele></trkpt>
   <trkpt lon="2.794055" lat="39.844544"><ele>83.75</ele></trkpt>
   <trkpt lon="2.794043" lat="39.844571"><ele>83.75</ele></trkpt>
   <trkpt lon="2.794041" lat="39.844600"><ele>83.75</ele></trkpt>
   <trkpt lon="2.794052" lat="39.844634"><ele>83.25</ele></trkpt>
   <trkpt lon="2.794091" lat="39.844683"><ele>82.5</ele></trkpt>
   <trkpt lon="2.794164" lat="39.844726"><ele>81.0</ele></trkpt>
   <trkpt lon="2.794359" lat="39.844774"><ele>79.5</ele></trkpt>
   <trkpt lon="2.794469" lat="39.844800"><ele>78.75</ele></trkpt>
   <trkpt lon="2.794697" lat="39.844868"><ele>78.0</ele></trkpt>
   <trkpt lon="2.795145" lat="39.845027"><ele>75.0</ele></trkpt>
   <trkpt lon="2.795365" lat="39.845093"><ele>74.0</ele></trkpt>
   <trkpt lon="2.795515" lat="39.845126"><ele>73.5</ele></trkpt>
   <trkpt lon="2.795671" lat="39.845150"><ele>73.25</ele></trkpt>
   <trkpt lon="2.796182" lat="39.845202"><ele>70.5</ele></trkpt>
   <trkpt lon="2.796380" lat="39.845241"><ele>69.25</ele></trkpt>
   <trkpt lon="2.796509" lat="39.845294"><ele>68.25</ele></trkpt>
   <trkpt lon="2.796605" lat="39.845359"><ele>68.25</ele></trkpt>
   <trkpt lon="2.796729" lat="39.845464"><ele>67.75</ele></trkpt>
   <trkpt lon="2.796781" lat="39.845521"><ele>67.25</ele></trkpt>
   <trkpt lon="2.796902" lat="39.845702"><ele>64.75</ele></trkpt>
   <trkpt lon="2.796950" lat="39.845790"><ele>63.5</ele></trkpt>
   <trkpt lon="2.797002" lat="39.845937"><ele>63.0</ele></trkpt>
   <trkpt lon="2.797052" lat="39.846348"><ele>61.25</ele></trkpt>
   <trkpt lon="2.797098" lat="39.846565"><ele>59.25</ele></trkpt>
   <trkpt lon="2.797159" lat="39.846750"><ele>58.0</ele></trkpt>
   <trkpt lon="2.797189" lat="39.846806"><ele>57.25</ele></trkpt>
   <trkpt lon="2.797244" lat="39.846913"><ele>56.0</ele></trkpt>
   <trkpt lon="2.797402" lat="39.847085"><ele>55.75</ele></trkpt>
   <trkpt lon="2.797527" lat="39.847188"><ele>53.25</ele></trkpt>
   <trkpt lon="2.797741" lat="39.847383"><ele>49.5</ele></trkpt>
   <trkpt lon="2.797949" lat="39.847613"><ele>47.25</ele></trkpt>
   <trkpt lon="2.798458" lat="39.847934"><ele>41.5</ele></trkpt>
   <trkpt lon="2.798503" lat="39.847964"><ele>41.5</ele></trkpt>
   <trkpt lon="2.798679" lat="39.848066"><ele>41.75</ele></trkpt>
   <trkpt lon="2.798740" lat="39.848142"><ele>41.5</ele></trkpt>
   <trkpt lon="2.799355" lat="39.848976"><ele>33.0</ele></trkpt>
   <trkpt lon="2.799403" lat="39.849074"><ele>31.75</ele></trkpt>
   <trkpt lon="2.799439" lat="39.849178"><ele>29.75</ele></trkpt>
   <trkpt lon="2.799462" lat="39.849330"><ele>28.25</ele></trkpt>
   <trkpt lon="2.799494" lat="39.849442"><ele>28.0</ele></trkpt>
   <trkpt lon="2.799551" lat="39.849553"><ele>28.0</ele></trkpt>
   <trkpt lon="2.799628" lat="39.849676"><ele>27.25</ele></trkpt>
   <trkpt lon="2.799863" lat="39.850054"><ele>20.0</ele></trkpt>
   <trkpt lon="2.799906" lat="39.850146"><ele>19.0</ele></trkpt>
   <trkpt lon="2.799942" lat="39.850326"><ele>15.0</ele></trkpt>
   <trkpt lon="2.799938" lat="39.850349"><ele>14.5</ele><sym>right</sym></trkpt>
   <trkpt lon="2.799995" lat="39.850375"><ele>13.75</ele></trkpt>
   <trkpt lon="2.800022" lat="39.850387"><ele>14.0</ele><sym>left_sharp</sym></trkpt>
   <trkpt lon="2.799983" lat="39.850411"><ele>13.0</ele></trkpt>
   <trkpt lon="2.799931" lat="39.850410"><ele>13.25</ele></trkpt>
   <trkpt lon="2.799901" lat="39.850409"><ele>13.5</ele></trkpt>
   <trkpt lon="2.799803" lat="39.850411"><ele>13.75</ele></trkpt>
   <trkpt lon="2.799705" lat="39.850429"><ele>14.0</ele></trkpt>
   <trkpt lon="2.799635" lat="39.850461"><ele>14.75</ele><sym>right_slight</sym></trkpt>
   <trkpt lon="2.799605" lat="39.850500"><ele>14.75</ele></trkpt>
   <trkpt lon="2.799571" lat="39.850565"><ele>14.5</ele></trkpt>
   <trkpt lon="2.799544" lat="39.850641"><ele>13.75</ele></trkpt>
   <trkpt lon="2.799534" lat="39.850733"><ele>12.5</ele></trkpt>
   <trkpt lon="2.799513" lat="39.850785"><ele>12.0</ele></trkpt>
   <trkpt lon="2.799484" lat="39.850825"><ele>12.0</ele></trkpt>
   <trkpt lon="2.799421" lat="39.850875"><ele>12.75</ele></trkpt>
   <trkpt lon="2.799414" lat="39.850909"><ele>12.25</ele></trkpt>
   <trkpt lon="2.799429" lat="39.850929"><ele>11.75</ele><sym>right</sym></trkpt>
   <trkpt lon="2.799461" lat="39.850935"><ele>11.5</ele></trkpt>
   <trkpt lon="2.799485" lat="39.850928"><ele>11.25</ele></trkpt>
   <trkpt lon="2.799691" lat="39.850774"><ele>8.75</ele><sym>u-turn_right</sym></trkpt>
   <trkpt lon="2.799689" lat="39.850769"><ele>8.75</ele><sym>pass_place</sym><type>Shaping</type></trkpt>
   <trkpt lon="2.799691" lat="39.850774"><ele>8.75</ele></trkpt>
   <trkpt lon="2.799485" lat="39.850928"><ele>11.5</ele></trkpt>
   <trkpt lon="2.799461" lat="39.850935"><ele>11.75</ele></trkpt>
   <trkpt lon="2.799429" lat="39.850929"><ele>12.25</ele><sym>left_sharp</sym></trkpt>
   <trkpt lon="2.799414" lat="39.850909"><ele>12.25</ele></trkpt>
   <trkpt lon="2.799421" lat="39.850875"><ele>12.75</ele></trkpt>
   <trkpt lon="2.799484" lat="39.850825"><ele>12.0</ele></trkpt>
   <trkpt lon="2.799513" lat="39.850785"><ele>12.0</ele></trkpt>
   <trkpt lon="2.799534" lat="39.850733"><ele>12.5</ele></trkpt>
   <trkpt lon="2.799544" lat="39.850641"><ele>13.75</ele></trkpt>
   <trkpt lon="2.799571" lat="39.850565"><ele>14.5</ele></trkpt>
   <trkpt lon="2.799605" lat="39.850500"><ele>14.75</ele></trkpt>
   <trkpt lon="2.799635" lat="39.850461"><ele>14.75</ele><sym>left_slight</sym></trkpt>
   <trkpt lon="2.799705" lat="39.850429"><ele>14.0</ele></trkpt>
   <trkpt lon="2.799803" lat="39.850411"><ele>13.75</ele></trkpt>
   <trkpt lon="2.799901" lat="39.850409"><ele>13.5</ele></trkpt>
   <trkpt lon="2.799931" lat="39.850410"><ele>13.25</ele><sym>right_slight</sym></trkpt>
   <trkpt lon="2.799983" lat="39.850411"><ele>13.0</ele></trkpt>
   <trkpt lon="2.800022" lat="39.850387"><ele>14.0</ele><sym>right_sharp</sym></trkpt>
   <trkpt lon="2.799995" lat="39.850375"><ele>13.75</ele></trkpt>
   <trkpt lon="2.799938" lat="39.850349"><ele>14.5</ele><sym>right_slight</sym></trkpt>
   <trkpt lon="2.799914" lat="39.850369"><ele>14.25</ele></trkpt>
   <trkpt lon="2.799893" lat="39.850372"><ele>14.25</ele></trkpt>
   <trkpt lon="2.799795" lat="39.850375"><ele>14.5</ele></trkpt>
   <trkpt lon="2.799680" lat="39.850394"><ele>15.25</ele></trkpt>
   <trkpt lon="2.799615" lat="39.850419"><ele>16.0</ele></trkpt>
   <trkpt lon="2.799581" lat="39.850440"><ele>16.25</ele></trkpt>
   <trkpt lon="2.799530" lat="39.850488"><ele>16.75</ele></trkpt>
   <trkpt lon="2.799298" lat="39.850846"><ele>18.0</ele></trkpt>
   <trkpt lon="2.799231" lat="39.850966"><ele>18.0</ele></trkpt>
   <trkpt lon="2.799171" lat="39.851019"><ele>19.25</ele></trkpt>
   <trkpt lon="2.799124" lat="39.851027"><ele>21.25</ele></trkpt>
   <trkpt lon="2.799083" lat="39.851006"><ele>23.25</ele></trkpt>
   <trkpt lon="2.799070" lat="39.850979"><ele>24.25</ele></trkpt>
   <trkpt lon="2.799076" lat="39.850937"><ele>24.75</ele></trkpt>
   <trkpt lon="2.799153" lat="39.850810"><ele>24.0</ele></trkpt>
   <trkpt lon="2.799204" lat="39.850664"><ele>25.0</ele></trkpt>
   <trkpt lon="2.799229" lat="39.850442"><ele>27.25</ele></trkpt>
   <trkpt lon="2.799212" lat="39.850207"><ele>29.0</ele></trkpt>
   <trkpt lon="2.799122" lat="39.849778"><ele>31.5</ele></trkpt>
   <trkpt lon="2.798995" lat="39.849314"><ele>34.75</ele></trkpt>
   <trkpt lon="2.798952" lat="39.849201"><ele>35.5</ele></trkpt>
   <trkpt lon="2.798913" lat="39.849138"><ele>36.0</ele></trkpt>
   <trkpt lon="2.798734" lat="39.848973"><ele>40.0</ele></trkpt>
   <trkpt lon="2.798696" lat="39.848908"><ele>40.25</ele></trkpt>
   <trkpt lon="2.798662" lat="39.848828"><ele>40.5</ele></trkpt>
   <trkpt lon="2.798620" lat="39.848655"><ele>40.25</ele></trkpt>
   <trkpt lon="2.798587" lat="39.848582"><ele>40.75</ele></trkpt>
   <trkpt lon="2.798417" lat="39.848337"><ele>42.25</ele></trkpt>
   <trkpt lon="2.798131" lat="39.848009"><ele>46.0</ele></trkpt>
   <trkpt lon="2.797975" lat="39.847788"><ele>48.0</ele></trkpt>
   <trkpt lon="2.797961" lat="39.847746"><ele>48.0</ele></trkpt>
   <trkpt lon="2.797949" lat="39.847613"><ele>47.25</ele><sym>right_slight</sym></trkpt>
   <trkpt lon="2.797741" lat="39.847383"><ele>49.5</ele></trkpt>
   <trkpt lon="2.797527" lat="39.847188"><ele>53.25</ele></trkpt>
   <trkpt lon="2.797402" lat="39.847085"><ele>55.75</ele></trkpt>
   <trkpt lon="2.797244" lat="39.846913"><ele>56.0</ele></trkpt>
   <trkpt lon="2.797189" lat="39.846806"><ele>57.25</ele></trkpt>
   <trkpt lon="2.797159" lat="39.846750"><ele>58.0</ele></trkpt>
   <trkpt lon="2.797098" lat="39.846565"><ele>59.25</ele></trkpt>
   <trkpt lon="2.797052" lat="39.846348"><ele>61.25</ele></trkpt>
   <trkpt lon="2.797002" lat="39.845937"><ele>63.0</ele></trkpt>
   <trkpt lon="2.796950" lat="39.845790"><ele>63.5</ele></trkpt>
   <trkpt lon="2.796902" lat="39.845702"><ele>64.75</ele></trkpt>
   <trkpt lon="2.796781" lat="39.845521"><ele>67.25</ele></trkpt>
   <trkpt lon="2.796729" lat="39.845464"><ele>67.75</ele></trkpt>
   <trkpt lon="2.796605" lat="39.845359"><ele>68.25</ele></trkpt>
   <trkpt lon="2.796509" lat="39.845294"><ele>68.25</ele></trkpt>
   <trkpt lon="2.796380" lat="39.845241"><ele>69.25</ele></trkpt>
   <trkpt lon="2.796182" lat="39.845202"><ele>70.5</ele></trkpt>
   <trkpt lon="2.795671" lat="39.845150"><ele>73.25</ele></trkpt>
   <trkpt lon="2.795515" lat="39.845126"><ele>73.5</ele></trkpt>
   <trkpt lon="2.795365" lat="39.845093"><ele>74.0</ele></trkpt>
   <trkpt lon="2.795145" lat="39.845027"><ele>75.0</ele></trkpt>
   <trkpt lon="2.794697" lat="39.844868"><ele>78.0</ele></trkpt>
   <trkpt lon="2.794469" lat="39.844800"><ele>78.75</ele></trkpt>
   <trkpt lon="2.794359" lat="39.844774"><ele>79.5</ele></trkpt>
   <trkpt lon="2.794164" lat="39.844726"><ele>81.0</ele></trkpt>
   <trkpt lon="2.794091" lat="39.844683"><ele>82.5</ele></trkpt>
   <trkpt lon="2.794052" lat="39.844634"><ele>83.25</ele></trkpt>
   <trkpt lon="2.794041" lat="39.844600"><ele>83.75</ele></trkpt>
   <trkpt lon="2.794043" lat="39.844571"><ele>83.75</ele></trkpt>
   <trkpt lon="2.794055" lat="39.844544"><ele>83.75</ele></trkpt>
   <trkpt lon="2.794073" lat="39.844523"><ele>83.75</ele></trkpt>
   <trkpt lon="2.794141" lat="39.844478"><ele>83.75</ele></trkpt>
   <trkpt lon="2.794214" lat="39.844441"><ele>83.75</ele></trkpt>
   <trkpt lon="2.794298" lat="39.844415"><ele>84.0</ele></trkpt>
   <trkpt lon="2.794684" lat="39.844331"><ele>85.25</ele></trkpt>
   <trkpt lon="2.794947" lat="39.844272"><ele>85.75</ele></trkpt>
   <trkpt lon="2.795042" lat="39.844234"><ele>86.25</ele></trkpt>
   <trkpt lon="2.795140" lat="39.844179"><ele>86.75</ele></trkpt>
   <trkpt lon="2.795216" lat="39.844125"><ele>86.5</ele></trkpt>
   <trkpt lon="2.795266" lat="39.844072"><ele>86.25</ele></trkpt>
   <trkpt lon="2.795300" lat="39.844018"><ele>86.25</ele></trkpt>
   <trkpt lon="2.795323" lat="39.843956"><ele>86.5</ele></trkpt>
   <trkpt lon="2.795329" lat="39.843895"><ele>87.5</ele></trkpt>
   <trkpt lon="2.795278" lat="39.843489"><ele>91.25</ele></trkpt>
   <trkpt lon="2.795265" lat="39.843327"><ele>92.5</ele></trkpt>
   <trkpt lon="2.795269" lat="39.843229"><ele>93.75</ele></trkpt>
   <trkpt lon="2.795307" lat="39.843101"><ele>94.75</ele></trkpt>
   <trkpt lon="2.795371" lat="39.843016"><ele>95.75</ele></trkpt>
   <trkpt lon="2.795418" lat="39.842986"><ele>96.0</ele></trkpt>
   <trkpt lon="2.795484" lat="39.842964"><ele>96.0</ele></trkpt>
   <trkpt lon="2.795745" lat="39.842903"><ele>95.25</ele></trkpt>
   <trkpt lon="2.795793" lat="39.842884"><ele>95.25</ele></trkpt>
   <trkpt lon="2.795831" lat="39.842858"><ele>95.5</ele></trkpt>
   <trkpt lon="2.795850" lat="39.842824"><ele>95.75</ele></trkpt>
   <trkpt lon="2.795856" lat="39.842784"><ele>96.5</ele></trkpt>
   <trkpt lon="2.795840" lat="39.842726"><ele>96.5</ele></trkpt>
   <trkpt lon="2.795809" lat="39.842667"><ele>96.25</ele></trkpt>
   <trkpt lon="2.795768" lat="39.842615"><ele>96.5</ele></trkpt>
   <trkpt lon="2.795716" lat="39.842573"><ele>97.0</ele></trkpt>
   <trkpt lon="2.795645" lat="39.842529"><ele>98.5</ele></trkpt>
   <trkpt lon="2.795484" lat="39.842444"><ele>101.5</ele></trkpt>
   <trkpt lon="2.795415" lat="39.842390"><ele>102.75</ele></trkpt>
   <trkpt lon="2.795373" lat="39.842336"><ele>103.5</ele></trkpt>
   <trkpt lon="2.795346" lat="39.842267"><ele>103.75</ele></trkpt>
   <trkpt lon="2.795330" lat="39.842168"><ele>104.5</ele></trkpt>
   <trkpt lon="2.795330" lat="39.841995"><ele>106.25</ele></trkpt>
   <trkpt lon="2.795313" lat="39.841863"><ele>107.5</ele></trkpt>
   <trkpt lon="2.795276" lat="39.841692"><ele>109.0</ele></trkpt>
   <trkpt lon="2.795271" lat="39.841531"><ele>110.75</ele></trkpt>
   <trkpt lon="2.795292" lat="39.841406"><ele>111.25</ele></trkpt>
   <trkpt lon="2.795352" lat="39.841227"><ele>113.0</ele></trkpt>
   <trkpt lon="2.795421" lat="39.840945"><ele>115.0</ele></trkpt>
   <trkpt lon="2.795435" lat="39.840853"><ele>115.5</ele></trkpt>
   <trkpt lon="2.795438" lat="39.840725"><ele>115.75</ele></trkpt>
   <trkpt lon="2.795428" lat="39.840479"><ele>117.5</ele></trkpt>
   <trkpt lon="2.795435" lat="39.840423"><ele>118.5</ele></trkpt>
   <trkpt lon="2.795456" lat="39.840359"><ele>119.0</ele></trkpt>
   <trkpt lon="2.795496" lat="39.840281"><ele>119.0</ele></trkpt>
   <trkpt lon="2.795686" lat="39.840028"><ele>120.25</ele><sym>pass_place</sym><type>Shaping</type></trkpt>
   <trkpt lon="2.795687" lat="39.840028"><ele>120.25</ele></trkpt>
   <trkpt lon="2.795736" lat="39.839973"><ele>121.0</ele></trkpt>
   <trkpt lon="2.795803" lat="39.839920"><ele>121.75</ele></trkpt>
   <trkpt lon="2.796177" lat="39.839728"><ele>121.5</ele></trkpt>
   <trkpt lon="2.796255" lat="39.839676"><ele>121.75</ele></trkpt>
   <trkpt lon="2.796318" lat="39.839617"><ele>122.75</ele></trkpt>
   <trkpt lon="2.796683" lat="39.839182"><ele>128.0</ele></trkpt>
   <trkpt lon="2.796909" lat="39.838878"><ele>131.25</ele></trkpt>
   <trkpt lon="2.797134" lat="39.838648"><ele>133.25</ele></trkpt>
   <trkpt lon="2.797262" lat="39.838530"><ele>135.0</ele></trkpt>
   <trkpt lon="2.797331" lat="39.838476"><ele>136.5</ele></trkpt>
   <trkpt lon="2.797502" lat="39.838382"><ele>137.0</ele></trkpt>
   <trkpt lon="2.797661" lat="39.838325"><ele>137.5</ele></trkpt>
   <trkpt lon="2.797796" lat="39.838289"><ele>137.0</ele></trkpt>
   <trkpt lon="2.797865" lat="39.838258"><ele>136.25</ele></trkpt>
   <trkpt lon="2.797904" lat="39.838232"><ele>136.5</ele></trkpt>
   <trkpt lon="2.798037" lat="39.838107"><ele>139.5</ele></trkpt>
   <trkpt lon="2.798097" lat="39.838063"><ele>140.75</ele></trkpt>
   <trkpt lon="2.798151" lat="39.838033"><ele>141.25</ele></trkpt>
   <trkpt lon="2.798221" lat="39.838005"><ele>140.75</ele></trkpt>
   <trkpt lon="2.798294" lat="39.837989"><ele>139.75</ele></trkpt>
   <trkpt lon="2.798448" lat="39.837975"><ele>140.5</ele></trkpt>
   <trkpt lon="2.798540" lat="39.837977"><ele>141.5</ele></trkpt>
   <trkpt lon="2.798631" lat="39.837989"><ele>142.25</ele></trkpt>
   <trkpt lon="2.798739" lat="39.838011"><ele>142.5</ele></trkpt>
   <trkpt lon="2.798855" lat="39.838041"><ele>143.0</ele></trkpt>
   <trkpt lon="2.798920" lat="39.838086"><ele>144.0</ele></trkpt>
   <trkpt lon="2.798941" lat="39.838114"><ele>144.75</ele></trkpt>
   <trkpt lon="2.799010" lat="39.838257"><ele>147.0</ele></trkpt>
   <trkpt lon="2.799143" lat="39.838818"><ele>146.0</ele></trkpt>
   <trkpt lon="2.799156" lat="39.838898"><ele>146.5</ele></trkpt>
   <trkpt lon="2.799159" lat="39.838975"><ele>146.5</ele></trkpt>
   <trkpt lon="2.799153" lat="39.839110"><ele>146.25</ele></trkpt>
   <trkpt lon="2.799114" lat="39.839535"><ele>148.25</ele></trkpt>
   <trkpt lon="2.799080" lat="39.839804"><ele>148.5</ele></trkpt>
   <trkpt lon="2.798980" lat="39.840429"><ele>152.25</ele></trkpt>
   <trkpt lon="2.798959" lat="39.840725"><ele>155.75</ele></trkpt>
   <trkpt lon="2.798926" lat="39.840841"><ele>156.25</ele></trkpt>
   <trkpt lon="2.798829" lat="39.841036"><ele>156.0</ele></trkpt>
   <trkpt lon="2.798802" lat="39.841160"><ele>157.0</ele></trkpt>
   <trkpt lon="2.798797" lat="39.841236"><ele>157.5</ele></trkpt>
   <trkpt lon="2.798833" lat="39.841863"><ele>164.75</ele></trkpt>
   <trkpt lon="2.798832" lat="39.841942"><ele>165.75</ele></trkpt>
   <trkpt lon="2.798820" lat="39.842012"><ele>166.25</ele></trkpt>
   <trkpt lon="2.798771" lat="39.842171"><ele>165.75</ele></trkpt>
   <trkpt lon="2.798760" lat="39.842229"><ele>166.0</ele></trkpt>
   <trkpt lon="2.798764" lat="39.842330"><ele>166.25</ele></trkpt>
   <trkpt lon="2.798831" lat="39.842635"><ele>173.25</ele></trkpt>
   <trkpt lon="2.798838" lat="39.842696"><ele>175.5</ele></trkpt>
   <trkpt lon="2.798839" lat="39.842809"><ele>183.0</ele></trkpt>
   <trkpt lon="2.798812" lat="39.842963"><ele>201.25</ele></trkpt>
   <trkpt lon="2.798778" lat="39.843211"><ele>188.25</ele></trkpt>
   <trkpt lon="2.798800" lat="39.843420"><ele>175.75</ele></trkpt>
   <trkpt lon="2.798883" lat="39.843684"><ele>177.0</ele></trkpt>
   <trkpt lon="2.798917" lat="39.843758"><ele>176.75</ele></trkpt>
   <trkpt lon="2.798966" lat="39.843829"><ele>177.75</ele></trkpt>
   <trkpt lon="2.799087" lat="39.843950"><ele>182.0</ele></trkpt>
   <trkpt lon="2.799190" lat="39.844093"><ele>185.25</ele></trkpt>
   <trkpt lon="2.799241" lat="39.844134"><ele>191.5</ele></trkpt>
   <trkpt lon="2.799294" lat="39.844227"><ele>198.25</ele></trkpt>
   <trkpt lon="2.799396" lat="39.844515"><ele>198.75</ele></trkpt>
   <trkpt lon="2.799494" lat="39.844962"><ele>192.75</ele></trkpt>
   <trkpt lon="2.799593" lat="39.845123"><ele>188.25</ele></trkpt>
   <trkpt lon="2.799646" lat="39.845196"><ele>190.0</ele></trkpt>
   <trkpt lon="2.799741" lat="39.845295"><ele>196.75</ele></trkpt>
   <trkpt lon="2.799899" lat="39.845411"><ele>194.75</ele></trkpt>
   <trkpt lon="2.799948" lat="39.845438"><ele>196.25</ele></trkpt>
   <trkpt lon="2.799991" lat="39.845449"><ele>198.5</ele></trkpt>
   <trkpt lon="2.800043" lat="39.845451"><ele>200.0</ele></trkpt>
   <trkpt lon="2.800087" lat="39.845440"><ele>201.0</ele></trkpt>
   <trkpt lon="2.800133" lat="39.845416"><ele>202.25</ele></trkpt>
   <trkpt lon="2.800156" lat="39.845378"><ele>202.75</ele></trkpt>
   <trkpt lon="2.800165" lat="39.845344"><ele>203.0</ele></trkpt>
   <trkpt lon="2.800154" lat="39.845302"><ele>203.0</ele></trkpt>
   <trkpt lon="2.800133" lat="39.845266"><ele>202.75</ele></trkpt>
   <trkpt lon="2.800058" lat="39.845181"><ele>202.5</ele></trkpt>
   <trkpt lon="2.800034" lat="39.845133"><ele>202.5</ele></trkpt>
   <trkpt lon="2.800023" lat="39.845086"><ele>202.5</ele></trkpt>
   <trkpt lon="2.800026" lat="39.845049"><ele>203.0</ele></trkpt>
   <trkpt lon="2.800049" lat="39.845010"><ele>203.5</ele></trkpt>
   <trkpt lon="2.800121" lat="39.844965"><ele>205.25</ele></trkpt>
   <trkpt lon="2.800166" lat="39.844956"><ele>206.0</ele></trkpt>
   <trkpt lon="2.800213" lat="39.844959"><ele>206.75</ele></trkpt>
   <trkpt lon="2.800251" lat="39.844971"><ele>207.0</ele></trkpt>
   <trkpt lon="2.800280" lat="39.844993"><ele>207.0</ele></trkpt>
   <trkpt lon="2.800402" lat="39.845107"><ele>209.75</ele></trkpt>
   <trkpt lon="2.800453" lat="39.845145"><ele>210.5</ele></trkpt>
   <trkpt lon="2.801277" lat="39.845481"><ele>213.25</ele></trkpt>
   <trkpt lon="2.801381" lat="39.845523"><ele>212.75</ele></trkpt>
   <trkpt lon="2.801489" lat="39.845567"><ele>213.75</ele></trkpt>
   <trkpt lon="2.801605" lat="39.845604"><ele>215.5</ele></trkpt>
   <trkpt lon="2.801835" lat="39.845650"><ele>214.75</ele></trkpt>
   <trkpt lon="2.801973" lat="39.845662"><ele>214.75</ele></trkpt>
   <trkpt lon="2.802220" lat="39.845652"><ele>219.5</ele></trkpt>
   <trkpt lon="2.802300" lat="39.845630"><ele>221.0</ele></trkpt>
   <trkpt lon="2.802430" lat="39.845564"><ele>223.25</ele></trkpt>
   <trkpt lon="2.802654" lat="39.845406"><ele>226.75</ele></trkpt>
   <trkpt lon="2.802732" lat="39.845360"><ele>226.25</ele></trkpt>
   <trkpt lon="2.802821" lat="39.845333"><ele>225.75</ele></trkpt>
   <trkpt lon="2.802901" lat="39.845316"><ele>226.0</ele></trkpt>
   <trkpt lon="2.802985" lat="39.845306"><ele>226.5</ele></trkpt>
   <trkpt lon="2.804009" lat="39.845351"><ele>231.75</ele></trkpt>
   <trkpt lon="2.804114" lat="39.845342"><ele>233.25</ele></trkpt>
   <trkpt lon="2.804201" lat="39.845313"><ele>234.25</ele></trkpt>
   <trkpt lon="2.804291" lat="39.845267"><ele>234.25</ele></trkpt>
   <trkpt lon="2.804352" lat="39.845225"><ele>233.75</ele></trkpt>
   <trkpt lon="2.804416" lat="39.845161"><ele>233.5</ele></trkpt>
   <trkpt lon="2.804472" lat="39.845073"><ele>234.25</ele></trkpt>
   <trkpt lon="2.804494" lat="39.844988"><ele>235.25</ele></trkpt>
   <trkpt lon="2.804502" lat="39.844898"><ele>235.25</ele></trkpt>
   <trkpt lon="2.804436" lat="39.844239"><ele>237.5</ele><sym>pass_place</sym><type>Shaping</type></trkpt>
   <trkpt lon="2.804436" lat="39.844236"><ele>237.5</ele></trkpt>
   <trkpt lon="2.804410" lat="39.844057"><ele>238.25</ele></trkpt>
   <trkpt lon="2.804380" lat="39.843911"><ele>238.5</ele></trkpt>
   <trkpt lon="2.804350" lat="39.843822"><ele>239.0</ele></trkpt>
   <trkpt lon="2.804316" lat="39.843760"><ele>239.5</ele></trkpt>
   <trkpt lon="2.804255" lat="39.843703"><ele>240.25</ele></trkpt>
   <trkpt lon="2.804210" lat="39.843671"><ele>240.75</ele></trkpt>
   <trkpt lon="2.804151" lat="39.843649"><ele>241.25</ele></trkpt>
   <trkpt lon="2.804055" lat="39.843630"><ele>242.25</ele></trkpt>
   <trkpt lon="2.803839" lat="39.843609"><ele>243.5</ele></trkpt>
   <trkpt lon="2.803788" lat="39.843600"><ele>243.0</ele></trkpt>
   <trkpt lon="2.803728" lat="39.843579"><ele>242.75</ele></trkpt>
   <trkpt lon="2.803691" lat="39.843552"><ele>242.75</ele></trkpt>
   <trkpt lon="2.803664" lat="39.843518"><ele>243.0</ele></trkpt>
   <trkpt lon="2.803649" lat="39.843469"><ele>243.5</ele></trkpt>
   <trkpt lon="2.803653" lat="39.843418"><ele>244.25</ele></trkpt>
   <trkpt lon="2.803674" lat="39.843364"><ele>245.75</ele></trkpt>
   <trkpt lon="2.803918" lat="39.842907"><ele>250.5</ele></trkpt>
   <trkpt lon="2.803975" lat="39.842834"><ele>251.75</ele></trkpt>
   <trkpt lon="2.804425" lat="39.842501"><ele>256.5</ele></trkpt>
   <trkpt lon="2.804679" lat="39.842301"><ele>258.25</ele></trkpt>
   <trkpt lon="2.804834" lat="39.842158"><ele>260.75</ele></trkpt>
   <trkpt lon="2.804974" lat="39.842000"><ele>261.5</ele></trkpt>
   <trkpt lon="2.805038" lat="39.841902"><ele>262.5</ele></trkpt>
   <trkpt lon="2.805361" lat="39.841270"><ele>269.5</ele></trkpt>
   <trkpt lon="2.805398" lat="39.841167"><ele>270.75</ele></trkpt>
   <trkpt lon="2.805417" lat="39.841067"><ele>271.75</ele></trkpt>
   <trkpt lon="2.805429" lat="39.840916"><ele>273.5</ele></trkpt>
   <trkpt lon="2.805425" lat="39.840831"><ele>274.25</ele></trkpt>
   <trkpt lon="2.805410" lat="39.840742"><ele>274.5</ele></trkpt>
   <trkpt lon="2.805345" lat="39.840504"><ele>275.0</ele></trkpt>
   <trkpt lon="2.805336" lat="39.840420"><ele>275.75</ele></trkpt>
   <trkpt lon="2.805338" lat="39.840346"><ele>277.0</ele></trkpt>
   <trkpt lon="2.805352" lat="39.840251"><ele>278.25</ele></trkpt>
   <trkpt lon="2.805590" lat="39.839224"><ele>286.5</ele></trkpt>
   <trkpt lon="2.805619" lat="39.839136"><ele>287.25</ele></trkpt>
   <trkpt lon="2.805657" lat="39.839052"><ele>288.0</ele></trkpt>
   <trkpt lon="2.805711" lat="39.838970"><ele>289.25</ele></trkpt>
   <trkpt lon="2.805782" lat="39.838881"><ele>290.25</ele></trkpt>
   <trkpt lon="2.805963" lat="39.838601"><ele>293.0</ele></trkpt>
   <trkpt lon="2.806335" lat="39.837728"><ele>303.25</ele></trkpt>
   <trkpt lon="2.806372" lat="39.837663"><ele>303.75</ele></trkpt>
   <trkpt lon="2.806551" lat="39.837435"><ele>305.5</ele></trkpt>
   <trkpt lon="2.806614" lat="39.837344"><ele>306.0</ele></trkpt>
   <trkpt lon="2.806647" lat="39.837280"><ele>306.0</ele></trkpt>
   <trkpt lon="2.806665" lat="39.837224"><ele>305.75</ele></trkpt>
   <trkpt lon="2.806674" lat="39.837168"><ele>307.0</ele></trkpt>
   <trkpt lon="2.806673" lat="39.837106"><ele>308.0</ele></trkpt>
   <trkpt lon="2.806570" lat="39.836557"><ele>311.75</ele></trkpt>
   <trkpt lon="2.806559" lat="39.836485"><ele>312.5</ele></trkpt>
   <trkpt lon="2.806561" lat="39.836398"><ele>313.75</ele></trkpt>
   <trkpt lon="2.806817" lat="39.834767"><ele>330.75</ele></trkpt>
   <trkpt lon="2.806818" lat="39.834694"><ele>331.5</ele></trkpt>
   <trkpt lon="2.806802" lat="39.834611"><ele>332.25</ele></trkpt>
   <trkpt lon="2.806775" lat="39.834522"><ele>332.5</ele></trkpt>
   <trkpt lon="2.806658" lat="39.834265"><ele>333.5</ele></trkpt>
   <trkpt lon="2.806520" lat="39.834010"><ele>337.5</ele></trkpt>
   <trkpt lon="2.806421" lat="39.833913"><ele>338.0</ele></trkpt>
   <trkpt lon="2.806357" lat="39.833886"><ele>338.25</ele></trkpt>
   <trkpt lon="2.806278" lat="39.833867"><ele>339.25</ele></trkpt>
   <trkpt lon="2.806192" lat="39.833870"><ele>339.75</ele></trkpt>
   <trkpt lon="2.806122" lat="39.833888"><ele>339.75</ele></trkpt>
   <trkpt lon="2.804546" lat="39.834557"><ele>347.25</ele></trkpt>
   <trkpt lon="2.804440" lat="39.834615"><ele>348.25</ele></trkpt>
   <trkpt lon="2.804375" lat="39.834672"><ele>349.75</ele></trkpt>
   <trkpt lon="2.804120" lat="39.835090"><ele>351.5</ele></trkpt>
   <trkpt lon="2.804068" lat="39.835159"><ele>351.75</ele></trkpt>
   <trkpt lon="2.804003" lat="39.835232"><ele>352.75</ele></trkpt>
   <trkpt lon="2.803513" lat="39.835694"><ele>355.75</ele></trkpt>
   <trkpt lon="2.803466" lat="39.835728"><ele>356.25</ele></trkpt>
   <trkpt lon="2.803401" lat="39.835749"><ele>358.0</ele></trkpt>
   <trkpt lon="2.803335" lat="39.835757"><ele>360.25</ele></trkpt>
   <trkpt lon="2.803277" lat="39.835755"><ele>359.75</ele></trkpt>
   <trkpt lon="2.802854" lat="39.835687"><ele>359.5</ele></trkpt>
   <trkpt lon="2.802789" lat="39.835665"><ele>359.5</ele></trkpt>
   <trkpt lon="2.802720" lat="39.835631"><ele>360.5</ele></trkpt>
   <trkpt lon="2.802664" lat="39.835591"><ele>361.25</ele></trkpt>
   <trkpt lon="2.802615" lat="39.835544"><ele>361.5</ele></trkpt>
   <trkpt lon="2.802586" lat="39.835504"><ele>361.25</ele></trkpt>
   <trkpt lon="2.802564" lat="39.835453"><ele>361.25</ele></trkpt>
   <trkpt lon="2.802556" lat="39.835412"><ele>361.25</ele></trkpt>
   <trkpt lon="2.802541" lat="39.835159"><ele>361.75</ele></trkpt>
   <trkpt lon="2.802546" lat="39.835091"><ele>362.0</ele></trkpt>
   <trkpt lon="2.802565" lat="39.835034"><ele>363.0</ele></trkpt>
   <trkpt lon="2.802810" lat="39.834462"><ele>368.25</ele><sym>pass_place</sym><type>Shaping</type></trkpt>
   <trkpt lon="2.802840" lat="39.834424"><ele>368.5</ele></trkpt>
   <trkpt lon="2.802879" lat="39.834391"><ele>368.75</ele></trkpt>
   <trkpt lon="2.802935" lat="39.834365"><ele>369.75</ele></trkpt>
   <trkpt lon="2.803009" lat="39.834348"><ele>371.75</ele></trkpt>
   <trkpt lon="2.803633" lat="39.834247"><ele>377.75</ele></trkpt>
   <trkpt lon="2.803757" lat="39.834214"><ele>377.25</ele></trkpt>
   <trkpt lon="2.803864" lat="39.834178"><ele>377.75</ele></trkpt>
   <trkpt lon="2.803939" lat="39.834145"><ele>378.5</ele></trkpt>
   <trkpt lon="2.804006" lat="39.834103"><ele>379.0</ele></trkpt>
   <trkpt lon="2.804057" lat="39.834059"><ele>379.5</ele></trkpt>
   <trkpt lon="2.804095" lat="39.834014"><ele>379.75</ele></trkpt>
   <trkpt lon="2.804187" lat="39.833824"><ele>380.75</ele></trkpt>
   <trkpt lon="2.804212" lat="39.833713"><ele>382.0</ele></trkpt>
   <trkpt lon="2.804211" lat="39.833658"><ele>382.75</ele></trkpt>
   <trkpt lon="2.804161" lat="39.833558"><ele>384.5</ele></trkpt>
   <trkpt lon="2.803890" lat="39.833212"><ele>386.5</ele></trkpt>
   <trkpt lon="2.803864" lat="39.833169"><ele>386.25</ele></trkpt>
   <trkpt lon="2.803823" lat="39.833026"><ele>387.5</ele></trkpt>
   <trkpt lon="2.803805" lat="39.832912"><ele>387.0</ele></trkpt>
   <trkpt lon="2.803812" lat="39.832839"><ele>387.75</ele></trkpt>
   <trkpt lon="2.803828" lat="39.832769"><ele>389.0</ele></trkpt>
   <trkpt lon="2.804089" lat="39.831694"><ele>399.5</ele></trkpt>
   <trkpt lon="2.804158" lat="39.831512"><ele>400.25</ele></trkpt>
   <trkpt lon="2.804338" lat="39.831158"><ele>402.25</ele></trkpt>
   <trkpt lon="2.804381" lat="39.831109"><ele>403.75</ele></trkpt>
   <trkpt lon="2.804447" lat="39.831076"><ele>406.25</ele></trkpt>
   <trkpt lon="2.804495" lat="39.831064"><ele>407.0</ele></trkpt>
   <trkpt lon="2.804750" lat="39.831054"><ele>411.75</ele></trkpt>
   <trkpt lon="2.804867" lat="39.831038"><ele>412.25</ele></trkpt>
   <trkpt lon="2.804982" lat="39.831013"><ele>412.5</ele></trkpt>
   <trkpt lon="2.805055" lat="39.830989"><ele>412.5</ele></trkpt>
   <trkpt lon="2.805137" lat="39.830943"><ele>412.0</ele></trkpt>
   <trkpt lon="2.805192" lat="39.830882"><ele>410.75</ele></trkpt>
   <trkpt lon="2.805220" lat="39.830809"><ele>409.75</ele></trkpt>
   <trkpt lon="2.805223" lat="39.830763"><ele>410.5</ele></trkpt>
   <trkpt lon="2.805206" lat="39.830685"><ele>411.5</ele></trkpt>
   <trkpt lon="2.805167" lat="39.830626"><ele>411.75</ele></trkpt>
   <trkpt lon="2.804739" lat="39.830111"><ele>415.0</ele></trkpt>
   <trkpt lon="2.804665" lat="39.830031"><ele>416.25</ele></trkpt>
   <trkpt lon="2.804607" lat="39.829985"><ele>417.25</ele></trkpt>
   <trkpt lon="2.804541" lat="39.829944"><ele>418.0</ele></trkpt>
   <trkpt lon="2.804468" lat="39.829909"><ele>418.25</ele></trkpt>
   <trkpt lon="2.803302" lat="39.829417"><ele>421.75</ele></trkpt>
   <trkpt lon="2.803170" lat="39.829378"><ele>421.0</ele></trkpt>
   <trkpt lon="2.803027" lat="39.829349"><ele>420.5</ele></trkpt>
   <trkpt lon="2.802990" lat="39.829326"><ele>422.0</ele></trkpt>
   <trkpt lon="2.802977" lat="39.829310"><ele>422.75</ele></trkpt>
   <trkpt lon="2.802972" lat="39.829287"><ele>424.0</ele></trkpt>
   <trkpt lon="2.802974" lat="39.829265"><ele>424.75</ele></trkpt>
   <trkpt lon="2.802999" lat="39.829229"><ele>426.0</ele></trkpt>
   <trkpt lon="2.803022" lat="39.829218"><ele>426.25</ele></trkpt>
   <trkpt lon="2.803052" lat="39.829214"><ele>426.0</ele></trkpt>
   <trkpt lon="2.803111" lat="39.829219"><ele>427.0</ele></trkpt>
   <trkpt lon="2.803322" lat="39.829297"><ele>428.0</ele></trkpt>
   <trkpt lon="2.803599" lat="39.829387"><ele>427.5</ele></trkpt>
   <trkpt lon="2.804607" lat="39.829752"><ele>430.25</ele></trkpt>
   <trkpt lon="2.805072" lat="39.829904"><ele>435.25</ele></trkpt>
   <trkpt lon="2.805168" lat="39.829947"><ele>435.75</ele></trkpt>
   <trkpt lon="2.805301" lat="39.830027"><ele>435.0</ele></trkpt>
   <trkpt lon="2.805881" lat="39.830452"><ele>440.25</ele></trkpt>
   <trkpt lon="2.805956" lat="39.830534"><ele>439.75</ele></trkpt>
   <trkpt lon="2.806093" lat="39.830794"><ele>440.0</ele></trkpt>
   <trkpt lon="2.806148" lat="39.830858"><ele>440.0</ele></trkpt>
   <trkpt lon="2.806186" lat="39.830882"><ele>439.75</ele></trkpt>
   <trkpt lon="2.806271" lat="39.830915"><ele>440.0</ele></trkpt>
   <trkpt lon="2.806592" lat="39.830995"><ele>439.0</ele></trkpt>
   <trkpt lon="2.806693" lat="39.831008"><ele>438.5</ele></trkpt>
   <trkpt lon="2.806763" lat="39.830999"><ele>439.0</ele></trkpt>
   <trkpt lon="2.806790" lat="39.830987"><ele>439.5</ele></trkpt>
   <trkpt lon="2.806814" lat="39.830968"><ele>440.25</ele></trkpt>
   <trkpt lon="2.806831" lat="39.830944"><ele>441.25</ele></trkpt>
   <trkpt lon="2.806837" lat="39.830919"><ele>442.5</ele></trkpt>
   <trkpt lon="2.806838" lat="39.830898"><ele>443.25</ele></trkpt>
   <trkpt lon="2.806819" lat="39.830855"><ele>445.0</ele></trkpt>
   <trkpt lon="2.806801" lat="39.830836"><ele>445.75</ele></trkpt>
   <trkpt lon="2.806722" lat="39.830794"><ele>446.75</ele></trkpt>
   <trkpt lon="2.806393" lat="39.830676"><ele>447.0</ele></trkpt>
   <trkpt lon="2.806236" lat="39.830608"><ele>445.5</ele></trkpt>
   <trkpt lon="2.806196" lat="39.830565"><ele>445.5</ele></trkpt>
   <trkpt lon="2.806190" lat="39.830540"><ele>446.5</ele></trkpt>
   <trkpt lon="2.806193" lat="39.830520"><ele>447.75</ele></trkpt>
   <trkpt lon="2.806208" lat="39.830501"><ele>449.25</ele></trkpt>
   <trkpt lon="2.806229" lat="39.830489"><ele>450.5</ele></trkpt>
   <trkpt lon="2.806258" lat="39.830483"><ele>451.75</ele></trkpt>
   <trkpt lon="2.806328" lat="39.830493"><ele>452.75</ele></trkpt>
   <trkpt lon="2.806458" lat="39.830560"><ele>451.0</ele></trkpt>
   <trkpt lon="2.806543" lat="39.830590"><ele>451.5</ele></trkpt>
   <trkpt lon="2.807018" lat="39.830715"><ele>454.25</ele></trkpt>
   <trkpt lon="2.807110" lat="39.830733"><ele>454.75</ele></trkpt>
   <trkpt lon="2.807212" lat="39.830744"><ele>455.75</ele></trkpt>
   <trkpt lon="2.807448" lat="39.830753"><ele>456.75</ele></trkpt>
   <trkpt lon="2.807613" lat="39.830767"><ele>457.25</ele></trkpt>
   <trkpt lon="2.807781" lat="39.830786"><ele>457.75</ele></trkpt>
   <trkpt lon="2.807907" lat="39.830807"><ele>459.0</ele></trkpt>
   <trkpt lon="2.808018" lat="39.830834"><ele>459.25</ele></trkpt>
   <trkpt lon="2.808213" lat="39.830916"><ele>458.0</ele></trkpt>
   <trkpt lon="2.808258" lat="39.830925"><ele>458.5</ele></trkpt>
   <trkpt lon="2.808294" lat="39.830926"><ele>459.25</ele></trkpt>
   <trkpt lon="2.808321" lat="39.830918"><ele>460.5</ele></trkpt>
   <trkpt lon="2.808342" lat="39.830903"><ele>461.75</ele></trkpt>
   <trkpt lon="2.808350" lat="39.830886"><ele>463.25</ele></trkpt>
   <trkpt lon="2.808352" lat="39.830866"><ele>464.5</ele></trkpt>
   <trkpt lon="2.808343" lat="39.830845"><ele>465.5</ele></trkpt>
   <trkpt lon="2.808296" lat="39.830808"><ele>467.5</ele></trkpt>
   <trkpt lon="2.808023" lat="39.830710"><ele>468.0</ele></trkpt>
   <trkpt lon="2.807821" lat="39.830649"><ele>467.25</ele></trkpt>
   <trkpt lon="2.807375" lat="39.830567"><ele>468.75</ele></trkpt>
   <trkpt lon="2.807289" lat="39.830546"><ele>470.0</ele></trkpt>
   <trkpt lon="2.807254" lat="39.830515"><ele>472.25</ele></trkpt>
   <trkpt lon="2.807248" lat="39.830492"><ele>474.0</ele></trkpt>
   <trkpt lon="2.807267" lat="39.830451"><ele>477.5</ele></trkpt>
   <trkpt lon="2.807293" lat="39.830437"><ele>478.75</ele></trkpt>
   <trkpt lon="2.807329" lat="39.830430"><ele>479.75</ele></trkpt>
   <trkpt lon="2.807370" lat="39.830430"><ele>480.0</ele></trkpt>
   <trkpt lon="2.807718" lat="39.830486"><ele>478.5</ele></trkpt>
   <trkpt lon="2.807812" lat="39.830506"><ele>478.25</ele></trkpt>
   <trkpt lon="2.807901" lat="39.830536"><ele>477.75</ele></trkpt>
   <trkpt lon="2.808207" lat="39.830665"><ele>478.25</ele></trkpt>
   <trkpt lon="2.808406" lat="39.830725"><ele>479.0</ele></trkpt>
   <trkpt lon="2.808537" lat="39.830754"><ele>479.5</ele></trkpt>
   <trkpt lon="2.809557" lat="39.830915"><ele>485.75</ele><sym>pass_place</sym><type>Shaping</type></trkpt>
   <trkpt lon="2.809564" lat="39.830916"><ele>485.75</ele></trkpt>
   <trkpt lon="2.809652" lat="39.830914"><ele>487.0</ele></trkpt>
   <trkpt lon="2.809880" lat="39.830889"><ele>489.75</ele></trkpt>
   <trkpt lon="2.809998" lat="39.830891"><ele>490.0</ele></trkpt>
   <trkpt lon="2.810095" lat="39.830913"><ele>491.75</ele></trkpt>
   <trkpt lon="2.810196" lat="39.830961"><ele>492.75</ele></trkpt>
   <trkpt lon="2.810327" lat="39.831065"><ele>492.75</ele></trkpt>
   <trkpt lon="2.810476" lat="39.831225"><ele>494.25</ele></trkpt>
   <trkpt lon="2.810517" lat="39.831279"><ele>494.75</ele></trkpt>
   <trkpt lon="2.810577" lat="39.831393"><ele>494.75</ele></trkpt>
   <trkpt lon="2.810804" lat="39.831963"><ele>499.75</ele></trkpt>
   <trkpt lon="2.810860" lat="39.832050"><ele>499.75</ele></trkpt>
   <trkpt lon="2.810891" lat="39.832080"><ele>500.0</ele></trkpt>
   <trkpt lon="2.810927" lat="39.832105"><ele>500.5</ele></trkpt>
   <trkpt lon="2.811008" lat="39.832130"><ele>502.25</ele></trkpt>
   <trkpt lon="2.811563" lat="39.832194"><ele>509.0</ele></trkpt>
   <trkpt lon="2.811736" lat="39.832225"><ele>510.0</ele></trkpt>
   <trkpt lon="2.812041" lat="39.832294"><ele>513.75</ele></trkpt>
   <trkpt lon="2.812109" lat="39.832324"><ele>514.0</ele></trkpt>
   <trkpt lon="2.812179" lat="39.832367"><ele>514.25</ele></trkpt>
   <trkpt lon="2.812449" lat="39.832595"><ele>516.25</ele></trkpt>
   <trkpt lon="2.812504" lat="39.832639"><ele>518.0</ele></trkpt>
   <trkpt lon="2.812558" lat="39.832670"><ele>519.75</ele></trkpt>
   <trkpt lon="2.812608" lat="39.832685"><ele>521.0</ele></trkpt>
   <trkpt lon="2.812652" lat="39.832692"><ele>522.0</ele></trkpt>
   <trkpt lon="2.812700" lat="39.832691"><ele>522.75</ele></trkpt>
   <trkpt lon="2.812790" lat="39.832663"><ele>524.0</ele></trkpt>
   <trkpt lon="2.812852" lat="39.832627"><ele>524.5</ele></trkpt>
   <trkpt lon="2.812908" lat="39.832582"><ele>524.25</ele></trkpt>
   <trkpt lon="2.812945" lat="39.832535"><ele>523.75</ele></trkpt>
   <trkpt lon="2.812992" lat="39.832434"><ele>523.25</ele></trkpt>
   <trkpt lon="2.813006" lat="39.832378"><ele>523.25</ele></trkpt>
   <trkpt lon="2.813013" lat="39.832318"><ele>523.0</ele></trkpt>
   <trkpt lon="2.812998" lat="39.832245"><ele>522.5</ele></trkpt>
   <trkpt lon="2.812946" lat="39.832173"><ele>523.75</ele></trkpt>
   <trkpt lon="2.812915" lat="39.832151"><ele>524.25</ele></trkpt>
   <trkpt lon="2.812829" lat="39.832125"><ele>524.5</ele></trkpt>
   <trkpt lon="2.812775" lat="39.832123"><ele>524.5</ele></trkpt>
   <trkpt lon="2.812527" lat="39.832162"><ele>525.0</ele></trkpt>
   <trkpt lon="2.812480" lat="39.832158"><ele>525.0</ele></trkpt>
   <trkpt lon="2.812440" lat="39.832146"><ele>525.25</ele></trkpt>
   <trkpt lon="2.812410" lat="39.832130"><ele>525.75</ele></trkpt>
   <trkpt lon="2.812373" lat="39.832081"><ele>527.75</ele></trkpt>
   <trkpt lon="2.812366" lat="39.832055"><ele>528.75</ele></trkpt>
   <trkpt lon="2.812378" lat="39.832009"><ele>530.75</ele></trkpt>
   <trkpt lon="2.812399" lat="39.831986"><ele>531.25</ele></trkpt>
   <trkpt lon="2.812426" lat="39.831970"><ele>531.25</ele></trkpt>
   <trkpt lon="2.812469" lat="39.831959"><ele>530.5</ele></trkpt>
   <trkpt lon="2.812853" lat="39.831934"><ele>531.25</ele></trkpt>
   <trkpt lon="2.812969" lat="39.831920"><ele>532.0</ele></trkpt>
   <trkpt lon="2.813199" lat="39.831876"><ele>533.25</ele></trkpt>
   <trkpt lon="2.813294" lat="39.831848"><ele>534.25</ele></trkpt>
   <trkpt lon="2.813429" lat="39.831789"><ele>536.0</ele></trkpt>
   <trkpt lon="2.813603" lat="39.831670"><ele>537.0</ele></trkpt>
   <trkpt lon="2.813640" lat="39.831654"><ele>537.75</ele></trkpt>
   <trkpt lon="2.813686" lat="39.831646"><ele>538.75</ele></trkpt>
   <trkpt lon="2.813730" lat="39.831648"><ele>539.25</ele></trkpt>
   <trkpt lon="2.813767" lat="39.831659"><ele>539.5</ele></trkpt>
   <trkpt lon="2.813799" lat="39.831677"><ele>539.5</ele></trkpt>
   <trkpt lon="2.813825" lat="39.831702"><ele>539.75</ele></trkpt>
   <trkpt lon="2.813867" lat="39.831772"><ele>540.0</ele></trkpt>
   <trkpt lon="2.813879" lat="39.831859"><ele>540.0</ele></trkpt>
   <trkpt lon="2.813875" lat="39.831907"><ele>539.75</ele></trkpt>
   <trkpt lon="2.813821" lat="39.832126"><ele>540.25</ele></trkpt>
   <trkpt lon="2.813710" lat="39.832432"><ele>542.75</ele></trkpt>
   <trkpt lon="2.813613" lat="39.832604"><ele>545.25</ele></trkpt>
   <trkpt lon="2.813493" lat="39.832750"><ele>545.75</ele></trkpt>
   <trkpt lon="2.813364" lat="39.832858"><ele>546.75</ele></trkpt>
   <trkpt lon="2.813286" lat="39.832908"><ele>547.75</ele></trkpt>
   <trkpt lon="2.813184" lat="39.832953"><ele>547.75</ele></trkpt>
   <trkpt lon="2.812052" lat="39.833331"><ele>547.75</ele></trkpt>
   <trkpt lon="2.811963" lat="39.833363"><ele>547.75</ele></trkpt>
   <trkpt lon="2.811905" lat="39.833394"><ele>548.75</ele></trkpt>
   <trkpt lon="2.811873" lat="39.833440"><ele>551.25</ele></trkpt>
   <trkpt lon="2.811868" lat="39.833465"><ele>552.75</ele></trkpt>
   <trkpt lon="2.811876" lat="39.833492"><ele>554.5</ele></trkpt>
   <trkpt lon="2.811911" lat="39.833527"><ele>556.5</ele></trkpt>
   <trkpt lon="2.811946" lat="39.833540"><ele>557.0</ele></trkpt>
   <trkpt lon="2.811991" lat="39.833542"><ele>557.75</ele></trkpt>
   <trkpt lon="2.812084" lat="39.833525"><ele>558.0</ele></trkpt>
   <trkpt lon="2.813472" lat="39.833108"><ele>564.5</ele></trkpt>
   <trkpt lon="2.813665" lat="39.833046"><ele>565.25</ele></trkpt>
   <trkpt lon="2.813791" lat="39.832990"><ele>567.25</ele></trkpt>
   <trkpt lon="2.813977" lat="39.832890"><ele>568.5</ele></trkpt>
   <trkpt lon="2.814124" lat="39.832794"><ele>567.5</ele></trkpt>
   <trkpt lon="2.814241" lat="39.832700"><ele>571.25</ele></trkpt>
   <trkpt lon="2.814328" lat="39.832597"><ele>574.75</ele></trkpt>
   <trkpt lon="2.814404" lat="39.832473"><ele>576.5</ele></trkpt>
   <trkpt lon="2.814467" lat="39.832346"><ele>577.75</ele></trkpt>
   <trkpt lon="2.814522" lat="39.832164"><ele>577.25</ele></trkpt>
   <trkpt lon="2.814561" lat="39.832071"><ele>577.0</ele></trkpt>
   <trkpt lon="2.814628" lat="39.831949"><ele>574.25</ele></trkpt>
   <trkpt lon="2.814881" lat="39.831555"><ele>582.0</ele></trkpt>
   <trkpt lon="2.814891" lat="39.831518"><ele>582.25</ele></trkpt>
   <trkpt lon="2.814892" lat="39.831476"><ele>582.25</ele></trkpt>
   <trkpt lon="2.814877" lat="39.831431"><ele>581.5</ele></trkpt>
   <trkpt lon="2.814852" lat="39.831398"><ele>580.5</ele></trkpt>
   <trkpt lon="2.814816" lat="39.831366"><ele>580.75</ele></trkpt>
   <trkpt lon="2.814421" lat="39.831105"><ele>582.25</ele></trkpt>
   <trkpt lon="2.814353" lat="39.831047"><ele>582.0</ele></trkpt>
   <trkpt lon="2.814288" lat="39.830972"><ele>582.75</ele></trkpt>
   <trkpt lon="2.814160" lat="39.830803"><ele>584.25</ele></trkpt>
   <trkpt lon="2.814106" lat="39.830687"><ele>584.5</ele></trkpt>
   <trkpt lon="2.814083" lat="39.830594"><ele>586.0</ele></trkpt>
   <trkpt lon="2.814095" lat="39.830527"><ele>588.25</ele></trkpt>
   <trkpt lon="2.814211" lat="39.830359"><ele>593.0</ele></trkpt>
   <trkpt lon="2.814223" lat="39.830330"><ele>593.25</ele></trkpt>
   <trkpt lon="2.814224" lat="39.830273"><ele>593.0</ele></trkpt>
   <trkpt lon="2.814197" lat="39.830229"><ele>593.25</ele></trkpt>
   <trkpt lon="2.814165" lat="39.830210"><ele>592.75</ele></trkpt>
   <trkpt lon="2.814100" lat="39.830190"><ele>594.25</ele></trkpt>
   <trkpt lon="2.814056" lat="39.830187"><ele>594.75</ele></trkpt>
   <trkpt lon="2.813982" lat="39.830202"><ele>594.75</ele></trkpt>
   <trkpt lon="2.813951" lat="39.830218"><ele>594.25</ele></trkpt>
   <trkpt lon="2.813745" lat="39.830394"><ele>592.0</ele></trkpt>
   <trkpt lon="2.813721" lat="39.830412"><ele>592.5</ele></trkpt>
   <trkpt lon="2.813697" lat="39.830421"><ele>593.25</ele></trkpt>
   <trkpt lon="2.813646" lat="39.830425"><ele>595.5</ele></trkpt>
   <trkpt lon="2.813605" lat="39.830410"><ele>598.0</ele></trkpt>
   <trkpt lon="2.813591" lat="39.830395"><ele>599.25</ele></trkpt>
   <trkpt lon="2.813582" lat="39.830350"><ele>601.0</ele></trkpt>
   <trkpt lon="2.813613" lat="39.830285"><ele>599.75</ele></trkpt>
   <trkpt lon="2.813654" lat="39.830240"><ele>600.75</ele></trkpt>
   <trkpt lon="2.813825" lat="39.830102"><ele>602.75</ele></trkpt>
   <trkpt lon="2.813913" lat="39.830050"><ele>603.0</ele></trkpt>
   <trkpt lon="2.814005" lat="39.830006"><ele>604.0</ele></trkpt>
   <trkpt lon="2.814104" lat="39.829968"><ele>604.25</ele></trkpt>
   <trkpt lon="2.814195" lat="39.829941"><ele>604.5</ele></trkpt>
   <trkpt lon="2.814515" lat="39.829879"><ele>607.0</ele></trkpt>
   <trkpt lon="2.814572" lat="39.829863"><ele>609.25</ele></trkpt>
   <trkpt lon="2.814611" lat="39.829845"><ele>610.5</ele></trkpt>
   <trkpt lon="2.814637" lat="39.829824"><ele>611.5</ele></trkpt>
   <trkpt lon="2.814655" lat="39.829799"><ele>612.0</ele></trkpt>
   <trkpt lon="2.814668" lat="39.829736"><ele>612.0</ele></trkpt>
   <trkpt lon="2.814661" lat="39.829704"><ele>612.5</ele></trkpt>
   <trkpt lon="2.814630" lat="39.829661"><ele>614.0</ele></trkpt>
   <trkpt lon="2.814599" lat="39.829642"><ele>614.25</ele></trkpt>
   <trkpt lon="2.814563" lat="39.829629"><ele>614.25</ele></trkpt>
   <trkpt lon="2.814521" lat="39.829624"><ele>613.5</ele></trkpt>
   <trkpt lon="2.814479" lat="39.829627"><ele>612.75</ele></trkpt>
   <trkpt lon="2.814433" lat="39.829637"><ele>611.75</ele></trkpt>
   <trkpt lon="2.814078" lat="39.829785"><ele>613.75</ele></trkpt>
   <trkpt lon="2.813761" lat="39.829907"><ele>614.75</ele></trkpt>
   <trkpt lon="2.813635" lat="39.829964"><ele>616.25</ele></trkpt>
   <trkpt lon="2.813568" lat="39.829977"><ele>619.25</ele></trkpt>
   <trkpt lon="2.813543" lat="39.829972"><ele>620.75</ele></trkpt>
   <trkpt lon="2.813507" lat="39.829944"><ele>623.75</ele></trkpt>
   <trkpt lon="2.813498" lat="39.829920"><ele>625.0</ele></trkpt>
   <trkpt lon="2.813507" lat="39.829877"><ele>626.0</ele></trkpt>
   <trkpt lon="2.813524" lat="39.829856"><ele>625.75</ele></trkpt>
   <trkpt lon="2.813567" lat="39.829826"><ele>624.5</ele></trkpt>
   <trkpt lon="2.814030" lat="39.829581"><ele>627.0</ele><sym>pass_place</sym><type>Shaping</type></trkpt>
   <trkpt lon="2.814033" lat="39.829580"><ele>627.0</ele></trkpt>
   <trkpt lon="2.814179" lat="39.829481"><ele>626.75</ele></trkpt>
   <trkpt lon="2.814239" lat="39.829424"><ele>627.75</ele></trkpt>
   <trkpt lon="2.814359" lat="39.829246"><ele>632.5</ele></trkpt>
   <trkpt lon="2.814386" lat="39.829224"><ele>632.5</ele></trkpt>
   <trkpt lon="2.814425" lat="39.829210"><ele>631.75</ele></trkpt>
   <trkpt lon="2.814519" lat="39.829200"><ele>633.25</ele></trkpt>
   <trkpt lon="2.814606" lat="39.829221"><ele>634.25</ele></trkpt>
   <trkpt lon="2.814715" lat="39.829281"><ele>634.0</ele></trkpt>
   <trkpt lon="2.814795" lat="39.829317"><ele>636.25</ele></trkpt>
   <trkpt lon="2.815151" lat="39.829423"><ele>639.25</ele></trkpt>
   <trkpt lon="2.815189" lat="39.829444"><ele>638.25</ele></trkpt>
   <trkpt lon="2.815237" lat="39.829490"><ele>640.0</ele></trkpt>
   <trkpt lon="2.815251" lat="39.829546"><ele>641.0</ele></trkpt>
   <trkpt lon="2.815241" lat="39.829640"><ele>641.0</ele></trkpt>
   <trkpt lon="2.815098" lat="39.830243"><ele>647.25</ele></trkpt>
   <trkpt lon="2.815095" lat="39.830277"><ele>648.25</ele></trkpt>
   <trkpt lon="2.815106" lat="39.830341"><ele>646.0</ele></trkpt>
   <trkpt lon="2.815127" lat="39.830369"><ele>645.25</ele></trkpt>
   <trkpt lon="2.815159" lat="39.830395"><ele>645.0</ele></trkpt>
   <trkpt lon="2.815199" lat="39.830410"><ele>645.5</ele></trkpt>
   <trkpt lon="2.815340" lat="39.830428"><ele>647.25</ele></trkpt>
   <trkpt lon="2.815443" lat="39.830419"><ele>648.75</ele></trkpt>
   <trkpt lon="2.815538" lat="39.830390"><ele>651.0</ele></trkpt>
   <trkpt lon="2.815753" lat="39.830295"><ele>653.5</ele></trkpt>
   <trkpt lon="2.815818" lat="39.830283"><ele>653.0</ele></trkpt>
   <trkpt lon="2.815879" lat="39.830286"><ele>654.0</ele></trkpt>
   <trkpt lon="2.815905" lat="39.830294"><ele>654.5</ele></trkpt>
   <trkpt lon="2.815946" lat="39.830325"><ele>655.25</ele></trkpt>
   <trkpt lon="2.815959" lat="39.830346"><ele>655.25</ele></trkpt>
   <trkpt lon="2.816038" lat="39.830529"><ele>655.75</ele></trkpt>
   <trkpt lon="2.816052" lat="39.830589"><ele>656.25</ele></trkpt>
   <trkpt lon="2.816061" lat="39.830725"><ele>657.25</ele></trkpt>
   <trkpt lon="2.816058" lat="39.830778"><ele>657.5</ele></trkpt>
   <trkpt lon="2.816034" lat="39.830879"><ele>657.5</ele></trkpt>
   <trkpt lon="2.815801" lat="39.831493"><ele>662.0</ele></trkpt>
   <trkpt lon="2.815763" lat="39.831624"><ele>662.25</ele></trkpt>
   <trkpt lon="2.815757" lat="39.831710"><ele>662.5</ele></trkpt>
   <trkpt lon="2.815762" lat="39.831754"><ele>662.75</ele></trkpt>
   <trkpt lon="2.815789" lat="39.831832"><ele>663.75</ele></trkpt>
   <trkpt lon="2.815823" lat="39.831886"><ele>664.75</ele></trkpt>
   <trkpt lon="2.815887" lat="39.831962"><ele>665.75</ele></trkpt>
   <trkpt lon="2.815998" lat="39.832055"><ele>666.75</ele></trkpt>
   <trkpt lon="2.816091" lat="39.832151"><ele>666.5</ele></trkpt>
   <trkpt lon="2.816116" lat="39.832189"><ele>666.0</ele></trkpt>
   <trkpt lon="2.816141" lat="39.832249"><ele>665.5</ele></trkpt>
   <trkpt lon="2.816160" lat="39.832329"><ele>664.75</ele></trkpt>
   <trkpt lon="2.816153" lat="39.832393"><ele>664.75</ele></trkpt>
   <trkpt lon="2.816123" lat="39.832449"><ele>665.5</ele></trkpt>
   <trkpt lon="2.816067" lat="39.832493"><ele>666.25</ele></trkpt>
   <trkpt lon="2.815990" lat="39.832514"><ele>667.0</ele></trkpt>
   <trkpt lon="2.815950" lat="39.832516"><ele>667.25</ele></trkpt>
   <trkpt lon="2.815884" lat="39.832507"><ele>668.25</ele></trkpt>
   <trkpt lon="2.815852" lat="39.832496"><ele>668.75</ele></trkpt>
   <trkpt lon="2.815821" lat="39.832476"><ele>669.0</ele></trkpt>
   <trkpt lon="2.815766" lat="39.832432"><ele>669.25</ele></trkpt>
   <trkpt lon="2.815743" lat="39.832399"><ele>669.25</ele></trkpt>
   <trkpt lon="2.815721" lat="39.832336"><ele>669.25</ele></trkpt>
   <trkpt lon="2.815723" lat="39.832268"><ele>669.0</ele></trkpt>
   <trkpt lon="2.815756" lat="39.832199"><ele>668.25</ele></trkpt>
   <trkpt lon="2.815787" lat="39.832159"><ele>667.5</ele></trkpt>
   <trkpt lon="2.815899" lat="39.832063"><ele>666.75</ele></trkpt>
   <trkpt lon="2.816007" lat="39.831987"><ele>666.75</ele></trkpt>
   <trkpt lon="2.816261" lat="39.831800"><ele>671.0</ele></trkpt>
   <trkpt lon="2.816325" lat="39.831729"><ele>673.75</ele></trkpt>
   <trkpt lon="2.816363" lat="39.831656"><ele>676.5</ele></trkpt>
   <trkpt lon="2.816749" lat="39.830336"><ele>693.0</ele></trkpt>
   <trkpt lon="2.816791" lat="39.830227"><ele>694.75</ele></trkpt>
   <trkpt lon="2.817126" lat="39.829484"><ele>701.25</ele></trkpt>
   <trkpt lon="2.817166" lat="39.829373"><ele>702.5</ele></trkpt>
   <trkpt lon="2.817204" lat="39.829203"><ele>704.0</ele></trkpt>
   <trkpt lon="2.817212" lat="39.829126"><ele>704.75</ele></trkpt>
   <trkpt lon="2.817211" lat="39.828924"><ele>706.25</ele></trkpt>
   <trkpt lon="2.817195" lat="39.828747"><ele>707.25</ele></trkpt>
   <trkpt lon="2.817202" lat="39.828689"><ele>708.0</ele></trkpt>
   <trkpt lon="2.817216" lat="39.828645"><ele>708.5</ele></trkpt>
   <trkpt lon="2.817272" lat="39.828534"><ele>710.5</ele></trkpt>
   <trkpt lon="2.817336" lat="39.828447"><ele>712.0</ele></trkpt>
   <trkpt lon="2.817664" lat="39.828054"><ele>716.5</ele></trkpt>
   <trkpt lon="2.817709" lat="39.827993"><ele>718.0</ele></trkpt>
   <trkpt lon="2.817794" lat="39.827870"><ele>721.0</ele></trkpt>
   <trkpt lon="2.817986" lat="39.827539"><ele>724.0</ele></trkpt>
   <trkpt lon="2.818014" lat="39.827457"><ele>722.75</ele></trkpt>
   <trkpt lon="2.818021" lat="39.827413"><ele>722.25</ele></trkpt>
   <trkpt lon="2.818008" lat="39.827279"><ele>721.0</ele></trkpt>
   <trkpt lon="2.817968" lat="39.827169"><ele>719.5</ele></trkpt>
   <trkpt lon="2.817936" lat="39.827109"><ele>718.25</ele></trkpt>
   <trkpt lon="2.817854" lat="39.827007"><ele>717.75</ele></trkpt>
   <trkpt lon="2.817755" lat="39.826929"><ele>718.75</ele></trkpt>
   <trkpt lon="2.817561" lat="39.826807"><ele>719.0</ele></trkpt>
   <trkpt lon="2.817474" lat="39.826725"><ele>717.75</ele></trkpt>
   <trkpt lon="2.817441" lat="39.826680"><ele>716.75</ele></trkpt>
   <trkpt lon="2.817386" lat="39.826580"><ele>716.0</ele></trkpt>
   <trkpt lon="2.817368" lat="39.826527"><ele>715.5</ele></trkpt>
   <trkpt lon="2.817357" lat="39.826471"><ele>714.75</ele></trkpt>
   <trkpt lon="2.817353" lat="39.826222"><ele>711.25</ele></trkpt>
   <trkpt lon="2.817328" lat="39.826112"><ele>710.5</ele></trkpt>
   <trkpt lon="2.817310" lat="39.826065"><ele>710.25</ele></trkpt>
   <trkpt lon="2.817287" lat="39.826019"><ele>710.0</ele></trkpt>
   <trkpt lon="2.817193" lat="39.825876"><ele>709.0</ele></trkpt>
   <trkpt lon="2.817073" lat="39.825718"><ele>707.25</ele></trkpt>
   <trkpt lon="2.816995" lat="39.825631"><ele>706.5</ele></trkpt>
   <trkpt lon="2.816909" lat="39.825551"><ele>706.0</ele></trkpt>
   <trkpt lon="2.816626" lat="39.825334"><ele>703.0</ele></trkpt>
   <trkpt lon="2.816527" lat="39.825268"><ele>702.0</ele></trkpt>
   <trkpt lon="2.816437" lat="39.825225"><ele>701.75</ele></trkpt>
   <trkpt lon="2.816390" lat="39.825212"><ele>701.75</ele></trkpt>
   <trkpt lon="2.816341" lat="39.825207"><ele>701.25</ele></trkpt>
   <trkpt lon="2.816081" lat="39.825222"><ele>700.25</ele></trkpt>
   <trkpt lon="2.815941" lat="39.825210"><ele>699.5</ele></trkpt>
   <trkpt lon="2.815887" lat="39.825199"><ele>699.0</ele></trkpt>
   <trkpt lon="2.815781" lat="39.825165"><ele>698.5</ele></trkpt>
   <trkpt lon="2.815665" lat="39.825089"><ele>697.25</ele></trkpt>
   <trkpt lon="2.815578" lat="39.825018"><ele>696.25</ele></trkpt>
   <trkpt lon="2.815537" lat="39.824996"><ele>695.75</ele></trkpt>
   <trkpt lon="2.815443" lat="39.824967"><ele>695.0</ele></trkpt>
   <trkpt lon="2.815326" lat="39.824961"><ele>694.25</ele></trkpt>
   <trkpt lon="2.815022" lat="39.825010"><ele>692.5</ele></trkpt>
   <trkpt lon="2.814883" lat="39.825025"><ele>692.25</ele></trkpt>
   <trkpt lon="2.814828" lat="39.825023"><ele>691.75</ele></trkpt>
   <trkpt lon="2.814781" lat="39.825012"><ele>691.25</ele></trkpt>
   <trkpt lon="2.814747" lat="39.824996"><ele>691.0</ele></trkpt>
   <trkpt lon="2.814702" lat="39.824944"><ele>690.75</ele></trkpt>
   <trkpt lon="2.814682" lat="39.824886"><ele>690.75</ele></trkpt>
   <trkpt lon="2.814683" lat="39.824852"><ele>690.75</ele></trkpt>
   <trkpt lon="2.814716" lat="39.824782"><ele>690.25</ele></trkpt>
   <trkpt lon="2.815067" lat="39.824376"><ele>684.75</ele></trkpt>
   <trkpt lon="2.815247" lat="39.824185"><ele>683.0</ele></trkpt>
   <trkpt lon="2.815508" lat="39.823999"><ele>680.5</ele></trkpt>
   <trkpt lon="2.815575" lat="39.823931"><ele>680.25</ele></trkpt>
   <trkpt lon="2.815668" lat="39.823812"><ele>678.5</ele><sym>pass_place</sym><type>Shaping</type></trkpt>
   <trkpt lon="2.815757" lat="39.823662"><ele>677.5</ele></trkpt>
   <trkpt lon="2.815791" lat="39.823581"><ele>677.25</ele></trkpt>
   <trkpt lon="2.815842" lat="39.823397"><ele>675.5</ele></trkpt>
   <trkpt lon="2.815856" lat="39.823278"><ele>674.0</ele></trkpt>
   <trkpt lon="2.815854" lat="39.823230"><ele>673.25</ele></trkpt>
   <trkpt lon="2.815844" lat="39.823176"><ele>672.75</ele></trkpt>
   <trkpt lon="2.815795" lat="39.823087"><ele>672.5</ele></trkpt>
   <trkpt lon="2.815480" lat="39.822736"><ele>670.25</ele></trkpt>
   <trkpt lon="2.815201" lat="39.822488"><ele>666.25</ele></trkpt>
   <trkpt lon="2.815097" lat="39.822408"><ele>664.0</ele></trkpt>
   <trkpt lon="2.815042" lat="39.822383"><ele>663.5</ele></trkpt>
   <trkpt lon="2.814974" lat="39.822363"><ele>663.5</ele></trkpt>
   <trkpt lon="2.814732" lat="39.822320"><ele>664.75</ele></trkpt>
   <trkpt lon="2.814664" lat="39.822299"><ele>665.0</ele></trkpt>
   <trkpt lon="2.814618" lat="39.822280"><ele>665.0</ele></trkpt>
   <trkpt lon="2.814580" lat="39.822254"><ele>664.75</ele></trkpt>
   <trkpt lon="2.814548" lat="39.822220"><ele>663.75</ele></trkpt>
   <trkpt lon="2.814529" lat="39.822174"><ele>664.0</ele></trkpt>
   <trkpt lon="2.814525" lat="39.822127"><ele>663.5</ele></trkpt>
   <trkpt lon="2.814530" lat="39.822075"><ele>663.0</ele></trkpt>
   <trkpt lon="2.814564" lat="39.821927"><ele>659.5</ele></trkpt>
   <trkpt lon="2.814570" lat="39.821826"><ele>658.0</ele></trkpt>
   <trkpt lon="2.814561" lat="39.821776"><ele>657.75</ele></trkpt>
   <trkpt lon="2.814543" lat="39.821730"><ele>657.75</ele></trkpt>
   <trkpt lon="2.814447" lat="39.821539"><ele>657.0</ele></trkpt>
   <trkpt lon="2.814414" lat="39.821433"><ele>655.75</ele></trkpt>
   <trkpt lon="2.814402" lat="39.821277"><ele>653.25</ele></trkpt>
   <trkpt lon="2.814375" lat="39.821082"><ele>651.0</ele></trkpt>
   <trkpt lon="2.814357" lat="39.820992"><ele>650.5</ele></trkpt>
   <trkpt lon="2.814276" lat="39.820733"><ele>651.0</ele></trkpt>
   <trkpt lon="2.814268" lat="39.820687"><ele>651.0</ele></trkpt>
   <trkpt lon="2.814278" lat="39.820608"><ele>650.25</ele></trkpt>
   <trkpt lon="2.814298" lat="39.820579"><ele>649.75</ele></trkpt>
   <trkpt lon="2.814330" lat="39.820555"><ele>648.75</ele></trkpt>
   <trkpt lon="2.814376" lat="39.820535"><ele>647.5</ele></trkpt>
   <trkpt lon="2.814425" lat="39.820531"><ele>646.0</ele></trkpt>
   <trkpt lon="2.814469" lat="39.820535"><ele>645.0</ele></trkpt>
   <trkpt lon="2.814513" lat="39.820547"><ele>644.25</ele></trkpt>
   <trkpt lon="2.814551" lat="39.820571"><ele>643.5</ele></trkpt>
   <trkpt lon="2.814578" lat="39.820599"><ele>642.75</ele></trkpt>
   <trkpt lon="2.814608" lat="39.820679"><ele>641.75</ele></trkpt>
   <trkpt lon="2.814608" lat="39.820725"><ele>641.5</ele></trkpt>
   <trkpt lon="2.814578" lat="39.820909"><ele>642.25</ele></trkpt>
   <trkpt lon="2.814584" lat="39.820986"><ele>642.5</ele></trkpt>
   <trkpt lon="2.814605" lat="39.821068"><ele>641.75</ele></trkpt>
   <trkpt lon="2.814636" lat="39.821149"><ele>641.25</ele></trkpt>
   <trkpt lon="2.814730" lat="39.821290"><ele>639.25</ele></trkpt>
   <trkpt lon="2.814944" lat="39.821512"><ele>636.0</ele></trkpt>
   <trkpt lon="2.814992" lat="39.821576"><ele>635.0</ele></trkpt>
   <trkpt lon="2.815054" lat="39.821780"><ele>637.0</ele></trkpt>
   <trkpt lon="2.815073" lat="39.821820"><ele>637.25</ele></trkpt>
   <trkpt lon="2.815101" lat="39.821842"><ele>637.25</ele></trkpt>
   <trkpt lon="2.815138" lat="39.821860"><ele>636.75</ele></trkpt>
   <trkpt lon="2.815180" lat="39.821868"><ele>636.0</ele></trkpt>
   <trkpt lon="2.815220" lat="39.821861"><ele>634.75</ele></trkpt>
   <trkpt lon="2.815257" lat="39.821844"><ele>633.5</ele></trkpt>
   <trkpt lon="2.815280" lat="39.821818"><ele>632.25</ele></trkpt>
   <trkpt lon="2.815287" lat="39.821781"><ele>631.0</ele></trkpt>
   <trkpt lon="2.815280" lat="39.821739"><ele>630.0</ele></trkpt>
   <trkpt lon="2.815143" lat="39.821353"><ele>626.75</ele></trkpt>
   <trkpt lon="2.815123" lat="39.821277"><ele>626.75</ele></trkpt>
   <trkpt lon="2.815116" lat="39.821206"><ele>626.0</ele></trkpt>
   <trkpt lon="2.815128" lat="39.821067"><ele>624.75</ele></trkpt>
   <trkpt lon="2.815166" lat="39.820955"><ele>624.25</ele></trkpt>
   <trkpt lon="2.815207" lat="39.820899"><ele>623.0</ele></trkpt>
   <trkpt lon="2.815254" lat="39.820850"><ele>621.75</ele></trkpt>
   <trkpt lon="2.816033" lat="39.820234"><ele>613.0</ele></trkpt>
   <trkpt lon="2.816072" lat="39.820193"><ele>612.0</ele></trkpt>
   <trkpt lon="2.816089" lat="39.820164"><ele>611.75</ele></trkpt>
   <trkpt lon="2.816101" lat="39.820127"><ele>611.75</ele></trkpt>
   <trkpt lon="2.816103" lat="39.820090"><ele>611.75</ele></trkpt>
   <trkpt lon="2.816096" lat="39.820044"><ele>612.0</ele></trkpt>
   <trkpt lon="2.816077" lat="39.820003"><ele>612.5</ele></trkpt>
   <trkpt lon="2.816050" lat="39.819970"><ele>611.75</ele></trkpt>
   <trkpt lon="2.816012" lat="39.819939"><ele>611.25</ele></trkpt>
   <trkpt lon="2.815648" lat="39.819746"><ele>608.5</ele></trkpt>
   <trkpt lon="2.815543" lat="39.819677"><ele>607.75</ele></trkpt>
   <trkpt lon="2.815381" lat="39.819546"><ele>606.0</ele></trkpt>
   <trkpt lon="2.815275" lat="39.819420"><ele>604.5</ele></trkpt>
   <trkpt lon="2.815235" lat="39.819344"><ele>604.0</ele></trkpt>
   <trkpt lon="2.815165" lat="39.819083"><ele>602.25</ele></trkpt>
   <trkpt lon="2.815146" lat="39.818934"><ele>600.0</ele></trkpt>
   <trkpt lon="2.815149" lat="39.818881"><ele>599.25</ele></trkpt>
   <trkpt lon="2.815160" lat="39.818838"><ele>600.0</ele></trkpt>
   <trkpt lon="2.815179" lat="39.818807"><ele>600.25</ele></trkpt>
   <trkpt lon="2.815210" lat="39.818781"><ele>600.25</ele></trkpt>
   <trkpt lon="2.815258" lat="39.818752"><ele>600.25</ele></trkpt>
   <trkpt lon="2.815317" lat="39.818733"><ele>599.75</ele></trkpt>
   <trkpt lon="2.815952" lat="39.818689"><ele>594.25</ele></trkpt>
   <trkpt lon="2.816105" lat="39.818673"><ele>593.25</ele></trkpt>
   <trkpt lon="2.816303" lat="39.818641"><ele>591.25</ele></trkpt>
   <trkpt lon="2.817129" lat="39.818452"><ele>588.0</ele></trkpt>
   <trkpt lon="2.817533" lat="39.818358"><ele>583.5</ele></trkpt>
   <trkpt lon="2.817797" lat="39.818273"><ele>581.25</ele></trkpt>
   <trkpt lon="2.819305" lat="39.817687"><ele>572.25</ele></trkpt>
   <trkpt lon="2.819441" lat="39.817641"><ele>571.75</ele></trkpt>
   <trkpt lon="2.819591" lat="39.817609"><ele>571.25</ele></trkpt>
   <trkpt lon="2.820502" lat="39.817489"><ele>567.0</ele></trkpt>
   <trkpt lon="2.820639" lat="39.817462"><ele>566.25</ele></trkpt>
   <trkpt lon="2.820745" lat="39.817432"><ele>565.75</ele></trkpt>
   <trkpt lon="2.820838" lat="39.817395"><ele>565.75</ele></trkpt>
   <trkpt lon="2.820923" lat="39.817351"><ele>565.5</ele></trkpt>
   <trkpt lon="2.820992" lat="39.817304"><ele>565.5</ele></trkpt>
   <trkpt lon="2.821667" lat="39.816718"><ele>561.25</ele></trkpt>
   <trkpt lon="2.821746" lat="39.816638"><ele>561.75</ele></trkpt>
   <trkpt lon="2.822073" lat="39.816228"><ele>562.75</ele></trkpt>
   <trkpt lon="2.822106" lat="39.816172"><ele>563.0</ele></trkpt>
   <trkpt lon="2.822124" lat="39.816122"><ele>563.75</ele></trkpt>
   <trkpt lon="2.822135" lat="39.816074"><ele>563.0</ele></trkpt>
   <trkpt lon="2.822130" lat="39.816024"><ele>562.25</ele></trkpt>
   <trkpt lon="2.822117" lat="39.815984"><ele>561.75</ele></trkpt>
   <trkpt lon="2.821995" lat="39.815799"><ele>562.25</ele></trkpt>
   <trkpt lon="2.821967" lat="39.815743"><ele>562.5</ele></trkpt>
   <trkpt lon="2.821956" lat="39.815695"><ele>562.5</ele></trkpt>
   <trkpt lon="2.821964" lat="39.815594"><ele>561.75</ele></trkpt>
   <trkpt lon="2.822008" lat="39.815496"><ele>561.25</ele></trkpt>
   <trkpt lon="2.822039" lat="39.815452"><ele>561.25</ele></trkpt>
   <trkpt lon="2.822261" lat="39.815280"><ele>560.75</ele><sym>pass_place</sym><type>Shaping</type></trkpt>
   <trkpt lon="2.822262" lat="39.815280"><ele>560.5</ele></trkpt>
   <trkpt lon="2.822442" lat="39.815158"><ele>559.25</ele></trkpt>
   <trkpt lon="2.822473" lat="39.815145"><ele>559.25</ele></trkpt>
   <trkpt lon="2.822514" lat="39.815138"><ele>559.25</ele></trkpt>
   <trkpt lon="2.822555" lat="39.815140"><ele>560.25</ele></trkpt>
   <trkpt lon="2.822597" lat="39.815154"><ele>561.0</ele></trkpt>
   <trkpt lon="2.822700" lat="39.815222"><ele>561.25</ele></trkpt>
   <trkpt lon="2.822844" lat="39.815336"><ele>561.0</ele></trkpt>
   <trkpt lon="2.823459" lat="39.815896"><ele>560.25</ele></trkpt>
   <trkpt lon="2.823599" lat="39.816007"><ele>560.5</ele></trkpt>
   <trkpt lon="2.823853" lat="39.816131"><ele>560.25</ele></trkpt>
   <trkpt lon="2.823894" lat="39.816141"><ele>560.25</ele></trkpt>
   <trkpt lon="2.823954" lat="39.816137"><ele>560.25</ele></trkpt>
   <trkpt lon="2.824000" lat="39.816113"><ele>560.5</ele></trkpt>
   <trkpt lon="2.824018" lat="39.816091"><ele>561.0</ele></trkpt>
   <trkpt lon="2.824050" lat="39.816049"><ele>562.5</ele><sym>left</sym></trkpt>
   <trkpt lon="2.824169" lat="39.816093"><ele>560.5</ele></trkpt>
   <trkpt lon="2.824382" lat="39.816111"><ele>559.0</ele></trkpt>
   <trkpt lon="2.824477" lat="39.816103"><ele>558.75</ele></trkpt>
   <trkpt lon="2.824583" lat="39.816072"><ele>558.25</ele></trkpt>
   <trkpt lon="2.824628" lat="39.816050"><ele>558.25</ele></trkpt>
   <trkpt lon="2.824770" lat="39.815961"><ele>557.0</ele></trkpt>
   <trkpt lon="2.825143" lat="39.815590"><ele>552.75</ele></trkpt>
   <trkpt lon="2.825244" lat="39.815472"><ele>551.25</ele></trkpt>
   <trkpt lon="2.825473" lat="39.815100"><ele>550.25</ele></trkpt>
   <trkpt lon="2.825530" lat="39.815034"><ele>548.75</ele></trkpt>
   <trkpt lon="2.825599" lat="39.814972"><ele>548.25</ele></trkpt>
   <trkpt lon="2.825735" lat="39.814902"><ele>548.0</ele></trkpt>
   <trkpt lon="2.825847" lat="39.814871"><ele>547.75</ele></trkpt>
   <trkpt lon="2.825958" lat="39.814872"><ele>547.5</ele></trkpt>
   <trkpt lon="2.826075" lat="39.814893"><ele>547.25</ele></trkpt>
   <trkpt lon="2.826252" lat="39.814956"><ele>547.25</ele></trkpt>
   <trkpt lon="2.826520" lat="39.815092"><ele>546.0</ele></trkpt>
   <trkpt lon="2.826746" lat="39.815215"><ele>544.75</ele></trkpt>
   <trkpt lon="2.826985" lat="39.815370"><ele>540.0</ele></trkpt>
   <trkpt lon="2.827119" lat="39.815483"><ele>539.75</ele></trkpt>
   <trkpt lon="2.827401" lat="39.815766"><ele>537.75</ele></trkpt>
   <trkpt lon="2.827520" lat="39.815852"><ele>538.0</ele></trkpt>
   <trkpt lon="2.827619" lat="39.815908"><ele>536.25</ele></trkpt>
   <trkpt lon="2.827749" lat="39.815945"><ele>536.5</ele></trkpt>
   <trkpt lon="2.827971" lat="39.815985"><ele>536.25</ele></trkpt>
   <trkpt lon="2.828282" lat="39.816023"><ele>536.25</ele></trkpt>
   <trkpt lon="2.829742" lat="39.816230"><ele>530.5</ele></trkpt>
   <trkpt lon="2.829800" lat="39.816279"><ele>529.75</ele></trkpt>
   <trkpt lon="2.829832" lat="39.816357"><ele>527.75</ele></trkpt>
   <trkpt lon="2.829858" lat="39.816440"><ele>528.0</ele></trkpt>
   <trkpt lon="2.829861" lat="39.816525"><ele>529.25</ele></trkpt>
   <trkpt lon="2.829832" lat="39.816621"><ele>530.0</ele></trkpt>
   <trkpt lon="2.829735" lat="39.816751"><ele>530.5</ele></trkpt>
   <trkpt lon="2.829545" lat="39.816937"><ele>531.25</ele></trkpt>
   <trkpt lon="2.828918" lat="39.817555"><ele>536.5</ele></trkpt>
   <trkpt lon="2.828762" lat="39.817724"><ele>536.25</ele></trkpt>
   <trkpt lon="2.828728" lat="39.817813"><ele>536.5</ele></trkpt>
   <trkpt lon="2.828734" lat="39.817910"><ele>536.75</ele></trkpt>
   <trkpt lon="2.828755" lat="39.817975"><ele>537.5</ele></trkpt>
   <trkpt lon="2.828806" lat="39.818054"><ele>538.75</ele></trkpt>
   <trkpt lon="2.828944" lat="39.818196"><ele>540.25</ele></trkpt>
   <trkpt lon="2.829040" lat="39.818261"><ele>541.5</ele></trkpt>
   <trkpt lon="2.829128" lat="39.818288"><ele>543.0</ele></trkpt>
   <trkpt lon="2.829574" lat="39.818368"><ele>546.75</ele></trkpt>
   <trkpt lon="2.829747" lat="39.818415"><ele>548.5</ele></trkpt>
   <trkpt lon="2.829837" lat="39.818451"><ele>549.5</ele><sym>left_slight</sym></trkpt>
   <trkpt lon="2.829882" lat="39.818521"><ele>550.0</ele></trkpt>
   <trkpt lon="2.829887" lat="39.818594"><ele>549.5</ele></trkpt>
   <trkpt lon="2.829857" lat="39.818660"><ele>549.75</ele></trkpt>
   <trkpt lon="2.829806" lat="39.818757"><ele>550.5</ele></trkpt>
   <trkpt lon="2.829578" lat="39.818957"><ele>548.75</ele></trkpt>
   <trkpt lon="2.829514" lat="39.819030"><ele>548.25</ele></trkpt>
   <trkpt lon="2.829505" lat="39.819107"><ele>549.25</ele></trkpt>
   <trkpt lon="2.829534" lat="39.819168"><ele>551.25</ele></trkpt>
   <trkpt lon="2.829650" lat="39.819306"><ele>553.25</ele></trkpt>
   <trkpt lon="2.829871" lat="39.819500"><ele>555.0</ele></trkpt>
   <trkpt lon="2.830009" lat="39.819650"><ele>556.0</ele></trkpt>
   <trkpt lon="2.830063" lat="39.819795"><ele>556.5</ele></trkpt>
   <trkpt lon="2.830078" lat="39.820004"><ele>557.5</ele></trkpt>
   <trkpt lon="2.830050" lat="39.820174"><ele>558.0</ele></trkpt>
   <trkpt lon="2.830014" lat="39.820316"><ele>558.5</ele></trkpt>
   <trkpt lon="2.829948" lat="39.820488"><ele>559.75</ele></trkpt>
   <trkpt lon="2.829848" lat="39.820625"><ele>560.25</ele></trkpt>
   <trkpt lon="2.829755" lat="39.820693"><ele>560.5</ele></trkpt>
   <trkpt lon="2.829612" lat="39.820770"><ele>561.25</ele></trkpt>
   <trkpt lon="2.829460" lat="39.820819"><ele>561.5</ele></trkpt>
   <trkpt lon="2.829118" lat="39.820905"><ele>561.25</ele></trkpt>
   <trkpt lon="2.828946" lat="39.820962"><ele>560.5</ele></trkpt>
   <trkpt lon="2.828842" lat="39.821030"><ele>560.5</ele></trkpt>
   <trkpt lon="2.828775" lat="39.821088"><ele>560.25</ele></trkpt>
   <trkpt lon="2.828673" lat="39.821235"><ele>560.75</ele></trkpt>
   <trkpt lon="2.828372" lat="39.821579"><ele>561.25</ele></trkpt>
   <trkpt lon="2.828253" lat="39.821664"><ele>561.25</ele></trkpt>
   <trkpt lon="2.828139" lat="39.821689"><ele>560.5</ele></trkpt>
   <trkpt lon="2.828033" lat="39.821690"><ele>559.0</ele></trkpt>
   <trkpt lon="2.827796" lat="39.821664"><ele>558.75</ele></trkpt>
   <trkpt lon="2.827730" lat="39.821674"><ele>557.75</ele></trkpt>
   <trkpt lon="2.827675" lat="39.821716"><ele>557.5</ele></trkpt>
   <trkpt lon="2.827652" lat="39.821779"><ele>558.5</ele></trkpt>
   <trkpt lon="2.827594" lat="39.822073"><ele>561.25</ele></trkpt>
   <trkpt lon="2.827508" lat="39.822251"><ele>556.0</ele></trkpt>
   <trkpt lon="2.827396" lat="39.822435"><ele>556.25</ele></trkpt>
   <trkpt lon="2.827338" lat="39.822560"><ele>557.25</ele></trkpt>
   <trkpt lon="2.827311" lat="39.822652"><ele>557.5</ele></trkpt>
   <trkpt lon="2.827308" lat="39.822770"><ele>558.75</ele></trkpt>
   <trkpt lon="2.827337" lat="39.822887"><ele>559.0</ele></trkpt>
   <trkpt lon="2.827384" lat="39.823007"><ele>559.5</ele><sym>pass_place</sym><type>Shaping</type></trkpt>
   <trkpt lon="2.827528" lat="39.823262"><ele>559.5</ele></trkpt>
   <trkpt lon="2.827732" lat="39.823499"><ele>561.5</ele></trkpt>
   <trkpt lon="2.827943" lat="39.823680"><ele>564.25</ele></trkpt>
   <trkpt lon="2.828442" lat="39.824108"><ele>565.25</ele></trkpt>
   <trkpt lon="2.829089" lat="39.824749"><ele>568.0</ele></trkpt>
   <trkpt lon="2.829193" lat="39.824880"><ele>569.0</ele></trkpt>
   <trkpt lon="2.829304" lat="39.825140"><ele>568.75</ele></trkpt>
   <trkpt lon="2.829370" lat="39.825240"><ele>570.0</ele></trkpt>
   <trkpt lon="2.829497" lat="39.825490"><ele>572.25</ele></trkpt>
   <trkpt lon="2.829562" lat="39.825724"><ele>572.25</ele></trkpt>
   <trkpt lon="2.829599" lat="39.825902"><ele>572.25</ele></trkpt>
   <trkpt lon="2.829652" lat="39.826084"><ele>573.0</ele></trkpt>
   <trkpt lon="2.829713" lat="39.826214"><ele>573.5</ele></trkpt>
   <trkpt lon="2.829925" lat="39.826533"><ele>574.5</ele></trkpt>
   <trkpt lon="2.829997" lat="39.826607"><ele>574.75</ele></trkpt>
   <trkpt lon="2.830596" lat="39.827107"><ele>578.0</ele></trkpt>
   <trkpt lon="2.831291" lat="39.827599"><ele>575.75</ele></trkpt>
   <trkpt lon="2.831529" lat="39.827749"><ele>575.75</ele></trkpt>
   <trkpt lon="2.831668" lat="39.827793"><ele>576.75</ele></trkpt>
   <trkpt lon="2.831764" lat="39.827812"><ele>576.75</ele></trkpt>
   <trkpt lon="2.832413" lat="39.827890"><ele>582.0</ele></trkpt>
   <trkpt lon="2.832867" lat="39.828014"><ele>585.5</ele></trkpt>
   <trkpt lon="2.833164" lat="39.828101"><ele>587.5</ele></trkpt>
   <trkpt lon="2.833371" lat="39.828185"><ele>588.0</ele></trkpt>
   <trkpt lon="2.833686" lat="39.828348"><ele>587.0</ele></trkpt>
   <trkpt lon="2.833916" lat="39.828401"><ele>588.25</ele></trkpt>
   <trkpt lon="2.834142" lat="39.828435"><ele>591.0</ele></trkpt>
   <trkpt lon="2.834228" lat="39.828442"><ele>591.25</ele></trkpt>
   <trkpt lon="2.834365" lat="39.828428"><ele>592.25</ele></trkpt>
   <trkpt lon="2.835249" lat="39.828211"><ele>600.0</ele></trkpt>
   <trkpt lon="2.835559" lat="39.828165"><ele>602.25</ele></trkpt>
   <trkpt lon="2.835900" lat="39.828158"><ele>601.0</ele></trkpt>
   <trkpt lon="2.836156" lat="39.828184"><ele>601.75</ele></trkpt>
   <trkpt lon="2.836409" lat="39.828272"><ele>603.25</ele></trkpt>
   <trkpt lon="2.836535" lat="39.828332"><ele>604.25</ele></trkpt>
   <trkpt lon="2.836789" lat="39.828482"><ele>605.75</ele></trkpt>
   <trkpt lon="2.836922" lat="39.828578"><ele>605.25</ele></trkpt>
   <trkpt lon="2.837027" lat="39.828616"><ele>604.5</ele></trkpt>
   <trkpt lon="2.837167" lat="39.828640"><ele>602.5</ele></trkpt>
   <trkpt lon="2.837220" lat="39.828646"><ele>602.5</ele></trkpt>
   <trkpt lon="2.837308" lat="39.828645"><ele>603.0</ele></trkpt>
   <trkpt lon="2.837421" lat="39.828632"><ele>605.25</ele></trkpt>
   <trkpt lon="2.837654" lat="39.828568"><ele>608.25</ele></trkpt>
   <trkpt lon="2.838020" lat="39.828445"><ele>606.75</ele></trkpt>
   <trkpt lon="2.838092" lat="39.828402"><ele>606.5</ele></trkpt>
   <trkpt lon="2.838158" lat="39.828314"><ele>607.0</ele></trkpt>
   <trkpt lon="2.838383" lat="39.827857"><ele>605.0</ele></trkpt>
   <trkpt lon="2.838615" lat="39.827500"><ele>606.75</ele></trkpt>
   <trkpt lon="2.838823" lat="39.827204"><ele>609.5</ele></trkpt>
   <trkpt lon="2.838881" lat="39.827061"><ele>609.5</ele></trkpt>
   <trkpt lon="2.838917" lat="39.826924"><ele>609.75</ele></trkpt>
   <trkpt lon="2.839078" lat="39.826308"><ele>611.75</ele></trkpt>
   <trkpt lon="2.839135" lat="39.826124"><ele>613.0</ele></trkpt>
   <trkpt lon="2.839168" lat="39.826056"><ele>613.25</ele></trkpt>
   <trkpt lon="2.839224" lat="39.825990"><ele>613.75</ele></trkpt>
   <trkpt lon="2.839360" lat="39.825887"><ele>614.5</ele></trkpt>
   <trkpt lon="2.839446" lat="39.825854"><ele>614.75</ele></trkpt>
   <trkpt lon="2.839520" lat="39.825835"><ele>615.25</ele></trkpt>
   <trkpt lon="2.839635" lat="39.825821"><ele>616.0</ele></trkpt>
   <trkpt lon="2.839776" lat="39.825809"><ele>617.0</ele></trkpt>
   <trkpt lon="2.840431" lat="39.825785"><ele>620.5</ele></trkpt>
   <trkpt lon="2.840857" lat="39.825776"><ele>622.75</ele></trkpt>
   <trkpt lon="2.841095" lat="39.825800"><ele>622.5</ele></trkpt>
   <trkpt lon="2.841490" lat="39.825858"><ele>626.5</ele></trkpt>
   <trkpt lon="2.841522" lat="39.825896"><ele>627.0</ele></trkpt>
   <trkpt lon="2.841531" lat="39.825939"><ele>627.0</ele></trkpt>
   <trkpt lon="2.841505" lat="39.826001"><ele>626.25</ele></trkpt>
   <trkpt lon="2.841423" lat="39.826093"><ele>624.5</ele></trkpt>
   <trkpt lon="2.841345" lat="39.826221"><ele>623.0</ele></trkpt>
   <trkpt lon="2.841329" lat="39.826276"><ele>622.5</ele></trkpt>
   <trkpt lon="2.841342" lat="39.826332"><ele>623.5</ele></trkpt>
   <trkpt lon="2.841380" lat="39.826370"><ele>625.5</ele><sym>pass_place</sym><type>Shaping</type></trkpt>
   <trkpt lon="2.841385" lat="39.826375"><ele>625.5</ele></trkpt>
   <trkpt lon="2.841497" lat="39.826432"><ele>625.75</ele></trkpt>
   <trkpt lon="2.841736" lat="39.826523"><ele>626.0</ele></trkpt>
   <trkpt lon="2.841858" lat="39.826562"><ele>627.0</ele></trkpt>
   <trkpt lon="2.841962" lat="39.826575"><ele>628.5</ele></trkpt>
   <trkpt lon="2.842122" lat="39.826572"><ele>629.25</ele></trkpt>
   <trkpt lon="2.842541" lat="39.826543"><ele>630.0</ele></trkpt>
   <trkpt lon="2.843518" lat="39.826484"><ele>633.75</ele></trkpt>
   <trkpt lon="2.843841" lat="39.826467"><ele>633.25</ele></trkpt>
   <trkpt lon="2.844004" lat="39.826454"><ele>632.5</ele></trkpt>
   <trkpt lon="2.844830" lat="39.826330"><ele>633.0</ele></trkpt>
   <trkpt lon="2.846052" lat="39.826090"><ele>630.75</ele></trkpt>
   <trkpt lon="2.846190" lat="39.826079"><ele>631.0</ele></trkpt>
   <trkpt lon="2.846461" lat="39.826100"><ele>630.0</ele></trkpt>
   <trkpt lon="2.846997" lat="39.826158"><ele>633.25</ele></trkpt>
   <trkpt lon="2.847210" lat="39.826176"><ele>636.25</ele></trkpt>
   <trkpt lon="2.847306" lat="39.826164"><ele>636.25</ele></trkpt>
   <trkpt lon="2.847417" lat="39.826139"><ele>636.0</ele></trkpt>
   <trkpt lon="2.847564" lat="39.826086"><ele>636.0</ele></trkpt>
   <trkpt lon="2.847645" lat="39.826039"><ele>636.5</ele></trkpt>
   <trkpt lon="2.847716" lat="39.825977"><ele>636.75</ele></trkpt>
   <trkpt lon="2.847797" lat="39.825884"><ele>637.25</ele></trkpt>
   <trkpt lon="2.847916" lat="39.825701"><ele>638.25</ele></trkpt>
   <trkpt lon="2.847978" lat="39.825618"><ele>638.75</ele></trkpt>
   <trkpt lon="2.848057" lat="39.825571"><ele>638.75</ele></trkpt>
   <trkpt lon="2.849233" lat="39.825134"><ele>641.0</ele></trkpt>
   <trkpt lon="2.850090" lat="39.824921"><ele>641.5</ele></trkpt>
   <trkpt lon="2.850231" lat="39.824865"><ele>642.0</ele></trkpt>
   <trkpt lon="2.850307" lat="39.824824"><ele>641.75</ele></trkpt>
   <trkpt lon="2.850948" lat="39.824365"><ele>639.0</ele></trkpt>
   <trkpt lon="2.851227" lat="39.824138"><ele>636.5</ele></trkpt>
   <trkpt lon="2.851535" lat="39.823872"><ele>637.5</ele></trkpt>
   <trkpt lon="2.851711" lat="39.823591"><ele>638.25</ele></trkpt>
   <trkpt lon="2.851775" lat="39.823518"><ele>638.25</ele></trkpt>
   <trkpt lon="2.851871" lat="39.823439"><ele>637.75</ele></trkpt>
   <trkpt lon="2.852032" lat="39.823326"><ele>637.75</ele></trkpt>
   <trkpt lon="2.852139" lat="39.823276"><ele>638.0</ele></trkpt>
   <trkpt lon="2.852240" lat="39.823252"><ele>637.75</ele></trkpt>
   <trkpt lon="2.852386" lat="39.823234"><ele>637.0</ele></trkpt>
   <trkpt lon="2.852571" lat="39.823221"><ele>635.5</ele></trkpt>
   <trkpt lon="2.852688" lat="39.823192"><ele>634.5</ele></trkpt>
   <trkpt lon="2.852793" lat="39.823154"><ele>633.75</ele></trkpt>
   <trkpt lon="2.853019" lat="39.823048"><ele>633.5</ele></trkpt>
   <trkpt lon="2.853315" lat="39.822889"><ele>632.25</ele></trkpt>
   <trkpt lon="2.853693" lat="39.822653"><ele>633.5</ele></trkpt>
   <trkpt lon="2.853889" lat="39.822520"><ele>633.5</ele></trkpt>
   <trkpt lon="2.853975" lat="39.822485"><ele>634.75</ele></trkpt>
   <trkpt lon="2.854069" lat="39.822478"><ele>635.75</ele></trkpt>
   <trkpt lon="2.854162" lat="39.822486"><ele>635.75</ele></trkpt>
   <trkpt lon="2.854256" lat="39.822504"><ele>636.0</ele></trkpt>
   <trkpt lon="2.854382" lat="39.822538"><ele>637.75</ele></trkpt>
   <trkpt lon="2.854423" lat="39.822540"><ele>638.25</ele></trkpt>
   <trkpt lon="2.854562" lat="39.822538"><ele>638.25</ele></trkpt>
   <trkpt lon="2.854728" lat="39.822516"><ele>638.5</ele></trkpt>
   <trkpt lon="2.855471" lat="39.822372"><ele>637.75</ele></trkpt>
   <trkpt lon="2.855605" lat="39.822375"><ele>638.0</ele></trkpt>
   <trkpt lon="2.855712" lat="39.822392"><ele>638.5</ele></trkpt>
   <trkpt lon="2.855826" lat="39.822433"><ele>638.75</ele></trkpt>
   <trkpt lon="2.855908" lat="39.822489"><ele>638.5</ele></trkpt>
   <trkpt lon="2.855995" lat="39.822602"><ele>638.5</ele></trkpt>
   <trkpt lon="2.856051" lat="39.822727"><ele>639.0</ele></trkpt>
   <trkpt lon="2.856161" lat="39.823034"><ele>641.75</ele></trkpt>
   <trkpt lon="2.856354" lat="39.823480"><ele>644.25</ele></trkpt>
   <trkpt lon="2.856413" lat="39.823594"><ele>646.25</ele></trkpt>
   <trkpt lon="2.856465" lat="39.823662"><ele>646.5</ele></trkpt>
   <trkpt lon="2.856556" lat="39.823738"><ele>646.75</ele></trkpt>
   <trkpt lon="2.856686" lat="39.823818"><ele>647.5</ele></trkpt>
   <trkpt lon="2.857005" lat="39.823966"><ele>647.25</ele></trkpt>
   <trkpt lon="2.857413" lat="39.824115"><ele>647.5</ele></trkpt>
   <trkpt lon="2.857507" lat="39.824137"><ele>648.0</ele></trkpt>
   <trkpt lon="2.857735" lat="39.824150"><ele>647.5</ele></trkpt>
   <trkpt lon="2.857821" lat="39.824164"><ele>647.5</ele></trkpt>
   <trkpt lon="2.857919" lat="39.824198"><ele>647.5</ele></trkpt>
   <trkpt lon="2.858060" lat="39.824275"><ele>647.5</ele></trkpt>
   <trkpt lon="2.858650" lat="39.824646"><ele>649.0</ele></trkpt>
   <trkpt lon="2.858792" lat="39.824721"><ele>648.75</ele></trkpt>
   <trkpt lon="2.858908" lat="39.824771"><ele>649.25</ele><sym>pass_place</sym><type>Shaping</type></trkpt>
   <trkpt lon="2.858913" lat="39.824774"><ele>649.25</ele></trkpt>
   <trkpt lon="2.859037" lat="39.824801"><ele>649.25</ele></trkpt>
   <trkpt lon="2.859140" lat="39.824793"><ele>649.5</ele></trkpt>
   <trkpt lon="2.859218" lat="39.824767"><ele>649.5</ele></trkpt>
   <trkpt lon="2.860047" lat="39.824382"><ele>648.75</ele></trkpt>
   <trkpt lon="2.860981" lat="39.823927"><ele>648.0</ele></trkpt>
   <trkpt lon="2.861045" lat="39.823867"><ele>648.5</ele></trkpt>
   <trkpt lon="2.861072" lat="39.823815"><ele>648.5</ele></trkpt>
   <trkpt lon="2.861088" lat="39.823720"><ele>649.0</ele></trkpt>
   <trkpt lon="2.860999" lat="39.823451"><ele>653.25</ele></trkpt>
   <trkpt lon="2.860986" lat="39.823371"><ele>653.25</ele></trkpt>
   <trkpt lon="2.861018" lat="39.823310"><ele>653.0</ele></trkpt>
   <trkpt lon="2.861088" lat="39.823268"><ele>653.5</ele></trkpt>
   <trkpt lon="2.861195" lat="39.823241"><ele>654.25</ele></trkpt>
   <trkpt lon="2.861357" lat="39.823246"><ele>653.5</ele></trkpt>
   <trkpt lon="2.861517" lat="39.823271"><ele>654.0</ele></trkpt>
   <trkpt lon="2.861743" lat="39.823327"><ele>654.0</ele></trkpt>
   <trkpt lon="2.861834" lat="39.823344"><ele>654.0</ele></trkpt>
   <trkpt lon="2.861909" lat="39.823349"><ele>654.75</ele></trkpt>
   <trkpt lon="2.861948" lat="39.823339"><ele>655.5</ele></trkpt>
   <trkpt lon="2.861989" lat="39.823315"><ele>655.25</ele></trkpt>
   <trkpt lon="2.862121" lat="39.823201"><ele>655.75</ele></trkpt>
   <trkpt lon="2.862202" lat="39.823148"><ele>656.0</ele></trkpt>
   <trkpt lon="2.862286" lat="39.823108"><ele>657.0</ele></trkpt>
   <trkpt lon="2.862392" lat="39.823087"><ele>658.0</ele></trkpt>
   <trkpt lon="2.862534" lat="39.823083"><ele>658.5</ele></trkpt>
   <trkpt lon="2.862776" lat="39.823088"><ele>660.5</ele></trkpt>
   <trkpt lon="2.862898" lat="39.823075"><ele>660.75</ele></trkpt>
   <trkpt lon="2.862971" lat="39.823057"><ele>660.75</ele></trkpt>
   <trkpt lon="2.863057" lat="39.823023"><ele>661.25</ele></trkpt>
   <trkpt lon="2.863580" lat="39.822711"><ele>659.0</ele></trkpt>
   <trkpt lon="2.863980" lat="39.822476"><ele>660.0</ele></trkpt>
   <trkpt lon="2.864494" lat="39.822149"><ele>662.0</ele></trkpt>
   <trkpt lon="2.864674" lat="39.822052"><ele>663.0</ele></trkpt>
   <trkpt lon="2.864803" lat="39.822022"><ele>663.5</ele></trkpt>
   <trkpt lon="2.864894" lat="39.822008"><ele>664.0</ele></trkpt>
   <trkpt lon="2.865009" lat="39.822009"><ele>664.25</ele></trkpt>
   <trkpt lon="2.865181" lat="39.822052"><ele>665.5</ele></trkpt>
   <trkpt lon="2.865448" lat="39.822197"><ele>665.5</ele></trkpt>
   <trkpt lon="2.865543" lat="39.822218"><ele>666.75</ele></trkpt>
   <trkpt lon="2.865637" lat="39.822217"><ele>667.25</ele></trkpt>
   <trkpt lon="2.865701" lat="39.822204"><ele>667.75</ele></trkpt>
   <trkpt lon="2.865801" lat="39.822152"><ele>668.75</ele></trkpt>
   <trkpt lon="2.866397" lat="39.821718"><ele>669.75</ele></trkpt>
   <trkpt lon="2.866512" lat="39.821644"><ele>669.75</ele></trkpt>
   <trkpt lon="2.866646" lat="39.821581"><ele>669.25</ele></trkpt>
   <trkpt lon="2.866775" lat="39.821540"><ele>669.5</ele></trkpt>
   <trkpt lon="2.866935" lat="39.821520"><ele>669.0</ele></trkpt>
   <trkpt lon="2.867134" lat="39.821528"><ele>670.0</ele></trkpt>
   <trkpt lon="2.867262" lat="39.821545"><ele>670.25</ele></trkpt>
   <trkpt lon="2.867427" lat="39.821581"><ele>670.75</ele></trkpt>
   <trkpt lon="2.867727" lat="39.821688"><ele>671.25</ele></trkpt>
   <trkpt lon="2.867909" lat="39.821729"><ele>672.0</ele></trkpt>
   <trkpt lon="2.868694" lat="39.821859"><ele>675.0</ele></trkpt>
   <trkpt lon="2.868784" lat="39.821865"><ele>675.25</ele></trkpt>
   <trkpt lon="2.868946" lat="39.821859"><ele>676.0</ele></trkpt>
   <trkpt lon="2.869250" lat="39.821830"><ele>677.0</ele></trkpt>
   <trkpt lon="2.869433" lat="39.821798"><ele>677.5</ele></trkpt>
   <trkpt lon="2.869781" lat="39.821718"><ele>677.25</ele></trkpt>
   <trkpt lon="2.869893" lat="39.821683"><ele>677.0</ele></trkpt>
   <trkpt lon="2.870046" lat="39.821612"><ele>676.75</ele></trkpt>
   <trkpt lon="2.870249" lat="39.821502"><ele>676.0</ele></trkpt>
   <trkpt lon="2.870390" lat="39.821434"><ele>676.0</ele></trkpt>
   <trkpt lon="2.871176" lat="39.821106"><ele>674.75</ele></trkpt>
   <trkpt lon="2.872072" lat="39.820745"><ele>671.5</ele></trkpt>
   <trkpt lon="2.872302" lat="39.820636"><ele>671.0</ele></trkpt>
   <trkpt lon="2.872403" lat="39.820591"><ele>671.0</ele></trkpt>
   <trkpt lon="2.872582" lat="39.820498"><ele>671.0</ele></trkpt>
   <trkpt lon="2.872720" lat="39.820437"><ele>671.25</ele></trkpt>
   <trkpt lon="2.872885" lat="39.820398"><ele>671.75</ele></trkpt>
   <trkpt lon="2.873092" lat="39.820389"><ele>672.25</ele></trkpt>
   <trkpt lon="2.873246" lat="39.820399"><ele>672.75</ele></trkpt>
   <trkpt lon="2.873820" lat="39.820505"><ele>672.75</ele></trkpt>
   <trkpt lon="2.874284" lat="39.820642"><ele>673.25</ele></trkpt>
   <trkpt lon="2.874356" lat="39.820646"><ele>673.25</ele></trkpt>
   <trkpt lon="2.874456" lat="39.820614"><ele>673.5</ele></trkpt>
   <trkpt lon="2.874608" lat="39.820495"><ele>672.5</ele></trkpt>
   <trkpt lon="2.874711" lat="39.820399"><ele>671.5</ele></trkpt>
   <trkpt lon="2.874921" lat="39.820231"><ele>669.75</ele></trkpt>
   <trkpt lon="2.875012" lat="39.820206"><ele>669.0</ele></trkpt>
   <trkpt lon="2.875217" lat="39.820175"><ele>667.75</ele></trkpt>
   <trkpt lon="2.875451" lat="39.820148"><ele>665.75</ele></trkpt>
   <trkpt lon="2.875633" lat="39.820116"><ele>664.75</ele></trkpt>
   <trkpt lon="2.875751" lat="39.820082"><ele>664.0</ele></trkpt>
   <trkpt lon="2.876001" lat="39.819971"><ele>663.25</ele></trkpt>
   <trkpt lon="2.876218" lat="39.819841"><ele>661.75</ele></trkpt>
   <trkpt lon="2.876291" lat="39.819766"><ele>661.25</ele></trkpt>
   <trkpt lon="2.876342" lat="39.819653"><ele>661.0</ele></trkpt>
   <trkpt lon="2.876396" lat="39.819505"><ele>660.5</ele></trkpt>
   <trkpt lon="2.876444" lat="39.819321"><ele>659.0</ele><sym>pass_place</sym><type>Shaping</type></trkpt>
   <trkpt lon="2.876485" lat="39.819052"><ele>658.0</ele></trkpt>
   <trkpt lon="2.876508" lat="39.818812"><ele>658.5</ele></trkpt>
   <trkpt lon="2.876529" lat="39.818717"><ele>658.25</ele></trkpt>
   <trkpt lon="2.876568" lat="39.818614"><ele>657.5</ele></trkpt>
   <trkpt lon="2.876649" lat="39.818501"><ele>657.25</ele></trkpt>
   <trkpt lon="2.876841" lat="39.818339"><ele>656.0</ele></trkpt>
   <trkpt lon="2.876975" lat="39.818269"><ele>654.5</ele></trkpt>
   <trkpt lon="2.877069" lat="39.818236"><ele>652.75</ele></trkpt>
   <trkpt lon="2.877157" lat="39.818187"><ele>651.75</ele></trkpt>
   <trkpt lon="2.877203" lat="39.818137"><ele>652.0</ele></trkpt>
   <trkpt lon="2.877227" lat="39.818087"><ele>652.5</ele></trkpt>
   <trkpt lon="2.877305" lat="39.817711"><ele>649.0</ele></trkpt>
   <trkpt lon="2.877312" lat="39.817645"><ele>648.25</ele></trkpt>
   <trkpt lon="2.877298" lat="39.817597"><ele>648.5</ele></trkpt>
   <trkpt lon="2.877255" lat="39.817515"><ele>649.0</ele></trkpt>
   <trkpt lon="2.877208" lat="39.817450"><ele>650.0</ele></trkpt>
   <trkpt lon="2.877167" lat="39.817360"><ele>650.75</ele></trkpt>
   <trkpt lon="2.877151" lat="39.817287"><ele>650.25</ele></trkpt>
   <trkpt lon="2.877159" lat="39.817178"><ele>649.25</ele></trkpt>
   <trkpt lon="2.877182" lat="39.817096"><ele>649.25</ele></trkpt>
   <trkpt lon="2.877216" lat="39.817036"><ele>649.0</ele></trkpt>
   <trkpt lon="2.877275" lat="39.816989"><ele>648.5</ele></trkpt>
   <trkpt lon="2.877372" lat="39.816962"><ele>647.25</ele></trkpt>
   <trkpt lon="2.877494" lat="39.816947"><ele>646.0</ele></trkpt>
   <trkpt lon="2.877662" lat="39.816939"><ele>645.5</ele></trkpt>
   <trkpt lon="2.877846" lat="39.816964"><ele>644.5</ele></trkpt>
   <trkpt lon="2.878152" lat="39.817065"><ele>641.0</ele></trkpt>
   <trkpt lon="2.878203" lat="39.817067"><ele>640.5</ele></trkpt>
   <trkpt lon="2.878261" lat="39.817056"><ele>640.0</ele></trkpt>
   <trkpt lon="2.878312" lat="39.816997"><ele>640.5</ele></trkpt>
   <trkpt lon="2.878317" lat="39.816957"><ele>641.0</ele></trkpt>
   <trkpt lon="2.878306" lat="39.816922"><ele>641.0</ele></trkpt>
   <trkpt lon="2.878174" lat="39.816651"><ele>640.5</ele></trkpt>
   <trkpt lon="2.878171" lat="39.816533"><ele>640.75</ele></trkpt>
   <trkpt lon="2.878189" lat="39.816450"><ele>640.0</ele></trkpt>
   <trkpt lon="2.878239" lat="39.816327"><ele>639.25</ele></trkpt>
   <trkpt lon="2.878327" lat="39.816192"><ele>638.0</ele></trkpt>
   <trkpt lon="2.878442" lat="39.816069"><ele>637.5</ele></trkpt>
   <trkpt lon="2.878512" lat="39.816012"><ele>637.25</ele></trkpt>
   <trkpt lon="2.878623" lat="39.815959"><ele>635.5</ele></trkpt>
   <trkpt lon="2.878842" lat="39.815880"><ele>632.5</ele></trkpt>
   <trkpt lon="2.879143" lat="39.815739"><ele>632.75</ele></trkpt>
   <trkpt lon="2.879256" lat="39.815700"><ele>632.75</ele></trkpt>
   <trkpt lon="2.879364" lat="39.815685"><ele>632.0</ele></trkpt>
   <trkpt lon="2.879448" lat="39.815679"><ele>631.0</ele></trkpt>
   <trkpt lon="2.879703" lat="39.815715"><ele>629.0</ele></trkpt>
   <trkpt lon="2.879846" lat="39.815745"><ele>627.75</ele></trkpt>
   <trkpt lon="2.880134" lat="39.815776"><ele>626.25</ele></trkpt>
   <trkpt lon="2.880528" lat="39.815803"><ele>624.25</ele></trkpt>
   <trkpt lon="2.880647" lat="39.815790"><ele>623.5</ele></trkpt>
   <trkpt lon="2.880736" lat="39.815761"><ele>623.25</ele></trkpt>
   <trkpt lon="2.880814" lat="39.815717"><ele>623.5</ele></trkpt>
   <trkpt lon="2.881053" lat="39.815540"><ele>622.5</ele></trkpt>
   <trkpt lon="2.881200" lat="39.815460"><ele>622.75</ele></trkpt>
   <trkpt lon="2.881313" lat="39.815406"><ele>622.75</ele></trkpt>
   <trkpt lon="2.881486" lat="39.815368"><ele>621.75</ele></trkpt>
   <trkpt lon="2.881624" lat="39.815354"><ele>620.5</ele></trkpt>
   <trkpt lon="2.881757" lat="39.815362"><ele>619.25</ele></trkpt>
   <trkpt lon="2.882326" lat="39.815497"><ele>616.25</ele></trkpt>
   <trkpt lon="2.882409" lat="39.815508"><ele>615.75</ele></trkpt>
   <trkpt lon="2.882522" lat="39.815507"><ele>615.5</ele></trkpt>
   <trkpt lon="2.882701" lat="39.815498"><ele>614.75</ele></trkpt>
   <trkpt lon="2.882943" lat="39.815498"><ele>614.0</ele></trkpt>
   <trkpt lon="2.883656" lat="39.815421"><ele>612.0</ele></trkpt>
   <trkpt lon="2.884307" lat="39.815417"><ele>606.5</ele></trkpt>
   <trkpt lon="2.884705" lat="39.815336"><ele>604.25</ele></trkpt>
   <trkpt lon="2.884780" lat="39.815325"><ele>604.25</ele></trkpt>
   <trkpt lon="2.884879" lat="39.815323"><ele>604.5</ele></trkpt>
   <trkpt lon="2.884977" lat="39.815343"><ele>603.75</ele></trkpt>
   <trkpt lon="2.885046" lat="39.815370"><ele>603.5</ele></trkpt>
   <trkpt lon="2.885528" lat="39.815638"><ele>598.75</ele></trkpt>
   <trkpt lon="2.885625" lat="39.815670"><ele>597.75</ele></trkpt>
   <trkpt lon="2.885757" lat="39.815692"><ele>596.75</ele></trkpt>
   <trkpt lon="2.885932" lat="39.815730"><ele>596.25</ele></trkpt>
   <trkpt lon="2.886061" lat="39.815776"><ele>596.0</ele></trkpt>
   <trkpt lon="2.886405" lat="39.815955"><ele>596.5</ele></trkpt>
   <trkpt lon="2.886475" lat="39.815978"><ele>595.5</ele></trkpt>
   <trkpt lon="2.886531" lat="39.815989"><ele>595.0</ele></trkpt>
   <trkpt lon="2.886602" lat="39.815981"><ele>594.5</ele></trkpt>
   <trkpt lon="2.886692" lat="39.815954"><ele>593.75</ele></trkpt>
   <trkpt lon="2.886973" lat="39.815786"><ele>592.0</ele></trkpt>
   <trkpt lon="2.887328" lat="39.815601"><ele>590.0</ele></trkpt>
   <trkpt lon="2.887586" lat="39.815504"><ele>588.25</ele></trkpt>
   <trkpt lon="2.887808" lat="39.815430"><ele>587.25</ele></trkpt>
   <trkpt lon="2.887943" lat="39.815376"><ele>586.5</ele></trkpt>
   <trkpt lon="2.888032" lat="39.815312"><ele>586.0</ele></trkpt>
   <trkpt lon="2.888186" lat="39.815175"><ele>584.75</ele></trkpt>
   <trkpt lon="2.888849" lat="39.814304"><ele>578.5</ele></trkpt>
   <trkpt lon="2.889122" lat="39.813930"><ele>577.5</ele></trkpt>
   <trkpt lon="2.889369" lat="39.813511"><ele>575.25</ele></trkpt>
   <trkpt lon="2.889468" lat="39.813337"><ele>575.0</ele><sym>left_sharp</sym></trkpt>
   <trkpt lon="2.889578" lat="39.813395"><ele>574.5</ele></trkpt>
   <trkpt lon="2.889713" lat="39.813468"><ele>573.0</ele></trkpt>
   <trkpt lon="2.890171" lat="39.813778"><ele>568.25</ele></trkpt>
   <trkpt lon="2.890319" lat="39.813883"><ele>566.5</ele></trkpt>
   <trkpt lon="2.890759" lat="39.814409"><ele>562.0</ele><sym>pass_place</sym><type>Shaping</type></trkpt>
   <trkpt lon="2.890761" lat="39.814412"><ele>562.0</ele></trkpt>
   <trkpt lon="2.890873" lat="39.814468"><ele>562.0</ele></trkpt>
   <trkpt lon="2.891028" lat="39.814523"><ele>560.75</ele></trkpt>
   <trkpt lon="2.891630" lat="39.814622"><ele>560.0</ele></trkpt>
   <trkpt lon="2.891798" lat="39.814667"><ele>559.0</ele></trkpt>
   <trkpt lon="2.892226" lat="39.814867"><ele>554.25</ele></trkpt>
   <trkpt lon="2.892561" lat="39.815029"><ele>552.5</ele></trkpt>
   <trkpt lon="2.892872" lat="39.815153"><ele>552.0</ele></trkpt>
   <trkpt lon="2.893260" lat="39.815224"><ele>549.25</ele></trkpt>
   <trkpt lon="2.893771" lat="39.815295"><ele>547.5</ele></trkpt>
   <trkpt lon="2.894761" lat="39.815453"><ele>543.0</ele></trkpt>
   <trkpt lon="2.895397" lat="39.815536"><ele>540.5</ele></trkpt>
   <trkpt lon="2.895659" lat="39.815580"><ele>539.0</ele></trkpt>
   <trkpt lon="2.896028" lat="39.815650"><ele>537.5</ele></trkpt>
   <trkpt lon="2.896211" lat="39.815724"><ele>536.75</ele></trkpt>
   <trkpt lon="2.896282" lat="39.815784"><ele>536.25</ele></trkpt>
   <trkpt lon="2.896310" lat="39.815808"><ele>536.0</ele></trkpt>
   <trkpt lon="2.896349" lat="39.815879"><ele>535.25</ele></trkpt>
   <trkpt lon="2.896380" lat="39.815977"><ele>534.25</ele></trkpt>
   <trkpt lon="2.896367" lat="39.816072"><ele>533.25</ele></trkpt>
   <trkpt lon="2.896300" lat="39.816170"><ele>532.0</ele></trkpt>
   <trkpt lon="2.896216" lat="39.816238"><ele>531.25</ele></trkpt>
   <trkpt lon="2.896067" lat="39.816304"><ele>530.75</ele></trkpt>
   <trkpt lon="2.895805" lat="39.816383"><ele>530.75</ele></trkpt>
   <trkpt lon="2.895383" lat="39.816460"><ele>528.5</ele></trkpt>
   <trkpt lon="2.895195" lat="39.816502"><ele>528.0</ele></trkpt>
   <trkpt lon="2.894260" lat="39.816687"><ele>525.25</ele></trkpt>
   <trkpt lon="2.894107" lat="39.816740"><ele>525.0</ele></trkpt>
   <trkpt lon="2.893988" lat="39.816806"><ele>524.75</ele></trkpt>
   <trkpt lon="2.893917" lat="39.816876"><ele>524.75</ele></trkpt>
   <trkpt lon="2.893892" lat="39.816912"><ele>524.75</ele></trkpt>
   <trkpt lon="2.893803" lat="39.817106"><ele>524.5</ele></trkpt>
   <trkpt lon="2.893787" lat="39.817195"><ele>524.5</ele></trkpt>
   <trkpt lon="2.893761" lat="39.817264"><ele>523.75</ele></trkpt>
   <trkpt lon="2.893729" lat="39.817296"><ele>523.0</ele></trkpt>
   <trkpt lon="2.893707" lat="39.817319"><ele>522.25</ele></trkpt>
   <trkpt lon="2.893573" lat="39.817368"><ele>520.75</ele></trkpt>
   <trkpt lon="2.892704" lat="39.817581"><ele>519.0</ele></trkpt>
   <trkpt lon="2.892585" lat="39.817626"><ele>518.5</ele></trkpt>
   <trkpt lon="2.892493" lat="39.817702"><ele>517.75</ele></trkpt>
   <trkpt lon="2.892477" lat="39.817777"><ele>516.75</ele></trkpt>
   <trkpt lon="2.892489" lat="39.817865"><ele>516.25</ele></trkpt>
   <trkpt lon="2.892547" lat="39.818070"><ele>514.75</ele></trkpt>
   <trkpt lon="2.892669" lat="39.818637"><ele>511.5</ele></trkpt>
   <trkpt lon="2.892708" lat="39.819537"><ele>505.5</ele></trkpt>
   <trkpt lon="2.892708" lat="39.819640"><ele>505.5</ele></trkpt>
   <trkpt lon="2.892694" lat="39.819715"><ele>505.5</ele></trkpt>
   <trkpt lon="2.892648" lat="39.819778"><ele>504.75</ele></trkpt>
   <trkpt lon="2.892379" lat="39.819992"><ele>503.0</ele></trkpt>
   <trkpt lon="2.892329" lat="39.820051"><ele>502.25</ele></trkpt>
   <trkpt lon="2.892284" lat="39.820129"><ele>501.25</ele></trkpt>
   <trkpt lon="2.892287" lat="39.820260"><ele>499.25</ele></trkpt>
   <trkpt lon="2.892354" lat="39.820565"><ele>495.75</ele></trkpt>
   <trkpt lon="2.892400" lat="39.820739"><ele>495.0</ele></trkpt>
   <trkpt lon="2.892456" lat="39.820792"><ele>495.0</ele><sym>left_sharp</sym></trkpt>
   <trkpt lon="2.892418" lat="39.820822"><ele>494.75</ele></trkpt>
   <trkpt lon="2.892379" lat="39.820847"><ele>494.25</ele></trkpt>
   <trkpt lon="2.892317" lat="39.820869"><ele>493.75</ele></trkpt>
   <trkpt lon="2.891194" lat="39.821195"><ele>490.5</ele></trkpt>
   <trkpt lon="2.890931" lat="39.821272"><ele>490.0</ele></trkpt>
   <trkpt lon="2.890075" lat="39.821528"><ele>487.0</ele></trkpt>
   <trkpt lon="2.889325" lat="39.821740"><ele>483.75</ele></trkpt>
   <trkpt lon="2.889059" lat="39.821790"><ele>481.5</ele></trkpt>
   <trkpt lon="2.888198" lat="39.821916"><ele>479.75</ele></trkpt>
   <trkpt lon="2.887730" lat="39.821972"><ele>478.75</ele></trkpt>
   <trkpt lon="2.887576" lat="39.821981"><ele>478.25</ele></trkpt>
   <trkpt lon="2.887477" lat="39.821973"><ele>478.0</ele><sym>right</sym></trkpt>
   <trkpt lon="2.887426" lat="39.822029"><ele>478.0</ele></trkpt>
   <trkpt lon="2.887253" lat="39.822220"><ele>477.0</ele></trkpt>
   <trkpt lon="2.886973" lat="39.822427"><ele>476.0</ele><sym>pass_place</sym><type>Shaping</type></trkpt>
   <trkpt lon="2.886895" lat="39.822446"><ele>476.0</ele></trkpt>
   <trkpt lon="2.886773" lat="39.822476"><ele>476.0</ele></trkpt>
   <trkpt lon="2.886414" lat="39.822525"><ele>475.75</ele></trkpt>
   <trkpt lon="2.885963" lat="39.822545"><ele>474.5</ele></trkpt>
   <trkpt lon="2.885899" lat="39.822538"><ele>474.25</ele></trkpt>
   <trkpt lon="2.885850" lat="39.822533"><ele>474.0</ele></trkpt>
   <trkpt lon="2.885722" lat="39.822520"><ele>474.25</ele></trkpt>
   <trkpt lon="2.885453" lat="39.822489"><ele>474.25</ele></trkpt>
   <trkpt lon="2.884874" lat="39.822397"><ele>474.25</ele><sym>u-turn_right</sym></trkpt>
   <trkpt lon="2.884869" lat="39.822396"><ele>474.25</ele><sym>pass_place</sym><type>Shaping</type></trkpt>
   <trkpt lon="2.884874" lat="39.822397"><ele>474.25</ele></trkpt>
   <trkpt lon="2.885453" lat="39.822489"><ele>474.25</ele></trkpt>
   <trkpt lon="2.885722" lat="39.822520"><ele>474.25</ele></trkpt>
   <trkpt lon="2.885850" lat="39.822533"><ele>474.0</ele></trkpt>
   <trkpt lon="2.885899" lat="39.822538"><ele>474.25</ele></trkpt>
   <trkpt lon="2.885963" lat="39.822545"><ele>474.5</ele></trkpt>
   <trkpt lon="2.886414" lat="39.822525"><ele>475.75</ele></trkpt>
   <trkpt lon="2.886773" lat="39.822476"><ele>476.0</ele></trkpt>
   <trkpt lon="2.886895" lat="39.822446"><ele>476.0</ele></trkpt>
   <trkpt lon="2.886973" lat="39.822427"><ele>476.0</ele></trkpt>
   <trkpt lon="2.887253" lat="39.822220"><ele>477.0</ele></trkpt>
   <trkpt lon="2.887426" lat="39.822029"><ele>478.0</ele></trkpt>
   <trkpt lon="2.887477" lat="39.821973"><ele>478.0</ele><sym>left_slight</sym></trkpt>
   <trkpt lon="2.887576" lat="39.821981"><ele>478.25</ele></trkpt>
   <trkpt lon="2.887730" lat="39.821972"><ele>478.75</ele></trkpt>
   <trkpt lon="2.888198" lat="39.821916"><ele>479.75</ele></trkpt>
   <trkpt lon="2.889059" lat="39.821790"><ele>481.5</ele></trkpt>
   <trkpt lon="2.889325" lat="39.821740"><ele>483.75</ele></trkpt>
   <trkpt lon="2.890075" lat="39.821528"><ele>487.0</ele></trkpt>
   <trkpt lon="2.890931" lat="39.821272"><ele>490.0</ele></trkpt>
   <trkpt lon="2.891194" lat="39.821195"><ele>490.5</ele></trkpt>
   <trkpt lon="2.892317" lat="39.820869"><ele>493.75</ele></trkpt>
   <trkpt lon="2.892379" lat="39.820847"><ele>494.25</ele></trkpt>
   <trkpt lon="2.892418" lat="39.820822"><ele>494.75</ele></trkpt>
   <trkpt lon="2.892456" lat="39.820792"><ele>495.0</ele><sym>left_slight</sym></trkpt>
   <trkpt lon="2.892537" lat="39.820803"><ele>494.75</ele></trkpt>
   <trkpt lon="2.892729" lat="39.820749"><ele>494.5</ele></trkpt>
   <trkpt lon="2.893149" lat="39.820606"><ele>494.75</ele></trkpt>
   <trkpt lon="2.893616" lat="39.820508"><ele>496.0</ele></trkpt>
   <trkpt lon="2.893774" lat="39.820504"><ele>496.5</ele></trkpt>
   <trkpt lon="2.893911" lat="39.820516"><ele>497.0</ele></trkpt>
   <trkpt lon="2.894121" lat="39.820560"><ele>497.75</ele></trkpt>
   <trkpt lon="2.894239" lat="39.820611"><ele>498.25</ele></trkpt>
   <trkpt lon="2.894418" lat="39.820687"><ele>499.75</ele></trkpt>
   <trkpt lon="2.894507" lat="39.820734"><ele>500.75</ele></trkpt>
   <trkpt lon="2.896342" lat="39.822087"><ele>511.5</ele></trkpt>
   <trkpt lon="2.897593" lat="39.822994"><ele>515.25</ele></trkpt>
   <trkpt lon="2.898234" lat="39.823490"><ele>517.0</ele></trkpt>
   <trkpt lon="2.898520" lat="39.823744"><ele>518.0</ele></trkpt>
   <trkpt lon="2.898783" lat="39.824007"><ele>519.25</ele></trkpt>
   <trkpt lon="2.899176" lat="39.824477"><ele>522.75</ele></trkpt>
   <trkpt lon="2.899631" lat="39.825086"><ele>525.25</ele></trkpt>
   <trkpt lon="2.899904" lat="39.825514"><ele>524.75</ele></trkpt>
   <trkpt lon="2.899958" lat="39.825755"><ele>526.75</ele></trkpt>
   <trkpt lon="2.899953" lat="39.825901"><ele>528.0</ele></trkpt>
   <trkpt lon="2.899945" lat="39.826124"><ele>530.5</ele></trkpt>
   <trkpt lon="2.899884" lat="39.826601"><ele>532.25</ele></trkpt>
   <trkpt lon="2.899829" lat="39.826868"><ele>532.75</ele></trkpt>
   <trkpt lon="2.899706" lat="39.827023"><ele>534.0</ele></trkpt>
   <trkpt lon="2.899577" lat="39.827122"><ele>534.75</ele></trkpt>
   <trkpt lon="2.899123" lat="39.827299"><ele>537.5</ele><sym>pass_place</sym><type>Shaping</type></trkpt>
   <trkpt lon="2.898421" lat="39.827584"><ele>540.5</ele></trkpt>
   <trkpt lon="2.898204" lat="39.827678"><ele>541.25</ele></trkpt>
   <trkpt lon="2.898121" lat="39.827731"><ele>542.0</ele></trkpt>
   <trkpt lon="2.898058" lat="39.827797"><ele>543.0</ele></trkpt>
   <trkpt lon="2.898026" lat="39.827841"><ele>542.5</ele></trkpt>
   <trkpt lon="2.897972" lat="39.827963"><ele>541.75</ele></trkpt>
   <trkpt lon="2.897965" lat="39.828028"><ele>541.75</ele></trkpt>
   <trkpt lon="2.897981" lat="39.828122"><ele>542.75</ele></trkpt>
   <trkpt lon="2.898140" lat="39.828735"><ele>548.0</ele></trkpt>
   <trkpt lon="2.898146" lat="39.828830"><ele>548.25</ele></trkpt>
   <trkpt lon="2.898133" lat="39.828902"><ele>548.75</ele></trkpt>
   <trkpt lon="2.898097" lat="39.828980"><ele>550.5</ele></trkpt>
   <trkpt lon="2.898043" lat="39.829052"><ele>551.75</ele></trkpt>
   <trkpt lon="2.898009" lat="39.829085"><ele>552.25</ele></trkpt>
   <trkpt lon="2.897919" lat="39.829152"><ele>553.5</ele></trkpt>
   <trkpt lon="2.897650" lat="39.829308"><ele>554.5</ele></trkpt>
   <trkpt lon="2.897559" lat="39.829359"><ele>554.75</ele></trkpt>
   <trkpt lon="2.896498" lat="39.829965"><ele>558.25</ele></trkpt>
   <trkpt lon="2.896210" lat="39.830127"><ele>558.5</ele></trkpt>
   <trkpt lon="2.896032" lat="39.830235"><ele>559.5</ele></trkpt>
   <trkpt lon="2.895926" lat="39.830323"><ele>561.0</ele></trkpt>
   <trkpt lon="2.895860" lat="39.830394"><ele>561.25</ele></trkpt>
   <trkpt lon="2.895778" lat="39.830531"><ele>562.0</ele></trkpt>
   <trkpt lon="2.895717" lat="39.830720"><ele>562.0</ele></trkpt>
   <trkpt lon="2.895652" lat="39.831086"><ele>560.25</ele></trkpt>
   <trkpt lon="2.895601" lat="39.831486"><ele>561.75</ele></trkpt>
   <trkpt lon="2.895613" lat="39.831650"><ele>561.25</ele></trkpt>
   <trkpt lon="2.895644" lat="39.831848"><ele>560.75</ele></trkpt>
   <trkpt lon="2.895727" lat="39.832222"><ele>561.5</ele></trkpt>
   <trkpt lon="2.895893" lat="39.833054"><ele>554.75</ele></trkpt>
   <trkpt lon="2.895933" lat="39.833352"><ele>553.5</ele></trkpt>
   <trkpt lon="2.895926" lat="39.833436"><ele>553.25</ele></trkpt>
   <trkpt lon="2.895903" lat="39.833726"><ele>551.5</ele></trkpt>
   <trkpt lon="2.895844" lat="39.834413"><ele>546.0</ele></trkpt>
   <trkpt lon="2.895859" lat="39.834560"><ele>545.25</ele></trkpt>
   <trkpt lon="2.895904" lat="39.834690"><ele>544.5</ele></trkpt>
   <trkpt lon="2.896690" lat="39.835435"><ele>539.25</ele></trkpt>
   <trkpt lon="2.896795" lat="39.835611"><ele>538.0</ele></trkpt>
   <trkpt lon="2.897058" lat="39.836407"><ele>536.25</ele></trkpt>
   <trkpt lon="2.897078" lat="39.836470"><ele>536.5</ele></trkpt>
   <trkpt lon="2.897324" lat="39.837124"><ele>535.5</ele></trkpt>
   <trkpt lon="2.897356" lat="39.837404"><ele>535.0</ele></trkpt>
   <trkpt lon="2.897287" lat="39.837756"><ele>528.5</ele></trkpt>
   <trkpt lon="2.896884" lat="39.839076"><ele>519.5</ele></trkpt>
   <trkpt lon="2.896815" lat="39.839296"><ele>520.0</ele></trkpt>
   <trkpt lon="2.896446" lat="39.840468"><ele>515.5</ele></trkpt>
   <trkpt lon="2.896171" lat="39.841381"><ele>499.25</ele></trkpt>
   <trkpt lon="2.896159" lat="39.841425"><ele>499.75</ele></trkpt>
   <trkpt lon="2.895444" lat="39.843790"><ele>517.5</ele><sym>pass_place</sym><type>Shaping</type></trkpt>
   <trkpt lon="2.895443" lat="39.843794"><ele>517.5</ele></trkpt>
   <trkpt lon="2.895414" lat="39.843893"><ele>518.0</ele></trkpt>
   <trkpt lon="2.894852" lat="39.845804"><ele>518.75</ele></trkpt>
   <trkpt lon="2.894856" lat="39.845946"><ele>518.25</ele></trkpt>
   <trkpt lon="2.894910" lat="39.846146"><ele>518.75</ele></trkpt>
   <trkpt lon="2.895002" lat="39.846331"><ele>519.25</ele></trkpt>
   <trkpt lon="2.895152" lat="39.846589"><ele>520.25</ele></trkpt>
   <trkpt lon="2.895468" lat="39.847100"><ele>518.75</ele></trkpt>
   <trkpt lon="2.896258" lat="39.848137"><ele>515.75</ele></trkpt>
   <trkpt lon="2.896342" lat="39.848264"><ele>515.25</ele></trkpt>
   <trkpt lon="2.896401" lat="39.848560"><ele>512.75</ele></trkpt>
   <trkpt lon="2.896546" lat="39.849835"><ele>509.0</ele></trkpt>
   <trkpt lon="2.896670" lat="39.850765"><ele>513.0</ele></trkpt>
   <trkpt lon="2.896896" lat="39.851599"><ele>510.25</ele></trkpt>
   <trkpt lon="2.897280" lat="39.852721"><ele>517.75</ele></trkpt>
   <trkpt lon="2.897576" lat="39.853272"><ele>519.5</ele></trkpt>
   <trkpt lon="2.897787" lat="39.853646"><ele>519.5</ele></trkpt>
   <trkpt lon="2.897912" lat="39.853782"><ele>519.25</ele></trkpt>
   <trkpt lon="2.898091" lat="39.853912"><ele>519.75</ele></trkpt>
   <trkpt lon="2.899814" lat="39.854884"><ele>527.5</ele></trkpt>
   <trkpt lon="2.900057" lat="39.855021"><ele>530.25</ele></trkpt>
   <trkpt lon="2.901060" lat="39.855587"><ele>537.5</ele></trkpt>
   <trkpt lon="2.901659" lat="39.855934"><ele>537.75</ele></trkpt>
   <trkpt lon="2.902014" lat="39.856101"><ele>535.75</ele></trkpt>
   <trkpt lon="2.902201" lat="39.856129"><ele>535.0</ele></trkpt>
   <trkpt lon="2.902476" lat="39.856147"><ele>534.0</ele></trkpt>
   <trkpt lon="2.902948" lat="39.856164"><ele>531.75</ele></trkpt>
   <trkpt lon="2.903151" lat="39.856153"><ele>530.5</ele></trkpt>
   <trkpt lon="2.903400" lat="39.856116"><ele>528.5</ele></trkpt>
   <trkpt lon="2.903687" lat="39.856033"><ele>526.5</ele></trkpt>
   <trkpt lon="2.903876" lat="39.855952"><ele>524.75</ele></trkpt>
   <trkpt lon="2.903977" lat="39.855876"><ele>523.5</ele></trkpt>
   <trkpt lon="2.904090" lat="39.855759"><ele>522.0</ele></trkpt>
   <trkpt lon="2.904149" lat="39.855624"><ele>521.75</ele><sym>pass_place</sym><type>Shaping</type></trkpt>
   <trkpt lon="2.904230" lat="39.855114"><ele>519.25</ele></trkpt>
   <trkpt lon="2.904289" lat="39.855022"><ele>518.5</ele></trkpt>
   <trkpt lon="2.904386" lat="39.854941"><ele>518.5</ele></trkpt>
   <trkpt lon="2.904579" lat="39.854819"><ele>516.25</ele></trkpt>
   <trkpt lon="2.904955" lat="39.854551"><ele>513.5</ele></trkpt>
   <trkpt lon="2.905087" lat="39.854507"><ele>512.75</ele></trkpt>
   <trkpt lon="2.905271" lat="39.854478"><ele>511.75</ele></trkpt>
   <trkpt lon="2.905657" lat="39.854452"><ele>509.75</ele></trkpt>
   <trkpt lon="2.905850" lat="39.854412"><ele>508.5</ele></trkpt>
   <trkpt lon="2.905981" lat="39.854361"><ele>507.25</ele></trkpt>
   <trkpt lon="2.906204" lat="39.854224"><ele>505.75</ele></trkpt>
   <trkpt lon="2.906356" lat="39.854136"><ele>504.5</ele></trkpt>
   <trkpt lon="2.906574" lat="39.854048"><ele>503.25</ele></trkpt>
   <trkpt lon="2.906712" lat="39.854020"><ele>501.5</ele></trkpt>
   <trkpt lon="2.906854" lat="39.854018"><ele>500.25</ele></trkpt>
   <trkpt lon="2.907042" lat="39.854060"><ele>499.25</ele></trkpt>
   <trkpt lon="2.907514" lat="39.854215"><ele>495.75</ele></trkpt>
   <trkpt lon="2.907759" lat="39.854335"><ele>493.75</ele></trkpt>
   <trkpt lon="2.907869" lat="39.854415"><ele>492.0</ele></trkpt>
   <trkpt lon="2.908551" lat="39.855172"><ele>487.0</ele></trkpt>
   <trkpt lon="2.909092" lat="39.855724"><ele>485.25</ele></trkpt>
   <trkpt lon="2.909926" lat="39.856475"><ele>483.75</ele></trkpt>
   <trkpt lon="2.910195" lat="39.856734"><ele>481.0</ele></trkpt>
   <trkpt lon="2.910322" lat="39.856901"><ele>478.75</ele></trkpt>
   <trkpt lon="2.910361" lat="39.857012"><ele>477.5</ele></trkpt>
   <trkpt lon="2.910480" lat="39.857551"><ele>471.75</ele></trkpt>
   <trkpt lon="2.910492" lat="39.857899"><ele>469.75</ele></trkpt>
   <trkpt lon="2.910478" lat="39.858248"><ele>467.75</ele></trkpt>
   <trkpt lon="2.910493" lat="39.858327"><ele>467.5</ele></trkpt>
   <trkpt lon="2.910545" lat="39.858382"><ele>466.75</ele></trkpt>
   <trkpt lon="2.910637" lat="39.858452"><ele>465.75</ele></trkpt>
   <trkpt lon="2.910738" lat="39.858478"><ele>464.75</ele></trkpt>
   <trkpt lon="2.910879" lat="39.858459"><ele>463.5</ele></trkpt>
   <trkpt lon="2.910978" lat="39.858409"><ele>462.75</ele></trkpt>
   <trkpt lon="2.912431" lat="39.856982"><ele>454.5</ele></trkpt>
   <trkpt lon="2.912578" lat="39.856888"><ele>454.0</ele></trkpt>
   <trkpt lon="2.912779" lat="39.856775"><ele>454.0</ele></trkpt>
   <trkpt lon="2.912961" lat="39.856706"><ele>451.75</ele></trkpt>
   <trkpt lon="2.913141" lat="39.856655"><ele>451.0</ele></trkpt>
   <trkpt lon="2.913240" lat="39.856651"><ele>451.25</ele></trkpt>
   <trkpt lon="2.913372" lat="39.856684"><ele>450.5</ele></trkpt>
   <trkpt lon="2.913563" lat="39.856764"><ele>448.5</ele></trkpt>
   <trkpt lon="2.913742" lat="39.856871"><ele>445.5</ele></trkpt>
   <trkpt lon="2.913811" lat="39.856913"><ele>444.5</ele></trkpt>
   <trkpt lon="2.913983" lat="39.857031"><ele>445.5</ele></trkpt>
   <trkpt lon="2.914070" lat="39.857118"><ele>447.25</ele></trkpt>
   <trkpt lon="2.914093" lat="39.857194"><ele>448.0</ele></trkpt>
   <trkpt lon="2.914029" lat="39.857934"><ele>444.75</ele></trkpt>
   <trkpt lon="2.914030" lat="39.858041"><ele>444.0</ele></trkpt>
   <trkpt lon="2.914057" lat="39.858136"><ele>444.0</ele></trkpt>
   <trkpt lon="2.914274" lat="39.858553"><ele>442.5</ele></trkpt>
   <trkpt lon="2.914458" lat="39.858851"><ele>442.0</ele></trkpt>
   <trkpt lon="2.914561" lat="39.858973"><ele>441.5</ele></trkpt>
   <trkpt lon="2.914698" lat="39.859084"><ele>442.0</ele></trkpt>
   <trkpt lon="2.915011" lat="39.859268"><ele>443.5</ele></trkpt>
   <trkpt lon="2.915437" lat="39.859468"><ele>441.25</ele></trkpt>
   <trkpt lon="2.915491" lat="39.859515"><ele>441.25</ele></trkpt>
   <trkpt lon="2.915518" lat="39.859570"><ele>441.25</ele></trkpt>
   <trkpt lon="2.915526" lat="39.859635"><ele>440.75</ele></trkpt>
   <trkpt lon="2.915496" lat="39.859801"><ele>439.5</ele></trkpt>
   <trkpt lon="2.915453" lat="39.859917"><ele>439.25</ele></trkpt>
   <trkpt lon="2.915424" lat="39.860031"><ele>438.25</ele></trkpt>
   <trkpt lon="2.915435" lat="39.860119"><ele>436.25</ele></trkpt>
   <trkpt lon="2.915596" lat="39.860409"><ele>433.75</ele></trkpt>
   <trkpt lon="2.915761" lat="39.860628"><ele>435.0</ele></trkpt>
   <trkpt lon="2.915890" lat="39.860819"><ele>431.5</ele><sym>pass_place</sym><type>Shaping</type></trkpt>
   <trkpt lon="2.915895" lat="39.860825"><ele>431.5</ele></trkpt>
   <trkpt lon="2.916005" lat="39.860913"><ele>430.75</ele></trkpt>
   <trkpt lon="2.916135" lat="39.860975"><ele>431.0</ele></trkpt>
   <trkpt lon="2.916314" lat="39.861040"><ele>429.75</ele></trkpt>
   <trkpt lon="2.916443" lat="39.861106"><ele>428.5</ele></trkpt>
   <trkpt lon="2.916544" lat="39.861206"><ele>427.5</ele></trkpt>
   <trkpt lon="2.916590" lat="39.861303"><ele>426.25</ele></trkpt>
   <trkpt lon="2.916592" lat="39.861430"><ele>424.5</ele></trkpt>
   <trkpt lon="2.916467" lat="39.861962"><ele>422.75</ele></trkpt>
   <trkpt lon="2.916351" lat="39.862415"><ele>421.25</ele></trkpt>
   <trkpt lon="2.916350" lat="39.862564"><ele>420.5</ele></trkpt>
   <trkpt lon="2.916393" lat="39.862693"><ele>419.75</ele></trkpt>
   <trkpt lon="2.916476" lat="39.862806"><ele>420.25</ele></trkpt>
   <trkpt lon="2.916574" lat="39.862924"><ele>419.25</ele></trkpt>
   <trkpt lon="2.916662" lat="39.862984"><ele>419.0</ele></trkpt>
   <trkpt lon="2.916744" lat="39.863028"><ele>418.0</ele></trkpt>
   <trkpt lon="2.917044" lat="39.863144"><ele>418.0</ele></trkpt>
   <trkpt lon="2.917134" lat="39.863205"><ele>418.0</ele></trkpt>
   <trkpt lon="2.917241" lat="39.863346"><ele>414.75</ele></trkpt>
   <trkpt lon="2.917373" lat="39.863679"><ele>412.25</ele></trkpt>
   <trkpt lon="2.917496" lat="39.863955"><ele>409.75</ele></trkpt>
   <trkpt lon="2.917565" lat="39.864063"><ele>410.25</ele></trkpt>
   <trkpt lon="2.917614" lat="39.864121"><ele>409.75</ele></trkpt>
   <trkpt lon="2.917683" lat="39.864170"><ele>409.0</ele></trkpt>
   <trkpt lon="2.917809" lat="39.864220"><ele>406.75</ele></trkpt>
   <trkpt lon="2.918228" lat="39.864339"><ele>403.5</ele></trkpt>
   <trkpt lon="2.918538" lat="39.864440"><ele>402.25</ele></trkpt>
   <trkpt lon="2.918674" lat="39.864490"><ele>403.0</ele></trkpt>
   <trkpt lon="2.918825" lat="39.864559"><ele>404.25</ele></trkpt>
   <trkpt lon="2.919192" lat="39.864841"><ele>401.25</ele></trkpt>
   <trkpt lon="2.919822" lat="39.865213"><ele>398.5</ele></trkpt>
   <trkpt lon="2.920385" lat="39.865586"><ele>403.75</ele></trkpt>
   <trkpt lon="2.920804" lat="39.865922"><ele>405.75</ele></trkpt>
   <trkpt lon="2.920948" lat="39.866002"><ele>406.5</ele></trkpt>
   <trkpt lon="2.921062" lat="39.866034"><ele>407.5</ele></trkpt>
   <trkpt lon="2.921203" lat="39.866032"><ele>408.5</ele></trkpt>
   <trkpt lon="2.922070" lat="39.865973"><ele>403.5</ele></trkpt>
   <trkpt lon="2.922334" lat="39.865978"><ele>400.5</ele></trkpt>
   <trkpt lon="2.922631" lat="39.866022"><ele>401.0</ele></trkpt>
   <trkpt lon="2.924202" lat="39.866351"><ele>398.5</ele></trkpt>
   <trkpt lon="2.924269" lat="39.866387"><ele>398.25</ele></trkpt>
   <trkpt lon="2.924311" lat="39.866422"><ele>397.75</ele></trkpt>
   <trkpt lon="2.924354" lat="39.866489"><ele>397.5</ele></trkpt>
   <trkpt lon="2.924372" lat="39.866579"><ele>398.25</ele></trkpt>
   <trkpt lon="2.924366" lat="39.866998"><ele>397.75</ele></trkpt>
   <trkpt lon="2.924410" lat="39.867222"><ele>395.25</ele></trkpt>
   <trkpt lon="2.924664" lat="39.868047"><ele>391.0</ele></trkpt>
   <trkpt lon="2.924913" lat="39.868915"><ele>383.75</ele></trkpt>
   <trkpt lon="2.925004" lat="39.869081"><ele>383.75</ele></trkpt>
   <trkpt lon="2.925137" lat="39.869228"><ele>383.0</ele></trkpt>
   <trkpt lon="2.925232" lat="39.869312"><ele>382.25</ele></trkpt>
   <trkpt lon="2.925361" lat="39.869382"><ele>381.0</ele></trkpt>
   <trkpt lon="2.925541" lat="39.869419"><ele>379.5</ele></trkpt>
   <trkpt lon="2.925694" lat="39.869402"><ele>378.75</ele></trkpt>
   <trkpt lon="2.925873" lat="39.869355"><ele>377.5</ele></trkpt>
   <trkpt lon="2.926054" lat="39.869282"><ele>376.75</ele></trkpt>
   <trkpt lon="2.926262" lat="39.869164"><ele>374.5</ele></trkpt>
   <trkpt lon="2.926674" lat="39.868856"><ele>371.5</ele></trkpt>
   <trkpt lon="2.926811" lat="39.868787"><ele>371.0</ele></trkpt>
   <trkpt lon="2.926980" lat="39.868726"><ele>370.5</ele></trkpt>
   <trkpt lon="2.927650" lat="39.868573"><ele>364.0</ele></trkpt>
   <trkpt lon="2.928186" lat="39.868454"><ele>362.25</ele></trkpt>
   <trkpt lon="2.928535" lat="39.868370"><ele>361.0</ele></trkpt>
   <trkpt lon="2.928653" lat="39.868293"><ele>359.5</ele></trkpt>
   <trkpt lon="2.928719" lat="39.868194"><ele>358.75</ele></trkpt>
   <trkpt lon="2.928727" lat="39.868094"><ele>357.5</ele></trkpt>
   <trkpt lon="2.928703" lat="39.868015"><ele>357.25</ele></trkpt>
   <trkpt lon="2.928602" lat="39.867924"><ele>356.75</ele><sym>pass_place</sym><type>Shaping</type></trkpt>
   <trkpt lon="2.928487" lat="39.867870"><ele>356.25</ele></trkpt>
   <trkpt lon="2.928117" lat="39.867762"><ele>352.5</ele></trkpt>
   <trkpt lon="2.927794" lat="39.867645"><ele>349.5</ele></trkpt>
   <trkpt lon="2.927678" lat="39.867558"><ele>349.0</ele></trkpt>
   <trkpt lon="2.927615" lat="39.867462"><ele>347.75</ele></trkpt>
   <trkpt lon="2.927592" lat="39.867387"><ele>346.0</ele></trkpt>
   <trkpt lon="2.927599" lat="39.867324"><ele>345.25</ele></trkpt>
   <trkpt lon="2.927682" lat="39.867235"><ele>346.0</ele></trkpt>
   <trkpt lon="2.927792" lat="39.867163"><ele>345.75</ele></trkpt>
   <trkpt lon="2.928206" lat="39.867000"><ele>344.25</ele></trkpt>
   <trkpt lon="2.929197" lat="39.866597"><ele>340.25</ele></trkpt>
   <trkpt lon="2.929340" lat="39.866530"><ele>341.0</ele></trkpt>
   <trkpt lon="2.929437" lat="39.866454"><ele>340.0</ele></trkpt>
   <trkpt lon="2.929568" lat="39.866322"><ele>339.25</ele></trkpt>
   <trkpt lon="2.929681" lat="39.866234"><ele>338.5</ele></trkpt>
   <trkpt lon="2.929867" lat="39.866155"><ele>336.5</ele></trkpt>
   <trkpt lon="2.930721" lat="39.865961"><ele>329.5</ele></trkpt>
   <trkpt lon="2.930842" lat="39.865969"><ele>328.5</ele></trkpt>
   <trkpt lon="2.930955" lat="39.866014"><ele>326.75</ele></trkpt>
   <trkpt lon="2.931019" lat="39.866079"><ele>326.5</ele></trkpt>
   <trkpt lon="2.931103" lat="39.866243"><ele>325.5</ele></trkpt>
   <trkpt lon="2.931247" lat="39.866681"><ele>323.0</ele></trkpt>
   <trkpt lon="2.931301" lat="39.866803"><ele>323.0</ele></trkpt>
   <trkpt lon="2.931367" lat="39.866889"><ele>322.0</ele></trkpt>
   <trkpt lon="2.931501" lat="39.866954"><ele>320.5</ele><sym>right_slight</sym></trkpt>
   <trkpt lon="2.932410" lat="39.867265"><ele>313.5</ele></trkpt>
   <trkpt lon="2.932619" lat="39.867321"><ele>313.25</ele></trkpt>
   <trkpt lon="2.932752" lat="39.867315"><ele>313.5</ele></trkpt>
   <trkpt lon="2.932880" lat="39.867277"><ele>314.25</ele></trkpt>
   <trkpt lon="2.933363" lat="39.866888"><ele>307.0</ele></trkpt>
   <trkpt lon="2.933497" lat="39.866817"><ele>306.0</ele></trkpt>
   <trkpt lon="2.933646" lat="39.866751"><ele>304.75</ele></trkpt>
   <trkpt lon="2.933892" lat="39.866712"><ele>303.75</ele></trkpt>
   <trkpt lon="2.934530" lat="39.866670"><ele>299.75</ele></trkpt>
   <trkpt lon="2.935243" lat="39.866615"><ele>295.0</ele></trkpt>
   <trkpt lon="2.935549" lat="39.866599"><ele>291.5</ele></trkpt>
   <trkpt lon="2.935913" lat="39.866664"><ele>292.5</ele></trkpt>
   <trkpt lon="2.936330" lat="39.866721"><ele>291.0</ele></trkpt>
   <trkpt lon="2.937307" lat="39.866904"><ele>285.25</ele></trkpt>
   <trkpt lon="2.937683" lat="39.867005"><ele>286.0</ele></trkpt>
   <trkpt lon="2.938080" lat="39.867139"><ele>282.0</ele></trkpt>
   <trkpt lon="2.938557" lat="39.867267"><ele>283.75</ele></trkpt>
   <trkpt lon="2.939014" lat="39.867287"><ele>282.25</ele></trkpt>
   <trkpt lon="2.939333" lat="39.867311"><ele>274.75</ele></trkpt>
   <trkpt lon="2.939524" lat="39.867398"><ele>270.75</ele></trkpt>
   <trkpt lon="2.939783" lat="39.867591"><ele>268.5</ele></trkpt>
   <trkpt lon="2.940442" lat="39.868189"><ele>268.75</ele></trkpt>
   <trkpt lon="2.940693" lat="39.868499"><ele>267.0</ele></trkpt>
   <trkpt lon="2.940801" lat="39.868654"><ele>264.75</ele></trkpt>
   <trkpt lon="2.940878" lat="39.868810"><ele>263.5</ele></trkpt>
   <trkpt lon="2.940969" lat="39.869187"><ele>259.75</ele></trkpt>
   <trkpt lon="2.941054" lat="39.869283"><ele>260.75</ele></trkpt>
   <trkpt lon="2.941145" lat="39.869325"><ele>259.75</ele></trkpt>
   <trkpt lon="2.941284" lat="39.869357"><ele>258.5</ele></trkpt>
   <trkpt lon="2.941463" lat="39.869362"><ele>256.5</ele></trkpt>
   <trkpt lon="2.941707" lat="39.869382"><ele>256.0</ele></trkpt>
   <trkpt lon="2.942946" lat="39.869751"><ele>245.0</ele></trkpt>
   <trkpt lon="2.943117" lat="39.869789"><ele>244.25</ele></trkpt>
   <trkpt lon="2.943252" lat="39.869775"><ele>243.0</ele></trkpt>
   <trkpt lon="2.943350" lat="39.869726"><ele>240.75</ele></trkpt>
   <trkpt lon="2.943447" lat="39.869636"><ele>239.0</ele></trkpt>
   <trkpt lon="2.943514" lat="39.869536"><ele>238.25</ele></trkpt>
   <trkpt lon="2.943517" lat="39.869444"><ele>237.75</ele></trkpt>
   <trkpt lon="2.943498" lat="39.869353"><ele>237.25</ele><sym>pass_place</sym><type>Shaping</type></trkpt>
   <trkpt lon="2.943413" lat="39.869252"><ele>236.25</ele></trkpt>
   <trkpt lon="2.943275" lat="39.869187"><ele>235.0</ele></trkpt>
   <trkpt lon="2.942261" lat="39.868942"><ele>230.5</ele></trkpt>
   <trkpt lon="2.942027" lat="39.868937"><ele>230.0</ele></trkpt>
   <trkpt lon="2.941842" lat="39.868967"><ele>231.75</ele></trkpt>
   <trkpt lon="2.941677" lat="39.868964"><ele>230.5</ele></trkpt>
   <trkpt lon="2.941587" lat="39.868934"><ele>229.5</ele></trkpt>
   <trkpt lon="2.941513" lat="39.868882"><ele>227.5</ele></trkpt>
   <trkpt lon="2.941465" lat="39.868811"><ele>227.0</ele></trkpt>
   <trkpt lon="2.941425" lat="39.868396"><ele>221.75</ele></trkpt>
   <trkpt lon="2.941344" lat="39.868135"><ele>220.25</ele></trkpt>
   <trkpt lon="2.941203" lat="39.867764"><ele>217.0</ele></trkpt>
   <trkpt lon="2.940919" lat="39.867141"><ele>211.75</ele></trkpt>
   <trkpt lon="2.940811" lat="39.867030"><ele>212.25</ele></trkpt>
   <trkpt lon="2.939704" lat="39.866342"><ele>204.25</ele></trkpt>
   <trkpt lon="2.939448" lat="39.866261"><ele>204.25</ele></trkpt>
   <trkpt lon="2.939257" lat="39.866244"><ele>205.5</ele></trkpt>
   <trkpt lon="2.938917" lat="39.866256"><ele>209.25</ele></trkpt>
   <trkpt lon="2.938770" lat="39.866207"><ele>207.25</ele></trkpt>
   <trkpt lon="2.938675" lat="39.866165"><ele>205.0</ele></trkpt>
   <trkpt lon="2.938620" lat="39.866094"><ele>200.5</ele></trkpt>
   <trkpt lon="2.938619" lat="39.866011"><ele>199.0</ele></trkpt>
   <trkpt lon="2.938642" lat="39.865943"><ele>197.5</ele></trkpt>
   <trkpt lon="2.938678" lat="39.865890"><ele>196.25</ele></trkpt>
   <trkpt lon="2.938741" lat="39.865846"><ele>195.25</ele></trkpt>
   <trkpt lon="2.938824" lat="39.865813"><ele>193.75</ele></trkpt>
   <trkpt lon="2.938914" lat="39.865808"><ele>193.0</ele></trkpt>
   <trkpt lon="2.939109" lat="39.865853"><ele>193.5</ele></trkpt>
   <trkpt lon="2.940315" lat="39.866211"><ele>188.75</ele></trkpt>
   <trkpt lon="2.940646" lat="39.866342"><ele>186.25</ele></trkpt>
   <trkpt lon="2.941119" lat="39.866469"><ele>181.75</ele></trkpt>
   <trkpt lon="2.941304" lat="39.866498"><ele>181.25</ele></trkpt>
   <trkpt lon="2.941569" lat="39.866522"><ele>179.25</ele></trkpt>
   <trkpt lon="2.941768" lat="39.866533"><ele>177.0</ele></trkpt>
   <trkpt lon="2.941987" lat="39.866598"><ele>175.5</ele></trkpt>
   <trkpt lon="2.942282" lat="39.866753"><ele>175.0</ele></trkpt>
   <trkpt lon="2.942773" lat="39.867057"><ele>171.0</ele></trkpt>
   <trkpt lon="2.943034" lat="39.867256"><ele>168.5</ele></trkpt>
   <trkpt lon="2.943484" lat="39.867826"><ele>165.5</ele></trkpt>
   <trkpt lon="2.943560" lat="39.867864"><ele>165.75</ele></trkpt>
   <trkpt lon="2.943659" lat="39.867891"><ele>165.5</ele></trkpt>
   <trkpt lon="2.944045" lat="39.867948"><ele>163.25</ele></trkpt>
   <trkpt lon="2.944317" lat="39.868023"><ele>160.75</ele></trkpt>
   <trkpt lon="2.944963" lat="39.868266"><ele>156.75</ele></trkpt>
   <trkpt lon="2.945157" lat="39.868360"><ele>155.25</ele></trkpt>
   <trkpt lon="2.945290" lat="39.868476"><ele>154.5</ele></trkpt>
   <trkpt lon="2.945412" lat="39.868644"><ele>154.0</ele></trkpt>
   <trkpt lon="2.945716" lat="39.869107"><ele>151.0</ele></trkpt>
   <trkpt lon="2.945878" lat="39.869294"><ele>146.75</ele></trkpt>
   <trkpt lon="2.945959" lat="39.869350"><ele>146.0</ele></trkpt>
   <trkpt lon="2.946102" lat="39.869405"><ele>145.25</ele></trkpt>
   <trkpt lon="2.946223" lat="39.869411"><ele>145.75</ele></trkpt>
   <trkpt lon="2.946381" lat="39.869381"><ele>145.25</ele></trkpt>
   <trkpt lon="2.946666" lat="39.869225"><ele>142.5</ele></trkpt>
   <trkpt lon="2.946802" lat="39.869175"><ele>140.75</ele></trkpt>
   <trkpt lon="2.946968" lat="39.869152"><ele>140.0</ele></trkpt>
   <trkpt lon="2.947206" lat="39.869139"><ele>138.5</ele></trkpt>
   <trkpt lon="2.948443" lat="39.869189"><ele>133.5</ele></trkpt>
   <trkpt lon="2.948691" lat="39.869192"><ele>132.0</ele></trkpt>
   <trkpt lon="2.948872" lat="39.869171"><ele>130.25</ele></trkpt>
   <trkpt lon="2.950067" lat="39.868917"><ele>123.0</ele></trkpt>
   <trkpt lon="2.950425" lat="39.868832"><ele>121.25</ele><sym>pass_place</sym><type>Shaping</type></trkpt>
   <trkpt lon="2.950979" lat="39.868585"><ele>118.0</ele></trkpt>
   <trkpt lon="2.951144" lat="39.868534"><ele>117.5</ele></trkpt>
   <trkpt lon="2.951379" lat="39.868478"><ele>117.0</ele></trkpt>
   <trkpt lon="2.952374" lat="39.868402"><ele>114.0</ele></trkpt>
   <trkpt lon="2.953063" lat="39.868343"><ele>112.0</ele></trkpt>
   <trkpt lon="2.953296" lat="39.868333"><ele>111.75</ele></trkpt>
   <trkpt lon="2.953444" lat="39.868343"><ele>111.5</ele></trkpt>
   <trkpt lon="2.953817" lat="39.868437"><ele>111.0</ele></trkpt>
   <trkpt lon="2.955120" lat="39.868835"><ele>110.0</ele></trkpt>
   <trkpt lon="2.955300" lat="39.868896"><ele>109.75</ele></trkpt>
   <trkpt lon="2.955407" lat="39.868929"><ele>109.5</ele></trkpt>
   <trkpt lon="2.956540" lat="39.869280"><ele>108.5</ele></trkpt>
   <trkpt lon="2.956749" lat="39.869337"><ele>108.25</ele></trkpt>
   <trkpt lon="2.956849" lat="39.869364"><ele>108.0</ele></trkpt>
   <trkpt lon="2.957207" lat="39.869424"><ele>107.75</ele></trkpt>
   <trkpt lon="2.957875" lat="39.869492"><ele>106.5</ele></trkpt>
   <trkpt lon="2.959147" lat="39.869591"><ele>106.0</ele></trkpt>
   <trkpt lon="2.960424" lat="39.869706"><ele>104.25</ele></trkpt>
   <trkpt lon="2.962071" lat="39.869861"><ele>103.0</ele></trkpt>
   <trkpt lon="2.962388" lat="39.869849"><ele>103.0</ele></trkpt>
   <trkpt lon="2.962515" lat="39.869825"><ele>103.0</ele></trkpt>
   <trkpt lon="2.963023" lat="39.869694"><ele>102.0</ele></trkpt>
   <trkpt lon="2.963919" lat="39.869487"><ele>101.0</ele></trkpt>
   <trkpt lon="2.966674" lat="39.868819"><ele>97.75</ele><sym>stay_right</sym></trkpt>
   <trkpt lon="2.966688" lat="39.868820"><ele>97.75</ele></trkpt>
   <trkpt lon="2.966794" lat="39.868791"><ele>98.0</ele></trkpt>
   <trkpt lon="2.967814" lat="39.868557"><ele>96.5</ele></trkpt>
   <trkpt lon="2.971455" lat="39.867676"><ele>92.25</ele></trkpt>
   <trkpt lon="2.971458" lat="39.867675"><ele>91.75</ele><sym>pass_place</sym><type>Shaping</type></trkpt>
   <trkpt lon="2.971646" lat="39.867629"><ele>91.75</ele></trkpt>
   <trkpt lon="2.971804" lat="39.867610"><ele>92.0</ele></trkpt>
   <trkpt lon="2.971994" lat="39.867606"><ele>92.25</ele></trkpt>
   <trkpt lon="2.972096" lat="39.867610"><ele>92.0</ele></trkpt>
   <trkpt lon="2.972379" lat="39.867642"><ele>91.5</ele></trkpt>
   <trkpt lon="2.976754" lat="39.868674"><ele>85.75</ele></trkpt>
   <trkpt lon="2.977571" lat="39.868851"><ele>85.0</ele></trkpt>
   <trkpt lon="2.979419" lat="39.869298"><ele>83.0</ele></trkpt>
   <trkpt lon="2.979688" lat="39.869379"><ele>83.0</ele></trkpt>
   <trkpt lon="2.980808" lat="39.869860"><ele>81.5</ele></trkpt>
   <trkpt lon="2.981446" lat="39.870144"><ele>81.0</ele></trkpt>
   <trkpt lon="2.981955" lat="39.870360"><ele>80.75</ele></trkpt>
   <trkpt lon="2.982060" lat="39.870411"><ele>80.75</ele></trkpt>
   <trkpt lon="2.982115" lat="39.870449"><ele>80.75</ele></trkpt>
   <trkpt lon="2.982196" lat="39.870507"><ele>80.75</ele></trkpt>
   <trkpt lon="2.982787" lat="39.871080"><ele>79.5</ele></trkpt>
   <trkpt lon="2.983245" lat="39.871476"><ele>79.5</ele></trkpt>
   <trkpt lon="2.983546" lat="39.871691"><ele>80.0</ele></trkpt>
   <trkpt lon="2.984466" lat="39.872041"><ele>80.5</ele></trkpt>
   <trkpt lon="2.984500" lat="39.872055"><ele>80.75</ele></trkpt>
   <trkpt lon="2.985477" lat="39.872398"><ele>81.0</ele></trkpt>
   <trkpt lon="2.985681" lat="39.872475"><ele>80.75</ele></trkpt>
   <trkpt lon="2.986703" lat="39.872866"><ele>80.0</ele></trkpt>
   <trkpt lon="2.987062" lat="39.873006"><ele>79.25</ele></trkpt>
   <trkpt lon="2.987987" lat="39.873352"><ele>77.0</ele></trkpt>
   <trkpt lon="2.989854" lat="39.874069"><ele>77.75</ele></trkpt>
   <trkpt lon="2.990263" lat="39.874187"><ele>76.75</ele></trkpt>
   <trkpt lon="2.991408" lat="39.874441"><ele>74.75</ele><sym>pass_place</sym><type>Shaping</type></trkpt>
   <trkpt lon="2.991415" lat="39.874443"><ele>74.75</ele></trkpt>
   <trkpt lon="2.991699" lat="39.874505"><ele>75.25</ele></trkpt>
   <trkpt lon="2.992784" lat="39.874742"><ele>76.25</ele></trkpt>
   <trkpt lon="2.993181" lat="39.874856"><ele>76.0</ele></trkpt>
   <trkpt lon="2.993289" lat="39.874892"><ele>75.75</ele></trkpt>
   <trkpt lon="2.993505" lat="39.874981"><ele>74.5</ele></trkpt>
   <trkpt lon="2.994206" lat="39.875348"><ele>71.75</ele></trkpt>
   <trkpt lon="2.994583" lat="39.875561"><ele>70.5</ele></trkpt>
   <trkpt lon="2.995652" lat="39.876152"><ele>67.0</ele></trkpt>
   <trkpt lon="2.996342" lat="39.876516"><ele>66.0</ele></trkpt>
   <trkpt lon="2.997306" lat="39.877041"><ele>65.0</ele></trkpt>
   <trkpt lon="2.999802" lat="39.878340"><ele>63.0</ele></trkpt>
   <trkpt lon="3.000283" lat="39.878596"><ele>62.75</ele></trkpt>
   <trkpt lon="3.000820" lat="39.878889"><ele>62.0</ele></trkpt>
   <trkpt lon="3.000867" lat="39.878909"><ele>62.0</ele></trkpt>
   <trkpt lon="3.002479" lat="39.879768"><ele>60.75</ele></trkpt>
   <trkpt lon="3.003275" lat="39.880203"><ele>60.0</ele></trkpt>
   <trkpt lon="3.004737" lat="39.880987"><ele>58.75</ele></trkpt>
   <trkpt lon="3.004794" lat="39.881018"><ele>58.5</ele></trkpt>
   <trkpt lon="3.004799" lat="39.881021"><ele>58.5</ele></trkpt>
   <trkpt lon="3.005971" lat="39.881644"><ele>57.25</ele></trkpt>
   <trkpt lon="3.007700" lat="39.882568"><ele>57.0</ele></trkpt>
   <trkpt lon="3.008376" lat="39.882887"><ele>56.25</ele></trkpt>
   <trkpt lon="3.008635" lat="39.882971"><ele>56.5</ele></trkpt>
   <trkpt lon="3.008806" lat="39.882999"><ele>56.75</ele></trkpt>
   <trkpt lon="3.009007" lat="39.883011"><ele>56.25</ele></trkpt>
   <trkpt lon="3.009524" lat="39.883015"><ele>56.0</ele></trkpt>
   <trkpt lon="3.009520" lat="39.883020"><ele>57.5</ele><sym>pass_place</sym><type>Shaping</type></trkpt>
   <trkpt lon="3.009524" lat="39.883015"><ele>56.0</ele></trkpt>
   <trkpt lon="3.010003" lat="39.883020"><ele>55.75</ele></trkpt>
   <trkpt lon="3.010843" lat="39.883029"><ele>55.75</ele></trkpt>
   <trkpt lon="3.012764" lat="39.883057"><ele>54.0</ele></trkpt>
   <trkpt lon="3.013848" lat="39.883073"><ele>53.0</ele><sym>stay_right</sym></trkpt>
   <trkpt lon="3.014234" lat="39.883088"><ele>52.0</ele></trkpt>
   <trkpt lon="3.014567" lat="39.883123"><ele>52.0</ele></trkpt>
   <trkpt lon="3.015559" lat="39.883295"><ele>51.75</ele></trkpt>
   <trkpt lon="3.015629" lat="39.883307"><ele>51.5</ele><sym>right</sym></trkpt>
   <trkpt lon="3.015784" lat="39.882790"><ele>51.0</ele></trkpt>
   <trkpt lon="3.015831" lat="39.882759"><ele>50.75</ele><sym>left_slight</sym></trkpt>
   <trkpt lon="3.016428" lat="39.882763"><ele>49.75</ele></trkpt>
   <trkpt lon="3.017032" lat="39.882754"><ele>49.75</ele></trkpt>
   <trkpt lon="3.018392" lat="39.882753"><ele>49.0</ele></trkpt>
   <trkpt lon="3.019501" lat="39.882749"><ele>47.75</ele></trkpt>
   <trkpt lon="3.019586" lat="39.882748"><ele>47.75</ele><sym>left</sym></trkpt>
   <trkpt lon="3.019715" lat="39.882951"><ele>48.0</ele></trkpt>
   <trkpt lon="3.019992" lat="39.883306"><ele>47.0</ele></trkpt>
   <trkpt lon="3.020236" lat="39.883521"><ele>47.0</ele></trkpt>
   <trkpt lon="3.020676" lat="39.883777"><ele>47.0</ele></trkpt>
   <trkpt lon="3.020703" lat="39.883796"><ele>47.0</ele></trkpt>
   <trkpt lon="3.020736" lat="39.883854"><ele>47.0</ele></trkpt>
   <trkpt lon="3.020758" lat="39.883887"><ele>47.0</ele><sym>right_slight</sym></trkpt>
   <trkpt lon="3.020819" lat="39.883887"><ele>47.0</ele></trkpt>
   <trkpt lon="3.020976" lat="39.883924"><ele>47.0</ele></trkpt>
   <trkpt lon="3.021354" lat="39.884098"><ele>46.0</ele></trkpt>
   <trkpt lon="3.021823" lat="39.884313"><ele>46.0</ele></trkpt>
   <trkpt lon="3.022010" lat="39.884383"><ele>45.75</ele></trkpt>
   <trkpt lon="3.022085" lat="39.884394"><ele>45.5</ele></trkpt>
   <trkpt lon="3.022157" lat="39.884408"><ele>45.25</ele></trkpt>
   <trkpt lon="3.022218" lat="39.884406"><ele>45.0</ele><sym>roundabout_e3</sym></trkpt>
   <trkpt lon="3.022227" lat="39.884401"><ele>45.0</ele></trkpt>
   <trkpt lon="3.022294" lat="39.884357"><ele>45.0</ele></trkpt>
   <trkpt lon="3.022422" lat="39.884331"><ele>45.0</ele></trkpt>
   <trkpt lon="3.022515" lat="39.884343"><ele>45.0</ele></trkpt>
   <trkpt lon="3.022561" lat="39.884359"><ele>45.0</ele></trkpt>
   <trkpt lon="3.022634" lat="39.884407"><ele>45.0</ele></trkpt>
   <trkpt lon="3.022685" lat="39.884481"><ele>44.75</ele></trkpt>
   <trkpt lon="3.022825" lat="39.884638"><ele>44.75</ele></trkpt>
   <trkpt lon="3.023002" lat="39.884762"><ele>45.0</ele></trkpt>
   <trkpt lon="3.023053" lat="39.884786"><ele>45.0</ele></trkpt>
   <trkpt lon="3.023357" lat="39.884928"><ele>44.0</ele></trkpt>
   <trkpt lon="3.023372" lat="39.884935"><ele>44.0</ele></trkpt>
   <trkpt lon="3.023705" lat="39.885068"><ele>44.0</ele></trkpt>
   <trkpt lon="3.024187" lat="39.885260"><ele>43.75</ele></trkpt>
   <trkpt lon="3.026125" lat="39.886035"><ele>41.75</ele></trkpt>
   <trkpt lon="3.027400" lat="39.886544"><ele>40.25</ele></trkpt>
   <trkpt lon="3.027696" lat="39.886656"><ele>40.0</ele></trkpt>
   <trkpt lon="3.028077" lat="39.886831"><ele>39.75</ele><sym>right_slight</sym></trkpt>
   <trkpt lon="3.028199" lat="39.886847"><ele>39.75</ele><sym>pass_place</sym><type>Shaping</type></trkpt>
   <trkpt lon="3.028203" lat="39.886848"><ele>39.75</ele></trkpt>
   <trkpt lon="3.028567" lat="39.887015"><ele>39.0</ele></trkpt>
   <trkpt lon="3.028626" lat="39.887042"><ele>38.75</ele></trkpt>
   <trkpt lon="3.028831" lat="39.887133"><ele>38.25</ele></trkpt>
   <trkpt lon="3.029154" lat="39.887306"><ele>38.75</ele></trkpt>
   <trkpt lon="3.029489" lat="39.887434"><ele>38.75</ele></trkpt>
   <trkpt lon="3.030143" lat="39.887685"><ele>38.0</ele><sym>left_slight</sym></trkpt>
   <trkpt lon="3.030172" lat="39.887782"><ele>38.0</ele><sym>right_slight</sym></trkpt>
   <trkpt lon="3.030195" lat="39.887848"><ele>38.0</ele></trkpt>
   <trkpt lon="3.030294" lat="39.888067"><ele>37.75</ele></trkpt>
   <trkpt lon="3.030452" lat="39.888334"><ele>37.0</ele><sym>stay_right</sym></trkpt>
   <trkpt lon="3.030509" lat="39.888425"><ele>37.0</ele></trkpt>
   <trkpt lon="3.030593" lat="39.888507"><ele>36.75</ele></trkpt>
   <trkpt lon="3.030658" lat="39.888597"><ele>36.75</ele></trkpt>
   <trkpt lon="3.031101" lat="39.888976"><ele>36.0</ele></trkpt>
   <trkpt lon="3.031519" lat="39.889301"><ele>35.25</ele><sym>straight</sym></trkpt>
   <trkpt lon="3.031647" lat="39.889407"><ele>35.0</ele></trkpt>
   <trkpt lon="3.031833" lat="39.889560"><ele>35.0</ele></trkpt>
   <trkpt lon="3.033225" lat="39.890714"><ele>33.0</ele></trkpt>
   <trkpt lon="3.033839" lat="39.891173"><ele>32.75</ele></trkpt>
   <trkpt lon="3.034215" lat="39.891411"><ele>32.0</ele></trkpt>
   <trkpt lon="3.034483" lat="39.891564"><ele>32.0</ele></trkpt>
   <trkpt lon="3.035067" lat="39.891844"><ele>31.25</ele></trkpt>
   <trkpt lon="3.035261" lat="39.891926"><ele>31.0</ele></trkpt>
   <trkpt lon="3.035910" lat="39.892177"><ele>30.75</ele></trkpt>
   <trkpt lon="3.036483" lat="39.892350"><ele>30.25</ele></trkpt>
   <trkpt lon="3.037130" lat="39.892564"><ele>30.25</ele></trkpt>
   <trkpt lon="3.037987" lat="39.892822"><ele>30.75</ele></trkpt>
   <trkpt lon="3.039039" lat="39.893159"><ele>29.75</ele><sym>straight</sym></trkpt>
   <trkpt lon="3.039898" lat="39.893460"><ele>29.25</ele></trkpt>
   <trkpt lon="3.040963" lat="39.893827"><ele>29.5</ele></trkpt>
   <trkpt lon="3.042175" lat="39.894262"><ele>29.25</ele></trkpt>
   <trkpt lon="3.042442" lat="39.894356"><ele>28.5</ele></trkpt>
   <trkpt lon="3.043118" lat="39.894596"><ele>29.5</ele></trkpt>
   <trkpt lon="3.044120" lat="39.894956"><ele>27.5</ele></trkpt>
   <trkpt lon="3.044636" lat="39.895127"><ele>26.5</ele></trkpt>
   <trkpt lon="3.045506" lat="39.895428"><ele>24.5</ele></trkpt>
   <trkpt lon="3.045509" lat="39.895429"><ele>22.75</ele><sym>pass_place</sym><type>Shaping</type></trkpt>
   <trkpt lon="3.046837" lat="39.895853"><ele>22.75</ele></trkpt>
   <trkpt lon="3.046896" lat="39.895859"><ele>22.75</ele></trkpt>
   <trkpt lon="3.047433" lat="39.896028"><ele>22.75</ele></trkpt>
   <trkpt lon="3.048115" lat="39.896252"><ele>22.0</ele></trkpt>
   <trkpt lon="3.049443" lat="39.896653"><ele>21.0</ele></trkpt>
   <trkpt lon="3.049624" lat="39.896708"><ele>21.0</ele></trkpt>
   <trkpt lon="3.051707" lat="39.897333"><ele>19.0</ele></trkpt>
   <trkpt lon="3.054343" lat="39.898125"><ele>17.0</ele></trkpt>
   <trkpt lon="3.057164" lat="39.898960"><ele>14.75</ele><sym>straight</sym></trkpt>
   <trkpt lon="3.059062" lat="39.899547"><ele>13.75</ele><sym>straight</sym></trkpt>
   <trkpt lon="3.061040" lat="39.900139"><ele>12.0</ele></trkpt>
   <trkpt lon="3.062043" lat="39.900437"><ele>11.25</ele></trkpt>
   <trkpt lon="3.063939" lat="39.901004"><ele>10.0</ele></trkpt>
   <trkpt lon="3.065448" lat="39.901461"><ele>9.0</ele><sym>u-turn_right</sym></trkpt>
   <trkpt lon="3.065449" lat="39.901459"><ele>9.0</ele><sym>pass_place</sym><type>Shaping</type></trkpt>
   <trkpt lon="3.065448" lat="39.901461"><ele>9.0</ele></trkpt>
   <trkpt lon="3.065790" lat="39.901566"><ele>8.5</ele></trkpt>
   <trkpt lon="3.066812" lat="39.901873"><ele>8.0</ele></trkpt>
   <trkpt lon="3.066902" lat="39.901892"><ele>8.0</ele></trkpt>
   <trkpt lon="3.067045" lat="39.901906"><ele>8.0</ele><sym>right_slight</sym></trkpt>
   <trkpt lon="3.067064" lat="39.901897"><ele>8.0</ele></trkpt>
   <trkpt lon="3.067195" lat="39.901865"><ele>8.0</ele></trkpt>
   <trkpt lon="3.068135" lat="39.902136"><ele>7.0</ele></trkpt>
   <trkpt lon="3.068414" lat="39.902216"><ele>6.75</ele></trkpt>
   <trkpt lon="3.068639" lat="39.902294"><ele>7.0</ele></trkpt>
   <trkpt lon="3.069222" lat="39.902469"><ele>7.0</ele><sym>straight</sym></trkpt>
   <trkpt lon="3.069348" lat="39.902507"><ele>7.0</ele></trkpt>
   <trkpt lon="3.069444" lat="39.902546"><ele>7.0</ele></trkpt>
   <trkpt lon="3.069559" lat="39.902621"><ele>6.5</ele></trkpt>
   <trkpt lon="3.069684" lat="39.902691"><ele>6.0</ele><sym>stay_left</sym></trkpt>
   <trkpt lon="3.069835" lat="39.902769"><ele>6.0</ele></trkpt>
   <trkpt lon="3.069998" lat="39.902831"><ele>6.0</ele></trkpt>
   <trkpt lon="3.070483" lat="39.902971"><ele>5.5</ele></trkpt>
   <trkpt lon="3.071081" lat="39.903154"><ele>5.0</ele></trkpt>
   <trkpt lon="3.072921" lat="39.903715"><ele>4.0</ele></trkpt>
   <trkpt lon="3.073412" lat="39.903862"><ele>4.0</ele></trkpt>
   <trkpt lon="3.074571" lat="39.904203"><ele>3.0</ele></trkpt>
   <trkpt lon="3.074751" lat="39.904239"><ele>3.0</ele></trkpt>
   <trkpt lon="3.074822" lat="39.904240"><ele>3.0</ele></trkpt>
   <trkpt lon="3.074880" lat="39.904222"><ele>3.0</ele></trkpt>
   <trkpt lon="3.075066" lat="39.904162"><ele>3.0</ele></trkpt>
   <trkpt lon="3.075188" lat="39.904156"><ele>3.0</ele><sym>straight</sym></trkpt>
   <trkpt lon="3.075240" lat="39.904157"><ele>3.0</ele></trkpt>
   <trkpt lon="3.075311" lat="39.904133"><ele>3.0</ele><sym>left</sym></trkpt>
   <trkpt lon="3.075378" lat="39.904212"><ele>3.0</ele></trkpt>
   <trkpt lon="3.075428" lat="39.904250"><ele>3.0</ele><sym>roundabout_e1</sym></trkpt>
   <trkpt lon="3.075524" lat="39.904298"><ele>3.0</ele></trkpt>
   <trkpt lon="3.075563" lat="39.904331"><ele>3.0</ele></trkpt>
   <trkpt lon="3.075618" lat="39.904407"><ele>3.0</ele></trkpt>
   <trkpt lon="3.075633" lat="39.904450"><ele>3.0</ele></trkpt>
   <trkpt lon="3.075693" lat="39.904519"><ele>3.0</ele></trkpt>
   <trkpt lon="3.075740" lat="39.904561"><ele>3.0</ele></trkpt>
   <trkpt lon="3.075805" lat="39.904602"><ele>3.0</ele></trkpt>
   <trkpt lon="3.075970" lat="39.904674"><ele>2.5</ele></trkpt>
   <trkpt lon="3.076198" lat="39.904743"><ele>2.0</ele></trkpt>
   <trkpt lon="3.076349" lat="39.904788"><ele>2.0</ele></trkpt>
   <trkpt lon="3.076896" lat="39.904953"><ele>1.75</ele></trkpt>
   <trkpt lon="3.076983" lat="39.904980"><ele>1.75</ele></trkpt>
   <trkpt lon="3.077151" lat="39.905030"><ele>1.75</ele></trkpt>
   <trkpt lon="3.077545" lat="39.905149"><ele>2.0</ele></trkpt>
   <trkpt lon="3.077831" lat="39.905235"><ele>2.0</ele></trkpt>
   <trkpt lon="3.078474" lat="39.905430"><ele>2.0</ele></trkpt>
   <trkpt lon="3.079248" lat="39.905663"><ele>2.0</ele></trkpt>
   <trkpt lon="3.079872" lat="39.905851"><ele>2.0</ele></trkpt>
   <trkpt lon="3.080157" lat="39.905938"><ele>2.0</ele><sym>left</sym></trkpt>
   <trkpt lon="3.080063" lat="39.906142"><ele>2.0</ele></trkpt>
   <trkpt lon="3.080014" lat="39.906287"><ele>2.0</ele></trkpt>
   <trkpt lon="3.079964" lat="39.906510"><ele>2.0</ele></trkpt>
   <trkpt lon="3.079947" lat="39.906642"><ele>2.0</ele></trkpt>
   <trkpt lon="3.079948" lat="39.906726"><ele>2.25</ele></trkpt>
   <trkpt lon="3.079977" lat="39.906951"><ele>3.0</ele></trkpt>
   <trkpt lon="3.080009" lat="39.907085"><ele>3.0</ele></trkpt>
   <trkpt lon="3.080053" lat="39.907218"><ele>3.0</ele></trkpt>
   <trkpt lon="3.080158" lat="39.907457"><ele>3.0</ele></trkpt>
   <trkpt lon="3.080335" lat="39.907784"><ele>2.75</ele></trkpt>
   <trkpt lon="3.080445" lat="39.907928"><ele>3.0</ele></trkpt>
   <trkpt lon="3.080526" lat="39.908010"><ele>3.0</ele></trkpt>
   <trkpt lon="3.080933" lat="39.908403"><ele>3.25</ele></trkpt>
   <trkpt lon="3.081285" lat="39.908743"><ele>4.0</ele></trkpt>
   <trkpt lon="3.081684" lat="39.909122"><ele>3.0</ele><sym>right</sym></trkpt>
   <trkpt lon="3.082523" lat="39.908618"><ele>2.0</ele></trkpt>
   <trkpt lon="3.083068" lat="39.908298"><ele>2.0</ele><sym>pass_place</sym><type>Via</type></trkpt>
  </trkseg>
 </trk>
</gpx>
