<?xml version="1.0" encoding="UTF-8"?>
<!-- track-length = 33382 filtered ascend = 654 plain-ascend = 0 cost=71804 energy=.2kwh time=2h 25m 27s -->
<gpx 
 xmlns="http://www.topografix.com/GPX/1/1" 
 xmlns:xsi="http://www.w3.org/2001/XMLSchema-instance" 
 xsi:schemaLocation="http://www.topografix.com/GPX/1/1 http://www.topografix.com/GPX/1/1/gpx.xsd" 
 creator="BRouter-1.7.10" version="1.1"><wpt lat="43.64506" lon="6.93998"><name>Bar des Quatre Chemins</name><sym>Restaurant</sym></wpt><wpt lat="43.60044" lon="6.91109"><name>Bar du Portail</name><sym>Restaurant</sym></wpt><wpt lat="43.59757" lon="6.92544"><name>NTC</name><sym>Bike Trail</sym></wpt><wpt lat="43.5927" lon="6.93032"><name>Drinking water</name><sym>Drinking Water</sym></wpt><wpt lat="43.60069" lon="6.90984"><name>Drinking water</name><sym>Drinking Water</sym></wpt><wpt lat="43.64408" lon="6.89864"><name>Drinking water</name><sym>Drinking Water</sym></wpt><wpt lat="43.59439" lon="6.92744"><name>Drinking water</name><sym>Drinking Water</sym></wpt><wpt lat="43.59577" lon="6.933"><name>Drinking water</name><sym>Drinking Water</sym></wpt><wpt lat="43.64134" lon="6.87797"><name>Cycles Orsolino</name><sym>Bike Trail</sym></wpt><wpt lat="43.64532" lon="6.89107"><name>Bike shop</name><sym>Bike Trail</sym></wpt><wpt lat="43.59456" lon="6.93145"><name>Drinking water</name><sym>Drinking Water</sym></wpt>
 <trk>
  <src>brouter_fastbike-lowtraffic_0</src>
  <type>bike</type>
  <trkseg>
   <trkpt lon="6.937201" lat="43.647926"><ele>209.25</ele><sym>pass_place</sym><type>Via</type></trkpt>
   <trkpt lon="6.936983" lat="43.647862"><ele>210.0</ele></trkpt>
   <trkpt lon="6.936760" lat="43.647794"><ele>210.0</ele></trkpt>
   <trkpt lon="6.936504" lat="43.647747"><ele>208.5</ele></trkpt>
   <trkpt lon="6.936315" lat="43.647729"><ele>206.75</ele><sym>right</sym></trkpt>
   <trkpt lon="6.936291" lat="43.647836"><ele>207.75</ele></trkpt>
   <trkpt lon="6.936230" lat="43.648077"><ele>210.5</ele></trkpt>
   <trkpt lon="6.936197" lat="43.648150"><ele>210.75</ele></trkpt>
   <trkpt lon="6.936115" lat="43.648289"><ele>211.5</ele></trkpt>
   <trkpt lon="6.936043" lat="43.648369"><ele>212.0</ele></trkpt>
   <trkpt lon="6.935928" lat="43.648441"><ele>212.25</ele></trkpt>
   <trkpt lon="6.935824" lat="43.648487"><ele>212.75</ele></trkpt>
   <trkpt lon="6.935712" lat="43.648522"><ele>213.25</ele></trkpt>
   <trkpt lon="6.935587" lat="43.648540"><ele>213.25</ele></trkpt>
   <trkpt lon="6.935116" lat="43.648634"><ele>214.25</ele></trkpt>
   <trkpt lon="6.933140" lat="43.649015"><ele>221.5</ele></trkpt>
   <trkpt lon="6.932815" lat="43.649073"><ele>225.0</ele></trkpt>
   <trkpt lon="6.932407" lat="43.649137"><ele>227.0</ele></trkpt>
   <trkpt lon="6.932277" lat="43.649145"><ele>227.5</ele></trkpt>
   <trkpt lon="6.932068" lat="43.649143"><ele>228.25</ele></trkpt>
   <trkpt lon="6.931891" lat="43.649121"><ele>228.75</ele></trkpt>
   <trkpt lon="6.931796" lat="43.649094"><ele>228.75</ele></trkpt>
   <trkpt lon="6.931664" lat="43.649033"><ele>228.5</ele></trkpt>
   <trkpt lon="6.931615" lat="43.649008"><ele>228.75</ele></trkpt>
   <trkpt lon="6.931561" lat="43.648978"><ele>229.0</ele></trkpt>
   <trkpt lon="6.931232" lat="43.648755"><ele>231.0</ele></trkpt>
   <trkpt lon="6.931143" lat="43.648711"><ele>231.75</ele></trkpt>
   <trkpt lon="6.931036" lat="43.648670"><ele>232.75</ele></trkpt>
   <trkpt lon="6.930894" lat="43.648637"><ele>233.5</ele></trkpt>
   <trkpt lon="6.930661" lat="43.648611"><ele>233.75</ele></trkpt>
   <trkpt lon="6.930216" lat="43.648612"><ele>235.25</ele></trkpt>
   <trkpt lon="6.929988" lat="43.648607"><ele>236.75</ele></trkpt>
   <trkpt lon="6.929764" lat="43.648589"><ele>237.25</ele></trkpt>
   <trkpt lon="6.929589" lat="43.648551"><ele>238.0</ele></trkpt>
   <trkpt lon="6.929426" lat="43.648499"><ele>238.75</ele></trkpt>
   <trkpt lon="6.929329" lat="43.648457"><ele>239.25</ele></trkpt>
   <trkpt lon="6.929212" lat="43.648389"><ele>240.25</ele></trkpt>
   <trkpt lon="6.929132" lat="43.648336"><ele>241.5</ele></trkpt>
   <trkpt lon="6.928789" lat="43.648107"><ele>242.75</ele></trkpt>
   <trkpt lon="6.928751" lat="43.648084"><ele>242.75</ele></trkpt>
   <trkpt lon="6.928713" lat="43.648058"><ele>242.75</ele></trkpt>
   <trkpt lon="6.928466" lat="43.647903"><ele>244.0</ele></trkpt>
   <trkpt lon="6.928398" lat="43.647868"><ele>244.75</ele></trkpt>
   <trkpt lon="6.928268" lat="43.647818"><ele>245.75</ele></trkpt>
   <trkpt lon="6.928146" lat="43.647789"><ele>246.25</ele></trkpt>
   <trkpt lon="6.928040" lat="43.647776"><ele>247.0</ele></trkpt>
   <trkpt lon="6.927934" lat="43.647775"><ele>247.25</ele></trkpt>
   <trkpt lon="6.927818" lat="43.647789"><ele>247.75</ele></trkpt>
   <trkpt lon="6.927702" lat="43.647813"><ele>248.25</ele></trkpt>
   <trkpt lon="6.927595" lat="43.647848"><ele>248.75</ele></trkpt>
   <trkpt lon="6.927539" lat="43.647869"><ele>249.0</ele></trkpt>
   <trkpt lon="6.927347" lat="43.647972"><ele>249.75</ele></trkpt>
   <trkpt lon="6.927331" lat="43.647981"><ele>250.0</ele></trkpt>
   <trkpt lon="6.927296" lat="43.648002"><ele>250.25</ele></trkpt>
   <trkpt lon="6.927220" lat="43.648046"><ele>250.75</ele></trkpt>
   <trkpt lon="6.927206" lat="43.648055"><ele>250.75</ele></trkpt>
   <trkpt lon="6.926805" lat="43.648288"><ele>252.25</ele></trkpt>
   <trkpt lon="6.926704" lat="43.648339"><ele>253.0</ele></trkpt>
   <trkpt lon="6.926640" lat="43.648368"><ele>253.5</ele></trkpt>
   <trkpt lon="6.926517" lat="43.648422"><ele>254.5</ele></trkpt>
   <trkpt lon="6.926404" lat="43.648463"><ele>255.75</ele></trkpt>
   <trkpt lon="6.926294" lat="43.648495"><ele>256.0</ele></trkpt>
   <trkpt lon="6.926129" lat="43.648533"><ele>256.0</ele></trkpt>
   <trkpt lon="6.926035" lat="43.648556"><ele>256.25</ele></trkpt>
   <trkpt lon="6.925891" lat="43.648589"><ele>256.5</ele></trkpt>
   <trkpt lon="6.924792" lat="43.648847"><ele>260.25</ele></trkpt>
   <trkpt lon="6.923918" lat="43.649044"><ele>264.5</ele></trkpt>
   <trkpt lon="6.923784" lat="43.649094"><ele>264.75</ele></trkpt>
   <trkpt lon="6.923615" lat="43.649211"><ele>266.25</ele></trkpt>
   <trkpt lon="6.923384" lat="43.649438"><ele>267.75</ele></trkpt>
   <trkpt lon="6.923314" lat="43.649502"><ele>268.25</ele></trkpt>
   <trkpt lon="6.922664" lat="43.650118"><ele>272.0</ele></trkpt>
   <trkpt lon="6.922645" lat="43.650137"><ele>272.25</ele></trkpt>
   <trkpt lon="6.922521" lat="43.650357"><ele>274.5</ele></trkpt>
   <trkpt lon="6.922513" lat="43.650401"><ele>275.0</ele></trkpt>
   <trkpt lon="6.922505" lat="43.650457"><ele>275.25</ele><sym>roundabout_e4</sym></trkpt>
   <trkpt lon="6.922525" lat="43.650490"><ele>275.75</ele></trkpt>
   <trkpt lon="6.922533" lat="43.650522"><ele>276.0</ele></trkpt>
   <trkpt lon="6.922527" lat="43.650607"><ele>276.25</ele></trkpt>
   <trkpt lon="6.922496" lat="43.650674"><ele>276.25</ele></trkpt>
   <trkpt lon="6.922471" lat="43.650706"><ele>276.5</ele></trkpt>
   <trkpt lon="6.922432" lat="43.650735"><ele>276.5</ele></trkpt>
   <trkpt lon="6.922353" lat="43.650759"><ele>276.75</ele></trkpt>
   <trkpt lon="6.922300" lat="43.650768"><ele>276.75</ele></trkpt>
   <trkpt lon="6.922233" lat="43.650764"><ele>276.75</ele></trkpt>
   <trkpt lon="6.922182" lat="43.650752"><ele>277.0</ele></trkpt>
   <trkpt lon="6.922118" lat="43.650717"><ele>277.0</ele></trkpt>
   <trkpt lon="6.922098" lat="43.650699"><ele>277.0</ele></trkpt>
   <trkpt lon="6.922068" lat="43.650664"><ele>277.0</ele></trkpt>
   <trkpt lon="6.922055" lat="43.650623"><ele>277.0</ele></trkpt>
   <trkpt lon="6.922057" lat="43.650569"><ele>277.0</ele></trkpt>
   <trkpt lon="6.922090" lat="43.650480"><ele>275.75</ele></trkpt>
   <trkpt lon="6.922125" lat="43.650437"><ele>275.25</ele></trkpt>
   <trkpt lon="6.922115" lat="43.650347"><ele>273.75</ele></trkpt>
   <trkpt lon="6.922103" lat="43.650280"><ele>272.75</ele></trkpt>
   <trkpt lon="6.922068" lat="43.650204"><ele>272.0</ele></trkpt>
   <trkpt lon="6.922017" lat="43.650133"><ele>271.25</ele></trkpt>
   <trkpt lon="6.921965" lat="43.650066"><ele>270.25</ele></trkpt>
   <trkpt lon="6.921875" lat="43.649981"><ele>269.25</ele></trkpt>
   <trkpt lon="6.921744" lat="43.649914"><ele>268.0</ele></trkpt>
   <trkpt lon="6.921422" lat="43.649788"><ele>265.25</ele></trkpt>
   <trkpt lon="6.920859" lat="43.649622"><ele>265.25</ele></trkpt>
   <trkpt lon="6.919934" lat="43.649333"><ele>262.5</ele></trkpt>
   <trkpt lon="6.919784" lat="43.649295"><ele>262.5</ele></trkpt>
   <trkpt lon="6.919542" lat="43.649216"><ele>262.5</ele></trkpt>
   <trkpt lon="6.919476" lat="43.649189"><ele>262.75</ele></trkpt>
   <trkpt lon="6.919273" lat="43.649092"><ele>261.5</ele></trkpt>
   <trkpt lon="6.919269" lat="43.649089"><ele>261.0</ele><sym>pass_place</sym><type>Shaping</type></trkpt>
   <trkpt lon="6.919181" lat="43.649043"><ele>261.0</ele></trkpt>
   <trkpt lon="6.919055" lat="43.648962"><ele>261.0</ele></trkpt>
   <trkpt lon="6.918941" lat="43.648868"><ele>261.25</ele></trkpt>
   <trkpt lon="6.918857" lat="43.648773"><ele>261.5</ele></trkpt>
   <trkpt lon="6.918787" lat="43.648674"><ele>262.25</ele></trkpt>
   <trkpt lon="6.918705" lat="43.648535"><ele>263.0</ele></trkpt>
   <trkpt lon="6.918649" lat="43.648420"><ele>262.5</ele></trkpt>
   <trkpt lon="6.918599" lat="43.648281"><ele>261.75</ele></trkpt>
   <trkpt lon="6.918575" lat="43.648145"><ele>261.0</ele></trkpt>
   <trkpt lon="6.918560" lat="43.648006"><ele>259.75</ele></trkpt>
   <trkpt lon="6.918559" lat="43.647884"><ele>258.75</ele></trkpt>
   <trkpt lon="6.918558" lat="43.647772"><ele>258.0</ele></trkpt>
   <trkpt lon="6.918558" lat="43.647652"><ele>258.0</ele></trkpt>
   <trkpt lon="6.918556" lat="43.647563"><ele>258.0</ele></trkpt>
   <trkpt lon="6.918555" lat="43.647461"><ele>258.0</ele></trkpt>
   <trkpt lon="6.918552" lat="43.647422"><ele>257.75</ele></trkpt>
   <trkpt lon="6.918536" lat="43.647220"><ele>257.25</ele></trkpt>
   <trkpt lon="6.918496" lat="43.646972"><ele>257.0</ele></trkpt>
   <trkpt lon="6.918402" lat="43.646788"><ele>257.75</ele></trkpt>
   <trkpt lon="6.918188" lat="43.646555"><ele>261.0</ele></trkpt>
   <trkpt lon="6.917996" lat="43.646414"><ele>260.5</ele></trkpt>
   <trkpt lon="6.917729" lat="43.646284"><ele>258.0</ele></trkpt>
   <trkpt lon="6.917394" lat="43.646174"><ele>258.0</ele></trkpt>
   <trkpt lon="6.916818" lat="43.646060"><ele>255.25</ele></trkpt>
   <trkpt lon="6.916533" lat="43.645970"><ele>254.25</ele></trkpt>
   <trkpt lon="6.916144" lat="43.645810"><ele>251.0</ele></trkpt>
   <trkpt lon="6.916063" lat="43.645755"><ele>250.0</ele></trkpt>
   <trkpt lon="6.915904" lat="43.645646"><ele>250.0</ele></trkpt>
   <trkpt lon="6.915774" lat="43.645507"><ele>249.5</ele></trkpt>
   <trkpt lon="6.915682" lat="43.645413"><ele>248.25</ele></trkpt>
   <trkpt lon="6.915588" lat="43.645284"><ele>249.0</ele></trkpt>
   <trkpt lon="6.915531" lat="43.645161"><ele>248.75</ele></trkpt>
   <trkpt lon="6.915448" lat="43.644741"><ele>246.0</ele></trkpt>
   <trkpt lon="6.915377" lat="43.644160"><ele>247.5</ele></trkpt>
   <trkpt lon="6.915263" lat="43.643911"><ele>247.5</ele></trkpt>
   <trkpt lon="6.915175" lat="43.643767"><ele>247.0</ele></trkpt>
   <trkpt lon="6.915074" lat="43.643656"><ele>246.25</ele></trkpt>
   <trkpt lon="6.914987" lat="43.643591"><ele>245.75</ele></trkpt>
   <trkpt lon="6.914875" lat="43.643506"><ele>245.0</ele></trkpt>
   <trkpt lon="6.914815" lat="43.643461"><ele>244.75</ele></trkpt>
   <trkpt lon="6.914409" lat="43.643172"><ele>242.0</ele></trkpt>
   <trkpt lon="6.914251" lat="43.643030"><ele>242.75</ele></trkpt>
   <trkpt lon="6.914189" lat="43.642950"><ele>242.5</ele></trkpt>
   <trkpt lon="6.914088" lat="43.642821"><ele>241.75</ele></trkpt>
   <trkpt lon="6.913953" lat="43.642691"><ele>241.0</ele></trkpt>
   <trkpt lon="6.913802" lat="43.642472"><ele>240.0</ele></trkpt>
   <trkpt lon="6.913617" lat="43.642204"><ele>240.5</ele></trkpt>
   <trkpt lon="6.913372" lat="43.641966"><ele>239.25</ele></trkpt>
   <trkpt lon="6.913162" lat="43.641805"><ele>237.5</ele></trkpt>
   <trkpt lon="6.912886" lat="43.641669"><ele>236.75</ele></trkpt>
   <trkpt lon="6.912680" lat="43.641592"><ele>236.5</ele></trkpt>
   <trkpt lon="6.912433" lat="43.641528"><ele>235.0</ele></trkpt>
   <trkpt lon="6.912275" lat="43.641506"><ele>234.75</ele></trkpt>
   <trkpt lon="6.912131" lat="43.641509"><ele>235.0</ele></trkpt>
   <trkpt lon="6.912019" lat="43.641526"><ele>235.25</ele></trkpt>
   <trkpt lon="6.911934" lat="43.641551"><ele>235.75</ele></trkpt>
   <trkpt lon="6.911847" lat="43.641587"><ele>236.25</ele></trkpt>
   <trkpt lon="6.911754" lat="43.641633"><ele>236.75</ele></trkpt>
   <trkpt lon="6.911712" lat="43.641663"><ele>237.0</ele><sym>roundabout_e4</sym></trkpt>
   <trkpt lon="6.911708" lat="43.641700"><ele>237.25</ele></trkpt>
   <trkpt lon="6.911676" lat="43.641769"><ele>237.75</ele></trkpt>
   <trkpt lon="6.911634" lat="43.641811"><ele>238.0</ele></trkpt>
   <trkpt lon="6.911579" lat="43.641844"><ele>238.25</ele></trkpt>
   <trkpt lon="6.911515" lat="43.641867"><ele>238.5</ele></trkpt>
   <trkpt lon="6.911448" lat="43.641877"><ele>238.5</ele></trkpt>
   <trkpt lon="6.911380" lat="43.641876"><ele>238.5</ele></trkpt>
   <trkpt lon="6.911313" lat="43.641864"><ele>238.5</ele></trkpt>
   <trkpt lon="6.911253" lat="43.641841"><ele>238.25</ele></trkpt>
   <trkpt lon="6.911195" lat="43.641802"><ele>238.0</ele></trkpt>
   <trkpt lon="6.911146" lat="43.641741"><ele>237.5</ele></trkpt>
   <trkpt lon="6.911128" lat="43.641671"><ele>237.0</ele></trkpt>
   <trkpt lon="6.911131" lat="43.641634"><ele>236.75</ele></trkpt>
   <trkpt lon="6.911159" lat="43.641572"><ele>236.25</ele></trkpt>
   <trkpt lon="6.911136" lat="43.641506"><ele>235.75</ele></trkpt>
   <trkpt lon="6.911106" lat="43.641453"><ele>235.25</ele></trkpt>
   <trkpt lon="6.910977" lat="43.641336"><ele>234.0</ele></trkpt>
   <trkpt lon="6.910872" lat="43.641254"><ele>233.25</ele></trkpt>
   <trkpt lon="6.910704" lat="43.641139"><ele>232.5</ele></trkpt>
   <trkpt lon="6.910558" lat="43.641051"><ele>232.0</ele></trkpt>
   <trkpt lon="6.910301" lat="43.640912"><ele>231.25</ele></trkpt>
   <trkpt lon="6.910105" lat="43.640830"><ele>230.75</ele></trkpt>
   <trkpt lon="6.910048" lat="43.640806"><ele>230.5</ele><sym>roundabout_e2</sym></trkpt>
   <trkpt lon="6.910000" lat="43.640827"><ele>230.75</ele></trkpt>
   <trkpt lon="6.909944" lat="43.640830"><ele>230.75</ele></trkpt>
   <trkpt lon="6.909887" lat="43.640811"><ele>230.25</ele></trkpt>
   <trkpt lon="6.909851" lat="43.640774"><ele>229.75</ele></trkpt>
   <trkpt lon="6.909713" lat="43.640750"><ele>229.25</ele></trkpt>
   <trkpt lon="6.909558" lat="43.640744"><ele>229.0</ele></trkpt>
   <trkpt lon="6.909326" lat="43.640756"><ele>228.5</ele></trkpt>
   <trkpt lon="6.909149" lat="43.640793"><ele>228.25</ele></trkpt>
   <trkpt lon="6.908946" lat="43.640850"><ele>227.5</ele></trkpt>
   <trkpt lon="6.908709" lat="43.640955"><ele>226.5</ele></trkpt>
   <trkpt lon="6.908244" lat="43.641209"><ele>224.75</ele></trkpt>
   <trkpt lon="6.908144" lat="43.641279"><ele>224.0</ele></trkpt>
   <trkpt lon="6.908061" lat="43.641366"><ele>223.0</ele></trkpt>
   <trkpt lon="6.907992" lat="43.641488"><ele>222.0</ele></trkpt>
   <trkpt lon="6.907945" lat="43.641607"><ele>221.0</ele></trkpt>
   <trkpt lon="6.907890" lat="43.641776"><ele>219.25</ele><sym>right_slight</sym></trkpt>
   <trkpt lon="6.907890" lat="43.641835"><ele>218.5</ele></trkpt>
   <trkpt lon="6.907913" lat="43.641924"><ele>218.0</ele></trkpt>
   <trkpt lon="6.907972" lat="43.642014"><ele>217.25</ele></trkpt>
   <trkpt lon="6.908041" lat="43.642098"><ele>216.25</ele></trkpt>
   <trkpt lon="6.908271" lat="43.642308"><ele>216.0</ele></trkpt>
   <trkpt lon="6.908635" lat="43.642703"><ele>215.75</ele></trkpt>
   <trkpt lon="6.908675" lat="43.642779"><ele>215.5</ele></trkpt>
   <trkpt lon="6.908686" lat="43.642850"><ele>215.5</ele></trkpt>
   <trkpt lon="6.908654" lat="43.642908"><ele>214.5</ele></trkpt>
   <trkpt lon="6.908598" lat="43.642948"><ele>214.0</ele></trkpt>
   <trkpt lon="6.908526" lat="43.642976"><ele>214.75</ele></trkpt>
   <trkpt lon="6.908449" lat="43.642978"><ele>215.5</ele></trkpt>
   <trkpt lon="6.908365" lat="43.642962"><ele>216.0</ele></trkpt>
   <trkpt lon="6.908112" lat="43.642835"><ele>213.25</ele></trkpt>
   <trkpt lon="6.907705" lat="43.642615"><ele>211.75</ele><sym>pass_place</sym><type>Shaping</type></trkpt>
   <trkpt lon="6.907633" lat="43.642596"><ele>211.0</ele></trkpt>
   <trkpt lon="6.907568" lat="43.642580"><ele>210.75</ele></trkpt>
   <trkpt lon="6.907443" lat="43.642563"><ele>209.75</ele></trkpt>
   <trkpt lon="6.907299" lat="43.642559"><ele>208.75</ele></trkpt>
   <trkpt lon="6.907117" lat="43.642585"><ele>208.25</ele></trkpt>
   <trkpt lon="6.906092" lat="43.642881"><ele>203.5</ele></trkpt>
   <trkpt lon="6.905914" lat="43.642944"><ele>202.25</ele></trkpt>
   <trkpt lon="6.905753" lat="43.643011"><ele>200.0</ele></trkpt>
   <trkpt lon="6.905647" lat="43.643065"><ele>199.5</ele></trkpt>
   <trkpt lon="6.905489" lat="43.643170"><ele>199.0</ele></trkpt>
   <trkpt lon="6.905361" lat="43.643232"><ele>198.0</ele></trkpt>
   <trkpt lon="6.905248" lat="43.643271"><ele>197.25</ele></trkpt>
   <trkpt lon="6.905114" lat="43.643286"><ele>197.0</ele></trkpt>
   <trkpt lon="6.904971" lat="43.643280"><ele>196.25</ele></trkpt>
   <trkpt lon="6.904537" lat="43.643209"><ele>195.5</ele></trkpt>
   <trkpt lon="6.904359" lat="43.643188"><ele>195.25</ele></trkpt>
   <trkpt lon="6.904311" lat="43.643184"><ele>195.25</ele></trkpt>
   <trkpt lon="6.904100" lat="43.643168"><ele>194.5</ele></trkpt>
   <trkpt lon="6.903679" lat="43.643165"><ele>191.0</ele></trkpt>
   <trkpt lon="6.903551" lat="43.643172"><ele>190.5</ele></trkpt>
   <trkpt lon="6.903436" lat="43.643181"><ele>190.0</ele></trkpt>
   <trkpt lon="6.903313" lat="43.643209"><ele>190.0</ele></trkpt>
   <trkpt lon="6.903163" lat="43.643271"><ele>189.25</ele></trkpt>
   <trkpt lon="6.903090" lat="43.643321"><ele>189.25</ele></trkpt>
   <trkpt lon="6.902971" lat="43.643424"><ele>187.75</ele></trkpt>
   <trkpt lon="6.902915" lat="43.643498"><ele>187.25</ele></trkpt>
   <trkpt lon="6.902865" lat="43.643592"><ele>187.25</ele></trkpt>
   <trkpt lon="6.902851" lat="43.643672"><ele>187.0</ele></trkpt>
   <trkpt lon="6.902855" lat="43.643763"><ele>186.5</ele></trkpt>
   <trkpt lon="6.902906" lat="43.643964"><ele>186.0</ele></trkpt>
   <trkpt lon="6.902912" lat="43.644001"><ele>185.75</ele></trkpt>
   <trkpt lon="6.902932" lat="43.644177"><ele>184.5</ele></trkpt>
   <trkpt lon="6.902918" lat="43.644281"><ele>183.75</ele></trkpt>
   <trkpt lon="6.902826" lat="43.644510"><ele>181.75</ele></trkpt>
   <trkpt lon="6.902812" lat="43.644594"><ele>181.5</ele></trkpt>
   <trkpt lon="6.902826" lat="43.644723"><ele>182.0</ele></trkpt>
   <trkpt lon="6.902957" lat="43.645038"><ele>180.0</ele></trkpt>
   <trkpt lon="6.902952" lat="43.645116"><ele>178.75</ele></trkpt>
   <trkpt lon="6.902925" lat="43.645182"><ele>176.75</ele></trkpt>
   <trkpt lon="6.902901" lat="43.645226"><ele>175.5</ele></trkpt>
   <trkpt lon="6.902877" lat="43.645253"><ele>174.25</ele></trkpt>
   <trkpt lon="6.902741" lat="43.645354"><ele>172.25</ele></trkpt>
   <trkpt lon="6.902674" lat="43.645399"><ele>173.25</ele><sym>left</sym></trkpt>
   <trkpt lon="6.902630" lat="43.645376"><ele>173.0</ele></trkpt>
   <trkpt lon="6.902241" lat="43.645260"><ele>173.5</ele></trkpt>
   <trkpt lon="6.902017" lat="43.645173"><ele>173.75</ele></trkpt>
   <trkpt lon="6.901877" lat="43.645114"><ele>173.5</ele></trkpt>
   <trkpt lon="6.901429" lat="43.644973"><ele>176.0</ele></trkpt>
   <trkpt lon="6.900951" lat="43.644755"><ele>180.25</ele></trkpt>
   <trkpt lon="6.900765" lat="43.644620"><ele>182.25</ele></trkpt>
   <trkpt lon="6.900613" lat="43.644511"><ele>184.25</ele></trkpt>
   <trkpt lon="6.900495" lat="43.644416"><ele>186.0</ele></trkpt>
   <trkpt lon="6.900458" lat="43.644401"><ele>186.5</ele></trkpt>
   <trkpt lon="6.900395" lat="43.644404"><ele>187.75</ele><sym>left_slight</sym></trkpt>
   <trkpt lon="6.900239" lat="43.644294"><ele>189.5</ele></trkpt>
   <trkpt lon="6.900147" lat="43.644247"><ele>189.25</ele></trkpt>
   <trkpt lon="6.900026" lat="43.644207"><ele>188.75</ele></trkpt>
   <trkpt lon="6.899865" lat="43.644189"><ele>188.25</ele><sym>left_slight</sym></trkpt>
   <trkpt lon="6.899824" lat="43.644148"><ele>188.0</ele></trkpt>
   <trkpt lon="6.899743" lat="43.644127"><ele>188.0</ele></trkpt>
   <trkpt lon="6.898974" lat="43.644144"><ele>188.0</ele></trkpt>
   <trkpt lon="6.898860" lat="43.644139"><ele>188.5</ele><sym>stay_right</sym></trkpt>
   <trkpt lon="6.898701" lat="43.644141"><ele>189.5</ele></trkpt>
   <trkpt lon="6.898623" lat="43.644129"><ele>189.75</ele></trkpt>
   <trkpt lon="6.898404" lat="43.644062"><ele>188.25</ele></trkpt>
   <trkpt lon="6.898256" lat="43.644050"><ele>188.0</ele></trkpt>
   <trkpt lon="6.897877" lat="43.644113"><ele>189.5</ele></trkpt>
   <trkpt lon="6.897824" lat="43.644116"><ele>189.5</ele><sym>right_slight</sym></trkpt>
   <trkpt lon="6.897643" lat="43.644199"><ele>190.25</ele></trkpt>
   <trkpt lon="6.897263" lat="43.644343"><ele>192.0</ele></trkpt>
   <trkpt lon="6.896158" lat="43.644740"><ele>194.75</ele></trkpt>
   <trkpt lon="6.895885" lat="43.644784"><ele>195.5</ele></trkpt>
   <trkpt lon="6.895428" lat="43.644837"><ele>195.5</ele></trkpt>
   <trkpt lon="6.895244" lat="43.644833"><ele>196.0</ele></trkpt>
   <trkpt lon="6.894680" lat="43.644754"><ele>199.25</ele></trkpt>
   <trkpt lon="6.894271" lat="43.644724"><ele>202.75</ele></trkpt>
   <trkpt lon="6.893445" lat="43.644735"><ele>210.75</ele></trkpt>
   <trkpt lon="6.893404" lat="43.644738"><ele>211.25</ele></trkpt>
   <trkpt lon="6.893365" lat="43.644749"><ele>211.75</ele></trkpt>
   <trkpt lon="6.893313" lat="43.644777"><ele>212.25</ele><sym>left_slight</sym></trkpt>
   <trkpt lon="6.893151" lat="43.644735"><ele>212.5</ele><sym>right_slight</sym></trkpt>
   <trkpt lon="6.893002" lat="43.644767"><ele>213.25</ele></trkpt>
   <trkpt lon="6.892854" lat="43.644826"><ele>214.0</ele></trkpt>
   <trkpt lon="6.892794" lat="43.644867"><ele>214.25</ele><sym>roundabout_e3</sym></trkpt>
   <trkpt lon="6.892779" lat="43.644917"><ele>214.5</ele></trkpt>
   <trkpt lon="6.892748" lat="43.644963"><ele>214.75</ele></trkpt>
   <trkpt lon="6.892689" lat="43.645012"><ele>215.0</ele></trkpt>
   <trkpt lon="6.892614" lat="43.645047"><ele>215.75</ele></trkpt>
   <trkpt lon="6.892528" lat="43.645064"><ele>216.0</ele></trkpt>
   <trkpt lon="6.892438" lat="43.645063"><ele>216.0</ele></trkpt>
   <trkpt lon="6.892353" lat="43.645044"><ele>215.5</ele></trkpt>
   <trkpt lon="6.892286" lat="43.645012"><ele>215.0</ele></trkpt>
   <trkpt lon="6.892233" lat="43.644968"><ele>214.75</ele></trkpt>
   <trkpt lon="6.892197" lat="43.644916"><ele>214.5</ele></trkpt>
   <trkpt lon="6.892180" lat="43.644842"><ele>214.25</ele></trkpt>
   <trkpt lon="6.892185" lat="43.644804"><ele>214.25</ele></trkpt>
   <trkpt lon="6.892127" lat="43.644751"><ele>214.0</ele></trkpt>
   <trkpt lon="6.892056" lat="43.644702"><ele>214.0</ele></trkpt>
   <trkpt lon="6.891959" lat="43.644670"><ele>214.25</ele></trkpt>
   <trkpt lon="6.891739" lat="43.644649"><ele>213.75</ele></trkpt>
   <trkpt lon="6.891577" lat="43.644644"><ele>213.25</ele><sym>stay_left</sym></trkpt>
   <trkpt lon="6.891307" lat="43.644641"><ele>212.0</ele></trkpt>
   <trkpt lon="6.891251" lat="43.644635"><ele>211.75</ele></trkpt>
   <trkpt lon="6.891223" lat="43.644616"><ele>212.0</ele></trkpt>
   <trkpt lon="6.891111" lat="43.644583"><ele>212.0</ele></trkpt>
   <trkpt lon="6.890945" lat="43.644571"><ele>211.25</ele></trkpt>
   <trkpt lon="6.890760" lat="43.644560"><ele>211.0</ele></trkpt>
   <trkpt lon="6.889971" lat="43.644527"><ele>209.0</ele></trkpt>
   <trkpt lon="6.889727" lat="43.644508"><ele>208.25</ele></trkpt>
   <trkpt lon="6.888274" lat="43.644245"><ele>196.5</ele><sym>stay_left</sym></trkpt>
   <trkpt lon="6.888275" lat="43.644241"><ele>196.75</ele><sym>pass_place</sym><type>Shaping</type></trkpt>
   <trkpt lon="6.888274" lat="43.644245"><ele>196.5</ele></trkpt>
   <trkpt lon="6.888172" lat="43.644227"><ele>195.5</ele></trkpt>
   <trkpt lon="6.887482" lat="43.644113"><ele>190.0</ele></trkpt>
   <trkpt lon="6.887160" lat="43.644049"><ele>188.75</ele></trkpt>
   <trkpt lon="6.885727" lat="43.643701"><ele>184.75</ele></trkpt>
   <trkpt lon="6.885695" lat="43.643689"><ele>184.75</ele></trkpt>
   <trkpt lon="6.885589" lat="43.643651"><ele>185.0</ele></trkpt>
   <trkpt lon="6.885121" lat="43.643451"><ele>184.75</ele></trkpt>
   <trkpt lon="6.884359" lat="43.643127"><ele>182.25</ele></trkpt>
   <trkpt lon="6.884069" lat="43.643011"><ele>181.0</ele></trkpt>
   <trkpt lon="6.883363" lat="43.642881"><ele>180.75</ele></trkpt>
   <trkpt lon="6.883260" lat="43.642863"><ele>181.0</ele></trkpt>
   <trkpt lon="6.883205" lat="43.642853"><ele>181.0</ele></trkpt>
   <trkpt lon="6.883167" lat="43.642846"><ele>181.0</ele><sym>left</sym></trkpt>
   <trkpt lon="6.883158" lat="43.642774"><ele>180.5</ele><sym>right</sym></trkpt>
   <trkpt lon="6.883084" lat="43.642765"><ele>180.75</ele></trkpt>
   <trkpt lon="6.882592" lat="43.642745"><ele>180.75</ele></trkpt>
   <trkpt lon="6.882116" lat="43.642753"><ele>180.75</ele></trkpt>
   <trkpt lon="6.882050" lat="43.642755"><ele>180.75</ele></trkpt>
   <trkpt lon="6.881971" lat="43.642756"><ele>180.75</ele></trkpt>
   <trkpt lon="6.881642" lat="43.642746"><ele>179.75</ele></trkpt>
   <trkpt lon="6.881105" lat="43.642699"><ele>180.25</ele></trkpt>
   <trkpt lon="6.880830" lat="43.642652"><ele>180.0</ele></trkpt>
   <trkpt lon="6.880760" lat="43.642631"><ele>179.75</ele></trkpt>
   <trkpt lon="6.880497" lat="43.642531"><ele>179.5</ele></trkpt>
   <trkpt lon="6.880393" lat="43.642548"><ele>180.25</ele><sym>left_slight</sym></trkpt>
   <trkpt lon="6.880215" lat="43.642433"><ele>180.75</ele></trkpt>
   <trkpt lon="6.880078" lat="43.642333"><ele>181.25</ele></trkpt>
   <trkpt lon="6.879545" lat="43.641956"><ele>183.75</ele></trkpt>
   <trkpt lon="6.879112" lat="43.641648"><ele>186.25</ele></trkpt>
   <trkpt lon="6.878888" lat="43.641488"><ele>188.0</ele></trkpt>
   <trkpt lon="6.878847" lat="43.641460"><ele>188.0</ele></trkpt>
   <trkpt lon="6.878771" lat="43.641408"><ele>188.0</ele></trkpt>
   <trkpt lon="6.878313" lat="43.641085"><ele>189.0</ele></trkpt>
   <trkpt lon="6.878243" lat="43.641036"><ele>189.5</ele></trkpt>
   <trkpt lon="6.878116" lat="43.640947"><ele>189.75</ele></trkpt>
   <trkpt lon="6.877839" lat="43.640755"><ele>189.5</ele></trkpt>
   <trkpt lon="6.877642" lat="43.640613"><ele>189.75</ele></trkpt>
   <trkpt lon="6.877364" lat="43.640416"><ele>191.75</ele></trkpt>
   <trkpt lon="6.877271" lat="43.640307"><ele>192.5</ele></trkpt>
   <trkpt lon="6.877071" lat="43.639989"><ele>193.5</ele></trkpt>
   <trkpt lon="6.876999" lat="43.639890"><ele>194.0</ele><sym>right</sym></trkpt>
   <trkpt lon="6.876864" lat="43.639930"><ele>193.75</ele></trkpt>
   <trkpt lon="6.876829" lat="43.639943"><ele>193.75</ele></trkpt>
   <trkpt lon="6.876710" lat="43.639985"><ele>193.0</ele><sym>left</sym></trkpt>
   <trkpt lon="6.876612" lat="43.639842"><ele>195.25</ele></trkpt>
   <trkpt lon="6.876546" lat="43.639727"><ele>197.25</ele></trkpt>
   <trkpt lon="6.876451" lat="43.639610"><ele>197.5</ele></trkpt>
   <trkpt lon="6.876312" lat="43.639487"><ele>196.5</ele></trkpt>
   <trkpt lon="6.876260" lat="43.639449"><ele>196.25</ele></trkpt>
   <trkpt lon="6.876143" lat="43.639365"><ele>197.0</ele></trkpt>
   <trkpt lon="6.875897" lat="43.639241"><ele>197.0</ele></trkpt>
   <trkpt lon="6.875705" lat="43.639164"><ele>195.25</ele></trkpt>
   <trkpt lon="6.875651" lat="43.639142"><ele>195.0</ele></trkpt>
   <trkpt lon="6.875471" lat="43.639093"><ele>195.75</ele></trkpt>
   <trkpt lon="6.875279" lat="43.639060"><ele>197.0</ele></trkpt>
   <trkpt lon="6.874830" lat="43.639049"><ele>195.0</ele></trkpt>
   <trkpt lon="6.873885" lat="43.639181"><ele>195.5</ele></trkpt>
   <trkpt lon="6.873239" lat="43.639301"><ele>197.0</ele></trkpt>
   <trkpt lon="6.873162" lat="43.639316"><ele>196.5</ele></trkpt>
   <trkpt lon="6.873081" lat="43.639331"><ele>196.25</ele></trkpt>
   <trkpt lon="6.872988" lat="43.639349"><ele>196.0</ele></trkpt>
   <trkpt lon="6.872665" lat="43.639404"><ele>195.5</ele></trkpt>
   <trkpt lon="6.872288" lat="43.639455"><ele>196.25</ele></trkpt>
   <trkpt lon="6.872090" lat="43.639469"><ele>196.0</ele></trkpt>
   <trkpt lon="6.871731" lat="43.639471"><ele>195.5</ele></trkpt>
   <trkpt lon="6.871381" lat="43.639490"><ele>196.0</ele></trkpt>
   <trkpt lon="6.871087" lat="43.639498"><ele>197.25</ele></trkpt>
   <trkpt lon="6.870833" lat="43.639527"><ele>198.0</ele></trkpt>
   <trkpt lon="6.870653" lat="43.639558"><ele>197.0</ele></trkpt>
   <trkpt lon="6.870335" lat="43.639659"><ele>197.5</ele></trkpt>
   <trkpt lon="6.870042" lat="43.639784"><ele>199.5</ele></trkpt>
   <trkpt lon="6.869996" lat="43.639808"><ele>200.0</ele></trkpt>
   <trkpt lon="6.869595" lat="43.640111"><ele>201.25</ele></trkpt>
   <trkpt lon="6.869134" lat="43.640482"><ele>200.0</ele><sym>pass_place</sym><type>Shaping</type></trkpt>
   <trkpt lon="6.868870" lat="43.640605"><ele>197.5</ele></trkpt>
   <trkpt lon="6.868591" lat="43.640709"><ele>198.5</ele></trkpt>
   <trkpt lon="6.866905" lat="43.640979"><ele>202.75</ele></trkpt>
   <trkpt lon="6.866765" lat="43.640990"><ele>202.75</ele></trkpt>
   <trkpt lon="6.865895" lat="43.641121"><ele>204.5</ele></trkpt>
   <trkpt lon="6.865275" lat="43.641215"><ele>206.5</ele></trkpt>
   <trkpt lon="6.864285" lat="43.641375"><ele>207.75</ele></trkpt>
   <trkpt lon="6.863992" lat="43.641409"><ele>208.0</ele></trkpt>
   <trkpt lon="6.863647" lat="43.641401"><ele>208.0</ele></trkpt>
   <trkpt lon="6.863274" lat="43.641332"><ele>209.5</ele></trkpt>
   <trkpt lon="6.862944" lat="43.641216"><ele>210.5</ele></trkpt>
   <trkpt lon="6.862715" lat="43.641119"><ele>210.5</ele></trkpt>
   <trkpt lon="6.862496" lat="43.640965"><ele>211.5</ele></trkpt>
   <trkpt lon="6.862299" lat="43.640805"><ele>212.25</ele><sym>left_slight</sym></trkpt>
   <trkpt lon="6.862054" lat="43.640564"><ele>214.25</ele></trkpt>
   <trkpt lon="6.861897" lat="43.640311"><ele>212.25</ele></trkpt>
   <trkpt lon="6.861855" lat="43.640228"><ele>211.25</ele></trkpt>
   <trkpt lon="6.861848" lat="43.640214"><ele>211.25</ele></trkpt>
   <trkpt lon="6.861763" lat="43.640005"><ele>209.0</ele></trkpt>
   <trkpt lon="6.861752" lat="43.639972"><ele>209.25</ele></trkpt>
   <trkpt lon="6.861738" lat="43.639897"><ele>210.0</ele></trkpt>
   <trkpt lon="6.861712" lat="43.639748"><ele>212.25</ele></trkpt>
   <trkpt lon="6.861711" lat="43.639726"><ele>212.75</ele></trkpt>
   <trkpt lon="6.861706" lat="43.639570"><ele>212.5</ele></trkpt>
   <trkpt lon="6.861772" lat="43.639327"><ele>211.5</ele></trkpt>
   <trkpt lon="6.861890" lat="43.638873"><ele>215.75</ele></trkpt>
   <trkpt lon="6.861997" lat="43.638572"><ele>218.0</ele></trkpt>
   <trkpt lon="6.862231" lat="43.637741"><ele>219.0</ele></trkpt>
   <trkpt lon="6.862270" lat="43.637636"><ele>219.25</ele></trkpt>
   <trkpt lon="6.862270" lat="43.637608"><ele>219.25</ele></trkpt>
   <trkpt lon="6.862274" lat="43.637475"><ele>219.5</ele></trkpt>
   <trkpt lon="6.862261" lat="43.637433"><ele>219.75</ele></trkpt>
   <trkpt lon="6.862244" lat="43.637406"><ele>219.75</ele><sym>right</sym></trkpt>
   <trkpt lon="6.862065" lat="43.637452"><ele>220.5</ele></trkpt>
   <trkpt lon="6.861950" lat="43.637463"><ele>220.75</ele></trkpt>
   <trkpt lon="6.861823" lat="43.637459"><ele>221.75</ele></trkpt>
   <trkpt lon="6.861696" lat="43.637431"><ele>222.5</ele></trkpt>
   <trkpt lon="6.861563" lat="43.637378"><ele>223.0</ele></trkpt>
   <trkpt lon="6.861116" lat="43.637180"><ele>225.0</ele></trkpt>
   <trkpt lon="6.860737" lat="43.637006"><ele>227.25</ele></trkpt>
   <trkpt lon="6.860316" lat="43.636812"><ele>230.5</ele></trkpt>
   <trkpt lon="6.860273" lat="43.636796"><ele>231.0</ele></trkpt>
   <trkpt lon="6.859892" lat="43.636624"><ele>232.0</ele></trkpt>
   <trkpt lon="6.859772" lat="43.636570"><ele>233.25</ele></trkpt>
   <trkpt lon="6.859188" lat="43.636306"><ele>234.75</ele></trkpt>
   <trkpt lon="6.858916" lat="43.636183"><ele>236.0</ele></trkpt>
   <trkpt lon="6.858871" lat="43.636171"><ele>236.25</ele></trkpt>
   <trkpt lon="6.858745" lat="43.636138"><ele>236.5</ele></trkpt>
   <trkpt lon="6.858514" lat="43.636052"><ele>237.0</ele></trkpt>
   <trkpt lon="6.858402" lat="43.636024"><ele>237.25</ele></trkpt>
   <trkpt lon="6.858329" lat="43.636015"><ele>237.5</ele><sym>roundabout_e2</sym></trkpt>
   <trkpt lon="6.858290" lat="43.636027"><ele>237.75</ele></trkpt>
   <trkpt lon="6.858248" lat="43.636029"><ele>238.0</ele></trkpt>
   <trkpt lon="6.858207" lat="43.636023"><ele>238.0</ele></trkpt>
   <trkpt lon="6.858170" lat="43.636009"><ele>238.0</ele></trkpt>
   <trkpt lon="6.858140" lat="43.635987"><ele>238.0</ele></trkpt>
   <trkpt lon="6.858117" lat="43.635955"><ele>238.0</ele></trkpt>
   <trkpt lon="6.858044" lat="43.635910"><ele>238.25</ele></trkpt>
   <trkpt lon="6.857955" lat="43.635872"><ele>238.0</ele></trkpt>
   <trkpt lon="6.857395" lat="43.635644"><ele>238.0</ele></trkpt>
   <trkpt lon="6.856991" lat="43.635512"><ele>238.5</ele></trkpt>
   <trkpt lon="6.856237" lat="43.635305"><ele>239.25</ele></trkpt>
   <trkpt lon="6.856147" lat="43.635284"><ele>239.0</ele></trkpt>
   <trkpt lon="6.855826" lat="43.635201"><ele>239.5</ele></trkpt>
   <trkpt lon="6.855769" lat="43.635186"><ele>239.5</ele></trkpt>
   <trkpt lon="6.855682" lat="43.635169"><ele>239.5</ele></trkpt>
   <trkpt lon="6.855626" lat="43.635163"><ele>239.5</ele><sym>roundabout_e1</sym></trkpt>
   <trkpt lon="6.855582" lat="43.635173"><ele>239.5</ele></trkpt>
   <trkpt lon="6.855559" lat="43.635171"><ele>239.5</ele></trkpt>
   <trkpt lon="6.855540" lat="43.635195"><ele>239.75</ele></trkpt>
   <trkpt lon="6.855504" lat="43.635242"><ele>240.0</ele></trkpt>
   <trkpt lon="6.855375" lat="43.635510"><ele>243.0</ele></trkpt>
   <trkpt lon="6.855169" lat="43.635856"><ele>246.0</ele></trkpt>
   <trkpt lon="6.855070" lat="43.636045"><ele>248.0</ele></trkpt>
   <trkpt lon="6.854969" lat="43.636207"><ele>250.25</ele></trkpt>
   <trkpt lon="6.854809" lat="43.636400"><ele>253.0</ele></trkpt>
   <trkpt lon="6.854433" lat="43.636960"><ele>265.25</ele><sym>pass_place</sym><type>Shaping</type></trkpt>
   <trkpt lon="6.854430" lat="43.636965"><ele>265.25</ele></trkpt>
   <trkpt lon="6.853991" lat="43.637100"><ele>268.5</ele></trkpt>
   <trkpt lon="6.853789" lat="43.637285"><ele>271.75</ele></trkpt>
   <trkpt lon="6.853505" lat="43.637641"><ele>277.75</ele></trkpt>
   <trkpt lon="6.853374" lat="43.637816"><ele>280.25</ele></trkpt>
   <trkpt lon="6.853274" lat="43.637982"><ele>283.25</ele><sym>left_slight</sym></trkpt>
   <trkpt lon="6.853177" lat="43.637986"><ele>283.75</ele></trkpt>
   <trkpt lon="6.852922" lat="43.638016"><ele>285.25</ele></trkpt>
   <trkpt lon="6.852328" lat="43.638135"><ele>287.5</ele></trkpt>
   <trkpt lon="6.852036" lat="43.638192"><ele>288.75</ele></trkpt>
   <trkpt lon="6.851463" lat="43.638333"><ele>294.25</ele></trkpt>
   <trkpt lon="6.850462" lat="43.638567"><ele>307.75</ele></trkpt>
   <trkpt lon="6.849979" lat="43.638693"><ele>316.5</ele></trkpt>
   <trkpt lon="6.849780" lat="43.638745"><ele>320.0</ele></trkpt>
   <trkpt lon="6.849330" lat="43.638862"><ele>327.0</ele></trkpt>
   <trkpt lon="6.848682" lat="43.639028"><ele>334.5</ele></trkpt>
   <trkpt lon="6.848172" lat="43.639164"><ele>344.25</ele></trkpt>
   <trkpt lon="6.848063" lat="43.639193"><ele>346.0</ele></trkpt>
   <trkpt lon="6.847330" lat="43.639397"><ele>363.75</ele></trkpt>
   <trkpt lon="6.847120" lat="43.639385"><ele>365.5</ele></trkpt>
   <trkpt lon="6.847040" lat="43.639417"><ele>366.75</ele></trkpt>
   <trkpt lon="6.846943" lat="43.639507"><ele>369.25</ele></trkpt>
   <trkpt lon="6.846424" lat="43.639656"><ele>375.5</ele></trkpt>
   <trkpt lon="6.846342" lat="43.639669"><ele>376.75</ele><sym>right</sym></trkpt>
   <trkpt lon="6.846365" lat="43.639811"><ele>379.0</ele></trkpt>
   <trkpt lon="6.846357" lat="43.639846"><ele>379.5</ele></trkpt>
   <trkpt lon="6.846340" lat="43.639870"><ele>380.0</ele><sym>right_slight</sym></trkpt>
   <trkpt lon="6.846389" lat="43.639939"><ele>380.25</ele></trkpt>
   <trkpt lon="6.846530" lat="43.640188"><ele>382.0</ele><sym>pass_place</sym><type>Shaping</type></trkpt>
   <trkpt lon="6.846532" lat="43.640192"><ele>382.0</ele></trkpt>
   <trkpt lon="6.846593" lat="43.640346"><ele>382.0</ele></trkpt>
   <trkpt lon="6.846624" lat="43.640424"><ele>381.75</ele></trkpt>
   <trkpt lon="6.846653" lat="43.640499"><ele>381.75</ele></trkpt>
   <trkpt lon="6.846671" lat="43.640544"><ele>381.75</ele></trkpt>
   <trkpt lon="6.846693" lat="43.640598"><ele>381.5</ele></trkpt>
   <trkpt lon="6.846713" lat="43.640651"><ele>381.5</ele></trkpt>
   <trkpt lon="6.846745" lat="43.640731"><ele>381.25</ele></trkpt>
   <trkpt lon="6.847020" lat="43.641423"><ele>380.0</ele></trkpt>
   <trkpt lon="6.847100" lat="43.641532"><ele>380.0</ele></trkpt>
   <trkpt lon="6.847168" lat="43.641594"><ele>379.75</ele></trkpt>
   <trkpt lon="6.847375" lat="43.641731"><ele>379.75</ele></trkpt>
   <trkpt lon="6.847969" lat="43.642000"><ele>380.0</ele></trkpt>
   <trkpt lon="6.848746" lat="43.642094"><ele>378.5</ele></trkpt>
   <trkpt lon="6.848838" lat="43.642114"><ele>378.0</ele></trkpt>
   <trkpt lon="6.848962" lat="43.642140"><ele>377.75</ele></trkpt>
   <trkpt lon="6.849051" lat="43.642159"><ele>377.75</ele></trkpt>
   <trkpt lon="6.849499" lat="43.642305"><ele>377.25</ele></trkpt>
   <trkpt lon="6.849642" lat="43.642387"><ele>376.0</ele></trkpt>
   <trkpt lon="6.849746" lat="43.642478"><ele>376.0</ele></trkpt>
   <trkpt lon="6.849984" lat="43.642778"><ele>377.0</ele></trkpt>
   <trkpt lon="6.850171" lat="43.642904"><ele>377.25</ele></trkpt>
   <trkpt lon="6.850480" lat="43.643089"><ele>377.25</ele></trkpt>
   <trkpt lon="6.850980" lat="43.643752"><ele>376.0</ele></trkpt>
   <trkpt lon="6.851243" lat="43.644122"><ele>376.0</ele></trkpt>
   <trkpt lon="6.851591" lat="43.644424"><ele>375.5</ele></trkpt>
   <trkpt lon="6.851724" lat="43.644549"><ele>375.25</ele></trkpt>
   <trkpt lon="6.851741" lat="43.644561"><ele>375.5</ele></trkpt>
   <trkpt lon="6.851802" lat="43.644602"><ele>375.5</ele></trkpt>
   <trkpt lon="6.851852" lat="43.644630"><ele>375.75</ele></trkpt>
   <trkpt lon="6.851916" lat="43.644664"><ele>376.0</ele></trkpt>
   <trkpt lon="6.852493" lat="43.644854"><ele>375.75</ele></trkpt>
   <trkpt lon="6.852926" lat="43.645105"><ele>374.0</ele></trkpt>
   <trkpt lon="6.853209" lat="43.645249"><ele>373.5</ele></trkpt>
   <trkpt lon="6.853469" lat="43.645404"><ele>372.5</ele></trkpt>
   <trkpt lon="6.853905" lat="43.645879"><ele>372.25</ele></trkpt>
   <trkpt lon="6.854054" lat="43.646026"><ele>372.25</ele></trkpt>
   <trkpt lon="6.854096" lat="43.646056"><ele>372.0</ele></trkpt>
   <trkpt lon="6.854145" lat="43.646083"><ele>371.75</ele></trkpt>
   <trkpt lon="6.854209" lat="43.646101"><ele>371.75</ele></trkpt>
   <trkpt lon="6.854282" lat="43.646109"><ele>372.25</ele><sym>right_slight</sym></trkpt>
   <trkpt lon="6.854549" lat="43.646060"><ele>371.25</ele></trkpt>
   <trkpt lon="6.854639" lat="43.646048"><ele>371.0</ele></trkpt>
   <trkpt lon="6.854723" lat="43.646044"><ele>371.0</ele></trkpt>
   <trkpt lon="6.854789" lat="43.646049"><ele>370.75</ele></trkpt>
   <trkpt lon="6.854862" lat="43.646063"><ele>371.0</ele></trkpt>
   <trkpt lon="6.855082" lat="43.646148"><ele>371.5</ele></trkpt>
   <trkpt lon="6.855297" lat="43.646277"><ele>371.75</ele></trkpt>
   <trkpt lon="6.856050" lat="43.646733"><ele>372.75</ele></trkpt>
   <trkpt lon="6.856487" lat="43.646980"><ele>370.5</ele></trkpt>
   <trkpt lon="6.856874" lat="43.647133"><ele>369.75</ele></trkpt>
   <trkpt lon="6.857031" lat="43.647218"><ele>369.5</ele></trkpt>
   <trkpt lon="6.857193" lat="43.647309"><ele>369.5</ele></trkpt>
   <trkpt lon="6.857342" lat="43.647364"><ele>369.5</ele></trkpt>
   <trkpt lon="6.857516" lat="43.647387"><ele>369.0</ele></trkpt>
   <trkpt lon="6.857750" lat="43.647440"><ele>368.5</ele></trkpt>
   <trkpt lon="6.857835" lat="43.647464"><ele>368.5</ele></trkpt>
   <trkpt lon="6.857898" lat="43.647466"><ele>368.25</ele><sym>roundabout_e2</sym></trkpt>
   <trkpt lon="6.857920" lat="43.647449"><ele>367.75</ele></trkpt>
   <trkpt lon="6.857949" lat="43.647448"><ele>367.5</ele></trkpt>
   <trkpt lon="6.857962" lat="43.647453"><ele>367.5</ele></trkpt>
   <trkpt lon="6.857975" lat="43.647472"><ele>368.0</ele></trkpt>
   <trkpt lon="6.858123" lat="43.647487"><ele>367.25</ele></trkpt>
   <trkpt lon="6.858217" lat="43.647506"><ele>366.75</ele></trkpt>
   <trkpt lon="6.858296" lat="43.647537"><ele>366.75</ele></trkpt>
   <trkpt lon="6.858376" lat="43.647598"><ele>366.5</ele></trkpt>
   <trkpt lon="6.858449" lat="43.647666"><ele>366.0</ele></trkpt>
   <trkpt lon="6.858466" lat="43.647685"><ele>366.0</ele></trkpt>
   <trkpt lon="6.858785" lat="43.648027"><ele>365.25</ele></trkpt>
   <trkpt lon="6.858913" lat="43.648110"><ele>364.75</ele></trkpt>
   <trkpt lon="6.859033" lat="43.648159"><ele>364.25</ele></trkpt>
   <trkpt lon="6.859182" lat="43.648179"><ele>362.75</ele></trkpt>
   <trkpt lon="6.859518" lat="43.648177"><ele>361.75</ele></trkpt>
   <trkpt lon="6.859668" lat="43.648205"><ele>361.0</ele></trkpt>
   <trkpt lon="6.859772" lat="43.648251"><ele>360.5</ele></trkpt>
   <trkpt lon="6.859892" lat="43.648358"><ele>360.0</ele></trkpt>
   <trkpt lon="6.859944" lat="43.648475"><ele>359.75</ele></trkpt>
   <trkpt lon="6.860066" lat="43.649004"><ele>357.75</ele></trkpt>
   <trkpt lon="6.860106" lat="43.649139"><ele>358.0</ele></trkpt>
   <trkpt lon="6.860155" lat="43.649213"><ele>357.25</ele></trkpt>
   <trkpt lon="6.860225" lat="43.649278"><ele>355.5</ele></trkpt>
   <trkpt lon="6.860277" lat="43.649303"><ele>353.75</ele></trkpt>
   <trkpt lon="6.860344" lat="43.649317"><ele>355.5</ele></trkpt>
   <trkpt lon="6.860410" lat="43.649314"><ele>356.75</ele></trkpt>
   <trkpt lon="6.860468" lat="43.649299"><ele>357.25</ele></trkpt>
   <trkpt lon="6.860695" lat="43.649167"><ele>354.0</ele></trkpt>
   <trkpt lon="6.860773" lat="43.649132"><ele>353.0</ele></trkpt>
   <trkpt lon="6.860876" lat="43.649112"><ele>352.75</ele></trkpt>
   <trkpt lon="6.861735" lat="43.649032"><ele>351.25</ele></trkpt>
   <trkpt lon="6.861988" lat="43.648992"><ele>350.5</ele></trkpt>
   <trkpt lon="6.862105" lat="43.648956"><ele>349.75</ele></trkpt>
   <trkpt lon="6.862601" lat="43.648762"><ele>347.0</ele><sym>pass_place</sym><type>Shaping</type></trkpt>
   <trkpt lon="6.862603" lat="43.648762"><ele>347.0</ele></trkpt>
   <trkpt lon="6.862818" lat="43.648717"><ele>346.75</ele></trkpt>
   <trkpt lon="6.863079" lat="43.648701"><ele>345.0</ele></trkpt>
   <trkpt lon="6.863404" lat="43.648734"><ele>344.5</ele></trkpt>
   <trkpt lon="6.863660" lat="43.648806"><ele>343.75</ele></trkpt>
   <trkpt lon="6.863936" lat="43.648950"><ele>342.25</ele></trkpt>
   <trkpt lon="6.864068" lat="43.649038"><ele>341.75</ele></trkpt>
   <trkpt lon="6.864124" lat="43.649081"><ele>341.25</ele></trkpt>
   <trkpt lon="6.864263" lat="43.649221"><ele>341.0</ele></trkpt>
   <trkpt lon="6.864516" lat="43.649603"><ele>338.0</ele></trkpt>
   <trkpt lon="6.864567" lat="43.649827"><ele>338.5</ele></trkpt>
   <trkpt lon="6.864637" lat="43.649982"><ele>338.0</ele></trkpt>
   <trkpt lon="6.864689" lat="43.650028"><ele>337.25</ele></trkpt>
   <trkpt lon="6.864730" lat="43.650064"><ele>337.0</ele></trkpt>
   <trkpt lon="6.864823" lat="43.650113"><ele>337.75</ele></trkpt>
   <trkpt lon="6.864954" lat="43.650129"><ele>337.0</ele></trkpt>
   <trkpt lon="6.865202" lat="43.650085"><ele>335.0</ele></trkpt>
   <trkpt lon="6.865511" lat="43.650062"><ele>333.75</ele></trkpt>
   <trkpt lon="6.865759" lat="43.650085"><ele>332.75</ele></trkpt>
   <trkpt lon="6.866031" lat="43.650151"><ele>331.75</ele></trkpt>
   <trkpt lon="6.866120" lat="43.650181"><ele>331.5</ele></trkpt>
   <trkpt lon="6.866200" lat="43.650218"><ele>331.5</ele></trkpt>
   <trkpt lon="6.866249" lat="43.650255"><ele>331.75</ele></trkpt>
   <trkpt lon="6.866438" lat="43.650480"><ele>329.75</ele></trkpt>
   <trkpt lon="6.866573" lat="43.650557"><ele>329.5</ele></trkpt>
   <trkpt lon="6.866711" lat="43.650590"><ele>329.75</ele></trkpt>
   <trkpt lon="6.866866" lat="43.650581"><ele>329.0</ele></trkpt>
   <trkpt lon="6.867250" lat="43.650433"><ele>327.0</ele></trkpt>
   <trkpt lon="6.867383" lat="43.650400"><ele>325.75</ele></trkpt>
   <trkpt lon="6.867523" lat="43.650401"><ele>325.5</ele></trkpt>
   <trkpt lon="6.867614" lat="43.650418"><ele>325.25</ele></trkpt>
   <trkpt lon="6.868466" lat="43.650609"><ele>322.5</ele></trkpt>
   <trkpt lon="6.868556" lat="43.650630"><ele>322.25</ele></trkpt>
   <trkpt lon="6.868659" lat="43.650621"><ele>321.0</ele></trkpt>
   <trkpt lon="6.868763" lat="43.650571"><ele>319.0</ele></trkpt>
   <trkpt lon="6.868810" lat="43.650524"><ele>318.5</ele></trkpt>
   <trkpt lon="6.868894" lat="43.650224"><ele>319.5</ele></trkpt>
   <trkpt lon="6.868962" lat="43.650103"><ele>319.75</ele></trkpt>
   <trkpt lon="6.869174" lat="43.649855"><ele>318.25</ele></trkpt>
   <trkpt lon="6.869322" lat="43.649718"><ele>316.5</ele></trkpt>
   <trkpt lon="6.869384" lat="43.649652"><ele>316.0</ele></trkpt>
   <trkpt lon="6.869428" lat="43.649609"><ele>316.0</ele></trkpt>
   <trkpt lon="6.869529" lat="43.649489"><ele>315.5</ele></trkpt>
   <trkpt lon="6.869624" lat="43.649412"><ele>314.75</ele></trkpt>
   <trkpt lon="6.869774" lat="43.649330"><ele>313.5</ele></trkpt>
   <trkpt lon="6.870502" lat="43.649111"><ele>310.75</ele></trkpt>
   <trkpt lon="6.870742" lat="43.649008"><ele>311.25</ele></trkpt>
   <trkpt lon="6.871254" lat="43.648557"><ele>308.25</ele></trkpt>
   <trkpt lon="6.871351" lat="43.648488"><ele>307.75</ele></trkpt>
   <trkpt lon="6.871495" lat="43.648416"><ele>307.0</ele></trkpt>
   <trkpt lon="6.871704" lat="43.648359"><ele>305.75</ele></trkpt>
   <trkpt lon="6.871960" lat="43.648321"><ele>305.5</ele></trkpt>
   <trkpt lon="6.872218" lat="43.648296"><ele>304.5</ele></trkpt>
   <trkpt lon="6.872391" lat="43.648283"><ele>304.5</ele></trkpt>
   <trkpt lon="6.872553" lat="43.648278"><ele>304.5</ele></trkpt>
   <trkpt lon="6.872929" lat="43.648280"><ele>304.0</ele></trkpt>
   <trkpt lon="6.873128" lat="43.648261"><ele>302.75</ele></trkpt>
   <trkpt lon="6.873299" lat="43.648212"><ele>301.75</ele></trkpt>
   <trkpt lon="6.873509" lat="43.648119"><ele>300.5</ele></trkpt>
   <trkpt lon="6.873807" lat="43.648005"><ele>299.25</ele></trkpt>
   <trkpt lon="6.873885" lat="43.647989"><ele>299.0</ele></trkpt>
   <trkpt lon="6.874032" lat="43.647989"><ele>298.75</ele></trkpt>
   <trkpt lon="6.874133" lat="43.647990"><ele>298.5</ele></trkpt>
   <trkpt lon="6.874470" lat="43.648038"><ele>297.25</ele></trkpt>
   <trkpt lon="6.874642" lat="43.648051"><ele>297.0</ele></trkpt>
   <trkpt lon="6.874849" lat="43.648067"><ele>295.25</ele></trkpt>
   <trkpt lon="6.874926" lat="43.648078"><ele>294.5</ele></trkpt>
   <trkpt lon="6.874997" lat="43.648103"><ele>294.0</ele></trkpt>
   <trkpt lon="6.875481" lat="43.648382"><ele>293.75</ele></trkpt>
   <trkpt lon="6.875605" lat="43.648447"><ele>293.75</ele></trkpt>
   <trkpt lon="6.875731" lat="43.648496"><ele>292.75</ele></trkpt>
   <trkpt lon="6.876262" lat="43.648662"><ele>290.75</ele></trkpt>
   <trkpt lon="6.876639" lat="43.648789"><ele>288.5</ele></trkpt>
   <trkpt lon="6.876724" lat="43.648811"><ele>288.25</ele></trkpt>
   <trkpt lon="6.876794" lat="43.648823"><ele>288.0</ele></trkpt>
   <trkpt lon="6.876927" lat="43.648833"><ele>287.25</ele></trkpt>
   <trkpt lon="6.877024" lat="43.648829"><ele>287.25</ele></trkpt>
   <trkpt lon="6.877870" lat="43.648753"><ele>285.25</ele></trkpt>
   <trkpt lon="6.878144" lat="43.648761"><ele>285.0</ele></trkpt>
   <trkpt lon="6.878350" lat="43.648807"><ele>283.0</ele></trkpt>
   <trkpt lon="6.879323" lat="43.649174"><ele>278.25</ele></trkpt>
   <trkpt lon="6.879932" lat="43.649463"><ele>277.0</ele></trkpt>
   <trkpt lon="6.880111" lat="43.649532"><ele>277.25</ele></trkpt>
   <trkpt lon="6.880160" lat="43.649546"><ele>277.0</ele></trkpt>
   <trkpt lon="6.880244" lat="43.649551"><ele>276.25</ele></trkpt>
   <trkpt lon="6.880464" lat="43.649513"><ele>276.0</ele></trkpt>
   <trkpt lon="6.880720" lat="43.649475"><ele>274.5</ele></trkpt>
   <trkpt lon="6.880835" lat="43.649470"><ele>273.75</ele></trkpt>
   <trkpt lon="6.880970" lat="43.649472"><ele>272.5</ele></trkpt>
   <trkpt lon="6.881193" lat="43.649503"><ele>271.25</ele></trkpt>
   <trkpt lon="6.881328" lat="43.649537"><ele>270.75</ele></trkpt>
   <trkpt lon="6.881330" lat="43.649538"><ele>270.25</ele><sym>pass_place</sym><type>Shaping</type></trkpt>
   <trkpt lon="6.881447" lat="43.649578"><ele>270.25</ele></trkpt>
   <trkpt lon="6.881544" lat="43.649619"><ele>270.25</ele></trkpt>
   <trkpt lon="6.881637" lat="43.649666"><ele>270.0</ele></trkpt>
   <trkpt lon="6.882214" lat="43.649993"><ele>266.75</ele></trkpt>
   <trkpt lon="6.882768" lat="43.650577"><ele>265.25</ele></trkpt>
   <trkpt lon="6.882838" lat="43.650633"><ele>263.25</ele></trkpt>
   <trkpt lon="6.883008" lat="43.650719"><ele>261.25</ele></trkpt>
   <trkpt lon="6.883147" lat="43.650757"><ele>262.75</ele></trkpt>
   <trkpt lon="6.883246" lat="43.650775"><ele>264.5</ele></trkpt>
   <trkpt lon="6.883342" lat="43.650781"><ele>265.5</ele></trkpt>
   <trkpt lon="6.883439" lat="43.650782"><ele>264.0</ele></trkpt>
   <trkpt lon="6.883554" lat="43.650769"><ele>261.75</ele></trkpt>
   <trkpt lon="6.883639" lat="43.650745"><ele>260.0</ele></trkpt>
   <trkpt lon="6.883729" lat="43.650709"><ele>259.25</ele></trkpt>
   <trkpt lon="6.883800" lat="43.650665"><ele>259.0</ele></trkpt>
   <trkpt lon="6.883905" lat="43.650587"><ele>259.25</ele></trkpt>
   <trkpt lon="6.884127" lat="43.650378"><ele>258.5</ele></trkpt>
   <trkpt lon="6.884266" lat="43.650291"><ele>257.5</ele></trkpt>
   <trkpt lon="6.884458" lat="43.650214"><ele>257.0</ele></trkpt>
   <trkpt lon="6.884726" lat="43.650118"><ele>255.5</ele></trkpt>
   <trkpt lon="6.884816" lat="43.650068"><ele>255.25</ele><sym>right_slight</sym></trkpt>
   <trkpt lon="6.884926" lat="43.649959"><ele>254.25</ele></trkpt>
   <trkpt lon="6.885078" lat="43.649754"><ele>253.0</ele></trkpt>
   <trkpt lon="6.885264" lat="43.649529"><ele>252.0</ele></trkpt>
   <trkpt lon="6.885352" lat="43.649418"><ele>251.25</ele></trkpt>
   <trkpt lon="6.885519" lat="43.649275"><ele>250.25</ele></trkpt>
   <trkpt lon="6.885656" lat="43.649183"><ele>249.75</ele></trkpt>
   <trkpt lon="6.885959" lat="43.649022"><ele>249.0</ele></trkpt>
   <trkpt lon="6.886086" lat="43.648894"><ele>247.75</ele></trkpt>
   <trkpt lon="6.886139" lat="43.648796"><ele>247.5</ele></trkpt>
   <trkpt lon="6.886195" lat="43.648366"><ele>244.5</ele></trkpt>
   <trkpt lon="6.886251" lat="43.648274"><ele>244.0</ele></trkpt>
   <trkpt lon="6.886322" lat="43.648196"><ele>243.5</ele></trkpt>
   <trkpt lon="6.886420" lat="43.648123"><ele>243.25</ele></trkpt>
   <trkpt lon="6.886545" lat="43.648057"><ele>242.5</ele></trkpt>
   <trkpt lon="6.886675" lat="43.648010"><ele>241.75</ele></trkpt>
   <trkpt lon="6.887461" lat="43.647793"><ele>240.0</ele></trkpt>
   <trkpt lon="6.888638" lat="43.647294"><ele>235.25</ele></trkpt>
   <trkpt lon="6.889352" lat="43.646688"><ele>230.5</ele></trkpt>
   <trkpt lon="6.889523" lat="43.646618"><ele>230.25</ele></trkpt>
   <trkpt lon="6.889949" lat="43.646506"><ele>229.5</ele></trkpt>
   <trkpt lon="6.890238" lat="43.646381"><ele>226.5</ele></trkpt>
   <trkpt lon="6.890400" lat="43.646311"><ele>226.0</ele></trkpt>
   <trkpt lon="6.890843" lat="43.646065"><ele>223.75</ele></trkpt>
   <trkpt lon="6.891097" lat="43.645966"><ele>223.25</ele></trkpt>
   <trkpt lon="6.891394" lat="43.645825"><ele>221.75</ele></trkpt>
   <trkpt lon="6.891596" lat="43.645720"><ele>220.25</ele></trkpt>
   <trkpt lon="6.891673" lat="43.645647"><ele>220.0</ele></trkpt>
   <trkpt lon="6.891738" lat="43.645568"><ele>219.25</ele></trkpt>
   <trkpt lon="6.891889" lat="43.645258"><ele>216.25</ele></trkpt>
   <trkpt lon="6.891945" lat="43.645199"><ele>216.0</ele></trkpt>
   <trkpt lon="6.892045" lat="43.645105"><ele>215.25</ele></trkpt>
   <trkpt lon="6.892066" lat="43.645085"><ele>215.25</ele></trkpt>
   <trkpt lon="6.892114" lat="43.645041"><ele>215.0</ele></trkpt>
   <trkpt lon="6.892162" lat="43.644976"><ele>214.5</ele></trkpt>
   <trkpt lon="6.892197" lat="43.644916"><ele>214.5</ele><sym>roundabout_e3</sym></trkpt>
   <trkpt lon="6.892180" lat="43.644842"><ele>214.25</ele></trkpt>
   <trkpt lon="6.892185" lat="43.644804"><ele>214.25</ele></trkpt>
   <trkpt lon="6.892210" lat="43.644747"><ele>214.0</ele></trkpt>
   <trkpt lon="6.892256" lat="43.644697"><ele>214.25</ele></trkpt>
   <trkpt lon="6.892318" lat="43.644658"><ele>214.5</ele></trkpt>
   <trkpt lon="6.892418" lat="43.644627"><ele>215.0</ele></trkpt>
   <trkpt lon="6.892527" lat="43.644623"><ele>215.25</ele></trkpt>
   <trkpt lon="6.892614" lat="43.644640"><ele>215.0</ele></trkpt>
   <trkpt lon="6.892689" lat="43.644675"><ele>214.5</ele></trkpt>
   <trkpt lon="6.892833" lat="43.644687"><ele>214.0</ele></trkpt>
   <trkpt lon="6.893151" lat="43.644735"><ele>212.5</ele></trkpt>
   <trkpt lon="6.893313" lat="43.644777"><ele>212.25</ele></trkpt>
   <trkpt lon="6.893671" lat="43.644904"><ele>210.75</ele></trkpt>
   <trkpt lon="6.894100" lat="43.644993"><ele>209.0</ele></trkpt>
   <trkpt lon="6.894223" lat="43.645030"><ele>208.25</ele></trkpt>
   <trkpt lon="6.894341" lat="43.645079"><ele>207.0</ele></trkpt>
   <trkpt lon="6.894523" lat="43.645190"><ele>206.5</ele></trkpt>
   <trkpt lon="6.894644" lat="43.645245"><ele>206.75</ele></trkpt>
   <trkpt lon="6.894739" lat="43.645267"><ele>206.5</ele></trkpt>
   <trkpt lon="6.894826" lat="43.645269"><ele>206.0</ele></trkpt>
   <trkpt lon="6.894913" lat="43.645262"><ele>205.25</ele></trkpt>
   <trkpt lon="6.895474" lat="43.645113"><ele>203.0</ele></trkpt>
   <trkpt lon="6.895965" lat="43.645013"><ele>201.25</ele></trkpt>
   <trkpt lon="6.896136" lat="43.644971"><ele>200.5</ele></trkpt>
   <trkpt lon="6.896290" lat="43.644916"><ele>200.5</ele></trkpt>
   <trkpt lon="6.896643" lat="43.644762"><ele>198.75</ele></trkpt>
   <trkpt lon="6.897852" lat="43.644279"><ele>194.0</ele></trkpt>
   <trkpt lon="6.897985" lat="43.644252"><ele>193.5</ele></trkpt>
   <trkpt lon="6.898201" lat="43.644213"><ele>192.0</ele></trkpt>
   <trkpt lon="6.898289" lat="43.644205"><ele>191.75</ele></trkpt>
   <trkpt lon="6.898399" lat="43.644203"><ele>191.5</ele></trkpt>
   <trkpt lon="6.898999" lat="43.644230"><ele>188.5</ele><sym>pass_place</sym><type>Shaping</type></trkpt>
   <trkpt lon="6.899100" lat="43.644232"><ele>188.25</ele></trkpt>
   <trkpt lon="6.899164" lat="43.644233"><ele>188.0</ele></trkpt>
   <trkpt lon="6.899333" lat="43.644222"><ele>188.75</ele></trkpt>
   <trkpt lon="6.899455" lat="43.644215"><ele>189.0</ele></trkpt>
   <trkpt lon="6.899515" lat="43.644209"><ele>189.0</ele></trkpt>
   <trkpt lon="6.899699" lat="43.644192"><ele>188.25</ele></trkpt>
   <trkpt lon="6.899865" lat="43.644189"><ele>188.25</ele></trkpt>
   <trkpt lon="6.900026" lat="43.644207"><ele>188.75</ele></trkpt>
   <trkpt lon="6.900147" lat="43.644247"><ele>189.25</ele></trkpt>
   <trkpt lon="6.900239" lat="43.644294"><ele>189.5</ele></trkpt>
   <trkpt lon="6.900395" lat="43.644404"><ele>187.75</ele><sym>straight</sym></trkpt>
   <trkpt lon="6.900458" lat="43.644401"><ele>186.5</ele></trkpt>
   <trkpt lon="6.900495" lat="43.644416"><ele>186.0</ele></trkpt>
   <trkpt lon="6.900613" lat="43.644511"><ele>184.25</ele></trkpt>
   <trkpt lon="6.900765" lat="43.644620"><ele>182.25</ele></trkpt>
   <trkpt lon="6.900951" lat="43.644755"><ele>180.25</ele></trkpt>
   <trkpt lon="6.901429" lat="43.644973"><ele>176.0</ele></trkpt>
   <trkpt lon="6.901877" lat="43.645114"><ele>173.5</ele></trkpt>
   <trkpt lon="6.902017" lat="43.645173"><ele>173.75</ele></trkpt>
   <trkpt lon="6.902241" lat="43.645260"><ele>173.5</ele></trkpt>
   <trkpt lon="6.902630" lat="43.645376"><ele>173.0</ele></trkpt>
   <trkpt lon="6.902674" lat="43.645399"><ele>173.25</ele><sym>right_slight</sym></trkpt>
   <trkpt lon="6.902741" lat="43.645354"><ele>172.25</ele></trkpt>
   <trkpt lon="6.902877" lat="43.645253"><ele>174.25</ele></trkpt>
   <trkpt lon="6.902901" lat="43.645226"><ele>175.5</ele></trkpt>
   <trkpt lon="6.902925" lat="43.645182"><ele>176.75</ele></trkpt>
   <trkpt lon="6.902952" lat="43.645116"><ele>178.75</ele></trkpt>
   <trkpt lon="6.902957" lat="43.645038"><ele>180.0</ele></trkpt>
   <trkpt lon="6.902826" lat="43.644723"><ele>182.0</ele></trkpt>
   <trkpt lon="6.902812" lat="43.644594"><ele>181.5</ele></trkpt>
   <trkpt lon="6.902826" lat="43.644510"><ele>181.75</ele></trkpt>
   <trkpt lon="6.902918" lat="43.644281"><ele>183.75</ele></trkpt>
   <trkpt lon="6.902932" lat="43.644177"><ele>184.5</ele></trkpt>
   <trkpt lon="6.902912" lat="43.644001"><ele>185.75</ele></trkpt>
   <trkpt lon="6.902906" lat="43.643964"><ele>186.0</ele></trkpt>
   <trkpt lon="6.902855" lat="43.643763"><ele>186.5</ele></trkpt>
   <trkpt lon="6.902851" lat="43.643672"><ele>187.0</ele></trkpt>
   <trkpt lon="6.902865" lat="43.643592"><ele>187.25</ele></trkpt>
   <trkpt lon="6.902915" lat="43.643498"><ele>187.25</ele></trkpt>
   <trkpt lon="6.902971" lat="43.643424"><ele>187.75</ele></trkpt>
   <trkpt lon="6.903090" lat="43.643321"><ele>189.25</ele></trkpt>
   <trkpt lon="6.903163" lat="43.643271"><ele>189.25</ele></trkpt>
   <trkpt lon="6.903313" lat="43.643209"><ele>190.0</ele></trkpt>
   <trkpt lon="6.903436" lat="43.643181"><ele>190.0</ele></trkpt>
   <trkpt lon="6.903551" lat="43.643172"><ele>190.5</ele></trkpt>
   <trkpt lon="6.903679" lat="43.643165"><ele>191.0</ele></trkpt>
   <trkpt lon="6.904100" lat="43.643168"><ele>194.5</ele></trkpt>
   <trkpt lon="6.904311" lat="43.643184"><ele>195.25</ele></trkpt>
   <trkpt lon="6.904359" lat="43.643188"><ele>195.25</ele></trkpt>
   <trkpt lon="6.904537" lat="43.643209"><ele>195.5</ele></trkpt>
   <trkpt lon="6.904971" lat="43.643280"><ele>196.25</ele></trkpt>
   <trkpt lon="6.905114" lat="43.643286"><ele>197.0</ele></trkpt>
   <trkpt lon="6.905248" lat="43.643271"><ele>197.25</ele></trkpt>
   <trkpt lon="6.905361" lat="43.643232"><ele>198.0</ele></trkpt>
   <trkpt lon="6.905489" lat="43.643170"><ele>199.0</ele></trkpt>
   <trkpt lon="6.905647" lat="43.643065"><ele>199.5</ele></trkpt>
   <trkpt lon="6.905753" lat="43.643011"><ele>200.0</ele></trkpt>
   <trkpt lon="6.905914" lat="43.642944"><ele>202.25</ele></trkpt>
   <trkpt lon="6.906092" lat="43.642881"><ele>203.5</ele></trkpt>
   <trkpt lon="6.907117" lat="43.642585"><ele>208.25</ele></trkpt>
   <trkpt lon="6.907299" lat="43.642559"><ele>208.75</ele></trkpt>
   <trkpt lon="6.907443" lat="43.642563"><ele>209.75</ele></trkpt>
   <trkpt lon="6.907568" lat="43.642580"><ele>210.75</ele></trkpt>
   <trkpt lon="6.907633" lat="43.642596"><ele>211.0</ele></trkpt>
   <trkpt lon="6.907705" lat="43.642615"><ele>211.75</ele></trkpt>
   <trkpt lon="6.908112" lat="43.642835"><ele>213.25</ele></trkpt>
   <trkpt lon="6.908365" lat="43.642962"><ele>216.0</ele></trkpt>
   <trkpt lon="6.908449" lat="43.642978"><ele>215.5</ele></trkpt>
   <trkpt lon="6.908526" lat="43.642976"><ele>214.75</ele></trkpt>
   <trkpt lon="6.908598" lat="43.642948"><ele>214.0</ele></trkpt>
   <trkpt lon="6.908654" lat="43.642908"><ele>214.5</ele></trkpt>
   <trkpt lon="6.908686" lat="43.642850"><ele>215.5</ele></trkpt>
   <trkpt lon="6.908675" lat="43.642779"><ele>215.5</ele></trkpt>
   <trkpt lon="6.908635" lat="43.642703"><ele>215.75</ele></trkpt>
   <trkpt lon="6.908271" lat="43.642308"><ele>216.0</ele></trkpt>
   <trkpt lon="6.908041" lat="43.642098"><ele>216.25</ele></trkpt>
   <trkpt lon="6.907972" lat="43.642014"><ele>217.25</ele></trkpt>
   <trkpt lon="6.907913" lat="43.641924"><ele>218.0</ele></trkpt>
   <trkpt lon="6.907890" lat="43.641835"><ele>218.5</ele></trkpt>
   <trkpt lon="6.907890" lat="43.641776"><ele>219.25</ele></trkpt>
   <trkpt lon="6.907882" lat="43.641609"><ele>220.75</ele></trkpt>
   <trkpt lon="6.907943" lat="43.641436"><ele>222.5</ele></trkpt>
   <trkpt lon="6.908005" lat="43.641342"><ele>223.0</ele></trkpt>
   <trkpt lon="6.908095" lat="43.641247"><ele>223.75</ele></trkpt>
   <trkpt lon="6.908201" lat="43.641171"><ele>224.5</ele></trkpt>
   <trkpt lon="6.908587" lat="43.640967"><ele>225.5</ele></trkpt>
   <trkpt lon="6.908755" lat="43.640880"><ele>226.5</ele></trkpt>
   <trkpt lon="6.909037" lat="43.640776"><ele>227.5</ele></trkpt>
   <trkpt lon="6.909147" lat="43.640751"><ele>227.75</ele></trkpt>
   <trkpt lon="6.909335" lat="43.640722"><ele>228.25</ele></trkpt>
   <trkpt lon="6.909560" lat="43.640709"><ele>228.75</ele></trkpt>
   <trkpt lon="6.909782" lat="43.640710"><ele>229.0</ele></trkpt>
   <trkpt lon="6.909862" lat="43.640699"><ele>229.25</ele><sym>roundabout_e1</sym></trkpt>
   <trkpt lon="6.909902" lat="43.640671"><ele>229.0</ele></trkpt>
   <trkpt lon="6.909867" lat="43.640643"><ele>228.75</ele></trkpt>
   <trkpt lon="6.909637" lat="43.640332"><ele>225.25</ele></trkpt>
   <trkpt lon="6.909621" lat="43.640315"><ele>225.0</ele></trkpt>
   <trkpt lon="6.909552" lat="43.640246"><ele>224.0</ele></trkpt>
   <trkpt lon="6.909444" lat="43.640014"><ele>221.0</ele></trkpt>
   <trkpt lon="6.909309" lat="43.639724"><ele>219.5</ele></trkpt>
   <trkpt lon="6.909229" lat="43.639526"><ele>217.75</ele></trkpt>
   <trkpt lon="6.909171" lat="43.639436"><ele>216.75</ele></trkpt>
   <trkpt lon="6.909059" lat="43.639317"><ele>216.5</ele></trkpt>
   <trkpt lon="6.908847" lat="43.639135"><ele>216.5</ele></trkpt>
   <trkpt lon="6.908579" lat="43.638948"><ele>218.25</ele></trkpt>
   <trkpt lon="6.908485" lat="43.638855"><ele>219.0</ele></trkpt>
   <trkpt lon="6.908406" lat="43.638748"><ele>219.75</ele></trkpt>
   <trkpt lon="6.908340" lat="43.638612"><ele>220.75</ele><sym>roundabout_e2</sym></trkpt>
   <trkpt lon="6.908305" lat="43.638609"><ele>221.0</ele></trkpt>
   <trkpt lon="6.908279" lat="43.638592"><ele>221.5</ele></trkpt>
   <trkpt lon="6.908272" lat="43.638567"><ele>221.75</ele></trkpt>
   <trkpt lon="6.908285" lat="43.638544"><ele>221.75</ele></trkpt>
   <trkpt lon="6.908319" lat="43.638529"><ele>221.75</ele></trkpt>
   <trkpt lon="6.908357" lat="43.638533"><ele>221.5</ele></trkpt>
   <trkpt lon="6.908454" lat="43.638325"><ele>222.5</ele></trkpt>
   <trkpt lon="6.908518" lat="43.638164"><ele>222.75</ele></trkpt>
   <trkpt lon="6.908534" lat="43.638073"><ele>223.0</ele></trkpt>
   <trkpt lon="6.908541" lat="43.638002"><ele>223.25</ele></trkpt>
   <trkpt lon="6.908525" lat="43.637915"><ele>223.25</ele><sym>pass_place</sym><type>Shaping</type></trkpt>
   <trkpt lon="6.908454" lat="43.637672"><ele>223.0</ele></trkpt>
   <trkpt lon="6.908383" lat="43.637482"><ele>222.75</ele></trkpt>
   <trkpt lon="6.908290" lat="43.637312"><ele>222.25</ele></trkpt>
   <trkpt lon="6.908167" lat="43.637085"><ele>223.0</ele></trkpt>
   <trkpt lon="6.908132" lat="43.637021"><ele>223.25</ele></trkpt>
   <trkpt lon="6.908155" lat="43.636778"><ele>224.75</ele></trkpt>
   <trkpt lon="6.908155" lat="43.636610"><ele>225.75</ele></trkpt>
   <trkpt lon="6.908106" lat="43.636468"><ele>226.5</ele></trkpt>
   <trkpt lon="6.908002" lat="43.636327"><ele>227.0</ele></trkpt>
   <trkpt lon="6.907834" lat="43.636027"><ele>226.75</ele></trkpt>
   <trkpt lon="6.907715" lat="43.635838"><ele>226.0</ele><sym>roundabout_e2</sym></trkpt>
   <trkpt lon="6.907687" lat="43.635843"><ele>226.0</ele></trkpt>
   <trkpt lon="6.907656" lat="43.635833"><ele>225.75</ele></trkpt>
   <trkpt lon="6.907638" lat="43.635813"><ele>225.75</ele></trkpt>
   <trkpt lon="6.907646" lat="43.635784"><ele>225.5</ele></trkpt>
   <trkpt lon="6.907664" lat="43.635770"><ele>225.5</ele></trkpt>
   <trkpt lon="6.907680" lat="43.635766"><ele>225.5</ele></trkpt>
   <trkpt lon="6.907715" lat="43.635769"><ele>225.5</ele></trkpt>
   <trkpt lon="6.907722" lat="43.635712"><ele>225.25</ele></trkpt>
   <trkpt lon="6.907712" lat="43.635332"><ele>223.0</ele></trkpt>
   <trkpt lon="6.907757" lat="43.635166"><ele>222.25</ele></trkpt>
   <trkpt lon="6.907899" lat="43.634943"><ele>222.0</ele></trkpt>
   <trkpt lon="6.907934" lat="43.634839"><ele>221.25</ele></trkpt>
   <trkpt lon="6.908070" lat="43.634547"><ele>220.25</ele></trkpt>
   <trkpt lon="6.908179" lat="43.633744"><ele>220.25</ele></trkpt>
   <trkpt lon="6.908187" lat="43.633540"><ele>221.25</ele></trkpt>
   <trkpt lon="6.908142" lat="43.633362"><ele>221.75</ele></trkpt>
   <trkpt lon="6.908019" lat="43.633119"><ele>223.5</ele></trkpt>
   <trkpt lon="6.907996" lat="43.632983"><ele>224.0</ele></trkpt>
   <trkpt lon="6.908093" lat="43.632684"><ele>223.5</ele></trkpt>
   <trkpt lon="6.908287" lat="43.632194"><ele>220.75</ele></trkpt>
   <trkpt lon="6.908435" lat="43.631778"><ele>216.75</ele></trkpt>
   <trkpt lon="6.908562" lat="43.631311"><ele>213.0</ele></trkpt>
   <trkpt lon="6.908699" lat="43.630801"><ele>212.75</ele></trkpt>
   <trkpt lon="6.908888" lat="43.629980"><ele>220.0</ele><sym>left</sym></trkpt>
   <trkpt lon="6.909648" lat="43.630059"><ele>220.0</ele></trkpt>
   <trkpt lon="6.910010" lat="43.630142"><ele>218.25</ele></trkpt>
   <trkpt lon="6.911454" lat="43.630399"><ele>209.5</ele></trkpt>
   <trkpt lon="6.911672" lat="43.630460"><ele>207.75</ele></trkpt>
   <trkpt lon="6.911878" lat="43.630526"><ele>206.5</ele></trkpt>
   <trkpt lon="6.912124" lat="43.630625"><ele>205.25</ele><sym>right</sym></trkpt>
   <trkpt lon="6.912217" lat="43.630553"><ele>205.0</ele></trkpt>
   <trkpt lon="6.912322" lat="43.630471"><ele>205.0</ele></trkpt>
   <trkpt lon="6.912633" lat="43.630243"><ele>206.5</ele></trkpt>
   <trkpt lon="6.912742" lat="43.630147"><ele>207.25</ele></trkpt>
   <trkpt lon="6.912790" lat="43.630069"><ele>207.75</ele></trkpt>
   <trkpt lon="6.912829" lat="43.629994"><ele>208.25</ele></trkpt>
   <trkpt lon="6.912921" lat="43.629752"><ele>209.25</ele></trkpt>
   <trkpt lon="6.912945" lat="43.629693"><ele>209.5</ele></trkpt>
   <trkpt lon="6.913061" lat="43.629459"><ele>209.0</ele></trkpt>
   <trkpt lon="6.913124" lat="43.629334"><ele>209.0</ele></trkpt>
   <trkpt lon="6.913190" lat="43.629133"><ele>208.75</ele></trkpt>
   <trkpt lon="6.913313" lat="43.628663"><ele>206.25</ele></trkpt>
   <trkpt lon="6.913344" lat="43.628597"><ele>205.75</ele></trkpt>
   <trkpt lon="6.913375" lat="43.628528"><ele>205.5</ele></trkpt>
   <trkpt lon="6.913498" lat="43.628283"><ele>203.75</ele></trkpt>
   <trkpt lon="6.913503" lat="43.628265"><ele>203.75</ele></trkpt>
   <trkpt lon="6.913548" lat="43.628076"><ele>203.75</ele></trkpt>
   <trkpt lon="6.913607" lat="43.627895"><ele>203.0</ele></trkpt>
   <trkpt lon="6.913937" lat="43.627182"><ele>201.25</ele></trkpt>
   <trkpt lon="6.914057" lat="43.626936"><ele>201.0</ele></trkpt>
   <trkpt lon="6.914171" lat="43.626597"><ele>202.0</ele></trkpt>
   <trkpt lon="6.914241" lat="43.626443"><ele>202.0</ele></trkpt>
   <trkpt lon="6.914258" lat="43.626409"><ele>202.0</ele></trkpt>
   <trkpt lon="6.914324" lat="43.626277"><ele>201.75</ele></trkpt>
   <trkpt lon="6.914483" lat="43.626017"><ele>200.75</ele></trkpt>
   <trkpt lon="6.914530" lat="43.625941"><ele>200.5</ele></trkpt>
   <trkpt lon="6.914561" lat="43.625886"><ele>200.5</ele></trkpt>
   <trkpt lon="6.914719" lat="43.625420"><ele>198.0</ele><sym>pass_place</sym><type>Shaping</type></trkpt>
   <trkpt lon="6.914809" lat="43.625178"><ele>196.25</ele></trkpt>
   <trkpt lon="6.914834" lat="43.625112"><ele>196.0</ele></trkpt>
   <trkpt lon="6.914889" lat="43.624982"><ele>195.25</ele></trkpt>
   <trkpt lon="6.915264" lat="43.624351"><ele>191.5</ele></trkpt>
   <trkpt lon="6.915444" lat="43.624102"><ele>189.25</ele></trkpt>
   <trkpt lon="6.915581" lat="43.623881"><ele>186.75</ele></trkpt>
   <trkpt lon="6.915805" lat="43.623537"><ele>183.75</ele></trkpt>
   <trkpt lon="6.915850" lat="43.623452"><ele>183.25</ele></trkpt>
   <trkpt lon="6.915879" lat="43.623398"><ele>183.0</ele></trkpt>
   <trkpt lon="6.915959" lat="43.623245"><ele>181.5</ele></trkpt>
   <trkpt lon="6.916140" lat="43.622853"><ele>179.0</ele></trkpt>
   <trkpt lon="6.916217" lat="43.622661"><ele>177.5</ele></trkpt>
   <trkpt lon="6.916397" lat="43.622518"><ele>175.75</ele></trkpt>
   <trkpt lon="6.916740" lat="43.622319"><ele>172.75</ele></trkpt>
   <trkpt lon="6.916831" lat="43.622254"><ele>172.0</ele></trkpt>
   <trkpt lon="6.917024" lat="43.622114"><ele>170.0</ele></trkpt>
   <trkpt lon="6.917290" lat="43.621859"><ele>166.75</ele></trkpt>
   <trkpt lon="6.917547" lat="43.621487"><ele>162.25</ele></trkpt>
   <trkpt lon="6.917727" lat="43.621200"><ele>158.75</ele></trkpt>
   <trkpt lon="6.917885" lat="43.620954"><ele>155.75</ele><sym>right_slight</sym></trkpt>
   <trkpt lon="6.917673" lat="43.620129"><ele>146.25</ele></trkpt>
   <trkpt lon="6.917703" lat="43.619786"><ele>144.25</ele></trkpt>
   <trkpt lon="6.917708" lat="43.619734"><ele>144.0</ele></trkpt>
   <trkpt lon="6.917687" lat="43.619481"><ele>141.25</ele></trkpt>
   <trkpt lon="6.917643" lat="43.619268"><ele>138.75</ele></trkpt>
   <trkpt lon="6.917529" lat="43.618996"><ele>134.75</ele></trkpt>
   <trkpt lon="6.917511" lat="43.618680"><ele>130.75</ele></trkpt>
   <trkpt lon="6.917339" lat="43.618444"><ele>126.75</ele></trkpt>
   <trkpt lon="6.917207" lat="43.618292"><ele>123.25</ele></trkpt>
   <trkpt lon="6.917091" lat="43.617962"><ele>119.25</ele></trkpt>
   <trkpt lon="6.916938" lat="43.617428"><ele>111.0</ele></trkpt>
   <trkpt lon="6.916849" lat="43.617145"><ele>106.0</ele></trkpt>
   <trkpt lon="6.916726" lat="43.616793"><ele>101.5</ele></trkpt>
   <trkpt lon="6.916526" lat="43.616495"><ele>95.5</ele></trkpt>
   <trkpt lon="6.916416" lat="43.616039"><ele>87.75</ele></trkpt>
   <trkpt lon="6.916359" lat="43.615735"><ele>83.5</ele></trkpt>
   <trkpt lon="6.916322" lat="43.615457"><ele>83.0</ele></trkpt>
   <trkpt lon="6.916124" lat="43.615228"><ele>78.75</ele></trkpt>
   <trkpt lon="6.916030" lat="43.615029"><ele>78.25</ele></trkpt>
   <trkpt lon="6.915545" lat="43.614578"><ele>68.75</ele></trkpt>
   <trkpt lon="6.915340" lat="43.614287"><ele>65.5</ele></trkpt>
   <trkpt lon="6.915207" lat="43.613805"><ele>66.25</ele></trkpt>
   <trkpt lon="6.915173" lat="43.613614"><ele>67.25</ele></trkpt>
   <trkpt lon="6.915169" lat="43.613535"><ele>67.25</ele></trkpt>
   <trkpt lon="6.915204" lat="43.613287"><ele>67.25</ele></trkpt>
   <trkpt lon="6.915590" lat="43.612669"><ele>66.75</ele></trkpt>
   <trkpt lon="6.915796" lat="43.612452"><ele>66.5</ele></trkpt>
   <trkpt lon="6.915917" lat="43.612393"><ele>67.5</ele><sym>right_slight</sym></trkpt>
   <trkpt lon="6.916140" lat="43.611731"><ele>60.75</ele></trkpt>
   <trkpt lon="6.916262" lat="43.611247"><ele>56.5</ele></trkpt>
   <trkpt lon="6.916247" lat="43.610991"><ele>52.75</ele></trkpt>
   <trkpt lon="6.916199" lat="43.610880"><ele>51.0</ele></trkpt>
   <trkpt lon="6.916179" lat="43.610797"><ele>50.0</ele></trkpt>
   <trkpt lon="6.916179" lat="43.610686"><ele>49.25</ele></trkpt>
   <trkpt lon="6.916192" lat="43.610635"><ele>48.75</ele><sym>roundabout_e1</sym></trkpt>
   <trkpt lon="6.916183" lat="43.610622"><ele>48.75</ele></trkpt>
   <trkpt lon="6.916185" lat="43.610593"><ele>48.5</ele></trkpt>
   <trkpt lon="6.916158" lat="43.610425"><ele>47.0</ele></trkpt>
   <trkpt lon="6.916156" lat="43.610419"><ele>45.75</ele><sym>pass_place</sym><type>Shaping</type></trkpt>
   <trkpt lon="6.916101" lat="43.610264"><ele>45.75</ele></trkpt>
   <trkpt lon="6.916005" lat="43.610001"><ele>44.5</ele></trkpt>
   <trkpt lon="6.915885" lat="43.609759"><ele>43.0</ele></trkpt>
   <trkpt lon="6.915734" lat="43.609423"><ele>41.0</ele></trkpt>
   <trkpt lon="6.915714" lat="43.609378"><ele>40.75</ele></trkpt>
   <trkpt lon="6.915592" lat="43.609129"><ele>38.75</ele></trkpt>
   <trkpt lon="6.915514" lat="43.608998"><ele>37.5</ele></trkpt>
   <trkpt lon="6.915202" lat="43.608583"><ele>35.5</ele></trkpt>
   <trkpt lon="6.915099" lat="43.608458"><ele>34.5</ele></trkpt>
   <trkpt lon="6.914979" lat="43.608332"><ele>34.5</ele></trkpt>
   <trkpt lon="6.914949" lat="43.608280"><ele>34.0</ele></trkpt>
   <trkpt lon="6.914930" lat="43.608223"><ele>33.75</ele><sym>roundabout_e2</sym></trkpt>
   <trkpt lon="6.914896" lat="43.608201"><ele>33.25</ele></trkpt>
   <trkpt lon="6.914870" lat="43.608158"><ele>33.0</ele></trkpt>
   <trkpt lon="6.914779" lat="43.608131"><ele>32.0</ele></trkpt>
   <trkpt lon="6.914625" lat="43.608107"><ele>31.5</ele></trkpt>
   <trkpt lon="6.914484" lat="43.608077"><ele>31.75</ele></trkpt>
   <trkpt lon="6.914441" lat="43.608065"><ele>31.75</ele></trkpt>
   <trkpt lon="6.914047" lat="43.607927"><ele>29.5</ele></trkpt>
   <trkpt lon="6.913877" lat="43.607868"><ele>30.0</ele></trkpt>
   <trkpt lon="6.913725" lat="43.607810"><ele>30.5</ele></trkpt>
   <trkpt lon="6.913701" lat="43.607802"><ele>30.75</ele></trkpt>
   <trkpt lon="6.913633" lat="43.607780"><ele>30.75</ele></trkpt>
   <trkpt lon="6.913582" lat="43.607763"><ele>30.75</ele></trkpt>
   <trkpt lon="6.913524" lat="43.607730"><ele>30.5</ele></trkpt>
   <trkpt lon="6.913470" lat="43.607699"><ele>30.25</ele></trkpt>
   <trkpt lon="6.913350" lat="43.607606"><ele>30.0</ele></trkpt>
   <trkpt lon="6.913255" lat="43.607486"><ele>30.0</ele></trkpt>
   <trkpt lon="6.913118" lat="43.607180"><ele>29.75</ele></trkpt>
   <trkpt lon="6.912969" lat="43.606692"><ele>30.0</ele></trkpt>
   <trkpt lon="6.912951" lat="43.606184"><ele>32.0</ele></trkpt>
   <trkpt lon="6.913036" lat="43.605474"><ele>28.5</ele></trkpt>
   <trkpt lon="6.913023" lat="43.605356"><ele>28.75</ele></trkpt>
   <trkpt lon="6.912980" lat="43.605238"><ele>29.75</ele></trkpt>
   <trkpt lon="6.912910" lat="43.605145"><ele>30.25</ele></trkpt>
   <trkpt lon="6.912801" lat="43.605046"><ele>30.5</ele></trkpt>
   <trkpt lon="6.912483" lat="43.604776"><ele>32.25</ele></trkpt>
   <trkpt lon="6.912351" lat="43.604636"><ele>32.5</ele></trkpt>
   <trkpt lon="6.912251" lat="43.604456"><ele>32.5</ele></trkpt>
   <trkpt lon="6.912121" lat="43.604227"><ele>34.25</ele></trkpt>
   <trkpt lon="6.912049" lat="43.604153"><ele>34.75</ele></trkpt>
   <trkpt lon="6.911939" lat="43.604116"><ele>35.5</ele></trkpt>
   <trkpt lon="6.911366" lat="43.604096"><ele>38.5</ele></trkpt>
   <trkpt lon="6.910011" lat="43.604060"><ele>45.5</ele></trkpt>
   <trkpt lon="6.909933" lat="43.604057"><ele>46.25</ele></trkpt>
   <trkpt lon="6.909582" lat="43.604055"><ele>49.0</ele><sym>left_slight</sym></trkpt>
   <trkpt lon="6.909409" lat="43.603978"><ele>49.0</ele><sym>left_slight</sym></trkpt>
   <trkpt lon="6.909200" lat="43.603665"><ele>47.75</ele></trkpt>
   <trkpt lon="6.909044" lat="43.603433"><ele>47.5</ele></trkpt>
   <trkpt lon="6.908773" lat="43.603011"><ele>51.25</ele></trkpt>
   <trkpt lon="6.908716" lat="43.602934"><ele>52.0</ele></trkpt>
   <trkpt lon="6.908645" lat="43.602849"><ele>53.0</ele><sym>left_slight</sym></trkpt>
   <trkpt lon="6.908691" lat="43.602765"><ele>53.75</ele></trkpt>
   <trkpt lon="6.908793" lat="43.602408"><ele>60.5</ele></trkpt>
   <trkpt lon="6.908831" lat="43.602256"><ele>63.5</ele></trkpt>
   <trkpt lon="6.908865" lat="43.602167"><ele>65.25</ele></trkpt>
   <trkpt lon="6.908948" lat="43.602047"><ele>67.75</ele></trkpt>
   <trkpt lon="6.909234" lat="43.601808"><ele>69.0</ele></trkpt>
   <trkpt lon="6.909480" lat="43.601556"><ele>72.0</ele></trkpt>
   <trkpt lon="6.909501" lat="43.601458"><ele>74.0</ele><sym>left_slight</sym></trkpt>
   <trkpt lon="6.909677" lat="43.601321"><ele>75.75</ele></trkpt>
   <trkpt lon="6.909897" lat="43.601197"><ele>76.5</ele><sym>right_slight</sym></trkpt>
   <trkpt lon="6.909919" lat="43.601094"><ele>78.25</ele><sym>left_slight</sym></trkpt>
   <trkpt lon="6.910012" lat="43.601086"><ele>78.5</ele></trkpt>
   <trkpt lon="6.910115" lat="43.601044"><ele>78.25</ele></trkpt>
   <trkpt lon="6.910223" lat="43.600961"><ele>79.0</ele></trkpt>
   <trkpt lon="6.910265" lat="43.600923"><ele>79.25</ele></trkpt>
   <trkpt lon="6.910429" lat="43.600809"><ele>78.75</ele></trkpt>
   <trkpt lon="6.910709" lat="43.600695"><ele>78.25</ele></trkpt>
   <trkpt lon="6.910984" lat="43.600563"><ele>80.5</ele></trkpt>
   <trkpt lon="6.911013" lat="43.600542"><ele>81.0</ele><sym>right_sharp</sym></trkpt>
   <trkpt lon="6.910997" lat="43.600507"><ele>82.5</ele></trkpt>
   <trkpt lon="6.910943" lat="43.600495"><ele>83.5</ele></trkpt>
   <trkpt lon="6.910835" lat="43.600528"><ele>83.0</ele></trkpt>
   <trkpt lon="6.910543" lat="43.600593"><ele>83.75</ele><sym>u-turn_right</sym></trkpt>
   <trkpt lon="6.910543" lat="43.600590"><ele>84.75</ele><sym>pass_place</sym><type>Shaping</type></trkpt>
   <trkpt lon="6.910543" lat="43.600593"><ele>83.75</ele></trkpt>
   <trkpt lon="6.910835" lat="43.600528"><ele>83.0</ele></trkpt>
   <trkpt lon="6.910943" lat="43.600495"><ele>83.5</ele></trkpt>
   <trkpt lon="6.910997" lat="43.600507"><ele>82.5</ele></trkpt>
   <trkpt lon="6.911013" lat="43.600542"><ele>81.0</ele><sym>left</sym></trkpt>
   <trkpt lon="6.910984" lat="43.600563"><ele>80.5</ele></trkpt>
   <trkpt lon="6.910709" lat="43.600695"><ele>78.25</ele></trkpt>
   <trkpt lon="6.910429" lat="43.600809"><ele>78.75</ele></trkpt>
   <trkpt lon="6.910265" lat="43.600923"><ele>79.25</ele></trkpt>
   <trkpt lon="6.910223" lat="43.600961"><ele>79.0</ele></trkpt>
   <trkpt lon="6.910115" lat="43.601044"><ele>78.25</ele></trkpt>
   <trkpt lon="6.910012" lat="43.601086"><ele>78.5</ele></trkpt>
   <trkpt lon="6.909919" lat="43.601094"><ele>78.25</ele><sym>right_slight</sym></trkpt>
   <trkpt lon="6.909897" lat="43.601197"><ele>76.5</ele><sym>left_slight</sym></trkpt>
   <trkpt lon="6.909677" lat="43.601321"><ele>75.75</ele></trkpt>
   <trkpt lon="6.909501" lat="43.601458"><ele>74.0</ele><sym>right_slight</sym></trkpt>
   <trkpt lon="6.909480" lat="43.601556"><ele>72.0</ele></trkpt>
   <trkpt lon="6.909234" lat="43.601808"><ele>69.0</ele></trkpt>
   <trkpt lon="6.908948" lat="43.602047"><ele>67.75</ele></trkpt>
   <trkpt lon="6.908865" lat="43.602167"><ele>65.25</ele></trkpt>
   <trkpt lon="6.908831" lat="43.602256"><ele>63.5</ele></trkpt>
   <trkpt lon="6.908793" lat="43.602408"><ele>60.5</ele></trkpt>
   <trkpt lon="6.908691" lat="43.602765"><ele>53.75</ele></trkpt>
   <trkpt lon="6.908645" lat="43.602849"><ele>53.0</ele><sym>right_slight</sym></trkpt>
   <trkpt lon="6.908716" lat="43.602934"><ele>52.0</ele></trkpt>
   <trkpt lon="6.908773" lat="43.603011"><ele>51.25</ele></trkpt>
   <trkpt lon="6.909044" lat="43.603433"><ele>47.5</ele></trkpt>
   <trkpt lon="6.909200" lat="43.603665"><ele>47.75</ele></trkpt>
   <trkpt lon="6.909409" lat="43.603978"><ele>49.0</ele><sym>right_slight</sym></trkpt>
   <trkpt lon="6.909582" lat="43.604055"><ele>49.0</ele><sym>right_slight</sym></trkpt>
   <trkpt lon="6.909933" lat="43.604057"><ele>46.25</ele></trkpt>
   <trkpt lon="6.910011" lat="43.604060"><ele>45.5</ele></trkpt>
   <trkpt lon="6.911366" lat="43.604096"><ele>38.5</ele></trkpt>
   <trkpt lon="6.911939" lat="43.604116"><ele>35.5</ele></trkpt>
   <trkpt lon="6.912049" lat="43.604153"><ele>34.75</ele></trkpt>
   <trkpt lon="6.912121" lat="43.604227"><ele>34.25</ele></trkpt>
   <trkpt lon="6.912251" lat="43.604456"><ele>32.5</ele></trkpt>
   <trkpt lon="6.912351" lat="43.604636"><ele>32.5</ele></trkpt>
   <trkpt lon="6.912483" lat="43.604776"><ele>32.25</ele></trkpt>
   <trkpt lon="6.912801" lat="43.605046"><ele>30.5</ele></trkpt>
   <trkpt lon="6.912910" lat="43.605145"><ele>30.25</ele></trkpt>
   <trkpt lon="6.912980" lat="43.605238"><ele>29.75</ele></trkpt>
   <trkpt lon="6.913023" lat="43.605356"><ele>28.75</ele></trkpt>
   <trkpt lon="6.913036" lat="43.605474"><ele>28.5</ele></trkpt>
   <trkpt lon="6.912951" lat="43.606184"><ele>32.0</ele></trkpt>
   <trkpt lon="6.912969" lat="43.606692"><ele>30.0</ele></trkpt>
   <trkpt lon="6.913118" lat="43.607180"><ele>29.75</ele></trkpt>
   <trkpt lon="6.913255" lat="43.607486"><ele>30.0</ele></trkpt>
   <trkpt lon="6.913350" lat="43.607606"><ele>30.0</ele></trkpt>
   <trkpt lon="6.913470" lat="43.607699"><ele>30.25</ele></trkpt>
   <trkpt lon="6.913524" lat="43.607730"><ele>30.5</ele></trkpt>
   <trkpt lon="6.913582" lat="43.607763"><ele>30.75</ele></trkpt>
   <trkpt lon="6.913633" lat="43.607780"><ele>30.75</ele></trkpt>
   <trkpt lon="6.913701" lat="43.607802"><ele>30.25</ele></trkpt>
   <trkpt lon="6.913725" lat="43.607810"><ele>30.25</ele></trkpt>
   <trkpt lon="6.913877" lat="43.607868"><ele>29.5</ele></trkpt>
   <trkpt lon="6.914047" lat="43.607927"><ele>29.5</ele></trkpt>
   <trkpt lon="6.914441" lat="43.608065"><ele>31.75</ele></trkpt>
   <trkpt lon="6.914484" lat="43.608077"><ele>31.75</ele></trkpt>
   <trkpt lon="6.914625" lat="43.608107"><ele>31.5</ele><sym>right_slight</sym></trkpt>
   <trkpt lon="6.914826" lat="43.608083"><ele>32.5</ele></trkpt>
   <trkpt lon="6.914919" lat="43.608066"><ele>33.25</ele></trkpt>
   <trkpt lon="6.914970" lat="43.608049"><ele>33.5</ele></trkpt>
   <trkpt lon="6.915167" lat="43.608004"><ele>34.0</ele></trkpt>
   <trkpt lon="6.915248" lat="43.607980"><ele>34.25</ele></trkpt>
   <trkpt lon="6.915500" lat="43.607813"><ele>32.25</ele></trkpt>
   <trkpt lon="6.915607" lat="43.607741"><ele>31.25</ele></trkpt>
   <trkpt lon="6.915637" lat="43.607724"><ele>31.0</ele></trkpt>
   <trkpt lon="6.915775" lat="43.607635"><ele>29.75</ele></trkpt>
   <trkpt lon="6.916028" lat="43.607463"><ele>29.5</ele></trkpt>
   <trkpt lon="6.916194" lat="43.607346"><ele>29.5</ele></trkpt>
   <trkpt lon="6.916279" lat="43.607278"><ele>29.5</ele></trkpt>
   <trkpt lon="6.916336" lat="43.607222"><ele>29.75</ele></trkpt>
   <trkpt lon="6.916412" lat="43.607121"><ele>29.5</ele></trkpt>
   <trkpt lon="6.916453" lat="43.607019"><ele>29.5</ele></trkpt>
   <trkpt lon="6.916490" lat="43.606879"><ele>29.5</ele></trkpt>
   <trkpt lon="6.916567" lat="43.606479"><ele>29.25</ele></trkpt>
   <trkpt lon="6.916617" lat="43.606291"><ele>29.25</ele></trkpt>
   <trkpt lon="6.916637" lat="43.606215"><ele>29.5</ele></trkpt>
   <trkpt lon="6.916689" lat="43.606045"><ele>30.25</ele></trkpt>
   <trkpt lon="6.916752" lat="43.605840"><ele>31.75</ele></trkpt>
   <trkpt lon="6.916829" lat="43.605669"><ele>32.25</ele><sym>pass_place</sym><type>Shaping</type></trkpt>
   <trkpt lon="6.916831" lat="43.605665"><ele>32.25</ele></trkpt>
   <trkpt lon="6.916878" lat="43.605563"><ele>32.5</ele></trkpt>
   <trkpt lon="6.916944" lat="43.605425"><ele>32.5</ele></trkpt>
   <trkpt lon="6.917100" lat="43.605139"><ele>33.0</ele></trkpt>
   <trkpt lon="6.917216" lat="43.604984"><ele>32.75</ele></trkpt>
   <trkpt lon="6.917371" lat="43.604831"><ele>32.5</ele></trkpt>
   <trkpt lon="6.917756" lat="43.604558"><ele>31.5</ele></trkpt>
   <trkpt lon="6.917793" lat="43.604532"><ele>31.5</ele></trkpt>
   <trkpt lon="6.917913" lat="43.604446"><ele>31.5</ele></trkpt>
   <trkpt lon="6.918014" lat="43.604331"><ele>30.75</ele></trkpt>
   <trkpt lon="6.918037" lat="43.604311"><ele>30.75</ele></trkpt>
   <trkpt lon="6.918117" lat="43.604241"><ele>30.75</ele></trkpt>
   <trkpt lon="6.918241" lat="43.604168"><ele>30.5</ele></trkpt>
   <trkpt lon="6.918366" lat="43.604111"><ele>31.0</ele></trkpt>
   <trkpt lon="6.918431" lat="43.604075"><ele>31.0</ele></trkpt>
   <trkpt lon="6.918488" lat="43.604043"><ele>31.0</ele><sym>roundabout_e1</sym></trkpt>
   <trkpt lon="6.918614" lat="43.603966"><ele>31.0</ele></trkpt>
   <trkpt lon="6.918756" lat="43.603875"><ele>31.5</ele></trkpt>
   <trkpt lon="6.918984" lat="43.603754"><ele>32.5</ele></trkpt>
   <trkpt lon="6.919122" lat="43.603675"><ele>32.75</ele></trkpt>
   <trkpt lon="6.919370" lat="43.603517"><ele>33.75</ele></trkpt>
   <trkpt lon="6.919635" lat="43.603341"><ele>34.25</ele></trkpt>
   <trkpt lon="6.919743" lat="43.603282"><ele>34.75</ele></trkpt>
   <trkpt lon="6.919950" lat="43.603176"><ele>35.75</ele></trkpt>
   <trkpt lon="6.920674" lat="43.602900"><ele>37.5</ele></trkpt>
   <trkpt lon="6.920825" lat="43.602823"><ele>37.0</ele></trkpt>
   <trkpt lon="6.920949" lat="43.602735"><ele>37.75</ele></trkpt>
   <trkpt lon="6.921100" lat="43.602597"><ele>39.0</ele></trkpt>
   <trkpt lon="6.921474" lat="43.602230"><ele>40.25</ele></trkpt>
   <trkpt lon="6.921573" lat="43.602140"><ele>41.25</ele></trkpt>
   <trkpt lon="6.921593" lat="43.602120"><ele>41.25</ele></trkpt>
   <trkpt lon="6.921626" lat="43.602089"><ele>41.5</ele></trkpt>
   <trkpt lon="6.921811" lat="43.601913"><ele>42.25</ele></trkpt>
   <trkpt lon="6.922152" lat="43.601612"><ele>44.5</ele></trkpt>
   <trkpt lon="6.922278" lat="43.601502"><ele>45.75</ele></trkpt>
   <trkpt lon="6.922435" lat="43.601360"><ele>46.5</ele></trkpt>
   <trkpt lon="6.922771" lat="43.601058"><ele>46.0</ele></trkpt>
   <trkpt lon="6.922932" lat="43.600946"><ele>46.0</ele></trkpt>
   <trkpt lon="6.923049" lat="43.600859"><ele>44.25</ele></trkpt>
   <trkpt lon="6.923164" lat="43.600768"><ele>44.0</ele></trkpt>
   <trkpt lon="6.923559" lat="43.600465"><ele>39.5</ele></trkpt>
   <trkpt lon="6.923835" lat="43.600228"><ele>37.25</ele></trkpt>
   <trkpt lon="6.923946" lat="43.600102"><ele>36.5</ele></trkpt>
   <trkpt lon="6.924026" lat="43.599987"><ele>35.25</ele></trkpt>
   <trkpt lon="6.924101" lat="43.599821"><ele>34.5</ele></trkpt>
   <trkpt lon="6.924142" lat="43.599622"><ele>33.0</ele></trkpt>
   <trkpt lon="6.924186" lat="43.599314"><ele>30.5</ele></trkpt>
   <trkpt lon="6.924215" lat="43.599184"><ele>29.25</ele></trkpt>
   <trkpt lon="6.924466" lat="43.598596"><ele>24.75</ele></trkpt>
   <trkpt lon="6.924488" lat="43.598546"><ele>24.25</ele></trkpt>
   <trkpt lon="6.924502" lat="43.598513"><ele>24.0</ele></trkpt>
   <trkpt lon="6.924693" lat="43.598112"><ele>22.0</ele></trkpt>
   <trkpt lon="6.924893" lat="43.597608"><ele>20.5</ele></trkpt>
   <trkpt lon="6.924956" lat="43.597489"><ele>20.0</ele></trkpt>
   <trkpt lon="6.925063" lat="43.597336"><ele>19.75</ele></trkpt>
   <trkpt lon="6.925098" lat="43.597296"><ele>19.5</ele></trkpt>
   <trkpt lon="6.925116" lat="43.597279"><ele>19.5</ele></trkpt>
   <trkpt lon="6.925175" lat="43.597217"><ele>19.25</ele></trkpt>
   <trkpt lon="6.925541" lat="43.596860"><ele>19.25</ele></trkpt>
   <trkpt lon="6.925656" lat="43.596723"><ele>19.0</ele></trkpt>
   <trkpt lon="6.926029" lat="43.596224"><ele>18.5</ele></trkpt>
   <trkpt lon="6.926438" lat="43.595571"><ele>17.0</ele></trkpt>
   <trkpt lon="6.926460" lat="43.595539"><ele>17.0</ele></trkpt>
   <trkpt lon="6.926557" lat="43.595333"><ele>17.25</ele></trkpt>
   <trkpt lon="6.926568" lat="43.595194"><ele>17.25</ele></trkpt>
   <trkpt lon="6.926571" lat="43.594996"><ele>17.25</ele></trkpt>
   <trkpt lon="6.926495" lat="43.594766"><ele>17.0</ele></trkpt>
   <trkpt lon="6.926470" lat="43.594705"><ele>17.0</ele><sym>roundabout_e3</sym></trkpt>
   <trkpt lon="6.926445" lat="43.594671"><ele>17.0</ele></trkpt>
   <trkpt lon="6.926448" lat="43.594632"><ele>17.0</ele></trkpt>
   <trkpt lon="6.926462" lat="43.594612"><ele>17.0</ele></trkpt>
   <trkpt lon="6.926502" lat="43.594588"><ele>17.0</ele></trkpt>
   <trkpt lon="6.926553" lat="43.594582"><ele>17.0</ele></trkpt>
   <trkpt lon="6.926579" lat="43.594586"><ele>17.0</ele></trkpt>
   <trkpt lon="6.926608" lat="43.594597"><ele>17.0</ele></trkpt>
   <trkpt lon="6.926685" lat="43.594580"><ele>16.75</ele></trkpt>
   <trkpt lon="6.926845" lat="43.594528"><ele>16.25</ele></trkpt>
   <trkpt lon="6.927016" lat="43.594445"><ele>15.75</ele></trkpt>
   <trkpt lon="6.927309" lat="43.594305"><ele>16.0</ele></trkpt>
   <trkpt lon="6.927586" lat="43.594169"><ele>15.5</ele></trkpt>
   <trkpt lon="6.927688" lat="43.594119"><ele>15.25</ele></trkpt>
   <trkpt lon="6.928085" lat="43.593928"><ele>16.0</ele></trkpt>
   <trkpt lon="6.928141" lat="43.593900"><ele>16.0</ele></trkpt>
   <trkpt lon="6.928192" lat="43.593876"><ele>16.0</ele></trkpt>
   <trkpt lon="6.928468" lat="43.593748"><ele>16.0</ele></trkpt>
   <trkpt lon="6.928508" lat="43.593730"><ele>16.25</ele></trkpt>
   <trkpt lon="6.928674" lat="43.593662"><ele>16.25</ele></trkpt>
   <trkpt lon="6.929142" lat="43.593484"><ele>16.5</ele></trkpt>
   <trkpt lon="6.929468" lat="43.593346"><ele>17.5</ele></trkpt>
   <trkpt lon="6.929581" lat="43.593294"><ele>16.75</ele></trkpt>
   <trkpt lon="6.929582" lat="43.593293"><ele>16.25</ele><sym>u-turn_right</sym><type>Via</type></trkpt>
   <trkpt lon="6.929581" lat="43.593294"><ele>16.75</ele></trkpt>
   <trkpt lon="6.929628" lat="43.593346"><ele>16.5</ele></trkpt>
   <trkpt lon="6.929631" lat="43.593349"><ele>16.5</ele></trkpt>
   <trkpt lon="6.929975" lat="43.593773"><ele>16.0</ele></trkpt>
   <trkpt lon="6.930123" lat="43.593928"><ele>16.0</ele></trkpt>
   <trkpt lon="6.930163" lat="43.593969"><ele>16.0</ele><sym>right</sym></trkpt>
   <trkpt lon="6.930262" lat="43.593913"><ele>15.25</ele></trkpt>
   <trkpt lon="6.930351" lat="43.593850"><ele>15.5</ele></trkpt>
   <trkpt lon="6.930406" lat="43.593813"><ele>16.0</ele></trkpt>
   <trkpt lon="6.930548" lat="43.593722"><ele>16.75</ele><sym>right</sym></trkpt>
   <trkpt lon="6.930406" lat="43.593485"><ele>17.0</ele></trkpt>
   <trkpt lon="6.930363" lat="43.593356"><ele>17.0</ele><sym>pass_place</sym><type>Shaping</type></trkpt>
   <trkpt lon="6.930967" lat="43.593114"><ele>17.0</ele></trkpt>
   <trkpt lon="6.930979" lat="43.593152"><ele>17.0</ele></trkpt>
   <trkpt lon="6.930881" lat="43.593220"><ele>17.0</ele></trkpt>
   <trkpt lon="6.930815" lat="43.593213"><ele>16.75</ele></trkpt>
   <trkpt lon="6.930697" lat="43.593133"><ele>16.5</ele></trkpt>
   <trkpt lon="6.930580" lat="43.593224"><ele>16.5</ele></trkpt>
   <trkpt lon="6.930363" lat="43.593356"><ele>17.0</ele></trkpt>
   <trkpt lon="6.930406" lat="43.593485"><ele>17.0</ele></trkpt>
   <trkpt lon="6.930548" lat="43.593722"><ele>16.75</ele><sym>right_slight</sym></trkpt>
   <trkpt lon="6.930651" lat="43.593780"><ele>17.0</ele></trkpt>
   <trkpt lon="6.930969" lat="43.594000"><ele>17.0</ele></trkpt>
   <trkpt lon="6.931259" lat="43.594173"><ele>17.0</ele></trkpt>
   <trkpt lon="6.931918" lat="43.594589"><ele>18.25</ele></trkpt>
   <trkpt lon="6.931974" lat="43.594637"><ele>18.5</ele><sym>left</sym></trkpt>
   <trkpt lon="6.931928" lat="43.594674"><ele>18.5</ele></trkpt>
   <trkpt lon="6.931862" lat="43.594727"><ele>18.25</ele><sym>straight</sym></trkpt>
   <trkpt lon="6.931794" lat="43.594787"><ele>17.75</ele></trkpt>
   <trkpt lon="6.931695" lat="43.594875"><ele>17.5</ele></trkpt>
   <trkpt lon="6.931642" lat="43.594904"><ele>17.5</ele></trkpt>
   <trkpt lon="6.931573" lat="43.594935"><ele>17.75</ele></trkpt>
   <trkpt lon="6.931500" lat="43.594952"><ele>17.75</ele><sym>right_slight</sym></trkpt>
   <trkpt lon="6.931482" lat="43.595025"><ele>17.75</ele></trkpt>
   <trkpt lon="6.931254" lat="43.595369"><ele>18.25</ele></trkpt>
   <trkpt lon="6.931123" lat="43.595652"><ele>18.0</ele></trkpt>
   <trkpt lon="6.931114" lat="43.595696"><ele>18.0</ele></trkpt>
   <trkpt lon="6.931090" lat="43.595809"><ele>18.0</ele></trkpt>
   <trkpt lon="6.931048" lat="43.596056"><ele>18.75</ele></trkpt>
   <trkpt lon="6.931015" lat="43.596258"><ele>18.75</ele></trkpt>
   <trkpt lon="6.931011" lat="43.596338"><ele>18.5</ele></trkpt>
   <trkpt lon="6.931039" lat="43.596520"><ele>18.75</ele></trkpt>
   <trkpt lon="6.931099" lat="43.596775"><ele>19.0</ele></trkpt>
   <trkpt lon="6.931194" lat="43.597099"><ele>19.0</ele></trkpt>
   <trkpt lon="6.931201" lat="43.597120"><ele>19.0</ele></trkpt>
   <trkpt lon="6.931209" lat="43.597154"><ele>19.0</ele></trkpt>
   <trkpt lon="6.931216" lat="43.597206"><ele>19.0</ele></trkpt>
   <trkpt lon="6.931233" lat="43.597277"><ele>19.0</ele></trkpt>
   <trkpt lon="6.931398" lat="43.597679"><ele>20.0</ele></trkpt>
   <trkpt lon="6.931539" lat="43.597961"><ele>20.0</ele></trkpt>
   <trkpt lon="6.931598" lat="43.598063"><ele>20.0</ele></trkpt>
   <trkpt lon="6.931684" lat="43.598239"><ele>20.5</ele></trkpt>
   <trkpt lon="6.931723" lat="43.598356"><ele>21.0</ele></trkpt>
   <trkpt lon="6.931749" lat="43.598499"><ele>21.0</ele></trkpt>
   <trkpt lon="6.931796" lat="43.598703"><ele>21.25</ele></trkpt>
   <trkpt lon="6.931869" lat="43.599135"><ele>22.0</ele></trkpt>
   <trkpt lon="6.931899" lat="43.599299"><ele>22.25</ele></trkpt>
   <trkpt lon="6.931969" lat="43.599754"><ele>23.0</ele></trkpt>
   <trkpt lon="6.931954" lat="43.599839"><ele>23.25</ele></trkpt>
   <trkpt lon="6.931907" lat="43.599921"><ele>23.5</ele></trkpt>
   <trkpt lon="6.931517" lat="43.600390"><ele>24.25</ele></trkpt>
   <trkpt lon="6.931383" lat="43.600623"><ele>25.0</ele></trkpt>
   <trkpt lon="6.931274" lat="43.600876"><ele>26.75</ele></trkpt>
   <trkpt lon="6.931255" lat="43.601056"><ele>28.25</ele></trkpt>
   <trkpt lon="6.931279" lat="43.601158"><ele>29.0</ele></trkpt>
   <trkpt lon="6.931302" lat="43.601229"><ele>29.25</ele></trkpt>
   <trkpt lon="6.931337" lat="43.601275"><ele>29.5</ele><sym>left_slight</sym></trkpt>
   <trkpt lon="6.931330" lat="43.601329"><ele>29.75</ele></trkpt>
   <trkpt lon="6.931478" lat="43.601796"><ele>35.0</ele></trkpt>
   <trkpt lon="6.931530" lat="43.601887"><ele>35.75</ele></trkpt>
   <trkpt lon="6.931593" lat="43.601986"><ele>36.75</ele></trkpt>
   <trkpt lon="6.931798" lat="43.602206"><ele>39.25</ele></trkpt>
   <trkpt lon="6.932018" lat="43.602492"><ele>43.0</ele></trkpt>
   <trkpt lon="6.932235" lat="43.602673"><ele>45.25</ele></trkpt>
   <trkpt lon="6.932345" lat="43.602796"><ele>48.25</ele></trkpt>
   <trkpt lon="6.932463" lat="43.602911"><ele>51.25</ele></trkpt>
   <trkpt lon="6.932558" lat="43.602962"><ele>53.0</ele></trkpt>
   <trkpt lon="6.932665" lat="43.602980"><ele>54.5</ele></trkpt>
   <trkpt lon="6.932744" lat="43.602956"><ele>54.75</ele></trkpt>
   <trkpt lon="6.932818" lat="43.602910"><ele>55.0</ele></trkpt>
   <trkpt lon="6.933018" lat="43.602752"><ele>56.5</ele></trkpt>
   <trkpt lon="6.933104" lat="43.602727"><ele>55.5</ele></trkpt>
   <trkpt lon="6.933197" lat="43.602742"><ele>54.0</ele></trkpt>
   <trkpt lon="6.933258" lat="43.602786"><ele>53.75</ele></trkpt>
   <trkpt lon="6.933254" lat="43.602899"><ele>56.0</ele></trkpt>
   <trkpt lon="6.933171" lat="43.603226"><ele>62.5</ele></trkpt>
   <trkpt lon="6.933157" lat="43.603278"><ele>63.5</ele></trkpt>
   <trkpt lon="6.933181" lat="43.603358"><ele>64.75</ele></trkpt>
   <trkpt lon="6.933225" lat="43.603413"><ele>65.75</ele></trkpt>
   <trkpt lon="6.933560" lat="43.603655"><ele>66.75</ele></trkpt>
   <trkpt lon="6.933615" lat="43.603738"><ele>67.75</ele></trkpt>
   <trkpt lon="6.933628" lat="43.603833"><ele>69.5</ele></trkpt>
   <trkpt lon="6.933593" lat="43.604022"><ele>73.5</ele></trkpt>
   <trkpt lon="6.933623" lat="43.604281"><ele>75.75</ele></trkpt>
   <trkpt lon="6.933760" lat="43.604959"><ele>81.5</ele></trkpt>
   <trkpt lon="6.933731" lat="43.605310"><ele>85.5</ele></trkpt>
   <trkpt lon="6.933743" lat="43.605616"><ele>89.0</ele></trkpt>
   <trkpt lon="6.933714" lat="43.605694"><ele>90.25</ele></trkpt>
   <trkpt lon="6.933672" lat="43.605754"><ele>91.0</ele></trkpt>
   <trkpt lon="6.933582" lat="43.605829"><ele>91.25</ele></trkpt>
   <trkpt lon="6.933523" lat="43.605912"><ele>92.25</ele></trkpt>
   <trkpt lon="6.933496" lat="43.605985"><ele>93.5</ele></trkpt>
   <trkpt lon="6.933454" lat="43.606183"><ele>96.5</ele></trkpt>
   <trkpt lon="6.933306" lat="43.606515"><ele>97.75</ele></trkpt>
   <trkpt lon="6.933291" lat="43.606627"><ele>99.0</ele></trkpt>
   <trkpt lon="6.933328" lat="43.606759"><ele>100.75</ele><sym>pass_place</sym><type>Shaping</type></trkpt>
   <trkpt lon="6.933399" lat="43.606901"><ele>102.5</ele></trkpt>
   <trkpt lon="6.933504" lat="43.607012"><ele>103.0</ele></trkpt>
   <trkpt lon="6.934221" lat="43.607483"><ele>108.25</ele></trkpt>
   <trkpt lon="6.934388" lat="43.607647"><ele>110.0</ele></trkpt>
   <trkpt lon="6.934509" lat="43.607800"><ele>111.25</ele></trkpt>
   <trkpt lon="6.934774" lat="43.608226"><ele>114.25</ele></trkpt>
   <trkpt lon="6.934959" lat="43.608582"><ele>116.75</ele></trkpt>
   <trkpt lon="6.935039" lat="43.608770"><ele>117.5</ele></trkpt>
   <trkpt lon="6.935413" lat="43.609772"><ele>118.25</ele></trkpt>
   <trkpt lon="6.935475" lat="43.610067"><ele>117.75</ele></trkpt>
   <trkpt lon="6.935523" lat="43.610156"><ele>117.75</ele></trkpt>
   <trkpt lon="6.935777" lat="43.610422"><ele>117.0</ele></trkpt>
   <trkpt lon="6.935936" lat="43.610603"><ele>117.0</ele></trkpt>
   <trkpt lon="6.936007" lat="43.610708"><ele>116.5</ele></trkpt>
   <trkpt lon="6.936030" lat="43.610759"><ele>116.25</ele></trkpt>
   <trkpt lon="6.936100" lat="43.610983"><ele>115.5</ele></trkpt>
   <trkpt lon="6.936167" lat="43.611329"><ele>114.5</ele></trkpt>
   <trkpt lon="6.936246" lat="43.611672"><ele>114.5</ele></trkpt>
   <trkpt lon="6.936306" lat="43.611998"><ele>115.5</ele></trkpt>
   <trkpt lon="6.936316" lat="43.612249"><ele>114.75</ele></trkpt>
   <trkpt lon="6.936253" lat="43.612566"><ele>116.5</ele></trkpt>
   <trkpt lon="6.936102" lat="43.612864"><ele>117.75</ele></trkpt>
   <trkpt lon="6.935703" lat="43.613711"><ele>124.75</ele></trkpt>
   <trkpt lon="6.935318" lat="43.614563"><ele>132.75</ele></trkpt>
   <trkpt lon="6.935279" lat="43.614622"><ele>133.25</ele></trkpt>
   <trkpt lon="6.935167" lat="43.614782"><ele>134.5</ele></trkpt>
   <trkpt lon="6.935031" lat="43.614894"><ele>136.0</ele></trkpt>
   <trkpt lon="6.934953" lat="43.614959"><ele>136.75</ele></trkpt>
   <trkpt lon="6.933907" lat="43.615589"><ele>148.0</ele></trkpt>
   <trkpt lon="6.933800" lat="43.615652"><ele>148.5</ele></trkpt>
   <trkpt lon="6.933618" lat="43.615774"><ele>149.75</ele></trkpt>
   <trkpt lon="6.933328" lat="43.615956"><ele>150.25</ele></trkpt>
   <trkpt lon="6.933183" lat="43.616132"><ele>151.5</ele></trkpt>
   <trkpt lon="6.933146" lat="43.616268"><ele>151.75</ele></trkpt>
   <trkpt lon="6.933108" lat="43.616818"><ele>153.25</ele></trkpt>
   <trkpt lon="6.933064" lat="43.617038"><ele>153.25</ele></trkpt>
   <trkpt lon="6.933016" lat="43.617169"><ele>154.25</ele></trkpt>
   <trkpt lon="6.932705" lat="43.617656"><ele>154.75</ele></trkpt>
   <trkpt lon="6.932677" lat="43.617789"><ele>154.75</ele></trkpt>
   <trkpt lon="6.932649" lat="43.618223"><ele>156.0</ele></trkpt>
   <trkpt lon="6.932683" lat="43.618501"><ele>156.5</ele></trkpt>
   <trkpt lon="6.932760" lat="43.618663"><ele>156.5</ele></trkpt>
   <trkpt lon="6.933266" lat="43.619355"><ele>159.0</ele></trkpt>
   <trkpt lon="6.933572" lat="43.619760"><ele>162.0</ele></trkpt>
   <trkpt lon="6.933589" lat="43.619867"><ele>162.5</ele></trkpt>
   <trkpt lon="6.933573" lat="43.619930"><ele>162.75</ele><sym>right_slight</sym></trkpt>
   <trkpt lon="6.933630" lat="43.619943"><ele>162.5</ele></trkpt>
   <trkpt lon="6.933683" lat="43.619979"><ele>162.5</ele></trkpt>
   <trkpt lon="6.933724" lat="43.620036"><ele>162.5</ele></trkpt>
   <trkpt lon="6.933940" lat="43.620316"><ele>163.0</ele></trkpt>
   <trkpt lon="6.934077" lat="43.620440"><ele>163.75</ele></trkpt>
   <trkpt lon="6.934115" lat="43.620474"><ele>164.0</ele></trkpt>
   <trkpt lon="6.934527" lat="43.620772"><ele>168.25</ele></trkpt>
   <trkpt lon="6.934940" lat="43.621108"><ele>173.75</ele><sym>pass_place</sym><type>Shaping</type></trkpt>
   <trkpt lon="6.934945" lat="43.621113"><ele>173.75</ele></trkpt>
   <trkpt lon="6.935050" lat="43.621266"><ele>175.0</ele></trkpt>
   <trkpt lon="6.935140" lat="43.621527"><ele>176.0</ele></trkpt>
   <trkpt lon="6.935182" lat="43.621629"><ele>176.5</ele></trkpt>
   <trkpt lon="6.935252" lat="43.621766"><ele>176.75</ele></trkpt>
   <trkpt lon="6.935355" lat="43.621892"><ele>177.0</ele></trkpt>
   <trkpt lon="6.935904" lat="43.622518"><ele>180.5</ele></trkpt>
   <trkpt lon="6.935970" lat="43.622636"><ele>181.5</ele></trkpt>
   <trkpt lon="6.935970" lat="43.622741"><ele>183.0</ele></trkpt>
   <trkpt lon="6.935941" lat="43.622828"><ele>183.75</ele></trkpt>
   <trkpt lon="6.935854" lat="43.622982"><ele>185.0</ele></trkpt>
   <trkpt lon="6.935789" lat="43.623070"><ele>185.75</ele></trkpt>
   <trkpt lon="6.935739" lat="43.623138"><ele>186.25</ele></trkpt>
   <trkpt lon="6.935679" lat="43.623219"><ele>186.5</ele></trkpt>
   <trkpt lon="6.935393" lat="43.623454"><ele>187.25</ele></trkpt>
   <trkpt lon="6.935273" lat="43.623705"><ele>189.25</ele></trkpt>
   <trkpt lon="6.935249" lat="43.623766"><ele>190.0</ele></trkpt>
   <trkpt lon="6.935091" lat="43.624174"><ele>192.5</ele></trkpt>
   <trkpt lon="6.935026" lat="43.624464"><ele>194.0</ele></trkpt>
   <trkpt lon="6.935030" lat="43.624601"><ele>195.75</ele></trkpt>
   <trkpt lon="6.935035" lat="43.624773"><ele>197.5</ele></trkpt>
   <trkpt lon="6.935063" lat="43.625113"><ele>200.0</ele></trkpt>
   <trkpt lon="6.934985" lat="43.625744"><ele>201.75</ele></trkpt>
   <trkpt lon="6.935024" lat="43.626001"><ele>202.75</ele></trkpt>
   <trkpt lon="6.935117" lat="43.626195"><ele>203.75</ele></trkpt>
   <trkpt lon="6.935297" lat="43.626384"><ele>204.0</ele></trkpt>
   <trkpt lon="6.935613" lat="43.626582"><ele>204.75</ele></trkpt>
   <trkpt lon="6.936684" lat="43.626911"><ele>203.75</ele></trkpt>
   <trkpt lon="6.937039" lat="43.627108"><ele>203.75</ele></trkpt>
   <trkpt lon="6.937330" lat="43.627333"><ele>205.5</ele></trkpt>
   <trkpt lon="6.937616" lat="43.627594"><ele>207.0</ele></trkpt>
   <trkpt lon="6.937773" lat="43.627788"><ele>210.0</ele></trkpt>
   <trkpt lon="6.937877" lat="43.627991"><ele>211.25</ele></trkpt>
   <trkpt lon="6.937947" lat="43.628201"><ele>211.75</ele></trkpt>
   <trkpt lon="6.937953" lat="43.628464"><ele>212.5</ele></trkpt>
   <trkpt lon="6.937904" lat="43.628764"><ele>212.75</ele></trkpt>
   <trkpt lon="6.937860" lat="43.629142"><ele>210.75</ele></trkpt>
   <trkpt lon="6.937864" lat="43.629299"><ele>209.5</ele></trkpt>
   <trkpt lon="6.937914" lat="43.629488"><ele>208.25</ele></trkpt>
   <trkpt lon="6.937966" lat="43.629622"><ele>207.5</ele></trkpt>
   <trkpt lon="6.938065" lat="43.629801"><ele>206.75</ele></trkpt>
   <trkpt lon="6.938796" lat="43.631123"><ele>207.25</ele></trkpt>
   <trkpt lon="6.939172" lat="43.631999"><ele>203.75</ele></trkpt>
   <trkpt lon="6.939235" lat="43.632221"><ele>202.75</ele></trkpt>
   <trkpt lon="6.939296" lat="43.633156"><ele>200.0</ele></trkpt>
   <trkpt lon="6.939332" lat="43.633751"><ele>200.0</ele></trkpt>
   <trkpt lon="6.939373" lat="43.634294"><ele>198.0</ele></trkpt>
   <trkpt lon="6.939414" lat="43.634455"><ele>197.0</ele></trkpt>
   <trkpt lon="6.939438" lat="43.634520"><ele>196.25</ele></trkpt>
   <trkpt lon="6.939602" lat="43.634853"><ele>194.5</ele></trkpt>
   <trkpt lon="6.939749" lat="43.635018"><ele>192.75</ele></trkpt>
   <trkpt lon="6.939997" lat="43.635295"><ele>190.5</ele></trkpt>
   <trkpt lon="6.940120" lat="43.635454"><ele>188.75</ele></trkpt>
   <trkpt lon="6.940377" lat="43.635788"><ele>186.5</ele><sym>pass_place</sym><type>Shaping</type></trkpt>
   <trkpt lon="6.940618" lat="43.636312"><ele>183.5</ele></trkpt>
   <trkpt lon="6.940662" lat="43.636460"><ele>182.5</ele></trkpt>
   <trkpt lon="6.940699" lat="43.636525"><ele>182.5</ele></trkpt>
   <trkpt lon="6.940751" lat="43.636617"><ele>182.0</ele><sym>roundabout_e2</sym></trkpt>
   <trkpt lon="6.940783" lat="43.636630"><ele>182.0</ele></trkpt>
   <trkpt lon="6.940807" lat="43.636649"><ele>182.0</ele></trkpt>
   <trkpt lon="6.940822" lat="43.636673"><ele>181.75</ele></trkpt>
   <trkpt lon="6.940826" lat="43.636699"><ele>181.25</ele></trkpt>
   <trkpt lon="6.940820" lat="43.636723"><ele>180.75</ele></trkpt>
   <trkpt lon="6.940803" lat="43.636745"><ele>180.25</ele></trkpt>
   <trkpt lon="6.940779" lat="43.636763"><ele>180.0</ele></trkpt>
   <trkpt lon="6.940748" lat="43.636774"><ele>179.75</ele></trkpt>
   <trkpt lon="6.940783" lat="43.636851"><ele>178.25</ele></trkpt>
   <trkpt lon="6.940893" lat="43.637263"><ele>179.25</ele></trkpt>
   <trkpt lon="6.940961" lat="43.637416"><ele>181.75</ele><sym>roundabout_e2</sym></trkpt>
   <trkpt lon="6.941026" lat="43.637415"><ele>182.0</ele></trkpt>
   <trkpt lon="6.941080" lat="43.637442"><ele>182.5</ele></trkpt>
   <trkpt lon="6.941096" lat="43.637463"><ele>182.5</ele></trkpt>
   <trkpt lon="6.941102" lat="43.637487"><ele>182.75</ele></trkpt>
   <trkpt lon="6.941098" lat="43.637512"><ele>183.0</ele></trkpt>
   <trkpt lon="6.941081" lat="43.637535"><ele>183.0</ele></trkpt>
   <trkpt lon="6.941055" lat="43.637553"><ele>183.0</ele></trkpt>
   <trkpt lon="6.941128" lat="43.637671"><ele>183.5</ele></trkpt>
   <trkpt lon="6.941242" lat="43.637854"><ele>184.5</ele></trkpt>
   <trkpt lon="6.941300" lat="43.637978"><ele>184.75</ele></trkpt>
   <trkpt lon="6.941340" lat="43.638099"><ele>185.0</ele></trkpt>
   <trkpt lon="6.941357" lat="43.638353"><ele>185.75</ele></trkpt>
   <trkpt lon="6.941344" lat="43.638621"><ele>185.5</ele></trkpt>
   <trkpt lon="6.941327" lat="43.638986"><ele>185.75</ele></trkpt>
   <trkpt lon="6.941353" lat="43.639178"><ele>185.75</ele></trkpt>
   <trkpt lon="6.941394" lat="43.639359"><ele>185.25</ele></trkpt>
   <trkpt lon="6.941472" lat="43.639549"><ele>184.5</ele></trkpt>
   <trkpt lon="6.941487" lat="43.639587"><ele>184.25</ele></trkpt>
   <trkpt lon="6.941720" lat="43.639925"><ele>183.5</ele></trkpt>
   <trkpt lon="6.941860" lat="43.640126"><ele>183.25</ele></trkpt>
   <trkpt lon="6.941883" lat="43.640159"><ele>183.25</ele></trkpt>
   <trkpt lon="6.942019" lat="43.640365"><ele>184.5</ele></trkpt>
   <trkpt lon="6.942071" lat="43.640447"><ele>185.0</ele></trkpt>
   <trkpt lon="6.942136" lat="43.640596"><ele>185.75</ele></trkpt>
   <trkpt lon="6.942283" lat="43.640979"><ele>186.25</ele></trkpt>
   <trkpt lon="6.942331" lat="43.641253"><ele>187.25</ele></trkpt>
   <trkpt lon="6.942336" lat="43.641283"><ele>187.25</ele></trkpt>
   <trkpt lon="6.942330" lat="43.641892"><ele>187.75</ele></trkpt>
   <trkpt lon="6.942355" lat="43.641928"><ele>187.5</ele></trkpt>
   <trkpt lon="6.942366" lat="43.641944"><ele>187.25</ele></trkpt>
   <trkpt lon="6.942367" lat="43.641971"><ele>187.25</ele></trkpt>
   <trkpt lon="6.942378" lat="43.642042"><ele>186.75</ele></trkpt>
   <trkpt lon="6.942373" lat="43.642153"><ele>186.5</ele></trkpt>
   <trkpt lon="6.942359" lat="43.642220"><ele>186.5</ele></trkpt>
   <trkpt lon="6.942316" lat="43.642343"><ele>186.25</ele></trkpt>
   <trkpt lon="6.942250" lat="43.642449"><ele>186.75</ele><sym>roundabout_e1</sym></trkpt>
   <trkpt lon="6.942267" lat="43.642482"><ele>186.25</ele></trkpt>
   <trkpt lon="6.942265" lat="43.642500"><ele>186.25</ele></trkpt>
   <trkpt lon="6.942241" lat="43.642530"><ele>186.75</ele></trkpt>
   <trkpt lon="6.942234" lat="43.642626"><ele>187.25</ele></trkpt>
   <trkpt lon="6.942207" lat="43.642709"><ele>187.75</ele></trkpt>
   <trkpt lon="6.942080" lat="43.642951"><ele>188.5</ele></trkpt>
   <trkpt lon="6.942035" lat="43.643163"><ele>188.75</ele></trkpt>
   <trkpt lon="6.941989" lat="43.643384"><ele>189.25</ele></trkpt>
   <trkpt lon="6.941940" lat="43.643605"><ele>189.0</ele></trkpt>
   <trkpt lon="6.941841" lat="43.643811"><ele>187.5</ele></trkpt>
   <trkpt lon="6.941683" lat="43.643983"><ele>186.5</ele></trkpt>
   <trkpt lon="6.941644" lat="43.644009"><ele>186.5</ele></trkpt>
   <trkpt lon="6.941527" lat="43.644077"><ele>186.75</ele></trkpt>
   <trkpt lon="6.940996" lat="43.644397"><ele>184.0</ele></trkpt>
   <trkpt lon="6.940945" lat="43.644427"><ele>184.0</ele></trkpt>
   <trkpt lon="6.940912" lat="43.644447"><ele>184.0</ele></trkpt>
   <trkpt lon="6.940806" lat="43.644511"><ele>183.5</ele></trkpt>
   <trkpt lon="6.940795" lat="43.644517"><ele>183.5</ele></trkpt>
   <trkpt lon="6.940649" lat="43.644644"><ele>181.5</ele></trkpt>
   <trkpt lon="6.940544" lat="43.644736"><ele>180.75</ele></trkpt>
   <trkpt lon="6.940527" lat="43.644772"><ele>180.75</ele></trkpt>
   <trkpt lon="6.940524" lat="43.644817"><ele>180.25</ele></trkpt>
   <trkpt lon="6.940524" lat="43.644864"><ele>180.0</ele></trkpt>
   <trkpt lon="6.940525" lat="43.644906"><ele>179.75</ele><sym>roundabout_e4</sym></trkpt>
   <trkpt lon="6.940602" lat="43.644947"><ele>179.0</ele></trkpt>
   <trkpt lon="6.940640" lat="43.644983"><ele>178.5</ele></trkpt>
   <trkpt lon="6.940665" lat="43.645024"><ele>178.0</ele></trkpt>
   <trkpt lon="6.940676" lat="43.645069"><ele>177.75</ele></trkpt>
   <trkpt lon="6.940673" lat="43.645110"><ele>177.75</ele></trkpt>
   <trkpt lon="6.940659" lat="43.645149"><ele>177.75</ele></trkpt>
   <trkpt lon="6.940626" lat="43.645194"><ele>177.75</ele></trkpt>
   <trkpt lon="6.940578" lat="43.645232"><ele>178.0</ele></trkpt>
   <trkpt lon="6.940530" lat="43.645254"><ele>178.25</ele></trkpt>
   <trkpt lon="6.940478" lat="43.645269"><ele>178.5</ele></trkpt>
   <trkpt lon="6.940422" lat="43.645275"><ele>178.75</ele></trkpt>
   <trkpt lon="6.940369" lat="43.645274"><ele>179.25</ele></trkpt>
   <trkpt lon="6.940318" lat="43.645265"><ele>179.75</ele></trkpt>
   <trkpt lon="6.940271" lat="43.645249"><ele>180.0</ele></trkpt>
   <trkpt lon="6.940239" lat="43.645233"><ele>180.25</ele></trkpt>
   <trkpt lon="6.940075" lat="43.645258"><ele>180.5</ele></trkpt>
   <trkpt lon="6.939989" lat="43.645276"><ele>180.75</ele><sym>right_slight</sym></trkpt>
   <trkpt lon="6.939725" lat="43.645491"><ele>181.75</ele></trkpt>
   <trkpt lon="6.939537" lat="43.645657"><ele>182.0</ele></trkpt>
   <trkpt lon="6.939356" lat="43.645846"><ele>183.0</ele></trkpt>
   <trkpt lon="6.939315" lat="43.645916"><ele>183.5</ele></trkpt>
   <trkpt lon="6.939284" lat="43.645994"><ele>184.25</ele></trkpt>
   <trkpt lon="6.939269" lat="43.646079"><ele>185.25</ele></trkpt>
   <trkpt lon="6.939191" lat="43.646714"><ele>189.25</ele></trkpt>
   <trkpt lon="6.939110" lat="43.647268"><ele>192.0</ele></trkpt>
   <trkpt lon="6.939091" lat="43.647336"><ele>192.75</ele></trkpt>
   <trkpt lon="6.939058" lat="43.647411"><ele>193.75</ele></trkpt>
   <trkpt lon="6.938991" lat="43.647484"><ele>194.0</ele></trkpt>
   <trkpt lon="6.938902" lat="43.647563"><ele>194.25</ele></trkpt>
   <trkpt lon="6.938723" lat="43.647645"><ele>195.0</ele></trkpt>
   <trkpt lon="6.938618" lat="43.647673"><ele>195.25</ele></trkpt>
   <trkpt lon="6.938094" lat="43.647744"><ele>197.0</ele></trkpt>
   <trkpt lon="6.937933" lat="43.647762"><ele>197.75</ele></trkpt>
   <trkpt lon="6.937816" lat="43.647767"><ele>198.5</ele></trkpt>
   <trkpt lon="6.937686" lat="43.647758"><ele>199.0</ele></trkpt>
   <trkpt lon="6.937583" lat="43.647737"><ele>199.5</ele></trkpt>
   <trkpt lon="6.937463" lat="43.647693"><ele>200.25</ele></trkpt>
   <trkpt lon="6.937381" lat="43.647650"><ele>200.75</ele></trkpt>
   <trkpt lon="6.937305" lat="43.647598"><ele>201.0</ele></trkpt>
   <trkpt lon="6.937213" lat="43.647520"><ele>201.25</ele></trkpt>
   <trkpt lon="6.937141" lat="43.647433"><ele>201.75</ele></trkpt>
   <trkpt lon="6.937048" lat="43.647363"><ele>202.75</ele></trkpt>
   <trkpt lon="6.936972" lat="43.647317"><ele>204.0</ele></trkpt>
   <trkpt lon="6.936867" lat="43.647287"><ele>204.5</ele></trkpt>
   <trkpt lon="6.936789" lat="43.647278"><ele>204.75</ele></trkpt>
   <trkpt lon="6.936706" lat="43.647280"><ele>205.25</ele></trkpt>
   <trkpt lon="6.936606" lat="43.647294"><ele>205.25</ele></trkpt>
   <trkpt lon="6.936532" lat="43.647316"><ele>205.25</ele></trkpt>
   <trkpt lon="6.936458" lat="43.647354"><ele>205.5</ele></trkpt>
   <trkpt lon="6.936393" lat="43.647402"><ele>205.75</ele></trkpt>
   <trkpt lon="6.936350" lat="43.647444"><ele>205.75</ele><sym>right_slight</sym></trkpt>
   <trkpt lon="6.936315" lat="43.647729"><ele>206.75</ele><sym>right</sym></trkpt>
   <trkpt lon="6.936504" lat="43.647747"><ele>208.5</ele></trkpt>
   <trkpt lon="6.936760" lat="43.647794"><ele>210.0</ele></trkpt>
   <trkpt lon="6.936983" lat="43.647862"><ele>210.0</ele></trkpt>
   <trkpt lon="6.937201" lat="43.647926"><ele>209.25</ele><sym>pass_place</sym><type>Via</type></trkpt>
  </trkseg>
 </trk>
</gpx>
