<?xml version="1.0" encoding="UTF-8"?>
<!-- track-length = 40832 filtered ascend = 749 plain-ascend = 0 cost=91557 energy=.3kwh time=2h 53m 38s -->
<gpx 
 xmlns="http://www.topografix.com/GPX/1/1" 
 xmlns:xsi="http://www.w3.org/2001/XMLSchema-instance" 
 xsi:schemaLocation="http://www.topografix.com/GPX/1/1 http://www.topografix.com/GPX/1/1/gpx.xsd" 
 creator="BRouter-1.7.10" version="1.1"><wpt lat="43.66539" lon="6.99279"><name>Drinking water</name><sym>Drinking Water</sym></wpt><wpt lat="43.66508" lon="7.00036"><name>Drinking water</name><sym>Drinking Water</sym></wpt><wpt lat="43.65813" lon="6.92322"><name>Le Croissant Rose</name><sym>Restaurant</sym></wpt><wpt lat="43.66065" lon="6.92266"><name>Le Petit Caboulot</name><sym>Restaurant</sym></wpt><wpt lat="43.68029" lon="6.97132"><name>Drinking water</name><sym>Drinking Water</sym></wpt><wpt lat="43.66583" lon="6.92731"><name>Drinking water</name><sym>Drinking Water</sym></wpt><wpt lat="43.65855" lon="6.92326"><name>Fontaine de la Place des Sœurs</name><sym>Drinking Water</sym></wpt><wpt lat="43.60044" lon="6.91109"><name>Bar du Portail</name><sym>Restaurant</sym></wpt><wpt lat="43.67446" lon="7.00637"><name>Drinking water</name><sym>Drinking Water</sym></wpt><wpt lat="43.59757" lon="6.92544"><name>NTC</name><sym>Bike Trail</sym></wpt><wpt lat="43.67557" lon="6.97988"><name>Drinking water</name><sym>Drinking Water</sym></wpt><wpt lat="43.6597" lon="6.92355"><name>Drinking water</name><sym>Drinking Water</sym></wpt><wpt lat="43.65783" lon="6.92255"><name>Fontaine des Dominicains</name><sym>Drinking Water</sym></wpt><wpt lat="43.65717" lon="6.92183"><name>Drinking water</name><sym>Drinking Water</sym></wpt><wpt lat="43.5927" lon="6.93032"><name>Drinking water</name><sym>Drinking Water</sym></wpt><wpt lat="43.66811" lon="6.98764"><name>Drinking water</name><sym>Drinking Water</sym></wpt><wpt lat="43.6742" lon="6.97574"><name>Drinking water</name><sym>Drinking Water</sym></wpt><wpt lat="43.67433" lon="6.97571"><name>Drinking water</name><sym>Drinking Water</sym></wpt><wpt lat="43.65773" lon="6.92214"><name>Café des Musées</name><sym>Restaurant</sym></wpt><wpt lat="43.68209" lon="6.9675"><name>Drinking water</name><sym>Drinking Water</sym></wpt><wpt lat="43.68049" lon="6.97192"><name>Drinking water</name><sym>Drinking Water</sym></wpt><wpt lat="43.60069" lon="6.90984"><name>Drinking water</name><sym>Drinking Water</sym></wpt><wpt lat="43.61896" lon="6.972"><name>Bike shop</name><sym>Bike Trail</sym></wpt><wpt lat="43.641" lon="7.00832"><name>Fontaine de l&#x27;Hôtel Dieu</name><sym>Drinking Water</sym></wpt><wpt lat="43.68055" lon="6.96098"><name>Drinking water</name><sym>Drinking Water</sym></wpt><wpt lat="43.67238" lon="7.00192"><name>Drinking water</name><sym>Drinking Water</sym></wpt><wpt lat="43.61941" lon="6.97032"><name>N&#x27;en faites pas une histoire</name><sym>Restaurant</sym></wpt><wpt lat="43.62027" lon="6.9699"><name>Bike shop</name><sym>Bike Trail</sym></wpt><wpt lat="43.59439" lon="6.92744"><name>Drinking water</name><sym>Drinking Water</sym></wpt><wpt lat="43.61697" lon="6.97144"><name>Bike shop</name><sym>Bike Trail</sym></wpt><wpt lat="43.59577" lon="6.933"><name>Drinking water</name><sym>Drinking Water</sym></wpt><wpt lat="43.65775" lon="6.9212"><name>Maison Saluzzo</name><sym>Restaurant</sym></wpt><wpt lat="43.61852" lon="6.97251"><name>Mouans Chatoux - Café à chats</name><sym>Restaurant</sym></wpt><wpt lat="43.65642" lon="6.92036"><name>Bike shop</name><sym>Bike Trail</sym></wpt><wpt lat="43.59456" lon="6.93145"><name>Drinking water</name><sym>Drinking Water</sym></wpt>
 <trk>
  <src>brouter_fastbike-lowtraffic_0</src>
  <type>bike</type>
  <trkseg>
   <trkpt lon="6.937201" lat="43.647926"><ele>209.25</ele><sym>pass_place</sym><type>Via</type></trkpt>
   <trkpt lon="6.936983" lat="43.647862"><ele>210.0</ele><sym>right_slight</sym></trkpt>
   <trkpt lon="6.936963" lat="43.647906"><ele>210.75</ele></trkpt>
   <trkpt lon="6.936660" lat="43.647975"><ele>211.25</ele></trkpt>
   <trkpt lon="6.936473" lat="43.648027"><ele>211.5</ele></trkpt>
   <trkpt lon="6.936414" lat="43.648068"><ele>212.0</ele></trkpt>
   <trkpt lon="6.936377" lat="43.648106"><ele>212.25</ele></trkpt>
   <trkpt lon="6.936374" lat="43.648163"><ele>212.75</ele></trkpt>
   <trkpt lon="6.936542" lat="43.648605"><ele>219.0</ele></trkpt>
   <trkpt lon="6.936550" lat="43.648661"><ele>220.25</ele></trkpt>
   <trkpt lon="6.936554" lat="43.648706"><ele>221.0</ele><sym>left</sym></trkpt>
   <trkpt lon="6.936192" lat="43.648716"><ele>218.75</ele></trkpt>
   <trkpt lon="6.935793" lat="43.648754"><ele>218.5</ele></trkpt>
   <trkpt lon="6.935052" lat="43.648927"><ele>220.5</ele></trkpt>
   <trkpt lon="6.934864" lat="43.648970"><ele>222.25</ele></trkpt>
   <trkpt lon="6.934538" lat="43.649044"><ele>225.75</ele></trkpt>
   <trkpt lon="6.934092" lat="43.649144"><ele>227.0</ele></trkpt>
   <trkpt lon="6.933880" lat="43.649199"><ele>227.5</ele></trkpt>
   <trkpt lon="6.933393" lat="43.649360"><ele>228.0</ele></trkpt>
   <trkpt lon="6.933160" lat="43.649434"><ele>228.0</ele></trkpt>
   <trkpt lon="6.932919" lat="43.649500"><ele>229.0</ele></trkpt>
   <trkpt lon="6.932314" lat="43.649643"><ele>232.0</ele></trkpt>
   <trkpt lon="6.932151" lat="43.649679"><ele>232.25</ele></trkpt>
   <trkpt lon="6.932017" lat="43.649710"><ele>232.0</ele></trkpt>
   <trkpt lon="6.931961" lat="43.649724"><ele>232.0</ele></trkpt>
   <trkpt lon="6.931713" lat="43.649801"><ele>232.25</ele></trkpt>
   <trkpt lon="6.931679" lat="43.649816"><ele>232.25</ele><sym>roundabout_e2</sym></trkpt>
   <trkpt lon="6.931654" lat="43.649840"><ele>232.25</ele></trkpt>
   <trkpt lon="6.931636" lat="43.649847"><ele>232.5</ele></trkpt>
   <trkpt lon="6.931595" lat="43.649848"><ele>232.5</ele></trkpt>
   <trkpt lon="6.931560" lat="43.649832"><ele>232.75</ele></trkpt>
   <trkpt lon="6.931548" lat="43.649816"><ele>232.75</ele></trkpt>
   <trkpt lon="6.931450" lat="43.649827"><ele>233.0</ele></trkpt>
   <trkpt lon="6.931346" lat="43.649830"><ele>233.5</ele></trkpt>
   <trkpt lon="6.931320" lat="43.649831"><ele>233.75</ele></trkpt>
   <trkpt lon="6.930924" lat="43.649847"><ele>236.0</ele></trkpt>
   <trkpt lon="6.930692" lat="43.649846"><ele>238.0</ele></trkpt>
   <trkpt lon="6.930464" lat="43.649864"><ele>240.25</ele></trkpt>
   <trkpt lon="6.930230" lat="43.649928"><ele>240.75</ele></trkpt>
   <trkpt lon="6.929656" lat="43.650125"><ele>242.25</ele></trkpt>
   <trkpt lon="6.929487" lat="43.650162"><ele>242.5</ele></trkpt>
   <trkpt lon="6.929434" lat="43.650173"><ele>242.75</ele></trkpt>
   <trkpt lon="6.929320" lat="43.650198"><ele>243.0</ele></trkpt>
   <trkpt lon="6.929196" lat="43.650230"><ele>243.0</ele></trkpt>
   <trkpt lon="6.929040" lat="43.650269"><ele>243.0</ele></trkpt>
   <trkpt lon="6.928899" lat="43.650319"><ele>243.25</ele></trkpt>
   <trkpt lon="6.928692" lat="43.650413"><ele>244.75</ele></trkpt>
   <trkpt lon="6.928563" lat="43.650498"><ele>246.0</ele></trkpt>
   <trkpt lon="6.928239" lat="43.650758"><ele>250.25</ele></trkpt>
   <trkpt lon="6.928059" lat="43.650872"><ele>251.0</ele></trkpt>
   <trkpt lon="6.927878" lat="43.650951"><ele>251.75</ele></trkpt>
   <trkpt lon="6.927696" lat="43.651013"><ele>252.25</ele></trkpt>
   <trkpt lon="6.927438" lat="43.651090"><ele>254.25</ele></trkpt>
   <trkpt lon="6.926894" lat="43.651237"><ele>258.5</ele></trkpt>
   <trkpt lon="6.926766" lat="43.651269"><ele>259.25</ele></trkpt>
   <trkpt lon="6.926627" lat="43.651284"><ele>260.0</ele></trkpt>
   <trkpt lon="6.926466" lat="43.651280"><ele>260.5</ele></trkpt>
   <trkpt lon="6.926325" lat="43.651256"><ele>261.0</ele></trkpt>
   <trkpt lon="6.925982" lat="43.651168"><ele>262.0</ele></trkpt>
   <trkpt lon="6.925951" lat="43.651160"><ele>262.0</ele></trkpt>
   <trkpt lon="6.925660" lat="43.651065"><ele>264.25</ele></trkpt>
   <trkpt lon="6.925433" lat="43.651022"><ele>265.75</ele></trkpt>
   <trkpt lon="6.925180" lat="43.650991"><ele>267.0</ele></trkpt>
   <trkpt lon="6.924969" lat="43.650993"><ele>267.25</ele></trkpt>
   <trkpt lon="6.924729" lat="43.651023"><ele>267.25</ele></trkpt>
   <trkpt lon="6.924249" lat="43.651130"><ele>267.25</ele></trkpt>
   <trkpt lon="6.923903" lat="43.651198"><ele>271.5</ele></trkpt>
   <trkpt lon="6.923739" lat="43.651223"><ele>272.25</ele></trkpt>
   <trkpt lon="6.923253" lat="43.651256"><ele>272.75</ele></trkpt>
   <trkpt lon="6.923094" lat="43.651270"><ele>273.75</ele></trkpt>
   <trkpt lon="6.923004" lat="43.651285"><ele>274.0</ele></trkpt>
   <trkpt lon="6.922930" lat="43.651305"><ele>273.75</ele></trkpt>
   <trkpt lon="6.922824" lat="43.651342"><ele>273.75</ele></trkpt>
   <trkpt lon="6.922809" lat="43.651347"><ele>273.75</ele></trkpt>
   <trkpt lon="6.922693" lat="43.651385"><ele>275.0</ele></trkpt>
   <trkpt lon="6.922679" lat="43.651389"><ele>275.25</ele></trkpt>
   <trkpt lon="6.922644" lat="43.651402"><ele>275.75</ele></trkpt>
   <trkpt lon="6.922296" lat="43.651522"><ele>278.75</ele></trkpt>
   <trkpt lon="6.922193" lat="43.651557"><ele>280.0</ele><sym>right_slight</sym></trkpt>
   <trkpt lon="6.922112" lat="43.651619"><ele>281.0</ele></trkpt>
   <trkpt lon="6.921849" lat="43.651833"><ele>283.25</ele></trkpt>
   <trkpt lon="6.921672" lat="43.651971"><ele>285.75</ele></trkpt>
   <trkpt lon="6.921487" lat="43.652096"><ele>288.0</ele></trkpt>
   <trkpt lon="6.920985" lat="43.652365"><ele>293.0</ele></trkpt>
   <trkpt lon="6.920910" lat="43.652422"><ele>293.75</ele></trkpt>
   <trkpt lon="6.920644" lat="43.652754"><ele>298.25</ele></trkpt>
   <trkpt lon="6.920599" lat="43.652810"><ele>298.75</ele></trkpt>
   <trkpt lon="6.920554" lat="43.652850"><ele>299.0</ele></trkpt>
   <trkpt lon="6.920463" lat="43.652906"><ele>300.25</ele></trkpt>
   <trkpt lon="6.919876" lat="43.653310"><ele>304.5</ele></trkpt>
   <trkpt lon="6.919797" lat="43.653355"><ele>305.75</ele></trkpt>
   <trkpt lon="6.919332" lat="43.653618"><ele>310.75</ele></trkpt>
   <trkpt lon="6.919229" lat="43.653684"><ele>312.25</ele></trkpt>
   <trkpt lon="6.919158" lat="43.653771"><ele>313.0</ele></trkpt>
   <trkpt lon="6.919114" lat="43.653847"><ele>313.25</ele></trkpt>
   <trkpt lon="6.918944" lat="43.654212"><ele>316.25</ele></trkpt>
   <trkpt lon="6.918777" lat="43.654518"><ele>319.5</ele></trkpt>
   <trkpt lon="6.918776" lat="43.654518"><ele>320.0</ele><sym>pass_place</sym><type>Shaping</type></trkpt>
   <trkpt lon="6.918753" lat="43.654562"><ele>320.0</ele></trkpt>
   <trkpt lon="6.918700" lat="43.654646"><ele>320.75</ele><sym>right_slight</sym></trkpt>
   <trkpt lon="6.918744" lat="43.654806"><ele>322.0</ele></trkpt>
   <trkpt lon="6.918769" lat="43.654852"><ele>322.25</ele></trkpt>
   <trkpt lon="6.918954" lat="43.655123"><ele>323.75</ele></trkpt>
   <trkpt lon="6.919208" lat="43.655490"><ele>326.25</ele></trkpt>
   <trkpt lon="6.919515" lat="43.655946"><ele>330.0</ele></trkpt>
   <trkpt lon="6.919547" lat="43.655994"><ele>330.5</ele></trkpt>
   <trkpt lon="6.919567" lat="43.656024"><ele>330.75</ele></trkpt>
   <trkpt lon="6.919650" lat="43.656144"><ele>331.5</ele></trkpt>
   <trkpt lon="6.919688" lat="43.656199"><ele>332.0</ele></trkpt>
   <trkpt lon="6.919815" lat="43.656384"><ele>333.25</ele></trkpt>
   <trkpt lon="6.919953" lat="43.656589"><ele>333.0</ele></trkpt>
   <trkpt lon="6.919973" lat="43.656617"><ele>333.0</ele></trkpt>
   <trkpt lon="6.920060" lat="43.656699"><ele>332.75</ele></trkpt>
   <trkpt lon="6.920078" lat="43.656714"><ele>332.75</ele></trkpt>
   <trkpt lon="6.920107" lat="43.656747"><ele>332.75</ele><sym>roundabout_e1</sym></trkpt>
   <trkpt lon="6.920138" lat="43.656764"><ele>332.5</ele></trkpt>
   <trkpt lon="6.920157" lat="43.656788"><ele>332.5</ele></trkpt>
   <trkpt lon="6.920159" lat="43.656821"><ele>332.5</ele></trkpt>
   <trkpt lon="6.920236" lat="43.656930"><ele>332.25</ele><sym>right_slight</sym></trkpt>
   <trkpt lon="6.920487" lat="43.657062"><ele>333.25</ele></trkpt>
   <trkpt lon="6.920620" lat="43.657140"><ele>332.25</ele></trkpt>
   <trkpt lon="6.920689" lat="43.657188"><ele>331.75</ele></trkpt>
   <trkpt lon="6.920931" lat="43.657272"><ele>331.25</ele></trkpt>
   <trkpt lon="6.920981" lat="43.657285"><ele>331.25</ele><sym>roundabout_e3</sym></trkpt>
   <trkpt lon="6.921013" lat="43.657282"><ele>331.0</ele></trkpt>
   <trkpt lon="6.921047" lat="43.657288"><ele>330.75</ele></trkpt>
   <trkpt lon="6.921076" lat="43.657301"><ele>330.75</ele></trkpt>
   <trkpt lon="6.921097" lat="43.657321"><ele>330.75</ele></trkpt>
   <trkpt lon="6.921107" lat="43.657345"><ele>330.75</ele></trkpt>
   <trkpt lon="6.921106" lat="43.657370"><ele>331.0</ele></trkpt>
   <trkpt lon="6.921095" lat="43.657391"><ele>331.25</ele></trkpt>
   <trkpt lon="6.921075" lat="43.657408"><ele>331.75</ele></trkpt>
   <trkpt lon="6.921019" lat="43.657426"><ele>332.75</ele></trkpt>
   <trkpt lon="6.921027" lat="43.657459"><ele>333.0</ele></trkpt>
   <trkpt lon="6.921059" lat="43.657500"><ele>332.75</ele></trkpt>
   <trkpt lon="6.921134" lat="43.657570"><ele>333.75</ele></trkpt>
   <trkpt lon="6.921335" lat="43.657755"><ele>334.0</ele></trkpt>
   <trkpt lon="6.921455" lat="43.657881"><ele>335.0</ele></trkpt>
   <trkpt lon="6.921570" lat="43.657998"><ele>335.5</ele></trkpt>
   <trkpt lon="6.921827" lat="43.658271"><ele>338.0</ele></trkpt>
   <trkpt lon="6.921944" lat="43.658401"><ele>337.75</ele></trkpt>
   <trkpt lon="6.922114" lat="43.658608"><ele>339.5</ele></trkpt>
   <trkpt lon="6.922172" lat="43.658704"><ele>340.25</ele></trkpt>
   <trkpt lon="6.922203" lat="43.658778"><ele>340.5</ele></trkpt>
   <trkpt lon="6.922230" lat="43.658853"><ele>340.5</ele></trkpt>
   <trkpt lon="6.922251" lat="43.658952"><ele>340.75</ele></trkpt>
   <trkpt lon="6.922298" lat="43.659227"><ele>342.25</ele></trkpt>
   <trkpt lon="6.922302" lat="43.659288"><ele>342.25</ele></trkpt>
   <trkpt lon="6.922293" lat="43.659358"><ele>342.5</ele></trkpt>
   <trkpt lon="6.922294" lat="43.659441"><ele>342.5</ele></trkpt>
   <trkpt lon="6.922325" lat="43.659602"><ele>342.75</ele></trkpt>
   <trkpt lon="6.922334" lat="43.659652"><ele>343.0</ele></trkpt>
   <trkpt lon="6.922346" lat="43.659718"><ele>343.0</ele></trkpt>
   <trkpt lon="6.922365" lat="43.659799"><ele>343.25</ele></trkpt>
   <trkpt lon="6.922406" lat="43.660018"><ele>343.25</ele></trkpt>
   <trkpt lon="6.922426" lat="43.660156"><ele>343.75</ele></trkpt>
   <trkpt lon="6.922472" lat="43.660166"><ele>343.25</ele></trkpt>
   <trkpt lon="6.922499" lat="43.660193"><ele>343.0</ele></trkpt>
   <trkpt lon="6.922502" lat="43.660213"><ele>343.25</ele></trkpt>
   <trkpt lon="6.922478" lat="43.660248"><ele>343.75</ele></trkpt>
   <trkpt lon="6.922474" lat="43.660324"><ele>344.25</ele></trkpt>
   <trkpt lon="6.922454" lat="43.660435"><ele>345.0</ele></trkpt>
   <trkpt lon="6.922483" lat="43.660618"><ele>345.25</ele></trkpt>
   <trkpt lon="6.922504" lat="43.660762"><ele>345.5</ele><sym>right_slight</sym></trkpt>
   <trkpt lon="6.922547" lat="43.660812"><ele>345.5</ele></trkpt>
   <trkpt lon="6.922594" lat="43.660844"><ele>345.5</ele></trkpt>
   <trkpt lon="6.922690" lat="43.660887"><ele>345.5</ele></trkpt>
   <trkpt lon="6.922806" lat="43.660930"><ele>345.25</ele></trkpt>
   <trkpt lon="6.922860" lat="43.660967"><ele>345.25</ele></trkpt>
   <trkpt lon="6.922894" lat="43.660999"><ele>345.5</ele></trkpt>
   <trkpt lon="6.922931" lat="43.661055"><ele>346.0</ele></trkpt>
   <trkpt lon="6.922957" lat="43.661118"><ele>346.5</ele></trkpt>
   <trkpt lon="6.922962" lat="43.661157"><ele>346.25</ele></trkpt>
   <trkpt lon="6.922961" lat="43.661207"><ele>346.25</ele></trkpt>
   <trkpt lon="6.922920" lat="43.661306"><ele>346.0</ele></trkpt>
   <trkpt lon="6.922884" lat="43.661381"><ele>346.0</ele></trkpt>
   <trkpt lon="6.922876" lat="43.661439"><ele>346.75</ele></trkpt>
   <trkpt lon="6.922890" lat="43.661487"><ele>347.0</ele><sym>right_slight</sym></trkpt>
   <trkpt lon="6.923225" lat="43.661824"><ele>348.0</ele></trkpt>
   <trkpt lon="6.923702" lat="43.662316"><ele>345.75</ele></trkpt>
   <trkpt lon="6.924214" lat="43.662851"><ele>348.0</ele></trkpt>
   <trkpt lon="6.924630" lat="43.663282"><ele>348.75</ele></trkpt>
   <trkpt lon="6.925164" lat="43.663833"><ele>348.5</ele><sym>left</sym></trkpt>
   <trkpt lon="6.925110" lat="43.663864"><ele>349.5</ele></trkpt>
   <trkpt lon="6.925060" lat="43.663895"><ele>350.5</ele><sym>right</sym></trkpt>
   <trkpt lon="6.925257" lat="43.664056"><ele>353.5</ele></trkpt>
   <trkpt lon="6.925395" lat="43.664187"><ele>356.0</ele></trkpt>
   <trkpt lon="6.925497" lat="43.664304"><ele>358.0</ele></trkpt>
   <trkpt lon="6.925522" lat="43.664318"><ele>357.75</ele></trkpt>
   <trkpt lon="6.925590" lat="43.664322"><ele>357.5</ele></trkpt>
   <trkpt lon="6.925664" lat="43.664312"><ele>359.0</ele></trkpt>
   <trkpt lon="6.925985" lat="43.664209"><ele>360.5</ele><sym>stay_right</sym></trkpt>
   <trkpt lon="6.925971" lat="43.664162"><ele>358.5</ele></trkpt>
   <trkpt lon="6.926120" lat="43.664120"><ele>358.5</ele></trkpt>
   <trkpt lon="6.926250" lat="43.664121"><ele>358.75</ele></trkpt>
   <trkpt lon="6.926419" lat="43.664192"><ele>362.25</ele></trkpt>
   <trkpt lon="6.926473" lat="43.664183"><ele>362.0</ele></trkpt>
   <trkpt lon="6.926667" lat="43.664100"><ele>359.5</ele></trkpt>
   <trkpt lon="6.926791" lat="43.664077"><ele>358.25</ele></trkpt>
   <trkpt lon="6.926989" lat="43.664077"><ele>358.0</ele></trkpt>
   <trkpt lon="6.927150" lat="43.664095"><ele>359.0</ele></trkpt>
   <trkpt lon="6.927289" lat="43.664157"><ele>362.0</ele></trkpt>
   <trkpt lon="6.927387" lat="43.664209"><ele>365.25</ele></trkpt>
   <trkpt lon="6.928016" lat="43.664244"><ele>369.25</ele></trkpt>
   <trkpt lon="6.928558" lat="43.664257"><ele>371.75</ele></trkpt>
   <trkpt lon="6.928854" lat="43.664296"><ele>377.25</ele></trkpt>
   <trkpt lon="6.928882" lat="43.664297"><ele>377.75</ele><sym>straight</sym></trkpt>
   <trkpt lon="6.929524" lat="43.664318"><ele>383.25</ele></trkpt>
   <trkpt lon="6.929627" lat="43.664310"><ele>383.5</ele></trkpt>
   <trkpt lon="6.929966" lat="43.664286"><ele>382.5</ele></trkpt>
   <trkpt lon="6.930286" lat="43.664338"><ele>384.75</ele></trkpt>
   <trkpt lon="6.930289" lat="43.664338"><ele>384.5</ele><sym>pass_place</sym><type>Shaping</type></trkpt>
   <trkpt lon="6.930350" lat="43.664347"><ele>384.5</ele></trkpt>
   <trkpt lon="6.930574" lat="43.664393"><ele>384.0</ele></trkpt>
   <trkpt lon="6.930797" lat="43.664490"><ele>383.75</ele></trkpt>
   <trkpt lon="6.931143" lat="43.664621"><ele>384.25</ele></trkpt>
   <trkpt lon="6.931343" lat="43.664690"><ele>386.5</ele></trkpt>
   <trkpt lon="6.931578" lat="43.664741"><ele>384.0</ele></trkpt>
   <trkpt lon="6.931837" lat="43.664807"><ele>383.25</ele></trkpt>
   <trkpt lon="6.932143" lat="43.664870"><ele>382.5</ele></trkpt>
   <trkpt lon="6.932251" lat="43.664880"><ele>381.75</ele><sym>left_slight</sym></trkpt>
   <trkpt lon="6.932385" lat="43.664972"><ele>383.0</ele></trkpt>
   <trkpt lon="6.932576" lat="43.665099"><ele>384.25</ele></trkpt>
   <trkpt lon="6.932622" lat="43.665129"><ele>384.5</ele></trkpt>
   <trkpt lon="6.932661" lat="43.665155"><ele>384.5</ele></trkpt>
   <trkpt lon="6.932899" lat="43.665283"><ele>385.25</ele></trkpt>
   <trkpt lon="6.933112" lat="43.665398"><ele>386.75</ele></trkpt>
   <trkpt lon="6.933617" lat="43.665660"><ele>389.0</ele></trkpt>
   <trkpt lon="6.933780" lat="43.665772"><ele>388.75</ele></trkpt>
   <trkpt lon="6.933882" lat="43.665868"><ele>389.0</ele></trkpt>
   <trkpt lon="6.934305" lat="43.666369"><ele>390.25</ele></trkpt>
   <trkpt lon="6.934467" lat="43.666516"><ele>389.75</ele><sym>right_slight</sym></trkpt>
   <trkpt lon="6.934509" lat="43.666510"><ele>389.0</ele></trkpt>
   <trkpt lon="6.934585" lat="43.666524"><ele>388.25</ele></trkpt>
   <trkpt lon="6.934777" lat="43.666617"><ele>388.75</ele></trkpt>
   <trkpt lon="6.934987" lat="43.666755"><ele>389.5</ele></trkpt>
   <trkpt lon="6.935142" lat="43.666880"><ele>388.75</ele></trkpt>
   <trkpt lon="6.935232" lat="43.666993"><ele>387.25</ele></trkpt>
   <trkpt lon="6.935333" lat="43.667168"><ele>385.5</ele></trkpt>
   <trkpt lon="6.935360" lat="43.667296"><ele>385.25</ele></trkpt>
   <trkpt lon="6.935359" lat="43.667418"><ele>385.25</ele></trkpt>
   <trkpt lon="6.935429" lat="43.667543"><ele>384.75</ele></trkpt>
   <trkpt lon="6.935481" lat="43.667583"><ele>384.75</ele></trkpt>
   <trkpt lon="6.935543" lat="43.667609"><ele>384.75</ele><sym>right_slight</sym></trkpt>
   <trkpt lon="6.935798" lat="43.667653"><ele>388.25</ele></trkpt>
   <trkpt lon="6.936055" lat="43.667681"><ele>389.25</ele></trkpt>
   <trkpt lon="6.936284" lat="43.667743"><ele>391.25</ele></trkpt>
   <trkpt lon="6.936427" lat="43.667805"><ele>394.0</ele></trkpt>
   <trkpt lon="6.936594" lat="43.667860"><ele>395.75</ele></trkpt>
   <trkpt lon="6.936870" lat="43.667892"><ele>396.25</ele></trkpt>
   <trkpt lon="6.937323" lat="43.668045"><ele>400.0</ele></trkpt>
   <trkpt lon="6.937781" lat="43.668281"><ele>402.0</ele></trkpt>
   <trkpt lon="6.938200" lat="43.668600"><ele>403.25</ele></trkpt>
   <trkpt lon="6.938366" lat="43.668767"><ele>403.0</ele></trkpt>
   <trkpt lon="6.938492" lat="43.668958"><ele>405.25</ele></trkpt>
   <trkpt lon="6.938680" lat="43.669185"><ele>405.0</ele></trkpt>
   <trkpt lon="6.938795" lat="43.669386"><ele>406.5</ele></trkpt>
   <trkpt lon="6.939021" lat="43.669581"><ele>408.25</ele></trkpt>
   <trkpt lon="6.939350" lat="43.669780"><ele>405.0</ele></trkpt>
   <trkpt lon="6.939467" lat="43.669926"><ele>405.75</ele></trkpt>
   <trkpt lon="6.939506" lat="43.670086"><ele>408.75</ele></trkpt>
   <trkpt lon="6.939608" lat="43.670214"><ele>408.5</ele></trkpt>
   <trkpt lon="6.939805" lat="43.670368"><ele>407.75</ele></trkpt>
   <trkpt lon="6.939905" lat="43.670462"><ele>408.25</ele></trkpt>
   <trkpt lon="6.939945" lat="43.670512"><ele>408.75</ele></trkpt>
   <trkpt lon="6.939962" lat="43.670565"><ele>410.0</ele></trkpt>
   <trkpt lon="6.940064" lat="43.670745"><ele>411.0</ele></trkpt>
   <trkpt lon="6.940147" lat="43.670961"><ele>412.75</ele></trkpt>
   <trkpt lon="6.940106" lat="43.671078"><ele>414.0</ele></trkpt>
   <trkpt lon="6.940040" lat="43.671143"><ele>414.75</ele></trkpt>
   <trkpt lon="6.939796" lat="43.671294"><ele>418.0</ele></trkpt>
   <trkpt lon="6.939759" lat="43.671351"><ele>418.25</ele></trkpt>
   <trkpt lon="6.939760" lat="43.671456"><ele>418.5</ele></trkpt>
   <trkpt lon="6.939775" lat="43.671584"><ele>419.75</ele></trkpt>
   <trkpt lon="6.939868" lat="43.671745"><ele>421.5</ele><sym>right_slight</sym></trkpt>
   <trkpt lon="6.939919" lat="43.671778"><ele>421.75</ele><sym>right_slight</sym></trkpt>
   <trkpt lon="6.940258" lat="43.671940"><ele>418.5</ele></trkpt>
   <trkpt lon="6.940637" lat="43.672083"><ele>416.75</ele></trkpt>
   <trkpt lon="6.940722" lat="43.672129"><ele>416.0</ele></trkpt>
   <trkpt lon="6.940900" lat="43.672302"><ele>415.75</ele></trkpt>
   <trkpt lon="6.941053" lat="43.672385"><ele>413.75</ele></trkpt>
   <trkpt lon="6.941124" lat="43.672404"><ele>412.25</ele></trkpt>
   <trkpt lon="6.941239" lat="43.672433"><ele>411.0</ele></trkpt>
   <trkpt lon="6.941404" lat="43.672491"><ele>410.0</ele></trkpt>
   <trkpt lon="6.941572" lat="43.672591"><ele>408.25</ele></trkpt>
   <trkpt lon="6.941960" lat="43.672693"><ele>404.0</ele></trkpt>
   <trkpt lon="6.942359" lat="43.672776"><ele>399.75</ele></trkpt>
   <trkpt lon="6.942460" lat="43.672815"><ele>399.0</ele></trkpt>
   <trkpt lon="6.942534" lat="43.672888"><ele>398.5</ele></trkpt>
   <trkpt lon="6.942666" lat="43.673061"><ele>398.5</ele></trkpt>
   <trkpt lon="6.942746" lat="43.673378"><ele>399.0</ele></trkpt>
   <trkpt lon="6.942799" lat="43.673659"><ele>398.75</ele></trkpt>
   <trkpt lon="6.942665" lat="43.674057"><ele>404.5</ele></trkpt>
   <trkpt lon="6.942722" lat="43.674124"><ele>403.75</ele></trkpt>
   <trkpt lon="6.942845" lat="43.674177"><ele>402.0</ele></trkpt>
   <trkpt lon="6.942938" lat="43.674199"><ele>401.75</ele></trkpt>
   <trkpt lon="6.943027" lat="43.674208"><ele>400.5</ele></trkpt>
   <trkpt lon="6.943369" lat="43.674191"><ele>399.25</ele></trkpt>
   <trkpt lon="6.943539" lat="43.674195"><ele>399.0</ele></trkpt>
   <trkpt lon="6.943713" lat="43.674240"><ele>398.75</ele></trkpt>
   <trkpt lon="6.943866" lat="43.674307"><ele>398.25</ele></trkpt>
   <trkpt lon="6.944041" lat="43.674467"><ele>398.0</ele></trkpt>
   <trkpt lon="6.944300" lat="43.674643"><ele>398.25</ele></trkpt>
   <trkpt lon="6.944597" lat="43.674830"><ele>399.25</ele></trkpt>
   <trkpt lon="6.944598" lat="43.674830"><ele>399.0</ele><sym>pass_place</sym><type>Shaping</type></trkpt>
   <trkpt lon="6.944798" lat="43.674975"><ele>399.0</ele></trkpt>
   <trkpt lon="6.945038" lat="43.675096"><ele>397.5</ele></trkpt>
   <trkpt lon="6.945345" lat="43.675234"><ele>395.75</ele></trkpt>
   <trkpt lon="6.945630" lat="43.675413"><ele>393.5</ele></trkpt>
   <trkpt lon="6.945898" lat="43.675626"><ele>392.5</ele></trkpt>
   <trkpt lon="6.946016" lat="43.675789"><ele>392.75</ele></trkpt>
   <trkpt lon="6.946136" lat="43.675939"><ele>392.75</ele></trkpt>
   <trkpt lon="6.946267" lat="43.676042"><ele>392.0</ele></trkpt>
   <trkpt lon="6.946439" lat="43.676139"><ele>389.5</ele></trkpt>
   <trkpt lon="6.946619" lat="43.676297"><ele>386.5</ele></trkpt>
   <trkpt lon="6.946840" lat="43.676558"><ele>384.75</ele></trkpt>
   <trkpt lon="6.946958" lat="43.676863"><ele>382.5</ele></trkpt>
   <trkpt lon="6.946981" lat="43.676960"><ele>382.5</ele></trkpt>
   <trkpt lon="6.946991" lat="43.677032"><ele>383.5</ele><sym>right</sym></trkpt>
   <trkpt lon="6.947105" lat="43.677033"><ele>381.5</ele><sym>left</sym></trkpt>
   <trkpt lon="6.947116" lat="43.677067"><ele>382.0</ele></trkpt>
   <trkpt lon="6.947129" lat="43.677107"><ele>382.5</ele></trkpt>
   <trkpt lon="6.947595" lat="43.678634"><ele>385.5</ele></trkpt>
   <trkpt lon="6.947631" lat="43.678758"><ele>385.5</ele></trkpt>
   <trkpt lon="6.947718" lat="43.679026"><ele>385.5</ele></trkpt>
   <trkpt lon="6.947857" lat="43.679467"><ele>384.5</ele></trkpt>
   <trkpt lon="6.947902" lat="43.679555"><ele>383.25</ele></trkpt>
   <trkpt lon="6.947973" lat="43.679632"><ele>383.25</ele></trkpt>
   <trkpt lon="6.948116" lat="43.679722"><ele>383.25</ele></trkpt>
   <trkpt lon="6.948285" lat="43.679780"><ele>383.5</ele></trkpt>
   <trkpt lon="6.948491" lat="43.679789"><ele>383.5</ele></trkpt>
   <trkpt lon="6.948687" lat="43.679769"><ele>385.5</ele></trkpt>
   <trkpt lon="6.948916" lat="43.679693"><ele>386.75</ele></trkpt>
   <trkpt lon="6.949424" lat="43.679547"><ele>388.0</ele></trkpt>
   <trkpt lon="6.949579" lat="43.679534"><ele>388.0</ele></trkpt>
   <trkpt lon="6.949723" lat="43.679539"><ele>388.5</ele></trkpt>
   <trkpt lon="6.949854" lat="43.679554"><ele>388.25</ele></trkpt>
   <trkpt lon="6.949937" lat="43.679574"><ele>388.5</ele></trkpt>
   <trkpt lon="6.950067" lat="43.679627"><ele>389.0</ele></trkpt>
   <trkpt lon="6.950222" lat="43.679712"><ele>389.5</ele><sym>left_slight</sym></trkpt>
   <trkpt lon="6.950453" lat="43.679918"><ele>392.25</ele></trkpt>
   <trkpt lon="6.950591" lat="43.680012"><ele>393.0</ele><sym>straight</sym></trkpt>
   <trkpt lon="6.950675" lat="43.680090"><ele>394.5</ele></trkpt>
   <trkpt lon="6.950764" lat="43.680126"><ele>395.0</ele></trkpt>
   <trkpt lon="6.950959" lat="43.680166"><ele>396.25</ele></trkpt>
   <trkpt lon="6.951068" lat="43.680209"><ele>397.5</ele><sym>straight</sym></trkpt>
   <trkpt lon="6.951287" lat="43.680368"><ele>401.5</ele><sym>straight</sym></trkpt>
   <trkpt lon="6.951366" lat="43.680425"><ele>403.0</ele></trkpt>
   <trkpt lon="6.951672" lat="43.680588"><ele>404.5</ele></trkpt>
   <trkpt lon="6.952070" lat="43.680827"><ele>405.5</ele></trkpt>
   <trkpt lon="6.952189" lat="43.680902"><ele>405.0</ele></trkpt>
   <trkpt lon="6.952258" lat="43.680957"><ele>405.5</ele></trkpt>
   <trkpt lon="6.952325" lat="43.681028"><ele>406.75</ele></trkpt>
   <trkpt lon="6.952356" lat="43.681055"><ele>407.0</ele></trkpt>
   <trkpt lon="6.952472" lat="43.681145"><ele>408.0</ele></trkpt>
   <trkpt lon="6.952643" lat="43.681170"><ele>406.75</ele></trkpt>
   <trkpt lon="6.952860" lat="43.681174"><ele>404.75</ele></trkpt>
   <trkpt lon="6.952982" lat="43.681189"><ele>404.25</ele></trkpt>
   <trkpt lon="6.953124" lat="43.681209"><ele>404.0</ele></trkpt>
   <trkpt lon="6.953284" lat="43.681252"><ele>404.75</ele></trkpt>
   <trkpt lon="6.953394" lat="43.681303"><ele>405.25</ele></trkpt>
   <trkpt lon="6.953603" lat="43.681436"><ele>406.25</ele></trkpt>
   <trkpt lon="6.953697" lat="43.681474"><ele>406.25</ele></trkpt>
   <trkpt lon="6.953903" lat="43.681534"><ele>406.0</ele></trkpt>
   <trkpt lon="6.953978" lat="43.681563"><ele>405.75</ele></trkpt>
   <trkpt lon="6.954173" lat="43.681708"><ele>408.5</ele></trkpt>
   <trkpt lon="6.954392" lat="43.681796"><ele>409.5</ele></trkpt>
   <trkpt lon="6.954590" lat="43.681863"><ele>410.5</ele></trkpt>
   <trkpt lon="6.954695" lat="43.681884"><ele>410.5</ele></trkpt>
   <trkpt lon="6.954885" lat="43.681896"><ele>410.0</ele></trkpt>
   <trkpt lon="6.955007" lat="43.681920"><ele>410.5</ele></trkpt>
   <trkpt lon="6.955077" lat="43.681953"><ele>409.25</ele></trkpt>
   <trkpt lon="6.955131" lat="43.682009"><ele>409.0</ele></trkpt>
   <trkpt lon="6.955262" lat="43.682210"><ele>409.25</ele></trkpt>
   <trkpt lon="6.955369" lat="43.682409"><ele>408.75</ele></trkpt>
   <trkpt lon="6.955425" lat="43.682485"><ele>409.0</ele></trkpt>
   <trkpt lon="6.955558" lat="43.682516"><ele>408.5</ele></trkpt>
   <trkpt lon="6.955626" lat="43.682493"><ele>409.5</ele></trkpt>
   <trkpt lon="6.955693" lat="43.682304"><ele>406.75</ele></trkpt>
   <trkpt lon="6.955759" lat="43.682182"><ele>405.5</ele><sym>left_slight</sym></trkpt>
   <trkpt lon="6.955927" lat="43.682088"><ele>405.75</ele></trkpt>
   <trkpt lon="6.956215" lat="43.682000"><ele>406.75</ele></trkpt>
   <trkpt lon="6.956357" lat="43.681995"><ele>407.75</ele></trkpt>
   <trkpt lon="6.956522" lat="43.681973"><ele>409.0</ele></trkpt>
   <trkpt lon="6.956618" lat="43.681935"><ele>409.0</ele></trkpt>
   <trkpt lon="6.956817" lat="43.681835"><ele>409.5</ele></trkpt>
   <trkpt lon="6.956989" lat="43.681826"><ele>412.0</ele></trkpt>
   <trkpt lon="6.957149" lat="43.681827"><ele>414.0</ele><sym>right_slight</sym></trkpt>
   <trkpt lon="6.957228" lat="43.681775"><ele>414.0</ele></trkpt>
   <trkpt lon="6.957364" lat="43.681742"><ele>416.25</ele></trkpt>
   <trkpt lon="6.957513" lat="43.681731"><ele>418.75</ele></trkpt>
   <trkpt lon="6.957656" lat="43.681728"><ele>420.0</ele></trkpt>
   <trkpt lon="6.957734" lat="43.681740"><ele>421.0</ele></trkpt>
   <trkpt lon="6.957900" lat="43.681713"><ele>421.0</ele></trkpt>
   <trkpt lon="6.958141" lat="43.681657"><ele>418.75</ele></trkpt>
   <trkpt lon="6.958240" lat="43.681650"><ele>417.25</ele><sym>left_slight</sym></trkpt>
   <trkpt lon="6.958296" lat="43.681662"><ele>417.25</ele></trkpt>
   <trkpt lon="6.958416" lat="43.681705"><ele>416.75</ele><sym>left_slight</sym></trkpt>
   <trkpt lon="6.958453" lat="43.681776"><ele>418.75</ele></trkpt>
   <trkpt lon="6.958516" lat="43.681846"><ele>420.75</ele></trkpt>
   <trkpt lon="6.958595" lat="43.681899"><ele>422.0</ele></trkpt>
   <trkpt lon="6.958901" lat="43.682018"><ele>422.5</ele></trkpt>
   <trkpt lon="6.959028" lat="43.682050"><ele>423.25</ele></trkpt>
   <trkpt lon="6.959179" lat="43.682064"><ele>423.5</ele></trkpt>
   <trkpt lon="6.959360" lat="43.682080"><ele>423.25</ele></trkpt>
   <trkpt lon="6.959904" lat="43.682156"><ele>424.25</ele></trkpt>
   <trkpt lon="6.959985" lat="43.682165"><ele>424.0</ele></trkpt>
   <trkpt lon="6.960460" lat="43.682245"><ele>422.75</ele><sym>pass_place</sym><type>Shaping</type></trkpt>
   <trkpt lon="6.960462" lat="43.682246"><ele>422.75</ele></trkpt>
   <trkpt lon="6.960652" lat="43.682291"><ele>421.75</ele></trkpt>
   <trkpt lon="6.960768" lat="43.682331"><ele>421.75</ele></trkpt>
   <trkpt lon="6.960898" lat="43.682363"><ele>421.5</ele></trkpt>
   <trkpt lon="6.960973" lat="43.682367"><ele>420.5</ele></trkpt>
   <trkpt lon="6.961100" lat="43.682369"><ele>418.5</ele></trkpt>
   <trkpt lon="6.961164" lat="43.682399"><ele>419.5</ele><sym>right_slight</sym></trkpt>
   <trkpt lon="6.961298" lat="43.682380"><ele>417.75</ele></trkpt>
   <trkpt lon="6.961338" lat="43.682350"><ele>416.75</ele><sym>left_slight</sym></trkpt>
   <trkpt lon="6.961358" lat="43.682317"><ele>416.0</ele></trkpt>
   <trkpt lon="6.961390" lat="43.682293"><ele>415.5</ele></trkpt>
   <trkpt lon="6.961449" lat="43.682275"><ele>415.5</ele></trkpt>
   <trkpt lon="6.961765" lat="43.682296"><ele>417.5</ele></trkpt>
   <trkpt lon="6.961853" lat="43.682291"><ele>417.25</ele></trkpt>
   <trkpt lon="6.961919" lat="43.682297"><ele>417.25</ele></trkpt>
   <trkpt lon="6.962157" lat="43.682239"><ele>416.25</ele></trkpt>
   <trkpt lon="6.962300" lat="43.682166"><ele>414.75</ele></trkpt>
   <trkpt lon="6.962441" lat="43.682076"><ele>413.25</ele></trkpt>
   <trkpt lon="6.962510" lat="43.682039"><ele>412.5</ele></trkpt>
   <trkpt lon="6.962602" lat="43.682004"><ele>411.0</ele></trkpt>
   <trkpt lon="6.962672" lat="43.681988"><ele>410.0</ele><sym>left_slight</sym></trkpt>
   <trkpt lon="6.962703" lat="43.682005"><ele>410.25</ele></trkpt>
   <trkpt lon="6.962789" lat="43.681993"><ele>409.25</ele></trkpt>
   <trkpt lon="6.962857" lat="43.681994"><ele>409.0</ele></trkpt>
   <trkpt lon="6.962957" lat="43.682047"><ele>410.0</ele></trkpt>
   <trkpt lon="6.963104" lat="43.682190"><ele>413.0</ele></trkpt>
   <trkpt lon="6.963272" lat="43.682316"><ele>415.25</ele></trkpt>
   <trkpt lon="6.963375" lat="43.682361"><ele>416.5</ele></trkpt>
   <trkpt lon="6.963691" lat="43.682296"><ele>415.0</ele></trkpt>
   <trkpt lon="6.963807" lat="43.682296"><ele>415.0</ele></trkpt>
   <trkpt lon="6.963949" lat="43.682321"><ele>415.75</ele></trkpt>
   <trkpt lon="6.964094" lat="43.682358"><ele>416.5</ele></trkpt>
   <trkpt lon="6.964230" lat="43.682383"><ele>417.5</ele></trkpt>
   <trkpt lon="6.964527" lat="43.682345"><ele>417.0</ele></trkpt>
   <trkpt lon="6.964923" lat="43.682275"><ele>416.75</ele></trkpt>
   <trkpt lon="6.965048" lat="43.682246"><ele>417.5</ele></trkpt>
   <trkpt lon="6.965553" lat="43.682087"><ele>421.0</ele></trkpt>
   <trkpt lon="6.965757" lat="43.682072"><ele>420.75</ele></trkpt>
   <trkpt lon="6.966278" lat="43.682003"><ele>420.75</ele></trkpt>
   <trkpt lon="6.966680" lat="43.681981"><ele>421.0</ele></trkpt>
   <trkpt lon="6.967107" lat="43.681966"><ele>422.25</ele></trkpt>
   <trkpt lon="6.967250" lat="43.681972"><ele>423.25</ele></trkpt>
   <trkpt lon="6.967395" lat="43.681955"><ele>423.5</ele></trkpt>
   <trkpt lon="6.967647" lat="43.681891"><ele>423.0</ele></trkpt>
   <trkpt lon="6.967707" lat="43.681801"><ele>420.75</ele></trkpt>
   <trkpt lon="6.967789" lat="43.681757"><ele>420.25</ele></trkpt>
   <trkpt lon="6.968469" lat="43.681555"><ele>420.25</ele></trkpt>
   <trkpt lon="6.968618" lat="43.681483"><ele>420.0</ele></trkpt>
   <trkpt lon="6.968705" lat="43.681390"><ele>418.25</ele></trkpt>
   <trkpt lon="6.968776" lat="43.681377"><ele>419.0</ele></trkpt>
   <trkpt lon="6.968845" lat="43.681369"><ele>419.5</ele></trkpt>
   <trkpt lon="6.969475" lat="43.681352"><ele>423.0</ele></trkpt>
   <trkpt lon="6.969754" lat="43.681322"><ele>422.25</ele></trkpt>
   <trkpt lon="6.969910" lat="43.681327"><ele>422.25</ele><sym>straight</sym></trkpt>
   <trkpt lon="6.970136" lat="43.681282"><ele>421.0</ele></trkpt>
   <trkpt lon="6.970264" lat="43.681229"><ele>419.75</ele></trkpt>
   <trkpt lon="6.970323" lat="43.681205"><ele>419.5</ele></trkpt>
   <trkpt lon="6.970544" lat="43.681041"><ele>418.75</ele></trkpt>
   <trkpt lon="6.970770" lat="43.680817"><ele>417.75</ele></trkpt>
   <trkpt lon="6.970817" lat="43.680758"><ele>416.5</ele></trkpt>
   <trkpt lon="6.970898" lat="43.680710"><ele>415.75</ele></trkpt>
   <trkpt lon="6.971045" lat="43.680679"><ele>415.5</ele></trkpt>
   <trkpt lon="6.971341" lat="43.680635"><ele>414.75</ele></trkpt>
   <trkpt lon="6.971395" lat="43.680615"><ele>414.25</ele></trkpt>
   <trkpt lon="6.971463" lat="43.680569"><ele>413.25</ele><sym>roundabout_e2</sym></trkpt>
   <trkpt lon="6.971441" lat="43.680562"><ele>413.0</ele></trkpt>
   <trkpt lon="6.971424" lat="43.680537"><ele>412.75</ele></trkpt>
   <trkpt lon="6.971385" lat="43.680417"><ele>412.25</ele></trkpt>
   <trkpt lon="6.971384" lat="43.680373"><ele>412.25</ele></trkpt>
   <trkpt lon="6.971291" lat="43.680331"><ele>410.75</ele><sym>left_slight</sym></trkpt>
   <trkpt lon="6.971261" lat="43.680219"><ele>410.0</ele></trkpt>
   <trkpt lon="6.971236" lat="43.680064"><ele>409.75</ele></trkpt>
   <trkpt lon="6.971218" lat="43.679956"><ele>409.5</ele></trkpt>
   <trkpt lon="6.971219" lat="43.679886"><ele>409.25</ele></trkpt>
   <trkpt lon="6.971242" lat="43.679775"><ele>409.0</ele></trkpt>
   <trkpt lon="6.971258" lat="43.679726"><ele>409.0</ele></trkpt>
   <trkpt lon="6.971319" lat="43.679589"><ele>406.75</ele></trkpt>
   <trkpt lon="6.971430" lat="43.679356"><ele>407.5</ele></trkpt>
   <trkpt lon="6.971452" lat="43.679309"><ele>409.0</ele></trkpt>
   <trkpt lon="6.971517" lat="43.679197"><ele>411.75</ele></trkpt>
   <trkpt lon="6.971561" lat="43.679156"><ele>412.75</ele></trkpt>
   <trkpt lon="6.971590" lat="43.679129"><ele>413.75</ele></trkpt>
   <trkpt lon="6.971681" lat="43.679080"><ele>415.25</ele></trkpt>
   <trkpt lon="6.971861" lat="43.679003"><ele>416.75</ele></trkpt>
   <trkpt lon="6.972181" lat="43.678895"><ele>417.0</ele></trkpt>
   <trkpt lon="6.972526" lat="43.678741"><ele>418.0</ele></trkpt>
   <trkpt lon="6.972655" lat="43.678654"><ele>419.25</ele></trkpt>
   <trkpt lon="6.972729" lat="43.678587"><ele>420.0</ele></trkpt>
   <trkpt lon="6.972850" lat="43.678444"><ele>421.0</ele></trkpt>
   <trkpt lon="6.972919" lat="43.678316"><ele>422.0</ele></trkpt>
   <trkpt lon="6.972965" lat="43.678170"><ele>422.25</ele></trkpt>
   <trkpt lon="6.973005" lat="43.677847"><ele>424.0</ele></trkpt>
   <trkpt lon="6.973025" lat="43.677544"><ele>425.5</ele></trkpt>
   <trkpt lon="6.973070" lat="43.677110"><ele>428.75</ele></trkpt>
   <trkpt lon="6.973115" lat="43.676931"><ele>429.5</ele></trkpt>
   <trkpt lon="6.973201" lat="43.676760"><ele>430.5</ele></trkpt>
   <trkpt lon="6.973273" lat="43.676657"><ele>431.0</ele></trkpt>
   <trkpt lon="6.973368" lat="43.676521"><ele>429.25</ele></trkpt>
   <trkpt lon="6.973454" lat="43.676408"><ele>428.5</ele></trkpt>
   <trkpt lon="6.973650" lat="43.676173"><ele>429.0</ele></trkpt>
   <trkpt lon="6.974020" lat="43.675783"><ele>431.25</ele></trkpt>
   <trkpt lon="6.974310" lat="43.675499"><ele>431.75</ele><sym>pass_place</sym><type>Shaping</type></trkpt>
   <trkpt lon="6.974313" lat="43.675497"><ele>431.75</ele></trkpt>
   <trkpt lon="6.974328" lat="43.675484"><ele>431.5</ele></trkpt>
   <trkpt lon="6.974379" lat="43.675457"><ele>431.25</ele></trkpt>
   <trkpt lon="6.974628" lat="43.675325"><ele>429.0</ele></trkpt>
   <trkpt lon="6.975013" lat="43.675134"><ele>424.25</ele></trkpt>
   <trkpt lon="6.975062" lat="43.675114"><ele>423.75</ele></trkpt>
   <trkpt lon="6.975103" lat="43.675091"><ele>423.0</ele></trkpt>
   <trkpt lon="6.975194" lat="43.675054"><ele>422.0</ele></trkpt>
   <trkpt lon="6.975358" lat="43.674943"><ele>420.5</ele></trkpt>
   <trkpt lon="6.975411" lat="43.674933"><ele>420.5</ele><sym>roundabout_e2</sym></trkpt>
   <trkpt lon="6.975400" lat="43.674911"><ele>420.25</ele></trkpt>
   <trkpt lon="6.975400" lat="43.674887"><ele>420.0</ele></trkpt>
   <trkpt lon="6.975412" lat="43.674865"><ele>420.0</ele></trkpt>
   <trkpt lon="6.975433" lat="43.674848"><ele>419.75</ele></trkpt>
   <trkpt lon="6.975462" lat="43.674837"><ele>419.75</ele></trkpt>
   <trkpt lon="6.975495" lat="43.674834"><ele>419.75</ele></trkpt>
   <trkpt lon="6.975526" lat="43.674840"><ele>419.75</ele></trkpt>
   <trkpt lon="6.975553" lat="43.674853"><ele>419.75</ele></trkpt>
   <trkpt lon="6.975573" lat="43.674875"><ele>420.0</ele></trkpt>
   <trkpt lon="6.975579" lat="43.674900"><ele>420.25</ele></trkpt>
   <trkpt lon="6.975572" lat="43.674926"><ele>420.25</ele></trkpt>
   <trkpt lon="6.975989" lat="43.675028"><ele>419.0</ele></trkpt>
   <trkpt lon="6.976037" lat="43.675031"><ele>418.75</ele></trkpt>
   <trkpt lon="6.976373" lat="43.675071"><ele>417.25</ele></trkpt>
   <trkpt lon="6.976563" lat="43.675067"><ele>414.25</ele></trkpt>
   <trkpt lon="6.976799" lat="43.675045"><ele>410.75</ele><sym>left_sharp</sym></trkpt>
   <trkpt lon="6.976736" lat="43.675123"><ele>409.0</ele></trkpt>
   <trkpt lon="6.976537" lat="43.675298"><ele>407.75</ele></trkpt>
   <trkpt lon="6.976517" lat="43.675328"><ele>407.5</ele></trkpt>
   <trkpt lon="6.976520" lat="43.675349"><ele>407.0</ele></trkpt>
   <trkpt lon="6.976543" lat="43.675359"><ele>406.0</ele></trkpt>
   <trkpt lon="6.976576" lat="43.675363"><ele>405.0</ele></trkpt>
   <trkpt lon="6.976666" lat="43.675315"><ele>403.75</ele></trkpt>
   <trkpt lon="6.976748" lat="43.675268"><ele>403.5</ele></trkpt>
   <trkpt lon="6.976823" lat="43.675241"><ele>403.0</ele></trkpt>
   <trkpt lon="6.976862" lat="43.675236"><ele>402.25</ele><sym>left</sym></trkpt>
   <trkpt lon="6.976872" lat="43.675253"><ele>401.5</ele><sym>right</sym></trkpt>
   <trkpt lon="6.976946" lat="43.675252"><ele>399.75</ele></trkpt>
   <trkpt lon="6.977163" lat="43.675200"><ele>396.5</ele></trkpt>
   <trkpt lon="6.977313" lat="43.675131"><ele>394.0</ele></trkpt>
   <trkpt lon="6.977505" lat="43.674943"><ele>391.25</ele></trkpt>
   <trkpt lon="6.977596" lat="43.674860"><ele>389.5</ele></trkpt>
   <trkpt lon="6.977696" lat="43.674737"><ele>388.0</ele></trkpt>
   <trkpt lon="6.977804" lat="43.674605"><ele>385.25</ele></trkpt>
   <trkpt lon="6.977845" lat="43.674562"><ele>384.75</ele><sym>left</sym></trkpt>
   <trkpt lon="6.977871" lat="43.674578"><ele>384.5</ele></trkpt>
   <trkpt lon="6.977907" lat="43.674600"><ele>384.25</ele><sym>right</sym></trkpt>
   <trkpt lon="6.977969" lat="43.674540"><ele>383.5</ele></trkpt>
   <trkpt lon="6.978027" lat="43.674499"><ele>383.0</ele></trkpt>
   <trkpt lon="6.978120" lat="43.674465"><ele>382.25</ele></trkpt>
   <trkpt lon="6.978171" lat="43.674464"><ele>381.75</ele></trkpt>
   <trkpt lon="6.978214" lat="43.674472"><ele>381.25</ele></trkpt>
   <trkpt lon="6.978289" lat="43.674502"><ele>380.25</ele></trkpt>
   <trkpt lon="6.978327" lat="43.674545"><ele>380.0</ele></trkpt>
   <trkpt lon="6.978338" lat="43.674576"><ele>379.75</ele></trkpt>
   <trkpt lon="6.978341" lat="43.674610"><ele>379.75</ele></trkpt>
   <trkpt lon="6.978334" lat="43.674636"><ele>379.75</ele></trkpt>
   <trkpt lon="6.978294" lat="43.674705"><ele>380.25</ele></trkpt>
   <trkpt lon="6.978256" lat="43.674738"><ele>380.25</ele></trkpt>
   <trkpt lon="6.978171" lat="43.674792"><ele>379.75</ele></trkpt>
   <trkpt lon="6.978018" lat="43.674893"><ele>379.25</ele></trkpt>
   <trkpt lon="6.977965" lat="43.674940"><ele>379.25</ele></trkpt>
   <trkpt lon="6.977883" lat="43.675040"><ele>378.5</ele></trkpt>
   <trkpt lon="6.977425" lat="43.675730"><ele>369.75</ele></trkpt>
   <trkpt lon="6.977281" lat="43.675926"><ele>369.0</ele></trkpt>
   <trkpt lon="6.977094" lat="43.676158"><ele>369.0</ele></trkpt>
   <trkpt lon="6.977080" lat="43.676229"><ele>368.5</ele></trkpt>
   <trkpt lon="6.977090" lat="43.676287"><ele>367.5</ele></trkpt>
   <trkpt lon="6.977107" lat="43.676312"><ele>367.0</ele></trkpt>
   <trkpt lon="6.977126" lat="43.676331"><ele>366.5</ele></trkpt>
   <trkpt lon="6.977175" lat="43.676361"><ele>365.5</ele></trkpt>
   <trkpt lon="6.977273" lat="43.676391"><ele>364.75</ele></trkpt>
   <trkpt lon="6.977335" lat="43.676394"><ele>364.5</ele></trkpt>
   <trkpt lon="6.977395" lat="43.676383"><ele>364.25</ele></trkpt>
   <trkpt lon="6.977445" lat="43.676365"><ele>364.25</ele></trkpt>
   <trkpt lon="6.977491" lat="43.676337"><ele>364.25</ele></trkpt>
   <trkpt lon="6.977778" lat="43.676088"><ele>361.0</ele></trkpt>
   <trkpt lon="6.978011" lat="43.675936"><ele>359.0</ele></trkpt>
   <trkpt lon="6.978331" lat="43.675762"><ele>355.75</ele></trkpt>
   <trkpt lon="6.978556" lat="43.675650"><ele>353.25</ele></trkpt>
   <trkpt lon="6.978907" lat="43.675475"><ele>351.75</ele></trkpt>
   <trkpt lon="6.979062" lat="43.675361"><ele>350.5</ele></trkpt>
   <trkpt lon="6.979235" lat="43.675201"><ele>348.75</ele></trkpt>
   <trkpt lon="6.979357" lat="43.675095"><ele>347.25</ele></trkpt>
   <trkpt lon="6.979930" lat="43.674526"><ele>337.0</ele></trkpt>
   <trkpt lon="6.980309" lat="43.674179"><ele>330.0</ele></trkpt>
   <trkpt lon="6.980521" lat="43.674000"><ele>327.75</ele></trkpt>
   <trkpt lon="6.980788" lat="43.673819"><ele>324.0</ele></trkpt>
   <trkpt lon="6.980984" lat="43.673667"><ele>321.75</ele></trkpt>
   <trkpt lon="6.981110" lat="43.673517"><ele>318.5</ele></trkpt>
   <trkpt lon="6.981401" lat="43.673121"><ele>312.75</ele></trkpt>
   <trkpt lon="6.981892" lat="43.672529"><ele>305.0</ele></trkpt>
   <trkpt lon="6.982505" lat="43.672069"><ele>295.25</ele></trkpt>
   <trkpt lon="6.982720" lat="43.671833"><ele>291.0</ele></trkpt>
   <trkpt lon="6.982865" lat="43.671641"><ele>288.0</ele></trkpt>
   <trkpt lon="6.982998" lat="43.671443"><ele>284.75</ele></trkpt>
   <trkpt lon="6.983033" lat="43.671389"><ele>284.0</ele></trkpt>
   <trkpt lon="6.983171" lat="43.671175"><ele>280.75</ele></trkpt>
   <trkpt lon="6.983747" lat="43.670207"><ele>268.25</ele></trkpt>
   <trkpt lon="6.983848" lat="43.670040"><ele>267.25</ele></trkpt>
   <trkpt lon="6.983930" lat="43.669927"><ele>267.75</ele></trkpt>
   <trkpt lon="6.984077" lat="43.669803"><ele>267.25</ele></trkpt>
   <trkpt lon="6.984157" lat="43.669746"><ele>266.0</ele></trkpt>
   <trkpt lon="6.984195" lat="43.669718"><ele>265.75</ele></trkpt>
   <trkpt lon="6.984259" lat="43.669651"><ele>265.75</ele></trkpt>
   <trkpt lon="6.984299" lat="43.669589"><ele>265.75</ele></trkpt>
   <trkpt lon="6.984337" lat="43.669515"><ele>265.5</ele></trkpt>
   <trkpt lon="6.984375" lat="43.669379"><ele>265.0</ele></trkpt>
   <trkpt lon="6.984481" lat="43.668819"><ele>262.5</ele></trkpt>
   <trkpt lon="6.984528" lat="43.668567"><ele>261.5</ele></trkpt>
   <trkpt lon="6.984546" lat="43.668469"><ele>261.0</ele><sym>pass_place</sym><type>Shaping</type></trkpt>
   <trkpt lon="6.984547" lat="43.668469"><ele>261.0</ele></trkpt>
   <trkpt lon="6.984546" lat="43.668396"><ele>260.75</ele></trkpt>
   <trkpt lon="6.984534" lat="43.668341"><ele>260.5</ele></trkpt>
   <trkpt lon="6.984527" lat="43.668318"><ele>260.5</ele></trkpt>
   <trkpt lon="6.984514" lat="43.668271"><ele>260.5</ele><sym>roundabout_e5</sym></trkpt>
   <trkpt lon="6.984483" lat="43.668257"><ele>260.5</ele></trkpt>
   <trkpt lon="6.984462" lat="43.668239"><ele>260.5</ele></trkpt>
   <trkpt lon="6.984427" lat="43.668190"><ele>260.5</ele></trkpt>
   <trkpt lon="6.984410" lat="43.668135"><ele>260.5</ele></trkpt>
   <trkpt lon="6.984410" lat="43.668067"><ele>260.25</ele></trkpt>
   <trkpt lon="6.984437" lat="43.667986"><ele>259.5</ele></trkpt>
   <trkpt lon="6.984478" lat="43.667934"><ele>259.0</ele></trkpt>
   <trkpt lon="6.984515" lat="43.667906"><ele>258.75</ele></trkpt>
   <trkpt lon="6.984595" lat="43.667875"><ele>258.5</ele></trkpt>
   <trkpt lon="6.984628" lat="43.667872"><ele>258.5</ele></trkpt>
   <trkpt lon="6.984709" lat="43.667880"><ele>258.5</ele></trkpt>
   <trkpt lon="6.984776" lat="43.667906"><ele>258.75</ele></trkpt>
   <trkpt lon="6.984838" lat="43.667970"><ele>259.0</ele></trkpt>
   <trkpt lon="6.984856" lat="43.668017"><ele>259.25</ele></trkpt>
   <trkpt lon="6.984862" lat="43.668031"><ele>259.25</ele></trkpt>
   <trkpt lon="6.984970" lat="43.668097"><ele>259.0</ele></trkpt>
   <trkpt lon="6.985009" lat="43.668117"><ele>259.0</ele></trkpt>
   <trkpt lon="6.985073" lat="43.668139"><ele>259.25</ele><sym>right_slight</sym></trkpt>
   <trkpt lon="6.985128" lat="43.668141"><ele>259.25</ele></trkpt>
   <trkpt lon="6.985191" lat="43.668136"><ele>259.25</ele></trkpt>
   <trkpt lon="6.985454" lat="43.668103"><ele>259.75</ele></trkpt>
   <trkpt lon="6.985795" lat="43.668046"><ele>260.75</ele></trkpt>
   <trkpt lon="6.986142" lat="43.667974"><ele>261.5</ele></trkpt>
   <trkpt lon="6.986319" lat="43.667953"><ele>262.75</ele></trkpt>
   <trkpt lon="6.986437" lat="43.667951"><ele>263.5</ele></trkpt>
   <trkpt lon="6.986540" lat="43.667961"><ele>264.5</ele></trkpt>
   <trkpt lon="6.986696" lat="43.667981"><ele>265.75</ele></trkpt>
   <trkpt lon="6.986829" lat="43.667998"><ele>266.5</ele></trkpt>
   <trkpt lon="6.986939" lat="43.668014"><ele>267.5</ele></trkpt>
   <trkpt lon="6.987046" lat="43.668028"><ele>268.0</ele></trkpt>
   <trkpt lon="6.987093" lat="43.668034"><ele>268.25</ele></trkpt>
   <trkpt lon="6.987172" lat="43.668045"><ele>268.75</ele></trkpt>
   <trkpt lon="6.987337" lat="43.668079"><ele>269.75</ele></trkpt>
   <trkpt lon="6.987409" lat="43.668106"><ele>270.5</ele></trkpt>
   <trkpt lon="6.987480" lat="43.668142"><ele>271.0</ele></trkpt>
   <trkpt lon="6.987518" lat="43.668169"><ele>271.25</ele></trkpt>
   <trkpt lon="6.987655" lat="43.668325"><ele>272.5</ele></trkpt>
   <trkpt lon="6.987741" lat="43.668430"><ele>273.75</ele></trkpt>
   <trkpt lon="6.987811" lat="43.668493"><ele>274.75</ele></trkpt>
   <trkpt lon="6.987888" lat="43.668543"><ele>275.5</ele></trkpt>
   <trkpt lon="6.987989" lat="43.668588"><ele>276.5</ele></trkpt>
   <trkpt lon="6.988102" lat="43.668618"><ele>277.25</ele></trkpt>
   <trkpt lon="6.988213" lat="43.668628"><ele>277.75</ele></trkpt>
   <trkpt lon="6.988304" lat="43.668618"><ele>277.75</ele></trkpt>
   <trkpt lon="6.988404" lat="43.668591"><ele>278.5</ele></trkpt>
   <trkpt lon="6.988511" lat="43.668543"><ele>279.25</ele></trkpt>
   <trkpt lon="6.988781" lat="43.668401"><ele>280.5</ele></trkpt>
   <trkpt lon="6.989552" lat="43.667995"><ele>286.0</ele></trkpt>
   <trkpt lon="6.989673" lat="43.667929"><ele>287.0</ele></trkpt>
   <trkpt lon="6.989713" lat="43.667907"><ele>287.25</ele><sym>left_slight</sym></trkpt>
   <trkpt lon="6.989769" lat="43.667925"><ele>288.0</ele></trkpt>
   <trkpt lon="6.989954" lat="43.667937"><ele>290.0</ele></trkpt>
   <trkpt lon="6.990099" lat="43.667960"><ele>291.75</ele></trkpt>
   <trkpt lon="6.990419" lat="43.668049"><ele>295.75</ele></trkpt>
   <trkpt lon="6.990956" lat="43.668131"><ele>299.75</ele></trkpt>
   <trkpt lon="6.991144" lat="43.668177"><ele>301.25</ele></trkpt>
   <trkpt lon="6.991793" lat="43.668389"><ele>304.5</ele></trkpt>
   <trkpt lon="6.992270" lat="43.668497"><ele>306.5</ele></trkpt>
   <trkpt lon="6.992345" lat="43.668498"><ele>306.25</ele><sym>left_slight</sym></trkpt>
   <trkpt lon="6.992388" lat="43.668524"><ele>306.5</ele></trkpt>
   <trkpt lon="6.992458" lat="43.668551"><ele>306.5</ele></trkpt>
   <trkpt lon="6.992670" lat="43.668595"><ele>306.75</ele></trkpt>
   <trkpt lon="6.992773" lat="43.668620"><ele>307.0</ele></trkpt>
   <trkpt lon="6.992924" lat="43.668657"><ele>307.25</ele></trkpt>
   <trkpt lon="6.993022" lat="43.668695"><ele>307.25</ele></trkpt>
   <trkpt lon="6.993169" lat="43.668788"><ele>308.0</ele></trkpt>
   <trkpt lon="6.993253" lat="43.668869"><ele>308.0</ele></trkpt>
   <trkpt lon="6.993305" lat="43.668919"><ele>308.0</ele></trkpt>
   <trkpt lon="6.993382" lat="43.669038"><ele>308.75</ele></trkpt>
   <trkpt lon="6.993414" lat="43.669116"><ele>309.0</ele></trkpt>
   <trkpt lon="6.993422" lat="43.669267"><ele>309.25</ele></trkpt>
   <trkpt lon="6.993404" lat="43.669352"><ele>309.75</ele><sym>right</sym></trkpt>
   <trkpt lon="6.993473" lat="43.669360"><ele>310.0</ele></trkpt>
   <trkpt lon="6.993723" lat="43.669390"><ele>311.0</ele></trkpt>
   <trkpt lon="6.993971" lat="43.669460"><ele>311.75</ele></trkpt>
   <trkpt lon="6.994056" lat="43.669486"><ele>312.75</ele></trkpt>
   <trkpt lon="6.994260" lat="43.669553"><ele>314.0</ele></trkpt>
   <trkpt lon="6.994687" lat="43.669666"><ele>315.5</ele></trkpt>
   <trkpt lon="6.996065" lat="43.669911"><ele>322.25</ele></trkpt>
   <trkpt lon="6.996356" lat="43.669977"><ele>323.75</ele></trkpt>
   <trkpt lon="6.996625" lat="43.670025"><ele>325.25</ele></trkpt>
   <trkpt lon="6.996978" lat="43.670074"><ele>327.5</ele></trkpt>
   <trkpt lon="6.997589" lat="43.670138"><ele>331.5</ele></trkpt>
   <trkpt lon="6.997805" lat="43.670178"><ele>334.0</ele></trkpt>
   <trkpt lon="6.998018" lat="43.670263"><ele>337.25</ele></trkpt>
   <trkpt lon="6.998273" lat="43.670422"><ele>342.0</ele></trkpt>
   <trkpt lon="6.998496" lat="43.670575"><ele>345.5</ele><sym>left_slight</sym></trkpt>
   <trkpt lon="6.998510" lat="43.670647"><ele>346.25</ele><sym>right_slight</sym></trkpt>
   <trkpt lon="6.998880" lat="43.670874"><ele>347.75</ele></trkpt>
   <trkpt lon="6.999386" lat="43.671157"><ele>344.25</ele></trkpt>
   <trkpt lon="6.999543" lat="43.671246"><ele>342.75</ele></trkpt>
   <trkpt lon="6.999656" lat="43.671301"><ele>342.0</ele></trkpt>
   <trkpt lon="6.999699" lat="43.671321"><ele>341.5</ele><sym>right_slight</sym></trkpt>
   <trkpt lon="6.999828" lat="43.671313"><ele>340.75</ele></trkpt>
   <trkpt lon="6.999942" lat="43.671298"><ele>340.25</ele><sym>left_slight</sym></trkpt>
   <trkpt lon="6.999967" lat="43.671319"><ele>339.75</ele></trkpt>
   <trkpt lon="7.000169" lat="43.671450"><ele>337.25</ele></trkpt>
   <trkpt lon="7.000320" lat="43.671559"><ele>334.75</ele></trkpt>
   <trkpt lon="7.000696" lat="43.671888"><ele>328.25</ele></trkpt>
   <trkpt lon="7.000737" lat="43.671920"><ele>327.75</ele><sym>pass_place</sym><type>Shaping</type></trkpt>
   <trkpt lon="7.000740" lat="43.671922"><ele>327.75</ele><sym>right</sym></trkpt>
   <trkpt lon="7.000865" lat="43.671890"><ele>327.25</ele></trkpt>
   <trkpt lon="7.001065" lat="43.671868"><ele>326.25</ele></trkpt>
   <trkpt lon="7.001186" lat="43.671863"><ele>325.75</ele></trkpt>
   <trkpt lon="7.001307" lat="43.671871"><ele>325.0</ele></trkpt>
   <trkpt lon="7.001433" lat="43.671889"><ele>324.75</ele></trkpt>
   <trkpt lon="7.001564" lat="43.671921"><ele>324.75</ele></trkpt>
   <trkpt lon="7.001893" lat="43.672059"><ele>323.75</ele></trkpt>
   <trkpt lon="7.002118" lat="43.672169"><ele>323.0</ele></trkpt>
   <trkpt lon="7.002233" lat="43.672215"><ele>322.75</ele></trkpt>
   <trkpt lon="7.002341" lat="43.672233"><ele>322.0</ele></trkpt>
   <trkpt lon="7.002438" lat="43.672242"><ele>321.0</ele></trkpt>
   <trkpt lon="7.002540" lat="43.672244"><ele>320.5</ele></trkpt>
   <trkpt lon="7.002654" lat="43.672233"><ele>320.25</ele></trkpt>
   <trkpt lon="7.002751" lat="43.672214"><ele>320.0</ele></trkpt>
   <trkpt lon="7.002852" lat="43.672184"><ele>320.0</ele></trkpt>
   <trkpt lon="7.003174" lat="43.672040"><ele>319.0</ele></trkpt>
   <trkpt lon="7.003715" lat="43.671809"><ele>317.5</ele></trkpt>
   <trkpt lon="7.003837" lat="43.671781"><ele>316.5</ele></trkpt>
   <trkpt lon="7.003945" lat="43.671767"><ele>315.75</ele></trkpt>
   <trkpt lon="7.004055" lat="43.671762"><ele>315.0</ele></trkpt>
   <trkpt lon="7.004156" lat="43.671766"><ele>314.25</ele></trkpt>
   <trkpt lon="7.004261" lat="43.671782"><ele>313.75</ele></trkpt>
   <trkpt lon="7.004365" lat="43.671807"><ele>313.5</ele></trkpt>
   <trkpt lon="7.004566" lat="43.671880"><ele>313.0</ele></trkpt>
   <trkpt lon="7.004710" lat="43.671969"><ele>312.75</ele></trkpt>
   <trkpt lon="7.004810" lat="43.672065"><ele>312.25</ele></trkpt>
   <trkpt lon="7.004891" lat="43.672156"><ele>311.75</ele></trkpt>
   <trkpt lon="7.004934" lat="43.672235"><ele>311.5</ele></trkpt>
   <trkpt lon="7.004958" lat="43.672309"><ele>311.5</ele></trkpt>
   <trkpt lon="7.004957" lat="43.672454"><ele>311.0</ele></trkpt>
   <trkpt lon="7.004951" lat="43.672489"><ele>310.75</ele></trkpt>
   <trkpt lon="7.004950" lat="43.672503"><ele>310.75</ele></trkpt>
   <trkpt lon="7.004930" lat="43.672629"><ele>309.75</ele></trkpt>
   <trkpt lon="7.004871" lat="43.672841"><ele>308.25</ele></trkpt>
   <trkpt lon="7.004864" lat="43.672872"><ele>308.25</ele></trkpt>
   <trkpt lon="7.004841" lat="43.672995"><ele>308.5</ele></trkpt>
   <trkpt lon="7.004852" lat="43.673063"><ele>309.0</ele></trkpt>
   <trkpt lon="7.004882" lat="43.673146"><ele>309.25</ele></trkpt>
   <trkpt lon="7.004906" lat="43.673184"><ele>309.25</ele></trkpt>
   <trkpt lon="7.005045" lat="43.673400"><ele>309.0</ele></trkpt>
   <trkpt lon="7.005162" lat="43.673584"><ele>308.5</ele></trkpt>
   <trkpt lon="7.005190" lat="43.673624"><ele>308.25</ele></trkpt>
   <trkpt lon="7.005280" lat="43.673755"><ele>307.25</ele></trkpt>
   <trkpt lon="7.005317" lat="43.673812"><ele>307.0</ele></trkpt>
   <trkpt lon="7.005488" lat="43.674069"><ele>306.25</ele></trkpt>
   <trkpt lon="7.005519" lat="43.674102"><ele>306.5</ele></trkpt>
   <trkpt lon="7.005611" lat="43.674208"><ele>307.0</ele><sym>straight</sym></trkpt>
   <trkpt lon="7.005645" lat="43.674248"><ele>307.25</ele></trkpt>
   <trkpt lon="7.005727" lat="43.674298"><ele>307.5</ele><sym>right_slight</sym></trkpt>
   <trkpt lon="7.005840" lat="43.674293"><ele>307.25</ele></trkpt>
   <trkpt lon="7.005870" lat="43.674292"><ele>307.0</ele><sym>u-turn_right</sym></trkpt>
   <trkpt lon="7.005869" lat="43.674289"><ele>306.5</ele><sym>pass_place</sym><type>Shaping</type></trkpt>
   <trkpt lon="7.005870" lat="43.674292"><ele>307.0</ele></trkpt>
   <trkpt lon="7.005840" lat="43.674293"><ele>307.25</ele></trkpt>
   <trkpt lon="7.005727" lat="43.674298"><ele>307.5</ele><sym>left</sym></trkpt>
   <trkpt lon="7.005645" lat="43.674248"><ele>307.25</ele></trkpt>
   <trkpt lon="7.005611" lat="43.674208"><ele>307.0</ele><sym>straight</sym></trkpt>
   <trkpt lon="7.005519" lat="43.674102"><ele>306.5</ele></trkpt>
   <trkpt lon="7.005488" lat="43.674069"><ele>306.25</ele></trkpt>
   <trkpt lon="7.005317" lat="43.673812"><ele>307.0</ele></trkpt>
   <trkpt lon="7.005280" lat="43.673755"><ele>307.25</ele></trkpt>
   <trkpt lon="7.005190" lat="43.673624"><ele>308.25</ele></trkpt>
   <trkpt lon="7.005162" lat="43.673584"><ele>308.5</ele></trkpt>
   <trkpt lon="7.005045" lat="43.673400"><ele>309.0</ele></trkpt>
   <trkpt lon="7.004906" lat="43.673184"><ele>309.25</ele></trkpt>
   <trkpt lon="7.004882" lat="43.673146"><ele>309.25</ele></trkpt>
   <trkpt lon="7.004852" lat="43.673063"><ele>309.0</ele></trkpt>
   <trkpt lon="7.004841" lat="43.672995"><ele>308.5</ele></trkpt>
   <trkpt lon="7.004864" lat="43.672872"><ele>308.25</ele></trkpt>
   <trkpt lon="7.004871" lat="43.672841"><ele>308.25</ele></trkpt>
   <trkpt lon="7.004930" lat="43.672629"><ele>309.75</ele></trkpt>
   <trkpt lon="7.004950" lat="43.672503"><ele>310.75</ele></trkpt>
   <trkpt lon="7.004951" lat="43.672489"><ele>310.75</ele></trkpt>
   <trkpt lon="7.004957" lat="43.672454"><ele>311.0</ele></trkpt>
   <trkpt lon="7.004958" lat="43.672309"><ele>311.5</ele></trkpt>
   <trkpt lon="7.004934" lat="43.672235"><ele>311.5</ele></trkpt>
   <trkpt lon="7.004891" lat="43.672156"><ele>311.75</ele></trkpt>
   <trkpt lon="7.004810" lat="43.672065"><ele>312.25</ele></trkpt>
   <trkpt lon="7.004710" lat="43.671969"><ele>312.75</ele></trkpt>
   <trkpt lon="7.004566" lat="43.671880"><ele>313.0</ele></trkpt>
   <trkpt lon="7.004365" lat="43.671807"><ele>313.5</ele></trkpt>
   <trkpt lon="7.004261" lat="43.671782"><ele>313.75</ele></trkpt>
   <trkpt lon="7.004156" lat="43.671766"><ele>314.25</ele></trkpt>
   <trkpt lon="7.004055" lat="43.671762"><ele>315.0</ele></trkpt>
   <trkpt lon="7.003945" lat="43.671767"><ele>315.75</ele></trkpt>
   <trkpt lon="7.003837" lat="43.671781"><ele>316.5</ele></trkpt>
   <trkpt lon="7.003715" lat="43.671809"><ele>317.5</ele></trkpt>
   <trkpt lon="7.003174" lat="43.672040"><ele>319.0</ele><sym>left_slight</sym></trkpt>
   <trkpt lon="7.003150" lat="43.672019"><ele>319.5</ele></trkpt>
   <trkpt lon="7.003019" lat="43.671895"><ele>322.0</ele></trkpt>
   <trkpt lon="7.002965" lat="43.671804"><ele>323.75</ele></trkpt>
   <trkpt lon="7.002914" lat="43.671228"><ele>327.0</ele></trkpt>
   <trkpt lon="7.002836" lat="43.671011"><ele>327.25</ele></trkpt>
   <trkpt lon="7.002825" lat="43.670978"><ele>327.25</ele><sym>left</sym></trkpt>
   <trkpt lon="7.003141" lat="43.670899"><ele>324.5</ele></trkpt>
   <trkpt lon="7.003616" lat="43.670779"><ele>320.75</ele></trkpt>
   <trkpt lon="7.003768" lat="43.670741"><ele>320.25</ele></trkpt>
   <trkpt lon="7.003883" lat="43.670680"><ele>320.0</ele></trkpt>
   <trkpt lon="7.003924" lat="43.670619"><ele>320.0</ele></trkpt>
   <trkpt lon="7.004444" lat="43.669550"><ele>317.75</ele></trkpt>
   <trkpt lon="7.004440" lat="43.669387"><ele>316.75</ele></trkpt>
   <trkpt lon="7.004266" lat="43.669218"><ele>313.75</ele><sym>right</sym></trkpt>
   <trkpt lon="7.004203" lat="43.669227"><ele>313.0</ele></trkpt>
   <trkpt lon="7.003837" lat="43.669361"><ele>311.5</ele></trkpt>
   <trkpt lon="7.003666" lat="43.669464"><ele>312.25</ele></trkpt>
   <trkpt lon="7.003595" lat="43.669497"><ele>312.5</ele></trkpt>
   <trkpt lon="7.003414" lat="43.669549"><ele>312.75</ele></trkpt>
   <trkpt lon="7.003257" lat="43.669564"><ele>313.25</ele></trkpt>
   <trkpt lon="7.003177" lat="43.669557"><ele>313.5</ele><sym>left_slight</sym></trkpt>
   <trkpt lon="7.003009" lat="43.669423"><ele>314.0</ele></trkpt>
   <trkpt lon="7.002949" lat="43.669356"><ele>314.0</ele></trkpt>
   <trkpt lon="7.003035" lat="43.669288"><ele>313.0</ele></trkpt>
   <trkpt lon="7.003169" lat="43.669070"><ele>310.5</ele></trkpt>
   <trkpt lon="7.003153" lat="43.668931"><ele>310.0</ele></trkpt>
   <trkpt lon="7.003115" lat="43.668740"><ele>310.75</ele></trkpt>
   <trkpt lon="7.003154" lat="43.668503"><ele>311.5</ele></trkpt>
   <trkpt lon="7.003269" lat="43.668056"><ele>312.0</ele></trkpt>
   <trkpt lon="7.003297" lat="43.667888"><ele>311.5</ele></trkpt>
   <trkpt lon="7.003319" lat="43.667669"><ele>311.5</ele></trkpt>
   <trkpt lon="7.003332" lat="43.667425"><ele>311.75</ele></trkpt>
   <trkpt lon="7.003414" lat="43.667257"><ele>309.25</ele></trkpt>
   <trkpt lon="7.003399" lat="43.666942"><ele>309.5</ele></trkpt>
   <trkpt lon="7.003322" lat="43.666693"><ele>310.25</ele></trkpt>
   <trkpt lon="7.002981" lat="43.666280"><ele>311.75</ele></trkpt>
   <trkpt lon="7.002718" lat="43.666046"><ele>311.25</ele></trkpt>
   <trkpt lon="7.002546" lat="43.665689"><ele>310.0</ele></trkpt>
   <trkpt lon="7.002429" lat="43.665438"><ele>309.25</ele></trkpt>
   <trkpt lon="7.002408" lat="43.665335"><ele>308.5</ele><sym>right</sym></trkpt>
   <trkpt lon="7.002165" lat="43.665315"><ele>309.0</ele></trkpt>
   <trkpt lon="7.001783" lat="43.665312"><ele>307.25</ele></trkpt>
   <trkpt lon="7.001349" lat="43.665301"><ele>306.75</ele></trkpt>
   <trkpt lon="7.000981" lat="43.665244"><ele>308.0</ele></trkpt>
   <trkpt lon="7.000779" lat="43.665230"><ele>309.5</ele></trkpt>
   <trkpt lon="7.000334" lat="43.665127"><ele>309.5</ele></trkpt>
   <trkpt lon="7.000003" lat="43.665041"><ele>308.75</ele></trkpt>
   <trkpt lon="6.999487" lat="43.664938"><ele>310.0</ele></trkpt>
   <trkpt lon="6.999138" lat="43.664861"><ele>311.0</ele></trkpt>
   <trkpt lon="6.998891" lat="43.664672"><ele>313.75</ele></trkpt>
   <trkpt lon="6.998842" lat="43.664533"><ele>314.25</ele></trkpt>
   <trkpt lon="6.998777" lat="43.664132"><ele>315.25</ele></trkpt>
   <trkpt lon="6.998718" lat="43.664075"><ele>315.5</ele></trkpt>
   <trkpt lon="6.998642" lat="43.664034"><ele>316.5</ele><sym>pass_place</sym><type>Shaping</type></trkpt>
   <trkpt lon="6.998516" lat="43.664052"><ele>318.25</ele></trkpt>
   <trkpt lon="6.998416" lat="43.664108"><ele>320.0</ele></trkpt>
   <trkpt lon="6.998312" lat="43.664341"><ele>323.25</ele></trkpt>
   <trkpt lon="6.998230" lat="43.664432"><ele>324.5</ele></trkpt>
   <trkpt lon="6.998100" lat="43.664463"><ele>325.75</ele></trkpt>
   <trkpt lon="6.997872" lat="43.664428"><ele>327.5</ele></trkpt>
   <trkpt lon="6.997617" lat="43.664435"><ele>328.75</ele></trkpt>
   <trkpt lon="6.997296" lat="43.664397"><ele>329.25</ele></trkpt>
   <trkpt lon="6.996850" lat="43.664414"><ele>331.75</ele></trkpt>
   <trkpt lon="6.996344" lat="43.664455"><ele>332.0</ele></trkpt>
   <trkpt lon="6.996181" lat="43.664487"><ele>332.0</ele></trkpt>
   <trkpt lon="6.995734" lat="43.664627"><ele>331.5</ele></trkpt>
   <trkpt lon="6.995124" lat="43.665141"><ele>332.0</ele></trkpt>
   <trkpt lon="6.994825" lat="43.665286"><ele>330.0</ele></trkpt>
   <trkpt lon="6.994752" lat="43.665277"><ele>329.25</ele></trkpt>
   <trkpt lon="6.994488" lat="43.665184"><ele>327.75</ele></trkpt>
   <trkpt lon="6.994217" lat="43.665132"><ele>325.75</ele></trkpt>
   <trkpt lon="6.993840" lat="43.665157"><ele>323.0</ele></trkpt>
   <trkpt lon="6.993292" lat="43.665301"><ele>320.5</ele></trkpt>
   <trkpt lon="6.992819" lat="43.665345"><ele>318.75</ele></trkpt>
   <trkpt lon="6.992773" lat="43.665355"><ele>318.5</ele><sym>left</sym></trkpt>
   <trkpt lon="6.992723" lat="43.665308"><ele>318.5</ele></trkpt>
   <trkpt lon="6.992719" lat="43.665217"><ele>318.25</ele></trkpt>
   <trkpt lon="6.992751" lat="43.665149"><ele>317.75</ele></trkpt>
   <trkpt lon="6.992793" lat="43.665085"><ele>317.5</ele><sym>right_slight</sym></trkpt>
   <trkpt lon="6.992783" lat="43.664839"><ele>314.5</ele></trkpt>
   <trkpt lon="6.992783" lat="43.664128"><ele>301.25</ele></trkpt>
   <trkpt lon="6.992818" lat="43.663749"><ele>297.0</ele></trkpt>
   <trkpt lon="6.992759" lat="43.663581"><ele>294.25</ele></trkpt>
   <trkpt lon="6.992787" lat="43.663194"><ele>287.0</ele></trkpt>
   <trkpt lon="6.992776" lat="43.663117"><ele>285.25</ele></trkpt>
   <trkpt lon="6.992725" lat="43.663009"><ele>283.25</ele></trkpt>
   <trkpt lon="6.992630" lat="43.662862"><ele>281.5</ele></trkpt>
   <trkpt lon="6.992613" lat="43.662750"><ele>280.0</ele></trkpt>
   <trkpt lon="6.992635" lat="43.662649"><ele>278.25</ele></trkpt>
   <trkpt lon="6.992713" lat="43.662105"><ele>270.0</ele></trkpt>
   <trkpt lon="6.992752" lat="43.661932"><ele>267.0</ele></trkpt>
   <trkpt lon="6.992797" lat="43.661718"><ele>263.75</ele></trkpt>
   <trkpt lon="6.992837" lat="43.661505"><ele>261.25</ele></trkpt>
   <trkpt lon="6.992972" lat="43.660758"><ele>254.0</ele></trkpt>
   <trkpt lon="6.992976" lat="43.660521"><ele>251.0</ele></trkpt>
   <trkpt lon="6.992991" lat="43.660349"><ele>249.25</ele></trkpt>
   <trkpt lon="6.993130" lat="43.660206"><ele>248.25</ele></trkpt>
   <trkpt lon="6.993255" lat="43.660109"><ele>247.5</ele></trkpt>
   <trkpt lon="6.993267" lat="43.660079"><ele>247.25</ele></trkpt>
   <trkpt lon="6.993246" lat="43.659973"><ele>246.0</ele></trkpt>
   <trkpt lon="6.993153" lat="43.659735"><ele>244.5</ele></trkpt>
   <trkpt lon="6.993081" lat="43.659641"><ele>244.25</ele></trkpt>
   <trkpt lon="6.992976" lat="43.659520"><ele>243.25</ele></trkpt>
   <trkpt lon="6.992614" lat="43.659146"><ele>242.0</ele></trkpt>
   <trkpt lon="6.992580" lat="43.659110"><ele>242.0</ele><sym>left</sym></trkpt>
   <trkpt lon="6.992753" lat="43.658978"><ele>242.0</ele></trkpt>
   <trkpt lon="6.992875" lat="43.658897"><ele>241.5</ele></trkpt>
   <trkpt lon="6.993083" lat="43.658778"><ele>240.75</ele></trkpt>
   <trkpt lon="6.993417" lat="43.658638"><ele>240.25</ele></trkpt>
   <trkpt lon="6.993841" lat="43.658520"><ele>240.25</ele></trkpt>
   <trkpt lon="6.993959" lat="43.658496"><ele>240.25</ele></trkpt>
   <trkpt lon="6.994472" lat="43.658390"><ele>240.0</ele></trkpt>
   <trkpt lon="6.994828" lat="43.658317"><ele>239.75</ele></trkpt>
   <trkpt lon="6.995219" lat="43.658243"><ele>239.25</ele><sym>right_slight</sym></trkpt>
   <trkpt lon="6.995345" lat="43.658165"><ele>239.5</ele><sym>roundabout_e2</sym></trkpt>
   <trkpt lon="6.995366" lat="43.658116"><ele>239.75</ele></trkpt>
   <trkpt lon="6.995422" lat="43.658076"><ele>239.75</ele></trkpt>
   <trkpt lon="6.995487" lat="43.658062"><ele>239.75</ele></trkpt>
   <trkpt lon="6.995571" lat="43.658077"><ele>239.75</ele></trkpt>
   <trkpt lon="6.995621" lat="43.658109"><ele>239.75</ele></trkpt>
   <trkpt lon="6.995760" lat="43.658132"><ele>239.5</ele><sym>right_slight</sym></trkpt>
   <trkpt lon="6.996120" lat="43.658060"><ele>239.75</ele><sym>right_slight</sym></trkpt>
   <trkpt lon="6.996178" lat="43.658015"><ele>240.5</ele></trkpt>
   <trkpt lon="6.996230" lat="43.657978"><ele>241.25</ele></trkpt>
   <trkpt lon="6.996742" lat="43.657711"><ele>247.0</ele></trkpt>
   <trkpt lon="6.997747" lat="43.657301"><ele>252.25</ele></trkpt>
   <trkpt lon="6.998559" lat="43.656929"><ele>258.25</ele><sym>pass_place</sym><type>Shaping</type></trkpt>
   <trkpt lon="6.998562" lat="43.656928"><ele>258.25</ele></trkpt>
   <trkpt lon="6.998924" lat="43.656754"><ele>262.0</ele></trkpt>
   <trkpt lon="6.999068" lat="43.656680"><ele>263.5</ele></trkpt>
   <trkpt lon="6.999335" lat="43.656599"><ele>265.25</ele></trkpt>
   <trkpt lon="6.999978" lat="43.656487"><ele>266.25</ele></trkpt>
   <trkpt lon="7.000210" lat="43.656400"><ele>266.25</ele></trkpt>
   <trkpt lon="7.000909" lat="43.655995"><ele>269.5</ele></trkpt>
   <trkpt lon="7.001635" lat="43.655574"><ele>276.5</ele></trkpt>
   <trkpt lon="7.001854" lat="43.655368"><ele>277.5</ele></trkpt>
   <trkpt lon="7.001934" lat="43.655228"><ele>278.25</ele></trkpt>
   <trkpt lon="7.001986" lat="43.654981"><ele>278.5</ele></trkpt>
   <trkpt lon="7.002022" lat="43.654737"><ele>278.0</ele></trkpt>
   <trkpt lon="7.002046" lat="43.654569"><ele>278.0</ele></trkpt>
   <trkpt lon="7.002136" lat="43.654291"><ele>277.75</ele></trkpt>
   <trkpt lon="7.002356" lat="43.654022"><ele>277.75</ele></trkpt>
   <trkpt lon="7.002888" lat="43.653432"><ele>278.25</ele></trkpt>
   <trkpt lon="7.003042" lat="43.653243"><ele>278.25</ele></trkpt>
   <trkpt lon="7.003540" lat="43.652631"><ele>278.5</ele></trkpt>
   <trkpt lon="7.003687" lat="43.652392"><ele>278.0</ele></trkpt>
   <trkpt lon="7.003823" lat="43.652171"><ele>277.25</ele></trkpt>
   <trkpt lon="7.004124" lat="43.651600"><ele>275.0</ele></trkpt>
   <trkpt lon="7.004174" lat="43.651424"><ele>273.25</ele></trkpt>
   <trkpt lon="7.004201" lat="43.651329"><ele>272.5</ele></trkpt>
   <trkpt lon="7.004309" lat="43.651193"><ele>271.5</ele></trkpt>
   <trkpt lon="7.004776" lat="43.650830"><ele>267.75</ele></trkpt>
   <trkpt lon="7.005144" lat="43.650555"><ele>266.5</ele></trkpt>
   <trkpt lon="7.005420" lat="43.650352"><ele>265.0</ele></trkpt>
   <trkpt lon="7.005571" lat="43.650271"><ele>264.75</ele></trkpt>
   <trkpt lon="7.005935" lat="43.650078"><ele>264.0</ele></trkpt>
   <trkpt lon="7.006127" lat="43.649968"><ele>263.75</ele></trkpt>
   <trkpt lon="7.006229" lat="43.649912"><ele>263.5</ele></trkpt>
   <trkpt lon="7.006690" lat="43.649656"><ele>262.0</ele></trkpt>
   <trkpt lon="7.007936" lat="43.648868"><ele>262.75</ele></trkpt>
   <trkpt lon="7.008037" lat="43.648818"><ele>262.25</ele></trkpt>
   <trkpt lon="7.008188" lat="43.648733"><ele>262.0</ele></trkpt>
   <trkpt lon="7.008320" lat="43.648649"><ele>261.75</ele></trkpt>
   <trkpt lon="7.008784" lat="43.648209"><ele>260.0</ele></trkpt>
   <trkpt lon="7.008967" lat="43.648005"><ele>259.0</ele><sym>right</sym></trkpt>
   <trkpt lon="7.008935" lat="43.647983"><ele>259.0</ele></trkpt>
   <trkpt lon="7.008764" lat="43.647776"><ele>257.75</ele></trkpt>
   <trkpt lon="7.008624" lat="43.647628"><ele>256.75</ele></trkpt>
   <trkpt lon="7.008392" lat="43.647418"><ele>253.0</ele></trkpt>
   <trkpt lon="7.008088" lat="43.647211"><ele>248.0</ele></trkpt>
   <trkpt lon="7.007965" lat="43.647144"><ele>246.5</ele></trkpt>
   <trkpt lon="7.007821" lat="43.647065"><ele>244.5</ele></trkpt>
   <trkpt lon="7.007635" lat="43.646921"><ele>242.5</ele></trkpt>
   <trkpt lon="7.007526" lat="43.646814"><ele>241.0</ele></trkpt>
   <trkpt lon="7.007373" lat="43.646550"><ele>238.25</ele></trkpt>
   <trkpt lon="7.007244" lat="43.646284"><ele>235.75</ele></trkpt>
   <trkpt lon="7.007151" lat="43.646022"><ele>233.5</ele></trkpt>
   <trkpt lon="7.007150" lat="43.645866"><ele>231.75</ele></trkpt>
   <trkpt lon="7.007196" lat="43.645442"><ele>228.75</ele></trkpt>
   <trkpt lon="7.007180" lat="43.645377"><ele>228.75</ele></trkpt>
   <trkpt lon="7.007214" lat="43.645294"><ele>228.0</ele></trkpt>
   <trkpt lon="7.007243" lat="43.644998"><ele>225.75</ele></trkpt>
   <trkpt lon="7.007238" lat="43.644921"><ele>225.0</ele></trkpt>
   <trkpt lon="7.007251" lat="43.644740"><ele>223.0</ele></trkpt>
   <trkpt lon="7.007252" lat="43.644516"><ele>220.0</ele></trkpt>
   <trkpt lon="7.007186" lat="43.644319"><ele>218.25</ele><sym>straight</sym><type>Via</type></trkpt>
   <trkpt lon="7.007088" lat="43.644108"><ele>217.25</ele></trkpt>
   <trkpt lon="7.007053" lat="43.643910"><ele>215.75</ele></trkpt>
   <trkpt lon="7.007031" lat="43.643673"><ele>213.5</ele></trkpt>
   <trkpt lon="7.007063" lat="43.643532"><ele>212.25</ele></trkpt>
   <trkpt lon="7.007103" lat="43.643442"><ele>211.5</ele></trkpt>
   <trkpt lon="7.007219" lat="43.643238"><ele>209.25</ele></trkpt>
   <trkpt lon="7.007253" lat="43.643109"><ele>208.5</ele></trkpt>
   <trkpt lon="7.007239" lat="43.642769"><ele>205.0</ele></trkpt>
   <trkpt lon="7.007245" lat="43.642685"><ele>204.75</ele></trkpt>
   <trkpt lon="7.007257" lat="43.642632"><ele>204.5</ele></trkpt>
   <trkpt lon="7.007277" lat="43.642570"><ele>204.5</ele></trkpt>
   <trkpt lon="7.007317" lat="43.642504"><ele>204.25</ele></trkpt>
   <trkpt lon="7.007348" lat="43.642475"><ele>204.25</ele><sym>right_sharp</sym></trkpt>
   <trkpt lon="7.007248" lat="43.642456"><ele>204.0</ele></trkpt>
   <trkpt lon="7.007012" lat="43.642413"><ele>204.75</ele></trkpt>
   <trkpt lon="7.006936" lat="43.642401"><ele>205.0</ele></trkpt>
   <trkpt lon="7.006759" lat="43.642371"><ele>206.0</ele></trkpt>
   <trkpt lon="7.006699" lat="43.642363"><ele>206.25</ele></trkpt>
   <trkpt lon="7.006629" lat="43.642365"><ele>206.25</ele></trkpt>
   <trkpt lon="7.006391" lat="43.642390"><ele>206.0</ele></trkpt>
   <trkpt lon="7.005861" lat="43.642446"><ele>203.0</ele></trkpt>
   <trkpt lon="7.005786" lat="43.642455"><ele>202.75</ele></trkpt>
   <trkpt lon="7.005557" lat="43.642481"><ele>202.75</ele></trkpt>
   <trkpt lon="7.005443" lat="43.642486"><ele>202.25</ele></trkpt>
   <trkpt lon="7.005371" lat="43.642487"><ele>202.0</ele></trkpt>
   <trkpt lon="7.004678" lat="43.642494"><ele>199.75</ele></trkpt>
   <trkpt lon="7.004294" lat="43.642496"><ele>199.5</ele></trkpt>
   <trkpt lon="7.004191" lat="43.642498"><ele>199.75</ele></trkpt>
   <trkpt lon="7.004059" lat="43.642490"><ele>199.75</ele></trkpt>
   <trkpt lon="7.003882" lat="43.642472"><ele>199.75</ele></trkpt>
   <trkpt lon="7.003731" lat="43.642458"><ele>201.25</ele></trkpt>
   <trkpt lon="7.003419" lat="43.642427"><ele>203.25</ele></trkpt>
   <trkpt lon="7.002828" lat="43.642381"><ele>206.25</ele></trkpt>
   <trkpt lon="7.002673" lat="43.642363"><ele>206.5</ele></trkpt>
   <trkpt lon="7.002269" lat="43.642294"><ele>206.5</ele></trkpt>
   <trkpt lon="7.002079" lat="43.642267"><ele>207.25</ele></trkpt>
   <trkpt lon="7.002007" lat="43.642263"><ele>207.5</ele></trkpt>
   <trkpt lon="7.001852" lat="43.642256"><ele>208.0</ele></trkpt>
   <trkpt lon="7.001765" lat="43.642265"><ele>208.25</ele></trkpt>
   <trkpt lon="7.001637" lat="43.642293"><ele>208.5</ele></trkpt>
   <trkpt lon="7.001536" lat="43.642325"><ele>208.5</ele></trkpt>
   <trkpt lon="7.001266" lat="43.642405"><ele>208.75</ele></trkpt>
   <trkpt lon="7.001126" lat="43.642434"><ele>208.5</ele></trkpt>
   <trkpt lon="7.000983" lat="43.642432"><ele>207.5</ele></trkpt>
   <trkpt lon="7.000812" lat="43.642416"><ele>206.25</ele></trkpt>
   <trkpt lon="7.000670" lat="43.642391"><ele>205.75</ele></trkpt>
   <trkpt lon="7.000347" lat="43.642307"><ele>204.5</ele></trkpt>
   <trkpt lon="7.000268" lat="43.642283"><ele>204.25</ele></trkpt>
   <trkpt lon="7.000154" lat="43.642248"><ele>204.0</ele></trkpt>
   <trkpt lon="7.000091" lat="43.642229"><ele>204.0</ele></trkpt>
   <trkpt lon="6.999652" lat="43.642097"><ele>206.0</ele></trkpt>
   <trkpt lon="6.999273" lat="43.641994"><ele>205.75</ele></trkpt>
   <trkpt lon="6.999021" lat="43.641922"><ele>206.25</ele></trkpt>
   <trkpt lon="6.998828" lat="43.641859"><ele>207.0</ele></trkpt>
   <trkpt lon="6.998604" lat="43.641770"><ele>208.0</ele></trkpt>
   <trkpt lon="6.998299" lat="43.641641"><ele>208.75</ele></trkpt>
   <trkpt lon="6.997906" lat="43.641484"><ele>210.25</ele></trkpt>
   <trkpt lon="6.997800" lat="43.641426"><ele>211.0</ele></trkpt>
   <trkpt lon="6.997712" lat="43.641364"><ele>211.5</ele></trkpt>
   <trkpt lon="6.997620" lat="43.641261"><ele>212.0</ele></trkpt>
   <trkpt lon="6.997518" lat="43.641172"><ele>213.0</ele></trkpt>
   <trkpt lon="6.997411" lat="43.641093"><ele>213.5</ele></trkpt>
   <trkpt lon="6.997302" lat="43.641034"><ele>213.75</ele></trkpt>
   <trkpt lon="6.997162" lat="43.640982"><ele>214.0</ele></trkpt>
   <trkpt lon="6.996772" lat="43.640918"><ele>213.25</ele></trkpt>
   <trkpt lon="6.996603" lat="43.640877"><ele>212.75</ele></trkpt>
   <trkpt lon="6.996192" lat="43.640728"><ele>211.25</ele></trkpt>
   <trkpt lon="6.995582" lat="43.640510"><ele>210.75</ele></trkpt>
   <trkpt lon="6.995472" lat="43.640471"><ele>209.75</ele></trkpt>
   <trkpt lon="6.995187" lat="43.640396"><ele>208.5</ele></trkpt>
   <trkpt lon="6.994829" lat="43.640350"><ele>207.25</ele></trkpt>
   <trkpt lon="6.994737" lat="43.640338"><ele>206.75</ele></trkpt>
   <trkpt lon="6.994072" lat="43.640256"><ele>206.5</ele></trkpt>
   <trkpt lon="6.994070" lat="43.640255"><ele>207.25</ele><sym>pass_place</sym><type>Shaping</type></trkpt>
   <trkpt lon="6.992982" lat="43.640107"><ele>207.25</ele></trkpt>
   <trkpt lon="6.992635" lat="43.640079"><ele>208.75</ele></trkpt>
   <trkpt lon="6.992492" lat="43.640081"><ele>209.5</ele></trkpt>
   <trkpt lon="6.992228" lat="43.640109"><ele>209.75</ele></trkpt>
   <trkpt lon="6.991684" lat="43.640229"><ele>209.75</ele></trkpt>
   <trkpt lon="6.990871" lat="43.640425"><ele>213.25</ele></trkpt>
   <trkpt lon="6.990640" lat="43.640532"><ele>214.0</ele></trkpt>
   <trkpt lon="6.990581" lat="43.640571"><ele>214.5</ele></trkpt>
   <trkpt lon="6.990549" lat="43.640592"><ele>214.75</ele></trkpt>
   <trkpt lon="6.990374" lat="43.640706"><ele>214.25</ele></trkpt>
   <trkpt lon="6.990117" lat="43.640973"><ele>214.25</ele></trkpt>
   <trkpt lon="6.989962" lat="43.641097"><ele>214.25</ele></trkpt>
   <trkpt lon="6.989598" lat="43.641274"><ele>214.5</ele></trkpt>
   <trkpt lon="6.989060" lat="43.641493"><ele>215.5</ele></trkpt>
   <trkpt lon="6.988689" lat="43.641626"><ele>214.75</ele></trkpt>
   <trkpt lon="6.988560" lat="43.641641"><ele>214.5</ele></trkpt>
   <trkpt lon="6.988515" lat="43.641635"><ele>214.5</ele></trkpt>
   <trkpt lon="6.988465" lat="43.641627"><ele>214.5</ele></trkpt>
   <trkpt lon="6.988396" lat="43.641608"><ele>214.5</ele></trkpt>
   <trkpt lon="6.988336" lat="43.641565"><ele>214.75</ele></trkpt>
   <trkpt lon="6.988089" lat="43.641312"><ele>215.5</ele></trkpt>
   <trkpt lon="6.987986" lat="43.641243"><ele>215.5</ele></trkpt>
   <trkpt lon="6.987930" lat="43.641221"><ele>215.75</ele></trkpt>
   <trkpt lon="6.987881" lat="43.641203"><ele>216.0</ele></trkpt>
   <trkpt lon="6.987686" lat="43.641164"><ele>216.75</ele></trkpt>
   <trkpt lon="6.987428" lat="43.641134"><ele>216.75</ele></trkpt>
   <trkpt lon="6.987053" lat="43.641118"><ele>217.75</ele></trkpt>
   <trkpt lon="6.986743" lat="43.641145"><ele>219.0</ele></trkpt>
   <trkpt lon="6.986455" lat="43.641145"><ele>219.75</ele></trkpt>
   <trkpt lon="6.985918" lat="43.641095"><ele>220.0</ele></trkpt>
   <trkpt lon="6.985766" lat="43.641086"><ele>220.5</ele></trkpt>
   <trkpt lon="6.985539" lat="43.641081"><ele>221.25</ele></trkpt>
   <trkpt lon="6.985298" lat="43.641086"><ele>222.0</ele></trkpt>
   <trkpt lon="6.984882" lat="43.641110"><ele>221.25</ele></trkpt>
   <trkpt lon="6.984771" lat="43.641111"><ele>221.75</ele></trkpt>
   <trkpt lon="6.984616" lat="43.641097"><ele>222.25</ele></trkpt>
   <trkpt lon="6.984440" lat="43.641071"><ele>223.0</ele></trkpt>
   <trkpt lon="6.983943" lat="43.640985"><ele>224.0</ele></trkpt>
   <trkpt lon="6.983866" lat="43.640957"><ele>224.0</ele></trkpt>
   <trkpt lon="6.983780" lat="43.640927"><ele>224.0</ele></trkpt>
   <trkpt lon="6.983625" lat="43.640850"><ele>224.0</ele></trkpt>
   <trkpt lon="6.983534" lat="43.640792"><ele>224.25</ele></trkpt>
   <trkpt lon="6.983148" lat="43.640508"><ele>225.25</ele></trkpt>
   <trkpt lon="6.982982" lat="43.640398"><ele>225.75</ele></trkpt>
   <trkpt lon="6.982824" lat="43.640314"><ele>226.5</ele></trkpt>
   <trkpt lon="6.982724" lat="43.640278"><ele>227.0</ele></trkpt>
   <trkpt lon="6.982490" lat="43.640239"><ele>228.0</ele></trkpt>
   <trkpt lon="6.982199" lat="43.640233"><ele>228.0</ele></trkpt>
   <trkpt lon="6.982095" lat="43.640218"><ele>228.25</ele></trkpt>
   <trkpt lon="6.982058" lat="43.640207"><ele>228.5</ele></trkpt>
   <trkpt lon="6.981987" lat="43.640189"><ele>228.75</ele></trkpt>
   <trkpt lon="6.981698" lat="43.640069"><ele>229.75</ele></trkpt>
   <trkpt lon="6.981532" lat="43.640012"><ele>230.0</ele></trkpt>
   <trkpt lon="6.981386" lat="43.639972"><ele>230.0</ele></trkpt>
   <trkpt lon="6.981185" lat="43.639961"><ele>230.75</ele></trkpt>
   <trkpt lon="6.980976" lat="43.639983"><ele>231.0</ele></trkpt>
   <trkpt lon="6.980638" lat="43.640043"><ele>231.5</ele></trkpt>
   <trkpt lon="6.980408" lat="43.640076"><ele>232.5</ele></trkpt>
   <trkpt lon="6.980341" lat="43.640083"><ele>232.75</ele></trkpt>
   <trkpt lon="6.980192" lat="43.640085"><ele>233.25</ele></trkpt>
   <trkpt lon="6.980058" lat="43.640078"><ele>233.75</ele></trkpt>
   <trkpt lon="6.979837" lat="43.640054"><ele>234.0</ele></trkpt>
   <trkpt lon="6.979676" lat="43.640029"><ele>234.25</ele></trkpt>
   <trkpt lon="6.979521" lat="43.640045"><ele>234.75</ele></trkpt>
   <trkpt lon="6.979481" lat="43.640054"><ele>234.75</ele></trkpt>
   <trkpt lon="6.979470" lat="43.640057"><ele>234.75</ele></trkpt>
   <trkpt lon="6.979414" lat="43.640071"><ele>235.0</ele><sym>roundabout_e2</sym></trkpt>
   <trkpt lon="6.979379" lat="43.640113"><ele>235.0</ele></trkpt>
   <trkpt lon="6.979333" lat="43.640140"><ele>235.25</ele></trkpt>
   <trkpt lon="6.979294" lat="43.640154"><ele>235.5</ele></trkpt>
   <trkpt lon="6.979251" lat="43.640162"><ele>235.5</ele></trkpt>
   <trkpt lon="6.979151" lat="43.640158"><ele>236.0</ele></trkpt>
   <trkpt lon="6.979061" lat="43.640129"><ele>236.0</ele></trkpt>
   <trkpt lon="6.979011" lat="43.640100"><ele>236.0</ele></trkpt>
   <trkpt lon="6.978944" lat="43.640037"><ele>236.0</ele></trkpt>
   <trkpt lon="6.978850" lat="43.639981"><ele>236.0</ele></trkpt>
   <trkpt lon="6.978719" lat="43.639928"><ele>236.0</ele></trkpt>
   <trkpt lon="6.978519" lat="43.639899"><ele>236.5</ele></trkpt>
   <trkpt lon="6.978254" lat="43.639883"><ele>237.0</ele></trkpt>
   <trkpt lon="6.977823" lat="43.639892"><ele>237.25</ele></trkpt>
   <trkpt lon="6.977676" lat="43.639887"><ele>237.25</ele></trkpt>
   <trkpt lon="6.977544" lat="43.639874"><ele>237.25</ele></trkpt>
   <trkpt lon="6.977421" lat="43.639851"><ele>237.5</ele></trkpt>
   <trkpt lon="6.977168" lat="43.639778"><ele>238.0</ele></trkpt>
   <trkpt lon="6.976777" lat="43.639672"><ele>238.0</ele></trkpt>
   <trkpt lon="6.976514" lat="43.639585"><ele>238.0</ele></trkpt>
   <trkpt lon="6.976115" lat="43.639435"><ele>237.75</ele></trkpt>
   <trkpt lon="6.976049" lat="43.639418"><ele>237.75</ele></trkpt>
   <trkpt lon="6.975982" lat="43.639402"><ele>237.5</ele><sym>roundabout_e3</sym></trkpt>
   <trkpt lon="6.975905" lat="43.639426"><ele>237.25</ele></trkpt>
   <trkpt lon="6.975848" lat="43.639430"><ele>237.0</ele></trkpt>
   <trkpt lon="6.975791" lat="43.639424"><ele>236.75</ele></trkpt>
   <trkpt lon="6.975738" lat="43.639408"><ele>236.75</ele></trkpt>
   <trkpt lon="6.975688" lat="43.639379"><ele>236.75</ele></trkpt>
   <trkpt lon="6.975651" lat="43.639342"><ele>236.75</ele></trkpt>
   <trkpt lon="6.975629" lat="43.639297"><ele>236.5</ele></trkpt>
   <trkpt lon="6.975625" lat="43.639250"><ele>236.25</ele></trkpt>
   <trkpt lon="6.975640" lat="43.639205"><ele>236.25</ele></trkpt>
   <trkpt lon="6.975671" lat="43.639164"><ele>236.25</ele></trkpt>
   <trkpt lon="6.975647" lat="43.639080"><ele>236.0</ele></trkpt>
   <trkpt lon="6.975605" lat="43.638981"><ele>235.5</ele></trkpt>
   <trkpt lon="6.975514" lat="43.638813"><ele>234.75</ele></trkpt>
   <trkpt lon="6.975491" lat="43.638769"><ele>234.75</ele></trkpt>
   <trkpt lon="6.975347" lat="43.638506"><ele>234.0</ele></trkpt>
   <trkpt lon="6.975283" lat="43.638451"><ele>233.5</ele></trkpt>
   <trkpt lon="6.975193" lat="43.638396"><ele>232.5</ele></trkpt>
   <trkpt lon="6.975096" lat="43.638348"><ele>231.25</ele></trkpt>
   <trkpt lon="6.974550" lat="43.638151"><ele>228.5</ele><sym>pass_place</sym><type>Shaping</type></trkpt>
   <trkpt lon="6.974447" lat="43.638097"><ele>227.0</ele></trkpt>
   <trkpt lon="6.974359" lat="43.638037"><ele>225.5</ele></trkpt>
   <trkpt lon="6.974234" lat="43.637913"><ele>224.75</ele></trkpt>
   <trkpt lon="6.974175" lat="43.637837"><ele>224.5</ele></trkpt>
   <trkpt lon="6.973942" lat="43.637476"><ele>222.0</ele></trkpt>
   <trkpt lon="6.973887" lat="43.637381"><ele>220.75</ele></trkpt>
   <trkpt lon="6.973828" lat="43.637227"><ele>219.75</ele></trkpt>
   <trkpt lon="6.973815" lat="43.637073"><ele>218.5</ele></trkpt>
   <trkpt lon="6.973829" lat="43.636941"><ele>217.75</ele></trkpt>
   <trkpt lon="6.973936" lat="43.636604"><ele>215.5</ele></trkpt>
   <trkpt lon="6.974022" lat="43.636369"><ele>213.5</ele></trkpt>
   <trkpt lon="6.974061" lat="43.636214"><ele>212.25</ele></trkpt>
   <trkpt lon="6.974083" lat="43.636076"><ele>211.0</ele></trkpt>
   <trkpt lon="6.974071" lat="43.635950"><ele>210.5</ele></trkpt>
   <trkpt lon="6.974015" lat="43.635725"><ele>209.25</ele></trkpt>
   <trkpt lon="6.973985" lat="43.635570"><ele>208.5</ele></trkpt>
   <trkpt lon="6.973982" lat="43.635451"><ele>207.0</ele></trkpt>
   <trkpt lon="6.974007" lat="43.635328"><ele>205.5</ele></trkpt>
   <trkpt lon="6.974051" lat="43.635205"><ele>203.75</ele></trkpt>
   <trkpt lon="6.974124" lat="43.635088"><ele>203.25</ele></trkpt>
   <trkpt lon="6.974236" lat="43.634966"><ele>202.75</ele></trkpt>
   <trkpt lon="6.974381" lat="43.634844"><ele>202.25</ele></trkpt>
   <trkpt lon="6.974536" lat="43.634722"><ele>201.5</ele></trkpt>
   <trkpt lon="6.974873" lat="43.634539"><ele>199.75</ele></trkpt>
   <trkpt lon="6.974980" lat="43.634473"><ele>199.25</ele></trkpt>
   <trkpt lon="6.975051" lat="43.634406"><ele>198.75</ele></trkpt>
   <trkpt lon="6.975128" lat="43.634287"><ele>197.25</ele></trkpt>
   <trkpt lon="6.975144" lat="43.634174"><ele>195.25</ele></trkpt>
   <trkpt lon="6.975141" lat="43.633858"><ele>196.25</ele></trkpt>
   <trkpt lon="6.975166" lat="43.633759"><ele>195.0</ele></trkpt>
   <trkpt lon="6.975310" lat="43.633490"><ele>192.75</ele></trkpt>
   <trkpt lon="6.975331" lat="43.633451"><ele>192.75</ele></trkpt>
   <trkpt lon="6.975355" lat="43.633342"><ele>191.75</ele></trkpt>
   <trkpt lon="6.975350" lat="43.633227"><ele>191.5</ele></trkpt>
   <trkpt lon="6.975309" lat="43.633126"><ele>190.75</ele></trkpt>
   <trkpt lon="6.975066" lat="43.632864"><ele>188.0</ele></trkpt>
   <trkpt lon="6.974993" lat="43.632769"><ele>186.75</ele></trkpt>
   <trkpt lon="6.974959" lat="43.632668"><ele>186.0</ele></trkpt>
   <trkpt lon="6.974960" lat="43.632536"><ele>185.25</ele></trkpt>
   <trkpt lon="6.975051" lat="43.631925"><ele>183.0</ele></trkpt>
   <trkpt lon="6.975060" lat="43.631859"><ele>183.0</ele></trkpt>
   <trkpt lon="6.975129" lat="43.631355"><ele>179.25</ele></trkpt>
   <trkpt lon="6.975150" lat="43.631228"><ele>177.0</ele></trkpt>
   <trkpt lon="6.975204" lat="43.631133"><ele>176.25</ele></trkpt>
   <trkpt lon="6.975277" lat="43.631041"><ele>175.0</ele></trkpt>
   <trkpt lon="6.975348" lat="43.630985"><ele>174.5</ele></trkpt>
   <trkpt lon="6.975492" lat="43.630906"><ele>174.5</ele></trkpt>
   <trkpt lon="6.975795" lat="43.630765"><ele>172.5</ele></trkpt>
   <trkpt lon="6.975876" lat="43.630706"><ele>172.25</ele></trkpt>
   <trkpt lon="6.975941" lat="43.630639"><ele>172.0</ele></trkpt>
   <trkpt lon="6.976003" lat="43.630513"><ele>171.5</ele></trkpt>
   <trkpt lon="6.976141" lat="43.629996"><ele>169.0</ele></trkpt>
   <trkpt lon="6.976153" lat="43.629861"><ele>168.5</ele></trkpt>
   <trkpt lon="6.976140" lat="43.629771"><ele>167.75</ele></trkpt>
   <trkpt lon="6.976101" lat="43.629657"><ele>167.75</ele></trkpt>
   <trkpt lon="6.976017" lat="43.629534"><ele>167.75</ele></trkpt>
   <trkpt lon="6.975740" lat="43.629197"><ele>163.5</ele></trkpt>
   <trkpt lon="6.975679" lat="43.629122"><ele>163.0</ele></trkpt>
   <trkpt lon="6.975543" lat="43.628947"><ele>162.25</ele></trkpt>
   <trkpt lon="6.975450" lat="43.628835"><ele>161.5</ele></trkpt>
   <trkpt lon="6.975403" lat="43.628738"><ele>160.75</ele></trkpt>
   <trkpt lon="6.975380" lat="43.628662"><ele>160.25</ele></trkpt>
   <trkpt lon="6.975369" lat="43.628603"><ele>159.75</ele></trkpt>
   <trkpt lon="6.975375" lat="43.628482"><ele>158.25</ele></trkpt>
   <trkpt lon="6.975482" lat="43.628125"><ele>155.5</ele></trkpt>
   <trkpt lon="6.975488" lat="43.628041"><ele>155.0</ele></trkpt>
   <trkpt lon="6.975477" lat="43.627945"><ele>154.75</ele></trkpt>
   <trkpt lon="6.975391" lat="43.627682"><ele>153.25</ele></trkpt>
   <trkpt lon="6.975376" lat="43.627601"><ele>153.0</ele></trkpt>
   <trkpt lon="6.975380" lat="43.627522"><ele>152.75</ele></trkpt>
   <trkpt lon="6.975393" lat="43.627453"><ele>152.25</ele></trkpt>
   <trkpt lon="6.975431" lat="43.627358"><ele>151.25</ele></trkpt>
   <trkpt lon="6.975506" lat="43.627254"><ele>150.75</ele></trkpt>
   <trkpt lon="6.975760" lat="43.626984"><ele>148.75</ele></trkpt>
   <trkpt lon="6.975813" lat="43.626905"><ele>148.25</ele></trkpt>
   <trkpt lon="6.975843" lat="43.626812"><ele>147.5</ele></trkpt>
   <trkpt lon="6.975846" lat="43.626737"><ele>146.75</ele></trkpt>
   <trkpt lon="6.975838" lat="43.626674"><ele>146.0</ele></trkpt>
   <trkpt lon="6.975808" lat="43.626584"><ele>144.75</ele></trkpt>
   <trkpt lon="6.975542" lat="43.626156"><ele>141.5</ele></trkpt>
   <trkpt lon="6.975449" lat="43.626029"><ele>140.75</ele></trkpt>
   <trkpt lon="6.975427" lat="43.626001"><ele>140.5</ele><sym>roundabout_e2</sym></trkpt>
   <trkpt lon="6.975407" lat="43.625995"><ele>140.5</ele></trkpt>
   <trkpt lon="6.975381" lat="43.625973"><ele>140.25</ele></trkpt>
   <trkpt lon="6.975378" lat="43.625945"><ele>140.25</ele></trkpt>
   <trkpt lon="6.975385" lat="43.625931"><ele>140.25</ele></trkpt>
   <trkpt lon="6.975415" lat="43.625912"><ele>140.25</ele></trkpt>
   <trkpt lon="6.975463" lat="43.625773"><ele>139.75</ele></trkpt>
   <trkpt lon="6.975506" lat="43.625655"><ele>139.5</ele></trkpt>
   <trkpt lon="6.975533" lat="43.625540"><ele>139.0</ele></trkpt>
   <trkpt lon="6.975553" lat="43.625498"><ele>139.0</ele><sym>right_slight</sym></trkpt>
   <trkpt lon="6.975551" lat="43.625480"><ele>139.0</ele></trkpt>
   <trkpt lon="6.975521" lat="43.625392"><ele>139.0</ele></trkpt>
   <trkpt lon="6.975448" lat="43.625288"><ele>139.25</ele></trkpt>
   <trkpt lon="6.975162" lat="43.625017"><ele>138.75</ele></trkpt>
   <trkpt lon="6.975084" lat="43.624945"><ele>138.75</ele></trkpt>
   <trkpt lon="6.974705" lat="43.624571"><ele>136.75</ele></trkpt>
   <trkpt lon="6.974397" lat="43.624275"><ele>135.0</ele></trkpt>
   <trkpt lon="6.974266" lat="43.624150"><ele>134.5</ele></trkpt>
   <trkpt lon="6.974119" lat="43.624008"><ele>133.75</ele></trkpt>
   <trkpt lon="6.974091" lat="43.623981"><ele>133.5</ele></trkpt>
   <trkpt lon="6.974006" lat="43.623900"><ele>133.0</ele></trkpt>
   <trkpt lon="6.973765" lat="43.623695"><ele>132.0</ele></trkpt>
   <trkpt lon="6.973600" lat="43.623589"><ele>131.75</ele><sym>u-turn_right</sym></trkpt>
   <trkpt lon="6.973599" lat="43.623589"><ele>131.75</ele><sym>pass_place</sym><type>Shaping</type></trkpt>
   <trkpt lon="6.973600" lat="43.623589"><ele>131.75</ele></trkpt>
   <trkpt lon="6.973483" lat="43.623519"><ele>131.0</ele></trkpt>
   <trkpt lon="6.973147" lat="43.623319"><ele>129.25</ele></trkpt>
   <trkpt lon="6.973028" lat="43.623249"><ele>128.75</ele></trkpt>
   <trkpt lon="6.972978" lat="43.623205"><ele>128.25</ele></trkpt>
   <trkpt lon="6.972940" lat="43.623144"><ele>127.75</ele></trkpt>
   <trkpt lon="6.972938" lat="43.623074"><ele>127.75</ele></trkpt>
   <trkpt lon="6.972965" lat="43.622994"><ele>127.5</ele></trkpt>
   <trkpt lon="6.973056" lat="43.622804"><ele>126.25</ele></trkpt>
   <trkpt lon="6.973274" lat="43.622411"><ele>125.5</ele></trkpt>
   <trkpt lon="6.973369" lat="43.622236"><ele>124.75</ele></trkpt>
   <trkpt lon="6.973444" lat="43.622097"><ele>124.25</ele></trkpt>
   <trkpt lon="6.973628" lat="43.621787"><ele>124.25</ele></trkpt>
   <trkpt lon="6.973659" lat="43.621694"><ele>124.5</ele></trkpt>
   <trkpt lon="6.973733" lat="43.621605"><ele>124.5</ele></trkpt>
   <trkpt lon="6.973746" lat="43.621565"><ele>124.5</ele></trkpt>
   <trkpt lon="6.973762" lat="43.621545"><ele>124.5</ele></trkpt>
   <trkpt lon="6.973789" lat="43.621495"><ele>124.75</ele></trkpt>
   <trkpt lon="6.973876" lat="43.621343"><ele>125.0</ele></trkpt>
   <trkpt lon="6.973939" lat="43.621278"><ele>124.75</ele><sym>right_slight</sym></trkpt>
   <trkpt lon="6.973955" lat="43.621241"><ele>124.75</ele></trkpt>
   <trkpt lon="6.973956" lat="43.621212"><ele>124.75</ele></trkpt>
   <trkpt lon="6.973942" lat="43.621189"><ele>124.75</ele></trkpt>
   <trkpt lon="6.973903" lat="43.621154"><ele>124.75</ele><sym>right_slight</sym></trkpt>
   <trkpt lon="6.973875" lat="43.621145"><ele>125.0</ele></trkpt>
   <trkpt lon="6.973843" lat="43.621135"><ele>125.0</ele></trkpt>
   <trkpt lon="6.973622" lat="43.621065"><ele>125.75</ele></trkpt>
   <trkpt lon="6.973593" lat="43.621075"><ele>125.75</ele></trkpt>
   <trkpt lon="6.973460" lat="43.621066"><ele>126.0</ele></trkpt>
   <trkpt lon="6.973398" lat="43.621062"><ele>126.0</ele></trkpt>
   <trkpt lon="6.973234" lat="43.621053"><ele>126.0</ele></trkpt>
   <trkpt lon="6.973183" lat="43.621034"><ele>126.0</ele></trkpt>
   <trkpt lon="6.973102" lat="43.621047"><ele>126.0</ele></trkpt>
   <trkpt lon="6.973030" lat="43.621036"><ele>125.75</ele></trkpt>
   <trkpt lon="6.972729" lat="43.620964"><ele>125.25</ele></trkpt>
   <trkpt lon="6.972640" lat="43.620943"><ele>125.0</ele></trkpt>
   <trkpt lon="6.971888" lat="43.620732"><ele>122.75</ele></trkpt>
   <trkpt lon="6.971861" lat="43.620724"><ele>122.75</ele></trkpt>
   <trkpt lon="6.971838" lat="43.620717"><ele>122.75</ele></trkpt>
   <trkpt lon="6.971801" lat="43.620706"><ele>122.5</ele></trkpt>
   <trkpt lon="6.971763" lat="43.620695"><ele>122.5</ele></trkpt>
   <trkpt lon="6.971188" lat="43.620525"><ele>123.0</ele></trkpt>
   <trkpt lon="6.971013" lat="43.620473"><ele>123.5</ele></trkpt>
   <trkpt lon="6.970865" lat="43.620429"><ele>123.75</ele></trkpt>
   <trkpt lon="6.970774" lat="43.620402"><ele>124.0</ele><sym>left</sym></trkpt>
   <trkpt lon="6.970878" lat="43.620264"><ele>124.0</ele><sym>right</sym></trkpt>
   <trkpt lon="6.970832" lat="43.620241"><ele>124.0</ele></trkpt>
   <trkpt lon="6.970818" lat="43.620235"><ele>124.0</ele></trkpt>
   <trkpt lon="6.970730" lat="43.620191"><ele>124.5</ele></trkpt>
   <trkpt lon="6.970618" lat="43.620135"><ele>125.25</ele><sym>right</sym></trkpt>
   <trkpt lon="6.970605" lat="43.620144"><ele>125.25</ele></trkpt>
   <trkpt lon="6.970514" lat="43.620099"><ele>125.75</ele></trkpt>
   <trkpt lon="6.970324" lat="43.620289"><ele>126.5</ele></trkpt>
   <trkpt lon="6.970292" lat="43.620320"><ele>126.5</ele><sym>u-turn</sym><type>Via</type></trkpt>
   <trkpt lon="6.970324" lat="43.620289"><ele>126.5</ele></trkpt>
   <trkpt lon="6.970514" lat="43.620099"><ele>125.75</ele></trkpt>
   <trkpt lon="6.970605" lat="43.620144"><ele>125.25</ele></trkpt>
   <trkpt lon="6.970618" lat="43.620135"><ele>125.25</ele></trkpt>
   <trkpt lon="6.970730" lat="43.620191"><ele>124.5</ele></trkpt>
   <trkpt lon="6.970818" lat="43.620235"><ele>124.0</ele></trkpt>
   <trkpt lon="6.970832" lat="43.620241"><ele>124.0</ele></trkpt>
   <trkpt lon="6.970878" lat="43.620264"><ele>124.0</ele><sym>right</sym></trkpt>
   <trkpt lon="6.970917" lat="43.620215"><ele>124.0</ele></trkpt>
   <trkpt lon="6.970956" lat="43.620165"><ele>124.0</ele></trkpt>
   <trkpt lon="6.971020" lat="43.620086"><ele>124.0</ele></trkpt>
   <trkpt lon="6.971131" lat="43.619935"><ele>123.5</ele></trkpt>
   <trkpt lon="6.971162" lat="43.619895"><ele>123.25</ele></trkpt>
   <trkpt lon="6.971193" lat="43.619855"><ele>123.0</ele></trkpt>
   <trkpt lon="6.971291" lat="43.619727"><ele>122.25</ele></trkpt>
   <trkpt lon="6.971362" lat="43.619631"><ele>122.0</ele><sym>right</sym></trkpt>
   <trkpt lon="6.971309" lat="43.619603"><ele>122.25</ele></trkpt>
   <trkpt lon="6.971224" lat="43.619558"><ele>122.5</ele></trkpt>
   <trkpt lon="6.971137" lat="43.619512"><ele>122.75</ele></trkpt>
   <trkpt lon="6.971047" lat="43.619476"><ele>123.0</ele></trkpt>
   <trkpt lon="6.970911" lat="43.619384"><ele>123.5</ele></trkpt>
   <trkpt lon="6.970696" lat="43.619266"><ele>124.0</ele></trkpt>
   <trkpt lon="6.970484" lat="43.619159"><ele>124.0</ele></trkpt>
   <trkpt lon="6.970262" lat="43.619049"><ele>124.5</ele></trkpt>
   <trkpt lon="6.969954" lat="43.618926"><ele>124.25</ele></trkpt>
   <trkpt lon="6.969667" lat="43.618804"><ele>124.25</ele></trkpt>
   <trkpt lon="6.969642" lat="43.618794"><ele>124.25</ele><sym>left</sym></trkpt>
   <trkpt lon="6.969922" lat="43.618526"><ele>123.5</ele></trkpt>
   <trkpt lon="6.970092" lat="43.618383"><ele>122.75</ele></trkpt>
   <trkpt lon="6.970127" lat="43.618376"><ele>122.5</ele><sym>right_sharp</sym></trkpt>
   <trkpt lon="6.970097" lat="43.618356"><ele>122.5</ele></trkpt>
   <trkpt lon="6.969641" lat="43.618045"><ele>121.75</ele></trkpt>
   <trkpt lon="6.969613" lat="43.618026"><ele>121.75</ele></trkpt>
   <trkpt lon="6.969603" lat="43.618020"><ele>121.75</ele></trkpt>
   <trkpt lon="6.969010" lat="43.617603"><ele>121.5</ele></trkpt>
   <trkpt lon="6.968989" lat="43.617589"><ele>121.75</ele></trkpt>
   <trkpt lon="6.968976" lat="43.617579"><ele>121.75</ele></trkpt>
   <trkpt lon="6.968636" lat="43.617319"><ele>121.25</ele></trkpt>
   <trkpt lon="6.968344" lat="43.617052"><ele>120.75</ele></trkpt>
   <trkpt lon="6.968311" lat="43.617014"><ele>120.75</ele></trkpt>
   <trkpt lon="6.967839" lat="43.616504"><ele>119.5</ele></trkpt>
   <trkpt lon="6.967824" lat="43.616487"><ele>119.5</ele></trkpt>
   <trkpt lon="6.967811" lat="43.616476"><ele>119.5</ele></trkpt>
   <trkpt lon="6.967577" lat="43.616253"><ele>120.25</ele></trkpt>
   <trkpt lon="6.967332" lat="43.616037"><ele>120.75</ele></trkpt>
   <trkpt lon="6.966881" lat="43.615750"><ele>120.25</ele></trkpt>
   <trkpt lon="6.966851" lat="43.615731"><ele>120.25</ele></trkpt>
   <trkpt lon="6.966821" lat="43.615711"><ele>120.0</ele></trkpt>
   <trkpt lon="6.966450" lat="43.615521"><ele>118.0</ele></trkpt>
   <trkpt lon="6.966130" lat="43.615403"><ele>116.0</ele></trkpt>
   <trkpt lon="6.965640" lat="43.615308"><ele>114.25</ele></trkpt>
   <trkpt lon="6.965079" lat="43.615179"><ele>112.0</ele></trkpt>
   <trkpt lon="6.964636" lat="43.615084"><ele>111.0</ele></trkpt>
   <trkpt lon="6.964344" lat="43.615036"><ele>109.75</ele></trkpt>
   <trkpt lon="6.963798" lat="43.615003"><ele>108.5</ele></trkpt>
   <trkpt lon="6.963674" lat="43.615010"><ele>108.0</ele><sym>left</sym></trkpt>
   <trkpt lon="6.963668" lat="43.614953"><ele>107.5</ele></trkpt>
   <trkpt lon="6.963611" lat="43.614586"><ele>101.5</ele></trkpt>
   <trkpt lon="6.963566" lat="43.614254"><ele>97.5</ele></trkpt>
   <trkpt lon="6.963541" lat="43.614067"><ele>97.75</ele></trkpt>
   <trkpt lon="6.963537" lat="43.614006"><ele>98.25</ele><sym>right_slight</sym></trkpt>
   <trkpt lon="6.963478" lat="43.613976"><ele>98.25</ele></trkpt>
   <trkpt lon="6.963419" lat="43.613946"><ele>98.25</ele></trkpt>
   <trkpt lon="6.963264" lat="43.613883"><ele>98.5</ele></trkpt>
   <trkpt lon="6.963045" lat="43.613849"><ele>100.25</ele></trkpt>
   <trkpt lon="6.962939" lat="43.613854"><ele>99.25</ele></trkpt>
   <trkpt lon="6.962780" lat="43.613908"><ele>97.0</ele></trkpt>
   <trkpt lon="6.962730" lat="43.613928"><ele>97.25</ele></trkpt>
   <trkpt lon="6.962577" lat="43.613990"><ele>97.5</ele></trkpt>
   <trkpt lon="6.962348" lat="43.614080"><ele>97.25</ele></trkpt>
   <trkpt lon="6.962231" lat="43.614128"><ele>96.75</ele></trkpt>
   <trkpt lon="6.961989" lat="43.614225"><ele>96.0</ele></trkpt>
   <trkpt lon="6.960737" lat="43.614701"><ele>96.75</ele></trkpt>
   <trkpt lon="6.960600" lat="43.614750"><ele>96.75</ele></trkpt>
   <trkpt lon="6.960458" lat="43.614791"><ele>96.5</ele></trkpt>
   <trkpt lon="6.960400" lat="43.614803"><ele>96.25</ele></trkpt>
   <trkpt lon="6.960272" lat="43.614830"><ele>96.25</ele></trkpt>
   <trkpt lon="6.959921" lat="43.614904"><ele>97.0</ele></trkpt>
   <trkpt lon="6.959699" lat="43.614948"><ele>96.25</ele></trkpt>
   <trkpt lon="6.959353" lat="43.615026"><ele>94.25</ele></trkpt>
   <trkpt lon="6.959164" lat="43.615076"><ele>92.75</ele></trkpt>
   <trkpt lon="6.958671" lat="43.615214"><ele>90.0</ele></trkpt>
   <trkpt lon="6.958276" lat="43.615317"><ele>90.5</ele></trkpt>
   <trkpt lon="6.958095" lat="43.615360"><ele>91.0</ele></trkpt>
   <trkpt lon="6.957884" lat="43.615410"><ele>93.25</ele></trkpt>
   <trkpt lon="6.957510" lat="43.615498"><ele>95.0</ele></trkpt>
   <trkpt lon="6.957358" lat="43.615528"><ele>95.0</ele></trkpt>
   <trkpt lon="6.957152" lat="43.615550"><ele>95.5</ele></trkpt>
   <trkpt lon="6.956582" lat="43.615561"><ele>99.5</ele></trkpt>
   <trkpt lon="6.956502" lat="43.615568"><ele>100.0</ele></trkpt>
   <trkpt lon="6.956441" lat="43.615577"><ele>100.25</ele></trkpt>
   <trkpt lon="6.956324" lat="43.615607"><ele>100.5</ele><sym>pass_place</sym><type>Shaping</type></trkpt>
   <trkpt lon="6.956210" lat="43.615645"><ele>101.5</ele></trkpt>
   <trkpt lon="6.956067" lat="43.615707"><ele>102.5</ele></trkpt>
   <trkpt lon="6.955928" lat="43.615794"><ele>103.75</ele></trkpt>
   <trkpt lon="6.955515" lat="43.616149"><ele>105.75</ele></trkpt>
   <trkpt lon="6.955406" lat="43.616224"><ele>105.75</ele></trkpt>
   <trkpt lon="6.955297" lat="43.616287"><ele>106.0</ele></trkpt>
   <trkpt lon="6.955140" lat="43.616365"><ele>105.75</ele></trkpt>
   <trkpt lon="6.955005" lat="43.616414"><ele>105.5</ele></trkpt>
   <trkpt lon="6.954910" lat="43.616439"><ele>105.75</ele></trkpt>
   <trkpt lon="6.954707" lat="43.616474"><ele>106.0</ele></trkpt>
   <trkpt lon="6.954319" lat="43.616517"><ele>105.25</ele></trkpt>
   <trkpt lon="6.953669" lat="43.616585"><ele>103.75</ele></trkpt>
   <trkpt lon="6.953473" lat="43.616593"><ele>102.75</ele></trkpt>
   <trkpt lon="6.953262" lat="43.616578"><ele>101.75</ele></trkpt>
   <trkpt lon="6.953165" lat="43.616560"><ele>101.25</ele></trkpt>
   <trkpt lon="6.953035" lat="43.616526"><ele>100.5</ele></trkpt>
   <trkpt lon="6.952903" lat="43.616477"><ele>99.5</ele></trkpt>
   <trkpt lon="6.952534" lat="43.616307"><ele>97.75</ele></trkpt>
   <trkpt lon="6.952283" lat="43.616180"><ele>94.25</ele></trkpt>
   <trkpt lon="6.951976" lat="43.615974"><ele>91.0</ele></trkpt>
   <trkpt lon="6.951708" lat="43.615766"><ele>90.75</ele></trkpt>
   <trkpt lon="6.951623" lat="43.615698"><ele>90.75</ele></trkpt>
   <trkpt lon="6.951506" lat="43.615619"><ele>91.0</ele></trkpt>
   <trkpt lon="6.951444" lat="43.615595"><ele>91.0</ele><sym>roundabout_e3</sym></trkpt>
   <trkpt lon="6.951423" lat="43.615620"><ele>90.75</ele></trkpt>
   <trkpt lon="6.951390" lat="43.615639"><ele>90.5</ele></trkpt>
   <trkpt lon="6.951351" lat="43.615648"><ele>90.75</ele></trkpt>
   <trkpt lon="6.951302" lat="43.615647"><ele>91.0</ele></trkpt>
   <trkpt lon="6.951258" lat="43.615631"><ele>91.25</ele></trkpt>
   <trkpt lon="6.951230" lat="43.615608"><ele>91.25</ele></trkpt>
   <trkpt lon="6.951215" lat="43.615579"><ele>91.0</ele></trkpt>
   <trkpt lon="6.951214" lat="43.615547"><ele>91.0</ele></trkpt>
   <trkpt lon="6.951104" lat="43.615515"><ele>91.0</ele></trkpt>
   <trkpt lon="6.950963" lat="43.615468"><ele>91.25</ele></trkpt>
   <trkpt lon="6.950201" lat="43.615174"><ele>88.0</ele></trkpt>
   <trkpt lon="6.949645" lat="43.614936"><ele>86.25</ele></trkpt>
   <trkpt lon="6.949508" lat="43.614857"><ele>85.75</ele></trkpt>
   <trkpt lon="6.949396" lat="43.614760"><ele>85.0</ele></trkpt>
   <trkpt lon="6.949009" lat="43.614310"><ele>83.5</ele></trkpt>
   <trkpt lon="6.948842" lat="43.614118"><ele>83.0</ele></trkpt>
   <trkpt lon="6.948659" lat="43.613968"><ele>82.25</ele></trkpt>
   <trkpt lon="6.948465" lat="43.613890"><ele>81.0</ele></trkpt>
   <trkpt lon="6.948346" lat="43.613862"><ele>80.75</ele></trkpt>
   <trkpt lon="6.948245" lat="43.613850"><ele>80.25</ele></trkpt>
   <trkpt lon="6.948067" lat="43.613854"><ele>79.75</ele></trkpt>
   <trkpt lon="6.947931" lat="43.613880"><ele>78.5</ele></trkpt>
   <trkpt lon="6.947385" lat="43.614017"><ele>75.75</ele></trkpt>
   <trkpt lon="6.946818" lat="43.614158"><ele>74.25</ele></trkpt>
   <trkpt lon="6.946649" lat="43.614196"><ele>73.75</ele></trkpt>
   <trkpt lon="6.946593" lat="43.614203"><ele>73.75</ele></trkpt>
   <trkpt lon="6.946528" lat="43.614204"><ele>73.5</ele></trkpt>
   <trkpt lon="6.946429" lat="43.614192"><ele>73.75</ele></trkpt>
   <trkpt lon="6.946305" lat="43.614167"><ele>73.5</ele></trkpt>
   <trkpt lon="6.946128" lat="43.614099"><ele>74.25</ele></trkpt>
   <trkpt lon="6.946034" lat="43.614035"><ele>74.0</ele></trkpt>
   <trkpt lon="6.945962" lat="43.613968"><ele>74.0</ele></trkpt>
   <trkpt lon="6.945787" lat="43.613763"><ele>72.75</ele></trkpt>
   <trkpt lon="6.945359" lat="43.613098"><ele>66.75</ele></trkpt>
   <trkpt lon="6.945312" lat="43.613016"><ele>66.25</ele></trkpt>
   <trkpt lon="6.944808" lat="43.612143"><ele>65.75</ele></trkpt>
   <trkpt lon="6.944180" lat="43.611033"><ele>66.5</ele></trkpt>
   <trkpt lon="6.943929" lat="43.610528"><ele>69.0</ele></trkpt>
   <trkpt lon="6.943858" lat="43.610384"><ele>69.0</ele></trkpt>
   <trkpt lon="6.943554" lat="43.609876"><ele>68.0</ele></trkpt>
   <trkpt lon="6.943032" lat="43.609009"><ele>69.0</ele></trkpt>
   <trkpt lon="6.942731" lat="43.608581"><ele>63.5</ele></trkpt>
   <trkpt lon="6.942471" lat="43.608152"><ele>60.0</ele></trkpt>
   <trkpt lon="6.942435" lat="43.608096"><ele>59.75</ele></trkpt>
   <trkpt lon="6.942357" lat="43.608064"><ele>59.25</ele></trkpt>
   <trkpt lon="6.942279" lat="43.608042"><ele>59.25</ele></trkpt>
   <trkpt lon="6.942132" lat="43.608038"><ele>59.0</ele></trkpt>
   <trkpt lon="6.942002" lat="43.608063"><ele>58.0</ele></trkpt>
   <trkpt lon="6.941769" lat="43.608093"><ele>58.25</ele></trkpt>
   <trkpt lon="6.941210" lat="43.608094"><ele>56.25</ele><sym>pass_place</sym><type>Shaping</type></trkpt>
   <trkpt lon="6.941208" lat="43.608095"><ele>56.25</ele></trkpt>
   <trkpt lon="6.940650" lat="43.608125"><ele>55.25</ele></trkpt>
   <trkpt lon="6.940543" lat="43.608134"><ele>55.0</ele></trkpt>
   <trkpt lon="6.940006" lat="43.608205"><ele>54.0</ele></trkpt>
   <trkpt lon="6.939923" lat="43.608237"><ele>53.25</ele></trkpt>
   <trkpt lon="6.939572" lat="43.608451"><ele>51.5</ele></trkpt>
   <trkpt lon="6.939481" lat="43.608514"><ele>53.25</ele></trkpt>
   <trkpt lon="6.939157" lat="43.608721"><ele>56.25</ele></trkpt>
   <trkpt lon="6.938973" lat="43.608772"><ele>59.0</ele></trkpt>
   <trkpt lon="6.938831" lat="43.608795"><ele>60.25</ele></trkpt>
   <trkpt lon="6.938726" lat="43.608794"><ele>59.75</ele></trkpt>
   <trkpt lon="6.938586" lat="43.608757"><ele>57.5</ele></trkpt>
   <trkpt lon="6.938522" lat="43.608724"><ele>57.25</ele></trkpt>
   <trkpt lon="6.938281" lat="43.608518"><ele>54.75</ele></trkpt>
   <trkpt lon="6.938097" lat="43.608382"><ele>53.25</ele></trkpt>
   <trkpt lon="6.937472" lat="43.608001"><ele>54.0</ele></trkpt>
   <trkpt lon="6.937090" lat="43.607710"><ele>55.25</ele></trkpt>
   <trkpt lon="6.936944" lat="43.607568"><ele>57.25</ele></trkpt>
   <trkpt lon="6.936773" lat="43.607373"><ele>56.75</ele></trkpt>
   <trkpt lon="6.936307" lat="43.606778"><ele>55.5</ele></trkpt>
   <trkpt lon="6.935888" lat="43.606421"><ele>55.75</ele></trkpt>
   <trkpt lon="6.935341" lat="43.606049"><ele>57.25</ele></trkpt>
   <trkpt lon="6.935247" lat="43.605953"><ele>58.5</ele></trkpt>
   <trkpt lon="6.935197" lat="43.605834"><ele>57.0</ele></trkpt>
   <trkpt lon="6.935085" lat="43.605642"><ele>53.0</ele></trkpt>
   <trkpt lon="6.935003" lat="43.605557"><ele>52.75</ele></trkpt>
   <trkpt lon="6.934858" lat="43.605448"><ele>54.25</ele></trkpt>
   <trkpt lon="6.934799" lat="43.605383"><ele>54.25</ele></trkpt>
   <trkpt lon="6.934754" lat="43.605286"><ele>52.5</ele></trkpt>
   <trkpt lon="6.934729" lat="43.605201"><ele>51.0</ele></trkpt>
   <trkpt lon="6.934718" lat="43.605164"><ele>50.5</ele></trkpt>
   <trkpt lon="6.934563" lat="43.604955"><ele>51.5</ele></trkpt>
   <trkpt lon="6.934495" lat="43.604813"><ele>50.5</ele></trkpt>
   <trkpt lon="6.934327" lat="43.604533"><ele>51.25</ele></trkpt>
   <trkpt lon="6.934252" lat="43.604219"><ele>47.5</ele></trkpt>
   <trkpt lon="6.934215" lat="43.604150"><ele>48.0</ele></trkpt>
   <trkpt lon="6.934167" lat="43.604115"><ele>49.75</ele></trkpt>
   <trkpt lon="6.934030" lat="43.604044"><ele>52.5</ele></trkpt>
   <trkpt lon="6.933985" lat="43.603997"><ele>53.0</ele></trkpt>
   <trkpt lon="6.933971" lat="43.603939"><ele>51.25</ele></trkpt>
   <trkpt lon="6.934002" lat="43.603755"><ele>45.5</ele></trkpt>
   <trkpt lon="6.934005" lat="43.603676"><ele>44.5</ele></trkpt>
   <trkpt lon="6.933986" lat="43.603618"><ele>45.25</ele></trkpt>
   <trkpt lon="6.933940" lat="43.603562"><ele>46.25</ele></trkpt>
   <trkpt lon="6.933620" lat="43.603258"><ele>47.25</ele></trkpt>
   <trkpt lon="6.933522" lat="43.603104"><ele>47.0</ele></trkpt>
   <trkpt lon="6.933433" lat="43.602844"><ele>45.75</ele></trkpt>
   <trkpt lon="6.933408" lat="43.602587"><ele>42.75</ele></trkpt>
   <trkpt lon="6.933326" lat="43.602427"><ele>41.75</ele></trkpt>
   <trkpt lon="6.933235" lat="43.602345"><ele>39.5</ele></trkpt>
   <trkpt lon="6.932988" lat="43.602236"><ele>39.75</ele></trkpt>
   <trkpt lon="6.932860" lat="43.602200"><ele>38.5</ele></trkpt>
   <trkpt lon="6.932723" lat="43.602203"><ele>38.5</ele></trkpt>
   <trkpt lon="6.932439" lat="43.602289"><ele>38.0</ele></trkpt>
   <trkpt lon="6.932369" lat="43.602295"><ele>37.5</ele></trkpt>
   <trkpt lon="6.932273" lat="43.602291"><ele>36.75</ele></trkpt>
   <trkpt lon="6.932195" lat="43.602275"><ele>36.25</ele></trkpt>
   <trkpt lon="6.932133" lat="43.602251"><ele>36.5</ele></trkpt>
   <trkpt lon="6.932063" lat="43.602210"><ele>36.25</ele></trkpt>
   <trkpt lon="6.932018" lat="43.602170"><ele>36.0</ele></trkpt>
   <trkpt lon="6.931957" lat="43.602092"><ele>35.0</ele></trkpt>
   <trkpt lon="6.931858" lat="43.601895"><ele>32.5</ele></trkpt>
   <trkpt lon="6.931792" lat="43.601734"><ele>31.5</ele></trkpt>
   <trkpt lon="6.931726" lat="43.601642"><ele>31.5</ele></trkpt>
   <trkpt lon="6.931625" lat="43.601534"><ele>30.75</ele></trkpt>
   <trkpt lon="6.931422" lat="43.601345"><ele>29.25</ele></trkpt>
   <trkpt lon="6.931337" lat="43.601275"><ele>29.5</ele><sym>left_slight</sym></trkpt>
   <trkpt lon="6.931302" lat="43.601229"><ele>29.25</ele></trkpt>
   <trkpt lon="6.931279" lat="43.601158"><ele>29.0</ele></trkpt>
   <trkpt lon="6.931255" lat="43.601056"><ele>28.25</ele></trkpt>
   <trkpt lon="6.931274" lat="43.600876"><ele>26.75</ele></trkpt>
   <trkpt lon="6.931383" lat="43.600623"><ele>25.0</ele></trkpt>
   <trkpt lon="6.931517" lat="43.600390"><ele>24.25</ele></trkpt>
   <trkpt lon="6.931907" lat="43.599921"><ele>23.5</ele></trkpt>
   <trkpt lon="6.931954" lat="43.599839"><ele>23.25</ele></trkpt>
   <trkpt lon="6.931969" lat="43.599754"><ele>23.0</ele></trkpt>
   <trkpt lon="6.931899" lat="43.599299"><ele>22.25</ele></trkpt>
   <trkpt lon="6.931869" lat="43.599135"><ele>22.0</ele></trkpt>
   <trkpt lon="6.931796" lat="43.598703"><ele>21.25</ele></trkpt>
   <trkpt lon="6.931749" lat="43.598499"><ele>21.0</ele></trkpt>
   <trkpt lon="6.931723" lat="43.598356"><ele>21.0</ele></trkpt>
   <trkpt lon="6.931684" lat="43.598239"><ele>20.5</ele></trkpt>
   <trkpt lon="6.931598" lat="43.598063"><ele>20.0</ele></trkpt>
   <trkpt lon="6.931539" lat="43.597961"><ele>20.0</ele></trkpt>
   <trkpt lon="6.931398" lat="43.597679"><ele>20.0</ele></trkpt>
   <trkpt lon="6.931233" lat="43.597277"><ele>19.0</ele></trkpt>
   <trkpt lon="6.931216" lat="43.597206"><ele>19.0</ele></trkpt>
   <trkpt lon="6.931209" lat="43.597154"><ele>19.0</ele></trkpt>
   <trkpt lon="6.931201" lat="43.597120"><ele>19.0</ele></trkpt>
   <trkpt lon="6.931200" lat="43.597118"><ele>19.0</ele><sym>pass_place</sym><type>Shaping</type></trkpt>
   <trkpt lon="6.931194" lat="43.597099"><ele>19.0</ele></trkpt>
   <trkpt lon="6.931099" lat="43.596775"><ele>19.0</ele></trkpt>
   <trkpt lon="6.931039" lat="43.596520"><ele>18.75</ele></trkpt>
   <trkpt lon="6.931011" lat="43.596338"><ele>18.5</ele></trkpt>
   <trkpt lon="6.931015" lat="43.596258"><ele>18.75</ele></trkpt>
   <trkpt lon="6.931048" lat="43.596056"><ele>18.75</ele></trkpt>
   <trkpt lon="6.931090" lat="43.595809"><ele>18.0</ele></trkpt>
   <trkpt lon="6.931114" lat="43.595696"><ele>18.0</ele></trkpt>
   <trkpt lon="6.931123" lat="43.595652"><ele>18.0</ele></trkpt>
   <trkpt lon="6.931254" lat="43.595369"><ele>18.25</ele></trkpt>
   <trkpt lon="6.931482" lat="43.595025"><ele>17.75</ele></trkpt>
   <trkpt lon="6.931500" lat="43.594952"><ele>17.75</ele><sym>left_slight</sym></trkpt>
   <trkpt lon="6.931573" lat="43.594935"><ele>17.75</ele></trkpt>
   <trkpt lon="6.931642" lat="43.594904"><ele>17.5</ele></trkpt>
   <trkpt lon="6.931695" lat="43.594875"><ele>17.5</ele></trkpt>
   <trkpt lon="6.931794" lat="43.594787"><ele>17.75</ele></trkpt>
   <trkpt lon="6.931862" lat="43.594727"><ele>18.25</ele></trkpt>
   <trkpt lon="6.931928" lat="43.594674"><ele>18.5</ele></trkpt>
   <trkpt lon="6.931974" lat="43.594637"><ele>18.5</ele><sym>right</sym></trkpt>
   <trkpt lon="6.931918" lat="43.594589"><ele>18.25</ele></trkpt>
   <trkpt lon="6.931259" lat="43.594173"><ele>17.0</ele></trkpt>
   <trkpt lon="6.930969" lat="43.594000"><ele>17.0</ele></trkpt>
   <trkpt lon="6.930651" lat="43.593780"><ele>17.0</ele></trkpt>
   <trkpt lon="6.930548" lat="43.593722"><ele>16.75</ele><sym>left_slight</sym></trkpt>
   <trkpt lon="6.930406" lat="43.593485"><ele>17.0</ele></trkpt>
   <trkpt lon="6.930363" lat="43.593356"><ele>17.0</ele><sym>pass_place</sym><type>Shaping</type></trkpt>
   <trkpt lon="6.930967" lat="43.593114"><ele>17.0</ele></trkpt>
   <trkpt lon="6.930979" lat="43.593152"><ele>17.0</ele></trkpt>
   <trkpt lon="6.930881" lat="43.593220"><ele>17.0</ele></trkpt>
   <trkpt lon="6.930815" lat="43.593213"><ele>16.75</ele></trkpt>
   <trkpt lon="6.930697" lat="43.593133"><ele>16.5</ele></trkpt>
   <trkpt lon="6.930580" lat="43.593224"><ele>16.5</ele></trkpt>
   <trkpt lon="6.930363" lat="43.593356"><ele>17.0</ele></trkpt>
   <trkpt lon="6.930406" lat="43.593485"><ele>17.0</ele></trkpt>
   <trkpt lon="6.930548" lat="43.593722"><ele>16.75</ele><sym>left</sym></trkpt>
   <trkpt lon="6.930406" lat="43.593813"><ele>16.0</ele></trkpt>
   <trkpt lon="6.930351" lat="43.593850"><ele>15.5</ele></trkpt>
   <trkpt lon="6.930262" lat="43.593913"><ele>15.25</ele></trkpt>
   <trkpt lon="6.930163" lat="43.593969"><ele>16.0</ele><sym>left</sym></trkpt>
   <trkpt lon="6.930123" lat="43.593928"><ele>16.0</ele></trkpt>
   <trkpt lon="6.929975" lat="43.593773"><ele>16.0</ele></trkpt>
   <trkpt lon="6.929631" lat="43.593349"><ele>16.5</ele></trkpt>
   <trkpt lon="6.929628" lat="43.593346"><ele>16.5</ele></trkpt>
   <trkpt lon="6.929581" lat="43.593294"><ele>16.75</ele><sym>right</sym></trkpt>
   <trkpt lon="6.929468" lat="43.593346"><ele>17.5</ele></trkpt>
   <trkpt lon="6.929142" lat="43.593484"><ele>16.5</ele></trkpt>
   <trkpt lon="6.928674" lat="43.593662"><ele>16.25</ele></trkpt>
   <trkpt lon="6.928508" lat="43.593730"><ele>16.25</ele></trkpt>
   <trkpt lon="6.928468" lat="43.593748"><ele>16.0</ele></trkpt>
   <trkpt lon="6.928192" lat="43.593876"><ele>16.0</ele></trkpt>
   <trkpt lon="6.928141" lat="43.593900"><ele>16.0</ele></trkpt>
   <trkpt lon="6.928085" lat="43.593928"><ele>16.0</ele></trkpt>
   <trkpt lon="6.927688" lat="43.594119"><ele>15.25</ele></trkpt>
   <trkpt lon="6.927586" lat="43.594169"><ele>15.5</ele></trkpt>
   <trkpt lon="6.927309" lat="43.594305"><ele>16.0</ele></trkpt>
   <trkpt lon="6.927016" lat="43.594445"><ele>15.75</ele></trkpt>
   <trkpt lon="6.926845" lat="43.594528"><ele>16.25</ele></trkpt>
   <trkpt lon="6.926698" lat="43.594636"><ele>16.75</ele></trkpt>
   <trkpt lon="6.926642" lat="43.594675"><ele>17.0</ele><sym>roundabout_e1</sym></trkpt>
   <trkpt lon="6.926620" lat="43.594704"><ele>17.0</ele></trkpt>
   <trkpt lon="6.926571" lat="43.594996"><ele>17.25</ele></trkpt>
   <trkpt lon="6.926568" lat="43.595194"><ele>17.25</ele></trkpt>
   <trkpt lon="6.926557" lat="43.595333"><ele>17.25</ele></trkpt>
   <trkpt lon="6.926460" lat="43.595539"><ele>17.0</ele></trkpt>
   <trkpt lon="6.926438" lat="43.595571"><ele>17.0</ele></trkpt>
   <trkpt lon="6.926029" lat="43.596224"><ele>18.5</ele></trkpt>
   <trkpt lon="6.925656" lat="43.596723"><ele>19.0</ele></trkpt>
   <trkpt lon="6.925541" lat="43.596860"><ele>19.25</ele></trkpt>
   <trkpt lon="6.925175" lat="43.597217"><ele>19.25</ele></trkpt>
   <trkpt lon="6.925116" lat="43.597279"><ele>19.5</ele></trkpt>
   <trkpt lon="6.925098" lat="43.597296"><ele>19.5</ele></trkpt>
   <trkpt lon="6.925063" lat="43.597336"><ele>19.75</ele></trkpt>
   <trkpt lon="6.924956" lat="43.597489"><ele>20.0</ele></trkpt>
   <trkpt lon="6.924893" lat="43.597608"><ele>20.5</ele></trkpt>
   <trkpt lon="6.924693" lat="43.598112"><ele>22.0</ele></trkpt>
   <trkpt lon="6.924502" lat="43.598513"><ele>24.0</ele></trkpt>
   <trkpt lon="6.924488" lat="43.598546"><ele>24.25</ele></trkpt>
   <trkpt lon="6.924466" lat="43.598596"><ele>24.75</ele></trkpt>
   <trkpt lon="6.924215" lat="43.599184"><ele>29.25</ele></trkpt>
   <trkpt lon="6.924186" lat="43.599314"><ele>30.5</ele></trkpt>
   <trkpt lon="6.924142" lat="43.599622"><ele>33.0</ele></trkpt>
   <trkpt lon="6.924101" lat="43.599821"><ele>34.5</ele></trkpt>
   <trkpt lon="6.924026" lat="43.599987"><ele>35.25</ele></trkpt>
   <trkpt lon="6.923946" lat="43.600102"><ele>36.5</ele></trkpt>
   <trkpt lon="6.923835" lat="43.600228"><ele>37.25</ele></trkpt>
   <trkpt lon="6.923559" lat="43.600465"><ele>39.5</ele></trkpt>
   <trkpt lon="6.923164" lat="43.600768"><ele>44.0</ele></trkpt>
   <trkpt lon="6.923049" lat="43.600859"><ele>44.25</ele></trkpt>
   <trkpt lon="6.922932" lat="43.600946"><ele>46.0</ele></trkpt>
   <trkpt lon="6.922771" lat="43.601058"><ele>46.0</ele></trkpt>
   <trkpt lon="6.922435" lat="43.601360"><ele>46.5</ele></trkpt>
   <trkpt lon="6.922278" lat="43.601502"><ele>45.75</ele></trkpt>
   <trkpt lon="6.922152" lat="43.601612"><ele>44.5</ele></trkpt>
   <trkpt lon="6.921811" lat="43.601913"><ele>42.25</ele></trkpt>
   <trkpt lon="6.921626" lat="43.602089"><ele>41.5</ele></trkpt>
   <trkpt lon="6.921593" lat="43.602120"><ele>41.25</ele></trkpt>
   <trkpt lon="6.921573" lat="43.602140"><ele>41.25</ele></trkpt>
   <trkpt lon="6.921474" lat="43.602230"><ele>40.25</ele></trkpt>
   <trkpt lon="6.921100" lat="43.602597"><ele>39.0</ele></trkpt>
   <trkpt lon="6.920949" lat="43.602735"><ele>37.75</ele></trkpt>
   <trkpt lon="6.920825" lat="43.602823"><ele>37.0</ele></trkpt>
   <trkpt lon="6.920674" lat="43.602900"><ele>37.5</ele></trkpt>
   <trkpt lon="6.919950" lat="43.603176"><ele>35.75</ele></trkpt>
   <trkpt lon="6.919743" lat="43.603282"><ele>34.75</ele></trkpt>
   <trkpt lon="6.919635" lat="43.603341"><ele>34.25</ele></trkpt>
   <trkpt lon="6.919370" lat="43.603517"><ele>33.75</ele></trkpt>
   <trkpt lon="6.919122" lat="43.603675"><ele>32.75</ele></trkpt>
   <trkpt lon="6.918984" lat="43.603754"><ele>32.5</ele><sym>right_slight</sym></trkpt>
   <trkpt lon="6.918907" lat="43.603851"><ele>32.0</ele></trkpt>
   <trkpt lon="6.918878" lat="43.603903"><ele>31.75</ele><sym>roundabout_e2</sym></trkpt>
   <trkpt lon="6.918860" lat="43.603941"><ele>31.75</ele></trkpt>
   <trkpt lon="6.918819" lat="43.603978"><ele>31.5</ele></trkpt>
   <trkpt lon="6.918642" lat="43.604092"><ele>31.0</ele><sym>pass_place</sym><type>Shaping</type></trkpt>
   <trkpt lon="6.918642" lat="43.604093"><ele>31.0</ele></trkpt>
   <trkpt lon="6.918564" lat="43.604131"><ele>31.0</ele></trkpt>
   <trkpt lon="6.918496" lat="43.604161"><ele>30.75</ele></trkpt>
   <trkpt lon="6.918429" lat="43.604179"><ele>31.0</ele></trkpt>
   <trkpt lon="6.918352" lat="43.604201"><ele>31.25</ele></trkpt>
   <trkpt lon="6.918259" lat="43.604241"><ele>31.25</ele></trkpt>
   <trkpt lon="6.918166" lat="43.604293"><ele>31.25</ele><sym>left_slight</sym></trkpt>
   <trkpt lon="6.918037" lat="43.604311"><ele>30.75</ele><sym>left_slight</sym></trkpt>
   <trkpt lon="6.917917" lat="43.604293"><ele>30.0</ele></trkpt>
   <trkpt lon="6.917681" lat="43.604315"><ele>29.25</ele></trkpt>
   <trkpt lon="6.917461" lat="43.604313"><ele>28.5</ele></trkpt>
   <trkpt lon="6.917217" lat="43.604283"><ele>27.75</ele></trkpt>
   <trkpt lon="6.916965" lat="43.604237"><ele>26.75</ele></trkpt>
   <trkpt lon="6.916732" lat="43.604174"><ele>26.0</ele></trkpt>
   <trkpt lon="6.915872" lat="43.603820"><ele>23.5</ele></trkpt>
   <trkpt lon="6.915229" lat="43.603661"><ele>23.0</ele></trkpt>
   <trkpt lon="6.915088" lat="43.603608"><ele>23.0</ele></trkpt>
   <trkpt lon="6.914987" lat="43.603539"><ele>23.0</ele></trkpt>
   <trkpt lon="6.914848" lat="43.603380"><ele>23.0</ele></trkpt>
   <trkpt lon="6.914655" lat="43.603179"><ele>23.0</ele></trkpt>
   <trkpt lon="6.914449" lat="43.603040"><ele>23.0</ele></trkpt>
   <trkpt lon="6.914366" lat="43.602975"><ele>22.75</ele></trkpt>
   <trkpt lon="6.914282" lat="43.602910"><ele>22.5</ele></trkpt>
   <trkpt lon="6.913904" lat="43.602616"><ele>22.0</ele></trkpt>
   <trkpt lon="6.913740" lat="43.602530"><ele>22.0</ele></trkpt>
   <trkpt lon="6.913578" lat="43.602475"><ele>22.0</ele></trkpt>
   <trkpt lon="6.913360" lat="43.602431"><ele>22.0</ele></trkpt>
   <trkpt lon="6.913216" lat="43.602432"><ele>21.5</ele></trkpt>
   <trkpt lon="6.913098" lat="43.602482"><ele>21.0</ele></trkpt>
   <trkpt lon="6.912667" lat="43.602738"><ele>22.25</ele></trkpt>
   <trkpt lon="6.912593" lat="43.602751"><ele>22.0</ele></trkpt>
   <trkpt lon="6.912535" lat="43.602727"><ele>21.75</ele></trkpt>
   <trkpt lon="6.912000" lat="43.602160"><ele>21.75</ele></trkpt>
   <trkpt lon="6.911727" lat="43.601795"><ele>23.0</ele></trkpt>
   <trkpt lon="6.911611" lat="43.601716"><ele>24.0</ele><sym>right</sym></trkpt>
   <trkpt lon="6.911512" lat="43.601726"><ele>25.5</ele></trkpt>
   <trkpt lon="6.911356" lat="43.601841"><ele>26.5</ele></trkpt>
   <trkpt lon="6.911241" lat="43.602022"><ele>27.25</ele></trkpt>
   <trkpt lon="6.911196" lat="43.602052"><ele>27.75</ele></trkpt>
   <trkpt lon="6.910963" lat="43.602308"><ele>30.0</ele></trkpt>
   <trkpt lon="6.910898" lat="43.602462"><ele>31.25</ele></trkpt>
   <trkpt lon="6.910843" lat="43.602554"><ele>33.25</ele></trkpt>
   <trkpt lon="6.910687" lat="43.602637"><ele>37.5</ele></trkpt>
   <trkpt lon="6.910567" lat="43.602688"><ele>39.75</ele></trkpt>
   <trkpt lon="6.910386" lat="43.602696"><ele>41.0</ele><sym>right_slight</sym></trkpt>
   <trkpt lon="6.910303" lat="43.602743"><ele>40.5</ele></trkpt>
   <trkpt lon="6.910240" lat="43.602805"><ele>40.25</ele></trkpt>
   <trkpt lon="6.910198" lat="43.602876"><ele>40.5</ele></trkpt>
   <trkpt lon="6.910136" lat="43.603204"><ele>39.5</ele></trkpt>
   <trkpt lon="6.910094" lat="43.603287"><ele>39.75</ele></trkpt>
   <trkpt lon="6.910105" lat="43.603435"><ele>39.5</ele></trkpt>
   <trkpt lon="6.910366" lat="43.603617"><ele>39.0</ele></trkpt>
   <trkpt lon="6.910535" lat="43.603758"><ele>38.75</ele></trkpt>
   <trkpt lon="6.910563" lat="43.603799"><ele>38.75</ele><sym>left</sym></trkpt>
   <trkpt lon="6.910053" lat="43.604004"><ele>45.0</ele></trkpt>
   <trkpt lon="6.910011" lat="43.604060"><ele>45.5</ele><sym>left</sym></trkpt>
   <trkpt lon="6.909933" lat="43.604057"><ele>46.25</ele></trkpt>
   <trkpt lon="6.909582" lat="43.604055"><ele>49.0</ele><sym>left_slight</sym></trkpt>
   <trkpt lon="6.909409" lat="43.603978"><ele>49.0</ele><sym>left_slight</sym></trkpt>
   <trkpt lon="6.909200" lat="43.603665"><ele>47.75</ele></trkpt>
   <trkpt lon="6.909044" lat="43.603433"><ele>47.5</ele></trkpt>
   <trkpt lon="6.908773" lat="43.603011"><ele>51.25</ele></trkpt>
   <trkpt lon="6.908716" lat="43.602934"><ele>52.0</ele></trkpt>
   <trkpt lon="6.908645" lat="43.602849"><ele>53.0</ele><sym>left_slight</sym></trkpt>
   <trkpt lon="6.908691" lat="43.602765"><ele>53.75</ele></trkpt>
   <trkpt lon="6.908793" lat="43.602408"><ele>60.5</ele></trkpt>
   <trkpt lon="6.908831" lat="43.602256"><ele>63.5</ele></trkpt>
   <trkpt lon="6.908865" lat="43.602167"><ele>65.25</ele></trkpt>
   <trkpt lon="6.908948" lat="43.602047"><ele>67.75</ele></trkpt>
   <trkpt lon="6.909234" lat="43.601808"><ele>69.0</ele></trkpt>
   <trkpt lon="6.909480" lat="43.601556"><ele>72.0</ele></trkpt>
   <trkpt lon="6.909501" lat="43.601458"><ele>74.0</ele><sym>left_slight</sym></trkpt>
   <trkpt lon="6.909677" lat="43.601321"><ele>75.75</ele></trkpt>
   <trkpt lon="6.909897" lat="43.601197"><ele>76.5</ele><sym>right_slight</sym></trkpt>
   <trkpt lon="6.909919" lat="43.601094"><ele>78.25</ele><sym>left_slight</sym></trkpt>
   <trkpt lon="6.910012" lat="43.601086"><ele>78.5</ele></trkpt>
   <trkpt lon="6.910115" lat="43.601044"><ele>78.25</ele></trkpt>
   <trkpt lon="6.910223" lat="43.600961"><ele>79.0</ele></trkpt>
   <trkpt lon="6.910265" lat="43.600923"><ele>79.25</ele></trkpt>
   <trkpt lon="6.910429" lat="43.600809"><ele>78.75</ele></trkpt>
   <trkpt lon="6.910706" lat="43.600695"><ele>78.25</ele><sym>pass_place</sym><type>Shaping</type></trkpt>
   <trkpt lon="6.910709" lat="43.600695"><ele>78.25</ele></trkpt>
   <trkpt lon="6.910984" lat="43.600563"><ele>80.5</ele></trkpt>
   <trkpt lon="6.911013" lat="43.600542"><ele>81.0</ele><sym>right_sharp</sym></trkpt>
   <trkpt lon="6.910997" lat="43.600507"><ele>82.5</ele></trkpt>
   <trkpt lon="6.910943" lat="43.600495"><ele>83.5</ele></trkpt>
   <trkpt lon="6.910835" lat="43.600528"><ele>83.0</ele></trkpt>
   <trkpt lon="6.910543" lat="43.600593"><ele>83.75</ele><sym>u-turn_right</sym></trkpt>
   <trkpt lon="6.910543" lat="43.600590"><ele>84.75</ele><sym>pass_place</sym><type>Shaping</type></trkpt>
   <trkpt lon="6.910543" lat="43.600593"><ele>83.75</ele></trkpt>
   <trkpt lon="6.910835" lat="43.600528"><ele>83.0</ele></trkpt>
   <trkpt lon="6.910943" lat="43.600495"><ele>83.5</ele></trkpt>
   <trkpt lon="6.910997" lat="43.600507"><ele>82.5</ele></trkpt>
   <trkpt lon="6.911013" lat="43.600542"><ele>81.0</ele><sym>left</sym></trkpt>
   <trkpt lon="6.910984" lat="43.600563"><ele>80.5</ele></trkpt>
   <trkpt lon="6.910709" lat="43.600695"><ele>78.25</ele></trkpt>
   <trkpt lon="6.910429" lat="43.600809"><ele>78.75</ele></trkpt>
   <trkpt lon="6.910265" lat="43.600923"><ele>79.25</ele></trkpt>
   <trkpt lon="6.910223" lat="43.600961"><ele>79.0</ele></trkpt>
   <trkpt lon="6.910115" lat="43.601044"><ele>78.25</ele></trkpt>
   <trkpt lon="6.910012" lat="43.601086"><ele>78.5</ele></trkpt>
   <trkpt lon="6.909919" lat="43.601094"><ele>78.25</ele><sym>right_slight</sym></trkpt>
   <trkpt lon="6.909897" lat="43.601197"><ele>76.5</ele><sym>left_slight</sym></trkpt>
   <trkpt lon="6.909677" lat="43.601321"><ele>75.75</ele></trkpt>
   <trkpt lon="6.909501" lat="43.601458"><ele>74.0</ele><sym>right_slight</sym></trkpt>
   <trkpt lon="6.909480" lat="43.601556"><ele>72.0</ele></trkpt>
   <trkpt lon="6.909234" lat="43.601808"><ele>69.0</ele></trkpt>
   <trkpt lon="6.908948" lat="43.602047"><ele>67.75</ele></trkpt>
   <trkpt lon="6.908865" lat="43.602167"><ele>65.25</ele></trkpt>
   <trkpt lon="6.908831" lat="43.602256"><ele>63.5</ele></trkpt>
   <trkpt lon="6.908793" lat="43.602408"><ele>60.5</ele></trkpt>
   <trkpt lon="6.908691" lat="43.602765"><ele>53.75</ele></trkpt>
   <trkpt lon="6.908645" lat="43.602849"><ele>53.0</ele><sym>right_slight</sym></trkpt>
   <trkpt lon="6.908716" lat="43.602934"><ele>52.0</ele></trkpt>
   <trkpt lon="6.908773" lat="43.603011"><ele>51.25</ele></trkpt>
   <trkpt lon="6.909044" lat="43.603433"><ele>47.5</ele></trkpt>
   <trkpt lon="6.909200" lat="43.603665"><ele>47.75</ele></trkpt>
   <trkpt lon="6.909409" lat="43.603978"><ele>49.0</ele><sym>right_slight</sym></trkpt>
   <trkpt lon="6.909582" lat="43.604055"><ele>49.0</ele><sym>right_slight</sym></trkpt>
   <trkpt lon="6.909933" lat="43.604057"><ele>46.25</ele></trkpt>
   <trkpt lon="6.910011" lat="43.604060"><ele>45.5</ele></trkpt>
   <trkpt lon="6.911366" lat="43.604096"><ele>38.5</ele></trkpt>
   <trkpt lon="6.911939" lat="43.604116"><ele>35.5</ele></trkpt>
   <trkpt lon="6.912049" lat="43.604153"><ele>34.75</ele></trkpt>
   <trkpt lon="6.912121" lat="43.604227"><ele>34.25</ele></trkpt>
   <trkpt lon="6.912251" lat="43.604456"><ele>32.5</ele></trkpt>
   <trkpt lon="6.912351" lat="43.604636"><ele>32.5</ele></trkpt>
   <trkpt lon="6.912483" lat="43.604776"><ele>32.25</ele></trkpt>
   <trkpt lon="6.912801" lat="43.605046"><ele>30.5</ele></trkpt>
   <trkpt lon="6.912910" lat="43.605145"><ele>30.25</ele></trkpt>
   <trkpt lon="6.912980" lat="43.605238"><ele>29.75</ele></trkpt>
   <trkpt lon="6.913023" lat="43.605356"><ele>28.75</ele></trkpt>
   <trkpt lon="6.913036" lat="43.605474"><ele>28.5</ele></trkpt>
   <trkpt lon="6.912951" lat="43.606184"><ele>32.0</ele></trkpt>
   <trkpt lon="6.912969" lat="43.606692"><ele>30.0</ele></trkpt>
   <trkpt lon="6.913118" lat="43.607180"><ele>29.75</ele></trkpt>
   <trkpt lon="6.913255" lat="43.607486"><ele>30.0</ele></trkpt>
   <trkpt lon="6.913350" lat="43.607606"><ele>30.0</ele></trkpt>
   <trkpt lon="6.913470" lat="43.607699"><ele>30.25</ele></trkpt>
   <trkpt lon="6.913524" lat="43.607730"><ele>30.5</ele></trkpt>
   <trkpt lon="6.913582" lat="43.607763"><ele>30.75</ele></trkpt>
   <trkpt lon="6.913633" lat="43.607780"><ele>30.75</ele></trkpt>
   <trkpt lon="6.913701" lat="43.607802"><ele>30.25</ele></trkpt>
   <trkpt lon="6.913725" lat="43.607810"><ele>30.25</ele></trkpt>
   <trkpt lon="6.913877" lat="43.607868"><ele>29.5</ele></trkpt>
   <trkpt lon="6.914047" lat="43.607927"><ele>29.5</ele></trkpt>
   <trkpt lon="6.914441" lat="43.608065"><ele>31.75</ele></trkpt>
   <trkpt lon="6.914484" lat="43.608077"><ele>31.75</ele></trkpt>
   <trkpt lon="6.914625" lat="43.608107"><ele>31.5</ele><sym>right_slight</sym></trkpt>
   <trkpt lon="6.914826" lat="43.608083"><ele>32.5</ele></trkpt>
   <trkpt lon="6.914919" lat="43.608066"><ele>33.25</ele><sym>roundabout_e2</sym></trkpt>
   <trkpt lon="6.914970" lat="43.608049"><ele>33.5</ele></trkpt>
   <trkpt lon="6.915011" lat="43.608047"><ele>33.75</ele></trkpt>
   <trkpt lon="6.915051" lat="43.608055"><ele>34.0</ele></trkpt>
   <trkpt lon="6.915085" lat="43.608071"><ele>34.25</ele></trkpt>
   <trkpt lon="6.915112" lat="43.608094"><ele>34.5</ele></trkpt>
   <trkpt lon="6.915127" lat="43.608122"><ele>34.5</ele></trkpt>
   <trkpt lon="6.915129" lat="43.608151"><ele>34.75</ele></trkpt>
   <trkpt lon="6.915119" lat="43.608179"><ele>34.75</ele></trkpt>
   <trkpt lon="6.915097" lat="43.608204"><ele>34.75</ele></trkpt>
   <trkpt lon="6.915066" lat="43.608223"><ele>34.75</ele></trkpt>
   <trkpt lon="6.915060" lat="43.608324"><ele>35.0</ele></trkpt>
   <trkpt lon="6.915099" lat="43.608458"><ele>34.5</ele></trkpt>
   <trkpt lon="6.915202" lat="43.608583"><ele>35.5</ele></trkpt>
   <trkpt lon="6.915514" lat="43.608998"><ele>37.5</ele></trkpt>
   <trkpt lon="6.915592" lat="43.609129"><ele>38.75</ele></trkpt>
   <trkpt lon="6.915714" lat="43.609378"><ele>40.75</ele></trkpt>
   <trkpt lon="6.915734" lat="43.609423"><ele>41.0</ele></trkpt>
   <trkpt lon="6.915885" lat="43.609759"><ele>43.0</ele></trkpt>
   <trkpt lon="6.916005" lat="43.610001"><ele>44.5</ele></trkpt>
   <trkpt lon="6.916101" lat="43.610264"><ele>45.75</ele></trkpt>
   <trkpt lon="6.916158" lat="43.610425"><ele>47.0</ele></trkpt>
   <trkpt lon="6.916231" lat="43.610522"><ele>48.0</ele></trkpt>
   <trkpt lon="6.916270" lat="43.610570"><ele>48.5</ele><sym>roundabout_e1</sym></trkpt>
   <trkpt lon="6.916297" lat="43.610591"><ele>49.0</ele></trkpt>
   <trkpt lon="6.916499" lat="43.610587"><ele>49.5</ele><sym>u-turn_right</sym></trkpt>
   <trkpt lon="6.916498" lat="43.610587"><ele>49.5</ele><sym>pass_place</sym><type>Shaping</type></trkpt>
   <trkpt lon="6.916499" lat="43.610587"><ele>49.5</ele></trkpt>
   <trkpt lon="6.917453" lat="43.610390"><ele>53.5</ele></trkpt>
   <trkpt lon="6.917591" lat="43.610386"><ele>54.0</ele></trkpt>
   <trkpt lon="6.917717" lat="43.610400"><ele>54.5</ele></trkpt>
   <trkpt lon="6.917817" lat="43.610422"><ele>54.5</ele></trkpt>
   <trkpt lon="6.917952" lat="43.610471"><ele>54.5</ele></trkpt>
   <trkpt lon="6.918084" lat="43.610536"><ele>55.0</ele></trkpt>
   <trkpt lon="6.918518" lat="43.610779"><ele>57.5</ele></trkpt>
   <trkpt lon="6.918627" lat="43.610859"><ele>57.25</ele></trkpt>
   <trkpt lon="6.918784" lat="43.611020"><ele>57.75</ele></trkpt>
   <trkpt lon="6.919000" lat="43.611253"><ele>58.25</ele></trkpt>
   <trkpt lon="6.919049" lat="43.611325"><ele>59.0</ele></trkpt>
   <trkpt lon="6.919138" lat="43.611518"><ele>60.0</ele></trkpt>
   <trkpt lon="6.919465" lat="43.612318"><ele>64.5</ele></trkpt>
   <trkpt lon="6.919548" lat="43.612521"><ele>66.5</ele></trkpt>
   <trkpt lon="6.919607" lat="43.612673"><ele>67.25</ele></trkpt>
   <trkpt lon="6.919697" lat="43.613043"><ele>67.5</ele></trkpt>
   <trkpt lon="6.919739" lat="43.613204"><ele>67.75</ele></trkpt>
   <trkpt lon="6.919786" lat="43.613337"><ele>67.75</ele></trkpt>
   <trkpt lon="6.919837" lat="43.613457"><ele>68.75</ele></trkpt>
   <trkpt lon="6.919893" lat="43.613550"><ele>69.25</ele></trkpt>
   <trkpt lon="6.919981" lat="43.613669"><ele>69.25</ele></trkpt>
   <trkpt lon="6.920090" lat="43.613774"><ele>68.75</ele></trkpt>
   <trkpt lon="6.920225" lat="43.613888"><ele>68.75</ele></trkpt>
   <trkpt lon="6.920358" lat="43.613973"><ele>69.75</ele></trkpt>
   <trkpt lon="6.920530" lat="43.614057"><ele>69.75</ele></trkpt>
   <trkpt lon="6.920691" lat="43.614154"><ele>70.5</ele></trkpt>
   <trkpt lon="6.920869" lat="43.614286"><ele>71.5</ele></trkpt>
   <trkpt lon="6.921025" lat="43.614431"><ele>72.75</ele></trkpt>
   <trkpt lon="6.921106" lat="43.614524"><ele>71.5</ele></trkpt>
   <trkpt lon="6.921148" lat="43.614606"><ele>71.25</ele></trkpt>
   <trkpt lon="6.921155" lat="43.614681"><ele>71.5</ele></trkpt>
   <trkpt lon="6.921133" lat="43.614962"><ele>71.75</ele></trkpt>
   <trkpt lon="6.921089" lat="43.615564"><ele>75.75</ele></trkpt>
   <trkpt lon="6.921084" lat="43.615667"><ele>76.75</ele></trkpt>
   <trkpt lon="6.921113" lat="43.615802"><ele>76.75</ele></trkpt>
   <trkpt lon="6.921386" lat="43.616512"><ele>77.75</ele></trkpt>
   <trkpt lon="6.921586" lat="43.617113"><ele>81.75</ele></trkpt>
   <trkpt lon="6.921632" lat="43.617321"><ele>81.5</ele></trkpt>
   <trkpt lon="6.921677" lat="43.617681"><ele>81.0</ele></trkpt>
   <trkpt lon="6.921968" lat="43.618804"><ele>86.75</ele></trkpt>
   <trkpt lon="6.922016" lat="43.618937"><ele>87.0</ele></trkpt>
   <trkpt lon="6.922091" lat="43.619060"><ele>87.5</ele></trkpt>
   <trkpt lon="6.922211" lat="43.619152"><ele>87.75</ele></trkpt>
   <trkpt lon="6.922398" lat="43.619254"><ele>89.25</ele></trkpt>
   <trkpt lon="6.922560" lat="43.619296"><ele>90.5</ele></trkpt>
   <trkpt lon="6.922767" lat="43.619323"><ele>91.5</ele></trkpt>
   <trkpt lon="6.923077" lat="43.619343"><ele>91.5</ele></trkpt>
   <trkpt lon="6.924666" lat="43.619477"><ele>93.25</ele></trkpt>
   <trkpt lon="6.924941" lat="43.619516"><ele>95.25</ele></trkpt>
   <trkpt lon="6.925056" lat="43.619573"><ele>97.0</ele></trkpt>
   <trkpt lon="6.925154" lat="43.619645"><ele>98.25</ele></trkpt>
   <trkpt lon="6.925216" lat="43.619754"><ele>99.5</ele></trkpt>
   <trkpt lon="6.925222" lat="43.619880"><ele>100.0</ele></trkpt>
   <trkpt lon="6.925157" lat="43.620194"><ele>102.0</ele></trkpt>
   <trkpt lon="6.925175" lat="43.620307"><ele>101.75</ele></trkpt>
   <trkpt lon="6.925239" lat="43.620453"><ele>102.25</ele></trkpt>
   <trkpt lon="6.925709" lat="43.620977"><ele>103.0</ele></trkpt>
   <trkpt lon="6.925737" lat="43.621080"><ele>103.25</ele></trkpt>
   <trkpt lon="6.925741" lat="43.621182"><ele>103.5</ele></trkpt>
   <trkpt lon="6.925710" lat="43.621290"><ele>104.0</ele></trkpt>
   <trkpt lon="6.925633" lat="43.621392"><ele>104.0</ele></trkpt>
   <trkpt lon="6.925293" lat="43.621747"><ele>105.0</ele></trkpt>
   <trkpt lon="6.925186" lat="43.621892"><ele>106.75</ele><sym>right_slight</sym></trkpt>
   <trkpt lon="6.925121" lat="43.622268"><ele>105.5</ele></trkpt>
   <trkpt lon="6.925249" lat="43.622503"><ele>104.0</ele></trkpt>
   <trkpt lon="6.925369" lat="43.622637"><ele>103.75</ele></trkpt>
   <trkpt lon="6.925478" lat="43.622768"><ele>104.75</ele><sym>pass_place</sym><type>Shaping</type></trkpt>
   <trkpt lon="6.926061" lat="43.623072"><ele>107.0</ele></trkpt>
   <trkpt lon="6.927286" lat="43.623429"><ele>107.25</ele></trkpt>
   <trkpt lon="6.927418" lat="43.623490"><ele>107.25</ele></trkpt>
   <trkpt lon="6.927535" lat="43.623576"><ele>107.75</ele></trkpt>
   <trkpt lon="6.927598" lat="43.623660"><ele>108.5</ele></trkpt>
   <trkpt lon="6.927631" lat="43.623769"><ele>108.25</ele></trkpt>
   <trkpt lon="6.927599" lat="43.623908"><ele>109.5</ele></trkpt>
   <trkpt lon="6.927456" lat="43.624241"><ele>112.25</ele></trkpt>
   <trkpt lon="6.927431" lat="43.624378"><ele>112.5</ele></trkpt>
   <trkpt lon="6.927421" lat="43.624704"><ele>112.0</ele></trkpt>
   <trkpt lon="6.927448" lat="43.625371"><ele>112.5</ele><sym>left_slight</sym></trkpt>
   <trkpt lon="6.927372" lat="43.625392"><ele>113.25</ele></trkpt>
   <trkpt lon="6.927316" lat="43.625431"><ele>113.5</ele></trkpt>
   <trkpt lon="6.927284" lat="43.625491"><ele>113.25</ele></trkpt>
   <trkpt lon="6.927289" lat="43.625613"><ele>113.0</ele></trkpt>
   <trkpt lon="6.927318" lat="43.626741"><ele>118.25</ele></trkpt>
   <trkpt lon="6.927339" lat="43.626937"><ele>119.0</ele></trkpt>
   <trkpt lon="6.927370" lat="43.627142"><ele>120.25</ele></trkpt>
   <trkpt lon="6.927613" lat="43.627790"><ele>121.5</ele></trkpt>
   <trkpt lon="6.927671" lat="43.628452"><ele>126.75</ele></trkpt>
   <trkpt lon="6.927668" lat="43.628703"><ele>127.75</ele></trkpt>
   <trkpt lon="6.927598" lat="43.628857"><ele>128.25</ele></trkpt>
   <trkpt lon="6.927376" lat="43.629063"><ele>130.0</ele></trkpt>
   <trkpt lon="6.927244" lat="43.629127"><ele>130.75</ele></trkpt>
   <trkpt lon="6.927041" lat="43.629189"><ele>131.25</ele></trkpt>
   <trkpt lon="6.926423" lat="43.629214"><ele>133.0</ele></trkpt>
   <trkpt lon="6.925952" lat="43.629258"><ele>135.0</ele></trkpt>
   <trkpt lon="6.925624" lat="43.629347"><ele>136.75</ele></trkpt>
   <trkpt lon="6.925391" lat="43.629371"><ele>137.5</ele><sym>right_slight</sym></trkpt>
   <trkpt lon="6.925260" lat="43.629552"><ele>136.5</ele></trkpt>
   <trkpt lon="6.925222" lat="43.629623"><ele>136.25</ele></trkpt>
   <trkpt lon="6.925234" lat="43.629749"><ele>136.5</ele></trkpt>
   <trkpt lon="6.925479" lat="43.630166"><ele>140.75</ele></trkpt>
   <trkpt lon="6.925743" lat="43.630565"><ele>142.5</ele></trkpt>
   <trkpt lon="6.925792" lat="43.631327"><ele>141.75</ele></trkpt>
   <trkpt lon="6.925750" lat="43.631979"><ele>136.5</ele></trkpt>
   <trkpt lon="6.925743" lat="43.632080"><ele>136.75</ele></trkpt>
   <trkpt lon="6.925746" lat="43.632716"><ele>138.25</ele></trkpt>
   <trkpt lon="6.925747" lat="43.633058"><ele>136.5</ele></trkpt>
   <trkpt lon="6.925729" lat="43.633261"><ele>135.25</ele></trkpt>
   <trkpt lon="6.925666" lat="43.633406"><ele>135.5</ele></trkpt>
   <trkpt lon="6.925583" lat="43.633553"><ele>136.0</ele></trkpt>
   <trkpt lon="6.925185" lat="43.634140"><ele>136.25</ele></trkpt>
   <trkpt lon="6.925008" lat="43.634421"><ele>137.75</ele></trkpt>
   <trkpt lon="6.924869" lat="43.634647"><ele>140.25</ele></trkpt>
   <trkpt lon="6.924835" lat="43.634781"><ele>142.0</ele></trkpt>
   <trkpt lon="6.924824" lat="43.634903"><ele>144.25</ele></trkpt>
   <trkpt lon="6.924922" lat="43.635121"><ele>147.25</ele></trkpt>
   <trkpt lon="6.925077" lat="43.635281"><ele>148.75</ele></trkpt>
   <trkpt lon="6.925117" lat="43.635421"><ele>150.0</ele></trkpt>
   <trkpt lon="6.925025" lat="43.636046"><ele>155.5</ele></trkpt>
   <trkpt lon="6.924961" lat="43.636165"><ele>156.0</ele></trkpt>
   <trkpt lon="6.924847" lat="43.636296"><ele>156.75</ele></trkpt>
   <trkpt lon="6.924342" lat="43.636875"><ele>157.25</ele></trkpt>
   <trkpt lon="6.924338" lat="43.636879"><ele>158.25</ele><sym>pass_place</sym><type>Shaping</type></trkpt>
   <trkpt lon="6.924175" lat="43.637066"><ele>158.25</ele></trkpt>
   <trkpt lon="6.924123" lat="43.637144"><ele>158.5</ele></trkpt>
   <trkpt lon="6.924107" lat="43.637168"><ele>158.5</ele><sym>right</sym></trkpt>
   <trkpt lon="6.924119" lat="43.637222"><ele>158.25</ele></trkpt>
   <trkpt lon="6.924162" lat="43.637261"><ele>157.75</ele><sym>right_slight</sym></trkpt>
   <trkpt lon="6.924313" lat="43.637281"><ele>156.0</ele></trkpt>
   <trkpt lon="6.924943" lat="43.637406"><ele>150.5</ele></trkpt>
   <trkpt lon="6.924966" lat="43.637420"><ele>150.25</ele><sym>right_slight</sym></trkpt>
   <trkpt lon="6.924982" lat="43.637422"><ele>150.25</ele></trkpt>
   <trkpt lon="6.925110" lat="43.637435"><ele>149.5</ele></trkpt>
   <trkpt lon="6.925529" lat="43.637450"><ele>148.75</ele></trkpt>
   <trkpt lon="6.925702" lat="43.637434"><ele>149.25</ele></trkpt>
   <trkpt lon="6.926247" lat="43.637284"><ele>150.75</ele></trkpt>
   <trkpt lon="6.926604" lat="43.637197"><ele>151.5</ele></trkpt>
   <trkpt lon="6.926824" lat="43.637153"><ele>150.75</ele><sym>left_sharp</sym></trkpt>
   <trkpt lon="6.926624" lat="43.638052"><ele>153.25</ele></trkpt>
   <trkpt lon="6.926592" lat="43.638149"><ele>153.5</ele></trkpt>
   <trkpt lon="6.926528" lat="43.638258"><ele>154.0</ele></trkpt>
   <trkpt lon="6.926461" lat="43.638395"><ele>154.75</ele></trkpt>
   <trkpt lon="6.926471" lat="43.638487"><ele>154.25</ele></trkpt>
   <trkpt lon="6.926509" lat="43.638569"><ele>153.75</ele></trkpt>
   <trkpt lon="6.926561" lat="43.638635"><ele>153.0</ele></trkpt>
   <trkpt lon="6.927249" lat="43.638992"><ele>145.75</ele></trkpt>
   <trkpt lon="6.927831" lat="43.639270"><ele>143.0</ele></trkpt>
   <trkpt lon="6.927861" lat="43.639317"><ele>143.0</ele><sym>left_slight</sym></trkpt>
   <trkpt lon="6.927862" lat="43.639371"><ele>143.0</ele></trkpt>
   <trkpt lon="6.927772" lat="43.639640"><ele>143.25</ele></trkpt>
   <trkpt lon="6.927765" lat="43.639734"><ele>143.0</ele></trkpt>
   <trkpt lon="6.927777" lat="43.639825"><ele>143.25</ele></trkpt>
   <trkpt lon="6.927800" lat="43.639927"><ele>143.5</ele></trkpt>
   <trkpt lon="6.927803" lat="43.639996"><ele>143.75</ele></trkpt>
   <trkpt lon="6.927685" lat="43.640362"><ele>145.5</ele></trkpt>
   <trkpt lon="6.927554" lat="43.640703"><ele>147.0</ele></trkpt>
   <trkpt lon="6.927501" lat="43.640841"><ele>148.0</ele></trkpt>
   <trkpt lon="6.927442" lat="43.641047"><ele>148.75</ele></trkpt>
   <trkpt lon="6.927421" lat="43.641198"><ele>149.5</ele></trkpt>
   <trkpt lon="6.927414" lat="43.641265"><ele>150.0</ele></trkpt>
   <trkpt lon="6.927438" lat="43.641365"><ele>150.25</ele></trkpt>
   <trkpt lon="6.927522" lat="43.641524"><ele>151.0</ele></trkpt>
   <trkpt lon="6.927518" lat="43.641597"><ele>151.5</ele></trkpt>
   <trkpt lon="6.927446" lat="43.641719"><ele>152.5</ele></trkpt>
   <trkpt lon="6.927433" lat="43.641799"><ele>153.5</ele></trkpt>
   <trkpt lon="6.927435" lat="43.641883"><ele>154.25</ele></trkpt>
   <trkpt lon="6.927436" lat="43.641928"><ele>154.75</ele></trkpt>
   <trkpt lon="6.927496" lat="43.642087"><ele>155.5</ele></trkpt>
   <trkpt lon="6.927527" lat="43.642246"><ele>156.25</ele></trkpt>
   <trkpt lon="6.927544" lat="43.642281"><ele>156.75</ele></trkpt>
   <trkpt lon="6.927579" lat="43.642301"><ele>157.0</ele></trkpt>
   <trkpt lon="6.927896" lat="43.642316"><ele>157.75</ele></trkpt>
   <trkpt lon="6.928137" lat="43.642359"><ele>159.25</ele></trkpt>
   <trkpt lon="6.928263" lat="43.642401"><ele>160.0</ele></trkpt>
   <trkpt lon="6.928355" lat="43.642432"><ele>160.5</ele></trkpt>
   <trkpt lon="6.928701" lat="43.642610"><ele>164.0</ele></trkpt>
   <trkpt lon="6.929003" lat="43.642822"><ele>167.5</ele></trkpt>
   <trkpt lon="6.929076" lat="43.642900"><ele>168.75</ele></trkpt>
   <trkpt lon="6.929163" lat="43.642973"><ele>169.75</ele></trkpt>
   <trkpt lon="6.929587" lat="43.643147"><ele>172.5</ele></trkpt>
   <trkpt lon="6.929723" lat="43.643228"><ele>175.0</ele></trkpt>
   <trkpt lon="6.929820" lat="43.643303"><ele>175.75</ele></trkpt>
   <trkpt lon="6.929894" lat="43.643348"><ele>175.75</ele></trkpt>
   <trkpt lon="6.929970" lat="43.643382"><ele>176.0</ele></trkpt>
   <trkpt lon="6.930322" lat="43.643466"><ele>176.0</ele></trkpt>
   <trkpt lon="6.930394" lat="43.643475"><ele>175.75</ele><sym>left_slight</sym></trkpt>
   <trkpt lon="6.930436" lat="43.643527"><ele>176.5</ele></trkpt>
   <trkpt lon="6.930517" lat="43.643601"><ele>177.0</ele></trkpt>
   <trkpt lon="6.930535" lat="43.643658"><ele>177.25</ele></trkpt>
   <trkpt lon="6.930539" lat="43.643735"><ele>177.75</ele></trkpt>
   <trkpt lon="6.930512" lat="43.643785"><ele>178.25</ele><sym>right_slight</sym></trkpt>
   <trkpt lon="6.930567" lat="43.643829"><ele>178.25</ele></trkpt>
   <trkpt lon="6.931043" lat="43.644419"><ele>175.75</ele></trkpt>
   <trkpt lon="6.931220" lat="43.644638"><ele>176.25</ele></trkpt>
   <trkpt lon="6.931252" lat="43.644675"><ele>176.25</ele></trkpt>
   <trkpt lon="6.931442" lat="43.644901"><ele>176.5</ele></trkpt>
   <trkpt lon="6.931821" lat="43.645418"><ele>179.25</ele></trkpt>
   <trkpt lon="6.931870" lat="43.645471"><ele>180.0</ele></trkpt>
   <trkpt lon="6.932167" lat="43.645749"><ele>183.5</ele></trkpt>
   <trkpt lon="6.932540" lat="43.646271"><ele>188.75</ele></trkpt>
   <trkpt lon="6.932598" lat="43.646328"><ele>188.75</ele></trkpt>
   <trkpt lon="6.932749" lat="43.646480"><ele>188.25</ele></trkpt>
   <trkpt lon="6.932886" lat="43.646595"><ele>188.75</ele></trkpt>
   <trkpt lon="6.933420" lat="43.646933"><ele>191.75</ele></trkpt>
   <trkpt lon="6.933589" lat="43.646984"><ele>192.5</ele></trkpt>
   <trkpt lon="6.933948" lat="43.647023"><ele>193.5</ele></trkpt>
   <trkpt lon="6.934072" lat="43.647035"><ele>193.25</ele></trkpt>
   <trkpt lon="6.934871" lat="43.647157"><ele>192.5</ele></trkpt>
   <trkpt lon="6.934962" lat="43.647162"><ele>192.25</ele></trkpt>
   <trkpt lon="6.935056" lat="43.647135"><ele>192.25</ele></trkpt>
   <trkpt lon="6.935458" lat="43.646900"><ele>192.25</ele></trkpt>
   <trkpt lon="6.935599" lat="43.646813"><ele>193.0</ele></trkpt>
   <trkpt lon="6.935949" lat="43.646564"><ele>194.5</ele></trkpt>
   <trkpt lon="6.936012" lat="43.646543"><ele>194.75</ele></trkpt>
   <trkpt lon="6.936089" lat="43.646540"><ele>195.5</ele></trkpt>
   <trkpt lon="6.936162" lat="43.646548"><ele>196.0</ele></trkpt>
   <trkpt lon="6.936224" lat="43.646569"><ele>196.75</ele></trkpt>
   <trkpt lon="6.936301" lat="43.646614"><ele>198.0</ele><sym>left_slight</sym></trkpt>
   <trkpt lon="6.936323" lat="43.646652"><ele>199.0</ele></trkpt>
   <trkpt lon="6.936345" lat="43.646813"><ele>200.5</ele></trkpt>
   <trkpt lon="6.936334" lat="43.646885"><ele>201.0</ele></trkpt>
   <trkpt lon="6.936254" lat="43.647169"><ele>202.25</ele></trkpt>
   <trkpt lon="6.936290" lat="43.647403"><ele>204.25</ele></trkpt>
   <trkpt lon="6.936350" lat="43.647444"><ele>205.75</ele><sym>left_slight</sym></trkpt>
   <trkpt lon="6.936315" lat="43.647729"><ele>206.75</ele><sym>right</sym></trkpt>
   <trkpt lon="6.936504" lat="43.647747"><ele>208.5</ele></trkpt>
   <trkpt lon="6.936760" lat="43.647794"><ele>210.0</ele></trkpt>
   <trkpt lon="6.936983" lat="43.647862"><ele>210.0</ele><sym>stay_right</sym></trkpt>
   <trkpt lon="6.937201" lat="43.647926"><ele>209.25</ele><sym>pass_place</sym><type>Via</type></trkpt>
  </trkseg>
 </trk>
</gpx>
