<?xml version="1.0" encoding="UTF-8"?>
<!-- track-length = 47651 filtered ascend = 915 plain-ascend = 0 cost=96892 energy=.3kwh time=3h 27m 41s -->
<gpx 
 xmlns="http://www.topografix.com/GPX/1/1" 
 xmlns:xsi="http://www.w3.org/2001/XMLSchema-instance" 
 xsi:schemaLocation="http://www.topografix.com/GPX/1/1 http://www.topografix.com/GPX/1/1/gpx.xsd" 
 creator="BRouter-1.7.10" version="1.1"><wpt lat="43.65812" lon="6.92453"><name>Fontaine de la Cour d&#x27;Honneur de l&#x27;Hotel de Ville</name><sym>Drinking Water</sym></wpt><wpt lat="43.65813" lon="6.92322"><name>Le Croissant Rose</name><sym>Restaurant</sym></wpt><wpt lat="43.65855" lon="6.92326"><name>Fontaine de la Place des Sœurs</name><sym>Drinking Water</sym></wpt><wpt lat="43.65783" lon="6.92255"><name>Fontaine des Dominicains</name><sym>Drinking Water</sym></wpt><wpt lat="43.65717" lon="6.92183"><name>Drinking water</name><sym>Drinking Water</sym></wpt><wpt lat="43.65646" lon="6.87383"><name>Cabris - torvet</name><sym>Restaurant</sym></wpt><wpt lat="43.65773" lon="6.92214"><name>Café des Musées</name><sym>Restaurant</sym></wpt><wpt lat="43.65018" lon="6.79133"><name>Drinking water</name><sym>Drinking Water</sym></wpt><wpt lat="43.65004" lon="6.79184"><name>Drinking water</name><sym>Drinking Water</sym></wpt><wpt lat="43.64982" lon="6.79185"><name>Drinking water</name><sym>Drinking Water</sym></wpt><wpt lat="43.64408" lon="6.89864"><name>Drinking water</name><sym>Drinking Water</sym></wpt><wpt lat="43.65829" lon="6.92317"><name>Salon de Thé</name><sym>Restaurant</sym></wpt><wpt lat="43.65775" lon="6.9212"><name>Maison Saluzzo</name><sym>Restaurant</sym></wpt><wpt lat="43.64532" lon="6.89107"><name>Bike shop</name><sym>Bike Trail</sym></wpt><wpt lat="43.65642" lon="6.92036"><name>Bike shop</name><sym>Bike Trail</sym></wpt>
 <trk>
  <src>brouter_fastbike-lowtraffic_0</src>
  <type>bike</type>
  <trkseg>
   <trkpt lon="6.937201" lat="43.647926"><ele>209.25</ele><sym>pass_place</sym><type>Via</type></trkpt>
   <trkpt lon="6.936983" lat="43.647862"><ele>210.0</ele></trkpt>
   <trkpt lon="6.936760" lat="43.647794"><ele>210.0</ele></trkpt>
   <trkpt lon="6.936504" lat="43.647747"><ele>208.5</ele></trkpt>
   <trkpt lon="6.936315" lat="43.647729"><ele>206.75</ele><sym>right</sym></trkpt>
   <trkpt lon="6.936291" lat="43.647836"><ele>207.75</ele></trkpt>
   <trkpt lon="6.936230" lat="43.648077"><ele>210.5</ele></trkpt>
   <trkpt lon="6.936197" lat="43.648150"><ele>210.75</ele></trkpt>
   <trkpt lon="6.936115" lat="43.648289"><ele>211.5</ele></trkpt>
   <trkpt lon="6.936043" lat="43.648369"><ele>212.0</ele></trkpt>
   <trkpt lon="6.935928" lat="43.648441"><ele>212.25</ele></trkpt>
   <trkpt lon="6.935824" lat="43.648487"><ele>212.75</ele></trkpt>
   <trkpt lon="6.935712" lat="43.648522"><ele>213.25</ele></trkpt>
   <trkpt lon="6.935587" lat="43.648540"><ele>213.25</ele></trkpt>
   <trkpt lon="6.935116" lat="43.648634"><ele>214.25</ele></trkpt>
   <trkpt lon="6.933140" lat="43.649015"><ele>221.5</ele></trkpt>
   <trkpt lon="6.932815" lat="43.649073"><ele>225.0</ele></trkpt>
   <trkpt lon="6.932407" lat="43.649137"><ele>227.0</ele></trkpt>
   <trkpt lon="6.932277" lat="43.649145"><ele>227.5</ele></trkpt>
   <trkpt lon="6.932068" lat="43.649143"><ele>228.25</ele></trkpt>
   <trkpt lon="6.931891" lat="43.649121"><ele>228.75</ele></trkpt>
   <trkpt lon="6.931796" lat="43.649094"><ele>228.75</ele></trkpt>
   <trkpt lon="6.931664" lat="43.649033"><ele>228.5</ele></trkpt>
   <trkpt lon="6.931615" lat="43.649008"><ele>228.75</ele></trkpt>
   <trkpt lon="6.931561" lat="43.648978"><ele>229.0</ele></trkpt>
   <trkpt lon="6.931232" lat="43.648755"><ele>231.0</ele></trkpt>
   <trkpt lon="6.931143" lat="43.648711"><ele>231.75</ele></trkpt>
   <trkpt lon="6.931036" lat="43.648670"><ele>232.75</ele></trkpt>
   <trkpt lon="6.930894" lat="43.648637"><ele>233.5</ele></trkpt>
   <trkpt lon="6.930661" lat="43.648611"><ele>233.75</ele></trkpt>
   <trkpt lon="6.930216" lat="43.648612"><ele>235.25</ele></trkpt>
   <trkpt lon="6.929988" lat="43.648607"><ele>236.75</ele></trkpt>
   <trkpt lon="6.929764" lat="43.648589"><ele>237.25</ele></trkpt>
   <trkpt lon="6.929589" lat="43.648551"><ele>238.0</ele></trkpt>
   <trkpt lon="6.929426" lat="43.648499"><ele>238.75</ele></trkpt>
   <trkpt lon="6.929329" lat="43.648457"><ele>239.25</ele></trkpt>
   <trkpt lon="6.929212" lat="43.648389"><ele>240.25</ele></trkpt>
   <trkpt lon="6.929132" lat="43.648336"><ele>241.5</ele></trkpt>
   <trkpt lon="6.928789" lat="43.648107"><ele>242.75</ele></trkpt>
   <trkpt lon="6.928751" lat="43.648084"><ele>242.75</ele></trkpt>
   <trkpt lon="6.928713" lat="43.648058"><ele>242.75</ele></trkpt>
   <trkpt lon="6.928466" lat="43.647903"><ele>244.0</ele></trkpt>
   <trkpt lon="6.928398" lat="43.647868"><ele>244.75</ele></trkpt>
   <trkpt lon="6.928268" lat="43.647818"><ele>245.75</ele></trkpt>
   <trkpt lon="6.928146" lat="43.647789"><ele>246.25</ele></trkpt>
   <trkpt lon="6.928040" lat="43.647776"><ele>247.0</ele></trkpt>
   <trkpt lon="6.927934" lat="43.647775"><ele>247.25</ele></trkpt>
   <trkpt lon="6.927818" lat="43.647789"><ele>247.75</ele></trkpt>
   <trkpt lon="6.927702" lat="43.647813"><ele>248.25</ele></trkpt>
   <trkpt lon="6.927595" lat="43.647848"><ele>248.75</ele></trkpt>
   <trkpt lon="6.927539" lat="43.647869"><ele>249.0</ele></trkpt>
   <trkpt lon="6.927347" lat="43.647972"><ele>249.75</ele></trkpt>
   <trkpt lon="6.927331" lat="43.647981"><ele>250.0</ele></trkpt>
   <trkpt lon="6.927296" lat="43.648002"><ele>250.25</ele></trkpt>
   <trkpt lon="6.927220" lat="43.648046"><ele>250.75</ele></trkpt>
   <trkpt lon="6.927206" lat="43.648055"><ele>250.75</ele></trkpt>
   <trkpt lon="6.926805" lat="43.648288"><ele>252.25</ele></trkpt>
   <trkpt lon="6.926704" lat="43.648339"><ele>253.0</ele></trkpt>
   <trkpt lon="6.926640" lat="43.648368"><ele>253.5</ele></trkpt>
   <trkpt lon="6.926517" lat="43.648422"><ele>254.5</ele></trkpt>
   <trkpt lon="6.926404" lat="43.648463"><ele>255.75</ele></trkpt>
   <trkpt lon="6.926294" lat="43.648495"><ele>256.0</ele></trkpt>
   <trkpt lon="6.926129" lat="43.648533"><ele>256.0</ele></trkpt>
   <trkpt lon="6.926035" lat="43.648556"><ele>256.25</ele></trkpt>
   <trkpt lon="6.925891" lat="43.648589"><ele>256.5</ele></trkpt>
   <trkpt lon="6.924792" lat="43.648847"><ele>260.25</ele></trkpt>
   <trkpt lon="6.923918" lat="43.649044"><ele>264.5</ele></trkpt>
   <trkpt lon="6.923784" lat="43.649094"><ele>264.75</ele></trkpt>
   <trkpt lon="6.923615" lat="43.649211"><ele>266.25</ele></trkpt>
   <trkpt lon="6.923384" lat="43.649438"><ele>267.75</ele></trkpt>
   <trkpt lon="6.923314" lat="43.649502"><ele>268.25</ele></trkpt>
   <trkpt lon="6.922664" lat="43.650118"><ele>272.0</ele></trkpt>
   <trkpt lon="6.922645" lat="43.650137"><ele>272.25</ele></trkpt>
   <trkpt lon="6.922521" lat="43.650357"><ele>274.5</ele></trkpt>
   <trkpt lon="6.922513" lat="43.650401"><ele>275.0</ele></trkpt>
   <trkpt lon="6.922505" lat="43.650457"><ele>275.25</ele><sym>roundabout_e4</sym></trkpt>
   <trkpt lon="6.922525" lat="43.650490"><ele>275.75</ele></trkpt>
   <trkpt lon="6.922533" lat="43.650522"><ele>276.0</ele></trkpt>
   <trkpt lon="6.922527" lat="43.650607"><ele>276.25</ele></trkpt>
   <trkpt lon="6.922496" lat="43.650674"><ele>276.25</ele></trkpt>
   <trkpt lon="6.922471" lat="43.650706"><ele>276.5</ele></trkpt>
   <trkpt lon="6.922432" lat="43.650735"><ele>276.5</ele></trkpt>
   <trkpt lon="6.922353" lat="43.650759"><ele>276.75</ele></trkpt>
   <trkpt lon="6.922300" lat="43.650768"><ele>276.75</ele></trkpt>
   <trkpt lon="6.922233" lat="43.650764"><ele>276.75</ele></trkpt>
   <trkpt lon="6.922182" lat="43.650752"><ele>277.0</ele></trkpt>
   <trkpt lon="6.922118" lat="43.650717"><ele>277.0</ele></trkpt>
   <trkpt lon="6.922098" lat="43.650699"><ele>277.0</ele></trkpt>
   <trkpt lon="6.922068" lat="43.650664"><ele>277.0</ele></trkpt>
   <trkpt lon="6.922055" lat="43.650623"><ele>277.0</ele></trkpt>
   <trkpt lon="6.922057" lat="43.650569"><ele>277.0</ele></trkpt>
   <trkpt lon="6.922090" lat="43.650480"><ele>275.75</ele></trkpt>
   <trkpt lon="6.922125" lat="43.650437"><ele>275.25</ele></trkpt>
   <trkpt lon="6.922115" lat="43.650347"><ele>273.75</ele></trkpt>
   <trkpt lon="6.922103" lat="43.650280"><ele>272.75</ele></trkpt>
   <trkpt lon="6.922068" lat="43.650204"><ele>272.0</ele></trkpt>
   <trkpt lon="6.922017" lat="43.650133"><ele>271.25</ele></trkpt>
   <trkpt lon="6.921965" lat="43.650066"><ele>270.25</ele></trkpt>
   <trkpt lon="6.921875" lat="43.649981"><ele>269.25</ele></trkpt>
   <trkpt lon="6.921744" lat="43.649914"><ele>268.0</ele></trkpt>
   <trkpt lon="6.921422" lat="43.649788"><ele>265.25</ele></trkpt>
   <trkpt lon="6.920859" lat="43.649622"><ele>265.25</ele></trkpt>
   <trkpt lon="6.919934" lat="43.649333"><ele>262.5</ele></trkpt>
   <trkpt lon="6.919784" lat="43.649295"><ele>262.5</ele></trkpt>
   <trkpt lon="6.919542" lat="43.649216"><ele>262.5</ele></trkpt>
   <trkpt lon="6.919476" lat="43.649189"><ele>262.75</ele></trkpt>
   <trkpt lon="6.919273" lat="43.649092"><ele>261.5</ele></trkpt>
   <trkpt lon="6.919269" lat="43.649089"><ele>261.0</ele><sym>pass_place</sym><type>Shaping</type></trkpt>
   <trkpt lon="6.919181" lat="43.649043"><ele>261.0</ele></trkpt>
   <trkpt lon="6.919055" lat="43.648962"><ele>261.0</ele></trkpt>
   <trkpt lon="6.918941" lat="43.648868"><ele>261.25</ele></trkpt>
   <trkpt lon="6.918857" lat="43.648773"><ele>261.5</ele></trkpt>
   <trkpt lon="6.918787" lat="43.648674"><ele>262.25</ele></trkpt>
   <trkpt lon="6.918705" lat="43.648535"><ele>263.0</ele></trkpt>
   <trkpt lon="6.918649" lat="43.648420"><ele>262.5</ele></trkpt>
   <trkpt lon="6.918599" lat="43.648281"><ele>261.75</ele></trkpt>
   <trkpt lon="6.918575" lat="43.648145"><ele>261.0</ele></trkpt>
   <trkpt lon="6.918560" lat="43.648006"><ele>259.75</ele></trkpt>
   <trkpt lon="6.918559" lat="43.647884"><ele>258.75</ele></trkpt>
   <trkpt lon="6.918558" lat="43.647772"><ele>258.0</ele></trkpt>
   <trkpt lon="6.918558" lat="43.647652"><ele>258.0</ele></trkpt>
   <trkpt lon="6.918556" lat="43.647563"><ele>258.0</ele></trkpt>
   <trkpt lon="6.918555" lat="43.647461"><ele>258.0</ele></trkpt>
   <trkpt lon="6.918552" lat="43.647422"><ele>257.75</ele></trkpt>
   <trkpt lon="6.918536" lat="43.647220"><ele>257.25</ele></trkpt>
   <trkpt lon="6.918496" lat="43.646972"><ele>257.0</ele></trkpt>
   <trkpt lon="6.918402" lat="43.646788"><ele>257.75</ele></trkpt>
   <trkpt lon="6.918188" lat="43.646555"><ele>261.0</ele></trkpt>
   <trkpt lon="6.917996" lat="43.646414"><ele>260.5</ele></trkpt>
   <trkpt lon="6.917729" lat="43.646284"><ele>258.0</ele></trkpt>
   <trkpt lon="6.917394" lat="43.646174"><ele>258.0</ele></trkpt>
   <trkpt lon="6.916818" lat="43.646060"><ele>255.25</ele></trkpt>
   <trkpt lon="6.916533" lat="43.645970"><ele>254.25</ele></trkpt>
   <trkpt lon="6.916144" lat="43.645810"><ele>251.0</ele></trkpt>
   <trkpt lon="6.916063" lat="43.645755"><ele>250.0</ele></trkpt>
   <trkpt lon="6.915904" lat="43.645646"><ele>250.0</ele></trkpt>
   <trkpt lon="6.915774" lat="43.645507"><ele>249.5</ele></trkpt>
   <trkpt lon="6.915682" lat="43.645413"><ele>248.25</ele></trkpt>
   <trkpt lon="6.915588" lat="43.645284"><ele>249.0</ele></trkpt>
   <trkpt lon="6.915531" lat="43.645161"><ele>248.75</ele></trkpt>
   <trkpt lon="6.915448" lat="43.644741"><ele>246.0</ele></trkpt>
   <trkpt lon="6.915377" lat="43.644160"><ele>247.5</ele></trkpt>
   <trkpt lon="6.915263" lat="43.643911"><ele>247.5</ele></trkpt>
   <trkpt lon="6.915175" lat="43.643767"><ele>247.0</ele></trkpt>
   <trkpt lon="6.915074" lat="43.643656"><ele>246.25</ele></trkpt>
   <trkpt lon="6.914987" lat="43.643591"><ele>245.75</ele></trkpt>
   <trkpt lon="6.914875" lat="43.643506"><ele>245.0</ele></trkpt>
   <trkpt lon="6.914815" lat="43.643461"><ele>244.75</ele></trkpt>
   <trkpt lon="6.914409" lat="43.643172"><ele>242.0</ele></trkpt>
   <trkpt lon="6.914251" lat="43.643030"><ele>242.75</ele></trkpt>
   <trkpt lon="6.914189" lat="43.642950"><ele>242.5</ele></trkpt>
   <trkpt lon="6.914088" lat="43.642821"><ele>241.75</ele></trkpt>
   <trkpt lon="6.913953" lat="43.642691"><ele>241.0</ele></trkpt>
   <trkpt lon="6.913802" lat="43.642472"><ele>240.0</ele></trkpt>
   <trkpt lon="6.913617" lat="43.642204"><ele>240.5</ele></trkpt>
   <trkpt lon="6.913372" lat="43.641966"><ele>239.25</ele></trkpt>
   <trkpt lon="6.913162" lat="43.641805"><ele>237.5</ele></trkpt>
   <trkpt lon="6.912886" lat="43.641669"><ele>236.75</ele></trkpt>
   <trkpt lon="6.912680" lat="43.641592"><ele>236.5</ele></trkpt>
   <trkpt lon="6.912433" lat="43.641528"><ele>235.0</ele></trkpt>
   <trkpt lon="6.912275" lat="43.641506"><ele>234.75</ele></trkpt>
   <trkpt lon="6.912131" lat="43.641509"><ele>235.0</ele></trkpt>
   <trkpt lon="6.912019" lat="43.641526"><ele>235.25</ele></trkpt>
   <trkpt lon="6.911934" lat="43.641551"><ele>235.75</ele></trkpt>
   <trkpt lon="6.911847" lat="43.641587"><ele>236.25</ele></trkpt>
   <trkpt lon="6.911754" lat="43.641633"><ele>236.75</ele></trkpt>
   <trkpt lon="6.911712" lat="43.641663"><ele>237.0</ele><sym>roundabout_e4</sym></trkpt>
   <trkpt lon="6.911708" lat="43.641700"><ele>237.25</ele></trkpt>
   <trkpt lon="6.911676" lat="43.641769"><ele>237.75</ele></trkpt>
   <trkpt lon="6.911634" lat="43.641811"><ele>238.0</ele></trkpt>
   <trkpt lon="6.911579" lat="43.641844"><ele>238.25</ele></trkpt>
   <trkpt lon="6.911515" lat="43.641867"><ele>238.5</ele></trkpt>
   <trkpt lon="6.911448" lat="43.641877"><ele>238.5</ele></trkpt>
   <trkpt lon="6.911380" lat="43.641876"><ele>238.5</ele></trkpt>
   <trkpt lon="6.911313" lat="43.641864"><ele>238.5</ele></trkpt>
   <trkpt lon="6.911253" lat="43.641841"><ele>238.25</ele></trkpt>
   <trkpt lon="6.911195" lat="43.641802"><ele>238.0</ele></trkpt>
   <trkpt lon="6.911146" lat="43.641741"><ele>237.5</ele></trkpt>
   <trkpt lon="6.911128" lat="43.641671"><ele>237.0</ele></trkpt>
   <trkpt lon="6.911131" lat="43.641634"><ele>236.75</ele></trkpt>
   <trkpt lon="6.911159" lat="43.641572"><ele>236.25</ele></trkpt>
   <trkpt lon="6.911136" lat="43.641506"><ele>235.75</ele></trkpt>
   <trkpt lon="6.911106" lat="43.641453"><ele>235.25</ele></trkpt>
   <trkpt lon="6.910977" lat="43.641336"><ele>234.0</ele></trkpt>
   <trkpt lon="6.910872" lat="43.641254"><ele>233.25</ele></trkpt>
   <trkpt lon="6.910704" lat="43.641139"><ele>232.5</ele></trkpt>
   <trkpt lon="6.910558" lat="43.641051"><ele>232.0</ele></trkpt>
   <trkpt lon="6.910301" lat="43.640912"><ele>231.25</ele></trkpt>
   <trkpt lon="6.910105" lat="43.640830"><ele>230.75</ele></trkpt>
   <trkpt lon="6.910048" lat="43.640806"><ele>230.5</ele><sym>roundabout_e2</sym></trkpt>
   <trkpt lon="6.910000" lat="43.640827"><ele>230.75</ele></trkpt>
   <trkpt lon="6.909944" lat="43.640830"><ele>230.75</ele></trkpt>
   <trkpt lon="6.909887" lat="43.640811"><ele>230.25</ele></trkpt>
   <trkpt lon="6.909851" lat="43.640774"><ele>229.75</ele></trkpt>
   <trkpt lon="6.909713" lat="43.640750"><ele>229.25</ele></trkpt>
   <trkpt lon="6.909558" lat="43.640744"><ele>229.0</ele></trkpt>
   <trkpt lon="6.909326" lat="43.640756"><ele>228.5</ele></trkpt>
   <trkpt lon="6.909149" lat="43.640793"><ele>228.25</ele></trkpt>
   <trkpt lon="6.908946" lat="43.640850"><ele>227.5</ele></trkpt>
   <trkpt lon="6.908709" lat="43.640955"><ele>226.5</ele></trkpt>
   <trkpt lon="6.908244" lat="43.641209"><ele>224.75</ele></trkpt>
   <trkpt lon="6.908144" lat="43.641279"><ele>224.0</ele></trkpt>
   <trkpt lon="6.908061" lat="43.641366"><ele>223.0</ele></trkpt>
   <trkpt lon="6.907992" lat="43.641488"><ele>222.0</ele></trkpt>
   <trkpt lon="6.907945" lat="43.641607"><ele>221.0</ele></trkpt>
   <trkpt lon="6.907890" lat="43.641776"><ele>219.25</ele><sym>right_slight</sym></trkpt>
   <trkpt lon="6.907890" lat="43.641835"><ele>218.5</ele></trkpt>
   <trkpt lon="6.907913" lat="43.641924"><ele>218.0</ele></trkpt>
   <trkpt lon="6.907972" lat="43.642014"><ele>217.25</ele></trkpt>
   <trkpt lon="6.908041" lat="43.642098"><ele>216.25</ele></trkpt>
   <trkpt lon="6.908271" lat="43.642308"><ele>216.0</ele></trkpt>
   <trkpt lon="6.908635" lat="43.642703"><ele>215.75</ele></trkpt>
   <trkpt lon="6.908675" lat="43.642779"><ele>215.5</ele></trkpt>
   <trkpt lon="6.908686" lat="43.642850"><ele>215.5</ele></trkpt>
   <trkpt lon="6.908654" lat="43.642908"><ele>214.5</ele></trkpt>
   <trkpt lon="6.908598" lat="43.642948"><ele>214.0</ele></trkpt>
   <trkpt lon="6.908526" lat="43.642976"><ele>214.75</ele></trkpt>
   <trkpt lon="6.908449" lat="43.642978"><ele>215.5</ele></trkpt>
   <trkpt lon="6.908365" lat="43.642962"><ele>216.0</ele></trkpt>
   <trkpt lon="6.908112" lat="43.642835"><ele>213.25</ele></trkpt>
   <trkpt lon="6.907705" lat="43.642615"><ele>211.75</ele><sym>pass_place</sym><type>Shaping</type></trkpt>
   <trkpt lon="6.907633" lat="43.642596"><ele>211.0</ele></trkpt>
   <trkpt lon="6.907568" lat="43.642580"><ele>210.75</ele></trkpt>
   <trkpt lon="6.907443" lat="43.642563"><ele>209.75</ele></trkpt>
   <trkpt lon="6.907299" lat="43.642559"><ele>208.75</ele></trkpt>
   <trkpt lon="6.907117" lat="43.642585"><ele>208.25</ele></trkpt>
   <trkpt lon="6.906092" lat="43.642881"><ele>203.5</ele></trkpt>
   <trkpt lon="6.905914" lat="43.642944"><ele>202.25</ele></trkpt>
   <trkpt lon="6.905753" lat="43.643011"><ele>200.0</ele></trkpt>
   <trkpt lon="6.905647" lat="43.643065"><ele>199.5</ele></trkpt>
   <trkpt lon="6.905489" lat="43.643170"><ele>199.0</ele></trkpt>
   <trkpt lon="6.905361" lat="43.643232"><ele>198.0</ele></trkpt>
   <trkpt lon="6.905248" lat="43.643271"><ele>197.25</ele></trkpt>
   <trkpt lon="6.905114" lat="43.643286"><ele>197.0</ele></trkpt>
   <trkpt lon="6.904971" lat="43.643280"><ele>196.25</ele></trkpt>
   <trkpt lon="6.904537" lat="43.643209"><ele>195.5</ele></trkpt>
   <trkpt lon="6.904359" lat="43.643188"><ele>195.25</ele></trkpt>
   <trkpt lon="6.904311" lat="43.643184"><ele>195.25</ele></trkpt>
   <trkpt lon="6.904100" lat="43.643168"><ele>194.5</ele></trkpt>
   <trkpt lon="6.903679" lat="43.643165"><ele>191.0</ele></trkpt>
   <trkpt lon="6.903551" lat="43.643172"><ele>190.5</ele></trkpt>
   <trkpt lon="6.903436" lat="43.643181"><ele>190.0</ele></trkpt>
   <trkpt lon="6.903313" lat="43.643209"><ele>190.0</ele></trkpt>
   <trkpt lon="6.903163" lat="43.643271"><ele>189.25</ele></trkpt>
   <trkpt lon="6.903090" lat="43.643321"><ele>189.25</ele></trkpt>
   <trkpt lon="6.902971" lat="43.643424"><ele>187.75</ele></trkpt>
   <trkpt lon="6.902915" lat="43.643498"><ele>187.25</ele></trkpt>
   <trkpt lon="6.902865" lat="43.643592"><ele>187.25</ele></trkpt>
   <trkpt lon="6.902851" lat="43.643672"><ele>187.0</ele></trkpt>
   <trkpt lon="6.902855" lat="43.643763"><ele>186.5</ele></trkpt>
   <trkpt lon="6.902906" lat="43.643964"><ele>186.0</ele></trkpt>
   <trkpt lon="6.902912" lat="43.644001"><ele>185.75</ele></trkpt>
   <trkpt lon="6.902932" lat="43.644177"><ele>184.5</ele></trkpt>
   <trkpt lon="6.902918" lat="43.644281"><ele>183.75</ele></trkpt>
   <trkpt lon="6.902826" lat="43.644510"><ele>181.75</ele></trkpt>
   <trkpt lon="6.902812" lat="43.644594"><ele>181.5</ele></trkpt>
   <trkpt lon="6.902826" lat="43.644723"><ele>182.0</ele></trkpt>
   <trkpt lon="6.902957" lat="43.645038"><ele>180.0</ele></trkpt>
   <trkpt lon="6.902952" lat="43.645116"><ele>178.75</ele></trkpt>
   <trkpt lon="6.902925" lat="43.645182"><ele>176.75</ele></trkpt>
   <trkpt lon="6.902901" lat="43.645226"><ele>175.5</ele></trkpt>
   <trkpt lon="6.902877" lat="43.645253"><ele>174.25</ele></trkpt>
   <trkpt lon="6.902741" lat="43.645354"><ele>172.25</ele></trkpt>
   <trkpt lon="6.902674" lat="43.645399"><ele>173.25</ele><sym>left</sym></trkpt>
   <trkpt lon="6.902630" lat="43.645376"><ele>173.0</ele></trkpt>
   <trkpt lon="6.902241" lat="43.645260"><ele>173.5</ele></trkpt>
   <trkpt lon="6.902017" lat="43.645173"><ele>173.75</ele></trkpt>
   <trkpt lon="6.901877" lat="43.645114"><ele>173.5</ele></trkpt>
   <trkpt lon="6.901429" lat="43.644973"><ele>176.0</ele></trkpt>
   <trkpt lon="6.900951" lat="43.644755"><ele>180.25</ele></trkpt>
   <trkpt lon="6.900765" lat="43.644620"><ele>182.25</ele></trkpt>
   <trkpt lon="6.900613" lat="43.644511"><ele>184.25</ele></trkpt>
   <trkpt lon="6.900495" lat="43.644416"><ele>186.0</ele></trkpt>
   <trkpt lon="6.900458" lat="43.644401"><ele>186.5</ele></trkpt>
   <trkpt lon="6.900395" lat="43.644404"><ele>187.75</ele><sym>left_slight</sym></trkpt>
   <trkpt lon="6.900239" lat="43.644294"><ele>189.5</ele></trkpt>
   <trkpt lon="6.900147" lat="43.644247"><ele>189.25</ele></trkpt>
   <trkpt lon="6.900026" lat="43.644207"><ele>188.75</ele></trkpt>
   <trkpt lon="6.899865" lat="43.644189"><ele>188.25</ele><sym>left_slight</sym></trkpt>
   <trkpt lon="6.899824" lat="43.644148"><ele>188.0</ele></trkpt>
   <trkpt lon="6.899743" lat="43.644127"><ele>188.0</ele></trkpt>
   <trkpt lon="6.898974" lat="43.644144"><ele>188.0</ele></trkpt>
   <trkpt lon="6.898860" lat="43.644139"><ele>188.5</ele><sym>stay_right</sym></trkpt>
   <trkpt lon="6.898701" lat="43.644141"><ele>189.5</ele></trkpt>
   <trkpt lon="6.898623" lat="43.644129"><ele>189.75</ele></trkpt>
   <trkpt lon="6.898404" lat="43.644062"><ele>188.25</ele></trkpt>
   <trkpt lon="6.898256" lat="43.644050"><ele>188.0</ele></trkpt>
   <trkpt lon="6.897877" lat="43.644113"><ele>189.5</ele></trkpt>
   <trkpt lon="6.897824" lat="43.644116"><ele>189.5</ele><sym>right_slight</sym></trkpt>
   <trkpt lon="6.897643" lat="43.644199"><ele>190.25</ele></trkpt>
   <trkpt lon="6.897263" lat="43.644343"><ele>192.0</ele></trkpt>
   <trkpt lon="6.896158" lat="43.644740"><ele>194.75</ele></trkpt>
   <trkpt lon="6.895885" lat="43.644784"><ele>195.5</ele></trkpt>
   <trkpt lon="6.895428" lat="43.644837"><ele>195.5</ele></trkpt>
   <trkpt lon="6.895244" lat="43.644833"><ele>196.0</ele></trkpt>
   <trkpt lon="6.894680" lat="43.644754"><ele>199.25</ele></trkpt>
   <trkpt lon="6.894271" lat="43.644724"><ele>202.75</ele></trkpt>
   <trkpt lon="6.893445" lat="43.644735"><ele>210.75</ele></trkpt>
   <trkpt lon="6.893404" lat="43.644738"><ele>211.25</ele></trkpt>
   <trkpt lon="6.893365" lat="43.644749"><ele>211.75</ele></trkpt>
   <trkpt lon="6.893313" lat="43.644777"><ele>212.25</ele><sym>left_slight</sym></trkpt>
   <trkpt lon="6.893151" lat="43.644735"><ele>212.5</ele><sym>right_slight</sym></trkpt>
   <trkpt lon="6.893002" lat="43.644767"><ele>213.25</ele></trkpt>
   <trkpt lon="6.892854" lat="43.644826"><ele>214.0</ele></trkpt>
   <trkpt lon="6.892794" lat="43.644867"><ele>214.25</ele><sym>roundabout_e3</sym></trkpt>
   <trkpt lon="6.892779" lat="43.644917"><ele>214.5</ele></trkpt>
   <trkpt lon="6.892748" lat="43.644963"><ele>214.75</ele></trkpt>
   <trkpt lon="6.892689" lat="43.645012"><ele>215.0</ele></trkpt>
   <trkpt lon="6.892614" lat="43.645047"><ele>215.75</ele></trkpt>
   <trkpt lon="6.892528" lat="43.645064"><ele>216.0</ele></trkpt>
   <trkpt lon="6.892438" lat="43.645063"><ele>216.0</ele></trkpt>
   <trkpt lon="6.892353" lat="43.645044"><ele>215.5</ele></trkpt>
   <trkpt lon="6.892286" lat="43.645012"><ele>215.0</ele></trkpt>
   <trkpt lon="6.892233" lat="43.644968"><ele>214.75</ele></trkpt>
   <trkpt lon="6.892197" lat="43.644916"><ele>214.5</ele></trkpt>
   <trkpt lon="6.892180" lat="43.644842"><ele>214.25</ele></trkpt>
   <trkpt lon="6.892185" lat="43.644804"><ele>214.25</ele></trkpt>
   <trkpt lon="6.892127" lat="43.644751"><ele>214.0</ele></trkpt>
   <trkpt lon="6.892056" lat="43.644702"><ele>214.0</ele></trkpt>
   <trkpt lon="6.891959" lat="43.644670"><ele>214.25</ele></trkpt>
   <trkpt lon="6.891739" lat="43.644649"><ele>213.75</ele></trkpt>
   <trkpt lon="6.891577" lat="43.644644"><ele>213.25</ele><sym>stay_left</sym></trkpt>
   <trkpt lon="6.891307" lat="43.644641"><ele>212.0</ele></trkpt>
   <trkpt lon="6.891251" lat="43.644635"><ele>211.75</ele></trkpt>
   <trkpt lon="6.891223" lat="43.644616"><ele>212.0</ele></trkpt>
   <trkpt lon="6.891111" lat="43.644583"><ele>212.0</ele></trkpt>
   <trkpt lon="6.890945" lat="43.644571"><ele>211.25</ele></trkpt>
   <trkpt lon="6.890760" lat="43.644560"><ele>211.0</ele></trkpt>
   <trkpt lon="6.889971" lat="43.644527"><ele>209.0</ele></trkpt>
   <trkpt lon="6.889727" lat="43.644508"><ele>208.25</ele></trkpt>
   <trkpt lon="6.888274" lat="43.644245"><ele>196.5</ele><sym>stay_left</sym></trkpt>
   <trkpt lon="6.888275" lat="43.644241"><ele>196.75</ele><sym>pass_place</sym><type>Shaping</type></trkpt>
   <trkpt lon="6.888274" lat="43.644245"><ele>196.5</ele></trkpt>
   <trkpt lon="6.888172" lat="43.644227"><ele>195.5</ele></trkpt>
   <trkpt lon="6.887482" lat="43.644113"><ele>190.0</ele></trkpt>
   <trkpt lon="6.887160" lat="43.644049"><ele>188.75</ele></trkpt>
   <trkpt lon="6.885727" lat="43.643701"><ele>184.75</ele></trkpt>
   <trkpt lon="6.885695" lat="43.643689"><ele>184.75</ele></trkpt>
   <trkpt lon="6.885589" lat="43.643651"><ele>185.0</ele></trkpt>
   <trkpt lon="6.885121" lat="43.643451"><ele>184.75</ele></trkpt>
   <trkpt lon="6.884359" lat="43.643127"><ele>182.25</ele></trkpt>
   <trkpt lon="6.884069" lat="43.643011"><ele>181.0</ele></trkpt>
   <trkpt lon="6.883363" lat="43.642881"><ele>180.75</ele></trkpt>
   <trkpt lon="6.883260" lat="43.642863"><ele>181.0</ele></trkpt>
   <trkpt lon="6.883205" lat="43.642853"><ele>181.0</ele></trkpt>
   <trkpt lon="6.883167" lat="43.642846"><ele>181.0</ele><sym>right</sym></trkpt>
   <trkpt lon="6.883105" lat="43.643319"><ele>183.75</ele></trkpt>
   <trkpt lon="6.883089" lat="43.643416"><ele>184.5</ele></trkpt>
   <trkpt lon="6.883095" lat="43.643488"><ele>185.0</ele></trkpt>
   <trkpt lon="6.883145" lat="43.643534"><ele>185.5</ele></trkpt>
   <trkpt lon="6.883297" lat="43.643649"><ele>187.0</ele></trkpt>
   <trkpt lon="6.883306" lat="43.643675"><ele>187.0</ele></trkpt>
   <trkpt lon="6.883315" lat="43.643704"><ele>187.25</ele></trkpt>
   <trkpt lon="6.883303" lat="43.643753"><ele>187.25</ele></trkpt>
   <trkpt lon="6.883258" lat="43.643811"><ele>187.5</ele><sym>roundabout_e2</sym></trkpt>
   <trkpt lon="6.883295" lat="43.643827"><ele>187.5</ele></trkpt>
   <trkpt lon="6.883323" lat="43.643850"><ele>187.75</ele></trkpt>
   <trkpt lon="6.883341" lat="43.643878"><ele>187.75</ele></trkpt>
   <trkpt lon="6.883346" lat="43.643909"><ele>188.0</ele></trkpt>
   <trkpt lon="6.883338" lat="43.643939"><ele>188.0</ele></trkpt>
   <trkpt lon="6.883318" lat="43.643967"><ele>188.0</ele></trkpt>
   <trkpt lon="6.883287" lat="43.643990"><ele>188.0</ele></trkpt>
   <trkpt lon="6.883247" lat="43.644004"><ele>188.0</ele></trkpt>
   <trkpt lon="6.883204" lat="43.644009"><ele>188.0</ele></trkpt>
   <trkpt lon="6.883160" lat="43.644004"><ele>188.25</ele></trkpt>
   <trkpt lon="6.883106" lat="43.644066"><ele>188.5</ele></trkpt>
   <trkpt lon="6.883069" lat="43.644194"><ele>189.0</ele></trkpt>
   <trkpt lon="6.883237" lat="43.644975"><ele>194.0</ele><sym>straight</sym></trkpt>
   <trkpt lon="6.883266" lat="43.645160"><ele>195.75</ele></trkpt>
   <trkpt lon="6.883279" lat="43.645241"><ele>196.5</ele></trkpt>
   <trkpt lon="6.883290" lat="43.645593"><ele>199.25</ele></trkpt>
   <trkpt lon="6.883291" lat="43.645674"><ele>199.75</ele><sym>roundabout_e2</sym></trkpt>
   <trkpt lon="6.883324" lat="43.645683"><ele>199.75</ele></trkpt>
   <trkpt lon="6.883374" lat="43.645719"><ele>200.25</ele></trkpt>
   <trkpt lon="6.883390" lat="43.645769"><ele>200.5</ele></trkpt>
   <trkpt lon="6.883383" lat="43.645796"><ele>200.75</ele></trkpt>
   <trkpt lon="6.883364" lat="43.645821"><ele>201.0</ele></trkpt>
   <trkpt lon="6.883337" lat="43.645840"><ele>201.0</ele></trkpt>
   <trkpt lon="6.883303" lat="43.645853"><ele>201.25</ele></trkpt>
   <trkpt lon="6.883335" lat="43.645938"><ele>202.5</ele></trkpt>
   <trkpt lon="6.883327" lat="43.645984"><ele>203.0</ele><sym>left_slight</sym></trkpt>
   <trkpt lon="6.883279" lat="43.646033"><ele>204.0</ele></trkpt>
   <trkpt lon="6.883202" lat="43.646082"><ele>205.0</ele></trkpt>
   <trkpt lon="6.882902" lat="43.646138"><ele>207.75</ele><sym>right_slight</sym></trkpt>
   <trkpt lon="6.882803" lat="43.646176"><ele>209.25</ele></trkpt>
   <trkpt lon="6.882679" lat="43.646248"><ele>211.0</ele></trkpt>
   <trkpt lon="6.882618" lat="43.646310"><ele>212.25</ele></trkpt>
   <trkpt lon="6.882598" lat="43.646367"><ele>213.5</ele><sym>right</sym></trkpt>
   <trkpt lon="6.882916" lat="43.646583"><ele>217.0</ele></trkpt>
   <trkpt lon="6.882963" lat="43.646624"><ele>217.5</ele><sym>left</sym></trkpt>
   <trkpt lon="6.882785" lat="43.646671"><ele>219.0</ele></trkpt>
   <trkpt lon="6.881983" lat="43.646707"><ele>220.25</ele></trkpt>
   <trkpt lon="6.881808" lat="43.646752"><ele>221.0</ele></trkpt>
   <trkpt lon="6.881232" lat="43.646986"><ele>223.25</ele></trkpt>
   <trkpt lon="6.881091" lat="43.647028"><ele>224.0</ele></trkpt>
   <trkpt lon="6.880828" lat="43.647068"><ele>224.75</ele></trkpt>
   <trkpt lon="6.880621" lat="43.647029"><ele>223.25</ele></trkpt>
   <trkpt lon="6.880442" lat="43.646921"><ele>222.0</ele></trkpt>
   <trkpt lon="6.880368" lat="43.646869"><ele>221.5</ele></trkpt>
   <trkpt lon="6.880281" lat="43.646808"><ele>221.0</ele></trkpt>
   <trkpt lon="6.879903" lat="43.646716"><ele>220.25</ele></trkpt>
   <trkpt lon="6.879878" lat="43.646607"><ele>219.75</ele></trkpt>
   <trkpt lon="6.879938" lat="43.646492"><ele>218.25</ele></trkpt>
   <trkpt lon="6.880191" lat="43.646168"><ele>215.75</ele></trkpt>
   <trkpt lon="6.879976" lat="43.645962"><ele>218.5</ele></trkpt>
   <trkpt lon="6.879548" lat="43.645820"><ele>221.0</ele></trkpt>
   <trkpt lon="6.879060" lat="43.645735"><ele>220.25</ele></trkpt>
   <trkpt lon="6.878466" lat="43.645670"><ele>220.75</ele></trkpt>
   <trkpt lon="6.878181" lat="43.645647"><ele>221.5</ele></trkpt>
   <trkpt lon="6.877095" lat="43.645593"><ele>218.25</ele></trkpt>
   <trkpt lon="6.876712" lat="43.645544"><ele>216.75</ele></trkpt>
   <trkpt lon="6.876238" lat="43.645467"><ele>217.25</ele></trkpt>
   <trkpt lon="6.875629" lat="43.645387"><ele>217.5</ele></trkpt>
   <trkpt lon="6.875013" lat="43.645323"><ele>217.5</ele></trkpt>
   <trkpt lon="6.874646" lat="43.645277"><ele>219.75</ele></trkpt>
   <trkpt lon="6.874508" lat="43.645256"><ele>221.25</ele></trkpt>
   <trkpt lon="6.874402" lat="43.645275"><ele>222.25</ele></trkpt>
   <trkpt lon="6.874202" lat="43.645320"><ele>225.0</ele></trkpt>
   <trkpt lon="6.874001" lat="43.645297"><ele>226.75</ele></trkpt>
   <trkpt lon="6.873744" lat="43.645243"><ele>230.0</ele></trkpt>
   <trkpt lon="6.873682" lat="43.645217"><ele>230.75</ele><sym>right_slight</sym></trkpt>
   <trkpt lon="6.873590" lat="43.645210"><ele>231.75</ele></trkpt>
   <trkpt lon="6.873124" lat="43.645232"><ele>235.5</ele></trkpt>
   <trkpt lon="6.872907" lat="43.645238"><ele>237.5</ele></trkpt>
   <trkpt lon="6.872704" lat="43.645227"><ele>239.0</ele></trkpt>
   <trkpt lon="6.872589" lat="43.645237"><ele>239.5</ele></trkpt>
   <trkpt lon="6.872179" lat="43.645267"><ele>239.75</ele></trkpt>
   <trkpt lon="6.871910" lat="43.645313"><ele>239.0</ele></trkpt>
   <trkpt lon="6.871649" lat="43.645352"><ele>238.25</ele><sym>left_slight</sym></trkpt>
   <trkpt lon="6.871648" lat="43.645349"><ele>237.75</ele><sym>pass_place</sym><type>Shaping</type></trkpt>
   <trkpt lon="6.871649" lat="43.645352"><ele>238.25</ele></trkpt>
   <trkpt lon="6.871530" lat="43.645327"><ele>237.5</ele></trkpt>
   <trkpt lon="6.871452" lat="43.645302"><ele>236.75</ele></trkpt>
   <trkpt lon="6.871310" lat="43.645255"><ele>235.5</ele></trkpt>
   <trkpt lon="6.871080" lat="43.645131"><ele>234.25</ele></trkpt>
   <trkpt lon="6.870688" lat="43.644984"><ele>231.5</ele></trkpt>
   <trkpt lon="6.870537" lat="43.644961"><ele>230.75</ele></trkpt>
   <trkpt lon="6.870368" lat="43.644966"><ele>231.0</ele></trkpt>
   <trkpt lon="6.870202" lat="43.644994"><ele>231.5</ele></trkpt>
   <trkpt lon="6.870115" lat="43.645024"><ele>231.75</ele></trkpt>
   <trkpt lon="6.869865" lat="43.645170"><ele>231.5</ele></trkpt>
   <trkpt lon="6.869738" lat="43.645306"><ele>231.5</ele></trkpt>
   <trkpt lon="6.869644" lat="43.645474"><ele>232.5</ele></trkpt>
   <trkpt lon="6.869588" lat="43.645675"><ele>232.5</ele></trkpt>
   <trkpt lon="6.869536" lat="43.645937"><ele>233.5</ele></trkpt>
   <trkpt lon="6.869447" lat="43.646058"><ele>233.25</ele></trkpt>
   <trkpt lon="6.869312" lat="43.646147"><ele>233.25</ele></trkpt>
   <trkpt lon="6.869132" lat="43.646197"><ele>232.0</ele></trkpt>
   <trkpt lon="6.868944" lat="43.646192"><ele>231.0</ele><sym>left_slight</sym></trkpt>
   <trkpt lon="6.868886" lat="43.646165"><ele>230.5</ele></trkpt>
   <trkpt lon="6.868797" lat="43.646130"><ele>230.25</ele></trkpt>
   <trkpt lon="6.868740" lat="43.646076"><ele>230.5</ele></trkpt>
   <trkpt lon="6.868716" lat="43.646004"><ele>230.75</ele></trkpt>
   <trkpt lon="6.868704" lat="43.645897"><ele>231.25</ele></trkpt>
   <trkpt lon="6.868771" lat="43.645688"><ele>231.0</ele></trkpt>
   <trkpt lon="6.868820" lat="43.645533"><ele>230.75</ele></trkpt>
   <trkpt lon="6.868826" lat="43.645350"><ele>230.75</ele></trkpt>
   <trkpt lon="6.868675" lat="43.645144"><ele>231.75</ele></trkpt>
   <trkpt lon="6.868603" lat="43.644980"><ele>232.0</ele></trkpt>
   <trkpt lon="6.868531" lat="43.644699"><ele>232.5</ele></trkpt>
   <trkpt lon="6.868505" lat="43.644616"><ele>232.75</ele><sym>right_slight</sym></trkpt>
   <trkpt lon="6.868227" lat="43.644379"><ele>236.25</ele></trkpt>
   <trkpt lon="6.868156" lat="43.644342"><ele>237.0</ele><sym>right</sym></trkpt>
   <trkpt lon="6.867524" lat="43.644695"><ele>246.5</ele></trkpt>
   <trkpt lon="6.867484" lat="43.644725"><ele>247.0</ele></trkpt>
   <trkpt lon="6.867366" lat="43.644811"><ele>248.75</ele></trkpt>
   <trkpt lon="6.867279" lat="43.644940"><ele>250.75</ele></trkpt>
   <trkpt lon="6.867103" lat="43.645314"><ele>256.0</ele></trkpt>
   <trkpt lon="6.867048" lat="43.645451"><ele>258.5</ele></trkpt>
   <trkpt lon="6.866980" lat="43.645656"><ele>262.75</ele></trkpt>
   <trkpt lon="6.866921" lat="43.645835"><ele>266.75</ele></trkpt>
   <trkpt lon="6.866878" lat="43.646054"><ele>270.5</ele></trkpt>
   <trkpt lon="6.866858" lat="43.646127"><ele>271.75</ele></trkpt>
   <trkpt lon="6.866819" lat="43.646304"><ele>274.5</ele></trkpt>
   <trkpt lon="6.866796" lat="43.646370"><ele>275.75</ele></trkpt>
   <trkpt lon="6.866767" lat="43.646415"><ele>276.25</ele></trkpt>
   <trkpt lon="6.866107" lat="43.647079"><ele>287.25</ele></trkpt>
   <trkpt lon="6.865433" lat="43.647618"><ele>297.75</ele></trkpt>
   <trkpt lon="6.865374" lat="43.647665"><ele>299.0</ele></trkpt>
   <trkpt lon="6.864969" lat="43.647995"><ele>310.0</ele></trkpt>
   <trkpt lon="6.864612" lat="43.648264"><ele>320.75</ele></trkpt>
   <trkpt lon="6.864543" lat="43.648387"><ele>324.75</ele></trkpt>
   <trkpt lon="6.864536" lat="43.648511"><ele>327.0</ele></trkpt>
   <trkpt lon="6.864611" lat="43.648562"><ele>326.5</ele></trkpt>
   <trkpt lon="6.864627" lat="43.648630"><ele>327.5</ele></trkpt>
   <trkpt lon="6.864511" lat="43.648732"><ele>330.0</ele></trkpt>
   <trkpt lon="6.864226" lat="43.648884"><ele>336.75</ele></trkpt>
   <trkpt lon="6.864068" lat="43.649038"><ele>341.75</ele><sym>right</sym></trkpt>
   <trkpt lon="6.864124" lat="43.649081"><ele>341.25</ele><sym>left</sym></trkpt>
   <trkpt lon="6.864079" lat="43.649109"><ele>342.5</ele></trkpt>
   <trkpt lon="6.864007" lat="43.649175"><ele>345.0</ele></trkpt>
   <trkpt lon="6.863933" lat="43.649268"><ele>348.0</ele></trkpt>
   <trkpt lon="6.863780" lat="43.649491"><ele>354.0</ele></trkpt>
   <trkpt lon="6.863656" lat="43.649614"><ele>357.5</ele></trkpt>
   <trkpt lon="6.863530" lat="43.649762"><ele>361.75</ele></trkpt>
   <trkpt lon="6.863406" lat="43.649938"><ele>366.0</ele><sym>left</sym></trkpt>
   <trkpt lon="6.863195" lat="43.649837"><ele>367.5</ele></trkpt>
   <trkpt lon="6.862683" lat="43.649619"><ele>369.25</ele></trkpt>
   <trkpt lon="6.862597" lat="43.649592"><ele>369.5</ele></trkpt>
   <trkpt lon="6.862398" lat="43.649559"><ele>370.5</ele></trkpt>
   <trkpt lon="6.862189" lat="43.649566"><ele>371.75</ele></trkpt>
   <trkpt lon="6.861709" lat="43.649597"><ele>374.25</ele></trkpt>
   <trkpt lon="6.860996" lat="43.649586"><ele>378.5</ele></trkpt>
   <trkpt lon="6.860857" lat="43.649612"><ele>379.5</ele></trkpt>
   <trkpt lon="6.860502" lat="43.649753"><ele>379.25</ele></trkpt>
   <trkpt lon="6.860214" lat="43.649926"><ele>380.5</ele></trkpt>
   <trkpt lon="6.860113" lat="43.649960"><ele>380.75</ele></trkpt>
   <trkpt lon="6.860007" lat="43.649981"><ele>380.25</ele><sym>left_slight</sym></trkpt>
   <trkpt lon="6.859914" lat="43.649948"><ele>380.5</ele></trkpt>
   <trkpt lon="6.859842" lat="43.649914"><ele>380.75</ele></trkpt>
   <trkpt lon="6.859654" lat="43.649805"><ele>382.25</ele></trkpt>
   <trkpt lon="6.859537" lat="43.649713"><ele>382.25</ele></trkpt>
   <trkpt lon="6.859473" lat="43.649646"><ele>382.5</ele></trkpt>
   <trkpt lon="6.859399" lat="43.649545"><ele>383.5</ele></trkpt>
   <trkpt lon="6.859325" lat="43.649456"><ele>384.25</ele><sym>right</sym></trkpt>
   <trkpt lon="6.859302" lat="43.649465"><ele>384.5</ele></trkpt>
   <trkpt lon="6.859159" lat="43.649492"><ele>386.25</ele><sym>right_slight</sym></trkpt>
   <trkpt lon="6.858922" lat="43.649746"><ele>391.5</ele></trkpt>
   <trkpt lon="6.858877" lat="43.649862"><ele>393.0</ele></trkpt>
   <trkpt lon="6.858864" lat="43.649962"><ele>394.0</ele></trkpt>
   <trkpt lon="6.858896" lat="43.650157"><ele>397.25</ele></trkpt>
   <trkpt lon="6.858969" lat="43.650254"><ele>398.5</ele><sym>left_slight</sym></trkpt>
   <trkpt lon="6.858990" lat="43.650440"><ele>402.75</ele><sym>pass_place</sym><type>Shaping</type></trkpt>
   <trkpt lon="6.859146" lat="43.650594"><ele>404.5</ele></trkpt>
   <trkpt lon="6.859325" lat="43.650700"><ele>405.75</ele></trkpt>
   <trkpt lon="6.859482" lat="43.650766"><ele>406.5</ele></trkpt>
   <trkpt lon="6.859843" lat="43.650888"><ele>408.25</ele></trkpt>
   <trkpt lon="6.860393" lat="43.651575"><ele>419.5</ele></trkpt>
   <trkpt lon="6.860478" lat="43.651704"><ele>421.5</ele></trkpt>
   <trkpt lon="6.860537" lat="43.651874"><ele>424.5</ele></trkpt>
   <trkpt lon="6.860551" lat="43.652055"><ele>428.25</ele></trkpt>
   <trkpt lon="6.860565" lat="43.652114"><ele>429.25</ele><sym>right_slight</sym></trkpt>
   <trkpt lon="6.860610" lat="43.652175"><ele>429.75</ele></trkpt>
   <trkpt lon="6.860719" lat="43.652248"><ele>430.0</ele></trkpt>
   <trkpt lon="6.860953" lat="43.652366"><ele>432.25</ele></trkpt>
   <trkpt lon="6.861120" lat="43.652429"><ele>433.75</ele></trkpt>
   <trkpt lon="6.861654" lat="43.652595"><ele>438.0</ele></trkpt>
   <trkpt lon="6.862103" lat="43.652677"><ele>439.75</ele></trkpt>
   <trkpt lon="6.862254" lat="43.652669"><ele>440.5</ele></trkpt>
   <trkpt lon="6.862745" lat="43.652543"><ele>441.75</ele></trkpt>
   <trkpt lon="6.862947" lat="43.652562"><ele>442.5</ele></trkpt>
   <trkpt lon="6.863151" lat="43.652631"><ele>444.0</ele></trkpt>
   <trkpt lon="6.863446" lat="43.652857"><ele>449.5</ele></trkpt>
   <trkpt lon="6.863645" lat="43.652941"><ele>452.0</ele></trkpt>
   <trkpt lon="6.863936" lat="43.653017"><ele>453.5</ele></trkpt>
   <trkpt lon="6.864187" lat="43.653114"><ele>454.5</ele></trkpt>
   <trkpt lon="6.864463" lat="43.653252"><ele>455.75</ele></trkpt>
   <trkpt lon="6.864576" lat="43.653332"><ele>457.0</ele></trkpt>
   <trkpt lon="6.864672" lat="43.653439"><ele>458.75</ele></trkpt>
   <trkpt lon="6.864926" lat="43.653575"><ele>463.0</ele></trkpt>
   <trkpt lon="6.865089" lat="43.653628"><ele>463.75</ele></trkpt>
   <trkpt lon="6.865194" lat="43.653675"><ele>463.5</ele></trkpt>
   <trkpt lon="6.865456" lat="43.653807"><ele>465.25</ele></trkpt>
   <trkpt lon="6.865532" lat="43.653858"><ele>466.75</ele></trkpt>
   <trkpt lon="6.865621" lat="43.653947"><ele>467.5</ele></trkpt>
   <trkpt lon="6.865768" lat="43.654196"><ele>471.25</ele></trkpt>
   <trkpt lon="6.866009" lat="43.654462"><ele>473.75</ele></trkpt>
   <trkpt lon="6.866432" lat="43.654866"><ele>477.25</ele></trkpt>
   <trkpt lon="6.866808" lat="43.655151"><ele>479.75</ele></trkpt>
   <trkpt lon="6.867043" lat="43.655498"><ele>485.25</ele></trkpt>
   <trkpt lon="6.867273" lat="43.655659"><ele>486.75</ele></trkpt>
   <trkpt lon="6.867664" lat="43.655884"><ele>490.5</ele></trkpt>
   <trkpt lon="6.868100" lat="43.656065"><ele>495.0</ele></trkpt>
   <trkpt lon="6.868806" lat="43.656291"><ele>497.75</ele></trkpt>
   <trkpt lon="6.870027" lat="43.656502"><ele>505.75</ele></trkpt>
   <trkpt lon="6.870463" lat="43.656546"><ele>507.75</ele></trkpt>
   <trkpt lon="6.870577" lat="43.656624"><ele>510.75</ele><sym>right_slight</sym></trkpt>
   <trkpt lon="6.870721" lat="43.656613"><ele>511.5</ele></trkpt>
   <trkpt lon="6.870847" lat="43.656590"><ele>512.0</ele></trkpt>
   <trkpt lon="6.870968" lat="43.656555"><ele>513.0</ele></trkpt>
   <trkpt lon="6.871077" lat="43.656510"><ele>513.75</ele></trkpt>
   <trkpt lon="6.871235" lat="43.656434"><ele>514.0</ele></trkpt>
   <trkpt lon="6.871733" lat="43.656199"><ele>515.25</ele></trkpt>
   <trkpt lon="6.871894" lat="43.656139"><ele>516.0</ele></trkpt>
   <trkpt lon="6.871982" lat="43.656115"><ele>516.5</ele></trkpt>
   <trkpt lon="6.872070" lat="43.656099"><ele>516.75</ele></trkpt>
   <trkpt lon="6.872380" lat="43.656074"><ele>518.5</ele></trkpt>
   <trkpt lon="6.872542" lat="43.656061"><ele>519.75</ele></trkpt>
   <trkpt lon="6.872633" lat="43.656038"><ele>521.0</ele></trkpt>
   <trkpt lon="6.872689" lat="43.656016"><ele>521.75</ele></trkpt>
   <trkpt lon="6.872750" lat="43.655974"><ele>522.25</ele></trkpt>
   <trkpt lon="6.872793" lat="43.655928"><ele>522.5</ele></trkpt>
   <trkpt lon="6.872935" lat="43.655737"><ele>523.5</ele></trkpt>
   <trkpt lon="6.873089" lat="43.655620"><ele>525.0</ele></trkpt>
   <trkpt lon="6.873187" lat="43.655542"><ele>525.0</ele></trkpt>
   <trkpt lon="6.873574" lat="43.655275"><ele>527.25</ele></trkpt>
   <trkpt lon="6.873638" lat="43.655244"><ele>527.75</ele></trkpt>
   <trkpt lon="6.873685" lat="43.655249"><ele>529.0</ele></trkpt>
   <trkpt lon="6.873719" lat="43.655269"><ele>530.0</ele></trkpt>
   <trkpt lon="6.873732" lat="43.655286"><ele>530.5</ele></trkpt>
   <trkpt lon="6.873737" lat="43.655309"><ele>531.0</ele></trkpt>
   <trkpt lon="6.873719" lat="43.655345"><ele>531.0</ele></trkpt>
   <trkpt lon="6.873553" lat="43.655563"><ele>530.25</ele></trkpt>
   <trkpt lon="6.873499" lat="43.655655"><ele>530.5</ele></trkpt>
   <trkpt lon="6.873483" lat="43.655720"><ele>531.25</ele></trkpt>
   <trkpt lon="6.873477" lat="43.655804"><ele>532.5</ele></trkpt>
   <trkpt lon="6.873481" lat="43.655847"><ele>533.0</ele></trkpt>
   <trkpt lon="6.873523" lat="43.656019"><ele>535.0</ele></trkpt>
   <trkpt lon="6.873556" lat="43.656248"><ele>537.75</ele></trkpt>
   <trkpt lon="6.873498" lat="43.656376"><ele>538.5</ele></trkpt>
   <trkpt lon="6.873410" lat="43.656438"><ele>538.5</ele></trkpt>
   <trkpt lon="6.873209" lat="43.656522"><ele>538.25</ele></trkpt>
   <trkpt lon="6.873189" lat="43.656542"><ele>538.75</ele></trkpt>
   <trkpt lon="6.873180" lat="43.656573"><ele>539.25</ele></trkpt>
   <trkpt lon="6.873182" lat="43.656598"><ele>539.75</ele></trkpt>
   <trkpt lon="6.873195" lat="43.656621"><ele>540.5</ele></trkpt>
   <trkpt lon="6.873220" lat="43.656638"><ele>540.75</ele></trkpt>
   <trkpt lon="6.873299" lat="43.656655"><ele>541.5</ele></trkpt>
   <trkpt lon="6.873366" lat="43.656646"><ele>541.75</ele></trkpt>
   <trkpt lon="6.873743" lat="43.656541"><ele>542.75</ele></trkpt>
   <trkpt lon="6.873787" lat="43.656542"><ele>543.0</ele></trkpt>
   <trkpt lon="6.873899" lat="43.656576"><ele>543.5</ele><sym>right</sym></trkpt>
   <trkpt lon="6.873990" lat="43.656370"><ele>543.25</ele><sym>pass_place</sym><type>Shaping</type></trkpt>
   <trkpt lon="6.873991" lat="43.656369"><ele>543.25</ele><sym>left_slight</sym></trkpt>
   <trkpt lon="6.874095" lat="43.656332"><ele>543.5</ele></trkpt>
   <trkpt lon="6.874222" lat="43.656133"><ele>544.25</ele></trkpt>
   <trkpt lon="6.874297" lat="43.656044"><ele>544.75</ele><sym>left_slight</sym></trkpt>
   <trkpt lon="6.874489" lat="43.655910"><ele>546.0</ele></trkpt>
   <trkpt lon="6.874553" lat="43.655895"><ele>546.5</ele></trkpt>
   <trkpt lon="6.874677" lat="43.655879"><ele>547.25</ele></trkpt>
   <trkpt lon="6.874793" lat="43.655878"><ele>548.0</ele></trkpt>
   <trkpt lon="6.874842" lat="43.655868"><ele>548.5</ele></trkpt>
   <trkpt lon="6.874984" lat="43.655804"><ele>550.0</ele></trkpt>
   <trkpt lon="6.875065" lat="43.655778"><ele>550.75</ele><sym>left_slight</sym></trkpt>
   <trkpt lon="6.875117" lat="43.655782"><ele>551.0</ele></trkpt>
   <trkpt lon="6.875462" lat="43.655813"><ele>550.5</ele></trkpt>
   <trkpt lon="6.875725" lat="43.655839"><ele>549.75</ele></trkpt>
   <trkpt lon="6.875807" lat="43.655880"><ele>549.25</ele></trkpt>
   <trkpt lon="6.875879" lat="43.655931"><ele>548.25</ele></trkpt>
   <trkpt lon="6.876041" lat="43.656070"><ele>545.0</ele></trkpt>
   <trkpt lon="6.876217" lat="43.656230"><ele>542.5</ele><sym>left</sym></trkpt>
   <trkpt lon="6.876099" lat="43.656281"><ele>542.75</ele></trkpt>
   <trkpt lon="6.875820" lat="43.656289"><ele>543.25</ele></trkpt>
   <trkpt lon="6.875508" lat="43.656273"><ele>543.75</ele><sym>u-turn</sym><type>Via</type></trkpt>
   <trkpt lon="6.875820" lat="43.656289"><ele>543.25</ele></trkpt>
   <trkpt lon="6.876099" lat="43.656281"><ele>542.75</ele></trkpt>
   <trkpt lon="6.876217" lat="43.656230"><ele>542.5</ele><sym>right</sym></trkpt>
   <trkpt lon="6.876041" lat="43.656070"><ele>545.0</ele></trkpt>
   <trkpt lon="6.875879" lat="43.655931"><ele>548.25</ele></trkpt>
   <trkpt lon="6.875807" lat="43.655880"><ele>549.25</ele></trkpt>
   <trkpt lon="6.875725" lat="43.655839"><ele>549.75</ele></trkpt>
   <trkpt lon="6.875462" lat="43.655813"><ele>550.5</ele></trkpt>
   <trkpt lon="6.875117" lat="43.655782"><ele>551.0</ele></trkpt>
   <trkpt lon="6.875065" lat="43.655778"><ele>550.75</ele><sym>right_slight</sym></trkpt>
   <trkpt lon="6.874984" lat="43.655804"><ele>550.0</ele></trkpt>
   <trkpt lon="6.874842" lat="43.655868"><ele>548.5</ele></trkpt>
   <trkpt lon="6.874793" lat="43.655878"><ele>548.0</ele></trkpt>
   <trkpt lon="6.874677" lat="43.655879"><ele>547.25</ele></trkpt>
   <trkpt lon="6.874553" lat="43.655895"><ele>546.5</ele></trkpt>
   <trkpt lon="6.874489" lat="43.655910"><ele>546.0</ele></trkpt>
   <trkpt lon="6.874297" lat="43.656044"><ele>544.75</ele><sym>right_slight</sym></trkpt>
   <trkpt lon="6.874222" lat="43.656133"><ele>544.25</ele></trkpt>
   <trkpt lon="6.874095" lat="43.656332"><ele>543.5</ele></trkpt>
   <trkpt lon="6.873991" lat="43.656369"><ele>543.25</ele><sym>right_slight</sym></trkpt>
   <trkpt lon="6.873899" lat="43.656576"><ele>543.5</ele><sym>left</sym></trkpt>
   <trkpt lon="6.873787" lat="43.656542"><ele>543.0</ele></trkpt>
   <trkpt lon="6.873743" lat="43.656541"><ele>542.75</ele></trkpt>
   <trkpt lon="6.873366" lat="43.656646"><ele>541.75</ele></trkpt>
   <trkpt lon="6.873299" lat="43.656655"><ele>541.5</ele></trkpt>
   <trkpt lon="6.873220" lat="43.656638"><ele>540.75</ele></trkpt>
   <trkpt lon="6.873195" lat="43.656621"><ele>540.5</ele></trkpt>
   <trkpt lon="6.873182" lat="43.656598"><ele>539.75</ele></trkpt>
   <trkpt lon="6.873180" lat="43.656573"><ele>539.25</ele></trkpt>
   <trkpt lon="6.873189" lat="43.656542"><ele>538.75</ele></trkpt>
   <trkpt lon="6.873209" lat="43.656522"><ele>538.25</ele></trkpt>
   <trkpt lon="6.873410" lat="43.656438"><ele>538.5</ele></trkpt>
   <trkpt lon="6.873498" lat="43.656376"><ele>538.5</ele></trkpt>
   <trkpt lon="6.873556" lat="43.656248"><ele>537.75</ele></trkpt>
   <trkpt lon="6.873523" lat="43.656019"><ele>535.0</ele></trkpt>
   <trkpt lon="6.873481" lat="43.655847"><ele>533.0</ele></trkpt>
   <trkpt lon="6.873477" lat="43.655804"><ele>532.5</ele></trkpt>
   <trkpt lon="6.873483" lat="43.655720"><ele>531.25</ele></trkpt>
   <trkpt lon="6.873499" lat="43.655655"><ele>530.5</ele></trkpt>
   <trkpt lon="6.873553" lat="43.655563"><ele>530.25</ele></trkpt>
   <trkpt lon="6.873719" lat="43.655345"><ele>531.0</ele></trkpt>
   <trkpt lon="6.873737" lat="43.655309"><ele>531.0</ele></trkpt>
   <trkpt lon="6.873732" lat="43.655286"><ele>530.5</ele></trkpt>
   <trkpt lon="6.873719" lat="43.655269"><ele>530.0</ele></trkpt>
   <trkpt lon="6.873685" lat="43.655249"><ele>529.0</ele></trkpt>
   <trkpt lon="6.873638" lat="43.655244"><ele>527.75</ele></trkpt>
   <trkpt lon="6.873574" lat="43.655275"><ele>527.25</ele></trkpt>
   <trkpt lon="6.873187" lat="43.655542"><ele>525.0</ele></trkpt>
   <trkpt lon="6.873089" lat="43.655620"><ele>525.0</ele></trkpt>
   <trkpt lon="6.872935" lat="43.655737"><ele>523.5</ele></trkpt>
   <trkpt lon="6.872793" lat="43.655928"><ele>522.5</ele></trkpt>
   <trkpt lon="6.872750" lat="43.655974"><ele>522.25</ele></trkpt>
   <trkpt lon="6.872689" lat="43.656016"><ele>521.75</ele></trkpt>
   <trkpt lon="6.872633" lat="43.656038"><ele>521.0</ele></trkpt>
   <trkpt lon="6.872542" lat="43.656061"><ele>519.75</ele></trkpt>
   <trkpt lon="6.872380" lat="43.656074"><ele>518.5</ele></trkpt>
   <trkpt lon="6.872070" lat="43.656099"><ele>516.75</ele></trkpt>
   <trkpt lon="6.871982" lat="43.656115"><ele>516.5</ele></trkpt>
   <trkpt lon="6.871894" lat="43.656139"><ele>516.0</ele></trkpt>
   <trkpt lon="6.871733" lat="43.656199"><ele>515.25</ele></trkpt>
   <trkpt lon="6.871235" lat="43.656434"><ele>514.0</ele></trkpt>
   <trkpt lon="6.871077" lat="43.656510"><ele>513.75</ele></trkpt>
   <trkpt lon="6.870968" lat="43.656555"><ele>513.0</ele></trkpt>
   <trkpt lon="6.870847" lat="43.656590"><ele>512.0</ele></trkpt>
   <trkpt lon="6.870721" lat="43.656613"><ele>511.5</ele></trkpt>
   <trkpt lon="6.870577" lat="43.656624"><ele>510.75</ele><sym>left_slight</sym></trkpt>
   <trkpt lon="6.870463" lat="43.656546"><ele>507.75</ele></trkpt>
   <trkpt lon="6.870027" lat="43.656502"><ele>505.75</ele></trkpt>
   <trkpt lon="6.868806" lat="43.656291"><ele>497.75</ele></trkpt>
   <trkpt lon="6.868100" lat="43.656065"><ele>495.0</ele></trkpt>
   <trkpt lon="6.867664" lat="43.655884"><ele>490.5</ele></trkpt>
   <trkpt lon="6.867273" lat="43.655659"><ele>486.75</ele></trkpt>
   <trkpt lon="6.867043" lat="43.655498"><ele>485.25</ele></trkpt>
   <trkpt lon="6.866808" lat="43.655151"><ele>479.75</ele></trkpt>
   <trkpt lon="6.866432" lat="43.654866"><ele>477.25</ele></trkpt>
   <trkpt lon="6.866009" lat="43.654462"><ele>473.75</ele></trkpt>
   <trkpt lon="6.865768" lat="43.654196"><ele>471.25</ele></trkpt>
   <trkpt lon="6.865621" lat="43.653947"><ele>467.5</ele></trkpt>
   <trkpt lon="6.865532" lat="43.653858"><ele>466.75</ele></trkpt>
   <trkpt lon="6.865456" lat="43.653807"><ele>465.25</ele></trkpt>
   <trkpt lon="6.865194" lat="43.653675"><ele>463.5</ele></trkpt>
   <trkpt lon="6.865089" lat="43.653628"><ele>463.75</ele></trkpt>
   <trkpt lon="6.864926" lat="43.653575"><ele>463.0</ele></trkpt>
   <trkpt lon="6.864672" lat="43.653439"><ele>458.75</ele></trkpt>
   <trkpt lon="6.864576" lat="43.653332"><ele>457.0</ele></trkpt>
   <trkpt lon="6.864463" lat="43.653252"><ele>455.75</ele></trkpt>
   <trkpt lon="6.864187" lat="43.653114"><ele>454.5</ele></trkpt>
   <trkpt lon="6.863936" lat="43.653017"><ele>453.5</ele></trkpt>
   <trkpt lon="6.863645" lat="43.652941"><ele>452.0</ele></trkpt>
   <trkpt lon="6.863446" lat="43.652857"><ele>449.5</ele></trkpt>
   <trkpt lon="6.863151" lat="43.652631"><ele>444.0</ele></trkpt>
   <trkpt lon="6.862947" lat="43.652562"><ele>442.5</ele></trkpt>
   <trkpt lon="6.862745" lat="43.652543"><ele>441.75</ele></trkpt>
   <trkpt lon="6.862254" lat="43.652669"><ele>440.5</ele></trkpt>
   <trkpt lon="6.862103" lat="43.652677"><ele>439.75</ele></trkpt>
   <trkpt lon="6.861654" lat="43.652595"><ele>438.0</ele></trkpt>
   <trkpt lon="6.861120" lat="43.652429"><ele>433.75</ele><sym>pass_place</sym><type>Shaping</type></trkpt>
   <trkpt lon="6.860953" lat="43.652366"><ele>432.25</ele></trkpt>
   <trkpt lon="6.860719" lat="43.652248"><ele>430.0</ele></trkpt>
   <trkpt lon="6.860610" lat="43.652175"><ele>429.75</ele></trkpt>
   <trkpt lon="6.860565" lat="43.652114"><ele>429.25</ele><sym>left_slight</sym></trkpt>
   <trkpt lon="6.860551" lat="43.652055"><ele>428.25</ele></trkpt>
   <trkpt lon="6.860537" lat="43.651874"><ele>424.5</ele></trkpt>
   <trkpt lon="6.860478" lat="43.651704"><ele>421.5</ele></trkpt>
   <trkpt lon="6.860393" lat="43.651575"><ele>419.5</ele></trkpt>
   <trkpt lon="6.859843" lat="43.650888"><ele>408.25</ele></trkpt>
   <trkpt lon="6.859482" lat="43.650766"><ele>406.5</ele></trkpt>
   <trkpt lon="6.859325" lat="43.650700"><ele>405.75</ele></trkpt>
   <trkpt lon="6.859146" lat="43.650594"><ele>404.5</ele></trkpt>
   <trkpt lon="6.858990" lat="43.650440"><ele>402.75</ele></trkpt>
   <trkpt lon="6.858969" lat="43.650254"><ele>398.5</ele><sym>right_slight</sym></trkpt>
   <trkpt lon="6.858896" lat="43.650157"><ele>397.25</ele></trkpt>
   <trkpt lon="6.858864" lat="43.649962"><ele>394.0</ele></trkpt>
   <trkpt lon="6.858877" lat="43.649862"><ele>393.0</ele></trkpt>
   <trkpt lon="6.858922" lat="43.649746"><ele>391.5</ele></trkpt>
   <trkpt lon="6.859159" lat="43.649492"><ele>386.25</ele><sym>right</sym></trkpt>
   <trkpt lon="6.859095" lat="43.649472"><ele>387.0</ele></trkpt>
   <trkpt lon="6.858957" lat="43.649376"><ele>388.5</ele></trkpt>
   <trkpt lon="6.858914" lat="43.649330"><ele>388.75</ele><sym>right</sym></trkpt>
   <trkpt lon="6.858664" lat="43.649432"><ele>392.25</ele><sym>left_slight</sym></trkpt>
   <trkpt lon="6.858546" lat="43.649415"><ele>392.75</ele></trkpt>
   <trkpt lon="6.858163" lat="43.649306"><ele>392.25</ele></trkpt>
   <trkpt lon="6.858086" lat="43.649259"><ele>391.5</ele><sym>right_slight</sym></trkpt>
   <trkpt lon="6.858020" lat="43.649236"><ele>391.25</ele></trkpt>
   <trkpt lon="6.857765" lat="43.649233"><ele>391.5</ele></trkpt>
   <trkpt lon="6.857690" lat="43.649225"><ele>391.75</ele></trkpt>
   <trkpt lon="6.857645" lat="43.649219"><ele>392.0</ele></trkpt>
   <trkpt lon="6.857534" lat="43.649176"><ele>391.75</ele></trkpt>
   <trkpt lon="6.857407" lat="43.649116"><ele>391.5</ele></trkpt>
   <trkpt lon="6.857318" lat="43.649089"><ele>391.5</ele></trkpt>
   <trkpt lon="6.856914" lat="43.649049"><ele>393.75</ele></trkpt>
   <trkpt lon="6.856629" lat="43.649029"><ele>394.5</ele></trkpt>
   <trkpt lon="6.856370" lat="43.649063"><ele>395.75</ele></trkpt>
   <trkpt lon="6.856320" lat="43.649081"><ele>396.25</ele></trkpt>
   <trkpt lon="6.856133" lat="43.649153"><ele>397.5</ele></trkpt>
   <trkpt lon="6.856015" lat="43.649174"><ele>398.25</ele></trkpt>
   <trkpt lon="6.855770" lat="43.649196"><ele>399.25</ele></trkpt>
   <trkpt lon="6.855608" lat="43.649174"><ele>399.0</ele></trkpt>
   <trkpt lon="6.855413" lat="43.649080"><ele>399.0</ele></trkpt>
   <trkpt lon="6.854952" lat="43.648667"><ele>400.0</ele></trkpt>
   <trkpt lon="6.854861" lat="43.648590"><ele>400.25</ele></trkpt>
   <trkpt lon="6.854495" lat="43.648501"><ele>399.75</ele></trkpt>
   <trkpt lon="6.854224" lat="43.648435"><ele>397.75</ele></trkpt>
   <trkpt lon="6.853773" lat="43.648267"><ele>397.0</ele></trkpt>
   <trkpt lon="6.853668" lat="43.648216"><ele>396.75</ele></trkpt>
   <trkpt lon="6.853591" lat="43.648179"><ele>396.75</ele></trkpt>
   <trkpt lon="6.853439" lat="43.648055"><ele>396.0</ele></trkpt>
   <trkpt lon="6.853359" lat="43.647966"><ele>396.25</ele></trkpt>
   <trkpt lon="6.853269" lat="43.647723"><ele>395.75</ele></trkpt>
   <trkpt lon="6.853225" lat="43.647529"><ele>395.0</ele></trkpt>
   <trkpt lon="6.853146" lat="43.647305"><ele>395.5</ele></trkpt>
   <trkpt lon="6.853111" lat="43.647039"><ele>395.75</ele></trkpt>
   <trkpt lon="6.853096" lat="43.646925"><ele>396.25</ele></trkpt>
   <trkpt lon="6.853055" lat="43.646857"><ele>397.5</ele></trkpt>
   <trkpt lon="6.853004" lat="43.646771"><ele>398.75</ele></trkpt>
   <trkpt lon="6.852878" lat="43.646638"><ele>400.0</ele></trkpt>
   <trkpt lon="6.852734" lat="43.646516"><ele>400.0</ele></trkpt>
   <trkpt lon="6.852273" lat="43.646179"><ele>399.0</ele></trkpt>
   <trkpt lon="6.852150" lat="43.646087"><ele>397.75</ele></trkpt>
   <trkpt lon="6.851876" lat="43.645844"><ele>395.5</ele></trkpt>
   <trkpt lon="6.851587" lat="43.645618"><ele>394.0</ele></trkpt>
   <trkpt lon="6.851132" lat="43.645423"><ele>390.5</ele></trkpt>
   <trkpt lon="6.850794" lat="43.645241"><ele>388.75</ele></trkpt>
   <trkpt lon="6.850768" lat="43.645152"><ele>388.0</ele></trkpt>
   <trkpt lon="6.850696" lat="43.645061"><ele>388.75</ele></trkpt>
   <trkpt lon="6.850558" lat="43.644745"><ele>390.0</ele></trkpt>
   <trkpt lon="6.850471" lat="43.644609"><ele>390.75</ele></trkpt>
   <trkpt lon="6.850342" lat="43.644473"><ele>391.25</ele></trkpt>
   <trkpt lon="6.850237" lat="43.644352"><ele>391.25</ele></trkpt>
   <trkpt lon="6.850091" lat="43.644085"><ele>391.0</ele></trkpt>
   <trkpt lon="6.849981" lat="43.643609"><ele>390.0</ele></trkpt>
   <trkpt lon="6.849938" lat="43.643528"><ele>390.0</ele></trkpt>
   <trkpt lon="6.849821" lat="43.643427"><ele>390.0</ele></trkpt>
   <trkpt lon="6.849549" lat="43.643128"><ele>388.25</ele></trkpt>
   <trkpt lon="6.849198" lat="43.642762"><ele>388.25</ele></trkpt>
   <trkpt lon="6.848972" lat="43.642578"><ele>387.5</ele></trkpt>
   <trkpt lon="6.848620" lat="43.642405"><ele>387.5</ele></trkpt>
   <trkpt lon="6.848299" lat="43.642304"><ele>386.25</ele></trkpt>
   <trkpt lon="6.848022" lat="43.642199"><ele>385.5</ele></trkpt>
   <trkpt lon="6.847848" lat="43.642075"><ele>383.0</ele></trkpt>
   <trkpt lon="6.847783" lat="43.642031"><ele>382.0</ele></trkpt>
   <trkpt lon="6.847602" lat="43.641934"><ele>381.75</ele><sym>pass_place</sym><type>Shaping</type></trkpt>
   <trkpt lon="6.847311" lat="43.641832"><ele>382.75</ele></trkpt>
   <trkpt lon="6.847313" lat="43.641778"><ele>381.5</ele></trkpt>
   <trkpt lon="6.847375" lat="43.641731"><ele>379.75</ele><sym>right</sym></trkpt>
   <trkpt lon="6.847168" lat="43.641594"><ele>379.75</ele></trkpt>
   <trkpt lon="6.847100" lat="43.641532"><ele>380.0</ele></trkpt>
   <trkpt lon="6.847020" lat="43.641423"><ele>380.0</ele></trkpt>
   <trkpt lon="6.846745" lat="43.640731"><ele>381.25</ele></trkpt>
   <trkpt lon="6.846713" lat="43.640651"><ele>381.5</ele></trkpt>
   <trkpt lon="6.846693" lat="43.640598"><ele>381.5</ele></trkpt>
   <trkpt lon="6.846671" lat="43.640544"><ele>381.75</ele></trkpt>
   <trkpt lon="6.846653" lat="43.640499"><ele>381.75</ele></trkpt>
   <trkpt lon="6.846624" lat="43.640424"><ele>381.75</ele></trkpt>
   <trkpt lon="6.846593" lat="43.640346"><ele>382.0</ele></trkpt>
   <trkpt lon="6.846532" lat="43.640192"><ele>382.0</ele></trkpt>
   <trkpt lon="6.846389" lat="43.639939"><ele>380.25</ele></trkpt>
   <trkpt lon="6.846340" lat="43.639870"><ele>380.0</ele></trkpt>
   <trkpt lon="6.846288" lat="43.639821"><ele>380.0</ele></trkpt>
   <trkpt lon="6.846234" lat="43.639774"><ele>379.75</ele></trkpt>
   <trkpt lon="6.846113" lat="43.639730"><ele>380.0</ele></trkpt>
   <trkpt lon="6.846033" lat="43.639722"><ele>380.25</ele></trkpt>
   <trkpt lon="6.845954" lat="43.639727"><ele>380.5</ele></trkpt>
   <trkpt lon="6.845892" lat="43.639741"><ele>381.0</ele></trkpt>
   <trkpt lon="6.845386" lat="43.639849"><ele>381.75</ele></trkpt>
   <trkpt lon="6.845250" lat="43.639862"><ele>381.5</ele></trkpt>
   <trkpt lon="6.845174" lat="43.639850"><ele>381.75</ele></trkpt>
   <trkpt lon="6.845028" lat="43.639798"><ele>382.0</ele></trkpt>
   <trkpt lon="6.844545" lat="43.639516"><ele>382.25</ele></trkpt>
   <trkpt lon="6.844397" lat="43.639463"><ele>382.75</ele></trkpt>
   <trkpt lon="6.844059" lat="43.639408"><ele>383.25</ele></trkpt>
   <trkpt lon="6.843728" lat="43.639343"><ele>383.5</ele></trkpt>
   <trkpt lon="6.843632" lat="43.639308"><ele>383.25</ele></trkpt>
   <trkpt lon="6.843552" lat="43.639278"><ele>383.5</ele></trkpt>
   <trkpt lon="6.843135" lat="43.638993"><ele>383.75</ele></trkpt>
   <trkpt lon="6.843008" lat="43.638919"><ele>383.75</ele></trkpt>
   <trkpt lon="6.842858" lat="43.638875"><ele>383.25</ele></trkpt>
   <trkpt lon="6.842370" lat="43.638843"><ele>383.0</ele></trkpt>
   <trkpt lon="6.842164" lat="43.638822"><ele>383.75</ele></trkpt>
   <trkpt lon="6.841662" lat="43.638747"><ele>385.75</ele></trkpt>
   <trkpt lon="6.841547" lat="43.638721"><ele>385.75</ele></trkpt>
   <trkpt lon="6.841280" lat="43.638644"><ele>385.25</ele></trkpt>
   <trkpt lon="6.840825" lat="43.638489"><ele>385.25</ele></trkpt>
   <trkpt lon="6.840166" lat="43.638293"><ele>385.5</ele></trkpt>
   <trkpt lon="6.839897" lat="43.638244"><ele>386.0</ele></trkpt>
   <trkpt lon="6.839634" lat="43.638210"><ele>386.75</ele></trkpt>
   <trkpt lon="6.839370" lat="43.638156"><ele>387.75</ele></trkpt>
   <trkpt lon="6.838528" lat="43.637861"><ele>388.25</ele></trkpt>
   <trkpt lon="6.838293" lat="43.637792"><ele>388.25</ele></trkpt>
   <trkpt lon="6.837937" lat="43.637729"><ele>387.5</ele></trkpt>
   <trkpt lon="6.837795" lat="43.637698"><ele>387.75</ele></trkpt>
   <trkpt lon="6.837610" lat="43.637644"><ele>388.25</ele></trkpt>
   <trkpt lon="6.837271" lat="43.637516"><ele>389.5</ele></trkpt>
   <trkpt lon="6.837144" lat="43.637448"><ele>390.25</ele></trkpt>
   <trkpt lon="6.837037" lat="43.637381"><ele>390.75</ele></trkpt>
   <trkpt lon="6.836934" lat="43.637295"><ele>390.5</ele></trkpt>
   <trkpt lon="6.836880" lat="43.637240"><ele>390.0</ele></trkpt>
   <trkpt lon="6.836791" lat="43.637130"><ele>389.5</ele></trkpt>
   <trkpt lon="6.836350" lat="43.636512"><ele>391.5</ele></trkpt>
   <trkpt lon="6.835794" lat="43.635789"><ele>392.75</ele></trkpt>
   <trkpt lon="6.835630" lat="43.635671"><ele>393.0</ele></trkpt>
   <trkpt lon="6.835533" lat="43.635630"><ele>393.5</ele></trkpt>
   <trkpt lon="6.835426" lat="43.635594"><ele>394.25</ele></trkpt>
   <trkpt lon="6.835317" lat="43.635570"><ele>395.0</ele></trkpt>
   <trkpt lon="6.834631" lat="43.635453"><ele>398.25</ele></trkpt>
   <trkpt lon="6.834535" lat="43.635430"><ele>398.25</ele></trkpt>
   <trkpt lon="6.834436" lat="43.635397"><ele>398.0</ele></trkpt>
   <trkpt lon="6.834325" lat="43.635351"><ele>397.25</ele></trkpt>
   <trkpt lon="6.834246" lat="43.635307"><ele>396.5</ele></trkpt>
   <trkpt lon="6.834173" lat="43.635254"><ele>396.0</ele></trkpt>
   <trkpt lon="6.833530" lat="43.634649"><ele>400.0</ele></trkpt>
   <trkpt lon="6.833379" lat="43.634540"><ele>402.0</ele></trkpt>
   <trkpt lon="6.833312" lat="43.634500"><ele>402.5</ele></trkpt>
   <trkpt lon="6.833197" lat="43.634441"><ele>401.25</ele></trkpt>
   <trkpt lon="6.833032" lat="43.634384"><ele>401.25</ele></trkpt>
   <trkpt lon="6.832854" lat="43.634348"><ele>401.25</ele></trkpt>
   <trkpt lon="6.832762" lat="43.634337"><ele>401.25</ele></trkpt>
   <trkpt lon="6.832659" lat="43.634334"><ele>401.5</ele></trkpt>
   <trkpt lon="6.832449" lat="43.634347"><ele>402.0</ele></trkpt>
   <trkpt lon="6.832341" lat="43.634366"><ele>402.5</ele></trkpt>
   <trkpt lon="6.832225" lat="43.634396"><ele>403.0</ele></trkpt>
   <trkpt lon="6.831978" lat="43.634485"><ele>403.75</ele></trkpt>
   <trkpt lon="6.831717" lat="43.634601"><ele>404.5</ele></trkpt>
   <trkpt lon="6.831535" lat="43.634690"><ele>404.75</ele></trkpt>
   <trkpt lon="6.831122" lat="43.634931"><ele>405.75</ele></trkpt>
   <trkpt lon="6.830986" lat="43.635006"><ele>405.75</ele></trkpt>
   <trkpt lon="6.830882" lat="43.635055"><ele>406.25</ele></trkpt>
   <trkpt lon="6.830636" lat="43.635140"><ele>406.25</ele></trkpt>
   <trkpt lon="6.830285" lat="43.635241"><ele>406.25</ele><sym>pass_place</sym><type>Shaping</type></trkpt>
   <trkpt lon="6.829836" lat="43.635384"><ele>408.0</ele></trkpt>
   <trkpt lon="6.829514" lat="43.635517"><ele>408.75</ele></trkpt>
   <trkpt lon="6.829254" lat="43.635642"><ele>409.0</ele></trkpt>
   <trkpt lon="6.829099" lat="43.635705"><ele>409.0</ele></trkpt>
   <trkpt lon="6.828963" lat="43.635756"><ele>409.25</ele></trkpt>
   <trkpt lon="6.828531" lat="43.635887"><ele>410.25</ele></trkpt>
   <trkpt lon="6.828446" lat="43.635923"><ele>410.25</ele></trkpt>
   <trkpt lon="6.828342" lat="43.635986"><ele>410.25</ele></trkpt>
   <trkpt lon="6.828228" lat="43.636067"><ele>410.25</ele></trkpt>
   <trkpt lon="6.828114" lat="43.636161"><ele>411.0</ele></trkpt>
   <trkpt lon="6.828049" lat="43.636230"><ele>411.5</ele></trkpt>
   <trkpt lon="6.827912" lat="43.636430"><ele>412.0</ele></trkpt>
   <trkpt lon="6.827852" lat="43.636532"><ele>412.0</ele></trkpt>
   <trkpt lon="6.827626" lat="43.636952"><ele>413.25</ele></trkpt>
   <trkpt lon="6.827529" lat="43.637158"><ele>413.75</ele></trkpt>
   <trkpt lon="6.827475" lat="43.637287"><ele>413.75</ele></trkpt>
   <trkpt lon="6.827452" lat="43.637365"><ele>413.75</ele></trkpt>
   <trkpt lon="6.827360" lat="43.637931"><ele>414.75</ele></trkpt>
   <trkpt lon="6.827351" lat="43.638033"><ele>415.25</ele></trkpt>
   <trkpt lon="6.827351" lat="43.638136"><ele>415.5</ele></trkpt>
   <trkpt lon="6.827364" lat="43.638265"><ele>416.25</ele></trkpt>
   <trkpt lon="6.827444" lat="43.638685"><ele>417.5</ele></trkpt>
   <trkpt lon="6.827491" lat="43.638820"><ele>417.0</ele></trkpt>
   <trkpt lon="6.827539" lat="43.638922"><ele>417.25</ele></trkpt>
   <trkpt lon="6.827579" lat="43.638988"><ele>417.5</ele></trkpt>
   <trkpt lon="6.827635" lat="43.639081"><ele>417.75</ele></trkpt>
   <trkpt lon="6.827734" lat="43.639201"><ele>417.75</ele></trkpt>
   <trkpt lon="6.827921" lat="43.639409"><ele>419.0</ele></trkpt>
   <trkpt lon="6.828133" lat="43.639616"><ele>419.5</ele></trkpt>
   <trkpt lon="6.828399" lat="43.639826"><ele>420.25</ele></trkpt>
   <trkpt lon="6.828781" lat="43.640094"><ele>420.75</ele></trkpt>
   <trkpt lon="6.828904" lat="43.640215"><ele>422.0</ele></trkpt>
   <trkpt lon="6.828973" lat="43.640299"><ele>422.0</ele></trkpt>
   <trkpt lon="6.829067" lat="43.640473"><ele>422.5</ele></trkpt>
   <trkpt lon="6.829105" lat="43.640602"><ele>423.0</ele></trkpt>
   <trkpt lon="6.829133" lat="43.640755"><ele>423.5</ele></trkpt>
   <trkpt lon="6.829159" lat="43.640972"><ele>424.25</ele></trkpt>
   <trkpt lon="6.829202" lat="43.641345"><ele>425.25</ele></trkpt>
   <trkpt lon="6.829190" lat="43.641523"><ele>425.5</ele></trkpt>
   <trkpt lon="6.829148" lat="43.641618"><ele>425.5</ele></trkpt>
   <trkpt lon="6.829111" lat="43.641681"><ele>425.75</ele></trkpt>
   <trkpt lon="6.829031" lat="43.641795"><ele>425.75</ele></trkpt>
   <trkpt lon="6.828975" lat="43.641861"><ele>426.0</ele></trkpt>
   <trkpt lon="6.828598" lat="43.642328"><ele>427.25</ele></trkpt>
   <trkpt lon="6.828431" lat="43.642546"><ele>428.0</ele></trkpt>
   <trkpt lon="6.828370" lat="43.642626"><ele>428.0</ele></trkpt>
   <trkpt lon="6.828256" lat="43.642771"><ele>427.5</ele></trkpt>
   <trkpt lon="6.827544" lat="43.643679"><ele>428.25</ele></trkpt>
   <trkpt lon="6.827322" lat="43.643967"><ele>428.5</ele></trkpt>
   <trkpt lon="6.827228" lat="43.644070"><ele>428.5</ele></trkpt>
   <trkpt lon="6.827118" lat="43.644175"><ele>428.5</ele></trkpt>
   <trkpt lon="6.827010" lat="43.644259"><ele>428.75</ele></trkpt>
   <trkpt lon="6.825525" lat="43.645200"><ele>433.5</ele></trkpt>
   <trkpt lon="6.825117" lat="43.645501"><ele>436.0</ele></trkpt>
   <trkpt lon="6.824911" lat="43.645701"><ele>436.0</ele></trkpt>
   <trkpt lon="6.824691" lat="43.646009"><ele>436.5</ele></trkpt>
   <trkpt lon="6.824474" lat="43.646330"><ele>436.75</ele></trkpt>
   <trkpt lon="6.824330" lat="43.646558"><ele>437.5</ele></trkpt>
   <trkpt lon="6.824052" lat="43.646981"><ele>439.0</ele></trkpt>
   <trkpt lon="6.823792" lat="43.647345"><ele>441.25</ele></trkpt>
   <trkpt lon="6.823716" lat="43.647422"><ele>441.5</ele></trkpt>
   <trkpt lon="6.823584" lat="43.647527"><ele>442.25</ele></trkpt>
   <trkpt lon="6.823392" lat="43.647638"><ele>443.5</ele></trkpt>
   <trkpt lon="6.823302" lat="43.647679"><ele>444.0</ele></trkpt>
   <trkpt lon="6.822671" lat="43.647933"><ele>445.0</ele></trkpt>
   <trkpt lon="6.821644" lat="43.648325"><ele>448.0</ele></trkpt>
   <trkpt lon="6.821643" lat="43.648325"><ele>448.25</ele><sym>pass_place</sym><type>Shaping</type></trkpt>
   <trkpt lon="6.821592" lat="43.648344"><ele>448.25</ele></trkpt>
   <trkpt lon="6.821473" lat="43.648388"><ele>448.5</ele></trkpt>
   <trkpt lon="6.820620" lat="43.648699"><ele>452.5</ele></trkpt>
   <trkpt lon="6.820012" lat="43.648918"><ele>455.25</ele></trkpt>
   <trkpt lon="6.818487" lat="43.649465"><ele>458.25</ele></trkpt>
   <trkpt lon="6.818311" lat="43.649528"><ele>458.75</ele></trkpt>
   <trkpt lon="6.817330" lat="43.649867"><ele>460.0</ele></trkpt>
   <trkpt lon="6.816516" lat="43.650130"><ele>461.0</ele><sym>right_slight</sym></trkpt>
   <trkpt lon="6.816414" lat="43.650211"><ele>461.5</ele></trkpt>
   <trkpt lon="6.816304" lat="43.650325"><ele>462.25</ele><sym>roundabout_e3</sym></trkpt>
   <trkpt lon="6.816297" lat="43.650351"><ele>462.25</ele></trkpt>
   <trkpt lon="6.816260" lat="43.650396"><ele>462.25</ele></trkpt>
   <trkpt lon="6.816227" lat="43.650416"><ele>462.5</ele></trkpt>
   <trkpt lon="6.816188" lat="43.650429"><ele>462.5</ele></trkpt>
   <trkpt lon="6.816140" lat="43.650435"><ele>462.75</ele></trkpt>
   <trkpt lon="6.816090" lat="43.650431"><ele>463.0</ele></trkpt>
   <trkpt lon="6.816045" lat="43.650416"><ele>463.0</ele></trkpt>
   <trkpt lon="6.816008" lat="43.650392"><ele>463.0</ele></trkpt>
   <trkpt lon="6.815981" lat="43.650361"><ele>463.0</ele></trkpt>
   <trkpt lon="6.815859" lat="43.650310"><ele>462.75</ele></trkpt>
   <trkpt lon="6.815732" lat="43.650273"><ele>463.0</ele></trkpt>
   <trkpt lon="6.815637" lat="43.650256"><ele>463.0</ele><sym>right_slight</sym></trkpt>
   <trkpt lon="6.814685" lat="43.650383"><ele>462.25</ele></trkpt>
   <trkpt lon="6.814541" lat="43.650386"><ele>462.5</ele></trkpt>
   <trkpt lon="6.814378" lat="43.650381"><ele>463.0</ele></trkpt>
   <trkpt lon="6.813884" lat="43.650337"><ele>464.5</ele></trkpt>
   <trkpt lon="6.813709" lat="43.650342"><ele>465.0</ele></trkpt>
   <trkpt lon="6.813301" lat="43.650384"><ele>465.75</ele></trkpt>
   <trkpt lon="6.813071" lat="43.650407"><ele>465.5</ele></trkpt>
   <trkpt lon="6.812556" lat="43.650463"><ele>466.5</ele></trkpt>
   <trkpt lon="6.812189" lat="43.650492"><ele>466.25</ele></trkpt>
   <trkpt lon="6.811911" lat="43.650493"><ele>466.25</ele></trkpt>
   <trkpt lon="6.811693" lat="43.650479"><ele>466.5</ele></trkpt>
   <trkpt lon="6.811511" lat="43.650451"><ele>466.0</ele></trkpt>
   <trkpt lon="6.811288" lat="43.650428"><ele>465.5</ele></trkpt>
   <trkpt lon="6.811027" lat="43.650379"><ele>464.75</ele></trkpt>
   <trkpt lon="6.810712" lat="43.650318"><ele>464.0</ele></trkpt>
   <trkpt lon="6.810289" lat="43.650261"><ele>464.0</ele></trkpt>
   <trkpt lon="6.810066" lat="43.650239"><ele>463.25</ele></trkpt>
   <trkpt lon="6.809689" lat="43.650216"><ele>462.5</ele></trkpt>
   <trkpt lon="6.809534" lat="43.650209"><ele>462.5</ele></trkpt>
   <trkpt lon="6.809047" lat="43.650178"><ele>462.75</ele></trkpt>
   <trkpt lon="6.808932" lat="43.650167"><ele>462.5</ele></trkpt>
   <trkpt lon="6.808762" lat="43.650137"><ele>462.25</ele></trkpt>
   <trkpt lon="6.808661" lat="43.650116"><ele>462.0</ele></trkpt>
   <trkpt lon="6.808458" lat="43.650051"><ele>461.75</ele></trkpt>
   <trkpt lon="6.808296" lat="43.649993"><ele>461.75</ele></trkpt>
   <trkpt lon="6.808056" lat="43.649878"><ele>460.75</ele></trkpt>
   <trkpt lon="6.807646" lat="43.649629"><ele>460.5</ele></trkpt>
   <trkpt lon="6.807312" lat="43.649447"><ele>460.75</ele></trkpt>
   <trkpt lon="6.806815" lat="43.649163"><ele>461.0</ele></trkpt>
   <trkpt lon="6.805803" lat="43.648584"><ele>458.75</ele></trkpt>
   <trkpt lon="6.804134" lat="43.647640"><ele>457.75</ele></trkpt>
   <trkpt lon="6.803862" lat="43.647511"><ele>456.75</ele></trkpt>
   <trkpt lon="6.803646" lat="43.647427"><ele>456.5</ele></trkpt>
   <trkpt lon="6.803439" lat="43.647371"><ele>457.0</ele></trkpt>
   <trkpt lon="6.803031" lat="43.647295"><ele>457.0</ele></trkpt>
   <trkpt lon="6.802803" lat="43.647259"><ele>457.5</ele></trkpt>
   <trkpt lon="6.802152" lat="43.647167"><ele>458.5</ele></trkpt>
   <trkpt lon="6.802040" lat="43.647162"><ele>459.0</ele></trkpt>
   <trkpt lon="6.801854" lat="43.647174"><ele>460.0</ele></trkpt>
   <trkpt lon="6.801747" lat="43.647192"><ele>460.5</ele></trkpt>
   <trkpt lon="6.801611" lat="43.647243"><ele>460.75</ele></trkpt>
   <trkpt lon="6.801504" lat="43.647303"><ele>460.75</ele><sym>pass_place</sym><type>Shaping</type></trkpt>
   <trkpt lon="6.801504" lat="43.647304"><ele>460.75</ele></trkpt>
   <trkpt lon="6.801362" lat="43.647424"><ele>461.5</ele></trkpt>
   <trkpt lon="6.801192" lat="43.647636"><ele>463.5</ele></trkpt>
   <trkpt lon="6.801063" lat="43.647772"><ele>464.25</ele></trkpt>
   <trkpt lon="6.801012" lat="43.647814"><ele>464.0</ele></trkpt>
   <trkpt lon="6.800942" lat="43.647873"><ele>464.0</ele></trkpt>
   <trkpt lon="6.800834" lat="43.647941"><ele>464.0</ele></trkpt>
   <trkpt lon="6.800671" lat="43.648029"><ele>464.75</ele></trkpt>
   <trkpt lon="6.800114" lat="43.648290"><ele>466.25</ele></trkpt>
   <trkpt lon="6.799558" lat="43.648553"><ele>467.75</ele></trkpt>
   <trkpt lon="6.799307" lat="43.648672"><ele>469.5</ele></trkpt>
   <trkpt lon="6.799018" lat="43.648777"><ele>471.0</ele></trkpt>
   <trkpt lon="6.798759" lat="43.648825"><ele>471.25</ele></trkpt>
   <trkpt lon="6.798558" lat="43.648839"><ele>471.25</ele></trkpt>
   <trkpt lon="6.798088" lat="43.648824"><ele>472.0</ele></trkpt>
   <trkpt lon="6.797778" lat="43.648822"><ele>472.0</ele></trkpt>
   <trkpt lon="6.797638" lat="43.648831"><ele>472.25</ele></trkpt>
   <trkpt lon="6.797424" lat="43.648872"><ele>473.0</ele></trkpt>
   <trkpt lon="6.797246" lat="43.648906"><ele>473.75</ele></trkpt>
   <trkpt lon="6.795664" lat="43.649270"><ele>478.5</ele></trkpt>
   <trkpt lon="6.795174" lat="43.649390"><ele>479.5</ele></trkpt>
   <trkpt lon="6.795059" lat="43.649421"><ele>479.75</ele></trkpt>
   <trkpt lon="6.794799" lat="43.649493"><ele>480.25</ele></trkpt>
   <trkpt lon="6.794695" lat="43.649507"><ele>480.5</ele></trkpt>
   <trkpt lon="6.794560" lat="43.649504"><ele>480.5</ele></trkpt>
   <trkpt lon="6.794526" lat="43.649499"><ele>480.5</ele></trkpt>
   <trkpt lon="6.794143" lat="43.649444"><ele>480.0</ele></trkpt>
   <trkpt lon="6.793761" lat="43.649393"><ele>479.5</ele></trkpt>
   <trkpt lon="6.793505" lat="43.649357"><ele>478.75</ele></trkpt>
   <trkpt lon="6.793279" lat="43.649320"><ele>478.25</ele></trkpt>
   <trkpt lon="6.793195" lat="43.649326"><ele>478.0</ele></trkpt>
   <trkpt lon="6.793138" lat="43.649334"><ele>478.0</ele></trkpt>
   <trkpt lon="6.793087" lat="43.649358"><ele>478.0</ele></trkpt>
   <trkpt lon="6.793061" lat="43.649392"><ele>478.0</ele></trkpt>
   <trkpt lon="6.793052" lat="43.649443"><ele>477.75</ele></trkpt>
   <trkpt lon="6.792940" lat="43.649615"><ele>477.0</ele></trkpt>
   <trkpt lon="6.792829" lat="43.649727"><ele>477.0</ele></trkpt>
   <trkpt lon="6.792727" lat="43.649835"><ele>477.25</ele><sym>right</sym></trkpt>
   <trkpt lon="6.792751" lat="43.649862"><ele>477.5</ele></trkpt>
   <trkpt lon="6.792804" lat="43.649879"><ele>477.5</ele></trkpt>
   <trkpt lon="6.792934" lat="43.649998"><ele>477.25</ele></trkpt>
   <trkpt lon="6.792943" lat="43.650038"><ele>477.25</ele></trkpt>
   <trkpt lon="6.792963" lat="43.650066"><ele>477.25</ele></trkpt>
   <trkpt lon="6.793007" lat="43.650165"><ele>477.0</ele></trkpt>
   <trkpt lon="6.793014" lat="43.650211"><ele>477.0</ele></trkpt>
   <trkpt lon="6.793013" lat="43.650303"><ele>476.75</ele></trkpt>
   <trkpt lon="6.793005" lat="43.650331"><ele>476.5</ele><sym>left</sym></trkpt>
   <trkpt lon="6.792913" lat="43.650312"><ele>476.75</ele></trkpt>
   <trkpt lon="6.792722" lat="43.650295"><ele>476.75</ele></trkpt>
   <trkpt lon="6.792639" lat="43.650307"><ele>476.75</ele></trkpt>
   <trkpt lon="6.792562" lat="43.650333"><ele>476.75</ele><sym>u-turn_right</sym><type>Via</type></trkpt>
   <trkpt lon="6.792639" lat="43.650307"><ele>476.75</ele></trkpt>
   <trkpt lon="6.792722" lat="43.650295"><ele>476.75</ele></trkpt>
   <trkpt lon="6.792913" lat="43.650312"><ele>476.75</ele></trkpt>
   <trkpt lon="6.793005" lat="43.650331"><ele>476.5</ele><sym>left</sym></trkpt>
   <trkpt lon="6.792970" lat="43.650401"><ele>476.0</ele></trkpt>
   <trkpt lon="6.792901" lat="43.650507"><ele>475.75</ele></trkpt>
   <trkpt lon="6.792833" lat="43.650552"><ele>475.75</ele></trkpt>
   <trkpt lon="6.792454" lat="43.650753"><ele>474.5</ele></trkpt>
   <trkpt lon="6.791783" lat="43.651105"><ele>473.5</ele></trkpt>
   <trkpt lon="6.791480" lat="43.651263"><ele>471.0</ele></trkpt>
   <trkpt lon="6.791434" lat="43.651308"><ele>470.75</ele></trkpt>
   <trkpt lon="6.791408" lat="43.651377"><ele>470.75</ele></trkpt>
   <trkpt lon="6.791392" lat="43.651494"><ele>470.5</ele></trkpt>
   <trkpt lon="6.791386" lat="43.651526"><ele>470.25</ele></trkpt>
   <trkpt lon="6.791312" lat="43.651846"><ele>467.75</ele></trkpt>
   <trkpt lon="6.791277" lat="43.652031"><ele>467.25</ele></trkpt>
   <trkpt lon="6.791258" lat="43.652220"><ele>467.5</ele></trkpt>
   <trkpt lon="6.791256" lat="43.652256"><ele>467.25</ele></trkpt>
   <trkpt lon="6.791256" lat="43.652282"><ele>467.25</ele></trkpt>
   <trkpt lon="6.791253" lat="43.652367"><ele>466.75</ele></trkpt>
   <trkpt lon="6.791265" lat="43.652540"><ele>466.5</ele><sym>right_slight</sym></trkpt>
   <trkpt lon="6.791330" lat="43.652783"><ele>466.25</ele></trkpt>
   <trkpt lon="6.791423" lat="43.653086"><ele>466.5</ele></trkpt>
   <trkpt lon="6.791487" lat="43.653300"><ele>465.5</ele></trkpt>
   <trkpt lon="6.791665" lat="43.653908"><ele>464.0</ele></trkpt>
   <trkpt lon="6.791765" lat="43.654238"><ele>462.5</ele></trkpt>
   <trkpt lon="6.791838" lat="43.654477"><ele>461.25</ele></trkpt>
   <trkpt lon="6.792043" lat="43.655186"><ele>461.5</ele></trkpt>
   <trkpt lon="6.792207" lat="43.655685"><ele>463.25</ele></trkpt>
   <trkpt lon="6.792272" lat="43.655797"><ele>463.5</ele></trkpt>
   <trkpt lon="6.792342" lat="43.655896"><ele>463.5</ele></trkpt>
   <trkpt lon="6.792516" lat="43.656082"><ele>462.75</ele></trkpt>
   <trkpt lon="6.792630" lat="43.656184"><ele>462.0</ele></trkpt>
   <trkpt lon="6.792783" lat="43.656301"><ele>461.25</ele></trkpt>
   <trkpt lon="6.792993" lat="43.656415"><ele>459.25</ele></trkpt>
   <trkpt lon="6.793265" lat="43.656564"><ele>457.25</ele></trkpt>
   <trkpt lon="6.793537" lat="43.656811"><ele>455.5</ele></trkpt>
   <trkpt lon="6.793729" lat="43.657032"><ele>455.5</ele><sym>stay_left</sym></trkpt>
   <trkpt lon="6.793860" lat="43.657181"><ele>455.75</ele></trkpt>
   <trkpt lon="6.793907" lat="43.657245"><ele>455.75</ele></trkpt>
   <trkpt lon="6.793936" lat="43.657285"><ele>455.75</ele></trkpt>
   <trkpt lon="6.794000" lat="43.657413"><ele>455.75</ele></trkpt>
   <trkpt lon="6.794017" lat="43.657490"><ele>455.75</ele></trkpt>
   <trkpt lon="6.794020" lat="43.657548"><ele>456.0</ele></trkpt>
   <trkpt lon="6.793968" lat="43.657710"><ele>456.75</ele></trkpt>
   <trkpt lon="6.793913" lat="43.657852"><ele>457.5</ele></trkpt>
   <trkpt lon="6.793845" lat="43.657936"><ele>458.0</ele></trkpt>
   <trkpt lon="6.793639" lat="43.658117"><ele>459.25</ele></trkpt>
   <trkpt lon="6.793419" lat="43.658282"><ele>460.0</ele></trkpt>
   <trkpt lon="6.793181" lat="43.658499"><ele>460.5</ele></trkpt>
   <trkpt lon="6.793113" lat="43.658565"><ele>460.75</ele></trkpt>
   <trkpt lon="6.793046" lat="43.658646"><ele>460.75</ele></trkpt>
   <trkpt lon="6.793015" lat="43.658710"><ele>460.75</ele></trkpt>
   <trkpt lon="6.793003" lat="43.658775"><ele>460.75</ele></trkpt>
   <trkpt lon="6.793015" lat="43.658909"><ele>460.75</ele></trkpt>
   <trkpt lon="6.793057" lat="43.659039"><ele>461.0</ele></trkpt>
   <trkpt lon="6.793182" lat="43.659303"><ele>461.5</ele></trkpt>
   <trkpt lon="6.793219" lat="43.659410"><ele>461.75</ele></trkpt>
   <trkpt lon="6.793294" lat="43.659680"><ele>462.5</ele></trkpt>
   <trkpt lon="6.793304" lat="43.659728"><ele>462.75</ele></trkpt>
   <trkpt lon="6.793328" lat="43.659845"><ele>462.75</ele></trkpt>
   <trkpt lon="6.793357" lat="43.659981"><ele>463.0</ele></trkpt>
   <trkpt lon="6.793423" lat="43.660184"><ele>463.75</ele></trkpt>
   <trkpt lon="6.793500" lat="43.660326"><ele>464.0</ele></trkpt>
   <trkpt lon="6.793552" lat="43.660409"><ele>464.25</ele></trkpt>
   <trkpt lon="6.793741" lat="43.660675"><ele>465.25</ele></trkpt>
   <trkpt lon="6.793800" lat="43.660771"><ele>465.75</ele></trkpt>
   <trkpt lon="6.793812" lat="43.660794"><ele>465.75</ele></trkpt>
   <trkpt lon="6.793867" lat="43.660909"><ele>466.0</ele></trkpt>
   <trkpt lon="6.793916" lat="43.661297"><ele>466.5</ele></trkpt>
   <trkpt lon="6.793935" lat="43.661445"><ele>467.0</ele></trkpt>
   <trkpt lon="6.793951" lat="43.661558"><ele>467.5</ele></trkpt>
   <trkpt lon="6.793984" lat="43.661840"><ele>468.0</ele></trkpt>
   <trkpt lon="6.794001" lat="43.661955"><ele>468.25</ele></trkpt>
   <trkpt lon="6.794032" lat="43.662162"><ele>468.75</ele></trkpt>
   <trkpt lon="6.794043" lat="43.662265"><ele>469.0</ele></trkpt>
   <trkpt lon="6.794052" lat="43.662338"><ele>469.25</ele></trkpt>
   <trkpt lon="6.794079" lat="43.662447"><ele>469.75</ele></trkpt>
   <trkpt lon="6.794107" lat="43.662523"><ele>470.0</ele></trkpt>
   <trkpt lon="6.794231" lat="43.662857"><ele>471.25</ele></trkpt>
   <trkpt lon="6.794302" lat="43.663001"><ele>471.75</ele></trkpt>
   <trkpt lon="6.794393" lat="43.663185"><ele>472.25</ele></trkpt>
   <trkpt lon="6.794431" lat="43.663261"><ele>472.5</ele></trkpt>
   <trkpt lon="6.794503" lat="43.663396"><ele>473.0</ele></trkpt>
   <trkpt lon="6.794597" lat="43.663519"><ele>473.5</ele></trkpt>
   <trkpt lon="6.794814" lat="43.663763"><ele>474.5</ele></trkpt>
   <trkpt lon="6.794954" lat="43.663954"><ele>475.0</ele></trkpt>
   <trkpt lon="6.795106" lat="43.664257"><ele>476.5</ele></trkpt>
   <trkpt lon="6.795358" lat="43.664846"><ele>478.0</ele></trkpt>
   <trkpt lon="6.795359" lat="43.664849"><ele>478.75</ele><sym>pass_place</sym><type>Shaping</type></trkpt>
   <trkpt lon="6.795439" lat="43.665049"><ele>478.75</ele></trkpt>
   <trkpt lon="6.795608" lat="43.665469"><ele>480.0</ele></trkpt>
   <trkpt lon="6.795619" lat="43.665498"><ele>480.0</ele></trkpt>
   <trkpt lon="6.795647" lat="43.665554"><ele>480.25</ele></trkpt>
   <trkpt lon="6.796553" lat="43.667465"><ele>488.75</ele></trkpt>
   <trkpt lon="6.796609" lat="43.667647"><ele>489.0</ele></trkpt>
   <trkpt lon="6.796771" lat="43.668285"><ele>490.25</ele></trkpt>
   <trkpt lon="6.796868" lat="43.668474"><ele>490.75</ele></trkpt>
   <trkpt lon="6.797077" lat="43.668748"><ele>491.5</ele></trkpt>
   <trkpt lon="6.797268" lat="43.668980"><ele>492.75</ele></trkpt>
   <trkpt lon="6.797494" lat="43.669237"><ele>494.75</ele></trkpt>
   <trkpt lon="6.797670" lat="43.669481"><ele>497.0</ele></trkpt>
   <trkpt lon="6.797780" lat="43.669707"><ele>497.75</ele></trkpt>
   <trkpt lon="6.797823" lat="43.669908"><ele>498.5</ele></trkpt>
   <trkpt lon="6.797798" lat="43.670119"><ele>499.75</ele></trkpt>
   <trkpt lon="6.797777" lat="43.670164"><ele>500.0</ele></trkpt>
   <trkpt lon="6.797711" lat="43.670303"><ele>501.25</ele></trkpt>
   <trkpt lon="6.797434" lat="43.670786"><ele>505.75</ele></trkpt>
   <trkpt lon="6.797355" lat="43.670976"><ele>507.5</ele></trkpt>
   <trkpt lon="6.797323" lat="43.671258"><ele>509.5</ele></trkpt>
   <trkpt lon="6.797325" lat="43.671506"><ele>511.0</ele></trkpt>
   <trkpt lon="6.797314" lat="43.671862"><ele>513.0</ele></trkpt>
   <trkpt lon="6.797298" lat="43.671970"><ele>513.75</ele></trkpt>
   <trkpt lon="6.797266" lat="43.672106"><ele>515.0</ele></trkpt>
   <trkpt lon="6.797225" lat="43.672293"><ele>516.25</ele></trkpt>
   <trkpt lon="6.797184" lat="43.672545"><ele>518.25</ele></trkpt>
   <trkpt lon="6.797161" lat="43.672748"><ele>519.75</ele></trkpt>
   <trkpt lon="6.797172" lat="43.672828"><ele>520.25</ele></trkpt>
   <trkpt lon="6.797237" lat="43.673299"><ele>523.75</ele></trkpt>
   <trkpt lon="6.797313" lat="43.673679"><ele>526.25</ele></trkpt>
   <trkpt lon="6.797401" lat="43.674009"><ele>528.75</ele><sym>right_slight</sym></trkpt>
   <trkpt lon="6.798078" lat="43.675097"><ele>538.5</ele></trkpt>
   <trkpt lon="6.798151" lat="43.675201"><ele>539.5</ele></trkpt>
   <trkpt lon="6.798216" lat="43.675267"><ele>540.25</ele></trkpt>
   <trkpt lon="6.798308" lat="43.675335"><ele>541.5</ele></trkpt>
   <trkpt lon="6.798436" lat="43.675398"><ele>542.25</ele></trkpt>
   <trkpt lon="6.798502" lat="43.675422"><ele>542.5</ele></trkpt>
   <trkpt lon="6.798582" lat="43.675441"><ele>542.75</ele></trkpt>
   <trkpt lon="6.798676" lat="43.675454"><ele>543.0</ele></trkpt>
   <trkpt lon="6.798763" lat="43.675459"><ele>543.5</ele></trkpt>
   <trkpt lon="6.798924" lat="43.675454"><ele>544.0</ele></trkpt>
   <trkpt lon="6.802405" lat="43.675211"><ele>563.0</ele></trkpt>
   <trkpt lon="6.802523" lat="43.675192"><ele>563.5</ele></trkpt>
   <trkpt lon="6.802729" lat="43.675142"><ele>565.0</ele></trkpt>
   <trkpt lon="6.802937" lat="43.675066"><ele>565.75</ele></trkpt>
   <trkpt lon="6.803105" lat="43.674986"><ele>566.25</ele></trkpt>
   <trkpt lon="6.803462" lat="43.674798"><ele>567.25</ele></trkpt>
   <trkpt lon="6.803644" lat="43.674710"><ele>568.0</ele></trkpt>
   <trkpt lon="6.803809" lat="43.674643"><ele>569.0</ele></trkpt>
   <trkpt lon="6.804025" lat="43.674565"><ele>570.25</ele></trkpt>
   <trkpt lon="6.804270" lat="43.674497"><ele>571.5</ele></trkpt>
   <trkpt lon="6.804536" lat="43.674449"><ele>572.5</ele></trkpt>
   <trkpt lon="6.804787" lat="43.674426"><ele>574.25</ele></trkpt>
   <trkpt lon="6.805166" lat="43.674401"><ele>576.0</ele></trkpt>
   <trkpt lon="6.805170" lat="43.674400"><ele>582.0</ele><sym>pass_place</sym><type>Shaping</type></trkpt>
   <trkpt lon="6.806732" lat="43.674313"><ele>582.0</ele></trkpt>
   <trkpt lon="6.806998" lat="43.674301"><ele>583.5</ele></trkpt>
   <trkpt lon="6.807214" lat="43.674299"><ele>584.25</ele></trkpt>
   <trkpt lon="6.807581" lat="43.674311"><ele>586.0</ele></trkpt>
   <trkpt lon="6.807873" lat="43.674339"><ele>587.75</ele></trkpt>
   <trkpt lon="6.808173" lat="43.674386"><ele>589.5</ele></trkpt>
   <trkpt lon="6.808357" lat="43.674425"><ele>590.75</ele></trkpt>
   <trkpt lon="6.809141" lat="43.674647"><ele>594.75</ele></trkpt>
   <trkpt lon="6.809297" lat="43.674680"><ele>595.25</ele></trkpt>
   <trkpt lon="6.810114" lat="43.674801"><ele>599.25</ele></trkpt>
   <trkpt lon="6.811323" lat="43.674978"><ele>604.25</ele></trkpt>
   <trkpt lon="6.811627" lat="43.675020"><ele>605.5</ele></trkpt>
   <trkpt lon="6.811724" lat="43.675027"><ele>605.75</ele></trkpt>
   <trkpt lon="6.811838" lat="43.675028"><ele>606.25</ele></trkpt>
   <trkpt lon="6.811983" lat="43.675018"><ele>606.5</ele></trkpt>
   <trkpt lon="6.812407" lat="43.674954"><ele>607.25</ele></trkpt>
   <trkpt lon="6.812496" lat="43.674965"><ele>607.75</ele></trkpt>
   <trkpt lon="6.812529" lat="43.674976"><ele>608.25</ele></trkpt>
   <trkpt lon="6.812576" lat="43.675013"><ele>609.5</ele></trkpt>
   <trkpt lon="6.812586" lat="43.675041"><ele>610.0</ele></trkpt>
   <trkpt lon="6.812571" lat="43.675097"><ele>611.25</ele></trkpt>
   <trkpt lon="6.812533" lat="43.675135"><ele>612.0</ele></trkpt>
   <trkpt lon="6.812471" lat="43.675162"><ele>612.25</ele></trkpt>
   <trkpt lon="6.811819" lat="43.675325"><ele>614.0</ele></trkpt>
   <trkpt lon="6.811514" lat="43.675407"><ele>615.25</ele></trkpt>
   <trkpt lon="6.811234" lat="43.675505"><ele>617.25</ele></trkpt>
   <trkpt lon="6.809784" lat="43.676104"><ele>626.0</ele></trkpt>
   <trkpt lon="6.809599" lat="43.676187"><ele>627.5</ele></trkpt>
   <trkpt lon="6.809410" lat="43.676276"><ele>629.0</ele></trkpt>
   <trkpt lon="6.809195" lat="43.676393"><ele>631.25</ele></trkpt>
   <trkpt lon="6.808910" lat="43.676570"><ele>633.25</ele></trkpt>
   <trkpt lon="6.808805" lat="43.676628"><ele>634.25</ele></trkpt>
   <trkpt lon="6.808605" lat="43.676720"><ele>635.5</ele></trkpt>
   <trkpt lon="6.808507" lat="43.676755"><ele>636.25</ele></trkpt>
   <trkpt lon="6.808410" lat="43.676779"><ele>637.0</ele></trkpt>
   <trkpt lon="6.808304" lat="43.676795"><ele>637.5</ele></trkpt>
   <trkpt lon="6.807305" lat="43.676827"><ele>640.5</ele></trkpt>
   <trkpt lon="6.807135" lat="43.676844"><ele>641.0</ele></trkpt>
   <trkpt lon="6.806968" lat="43.676868"><ele>642.0</ele></trkpt>
   <trkpt lon="6.806831" lat="43.676900"><ele>642.75</ele></trkpt>
   <trkpt lon="6.806669" lat="43.676947"><ele>644.0</ele></trkpt>
   <trkpt lon="6.806377" lat="43.677063"><ele>646.25</ele></trkpt>
   <trkpt lon="6.806122" lat="43.677175"><ele>648.25</ele></trkpt>
   <trkpt lon="6.805805" lat="43.677328"><ele>649.5</ele></trkpt>
   <trkpt lon="6.805737" lat="43.677368"><ele>650.0</ele></trkpt>
   <trkpt lon="6.805634" lat="43.677447"><ele>651.25</ele></trkpt>
   <trkpt lon="6.805500" lat="43.677581"><ele>652.75</ele></trkpt>
   <trkpt lon="6.805447" lat="43.677641"><ele>653.25</ele></trkpt>
   <trkpt lon="6.805360" lat="43.677764"><ele>654.5</ele></trkpt>
   <trkpt lon="6.805095" lat="43.678175"><ele>656.5</ele></trkpt>
   <trkpt lon="6.804920" lat="43.678423"><ele>658.0</ele></trkpt>
   <trkpt lon="6.804834" lat="43.678595"><ele>659.25</ele></trkpt>
   <trkpt lon="6.804825" lat="43.678651"><ele>659.5</ele></trkpt>
   <trkpt lon="6.804829" lat="43.678735"><ele>659.75</ele></trkpt>
   <trkpt lon="6.804838" lat="43.678767"><ele>660.0</ele></trkpt>
   <trkpt lon="6.804881" lat="43.678837"><ele>661.0</ele></trkpt>
   <trkpt lon="6.804944" lat="43.678902"><ele>662.0</ele></trkpt>
   <trkpt lon="6.805788" lat="43.679675"><ele>667.75</ele></trkpt>
   <trkpt lon="6.805916" lat="43.679793"><ele>668.75</ele></trkpt>
   <trkpt lon="6.805958" lat="43.679840"><ele>669.25</ele></trkpt>
   <trkpt lon="6.805986" lat="43.679886"><ele>669.5</ele></trkpt>
   <trkpt lon="6.806005" lat="43.679963"><ele>669.75</ele></trkpt>
   <trkpt lon="6.806003" lat="43.680005"><ele>669.75</ele></trkpt>
   <trkpt lon="6.805989" lat="43.680048"><ele>670.25</ele></trkpt>
   <trkpt lon="6.805971" lat="43.680088"><ele>670.75</ele></trkpt>
   <trkpt lon="6.805932" lat="43.680137"><ele>671.0</ele></trkpt>
   <trkpt lon="6.805871" lat="43.680205"><ele>671.25</ele></trkpt>
   <trkpt lon="6.805806" lat="43.680264"><ele>671.5</ele></trkpt>
   <trkpt lon="6.805421" lat="43.680492"><ele>675.25</ele></trkpt>
   <trkpt lon="6.805397" lat="43.680513"><ele>675.75</ele></trkpt>
   <trkpt lon="6.805381" lat="43.680537"><ele>676.5</ele></trkpt>
   <trkpt lon="6.805377" lat="43.680586"><ele>677.75</ele></trkpt>
   <trkpt lon="6.805409" lat="43.680630"><ele>679.0</ele></trkpt>
   <trkpt lon="6.805437" lat="43.680645"><ele>679.25</ele></trkpt>
   <trkpt lon="6.805469" lat="43.680655"><ele>679.75</ele></trkpt>
   <trkpt lon="6.805512" lat="43.680656"><ele>679.75</ele></trkpt>
   <trkpt lon="6.805567" lat="43.680649"><ele>679.5</ele></trkpt>
   <trkpt lon="6.805793" lat="43.680551"><ele>678.5</ele></trkpt>
   <trkpt lon="6.805903" lat="43.680515"><ele>678.25</ele></trkpt>
   <trkpt lon="6.806194" lat="43.680453"><ele>678.5</ele></trkpt>
   <trkpt lon="6.807070" lat="43.680322"><ele>683.75</ele></trkpt>
   <trkpt lon="6.807070" lat="43.680321"><ele>685.25</ele><sym>pass_place</sym><type>Shaping</type></trkpt>
   <trkpt lon="6.807364" lat="43.680294"><ele>685.25</ele></trkpt>
   <trkpt lon="6.808610" lat="43.680223"><ele>685.25</ele></trkpt>
   <trkpt lon="6.809271" lat="43.680181"><ele>686.5</ele></trkpt>
   <trkpt lon="6.809865" lat="43.680145"><ele>687.75</ele></trkpt>
   <trkpt lon="6.810040" lat="43.680148"><ele>688.0</ele></trkpt>
   <trkpt lon="6.810218" lat="43.680163"><ele>688.5</ele></trkpt>
   <trkpt lon="6.810372" lat="43.680184"><ele>688.75</ele></trkpt>
   <trkpt lon="6.810520" lat="43.680219"><ele>689.0</ele></trkpt>
   <trkpt lon="6.810778" lat="43.680320"><ele>689.25</ele></trkpt>
   <trkpt lon="6.810963" lat="43.680425"><ele>689.0</ele></trkpt>
   <trkpt lon="6.811136" lat="43.680553"><ele>689.0</ele></trkpt>
   <trkpt lon="6.811482" lat="43.680911"><ele>690.0</ele></trkpt>
   <trkpt lon="6.811612" lat="43.681018"><ele>690.0</ele></trkpt>
   <trkpt lon="6.811684" lat="43.681061"><ele>690.0</ele></trkpt>
   <trkpt lon="6.811763" lat="43.681097"><ele>690.25</ele></trkpt>
   <trkpt lon="6.811965" lat="43.681172"><ele>690.75</ele></trkpt>
   <trkpt lon="6.812146" lat="43.681249"><ele>690.75</ele></trkpt>
   <trkpt lon="6.812402" lat="43.681388"><ele>691.5</ele></trkpt>
   <trkpt lon="6.812666" lat="43.681540"><ele>692.0</ele></trkpt>
   <trkpt lon="6.813161" lat="43.681850"><ele>692.0</ele></trkpt>
   <trkpt lon="6.813357" lat="43.681944"><ele>692.0</ele></trkpt>
   <trkpt lon="6.813500" lat="43.681996"><ele>691.75</ele></trkpt>
   <trkpt lon="6.814277" lat="43.682220"><ele>691.0</ele></trkpt>
   <trkpt lon="6.814655" lat="43.682310"><ele>690.75</ele></trkpt>
   <trkpt lon="6.814765" lat="43.682327"><ele>690.75</ele></trkpt>
   <trkpt lon="6.814890" lat="43.682338"><ele>690.5</ele></trkpt>
   <trkpt lon="6.815140" lat="43.682338"><ele>690.5</ele></trkpt>
   <trkpt lon="6.815438" lat="43.682308"><ele>690.25</ele></trkpt>
   <trkpt lon="6.815651" lat="43.682269"><ele>690.0</ele></trkpt>
   <trkpt lon="6.815966" lat="43.682197"><ele>690.25</ele></trkpt>
   <trkpt lon="6.816085" lat="43.682179"><ele>690.5</ele></trkpt>
   <trkpt lon="6.816217" lat="43.682171"><ele>690.75</ele></trkpt>
   <trkpt lon="6.816313" lat="43.682173"><ele>690.75</ele></trkpt>
   <trkpt lon="6.816510" lat="43.682193"><ele>690.75</ele></trkpt>
   <trkpt lon="6.816632" lat="43.682224"><ele>690.75</ele></trkpt>
   <trkpt lon="6.816777" lat="43.682270"><ele>691.0</ele></trkpt>
   <trkpt lon="6.818096" lat="43.682737"><ele>689.5</ele></trkpt>
   <trkpt lon="6.818234" lat="43.682796"><ele>689.25</ele></trkpt>
   <trkpt lon="6.818401" lat="43.682879"><ele>689.25</ele></trkpt>
   <trkpt lon="6.818556" lat="43.682974"><ele>689.25</ele></trkpt>
   <trkpt lon="6.818705" lat="43.683080"><ele>689.75</ele></trkpt>
   <trkpt lon="6.818827" lat="43.683194"><ele>690.0</ele></trkpt>
   <trkpt lon="6.818919" lat="43.683291"><ele>690.5</ele></trkpt>
   <trkpt lon="6.819007" lat="43.683403"><ele>691.0</ele></trkpt>
   <trkpt lon="6.819081" lat="43.683553"><ele>691.0</ele></trkpt>
   <trkpt lon="6.819207" lat="43.684008"><ele>690.0</ele></trkpt>
   <trkpt lon="6.819276" lat="43.684218"><ele>690.25</ele></trkpt>
   <trkpt lon="6.819323" lat="43.684317"><ele>690.25</ele></trkpt>
   <trkpt lon="6.819733" lat="43.684788"><ele>689.75</ele></trkpt>
   <trkpt lon="6.820205" lat="43.685407"><ele>689.0</ele></trkpt>
   <trkpt lon="6.820345" lat="43.685550"><ele>688.75</ele></trkpt>
   <trkpt lon="6.820515" lat="43.685708"><ele>687.75</ele></trkpt>
   <trkpt lon="6.820731" lat="43.685858"><ele>687.25</ele></trkpt>
   <trkpt lon="6.820879" lat="43.685938"><ele>687.0</ele></trkpt>
   <trkpt lon="6.821012" lat="43.686002"><ele>686.5</ele></trkpt>
   <trkpt lon="6.821220" lat="43.686088"><ele>685.25</ele></trkpt>
   <trkpt lon="6.821464" lat="43.686164"><ele>684.75</ele></trkpt>
   <trkpt lon="6.821665" lat="43.686211"><ele>684.75</ele></trkpt>
   <trkpt lon="6.821906" lat="43.686255"><ele>684.5</ele></trkpt>
   <trkpt lon="6.822116" lat="43.686278"><ele>683.75</ele></trkpt>
   <trkpt lon="6.822378" lat="43.686286"><ele>683.25</ele></trkpt>
   <trkpt lon="6.822569" lat="43.686279"><ele>683.0</ele></trkpt>
   <trkpt lon="6.822788" lat="43.686253"><ele>682.25</ele></trkpt>
   <trkpt lon="6.822950" lat="43.686221"><ele>681.75</ele></trkpt>
   <trkpt lon="6.823074" lat="43.686189"><ele>681.5</ele></trkpt>
   <trkpt lon="6.823218" lat="43.686144"><ele>681.25</ele></trkpt>
   <trkpt lon="6.823528" lat="43.686031"><ele>680.5</ele></trkpt>
   <trkpt lon="6.823623" lat="43.686005"><ele>680.25</ele></trkpt>
   <trkpt lon="6.823759" lat="43.685991"><ele>680.0</ele></trkpt>
   <trkpt lon="6.823891" lat="43.686004"><ele>679.5</ele></trkpt>
   <trkpt lon="6.823986" lat="43.686028"><ele>680.0</ele></trkpt>
   <trkpt lon="6.824013" lat="43.686039"><ele>680.25</ele></trkpt>
   <trkpt lon="6.824164" lat="43.686149"><ele>680.5</ele></trkpt>
   <trkpt lon="6.824245" lat="43.686253"><ele>680.5</ele></trkpt>
   <trkpt lon="6.824548" lat="43.686701"><ele>679.25</ele></trkpt>
   <trkpt lon="6.824770" lat="43.687008"><ele>678.0</ele><sym>pass_place</sym><type>Shaping</type></trkpt>
   <trkpt lon="6.824773" lat="43.687013"><ele>678.0</ele></trkpt>
   <trkpt lon="6.824909" lat="43.687157"><ele>678.25</ele></trkpt>
   <trkpt lon="6.825168" lat="43.687392"><ele>678.5</ele></trkpt>
   <trkpt lon="6.825444" lat="43.687633"><ele>677.25</ele></trkpt>
   <trkpt lon="6.825543" lat="43.687697"><ele>677.0</ele></trkpt>
   <trkpt lon="6.825645" lat="43.687744"><ele>677.0</ele></trkpt>
   <trkpt lon="6.825762" lat="43.687784"><ele>677.25</ele></trkpt>
   <trkpt lon="6.825887" lat="43.687818"><ele>677.25</ele></trkpt>
   <trkpt lon="6.826109" lat="43.687857"><ele>676.5</ele></trkpt>
   <trkpt lon="6.826337" lat="43.687864"><ele>676.25</ele></trkpt>
   <trkpt lon="6.826557" lat="43.687847"><ele>676.25</ele></trkpt>
   <trkpt lon="6.826708" lat="43.687823"><ele>676.0</ele></trkpt>
   <trkpt lon="6.826918" lat="43.687777"><ele>676.0</ele></trkpt>
   <trkpt lon="6.827063" lat="43.687743"><ele>676.0</ele></trkpt>
   <trkpt lon="6.827258" lat="43.687692"><ele>676.0</ele></trkpt>
   <trkpt lon="6.827517" lat="43.687611"><ele>676.25</ele></trkpt>
   <trkpt lon="6.827669" lat="43.687557"><ele>676.25</ele></trkpt>
   <trkpt lon="6.827857" lat="43.687482"><ele>676.5</ele></trkpt>
   <trkpt lon="6.828252" lat="43.687309"><ele>676.25</ele></trkpt>
   <trkpt lon="6.828430" lat="43.687256"><ele>676.0</ele></trkpt>
   <trkpt lon="6.828555" lat="43.687241"><ele>675.75</ele></trkpt>
   <trkpt lon="6.828724" lat="43.687250"><ele>675.75</ele></trkpt>
   <trkpt lon="6.828814" lat="43.687263"><ele>676.0</ele></trkpt>
   <trkpt lon="6.828943" lat="43.687294"><ele>675.75</ele></trkpt>
   <trkpt lon="6.829067" lat="43.687337"><ele>675.75</ele></trkpt>
   <trkpt lon="6.829167" lat="43.687385"><ele>675.5</ele></trkpt>
   <trkpt lon="6.829274" lat="43.687442"><ele>675.0</ele></trkpt>
   <trkpt lon="6.829337" lat="43.687487"><ele>674.75</ele></trkpt>
   <trkpt lon="6.829394" lat="43.687532"><ele>674.5</ele></trkpt>
   <trkpt lon="6.829453" lat="43.687592"><ele>674.25</ele></trkpt>
   <trkpt lon="6.829511" lat="43.687671"><ele>674.0</ele></trkpt>
   <trkpt lon="6.829561" lat="43.687752"><ele>673.75</ele></trkpt>
   <trkpt lon="6.829590" lat="43.687836"><ele>674.0</ele></trkpt>
   <trkpt lon="6.829609" lat="43.687943"><ele>674.5</ele></trkpt>
   <trkpt lon="6.829621" lat="43.688140"><ele>674.75</ele></trkpt>
   <trkpt lon="6.829661" lat="43.688482"><ele>674.75</ele></trkpt>
   <trkpt lon="6.829685" lat="43.688585"><ele>674.75</ele></trkpt>
   <trkpt lon="6.829721" lat="43.688686"><ele>674.5</ele></trkpt>
   <trkpt lon="6.829813" lat="43.688872"><ele>674.5</ele></trkpt>
   <trkpt lon="6.829950" lat="43.689065"><ele>673.75</ele></trkpt>
   <trkpt lon="6.830122" lat="43.689244"><ele>673.0</ele></trkpt>
   <trkpt lon="6.830249" lat="43.689327"><ele>673.0</ele></trkpt>
   <trkpt lon="6.830384" lat="43.689398"><ele>672.75</ele></trkpt>
   <trkpt lon="6.830691" lat="43.689511"><ele>672.5</ele></trkpt>
   <trkpt lon="6.832029" lat="43.689807"><ele>669.75</ele></trkpt>
   <trkpt lon="6.832347" lat="43.689856"><ele>669.75</ele></trkpt>
   <trkpt lon="6.832812" lat="43.689891"><ele>669.5</ele></trkpt>
   <trkpt lon="6.832961" lat="43.689911"><ele>669.75</ele></trkpt>
   <trkpt lon="6.833077" lat="43.689937"><ele>669.75</ele></trkpt>
   <trkpt lon="6.833194" lat="43.689973"><ele>669.75</ele></trkpt>
   <trkpt lon="6.833479" lat="43.690099"><ele>669.0</ele></trkpt>
   <trkpt lon="6.833758" lat="43.690210"><ele>668.5</ele></trkpt>
   <trkpt lon="6.833896" lat="43.690254"><ele>668.25</ele></trkpt>
   <trkpt lon="6.834035" lat="43.690290"><ele>668.25</ele></trkpt>
   <trkpt lon="6.834157" lat="43.690310"><ele>668.5</ele></trkpt>
   <trkpt lon="6.834682" lat="43.690360"><ele>668.0</ele></trkpt>
   <trkpt lon="6.834820" lat="43.690383"><ele>667.75</ele></trkpt>
   <trkpt lon="6.834980" lat="43.690431"><ele>667.25</ele></trkpt>
   <trkpt lon="6.835626" lat="43.690681"><ele>666.0</ele></trkpt>
   <trkpt lon="6.835756" lat="43.690746"><ele>666.0</ele></trkpt>
   <trkpt lon="6.836056" lat="43.690933"><ele>666.0</ele></trkpt>
   <trkpt lon="6.836249" lat="43.691077"><ele>665.5</ele></trkpt>
   <trkpt lon="6.836428" lat="43.691223"><ele>666.0</ele></trkpt>
   <trkpt lon="6.836759" lat="43.691518"><ele>666.5</ele></trkpt>
   <trkpt lon="6.837116" lat="43.691815"><ele>666.5</ele></trkpt>
   <trkpt lon="6.837232" lat="43.691900"><ele>666.25</ele></trkpt>
   <trkpt lon="6.837457" lat="43.692046"><ele>666.25</ele></trkpt>
   <trkpt lon="6.837574" lat="43.692111"><ele>666.75</ele></trkpt>
   <trkpt lon="6.837796" lat="43.692216"><ele>668.0</ele></trkpt>
   <trkpt lon="6.839097" lat="43.692755"><ele>670.75</ele></trkpt>
   <trkpt lon="6.839242" lat="43.692802"><ele>671.0</ele></trkpt>
   <trkpt lon="6.839465" lat="43.692856"><ele>671.5</ele></trkpt>
   <trkpt lon="6.839902" lat="43.692935"><ele>672.0</ele></trkpt>
   <trkpt lon="6.840916" lat="43.693128"><ele>673.25</ele></trkpt>
   <trkpt lon="6.841039" lat="43.693155"><ele>673.5</ele></trkpt>
   <trkpt lon="6.841191" lat="43.693203"><ele>674.0</ele></trkpt>
   <trkpt lon="6.841249" lat="43.693229"><ele>674.25</ele><sym>roundabout_e2</sym></trkpt>
   <trkpt lon="6.841277" lat="43.693214"><ele>674.25</ele></trkpt>
   <trkpt lon="6.841311" lat="43.693207"><ele>674.25</ele></trkpt>
   <trkpt lon="6.841346" lat="43.693211"><ele>674.25</ele></trkpt>
   <trkpt lon="6.841377" lat="43.693224"><ele>674.5</ele></trkpt>
   <trkpt lon="6.841399" lat="43.693244"><ele>674.5</ele></trkpt>
   <trkpt lon="6.841408" lat="43.693269"><ele>674.75</ele></trkpt>
   <trkpt lon="6.841403" lat="43.693294"><ele>674.75</ele></trkpt>
   <trkpt lon="6.841385" lat="43.693317"><ele>674.75</ele></trkpt>
   <trkpt lon="6.841356" lat="43.693332"><ele>674.75</ele></trkpt>
   <trkpt lon="6.841322" lat="43.693339"><ele>674.75</ele></trkpt>
   <trkpt lon="6.841336" lat="43.693372"><ele>674.75</ele></trkpt>
   <trkpt lon="6.841415" lat="43.693555"><ele>675.75</ele></trkpt>
   <trkpt lon="6.841458" lat="43.693795"><ele>676.75</ele></trkpt>
   <trkpt lon="6.841470" lat="43.693849"><ele>677.0</ele></trkpt>
   <trkpt lon="6.841490" lat="43.693931"><ele>677.25</ele></trkpt>
   <trkpt lon="6.841522" lat="43.694039"><ele>677.5</ele></trkpt>
   <trkpt lon="6.841582" lat="43.694588"><ele>680.5</ele><sym>pass_place</sym><type>Shaping</type></trkpt>
   <trkpt lon="6.841583" lat="43.694590"><ele>680.5</ele></trkpt>
   <trkpt lon="6.841628" lat="43.694723"><ele>680.75</ele></trkpt>
   <trkpt lon="6.841677" lat="43.694800"><ele>681.0</ele></trkpt>
   <trkpt lon="6.841748" lat="43.694873"><ele>681.25</ele></trkpt>
   <trkpt lon="6.842087" lat="43.695077"><ele>682.5</ele></trkpt>
   <trkpt lon="6.842378" lat="43.695354"><ele>683.75</ele></trkpt>
   <trkpt lon="6.842613" lat="43.695604"><ele>685.25</ele></trkpt>
   <trkpt lon="6.842827" lat="43.695838"><ele>687.75</ele></trkpt>
   <trkpt lon="6.842961" lat="43.696101"><ele>688.5</ele></trkpt>
   <trkpt lon="6.843041" lat="43.696226"><ele>688.75</ele></trkpt>
   <trkpt lon="6.843155" lat="43.696306"><ele>689.75</ele></trkpt>
   <trkpt lon="6.843417" lat="43.696418"><ele>691.5</ele></trkpt>
   <trkpt lon="6.843564" lat="43.696473"><ele>692.5</ele><sym>right_sharp</sym></trkpt>
   <trkpt lon="6.843573" lat="43.696396"><ele>693.5</ele></trkpt>
   <trkpt lon="6.843499" lat="43.696301"><ele>693.5</ele></trkpt>
   <trkpt lon="6.843469" lat="43.696240"><ele>693.75</ele></trkpt>
   <trkpt lon="6.843458" lat="43.696141"><ele>694.5</ele><sym>left_slight</sym></trkpt>
   <trkpt lon="6.843469" lat="43.696080"><ele>695.0</ele></trkpt>
   <trkpt lon="6.843497" lat="43.696022"><ele>695.75</ele></trkpt>
   <trkpt lon="6.843571" lat="43.695970"><ele>696.5</ele></trkpt>
   <trkpt lon="6.843625" lat="43.695952"><ele>697.0</ele></trkpt>
   <trkpt lon="6.843688" lat="43.695946"><ele>697.5</ele></trkpt>
   <trkpt lon="6.843900" lat="43.695993"><ele>698.75</ele></trkpt>
   <trkpt lon="6.844635" lat="43.696198"><ele>700.25</ele></trkpt>
   <trkpt lon="6.844837" lat="43.696238"><ele>700.5</ele><sym>right_slight</sym></trkpt>
   <trkpt lon="6.845004" lat="43.696223"><ele>700.5</ele></trkpt>
   <trkpt lon="6.845224" lat="43.696187"><ele>700.75</ele><sym>roundabout_e1</sym></trkpt>
   <trkpt lon="6.845246" lat="43.696170"><ele>700.75</ele></trkpt>
   <trkpt lon="6.845275" lat="43.696159"><ele>700.75</ele></trkpt>
   <trkpt lon="6.845307" lat="43.696157"><ele>701.0</ele></trkpt>
   <trkpt lon="6.845338" lat="43.696164"><ele>701.0</ele></trkpt>
   <trkpt lon="6.845407" lat="43.696066"><ele>700.75</ele></trkpt>
   <trkpt lon="6.845537" lat="43.695935"><ele>700.25</ele></trkpt>
   <trkpt lon="6.845671" lat="43.695865"><ele>699.5</ele></trkpt>
   <trkpt lon="6.846047" lat="43.695713"><ele>697.75</ele></trkpt>
   <trkpt lon="6.846343" lat="43.695591"><ele>697.0</ele></trkpt>
   <trkpt lon="6.846481" lat="43.695467"><ele>696.0</ele></trkpt>
   <trkpt lon="6.846865" lat="43.695258"><ele>694.75</ele></trkpt>
   <trkpt lon="6.846927" lat="43.695225"><ele>694.5</ele></trkpt>
   <trkpt lon="6.847146" lat="43.695130"><ele>693.75</ele></trkpt>
   <trkpt lon="6.847275" lat="43.695083"><ele>693.5</ele></trkpt>
   <trkpt lon="6.847390" lat="43.695057"><ele>693.75</ele></trkpt>
   <trkpt lon="6.848016" lat="43.694940"><ele>695.5</ele></trkpt>
   <trkpt lon="6.848072" lat="43.694921"><ele>695.75</ele></trkpt>
   <trkpt lon="6.848108" lat="43.694893"><ele>695.75</ele><sym>right_slight</sym></trkpt>
   <trkpt lon="6.848132" lat="43.694875"><ele>695.75</ele></trkpt>
   <trkpt lon="6.848152" lat="43.694833"><ele>695.75</ele><sym>right_slight</sym></trkpt>
   <trkpt lon="6.848146" lat="43.694765"><ele>695.75</ele><sym>left_slight</sym></trkpt>
   <trkpt lon="6.848188" lat="43.694753"><ele>696.0</ele></trkpt>
   <trkpt lon="6.848333" lat="43.694614"><ele>696.75</ele></trkpt>
   <trkpt lon="6.848417" lat="43.694505"><ele>697.5</ele></trkpt>
   <trkpt lon="6.848495" lat="43.694355"><ele>698.0</ele></trkpt>
   <trkpt lon="6.848580" lat="43.694230"><ele>698.5</ele></trkpt>
   <trkpt lon="6.848636" lat="43.694170"><ele>699.0</ele></trkpt>
   <trkpt lon="6.848701" lat="43.694129"><ele>699.25</ele></trkpt>
   <trkpt lon="6.848755" lat="43.694106"><ele>699.5</ele></trkpt>
   <trkpt lon="6.848868" lat="43.694081"><ele>700.0</ele></trkpt>
   <trkpt lon="6.850026" lat="43.694022"><ele>707.0</ele></trkpt>
   <trkpt lon="6.850250" lat="43.694009"><ele>707.75</ele></trkpt>
   <trkpt lon="6.850328" lat="43.694005"><ele>708.0</ele></trkpt>
   <trkpt lon="6.850378" lat="43.694002"><ele>708.25</ele></trkpt>
   <trkpt lon="6.850936" lat="43.693968"><ele>710.75</ele></trkpt>
   <trkpt lon="6.851268" lat="43.693924"><ele>712.5</ele></trkpt>
   <trkpt lon="6.851596" lat="43.693877"><ele>713.5</ele></trkpt>
   <trkpt lon="6.852189" lat="43.693714"><ele>715.0</ele></trkpt>
   <trkpt lon="6.852276" lat="43.693688"><ele>715.25</ele></trkpt>
   <trkpt lon="6.852288" lat="43.693684"><ele>715.25</ele></trkpt>
   <trkpt lon="6.852355" lat="43.693664"><ele>715.5</ele></trkpt>
   <trkpt lon="6.852731" lat="43.693541"><ele>716.0</ele><sym>pass_place</sym><type>Shaping</type></trkpt>
   <trkpt lon="6.852734" lat="43.693541"><ele>716.0</ele></trkpt>
   <trkpt lon="6.853089" lat="43.693422"><ele>716.75</ele></trkpt>
   <trkpt lon="6.853540" lat="43.693279"><ele>717.0</ele></trkpt>
   <trkpt lon="6.854273" lat="43.693104"><ele>717.5</ele></trkpt>
   <trkpt lon="6.854427" lat="43.693065"><ele>717.75</ele></trkpt>
   <trkpt lon="6.854516" lat="43.693036"><ele>717.25</ele></trkpt>
   <trkpt lon="6.854782" lat="43.692923"><ele>716.0</ele></trkpt>
   <trkpt lon="6.854894" lat="43.692884"><ele>715.75</ele></trkpt>
   <trkpt lon="6.854995" lat="43.692856"><ele>715.5</ele></trkpt>
   <trkpt lon="6.855103" lat="43.692839"><ele>715.5</ele></trkpt>
   <trkpt lon="6.855319" lat="43.692843"><ele>716.0</ele></trkpt>
   <trkpt lon="6.855419" lat="43.692844"><ele>716.0</ele><sym>right</sym></trkpt>
   <trkpt lon="6.855392" lat="43.692777"><ele>715.75</ele></trkpt>
   <trkpt lon="6.855380" lat="43.692745"><ele>715.75</ele></trkpt>
   <trkpt lon="6.855474" lat="43.691565"><ele>717.5</ele></trkpt>
   <trkpt lon="6.855498" lat="43.691382"><ele>719.0</ele></trkpt>
   <trkpt lon="6.855528" lat="43.691253"><ele>719.75</ele></trkpt>
   <trkpt lon="6.855598" lat="43.691090"><ele>721.0</ele></trkpt>
   <trkpt lon="6.855698" lat="43.690950"><ele>721.25</ele></trkpt>
   <trkpt lon="6.855830" lat="43.690791"><ele>721.75</ele></trkpt>
   <trkpt lon="6.856931" lat="43.689763"><ele>727.0</ele><sym>u-turn_right</sym></trkpt>
   <trkpt lon="6.856928" lat="43.689759"><ele>726.25</ele><sym>pass_place</sym><type>Shaping</type></trkpt>
   <trkpt lon="6.856931" lat="43.689763"><ele>727.0</ele></trkpt>
   <trkpt lon="6.857337" lat="43.689384"><ele>725.75</ele></trkpt>
   <trkpt lon="6.857467" lat="43.689280"><ele>725.25</ele></trkpt>
   <trkpt lon="6.857550" lat="43.689229"><ele>725.0</ele></trkpt>
   <trkpt lon="6.857631" lat="43.689187"><ele>724.5</ele><sym>straight</sym></trkpt>
   <trkpt lon="6.857849" lat="43.689073"><ele>723.25</ele><sym>straight</sym></trkpt>
   <trkpt lon="6.858009" lat="43.689003"><ele>722.5</ele></trkpt>
   <trkpt lon="6.858520" lat="43.688775"><ele>720.75</ele></trkpt>
   <trkpt lon="6.858973" lat="43.688546"><ele>718.75</ele></trkpt>
   <trkpt lon="6.859341" lat="43.688327"><ele>717.5</ele></trkpt>
   <trkpt lon="6.859407" lat="43.688342"><ele>717.75</ele><sym>right_slight</sym></trkpt>
   <trkpt lon="6.859553" lat="43.688261"><ele>717.5</ele></trkpt>
   <trkpt lon="6.859870" lat="43.688077"><ele>716.25</ele></trkpt>
   <trkpt lon="6.859958" lat="43.688011"><ele>715.5</ele></trkpt>
   <trkpt lon="6.860100" lat="43.687878"><ele>715.0</ele></trkpt>
   <trkpt lon="6.860246" lat="43.687698"><ele>714.25</ele></trkpt>
   <trkpt lon="6.860352" lat="43.687370"><ele>712.75</ele></trkpt>
   <trkpt lon="6.860541" lat="43.686784"><ele>710.25</ele></trkpt>
   <trkpt lon="6.860608" lat="43.686477"><ele>708.75</ele></trkpt>
   <trkpt lon="6.860624" lat="43.686134"><ele>707.25</ele></trkpt>
   <trkpt lon="6.860618" lat="43.685781"><ele>706.0</ele></trkpt>
   <trkpt lon="6.860626" lat="43.685636"><ele>706.0</ele></trkpt>
   <trkpt lon="6.860634" lat="43.685476"><ele>705.75</ele></trkpt>
   <trkpt lon="6.860646" lat="43.685229"><ele>705.0</ele></trkpt>
   <trkpt lon="6.860794" lat="43.683527"><ele>697.5</ele></trkpt>
   <trkpt lon="6.860803" lat="43.682991"><ele>695.5</ele></trkpt>
   <trkpt lon="6.860810" lat="43.682267"><ele>693.75</ele></trkpt>
   <trkpt lon="6.860820" lat="43.681474"><ele>691.0</ele></trkpt>
   <trkpt lon="6.860840" lat="43.681271"><ele>690.5</ele></trkpt>
   <trkpt lon="6.860880" lat="43.681062"><ele>689.75</ele></trkpt>
   <trkpt lon="6.861368" lat="43.679621"><ele>684.25</ele></trkpt>
   <trkpt lon="6.861402" lat="43.679464"><ele>684.0</ele></trkpt>
   <trkpt lon="6.861422" lat="43.679161"><ele>683.25</ele></trkpt>
   <trkpt lon="6.861405" lat="43.678856"><ele>682.0</ele></trkpt>
   <trkpt lon="6.861393" lat="43.678396"><ele>680.25</ele></trkpt>
   <trkpt lon="6.861401" lat="43.678235"><ele>679.75</ele></trkpt>
   <trkpt lon="6.861456" lat="43.677925"><ele>679.25</ele></trkpt>
   <trkpt lon="6.861498" lat="43.677770"><ele>679.0</ele></trkpt>
   <trkpt lon="6.861551" lat="43.677617"><ele>678.5</ele></trkpt>
   <trkpt lon="6.861687" lat="43.677320"><ele>677.75</ele></trkpt>
   <trkpt lon="6.861778" lat="43.677172"><ele>677.5</ele></trkpt>
   <trkpt lon="6.863114" lat="43.675196"><ele>672.75</ele></trkpt>
   <trkpt lon="6.863228" lat="43.675020"><ele>672.75</ele><sym>pass_place</sym><type>Shaping</type></trkpt>
   <trkpt lon="6.863299" lat="43.674863"><ele>672.5</ele></trkpt>
   <trkpt lon="6.863328" lat="43.674709"><ele>671.75</ele></trkpt>
   <trkpt lon="6.863330" lat="43.674620"><ele>671.75</ele></trkpt>
   <trkpt lon="6.863323" lat="43.674527"><ele>671.75</ele></trkpt>
   <trkpt lon="6.863248" lat="43.674123"><ele>672.25</ele></trkpt>
   <trkpt lon="6.863226" lat="43.673921"><ele>672.0</ele></trkpt>
   <trkpt lon="6.863247" lat="43.673743"><ele>672.0</ele></trkpt>
   <trkpt lon="6.863277" lat="43.673638"><ele>672.25</ele></trkpt>
   <trkpt lon="6.863560" lat="43.672809"><ele>671.25</ele></trkpt>
   <trkpt lon="6.863615" lat="43.672619"><ele>672.0</ele></trkpt>
   <trkpt lon="6.863624" lat="43.672533"><ele>672.0</ele></trkpt>
   <trkpt lon="6.863621" lat="43.672447"><ele>672.5</ele></trkpt>
   <trkpt lon="6.863601" lat="43.672362"><ele>673.25</ele></trkpt>
   <trkpt lon="6.863572" lat="43.672282"><ele>673.75</ele></trkpt>
   <trkpt lon="6.863533" lat="43.672210"><ele>674.0</ele></trkpt>
   <trkpt lon="6.863478" lat="43.672144"><ele>674.25</ele></trkpt>
   <trkpt lon="6.863392" lat="43.672063"><ele>674.5</ele></trkpt>
   <trkpt lon="6.863284" lat="43.671989"><ele>674.5</ele></trkpt>
   <trkpt lon="6.862135" lat="43.671358"><ele>673.5</ele></trkpt>
   <trkpt lon="6.861934" lat="43.671223"><ele>673.75</ele></trkpt>
   <trkpt lon="6.861767" lat="43.671083"><ele>673.75</ele></trkpt>
   <trkpt lon="6.861637" lat="43.670929"><ele>674.75</ele></trkpt>
   <trkpt lon="6.861398" lat="43.670521"><ele>675.5</ele></trkpt>
   <trkpt lon="6.861284" lat="43.670403"><ele>675.5</ele></trkpt>
   <trkpt lon="6.861150" lat="43.670302"><ele>675.0</ele></trkpt>
   <trkpt lon="6.860958" lat="43.670195"><ele>676.5</ele></trkpt>
   <trkpt lon="6.860718" lat="43.670115"><ele>677.5</ele></trkpt>
   <trkpt lon="6.858318" lat="43.669408"><ele>677.0</ele></trkpt>
   <trkpt lon="6.856558" lat="43.668895"><ele>677.5</ele></trkpt>
   <trkpt lon="6.856025" lat="43.668729"><ele>678.25</ele></trkpt>
   <trkpt lon="6.855001" lat="43.668386"><ele>677.25</ele></trkpt>
   <trkpt lon="6.854781" lat="43.668289"><ele>677.75</ele></trkpt>
   <trkpt lon="6.854558" lat="43.668169"><ele>678.5</ele></trkpt>
   <trkpt lon="6.854408" lat="43.668069"><ele>679.25</ele></trkpt>
   <trkpt lon="6.854270" lat="43.667963"><ele>679.75</ele></trkpt>
   <trkpt lon="6.854115" lat="43.667811"><ele>680.25</ele></trkpt>
   <trkpt lon="6.854016" lat="43.667686"><ele>680.5</ele></trkpt>
   <trkpt lon="6.853927" lat="43.667534"><ele>681.0</ele></trkpt>
   <trkpt lon="6.853797" lat="43.667269"><ele>681.75</ele></trkpt>
   <trkpt lon="6.853669" lat="43.666983"><ele>682.5</ele></trkpt>
   <trkpt lon="6.853615" lat="43.666846"><ele>682.25</ele></trkpt>
   <trkpt lon="6.853571" lat="43.666706"><ele>682.0</ele></trkpt>
   <trkpt lon="6.853540" lat="43.666571"><ele>682.0</ele></trkpt>
   <trkpt lon="6.853520" lat="43.666349"><ele>682.25</ele></trkpt>
   <trkpt lon="6.853552" lat="43.665802"><ele>682.5</ele></trkpt>
   <trkpt lon="6.853606" lat="43.665252"><ele>681.75</ele></trkpt>
   <trkpt lon="6.853615" lat="43.665069"><ele>682.0</ele></trkpt>
   <trkpt lon="6.853591" lat="43.663848"><ele>682.75</ele></trkpt>
   <trkpt lon="6.853597" lat="43.663735"><ele>683.25</ele></trkpt>
   <trkpt lon="6.853613" lat="43.663623"><ele>683.75</ele></trkpt>
   <trkpt lon="6.853673" lat="43.663454"><ele>684.0</ele></trkpt>
   <trkpt lon="6.853745" lat="43.663326"><ele>684.25</ele></trkpt>
   <trkpt lon="6.853843" lat="43.663201"><ele>684.5</ele></trkpt>
   <trkpt lon="6.853929" lat="43.663125"><ele>684.75</ele></trkpt>
   <trkpt lon="6.854045" lat="43.663037"><ele>684.75</ele></trkpt>
   <trkpt lon="6.854202" lat="43.662952"><ele>684.75</ele><sym>pass_place</sym><type>Shaping</type></trkpt>
   <trkpt lon="6.854203" lat="43.662952"><ele>684.75</ele></trkpt>
   <trkpt lon="6.854553" lat="43.662803"><ele>686.0</ele></trkpt>
   <trkpt lon="6.854655" lat="43.662743"><ele>686.0</ele></trkpt>
   <trkpt lon="6.854755" lat="43.662649"><ele>685.75</ele></trkpt>
   <trkpt lon="6.854783" lat="43.662611"><ele>685.5</ele></trkpt>
   <trkpt lon="6.854809" lat="43.662568"><ele>685.25</ele></trkpt>
   <trkpt lon="6.854840" lat="43.662482"><ele>684.5</ele></trkpt>
   <trkpt lon="6.854845" lat="43.662435"><ele>684.5</ele></trkpt>
   <trkpt lon="6.854841" lat="43.662385"><ele>684.0</ele></trkpt>
   <trkpt lon="6.854814" lat="43.662287"><ele>683.25</ele></trkpt>
   <trkpt lon="6.854532" lat="43.661439"><ele>681.0</ele></trkpt>
   <trkpt lon="6.854260" lat="43.660589"><ele>680.0</ele></trkpt>
   <trkpt lon="6.854247" lat="43.660539"><ele>679.75</ele></trkpt>
   <trkpt lon="6.854001" lat="43.659543"><ele>681.5</ele></trkpt>
   <trkpt lon="6.853935" lat="43.659333"><ele>681.5</ele></trkpt>
   <trkpt lon="6.853853" lat="43.659186"><ele>681.5</ele></trkpt>
   <trkpt lon="6.853349" lat="43.658636"><ele>679.0</ele></trkpt>
   <trkpt lon="6.853294" lat="43.658559"><ele>678.75</ele></trkpt>
   <trkpt lon="6.853248" lat="43.658475"><ele>678.75</ele></trkpt>
   <trkpt lon="6.853178" lat="43.658318"><ele>678.25</ele></trkpt>
   <trkpt lon="6.853030" lat="43.657960"><ele>675.25</ele></trkpt>
   <trkpt lon="6.852988" lat="43.657865"><ele>674.5</ele></trkpt>
   <trkpt lon="6.852876" lat="43.657690"><ele>673.25</ele></trkpt>
   <trkpt lon="6.852804" lat="43.657610"><ele>672.75</ele></trkpt>
   <trkpt lon="6.852673" lat="43.657484"><ele>671.75</ele></trkpt>
   <trkpt lon="6.852518" lat="43.657359"><ele>671.0</ele></trkpt>
   <trkpt lon="6.852170" lat="43.657110"><ele>669.0</ele></trkpt>
   <trkpt lon="6.852105" lat="43.657054"><ele>668.5</ele></trkpt>
   <trkpt lon="6.851997" lat="43.656935"><ele>667.75</ele></trkpt>
   <trkpt lon="6.851850" lat="43.656697"><ele>666.5</ele></trkpt>
   <trkpt lon="6.851621" lat="43.656263"><ele>663.5</ele></trkpt>
   <trkpt lon="6.851555" lat="43.656150"><ele>663.0</ele></trkpt>
   <trkpt lon="6.851480" lat="43.656045"><ele>662.75</ele></trkpt>
   <trkpt lon="6.851367" lat="43.655932"><ele>662.5</ele></trkpt>
   <trkpt lon="6.851240" lat="43.655840"><ele>661.75</ele></trkpt>
   <trkpt lon="6.851144" lat="43.655786"><ele>661.5</ele></trkpt>
   <trkpt lon="6.851036" lat="43.655735"><ele>661.0</ele></trkpt>
   <trkpt lon="6.850955" lat="43.655678"><ele>660.75</ele></trkpt>
   <trkpt lon="6.850892" lat="43.655617"><ele>660.5</ele></trkpt>
   <trkpt lon="6.850855" lat="43.655562"><ele>660.0</ele></trkpt>
   <trkpt lon="6.850819" lat="43.655481"><ele>659.25</ele></trkpt>
   <trkpt lon="6.850812" lat="43.655404"><ele>658.5</ele></trkpt>
   <trkpt lon="6.850828" lat="43.655307"><ele>658.0</ele></trkpt>
   <trkpt lon="6.850882" lat="43.655198"><ele>657.5</ele></trkpt>
   <trkpt lon="6.850927" lat="43.655143"><ele>657.25</ele></trkpt>
   <trkpt lon="6.850974" lat="43.655099"><ele>657.25</ele></trkpt>
   <trkpt lon="6.851101" lat="43.655026"><ele>657.25</ele></trkpt>
   <trkpt lon="6.851196" lat="43.654985"><ele>656.25</ele></trkpt>
   <trkpt lon="6.851384" lat="43.654940"><ele>654.5</ele></trkpt>
   <trkpt lon="6.851920" lat="43.654910"><ele>652.75</ele></trkpt>
   <trkpt lon="6.852288" lat="43.654899"><ele>651.25</ele></trkpt>
   <trkpt lon="6.852480" lat="43.654875"><ele>649.75</ele></trkpt>
   <trkpt lon="6.852629" lat="43.654849"><ele>649.5</ele></trkpt>
   <trkpt lon="6.853091" lat="43.654714"><ele>648.75</ele></trkpt>
   <trkpt lon="6.853200" lat="43.654688"><ele>648.25</ele></trkpt>
   <trkpt lon="6.853530" lat="43.654650"><ele>646.75</ele></trkpt>
   <trkpt lon="6.853786" lat="43.654639"><ele>646.0</ele></trkpt>
   <trkpt lon="6.854032" lat="43.654653"><ele>644.75</ele></trkpt>
   <trkpt lon="6.854293" lat="43.654690"><ele>643.5</ele></trkpt>
   <trkpt lon="6.854527" lat="43.654738"><ele>643.5</ele></trkpt>
   <trkpt lon="6.854777" lat="43.654811"><ele>642.75</ele></trkpt>
   <trkpt lon="6.855111" lat="43.654934"><ele>640.75</ele></trkpt>
   <trkpt lon="6.855399" lat="43.655068"><ele>639.0</ele></trkpt>
   <trkpt lon="6.856481" lat="43.655666"><ele>634.5</ele></trkpt>
   <trkpt lon="6.856592" lat="43.655722"><ele>633.75</ele></trkpt>
   <trkpt lon="6.856714" lat="43.655773"><ele>633.0</ele></trkpt>
   <trkpt lon="6.856846" lat="43.655817"><ele>632.5</ele></trkpt>
   <trkpt lon="6.856985" lat="43.655847"><ele>632.25</ele></trkpt>
   <trkpt lon="6.857094" lat="43.655864"><ele>632.0</ele></trkpt>
   <trkpt lon="6.857496" lat="43.655909"><ele>631.25</ele></trkpt>
   <trkpt lon="6.857883" lat="43.655961"><ele>628.5</ele></trkpt>
   <trkpt lon="6.858222" lat="43.656028"><ele>627.5</ele></trkpt>
   <trkpt lon="6.858486" lat="43.656103"><ele>625.75</ele></trkpt>
   <trkpt lon="6.858882" lat="43.656240"><ele>625.5</ele></trkpt>
   <trkpt lon="6.859735" lat="43.656544"><ele>620.5</ele></trkpt>
   <trkpt lon="6.860089" lat="43.656695"><ele>618.75</ele></trkpt>
   <trkpt lon="6.860506" lat="43.656968"><ele>617.75</ele><sym>pass_place</sym><type>Shaping</type></trkpt>
   <trkpt lon="6.860683" lat="43.657046"><ele>618.25</ele></trkpt>
   <trkpt lon="6.860863" lat="43.657097"><ele>616.75</ele></trkpt>
   <trkpt lon="6.861119" lat="43.657116"><ele>614.25</ele></trkpt>
   <trkpt lon="6.861788" lat="43.657082"><ele>612.75</ele></trkpt>
   <trkpt lon="6.862561" lat="43.657205"><ele>609.5</ele></trkpt>
   <trkpt lon="6.862775" lat="43.657208"><ele>608.0</ele></trkpt>
   <trkpt lon="6.863784" lat="43.657176"><ele>604.0</ele></trkpt>
   <trkpt lon="6.864008" lat="43.657189"><ele>602.5</ele></trkpt>
   <trkpt lon="6.864403" lat="43.657236"><ele>602.25</ele></trkpt>
   <trkpt lon="6.864630" lat="43.657248"><ele>601.75</ele></trkpt>
   <trkpt lon="6.864795" lat="43.657236"><ele>600.5</ele></trkpt>
   <trkpt lon="6.864958" lat="43.657213"><ele>599.75</ele></trkpt>
   <trkpt lon="6.865098" lat="43.657205"><ele>599.0</ele></trkpt>
   <trkpt lon="6.865269" lat="43.657210"><ele>598.75</ele></trkpt>
   <trkpt lon="6.865507" lat="43.657229"><ele>596.25</ele></trkpt>
   <trkpt lon="6.865760" lat="43.657281"><ele>597.0</ele></trkpt>
   <trkpt lon="6.866872" lat="43.657669"><ele>594.0</ele></trkpt>
   <trkpt lon="6.867036" lat="43.657711"><ele>591.25</ele></trkpt>
   <trkpt lon="6.867146" lat="43.657753"><ele>590.25</ele></trkpt>
   <trkpt lon="6.867452" lat="43.657920"><ele>588.0</ele></trkpt>
   <trkpt lon="6.867593" lat="43.657973"><ele>588.0</ele></trkpt>
   <trkpt lon="6.867715" lat="43.658008"><ele>588.5</ele></trkpt>
   <trkpt lon="6.867849" lat="43.658030"><ele>587.75</ele></trkpt>
   <trkpt lon="6.868083" lat="43.658051"><ele>584.25</ele></trkpt>
   <trkpt lon="6.868741" lat="43.658029"><ele>580.5</ele></trkpt>
   <trkpt lon="6.868855" lat="43.658042"><ele>581.0</ele></trkpt>
   <trkpt lon="6.868971" lat="43.658070"><ele>580.75</ele></trkpt>
   <trkpt lon="6.869363" lat="43.658196"><ele>579.75</ele></trkpt>
   <trkpt lon="6.869479" lat="43.658220"><ele>578.75</ele></trkpt>
   <trkpt lon="6.869638" lat="43.658238"><ele>578.5</ele></trkpt>
   <trkpt lon="6.869819" lat="43.658242"><ele>577.5</ele></trkpt>
   <trkpt lon="6.870011" lat="43.658235"><ele>576.25</ele></trkpt>
   <trkpt lon="6.870179" lat="43.658209"><ele>575.75</ele></trkpt>
   <trkpt lon="6.870346" lat="43.658170"><ele>575.5</ele></trkpt>
   <trkpt lon="6.870456" lat="43.658133"><ele>575.5</ele></trkpt>
   <trkpt lon="6.870697" lat="43.658021"><ele>573.75</ele></trkpt>
   <trkpt lon="6.870951" lat="43.657928"><ele>572.25</ele></trkpt>
   <trkpt lon="6.871106" lat="43.657890"><ele>571.25</ele></trkpt>
   <trkpt lon="6.871634" lat="43.657812"><ele>570.0</ele></trkpt>
   <trkpt lon="6.871739" lat="43.657784"><ele>569.75</ele></trkpt>
   <trkpt lon="6.871826" lat="43.657752"><ele>569.5</ele></trkpt>
   <trkpt lon="6.872354" lat="43.657474"><ele>566.0</ele></trkpt>
   <trkpt lon="6.872423" lat="43.657445"><ele>565.5</ele></trkpt>
   <trkpt lon="6.872542" lat="43.657412"><ele>564.75</ele></trkpt>
   <trkpt lon="6.872728" lat="43.657376"><ele>563.0</ele></trkpt>
   <trkpt lon="6.872907" lat="43.657386"><ele>562.75</ele></trkpt>
   <trkpt lon="6.873006" lat="43.657399"><ele>562.75</ele></trkpt>
   <trkpt lon="6.873105" lat="43.657423"><ele>562.75</ele></trkpt>
   <trkpt lon="6.873210" lat="43.657460"><ele>562.5</ele></trkpt>
   <trkpt lon="6.873306" lat="43.657508"><ele>562.25</ele></trkpt>
   <trkpt lon="6.873405" lat="43.657583"><ele>561.5</ele></trkpt>
   <trkpt lon="6.873493" lat="43.657673"><ele>560.75</ele></trkpt>
   <trkpt lon="6.873717" lat="43.657916"><ele>559.75</ele></trkpt>
   <trkpt lon="6.873923" lat="43.658164"><ele>557.25</ele></trkpt>
   <trkpt lon="6.874047" lat="43.658242"><ele>556.75</ele></trkpt>
   <trkpt lon="6.874164" lat="43.658283"><ele>555.75</ele></trkpt>
   <trkpt lon="6.874311" lat="43.658302"><ele>555.25</ele></trkpt>
   <trkpt lon="6.874349" lat="43.658299"><ele>555.0</ele></trkpt>
   <trkpt lon="6.874538" lat="43.658263"><ele>553.75</ele></trkpt>
   <trkpt lon="6.874695" lat="43.658162"><ele>552.75</ele></trkpt>
   <trkpt lon="6.874749" lat="43.658090"><ele>552.0</ele></trkpt>
   <trkpt lon="6.874778" lat="43.658051"><ele>551.5</ele></trkpt>
   <trkpt lon="6.874796" lat="43.657948"><ele>550.5</ele></trkpt>
   <trkpt lon="6.874776" lat="43.657860"><ele>550.0</ele></trkpt>
   <trkpt lon="6.874380" lat="43.656985"><ele>546.5</ele></trkpt>
   <trkpt lon="6.874365" lat="43.656863"><ele>546.0</ele></trkpt>
   <trkpt lon="6.874374" lat="43.656803"><ele>545.5</ele><sym>roundabout_e3</sym></trkpt>
   <trkpt lon="6.874326" lat="43.656799"><ele>545.75</ele></trkpt>
   <trkpt lon="6.874270" lat="43.656772"><ele>545.75</ele></trkpt>
   <trkpt lon="6.874242" lat="43.656728"><ele>545.5</ele></trkpt>
   <trkpt lon="6.874246" lat="43.656704"><ele>545.25</ele></trkpt>
   <trkpt lon="6.874258" lat="43.656675"><ele>545.0</ele></trkpt>
   <trkpt lon="6.874287" lat="43.656649"><ele>544.75</ele></trkpt>
   <trkpt lon="6.874366" lat="43.656632"><ele>544.75</ele></trkpt>
   <trkpt lon="6.874419" lat="43.656636"><ele>544.75</ele></trkpt>
   <trkpt lon="6.874597" lat="43.656596"><ele>544.25</ele></trkpt>
   <trkpt lon="6.874668" lat="43.656584"><ele>544.0</ele></trkpt>
   <trkpt lon="6.875157" lat="43.656503"><ele>542.25</ele></trkpt>
   <trkpt lon="6.875754" lat="43.656429"><ele>541.75</ele></trkpt>
   <trkpt lon="6.875871" lat="43.656426"><ele>541.75</ele></trkpt>
   <trkpt lon="6.876100" lat="43.656437"><ele>541.75</ele></trkpt>
   <trkpt lon="6.876377" lat="43.656477"><ele>540.5</ele></trkpt>
   <trkpt lon="6.876461" lat="43.656503"><ele>540.25</ele><sym>roundabout_e2</sym></trkpt>
   <trkpt lon="6.876511" lat="43.656480"><ele>540.25</ele></trkpt>
   <trkpt lon="6.876540" lat="43.656479"><ele>540.25</ele></trkpt>
   <trkpt lon="6.876592" lat="43.656495"><ele>540.0</ele></trkpt>
   <trkpt lon="6.876622" lat="43.656529"><ele>540.0</ele></trkpt>
   <trkpt lon="6.876624" lat="43.656550"><ele>540.0</ele></trkpt>
   <trkpt lon="6.876603" lat="43.656588"><ele>540.0</ele></trkpt>
   <trkpt lon="6.876740" lat="43.656685"><ele>539.25</ele></trkpt>
   <trkpt lon="6.876837" lat="43.656771"><ele>538.75</ele></trkpt>
   <trkpt lon="6.877166" lat="43.657066"><ele>539.0</ele></trkpt>
   <trkpt lon="6.877678" lat="43.657518"><ele>540.25</ele></trkpt>
   <trkpt lon="6.877779" lat="43.657736"><ele>539.75</ele></trkpt>
   <trkpt lon="6.877827" lat="43.657880"><ele>539.0</ele><sym>u-turn</sym><type>Via</type></trkpt>
   <trkpt lon="6.877779" lat="43.657736"><ele>539.75</ele></trkpt>
   <trkpt lon="6.877678" lat="43.657518"><ele>540.25</ele></trkpt>
   <trkpt lon="6.877166" lat="43.657066"><ele>539.0</ele><sym>u-turn_left</sym></trkpt>
   <trkpt lon="6.877239" lat="43.657022"><ele>538.25</ele></trkpt>
   <trkpt lon="6.877920" lat="43.657446"><ele>538.0</ele><sym>left_slight</sym></trkpt>
   <trkpt lon="6.878030" lat="43.657528"><ele>537.25</ele></trkpt>
   <trkpt lon="6.878155" lat="43.657609"><ele>536.25</ele></trkpt>
   <trkpt lon="6.878246" lat="43.658276"><ele>528.75</ele></trkpt>
   <trkpt lon="6.878347" lat="43.658690"><ele>524.5</ele></trkpt>
   <trkpt lon="6.878418" lat="43.658893"><ele>523.25</ele></trkpt>
   <trkpt lon="6.878516" lat="43.659084"><ele>522.5</ele></trkpt>
   <trkpt lon="6.878629" lat="43.659141"><ele>521.75</ele></trkpt>
   <trkpt lon="6.879220" lat="43.659392"><ele>524.25</ele></trkpt>
   <trkpt lon="6.879292" lat="43.659405"><ele>524.0</ele></trkpt>
   <trkpt lon="6.880114" lat="43.659514"><ele>529.5</ele></trkpt>
   <trkpt lon="6.880956" lat="43.659596"><ele>539.25</ele></trkpt>
   <trkpt lon="6.881432" lat="43.659691"><ele>542.5</ele></trkpt>
   <trkpt lon="6.881541" lat="43.659744"><ele>542.25</ele><sym>left_slight</sym></trkpt>
   <trkpt lon="6.881567" lat="43.659803"><ele>542.25</ele></trkpt>
   <trkpt lon="6.881619" lat="43.660118"><ele>541.25</ele></trkpt>
   <trkpt lon="6.881635" lat="43.660417"><ele>540.0</ele></trkpt>
   <trkpt lon="6.881752" lat="43.660928"><ele>535.75</ele></trkpt>
   <trkpt lon="6.881860" lat="43.661270"><ele>533.75</ele></trkpt>
   <trkpt lon="6.881926" lat="43.661385"><ele>534.25</ele></trkpt>
   <trkpt lon="6.882221" lat="43.661522"><ele>531.75</ele></trkpt>
   <trkpt lon="6.882357" lat="43.661564"><ele>533.0</ele><sym>stay_left</sym></trkpt>
   <trkpt lon="6.882386" lat="43.661624"><ele>534.25</ele></trkpt>
   <trkpt lon="6.882454" lat="43.661641"><ele>534.5</ele></trkpt>
   <trkpt lon="6.882591" lat="43.661625"><ele>533.75</ele></trkpt>
   <trkpt lon="6.882754" lat="43.661615"><ele>532.75</ele></trkpt>
   <trkpt lon="6.882818" lat="43.661642"><ele>533.25</ele></trkpt>
   <trkpt lon="6.882877" lat="43.661708"><ele>534.75</ele><sym>right_slight</sym></trkpt>
   <trkpt lon="6.882958" lat="43.661714"><ele>534.75</ele></trkpt>
   <trkpt lon="6.883070" lat="43.661739"><ele>534.5</ele></trkpt>
   <trkpt lon="6.883227" lat="43.661802"><ele>531.75</ele></trkpt>
   <trkpt lon="6.883376" lat="43.661924"><ele>530.5</ele></trkpt>
   <trkpt lon="6.883525" lat="43.662058"><ele>529.25</ele></trkpt>
   <trkpt lon="6.883879" lat="43.662398"><ele>526.0</ele></trkpt>
   <trkpt lon="6.884223" lat="43.662767"><ele>523.25</ele></trkpt>
   <trkpt lon="6.884436" lat="43.662974"><ele>521.5</ele></trkpt>
   <trkpt lon="6.884855" lat="43.663448"><ele>518.75</ele></trkpt>
   <trkpt lon="6.885355" lat="43.664035"><ele>514.0</ele></trkpt>
   <trkpt lon="6.885523" lat="43.664223"><ele>513.0</ele></trkpt>
   <trkpt lon="6.885604" lat="43.664299"><ele>511.5</ele></trkpt>
   <trkpt lon="6.885780" lat="43.664464"><ele>510.75</ele></trkpt>
   <trkpt lon="6.886153" lat="43.664776"><ele>508.0</ele></trkpt>
   <trkpt lon="6.886442" lat="43.665030"><ele>506.0</ele></trkpt>
   <trkpt lon="6.886550" lat="43.665115"><ele>504.75</ele></trkpt>
   <trkpt lon="6.886897" lat="43.665424"><ele>502.25</ele></trkpt>
   <trkpt lon="6.887001" lat="43.665570"><ele>500.75</ele></trkpt>
   <trkpt lon="6.887072" lat="43.665737"><ele>500.0</ele></trkpt>
   <trkpt lon="6.887245" lat="43.666319"><ele>496.75</ele></trkpt>
   <trkpt lon="6.887308" lat="43.666467"><ele>496.25</ele></trkpt>
   <trkpt lon="6.887408" lat="43.666558"><ele>495.0</ele></trkpt>
   <trkpt lon="6.887521" lat="43.666628"><ele>493.5</ele></trkpt>
   <trkpt lon="6.887649" lat="43.666676"><ele>492.0</ele></trkpt>
   <trkpt lon="6.887760" lat="43.666694"><ele>491.25</ele></trkpt>
   <trkpt lon="6.887853" lat="43.666699"><ele>492.0</ele></trkpt>
   <trkpt lon="6.887999" lat="43.666679"><ele>492.75</ele></trkpt>
   <trkpt lon="6.888142" lat="43.666633"><ele>492.0</ele></trkpt>
   <trkpt lon="6.888304" lat="43.666544"><ele>491.0</ele></trkpt>
   <trkpt lon="6.888735" lat="43.666263"><ele>489.5</ele></trkpt>
   <trkpt lon="6.888929" lat="43.666144"><ele>488.5</ele></trkpt>
   <trkpt lon="6.889149" lat="43.666053"><ele>488.5</ele></trkpt>
   <trkpt lon="6.889366" lat="43.665976"><ele>487.25</ele></trkpt>
   <trkpt lon="6.889830" lat="43.665843"><ele>482.75</ele></trkpt>
   <trkpt lon="6.890034" lat="43.665780"><ele>480.0</ele></trkpt>
   <trkpt lon="6.891130" lat="43.665400"><ele>478.0</ele><sym>pass_place</sym><type>Shaping</type></trkpt>
   <trkpt lon="6.891133" lat="43.665399"><ele>478.0</ele></trkpt>
   <trkpt lon="6.891581" lat="43.665256"><ele>475.0</ele></trkpt>
   <trkpt lon="6.892048" lat="43.665152"><ele>472.25</ele></trkpt>
   <trkpt lon="6.892106" lat="43.665139"><ele>471.5</ele></trkpt>
   <trkpt lon="6.892313" lat="43.665115"><ele>470.0</ele></trkpt>
   <trkpt lon="6.892493" lat="43.665107"><ele>469.25</ele></trkpt>
   <trkpt lon="6.892709" lat="43.665109"><ele>468.0</ele></trkpt>
   <trkpt lon="6.892914" lat="43.665124"><ele>467.75</ele></trkpt>
   <trkpt lon="6.893760" lat="43.665218"><ele>465.5</ele></trkpt>
   <trkpt lon="6.894598" lat="43.665312"><ele>464.5</ele></trkpt>
   <trkpt lon="6.895073" lat="43.665365"><ele>462.75</ele></trkpt>
   <trkpt lon="6.895712" lat="43.665449"><ele>459.75</ele></trkpt>
   <trkpt lon="6.896060" lat="43.665485"><ele>457.0</ele></trkpt>
   <trkpt lon="6.896126" lat="43.665492"><ele>456.5</ele></trkpt>
   <trkpt lon="6.896542" lat="43.665536"><ele>456.0</ele></trkpt>
   <trkpt lon="6.896639" lat="43.665537"><ele>456.0</ele></trkpt>
   <trkpt lon="6.896789" lat="43.665538"><ele>455.25</ele></trkpt>
   <trkpt lon="6.897469" lat="43.665507"><ele>451.25</ele></trkpt>
   <trkpt lon="6.898289" lat="43.665470"><ele>449.0</ele></trkpt>
   <trkpt lon="6.898452" lat="43.665469"><ele>446.25</ele></trkpt>
   <trkpt lon="6.898599" lat="43.665516"><ele>444.75</ele></trkpt>
   <trkpt lon="6.899125" lat="43.665709"><ele>441.0</ele></trkpt>
   <trkpt lon="6.899371" lat="43.665778"><ele>440.25</ele></trkpt>
   <trkpt lon="6.899469" lat="43.665794"><ele>440.0</ele></trkpt>
   <trkpt lon="6.899619" lat="43.665780"><ele>440.0</ele></trkpt>
   <trkpt lon="6.899820" lat="43.665724"><ele>438.0</ele></trkpt>
   <trkpt lon="6.899960" lat="43.665711"><ele>438.5</ele></trkpt>
   <trkpt lon="6.900122" lat="43.665722"><ele>438.0</ele></trkpt>
   <trkpt lon="6.900297" lat="43.665755"><ele>437.0</ele></trkpt>
   <trkpt lon="6.900549" lat="43.665895"><ele>436.25</ele></trkpt>
   <trkpt lon="6.900687" lat="43.666035"><ele>434.0</ele></trkpt>
   <trkpt lon="6.900991" lat="43.666401"><ele>434.75</ele></trkpt>
   <trkpt lon="6.901137" lat="43.666481"><ele>435.5</ele></trkpt>
   <trkpt lon="6.901298" lat="43.666525"><ele>434.75</ele></trkpt>
   <trkpt lon="6.901512" lat="43.666534"><ele>430.5</ele></trkpt>
   <trkpt lon="6.901707" lat="43.666485"><ele>426.5</ele></trkpt>
   <trkpt lon="6.901810" lat="43.666440"><ele>427.75</ele></trkpt>
   <trkpt lon="6.901842" lat="43.666418"><ele>427.75</ele></trkpt>
   <trkpt lon="6.902420" lat="43.666012"><ele>429.75</ele></trkpt>
   <trkpt lon="6.902732" lat="43.665774"><ele>424.0</ele></trkpt>
   <trkpt lon="6.902946" lat="43.665612"><ele>423.5</ele></trkpt>
   <trkpt lon="6.903344" lat="43.665136"><ele>417.5</ele></trkpt>
   <trkpt lon="6.903842" lat="43.664547"><ele>414.75</ele></trkpt>
   <trkpt lon="6.904045" lat="43.664296"><ele>412.25</ele></trkpt>
   <trkpt lon="6.904223" lat="43.664065"><ele>411.5</ele></trkpt>
   <trkpt lon="6.904324" lat="43.663982"><ele>411.0</ele></trkpt>
   <trkpt lon="6.904538" lat="43.663919"><ele>411.75</ele></trkpt>
   <trkpt lon="6.904754" lat="43.663926"><ele>412.75</ele></trkpt>
   <trkpt lon="6.905020" lat="43.663990"><ele>411.5</ele></trkpt>
   <trkpt lon="6.905203" lat="43.664043"><ele>410.75</ele></trkpt>
   <trkpt lon="6.905313" lat="43.664076"><ele>410.0</ele></trkpt>
   <trkpt lon="6.905462" lat="43.664119"><ele>408.75</ele></trkpt>
   <trkpt lon="6.905654" lat="43.664151"><ele>407.25</ele></trkpt>
   <trkpt lon="6.905813" lat="43.664139"><ele>405.0</ele></trkpt>
   <trkpt lon="6.905862" lat="43.664127"><ele>404.5</ele></trkpt>
   <trkpt lon="6.905951" lat="43.664106"><ele>405.25</ele></trkpt>
   <trkpt lon="6.906069" lat="43.664036"><ele>404.5</ele></trkpt>
   <trkpt lon="6.906423" lat="43.663730"><ele>404.0</ele></trkpt>
   <trkpt lon="6.906601" lat="43.663601"><ele>400.75</ele></trkpt>
   <trkpt lon="6.906746" lat="43.663523"><ele>398.5</ele></trkpt>
   <trkpt lon="6.906930" lat="43.663508"><ele>397.75</ele></trkpt>
   <trkpt lon="6.907131" lat="43.663520"><ele>396.0</ele></trkpt>
   <trkpt lon="6.907313" lat="43.663572"><ele>395.75</ele></trkpt>
   <trkpt lon="6.907940" lat="43.663798"><ele>397.5</ele></trkpt>
   <trkpt lon="6.908079" lat="43.663822"><ele>396.5</ele></trkpt>
   <trkpt lon="6.908271" lat="43.663817"><ele>395.25</ele></trkpt>
   <trkpt lon="6.908417" lat="43.663791"><ele>392.0</ele></trkpt>
   <trkpt lon="6.908576" lat="43.663733"><ele>386.5</ele></trkpt>
   <trkpt lon="6.908674" lat="43.663685"><ele>382.75</ele></trkpt>
   <trkpt lon="6.909150" lat="43.663462"><ele>381.75</ele></trkpt>
   <trkpt lon="6.909253" lat="43.663411"><ele>384.25</ele></trkpt>
   <trkpt lon="6.909443" lat="43.663300"><ele>390.5</ele></trkpt>
   <trkpt lon="6.909543" lat="43.663208"><ele>390.25</ele></trkpt>
   <trkpt lon="6.909637" lat="43.663074"><ele>390.75</ele></trkpt>
   <trkpt lon="6.909934" lat="43.662747"><ele>391.5</ele><sym>pass_place</sym><type>Shaping</type></trkpt>
   <trkpt lon="6.909936" lat="43.662745"><ele>391.5</ele></trkpt>
   <trkpt lon="6.910093" lat="43.662636"><ele>392.75</ele></trkpt>
   <trkpt lon="6.910507" lat="43.662384"><ele>391.5</ele></trkpt>
   <trkpt lon="6.910680" lat="43.662237"><ele>392.0</ele></trkpt>
   <trkpt lon="6.910790" lat="43.662074"><ele>390.5</ele></trkpt>
   <trkpt lon="6.910899" lat="43.661833"><ele>390.5</ele></trkpt>
   <trkpt lon="6.910928" lat="43.661660"><ele>391.0</ele></trkpt>
   <trkpt lon="6.910913" lat="43.661471"><ele>390.25</ele></trkpt>
   <trkpt lon="6.910772" lat="43.661074"><ele>387.25</ele></trkpt>
   <trkpt lon="6.910692" lat="43.660891"><ele>389.5</ele></trkpt>
   <trkpt lon="6.910634" lat="43.660643"><ele>389.5</ele></trkpt>
   <trkpt lon="6.910691" lat="43.659937"><ele>384.75</ele></trkpt>
   <trkpt lon="6.910735" lat="43.659811"><ele>384.0</ele></trkpt>
   <trkpt lon="6.910795" lat="43.659704"><ele>383.5</ele></trkpt>
   <trkpt lon="6.910995" lat="43.659482"><ele>383.0</ele></trkpt>
   <trkpt lon="6.911191" lat="43.659326"><ele>382.0</ele></trkpt>
   <trkpt lon="6.911378" lat="43.659158"><ele>381.25</ele></trkpt>
   <trkpt lon="6.911582" lat="43.658958"><ele>380.5</ele></trkpt>
   <trkpt lon="6.911706" lat="43.658793"><ele>379.75</ele></trkpt>
   <trkpt lon="6.911884" lat="43.658584"><ele>378.5</ele></trkpt>
   <trkpt lon="6.912074" lat="43.658432"><ele>378.25</ele></trkpt>
   <trkpt lon="6.912288" lat="43.658294"><ele>378.25</ele></trkpt>
   <trkpt lon="6.912573" lat="43.658123"><ele>377.25</ele></trkpt>
   <trkpt lon="6.912707" lat="43.657999"><ele>376.75</ele></trkpt>
   <trkpt lon="6.912838" lat="43.657828"><ele>376.0</ele></trkpt>
   <trkpt lon="6.913038" lat="43.657598"><ele>375.25</ele></trkpt>
   <trkpt lon="6.913120" lat="43.657519"><ele>375.5</ele></trkpt>
   <trkpt lon="6.913318" lat="43.657351"><ele>374.75</ele></trkpt>
   <trkpt lon="6.913426" lat="43.657280"><ele>374.25</ele></trkpt>
   <trkpt lon="6.913577" lat="43.657194"><ele>373.0</ele></trkpt>
   <trkpt lon="6.913853" lat="43.657051"><ele>373.0</ele></trkpt>
   <trkpt lon="6.914626" lat="43.656709"><ele>370.75</ele></trkpt>
   <trkpt lon="6.914719" lat="43.656647"><ele>369.5</ele></trkpt>
   <trkpt lon="6.914838" lat="43.656520"><ele>369.5</ele></trkpt>
   <trkpt lon="6.915005" lat="43.656322"><ele>367.75</ele></trkpt>
   <trkpt lon="6.915143" lat="43.656204"><ele>368.25</ele></trkpt>
   <trkpt lon="6.915562" lat="43.655867"><ele>366.5</ele></trkpt>
   <trkpt lon="6.915785" lat="43.655676"><ele>365.5</ele></trkpt>
   <trkpt lon="6.915915" lat="43.655567"><ele>365.25</ele></trkpt>
   <trkpt lon="6.915977" lat="43.655480"><ele>365.5</ele></trkpt>
   <trkpt lon="6.916031" lat="43.655362"><ele>365.25</ele></trkpt>
   <trkpt lon="6.916075" lat="43.655190"><ele>363.75</ele></trkpt>
   <trkpt lon="6.916120" lat="43.655112"><ele>363.5</ele></trkpt>
   <trkpt lon="6.916147" lat="43.655077"><ele>363.25</ele></trkpt>
   <trkpt lon="6.916212" lat="43.655018"><ele>362.25</ele></trkpt>
   <trkpt lon="6.916303" lat="43.654980"><ele>362.25</ele></trkpt>
   <trkpt lon="6.916372" lat="43.654965"><ele>362.5</ele></trkpt>
   <trkpt lon="6.916483" lat="43.654968"><ele>362.25</ele></trkpt>
   <trkpt lon="6.916555" lat="43.654986"><ele>361.5</ele></trkpt>
   <trkpt lon="6.916659" lat="43.655028"><ele>361.75</ele></trkpt>
   <trkpt lon="6.916846" lat="43.655135"><ele>362.0</ele></trkpt>
   <trkpt lon="6.916888" lat="43.655157"><ele>361.5</ele></trkpt>
   <trkpt lon="6.916930" lat="43.655181"><ele>360.75</ele></trkpt>
   <trkpt lon="6.917119" lat="43.655284"><ele>357.75</ele></trkpt>
   <trkpt lon="6.917205" lat="43.655330"><ele>356.75</ele></trkpt>
   <trkpt lon="6.917420" lat="43.655442"><ele>353.75</ele></trkpt>
   <trkpt lon="6.917546" lat="43.655507"><ele>352.0</ele></trkpt>
   <trkpt lon="6.917730" lat="43.655612"><ele>350.0</ele></trkpt>
   <trkpt lon="6.918133" lat="43.655842"><ele>345.75</ele></trkpt>
   <trkpt lon="6.918154" lat="43.655854"><ele>345.75</ele></trkpt>
   <trkpt lon="6.918171" lat="43.655864"><ele>345.75</ele></trkpt>
   <trkpt lon="6.918804" lat="43.656192"><ele>342.5</ele></trkpt>
   <trkpt lon="6.918961" lat="43.656277"><ele>341.75</ele></trkpt>
   <trkpt lon="6.918982" lat="43.656288"><ele>341.75</ele></trkpt>
   <trkpt lon="6.919013" lat="43.656303"><ele>341.5</ele></trkpt>
   <trkpt lon="6.919247" lat="43.656427"><ele>340.25</ele></trkpt>
   <trkpt lon="6.919758" lat="43.656708"><ele>335.75</ele></trkpt>
   <trkpt lon="6.919883" lat="43.656769"><ele>334.75</ele></trkpt>
   <trkpt lon="6.919929" lat="43.656782"><ele>334.25</ele></trkpt>
   <trkpt lon="6.919986" lat="43.656783"><ele>333.5</ele><sym>roundabout_e2</sym></trkpt>
   <trkpt lon="6.920002" lat="43.656764"><ele>333.25</ele></trkpt>
   <trkpt lon="6.920024" lat="43.656750"><ele>333.0</ele></trkpt>
   <trkpt lon="6.920051" lat="43.656743"><ele>333.0</ele></trkpt>
   <trkpt lon="6.920107" lat="43.656747"><ele>332.75</ele></trkpt>
   <trkpt lon="6.920138" lat="43.656764"><ele>332.5</ele></trkpt>
   <trkpt lon="6.920157" lat="43.656788"><ele>332.5</ele></trkpt>
   <trkpt lon="6.920159" lat="43.656821"><ele>332.5</ele></trkpt>
   <trkpt lon="6.920236" lat="43.656930"><ele>332.25</ele><sym>right_slight</sym></trkpt>
   <trkpt lon="6.920487" lat="43.657062"><ele>333.25</ele></trkpt>
   <trkpt lon="6.920620" lat="43.657140"><ele>332.25</ele></trkpt>
   <trkpt lon="6.920689" lat="43.657188"><ele>331.75</ele></trkpt>
   <trkpt lon="6.920931" lat="43.657272"><ele>331.25</ele></trkpt>
   <trkpt lon="6.920981" lat="43.657285"><ele>331.25</ele><sym>roundabout_e2</sym></trkpt>
   <trkpt lon="6.921013" lat="43.657282"><ele>331.0</ele></trkpt>
   <trkpt lon="6.921047" lat="43.657288"><ele>330.75</ele></trkpt>
   <trkpt lon="6.921076" lat="43.657301"><ele>330.75</ele></trkpt>
   <trkpt lon="6.921097" lat="43.657321"><ele>330.75</ele></trkpt>
   <trkpt lon="6.921107" lat="43.657345"><ele>330.75</ele></trkpt>
   <trkpt lon="6.921106" lat="43.657370"><ele>331.0</ele></trkpt>
   <trkpt lon="6.921159" lat="43.657384"><ele>330.5</ele></trkpt>
   <trkpt lon="6.921236" lat="43.657421"><ele>330.0</ele></trkpt>
   <trkpt lon="6.921325" lat="43.657487"><ele>329.5</ele></trkpt>
   <trkpt lon="6.921479" lat="43.657564"><ele>330.0</ele></trkpt>
   <trkpt lon="6.921770" lat="43.657710"><ele>329.75</ele></trkpt>
   <trkpt lon="6.921800" lat="43.657724"><ele>329.25</ele></trkpt>
   <trkpt lon="6.921849" lat="43.657741"><ele>328.5</ele></trkpt>
   <trkpt lon="6.921902" lat="43.657744"><ele>327.5</ele></trkpt>
   <trkpt lon="6.921949" lat="43.657735"><ele>326.75</ele></trkpt>
   <trkpt lon="6.921984" lat="43.657716"><ele>326.5</ele></trkpt>
   <trkpt lon="6.922034" lat="43.657676"><ele>325.75</ele><sym>left</sym></trkpt>
   <trkpt lon="6.922066" lat="43.657690"><ele>325.5</ele></trkpt>
   <trkpt lon="6.922134" lat="43.657677"><ele>324.5</ele></trkpt>
   <trkpt lon="6.922164" lat="43.657690"><ele>324.25</ele></trkpt>
   <trkpt lon="6.922574" lat="43.657868"><ele>321.0</ele></trkpt>
   <trkpt lon="6.922705" lat="43.657922"><ele>320.5</ele></trkpt>
   <trkpt lon="6.922797" lat="43.657969"><ele>320.5</ele></trkpt>
   <trkpt lon="6.922883" lat="43.658012"><ele>320.75</ele></trkpt>
   <trkpt lon="6.922928" lat="43.658035"><ele>320.75</ele></trkpt>
   <trkpt lon="6.923057" lat="43.658101"><ele>321.25</ele></trkpt>
   <trkpt lon="6.923186" lat="43.658178"><ele>321.75</ele><sym>left_slight</sym></trkpt>
   <trkpt lon="6.923197" lat="43.658243"><ele>322.75</ele></trkpt>
   <trkpt lon="6.923236" lat="43.658303"><ele>323.0</ele></trkpt>
   <trkpt lon="6.923346" lat="43.658423"><ele>322.25</ele></trkpt>
   <trkpt lon="6.923434" lat="43.658499"><ele>322.5</ele><sym>u-turn_right</sym></trkpt>
   <trkpt lon="6.923431" lat="43.658500"><ele>323.0</ele><sym>pass_place</sym><type>Shaping</type></trkpt>
   <trkpt lon="6.923434" lat="43.658499"><ele>322.5</ele></trkpt>
   <trkpt lon="6.923346" lat="43.658423"><ele>322.25</ele></trkpt>
   <trkpt lon="6.923236" lat="43.658303"><ele>323.0</ele></trkpt>
   <trkpt lon="6.923197" lat="43.658243"><ele>322.75</ele></trkpt>
   <trkpt lon="6.923186" lat="43.658178"><ele>321.75</ele><sym>left_slight</sym></trkpt>
   <trkpt lon="6.923247" lat="43.658161"><ele>320.25</ele></trkpt>
   <trkpt lon="6.923327" lat="43.658087"><ele>318.25</ele><sym>right</sym></trkpt>
   <trkpt lon="6.923338" lat="43.658077"><ele>318.25</ele></trkpt>
   <trkpt lon="6.923323" lat="43.658054"><ele>318.0</ele></trkpt>
   <trkpt lon="6.923279" lat="43.658024"><ele>317.75</ele></trkpt>
   <trkpt lon="6.923102" lat="43.657940"><ele>318.0</ele></trkpt>
   <trkpt lon="6.923099" lat="43.657929"><ele>317.75</ele><sym>left</sym></trkpt>
   <trkpt lon="6.923276" lat="43.657669"><ele>311.5</ele></trkpt>
   <trkpt lon="6.923320" lat="43.657558"><ele>308.5</ele></trkpt>
   <trkpt lon="6.923337" lat="43.657547"><ele>308.0</ele></trkpt>
   <trkpt lon="6.923355" lat="43.657544"><ele>307.75</ele></trkpt>
   <trkpt lon="6.923624" lat="43.657600"><ele>305.25</ele><sym>right_slight</sym></trkpt>
   <trkpt lon="6.923719" lat="43.657619"><ele>305.75</ele></trkpt>
   <trkpt lon="6.923748" lat="43.657613"><ele>305.5</ele><sym>right</sym></trkpt>
   <trkpt lon="6.923749" lat="43.657597"><ele>305.0</ele><sym>right</sym></trkpt>
   <trkpt lon="6.923735" lat="43.657584"><ele>304.75</ele></trkpt>
   <trkpt lon="6.923427" lat="43.657514"><ele>306.0</ele></trkpt>
   <trkpt lon="6.923394" lat="43.657442"><ele>304.75</ele><sym>left_sharp</sym></trkpt>
   <trkpt lon="6.923475" lat="43.657475"><ele>304.25</ele></trkpt>
   <trkpt lon="6.923641" lat="43.657508"><ele>303.0</ele></trkpt>
   <trkpt lon="6.923704" lat="43.657518"><ele>303.0</ele></trkpt>
   <trkpt lon="6.923761" lat="43.657519"><ele>302.75</ele></trkpt>
   <trkpt lon="6.923809" lat="43.657511"><ele>302.5</ele><sym>right_slight</sym></trkpt>
   <trkpt lon="6.923886" lat="43.657442"><ele>301.25</ele></trkpt>
   <trkpt lon="6.923912" lat="43.657399"><ele>301.0</ele><sym>roundabout_e1</sym></trkpt>
   <trkpt lon="6.923921" lat="43.657373"><ele>300.75</ele></trkpt>
   <trkpt lon="6.923906" lat="43.657328"><ele>300.0</ele></trkpt>
   <trkpt lon="6.923843" lat="43.657241"><ele>299.0</ele><sym>right_slight</sym></trkpt>
   <trkpt lon="6.923663" lat="43.657134"><ele>297.25</ele></trkpt>
   <trkpt lon="6.923606" lat="43.657103"><ele>297.5</ele></trkpt>
   <trkpt lon="6.923101" lat="43.656815"><ele>297.75</ele></trkpt>
   <trkpt lon="6.922925" lat="43.656681"><ele>295.25</ele></trkpt>
   <trkpt lon="6.922797" lat="43.656541"><ele>294.5</ele></trkpt>
   <trkpt lon="6.922707" lat="43.656433"><ele>294.0</ele></trkpt>
   <trkpt lon="6.922635" lat="43.656354"><ele>294.0</ele></trkpt>
   <trkpt lon="6.922225" lat="43.655870"><ele>291.5</ele></trkpt>
   <trkpt lon="6.921970" lat="43.655562"><ele>289.75</ele></trkpt>
   <trkpt lon="6.921880" lat="43.655457"><ele>289.25</ele></trkpt>
   <trkpt lon="6.921751" lat="43.655307"><ele>288.25</ele></trkpt>
   <trkpt lon="6.921383" lat="43.654890"><ele>287.25</ele></trkpt>
   <trkpt lon="6.921249" lat="43.654723"><ele>286.5</ele></trkpt>
   <trkpt lon="6.921220" lat="43.654689"><ele>286.25</ele></trkpt>
   <trkpt lon="6.921157" lat="43.654613"><ele>286.0</ele></trkpt>
   <trkpt lon="6.921119" lat="43.654565"><ele>285.75</ele></trkpt>
   <trkpt lon="6.921038" lat="43.654472"><ele>285.75</ele></trkpt>
   <trkpt lon="6.920983" lat="43.654406"><ele>285.25</ele></trkpt>
   <trkpt lon="6.920934" lat="43.654349"><ele>285.0</ele></trkpt>
   <trkpt lon="6.920832" lat="43.654228"><ele>283.75</ele></trkpt>
   <trkpt lon="6.920725" lat="43.654058"><ele>283.25</ele></trkpt>
   <trkpt lon="6.920693" lat="43.653964"><ele>283.25</ele></trkpt>
   <trkpt lon="6.920693" lat="43.653904"><ele>283.0</ele></trkpt>
   <trkpt lon="6.920707" lat="43.653853"><ele>283.0</ele></trkpt>
   <trkpt lon="6.920752" lat="43.653778"><ele>283.0</ele></trkpt>
   <trkpt lon="6.920836" lat="43.653698"><ele>282.25</ele></trkpt>
   <trkpt lon="6.921050" lat="43.653536"><ele>283.25</ele></trkpt>
   <trkpt lon="6.921196" lat="43.653426"><ele>283.0</ele></trkpt>
   <trkpt lon="6.921419" lat="43.653240"><ele>282.25</ele></trkpt>
   <trkpt lon="6.921467" lat="43.653189"><ele>281.5</ele></trkpt>
   <trkpt lon="6.921491" lat="43.653138"><ele>281.75</ele></trkpt>
   <trkpt lon="6.921499" lat="43.653072"><ele>282.25</ele></trkpt>
   <trkpt lon="6.921495" lat="43.653002"><ele>282.25</ele></trkpt>
   <trkpt lon="6.921490" lat="43.652902"><ele>281.5</ele></trkpt>
   <trkpt lon="6.921479" lat="43.652800"><ele>281.0</ele></trkpt>
   <trkpt lon="6.921486" lat="43.652721"><ele>281.25</ele></trkpt>
   <trkpt lon="6.921518" lat="43.652640"><ele>281.25</ele></trkpt>
   <trkpt lon="6.921572" lat="43.652555"><ele>281.0</ele></trkpt>
   <trkpt lon="6.921805" lat="43.652283"><ele>281.25</ele></trkpt>
   <trkpt lon="6.922056" lat="43.651992"><ele>280.0</ele></trkpt>
   <trkpt lon="6.922128" lat="43.651880"><ele>280.0</ele></trkpt>
   <trkpt lon="6.922187" lat="43.651756"><ele>280.0</ele></trkpt>
   <trkpt lon="6.922202" lat="43.651614"><ele>280.0</ele></trkpt>
   <trkpt lon="6.922193" lat="43.651557"><ele>280.0</ele><sym>left</sym></trkpt>
   <trkpt lon="6.922296" lat="43.651522"><ele>278.75</ele></trkpt>
   <trkpt lon="6.922644" lat="43.651402"><ele>275.75</ele></trkpt>
   <trkpt lon="6.922679" lat="43.651389"><ele>275.25</ele></trkpt>
   <trkpt lon="6.922693" lat="43.651385"><ele>275.0</ele></trkpt>
   <trkpt lon="6.922809" lat="43.651347"><ele>273.75</ele></trkpt>
   <trkpt lon="6.922824" lat="43.651342"><ele>273.75</ele></trkpt>
   <trkpt lon="6.922930" lat="43.651305"><ele>273.75</ele></trkpt>
   <trkpt lon="6.923004" lat="43.651285"><ele>274.0</ele></trkpt>
   <trkpt lon="6.923094" lat="43.651270"><ele>273.75</ele></trkpt>
   <trkpt lon="6.923253" lat="43.651256"><ele>272.75</ele></trkpt>
   <trkpt lon="6.923739" lat="43.651223"><ele>272.25</ele></trkpt>
   <trkpt lon="6.923903" lat="43.651198"><ele>271.5</ele></trkpt>
   <trkpt lon="6.924249" lat="43.651130"><ele>267.25</ele></trkpt>
   <trkpt lon="6.924729" lat="43.651023"><ele>267.25</ele></trkpt>
   <trkpt lon="6.924969" lat="43.650993"><ele>267.25</ele></trkpt>
   <trkpt lon="6.925180" lat="43.650991"><ele>267.0</ele></trkpt>
   <trkpt lon="6.925433" lat="43.651022"><ele>265.75</ele></trkpt>
   <trkpt lon="6.925660" lat="43.651065"><ele>264.25</ele></trkpt>
   <trkpt lon="6.925951" lat="43.651160"><ele>262.0</ele></trkpt>
   <trkpt lon="6.925982" lat="43.651168"><ele>262.0</ele></trkpt>
   <trkpt lon="6.926325" lat="43.651256"><ele>261.0</ele></trkpt>
   <trkpt lon="6.926466" lat="43.651280"><ele>260.5</ele></trkpt>
   <trkpt lon="6.926627" lat="43.651284"><ele>260.0</ele></trkpt>
   <trkpt lon="6.926766" lat="43.651269"><ele>259.25</ele></trkpt>
   <trkpt lon="6.926894" lat="43.651237"><ele>258.5</ele></trkpt>
   <trkpt lon="6.927438" lat="43.651090"><ele>254.25</ele></trkpt>
   <trkpt lon="6.927696" lat="43.651013"><ele>252.25</ele></trkpt>
   <trkpt lon="6.927700" lat="43.651011"><ele>251.75</ele><sym>pass_place</sym><type>Shaping</type></trkpt>
   <trkpt lon="6.927878" lat="43.650951"><ele>251.75</ele></trkpt>
   <trkpt lon="6.928059" lat="43.650872"><ele>251.0</ele></trkpt>
   <trkpt lon="6.928239" lat="43.650758"><ele>250.25</ele></trkpt>
   <trkpt lon="6.928563" lat="43.650498"><ele>246.0</ele></trkpt>
   <trkpt lon="6.928692" lat="43.650413"><ele>244.75</ele></trkpt>
   <trkpt lon="6.928899" lat="43.650319"><ele>243.25</ele></trkpt>
   <trkpt lon="6.929040" lat="43.650269"><ele>243.0</ele></trkpt>
   <trkpt lon="6.929196" lat="43.650230"><ele>243.0</ele></trkpt>
   <trkpt lon="6.929320" lat="43.650198"><ele>243.0</ele></trkpt>
   <trkpt lon="6.929434" lat="43.650173"><ele>242.75</ele></trkpt>
   <trkpt lon="6.929487" lat="43.650162"><ele>242.5</ele></trkpt>
   <trkpt lon="6.929656" lat="43.650125"><ele>242.25</ele></trkpt>
   <trkpt lon="6.930230" lat="43.649928"><ele>240.75</ele></trkpt>
   <trkpt lon="6.930464" lat="43.649864"><ele>240.25</ele></trkpt>
   <trkpt lon="6.930692" lat="43.649846"><ele>238.0</ele></trkpt>
   <trkpt lon="6.930924" lat="43.649847"><ele>236.0</ele></trkpt>
   <trkpt lon="6.931320" lat="43.649831"><ele>233.75</ele></trkpt>
   <trkpt lon="6.931346" lat="43.649830"><ele>233.5</ele></trkpt>
   <trkpt lon="6.931446" lat="43.649809"><ele>233.0</ele></trkpt>
   <trkpt lon="6.931516" lat="43.649791"><ele>232.75</ele></trkpt>
   <trkpt lon="6.931548" lat="43.649782"><ele>232.5</ele><sym>roundabout_e2</sym></trkpt>
   <trkpt lon="6.931558" lat="43.649768"><ele>232.5</ele></trkpt>
   <trkpt lon="6.931593" lat="43.649751"><ele>232.25</ele></trkpt>
   <trkpt lon="6.931617" lat="43.649749"><ele>232.25</ele></trkpt>
   <trkpt lon="6.931660" lat="43.649762"><ele>232.0</ele></trkpt>
   <trkpt lon="6.931672" lat="43.649772"><ele>232.0</ele></trkpt>
   <trkpt lon="6.931789" lat="43.649749"><ele>232.0</ele></trkpt>
   <trkpt lon="6.931961" lat="43.649724"><ele>232.0</ele></trkpt>
   <trkpt lon="6.932017" lat="43.649710"><ele>232.0</ele></trkpt>
   <trkpt lon="6.932151" lat="43.649679"><ele>232.25</ele></trkpt>
   <trkpt lon="6.932314" lat="43.649643"><ele>232.0</ele></trkpt>
   <trkpt lon="6.932919" lat="43.649500"><ele>229.0</ele></trkpt>
   <trkpt lon="6.933160" lat="43.649434"><ele>228.0</ele></trkpt>
   <trkpt lon="6.933393" lat="43.649360"><ele>228.0</ele></trkpt>
   <trkpt lon="6.933880" lat="43.649199"><ele>227.5</ele></trkpt>
   <trkpt lon="6.934092" lat="43.649144"><ele>227.0</ele></trkpt>
   <trkpt lon="6.934538" lat="43.649044"><ele>225.75</ele></trkpt>
   <trkpt lon="6.934864" lat="43.648970"><ele>222.25</ele></trkpt>
   <trkpt lon="6.935052" lat="43.648927"><ele>220.5</ele></trkpt>
   <trkpt lon="6.935793" lat="43.648754"><ele>218.5</ele></trkpt>
   <trkpt lon="6.936192" lat="43.648716"><ele>218.75</ele></trkpt>
   <trkpt lon="6.936554" lat="43.648706"><ele>221.0</ele><sym>right</sym></trkpt>
   <trkpt lon="6.936550" lat="43.648661"><ele>220.25</ele></trkpt>
   <trkpt lon="6.936542" lat="43.648605"><ele>219.0</ele></trkpt>
   <trkpt lon="6.936374" lat="43.648163"><ele>212.75</ele></trkpt>
   <trkpt lon="6.936377" lat="43.648106"><ele>212.25</ele></trkpt>
   <trkpt lon="6.936414" lat="43.648068"><ele>212.0</ele></trkpt>
   <trkpt lon="6.936473" lat="43.648027"><ele>211.5</ele></trkpt>
   <trkpt lon="6.936660" lat="43.647975"><ele>211.25</ele></trkpt>
   <trkpt lon="6.936963" lat="43.647906"><ele>210.75</ele></trkpt>
   <trkpt lon="6.936983" lat="43.647862"><ele>210.0</ele><sym>left</sym></trkpt>
   <trkpt lon="6.937201" lat="43.647926"><ele>209.25</ele><sym>pass_place</sym><type>Via</type></trkpt>
  </trkseg>
 </trk>
</gpx>
