<?xml version="1.0" encoding="UTF-8"?>
<!-- track-length = 67498 filtered ascend = 1417 plain-ascend = 0 cost=141002 energy=.5kwh time=5h 8m 23s -->
<gpx 
 xmlns="http://www.topografix.com/GPX/1/1" 
 xmlns:xsi="http://www.w3.org/2001/XMLSchema-instance" 
 xsi:schemaLocation="http://www.topografix.com/GPX/1/1 http://www.topografix.com/GPX/1/1/gpx.xsd" 
 creator="BRouter-1.7.10" version="1.1"><wpt lat="43.59757" lon="6.92544"><name>NTC</name><sym>Bike Trail</sym></wpt><wpt lat="43.5927" lon="6.93032"><name>Drinking water</name><sym>Drinking Water</sym></wpt><wpt lat="43.64408" lon="6.89864"><name>Drinking water</name><sym>Drinking Water</sym></wpt><wpt lat="43.59051" lon="6.87553"><name>Drinking water</name><sym>Drinking Water</sym></wpt><wpt lat="43.59439" lon="6.92744"><name>Drinking water</name><sym>Drinking Water</sym></wpt><wpt lat="43.64134" lon="6.87797"><name>Cycles Orsolino</name><sym>Bike Trail</sym></wpt><wpt lat="43.64532" lon="6.89107"><name>Bike shop</name><sym>Bike Trail</sym></wpt><wpt lat="43.59001" lon="6.92881"><name>Bike shop</name><sym>Bike Trail</sym></wpt><wpt lat="43.59456" lon="6.93145"><name>Drinking water</name><sym>Drinking Water</sym></wpt><wpt lat="43.62734" lon="6.82157"><name>Drinking water</name><sym>Drinking Water</sym></wpt><wpt lat="43.62823" lon="6.8183"><name>Drinking water</name><sym>Drinking Water</sym></wpt>
 <trk>
  <src>brouter_fastbike-lowtraffic_0</src>
  <type>bike</type>
  <trkseg>
   <trkpt lon="6.937201" lat="43.647926"><ele>209.25</ele><sym>pass_place</sym><type>Via</type></trkpt>
   <trkpt lon="6.936983" lat="43.647862"><ele>210.0</ele></trkpt>
   <trkpt lon="6.936760" lat="43.647794"><ele>210.0</ele></trkpt>
   <trkpt lon="6.936504" lat="43.647747"><ele>208.5</ele></trkpt>
   <trkpt lon="6.936315" lat="43.647729"><ele>206.75</ele><sym>right</sym></trkpt>
   <trkpt lon="6.936291" lat="43.647836"><ele>207.75</ele></trkpt>
   <trkpt lon="6.936230" lat="43.648077"><ele>210.5</ele></trkpt>
   <trkpt lon="6.936197" lat="43.648150"><ele>210.75</ele></trkpt>
   <trkpt lon="6.936115" lat="43.648289"><ele>211.5</ele></trkpt>
   <trkpt lon="6.936043" lat="43.648369"><ele>212.0</ele></trkpt>
   <trkpt lon="6.935928" lat="43.648441"><ele>212.25</ele></trkpt>
   <trkpt lon="6.935824" lat="43.648487"><ele>212.75</ele></trkpt>
   <trkpt lon="6.935712" lat="43.648522"><ele>213.25</ele></trkpt>
   <trkpt lon="6.935587" lat="43.648540"><ele>213.25</ele></trkpt>
   <trkpt lon="6.935116" lat="43.648634"><ele>214.25</ele></trkpt>
   <trkpt lon="6.933140" lat="43.649015"><ele>221.5</ele></trkpt>
   <trkpt lon="6.932815" lat="43.649073"><ele>225.0</ele></trkpt>
   <trkpt lon="6.932407" lat="43.649137"><ele>227.0</ele></trkpt>
   <trkpt lon="6.932277" lat="43.649145"><ele>227.5</ele></trkpt>
   <trkpt lon="6.932068" lat="43.649143"><ele>228.25</ele></trkpt>
   <trkpt lon="6.931891" lat="43.649121"><ele>228.75</ele></trkpt>
   <trkpt lon="6.931796" lat="43.649094"><ele>228.75</ele></trkpt>
   <trkpt lon="6.931664" lat="43.649033"><ele>228.5</ele></trkpt>
   <trkpt lon="6.931615" lat="43.649008"><ele>228.75</ele></trkpt>
   <trkpt lon="6.931561" lat="43.648978"><ele>229.0</ele></trkpt>
   <trkpt lon="6.931232" lat="43.648755"><ele>231.0</ele></trkpt>
   <trkpt lon="6.931143" lat="43.648711"><ele>231.75</ele></trkpt>
   <trkpt lon="6.931036" lat="43.648670"><ele>232.75</ele></trkpt>
   <trkpt lon="6.930894" lat="43.648637"><ele>233.5</ele></trkpt>
   <trkpt lon="6.930661" lat="43.648611"><ele>233.75</ele></trkpt>
   <trkpt lon="6.930216" lat="43.648612"><ele>235.25</ele></trkpt>
   <trkpt lon="6.929988" lat="43.648607"><ele>236.75</ele></trkpt>
   <trkpt lon="6.929764" lat="43.648589"><ele>237.25</ele></trkpt>
   <trkpt lon="6.929589" lat="43.648551"><ele>238.0</ele></trkpt>
   <trkpt lon="6.929426" lat="43.648499"><ele>238.75</ele></trkpt>
   <trkpt lon="6.929329" lat="43.648457"><ele>239.25</ele></trkpt>
   <trkpt lon="6.929212" lat="43.648389"><ele>240.25</ele></trkpt>
   <trkpt lon="6.929132" lat="43.648336"><ele>241.5</ele></trkpt>
   <trkpt lon="6.928789" lat="43.648107"><ele>242.75</ele></trkpt>
   <trkpt lon="6.928751" lat="43.648084"><ele>242.75</ele></trkpt>
   <trkpt lon="6.928713" lat="43.648058"><ele>242.75</ele></trkpt>
   <trkpt lon="6.928466" lat="43.647903"><ele>244.0</ele></trkpt>
   <trkpt lon="6.928398" lat="43.647868"><ele>244.75</ele></trkpt>
   <trkpt lon="6.928268" lat="43.647818"><ele>245.75</ele></trkpt>
   <trkpt lon="6.928146" lat="43.647789"><ele>246.25</ele></trkpt>
   <trkpt lon="6.928040" lat="43.647776"><ele>247.0</ele></trkpt>
   <trkpt lon="6.927934" lat="43.647775"><ele>247.25</ele></trkpt>
   <trkpt lon="6.927818" lat="43.647789"><ele>247.75</ele></trkpt>
   <trkpt lon="6.927702" lat="43.647813"><ele>248.25</ele></trkpt>
   <trkpt lon="6.927595" lat="43.647848"><ele>248.75</ele></trkpt>
   <trkpt lon="6.927539" lat="43.647869"><ele>249.0</ele></trkpt>
   <trkpt lon="6.927347" lat="43.647972"><ele>249.75</ele></trkpt>
   <trkpt lon="6.927331" lat="43.647981"><ele>250.0</ele></trkpt>
   <trkpt lon="6.927296" lat="43.648002"><ele>250.25</ele></trkpt>
   <trkpt lon="6.927220" lat="43.648046"><ele>250.75</ele></trkpt>
   <trkpt lon="6.927206" lat="43.648055"><ele>250.75</ele></trkpt>
   <trkpt lon="6.926805" lat="43.648288"><ele>252.25</ele></trkpt>
   <trkpt lon="6.926704" lat="43.648339"><ele>253.0</ele></trkpt>
   <trkpt lon="6.926640" lat="43.648368"><ele>253.5</ele></trkpt>
   <trkpt lon="6.926517" lat="43.648422"><ele>254.5</ele></trkpt>
   <trkpt lon="6.926404" lat="43.648463"><ele>255.75</ele></trkpt>
   <trkpt lon="6.926294" lat="43.648495"><ele>256.0</ele></trkpt>
   <trkpt lon="6.926129" lat="43.648533"><ele>256.0</ele></trkpt>
   <trkpt lon="6.926035" lat="43.648556"><ele>256.25</ele></trkpt>
   <trkpt lon="6.925891" lat="43.648589"><ele>256.5</ele></trkpt>
   <trkpt lon="6.924792" lat="43.648847"><ele>260.25</ele></trkpt>
   <trkpt lon="6.923918" lat="43.649044"><ele>264.5</ele></trkpt>
   <trkpt lon="6.923784" lat="43.649094"><ele>264.75</ele></trkpt>
   <trkpt lon="6.923615" lat="43.649211"><ele>266.25</ele></trkpt>
   <trkpt lon="6.923384" lat="43.649438"><ele>267.75</ele></trkpt>
   <trkpt lon="6.923314" lat="43.649502"><ele>268.25</ele></trkpt>
   <trkpt lon="6.922664" lat="43.650118"><ele>272.0</ele></trkpt>
   <trkpt lon="6.922645" lat="43.650137"><ele>272.25</ele></trkpt>
   <trkpt lon="6.922521" lat="43.650357"><ele>274.5</ele></trkpt>
   <trkpt lon="6.922513" lat="43.650401"><ele>275.0</ele></trkpt>
   <trkpt lon="6.922505" lat="43.650457"><ele>275.25</ele><sym>roundabout_e4</sym></trkpt>
   <trkpt lon="6.922525" lat="43.650490"><ele>275.75</ele></trkpt>
   <trkpt lon="6.922533" lat="43.650522"><ele>276.0</ele></trkpt>
   <trkpt lon="6.922527" lat="43.650607"><ele>276.25</ele></trkpt>
   <trkpt lon="6.922496" lat="43.650674"><ele>276.25</ele></trkpt>
   <trkpt lon="6.922471" lat="43.650706"><ele>276.5</ele></trkpt>
   <trkpt lon="6.922432" lat="43.650735"><ele>276.5</ele></trkpt>
   <trkpt lon="6.922353" lat="43.650759"><ele>276.75</ele></trkpt>
   <trkpt lon="6.922300" lat="43.650768"><ele>276.75</ele></trkpt>
   <trkpt lon="6.922233" lat="43.650764"><ele>276.75</ele></trkpt>
   <trkpt lon="6.922182" lat="43.650752"><ele>277.0</ele></trkpt>
   <trkpt lon="6.922118" lat="43.650717"><ele>277.0</ele></trkpt>
   <trkpt lon="6.922098" lat="43.650699"><ele>277.0</ele></trkpt>
   <trkpt lon="6.922068" lat="43.650664"><ele>277.0</ele></trkpt>
   <trkpt lon="6.922055" lat="43.650623"><ele>277.0</ele></trkpt>
   <trkpt lon="6.922057" lat="43.650569"><ele>277.0</ele></trkpt>
   <trkpt lon="6.922090" lat="43.650480"><ele>275.75</ele></trkpt>
   <trkpt lon="6.922125" lat="43.650437"><ele>275.25</ele></trkpt>
   <trkpt lon="6.922115" lat="43.650347"><ele>273.75</ele></trkpt>
   <trkpt lon="6.922103" lat="43.650280"><ele>272.75</ele></trkpt>
   <trkpt lon="6.922068" lat="43.650204"><ele>272.0</ele></trkpt>
   <trkpt lon="6.922017" lat="43.650133"><ele>271.25</ele></trkpt>
   <trkpt lon="6.921965" lat="43.650066"><ele>270.25</ele></trkpt>
   <trkpt lon="6.921875" lat="43.649981"><ele>269.25</ele></trkpt>
   <trkpt lon="6.921744" lat="43.649914"><ele>268.0</ele></trkpt>
   <trkpt lon="6.921422" lat="43.649788"><ele>265.25</ele></trkpt>
   <trkpt lon="6.920859" lat="43.649622"><ele>265.25</ele></trkpt>
   <trkpt lon="6.919934" lat="43.649333"><ele>262.5</ele></trkpt>
   <trkpt lon="6.919784" lat="43.649295"><ele>262.5</ele></trkpt>
   <trkpt lon="6.919542" lat="43.649216"><ele>262.5</ele></trkpt>
   <trkpt lon="6.919476" lat="43.649189"><ele>262.75</ele></trkpt>
   <trkpt lon="6.919273" lat="43.649092"><ele>261.5</ele></trkpt>
   <trkpt lon="6.919269" lat="43.649089"><ele>261.0</ele><sym>pass_place</sym><type>Shaping</type></trkpt>
   <trkpt lon="6.919181" lat="43.649043"><ele>261.0</ele></trkpt>
   <trkpt lon="6.919055" lat="43.648962"><ele>261.0</ele></trkpt>
   <trkpt lon="6.918941" lat="43.648868"><ele>261.25</ele></trkpt>
   <trkpt lon="6.918857" lat="43.648773"><ele>261.5</ele></trkpt>
   <trkpt lon="6.918787" lat="43.648674"><ele>262.25</ele></trkpt>
   <trkpt lon="6.918705" lat="43.648535"><ele>263.0</ele></trkpt>
   <trkpt lon="6.918649" lat="43.648420"><ele>262.5</ele></trkpt>
   <trkpt lon="6.918599" lat="43.648281"><ele>261.75</ele></trkpt>
   <trkpt lon="6.918575" lat="43.648145"><ele>261.0</ele></trkpt>
   <trkpt lon="6.918560" lat="43.648006"><ele>259.75</ele></trkpt>
   <trkpt lon="6.918559" lat="43.647884"><ele>258.75</ele></trkpt>
   <trkpt lon="6.918558" lat="43.647772"><ele>258.0</ele></trkpt>
   <trkpt lon="6.918558" lat="43.647652"><ele>258.0</ele></trkpt>
   <trkpt lon="6.918556" lat="43.647563"><ele>258.0</ele></trkpt>
   <trkpt lon="6.918555" lat="43.647461"><ele>258.0</ele></trkpt>
   <trkpt lon="6.918552" lat="43.647422"><ele>257.75</ele></trkpt>
   <trkpt lon="6.918536" lat="43.647220"><ele>257.25</ele></trkpt>
   <trkpt lon="6.918496" lat="43.646972"><ele>257.0</ele></trkpt>
   <trkpt lon="6.918402" lat="43.646788"><ele>257.75</ele></trkpt>
   <trkpt lon="6.918188" lat="43.646555"><ele>261.0</ele></trkpt>
   <trkpt lon="6.917996" lat="43.646414"><ele>260.5</ele></trkpt>
   <trkpt lon="6.917729" lat="43.646284"><ele>258.0</ele></trkpt>
   <trkpt lon="6.917394" lat="43.646174"><ele>258.0</ele></trkpt>
   <trkpt lon="6.916818" lat="43.646060"><ele>255.25</ele></trkpt>
   <trkpt lon="6.916533" lat="43.645970"><ele>254.25</ele></trkpt>
   <trkpt lon="6.916144" lat="43.645810"><ele>251.0</ele></trkpt>
   <trkpt lon="6.916063" lat="43.645755"><ele>250.0</ele></trkpt>
   <trkpt lon="6.915904" lat="43.645646"><ele>250.0</ele></trkpt>
   <trkpt lon="6.915774" lat="43.645507"><ele>249.5</ele></trkpt>
   <trkpt lon="6.915682" lat="43.645413"><ele>248.25</ele></trkpt>
   <trkpt lon="6.915588" lat="43.645284"><ele>249.0</ele></trkpt>
   <trkpt lon="6.915531" lat="43.645161"><ele>248.75</ele></trkpt>
   <trkpt lon="6.915448" lat="43.644741"><ele>246.0</ele></trkpt>
   <trkpt lon="6.915377" lat="43.644160"><ele>247.5</ele></trkpt>
   <trkpt lon="6.915263" lat="43.643911"><ele>247.5</ele></trkpt>
   <trkpt lon="6.915175" lat="43.643767"><ele>247.0</ele></trkpt>
   <trkpt lon="6.915074" lat="43.643656"><ele>246.25</ele></trkpt>
   <trkpt lon="6.914987" lat="43.643591"><ele>245.75</ele></trkpt>
   <trkpt lon="6.914875" lat="43.643506"><ele>245.0</ele></trkpt>
   <trkpt lon="6.914815" lat="43.643461"><ele>244.75</ele></trkpt>
   <trkpt lon="6.914409" lat="43.643172"><ele>242.0</ele></trkpt>
   <trkpt lon="6.914251" lat="43.643030"><ele>242.75</ele></trkpt>
   <trkpt lon="6.914189" lat="43.642950"><ele>242.5</ele></trkpt>
   <trkpt lon="6.914088" lat="43.642821"><ele>241.75</ele></trkpt>
   <trkpt lon="6.913953" lat="43.642691"><ele>241.0</ele></trkpt>
   <trkpt lon="6.913802" lat="43.642472"><ele>240.0</ele></trkpt>
   <trkpt lon="6.913617" lat="43.642204"><ele>240.5</ele></trkpt>
   <trkpt lon="6.913372" lat="43.641966"><ele>239.25</ele></trkpt>
   <trkpt lon="6.913162" lat="43.641805"><ele>237.5</ele></trkpt>
   <trkpt lon="6.912886" lat="43.641669"><ele>236.75</ele></trkpt>
   <trkpt lon="6.912680" lat="43.641592"><ele>236.5</ele></trkpt>
   <trkpt lon="6.912433" lat="43.641528"><ele>235.0</ele></trkpt>
   <trkpt lon="6.912275" lat="43.641506"><ele>234.75</ele></trkpt>
   <trkpt lon="6.912131" lat="43.641509"><ele>235.0</ele></trkpt>
   <trkpt lon="6.912019" lat="43.641526"><ele>235.25</ele></trkpt>
   <trkpt lon="6.911934" lat="43.641551"><ele>235.75</ele></trkpt>
   <trkpt lon="6.911847" lat="43.641587"><ele>236.25</ele></trkpt>
   <trkpt lon="6.911754" lat="43.641633"><ele>236.75</ele></trkpt>
   <trkpt lon="6.911712" lat="43.641663"><ele>237.0</ele><sym>roundabout_e4</sym></trkpt>
   <trkpt lon="6.911708" lat="43.641700"><ele>237.25</ele></trkpt>
   <trkpt lon="6.911676" lat="43.641769"><ele>237.75</ele></trkpt>
   <trkpt lon="6.911634" lat="43.641811"><ele>238.0</ele></trkpt>
   <trkpt lon="6.911579" lat="43.641844"><ele>238.25</ele></trkpt>
   <trkpt lon="6.911515" lat="43.641867"><ele>238.5</ele></trkpt>
   <trkpt lon="6.911448" lat="43.641877"><ele>238.5</ele></trkpt>
   <trkpt lon="6.911380" lat="43.641876"><ele>238.5</ele></trkpt>
   <trkpt lon="6.911313" lat="43.641864"><ele>238.5</ele></trkpt>
   <trkpt lon="6.911253" lat="43.641841"><ele>238.25</ele></trkpt>
   <trkpt lon="6.911195" lat="43.641802"><ele>238.0</ele></trkpt>
   <trkpt lon="6.911146" lat="43.641741"><ele>237.5</ele></trkpt>
   <trkpt lon="6.911128" lat="43.641671"><ele>237.0</ele></trkpt>
   <trkpt lon="6.911131" lat="43.641634"><ele>236.75</ele></trkpt>
   <trkpt lon="6.911159" lat="43.641572"><ele>236.25</ele></trkpt>
   <trkpt lon="6.911136" lat="43.641506"><ele>235.75</ele></trkpt>
   <trkpt lon="6.911106" lat="43.641453"><ele>235.25</ele></trkpt>
   <trkpt lon="6.910977" lat="43.641336"><ele>234.0</ele></trkpt>
   <trkpt lon="6.910872" lat="43.641254"><ele>233.25</ele></trkpt>
   <trkpt lon="6.910704" lat="43.641139"><ele>232.5</ele></trkpt>
   <trkpt lon="6.910558" lat="43.641051"><ele>232.0</ele></trkpt>
   <trkpt lon="6.910301" lat="43.640912"><ele>231.25</ele></trkpt>
   <trkpt lon="6.910105" lat="43.640830"><ele>230.75</ele></trkpt>
   <trkpt lon="6.910048" lat="43.640806"><ele>230.5</ele><sym>roundabout_e2</sym></trkpt>
   <trkpt lon="6.910000" lat="43.640827"><ele>230.75</ele></trkpt>
   <trkpt lon="6.909944" lat="43.640830"><ele>230.75</ele></trkpt>
   <trkpt lon="6.909887" lat="43.640811"><ele>230.25</ele></trkpt>
   <trkpt lon="6.909851" lat="43.640774"><ele>229.75</ele></trkpt>
   <trkpt lon="6.909713" lat="43.640750"><ele>229.25</ele></trkpt>
   <trkpt lon="6.909558" lat="43.640744"><ele>229.0</ele></trkpt>
   <trkpt lon="6.909326" lat="43.640756"><ele>228.5</ele></trkpt>
   <trkpt lon="6.909149" lat="43.640793"><ele>228.25</ele></trkpt>
   <trkpt lon="6.908946" lat="43.640850"><ele>227.5</ele></trkpt>
   <trkpt lon="6.908709" lat="43.640955"><ele>226.5</ele></trkpt>
   <trkpt lon="6.908244" lat="43.641209"><ele>224.75</ele></trkpt>
   <trkpt lon="6.908144" lat="43.641279"><ele>224.0</ele></trkpt>
   <trkpt lon="6.908061" lat="43.641366"><ele>223.0</ele></trkpt>
   <trkpt lon="6.907992" lat="43.641488"><ele>222.0</ele></trkpt>
   <trkpt lon="6.907945" lat="43.641607"><ele>221.0</ele></trkpt>
   <trkpt lon="6.907890" lat="43.641776"><ele>219.25</ele><sym>right_slight</sym></trkpt>
   <trkpt lon="6.907890" lat="43.641835"><ele>218.5</ele></trkpt>
   <trkpt lon="6.907913" lat="43.641924"><ele>218.0</ele></trkpt>
   <trkpt lon="6.907972" lat="43.642014"><ele>217.25</ele></trkpt>
   <trkpt lon="6.908041" lat="43.642098"><ele>216.25</ele></trkpt>
   <trkpt lon="6.908271" lat="43.642308"><ele>216.0</ele></trkpt>
   <trkpt lon="6.908635" lat="43.642703"><ele>215.75</ele></trkpt>
   <trkpt lon="6.908675" lat="43.642779"><ele>215.5</ele></trkpt>
   <trkpt lon="6.908686" lat="43.642850"><ele>215.5</ele></trkpt>
   <trkpt lon="6.908654" lat="43.642908"><ele>214.5</ele></trkpt>
   <trkpt lon="6.908598" lat="43.642948"><ele>214.0</ele></trkpt>
   <trkpt lon="6.908526" lat="43.642976"><ele>214.75</ele></trkpt>
   <trkpt lon="6.908449" lat="43.642978"><ele>215.5</ele></trkpt>
   <trkpt lon="6.908365" lat="43.642962"><ele>216.0</ele></trkpt>
   <trkpt lon="6.908112" lat="43.642835"><ele>213.25</ele></trkpt>
   <trkpt lon="6.907705" lat="43.642615"><ele>211.75</ele><sym>pass_place</sym><type>Shaping</type></trkpt>
   <trkpt lon="6.907633" lat="43.642596"><ele>211.0</ele></trkpt>
   <trkpt lon="6.907568" lat="43.642580"><ele>210.75</ele></trkpt>
   <trkpt lon="6.907443" lat="43.642563"><ele>209.75</ele></trkpt>
   <trkpt lon="6.907299" lat="43.642559"><ele>208.75</ele></trkpt>
   <trkpt lon="6.907117" lat="43.642585"><ele>208.25</ele></trkpt>
   <trkpt lon="6.906092" lat="43.642881"><ele>203.5</ele></trkpt>
   <trkpt lon="6.905914" lat="43.642944"><ele>202.25</ele></trkpt>
   <trkpt lon="6.905753" lat="43.643011"><ele>200.0</ele></trkpt>
   <trkpt lon="6.905647" lat="43.643065"><ele>199.5</ele></trkpt>
   <trkpt lon="6.905489" lat="43.643170"><ele>199.0</ele></trkpt>
   <trkpt lon="6.905361" lat="43.643232"><ele>198.0</ele></trkpt>
   <trkpt lon="6.905248" lat="43.643271"><ele>197.25</ele></trkpt>
   <trkpt lon="6.905114" lat="43.643286"><ele>197.0</ele></trkpt>
   <trkpt lon="6.904971" lat="43.643280"><ele>196.25</ele></trkpt>
   <trkpt lon="6.904537" lat="43.643209"><ele>195.5</ele></trkpt>
   <trkpt lon="6.904359" lat="43.643188"><ele>195.25</ele></trkpt>
   <trkpt lon="6.904311" lat="43.643184"><ele>195.25</ele></trkpt>
   <trkpt lon="6.904100" lat="43.643168"><ele>194.5</ele></trkpt>
   <trkpt lon="6.903679" lat="43.643165"><ele>191.0</ele></trkpt>
   <trkpt lon="6.903551" lat="43.643172"><ele>190.5</ele></trkpt>
   <trkpt lon="6.903436" lat="43.643181"><ele>190.0</ele></trkpt>
   <trkpt lon="6.903313" lat="43.643209"><ele>190.0</ele></trkpt>
   <trkpt lon="6.903163" lat="43.643271"><ele>189.25</ele></trkpt>
   <trkpt lon="6.903090" lat="43.643321"><ele>189.25</ele></trkpt>
   <trkpt lon="6.902971" lat="43.643424"><ele>187.75</ele></trkpt>
   <trkpt lon="6.902915" lat="43.643498"><ele>187.25</ele></trkpt>
   <trkpt lon="6.902865" lat="43.643592"><ele>187.25</ele></trkpt>
   <trkpt lon="6.902851" lat="43.643672"><ele>187.0</ele></trkpt>
   <trkpt lon="6.902855" lat="43.643763"><ele>186.5</ele></trkpt>
   <trkpt lon="6.902906" lat="43.643964"><ele>186.0</ele></trkpt>
   <trkpt lon="6.902912" lat="43.644001"><ele>185.75</ele></trkpt>
   <trkpt lon="6.902932" lat="43.644177"><ele>184.5</ele></trkpt>
   <trkpt lon="6.902918" lat="43.644281"><ele>183.75</ele></trkpt>
   <trkpt lon="6.902826" lat="43.644510"><ele>181.75</ele></trkpt>
   <trkpt lon="6.902812" lat="43.644594"><ele>181.5</ele></trkpt>
   <trkpt lon="6.902826" lat="43.644723"><ele>182.0</ele></trkpt>
   <trkpt lon="6.902957" lat="43.645038"><ele>180.0</ele></trkpt>
   <trkpt lon="6.902952" lat="43.645116"><ele>178.75</ele></trkpt>
   <trkpt lon="6.902925" lat="43.645182"><ele>176.75</ele></trkpt>
   <trkpt lon="6.902901" lat="43.645226"><ele>175.5</ele></trkpt>
   <trkpt lon="6.902877" lat="43.645253"><ele>174.25</ele></trkpt>
   <trkpt lon="6.902741" lat="43.645354"><ele>172.25</ele></trkpt>
   <trkpt lon="6.902674" lat="43.645399"><ele>173.25</ele><sym>left</sym></trkpt>
   <trkpt lon="6.902630" lat="43.645376"><ele>173.0</ele></trkpt>
   <trkpt lon="6.902241" lat="43.645260"><ele>173.5</ele></trkpt>
   <trkpt lon="6.902017" lat="43.645173"><ele>173.75</ele></trkpt>
   <trkpt lon="6.901877" lat="43.645114"><ele>173.5</ele></trkpt>
   <trkpt lon="6.901429" lat="43.644973"><ele>176.0</ele></trkpt>
   <trkpt lon="6.900951" lat="43.644755"><ele>180.25</ele></trkpt>
   <trkpt lon="6.900765" lat="43.644620"><ele>182.25</ele></trkpt>
   <trkpt lon="6.900613" lat="43.644511"><ele>184.25</ele></trkpt>
   <trkpt lon="6.900495" lat="43.644416"><ele>186.0</ele></trkpt>
   <trkpt lon="6.900458" lat="43.644401"><ele>186.5</ele></trkpt>
   <trkpt lon="6.900395" lat="43.644404"><ele>187.75</ele><sym>left_slight</sym></trkpt>
   <trkpt lon="6.900239" lat="43.644294"><ele>189.5</ele></trkpt>
   <trkpt lon="6.900147" lat="43.644247"><ele>189.25</ele></trkpt>
   <trkpt lon="6.900026" lat="43.644207"><ele>188.75</ele></trkpt>
   <trkpt lon="6.899865" lat="43.644189"><ele>188.25</ele><sym>left_slight</sym></trkpt>
   <trkpt lon="6.899824" lat="43.644148"><ele>188.0</ele></trkpt>
   <trkpt lon="6.899743" lat="43.644127"><ele>188.0</ele></trkpt>
   <trkpt lon="6.898974" lat="43.644144"><ele>188.0</ele></trkpt>
   <trkpt lon="6.898860" lat="43.644139"><ele>188.5</ele><sym>stay_right</sym></trkpt>
   <trkpt lon="6.898701" lat="43.644141"><ele>189.5</ele></trkpt>
   <trkpt lon="6.898623" lat="43.644129"><ele>189.75</ele></trkpt>
   <trkpt lon="6.898404" lat="43.644062"><ele>188.25</ele></trkpt>
   <trkpt lon="6.898256" lat="43.644050"><ele>188.0</ele></trkpt>
   <trkpt lon="6.897877" lat="43.644113"><ele>189.5</ele></trkpt>
   <trkpt lon="6.897824" lat="43.644116"><ele>189.5</ele><sym>right_slight</sym></trkpt>
   <trkpt lon="6.897643" lat="43.644199"><ele>190.25</ele></trkpt>
   <trkpt lon="6.897263" lat="43.644343"><ele>192.0</ele></trkpt>
   <trkpt lon="6.896158" lat="43.644740"><ele>194.75</ele></trkpt>
   <trkpt lon="6.895885" lat="43.644784"><ele>195.5</ele></trkpt>
   <trkpt lon="6.895428" lat="43.644837"><ele>195.5</ele></trkpt>
   <trkpt lon="6.895244" lat="43.644833"><ele>196.0</ele></trkpt>
   <trkpt lon="6.894680" lat="43.644754"><ele>199.25</ele></trkpt>
   <trkpt lon="6.894271" lat="43.644724"><ele>202.75</ele></trkpt>
   <trkpt lon="6.893445" lat="43.644735"><ele>210.75</ele></trkpt>
   <trkpt lon="6.893404" lat="43.644738"><ele>211.25</ele></trkpt>
   <trkpt lon="6.893365" lat="43.644749"><ele>211.75</ele></trkpt>
   <trkpt lon="6.893313" lat="43.644777"><ele>212.25</ele><sym>left_slight</sym></trkpt>
   <trkpt lon="6.893151" lat="43.644735"><ele>212.5</ele><sym>right_slight</sym></trkpt>
   <trkpt lon="6.893002" lat="43.644767"><ele>213.25</ele></trkpt>
   <trkpt lon="6.892854" lat="43.644826"><ele>214.0</ele></trkpt>
   <trkpt lon="6.892794" lat="43.644867"><ele>214.25</ele><sym>roundabout_e3</sym></trkpt>
   <trkpt lon="6.892779" lat="43.644917"><ele>214.5</ele></trkpt>
   <trkpt lon="6.892748" lat="43.644963"><ele>214.75</ele></trkpt>
   <trkpt lon="6.892689" lat="43.645012"><ele>215.0</ele></trkpt>
   <trkpt lon="6.892614" lat="43.645047"><ele>215.75</ele></trkpt>
   <trkpt lon="6.892528" lat="43.645064"><ele>216.0</ele></trkpt>
   <trkpt lon="6.892438" lat="43.645063"><ele>216.0</ele></trkpt>
   <trkpt lon="6.892353" lat="43.645044"><ele>215.5</ele></trkpt>
   <trkpt lon="6.892286" lat="43.645012"><ele>215.0</ele></trkpt>
   <trkpt lon="6.892233" lat="43.644968"><ele>214.75</ele></trkpt>
   <trkpt lon="6.892197" lat="43.644916"><ele>214.5</ele></trkpt>
   <trkpt lon="6.892180" lat="43.644842"><ele>214.25</ele></trkpt>
   <trkpt lon="6.892185" lat="43.644804"><ele>214.25</ele></trkpt>
   <trkpt lon="6.892127" lat="43.644751"><ele>214.0</ele></trkpt>
   <trkpt lon="6.892056" lat="43.644702"><ele>214.0</ele></trkpt>
   <trkpt lon="6.891959" lat="43.644670"><ele>214.25</ele></trkpt>
   <trkpt lon="6.891739" lat="43.644649"><ele>213.75</ele></trkpt>
   <trkpt lon="6.891577" lat="43.644644"><ele>213.25</ele><sym>stay_left</sym></trkpt>
   <trkpt lon="6.891307" lat="43.644641"><ele>212.0</ele></trkpt>
   <trkpt lon="6.891251" lat="43.644635"><ele>211.75</ele></trkpt>
   <trkpt lon="6.891223" lat="43.644616"><ele>212.0</ele></trkpt>
   <trkpt lon="6.891111" lat="43.644583"><ele>212.0</ele></trkpt>
   <trkpt lon="6.890945" lat="43.644571"><ele>211.25</ele></trkpt>
   <trkpt lon="6.890760" lat="43.644560"><ele>211.0</ele></trkpt>
   <trkpt lon="6.889971" lat="43.644527"><ele>209.0</ele></trkpt>
   <trkpt lon="6.889727" lat="43.644508"><ele>208.25</ele></trkpt>
   <trkpt lon="6.888274" lat="43.644245"><ele>196.5</ele><sym>stay_left</sym></trkpt>
   <trkpt lon="6.888275" lat="43.644241"><ele>196.75</ele><sym>pass_place</sym><type>Shaping</type></trkpt>
   <trkpt lon="6.888274" lat="43.644245"><ele>196.5</ele></trkpt>
   <trkpt lon="6.888172" lat="43.644227"><ele>195.5</ele></trkpt>
   <trkpt lon="6.887482" lat="43.644113"><ele>190.0</ele></trkpt>
   <trkpt lon="6.887160" lat="43.644049"><ele>188.75</ele></trkpt>
   <trkpt lon="6.885727" lat="43.643701"><ele>184.75</ele></trkpt>
   <trkpt lon="6.885695" lat="43.643689"><ele>184.75</ele></trkpt>
   <trkpt lon="6.885589" lat="43.643651"><ele>185.0</ele></trkpt>
   <trkpt lon="6.885121" lat="43.643451"><ele>184.75</ele></trkpt>
   <trkpt lon="6.884359" lat="43.643127"><ele>182.25</ele></trkpt>
   <trkpt lon="6.884069" lat="43.643011"><ele>181.0</ele></trkpt>
   <trkpt lon="6.883363" lat="43.642881"><ele>180.75</ele></trkpt>
   <trkpt lon="6.883260" lat="43.642863"><ele>181.0</ele></trkpt>
   <trkpt lon="6.883205" lat="43.642853"><ele>181.0</ele></trkpt>
   <trkpt lon="6.883167" lat="43.642846"><ele>181.0</ele><sym>left</sym></trkpt>
   <trkpt lon="6.883158" lat="43.642774"><ele>180.5</ele><sym>right</sym></trkpt>
   <trkpt lon="6.883084" lat="43.642765"><ele>180.75</ele></trkpt>
   <trkpt lon="6.882592" lat="43.642745"><ele>180.75</ele></trkpt>
   <trkpt lon="6.882116" lat="43.642753"><ele>180.75</ele></trkpt>
   <trkpt lon="6.882050" lat="43.642755"><ele>180.75</ele></trkpt>
   <trkpt lon="6.881971" lat="43.642756"><ele>180.75</ele></trkpt>
   <trkpt lon="6.881642" lat="43.642746"><ele>179.75</ele></trkpt>
   <trkpt lon="6.881105" lat="43.642699"><ele>180.25</ele></trkpt>
   <trkpt lon="6.880830" lat="43.642652"><ele>180.0</ele></trkpt>
   <trkpt lon="6.880760" lat="43.642631"><ele>179.75</ele></trkpt>
   <trkpt lon="6.880497" lat="43.642531"><ele>179.5</ele></trkpt>
   <trkpt lon="6.880393" lat="43.642548"><ele>180.25</ele><sym>left_slight</sym></trkpt>
   <trkpt lon="6.880215" lat="43.642433"><ele>180.75</ele></trkpt>
   <trkpt lon="6.880078" lat="43.642333"><ele>181.25</ele></trkpt>
   <trkpt lon="6.879545" lat="43.641956"><ele>183.75</ele></trkpt>
   <trkpt lon="6.879112" lat="43.641648"><ele>186.25</ele></trkpt>
   <trkpt lon="6.878888" lat="43.641488"><ele>188.0</ele></trkpt>
   <trkpt lon="6.878847" lat="43.641460"><ele>188.0</ele></trkpt>
   <trkpt lon="6.878771" lat="43.641408"><ele>188.0</ele></trkpt>
   <trkpt lon="6.878313" lat="43.641085"><ele>189.0</ele></trkpt>
   <trkpt lon="6.878243" lat="43.641036"><ele>189.5</ele></trkpt>
   <trkpt lon="6.878116" lat="43.640947"><ele>189.75</ele></trkpt>
   <trkpt lon="6.877839" lat="43.640755"><ele>189.5</ele></trkpt>
   <trkpt lon="6.877642" lat="43.640613"><ele>189.75</ele></trkpt>
   <trkpt lon="6.877364" lat="43.640416"><ele>191.75</ele></trkpt>
   <trkpt lon="6.877271" lat="43.640307"><ele>192.5</ele></trkpt>
   <trkpt lon="6.877071" lat="43.639989"><ele>193.5</ele></trkpt>
   <trkpt lon="6.876999" lat="43.639890"><ele>194.0</ele><sym>right</sym></trkpt>
   <trkpt lon="6.876864" lat="43.639930"><ele>193.75</ele></trkpt>
   <trkpt lon="6.876829" lat="43.639943"><ele>193.75</ele></trkpt>
   <trkpt lon="6.876710" lat="43.639985"><ele>193.0</ele><sym>left</sym></trkpt>
   <trkpt lon="6.876612" lat="43.639842"><ele>195.25</ele></trkpt>
   <trkpt lon="6.876546" lat="43.639727"><ele>197.25</ele></trkpt>
   <trkpt lon="6.876451" lat="43.639610"><ele>197.5</ele></trkpt>
   <trkpt lon="6.876312" lat="43.639487"><ele>196.5</ele></trkpt>
   <trkpt lon="6.876260" lat="43.639449"><ele>196.25</ele></trkpt>
   <trkpt lon="6.876143" lat="43.639365"><ele>197.0</ele></trkpt>
   <trkpt lon="6.875897" lat="43.639241"><ele>197.0</ele></trkpt>
   <trkpt lon="6.875705" lat="43.639164"><ele>195.25</ele></trkpt>
   <trkpt lon="6.875651" lat="43.639142"><ele>195.0</ele></trkpt>
   <trkpt lon="6.875471" lat="43.639093"><ele>195.75</ele></trkpt>
   <trkpt lon="6.875279" lat="43.639060"><ele>197.0</ele></trkpt>
   <trkpt lon="6.874830" lat="43.639049"><ele>195.0</ele></trkpt>
   <trkpt lon="6.873885" lat="43.639181"><ele>195.5</ele></trkpt>
   <trkpt lon="6.873239" lat="43.639301"><ele>197.0</ele></trkpt>
   <trkpt lon="6.873162" lat="43.639316"><ele>196.5</ele></trkpt>
   <trkpt lon="6.873081" lat="43.639331"><ele>196.25</ele></trkpt>
   <trkpt lon="6.872988" lat="43.639349"><ele>196.0</ele></trkpt>
   <trkpt lon="6.872665" lat="43.639404"><ele>195.5</ele></trkpt>
   <trkpt lon="6.872288" lat="43.639455"><ele>196.25</ele></trkpt>
   <trkpt lon="6.872090" lat="43.639469"><ele>196.0</ele></trkpt>
   <trkpt lon="6.871731" lat="43.639471"><ele>195.5</ele></trkpt>
   <trkpt lon="6.871381" lat="43.639490"><ele>196.0</ele></trkpt>
   <trkpt lon="6.871087" lat="43.639498"><ele>197.25</ele></trkpt>
   <trkpt lon="6.870833" lat="43.639527"><ele>198.0</ele></trkpt>
   <trkpt lon="6.870653" lat="43.639558"><ele>197.0</ele></trkpt>
   <trkpt lon="6.870335" lat="43.639659"><ele>197.5</ele></trkpt>
   <trkpt lon="6.870042" lat="43.639784"><ele>199.5</ele></trkpt>
   <trkpt lon="6.869996" lat="43.639808"><ele>200.0</ele></trkpt>
   <trkpt lon="6.869595" lat="43.640111"><ele>201.25</ele></trkpt>
   <trkpt lon="6.869134" lat="43.640482"><ele>200.0</ele><sym>pass_place</sym><type>Shaping</type></trkpt>
   <trkpt lon="6.868870" lat="43.640605"><ele>197.5</ele></trkpt>
   <trkpt lon="6.868591" lat="43.640709"><ele>198.5</ele></trkpt>
   <trkpt lon="6.866905" lat="43.640979"><ele>202.75</ele></trkpt>
   <trkpt lon="6.866765" lat="43.640990"><ele>202.75</ele></trkpt>
   <trkpt lon="6.865895" lat="43.641121"><ele>204.5</ele></trkpt>
   <trkpt lon="6.865275" lat="43.641215"><ele>206.5</ele></trkpt>
   <trkpt lon="6.864285" lat="43.641375"><ele>207.75</ele></trkpt>
   <trkpt lon="6.863992" lat="43.641409"><ele>208.0</ele></trkpt>
   <trkpt lon="6.863647" lat="43.641401"><ele>208.0</ele></trkpt>
   <trkpt lon="6.863274" lat="43.641332"><ele>209.5</ele></trkpt>
   <trkpt lon="6.862944" lat="43.641216"><ele>210.5</ele></trkpt>
   <trkpt lon="6.862715" lat="43.641119"><ele>210.5</ele></trkpt>
   <trkpt lon="6.862496" lat="43.640965"><ele>211.5</ele></trkpt>
   <trkpt lon="6.862299" lat="43.640805"><ele>212.25</ele><sym>left_slight</sym></trkpt>
   <trkpt lon="6.862054" lat="43.640564"><ele>214.25</ele></trkpt>
   <trkpt lon="6.861897" lat="43.640311"><ele>212.25</ele></trkpt>
   <trkpt lon="6.861855" lat="43.640228"><ele>211.25</ele></trkpt>
   <trkpt lon="6.861848" lat="43.640214"><ele>211.25</ele></trkpt>
   <trkpt lon="6.861763" lat="43.640005"><ele>209.0</ele></trkpt>
   <trkpt lon="6.861752" lat="43.639972"><ele>209.25</ele></trkpt>
   <trkpt lon="6.861738" lat="43.639897"><ele>210.0</ele></trkpt>
   <trkpt lon="6.861712" lat="43.639748"><ele>212.25</ele></trkpt>
   <trkpt lon="6.861711" lat="43.639726"><ele>212.75</ele></trkpt>
   <trkpt lon="6.861706" lat="43.639570"><ele>212.5</ele></trkpt>
   <trkpt lon="6.861772" lat="43.639327"><ele>211.5</ele></trkpt>
   <trkpt lon="6.861890" lat="43.638873"><ele>215.75</ele></trkpt>
   <trkpt lon="6.861997" lat="43.638572"><ele>218.0</ele></trkpt>
   <trkpt lon="6.862231" lat="43.637741"><ele>219.0</ele></trkpt>
   <trkpt lon="6.862270" lat="43.637636"><ele>219.25</ele></trkpt>
   <trkpt lon="6.862270" lat="43.637608"><ele>219.25</ele></trkpt>
   <trkpt lon="6.862274" lat="43.637475"><ele>219.5</ele></trkpt>
   <trkpt lon="6.862261" lat="43.637433"><ele>219.75</ele></trkpt>
   <trkpt lon="6.862244" lat="43.637406"><ele>219.75</ele><sym>right</sym></trkpt>
   <trkpt lon="6.862065" lat="43.637452"><ele>220.5</ele></trkpt>
   <trkpt lon="6.861950" lat="43.637463"><ele>220.75</ele></trkpt>
   <trkpt lon="6.861823" lat="43.637459"><ele>221.75</ele></trkpt>
   <trkpt lon="6.861696" lat="43.637431"><ele>222.5</ele></trkpt>
   <trkpt lon="6.861563" lat="43.637378"><ele>223.0</ele></trkpt>
   <trkpt lon="6.861116" lat="43.637180"><ele>225.0</ele></trkpt>
   <trkpt lon="6.860737" lat="43.637006"><ele>227.25</ele></trkpt>
   <trkpt lon="6.860316" lat="43.636812"><ele>230.5</ele></trkpt>
   <trkpt lon="6.860273" lat="43.636796"><ele>231.0</ele></trkpt>
   <trkpt lon="6.859892" lat="43.636624"><ele>232.0</ele></trkpt>
   <trkpt lon="6.859772" lat="43.636570"><ele>233.25</ele></trkpt>
   <trkpt lon="6.859188" lat="43.636306"><ele>234.75</ele></trkpt>
   <trkpt lon="6.858916" lat="43.636183"><ele>236.0</ele></trkpt>
   <trkpt lon="6.858871" lat="43.636171"><ele>236.25</ele></trkpt>
   <trkpt lon="6.858745" lat="43.636138"><ele>236.5</ele></trkpt>
   <trkpt lon="6.858514" lat="43.636052"><ele>237.0</ele></trkpt>
   <trkpt lon="6.858402" lat="43.636024"><ele>237.25</ele></trkpt>
   <trkpt lon="6.858329" lat="43.636015"><ele>237.5</ele><sym>roundabout_e2</sym></trkpt>
   <trkpt lon="6.858290" lat="43.636027"><ele>237.75</ele></trkpt>
   <trkpt lon="6.858248" lat="43.636029"><ele>238.0</ele></trkpt>
   <trkpt lon="6.858207" lat="43.636023"><ele>238.0</ele></trkpt>
   <trkpt lon="6.858170" lat="43.636009"><ele>238.0</ele></trkpt>
   <trkpt lon="6.858140" lat="43.635987"><ele>238.0</ele></trkpt>
   <trkpt lon="6.858117" lat="43.635955"><ele>238.0</ele></trkpt>
   <trkpt lon="6.858044" lat="43.635910"><ele>238.25</ele></trkpt>
   <trkpt lon="6.857955" lat="43.635872"><ele>238.0</ele></trkpt>
   <trkpt lon="6.857395" lat="43.635644"><ele>238.0</ele></trkpt>
   <trkpt lon="6.856991" lat="43.635512"><ele>238.5</ele></trkpt>
   <trkpt lon="6.856237" lat="43.635305"><ele>239.25</ele></trkpt>
   <trkpt lon="6.856147" lat="43.635284"><ele>239.0</ele></trkpt>
   <trkpt lon="6.855826" lat="43.635201"><ele>239.5</ele></trkpt>
   <trkpt lon="6.855769" lat="43.635186"><ele>239.5</ele></trkpt>
   <trkpt lon="6.855682" lat="43.635169"><ele>239.5</ele></trkpt>
   <trkpt lon="6.855626" lat="43.635163"><ele>239.5</ele><sym>roundabout_e1</sym></trkpt>
   <trkpt lon="6.855582" lat="43.635173"><ele>239.5</ele></trkpt>
   <trkpt lon="6.855559" lat="43.635171"><ele>239.5</ele></trkpt>
   <trkpt lon="6.855540" lat="43.635195"><ele>239.75</ele></trkpt>
   <trkpt lon="6.855504" lat="43.635242"><ele>240.0</ele></trkpt>
   <trkpt lon="6.855375" lat="43.635510"><ele>243.0</ele></trkpt>
   <trkpt lon="6.855169" lat="43.635856"><ele>246.0</ele></trkpt>
   <trkpt lon="6.855070" lat="43.636045"><ele>248.0</ele></trkpt>
   <trkpt lon="6.854969" lat="43.636207"><ele>250.25</ele></trkpt>
   <trkpt lon="6.854809" lat="43.636400"><ele>253.0</ele></trkpt>
   <trkpt lon="6.854433" lat="43.636960"><ele>265.25</ele><sym>pass_place</sym><type>Shaping</type></trkpt>
   <trkpt lon="6.854430" lat="43.636965"><ele>265.25</ele></trkpt>
   <trkpt lon="6.853991" lat="43.637100"><ele>268.5</ele></trkpt>
   <trkpt lon="6.853789" lat="43.637285"><ele>271.75</ele></trkpt>
   <trkpt lon="6.853505" lat="43.637641"><ele>277.75</ele></trkpt>
   <trkpt lon="6.853374" lat="43.637816"><ele>280.25</ele></trkpt>
   <trkpt lon="6.853274" lat="43.637982"><ele>283.25</ele><sym>left_slight</sym></trkpt>
   <trkpt lon="6.853177" lat="43.637986"><ele>283.75</ele></trkpt>
   <trkpt lon="6.852922" lat="43.638016"><ele>285.25</ele></trkpt>
   <trkpt lon="6.852328" lat="43.638135"><ele>287.5</ele></trkpt>
   <trkpt lon="6.852036" lat="43.638192"><ele>288.75</ele></trkpt>
   <trkpt lon="6.851463" lat="43.638333"><ele>294.25</ele></trkpt>
   <trkpt lon="6.850462" lat="43.638567"><ele>307.75</ele></trkpt>
   <trkpt lon="6.849979" lat="43.638693"><ele>316.5</ele></trkpt>
   <trkpt lon="6.849780" lat="43.638745"><ele>320.0</ele></trkpt>
   <trkpt lon="6.849330" lat="43.638862"><ele>327.0</ele></trkpt>
   <trkpt lon="6.848682" lat="43.639028"><ele>334.5</ele></trkpt>
   <trkpt lon="6.848172" lat="43.639164"><ele>344.25</ele></trkpt>
   <trkpt lon="6.848063" lat="43.639193"><ele>346.0</ele></trkpt>
   <trkpt lon="6.847330" lat="43.639397"><ele>363.75</ele></trkpt>
   <trkpt lon="6.847120" lat="43.639385"><ele>365.5</ele></trkpt>
   <trkpt lon="6.847040" lat="43.639417"><ele>366.75</ele></trkpt>
   <trkpt lon="6.846943" lat="43.639507"><ele>369.25</ele></trkpt>
   <trkpt lon="6.846424" lat="43.639656"><ele>375.5</ele></trkpt>
   <trkpt lon="6.846342" lat="43.639669"><ele>376.75</ele><sym>right</sym></trkpt>
   <trkpt lon="6.846365" lat="43.639811"><ele>379.0</ele></trkpt>
   <trkpt lon="6.846357" lat="43.639846"><ele>379.5</ele></trkpt>
   <trkpt lon="6.846340" lat="43.639870"><ele>380.0</ele><sym>right_slight</sym></trkpt>
   <trkpt lon="6.846389" lat="43.639939"><ele>380.25</ele></trkpt>
   <trkpt lon="6.846530" lat="43.640188"><ele>382.0</ele><sym>pass_place</sym><type>Shaping</type></trkpt>
   <trkpt lon="6.846532" lat="43.640192"><ele>382.0</ele></trkpt>
   <trkpt lon="6.846593" lat="43.640346"><ele>382.0</ele></trkpt>
   <trkpt lon="6.846624" lat="43.640424"><ele>381.75</ele></trkpt>
   <trkpt lon="6.846653" lat="43.640499"><ele>381.75</ele></trkpt>
   <trkpt lon="6.846671" lat="43.640544"><ele>381.75</ele></trkpt>
   <trkpt lon="6.846693" lat="43.640598"><ele>381.5</ele></trkpt>
   <trkpt lon="6.846713" lat="43.640651"><ele>381.5</ele></trkpt>
   <trkpt lon="6.846745" lat="43.640731"><ele>381.25</ele></trkpt>
   <trkpt lon="6.847020" lat="43.641423"><ele>380.0</ele></trkpt>
   <trkpt lon="6.847100" lat="43.641532"><ele>380.0</ele></trkpt>
   <trkpt lon="6.847168" lat="43.641594"><ele>379.75</ele></trkpt>
   <trkpt lon="6.847375" lat="43.641731"><ele>379.75</ele></trkpt>
   <trkpt lon="6.847969" lat="43.642000"><ele>380.0</ele></trkpt>
   <trkpt lon="6.848746" lat="43.642094"><ele>378.5</ele></trkpt>
   <trkpt lon="6.848838" lat="43.642114"><ele>378.0</ele></trkpt>
   <trkpt lon="6.848962" lat="43.642140"><ele>377.75</ele></trkpt>
   <trkpt lon="6.849051" lat="43.642159"><ele>377.75</ele></trkpt>
   <trkpt lon="6.849499" lat="43.642305"><ele>377.25</ele></trkpt>
   <trkpt lon="6.849642" lat="43.642387"><ele>376.0</ele></trkpt>
   <trkpt lon="6.849746" lat="43.642478"><ele>376.0</ele></trkpt>
   <trkpt lon="6.849984" lat="43.642778"><ele>377.0</ele></trkpt>
   <trkpt lon="6.850171" lat="43.642904"><ele>377.25</ele></trkpt>
   <trkpt lon="6.850480" lat="43.643089"><ele>377.25</ele></trkpt>
   <trkpt lon="6.850980" lat="43.643752"><ele>376.0</ele></trkpt>
   <trkpt lon="6.851243" lat="43.644122"><ele>376.0</ele></trkpt>
   <trkpt lon="6.851591" lat="43.644424"><ele>375.5</ele></trkpt>
   <trkpt lon="6.851724" lat="43.644549"><ele>375.25</ele></trkpt>
   <trkpt lon="6.851741" lat="43.644561"><ele>375.5</ele></trkpt>
   <trkpt lon="6.851802" lat="43.644602"><ele>375.5</ele></trkpt>
   <trkpt lon="6.851852" lat="43.644630"><ele>375.75</ele></trkpt>
   <trkpt lon="6.851916" lat="43.644664"><ele>376.0</ele></trkpt>
   <trkpt lon="6.852493" lat="43.644854"><ele>375.75</ele></trkpt>
   <trkpt lon="6.852926" lat="43.645105"><ele>374.0</ele></trkpt>
   <trkpt lon="6.853209" lat="43.645249"><ele>373.5</ele></trkpt>
   <trkpt lon="6.853469" lat="43.645404"><ele>372.5</ele></trkpt>
   <trkpt lon="6.853905" lat="43.645879"><ele>372.25</ele></trkpt>
   <trkpt lon="6.854054" lat="43.646026"><ele>372.25</ele></trkpt>
   <trkpt lon="6.854096" lat="43.646056"><ele>372.0</ele></trkpt>
   <trkpt lon="6.854145" lat="43.646083"><ele>371.75</ele></trkpt>
   <trkpt lon="6.854209" lat="43.646101"><ele>371.75</ele></trkpt>
   <trkpt lon="6.854282" lat="43.646109"><ele>372.25</ele><sym>right_slight</sym></trkpt>
   <trkpt lon="6.854549" lat="43.646060"><ele>371.25</ele></trkpt>
   <trkpt lon="6.854639" lat="43.646048"><ele>371.0</ele></trkpt>
   <trkpt lon="6.854723" lat="43.646044"><ele>371.0</ele></trkpt>
   <trkpt lon="6.854789" lat="43.646049"><ele>370.75</ele></trkpt>
   <trkpt lon="6.854862" lat="43.646063"><ele>371.0</ele></trkpt>
   <trkpt lon="6.855082" lat="43.646148"><ele>371.5</ele></trkpt>
   <trkpt lon="6.855297" lat="43.646277"><ele>371.75</ele></trkpt>
   <trkpt lon="6.856050" lat="43.646733"><ele>372.75</ele></trkpt>
   <trkpt lon="6.856487" lat="43.646980"><ele>370.5</ele></trkpt>
   <trkpt lon="6.856874" lat="43.647133"><ele>369.75</ele></trkpt>
   <trkpt lon="6.857031" lat="43.647218"><ele>369.5</ele></trkpt>
   <trkpt lon="6.857193" lat="43.647309"><ele>369.5</ele></trkpt>
   <trkpt lon="6.857342" lat="43.647364"><ele>369.5</ele></trkpt>
   <trkpt lon="6.857516" lat="43.647387"><ele>369.0</ele></trkpt>
   <trkpt lon="6.857750" lat="43.647440"><ele>368.5</ele></trkpt>
   <trkpt lon="6.857835" lat="43.647464"><ele>368.5</ele></trkpt>
   <trkpt lon="6.857898" lat="43.647466"><ele>368.25</ele><sym>roundabout_e2</sym></trkpt>
   <trkpt lon="6.857920" lat="43.647449"><ele>367.75</ele></trkpt>
   <trkpt lon="6.857949" lat="43.647448"><ele>367.5</ele></trkpt>
   <trkpt lon="6.857962" lat="43.647453"><ele>367.5</ele></trkpt>
   <trkpt lon="6.857975" lat="43.647472"><ele>368.0</ele></trkpt>
   <trkpt lon="6.858123" lat="43.647487"><ele>367.25</ele></trkpt>
   <trkpt lon="6.858217" lat="43.647506"><ele>366.75</ele></trkpt>
   <trkpt lon="6.858296" lat="43.647537"><ele>366.75</ele></trkpt>
   <trkpt lon="6.858376" lat="43.647598"><ele>366.5</ele></trkpt>
   <trkpt lon="6.858449" lat="43.647666"><ele>366.0</ele></trkpt>
   <trkpt lon="6.858466" lat="43.647685"><ele>366.0</ele></trkpt>
   <trkpt lon="6.858785" lat="43.648027"><ele>365.25</ele></trkpt>
   <trkpt lon="6.858913" lat="43.648110"><ele>364.75</ele></trkpt>
   <trkpt lon="6.859033" lat="43.648159"><ele>364.25</ele></trkpt>
   <trkpt lon="6.859182" lat="43.648179"><ele>362.75</ele></trkpt>
   <trkpt lon="6.859518" lat="43.648177"><ele>361.75</ele></trkpt>
   <trkpt lon="6.859668" lat="43.648205"><ele>361.0</ele></trkpt>
   <trkpt lon="6.859772" lat="43.648251"><ele>360.5</ele></trkpt>
   <trkpt lon="6.859892" lat="43.648358"><ele>360.0</ele></trkpt>
   <trkpt lon="6.859944" lat="43.648475"><ele>359.75</ele></trkpt>
   <trkpt lon="6.860066" lat="43.649004"><ele>357.75</ele></trkpt>
   <trkpt lon="6.860106" lat="43.649139"><ele>358.0</ele></trkpt>
   <trkpt lon="6.860155" lat="43.649213"><ele>357.25</ele></trkpt>
   <trkpt lon="6.860225" lat="43.649278"><ele>355.5</ele></trkpt>
   <trkpt lon="6.860277" lat="43.649303"><ele>353.75</ele></trkpt>
   <trkpt lon="6.860344" lat="43.649317"><ele>355.5</ele></trkpt>
   <trkpt lon="6.860410" lat="43.649314"><ele>356.75</ele></trkpt>
   <trkpt lon="6.860468" lat="43.649299"><ele>357.25</ele></trkpt>
   <trkpt lon="6.860695" lat="43.649167"><ele>354.0</ele></trkpt>
   <trkpt lon="6.860773" lat="43.649132"><ele>353.0</ele></trkpt>
   <trkpt lon="6.860876" lat="43.649112"><ele>352.75</ele></trkpt>
   <trkpt lon="6.861735" lat="43.649032"><ele>351.25</ele></trkpt>
   <trkpt lon="6.861988" lat="43.648992"><ele>350.5</ele></trkpt>
   <trkpt lon="6.862105" lat="43.648956"><ele>349.75</ele></trkpt>
   <trkpt lon="6.862601" lat="43.648762"><ele>347.0</ele><sym>pass_place</sym><type>Shaping</type></trkpt>
   <trkpt lon="6.862603" lat="43.648762"><ele>347.0</ele></trkpt>
   <trkpt lon="6.862818" lat="43.648717"><ele>346.75</ele></trkpt>
   <trkpt lon="6.863079" lat="43.648701"><ele>345.0</ele></trkpt>
   <trkpt lon="6.863404" lat="43.648734"><ele>344.5</ele></trkpt>
   <trkpt lon="6.863660" lat="43.648806"><ele>343.75</ele></trkpt>
   <trkpt lon="6.863936" lat="43.648950"><ele>342.25</ele></trkpt>
   <trkpt lon="6.864068" lat="43.649038"><ele>341.75</ele></trkpt>
   <trkpt lon="6.864124" lat="43.649081"><ele>341.25</ele></trkpt>
   <trkpt lon="6.864263" lat="43.649221"><ele>341.0</ele></trkpt>
   <trkpt lon="6.864516" lat="43.649603"><ele>338.0</ele></trkpt>
   <trkpt lon="6.864567" lat="43.649827"><ele>338.5</ele></trkpt>
   <trkpt lon="6.864637" lat="43.649982"><ele>338.0</ele></trkpt>
   <trkpt lon="6.864689" lat="43.650028"><ele>337.25</ele></trkpt>
   <trkpt lon="6.864730" lat="43.650064"><ele>337.0</ele></trkpt>
   <trkpt lon="6.864823" lat="43.650113"><ele>337.75</ele></trkpt>
   <trkpt lon="6.864954" lat="43.650129"><ele>337.0</ele></trkpt>
   <trkpt lon="6.865202" lat="43.650085"><ele>335.0</ele></trkpt>
   <trkpt lon="6.865511" lat="43.650062"><ele>333.75</ele></trkpt>
   <trkpt lon="6.865759" lat="43.650085"><ele>332.75</ele></trkpt>
   <trkpt lon="6.866031" lat="43.650151"><ele>331.75</ele></trkpt>
   <trkpt lon="6.866120" lat="43.650181"><ele>331.5</ele></trkpt>
   <trkpt lon="6.866200" lat="43.650218"><ele>331.5</ele></trkpt>
   <trkpt lon="6.866249" lat="43.650255"><ele>331.75</ele></trkpt>
   <trkpt lon="6.866438" lat="43.650480"><ele>329.75</ele></trkpt>
   <trkpt lon="6.866573" lat="43.650557"><ele>329.5</ele></trkpt>
   <trkpt lon="6.866711" lat="43.650590"><ele>329.75</ele></trkpt>
   <trkpt lon="6.866866" lat="43.650581"><ele>329.0</ele></trkpt>
   <trkpt lon="6.867250" lat="43.650433"><ele>327.0</ele></trkpt>
   <trkpt lon="6.867383" lat="43.650400"><ele>325.75</ele></trkpt>
   <trkpt lon="6.867523" lat="43.650401"><ele>325.5</ele></trkpt>
   <trkpt lon="6.867614" lat="43.650418"><ele>325.25</ele></trkpt>
   <trkpt lon="6.868466" lat="43.650609"><ele>322.5</ele></trkpt>
   <trkpt lon="6.868556" lat="43.650630"><ele>322.25</ele></trkpt>
   <trkpt lon="6.868659" lat="43.650621"><ele>321.0</ele></trkpt>
   <trkpt lon="6.868763" lat="43.650571"><ele>319.0</ele></trkpt>
   <trkpt lon="6.868810" lat="43.650524"><ele>318.5</ele></trkpt>
   <trkpt lon="6.868894" lat="43.650224"><ele>319.5</ele></trkpt>
   <trkpt lon="6.868962" lat="43.650103"><ele>319.75</ele></trkpt>
   <trkpt lon="6.869174" lat="43.649855"><ele>318.25</ele></trkpt>
   <trkpt lon="6.869322" lat="43.649718"><ele>316.5</ele></trkpt>
   <trkpt lon="6.869384" lat="43.649652"><ele>316.0</ele></trkpt>
   <trkpt lon="6.869428" lat="43.649609"><ele>316.0</ele></trkpt>
   <trkpt lon="6.869529" lat="43.649489"><ele>315.5</ele></trkpt>
   <trkpt lon="6.869624" lat="43.649412"><ele>314.75</ele></trkpt>
   <trkpt lon="6.869774" lat="43.649330"><ele>313.5</ele></trkpt>
   <trkpt lon="6.870502" lat="43.649111"><ele>310.75</ele></trkpt>
   <trkpt lon="6.870742" lat="43.649008"><ele>311.25</ele></trkpt>
   <trkpt lon="6.871254" lat="43.648557"><ele>308.25</ele></trkpt>
   <trkpt lon="6.871351" lat="43.648488"><ele>307.75</ele></trkpt>
   <trkpt lon="6.871495" lat="43.648416"><ele>307.0</ele></trkpt>
   <trkpt lon="6.871704" lat="43.648359"><ele>305.75</ele></trkpt>
   <trkpt lon="6.871960" lat="43.648321"><ele>305.5</ele></trkpt>
   <trkpt lon="6.872218" lat="43.648296"><ele>304.5</ele></trkpt>
   <trkpt lon="6.872391" lat="43.648283"><ele>304.5</ele></trkpt>
   <trkpt lon="6.872553" lat="43.648278"><ele>304.5</ele></trkpt>
   <trkpt lon="6.872929" lat="43.648280"><ele>304.0</ele></trkpt>
   <trkpt lon="6.873128" lat="43.648261"><ele>302.75</ele></trkpt>
   <trkpt lon="6.873299" lat="43.648212"><ele>301.75</ele></trkpt>
   <trkpt lon="6.873509" lat="43.648119"><ele>300.5</ele></trkpt>
   <trkpt lon="6.873807" lat="43.648005"><ele>299.25</ele></trkpt>
   <trkpt lon="6.873885" lat="43.647989"><ele>299.0</ele></trkpt>
   <trkpt lon="6.874032" lat="43.647989"><ele>298.75</ele></trkpt>
   <trkpt lon="6.874133" lat="43.647990"><ele>298.5</ele></trkpt>
   <trkpt lon="6.874470" lat="43.648038"><ele>297.25</ele></trkpt>
   <trkpt lon="6.874642" lat="43.648051"><ele>297.0</ele></trkpt>
   <trkpt lon="6.874849" lat="43.648067"><ele>295.25</ele></trkpt>
   <trkpt lon="6.874926" lat="43.648078"><ele>294.5</ele></trkpt>
   <trkpt lon="6.874997" lat="43.648103"><ele>294.0</ele></trkpt>
   <trkpt lon="6.875481" lat="43.648382"><ele>293.75</ele></trkpt>
   <trkpt lon="6.875605" lat="43.648447"><ele>293.75</ele></trkpt>
   <trkpt lon="6.875731" lat="43.648496"><ele>292.75</ele></trkpt>
   <trkpt lon="6.876262" lat="43.648662"><ele>290.75</ele></trkpt>
   <trkpt lon="6.876639" lat="43.648789"><ele>288.5</ele></trkpt>
   <trkpt lon="6.876724" lat="43.648811"><ele>288.25</ele></trkpt>
   <trkpt lon="6.876794" lat="43.648823"><ele>288.0</ele></trkpt>
   <trkpt lon="6.876927" lat="43.648833"><ele>287.25</ele></trkpt>
   <trkpt lon="6.877024" lat="43.648829"><ele>287.25</ele></trkpt>
   <trkpt lon="6.877870" lat="43.648753"><ele>285.25</ele></trkpt>
   <trkpt lon="6.878144" lat="43.648761"><ele>285.0</ele></trkpt>
   <trkpt lon="6.878350" lat="43.648807"><ele>283.0</ele></trkpt>
   <trkpt lon="6.879323" lat="43.649174"><ele>278.25</ele></trkpt>
   <trkpt lon="6.879932" lat="43.649463"><ele>277.0</ele></trkpt>
   <trkpt lon="6.880111" lat="43.649532"><ele>277.25</ele></trkpt>
   <trkpt lon="6.880160" lat="43.649546"><ele>277.0</ele></trkpt>
   <trkpt lon="6.880244" lat="43.649551"><ele>276.25</ele></trkpt>
   <trkpt lon="6.880464" lat="43.649513"><ele>276.0</ele></trkpt>
   <trkpt lon="6.880720" lat="43.649475"><ele>274.5</ele></trkpt>
   <trkpt lon="6.880835" lat="43.649470"><ele>273.75</ele></trkpt>
   <trkpt lon="6.880970" lat="43.649472"><ele>272.5</ele></trkpt>
   <trkpt lon="6.881193" lat="43.649503"><ele>271.25</ele></trkpt>
   <trkpt lon="6.881328" lat="43.649537"><ele>270.75</ele></trkpt>
   <trkpt lon="6.881330" lat="43.649538"><ele>270.25</ele><sym>pass_place</sym><type>Shaping</type></trkpt>
   <trkpt lon="6.881447" lat="43.649578"><ele>270.25</ele></trkpt>
   <trkpt lon="6.881544" lat="43.649619"><ele>270.25</ele></trkpt>
   <trkpt lon="6.881637" lat="43.649666"><ele>270.0</ele></trkpt>
   <trkpt lon="6.882214" lat="43.649993"><ele>266.75</ele></trkpt>
   <trkpt lon="6.882768" lat="43.650577"><ele>265.25</ele></trkpt>
   <trkpt lon="6.882838" lat="43.650633"><ele>263.25</ele></trkpt>
   <trkpt lon="6.883008" lat="43.650719"><ele>261.25</ele></trkpt>
   <trkpt lon="6.883147" lat="43.650757"><ele>262.75</ele></trkpt>
   <trkpt lon="6.883246" lat="43.650775"><ele>264.5</ele></trkpt>
   <trkpt lon="6.883342" lat="43.650781"><ele>265.5</ele></trkpt>
   <trkpt lon="6.883439" lat="43.650782"><ele>264.0</ele></trkpt>
   <trkpt lon="6.883554" lat="43.650769"><ele>261.75</ele></trkpt>
   <trkpt lon="6.883639" lat="43.650745"><ele>260.0</ele></trkpt>
   <trkpt lon="6.883729" lat="43.650709"><ele>259.25</ele></trkpt>
   <trkpt lon="6.883800" lat="43.650665"><ele>259.0</ele></trkpt>
   <trkpt lon="6.883905" lat="43.650587"><ele>259.25</ele></trkpt>
   <trkpt lon="6.884127" lat="43.650378"><ele>258.5</ele></trkpt>
   <trkpt lon="6.884266" lat="43.650291"><ele>257.5</ele></trkpt>
   <trkpt lon="6.884458" lat="43.650214"><ele>257.0</ele></trkpt>
   <trkpt lon="6.884726" lat="43.650118"><ele>255.5</ele></trkpt>
   <trkpt lon="6.884816" lat="43.650068"><ele>255.25</ele><sym>right_slight</sym></trkpt>
   <trkpt lon="6.884926" lat="43.649959"><ele>254.25</ele></trkpt>
   <trkpt lon="6.885078" lat="43.649754"><ele>253.0</ele></trkpt>
   <trkpt lon="6.885264" lat="43.649529"><ele>252.0</ele></trkpt>
   <trkpt lon="6.885352" lat="43.649418"><ele>251.25</ele></trkpt>
   <trkpt lon="6.885519" lat="43.649275"><ele>250.25</ele></trkpt>
   <trkpt lon="6.885656" lat="43.649183"><ele>249.75</ele></trkpt>
   <trkpt lon="6.885959" lat="43.649022"><ele>249.0</ele></trkpt>
   <trkpt lon="6.886086" lat="43.648894"><ele>247.75</ele></trkpt>
   <trkpt lon="6.886139" lat="43.648796"><ele>247.5</ele></trkpt>
   <trkpt lon="6.886195" lat="43.648366"><ele>244.5</ele></trkpt>
   <trkpt lon="6.886251" lat="43.648274"><ele>244.0</ele></trkpt>
   <trkpt lon="6.886322" lat="43.648196"><ele>243.5</ele></trkpt>
   <trkpt lon="6.886420" lat="43.648123"><ele>243.25</ele></trkpt>
   <trkpt lon="6.886545" lat="43.648057"><ele>242.5</ele></trkpt>
   <trkpt lon="6.886675" lat="43.648010"><ele>241.75</ele></trkpt>
   <trkpt lon="6.887461" lat="43.647793"><ele>240.0</ele></trkpt>
   <trkpt lon="6.888638" lat="43.647294"><ele>235.25</ele></trkpt>
   <trkpt lon="6.889352" lat="43.646688"><ele>230.5</ele></trkpt>
   <trkpt lon="6.889523" lat="43.646618"><ele>230.25</ele></trkpt>
   <trkpt lon="6.889949" lat="43.646506"><ele>229.5</ele></trkpt>
   <trkpt lon="6.890238" lat="43.646381"><ele>226.5</ele></trkpt>
   <trkpt lon="6.890400" lat="43.646311"><ele>226.0</ele></trkpt>
   <trkpt lon="6.890843" lat="43.646065"><ele>223.75</ele></trkpt>
   <trkpt lon="6.891097" lat="43.645966"><ele>223.25</ele></trkpt>
   <trkpt lon="6.891394" lat="43.645825"><ele>221.75</ele></trkpt>
   <trkpt lon="6.891596" lat="43.645720"><ele>220.25</ele></trkpt>
   <trkpt lon="6.891673" lat="43.645647"><ele>220.0</ele></trkpt>
   <trkpt lon="6.891738" lat="43.645568"><ele>219.25</ele></trkpt>
   <trkpt lon="6.891889" lat="43.645258"><ele>216.25</ele></trkpt>
   <trkpt lon="6.891945" lat="43.645199"><ele>216.0</ele></trkpt>
   <trkpt lon="6.892045" lat="43.645105"><ele>215.25</ele></trkpt>
   <trkpt lon="6.892066" lat="43.645085"><ele>215.25</ele></trkpt>
   <trkpt lon="6.892114" lat="43.645041"><ele>215.0</ele></trkpt>
   <trkpt lon="6.892162" lat="43.644976"><ele>214.5</ele></trkpt>
   <trkpt lon="6.892197" lat="43.644916"><ele>214.5</ele><sym>roundabout_e3</sym></trkpt>
   <trkpt lon="6.892180" lat="43.644842"><ele>214.25</ele></trkpt>
   <trkpt lon="6.892185" lat="43.644804"><ele>214.25</ele></trkpt>
   <trkpt lon="6.892210" lat="43.644747"><ele>214.0</ele></trkpt>
   <trkpt lon="6.892256" lat="43.644697"><ele>214.25</ele></trkpt>
   <trkpt lon="6.892318" lat="43.644658"><ele>214.5</ele></trkpt>
   <trkpt lon="6.892418" lat="43.644627"><ele>215.0</ele></trkpt>
   <trkpt lon="6.892527" lat="43.644623"><ele>215.25</ele></trkpt>
   <trkpt lon="6.892614" lat="43.644640"><ele>215.0</ele></trkpt>
   <trkpt lon="6.892689" lat="43.644675"><ele>214.5</ele></trkpt>
   <trkpt lon="6.892833" lat="43.644687"><ele>214.0</ele></trkpt>
   <trkpt lon="6.893151" lat="43.644735"><ele>212.5</ele></trkpt>
   <trkpt lon="6.893313" lat="43.644777"><ele>212.25</ele></trkpt>
   <trkpt lon="6.893671" lat="43.644904"><ele>210.75</ele></trkpt>
   <trkpt lon="6.894100" lat="43.644993"><ele>209.0</ele></trkpt>
   <trkpt lon="6.894223" lat="43.645030"><ele>208.25</ele></trkpt>
   <trkpt lon="6.894341" lat="43.645079"><ele>207.0</ele></trkpt>
   <trkpt lon="6.894523" lat="43.645190"><ele>206.5</ele></trkpt>
   <trkpt lon="6.894644" lat="43.645245"><ele>206.75</ele></trkpt>
   <trkpt lon="6.894739" lat="43.645267"><ele>206.5</ele></trkpt>
   <trkpt lon="6.894826" lat="43.645269"><ele>206.0</ele></trkpt>
   <trkpt lon="6.894913" lat="43.645262"><ele>205.25</ele></trkpt>
   <trkpt lon="6.895474" lat="43.645113"><ele>203.0</ele></trkpt>
   <trkpt lon="6.895965" lat="43.645013"><ele>201.25</ele></trkpt>
   <trkpt lon="6.896136" lat="43.644971"><ele>200.5</ele></trkpt>
   <trkpt lon="6.896290" lat="43.644916"><ele>200.5</ele></trkpt>
   <trkpt lon="6.896643" lat="43.644762"><ele>198.75</ele></trkpt>
   <trkpt lon="6.897852" lat="43.644279"><ele>194.0</ele></trkpt>
   <trkpt lon="6.897985" lat="43.644252"><ele>193.5</ele></trkpt>
   <trkpt lon="6.898201" lat="43.644213"><ele>192.0</ele></trkpt>
   <trkpt lon="6.898289" lat="43.644205"><ele>191.75</ele></trkpt>
   <trkpt lon="6.898399" lat="43.644203"><ele>191.5</ele></trkpt>
   <trkpt lon="6.898999" lat="43.644230"><ele>188.5</ele><sym>pass_place</sym><type>Shaping</type></trkpt>
   <trkpt lon="6.899100" lat="43.644232"><ele>188.25</ele></trkpt>
   <trkpt lon="6.899164" lat="43.644233"><ele>188.0</ele></trkpt>
   <trkpt lon="6.899333" lat="43.644222"><ele>188.75</ele></trkpt>
   <trkpt lon="6.899455" lat="43.644215"><ele>189.0</ele></trkpt>
   <trkpt lon="6.899515" lat="43.644209"><ele>189.0</ele></trkpt>
   <trkpt lon="6.899699" lat="43.644192"><ele>188.25</ele></trkpt>
   <trkpt lon="6.899865" lat="43.644189"><ele>188.25</ele></trkpt>
   <trkpt lon="6.900026" lat="43.644207"><ele>188.75</ele></trkpt>
   <trkpt lon="6.900147" lat="43.644247"><ele>189.25</ele></trkpt>
   <trkpt lon="6.900239" lat="43.644294"><ele>189.5</ele></trkpt>
   <trkpt lon="6.900395" lat="43.644404"><ele>187.75</ele><sym>straight</sym></trkpt>
   <trkpt lon="6.900458" lat="43.644401"><ele>186.5</ele></trkpt>
   <trkpt lon="6.900495" lat="43.644416"><ele>186.0</ele></trkpt>
   <trkpt lon="6.900613" lat="43.644511"><ele>184.25</ele></trkpt>
   <trkpt lon="6.900765" lat="43.644620"><ele>182.25</ele></trkpt>
   <trkpt lon="6.900951" lat="43.644755"><ele>180.25</ele></trkpt>
   <trkpt lon="6.901429" lat="43.644973"><ele>176.0</ele></trkpt>
   <trkpt lon="6.901877" lat="43.645114"><ele>173.5</ele></trkpt>
   <trkpt lon="6.902017" lat="43.645173"><ele>173.75</ele></trkpt>
   <trkpt lon="6.902241" lat="43.645260"><ele>173.5</ele></trkpt>
   <trkpt lon="6.902630" lat="43.645376"><ele>173.0</ele></trkpt>
   <trkpt lon="6.902674" lat="43.645399"><ele>173.25</ele><sym>right_slight</sym></trkpt>
   <trkpt lon="6.902741" lat="43.645354"><ele>172.25</ele></trkpt>
   <trkpt lon="6.902877" lat="43.645253"><ele>174.25</ele></trkpt>
   <trkpt lon="6.902901" lat="43.645226"><ele>175.5</ele></trkpt>
   <trkpt lon="6.902925" lat="43.645182"><ele>176.75</ele></trkpt>
   <trkpt lon="6.902952" lat="43.645116"><ele>178.75</ele></trkpt>
   <trkpt lon="6.902957" lat="43.645038"><ele>180.0</ele></trkpt>
   <trkpt lon="6.902826" lat="43.644723"><ele>182.0</ele></trkpt>
   <trkpt lon="6.902812" lat="43.644594"><ele>181.5</ele></trkpt>
   <trkpt lon="6.902826" lat="43.644510"><ele>181.75</ele></trkpt>
   <trkpt lon="6.902918" lat="43.644281"><ele>183.75</ele></trkpt>
   <trkpt lon="6.902932" lat="43.644177"><ele>184.5</ele></trkpt>
   <trkpt lon="6.902912" lat="43.644001"><ele>185.75</ele></trkpt>
   <trkpt lon="6.902906" lat="43.643964"><ele>186.0</ele></trkpt>
   <trkpt lon="6.902855" lat="43.643763"><ele>186.5</ele></trkpt>
   <trkpt lon="6.902851" lat="43.643672"><ele>187.0</ele></trkpt>
   <trkpt lon="6.902865" lat="43.643592"><ele>187.25</ele></trkpt>
   <trkpt lon="6.902915" lat="43.643498"><ele>187.25</ele></trkpt>
   <trkpt lon="6.902971" lat="43.643424"><ele>187.75</ele></trkpt>
   <trkpt lon="6.903090" lat="43.643321"><ele>189.25</ele></trkpt>
   <trkpt lon="6.903163" lat="43.643271"><ele>189.25</ele></trkpt>
   <trkpt lon="6.903313" lat="43.643209"><ele>190.0</ele></trkpt>
   <trkpt lon="6.903436" lat="43.643181"><ele>190.0</ele></trkpt>
   <trkpt lon="6.903551" lat="43.643172"><ele>190.5</ele></trkpt>
   <trkpt lon="6.903679" lat="43.643165"><ele>191.0</ele></trkpt>
   <trkpt lon="6.904100" lat="43.643168"><ele>194.5</ele></trkpt>
   <trkpt lon="6.904311" lat="43.643184"><ele>195.25</ele></trkpt>
   <trkpt lon="6.904359" lat="43.643188"><ele>195.25</ele></trkpt>
   <trkpt lon="6.904537" lat="43.643209"><ele>195.5</ele></trkpt>
   <trkpt lon="6.904971" lat="43.643280"><ele>196.25</ele></trkpt>
   <trkpt lon="6.905114" lat="43.643286"><ele>197.0</ele></trkpt>
   <trkpt lon="6.905248" lat="43.643271"><ele>197.25</ele></trkpt>
   <trkpt lon="6.905361" lat="43.643232"><ele>198.0</ele></trkpt>
   <trkpt lon="6.905489" lat="43.643170"><ele>199.0</ele></trkpt>
   <trkpt lon="6.905647" lat="43.643065"><ele>199.5</ele></trkpt>
   <trkpt lon="6.905753" lat="43.643011"><ele>200.0</ele></trkpt>
   <trkpt lon="6.905914" lat="43.642944"><ele>202.25</ele></trkpt>
   <trkpt lon="6.906092" lat="43.642881"><ele>203.5</ele></trkpt>
   <trkpt lon="6.907117" lat="43.642585"><ele>208.25</ele></trkpt>
   <trkpt lon="6.907299" lat="43.642559"><ele>208.75</ele></trkpt>
   <trkpt lon="6.907443" lat="43.642563"><ele>209.75</ele></trkpt>
   <trkpt lon="6.907568" lat="43.642580"><ele>210.75</ele></trkpt>
   <trkpt lon="6.907633" lat="43.642596"><ele>211.0</ele></trkpt>
   <trkpt lon="6.907705" lat="43.642615"><ele>211.75</ele></trkpt>
   <trkpt lon="6.908112" lat="43.642835"><ele>213.25</ele></trkpt>
   <trkpt lon="6.908365" lat="43.642962"><ele>216.0</ele></trkpt>
   <trkpt lon="6.908449" lat="43.642978"><ele>215.5</ele></trkpt>
   <trkpt lon="6.908526" lat="43.642976"><ele>214.75</ele></trkpt>
   <trkpt lon="6.908598" lat="43.642948"><ele>214.0</ele></trkpt>
   <trkpt lon="6.908654" lat="43.642908"><ele>214.5</ele></trkpt>
   <trkpt lon="6.908686" lat="43.642850"><ele>215.5</ele></trkpt>
   <trkpt lon="6.908675" lat="43.642779"><ele>215.5</ele></trkpt>
   <trkpt lon="6.908635" lat="43.642703"><ele>215.75</ele></trkpt>
   <trkpt lon="6.908271" lat="43.642308"><ele>216.0</ele></trkpt>
   <trkpt lon="6.908041" lat="43.642098"><ele>216.25</ele></trkpt>
   <trkpt lon="6.907972" lat="43.642014"><ele>217.25</ele></trkpt>
   <trkpt lon="6.907913" lat="43.641924"><ele>218.0</ele></trkpt>
   <trkpt lon="6.907890" lat="43.641835"><ele>218.5</ele></trkpt>
   <trkpt lon="6.907890" lat="43.641776"><ele>219.25</ele></trkpt>
   <trkpt lon="6.907882" lat="43.641609"><ele>220.75</ele></trkpt>
   <trkpt lon="6.907943" lat="43.641436"><ele>222.5</ele></trkpt>
   <trkpt lon="6.908005" lat="43.641342"><ele>223.0</ele></trkpt>
   <trkpt lon="6.908095" lat="43.641247"><ele>223.75</ele></trkpt>
   <trkpt lon="6.908201" lat="43.641171"><ele>224.5</ele></trkpt>
   <trkpt lon="6.908587" lat="43.640967"><ele>225.5</ele></trkpt>
   <trkpt lon="6.908755" lat="43.640880"><ele>226.5</ele></trkpt>
   <trkpt lon="6.909037" lat="43.640776"><ele>227.5</ele></trkpt>
   <trkpt lon="6.909147" lat="43.640751"><ele>227.75</ele></trkpt>
   <trkpt lon="6.909335" lat="43.640722"><ele>228.25</ele></trkpt>
   <trkpt lon="6.909560" lat="43.640709"><ele>228.75</ele></trkpt>
   <trkpt lon="6.909782" lat="43.640710"><ele>229.0</ele></trkpt>
   <trkpt lon="6.909862" lat="43.640699"><ele>229.25</ele><sym>roundabout_e1</sym></trkpt>
   <trkpt lon="6.909902" lat="43.640671"><ele>229.0</ele></trkpt>
   <trkpt lon="6.909867" lat="43.640643"><ele>228.75</ele></trkpt>
   <trkpt lon="6.909637" lat="43.640332"><ele>225.25</ele></trkpt>
   <trkpt lon="6.909621" lat="43.640315"><ele>225.0</ele></trkpt>
   <trkpt lon="6.909552" lat="43.640246"><ele>224.0</ele></trkpt>
   <trkpt lon="6.909444" lat="43.640014"><ele>221.0</ele></trkpt>
   <trkpt lon="6.909309" lat="43.639724"><ele>219.5</ele></trkpt>
   <trkpt lon="6.909229" lat="43.639526"><ele>217.75</ele></trkpt>
   <trkpt lon="6.909171" lat="43.639436"><ele>216.75</ele></trkpt>
   <trkpt lon="6.909059" lat="43.639317"><ele>216.5</ele></trkpt>
   <trkpt lon="6.908847" lat="43.639135"><ele>216.5</ele></trkpt>
   <trkpt lon="6.908579" lat="43.638948"><ele>218.25</ele></trkpt>
   <trkpt lon="6.908485" lat="43.638855"><ele>219.0</ele></trkpt>
   <trkpt lon="6.908406" lat="43.638748"><ele>219.75</ele></trkpt>
   <trkpt lon="6.908340" lat="43.638612"><ele>220.75</ele><sym>roundabout_e2</sym></trkpt>
   <trkpt lon="6.908305" lat="43.638609"><ele>221.0</ele></trkpt>
   <trkpt lon="6.908279" lat="43.638592"><ele>221.5</ele></trkpt>
   <trkpt lon="6.908272" lat="43.638567"><ele>221.75</ele></trkpt>
   <trkpt lon="6.908285" lat="43.638544"><ele>221.75</ele></trkpt>
   <trkpt lon="6.908319" lat="43.638529"><ele>221.75</ele></trkpt>
   <trkpt lon="6.908357" lat="43.638533"><ele>221.5</ele></trkpt>
   <trkpt lon="6.908454" lat="43.638325"><ele>222.5</ele></trkpt>
   <trkpt lon="6.908518" lat="43.638164"><ele>222.75</ele></trkpt>
   <trkpt lon="6.908534" lat="43.638073"><ele>223.0</ele></trkpt>
   <trkpt lon="6.908541" lat="43.638002"><ele>223.25</ele></trkpt>
   <trkpt lon="6.908525" lat="43.637915"><ele>223.25</ele><sym>pass_place</sym><type>Shaping</type></trkpt>
   <trkpt lon="6.908454" lat="43.637672"><ele>223.0</ele></trkpt>
   <trkpt lon="6.908383" lat="43.637482"><ele>222.75</ele></trkpt>
   <trkpt lon="6.908290" lat="43.637312"><ele>222.25</ele></trkpt>
   <trkpt lon="6.908167" lat="43.637085"><ele>223.0</ele></trkpt>
   <trkpt lon="6.908132" lat="43.637021"><ele>223.25</ele></trkpt>
   <trkpt lon="6.908155" lat="43.636778"><ele>224.75</ele></trkpt>
   <trkpt lon="6.908155" lat="43.636610"><ele>225.75</ele></trkpt>
   <trkpt lon="6.908106" lat="43.636468"><ele>226.5</ele></trkpt>
   <trkpt lon="6.908002" lat="43.636327"><ele>227.0</ele></trkpt>
   <trkpt lon="6.907834" lat="43.636027"><ele>226.75</ele></trkpt>
   <trkpt lon="6.907715" lat="43.635838"><ele>226.0</ele><sym>roundabout_e2</sym></trkpt>
   <trkpt lon="6.907687" lat="43.635843"><ele>226.0</ele></trkpt>
   <trkpt lon="6.907656" lat="43.635833"><ele>225.75</ele></trkpt>
   <trkpt lon="6.907638" lat="43.635813"><ele>225.75</ele></trkpt>
   <trkpt lon="6.907646" lat="43.635784"><ele>225.5</ele></trkpt>
   <trkpt lon="6.907664" lat="43.635770"><ele>225.5</ele></trkpt>
   <trkpt lon="6.907680" lat="43.635766"><ele>225.5</ele></trkpt>
   <trkpt lon="6.907715" lat="43.635769"><ele>225.5</ele></trkpt>
   <trkpt lon="6.907722" lat="43.635712"><ele>225.25</ele></trkpt>
   <trkpt lon="6.907712" lat="43.635332"><ele>223.0</ele></trkpt>
   <trkpt lon="6.907757" lat="43.635166"><ele>222.25</ele></trkpt>
   <trkpt lon="6.907899" lat="43.634943"><ele>222.0</ele></trkpt>
   <trkpt lon="6.907934" lat="43.634839"><ele>221.25</ele></trkpt>
   <trkpt lon="6.908070" lat="43.634547"><ele>220.25</ele></trkpt>
   <trkpt lon="6.908179" lat="43.633744"><ele>220.25</ele></trkpt>
   <trkpt lon="6.908187" lat="43.633540"><ele>221.25</ele></trkpt>
   <trkpt lon="6.908142" lat="43.633362"><ele>221.75</ele></trkpt>
   <trkpt lon="6.908019" lat="43.633119"><ele>223.5</ele></trkpt>
   <trkpt lon="6.907996" lat="43.632983"><ele>224.0</ele></trkpt>
   <trkpt lon="6.908093" lat="43.632684"><ele>223.5</ele></trkpt>
   <trkpt lon="6.908287" lat="43.632194"><ele>220.75</ele></trkpt>
   <trkpt lon="6.908435" lat="43.631778"><ele>216.75</ele></trkpt>
   <trkpt lon="6.908562" lat="43.631311"><ele>213.0</ele></trkpt>
   <trkpt lon="6.908699" lat="43.630801"><ele>212.75</ele></trkpt>
   <trkpt lon="6.908888" lat="43.629980"><ele>220.0</ele><sym>left</sym></trkpt>
   <trkpt lon="6.909648" lat="43.630059"><ele>220.0</ele></trkpt>
   <trkpt lon="6.910010" lat="43.630142"><ele>218.25</ele></trkpt>
   <trkpt lon="6.911454" lat="43.630399"><ele>209.5</ele></trkpt>
   <trkpt lon="6.911672" lat="43.630460"><ele>207.75</ele></trkpt>
   <trkpt lon="6.911878" lat="43.630526"><ele>206.5</ele></trkpt>
   <trkpt lon="6.912124" lat="43.630625"><ele>205.25</ele><sym>right</sym></trkpt>
   <trkpt lon="6.912217" lat="43.630553"><ele>205.0</ele></trkpt>
   <trkpt lon="6.912322" lat="43.630471"><ele>205.0</ele></trkpt>
   <trkpt lon="6.912633" lat="43.630243"><ele>206.5</ele></trkpt>
   <trkpt lon="6.912742" lat="43.630147"><ele>207.25</ele></trkpt>
   <trkpt lon="6.912790" lat="43.630069"><ele>207.75</ele></trkpt>
   <trkpt lon="6.912829" lat="43.629994"><ele>208.25</ele></trkpt>
   <trkpt lon="6.912921" lat="43.629752"><ele>209.25</ele></trkpt>
   <trkpt lon="6.912945" lat="43.629693"><ele>209.5</ele></trkpt>
   <trkpt lon="6.913061" lat="43.629459"><ele>209.0</ele></trkpt>
   <trkpt lon="6.913124" lat="43.629334"><ele>209.0</ele></trkpt>
   <trkpt lon="6.913190" lat="43.629133"><ele>208.75</ele></trkpt>
   <trkpt lon="6.913313" lat="43.628663"><ele>206.25</ele></trkpt>
   <trkpt lon="6.913344" lat="43.628597"><ele>205.75</ele></trkpt>
   <trkpt lon="6.913375" lat="43.628528"><ele>205.5</ele></trkpt>
   <trkpt lon="6.913498" lat="43.628283"><ele>203.75</ele></trkpt>
   <trkpt lon="6.913503" lat="43.628265"><ele>203.75</ele></trkpt>
   <trkpt lon="6.913548" lat="43.628076"><ele>203.75</ele></trkpt>
   <trkpt lon="6.913607" lat="43.627895"><ele>203.0</ele></trkpt>
   <trkpt lon="6.913937" lat="43.627182"><ele>201.25</ele></trkpt>
   <trkpt lon="6.914057" lat="43.626936"><ele>201.0</ele></trkpt>
   <trkpt lon="6.914171" lat="43.626597"><ele>202.0</ele></trkpt>
   <trkpt lon="6.914241" lat="43.626443"><ele>202.0</ele></trkpt>
   <trkpt lon="6.914258" lat="43.626409"><ele>202.0</ele></trkpt>
   <trkpt lon="6.914324" lat="43.626277"><ele>201.75</ele></trkpt>
   <trkpt lon="6.914483" lat="43.626017"><ele>200.75</ele></trkpt>
   <trkpt lon="6.914530" lat="43.625941"><ele>200.5</ele></trkpt>
   <trkpt lon="6.914561" lat="43.625886"><ele>200.5</ele></trkpt>
   <trkpt lon="6.914719" lat="43.625420"><ele>198.0</ele><sym>pass_place</sym><type>Shaping</type></trkpt>
   <trkpt lon="6.914809" lat="43.625178"><ele>196.25</ele></trkpt>
   <trkpt lon="6.914834" lat="43.625112"><ele>196.0</ele></trkpt>
   <trkpt lon="6.914889" lat="43.624982"><ele>195.25</ele></trkpt>
   <trkpt lon="6.915264" lat="43.624351"><ele>191.5</ele></trkpt>
   <trkpt lon="6.915444" lat="43.624102"><ele>189.25</ele></trkpt>
   <trkpt lon="6.915581" lat="43.623881"><ele>186.75</ele></trkpt>
   <trkpt lon="6.915805" lat="43.623537"><ele>183.75</ele></trkpt>
   <trkpt lon="6.915850" lat="43.623452"><ele>183.25</ele></trkpt>
   <trkpt lon="6.915879" lat="43.623398"><ele>183.0</ele></trkpt>
   <trkpt lon="6.915959" lat="43.623245"><ele>181.5</ele></trkpt>
   <trkpt lon="6.916140" lat="43.622853"><ele>179.0</ele></trkpt>
   <trkpt lon="6.916217" lat="43.622661"><ele>177.5</ele></trkpt>
   <trkpt lon="6.916397" lat="43.622518"><ele>175.75</ele></trkpt>
   <trkpt lon="6.916740" lat="43.622319"><ele>172.75</ele></trkpt>
   <trkpt lon="6.916831" lat="43.622254"><ele>172.0</ele></trkpt>
   <trkpt lon="6.917024" lat="43.622114"><ele>170.0</ele></trkpt>
   <trkpt lon="6.917290" lat="43.621859"><ele>166.75</ele></trkpt>
   <trkpt lon="6.917547" lat="43.621487"><ele>162.25</ele></trkpt>
   <trkpt lon="6.917727" lat="43.621200"><ele>158.75</ele></trkpt>
   <trkpt lon="6.917885" lat="43.620954"><ele>155.75</ele><sym>right_slight</sym></trkpt>
   <trkpt lon="6.917673" lat="43.620129"><ele>146.25</ele></trkpt>
   <trkpt lon="6.917703" lat="43.619786"><ele>144.25</ele></trkpt>
   <trkpt lon="6.917708" lat="43.619734"><ele>144.0</ele></trkpt>
   <trkpt lon="6.917687" lat="43.619481"><ele>141.25</ele></trkpt>
   <trkpt lon="6.917643" lat="43.619268"><ele>138.75</ele></trkpt>
   <trkpt lon="6.917529" lat="43.618996"><ele>134.75</ele></trkpt>
   <trkpt lon="6.917511" lat="43.618680"><ele>130.75</ele></trkpt>
   <trkpt lon="6.917339" lat="43.618444"><ele>126.75</ele></trkpt>
   <trkpt lon="6.917207" lat="43.618292"><ele>123.25</ele></trkpt>
   <trkpt lon="6.917091" lat="43.617962"><ele>119.25</ele></trkpt>
   <trkpt lon="6.916938" lat="43.617428"><ele>111.0</ele></trkpt>
   <trkpt lon="6.916849" lat="43.617145"><ele>106.0</ele></trkpt>
   <trkpt lon="6.916726" lat="43.616793"><ele>101.5</ele></trkpt>
   <trkpt lon="6.916526" lat="43.616495"><ele>95.5</ele></trkpt>
   <trkpt lon="6.916416" lat="43.616039"><ele>87.75</ele></trkpt>
   <trkpt lon="6.916359" lat="43.615735"><ele>83.5</ele></trkpt>
   <trkpt lon="6.916322" lat="43.615457"><ele>83.0</ele></trkpt>
   <trkpt lon="6.916124" lat="43.615228"><ele>78.75</ele></trkpt>
   <trkpt lon="6.916030" lat="43.615029"><ele>78.25</ele></trkpt>
   <trkpt lon="6.915545" lat="43.614578"><ele>68.75</ele></trkpt>
   <trkpt lon="6.915340" lat="43.614287"><ele>65.5</ele></trkpt>
   <trkpt lon="6.915207" lat="43.613805"><ele>66.25</ele></trkpt>
   <trkpt lon="6.915173" lat="43.613614"><ele>67.25</ele></trkpt>
   <trkpt lon="6.915169" lat="43.613535"><ele>67.25</ele></trkpt>
   <trkpt lon="6.915204" lat="43.613287"><ele>67.25</ele></trkpt>
   <trkpt lon="6.915590" lat="43.612669"><ele>66.75</ele></trkpt>
   <trkpt lon="6.915796" lat="43.612452"><ele>66.5</ele></trkpt>
   <trkpt lon="6.915917" lat="43.612393"><ele>67.5</ele><sym>right_slight</sym></trkpt>
   <trkpt lon="6.916140" lat="43.611731"><ele>60.75</ele></trkpt>
   <trkpt lon="6.916262" lat="43.611247"><ele>56.5</ele></trkpt>
   <trkpt lon="6.916247" lat="43.610991"><ele>52.75</ele></trkpt>
   <trkpt lon="6.916199" lat="43.610880"><ele>51.0</ele></trkpt>
   <trkpt lon="6.916179" lat="43.610797"><ele>50.0</ele></trkpt>
   <trkpt lon="6.916179" lat="43.610686"><ele>49.25</ele></trkpt>
   <trkpt lon="6.916192" lat="43.610635"><ele>48.75</ele><sym>roundabout_e1</sym></trkpt>
   <trkpt lon="6.916183" lat="43.610622"><ele>48.75</ele></trkpt>
   <trkpt lon="6.916185" lat="43.610593"><ele>48.5</ele></trkpt>
   <trkpt lon="6.916158" lat="43.610425"><ele>47.0</ele></trkpt>
   <trkpt lon="6.916156" lat="43.610419"><ele>45.75</ele><sym>pass_place</sym><type>Shaping</type></trkpt>
   <trkpt lon="6.916101" lat="43.610264"><ele>45.75</ele></trkpt>
   <trkpt lon="6.916005" lat="43.610001"><ele>44.5</ele></trkpt>
   <trkpt lon="6.915885" lat="43.609759"><ele>43.0</ele></trkpt>
   <trkpt lon="6.915734" lat="43.609423"><ele>41.0</ele></trkpt>
   <trkpt lon="6.915714" lat="43.609378"><ele>40.75</ele></trkpt>
   <trkpt lon="6.915592" lat="43.609129"><ele>38.75</ele></trkpt>
   <trkpt lon="6.915514" lat="43.608998"><ele>37.5</ele></trkpt>
   <trkpt lon="6.915202" lat="43.608583"><ele>35.5</ele></trkpt>
   <trkpt lon="6.915099" lat="43.608458"><ele>34.5</ele></trkpt>
   <trkpt lon="6.914979" lat="43.608332"><ele>34.5</ele></trkpt>
   <trkpt lon="6.914949" lat="43.608280"><ele>34.0</ele></trkpt>
   <trkpt lon="6.914930" lat="43.608223"><ele>33.75</ele><sym>roundabout_e3</sym></trkpt>
   <trkpt lon="6.914896" lat="43.608201"><ele>33.25</ele></trkpt>
   <trkpt lon="6.914870" lat="43.608158"><ele>33.0</ele></trkpt>
   <trkpt lon="6.914868" lat="43.608133"><ele>33.0</ele></trkpt>
   <trkpt lon="6.914877" lat="43.608107"><ele>33.0</ele></trkpt>
   <trkpt lon="6.914919" lat="43.608066"><ele>33.25</ele></trkpt>
   <trkpt lon="6.914970" lat="43.608049"><ele>33.5</ele></trkpt>
   <trkpt lon="6.915167" lat="43.608004"><ele>34.0</ele></trkpt>
   <trkpt lon="6.915248" lat="43.607980"><ele>34.25</ele></trkpt>
   <trkpt lon="6.915500" lat="43.607813"><ele>32.25</ele></trkpt>
   <trkpt lon="6.915607" lat="43.607741"><ele>31.25</ele></trkpt>
   <trkpt lon="6.915637" lat="43.607724"><ele>31.0</ele></trkpt>
   <trkpt lon="6.915775" lat="43.607635"><ele>29.75</ele></trkpt>
   <trkpt lon="6.916028" lat="43.607463"><ele>29.5</ele></trkpt>
   <trkpt lon="6.916194" lat="43.607346"><ele>29.5</ele></trkpt>
   <trkpt lon="6.916279" lat="43.607278"><ele>29.5</ele></trkpt>
   <trkpt lon="6.916336" lat="43.607222"><ele>29.75</ele></trkpt>
   <trkpt lon="6.916412" lat="43.607121"><ele>29.5</ele></trkpt>
   <trkpt lon="6.916453" lat="43.607019"><ele>29.5</ele></trkpt>
   <trkpt lon="6.916490" lat="43.606879"><ele>29.5</ele></trkpt>
   <trkpt lon="6.916567" lat="43.606479"><ele>29.25</ele></trkpt>
   <trkpt lon="6.916617" lat="43.606291"><ele>29.25</ele></trkpt>
   <trkpt lon="6.916637" lat="43.606215"><ele>29.5</ele></trkpt>
   <trkpt lon="6.916689" lat="43.606045"><ele>30.25</ele></trkpt>
   <trkpt lon="6.916752" lat="43.605840"><ele>31.75</ele></trkpt>
   <trkpt lon="6.916831" lat="43.605665"><ele>32.25</ele></trkpt>
   <trkpt lon="6.916878" lat="43.605563"><ele>32.5</ele></trkpt>
   <trkpt lon="6.916944" lat="43.605425"><ele>32.5</ele></trkpt>
   <trkpt lon="6.917100" lat="43.605139"><ele>33.0</ele></trkpt>
   <trkpt lon="6.917216" lat="43.604984"><ele>32.75</ele></trkpt>
   <trkpt lon="6.917371" lat="43.604831"><ele>32.5</ele></trkpt>
   <trkpt lon="6.917756" lat="43.604558"><ele>31.5</ele></trkpt>
   <trkpt lon="6.917793" lat="43.604532"><ele>31.5</ele></trkpt>
   <trkpt lon="6.917913" lat="43.604446"><ele>31.5</ele></trkpt>
   <trkpt lon="6.918014" lat="43.604331"><ele>30.75</ele></trkpt>
   <trkpt lon="6.918037" lat="43.604311"><ele>30.75</ele></trkpt>
   <trkpt lon="6.918117" lat="43.604241"><ele>30.75</ele></trkpt>
   <trkpt lon="6.918241" lat="43.604168"><ele>30.5</ele></trkpt>
   <trkpt lon="6.918366" lat="43.604111"><ele>31.0</ele></trkpt>
   <trkpt lon="6.918431" lat="43.604075"><ele>31.0</ele></trkpt>
   <trkpt lon="6.918488" lat="43.604043"><ele>31.0</ele><sym>roundabout_e1</sym></trkpt>
   <trkpt lon="6.918614" lat="43.603966"><ele>31.0</ele></trkpt>
   <trkpt lon="6.918756" lat="43.603875"><ele>31.5</ele></trkpt>
   <trkpt lon="6.918984" lat="43.603754"><ele>32.5</ele></trkpt>
   <trkpt lon="6.919122" lat="43.603675"><ele>32.75</ele></trkpt>
   <trkpt lon="6.919370" lat="43.603517"><ele>33.75</ele></trkpt>
   <trkpt lon="6.919635" lat="43.603341"><ele>34.25</ele></trkpt>
   <trkpt lon="6.919743" lat="43.603282"><ele>34.75</ele></trkpt>
   <trkpt lon="6.919950" lat="43.603176"><ele>35.75</ele></trkpt>
   <trkpt lon="6.920674" lat="43.602900"><ele>37.5</ele></trkpt>
   <trkpt lon="6.920825" lat="43.602823"><ele>37.0</ele></trkpt>
   <trkpt lon="6.920949" lat="43.602735"><ele>37.75</ele></trkpt>
   <trkpt lon="6.921100" lat="43.602597"><ele>39.0</ele></trkpt>
   <trkpt lon="6.921474" lat="43.602230"><ele>40.25</ele></trkpt>
   <trkpt lon="6.921573" lat="43.602140"><ele>41.25</ele></trkpt>
   <trkpt lon="6.921593" lat="43.602120"><ele>41.25</ele></trkpt>
   <trkpt lon="6.921626" lat="43.602089"><ele>41.5</ele></trkpt>
   <trkpt lon="6.921811" lat="43.601913"><ele>42.25</ele></trkpt>
   <trkpt lon="6.922152" lat="43.601612"><ele>44.5</ele></trkpt>
   <trkpt lon="6.922278" lat="43.601502"><ele>45.75</ele></trkpt>
   <trkpt lon="6.922435" lat="43.601360"><ele>46.5</ele></trkpt>
   <trkpt lon="6.922771" lat="43.601058"><ele>46.0</ele></trkpt>
   <trkpt lon="6.922932" lat="43.600946"><ele>46.0</ele></trkpt>
   <trkpt lon="6.923049" lat="43.600859"><ele>44.25</ele></trkpt>
   <trkpt lon="6.923164" lat="43.600768"><ele>44.0</ele></trkpt>
   <trkpt lon="6.923559" lat="43.600465"><ele>39.5</ele></trkpt>
   <trkpt lon="6.923835" lat="43.600228"><ele>37.25</ele></trkpt>
   <trkpt lon="6.923946" lat="43.600102"><ele>36.5</ele></trkpt>
   <trkpt lon="6.924026" lat="43.599987"><ele>35.25</ele></trkpt>
   <trkpt lon="6.924101" lat="43.599821"><ele>34.5</ele></trkpt>
   <trkpt lon="6.924142" lat="43.599622"><ele>33.0</ele></trkpt>
   <trkpt lon="6.924186" lat="43.599314"><ele>30.5</ele></trkpt>
   <trkpt lon="6.924215" lat="43.599184"><ele>29.25</ele></trkpt>
   <trkpt lon="6.924466" lat="43.598596"><ele>24.75</ele></trkpt>
   <trkpt lon="6.924488" lat="43.598546"><ele>24.25</ele></trkpt>
   <trkpt lon="6.924502" lat="43.598513"><ele>24.0</ele></trkpt>
   <trkpt lon="6.924693" lat="43.598112"><ele>22.0</ele></trkpt>
   <trkpt lon="6.924893" lat="43.597608"><ele>20.5</ele></trkpt>
   <trkpt lon="6.924956" lat="43.597489"><ele>20.0</ele></trkpt>
   <trkpt lon="6.925063" lat="43.597336"><ele>19.75</ele></trkpt>
   <trkpt lon="6.925098" lat="43.597296"><ele>19.5</ele></trkpt>
   <trkpt lon="6.925116" lat="43.597279"><ele>19.5</ele></trkpt>
   <trkpt lon="6.925116" lat="43.597278"><ele>19.25</ele><sym>pass_place</sym><type>Shaping</type></trkpt>
   <trkpt lon="6.925175" lat="43.597217"><ele>19.25</ele></trkpt>
   <trkpt lon="6.925541" lat="43.596860"><ele>19.25</ele></trkpt>
   <trkpt lon="6.925656" lat="43.596723"><ele>19.0</ele></trkpt>
   <trkpt lon="6.926029" lat="43.596224"><ele>18.5</ele></trkpt>
   <trkpt lon="6.926438" lat="43.595571"><ele>17.0</ele></trkpt>
   <trkpt lon="6.926460" lat="43.595539"><ele>17.0</ele></trkpt>
   <trkpt lon="6.926557" lat="43.595333"><ele>17.25</ele></trkpt>
   <trkpt lon="6.926568" lat="43.595194"><ele>17.25</ele></trkpt>
   <trkpt lon="6.926571" lat="43.594996"><ele>17.25</ele></trkpt>
   <trkpt lon="6.926495" lat="43.594766"><ele>17.0</ele></trkpt>
   <trkpt lon="6.926470" lat="43.594705"><ele>17.0</ele><sym>roundabout_e3</sym></trkpt>
   <trkpt lon="6.926445" lat="43.594671"><ele>17.0</ele></trkpt>
   <trkpt lon="6.926448" lat="43.594632"><ele>17.0</ele></trkpt>
   <trkpt lon="6.926462" lat="43.594612"><ele>17.0</ele></trkpt>
   <trkpt lon="6.926502" lat="43.594588"><ele>17.0</ele></trkpt>
   <trkpt lon="6.926553" lat="43.594582"><ele>17.0</ele></trkpt>
   <trkpt lon="6.926579" lat="43.594586"><ele>17.0</ele></trkpt>
   <trkpt lon="6.926608" lat="43.594597"><ele>17.0</ele></trkpt>
   <trkpt lon="6.926685" lat="43.594580"><ele>16.75</ele></trkpt>
   <trkpt lon="6.926845" lat="43.594528"><ele>16.25</ele></trkpt>
   <trkpt lon="6.927016" lat="43.594445"><ele>15.75</ele></trkpt>
   <trkpt lon="6.927309" lat="43.594305"><ele>16.0</ele></trkpt>
   <trkpt lon="6.927586" lat="43.594169"><ele>15.5</ele></trkpt>
   <trkpt lon="6.927688" lat="43.594119"><ele>15.25</ele></trkpt>
   <trkpt lon="6.928085" lat="43.593928"><ele>16.0</ele></trkpt>
   <trkpt lon="6.928141" lat="43.593900"><ele>16.0</ele></trkpt>
   <trkpt lon="6.928192" lat="43.593876"><ele>16.0</ele></trkpt>
   <trkpt lon="6.928468" lat="43.593748"><ele>16.0</ele></trkpt>
   <trkpt lon="6.928508" lat="43.593730"><ele>16.25</ele></trkpt>
   <trkpt lon="6.928674" lat="43.593662"><ele>16.25</ele></trkpt>
   <trkpt lon="6.929142" lat="43.593484"><ele>16.5</ele></trkpt>
   <trkpt lon="6.929468" lat="43.593346"><ele>17.5</ele></trkpt>
   <trkpt lon="6.929581" lat="43.593294"><ele>16.75</ele><sym>left</sym></trkpt>
   <trkpt lon="6.929628" lat="43.593346"><ele>16.5</ele></trkpt>
   <trkpt lon="6.929631" lat="43.593349"><ele>16.5</ele></trkpt>
   <trkpt lon="6.929975" lat="43.593773"><ele>16.0</ele></trkpt>
   <trkpt lon="6.930123" lat="43.593928"><ele>16.0</ele></trkpt>
   <trkpt lon="6.930163" lat="43.593969"><ele>16.0</ele><sym>right</sym></trkpt>
   <trkpt lon="6.930262" lat="43.593913"><ele>15.25</ele></trkpt>
   <trkpt lon="6.930351" lat="43.593850"><ele>15.5</ele></trkpt>
   <trkpt lon="6.930406" lat="43.593813"><ele>16.0</ele></trkpt>
   <trkpt lon="6.930548" lat="43.593722"><ele>16.75</ele><sym>right</sym></trkpt>
   <trkpt lon="6.930406" lat="43.593485"><ele>17.0</ele></trkpt>
   <trkpt lon="6.930363" lat="43.593356"><ele>17.0</ele><sym>pass_place</sym><type>Shaping</type></trkpt>
   <trkpt lon="6.930967" lat="43.593114"><ele>17.0</ele></trkpt>
   <trkpt lon="6.930979" lat="43.593152"><ele>17.0</ele></trkpt>
   <trkpt lon="6.930881" lat="43.593220"><ele>17.0</ele></trkpt>
   <trkpt lon="6.930815" lat="43.593213"><ele>16.75</ele></trkpt>
   <trkpt lon="6.930697" lat="43.593133"><ele>16.5</ele></trkpt>
   <trkpt lon="6.930580" lat="43.593224"><ele>16.5</ele></trkpt>
   <trkpt lon="6.930363" lat="43.593356"><ele>17.0</ele></trkpt>
   <trkpt lon="6.930406" lat="43.593485"><ele>17.0</ele></trkpt>
   <trkpt lon="6.930548" lat="43.593722"><ele>16.75</ele><sym>left_slight</sym></trkpt>
   <trkpt lon="6.930406" lat="43.593813"><ele>16.0</ele></trkpt>
   <trkpt lon="6.930351" lat="43.593850"><ele>15.5</ele></trkpt>
   <trkpt lon="6.930262" lat="43.593913"><ele>15.25</ele></trkpt>
   <trkpt lon="6.930163" lat="43.593969"><ele>16.0</ele><sym>left</sym></trkpt>
   <trkpt lon="6.930123" lat="43.593928"><ele>16.0</ele></trkpt>
   <trkpt lon="6.929975" lat="43.593773"><ele>16.0</ele></trkpt>
   <trkpt lon="6.929631" lat="43.593349"><ele>16.5</ele></trkpt>
   <trkpt lon="6.929628" lat="43.593346"><ele>16.5</ele></trkpt>
   <trkpt lon="6.929581" lat="43.593294"><ele>16.75</ele><sym>left</sym></trkpt>
   <trkpt lon="6.929663" lat="43.593254"><ele>16.25</ele></trkpt>
   <trkpt lon="6.929800" lat="43.593174"><ele>16.25</ele></trkpt>
   <trkpt lon="6.929892" lat="43.593108"><ele>16.75</ele></trkpt>
   <trkpt lon="6.930005" lat="43.593014"><ele>17.5</ele></trkpt>
   <trkpt lon="6.930098" lat="43.592940"><ele>16.75</ele></trkpt>
   <trkpt lon="6.930170" lat="43.592873"><ele>16.5</ele></trkpt>
   <trkpt lon="6.930198" lat="43.592836"><ele>16.5</ele></trkpt>
   <trkpt lon="6.930215" lat="43.592794"><ele>16.75</ele><sym>roundabout_e1</sym></trkpt>
   <trkpt lon="6.930187" lat="43.592785"><ele>16.5</ele></trkpt>
   <trkpt lon="6.930146" lat="43.592740"><ele>16.25</ele></trkpt>
   <trkpt lon="6.930056" lat="43.592722"><ele>16.0</ele></trkpt>
   <trkpt lon="6.929946" lat="43.592672"><ele>16.0</ele></trkpt>
   <trkpt lon="6.929884" lat="43.592644"><ele>16.0</ele></trkpt>
   <trkpt lon="6.929818" lat="43.592614"><ele>16.0</ele></trkpt>
   <trkpt lon="6.929767" lat="43.592578"><ele>16.0</ele></trkpt>
   <trkpt lon="6.929694" lat="43.592510"><ele>15.75</ele></trkpt>
   <trkpt lon="6.929635" lat="43.592427"><ele>15.0</ele></trkpt>
   <trkpt lon="6.929537" lat="43.592120"><ele>14.0</ele></trkpt>
   <trkpt lon="6.929350" lat="43.591611"><ele>14.25</ele></trkpt>
   <trkpt lon="6.929236" lat="43.591330"><ele>15.0</ele></trkpt>
   <trkpt lon="6.929173" lat="43.591227"><ele>15.5</ele></trkpt>
   <trkpt lon="6.929151" lat="43.591192"><ele>15.5</ele><sym>roundabout_e2</sym></trkpt>
   <trkpt lon="6.929098" lat="43.591188"><ele>15.5</ele></trkpt>
   <trkpt lon="6.929056" lat="43.591175"><ele>15.5</ele></trkpt>
   <trkpt lon="6.929020" lat="43.591155"><ele>15.5</ele></trkpt>
   <trkpt lon="6.928993" lat="43.591128"><ele>15.75</ele></trkpt>
   <trkpt lon="6.928976" lat="43.591097"><ele>15.75</ele></trkpt>
   <trkpt lon="6.928973" lat="43.591061"><ele>15.75</ele></trkpt>
   <trkpt lon="6.928984" lat="43.591026"><ele>15.5</ele></trkpt>
   <trkpt lon="6.929008" lat="43.590995"><ele>15.5</ele></trkpt>
   <trkpt lon="6.929044" lat="43.590970"><ele>15.25</ele></trkpt>
   <trkpt lon="6.929020" lat="43.590831"><ele>14.75</ele></trkpt>
   <trkpt lon="6.928920" lat="43.590637"><ele>14.75</ele></trkpt>
   <trkpt lon="6.928797" lat="43.590337"><ele>14.0</ele></trkpt>
   <trkpt lon="6.928654" lat="43.589991"><ele>14.75</ele></trkpt>
   <trkpt lon="6.928566" lat="43.589882"><ele>14.5</ele></trkpt>
   <trkpt lon="6.928375" lat="43.589717"><ele>15.5</ele></trkpt>
   <trkpt lon="6.928030" lat="43.589442"><ele>13.5</ele></trkpt>
   <trkpt lon="6.927684" lat="43.589167"><ele>12.5</ele></trkpt>
   <trkpt lon="6.927627" lat="43.589123"><ele>14.25</ele></trkpt>
   <trkpt lon="6.927517" lat="43.589034"><ele>15.75</ele><sym>right</sym></trkpt>
   <trkpt lon="6.927382" lat="43.589126"><ele>16.25</ele></trkpt>
   <trkpt lon="6.927341" lat="43.589154"><ele>16.0</ele></trkpt>
   <trkpt lon="6.926924" lat="43.589445"><ele>14.75</ele></trkpt>
   <trkpt lon="6.926357" lat="43.589682"><ele>14.0</ele></trkpt>
   <trkpt lon="6.926146" lat="43.589736"><ele>13.75</ele></trkpt>
   <trkpt lon="6.925873" lat="43.589740"><ele>13.75</ele></trkpt>
   <trkpt lon="6.925687" lat="43.589712"><ele>14.0</ele></trkpt>
   <trkpt lon="6.925456" lat="43.589689"><ele>14.0</ele></trkpt>
   <trkpt lon="6.925159" lat="43.589671"><ele>14.0</ele></trkpt>
   <trkpt lon="6.924860" lat="43.589677"><ele>14.0</ele></trkpt>
   <trkpt lon="6.924751" lat="43.589686"><ele>14.0</ele></trkpt>
   <trkpt lon="6.924466" lat="43.589704"><ele>14.75</ele></trkpt>
   <trkpt lon="6.924277" lat="43.589737"><ele>14.75</ele></trkpt>
   <trkpt lon="6.924139" lat="43.589759"><ele>15.0</ele></trkpt>
   <trkpt lon="6.924003" lat="43.589795"><ele>15.0</ele></trkpt>
   <trkpt lon="6.923672" lat="43.589898"><ele>15.0</ele></trkpt>
   <trkpt lon="6.923389" lat="43.590014"><ele>15.0</ele></trkpt>
   <trkpt lon="6.923259" lat="43.590066"><ele>14.75</ele></trkpt>
   <trkpt lon="6.922730" lat="43.590282"><ele>15.0</ele></trkpt>
   <trkpt lon="6.922721" lat="43.590286"><ele>15.0</ele></trkpt>
   <trkpt lon="6.922392" lat="43.590391"><ele>14.75</ele></trkpt>
   <trkpt lon="6.922134" lat="43.590447"><ele>15.0</ele></trkpt>
   <trkpt lon="6.921793" lat="43.590504"><ele>15.5</ele></trkpt>
   <trkpt lon="6.921407" lat="43.590579"><ele>16.0</ele></trkpt>
   <trkpt lon="6.920961" lat="43.590623"><ele>15.5</ele><sym>left_slight</sym></trkpt>
   <trkpt lon="6.920806" lat="43.590557"><ele>15.0</ele></trkpt>
   <trkpt lon="6.920625" lat="43.590438"><ele>15.25</ele></trkpt>
   <trkpt lon="6.920157" lat="43.590019"><ele>17.5</ele></trkpt>
   <trkpt lon="6.920058" lat="43.589939"><ele>17.75</ele></trkpt>
   <trkpt lon="6.919886" lat="43.589869"><ele>19.25</ele></trkpt>
   <trkpt lon="6.919513" lat="43.589821"><ele>23.0</ele><sym>stay_right</sym></trkpt>
   <trkpt lon="6.919441" lat="43.589819"><ele>23.75</ele></trkpt>
   <trkpt lon="6.919346" lat="43.589800"><ele>24.5</ele></trkpt>
   <trkpt lon="6.919137" lat="43.589739"><ele>24.5</ele></trkpt>
   <trkpt lon="6.919053" lat="43.589631"><ele>25.0</ele></trkpt>
   <trkpt lon="6.918843" lat="43.589183"><ele>26.5</ele></trkpt>
   <trkpt lon="6.918721" lat="43.588990"><ele>28.5</ele></trkpt>
   <trkpt lon="6.918541" lat="43.588791"><ele>30.75</ele></trkpt>
   <trkpt lon="6.918500" lat="43.588738"><ele>31.25</ele></trkpt>
   <trkpt lon="6.918462" lat="43.588673"><ele>32.0</ele><sym>left_slight</sym></trkpt>
   <trkpt lon="6.918468" lat="43.588622"><ele>31.25</ele></trkpt>
   <trkpt lon="6.918576" lat="43.588439"><ele>30.0</ele></trkpt>
   <trkpt lon="6.918519" lat="43.588297"><ele>34.25</ele></trkpt>
   <trkpt lon="6.918400" lat="43.588147"><ele>36.5</ele></trkpt>
   <trkpt lon="6.918279" lat="43.588062"><ele>39.5</ele></trkpt>
   <trkpt lon="6.918180" lat="43.587974"><ele>41.5</ele></trkpt>
   <trkpt lon="6.918110" lat="43.587859"><ele>41.0</ele><sym>pass_place</sym><type>Shaping</type></trkpt>
   <trkpt lon="6.918109" lat="43.587856"><ele>41.0</ele></trkpt>
   <trkpt lon="6.918124" lat="43.587732"><ele>38.75</ele></trkpt>
   <trkpt lon="6.918177" lat="43.587625"><ele>39.0</ele></trkpt>
   <trkpt lon="6.918181" lat="43.587524"><ele>40.75</ele><sym>right</sym></trkpt>
   <trkpt lon="6.918000" lat="43.587452"><ele>43.0</ele></trkpt>
   <trkpt lon="6.917961" lat="43.587448"><ele>43.5</ele></trkpt>
   <trkpt lon="6.917917" lat="43.587451"><ele>44.0</ele></trkpt>
   <trkpt lon="6.917874" lat="43.587482"><ele>44.75</ele></trkpt>
   <trkpt lon="6.917843" lat="43.587528"><ele>45.75</ele></trkpt>
   <trkpt lon="6.917844" lat="43.587601"><ele>45.75</ele></trkpt>
   <trkpt lon="6.917884" lat="43.587697"><ele>47.0</ele></trkpt>
   <trkpt lon="6.918024" lat="43.587937"><ele>47.0</ele></trkpt>
   <trkpt lon="6.918223" lat="43.588248"><ele>47.25</ele></trkpt>
   <trkpt lon="6.918235" lat="43.588318"><ele>49.0</ele></trkpt>
   <trkpt lon="6.918204" lat="43.588376"><ele>49.0</ele></trkpt>
   <trkpt lon="6.918098" lat="43.588455"><ele>49.5</ele></trkpt>
   <trkpt lon="6.917931" lat="43.588519"><ele>51.25</ele></trkpt>
   <trkpt lon="6.917508" lat="43.588645"><ele>55.5</ele></trkpt>
   <trkpt lon="6.917451" lat="43.588690"><ele>56.25</ele></trkpt>
   <trkpt lon="6.917423" lat="43.588779"><ele>56.75</ele></trkpt>
   <trkpt lon="6.917412" lat="43.588899"><ele>57.5</ele></trkpt>
   <trkpt lon="6.917420" lat="43.588967"><ele>59.5</ele></trkpt>
   <trkpt lon="6.917444" lat="43.589019"><ele>60.75</ele></trkpt>
   <trkpt lon="6.917494" lat="43.589057"><ele>60.75</ele></trkpt>
   <trkpt lon="6.917582" lat="43.589084"><ele>60.75</ele></trkpt>
   <trkpt lon="6.917800" lat="43.589119"><ele>60.25</ele></trkpt>
   <trkpt lon="6.917945" lat="43.589158"><ele>60.5</ele></trkpt>
   <trkpt lon="6.918030" lat="43.589205"><ele>61.0</ele></trkpt>
   <trkpt lon="6.918106" lat="43.589279"><ele>60.75</ele></trkpt>
   <trkpt lon="6.918131" lat="43.589340"><ele>61.25</ele></trkpt>
   <trkpt lon="6.918123" lat="43.589406"><ele>62.75</ele></trkpt>
   <trkpt lon="6.918033" lat="43.589527"><ele>64.0</ele></trkpt>
   <trkpt lon="6.917926" lat="43.589624"><ele>64.0</ele></trkpt>
   <trkpt lon="6.917834" lat="43.589697"><ele>64.75</ele></trkpt>
   <trkpt lon="6.917773" lat="43.589729"><ele>65.5</ele></trkpt>
   <trkpt lon="6.917698" lat="43.589738"><ele>65.75</ele></trkpt>
   <trkpt lon="6.917631" lat="43.589730"><ele>66.5</ele></trkpt>
   <trkpt lon="6.917576" lat="43.589700"><ele>68.0</ele></trkpt>
   <trkpt lon="6.917557" lat="43.589655"><ele>69.25</ele></trkpt>
   <trkpt lon="6.917553" lat="43.589613"><ele>70.5</ele></trkpt>
   <trkpt lon="6.917637" lat="43.589484"><ele>72.5</ele></trkpt>
   <trkpt lon="6.917650" lat="43.589428"><ele>72.5</ele></trkpt>
   <trkpt lon="6.917635" lat="43.589379"><ele>71.25</ele></trkpt>
   <trkpt lon="6.917580" lat="43.589335"><ele>70.5</ele></trkpt>
   <trkpt lon="6.917510" lat="43.589309"><ele>70.5</ele></trkpt>
   <trkpt lon="6.917010" lat="43.589195"><ele>75.75</ele></trkpt>
   <trkpt lon="6.916944" lat="43.589158"><ele>75.75</ele></trkpt>
   <trkpt lon="6.916893" lat="43.589116"><ele>77.0</ele></trkpt>
   <trkpt lon="6.916854" lat="43.589059"><ele>77.5</ele></trkpt>
   <trkpt lon="6.916820" lat="43.588930"><ele>77.0</ele></trkpt>
   <trkpt lon="6.916790" lat="43.588883"><ele>77.0</ele></trkpt>
   <trkpt lon="6.916723" lat="43.588836"><ele>76.75</ele></trkpt>
   <trkpt lon="6.916426" lat="43.588662"><ele>81.0</ele></trkpt>
   <trkpt lon="6.916353" lat="43.588593"><ele>82.75</ele></trkpt>
   <trkpt lon="6.916316" lat="43.588545"><ele>85.75</ele></trkpt>
   <trkpt lon="6.916315" lat="43.588503"><ele>87.0</ele></trkpt>
   <trkpt lon="6.916340" lat="43.588462"><ele>87.25</ele></trkpt>
   <trkpt lon="6.916389" lat="43.588430"><ele>86.75</ele></trkpt>
   <trkpt lon="6.916504" lat="43.588382"><ele>85.5</ele></trkpt>
   <trkpt lon="6.916738" lat="43.588313"><ele>84.0</ele></trkpt>
   <trkpt lon="6.916838" lat="43.588276"><ele>84.0</ele></trkpt>
   <trkpt lon="6.916901" lat="43.588237"><ele>84.25</ele></trkpt>
   <trkpt lon="6.916928" lat="43.588199"><ele>84.5</ele></trkpt>
   <trkpt lon="6.916944" lat="43.588145"><ele>85.25</ele></trkpt>
   <trkpt lon="6.916911" lat="43.587864"><ele>87.5</ele></trkpt>
   <trkpt lon="6.916889" lat="43.587769"><ele>87.5</ele></trkpt>
   <trkpt lon="6.916831" lat="43.587724"><ele>86.25</ele></trkpt>
   <trkpt lon="6.916780" lat="43.587703"><ele>86.25</ele></trkpt>
   <trkpt lon="6.916729" lat="43.587693"><ele>87.0</ele></trkpt>
   <trkpt lon="6.916656" lat="43.587710"><ele>89.5</ele></trkpt>
   <trkpt lon="6.916612" lat="43.587732"><ele>92.0</ele></trkpt>
   <trkpt lon="6.916576" lat="43.587767"><ele>94.5</ele></trkpt>
   <trkpt lon="6.916560" lat="43.587816"><ele>95.5</ele></trkpt>
   <trkpt lon="6.916660" lat="43.588004"><ele>93.75</ele></trkpt>
   <trkpt lon="6.916665" lat="43.588072"><ele>93.25</ele></trkpt>
   <trkpt lon="6.916641" lat="43.588109"><ele>92.75</ele></trkpt>
   <trkpt lon="6.916605" lat="43.588138"><ele>92.5</ele></trkpt>
   <trkpt lon="6.916470" lat="43.588181"><ele>94.5</ele></trkpt>
   <trkpt lon="6.916226" lat="43.588241"><ele>97.75</ele></trkpt>
   <trkpt lon="6.916030" lat="43.588319"><ele>99.25</ele></trkpt>
   <trkpt lon="6.915888" lat="43.588394"><ele>101.0</ele></trkpt>
   <trkpt lon="6.915818" lat="43.588464"><ele>102.0</ele></trkpt>
   <trkpt lon="6.915790" lat="43.588518"><ele>102.25</ele></trkpt>
   <trkpt lon="6.915784" lat="43.588566"><ele>101.75</ele></trkpt>
   <trkpt lon="6.915800" lat="43.588614"><ele>101.0</ele></trkpt>
   <trkpt lon="6.916007" lat="43.588911"><ele>103.5</ele></trkpt>
   <trkpt lon="6.916069" lat="43.589030"><ele>103.25</ele></trkpt>
   <trkpt lon="6.916068" lat="43.589128"><ele>104.5</ele></trkpt>
   <trkpt lon="6.916035" lat="43.589165"><ele>105.25</ele></trkpt>
   <trkpt lon="6.915995" lat="43.589194"><ele>104.25</ele></trkpt>
   <trkpt lon="6.915939" lat="43.589204"><ele>103.75</ele></trkpt>
   <trkpt lon="6.915870" lat="43.589200"><ele>104.25</ele></trkpt>
   <trkpt lon="6.915801" lat="43.589176"><ele>105.0</ele></trkpt>
   <trkpt lon="6.915635" lat="43.589064"><ele>105.5</ele></trkpt>
   <trkpt lon="6.915434" lat="43.588906"><ele>108.25</ele></trkpt>
   <trkpt lon="6.915235" lat="43.588700"><ele>111.0</ele></trkpt>
   <trkpt lon="6.915159" lat="43.588640"><ele>112.0</ele></trkpt>
   <trkpt lon="6.915077" lat="43.588606"><ele>113.0</ele></trkpt>
   <trkpt lon="6.914975" lat="43.588585"><ele>113.25</ele></trkpt>
   <trkpt lon="6.914851" lat="43.588570"><ele>113.5</ele></trkpt>
   <trkpt lon="6.914759" lat="43.588532"><ele>114.5</ele></trkpt>
   <trkpt lon="6.914710" lat="43.588477"><ele>116.25</ele></trkpt>
   <trkpt lon="6.914711" lat="43.588417"><ele>118.25</ele></trkpt>
   <trkpt lon="6.914750" lat="43.588380"><ele>119.25</ele></trkpt>
   <trkpt lon="6.914819" lat="43.588350"><ele>119.25</ele></trkpt>
   <trkpt lon="6.914918" lat="43.588332"><ele>118.75</ele></trkpt>
   <trkpt lon="6.915084" lat="43.588340"><ele>117.75</ele></trkpt>
   <trkpt lon="6.915196" lat="43.588325"><ele>118.0</ele></trkpt>
   <trkpt lon="6.915319" lat="43.588288"><ele>118.0</ele></trkpt>
   <trkpt lon="6.915380" lat="43.588237"><ele>118.0</ele></trkpt>
   <trkpt lon="6.915411" lat="43.588195"><ele>118.25</ele></trkpt>
   <trkpt lon="6.915441" lat="43.588128"><ele>119.25</ele></trkpt>
   <trkpt lon="6.915451" lat="43.588056"><ele>120.75</ele></trkpt>
   <trkpt lon="6.915464" lat="43.587772"><ele>124.75</ele></trkpt>
   <trkpt lon="6.915451" lat="43.587677"><ele>124.0</ele></trkpt>
   <trkpt lon="6.915417" lat="43.587627"><ele>123.75</ele></trkpt>
   <trkpt lon="6.915369" lat="43.587589"><ele>123.75</ele></trkpt>
   <trkpt lon="6.915292" lat="43.587564"><ele>124.5</ele></trkpt>
   <trkpt lon="6.915181" lat="43.587557"><ele>125.0</ele></trkpt>
   <trkpt lon="6.915079" lat="43.587589"><ele>126.0</ele></trkpt>
   <trkpt lon="6.915024" lat="43.587631"><ele>127.0</ele></trkpt>
   <trkpt lon="6.914989" lat="43.587697"><ele>128.5</ele></trkpt>
   <trkpt lon="6.914960" lat="43.587898"><ele>130.25</ele></trkpt>
   <trkpt lon="6.914931" lat="43.587955"><ele>130.5</ele></trkpt>
   <trkpt lon="6.914887" lat="43.587998"><ele>131.0</ele></trkpt>
   <trkpt lon="6.914806" lat="43.588043"><ele>131.75</ele></trkpt>
   <trkpt lon="6.914735" lat="43.588068"><ele>132.25</ele></trkpt>
   <trkpt lon="6.914393" lat="43.588157"><ele>134.25</ele></trkpt>
   <trkpt lon="6.914258" lat="43.588173"><ele>135.5</ele></trkpt>
   <trkpt lon="6.914107" lat="43.588178"><ele>136.75</ele></trkpt>
   <trkpt lon="6.913602" lat="43.588182"><ele>138.25</ele></trkpt>
   <trkpt lon="6.913453" lat="43.588196"><ele>139.75</ele></trkpt>
   <trkpt lon="6.913148" lat="43.588256"><ele>140.5</ele></trkpt>
   <trkpt lon="6.913001" lat="43.588254"><ele>141.25</ele></trkpt>
   <trkpt lon="6.912148" lat="43.588088"><ele>145.25</ele></trkpt>
   <trkpt lon="6.911797" lat="43.588037"><ele>148.0</ele></trkpt>
   <trkpt lon="6.910295" lat="43.587981"><ele>155.75</ele></trkpt>
   <trkpt lon="6.910120" lat="43.587998"><ele>158.25</ele><sym>right_slight</sym></trkpt>
   <trkpt lon="6.910060" lat="43.588044"><ele>158.75</ele></trkpt>
   <trkpt lon="6.910002" lat="43.588111"><ele>159.75</ele></trkpt>
   <trkpt lon="6.909975" lat="43.588198"><ele>160.25</ele></trkpt>
   <trkpt lon="6.909965" lat="43.588277"><ele>160.5</ele></trkpt>
   <trkpt lon="6.909999" lat="43.588350"><ele>159.5</ele></trkpt>
   <trkpt lon="6.910082" lat="43.588487"><ele>160.75</ele></trkpt>
   <trkpt lon="6.910109" lat="43.588565"><ele>161.75</ele></trkpt>
   <trkpt lon="6.910112" lat="43.588726"><ele>164.75</ele></trkpt>
   <trkpt lon="6.910130" lat="43.588799"><ele>165.25</ele><sym>pass_place</sym><type>Shaping</type></trkpt>
   <trkpt lon="6.910132" lat="43.588803"><ele>165.25</ele></trkpt>
   <trkpt lon="6.910273" lat="43.589009"><ele>163.75</ele></trkpt>
   <trkpt lon="6.910286" lat="43.589070"><ele>164.25</ele></trkpt>
   <trkpt lon="6.910265" lat="43.589119"><ele>165.25</ele></trkpt>
   <trkpt lon="6.910215" lat="43.589170"><ele>166.25</ele></trkpt>
   <trkpt lon="6.910104" lat="43.589215"><ele>165.25</ele></trkpt>
   <trkpt lon="6.909391" lat="43.589372"><ele>170.5</ele></trkpt>
   <trkpt lon="6.909312" lat="43.589394"><ele>171.0</ele></trkpt>
   <trkpt lon="6.909216" lat="43.589450"><ele>170.75</ele></trkpt>
   <trkpt lon="6.909142" lat="43.589483"><ele>170.75</ele></trkpt>
   <trkpt lon="6.909023" lat="43.589512"><ele>170.75</ele></trkpt>
   <trkpt lon="6.908917" lat="43.589513"><ele>171.5</ele></trkpt>
   <trkpt lon="6.908800" lat="43.589499"><ele>172.0</ele></trkpt>
   <trkpt lon="6.908658" lat="43.589466"><ele>173.0</ele></trkpt>
   <trkpt lon="6.908515" lat="43.589424"><ele>173.75</ele></trkpt>
   <trkpt lon="6.908424" lat="43.589369"><ele>174.25</ele></trkpt>
   <trkpt lon="6.908357" lat="43.589312"><ele>175.0</ele></trkpt>
   <trkpt lon="6.908265" lat="43.589165"><ele>177.0</ele></trkpt>
   <trkpt lon="6.908201" lat="43.589122"><ele>177.5</ele></trkpt>
   <trkpt lon="6.908054" lat="43.589063"><ele>178.0</ele></trkpt>
   <trkpt lon="6.907849" lat="43.589003"><ele>178.5</ele></trkpt>
   <trkpt lon="6.907419" lat="43.588842"><ele>182.0</ele></trkpt>
   <trkpt lon="6.907306" lat="43.588812"><ele>182.5</ele></trkpt>
   <trkpt lon="6.907215" lat="43.588804"><ele>182.25</ele></trkpt>
   <trkpt lon="6.907097" lat="43.588805"><ele>182.5</ele></trkpt>
   <trkpt lon="6.906971" lat="43.588796"><ele>183.25</ele></trkpt>
   <trkpt lon="6.906478" lat="43.588686"><ele>186.25</ele></trkpt>
   <trkpt lon="6.906106" lat="43.588654"><ele>189.0</ele></trkpt>
   <trkpt lon="6.906013" lat="43.588654"><ele>189.25</ele></trkpt>
   <trkpt lon="6.905953" lat="43.588674"><ele>189.5</ele></trkpt>
   <trkpt lon="6.905923" lat="43.588707"><ele>189.75</ele></trkpt>
   <trkpt lon="6.905894" lat="43.588765"><ele>190.75</ele></trkpt>
   <trkpt lon="6.905889" lat="43.588822"><ele>191.25</ele></trkpt>
   <trkpt lon="6.905909" lat="43.588881"><ele>191.25</ele></trkpt>
   <trkpt lon="6.906065" lat="43.589080"><ele>190.75</ele></trkpt>
   <trkpt lon="6.906085" lat="43.589128"><ele>191.0</ele></trkpt>
   <trkpt lon="6.906081" lat="43.589188"><ele>191.5</ele></trkpt>
   <trkpt lon="6.906054" lat="43.589236"><ele>191.5</ele></trkpt>
   <trkpt lon="6.905993" lat="43.589282"><ele>192.75</ele></trkpt>
   <trkpt lon="6.905897" lat="43.589342"><ele>194.5</ele></trkpt>
   <trkpt lon="6.905692" lat="43.589443"><ele>196.5</ele></trkpt>
   <trkpt lon="6.905641" lat="43.589497"><ele>197.5</ele></trkpt>
   <trkpt lon="6.905611" lat="43.589553"><ele>198.0</ele></trkpt>
   <trkpt lon="6.905606" lat="43.589678"><ele>198.25</ele></trkpt>
   <trkpt lon="6.905632" lat="43.589729"><ele>198.25</ele></trkpt>
   <trkpt lon="6.905688" lat="43.589770"><ele>199.5</ele></trkpt>
   <trkpt lon="6.905782" lat="43.589807"><ele>200.25</ele></trkpt>
   <trkpt lon="6.905897" lat="43.589830"><ele>200.0</ele></trkpt>
   <trkpt lon="6.906205" lat="43.589926"><ele>200.25</ele></trkpt>
   <trkpt lon="6.906353" lat="43.589976"><ele>200.5</ele></trkpt>
   <trkpt lon="6.906448" lat="43.590032"><ele>200.5</ele></trkpt>
   <trkpt lon="6.906521" lat="43.590136"><ele>201.75</ele></trkpt>
   <trkpt lon="6.906604" lat="43.590364"><ele>202.75</ele></trkpt>
   <trkpt lon="6.906601" lat="43.590435"><ele>202.5</ele></trkpt>
   <trkpt lon="6.906548" lat="43.590497"><ele>203.75</ele></trkpt>
   <trkpt lon="6.906451" lat="43.590571"><ele>205.25</ele></trkpt>
   <trkpt lon="6.906266" lat="43.590681"><ele>209.25</ele></trkpt>
   <trkpt lon="6.906216" lat="43.590751"><ele>209.75</ele></trkpt>
   <trkpt lon="6.906214" lat="43.590827"><ele>208.5</ele></trkpt>
   <trkpt lon="6.906272" lat="43.590958"><ele>208.0</ele></trkpt>
   <trkpt lon="6.906287" lat="43.591029"><ele>208.0</ele></trkpt>
   <trkpt lon="6.906261" lat="43.591106"><ele>209.5</ele></trkpt>
   <trkpt lon="6.906189" lat="43.591171"><ele>211.0</ele></trkpt>
   <trkpt lon="6.906150" lat="43.591221"><ele>211.5</ele></trkpt>
   <trkpt lon="6.906126" lat="43.591272"><ele>211.75</ele></trkpt>
   <trkpt lon="6.906115" lat="43.591336"><ele>211.25</ele></trkpt>
   <trkpt lon="6.906131" lat="43.591530"><ele>211.75</ele></trkpt>
   <trkpt lon="6.906123" lat="43.591596"><ele>212.75</ele></trkpt>
   <trkpt lon="6.906098" lat="43.591661"><ele>214.25</ele></trkpt>
   <trkpt lon="6.905937" lat="43.591920"><ele>215.0</ele></trkpt>
   <trkpt lon="6.905751" lat="43.592284"><ele>218.5</ele></trkpt>
   <trkpt lon="6.905546" lat="43.592684"><ele>220.0</ele></trkpt>
   <trkpt lon="6.905421" lat="43.592847"><ele>221.75</ele></trkpt>
   <trkpt lon="6.905368" lat="43.592893"><ele>222.0</ele></trkpt>
   <trkpt lon="6.905299" lat="43.592928"><ele>222.5</ele></trkpt>
   <trkpt lon="6.905221" lat="43.592948"><ele>222.5</ele></trkpt>
   <trkpt lon="6.905125" lat="43.592948"><ele>222.5</ele></trkpt>
   <trkpt lon="6.905037" lat="43.592927"><ele>222.75</ele></trkpt>
   <trkpt lon="6.904957" lat="43.592885"><ele>223.0</ele></trkpt>
   <trkpt lon="6.904914" lat="43.592853"><ele>223.5</ele></trkpt>
   <trkpt lon="6.904039" lat="43.592202"><ele>230.25</ele></trkpt>
   <trkpt lon="6.903856" lat="43.592046"><ele>232.25</ele></trkpt>
   <trkpt lon="6.903777" lat="43.591956"><ele>232.75</ele></trkpt>
   <trkpt lon="6.903706" lat="43.591843"><ele>233.25</ele></trkpt>
   <trkpt lon="6.903647" lat="43.591744"><ele>233.5</ele></trkpt>
   <trkpt lon="6.903621" lat="43.591662"><ele>234.25</ele></trkpt>
   <trkpt lon="6.903549" lat="43.591597"><ele>235.25</ele></trkpt>
   <trkpt lon="6.903369" lat="43.591521"><ele>235.5</ele></trkpt>
   <trkpt lon="6.903272" lat="43.591457"><ele>236.75</ele></trkpt>
   <trkpt lon="6.903195" lat="43.591387"><ele>237.5</ele></trkpt>
   <trkpt lon="6.903147" lat="43.591315"><ele>237.0</ele></trkpt>
   <trkpt lon="6.903122" lat="43.591227"><ele>237.5</ele></trkpt>
   <trkpt lon="6.903096" lat="43.590985"><ele>240.0</ele></trkpt>
   <trkpt lon="6.903034" lat="43.590795"><ele>240.75</ele></trkpt>
   <trkpt lon="6.903005" lat="43.590642"><ele>241.75</ele></trkpt>
   <trkpt lon="6.902981" lat="43.590325"><ele>244.75</ele></trkpt>
   <trkpt lon="6.902952" lat="43.590278"><ele>245.25</ele></trkpt>
   <trkpt lon="6.902899" lat="43.590248"><ele>246.0</ele></trkpt>
   <trkpt lon="6.902825" lat="43.590237"><ele>246.0</ele></trkpt>
   <trkpt lon="6.902691" lat="43.590235"><ele>245.5</ele></trkpt>
   <trkpt lon="6.902565" lat="43.590213"><ele>245.75</ele></trkpt>
   <trkpt lon="6.902460" lat="43.590164"><ele>246.5</ele></trkpt>
   <trkpt lon="6.902384" lat="43.590117"><ele>247.0</ele></trkpt>
   <trkpt lon="6.902231" lat="43.590000"><ele>248.0</ele></trkpt>
   <trkpt lon="6.902103" lat="43.589871"><ele>249.0</ele></trkpt>
   <trkpt lon="6.901797" lat="43.589480"><ele>252.5</ele></trkpt>
   <trkpt lon="6.901760" lat="43.589406"><ele>253.0</ele></trkpt>
   <trkpt lon="6.901752" lat="43.589337"><ele>252.75</ele></trkpt>
   <trkpt lon="6.901765" lat="43.589264"><ele>253.0</ele></trkpt>
   <trkpt lon="6.901796" lat="43.589207"><ele>253.75</ele></trkpt>
   <trkpt lon="6.901858" lat="43.589153"><ele>254.75</ele></trkpt>
   <trkpt lon="6.901959" lat="43.589095"><ele>255.25</ele></trkpt>
   <trkpt lon="6.902247" lat="43.588985"><ele>258.25</ele></trkpt>
   <trkpt lon="6.902302" lat="43.588948"><ele>258.5</ele></trkpt>
   <trkpt lon="6.902333" lat="43.588905"><ele>258.25</ele></trkpt>
   <trkpt lon="6.902338" lat="43.588853"><ele>258.75</ele></trkpt>
   <trkpt lon="6.902322" lat="43.588801"><ele>259.75</ele></trkpt>
   <trkpt lon="6.902254" lat="43.588729"><ele>260.0</ele></trkpt>
   <trkpt lon="6.901746" lat="43.588120"><ele>265.75</ele></trkpt>
   <trkpt lon="6.901682" lat="43.588073"><ele>265.75</ele></trkpt>
   <trkpt lon="6.901607" lat="43.588043"><ele>266.25</ele></trkpt>
   <trkpt lon="6.901380" lat="43.587996"><ele>267.75</ele></trkpt>
   <trkpt lon="6.901294" lat="43.587997"><ele>268.5</ele></trkpt>
   <trkpt lon="6.901179" lat="43.588031"><ele>268.25</ele></trkpt>
   <trkpt lon="6.901100" lat="43.588045"><ele>268.25</ele></trkpt>
   <trkpt lon="6.901003" lat="43.588039"><ele>268.25</ele></trkpt>
   <trkpt lon="6.900099" lat="43.587750"><ele>274.25</ele><sym>pass_place</sym><type>Shaping</type></trkpt>
   <trkpt lon="6.899984" lat="43.587730"><ele>275.25</ele></trkpt>
   <trkpt lon="6.899883" lat="43.587731"><ele>276.5</ele></trkpt>
   <trkpt lon="6.899797" lat="43.587753"><ele>276.75</ele></trkpt>
   <trkpt lon="6.899651" lat="43.587844"><ele>275.5</ele></trkpt>
   <trkpt lon="6.899552" lat="43.587892"><ele>275.25</ele></trkpt>
   <trkpt lon="6.899451" lat="43.587916"><ele>276.25</ele></trkpt>
   <trkpt lon="6.899084" lat="43.587963"><ele>279.0</ele></trkpt>
   <trkpt lon="6.898475" lat="43.588084"><ele>281.5</ele></trkpt>
   <trkpt lon="6.898352" lat="43.588122"><ele>281.0</ele></trkpt>
   <trkpt lon="6.898012" lat="43.588301"><ele>285.0</ele></trkpt>
   <trkpt lon="6.897602" lat="43.588458"><ele>286.75</ele></trkpt>
   <trkpt lon="6.897353" lat="43.588577"><ele>288.25</ele></trkpt>
   <trkpt lon="6.897234" lat="43.588640"><ele>289.25</ele></trkpt>
   <trkpt lon="6.897056" lat="43.588675"><ele>289.5</ele></trkpt>
   <trkpt lon="6.896962" lat="43.588676"><ele>289.75</ele></trkpt>
   <trkpt lon="6.896907" lat="43.588667"><ele>289.75</ele></trkpt>
   <trkpt lon="6.896857" lat="43.588651"><ele>289.25</ele></trkpt>
   <trkpt lon="6.896803" lat="43.588621"><ele>289.0</ele></trkpt>
   <trkpt lon="6.896747" lat="43.588580"><ele>288.75</ele></trkpt>
   <trkpt lon="6.896673" lat="43.588511"><ele>288.75</ele></trkpt>
   <trkpt lon="6.896568" lat="43.588381"><ele>288.0</ele></trkpt>
   <trkpt lon="6.896527" lat="43.588301"><ele>287.5</ele></trkpt>
   <trkpt lon="6.896521" lat="43.588235"><ele>286.75</ele></trkpt>
   <trkpt lon="6.896540" lat="43.588173"><ele>286.25</ele></trkpt>
   <trkpt lon="6.896562" lat="43.588131"><ele>286.25</ele></trkpt>
   <trkpt lon="6.896604" lat="43.588054"><ele>286.5</ele></trkpt>
   <trkpt lon="6.896631" lat="43.587983"><ele>286.5</ele></trkpt>
   <trkpt lon="6.896646" lat="43.587898"><ele>286.25</ele></trkpt>
   <trkpt lon="6.896667" lat="43.587640"><ele>285.5</ele></trkpt>
   <trkpt lon="6.896659" lat="43.587582"><ele>285.0</ele></trkpt>
   <trkpt lon="6.896632" lat="43.587535"><ele>284.5</ele></trkpt>
   <trkpt lon="6.896446" lat="43.587420"><ele>282.75</ele></trkpt>
   <trkpt lon="6.896368" lat="43.587347"><ele>282.0</ele></trkpt>
   <trkpt lon="6.896324" lat="43.587275"><ele>281.75</ele></trkpt>
   <trkpt lon="6.896316" lat="43.587180"><ele>281.25</ele></trkpt>
   <trkpt lon="6.896356" lat="43.587086"><ele>280.5</ele></trkpt>
   <trkpt lon="6.896471" lat="43.586951"><ele>281.0</ele></trkpt>
   <trkpt lon="6.896918" lat="43.586663"><ele>279.25</ele></trkpt>
   <trkpt lon="6.897029" lat="43.586585"><ele>279.5</ele></trkpt>
   <trkpt lon="6.897189" lat="43.586410"><ele>278.5</ele></trkpt>
   <trkpt lon="6.897299" lat="43.586263"><ele>276.5</ele></trkpt>
   <trkpt lon="6.897401" lat="43.586166"><ele>276.5</ele></trkpt>
   <trkpt lon="6.897559" lat="43.586063"><ele>276.25</ele></trkpt>
   <trkpt lon="6.897669" lat="43.586025"><ele>275.75</ele></trkpt>
   <trkpt lon="6.897829" lat="43.586003"><ele>277.0</ele></trkpt>
   <trkpt lon="6.897900" lat="43.585986"><ele>277.25</ele></trkpt>
   <trkpt lon="6.897941" lat="43.585960"><ele>276.75</ele></trkpt>
   <trkpt lon="6.897975" lat="43.585913"><ele>275.75</ele></trkpt>
   <trkpt lon="6.898030" lat="43.585798"><ele>272.75</ele></trkpt>
   <trkpt lon="6.898068" lat="43.585738"><ele>271.5</ele></trkpt>
   <trkpt lon="6.898128" lat="43.585680"><ele>271.0</ele></trkpt>
   <trkpt lon="6.898384" lat="43.585548"><ele>272.5</ele></trkpt>
   <trkpt lon="6.898438" lat="43.585500"><ele>273.25</ele></trkpt>
   <trkpt lon="6.898473" lat="43.585455"><ele>273.25</ele></trkpt>
   <trkpt lon="6.898492" lat="43.585396"><ele>272.5</ele></trkpt>
   <trkpt lon="6.898495" lat="43.585336"><ele>271.0</ele></trkpt>
   <trkpt lon="6.898481" lat="43.585271"><ele>269.5</ele></trkpt>
   <trkpt lon="6.898438" lat="43.585184"><ele>268.25</ele></trkpt>
   <trkpt lon="6.898319" lat="43.585072"><ele>266.25</ele></trkpt>
   <trkpt lon="6.898231" lat="43.585045"><ele>267.25</ele></trkpt>
   <trkpt lon="6.898151" lat="43.585031"><ele>268.5</ele></trkpt>
   <trkpt lon="6.898056" lat="43.585042"><ele>269.25</ele></trkpt>
   <trkpt lon="6.897838" lat="43.585139"><ele>269.75</ele></trkpt>
   <trkpt lon="6.897732" lat="43.585176"><ele>269.25</ele></trkpt>
   <trkpt lon="6.897636" lat="43.585196"><ele>269.0</ele></trkpt>
   <trkpt lon="6.897547" lat="43.585195"><ele>269.75</ele></trkpt>
   <trkpt lon="6.897440" lat="43.585176"><ele>271.5</ele></trkpt>
   <trkpt lon="6.897386" lat="43.585172"><ele>272.0</ele></trkpt>
   <trkpt lon="6.897335" lat="43.585185"><ele>272.0</ele></trkpt>
   <trkpt lon="6.897216" lat="43.585258"><ele>270.5</ele></trkpt>
   <trkpt lon="6.897144" lat="43.585286"><ele>270.5</ele></trkpt>
   <trkpt lon="6.897054" lat="43.585305"><ele>271.0</ele></trkpt>
   <trkpt lon="6.896972" lat="43.585310"><ele>271.75</ele></trkpt>
   <trkpt lon="6.896812" lat="43.585294"><ele>273.0</ele></trkpt>
   <trkpt lon="6.896723" lat="43.585296"><ele>273.0</ele></trkpt>
   <trkpt lon="6.896648" lat="43.585322"><ele>272.75</ele></trkpt>
   <trkpt lon="6.896435" lat="43.585445"><ele>273.0</ele></trkpt>
   <trkpt lon="6.896356" lat="43.585470"><ele>273.0</ele></trkpt>
   <trkpt lon="6.896273" lat="43.585481"><ele>272.75</ele></trkpt>
   <trkpt lon="6.896171" lat="43.585476"><ele>273.5</ele></trkpt>
   <trkpt lon="6.896102" lat="43.585454"><ele>274.5</ele></trkpt>
   <trkpt lon="6.895825" lat="43.585315"><ele>274.5</ele></trkpt>
   <trkpt lon="6.895736" lat="43.585302"><ele>276.0</ele></trkpt>
   <trkpt lon="6.895644" lat="43.585313"><ele>276.75</ele></trkpt>
   <trkpt lon="6.895576" lat="43.585346"><ele>276.75</ele></trkpt>
   <trkpt lon="6.895510" lat="43.585396"><ele>277.5</ele></trkpt>
   <trkpt lon="6.895383" lat="43.585565"><ele>276.0</ele></trkpt>
   <trkpt lon="6.895313" lat="43.585627"><ele>275.5</ele></trkpt>
   <trkpt lon="6.895195" lat="43.585669"><ele>277.0</ele></trkpt>
   <trkpt lon="6.894817" lat="43.585753"><ele>280.0</ele></trkpt>
   <trkpt lon="6.894730" lat="43.585778"><ele>279.5</ele></trkpt>
   <trkpt lon="6.894523" lat="43.585907"><ele>278.5</ele></trkpt>
   <trkpt lon="6.894406" lat="43.585923"><ele>279.25</ele></trkpt>
   <trkpt lon="6.894200" lat="43.585892"><ele>279.5</ele></trkpt>
   <trkpt lon="6.894041" lat="43.585827"><ele>279.5</ele></trkpt>
   <trkpt lon="6.893901" lat="43.585727"><ele>280.0</ele></trkpt>
   <trkpt lon="6.893759" lat="43.585571"><ele>281.5</ele></trkpt>
   <trkpt lon="6.893544" lat="43.585170"><ele>285.5</ele></trkpt>
   <trkpt lon="6.893511" lat="43.585121"><ele>286.25</ele></trkpt>
   <trkpt lon="6.893457" lat="43.585090"><ele>286.25</ele></trkpt>
   <trkpt lon="6.893383" lat="43.585073"><ele>285.5</ele></trkpt>
   <trkpt lon="6.893263" lat="43.585073"><ele>285.5</ele></trkpt>
   <trkpt lon="6.893166" lat="43.585089"><ele>286.0</ele></trkpt>
   <trkpt lon="6.893098" lat="43.585120"><ele>286.0</ele></trkpt>
   <trkpt lon="6.893059" lat="43.585177"><ele>285.5</ele></trkpt>
   <trkpt lon="6.892964" lat="43.585439"><ele>285.5</ele></trkpt>
   <trkpt lon="6.892931" lat="43.585486"><ele>285.75</ele></trkpt>
   <trkpt lon="6.892760" lat="43.585612"><ele>287.75</ele></trkpt>
   <trkpt lon="6.892736" lat="43.585647"><ele>287.75</ele></trkpt>
   <trkpt lon="6.892701" lat="43.585770"><ele>286.5</ele></trkpt>
   <trkpt lon="6.892658" lat="43.585824"><ele>286.25</ele></trkpt>
   <trkpt lon="6.892590" lat="43.585872"><ele>286.0</ele></trkpt>
   <trkpt lon="6.892501" lat="43.585896"><ele>286.5</ele></trkpt>
   <trkpt lon="6.892403" lat="43.585900"><ele>286.5</ele></trkpt>
   <trkpt lon="6.892204" lat="43.585858"><ele>288.25</ele></trkpt>
   <trkpt lon="6.891888" lat="43.585706"><ele>290.75</ele></trkpt>
   <trkpt lon="6.891717" lat="43.585676"><ele>290.25</ele></trkpt>
   <trkpt lon="6.891453" lat="43.585679"><ele>290.0</ele></trkpt>
   <trkpt lon="6.891301" lat="43.585632"><ele>291.0</ele></trkpt>
   <trkpt lon="6.891080" lat="43.585508"><ele>292.0</ele></trkpt>
   <trkpt lon="6.890979" lat="43.585424"><ele>292.5</ele></trkpt>
   <trkpt lon="6.890873" lat="43.585315"><ele>293.75</ele></trkpt>
   <trkpt lon="6.890759" lat="43.585245"><ele>293.25</ele></trkpt>
   <trkpt lon="6.890553" lat="43.585134"><ele>293.5</ele></trkpt>
   <trkpt lon="6.890368" lat="43.584999"><ele>294.75</ele></trkpt>
   <trkpt lon="6.890263" lat="43.584956"><ele>295.25</ele></trkpt>
   <trkpt lon="6.890182" lat="43.584939"><ele>296.5</ele></trkpt>
   <trkpt lon="6.889973" lat="43.584937"><ele>296.75</ele></trkpt>
   <trkpt lon="6.889768" lat="43.584978"><ele>296.5</ele></trkpt>
   <trkpt lon="6.889555" lat="43.585033"><ele>296.25</ele></trkpt>
   <trkpt lon="6.889455" lat="43.585046"><ele>297.0</ele></trkpt>
   <trkpt lon="6.889334" lat="43.585041"><ele>296.5</ele></trkpt>
   <trkpt lon="6.889246" lat="43.585013"><ele>296.5</ele></trkpt>
   <trkpt lon="6.889186" lat="43.584963"><ele>297.0</ele></trkpt>
   <trkpt lon="6.889137" lat="43.584901"><ele>297.5</ele></trkpt>
   <trkpt lon="6.889082" lat="43.584818"><ele>298.25</ele></trkpt>
   <trkpt lon="6.888987" lat="43.584765"><ele>297.25</ele></trkpt>
   <trkpt lon="6.888774" lat="43.584734"><ele>295.75</ele></trkpt>
   <trkpt lon="6.888576" lat="43.584733"><ele>296.5</ele></trkpt>
   <trkpt lon="6.888431" lat="43.584748"><ele>296.75</ele></trkpt>
   <trkpt lon="6.888079" lat="43.584807"><ele>295.5</ele><sym>pass_place</sym><type>Shaping</type></trkpt>
   <trkpt lon="6.888077" lat="43.584808"><ele>295.5</ele></trkpt>
   <trkpt lon="6.887940" lat="43.584835"><ele>295.0</ele></trkpt>
   <trkpt lon="6.887635" lat="43.584946"><ele>294.25</ele></trkpt>
   <trkpt lon="6.887454" lat="43.584967"><ele>295.0</ele></trkpt>
   <trkpt lon="6.887318" lat="43.584961"><ele>294.5</ele></trkpt>
   <trkpt lon="6.887212" lat="43.584943"><ele>294.5</ele></trkpt>
   <trkpt lon="6.887115" lat="43.584906"><ele>294.5</ele></trkpt>
   <trkpt lon="6.886997" lat="43.584829"><ele>295.0</ele></trkpt>
   <trkpt lon="6.886865" lat="43.584697"><ele>296.0</ele><sym>right_slight</sym></trkpt>
   <trkpt lon="6.886803" lat="43.584659"><ele>296.25</ele></trkpt>
   <trkpt lon="6.886747" lat="43.584637"><ele>296.25</ele></trkpt>
   <trkpt lon="6.886662" lat="43.584623"><ele>296.5</ele></trkpt>
   <trkpt lon="6.886574" lat="43.584623"><ele>297.0</ele></trkpt>
   <trkpt lon="6.886479" lat="43.584638"><ele>297.5</ele></trkpt>
   <trkpt lon="6.886416" lat="43.584662"><ele>298.0</ele></trkpt>
   <trkpt lon="6.886375" lat="43.584703"><ele>298.75</ele></trkpt>
   <trkpt lon="6.886342" lat="43.584755"><ele>299.25</ele></trkpt>
   <trkpt lon="6.886202" lat="43.585181"><ele>303.0</ele></trkpt>
   <trkpt lon="6.886081" lat="43.585511"><ele>306.5</ele></trkpt>
   <trkpt lon="6.885853" lat="43.585872"><ele>306.25</ele></trkpt>
   <trkpt lon="6.885753" lat="43.586050"><ele>306.75</ele></trkpt>
   <trkpt lon="6.885695" lat="43.586110"><ele>307.0</ele></trkpt>
   <trkpt lon="6.885605" lat="43.586160"><ele>306.5</ele></trkpt>
   <trkpt lon="6.885307" lat="43.586248"><ele>310.5</ele></trkpt>
   <trkpt lon="6.885171" lat="43.586307"><ele>312.25</ele></trkpt>
   <trkpt lon="6.885026" lat="43.586463"><ele>311.75</ele></trkpt>
   <trkpt lon="6.884897" lat="43.586556"><ele>315.0</ele></trkpt>
   <trkpt lon="6.884828" lat="43.586693"><ele>313.75</ele></trkpt>
   <trkpt lon="6.884828" lat="43.586898"><ele>313.75</ele></trkpt>
   <trkpt lon="6.884768" lat="43.587053"><ele>314.25</ele></trkpt>
   <trkpt lon="6.884695" lat="43.587157"><ele>315.0</ele></trkpt>
   <trkpt lon="6.884572" lat="43.587288"><ele>316.0</ele></trkpt>
   <trkpt lon="6.884439" lat="43.587454"><ele>317.0</ele></trkpt>
   <trkpt lon="6.884253" lat="43.587613"><ele>318.0</ele></trkpt>
   <trkpt lon="6.883797" lat="43.587774"><ele>321.75</ele></trkpt>
   <trkpt lon="6.883557" lat="43.587873"><ele>323.0</ele></trkpt>
   <trkpt lon="6.883360" lat="43.588010"><ele>324.75</ele></trkpt>
   <trkpt lon="6.883260" lat="43.588061"><ele>324.5</ele></trkpt>
   <trkpt lon="6.883119" lat="43.588076"><ele>325.0</ele></trkpt>
   <trkpt lon="6.882967" lat="43.588063"><ele>325.5</ele></trkpt>
   <trkpt lon="6.882810" lat="43.588022"><ele>326.0</ele></trkpt>
   <trkpt lon="6.882628" lat="43.587916"><ele>327.25</ele></trkpt>
   <trkpt lon="6.882417" lat="43.587731"><ele>330.0</ele></trkpt>
   <trkpt lon="6.882229" lat="43.587552"><ele>332.75</ele></trkpt>
   <trkpt lon="6.882110" lat="43.587498"><ele>333.75</ele></trkpt>
   <trkpt lon="6.881849" lat="43.587397"><ele>336.75</ele></trkpt>
   <trkpt lon="6.881597" lat="43.587335"><ele>336.75</ele></trkpt>
   <trkpt lon="6.881386" lat="43.587289"><ele>335.75</ele></trkpt>
   <trkpt lon="6.881290" lat="43.587278"><ele>338.75</ele></trkpt>
   <trkpt lon="6.881195" lat="43.587290"><ele>340.25</ele></trkpt>
   <trkpt lon="6.881113" lat="43.587319"><ele>341.0</ele></trkpt>
   <trkpt lon="6.881043" lat="43.587366"><ele>342.25</ele></trkpt>
   <trkpt lon="6.880605" lat="43.588004"><ele>344.5</ele></trkpt>
   <trkpt lon="6.880352" lat="43.588355"><ele>349.5</ele></trkpt>
   <trkpt lon="6.880297" lat="43.588493"><ele>350.0</ele></trkpt>
   <trkpt lon="6.880260" lat="43.588551"><ele>350.75</ele></trkpt>
   <trkpt lon="6.880208" lat="43.588604"><ele>351.75</ele></trkpt>
   <trkpt lon="6.880028" lat="43.588709"><ele>354.5</ele></trkpt>
   <trkpt lon="6.879943" lat="43.588774"><ele>355.25</ele></trkpt>
   <trkpt lon="6.879748" lat="43.588992"><ele>355.0</ele></trkpt>
   <trkpt lon="6.879661" lat="43.589041"><ele>355.75</ele></trkpt>
   <trkpt lon="6.879553" lat="43.589064"><ele>356.75</ele></trkpt>
   <trkpt lon="6.879443" lat="43.589071"><ele>358.25</ele></trkpt>
   <trkpt lon="6.879316" lat="43.589052"><ele>358.25</ele></trkpt>
   <trkpt lon="6.879188" lat="43.589015"><ele>359.25</ele></trkpt>
   <trkpt lon="6.879043" lat="43.588956"><ele>359.5</ele></trkpt>
   <trkpt lon="6.878658" lat="43.588739"><ele>364.5</ele></trkpt>
   <trkpt lon="6.878563" lat="43.588715"><ele>365.75</ele></trkpt>
   <trkpt lon="6.878473" lat="43.588717"><ele>367.5</ele></trkpt>
   <trkpt lon="6.878378" lat="43.588738"><ele>368.25</ele></trkpt>
   <trkpt lon="6.878278" lat="43.588785"><ele>368.0</ele></trkpt>
   <trkpt lon="6.878202" lat="43.588843"><ele>367.0</ele></trkpt>
   <trkpt lon="6.877832" lat="43.589181"><ele>368.5</ele></trkpt>
   <trkpt lon="6.877719" lat="43.589278"><ele>369.5</ele></trkpt>
   <trkpt lon="6.877586" lat="43.589363"><ele>370.5</ele></trkpt>
   <trkpt lon="6.877475" lat="43.589411"><ele>371.25</ele></trkpt>
   <trkpt lon="6.877365" lat="43.589446"><ele>371.25</ele></trkpt>
   <trkpt lon="6.877259" lat="43.589466"><ele>371.5</ele></trkpt>
   <trkpt lon="6.877121" lat="43.589475"><ele>372.75</ele></trkpt>
   <trkpt lon="6.876990" lat="43.589501"><ele>373.0</ele></trkpt>
   <trkpt lon="6.876863" lat="43.589540"><ele>373.75</ele></trkpt>
   <trkpt lon="6.876743" lat="43.589588"><ele>375.0</ele></trkpt>
   <trkpt lon="6.876573" lat="43.589703"><ele>375.5</ele></trkpt>
   <trkpt lon="6.876082" lat="43.590119"><ele>375.75</ele></trkpt>
   <trkpt lon="6.876021" lat="43.590169"><ele>375.25</ele></trkpt>
   <trkpt lon="6.875971" lat="43.590210"><ele>375.0</ele></trkpt>
   <trkpt lon="6.875774" lat="43.590375"><ele>374.0</ele></trkpt>
   <trkpt lon="6.875614" lat="43.590509"><ele>374.25</ele></trkpt>
   <trkpt lon="6.875547" lat="43.590564"><ele>374.75</ele></trkpt>
   <trkpt lon="6.875398" lat="43.590683"><ele>373.25</ele></trkpt>
   <trkpt lon="6.875308" lat="43.590772"><ele>373.5</ele></trkpt>
   <trkpt lon="6.875268" lat="43.590822"><ele>374.0</ele></trkpt>
   <trkpt lon="6.875225" lat="43.590883"><ele>372.5</ele></trkpt>
   <trkpt lon="6.875199" lat="43.590903"><ele>372.25</ele></trkpt>
   <trkpt lon="6.875041" lat="43.591026"><ele>370.75</ele></trkpt>
   <trkpt lon="6.874903" lat="43.591114"><ele>370.5</ele></trkpt>
   <trkpt lon="6.874801" lat="43.591155"><ele>370.25</ele></trkpt>
   <trkpt lon="6.874683" lat="43.591189"><ele>369.5</ele></trkpt>
   <trkpt lon="6.874574" lat="43.591206"><ele>368.5</ele></trkpt>
   <trkpt lon="6.874166" lat="43.591232"><ele>365.5</ele></trkpt>
   <trkpt lon="6.873887" lat="43.591263"><ele>364.25</ele></trkpt>
   <trkpt lon="6.873689" lat="43.591316"><ele>365.5</ele></trkpt>
   <trkpt lon="6.873687" lat="43.591316"><ele>364.75</ele><sym>pass_place</sym><type>Shaping</type></trkpt>
   <trkpt lon="6.873140" lat="43.591482"><ele>364.75</ele></trkpt>
   <trkpt lon="6.872922" lat="43.591586"><ele>364.75</ele></trkpt>
   <trkpt lon="6.872778" lat="43.591687"><ele>364.25</ele></trkpt>
   <trkpt lon="6.872639" lat="43.591819"><ele>364.5</ele></trkpt>
   <trkpt lon="6.872589" lat="43.591895"><ele>363.5</ele></trkpt>
   <trkpt lon="6.872544" lat="43.591984"><ele>363.0</ele></trkpt>
   <trkpt lon="6.872512" lat="43.592096"><ele>362.25</ele></trkpt>
   <trkpt lon="6.872501" lat="43.592192"><ele>361.25</ele></trkpt>
   <trkpt lon="6.872475" lat="43.592293"><ele>360.5</ele></trkpt>
   <trkpt lon="6.872425" lat="43.592414"><ele>359.75</ele></trkpt>
   <trkpt lon="6.872314" lat="43.592605"><ele>358.5</ele></trkpt>
   <trkpt lon="6.872186" lat="43.592751"><ele>357.5</ele></trkpt>
   <trkpt lon="6.872020" lat="43.592862"><ele>357.25</ele></trkpt>
   <trkpt lon="6.871884" lat="43.592923"><ele>356.5</ele></trkpt>
   <trkpt lon="6.871751" lat="43.592948"><ele>356.25</ele></trkpt>
   <trkpt lon="6.870877" lat="43.592975"><ele>354.0</ele></trkpt>
   <trkpt lon="6.870628" lat="43.593004"><ele>355.0</ele></trkpt>
   <trkpt lon="6.870516" lat="43.593065"><ele>354.0</ele></trkpt>
   <trkpt lon="6.870451" lat="43.593153"><ele>352.75</ele></trkpt>
   <trkpt lon="6.870212" lat="43.593575"><ele>349.25</ele></trkpt>
   <trkpt lon="6.870134" lat="43.593678"><ele>348.25</ele></trkpt>
   <trkpt lon="6.870057" lat="43.593737"><ele>348.25</ele></trkpt>
   <trkpt lon="6.869969" lat="43.593779"><ele>348.0</ele></trkpt>
   <trkpt lon="6.869856" lat="43.593795"><ele>346.5</ele></trkpt>
   <trkpt lon="6.869574" lat="43.593750"><ele>345.75</ele></trkpt>
   <trkpt lon="6.869429" lat="43.593712"><ele>345.0</ele></trkpt>
   <trkpt lon="6.869302" lat="43.593650"><ele>345.5</ele></trkpt>
   <trkpt lon="6.869021" lat="43.593445"><ele>345.5</ele></trkpt>
   <trkpt lon="6.868941" lat="43.593408"><ele>345.25</ele></trkpt>
   <trkpt lon="6.868842" lat="43.593405"><ele>344.75</ele></trkpt>
   <trkpt lon="6.868581" lat="43.593478"><ele>342.75</ele></trkpt>
   <trkpt lon="6.868453" lat="43.593493"><ele>342.25</ele></trkpt>
   <trkpt lon="6.867987" lat="43.593484"><ele>341.5</ele></trkpt>
   <trkpt lon="6.867781" lat="43.593512"><ele>341.25</ele></trkpt>
   <trkpt lon="6.867627" lat="43.593550"><ele>340.25</ele></trkpt>
   <trkpt lon="6.867534" lat="43.593594"><ele>338.5</ele></trkpt>
   <trkpt lon="6.867444" lat="43.593662"><ele>337.5</ele></trkpt>
   <trkpt lon="6.867344" lat="43.593764"><ele>336.25</ele></trkpt>
   <trkpt lon="6.867146" lat="43.593914"><ele>334.0</ele></trkpt>
   <trkpt lon="6.867051" lat="43.593938"><ele>333.5</ele></trkpt>
   <trkpt lon="6.866920" lat="43.593937"><ele>333.5</ele></trkpt>
   <trkpt lon="6.866805" lat="43.593898"><ele>333.25</ele></trkpt>
   <trkpt lon="6.866713" lat="43.593824"><ele>333.25</ele></trkpt>
   <trkpt lon="6.866482" lat="43.593439"><ele>332.25</ele></trkpt>
   <trkpt lon="6.866199" lat="43.593153"><ele>329.0</ele></trkpt>
   <trkpt lon="6.866157" lat="43.593074"><ele>329.0</ele></trkpt>
   <trkpt lon="6.866133" lat="43.592857"><ele>328.5</ele></trkpt>
   <trkpt lon="6.866087" lat="43.592791"><ele>327.5</ele></trkpt>
   <trkpt lon="6.866026" lat="43.592738"><ele>327.5</ele></trkpt>
   <trkpt lon="6.865935" lat="43.592699"><ele>327.25</ele></trkpt>
   <trkpt lon="6.865749" lat="43.592641"><ele>325.25</ele></trkpt>
   <trkpt lon="6.865671" lat="43.592605"><ele>324.5</ele></trkpt>
   <trkpt lon="6.865436" lat="43.592438"><ele>324.0</ele><sym>right_slight</sym></trkpt>
   <trkpt lon="6.865370" lat="43.592405"><ele>323.5</ele></trkpt>
   <trkpt lon="6.865205" lat="43.592357"><ele>322.25</ele></trkpt>
   <trkpt lon="6.864072" lat="43.592200"><ele>316.75</ele></trkpt>
   <trkpt lon="6.863672" lat="43.592147"><ele>314.0</ele></trkpt>
   <trkpt lon="6.863534" lat="43.592145"><ele>313.25</ele></trkpt>
   <trkpt lon="6.863453" lat="43.592153"><ele>313.0</ele></trkpt>
   <trkpt lon="6.863262" lat="43.592172"><ele>312.25</ele></trkpt>
   <trkpt lon="6.863133" lat="43.592187"><ele>311.75</ele></trkpt>
   <trkpt lon="6.863094" lat="43.592194"><ele>311.75</ele></trkpt>
   <trkpt lon="6.862927" lat="43.592223"><ele>312.25</ele></trkpt>
   <trkpt lon="6.862844" lat="43.592254"><ele>311.75</ele></trkpt>
   <trkpt lon="6.862763" lat="43.592301"><ele>310.5</ele></trkpt>
   <trkpt lon="6.862476" lat="43.592531"><ele>308.5</ele></trkpt>
   <trkpt lon="6.862119" lat="43.592698"><ele>306.75</ele></trkpt>
   <trkpt lon="6.861889" lat="43.592839"><ele>308.75</ele></trkpt>
   <trkpt lon="6.861759" lat="43.593092"><ele>304.75</ele></trkpt>
   <trkpt lon="6.861658" lat="43.593223"><ele>304.75</ele></trkpt>
   <trkpt lon="6.861523" lat="43.593347"><ele>304.25</ele></trkpt>
   <trkpt lon="6.861329" lat="43.593497"><ele>303.0</ele></trkpt>
   <trkpt lon="6.861100" lat="43.593610"><ele>304.25</ele></trkpt>
   <trkpt lon="6.860856" lat="43.593715"><ele>303.25</ele></trkpt>
   <trkpt lon="6.860761" lat="43.593777"><ele>303.0</ele></trkpt>
   <trkpt lon="6.860672" lat="43.593871"><ele>301.5</ele></trkpt>
   <trkpt lon="6.860548" lat="43.594034"><ele>301.5</ele></trkpt>
   <trkpt lon="6.860489" lat="43.594125"><ele>300.5</ele></trkpt>
   <trkpt lon="6.860405" lat="43.594183"><ele>299.75</ele></trkpt>
   <trkpt lon="6.860269" lat="43.594237"><ele>299.75</ele></trkpt>
   <trkpt lon="6.860141" lat="43.594300"><ele>301.0</ele></trkpt>
   <trkpt lon="6.860028" lat="43.594375"><ele>301.75</ele></trkpt>
   <trkpt lon="6.859924" lat="43.594488"><ele>300.0</ele></trkpt>
   <trkpt lon="6.859788" lat="43.594660"><ele>298.0</ele></trkpt>
   <trkpt lon="6.859649" lat="43.594852"><ele>295.75</ele></trkpt>
   <trkpt lon="6.859504" lat="43.595053"><ele>294.5</ele></trkpt>
   <trkpt lon="6.859216" lat="43.595424"><ele>293.0</ele></trkpt>
   <trkpt lon="6.859123" lat="43.595518"><ele>292.75</ele></trkpt>
   <trkpt lon="6.859056" lat="43.595575"><ele>292.25</ele></trkpt>
   <trkpt lon="6.858987" lat="43.595628"><ele>292.0</ele></trkpt>
   <trkpt lon="6.858948" lat="43.595645"><ele>291.75</ele></trkpt>
   <trkpt lon="6.858908" lat="43.595664"><ele>291.75</ele></trkpt>
   <trkpt lon="6.858592" lat="43.595757"><ele>291.0</ele></trkpt>
   <trkpt lon="6.858509" lat="43.595792"><ele>290.5</ele></trkpt>
   <trkpt lon="6.858445" lat="43.595844"><ele>290.5</ele></trkpt>
   <trkpt lon="6.858399" lat="43.595899"><ele>289.75</ele></trkpt>
   <trkpt lon="6.858254" lat="43.596151"><ele>288.0</ele></trkpt>
   <trkpt lon="6.858092" lat="43.596341"><ele>286.25</ele></trkpt>
   <trkpt lon="6.858003" lat="43.596523"><ele>286.75</ele></trkpt>
   <trkpt lon="6.857960" lat="43.596570"><ele>286.5</ele><sym>pass_place</sym><type>Shaping</type></trkpt>
   <trkpt lon="6.857960" lat="43.596571"><ele>286.5</ele></trkpt>
   <trkpt lon="6.857751" lat="43.596721"><ele>284.0</ele></trkpt>
   <trkpt lon="6.857690" lat="43.596777"><ele>283.25</ele></trkpt>
   <trkpt lon="6.857649" lat="43.596837"><ele>283.25</ele></trkpt>
   <trkpt lon="6.857493" lat="43.597146"><ele>282.0</ele></trkpt>
   <trkpt lon="6.857457" lat="43.597198"><ele>281.5</ele></trkpt>
   <trkpt lon="6.857312" lat="43.597322"><ele>279.75</ele></trkpt>
   <trkpt lon="6.857258" lat="43.597383"><ele>279.25</ele></trkpt>
   <trkpt lon="6.857222" lat="43.597437"><ele>279.0</ele></trkpt>
   <trkpt lon="6.857200" lat="43.597504"><ele>279.25</ele></trkpt>
   <trkpt lon="6.857185" lat="43.597590"><ele>278.0</ele></trkpt>
   <trkpt lon="6.857185" lat="43.597675"><ele>277.5</ele></trkpt>
   <trkpt lon="6.857206" lat="43.597895"><ele>276.5</ele></trkpt>
   <trkpt lon="6.857199" lat="43.597985"><ele>275.75</ele></trkpt>
   <trkpt lon="6.857167" lat="43.598097"><ele>275.0</ele></trkpt>
   <trkpt lon="6.857115" lat="43.598198"><ele>274.75</ele></trkpt>
   <trkpt lon="6.857032" lat="43.598301"><ele>273.75</ele></trkpt>
   <trkpt lon="6.856971" lat="43.598359"><ele>272.75</ele></trkpt>
   <trkpt lon="6.856819" lat="43.598454"><ele>271.0</ele></trkpt>
   <trkpt lon="6.856758" lat="43.598514"><ele>271.0</ele></trkpt>
   <trkpt lon="6.856689" lat="43.598643"><ele>270.5</ele></trkpt>
   <trkpt lon="6.856666" lat="43.598666"><ele>269.75</ele></trkpt>
   <trkpt lon="6.856614" lat="43.598686"><ele>268.75</ele></trkpt>
   <trkpt lon="6.856571" lat="43.598690"><ele>268.25</ele></trkpt>
   <trkpt lon="6.856517" lat="43.598684"><ele>268.0</ele></trkpt>
   <trkpt lon="6.856479" lat="43.598666"><ele>268.0</ele></trkpt>
   <trkpt lon="6.856456" lat="43.598640"><ele>268.5</ele></trkpt>
   <trkpt lon="6.856447" lat="43.598617"><ele>269.25</ele></trkpt>
   <trkpt lon="6.856465" lat="43.598557"><ele>268.25</ele></trkpt>
   <trkpt lon="6.856793" lat="43.598228"><ele>267.5</ele></trkpt>
   <trkpt lon="6.856846" lat="43.598139"><ele>267.25</ele></trkpt>
   <trkpt lon="6.856854" lat="43.598042"><ele>266.25</ele></trkpt>
   <trkpt lon="6.856767" lat="43.597656"><ele>264.75</ele></trkpt>
   <trkpt lon="6.856638" lat="43.597149"><ele>259.25</ele></trkpt>
   <trkpt lon="6.856633" lat="43.597057"><ele>258.5</ele></trkpt>
   <trkpt lon="6.856654" lat="43.596962"><ele>258.5</ele></trkpt>
   <trkpt lon="6.857061" lat="43.596354"><ele>252.5</ele></trkpt>
   <trkpt lon="6.857279" lat="43.595959"><ele>250.75</ele></trkpt>
   <trkpt lon="6.857358" lat="43.595868"><ele>251.25</ele></trkpt>
   <trkpt lon="6.857381" lat="43.595817"><ele>251.25</ele></trkpt>
   <trkpt lon="6.857378" lat="43.595770"><ele>251.0</ele></trkpt>
   <trkpt lon="6.857330" lat="43.595661"><ele>249.0</ele></trkpt>
   <trkpt lon="6.857313" lat="43.595571"><ele>248.25</ele></trkpt>
   <trkpt lon="6.857333" lat="43.595490"><ele>246.75</ele></trkpt>
   <trkpt lon="6.857594" lat="43.595118"><ele>243.0</ele></trkpt>
   <trkpt lon="6.857741" lat="43.594960"><ele>242.5</ele></trkpt>
   <trkpt lon="6.857852" lat="43.594877"><ele>243.75</ele></trkpt>
   <trkpt lon="6.857881" lat="43.594831"><ele>243.75</ele></trkpt>
   <trkpt lon="6.857887" lat="43.594776"><ele>242.75</ele></trkpt>
   <trkpt lon="6.857871" lat="43.594623"><ele>239.75</ele></trkpt>
   <trkpt lon="6.857891" lat="43.594413"><ele>239.5</ele></trkpt>
   <trkpt lon="6.857877" lat="43.594363"><ele>240.75</ele></trkpt>
   <trkpt lon="6.857847" lat="43.594323"><ele>241.25</ele></trkpt>
   <trkpt lon="6.857770" lat="43.594290"><ele>240.25</ele></trkpt>
   <trkpt lon="6.857591" lat="43.594257"><ele>236.5</ele></trkpt>
   <trkpt lon="6.857412" lat="43.594185"><ele>235.0</ele></trkpt>
   <trkpt lon="6.857259" lat="43.594085"><ele>235.0</ele></trkpt>
   <trkpt lon="6.857179" lat="43.594058"><ele>234.5</ele></trkpt>
   <trkpt lon="6.857053" lat="43.594046"><ele>233.0</ele></trkpt>
   <trkpt lon="6.856958" lat="43.594021"><ele>232.5</ele></trkpt>
   <trkpt lon="6.856716" lat="43.593907"><ele>230.5</ele></trkpt>
   <trkpt lon="6.856578" lat="43.593811"><ele>229.0</ele></trkpt>
   <trkpt lon="6.856497" lat="43.593729"><ele>228.0</ele></trkpt>
   <trkpt lon="6.856448" lat="43.593611"><ele>228.0</ele></trkpt>
   <trkpt lon="6.856416" lat="43.593381"><ele>226.0</ele></trkpt>
   <trkpt lon="6.856393" lat="43.593322"><ele>225.5</ele></trkpt>
   <trkpt lon="6.856346" lat="43.593268"><ele>226.75</ele></trkpt>
   <trkpt lon="6.856136" lat="43.593133"><ele>223.75</ele><sym>left_slight</sym></trkpt>
   <trkpt lon="6.856068" lat="43.593074"><ele>222.0</ele></trkpt>
   <trkpt lon="6.856024" lat="43.593000"><ele>220.75</ele></trkpt>
   <trkpt lon="6.855997" lat="43.592826"><ele>220.0</ele></trkpt>
   <trkpt lon="6.855974" lat="43.592745"><ele>220.5</ele></trkpt>
   <trkpt lon="6.855931" lat="43.592692"><ele>220.75</ele></trkpt>
   <trkpt lon="6.855846" lat="43.592638"><ele>219.75</ele></trkpt>
   <trkpt lon="6.855674" lat="43.592557"><ele>216.75</ele></trkpt>
   <trkpt lon="6.855587" lat="43.592491"><ele>216.0</ele></trkpt>
   <trkpt lon="6.855434" lat="43.592256"><ele>214.75</ele></trkpt>
   <trkpt lon="6.855245" lat="43.592061"><ele>213.25</ele></trkpt>
   <trkpt lon="6.855050" lat="43.591913"><ele>212.25</ele></trkpt>
   <trkpt lon="6.854893" lat="43.591835"><ele>210.0</ele></trkpt>
   <trkpt lon="6.854672" lat="43.591757"><ele>207.0</ele></trkpt>
   <trkpt lon="6.854555" lat="43.591696"><ele>207.0</ele></trkpt>
   <trkpt lon="6.854486" lat="43.591623"><ele>206.75</ele></trkpt>
   <trkpt lon="6.854450" lat="43.591545"><ele>206.0</ele></trkpt>
   <trkpt lon="6.854451" lat="43.591446"><ele>206.0</ele></trkpt>
   <trkpt lon="6.854479" lat="43.591344"><ele>205.75</ele></trkpt>
   <trkpt lon="6.854516" lat="43.591258"><ele>204.5</ele></trkpt>
   <trkpt lon="6.854591" lat="43.591164"><ele>203.5</ele></trkpt>
   <trkpt lon="6.854685" lat="43.591094"><ele>203.25</ele></trkpt>
   <trkpt lon="6.854772" lat="43.591052"><ele>203.0</ele></trkpt>
   <trkpt lon="6.854999" lat="43.590942"><ele>202.75</ele></trkpt>
   <trkpt lon="6.855324" lat="43.590729"><ele>200.0</ele></trkpt>
   <trkpt lon="6.855455" lat="43.590674"><ele>199.5</ele></trkpt>
   <trkpt lon="6.856281" lat="43.590413"><ele>196.25</ele></trkpt>
   <trkpt lon="6.856336" lat="43.590378"><ele>195.75</ele></trkpt>
   <trkpt lon="6.856369" lat="43.590326"><ele>194.25</ele></trkpt>
   <trkpt lon="6.856390" lat="43.590253"><ele>193.25</ele></trkpt>
   <trkpt lon="6.856365" lat="43.590179"><ele>193.75</ele></trkpt>
   <trkpt lon="6.856312" lat="43.590091"><ele>193.25</ele></trkpt>
   <trkpt lon="6.856207" lat="43.589950"><ele>190.5</ele></trkpt>
   <trkpt lon="6.856163" lat="43.589835"><ele>189.0</ele></trkpt>
   <trkpt lon="6.856126" lat="43.589663"><ele>187.25</ele></trkpt>
   <trkpt lon="6.856104" lat="43.589497"><ele>185.75</ele></trkpt>
   <trkpt lon="6.856129" lat="43.589209"><ele>185.75</ele></trkpt>
   <trkpt lon="6.856102" lat="43.588995"><ele>183.75</ele></trkpt>
   <trkpt lon="6.856106" lat="43.588801"><ele>182.25</ele></trkpt>
   <trkpt lon="6.856118" lat="43.588676"><ele>181.0</ele></trkpt>
   <trkpt lon="6.856157" lat="43.588577"><ele>179.75</ele></trkpt>
   <trkpt lon="6.856218" lat="43.588525"><ele>179.0</ele></trkpt>
   <trkpt lon="6.856410" lat="43.588421"><ele>177.75</ele></trkpt>
   <trkpt lon="6.856557" lat="43.588370"><ele>176.25</ele></trkpt>
   <trkpt lon="6.856671" lat="43.588370"><ele>177.25</ele></trkpt>
   <trkpt lon="6.856979" lat="43.588456"><ele>179.75</ele></trkpt>
   <trkpt lon="6.857065" lat="43.588450"><ele>179.5</ele></trkpt>
   <trkpt lon="6.857148" lat="43.588416"><ele>178.25</ele></trkpt>
   <trkpt lon="6.857190" lat="43.588364"><ele>176.5</ele></trkpt>
   <trkpt lon="6.857251" lat="43.588171"><ele>172.75</ele></trkpt>
   <trkpt lon="6.857311" lat="43.588080"><ele>171.75</ele></trkpt>
   <trkpt lon="6.857380" lat="43.588018"><ele>170.0</ele></trkpt>
   <trkpt lon="6.857470" lat="43.587981"><ele>169.25</ele><sym>pass_place</sym><type>Shaping</type></trkpt>
   <trkpt lon="6.857474" lat="43.587980"><ele>169.25</ele></trkpt>
   <trkpt lon="6.857628" lat="43.587960"><ele>169.5</ele></trkpt>
   <trkpt lon="6.857873" lat="43.587948"><ele>171.75</ele></trkpt>
   <trkpt lon="6.857924" lat="43.587932"><ele>172.0</ele></trkpt>
   <trkpt lon="6.857968" lat="43.587890"><ele>171.25</ele></trkpt>
   <trkpt lon="6.858151" lat="43.587544"><ele>166.75</ele></trkpt>
   <trkpt lon="6.858179" lat="43.587449"><ele>166.0</ele></trkpt>
   <trkpt lon="6.858183" lat="43.587161"><ele>162.75</ele></trkpt>
   <trkpt lon="6.858202" lat="43.587051"><ele>162.0</ele></trkpt>
   <trkpt lon="6.858235" lat="43.586967"><ele>161.75</ele></trkpt>
   <trkpt lon="6.858278" lat="43.586903"><ele>160.5</ele></trkpt>
   <trkpt lon="6.858347" lat="43.586845"><ele>159.25</ele></trkpt>
   <trkpt lon="6.858642" lat="43.586719"><ele>159.75</ele></trkpt>
   <trkpt lon="6.858776" lat="43.586628"><ele>158.0</ele></trkpt>
   <trkpt lon="6.859099" lat="43.586364"><ele>155.25</ele></trkpt>
   <trkpt lon="6.859437" lat="43.586182"><ele>154.5</ele></trkpt>
   <trkpt lon="6.859714" lat="43.586018"><ele>154.25</ele></trkpt>
   <trkpt lon="6.859768" lat="43.585963"><ele>152.75</ele></trkpt>
   <trkpt lon="6.859798" lat="43.585901"><ele>150.0</ele></trkpt>
   <trkpt lon="6.859783" lat="43.585850"><ele>147.25</ele></trkpt>
   <trkpt lon="6.859589" lat="43.585654"><ele>149.0</ele></trkpt>
   <trkpt lon="6.859397" lat="43.585460"><ele>154.75</ele></trkpt>
   <trkpt lon="6.859320" lat="43.585400"><ele>155.25</ele></trkpt>
   <trkpt lon="6.859256" lat="43.585377"><ele>154.0</ele></trkpt>
   <trkpt lon="6.859204" lat="43.585366"><ele>152.25</ele></trkpt>
   <trkpt lon="6.859141" lat="43.585377"><ele>150.5</ele></trkpt>
   <trkpt lon="6.858967" lat="43.585443"><ele>148.75</ele></trkpt>
   <trkpt lon="6.858852" lat="43.585488"><ele>149.5</ele></trkpt>
   <trkpt lon="6.858518" lat="43.585627"><ele>155.5</ele></trkpt>
   <trkpt lon="6.858081" lat="43.585900"><ele>159.0</ele></trkpt>
   <trkpt lon="6.857979" lat="43.586093"><ele>160.25</ele></trkpt>
   <trkpt lon="6.857927" lat="43.586160"><ele>159.75</ele></trkpt>
   <trkpt lon="6.857853" lat="43.586214"><ele>159.75</ele></trkpt>
   <trkpt lon="6.857651" lat="43.586284"><ele>163.5</ele></trkpt>
   <trkpt lon="6.857528" lat="43.586338"><ele>165.25</ele></trkpt>
   <trkpt lon="6.856972" lat="43.586816"><ele>170.75</ele></trkpt>
   <trkpt lon="6.856927" lat="43.586880"><ele>170.75</ele></trkpt>
   <trkpt lon="6.856903" lat="43.586998"><ele>168.25</ele></trkpt>
   <trkpt lon="6.856870" lat="43.587071"><ele>167.5</ele></trkpt>
   <trkpt lon="6.856815" lat="43.587098"><ele>168.0</ele></trkpt>
   <trkpt lon="6.856733" lat="43.587111"><ele>169.25</ele></trkpt>
   <trkpt lon="6.856646" lat="43.587094"><ele>171.0</ele></trkpt>
   <trkpt lon="6.856578" lat="43.587058"><ele>171.0</ele></trkpt>
   <trkpt lon="6.856109" lat="43.586572"><ele>178.5</ele></trkpt>
   <trkpt lon="6.855981" lat="43.586492"><ele>179.25</ele></trkpt>
   <trkpt lon="6.855811" lat="43.586438"><ele>179.0</ele></trkpt>
   <trkpt lon="6.855382" lat="43.586366"><ele>182.25</ele></trkpt>
   <trkpt lon="6.855246" lat="43.586365"><ele>183.0</ele></trkpt>
   <trkpt lon="6.854375" lat="43.586492"><ele>190.25</ele></trkpt>
   <trkpt lon="6.854220" lat="43.586526"><ele>192.0</ele></trkpt>
   <trkpt lon="6.853821" lat="43.586721"><ele>190.75</ele></trkpt>
   <trkpt lon="6.853324" lat="43.586803"><ele>196.75</ele></trkpt>
   <trkpt lon="6.853172" lat="43.586886"><ele>196.5</ele></trkpt>
   <trkpt lon="6.853091" lat="43.586981"><ele>196.25</ele></trkpt>
   <trkpt lon="6.853039" lat="43.587058"><ele>198.0</ele></trkpt>
   <trkpt lon="6.853012" lat="43.587146"><ele>198.5</ele></trkpt>
   <trkpt lon="6.853044" lat="43.587397"><ele>199.0</ele></trkpt>
   <trkpt lon="6.853000" lat="43.587520"><ele>201.5</ele></trkpt>
   <trkpt lon="6.852953" lat="43.587578"><ele>201.5</ele></trkpt>
   <trkpt lon="6.852664" lat="43.587793"><ele>205.25</ele></trkpt>
   <trkpt lon="6.852622" lat="43.587857"><ele>207.0</ele></trkpt>
   <trkpt lon="6.852596" lat="43.587930"><ele>207.75</ele></trkpt>
   <trkpt lon="6.852593" lat="43.588004"><ele>207.75</ele></trkpt>
   <trkpt lon="6.852602" lat="43.588056"><ele>207.25</ele></trkpt>
   <trkpt lon="6.852683" lat="43.588237"><ele>208.5</ele></trkpt>
   <trkpt lon="6.852682" lat="43.588294"><ele>209.75</ele></trkpt>
   <trkpt lon="6.852651" lat="43.588349"><ele>210.75</ele></trkpt>
   <trkpt lon="6.852459" lat="43.588512"><ele>210.5</ele></trkpt>
   <trkpt lon="6.852170" lat="43.588688"><ele>213.5</ele></trkpt>
   <trkpt lon="6.851377" lat="43.589021"><ele>221.0</ele></trkpt>
   <trkpt lon="6.851243" lat="43.589168"><ele>221.0</ele></trkpt>
   <trkpt lon="6.851149" lat="43.589251"><ele>220.75</ele></trkpt>
   <trkpt lon="6.851028" lat="43.589313"><ele>222.25</ele></trkpt>
   <trkpt lon="6.850324" lat="43.589559"><ele>227.75</ele></trkpt>
   <trkpt lon="6.850210" lat="43.589591"><ele>227.25</ele></trkpt>
   <trkpt lon="6.850118" lat="43.589599"><ele>227.5</ele></trkpt>
   <trkpt lon="6.850022" lat="43.589588"><ele>229.0</ele></trkpt>
   <trkpt lon="6.849801" lat="43.589507"><ele>230.5</ele></trkpt>
   <trkpt lon="6.849679" lat="43.589483"><ele>231.0</ele></trkpt>
   <trkpt lon="6.849572" lat="43.589483"><ele>232.5</ele></trkpt>
   <trkpt lon="6.849480" lat="43.589494"><ele>233.5</ele></trkpt>
   <trkpt lon="6.849415" lat="43.589536"><ele>234.75</ele></trkpt>
   <trkpt lon="6.849377" lat="43.589601"><ele>235.75</ele></trkpt>
   <trkpt lon="6.849328" lat="43.589754"><ele>236.5</ele></trkpt>
   <trkpt lon="6.849295" lat="43.589829"><ele>236.75</ele></trkpt>
   <trkpt lon="6.849245" lat="43.589919"><ele>237.5</ele></trkpt>
   <trkpt lon="6.849205" lat="43.590064"><ele>238.75</ele></trkpt>
   <trkpt lon="6.849262" lat="43.590347"><ele>240.25</ele></trkpt>
   <trkpt lon="6.849311" lat="43.590470"><ele>241.5</ele></trkpt>
   <trkpt lon="6.849452" lat="43.590713"><ele>243.0</ele></trkpt>
   <trkpt lon="6.849509" lat="43.590880"><ele>244.75</ele></trkpt>
   <trkpt lon="6.849592" lat="43.591247"><ele>246.5</ele></trkpt>
   <trkpt lon="6.849590" lat="43.591452"><ele>247.75</ele></trkpt>
   <trkpt lon="6.849522" lat="43.591582"><ele>249.5</ele></trkpt>
   <trkpt lon="6.849427" lat="43.591693"><ele>251.75</ele></trkpt>
   <trkpt lon="6.849224" lat="43.591849"><ele>255.0</ele></trkpt>
   <trkpt lon="6.848983" lat="43.592241"><ele>256.0</ele><sym>pass_place</sym><type>Shaping</type></trkpt>
   <trkpt lon="6.848983" lat="43.592242"><ele>256.0</ele></trkpt>
   <trkpt lon="6.848891" lat="43.592461"><ele>259.0</ele></trkpt>
   <trkpt lon="6.848828" lat="43.592676"><ele>261.75</ele></trkpt>
   <trkpt lon="6.848748" lat="43.593315"><ele>265.0</ele></trkpt>
   <trkpt lon="6.848709" lat="43.593380"><ele>264.75</ele></trkpt>
   <trkpt lon="6.848640" lat="43.593407"><ele>265.75</ele></trkpt>
   <trkpt lon="6.848543" lat="43.593416"><ele>266.5</ele></trkpt>
   <trkpt lon="6.848397" lat="43.593400"><ele>267.75</ele></trkpt>
   <trkpt lon="6.848057" lat="43.593257"><ele>270.75</ele></trkpt>
   <trkpt lon="6.847758" lat="43.593108"><ele>272.25</ele></trkpt>
   <trkpt lon="6.847315" lat="43.592848"><ele>277.0</ele></trkpt>
   <trkpt lon="6.846872" lat="43.592680"><ele>279.0</ele></trkpt>
   <trkpt lon="6.846702" lat="43.592597"><ele>279.5</ele></trkpt>
   <trkpt lon="6.846541" lat="43.592484"><ele>280.75</ele></trkpt>
   <trkpt lon="6.846420" lat="43.592367"><ele>282.5</ele></trkpt>
   <trkpt lon="6.846217" lat="43.592130"><ele>285.75</ele></trkpt>
   <trkpt lon="6.846074" lat="43.592005"><ele>286.5</ele></trkpt>
   <trkpt lon="6.845475" lat="43.591589"><ele>290.25</ele></trkpt>
   <trkpt lon="6.845374" lat="43.591509"><ele>291.0</ele></trkpt>
   <trkpt lon="6.845306" lat="43.591414"><ele>292.75</ele></trkpt>
   <trkpt lon="6.845264" lat="43.591319"><ele>293.75</ele></trkpt>
   <trkpt lon="6.845228" lat="43.590988"><ele>297.25</ele></trkpt>
   <trkpt lon="6.845188" lat="43.590797"><ele>298.25</ele></trkpt>
   <trkpt lon="6.845012" lat="43.590332"><ele>301.25</ele></trkpt>
   <trkpt lon="6.844905" lat="43.589905"><ele>306.25</ele></trkpt>
   <trkpt lon="6.844859" lat="43.589769"><ele>308.25</ele></trkpt>
   <trkpt lon="6.844772" lat="43.589639"><ele>308.75</ele></trkpt>
   <trkpt lon="6.844296" lat="43.589030"><ele>313.5</ele></trkpt>
   <trkpt lon="6.844188" lat="43.588915"><ele>314.5</ele></trkpt>
   <trkpt lon="6.843759" lat="43.588618"><ele>317.75</ele></trkpt>
   <trkpt lon="6.843659" lat="43.588524"><ele>318.5</ele></trkpt>
   <trkpt lon="6.843596" lat="43.588440"><ele>319.25</ele></trkpt>
   <trkpt lon="6.843469" lat="43.588164"><ele>322.5</ele></trkpt>
   <trkpt lon="6.843408" lat="43.588125"><ele>322.75</ele></trkpt>
   <trkpt lon="6.843294" lat="43.588100"><ele>322.75</ele></trkpt>
   <trkpt lon="6.842902" lat="43.588122"><ele>323.75</ele></trkpt>
   <trkpt lon="6.842779" lat="43.588151"><ele>324.25</ele></trkpt>
   <trkpt lon="6.842374" lat="43.588313"><ele>327.75</ele></trkpt>
   <trkpt lon="6.842252" lat="43.588341"><ele>328.75</ele></trkpt>
   <trkpt lon="6.841813" lat="43.588403"><ele>327.25</ele></trkpt>
   <trkpt lon="6.841628" lat="43.588447"><ele>326.75</ele></trkpt>
   <trkpt lon="6.841476" lat="43.588464"><ele>326.5</ele></trkpt>
   <trkpt lon="6.841169" lat="43.588447"><ele>327.25</ele></trkpt>
   <trkpt lon="6.841034" lat="43.588448"><ele>327.25</ele></trkpt>
   <trkpt lon="6.840652" lat="43.588492"><ele>327.75</ele></trkpt>
   <trkpt lon="6.840414" lat="43.588513"><ele>327.25</ele></trkpt>
   <trkpt lon="6.840305" lat="43.588533"><ele>327.25</ele></trkpt>
   <trkpt lon="6.840152" lat="43.588584"><ele>327.25</ele></trkpt>
   <trkpt lon="6.840034" lat="43.588628"><ele>327.0</ele></trkpt>
   <trkpt lon="6.839944" lat="43.588643"><ele>326.75</ele></trkpt>
   <trkpt lon="6.839869" lat="43.588642"><ele>326.5</ele></trkpt>
   <trkpt lon="6.839752" lat="43.588619"><ele>325.25</ele></trkpt>
   <trkpt lon="6.839669" lat="43.588595"><ele>324.75</ele></trkpt>
   <trkpt lon="6.839542" lat="43.588534"><ele>324.5</ele></trkpt>
   <trkpt lon="6.839452" lat="43.588447"><ele>323.75</ele></trkpt>
   <trkpt lon="6.839391" lat="43.588349"><ele>323.5</ele></trkpt>
   <trkpt lon="6.839198" lat="43.587688"><ele>318.25</ele></trkpt>
   <trkpt lon="6.839114" lat="43.587294"><ele>315.25</ele></trkpt>
   <trkpt lon="6.839043" lat="43.587096"><ele>314.0</ele></trkpt>
   <trkpt lon="6.838829" lat="43.586636"><ele>310.25</ele></trkpt>
   <trkpt lon="6.838676" lat="43.586337"><ele>307.75</ele></trkpt>
   <trkpt lon="6.838475" lat="43.586152"><ele>306.0</ele></trkpt>
   <trkpt lon="6.837732" lat="43.585796"><ele>302.75</ele></trkpt>
   <trkpt lon="6.837201" lat="43.585559"><ele>300.0</ele></trkpt>
   <trkpt lon="6.837008" lat="43.585448"><ele>298.5</ele></trkpt>
   <trkpt lon="6.836865" lat="43.585306"><ele>297.0</ele></trkpt>
   <trkpt lon="6.836798" lat="43.585191"><ele>296.5</ele></trkpt>
   <trkpt lon="6.836760" lat="43.585035"><ele>296.25</ele></trkpt>
   <trkpt lon="6.836780" lat="43.584650"><ele>294.5</ele></trkpt>
   <trkpt lon="6.836720" lat="43.584466"><ele>294.5</ele></trkpt>
   <trkpt lon="6.836617" lat="43.584371"><ele>293.75</ele></trkpt>
   <trkpt lon="6.836478" lat="43.584258"><ele>292.25</ele></trkpt>
   <trkpt lon="6.836072" lat="43.583929"><ele>289.5</ele><sym>pass_place</sym><type>Shaping</type></trkpt>
   <trkpt lon="6.835608" lat="43.583701"><ele>286.75</ele></trkpt>
   <trkpt lon="6.835147" lat="43.583423"><ele>283.75</ele></trkpt>
   <trkpt lon="6.835059" lat="43.583395"><ele>283.0</ele></trkpt>
   <trkpt lon="6.834864" lat="43.583333"><ele>282.0</ele></trkpt>
   <trkpt lon="6.834313" lat="43.583234"><ele>279.0</ele></trkpt>
   <trkpt lon="6.833516" lat="43.583166"><ele>275.5</ele></trkpt>
   <trkpt lon="6.833272" lat="43.583102"><ele>274.75</ele></trkpt>
   <trkpt lon="6.833028" lat="43.582980"><ele>273.25</ele></trkpt>
   <trkpt lon="6.832931" lat="43.582921"><ele>272.25</ele></trkpt>
   <trkpt lon="6.832858" lat="43.582871"><ele>271.75</ele></trkpt>
   <trkpt lon="6.832812" lat="43.582822"><ele>271.75</ele></trkpt>
   <trkpt lon="6.832787" lat="43.582776"><ele>272.0</ele></trkpt>
   <trkpt lon="6.832774" lat="43.582682"><ele>271.0</ele></trkpt>
   <trkpt lon="6.832789" lat="43.582489"><ele>270.25</ele></trkpt>
   <trkpt lon="6.832765" lat="43.582431"><ele>270.5</ele></trkpt>
   <trkpt lon="6.832721" lat="43.582387"><ele>270.25</ele></trkpt>
   <trkpt lon="6.832647" lat="43.582352"><ele>269.5</ele></trkpt>
   <trkpt lon="6.832536" lat="43.582333"><ele>268.25</ele></trkpt>
   <trkpt lon="6.832033" lat="43.582297"><ele>265.25</ele></trkpt>
   <trkpt lon="6.831739" lat="43.582200"><ele>264.75</ele></trkpt>
   <trkpt lon="6.831615" lat="43.582177"><ele>264.25</ele></trkpt>
   <trkpt lon="6.831471" lat="43.582174"><ele>263.75</ele></trkpt>
   <trkpt lon="6.831343" lat="43.582203"><ele>263.75</ele></trkpt>
   <trkpt lon="6.831228" lat="43.582247"><ele>265.75</ele></trkpt>
   <trkpt lon="6.831005" lat="43.582600"><ele>259.75</ele></trkpt>
   <trkpt lon="6.830798" lat="43.582772"><ele>258.5</ele></trkpt>
   <trkpt lon="6.830686" lat="43.582846"><ele>257.5</ele></trkpt>
   <trkpt lon="6.830543" lat="43.582903"><ele>257.0</ele></trkpt>
   <trkpt lon="6.830318" lat="43.582944"><ele>254.75</ele></trkpt>
   <trkpt lon="6.830069" lat="43.582942"><ele>253.5</ele></trkpt>
   <trkpt lon="6.829679" lat="43.582911"><ele>251.5</ele></trkpt>
   <trkpt lon="6.829538" lat="43.582882"><ele>251.0</ele></trkpt>
   <trkpt lon="6.829397" lat="43.582845"><ele>249.75</ele></trkpt>
   <trkpt lon="6.829257" lat="43.582738"><ele>248.75</ele></trkpt>
   <trkpt lon="6.829143" lat="43.582598"><ele>246.75</ele></trkpt>
   <trkpt lon="6.829032" lat="43.582420"><ele>245.0</ele></trkpt>
   <trkpt lon="6.828962" lat="43.582239"><ele>245.0</ele></trkpt>
   <trkpt lon="6.828876" lat="43.581874"><ele>242.5</ele></trkpt>
   <trkpt lon="6.828750" lat="43.581524"><ele>242.25</ele></trkpt>
   <trkpt lon="6.828538" lat="43.581349"><ele>241.5</ele></trkpt>
   <trkpt lon="6.827654" lat="43.581182"><ele>236.5</ele></trkpt>
   <trkpt lon="6.827465" lat="43.581200"><ele>233.75</ele></trkpt>
   <trkpt lon="6.826895" lat="43.581285"><ele>232.5</ele></trkpt>
   <trkpt lon="6.826675" lat="43.581264"><ele>231.0</ele></trkpt>
   <trkpt lon="6.826505" lat="43.581239"><ele>229.75</ele></trkpt>
   <trkpt lon="6.826369" lat="43.581246"><ele>228.25</ele></trkpt>
   <trkpt lon="6.826237" lat="43.581287"><ele>228.0</ele></trkpt>
   <trkpt lon="6.826095" lat="43.581322"><ele>228.25</ele></trkpt>
   <trkpt lon="6.825910" lat="43.581324"><ele>226.75</ele></trkpt>
   <trkpt lon="6.825735" lat="43.581232"><ele>225.75</ele></trkpt>
   <trkpt lon="6.825235" lat="43.580731"><ele>221.5</ele></trkpt>
   <trkpt lon="6.825124" lat="43.580682"><ele>220.75</ele></trkpt>
   <trkpt lon="6.824677" lat="43.580571"><ele>217.75</ele></trkpt>
   <trkpt lon="6.824422" lat="43.580448"><ele>215.75</ele></trkpt>
   <trkpt lon="6.824345" lat="43.580403"><ele>215.5</ele></trkpt>
   <trkpt lon="6.824272" lat="43.580345"><ele>215.0</ele></trkpt>
   <trkpt lon="6.824240" lat="43.580301"><ele>214.75</ele></trkpt>
   <trkpt lon="6.824232" lat="43.580251"><ele>214.25</ele></trkpt>
   <trkpt lon="6.824243" lat="43.580199"><ele>213.5</ele></trkpt>
   <trkpt lon="6.824426" lat="43.579974"><ele>213.5</ele></trkpt>
   <trkpt lon="6.824426" lat="43.579909"><ele>213.5</ele></trkpt>
   <trkpt lon="6.824403" lat="43.579862"><ele>213.25</ele></trkpt>
   <trkpt lon="6.824349" lat="43.579823"><ele>212.5</ele></trkpt>
   <trkpt lon="6.824212" lat="43.579770"><ele>211.0</ele></trkpt>
   <trkpt lon="6.824015" lat="43.579668"><ele>209.75</ele></trkpt>
   <trkpt lon="6.823929" lat="43.579649"><ele>209.0</ele></trkpt>
   <trkpt lon="6.823849" lat="43.579656"><ele>208.25</ele></trkpt>
   <trkpt lon="6.823719" lat="43.579703"><ele>207.5</ele></trkpt>
   <trkpt lon="6.823508" lat="43.579812"><ele>205.5</ele></trkpt>
   <trkpt lon="6.823304" lat="43.579938"><ele>203.5</ele></trkpt>
   <trkpt lon="6.823195" lat="43.579989"><ele>202.5</ele></trkpt>
   <trkpt lon="6.823136" lat="43.580000"><ele>202.5</ele></trkpt>
   <trkpt lon="6.823062" lat="43.579992"><ele>203.0</ele></trkpt>
   <trkpt lon="6.823006" lat="43.579958"><ele>202.0</ele></trkpt>
   <trkpt lon="6.822946" lat="43.579868"><ele>201.25</ele></trkpt>
   <trkpt lon="6.822897" lat="43.579726"><ele>201.5</ele></trkpt>
   <trkpt lon="6.822870" lat="43.579524"><ele>200.0</ele></trkpt>
   <trkpt lon="6.822813" lat="43.579344"><ele>199.25</ele></trkpt>
   <trkpt lon="6.822692" lat="43.579148"><ele>199.0</ele></trkpt>
   <trkpt lon="6.822628" lat="43.579097"><ele>198.5</ele></trkpt>
   <trkpt lon="6.822563" lat="43.579071"><ele>198.0</ele></trkpt>
   <trkpt lon="6.822450" lat="43.579050"><ele>197.0</ele></trkpt>
   <trkpt lon="6.822255" lat="43.579044"><ele>195.5</ele></trkpt>
   <trkpt lon="6.822088" lat="43.579067"><ele>194.5</ele></trkpt>
   <trkpt lon="6.821774" lat="43.579144"><ele>195.5</ele></trkpt>
   <trkpt lon="6.821711" lat="43.579174"><ele>196.25</ele></trkpt>
   <trkpt lon="6.821678" lat="43.579211"><ele>197.0</ele></trkpt>
   <trkpt lon="6.821664" lat="43.579308"><ele>198.0</ele></trkpt>
   <trkpt lon="6.821728" lat="43.579443"><ele>198.0</ele></trkpt>
   <trkpt lon="6.821826" lat="43.579609"><ele>198.75</ele></trkpt>
   <trkpt lon="6.822059" lat="43.580155"><ele>199.5</ele></trkpt>
   <trkpt lon="6.822399" lat="43.580638"><ele>201.5</ele></trkpt>
   <trkpt lon="6.822477" lat="43.580799"><ele>200.5</ele><sym>pass_place</sym><type>Shaping</type></trkpt>
   <trkpt lon="6.822478" lat="43.580801"><ele>200.5</ele></trkpt>
   <trkpt lon="6.822555" lat="43.581075"><ele>201.75</ele></trkpt>
   <trkpt lon="6.822537" lat="43.581343"><ele>202.25</ele></trkpt>
   <trkpt lon="6.822503" lat="43.581599"><ele>204.25</ele></trkpt>
   <trkpt lon="6.822552" lat="43.581661"><ele>204.75</ele></trkpt>
   <trkpt lon="6.822631" lat="43.581694"><ele>205.0</ele></trkpt>
   <trkpt lon="6.822700" lat="43.581697"><ele>204.75</ele></trkpt>
   <trkpt lon="6.822799" lat="43.581686"><ele>204.75</ele></trkpt>
   <trkpt lon="6.823053" lat="43.581542"><ele>204.75</ele></trkpt>
   <trkpt lon="6.823260" lat="43.581496"><ele>205.5</ele></trkpt>
   <trkpt lon="6.823458" lat="43.581494"><ele>206.0</ele></trkpt>
   <trkpt lon="6.823841" lat="43.581551"><ele>206.25</ele></trkpt>
   <trkpt lon="6.824035" lat="43.581599"><ele>205.75</ele></trkpt>
   <trkpt lon="6.824116" lat="43.581647"><ele>206.0</ele></trkpt>
   <trkpt lon="6.824142" lat="43.581714"><ele>206.5</ele></trkpt>
   <trkpt lon="6.824123" lat="43.581840"><ele>207.0</ele></trkpt>
   <trkpt lon="6.823992" lat="43.582150"><ele>208.0</ele></trkpt>
   <trkpt lon="6.823717" lat="43.582513"><ele>210.25</ele></trkpt>
   <trkpt lon="6.823590" lat="43.582693"><ele>211.0</ele></trkpt>
   <trkpt lon="6.823508" lat="43.582904"><ele>211.5</ele></trkpt>
   <trkpt lon="6.823387" lat="43.583257"><ele>213.25</ele></trkpt>
   <trkpt lon="6.823345" lat="43.583822"><ele>215.0</ele></trkpt>
   <trkpt lon="6.823421" lat="43.584004"><ele>214.0</ele></trkpt>
   <trkpt lon="6.823525" lat="43.584160"><ele>214.25</ele></trkpt>
   <trkpt lon="6.823679" lat="43.584308"><ele>213.25</ele></trkpt>
   <trkpt lon="6.823858" lat="43.584442"><ele>213.25</ele></trkpt>
   <trkpt lon="6.823883" lat="43.584530"><ele>211.75</ele><sym>left_slight</sym></trkpt>
   <trkpt lon="6.823817" lat="43.584613"><ele>211.25</ele></trkpt>
   <trkpt lon="6.823591" lat="43.584721"><ele>212.0</ele></trkpt>
   <trkpt lon="6.823358" lat="43.584805"><ele>210.5</ele></trkpt>
   <trkpt lon="6.823058" lat="43.584806"><ele>210.5</ele></trkpt>
   <trkpt lon="6.822824" lat="43.584784"><ele>208.5</ele></trkpt>
   <trkpt lon="6.822708" lat="43.584799"><ele>208.5</ele></trkpt>
   <trkpt lon="6.822410" lat="43.585128"><ele>205.5</ele></trkpt>
   <trkpt lon="6.822291" lat="43.585211"><ele>205.5</ele></trkpt>
   <trkpt lon="6.822078" lat="43.585319"><ele>204.5</ele></trkpt>
   <trkpt lon="6.821946" lat="43.585352"><ele>204.5</ele></trkpt>
   <trkpt lon="6.821701" lat="43.585349"><ele>203.5</ele></trkpt>
   <trkpt lon="6.821468" lat="43.585298"><ele>201.5</ele></trkpt>
   <trkpt lon="6.821250" lat="43.585274"><ele>201.0</ele></trkpt>
   <trkpt lon="6.821089" lat="43.585311"><ele>200.5</ele></trkpt>
   <trkpt lon="6.820998" lat="43.585404"><ele>200.5</ele></trkpt>
   <trkpt lon="6.820929" lat="43.585575"><ele>199.75</ele></trkpt>
   <trkpt lon="6.820877" lat="43.585798"><ele>198.75</ele></trkpt>
   <trkpt lon="6.820822" lat="43.585882"><ele>198.0</ele></trkpt>
   <trkpt lon="6.820399" lat="43.586119"><ele>197.25</ele></trkpt>
   <trkpt lon="6.820244" lat="43.586202"><ele>196.25</ele></trkpt>
   <trkpt lon="6.820096" lat="43.586232"><ele>196.25</ele></trkpt>
   <trkpt lon="6.819801" lat="43.586240"><ele>196.25</ele></trkpt>
   <trkpt lon="6.819404" lat="43.586456"><ele>193.25</ele></trkpt>
   <trkpt lon="6.819242" lat="43.586510"><ele>193.0</ele></trkpt>
   <trkpt lon="6.819146" lat="43.586506"><ele>193.75</ele></trkpt>
   <trkpt lon="6.818978" lat="43.586470"><ele>193.75</ele></trkpt>
   <trkpt lon="6.818823" lat="43.586504"><ele>193.0</ele></trkpt>
   <trkpt lon="6.818744" lat="43.586559"><ele>192.75</ele></trkpt>
   <trkpt lon="6.818586" lat="43.587062"><ele>189.75</ele></trkpt>
   <trkpt lon="6.818418" lat="43.587225"><ele>188.5</ele></trkpt>
   <trkpt lon="6.818320" lat="43.587273"><ele>189.0</ele></trkpt>
   <trkpt lon="6.818284" lat="43.587279"><ele>189.0</ele></trkpt>
   <trkpt lon="6.818203" lat="43.587293"><ele>188.5</ele></trkpt>
   <trkpt lon="6.818126" lat="43.587252"><ele>188.75</ele></trkpt>
   <trkpt lon="6.818058" lat="43.587172"><ele>189.5</ele></trkpt>
   <trkpt lon="6.817855" lat="43.586880"><ele>187.0</ele></trkpt>
   <trkpt lon="6.817499" lat="43.586406"><ele>184.5</ele></trkpt>
   <trkpt lon="6.817224" lat="43.586177"><ele>182.75</ele></trkpt>
   <trkpt lon="6.816844" lat="43.586001"><ele>182.75</ele></trkpt>
   <trkpt lon="6.816659" lat="43.585930"><ele>181.75</ele></trkpt>
   <trkpt lon="6.816513" lat="43.585836"><ele>181.25</ele></trkpt>
   <trkpt lon="6.816037" lat="43.585244"><ele>178.5</ele></trkpt>
   <trkpt lon="6.815843" lat="43.585049"><ele>177.0</ele></trkpt>
   <trkpt lon="6.815800" lat="43.584958"><ele>176.75</ele></trkpt>
   <trkpt lon="6.815817" lat="43.584851"><ele>176.5</ele></trkpt>
   <trkpt lon="6.816031" lat="43.584355"><ele>178.0</ele></trkpt>
   <trkpt lon="6.816014" lat="43.584279"><ele>177.75</ele></trkpt>
   <trkpt lon="6.815676" lat="43.584076"><ele>173.75</ele></trkpt>
   <trkpt lon="6.815570" lat="43.583885"><ele>174.25</ele></trkpt>
   <trkpt lon="6.815483" lat="43.583778"><ele>175.25</ele></trkpt>
   <trkpt lon="6.815237" lat="43.583701"><ele>174.25</ele></trkpt>
   <trkpt lon="6.814913" lat="43.583498"><ele>174.25</ele></trkpt>
   <trkpt lon="6.814722" lat="43.583399"><ele>174.5</ele></trkpt>
   <trkpt lon="6.814577" lat="43.583373"><ele>173.25</ele></trkpt>
   <trkpt lon="6.814361" lat="43.583309"><ele>172.75</ele></trkpt>
   <trkpt lon="6.814238" lat="43.583281"><ele>172.25</ele><sym>pass_place</sym><type>Shaping</type></trkpt>
   <trkpt lon="6.814236" lat="43.583281"><ele>172.25</ele></trkpt>
   <trkpt lon="6.814072" lat="43.583294"><ele>171.75</ele></trkpt>
   <trkpt lon="6.813961" lat="43.583311"><ele>171.75</ele></trkpt>
   <trkpt lon="6.813878" lat="43.583333"><ele>171.75</ele></trkpt>
   <trkpt lon="6.813743" lat="43.583406"><ele>170.75</ele></trkpt>
   <trkpt lon="6.813270" lat="43.583710"><ele>167.75</ele></trkpt>
   <trkpt lon="6.813138" lat="43.583767"><ele>167.0</ele></trkpt>
   <trkpt lon="6.812962" lat="43.583784"><ele>166.25</ele></trkpt>
   <trkpt lon="6.812742" lat="43.583746"><ele>165.25</ele></trkpt>
   <trkpt lon="6.812542" lat="43.583662"><ele>164.5</ele></trkpt>
   <trkpt lon="6.812355" lat="43.583542"><ele>163.25</ele></trkpt>
   <trkpt lon="6.812191" lat="43.583389"><ele>161.5</ele></trkpt>
   <trkpt lon="6.812041" lat="43.583177"><ele>159.5</ele></trkpt>
   <trkpt lon="6.811991" lat="43.582976"><ele>158.25</ele></trkpt>
   <trkpt lon="6.811972" lat="43.582855"><ele>157.5</ele></trkpt>
   <trkpt lon="6.811933" lat="43.582763"><ele>157.0</ele></trkpt>
   <trkpt lon="6.811831" lat="43.582640"><ele>156.5</ele></trkpt>
   <trkpt lon="6.811681" lat="43.582521"><ele>156.25</ele></trkpt>
   <trkpt lon="6.811523" lat="43.582430"><ele>156.25</ele></trkpt>
   <trkpt lon="6.811341" lat="43.582289"><ele>156.25</ele><sym>right</sym></trkpt>
   <trkpt lon="6.811210" lat="43.582328"><ele>156.75</ele></trkpt>
   <trkpt lon="6.811123" lat="43.582354"><ele>157.75</ele></trkpt>
   <trkpt lon="6.810920" lat="43.582397"><ele>157.75</ele></trkpt>
   <trkpt lon="6.810810" lat="43.582407"><ele>157.5</ele></trkpt>
   <trkpt lon="6.810724" lat="43.582408"><ele>157.75</ele></trkpt>
   <trkpt lon="6.810568" lat="43.582388"><ele>157.75</ele></trkpt>
   <trkpt lon="6.810442" lat="43.582362"><ele>158.5</ele></trkpt>
   <trkpt lon="6.809465" lat="43.582080"><ele>157.25</ele></trkpt>
   <trkpt lon="6.809106" lat="43.581977"><ele>158.0</ele></trkpt>
   <trkpt lon="6.808964" lat="43.581959"><ele>158.5</ele></trkpt>
   <trkpt lon="6.808870" lat="43.581949"><ele>159.0</ele></trkpt>
   <trkpt lon="6.808673" lat="43.581941"><ele>158.75</ele></trkpt>
   <trkpt lon="6.808492" lat="43.581943"><ele>159.25</ele></trkpt>
   <trkpt lon="6.808301" lat="43.581957"><ele>160.0</ele></trkpt>
   <trkpt lon="6.807437" lat="43.582065"><ele>159.0</ele></trkpt>
   <trkpt lon="6.807182" lat="43.582092"><ele>158.25</ele></trkpt>
   <trkpt lon="6.807081" lat="43.582093"><ele>157.5</ele></trkpt>
   <trkpt lon="6.806942" lat="43.582084"><ele>156.5</ele></trkpt>
   <trkpt lon="6.806753" lat="43.582052"><ele>157.75</ele></trkpt>
   <trkpt lon="6.806567" lat="43.581995"><ele>158.25</ele></trkpt>
   <trkpt lon="6.806427" lat="43.581939"><ele>157.75</ele></trkpt>
   <trkpt lon="6.806119" lat="43.581781"><ele>157.75</ele></trkpt>
   <trkpt lon="6.805946" lat="43.581715"><ele>158.25</ele></trkpt>
   <trkpt lon="6.805815" lat="43.581683"><ele>158.25</ele></trkpt>
   <trkpt lon="6.805611" lat="43.581662"><ele>157.75</ele></trkpt>
   <trkpt lon="6.805413" lat="43.581674"><ele>158.0</ele></trkpt>
   <trkpt lon="6.805336" lat="43.581688"><ele>158.25</ele></trkpt>
   <trkpt lon="6.805174" lat="43.581738"><ele>159.0</ele></trkpt>
   <trkpt lon="6.805091" lat="43.581776"><ele>159.25</ele></trkpt>
   <trkpt lon="6.804675" lat="43.582003"><ele>156.5</ele></trkpt>
   <trkpt lon="6.804604" lat="43.582041"><ele>156.5</ele></trkpt>
   <trkpt lon="6.803229" lat="43.582754"><ele>156.5</ele></trkpt>
   <trkpt lon="6.800920" lat="43.583987"><ele>156.75</ele></trkpt>
   <trkpt lon="6.800323" lat="43.584307"><ele>156.75</ele></trkpt>
   <trkpt lon="6.799043" lat="43.584979"><ele>163.0</ele></trkpt>
   <trkpt lon="6.798867" lat="43.585049"><ele>163.0</ele></trkpt>
   <trkpt lon="6.798717" lat="43.585076"><ele>163.5</ele></trkpt>
   <trkpt lon="6.798650" lat="43.585082"><ele>163.5</ele></trkpt>
   <trkpt lon="6.798489" lat="43.585081"><ele>164.5</ele></trkpt>
   <trkpt lon="6.797612" lat="43.584930"><ele>168.75</ele></trkpt>
   <trkpt lon="6.797445" lat="43.584910"><ele>169.0</ele></trkpt>
   <trkpt lon="6.797214" lat="43.584897"><ele>168.25</ele></trkpt>
   <trkpt lon="6.796957" lat="43.584896"><ele>169.75</ele></trkpt>
   <trkpt lon="6.796799" lat="43.584905"><ele>170.75</ele></trkpt>
   <trkpt lon="6.796676" lat="43.584925"><ele>172.25</ele></trkpt>
   <trkpt lon="6.796498" lat="43.584966"><ele>173.0</ele></trkpt>
   <trkpt lon="6.796331" lat="43.585022"><ele>174.0</ele></trkpt>
   <trkpt lon="6.795894" lat="43.585211"><ele>175.0</ele></trkpt>
   <trkpt lon="6.795005" lat="43.585625"><ele>181.0</ele><sym>pass_place</sym><type>Shaping</type></trkpt>
   <trkpt lon="6.794885" lat="43.585695"><ele>181.5</ele></trkpt>
   <trkpt lon="6.794760" lat="43.585781"><ele>181.25</ele></trkpt>
   <trkpt lon="6.794683" lat="43.585838"><ele>181.5</ele></trkpt>
   <trkpt lon="6.794598" lat="43.585916"><ele>182.75</ele></trkpt>
   <trkpt lon="6.794521" lat="43.586006"><ele>183.0</ele></trkpt>
   <trkpt lon="6.794356" lat="43.586284"><ele>183.0</ele></trkpt>
   <trkpt lon="6.794262" lat="43.586398"><ele>182.75</ele></trkpt>
   <trkpt lon="6.794207" lat="43.586453"><ele>182.5</ele></trkpt>
   <trkpt lon="6.794160" lat="43.586483"><ele>182.0</ele></trkpt>
   <trkpt lon="6.794086" lat="43.586524"><ele>181.5</ele></trkpt>
   <trkpt lon="6.793996" lat="43.586561"><ele>181.0</ele></trkpt>
   <trkpt lon="6.793922" lat="43.586586"><ele>181.0</ele></trkpt>
   <trkpt lon="6.793789" lat="43.586615"><ele>181.5</ele></trkpt>
   <trkpt lon="6.793519" lat="43.586621"><ele>181.25</ele></trkpt>
   <trkpt lon="6.793367" lat="43.586615"><ele>181.25</ele></trkpt>
   <trkpt lon="6.793105" lat="43.586590"><ele>181.5</ele></trkpt>
   <trkpt lon="6.792956" lat="43.586587"><ele>181.0</ele></trkpt>
   <trkpt lon="6.792863" lat="43.586593"><ele>180.75</ele></trkpt>
   <trkpt lon="6.792766" lat="43.586610"><ele>180.75</ele></trkpt>
   <trkpt lon="6.792673" lat="43.586642"><ele>181.25</ele></trkpt>
   <trkpt lon="6.792561" lat="43.586697"><ele>181.75</ele></trkpt>
   <trkpt lon="6.792501" lat="43.586740"><ele>182.0</ele></trkpt>
   <trkpt lon="6.792440" lat="43.586798"><ele>181.5</ele></trkpt>
   <trkpt lon="6.792391" lat="43.586878"><ele>181.5</ele></trkpt>
   <trkpt lon="6.792361" lat="43.586946"><ele>181.75</ele></trkpt>
   <trkpt lon="6.792351" lat="43.586993"><ele>181.5</ele></trkpt>
   <trkpt lon="6.792356" lat="43.587054"><ele>181.25</ele></trkpt>
   <trkpt lon="6.792414" lat="43.587353"><ele>179.5</ele></trkpt>
   <trkpt lon="6.792427" lat="43.587444"><ele>178.0</ele></trkpt>
   <trkpt lon="6.792427" lat="43.587534"><ele>176.75</ele></trkpt>
   <trkpt lon="6.792401" lat="43.587637"><ele>175.25</ele></trkpt>
   <trkpt lon="6.792352" lat="43.587714"><ele>174.25</ele></trkpt>
   <trkpt lon="6.792300" lat="43.587778"><ele>173.75</ele></trkpt>
   <trkpt lon="6.792244" lat="43.587819"><ele>173.25</ele></trkpt>
   <trkpt lon="6.792179" lat="43.587854"><ele>171.75</ele></trkpt>
   <trkpt lon="6.792108" lat="43.587883"><ele>170.5</ele></trkpt>
   <trkpt lon="6.791993" lat="43.587918"><ele>169.25</ele></trkpt>
   <trkpt lon="6.791857" lat="43.587937"><ele>169.5</ele></trkpt>
   <trkpt lon="6.791761" lat="43.587935"><ele>170.0</ele></trkpt>
   <trkpt lon="6.791663" lat="43.587925"><ele>170.0</ele></trkpt>
   <trkpt lon="6.791301" lat="43.587869"><ele>172.25</ele></trkpt>
   <trkpt lon="6.791147" lat="43.587867"><ele>173.0</ele></trkpt>
   <trkpt lon="6.791017" lat="43.587883"><ele>173.0</ele></trkpt>
   <trkpt lon="6.790921" lat="43.587906"><ele>172.5</ele></trkpt>
   <trkpt lon="6.790845" lat="43.587941"><ele>171.75</ele></trkpt>
   <trkpt lon="6.790767" lat="43.587986"><ele>170.75</ele></trkpt>
   <trkpt lon="6.790712" lat="43.588038"><ele>170.0</ele></trkpt>
   <trkpt lon="6.790637" lat="43.588144"><ele>169.0</ele></trkpt>
   <trkpt lon="6.790609" lat="43.588205"><ele>168.5</ele></trkpt>
   <trkpt lon="6.790598" lat="43.588279"><ele>168.0</ele></trkpt>
   <trkpt lon="6.790528" lat="43.588538"><ele>166.25</ele></trkpt>
   <trkpt lon="6.790492" lat="43.588626"><ele>165.5</ele></trkpt>
   <trkpt lon="6.790392" lat="43.588762"><ele>164.5</ele></trkpt>
   <trkpt lon="6.790174" lat="43.588998"><ele>162.75</ele></trkpt>
   <trkpt lon="6.789694" lat="43.589595"><ele>163.0</ele></trkpt>
   <trkpt lon="6.789617" lat="43.589726"><ele>163.75</ele></trkpt>
   <trkpt lon="6.789560" lat="43.589852"><ele>164.75</ele></trkpt>
   <trkpt lon="6.789516" lat="43.589993"><ele>166.0</ele></trkpt>
   <trkpt lon="6.789497" lat="43.590117"><ele>166.75</ele></trkpt>
   <trkpt lon="6.789493" lat="43.590256"><ele>167.0</ele></trkpt>
   <trkpt lon="6.789493" lat="43.590569"><ele>169.0</ele></trkpt>
   <trkpt lon="6.789470" lat="43.590745"><ele>170.25</ele></trkpt>
   <trkpt lon="6.789437" lat="43.590885"><ele>171.25</ele></trkpt>
   <trkpt lon="6.789366" lat="43.591062"><ele>173.5</ele></trkpt>
   <trkpt lon="6.789241" lat="43.591296"><ele>175.75</ele></trkpt>
   <trkpt lon="6.789170" lat="43.591490"><ele>176.5</ele></trkpt>
   <trkpt lon="6.789157" lat="43.591560"><ele>176.5</ele></trkpt>
   <trkpt lon="6.789145" lat="43.591748"><ele>177.5</ele></trkpt>
   <trkpt lon="6.789171" lat="43.591993"><ele>179.5</ele></trkpt>
   <trkpt lon="6.789209" lat="43.592097"><ele>180.25</ele></trkpt>
   <trkpt lon="6.789256" lat="43.592200"><ele>181.0</ele></trkpt>
   <trkpt lon="6.789503" lat="43.592543"><ele>183.5</ele></trkpt>
   <trkpt lon="6.789550" lat="43.592678"><ele>184.5</ele></trkpt>
   <trkpt lon="6.789564" lat="43.592790"><ele>185.75</ele></trkpt>
   <trkpt lon="6.789560" lat="43.593564"><ele>190.75</ele></trkpt>
   <trkpt lon="6.789550" lat="43.593733"><ele>192.0</ele></trkpt>
   <trkpt lon="6.789529" lat="43.593823"><ele>192.75</ele></trkpt>
   <trkpt lon="6.789474" lat="43.593951"><ele>193.5</ele></trkpt>
   <trkpt lon="6.789451" lat="43.593988"><ele>193.75</ele></trkpt>
   <trkpt lon="6.789206" lat="43.594392"><ele>196.25</ele></trkpt>
   <trkpt lon="6.788933" lat="43.595072"><ele>201.75</ele></trkpt>
   <trkpt lon="6.788791" lat="43.595637"><ele>206.0</ele></trkpt>
   <trkpt lon="6.788760" lat="43.595703"><ele>206.5</ele></trkpt>
   <trkpt lon="6.788708" lat="43.595750"><ele>207.0</ele></trkpt>
   <trkpt lon="6.788640" lat="43.595785"><ele>207.5</ele></trkpt>
   <trkpt lon="6.788524" lat="43.595807"><ele>207.75</ele></trkpt>
   <trkpt lon="6.788383" lat="43.595825"><ele>207.75</ele></trkpt>
   <trkpt lon="6.788277" lat="43.595847"><ele>208.0</ele></trkpt>
   <trkpt lon="6.788196" lat="43.595885"><ele>208.0</ele></trkpt>
   <trkpt lon="6.788134" lat="43.595934"><ele>208.0</ele></trkpt>
   <trkpt lon="6.788072" lat="43.595993"><ele>208.0</ele></trkpt>
   <trkpt lon="6.787825" lat="43.596290"><ele>207.75</ele></trkpt>
   <trkpt lon="6.787490" lat="43.596595"><ele>206.5</ele></trkpt>
   <trkpt lon="6.787223" lat="43.596809"><ele>206.5</ele></trkpt>
   <trkpt lon="6.786539" lat="43.597406"><ele>203.25</ele></trkpt>
   <trkpt lon="6.786260" lat="43.597684"><ele>202.0</ele></trkpt>
   <trkpt lon="6.786153" lat="43.597840"><ele>201.5</ele></trkpt>
   <trkpt lon="6.786069" lat="43.597999"><ele>201.5</ele></trkpt>
   <trkpt lon="6.786018" lat="43.598177"><ele>201.75</ele></trkpt>
   <trkpt lon="6.785998" lat="43.598328"><ele>202.0</ele></trkpt>
   <trkpt lon="6.786038" lat="43.598639"><ele>204.0</ele><sym>pass_place</sym><type>Shaping</type></trkpt>
   <trkpt lon="6.786039" lat="43.598641"><ele>204.0</ele></trkpt>
   <trkpt lon="6.786072" lat="43.598777"><ele>204.5</ele></trkpt>
   <trkpt lon="6.786106" lat="43.598852"><ele>204.75</ele></trkpt>
   <trkpt lon="6.786124" lat="43.598901"><ele>205.0</ele><sym>roundabout_e1</sym></trkpt>
   <trkpt lon="6.786206" lat="43.598936"><ele>205.0</ele></trkpt>
   <trkpt lon="6.786308" lat="43.598946"><ele>205.0</ele></trkpt>
   <trkpt lon="6.786419" lat="43.598938"><ele>205.0</ele></trkpt>
   <trkpt lon="6.786555" lat="43.598909"><ele>206.0</ele></trkpt>
   <trkpt lon="6.787586" lat="43.598600"><ele>213.25</ele></trkpt>
   <trkpt lon="6.788184" lat="43.598399"><ele>217.75</ele></trkpt>
   <trkpt lon="6.788598" lat="43.598217"><ele>219.75</ele></trkpt>
   <trkpt lon="6.789327" lat="43.597818"><ele>222.5</ele></trkpt>
   <trkpt lon="6.789553" lat="43.597715"><ele>223.25</ele></trkpt>
   <trkpt lon="6.789704" lat="43.597658"><ele>224.25</ele></trkpt>
   <trkpt lon="6.789830" lat="43.597614"><ele>225.25</ele></trkpt>
   <trkpt lon="6.790027" lat="43.597545"><ele>227.0</ele></trkpt>
   <trkpt lon="6.790100" lat="43.597523"><ele>227.0</ele></trkpt>
   <trkpt lon="6.790266" lat="43.597477"><ele>226.75</ele></trkpt>
   <trkpt lon="6.791044" lat="43.597253"><ele>231.0</ele></trkpt>
   <trkpt lon="6.791282" lat="43.597180"><ele>231.25</ele></trkpt>
   <trkpt lon="6.791401" lat="43.597159"><ele>231.75</ele></trkpt>
   <trkpt lon="6.791554" lat="43.597143"><ele>232.75</ele></trkpt>
   <trkpt lon="6.791713" lat="43.597141"><ele>233.75</ele></trkpt>
   <trkpt lon="6.793328" lat="43.597169"><ele>242.5</ele></trkpt>
   <trkpt lon="6.793533" lat="43.597164"><ele>242.25</ele></trkpt>
   <trkpt lon="6.793761" lat="43.597137"><ele>242.5</ele></trkpt>
   <trkpt lon="6.794069" lat="43.597086"><ele>243.75</ele></trkpt>
   <trkpt lon="6.794289" lat="43.597030"><ele>244.75</ele></trkpt>
   <trkpt lon="6.794430" lat="43.596981"><ele>245.5</ele></trkpt>
   <trkpt lon="6.794952" lat="43.596740"><ele>248.0</ele></trkpt>
   <trkpt lon="6.795290" lat="43.596630"><ele>248.75</ele></trkpt>
   <trkpt lon="6.795462" lat="43.596584"><ele>250.5</ele></trkpt>
   <trkpt lon="6.795827" lat="43.596524"><ele>252.75</ele></trkpt>
   <trkpt lon="6.796019" lat="43.596501"><ele>253.0</ele></trkpt>
   <trkpt lon="6.796245" lat="43.596500"><ele>253.25</ele></trkpt>
   <trkpt lon="6.796427" lat="43.596509"><ele>253.5</ele></trkpt>
   <trkpt lon="6.796585" lat="43.596527"><ele>253.75</ele></trkpt>
   <trkpt lon="6.796736" lat="43.596566"><ele>254.25</ele></trkpt>
   <trkpt lon="6.797625" lat="43.596877"><ele>255.25</ele></trkpt>
   <trkpt lon="6.797894" lat="43.596970"><ele>256.25</ele></trkpt>
   <trkpt lon="6.799020" lat="43.597365"><ele>254.5</ele></trkpt>
   <trkpt lon="6.799728" lat="43.597602"><ele>255.75</ele></trkpt>
   <trkpt lon="6.799960" lat="43.597690"><ele>254.75</ele></trkpt>
   <trkpt lon="6.800171" lat="43.597796"><ele>253.25</ele></trkpt>
   <trkpt lon="6.801510" lat="43.598603"><ele>251.25</ele></trkpt>
   <trkpt lon="6.801829" lat="43.598819"><ele>253.5</ele></trkpt>
   <trkpt lon="6.802219" lat="43.599206"><ele>254.25</ele></trkpt>
   <trkpt lon="6.802491" lat="43.599515"><ele>254.5</ele></trkpt>
   <trkpt lon="6.802694" lat="43.599710"><ele>253.75</ele></trkpt>
   <trkpt lon="6.802974" lat="43.599936"><ele>253.0</ele></trkpt>
   <trkpt lon="6.803271" lat="43.600110"><ele>251.75</ele></trkpt>
   <trkpt lon="6.803849" lat="43.600430"><ele>251.25</ele></trkpt>
   <trkpt lon="6.804189" lat="43.600650"><ele>251.0</ele></trkpt>
   <trkpt lon="6.804500" lat="43.600884"><ele>249.75</ele></trkpt>
   <trkpt lon="6.805208" lat="43.601560"><ele>247.0</ele><sym>pass_place</sym><type>Shaping</type></trkpt>
   <trkpt lon="6.805333" lat="43.601694"><ele>246.5</ele></trkpt>
   <trkpt lon="6.805466" lat="43.601863"><ele>246.5</ele></trkpt>
   <trkpt lon="6.805738" lat="43.602338"><ele>244.75</ele></trkpt>
   <trkpt lon="6.805853" lat="43.602507"><ele>243.75</ele></trkpt>
   <trkpt lon="6.805969" lat="43.602648"><ele>243.25</ele></trkpt>
   <trkpt lon="6.806107" lat="43.602779"><ele>243.0</ele></trkpt>
   <trkpt lon="6.806551" lat="43.603159"><ele>241.5</ele></trkpt>
   <trkpt lon="6.806757" lat="43.603455"><ele>241.25</ele></trkpt>
   <trkpt lon="6.806856" lat="43.603697"><ele>240.5</ele></trkpt>
   <trkpt lon="6.807143" lat="43.604482"><ele>238.75</ele></trkpt>
   <trkpt lon="6.807278" lat="43.604814"><ele>237.75</ele></trkpt>
   <trkpt lon="6.807446" lat="43.605228"><ele>238.5</ele></trkpt>
   <trkpt lon="6.807566" lat="43.605432"><ele>237.75</ele></trkpt>
   <trkpt lon="6.807723" lat="43.605609"><ele>237.25</ele></trkpt>
   <trkpt lon="6.807862" lat="43.605753"><ele>236.5</ele></trkpt>
   <trkpt lon="6.808021" lat="43.605891"><ele>235.25</ele></trkpt>
   <trkpt lon="6.808208" lat="43.606026"><ele>234.5</ele></trkpt>
   <trkpt lon="6.808443" lat="43.606162"><ele>233.75</ele></trkpt>
   <trkpt lon="6.808714" lat="43.606309"><ele>232.5</ele></trkpt>
   <trkpt lon="6.808978" lat="43.606517"><ele>230.5</ele></trkpt>
   <trkpt lon="6.809211" lat="43.606751"><ele>228.5</ele></trkpt>
   <trkpt lon="6.809352" lat="43.606911"><ele>228.5</ele></trkpt>
   <trkpt lon="6.809445" lat="43.607017"><ele>228.75</ele></trkpt>
   <trkpt lon="6.809634" lat="43.607275"><ele>227.5</ele></trkpt>
   <trkpt lon="6.809809" lat="43.607561"><ele>225.25</ele></trkpt>
   <trkpt lon="6.810199" lat="43.608482"><ele>220.75</ele></trkpt>
   <trkpt lon="6.810312" lat="43.608648"><ele>219.25</ele></trkpt>
   <trkpt lon="6.810428" lat="43.608793"><ele>217.75</ele></trkpt>
   <trkpt lon="6.810577" lat="43.608913"><ele>216.75</ele></trkpt>
   <trkpt lon="6.810779" lat="43.609022"><ele>214.75</ele></trkpt>
   <trkpt lon="6.810958" lat="43.609090"><ele>214.25</ele></trkpt>
   <trkpt lon="6.811173" lat="43.609150"><ele>214.0</ele></trkpt>
   <trkpt lon="6.811434" lat="43.609190"><ele>213.0</ele></trkpt>
   <trkpt lon="6.811655" lat="43.609205"><ele>212.5</ele></trkpt>
   <trkpt lon="6.811872" lat="43.609197"><ele>212.5</ele></trkpt>
   <trkpt lon="6.812397" lat="43.609126"><ele>210.0</ele></trkpt>
   <trkpt lon="6.812613" lat="43.609133"><ele>209.0</ele></trkpt>
   <trkpt lon="6.812813" lat="43.609177"><ele>208.5</ele></trkpt>
   <trkpt lon="6.812962" lat="43.609228"><ele>207.0</ele></trkpt>
   <trkpt lon="6.813139" lat="43.609315"><ele>206.25</ele></trkpt>
   <trkpt lon="6.813318" lat="43.609426"><ele>205.75</ele></trkpt>
   <trkpt lon="6.813495" lat="43.609554"><ele>204.5</ele></trkpt>
   <trkpt lon="6.813643" lat="43.609679"><ele>203.25</ele></trkpt>
   <trkpt lon="6.813838" lat="43.609862"><ele>202.0</ele></trkpt>
   <trkpt lon="6.814564" lat="43.610638"><ele>194.25</ele></trkpt>
   <trkpt lon="6.814926" lat="43.611014"><ele>193.0</ele></trkpt>
   <trkpt lon="6.815310" lat="43.611380"><ele>190.75</ele></trkpt>
   <trkpt lon="6.815461" lat="43.611489"><ele>190.0</ele></trkpt>
   <trkpt lon="6.815524" lat="43.611535"><ele>190.0</ele></trkpt>
   <trkpt lon="6.815728" lat="43.611650"><ele>189.75</ele></trkpt>
   <trkpt lon="6.815941" lat="43.611748"><ele>190.25</ele></trkpt>
   <trkpt lon="6.816113" lat="43.611812"><ele>191.0</ele></trkpt>
   <trkpt lon="6.816333" lat="43.611878"><ele>190.25</ele></trkpt>
   <trkpt lon="6.816578" lat="43.611934"><ele>188.0</ele></trkpt>
   <trkpt lon="6.816887" lat="43.611983"><ele>186.5</ele></trkpt>
   <trkpt lon="6.817487" lat="43.612072"><ele>184.0</ele></trkpt>
   <trkpt lon="6.817545" lat="43.612080"><ele>183.75</ele></trkpt>
   <trkpt lon="6.817646" lat="43.612099"><ele>183.25</ele></trkpt>
   <trkpt lon="6.817714" lat="43.612110"><ele>183.0</ele></trkpt>
   <trkpt lon="6.817994" lat="43.612166"><ele>182.25</ele></trkpt>
   <trkpt lon="6.818227" lat="43.612230"><ele>181.25</ele></trkpt>
   <trkpt lon="6.818515" lat="43.612325"><ele>180.5</ele></trkpt>
   <trkpt lon="6.818598" lat="43.612355"><ele>180.5</ele></trkpt>
   <trkpt lon="6.818771" lat="43.612433"><ele>179.75</ele></trkpt>
   <trkpt lon="6.818927" lat="43.612511"><ele>178.75</ele></trkpt>
   <trkpt lon="6.819089" lat="43.612602"><ele>178.25</ele></trkpt>
   <trkpt lon="6.819309" lat="43.612739"><ele>177.25</ele><sym>pass_place</sym><type>Shaping</type></trkpt>
   <trkpt lon="6.819314" lat="43.612742"><ele>177.25</ele></trkpt>
   <trkpt lon="6.819490" lat="43.612876"><ele>176.25</ele></trkpt>
   <trkpt lon="6.819665" lat="43.613038"><ele>175.0</ele></trkpt>
   <trkpt lon="6.819800" lat="43.613181"><ele>174.5</ele></trkpt>
   <trkpt lon="6.820115" lat="43.613516"><ele>171.5</ele></trkpt>
   <trkpt lon="6.820282" lat="43.613673"><ele>169.5</ele></trkpt>
   <trkpt lon="6.820646" lat="43.613942"><ele>167.25</ele></trkpt>
   <trkpt lon="6.820764" lat="43.614040"><ele>166.5</ele></trkpt>
   <trkpt lon="6.820854" lat="43.614159"><ele>165.0</ele></trkpt>
   <trkpt lon="6.820919" lat="43.614302"><ele>164.75</ele></trkpt>
   <trkpt lon="6.820971" lat="43.614505"><ele>164.5</ele></trkpt>
   <trkpt lon="6.821039" lat="43.614712"><ele>163.75</ele></trkpt>
   <trkpt lon="6.821488" lat="43.615969"><ele>164.0</ele></trkpt>
   <trkpt lon="6.821550" lat="43.616112"><ele>163.5</ele></trkpt>
   <trkpt lon="6.821651" lat="43.616227"><ele>162.5</ele></trkpt>
   <trkpt lon="6.822267" lat="43.616838"><ele>160.5</ele></trkpt>
   <trkpt lon="6.822331" lat="43.616969"><ele>160.0</ele></trkpt>
   <trkpt lon="6.822385" lat="43.617126"><ele>159.25</ele></trkpt>
   <trkpt lon="6.822415" lat="43.617305"><ele>158.75</ele></trkpt>
   <trkpt lon="6.822457" lat="43.617461"><ele>157.75</ele></trkpt>
   <trkpt lon="6.822526" lat="43.617594"><ele>157.0</ele></trkpt>
   <trkpt lon="6.822637" lat="43.617714"><ele>156.25</ele></trkpt>
   <trkpt lon="6.823031" lat="43.618070"><ele>154.5</ele></trkpt>
   <trkpt lon="6.823148" lat="43.618189"><ele>153.75</ele></trkpt>
   <trkpt lon="6.823337" lat="43.618418"><ele>152.5</ele></trkpt>
   <trkpt lon="6.823546" lat="43.618728"><ele>151.5</ele></trkpt>
   <trkpt lon="6.823761" lat="43.619073"><ele>148.5</ele></trkpt>
   <trkpt lon="6.823801" lat="43.619181"><ele>148.5</ele></trkpt>
   <trkpt lon="6.823825" lat="43.619305"><ele>147.75</ele></trkpt>
   <trkpt lon="6.823824" lat="43.619501"><ele>147.5</ele></trkpt>
   <trkpt lon="6.823842" lat="43.619692"><ele>146.25</ele></trkpt>
   <trkpt lon="6.823878" lat="43.619825"><ele>146.25</ele></trkpt>
   <trkpt lon="6.824040" lat="43.620091"><ele>144.0</ele></trkpt>
   <trkpt lon="6.824125" lat="43.620253"><ele>143.5</ele></trkpt>
   <trkpt lon="6.824177" lat="43.620433"><ele>142.0</ele></trkpt>
   <trkpt lon="6.824192" lat="43.620606"><ele>140.75</ele></trkpt>
   <trkpt lon="6.824184" lat="43.620823"><ele>140.5</ele></trkpt>
   <trkpt lon="6.824122" lat="43.621187"><ele>140.0</ele></trkpt>
   <trkpt lon="6.824067" lat="43.621351"><ele>138.75</ele></trkpt>
   <trkpt lon="6.823955" lat="43.621582"><ele>136.75</ele></trkpt>
   <trkpt lon="6.823760" lat="43.621932"><ele>136.0</ele></trkpt>
   <trkpt lon="6.823658" lat="43.622051"><ele>134.75</ele></trkpt>
   <trkpt lon="6.823371" lat="43.622323"><ele>134.25</ele></trkpt>
   <trkpt lon="6.823235" lat="43.622484"><ele>133.25</ele></trkpt>
   <trkpt lon="6.822780" lat="43.623168"><ele>129.0</ele></trkpt>
   <trkpt lon="6.822656" lat="43.623322"><ele>128.25</ele></trkpt>
   <trkpt lon="6.822527" lat="43.623463"><ele>128.0</ele></trkpt>
   <trkpt lon="6.822163" lat="43.623778"><ele>126.75</ele></trkpt>
   <trkpt lon="6.822125" lat="43.623826"><ele>126.75</ele></trkpt>
   <trkpt lon="6.822096" lat="43.623899"><ele>126.0</ele></trkpt>
   <trkpt lon="6.822094" lat="43.624012"><ele>125.75</ele></trkpt>
   <trkpt lon="6.822117" lat="43.624176"><ele>124.25</ele></trkpt>
   <trkpt lon="6.822103" lat="43.624262"><ele>122.25</ele></trkpt>
   <trkpt lon="6.822070" lat="43.624337"><ele>121.5</ele></trkpt>
   <trkpt lon="6.821999" lat="43.624397"><ele>123.0</ele></trkpt>
   <trkpt lon="6.821853" lat="43.624469"><ele>122.5</ele></trkpt>
   <trkpt lon="6.821640" lat="43.624539"><ele>121.0</ele></trkpt>
   <trkpt lon="6.821162" lat="43.624752"><ele>119.0</ele></trkpt>
   <trkpt lon="6.820959" lat="43.624864"><ele>119.25</ele></trkpt>
   <trkpt lon="6.820812" lat="43.624989"><ele>119.0</ele></trkpt>
   <trkpt lon="6.820689" lat="43.625134"><ele>118.0</ele></trkpt>
   <trkpt lon="6.820539" lat="43.625357"><ele>115.75</ele></trkpt>
   <trkpt lon="6.820465" lat="43.625484"><ele>115.25</ele></trkpt>
   <trkpt lon="6.820373" lat="43.625572"><ele>115.25</ele></trkpt>
   <trkpt lon="6.820270" lat="43.625643"><ele>114.5</ele></trkpt>
   <trkpt lon="6.820116" lat="43.625707"><ele>115.0</ele></trkpt>
   <trkpt lon="6.819363" lat="43.625940"><ele>112.5</ele></trkpt>
   <trkpt lon="6.819203" lat="43.626023"><ele>112.75</ele></trkpt>
   <trkpt lon="6.819054" lat="43.626127"><ele>111.5</ele></trkpt>
   <trkpt lon="6.818940" lat="43.626237"><ele>110.25</ele></trkpt>
   <trkpt lon="6.818693" lat="43.626541"><ele>107.75</ele><sym>pass_place</sym><type>Shaping</type></trkpt>
   <trkpt lon="6.818691" lat="43.626544"><ele>107.75</ele></trkpt>
   <trkpt lon="6.818194" lat="43.626976"><ele>101.25</ele></trkpt>
   <trkpt lon="6.818122" lat="43.627032"><ele>102.0</ele></trkpt>
   <trkpt lon="6.818112" lat="43.627038"><ele>102.25</ele></trkpt>
   <trkpt lon="6.817607" lat="43.627415"><ele>103.0</ele></trkpt>
   <trkpt lon="6.817408" lat="43.627574"><ele>103.0</ele></trkpt>
   <trkpt lon="6.817346" lat="43.627624"><ele>103.25</ele></trkpt>
   <trkpt lon="6.817300" lat="43.627679"><ele>103.0</ele></trkpt>
   <trkpt lon="6.817273" lat="43.627745"><ele>102.5</ele></trkpt>
   <trkpt lon="6.817277" lat="43.627794"><ele>101.5</ele></trkpt>
   <trkpt lon="6.817296" lat="43.627850"><ele>100.5</ele></trkpt>
   <trkpt lon="6.817331" lat="43.627891"><ele>100.25</ele></trkpt>
   <trkpt lon="6.817533" lat="43.628018"><ele>99.75</ele></trkpt>
   <trkpt lon="6.817896" lat="43.628224"><ele>99.25</ele></trkpt>
   <trkpt lon="6.817981" lat="43.628249"><ele>99.25</ele></trkpt>
   <trkpt lon="6.818063" lat="43.628262"><ele>100.0</ele></trkpt>
   <trkpt lon="6.818233" lat="43.628248"><ele>101.25</ele></trkpt>
   <trkpt lon="6.818333" lat="43.628210"><ele>101.75</ele></trkpt>
   <trkpt lon="6.818490" lat="43.628100"><ele>103.75</ele></trkpt>
   <trkpt lon="6.818971" lat="43.627626"><ele>105.0</ele></trkpt>
   <trkpt lon="6.819087" lat="43.627556"><ele>106.25</ele></trkpt>
   <trkpt lon="6.819249" lat="43.627461"><ele>107.25</ele></trkpt>
   <trkpt lon="6.819507" lat="43.627346"><ele>109.0</ele></trkpt>
   <trkpt lon="6.819799" lat="43.627245"><ele>110.0</ele></trkpt>
   <trkpt lon="6.820165" lat="43.627142"><ele>110.5</ele></trkpt>
   <trkpt lon="6.820290" lat="43.627078"><ele>111.75</ele></trkpt>
   <trkpt lon="6.820409" lat="43.626997"><ele>113.0</ele></trkpt>
   <trkpt lon="6.820537" lat="43.626895"><ele>114.25</ele></trkpt>
   <trkpt lon="6.820660" lat="43.626762"><ele>114.25</ele></trkpt>
   <trkpt lon="6.820747" lat="43.626686"><ele>114.0</ele></trkpt>
   <trkpt lon="6.820831" lat="43.626639"><ele>114.25</ele></trkpt>
   <trkpt lon="6.820941" lat="43.626595"><ele>115.0</ele></trkpt>
   <trkpt lon="6.821073" lat="43.626564"><ele>116.0</ele></trkpt>
   <trkpt lon="6.821234" lat="43.626537"><ele>117.25</ele></trkpt>
   <trkpt lon="6.821366" lat="43.626498"><ele>117.75</ele></trkpt>
   <trkpt lon="6.821467" lat="43.626458"><ele>118.5</ele></trkpt>
   <trkpt lon="6.821580" lat="43.626391"><ele>119.0</ele></trkpt>
   <trkpt lon="6.821761" lat="43.626260"><ele>119.0</ele></trkpt>
   <trkpt lon="6.821882" lat="43.626183"><ele>119.75</ele></trkpt>
   <trkpt lon="6.822029" lat="43.626114"><ele>120.75</ele></trkpt>
   <trkpt lon="6.822242" lat="43.626041"><ele>120.75</ele></trkpt>
   <trkpt lon="6.822585" lat="43.625925"><ele>123.25</ele></trkpt>
   <trkpt lon="6.823221" lat="43.625710"><ele>126.25</ele></trkpt>
   <trkpt lon="6.823731" lat="43.625551"><ele>128.0</ele></trkpt>
   <trkpt lon="6.824768" lat="43.625244"><ele>132.25</ele></trkpt>
   <trkpt lon="6.824933" lat="43.625216"><ele>133.5</ele></trkpt>
   <trkpt lon="6.824957" lat="43.625215"><ele>133.75</ele></trkpt>
   <trkpt lon="6.825471" lat="43.625192"><ele>135.25</ele></trkpt>
   <trkpt lon="6.825636" lat="43.625177"><ele>135.25</ele></trkpt>
   <trkpt lon="6.825857" lat="43.625135"><ele>135.75</ele></trkpt>
   <trkpt lon="6.826726" lat="43.624879"><ele>141.75</ele></trkpt>
   <trkpt lon="6.826936" lat="43.624845"><ele>142.75</ele></trkpt>
   <trkpt lon="6.827221" lat="43.624837"><ele>143.5</ele></trkpt>
   <trkpt lon="6.827442" lat="43.624840"><ele>143.5</ele></trkpt>
   <trkpt lon="6.827657" lat="43.624847"><ele>145.0</ele></trkpt>
   <trkpt lon="6.828202" lat="43.624871"><ele>148.25</ele></trkpt>
   <trkpt lon="6.828496" lat="43.624899"><ele>148.5</ele></trkpt>
   <trkpt lon="6.830408" lat="43.625083"><ele>157.25</ele></trkpt>
   <trkpt lon="6.830475" lat="43.625092"><ele>157.5</ele></trkpt>
   <trkpt lon="6.830631" lat="43.625101"><ele>157.75</ele></trkpt>
   <trkpt lon="6.830782" lat="43.625115"><ele>158.25</ele></trkpt>
   <trkpt lon="6.831565" lat="43.625188"><ele>161.0</ele></trkpt>
   <trkpt lon="6.831955" lat="43.625245"><ele>162.0</ele></trkpt>
   <trkpt lon="6.832126" lat="43.625298"><ele>163.25</ele></trkpt>
   <trkpt lon="6.832438" lat="43.625441"><ele>164.25</ele></trkpt>
   <trkpt lon="6.832573" lat="43.625487"><ele>164.5</ele></trkpt>
   <trkpt lon="6.832697" lat="43.625517"><ele>165.0</ele></trkpt>
   <trkpt lon="6.833265" lat="43.625622"><ele>168.75</ele></trkpt>
   <trkpt lon="6.833370" lat="43.625654"><ele>169.5</ele></trkpt>
   <trkpt lon="6.833477" lat="43.625698"><ele>169.75</ele></trkpt>
   <trkpt lon="6.833720" lat="43.625840"><ele>171.0</ele></trkpt>
   <trkpt lon="6.834420" lat="43.626286"><ele>173.5</ele><sym>left_sharp</sym></trkpt>
   <trkpt lon="6.834070" lat="43.626249"><ele>176.5</ele></trkpt>
   <trkpt lon="6.833018" lat="43.626213"><ele>182.5</ele><sym>pass_place</sym><type>Shaping</type></trkpt>
   <trkpt lon="6.833017" lat="43.626213"><ele>182.5</ele></trkpt>
   <trkpt lon="6.832891" lat="43.626215"><ele>183.25</ele></trkpt>
   <trkpt lon="6.832433" lat="43.626222"><ele>185.75</ele></trkpt>
   <trkpt lon="6.831828" lat="43.626276"><ele>188.5</ele></trkpt>
   <trkpt lon="6.831468" lat="43.626254"><ele>189.5</ele></trkpt>
   <trkpt lon="6.831177" lat="43.626277"><ele>192.0</ele></trkpt>
   <trkpt lon="6.830744" lat="43.626346"><ele>196.75</ele></trkpt>
   <trkpt lon="6.830214" lat="43.626406"><ele>201.5</ele></trkpt>
   <trkpt lon="6.829870" lat="43.626468"><ele>203.5</ele></trkpt>
   <trkpt lon="6.829398" lat="43.626556"><ele>204.5</ele></trkpt>
   <trkpt lon="6.829256" lat="43.626611"><ele>205.75</ele></trkpt>
   <trkpt lon="6.829239" lat="43.626627"><ele>206.0</ele><sym>right_sharp</sym></trkpt>
   <trkpt lon="6.829242" lat="43.626656"><ele>206.75</ele></trkpt>
   <trkpt lon="6.829284" lat="43.626691"><ele>208.25</ele></trkpt>
   <trkpt lon="6.830062" lat="43.626858"><ele>217.75</ele></trkpt>
   <trkpt lon="6.830377" lat="43.626973"><ele>221.0</ele></trkpt>
   <trkpt lon="6.830732" lat="43.627246"><ele>226.75</ele></trkpt>
   <trkpt lon="6.831082" lat="43.627443"><ele>231.5</ele></trkpt>
   <trkpt lon="6.831342" lat="43.627515"><ele>232.5</ele></trkpt>
   <trkpt lon="6.831399" lat="43.627573"><ele>234.25</ele></trkpt>
   <trkpt lon="6.831474" lat="43.627632"><ele>236.0</ele></trkpt>
   <trkpt lon="6.831593" lat="43.627712"><ele>237.75</ele></trkpt>
   <trkpt lon="6.831598" lat="43.627728"><ele>238.25</ele></trkpt>
   <trkpt lon="6.831600" lat="43.627834"><ele>241.0</ele><sym>right_slight</sym></trkpt>
   <trkpt lon="6.831661" lat="43.627892"><ele>242.25</ele></trkpt>
   <trkpt lon="6.831804" lat="43.627953"><ele>244.5</ele></trkpt>
   <trkpt lon="6.831936" lat="43.627987"><ele>246.0</ele></trkpt>
   <trkpt lon="6.832012" lat="43.628018"><ele>247.5</ele></trkpt>
   <trkpt lon="6.832204" lat="43.628203"><ele>251.5</ele></trkpt>
   <trkpt lon="6.832216" lat="43.628215"><ele>251.5</ele></trkpt>
   <trkpt lon="6.832301" lat="43.628306"><ele>252.0</ele></trkpt>
   <trkpt lon="6.832894" lat="43.628727"><ele>252.25</ele></trkpt>
   <trkpt lon="6.833370" lat="43.629109"><ele>252.25</ele></trkpt>
   <trkpt lon="6.833571" lat="43.629284"><ele>254.0</ele></trkpt>
   <trkpt lon="6.833739" lat="43.629430"><ele>254.75</ele></trkpt>
   <trkpt lon="6.834116" lat="43.629783"><ele>257.25</ele></trkpt>
   <trkpt lon="6.834553" lat="43.630214"><ele>262.0</ele></trkpt>
   <trkpt lon="6.834645" lat="43.630346"><ele>264.0</ele></trkpt>
   <trkpt lon="6.834692" lat="43.630426"><ele>264.75</ele></trkpt>
   <trkpt lon="6.834770" lat="43.630595"><ele>267.25</ele></trkpt>
   <trkpt lon="6.834919" lat="43.631032"><ele>271.0</ele></trkpt>
   <trkpt lon="6.835283" lat="43.631692"><ele>278.5</ele></trkpt>
   <trkpt lon="6.835410" lat="43.631859"><ele>280.75</ele></trkpt>
   <trkpt lon="6.835707" lat="43.632172"><ele>284.25</ele></trkpt>
   <trkpt lon="6.835799" lat="43.632393"><ele>287.5</ele></trkpt>
   <trkpt lon="6.835823" lat="43.632546"><ele>290.25</ele></trkpt>
   <trkpt lon="6.835893" lat="43.632696"><ele>292.0</ele></trkpt>
   <trkpt lon="6.836003" lat="43.632853"><ele>293.0</ele></trkpt>
   <trkpt lon="6.836085" lat="43.632953"><ele>293.75</ele></trkpt>
   <trkpt lon="6.836131" lat="43.632997"><ele>294.0</ele></trkpt>
   <trkpt lon="6.836376" lat="43.633146"><ele>293.75</ele></trkpt>
   <trkpt lon="6.836454" lat="43.633233"><ele>294.75</ele></trkpt>
   <trkpt lon="6.836551" lat="43.633378"><ele>296.0</ele></trkpt>
   <trkpt lon="6.836556" lat="43.633479"><ele>298.75</ele></trkpt>
   <trkpt lon="6.836574" lat="43.633623"><ele>302.5</ele></trkpt>
   <trkpt lon="6.836614" lat="43.633716"><ele>303.5</ele></trkpt>
   <trkpt lon="6.836676" lat="43.633763"><ele>303.5</ele></trkpt>
   <trkpt lon="6.836764" lat="43.633906"><ele>304.75</ele></trkpt>
   <trkpt lon="6.836923" lat="43.634039"><ele>305.0</ele></trkpt>
   <trkpt lon="6.837125" lat="43.634175"><ele>305.75</ele></trkpt>
   <trkpt lon="6.837279" lat="43.634266"><ele>308.0</ele></trkpt>
   <trkpt lon="6.837431" lat="43.634313"><ele>309.25</ele></trkpt>
   <trkpt lon="6.837730" lat="43.634342"><ele>309.0</ele></trkpt>
   <trkpt lon="6.837848" lat="43.634389"><ele>309.75</ele></trkpt>
   <trkpt lon="6.837872" lat="43.634424"><ele>310.5</ele></trkpt>
   <trkpt lon="6.837962" lat="43.634555"><ele>312.25</ele></trkpt>
   <trkpt lon="6.838097" lat="43.634848"><ele>315.25</ele></trkpt>
   <trkpt lon="6.838246" lat="43.635137"><ele>317.75</ele></trkpt>
   <trkpt lon="6.838639" lat="43.635570"><ele>324.0</ele></trkpt>
   <trkpt lon="6.838917" lat="43.635766"><ele>326.75</ele></trkpt>
   <trkpt lon="6.838979" lat="43.635825"><ele>327.75</ele></trkpt>
   <trkpt lon="6.839123" lat="43.635959"><ele>329.25</ele></trkpt>
   <trkpt lon="6.839255" lat="43.636148"><ele>330.5</ele></trkpt>
   <trkpt lon="6.839452" lat="43.636393"><ele>331.75</ele></trkpt>
   <trkpt lon="6.839868" lat="43.636750"><ele>333.0</ele></trkpt>
   <trkpt lon="6.840104" lat="43.636876"><ele>334.25</ele><sym>u-turn</sym><type>Via</type></trkpt>
   <trkpt lon="6.839868" lat="43.636750"><ele>333.0</ele></trkpt>
   <trkpt lon="6.839452" lat="43.636393"><ele>331.75</ele></trkpt>
   <trkpt lon="6.839255" lat="43.636148"><ele>330.5</ele></trkpt>
   <trkpt lon="6.839123" lat="43.635959"><ele>329.25</ele></trkpt>
   <trkpt lon="6.838979" lat="43.635825"><ele>327.75</ele></trkpt>
   <trkpt lon="6.838917" lat="43.635766"><ele>326.75</ele></trkpt>
   <trkpt lon="6.838639" lat="43.635570"><ele>324.0</ele></trkpt>
   <trkpt lon="6.838246" lat="43.635137"><ele>317.75</ele></trkpt>
   <trkpt lon="6.838097" lat="43.634848"><ele>315.25</ele></trkpt>
   <trkpt lon="6.837962" lat="43.634555"><ele>312.25</ele></trkpt>
   <trkpt lon="6.837872" lat="43.634424"><ele>310.5</ele></trkpt>
   <trkpt lon="6.837848" lat="43.634389"><ele>309.75</ele></trkpt>
   <trkpt lon="6.837730" lat="43.634342"><ele>309.0</ele><sym>left_sharp</sym></trkpt>
   <trkpt lon="6.837895" lat="43.634327"><ele>307.75</ele></trkpt>
   <trkpt lon="6.838037" lat="43.634338"><ele>307.0</ele></trkpt>
   <trkpt lon="6.838219" lat="43.634397"><ele>305.25</ele></trkpt>
   <trkpt lon="6.838437" lat="43.634557"><ele>305.25</ele></trkpt>
   <trkpt lon="6.838611" lat="43.634658"><ele>304.75</ele></trkpt>
   <trkpt lon="6.838820" lat="43.634744"><ele>302.75</ele></trkpt>
   <trkpt lon="6.839313" lat="43.634926"><ele>299.0</ele></trkpt>
   <trkpt lon="6.839602" lat="43.635056"><ele>298.25</ele></trkpt>
   <trkpt lon="6.839752" lat="43.635125"><ele>298.25</ele></trkpt>
   <trkpt lon="6.840160" lat="43.635228"><ele>296.75</ele></trkpt>
   <trkpt lon="6.840427" lat="43.635253"><ele>294.25</ele></trkpt>
   <trkpt lon="6.840448" lat="43.635245"><ele>293.75</ele><sym>right</sym></trkpt>
   <trkpt lon="6.840466" lat="43.635228"><ele>293.25</ele></trkpt>
   <trkpt lon="6.840478" lat="43.635189"><ele>292.25</ele></trkpt>
   <trkpt lon="6.840330" lat="43.635010"><ele>291.0</ele></trkpt>
   <trkpt lon="6.840064" lat="43.634777"><ele>287.5</ele></trkpt>
   <trkpt lon="6.840048" lat="43.634738"><ele>286.75</ele></trkpt>
   <trkpt lon="6.840053" lat="43.634725"><ele>286.25</ele></trkpt>
   <trkpt lon="6.840072" lat="43.634713"><ele>285.75</ele><sym>left</sym></trkpt>
   <trkpt lon="6.840127" lat="43.634699"><ele>284.75</ele></trkpt>
   <trkpt lon="6.840167" lat="43.634700"><ele>284.5</ele></trkpt>
   <trkpt lon="6.840461" lat="43.634828"><ele>284.0</ele></trkpt>
   <trkpt lon="6.841028" lat="43.635045"><ele>277.75</ele></trkpt>
   <trkpt lon="6.841288" lat="43.635155"><ele>276.25</ele></trkpt>
   <trkpt lon="6.841322" lat="43.635168"><ele>276.0</ele></trkpt>
   <trkpt lon="6.841442" lat="43.635213"><ele>275.0</ele></trkpt>
   <trkpt lon="6.841657" lat="43.635282"><ele>273.25</ele></trkpt>
   <trkpt lon="6.841896" lat="43.635328"><ele>270.5</ele></trkpt>
   <trkpt lon="6.842036" lat="43.635349"><ele>269.75</ele></trkpt>
   <trkpt lon="6.842370" lat="43.635385"><ele>268.25</ele></trkpt>
   <trkpt lon="6.842551" lat="43.635421"><ele>268.0</ele></trkpt>
   <trkpt lon="6.842765" lat="43.635454"><ele>267.25</ele></trkpt>
   <trkpt lon="6.842838" lat="43.635460"><ele>267.5</ele></trkpt>
   <trkpt lon="6.842905" lat="43.635457"><ele>267.5</ele></trkpt>
   <trkpt lon="6.843031" lat="43.635427"><ele>267.0</ele></trkpt>
   <trkpt lon="6.843084" lat="43.635403"><ele>267.25</ele></trkpt>
   <trkpt lon="6.843127" lat="43.635374"><ele>267.75</ele></trkpt>
   <trkpt lon="6.843153" lat="43.635333"><ele>267.5</ele></trkpt>
   <trkpt lon="6.843257" lat="43.635080"><ele>264.25</ele></trkpt>
   <trkpt lon="6.843309" lat="43.634931"><ele>262.75</ele></trkpt>
   <trkpt lon="6.843311" lat="43.634903"><ele>262.75</ele></trkpt>
   <trkpt lon="6.843331" lat="43.634674"><ele>261.5</ele></trkpt>
   <trkpt lon="6.843315" lat="43.634583"><ele>260.5</ele></trkpt>
   <trkpt lon="6.843540" lat="43.634245"><ele>260.75</ele></trkpt>
   <trkpt lon="6.843628" lat="43.634159"><ele>260.75</ele></trkpt>
   <trkpt lon="6.843773" lat="43.634056"><ele>261.0</ele></trkpt>
   <trkpt lon="6.843872" lat="43.633977"><ele>260.75</ele></trkpt>
   <trkpt lon="6.844057" lat="43.633808"><ele>258.75</ele></trkpt>
   <trkpt lon="6.844293" lat="43.633521"><ele>254.5</ele></trkpt>
   <trkpt lon="6.844321" lat="43.633486"><ele>254.0</ele></trkpt>
   <trkpt lon="6.844373" lat="43.633420"><ele>253.25</ele></trkpt>
   <trkpt lon="6.844535" lat="43.633212"><ele>249.75</ele></trkpt>
   <trkpt lon="6.844856" lat="43.632854"><ele>242.25</ele></trkpt>
   <trkpt lon="6.845151" lat="43.632648"><ele>237.5</ele><sym>left</sym></trkpt>
   <trkpt lon="6.845236" lat="43.632723"><ele>237.5</ele></trkpt>
   <trkpt lon="6.845417" lat="43.632833"><ele>237.75</ele></trkpt>
   <trkpt lon="6.845495" lat="43.632875"><ele>237.75</ele></trkpt>
   <trkpt lon="6.845650" lat="43.632933"><ele>238.0</ele></trkpt>
   <trkpt lon="6.845791" lat="43.632972"><ele>238.25</ele></trkpt>
   <trkpt lon="6.845916" lat="43.632995"><ele>238.75</ele></trkpt>
   <trkpt lon="6.846050" lat="43.633010"><ele>239.25</ele></trkpt>
   <trkpt lon="6.846204" lat="43.633014"><ele>239.5</ele></trkpt>
   <trkpt lon="6.846778" lat="43.632982"><ele>241.25</ele></trkpt>
   <trkpt lon="6.847185" lat="43.632951"><ele>242.5</ele></trkpt>
   <trkpt lon="6.847415" lat="43.632942"><ele>243.25</ele></trkpt>
   <trkpt lon="6.847586" lat="43.632928"><ele>243.75</ele></trkpt>
   <trkpt lon="6.847780" lat="43.632933"><ele>244.5</ele></trkpt>
   <trkpt lon="6.847888" lat="43.632948"><ele>244.0</ele></trkpt>
   <trkpt lon="6.848076" lat="43.632988"><ele>243.25</ele></trkpt>
   <trkpt lon="6.848207" lat="43.633030"><ele>243.25</ele></trkpt>
   <trkpt lon="6.848480" lat="43.633141"><ele>242.75</ele></trkpt>
   <trkpt lon="6.848967" lat="43.633347"><ele>241.5</ele></trkpt>
   <trkpt lon="6.850185" lat="43.633847"><ele>240.0</ele></trkpt>
   <trkpt lon="6.850300" lat="43.633896"><ele>239.75</ele></trkpt>
   <trkpt lon="6.850633" lat="43.634062"><ele>239.0</ele></trkpt>
   <trkpt lon="6.850707" lat="43.634098"><ele>239.25</ele></trkpt>
   <trkpt lon="6.850785" lat="43.634138"><ele>239.5</ele></trkpt>
   <trkpt lon="6.850823" lat="43.634158"><ele>239.75</ele></trkpt>
   <trkpt lon="6.850850" lat="43.634171"><ele>239.75</ele></trkpt>
   <trkpt lon="6.850929" lat="43.634218"><ele>239.5</ele></trkpt>
   <trkpt lon="6.851062" lat="43.634285"><ele>239.0</ele></trkpt>
   <trkpt lon="6.851254" lat="43.634361"><ele>239.0</ele></trkpt>
   <trkpt lon="6.851444" lat="43.634412"><ele>239.5</ele></trkpt>
   <trkpt lon="6.851673" lat="43.634449"><ele>240.0</ele></trkpt>
   <trkpt lon="6.852155" lat="43.634497"><ele>239.5</ele></trkpt>
   <trkpt lon="6.852506" lat="43.634527"><ele>239.5</ele></trkpt>
   <trkpt lon="6.853107" lat="43.634595"><ele>240.5</ele></trkpt>
   <trkpt lon="6.853546" lat="43.634685"><ele>240.0</ele></trkpt>
   <trkpt lon="6.853972" lat="43.634782"><ele>239.75</ele></trkpt>
   <trkpt lon="6.854794" lat="43.634966"><ele>239.75</ele></trkpt>
   <trkpt lon="6.855118" lat="43.635029"><ele>240.0</ele></trkpt>
   <trkpt lon="6.855369" lat="43.635079"><ele>239.75</ele></trkpt>
   <trkpt lon="6.855454" lat="43.635096"><ele>239.5</ele></trkpt>
   <trkpt lon="6.855499" lat="43.635105"><ele>239.5</ele><sym>roundabout_e2</sym></trkpt>
   <trkpt lon="6.855525" lat="43.635069"><ele>239.25</ele></trkpt>
   <trkpt lon="6.855550" lat="43.635058"><ele>239.0</ele></trkpt>
   <trkpt lon="6.855606" lat="43.635057"><ele>239.0</ele></trkpt>
   <trkpt lon="6.855650" lat="43.635082"><ele>239.25</ele></trkpt>
   <trkpt lon="6.855660" lat="43.635101"><ele>239.25</ele></trkpt>
   <trkpt lon="6.855732" lat="43.635142"><ele>239.5</ele></trkpt>
   <trkpt lon="6.855783" lat="43.635157"><ele>239.5</ele></trkpt>
   <trkpt lon="6.856164" lat="43.635250"><ele>239.0</ele></trkpt>
   <trkpt lon="6.856251" lat="43.635272"><ele>239.0</ele></trkpt>
   <trkpt lon="6.856360" lat="43.635300"><ele>239.0</ele></trkpt>
   <trkpt lon="6.856696" lat="43.635390"><ele>238.75</ele></trkpt>
   <trkpt lon="6.857008" lat="43.635479"><ele>238.25</ele></trkpt>
   <trkpt lon="6.857419" lat="43.635610"><ele>237.5</ele></trkpt>
   <trkpt lon="6.857711" lat="43.635710"><ele>237.5</ele></trkpt>
   <trkpt lon="6.857773" lat="43.635731"><ele>237.5</ele></trkpt>
   <trkpt lon="6.857992" lat="43.635816"><ele>237.75</ele></trkpt>
   <trkpt lon="6.858143" lat="43.635858"><ele>237.75</ele><sym>roundabout_e4</sym></trkpt>
   <trkpt lon="6.858199" lat="43.635827"><ele>237.25</ele></trkpt>
   <trkpt lon="6.858240" lat="43.635820"><ele>237.25</ele></trkpt>
   <trkpt lon="6.858282" lat="43.635821"><ele>237.0</ele></trkpt>
   <trkpt lon="6.858321" lat="43.635830"><ele>237.0</ele></trkpt>
   <trkpt lon="6.858356" lat="43.635847"><ele>236.75</ele></trkpt>
   <trkpt lon="6.858382" lat="43.635871"><ele>236.75</ele></trkpt>
   <trkpt lon="6.858397" lat="43.635897"><ele>237.0</ele></trkpt>
   <trkpt lon="6.858402" lat="43.635925"><ele>237.0</ele></trkpt>
   <trkpt lon="6.858393" lat="43.635961"><ele>237.0</ele></trkpt>
   <trkpt lon="6.858367" lat="43.635992"><ele>237.25</ele></trkpt>
   <trkpt lon="6.858329" lat="43.636015"><ele>237.5</ele></trkpt>
   <trkpt lon="6.858290" lat="43.636027"><ele>237.75</ele></trkpt>
   <trkpt lon="6.858193" lat="43.636139"><ele>238.5</ele></trkpt>
   <trkpt lon="6.858116" lat="43.636185"><ele>239.25</ele><sym>left_sharp</sym></trkpt>
   <trkpt lon="6.858117" lat="43.636179"><ele>238.5</ele><sym>pass_place</sym><type>Shaping</type></trkpt>
   <trkpt lon="6.858144" lat="43.636090"><ele>238.5</ele></trkpt>
   <trkpt lon="6.858140" lat="43.635987"><ele>238.0</ele><sym>roundabout_e4</sym></trkpt>
   <trkpt lon="6.858117" lat="43.635955"><ele>238.0</ele></trkpt>
   <trkpt lon="6.858111" lat="43.635921"><ele>238.0</ele></trkpt>
   <trkpt lon="6.858120" lat="43.635888"><ele>237.75</ele></trkpt>
   <trkpt lon="6.858143" lat="43.635858"><ele>237.75</ele></trkpt>
   <trkpt lon="6.858199" lat="43.635827"><ele>237.25</ele></trkpt>
   <trkpt lon="6.858240" lat="43.635820"><ele>237.25</ele></trkpt>
   <trkpt lon="6.858282" lat="43.635821"><ele>237.0</ele></trkpt>
   <trkpt lon="6.858321" lat="43.635830"><ele>237.0</ele></trkpt>
   <trkpt lon="6.858356" lat="43.635847"><ele>236.75</ele></trkpt>
   <trkpt lon="6.858382" lat="43.635871"><ele>236.75</ele></trkpt>
   <trkpt lon="6.858397" lat="43.635897"><ele>237.0</ele></trkpt>
   <trkpt lon="6.858402" lat="43.635925"><ele>237.0</ele></trkpt>
   <trkpt lon="6.858554" lat="43.636005"><ele>236.75</ele></trkpt>
   <trkpt lon="6.858782" lat="43.636098"><ele>236.25</ele></trkpt>
   <trkpt lon="6.858916" lat="43.636183"><ele>236.0</ele></trkpt>
   <trkpt lon="6.859188" lat="43.636306"><ele>234.75</ele></trkpt>
   <trkpt lon="6.859772" lat="43.636570"><ele>233.25</ele></trkpt>
   <trkpt lon="6.859892" lat="43.636624"><ele>232.0</ele></trkpt>
   <trkpt lon="6.860273" lat="43.636796"><ele>231.0</ele></trkpt>
   <trkpt lon="6.860316" lat="43.636812"><ele>230.5</ele></trkpt>
   <trkpt lon="6.860737" lat="43.637006"><ele>227.25</ele></trkpt>
   <trkpt lon="6.861116" lat="43.637180"><ele>225.0</ele></trkpt>
   <trkpt lon="6.861563" lat="43.637378"><ele>223.0</ele></trkpt>
   <trkpt lon="6.861696" lat="43.637431"><ele>222.5</ele></trkpt>
   <trkpt lon="6.861823" lat="43.637459"><ele>221.75</ele></trkpt>
   <trkpt lon="6.861950" lat="43.637463"><ele>220.75</ele></trkpt>
   <trkpt lon="6.862065" lat="43.637452"><ele>220.5</ele></trkpt>
   <trkpt lon="6.862244" lat="43.637406"><ele>219.75</ele><sym>left_sharp</sym></trkpt>
   <trkpt lon="6.862261" lat="43.637433"><ele>219.75</ele></trkpt>
   <trkpt lon="6.862274" lat="43.637475"><ele>219.5</ele></trkpt>
   <trkpt lon="6.862270" lat="43.637608"><ele>219.25</ele></trkpt>
   <trkpt lon="6.862270" lat="43.637636"><ele>219.25</ele></trkpt>
   <trkpt lon="6.862231" lat="43.637741"><ele>219.0</ele></trkpt>
   <trkpt lon="6.861997" lat="43.638572"><ele>218.0</ele></trkpt>
   <trkpt lon="6.861890" lat="43.638873"><ele>215.75</ele></trkpt>
   <trkpt lon="6.861772" lat="43.639327"><ele>211.5</ele></trkpt>
   <trkpt lon="6.861706" lat="43.639570"><ele>212.5</ele></trkpt>
   <trkpt lon="6.861711" lat="43.639726"><ele>212.75</ele></trkpt>
   <trkpt lon="6.861712" lat="43.639748"><ele>212.25</ele></trkpt>
   <trkpt lon="6.861738" lat="43.639897"><ele>210.0</ele></trkpt>
   <trkpt lon="6.861752" lat="43.639972"><ele>209.25</ele></trkpt>
   <trkpt lon="6.861763" lat="43.640005"><ele>209.0</ele></trkpt>
   <trkpt lon="6.861848" lat="43.640214"><ele>211.25</ele></trkpt>
   <trkpt lon="6.861855" lat="43.640228"><ele>211.25</ele></trkpt>
   <trkpt lon="6.861897" lat="43.640311"><ele>212.25</ele></trkpt>
   <trkpt lon="6.862054" lat="43.640564"><ele>214.25</ele></trkpt>
   <trkpt lon="6.862299" lat="43.640805"><ele>212.25</ele><sym>stay_left</sym></trkpt>
   <trkpt lon="6.862496" lat="43.640965"><ele>211.5</ele></trkpt>
   <trkpt lon="6.862715" lat="43.641119"><ele>210.5</ele></trkpt>
   <trkpt lon="6.862944" lat="43.641216"><ele>210.5</ele></trkpt>
   <trkpt lon="6.863274" lat="43.641332"><ele>209.5</ele></trkpt>
   <trkpt lon="6.863647" lat="43.641401"><ele>208.0</ele></trkpt>
   <trkpt lon="6.863992" lat="43.641409"><ele>208.0</ele></trkpt>
   <trkpt lon="6.864285" lat="43.641375"><ele>207.75</ele></trkpt>
   <trkpt lon="6.865275" lat="43.641215"><ele>206.5</ele></trkpt>
   <trkpt lon="6.865895" lat="43.641121"><ele>204.5</ele></trkpt>
   <trkpt lon="6.866765" lat="43.640990"><ele>202.75</ele></trkpt>
   <trkpt lon="6.866905" lat="43.640979"><ele>202.75</ele></trkpt>
   <trkpt lon="6.868591" lat="43.640709"><ele>198.5</ele></trkpt>
   <trkpt lon="6.868870" lat="43.640605"><ele>197.5</ele></trkpt>
   <trkpt lon="6.869134" lat="43.640482"><ele>200.0</ele></trkpt>
   <trkpt lon="6.869595" lat="43.640111"><ele>201.25</ele></trkpt>
   <trkpt lon="6.869996" lat="43.639808"><ele>200.0</ele></trkpt>
   <trkpt lon="6.870042" lat="43.639784"><ele>199.5</ele></trkpt>
   <trkpt lon="6.870335" lat="43.639659"><ele>197.5</ele></trkpt>
   <trkpt lon="6.870653" lat="43.639558"><ele>197.0</ele></trkpt>
   <trkpt lon="6.870833" lat="43.639527"><ele>198.0</ele></trkpt>
   <trkpt lon="6.871087" lat="43.639498"><ele>197.25</ele></trkpt>
   <trkpt lon="6.871381" lat="43.639490"><ele>196.0</ele></trkpt>
   <trkpt lon="6.871731" lat="43.639471"><ele>195.5</ele></trkpt>
   <trkpt lon="6.872090" lat="43.639469"><ele>196.0</ele></trkpt>
   <trkpt lon="6.872288" lat="43.639455"><ele>196.25</ele></trkpt>
   <trkpt lon="6.872665" lat="43.639404"><ele>195.5</ele></trkpt>
   <trkpt lon="6.872988" lat="43.639349"><ele>196.0</ele></trkpt>
   <trkpt lon="6.873081" lat="43.639331"><ele>196.25</ele></trkpt>
   <trkpt lon="6.873162" lat="43.639316"><ele>196.5</ele></trkpt>
   <trkpt lon="6.873239" lat="43.639301"><ele>197.0</ele></trkpt>
   <trkpt lon="6.873880" lat="43.639181"><ele>195.5</ele><sym>pass_place</sym><type>Shaping</type></trkpt>
   <trkpt lon="6.873885" lat="43.639181"><ele>195.5</ele></trkpt>
   <trkpt lon="6.874830" lat="43.639049"><ele>195.0</ele></trkpt>
   <trkpt lon="6.875279" lat="43.639060"><ele>197.0</ele></trkpt>
   <trkpt lon="6.875471" lat="43.639093"><ele>195.75</ele></trkpt>
   <trkpt lon="6.875651" lat="43.639142"><ele>195.0</ele></trkpt>
   <trkpt lon="6.875705" lat="43.639164"><ele>195.25</ele></trkpt>
   <trkpt lon="6.875897" lat="43.639241"><ele>197.0</ele></trkpt>
   <trkpt lon="6.876143" lat="43.639365"><ele>197.0</ele></trkpt>
   <trkpt lon="6.876260" lat="43.639449"><ele>196.25</ele></trkpt>
   <trkpt lon="6.876312" lat="43.639487"><ele>196.5</ele></trkpt>
   <trkpt lon="6.876451" lat="43.639610"><ele>197.5</ele></trkpt>
   <trkpt lon="6.876546" lat="43.639727"><ele>197.25</ele></trkpt>
   <trkpt lon="6.876612" lat="43.639842"><ele>195.25</ele></trkpt>
   <trkpt lon="6.876710" lat="43.639985"><ele>193.0</ele><sym>right</sym></trkpt>
   <trkpt lon="6.876829" lat="43.639943"><ele>193.75</ele></trkpt>
   <trkpt lon="6.876864" lat="43.639930"><ele>193.75</ele></trkpt>
   <trkpt lon="6.876999" lat="43.639890"><ele>194.0</ele><sym>left</sym></trkpt>
   <trkpt lon="6.877071" lat="43.639989"><ele>193.5</ele></trkpt>
   <trkpt lon="6.877271" lat="43.640307"><ele>192.5</ele></trkpt>
   <trkpt lon="6.877364" lat="43.640416"><ele>191.75</ele></trkpt>
   <trkpt lon="6.877642" lat="43.640613"><ele>189.75</ele></trkpt>
   <trkpt lon="6.877839" lat="43.640755"><ele>189.5</ele></trkpt>
   <trkpt lon="6.878116" lat="43.640947"><ele>189.75</ele></trkpt>
   <trkpt lon="6.878243" lat="43.641036"><ele>189.5</ele></trkpt>
   <trkpt lon="6.878313" lat="43.641085"><ele>189.0</ele></trkpt>
   <trkpt lon="6.878771" lat="43.641408"><ele>188.0</ele></trkpt>
   <trkpt lon="6.878847" lat="43.641460"><ele>188.0</ele></trkpt>
   <trkpt lon="6.878888" lat="43.641488"><ele>188.0</ele></trkpt>
   <trkpt lon="6.879112" lat="43.641648"><ele>186.25</ele></trkpt>
   <trkpt lon="6.879545" lat="43.641956"><ele>183.75</ele></trkpt>
   <trkpt lon="6.880078" lat="43.642333"><ele>181.25</ele></trkpt>
   <trkpt lon="6.880215" lat="43.642433"><ele>180.75</ele></trkpt>
   <trkpt lon="6.880393" lat="43.642548"><ele>180.25</ele><sym>straight</sym></trkpt>
   <trkpt lon="6.880497" lat="43.642531"><ele>179.5</ele></trkpt>
   <trkpt lon="6.880760" lat="43.642631"><ele>179.75</ele></trkpt>
   <trkpt lon="6.880830" lat="43.642652"><ele>180.0</ele></trkpt>
   <trkpt lon="6.881105" lat="43.642699"><ele>180.25</ele></trkpt>
   <trkpt lon="6.881642" lat="43.642746"><ele>179.75</ele></trkpt>
   <trkpt lon="6.881971" lat="43.642756"><ele>180.75</ele></trkpt>
   <trkpt lon="6.882050" lat="43.642755"><ele>180.75</ele></trkpt>
   <trkpt lon="6.882116" lat="43.642753"><ele>180.75</ele></trkpt>
   <trkpt lon="6.882592" lat="43.642745"><ele>180.75</ele></trkpt>
   <trkpt lon="6.883084" lat="43.642765"><ele>180.75</ele></trkpt>
   <trkpt lon="6.883158" lat="43.642774"><ele>180.5</ele><sym>left</sym></trkpt>
   <trkpt lon="6.883167" lat="43.642846"><ele>181.0</ele><sym>right_slight</sym></trkpt>
   <trkpt lon="6.883205" lat="43.642853"><ele>181.0</ele></trkpt>
   <trkpt lon="6.883260" lat="43.642863"><ele>181.0</ele></trkpt>
   <trkpt lon="6.883363" lat="43.642881"><ele>180.75</ele></trkpt>
   <trkpt lon="6.884069" lat="43.643011"><ele>181.0</ele></trkpt>
   <trkpt lon="6.884359" lat="43.643127"><ele>182.25</ele></trkpt>
   <trkpt lon="6.885121" lat="43.643451"><ele>184.75</ele></trkpt>
   <trkpt lon="6.885589" lat="43.643651"><ele>185.0</ele></trkpt>
   <trkpt lon="6.885695" lat="43.643689"><ele>184.75</ele></trkpt>
   <trkpt lon="6.885727" lat="43.643701"><ele>184.75</ele></trkpt>
   <trkpt lon="6.887160" lat="43.644049"><ele>188.75</ele></trkpt>
   <trkpt lon="6.887482" lat="43.644113"><ele>190.0</ele></trkpt>
   <trkpt lon="6.888172" lat="43.644227"><ele>195.5</ele></trkpt>
   <trkpt lon="6.888274" lat="43.644245"><ele>196.5</ele><sym>stay_left</sym></trkpt>
   <trkpt lon="6.889727" lat="43.644508"><ele>208.25</ele></trkpt>
   <trkpt lon="6.889971" lat="43.644527"><ele>209.0</ele></trkpt>
   <trkpt lon="6.890760" lat="43.644560"><ele>211.0</ele></trkpt>
   <trkpt lon="6.890945" lat="43.644571"><ele>211.25</ele></trkpt>
   <trkpt lon="6.891111" lat="43.644583"><ele>212.0</ele></trkpt>
   <trkpt lon="6.891284" lat="43.644583"><ele>212.25</ele></trkpt>
   <trkpt lon="6.891512" lat="43.644572"><ele>213.25</ele></trkpt>
   <trkpt lon="6.891748" lat="43.644578"><ele>214.5</ele></trkpt>
   <trkpt lon="6.892092" lat="43.644628"><ele>214.5</ele></trkpt>
   <trkpt lon="6.892223" lat="43.644650"><ele>214.5</ele></trkpt>
   <trkpt lon="6.892318" lat="43.644658"><ele>214.5</ele><sym>roundabout_e2</sym></trkpt>
   <trkpt lon="6.892418" lat="43.644627"><ele>215.0</ele></trkpt>
   <trkpt lon="6.892527" lat="43.644623"><ele>215.25</ele></trkpt>
   <trkpt lon="6.892614" lat="43.644640"><ele>215.0</ele></trkpt>
   <trkpt lon="6.892689" lat="43.644675"><ele>214.5</ele></trkpt>
   <trkpt lon="6.892833" lat="43.644687"><ele>214.0</ele></trkpt>
   <trkpt lon="6.893151" lat="43.644735"><ele>212.5</ele></trkpt>
   <trkpt lon="6.893313" lat="43.644777"><ele>212.25</ele></trkpt>
   <trkpt lon="6.893667" lat="43.644902"><ele>210.75</ele><sym>pass_place</sym><type>Shaping</type></trkpt>
   <trkpt lon="6.893671" lat="43.644904"><ele>210.75</ele></trkpt>
   <trkpt lon="6.894100" lat="43.644993"><ele>209.0</ele></trkpt>
   <trkpt lon="6.894223" lat="43.645030"><ele>208.25</ele></trkpt>
   <trkpt lon="6.894341" lat="43.645079"><ele>207.0</ele></trkpt>
   <trkpt lon="6.894523" lat="43.645190"><ele>206.5</ele></trkpt>
   <trkpt lon="6.894644" lat="43.645245"><ele>206.75</ele></trkpt>
   <trkpt lon="6.894739" lat="43.645267"><ele>206.5</ele></trkpt>
   <trkpt lon="6.894826" lat="43.645269"><ele>206.0</ele></trkpt>
   <trkpt lon="6.894913" lat="43.645262"><ele>205.25</ele></trkpt>
   <trkpt lon="6.895474" lat="43.645113"><ele>203.0</ele></trkpt>
   <trkpt lon="6.895965" lat="43.645013"><ele>201.25</ele></trkpt>
   <trkpt lon="6.896136" lat="43.644971"><ele>200.5</ele></trkpt>
   <trkpt lon="6.896290" lat="43.644916"><ele>200.5</ele></trkpt>
   <trkpt lon="6.896643" lat="43.644762"><ele>198.75</ele></trkpt>
   <trkpt lon="6.897852" lat="43.644279"><ele>194.0</ele></trkpt>
   <trkpt lon="6.897985" lat="43.644252"><ele>193.5</ele></trkpt>
   <trkpt lon="6.898201" lat="43.644213"><ele>192.0</ele></trkpt>
   <trkpt lon="6.898289" lat="43.644205"><ele>191.75</ele></trkpt>
   <trkpt lon="6.898399" lat="43.644203"><ele>191.5</ele></trkpt>
   <trkpt lon="6.898999" lat="43.644230"><ele>188.5</ele></trkpt>
   <trkpt lon="6.899100" lat="43.644232"><ele>188.25</ele></trkpt>
   <trkpt lon="6.899164" lat="43.644233"><ele>188.0</ele></trkpt>
   <trkpt lon="6.899333" lat="43.644222"><ele>188.75</ele></trkpt>
   <trkpt lon="6.899455" lat="43.644215"><ele>189.0</ele></trkpt>
   <trkpt lon="6.899515" lat="43.644209"><ele>189.0</ele></trkpt>
   <trkpt lon="6.899699" lat="43.644192"><ele>188.25</ele></trkpt>
   <trkpt lon="6.899865" lat="43.644189"><ele>188.25</ele></trkpt>
   <trkpt lon="6.900026" lat="43.644207"><ele>188.75</ele></trkpt>
   <trkpt lon="6.900147" lat="43.644247"><ele>189.25</ele></trkpt>
   <trkpt lon="6.900239" lat="43.644294"><ele>189.5</ele></trkpt>
   <trkpt lon="6.900395" lat="43.644404"><ele>187.75</ele><sym>straight</sym></trkpt>
   <trkpt lon="6.900458" lat="43.644401"><ele>186.5</ele></trkpt>
   <trkpt lon="6.900495" lat="43.644416"><ele>186.0</ele></trkpt>
   <trkpt lon="6.900613" lat="43.644511"><ele>184.25</ele></trkpt>
   <trkpt lon="6.900765" lat="43.644620"><ele>182.25</ele></trkpt>
   <trkpt lon="6.900951" lat="43.644755"><ele>180.25</ele></trkpt>
   <trkpt lon="6.901429" lat="43.644973"><ele>176.0</ele></trkpt>
   <trkpt lon="6.901877" lat="43.645114"><ele>173.5</ele></trkpt>
   <trkpt lon="6.902017" lat="43.645173"><ele>173.75</ele></trkpt>
   <trkpt lon="6.902241" lat="43.645260"><ele>173.5</ele></trkpt>
   <trkpt lon="6.902630" lat="43.645376"><ele>173.0</ele></trkpt>
   <trkpt lon="6.902674" lat="43.645399"><ele>173.25</ele><sym>right_slight</sym></trkpt>
   <trkpt lon="6.902741" lat="43.645354"><ele>172.25</ele></trkpt>
   <trkpt lon="6.902877" lat="43.645253"><ele>174.25</ele></trkpt>
   <trkpt lon="6.902901" lat="43.645226"><ele>175.5</ele></trkpt>
   <trkpt lon="6.902925" lat="43.645182"><ele>176.75</ele></trkpt>
   <trkpt lon="6.902952" lat="43.645116"><ele>178.75</ele></trkpt>
   <trkpt lon="6.902957" lat="43.645038"><ele>180.0</ele></trkpt>
   <trkpt lon="6.902826" lat="43.644723"><ele>182.0</ele></trkpt>
   <trkpt lon="6.902812" lat="43.644594"><ele>181.5</ele></trkpt>
   <trkpt lon="6.902826" lat="43.644510"><ele>181.75</ele></trkpt>
   <trkpt lon="6.902918" lat="43.644281"><ele>183.75</ele></trkpt>
   <trkpt lon="6.902932" lat="43.644177"><ele>184.5</ele></trkpt>
   <trkpt lon="6.902912" lat="43.644001"><ele>185.75</ele></trkpt>
   <trkpt lon="6.902906" lat="43.643964"><ele>186.0</ele></trkpt>
   <trkpt lon="6.902855" lat="43.643763"><ele>186.5</ele></trkpt>
   <trkpt lon="6.902851" lat="43.643672"><ele>187.0</ele></trkpt>
   <trkpt lon="6.902865" lat="43.643592"><ele>187.25</ele></trkpt>
   <trkpt lon="6.902915" lat="43.643498"><ele>187.25</ele></trkpt>
   <trkpt lon="6.902971" lat="43.643424"><ele>187.75</ele></trkpt>
   <trkpt lon="6.903090" lat="43.643321"><ele>189.25</ele></trkpt>
   <trkpt lon="6.903163" lat="43.643271"><ele>189.25</ele></trkpt>
   <trkpt lon="6.903313" lat="43.643209"><ele>190.0</ele></trkpt>
   <trkpt lon="6.903436" lat="43.643181"><ele>190.0</ele></trkpt>
   <trkpt lon="6.903551" lat="43.643172"><ele>190.5</ele></trkpt>
   <trkpt lon="6.903679" lat="43.643165"><ele>191.0</ele></trkpt>
   <trkpt lon="6.904100" lat="43.643168"><ele>194.5</ele></trkpt>
   <trkpt lon="6.904311" lat="43.643184"><ele>195.25</ele></trkpt>
   <trkpt lon="6.904359" lat="43.643188"><ele>195.25</ele></trkpt>
   <trkpt lon="6.904537" lat="43.643209"><ele>195.5</ele></trkpt>
   <trkpt lon="6.904971" lat="43.643280"><ele>196.25</ele></trkpt>
   <trkpt lon="6.905114" lat="43.643286"><ele>197.0</ele></trkpt>
   <trkpt lon="6.905248" lat="43.643271"><ele>197.25</ele></trkpt>
   <trkpt lon="6.905361" lat="43.643232"><ele>198.0</ele></trkpt>
   <trkpt lon="6.905489" lat="43.643170"><ele>199.0</ele></trkpt>
   <trkpt lon="6.905647" lat="43.643065"><ele>199.5</ele></trkpt>
   <trkpt lon="6.905753" lat="43.643011"><ele>200.0</ele></trkpt>
   <trkpt lon="6.905914" lat="43.642944"><ele>202.25</ele></trkpt>
   <trkpt lon="6.906092" lat="43.642881"><ele>203.5</ele></trkpt>
   <trkpt lon="6.907117" lat="43.642585"><ele>208.25</ele></trkpt>
   <trkpt lon="6.907299" lat="43.642559"><ele>208.75</ele></trkpt>
   <trkpt lon="6.907443" lat="43.642563"><ele>209.75</ele></trkpt>
   <trkpt lon="6.907568" lat="43.642580"><ele>210.75</ele></trkpt>
   <trkpt lon="6.907633" lat="43.642596"><ele>211.0</ele></trkpt>
   <trkpt lon="6.907705" lat="43.642615"><ele>211.75</ele></trkpt>
   <trkpt lon="6.908112" lat="43.642835"><ele>213.25</ele></trkpt>
   <trkpt lon="6.908365" lat="43.642962"><ele>216.0</ele></trkpt>
   <trkpt lon="6.908449" lat="43.642978"><ele>215.5</ele></trkpt>
   <trkpt lon="6.908526" lat="43.642976"><ele>214.75</ele></trkpt>
   <trkpt lon="6.908598" lat="43.642948"><ele>214.0</ele></trkpt>
   <trkpt lon="6.908654" lat="43.642908"><ele>214.5</ele></trkpt>
   <trkpt lon="6.908686" lat="43.642850"><ele>215.5</ele></trkpt>
   <trkpt lon="6.908675" lat="43.642779"><ele>215.5</ele></trkpt>
   <trkpt lon="6.908635" lat="43.642703"><ele>215.75</ele></trkpt>
   <trkpt lon="6.908271" lat="43.642308"><ele>216.0</ele></trkpt>
   <trkpt lon="6.908041" lat="43.642098"><ele>216.25</ele></trkpt>
   <trkpt lon="6.907972" lat="43.642014"><ele>217.25</ele></trkpt>
   <trkpt lon="6.907913" lat="43.641924"><ele>218.0</ele></trkpt>
   <trkpt lon="6.907890" lat="43.641835"><ele>218.5</ele></trkpt>
   <trkpt lon="6.907890" lat="43.641776"><ele>219.25</ele></trkpt>
   <trkpt lon="6.907882" lat="43.641609"><ele>220.75</ele></trkpt>
   <trkpt lon="6.907943" lat="43.641436"><ele>222.5</ele></trkpt>
   <trkpt lon="6.908005" lat="43.641342"><ele>223.0</ele></trkpt>
   <trkpt lon="6.908095" lat="43.641247"><ele>223.75</ele></trkpt>
   <trkpt lon="6.908201" lat="43.641171"><ele>224.5</ele></trkpt>
   <trkpt lon="6.908587" lat="43.640967"><ele>225.5</ele></trkpt>
   <trkpt lon="6.908755" lat="43.640880"><ele>226.5</ele><sym>pass_place</sym><type>Shaping</type></trkpt>
   <trkpt lon="6.909037" lat="43.640776"><ele>227.5</ele></trkpt>
   <trkpt lon="6.909147" lat="43.640751"><ele>227.75</ele></trkpt>
   <trkpt lon="6.909335" lat="43.640722"><ele>228.25</ele></trkpt>
   <trkpt lon="6.909560" lat="43.640709"><ele>228.75</ele></trkpt>
   <trkpt lon="6.909782" lat="43.640710"><ele>229.0</ele></trkpt>
   <trkpt lon="6.909862" lat="43.640699"><ele>229.25</ele><sym>roundabout_e2</sym></trkpt>
   <trkpt lon="6.909902" lat="43.640671"><ele>229.0</ele></trkpt>
   <trkpt lon="6.909937" lat="43.640661"><ele>229.0</ele></trkpt>
   <trkpt lon="6.909975" lat="43.640659"><ele>229.0</ele></trkpt>
   <trkpt lon="6.910012" lat="43.640666"><ele>229.0</ele></trkpt>
   <trkpt lon="6.910044" lat="43.640681"><ele>229.25</ele></trkpt>
   <trkpt lon="6.910067" lat="43.640703"><ele>229.5</ele></trkpt>
   <trkpt lon="6.910080" lat="43.640729"><ele>229.75</ele></trkpt>
   <trkpt lon="6.910081" lat="43.640757"><ele>230.0</ele></trkpt>
   <trkpt lon="6.910148" lat="43.640788"><ele>230.5</ele></trkpt>
   <trkpt lon="6.910361" lat="43.640868"><ele>231.25</ele></trkpt>
   <trkpt lon="6.910501" lat="43.640943"><ele>231.75</ele></trkpt>
   <trkpt lon="6.910674" lat="43.641053"><ele>232.0</ele></trkpt>
   <trkpt lon="6.910914" lat="43.641232"><ele>233.0</ele></trkpt>
   <trkpt lon="6.911109" lat="43.641384"><ele>234.75</ele></trkpt>
   <trkpt lon="6.911163" lat="43.641419"><ele>235.25</ele></trkpt>
   <trkpt lon="6.911207" lat="43.641436"><ele>235.5</ele></trkpt>
   <trkpt lon="6.911251" lat="43.641451"><ele>235.75</ele></trkpt>
   <trkpt lon="6.911314" lat="43.641470"><ele>236.25</ele><sym>roundabout_e2</sym></trkpt>
   <trkpt lon="6.911390" lat="43.641457"><ele>236.25</ele></trkpt>
   <trkpt lon="6.911490" lat="43.641461"><ele>235.75</ele></trkpt>
   <trkpt lon="6.911581" lat="43.641491"><ele>235.5</ele></trkpt>
   <trkpt lon="6.911641" lat="43.641529"><ele>235.5</ele></trkpt>
   <trkpt lon="6.911831" lat="43.641539"><ele>235.5</ele></trkpt>
   <trkpt lon="6.912019" lat="43.641526"><ele>235.25</ele></trkpt>
   <trkpt lon="6.912131" lat="43.641509"><ele>235.0</ele></trkpt>
   <trkpt lon="6.912275" lat="43.641506"><ele>234.75</ele></trkpt>
   <trkpt lon="6.912433" lat="43.641528"><ele>235.0</ele></trkpt>
   <trkpt lon="6.912680" lat="43.641592"><ele>236.5</ele></trkpt>
   <trkpt lon="6.912886" lat="43.641669"><ele>236.75</ele></trkpt>
   <trkpt lon="6.913162" lat="43.641805"><ele>237.5</ele></trkpt>
   <trkpt lon="6.913372" lat="43.641966"><ele>239.25</ele></trkpt>
   <trkpt lon="6.913617" lat="43.642204"><ele>240.5</ele></trkpt>
   <trkpt lon="6.913802" lat="43.642472"><ele>240.0</ele></trkpt>
   <trkpt lon="6.913953" lat="43.642691"><ele>241.0</ele></trkpt>
   <trkpt lon="6.914088" lat="43.642821"><ele>241.75</ele></trkpt>
   <trkpt lon="6.914189" lat="43.642950"><ele>242.5</ele></trkpt>
   <trkpt lon="6.914251" lat="43.643030"><ele>242.75</ele></trkpt>
   <trkpt lon="6.914409" lat="43.643172"><ele>242.0</ele></trkpt>
   <trkpt lon="6.914815" lat="43.643461"><ele>244.75</ele></trkpt>
   <trkpt lon="6.914875" lat="43.643506"><ele>245.0</ele></trkpt>
   <trkpt lon="6.914987" lat="43.643591"><ele>245.75</ele></trkpt>
   <trkpt lon="6.915074" lat="43.643656"><ele>246.25</ele></trkpt>
   <trkpt lon="6.915175" lat="43.643767"><ele>247.0</ele></trkpt>
   <trkpt lon="6.915263" lat="43.643911"><ele>247.5</ele></trkpt>
   <trkpt lon="6.915377" lat="43.644160"><ele>247.5</ele></trkpt>
   <trkpt lon="6.915448" lat="43.644741"><ele>246.0</ele></trkpt>
   <trkpt lon="6.915531" lat="43.645161"><ele>248.75</ele></trkpt>
   <trkpt lon="6.915588" lat="43.645284"><ele>249.0</ele></trkpt>
   <trkpt lon="6.915682" lat="43.645413"><ele>248.25</ele></trkpt>
   <trkpt lon="6.915774" lat="43.645507"><ele>249.5</ele></trkpt>
   <trkpt lon="6.915904" lat="43.645646"><ele>250.0</ele></trkpt>
   <trkpt lon="6.916063" lat="43.645755"><ele>250.0</ele></trkpt>
   <trkpt lon="6.916144" lat="43.645810"><ele>251.0</ele></trkpt>
   <trkpt lon="6.916533" lat="43.645970"><ele>254.25</ele></trkpt>
   <trkpt lon="6.916818" lat="43.646060"><ele>255.25</ele></trkpt>
   <trkpt lon="6.917394" lat="43.646174"><ele>258.0</ele></trkpt>
   <trkpt lon="6.917729" lat="43.646284"><ele>258.0</ele></trkpt>
   <trkpt lon="6.917996" lat="43.646414"><ele>260.5</ele></trkpt>
   <trkpt lon="6.918188" lat="43.646555"><ele>261.0</ele></trkpt>
   <trkpt lon="6.918402" lat="43.646788"><ele>257.75</ele></trkpt>
   <trkpt lon="6.918496" lat="43.646972"><ele>257.0</ele></trkpt>
   <trkpt lon="6.918536" lat="43.647220"><ele>257.25</ele></trkpt>
   <trkpt lon="6.918552" lat="43.647422"><ele>257.75</ele></trkpt>
   <trkpt lon="6.918555" lat="43.647461"><ele>258.0</ele></trkpt>
   <trkpt lon="6.918556" lat="43.647563"><ele>258.0</ele></trkpt>
   <trkpt lon="6.918558" lat="43.647652"><ele>258.0</ele></trkpt>
   <trkpt lon="6.918558" lat="43.647772"><ele>258.0</ele></trkpt>
   <trkpt lon="6.918559" lat="43.647884"><ele>258.75</ele></trkpt>
   <trkpt lon="6.918560" lat="43.648006"><ele>259.75</ele></trkpt>
   <trkpt lon="6.918575" lat="43.648145"><ele>261.0</ele></trkpt>
   <trkpt lon="6.918599" lat="43.648281"><ele>261.75</ele></trkpt>
   <trkpt lon="6.918649" lat="43.648420"><ele>262.5</ele></trkpt>
   <trkpt lon="6.918705" lat="43.648535"><ele>263.0</ele></trkpt>
   <trkpt lon="6.918787" lat="43.648674"><ele>262.25</ele></trkpt>
   <trkpt lon="6.918857" lat="43.648773"><ele>261.5</ele></trkpt>
   <trkpt lon="6.918941" lat="43.648868"><ele>261.25</ele></trkpt>
   <trkpt lon="6.919055" lat="43.648962"><ele>261.0</ele></trkpt>
   <trkpt lon="6.919181" lat="43.649043"><ele>261.0</ele></trkpt>
   <trkpt lon="6.919273" lat="43.649092"><ele>261.5</ele></trkpt>
   <trkpt lon="6.919476" lat="43.649189"><ele>262.75</ele></trkpt>
   <trkpt lon="6.919542" lat="43.649216"><ele>262.5</ele></trkpt>
   <trkpt lon="6.919784" lat="43.649295"><ele>262.5</ele></trkpt>
   <trkpt lon="6.919934" lat="43.649333"><ele>262.5</ele></trkpt>
   <trkpt lon="6.920859" lat="43.649622"><ele>265.25</ele></trkpt>
   <trkpt lon="6.921422" lat="43.649788"><ele>268.25</ele></trkpt>
   <trkpt lon="6.921744" lat="43.649914"><ele>270.0</ele></trkpt>
   <trkpt lon="6.921875" lat="43.649981"><ele>271.0</ele></trkpt>
   <trkpt lon="6.922032" lat="43.650074"><ele>272.0</ele></trkpt>
   <trkpt lon="6.922086" lat="43.650117"><ele>272.25</ele></trkpt>
   <trkpt lon="6.922134" lat="43.650185"><ele>272.75</ele><sym>right_slight</sym></trkpt>
   <trkpt lon="6.922240" lat="43.650233"><ele>273.5</ele></trkpt>
   <trkpt lon="6.922299" lat="43.650259"><ele>273.5</ele></trkpt>
   <trkpt lon="6.922422" lat="43.650275"><ele>273.75</ele></trkpt>
   <trkpt lon="6.922486" lat="43.650270"><ele>273.75</ele><sym>right_slight</sym></trkpt>
   <trkpt lon="6.922645" lat="43.650137"><ele>272.25</ele></trkpt>
   <trkpt lon="6.922664" lat="43.650118"><ele>272.0</ele></trkpt>
   <trkpt lon="6.923313" lat="43.649502"><ele>268.25</ele><sym>pass_place</sym><type>Shaping</type></trkpt>
   <trkpt lon="6.923314" lat="43.649502"><ele>268.25</ele></trkpt>
   <trkpt lon="6.923384" lat="43.649438"><ele>267.75</ele></trkpt>
   <trkpt lon="6.923615" lat="43.649211"><ele>266.25</ele></trkpt>
   <trkpt lon="6.923784" lat="43.649094"><ele>264.75</ele></trkpt>
   <trkpt lon="6.923918" lat="43.649044"><ele>264.5</ele></trkpt>
   <trkpt lon="6.924792" lat="43.648847"><ele>260.25</ele></trkpt>
   <trkpt lon="6.925891" lat="43.648589"><ele>256.5</ele></trkpt>
   <trkpt lon="6.926035" lat="43.648556"><ele>256.25</ele></trkpt>
   <trkpt lon="6.926129" lat="43.648533"><ele>256.0</ele></trkpt>
   <trkpt lon="6.926294" lat="43.648495"><ele>256.0</ele></trkpt>
   <trkpt lon="6.926404" lat="43.648463"><ele>255.75</ele></trkpt>
   <trkpt lon="6.926517" lat="43.648422"><ele>254.5</ele></trkpt>
   <trkpt lon="6.926640" lat="43.648368"><ele>253.5</ele></trkpt>
   <trkpt lon="6.926704" lat="43.648339"><ele>253.0</ele></trkpt>
   <trkpt lon="6.926805" lat="43.648288"><ele>252.25</ele></trkpt>
   <trkpt lon="6.927206" lat="43.648055"><ele>250.75</ele></trkpt>
   <trkpt lon="6.927220" lat="43.648046"><ele>250.75</ele></trkpt>
   <trkpt lon="6.927296" lat="43.648002"><ele>250.25</ele></trkpt>
   <trkpt lon="6.927331" lat="43.647981"><ele>250.0</ele></trkpt>
   <trkpt lon="6.927347" lat="43.647972"><ele>249.75</ele></trkpt>
   <trkpt lon="6.927539" lat="43.647869"><ele>249.0</ele></trkpt>
   <trkpt lon="6.927595" lat="43.647848"><ele>248.75</ele></trkpt>
   <trkpt lon="6.927702" lat="43.647813"><ele>248.25</ele></trkpt>
   <trkpt lon="6.927818" lat="43.647789"><ele>247.75</ele></trkpt>
   <trkpt lon="6.927934" lat="43.647775"><ele>247.25</ele></trkpt>
   <trkpt lon="6.928040" lat="43.647776"><ele>247.0</ele></trkpt>
   <trkpt lon="6.928146" lat="43.647789"><ele>246.25</ele></trkpt>
   <trkpt lon="6.928268" lat="43.647818"><ele>245.75</ele></trkpt>
   <trkpt lon="6.928398" lat="43.647868"><ele>244.75</ele></trkpt>
   <trkpt lon="6.928466" lat="43.647903"><ele>244.0</ele></trkpt>
   <trkpt lon="6.928713" lat="43.648058"><ele>242.75</ele></trkpt>
   <trkpt lon="6.928751" lat="43.648084"><ele>242.75</ele></trkpt>
   <trkpt lon="6.928789" lat="43.648107"><ele>242.75</ele></trkpt>
   <trkpt lon="6.929132" lat="43.648336"><ele>241.5</ele></trkpt>
   <trkpt lon="6.929212" lat="43.648389"><ele>240.25</ele></trkpt>
   <trkpt lon="6.929329" lat="43.648457"><ele>239.25</ele></trkpt>
   <trkpt lon="6.929426" lat="43.648499"><ele>238.75</ele></trkpt>
   <trkpt lon="6.929589" lat="43.648551"><ele>238.0</ele></trkpt>
   <trkpt lon="6.929764" lat="43.648589"><ele>237.25</ele></trkpt>
   <trkpt lon="6.929988" lat="43.648607"><ele>236.75</ele></trkpt>
   <trkpt lon="6.930216" lat="43.648612"><ele>235.25</ele></trkpt>
   <trkpt lon="6.930661" lat="43.648611"><ele>233.75</ele></trkpt>
   <trkpt lon="6.930894" lat="43.648637"><ele>233.5</ele></trkpt>
   <trkpt lon="6.931036" lat="43.648670"><ele>232.75</ele></trkpt>
   <trkpt lon="6.931143" lat="43.648711"><ele>231.75</ele></trkpt>
   <trkpt lon="6.931232" lat="43.648755"><ele>231.0</ele></trkpt>
   <trkpt lon="6.931561" lat="43.648978"><ele>229.0</ele></trkpt>
   <trkpt lon="6.931615" lat="43.649008"><ele>228.75</ele></trkpt>
   <trkpt lon="6.931664" lat="43.649033"><ele>228.5</ele></trkpt>
   <trkpt lon="6.931796" lat="43.649094"><ele>228.75</ele><sym>left_slight</sym></trkpt>
   <trkpt lon="6.931794" lat="43.649181"><ele>229.5</ele></trkpt>
   <trkpt lon="6.931796" lat="43.649395"><ele>230.5</ele></trkpt>
   <trkpt lon="6.931787" lat="43.649437"><ele>230.75</ele></trkpt>
   <trkpt lon="6.931771" lat="43.649486"><ele>231.0</ele><sym>right_slight</sym></trkpt>
   <trkpt lon="6.931746" lat="43.649632"><ele>231.5</ele></trkpt>
   <trkpt lon="6.931735" lat="43.649706"><ele>231.75</ele></trkpt>
   <trkpt lon="6.931741" lat="43.649725"><ele>232.0</ele></trkpt>
   <trkpt lon="6.931757" lat="43.649739"><ele>232.0</ele></trkpt>
   <trkpt lon="6.931789" lat="43.649749"><ele>232.0</ele><sym>right_slight</sym></trkpt>
   <trkpt lon="6.931961" lat="43.649724"><ele>232.0</ele></trkpt>
   <trkpt lon="6.932017" lat="43.649710"><ele>232.0</ele></trkpt>
   <trkpt lon="6.932151" lat="43.649679"><ele>232.25</ele></trkpt>
   <trkpt lon="6.932314" lat="43.649643"><ele>232.0</ele></trkpt>
   <trkpt lon="6.932919" lat="43.649500"><ele>229.0</ele></trkpt>
   <trkpt lon="6.933160" lat="43.649434"><ele>228.0</ele></trkpt>
   <trkpt lon="6.933393" lat="43.649360"><ele>228.0</ele></trkpt>
   <trkpt lon="6.933880" lat="43.649199"><ele>227.5</ele></trkpt>
   <trkpt lon="6.934092" lat="43.649144"><ele>227.0</ele></trkpt>
   <trkpt lon="6.934538" lat="43.649044"><ele>225.75</ele></trkpt>
   <trkpt lon="6.934864" lat="43.648970"><ele>222.25</ele></trkpt>
   <trkpt lon="6.935052" lat="43.648927"><ele>220.5</ele></trkpt>
   <trkpt lon="6.935793" lat="43.648754"><ele>218.5</ele></trkpt>
   <trkpt lon="6.936192" lat="43.648716"><ele>218.75</ele></trkpt>
   <trkpt lon="6.936554" lat="43.648706"><ele>221.0</ele><sym>right</sym></trkpt>
   <trkpt lon="6.936550" lat="43.648661"><ele>220.25</ele></trkpt>
   <trkpt lon="6.936542" lat="43.648605"><ele>219.0</ele></trkpt>
   <trkpt lon="6.936374" lat="43.648163"><ele>212.75</ele></trkpt>
   <trkpt lon="6.936377" lat="43.648106"><ele>212.25</ele></trkpt>
   <trkpt lon="6.936414" lat="43.648068"><ele>212.0</ele></trkpt>
   <trkpt lon="6.936473" lat="43.648027"><ele>211.5</ele></trkpt>
   <trkpt lon="6.936660" lat="43.647975"><ele>211.25</ele></trkpt>
   <trkpt lon="6.936963" lat="43.647906"><ele>210.75</ele></trkpt>
   <trkpt lon="6.936983" lat="43.647862"><ele>210.0</ele><sym>left</sym></trkpt>
   <trkpt lon="6.937201" lat="43.647926"><ele>209.25</ele><sym>pass_place</sym><type>Via</type></trkpt>
  </trkseg>
 </trk>
</gpx>
