<?xml version="1.0" encoding="UTF-8"?>
<!-- track-length = 68809 filtered ascend = 1546 plain-ascend = 0 cost=147004 energy=.5kwh time=5h 23m 47s -->
<gpx 
 xmlns="http://www.topografix.com/GPX/1/1" 
 xmlns:xsi="http://www.w3.org/2001/XMLSchema-instance" 
 xsi:schemaLocation="http://www.topografix.com/GPX/1/1 http://www.topografix.com/GPX/1/1/gpx.xsd" 
 creator="BRouter-1.7.10" version="1.1"><wpt lat="43.72107" lon="6.97775"><name>Drinking water</name><sym>Drinking Water</sym></wpt><wpt lat="43.74187" lon="6.90095"><name>Drinking water</name><sym>Drinking Water</sym></wpt><wpt lat="43.68029" lon="6.97132"><name>Drinking water</name><sym>Drinking Water</sym></wpt><wpt lat="43.66065" lon="6.94715"><name>Drinking water</name><sym>Drinking Water</sym></wpt><wpt lat="43.72158" lon="6.97873"><name>Drinking water</name><sym>Drinking Water</sym></wpt><wpt lat="43.65305" lon="6.94337"><name>Cycles Omega</name><sym>Bike Trail</sym></wpt><wpt lat="43.72125" lon="6.97767"><name>Drinking water</name><sym>Drinking Water</sym></wpt><wpt lat="43.71775" lon="6.99217"><name>Drinking water</name><sym>Drinking Water</sym></wpt><wpt lat="43.70135" lon="6.98931"><name>Bistro Le Donjon</name><sym>Restaurant</sym></wpt><wpt lat="43.69849" lon="6.84822"><name>Fontaine de l&#x27;église</name><sym>Drinking Water</sym></wpt><wpt lat="43.72046" lon="6.97869"><name>Drinking water</name><sym>Drinking Water</sym></wpt><wpt lat="43.69797" lon="6.84972"><name>Fontaine du Relais Impérial</name><sym>Drinking Water</sym></wpt><wpt lat="43.74334" lon="6.93955"><name>Drinking water</name><sym>Drinking Water</sym></wpt><wpt lat="43.74269" lon="6.88394"><name>Drinking water</name><sym>Drinking Water</sym></wpt><wpt lat="43.65646" lon="6.87383"><name>Cabris - torvet</name><sym>Restaurant</sym></wpt><wpt lat="43.69848" lon="6.98153"><name>Drinking water</name><sym>Drinking Water</sym></wpt><wpt lat="43.70011" lon="6.98953"><name>Drinking water</name><sym>Drinking Water</sym></wpt><wpt lat="43.70137" lon="6.98906"><name>Drinking water</name><sym>Drinking Water</sym></wpt><wpt lat="43.68049" lon="6.97192"><name>Drinking water</name><sym>Drinking Water</sym></wpt><wpt lat="43.70343" lon="6.98864"><name>Drinking water</name><sym>Drinking Water</sym></wpt><wpt lat="43.64408" lon="6.89864"><name>Drinking water</name><sym>Drinking Water</sym></wpt><wpt lat="43.69922" lon="6.84818"><name>Drinking water</name><sym>Drinking Water</sym></wpt><wpt lat="43.72145" lon="6.97737"><name>Bike shop</name><sym>Bike Trail</sym></wpt><wpt lat="43.68104" lon="6.97309"><name>L&#x27;Ardoise</name><sym>Restaurant</sym></wpt><wpt lat="43.64134" lon="6.87797"><name>Cycles Orsolino</name><sym>Bike Trail</sym></wpt><wpt lat="43.71765" lon="6.99221"><name>Bike shop</name><sym>Bike Trail</sym></wpt><wpt lat="43.64532" lon="6.89107"><name>Bike shop</name><sym>Bike Trail</sym></wpt><wpt lat="43.74149" lon="6.901"><name>Drinking water</name><sym>Drinking Water</sym></wpt>
 <trk>
  <src>brouter_fastbike-lowtraffic_0</src>
  <type>bike</type>
  <trkseg>
   <trkpt lon="6.937201" lat="43.647926"><ele>209.25</ele><sym>pass_place</sym><type>Via</type></trkpt>
   <trkpt lon="6.936983" lat="43.647862"><ele>210.0</ele><sym>right_slight</sym></trkpt>
   <trkpt lon="6.936963" lat="43.647906"><ele>210.75</ele></trkpt>
   <trkpt lon="6.936660" lat="43.647975"><ele>211.25</ele></trkpt>
   <trkpt lon="6.936473" lat="43.648027"><ele>211.5</ele></trkpt>
   <trkpt lon="6.936414" lat="43.648068"><ele>212.0</ele></trkpt>
   <trkpt lon="6.936377" lat="43.648106"><ele>212.25</ele></trkpt>
   <trkpt lon="6.936374" lat="43.648163"><ele>212.75</ele></trkpt>
   <trkpt lon="6.936542" lat="43.648605"><ele>219.0</ele></trkpt>
   <trkpt lon="6.936550" lat="43.648661"><ele>220.25</ele></trkpt>
   <trkpt lon="6.936554" lat="43.648706"><ele>221.0</ele><sym>right</sym></trkpt>
   <trkpt lon="6.936613" lat="43.648703"><ele>221.5</ele></trkpt>
   <trkpt lon="6.936805" lat="43.648696"><ele>222.25</ele></trkpt>
   <trkpt lon="6.936888" lat="43.648684"><ele>222.25</ele></trkpt>
   <trkpt lon="6.937575" lat="43.648583"><ele>221.75</ele></trkpt>
   <trkpt lon="6.937912" lat="43.648573"><ele>220.0</ele></trkpt>
   <trkpt lon="6.937992" lat="43.648573"><ele>219.75</ele></trkpt>
   <trkpt lon="6.938362" lat="43.648566"><ele>218.0</ele></trkpt>
   <trkpt lon="6.938487" lat="43.648558"><ele>217.25</ele></trkpt>
   <trkpt lon="6.938906" lat="43.648519"><ele>212.75</ele></trkpt>
   <trkpt lon="6.939010" lat="43.648504"><ele>211.75</ele></trkpt>
   <trkpt lon="6.939140" lat="43.648474"><ele>210.5</ele></trkpt>
   <trkpt lon="6.939247" lat="43.648439"><ele>209.75</ele></trkpt>
   <trkpt lon="6.939340" lat="43.648400"><ele>209.25</ele></trkpt>
   <trkpt lon="6.939436" lat="43.648344"><ele>209.0</ele></trkpt>
   <trkpt lon="6.939516" lat="43.648281"><ele>208.0</ele></trkpt>
   <trkpt lon="6.939594" lat="43.648218"><ele>207.25</ele></trkpt>
   <trkpt lon="6.939699" lat="43.648116"><ele>206.25</ele></trkpt>
   <trkpt lon="6.939762" lat="43.648027"><ele>205.5</ele></trkpt>
   <trkpt lon="6.939809" lat="43.647934"><ele>204.5</ele></trkpt>
   <trkpt lon="6.940069" lat="43.647271"><ele>196.25</ele></trkpt>
   <trkpt lon="6.940102" lat="43.647157"><ele>195.25</ele><sym>roundabout_e2</sym></trkpt>
   <trkpt lon="6.940100" lat="43.647125"><ele>195.0</ele></trkpt>
   <trkpt lon="6.940109" lat="43.647109"><ele>195.0</ele></trkpt>
   <trkpt lon="6.940143" lat="43.647088"><ele>194.75</ele></trkpt>
   <trkpt lon="6.940185" lat="43.647084"><ele>194.5</ele></trkpt>
   <trkpt lon="6.940222" lat="43.647097"><ele>194.25</ele></trkpt>
   <trkpt lon="6.940236" lat="43.647109"><ele>194.25</ele></trkpt>
   <trkpt lon="6.940246" lat="43.647129"><ele>194.25</ele></trkpt>
   <trkpt lon="6.940268" lat="43.647175"><ele>194.5</ele></trkpt>
   <trkpt lon="6.940281" lat="43.647233"><ele>195.0</ele></trkpt>
   <trkpt lon="6.940274" lat="43.647296"><ele>195.75</ele></trkpt>
   <trkpt lon="6.940418" lat="43.647885"><ele>200.5</ele></trkpt>
   <trkpt lon="6.940619" lat="43.648294"><ele>201.5</ele></trkpt>
   <trkpt lon="6.940634" lat="43.648400"><ele>201.75</ele></trkpt>
   <trkpt lon="6.940705" lat="43.648594"><ele>200.75</ele></trkpt>
   <trkpt lon="6.940945" lat="43.648992"><ele>198.0</ele></trkpt>
   <trkpt lon="6.941181" lat="43.649334"><ele>198.0</ele></trkpt>
   <trkpt lon="6.941299" lat="43.649596"><ele>198.5</ele></trkpt>
   <trkpt lon="6.941456" lat="43.649895"><ele>198.25</ele></trkpt>
   <trkpt lon="6.941481" lat="43.649999"><ele>198.5</ele></trkpt>
   <trkpt lon="6.941494" lat="43.650314"><ele>199.25</ele></trkpt>
   <trkpt lon="6.941442" lat="43.650427"><ele>199.25</ele></trkpt>
   <trkpt lon="6.941385" lat="43.650681"><ele>198.5</ele></trkpt>
   <trkpt lon="6.941380" lat="43.650953"><ele>197.5</ele></trkpt>
   <trkpt lon="6.941434" lat="43.651178"><ele>196.0</ele></trkpt>
   <trkpt lon="6.941486" lat="43.651561"><ele>195.5</ele></trkpt>
   <trkpt lon="6.941497" lat="43.651640"><ele>195.5</ele></trkpt>
   <trkpt lon="6.941501" lat="43.651851"><ele>194.0</ele></trkpt>
   <trkpt lon="6.941461" lat="43.651999"><ele>193.5</ele></trkpt>
   <trkpt lon="6.941369" lat="43.652202"><ele>193.5</ele></trkpt>
   <trkpt lon="6.941304" lat="43.652317"><ele>193.75</ele></trkpt>
   <trkpt lon="6.941243" lat="43.652424"><ele>194.25</ele></trkpt>
   <trkpt lon="6.941187" lat="43.652495"><ele>195.0</ele></trkpt>
   <trkpt lon="6.941083" lat="43.652606"><ele>194.5</ele></trkpt>
   <trkpt lon="6.940921" lat="43.652756"><ele>194.25</ele></trkpt>
   <trkpt lon="6.940760" lat="43.652945"><ele>193.75</ele></trkpt>
   <trkpt lon="6.940638" lat="43.653024"><ele>194.0</ele></trkpt>
   <trkpt lon="6.940502" lat="43.653076"><ele>194.75</ele></trkpt>
   <trkpt lon="6.940212" lat="43.653092"><ele>195.75</ele></trkpt>
   <trkpt lon="6.940042" lat="43.653110"><ele>194.75</ele></trkpt>
   <trkpt lon="6.939899" lat="43.653163"><ele>193.75</ele></trkpt>
   <trkpt lon="6.939723" lat="43.653287"><ele>191.75</ele></trkpt>
   <trkpt lon="6.939371" lat="43.653594"><ele>190.75</ele></trkpt>
   <trkpt lon="6.939302" lat="43.653657"><ele>190.5</ele></trkpt>
   <trkpt lon="6.939205" lat="43.653777"><ele>190.25</ele></trkpt>
   <trkpt lon="6.939097" lat="43.653968"><ele>189.75</ele></trkpt>
   <trkpt lon="6.939067" lat="43.654046"><ele>189.25</ele></trkpt>
   <trkpt lon="6.939075" lat="43.654157"><ele>188.5</ele></trkpt>
   <trkpt lon="6.939022" lat="43.654418"><ele>185.75</ele><sym>right_slight</sym></trkpt>
   <trkpt lon="6.939052" lat="43.654543"><ele>183.75</ele></trkpt>
   <trkpt lon="6.939056" lat="43.654860"><ele>177.75</ele></trkpt>
   <trkpt lon="6.939329" lat="43.654935"><ele>175.25</ele></trkpt>
   <trkpt lon="6.939366" lat="43.654963"><ele>174.75</ele></trkpt>
   <trkpt lon="6.939367" lat="43.654998"><ele>174.0</ele><sym>roundabout_e1</sym></trkpt>
   <trkpt lon="6.939421" lat="43.655011"><ele>173.75</ele></trkpt>
   <trkpt lon="6.939465" lat="43.655004"><ele>173.75</ele><sym>right_slight</sym></trkpt>
   <trkpt lon="6.939537" lat="43.654961"><ele>174.25</ele></trkpt>
   <trkpt lon="6.939592" lat="43.654947"><ele>174.25</ele></trkpt>
   <trkpt lon="6.939684" lat="43.654923"><ele>174.25</ele></trkpt>
   <trkpt lon="6.939881" lat="43.654860"><ele>174.5</ele></trkpt>
   <trkpt lon="6.939999" lat="43.654844"><ele>174.75</ele></trkpt>
   <trkpt lon="6.940116" lat="43.654845"><ele>174.75</ele></trkpt>
   <trkpt lon="6.940259" lat="43.654863"><ele>174.75</ele></trkpt>
   <trkpt lon="6.940479" lat="43.654933"><ele>175.0</ele></trkpt>
   <trkpt lon="6.940597" lat="43.654948"><ele>175.25</ele></trkpt>
   <trkpt lon="6.940707" lat="43.654946"><ele>175.25</ele></trkpt>
   <trkpt lon="6.940813" lat="43.654926"><ele>175.5</ele></trkpt>
   <trkpt lon="6.940915" lat="43.654883"><ele>175.25</ele></trkpt>
   <trkpt lon="6.941197" lat="43.654715"><ele>175.25</ele></trkpt>
   <trkpt lon="6.941804" lat="43.654347"><ele>174.25</ele></trkpt>
   <trkpt lon="6.942130" lat="43.654130"><ele>172.25</ele><sym>pass_place</sym><type>Shaping</type></trkpt>
   <trkpt lon="6.942131" lat="43.654130"><ele>172.25</ele></trkpt>
   <trkpt lon="6.942168" lat="43.654105"><ele>171.75</ele></trkpt>
   <trkpt lon="6.942210" lat="43.654077"><ele>171.0</ele></trkpt>
   <trkpt lon="6.943070" lat="43.653590"><ele>166.0</ele></trkpt>
   <trkpt lon="6.943110" lat="43.653571"><ele>166.0</ele></trkpt>
   <trkpt lon="6.943174" lat="43.653541"><ele>165.75</ele></trkpt>
   <trkpt lon="6.943570" lat="43.653278"><ele>163.5</ele></trkpt>
   <trkpt lon="6.943703" lat="43.653196"><ele>162.75</ele></trkpt>
   <trkpt lon="6.943762" lat="43.653164"><ele>162.5</ele><sym>left</sym></trkpt>
   <trkpt lon="6.943764" lat="43.653198"><ele>162.25</ele></trkpt>
   <trkpt lon="6.943782" lat="43.653231"><ele>162.0</ele></trkpt>
   <trkpt lon="6.943858" lat="43.653298"><ele>161.25</ele></trkpt>
   <trkpt lon="6.943911" lat="43.653328"><ele>160.75</ele></trkpt>
   <trkpt lon="6.944164" lat="43.653506"><ele>158.0</ele></trkpt>
   <trkpt lon="6.944235" lat="43.653569"><ele>157.75</ele></trkpt>
   <trkpt lon="6.944352" lat="43.653629"><ele>157.25</ele></trkpt>
   <trkpt lon="6.944414" lat="43.653656"><ele>157.25</ele></trkpt>
   <trkpt lon="6.944486" lat="43.653688"><ele>157.0</ele><sym>roundabout_e3</sym></trkpt>
   <trkpt lon="6.944569" lat="43.653685"><ele>157.0</ele></trkpt>
   <trkpt lon="6.944624" lat="43.653696"><ele>157.0</ele></trkpt>
   <trkpt lon="6.944674" lat="43.653715"><ele>157.0</ele></trkpt>
   <trkpt lon="6.944717" lat="43.653743"><ele>157.0</ele></trkpt>
   <trkpt lon="6.944740" lat="43.653765"><ele>156.75</ele></trkpt>
   <trkpt lon="6.944764" lat="43.653804"><ele>156.75</ele></trkpt>
   <trkpt lon="6.944775" lat="43.653846"><ele>156.5</ele></trkpt>
   <trkpt lon="6.944770" lat="43.653889"><ele>156.5</ele></trkpt>
   <trkpt lon="6.944754" lat="43.653926"><ele>156.25</ele></trkpt>
   <trkpt lon="6.944726" lat="43.653959"><ele>156.0</ele></trkpt>
   <trkpt lon="6.944689" lat="43.653987"><ele>156.0</ele></trkpt>
   <trkpt lon="6.944644" lat="43.654008"><ele>156.25</ele></trkpt>
   <trkpt lon="6.944594" lat="43.654022"><ele>156.5</ele></trkpt>
   <trkpt lon="6.944489" lat="43.654126"><ele>157.25</ele></trkpt>
   <trkpt lon="6.944405" lat="43.654222"><ele>157.75</ele></trkpt>
   <trkpt lon="6.944342" lat="43.654367"><ele>157.0</ele></trkpt>
   <trkpt lon="6.944291" lat="43.654475"><ele>157.0</ele></trkpt>
   <trkpt lon="6.944278" lat="43.654505"><ele>157.0</ele></trkpt>
   <trkpt lon="6.944245" lat="43.654764"><ele>157.5</ele></trkpt>
   <trkpt lon="6.944260" lat="43.655043"><ele>157.75</ele></trkpt>
   <trkpt lon="6.944281" lat="43.655074"><ele>157.75</ele></trkpt>
   <trkpt lon="6.944338" lat="43.655161"><ele>158.0</ele></trkpt>
   <trkpt lon="6.944367" lat="43.655205"><ele>158.5</ele></trkpt>
   <trkpt lon="6.944550" lat="43.655467"><ele>161.5</ele></trkpt>
   <trkpt lon="6.944613" lat="43.655556"><ele>161.5</ele></trkpt>
   <trkpt lon="6.945001" lat="43.656004"><ele>166.25</ele></trkpt>
   <trkpt lon="6.945181" lat="43.656216"><ele>169.5</ele></trkpt>
   <trkpt lon="6.945237" lat="43.656301"><ele>170.5</ele></trkpt>
   <trkpt lon="6.945274" lat="43.656391"><ele>170.75</ele></trkpt>
   <trkpt lon="6.945294" lat="43.656475"><ele>171.75</ele></trkpt>
   <trkpt lon="6.945313" lat="43.656848"><ele>173.0</ele></trkpt>
   <trkpt lon="6.945266" lat="43.657157"><ele>173.0</ele></trkpt>
   <trkpt lon="6.945205" lat="43.657439"><ele>172.75</ele></trkpt>
   <trkpt lon="6.945233" lat="43.657546"><ele>174.25</ele></trkpt>
   <trkpt lon="6.945470" lat="43.658002"><ele>178.5</ele></trkpt>
   <trkpt lon="6.945524" lat="43.658070"><ele>179.5</ele></trkpt>
   <trkpt lon="6.945577" lat="43.658127"><ele>179.75</ele></trkpt>
   <trkpt lon="6.946188" lat="43.658654"><ele>182.75</ele></trkpt>
   <trkpt lon="6.946314" lat="43.658860"><ele>183.5</ele></trkpt>
   <trkpt lon="6.946374" lat="43.658992"><ele>183.75</ele></trkpt>
   <trkpt lon="6.946417" lat="43.659122"><ele>183.25</ele></trkpt>
   <trkpt lon="6.946455" lat="43.659309"><ele>184.5</ele></trkpt>
   <trkpt lon="6.946429" lat="43.659516"><ele>184.5</ele></trkpt>
   <trkpt lon="6.946462" lat="43.659605"><ele>183.75</ele><sym>left</sym></trkpt>
   <trkpt lon="6.946355" lat="43.659650"><ele>182.0</ele></trkpt>
   <trkpt lon="6.946179" lat="43.659748"><ele>180.5</ele></trkpt>
   <trkpt lon="6.946127" lat="43.659765"><ele>180.25</ele><sym>right_slight</sym></trkpt>
   <trkpt lon="6.946122" lat="43.659800"><ele>180.5</ele></trkpt>
   <trkpt lon="6.946095" lat="43.659900"><ele>180.75</ele></trkpt>
   <trkpt lon="6.946101" lat="43.660046"><ele>182.0</ele></trkpt>
   <trkpt lon="6.946227" lat="43.660203"><ele>184.5</ele></trkpt>
   <trkpt lon="6.946382" lat="43.660337"><ele>187.25</ele></trkpt>
   <trkpt lon="6.946536" lat="43.660449"><ele>189.0</ele></trkpt>
   <trkpt lon="6.947145" lat="43.660707"><ele>192.75</ele></trkpt>
   <trkpt lon="6.947397" lat="43.660944"><ele>195.25</ele></trkpt>
   <trkpt lon="6.947717" lat="43.661260"><ele>195.25</ele></trkpt>
   <trkpt lon="6.947929" lat="43.661690"><ele>195.5</ele></trkpt>
   <trkpt lon="6.948099" lat="43.661891"><ele>196.0</ele></trkpt>
   <trkpt lon="6.948331" lat="43.662097"><ele>197.5</ele></trkpt>
   <trkpt lon="6.948398" lat="43.662177"><ele>198.75</ele></trkpt>
   <trkpt lon="6.948460" lat="43.662323"><ele>200.75</ele></trkpt>
   <trkpt lon="6.948446" lat="43.662715"><ele>204.25</ele></trkpt>
   <trkpt lon="6.948399" lat="43.663003"><ele>207.25</ele></trkpt>
   <trkpt lon="6.948459" lat="43.663547"><ele>209.75</ele></trkpt>
   <trkpt lon="6.948419" lat="43.663837"><ele>210.75</ele></trkpt>
   <trkpt lon="6.948409" lat="43.664156"><ele>212.0</ele></trkpt>
   <trkpt lon="6.948463" lat="43.664326"><ele>212.0</ele></trkpt>
   <trkpt lon="6.948605" lat="43.664516"><ele>212.5</ele></trkpt>
   <trkpt lon="6.948628" lat="43.664582"><ele>212.5</ele></trkpt>
   <trkpt lon="6.948617" lat="43.664668"><ele>212.0</ele></trkpt>
   <trkpt lon="6.948514" lat="43.664831"><ele>211.25</ele></trkpt>
   <trkpt lon="6.948482" lat="43.664969"><ele>211.0</ele></trkpt>
   <trkpt lon="6.948512" lat="43.665116"><ele>209.75</ele></trkpt>
   <trkpt lon="6.948614" lat="43.665441"><ele>208.25</ele></trkpt>
   <trkpt lon="6.948683" lat="43.665512"><ele>208.0</ele></trkpt>
   <trkpt lon="6.949210" lat="43.665969"><ele>205.25</ele><sym>pass_place</sym><type>Shaping</type></trkpt>
   <trkpt lon="6.949212" lat="43.665970"><ele>205.25</ele></trkpt>
   <trkpt lon="6.949267" lat="43.666097"><ele>203.25</ele></trkpt>
   <trkpt lon="6.949292" lat="43.666197"><ele>204.25</ele></trkpt>
   <trkpt lon="6.949407" lat="43.666672"><ele>208.5</ele></trkpt>
   <trkpt lon="6.949553" lat="43.667327"><ele>212.75</ele></trkpt>
   <trkpt lon="6.949515" lat="43.667694"><ele>213.25</ele></trkpt>
   <trkpt lon="6.949408" lat="43.667932"><ele>214.75</ele></trkpt>
   <trkpt lon="6.949370" lat="43.668133"><ele>216.25</ele></trkpt>
   <trkpt lon="6.949392" lat="43.668288"><ele>217.0</ele></trkpt>
   <trkpt lon="6.949492" lat="43.668464"><ele>217.25</ele></trkpt>
   <trkpt lon="6.949749" lat="43.668859"><ele>220.25</ele></trkpt>
   <trkpt lon="6.949736" lat="43.668927"><ele>220.75</ele></trkpt>
   <trkpt lon="6.949682" lat="43.668987"><ele>221.25</ele></trkpt>
   <trkpt lon="6.949457" lat="43.669116"><ele>223.5</ele></trkpt>
   <trkpt lon="6.949259" lat="43.669271"><ele>226.25</ele></trkpt>
   <trkpt lon="6.949038" lat="43.669633"><ele>230.25</ele></trkpt>
   <trkpt lon="6.948928" lat="43.669721"><ele>231.5</ele><sym>right</sym></trkpt>
   <trkpt lon="6.949302" lat="43.669909"><ele>232.0</ele><sym>right_slight</sym></trkpt>
   <trkpt lon="6.949467" lat="43.669946"><ele>232.0</ele></trkpt>
   <trkpt lon="6.949584" lat="43.669934"><ele>231.25</ele></trkpt>
   <trkpt lon="6.950350" lat="43.669661"><ele>223.0</ele></trkpt>
   <trkpt lon="6.950416" lat="43.669647"><ele>222.5</ele></trkpt>
   <trkpt lon="6.950505" lat="43.669658"><ele>222.25</ele></trkpt>
   <trkpt lon="6.950562" lat="43.669688"><ele>222.25</ele></trkpt>
   <trkpt lon="6.950716" lat="43.669838"><ele>220.5</ele></trkpt>
   <trkpt lon="6.950874" lat="43.669955"><ele>219.0</ele></trkpt>
   <trkpt lon="6.950946" lat="43.669972"><ele>219.25</ele></trkpt>
   <trkpt lon="6.951209" lat="43.670065"><ele>221.25</ele></trkpt>
   <trkpt lon="6.951354" lat="43.670129"><ele>222.25</ele></trkpt>
   <trkpt lon="6.951548" lat="43.670287"><ele>222.25</ele></trkpt>
   <trkpt lon="6.951666" lat="43.670338"><ele>222.5</ele></trkpt>
   <trkpt lon="6.951779" lat="43.670372"><ele>222.75</ele></trkpt>
   <trkpt lon="6.952214" lat="43.670425"><ele>224.0</ele></trkpt>
   <trkpt lon="6.952469" lat="43.670402"><ele>224.0</ele></trkpt>
   <trkpt lon="6.952696" lat="43.670380"><ele>224.0</ele></trkpt>
   <trkpt lon="6.953086" lat="43.670484"><ele>226.25</ele></trkpt>
   <trkpt lon="6.953242" lat="43.670569"><ele>225.25</ele></trkpt>
   <trkpt lon="6.953326" lat="43.670623"><ele>226.0</ele></trkpt>
   <trkpt lon="6.953387" lat="43.670684"><ele>227.75</ele><sym>right_slight</sym></trkpt>
   <trkpt lon="6.953595" lat="43.670782"><ele>228.25</ele></trkpt>
   <trkpt lon="6.953654" lat="43.670792"><ele>228.0</ele></trkpt>
   <trkpt lon="6.954029" lat="43.670688"><ele>228.5</ele></trkpt>
   <trkpt lon="6.954107" lat="43.670689"><ele>228.0</ele></trkpt>
   <trkpt lon="6.954598" lat="43.670847"><ele>227.0</ele></trkpt>
   <trkpt lon="6.955154" lat="43.671000"><ele>231.75</ele></trkpt>
   <trkpt lon="6.955294" lat="43.671025"><ele>232.0</ele></trkpt>
   <trkpt lon="6.955452" lat="43.671030"><ele>233.0</ele></trkpt>
   <trkpt lon="6.956066" lat="43.670996"><ele>237.25</ele></trkpt>
   <trkpt lon="6.956282" lat="43.670989"><ele>238.5</ele></trkpt>
   <trkpt lon="6.956605" lat="43.671022"><ele>241.5</ele></trkpt>
   <trkpt lon="6.956794" lat="43.671090"><ele>241.5</ele></trkpt>
   <trkpt lon="6.957174" lat="43.671085"><ele>243.75</ele></trkpt>
   <trkpt lon="6.957522" lat="43.671072"><ele>247.75</ele></trkpt>
   <trkpt lon="6.957804" lat="43.671162"><ele>249.75</ele></trkpt>
   <trkpt lon="6.958033" lat="43.671182"><ele>251.5</ele></trkpt>
   <trkpt lon="6.958323" lat="43.671162"><ele>252.0</ele></trkpt>
   <trkpt lon="6.958761" lat="43.671273"><ele>256.5</ele></trkpt>
   <trkpt lon="6.959049" lat="43.671304"><ele>257.0</ele></trkpt>
   <trkpt lon="6.959134" lat="43.671328"><ele>256.75</ele></trkpt>
   <trkpt lon="6.959232" lat="43.671374"><ele>256.5</ele></trkpt>
   <trkpt lon="6.959283" lat="43.671421"><ele>257.25</ele></trkpt>
   <trkpt lon="6.959352" lat="43.671463"><ele>258.25</ele></trkpt>
   <trkpt lon="6.959409" lat="43.671471"><ele>258.75</ele><sym>right</sym></trkpt>
   <trkpt lon="6.959449" lat="43.671441"><ele>258.5</ele></trkpt>
   <trkpt lon="6.959496" lat="43.671363"><ele>259.25</ele></trkpt>
   <trkpt lon="6.959522" lat="43.671245"><ele>261.0</ele></trkpt>
   <trkpt lon="6.959551" lat="43.671197"><ele>262.0</ele></trkpt>
   <trkpt lon="6.959726" lat="43.671027"><ele>266.5</ele></trkpt>
   <trkpt lon="6.959803" lat="43.670962"><ele>268.25</ele></trkpt>
   <trkpt lon="6.959835" lat="43.670944"><ele>268.75</ele></trkpt>
   <trkpt lon="6.959928" lat="43.670893"><ele>270.25</ele><sym>left_sharp</sym></trkpt>
   <trkpt lon="6.959906" lat="43.670969"><ele>269.75</ele></trkpt>
   <trkpt lon="6.959928" lat="43.671030"><ele>270.25</ele></trkpt>
   <trkpt lon="6.959990" lat="43.671080"><ele>271.5</ele></trkpt>
   <trkpt lon="6.960057" lat="43.671110"><ele>272.5</ele></trkpt>
   <trkpt lon="6.960308" lat="43.671172"><ele>274.75</ele></trkpt>
   <trkpt lon="6.960715" lat="43.671225"><ele>278.5</ele></trkpt>
   <trkpt lon="6.961240" lat="43.671251"><ele>285.25</ele></trkpt>
   <trkpt lon="6.961534" lat="43.671314"><ele>289.0</ele></trkpt>
   <trkpt lon="6.961606" lat="43.671333"><ele>289.75</ele></trkpt>
   <trkpt lon="6.961838" lat="43.671393"><ele>292.25</ele></trkpt>
   <trkpt lon="6.962424" lat="43.671522"><ele>296.75</ele></trkpt>
   <trkpt lon="6.962563" lat="43.671590"><ele>297.5</ele></trkpt>
   <trkpt lon="6.962638" lat="43.671642"><ele>298.0</ele></trkpt>
   <trkpt lon="6.962777" lat="43.671744"><ele>297.0</ele></trkpt>
   <trkpt lon="6.963160" lat="43.671906"><ele>300.0</ele></trkpt>
   <trkpt lon="6.963237" lat="43.671924"><ele>301.25</ele></trkpt>
   <trkpt lon="6.963307" lat="43.671930"><ele>302.25</ele></trkpt>
   <trkpt lon="6.963430" lat="43.671919"><ele>304.0</ele><sym>right_slight</sym></trkpt>
   <trkpt lon="6.963549" lat="43.671833"><ele>304.5</ele></trkpt>
   <trkpt lon="6.963658" lat="43.671723"><ele>304.5</ele><sym>pass_place</sym><type>Shaping</type></trkpt>
   <trkpt lon="6.964147" lat="43.671407"><ele>309.0</ele></trkpt>
   <trkpt lon="6.964337" lat="43.671381"><ele>310.5</ele></trkpt>
   <trkpt lon="6.964480" lat="43.671376"><ele>311.75</ele></trkpt>
   <trkpt lon="6.964663" lat="43.671402"><ele>314.0</ele></trkpt>
   <trkpt lon="6.965142" lat="43.671550"><ele>318.25</ele></trkpt>
   <trkpt lon="6.965268" lat="43.671601"><ele>319.75</ele></trkpt>
   <trkpt lon="6.965383" lat="43.671634"><ele>320.25</ele><sym>left_sharp</sym></trkpt>
   <trkpt lon="6.965285" lat="43.671702"><ele>321.5</ele></trkpt>
   <trkpt lon="6.964720" lat="43.672057"><ele>327.5</ele></trkpt>
   <trkpt lon="6.964631" lat="43.672122"><ele>327.5</ele></trkpt>
   <trkpt lon="6.964588" lat="43.672193"><ele>327.75</ele></trkpt>
   <trkpt lon="6.964580" lat="43.672286"><ele>328.75</ele></trkpt>
   <trkpt lon="6.964610" lat="43.672409"><ele>330.5</ele><sym>left_slight</sym></trkpt>
   <trkpt lon="6.964511" lat="43.672916"><ele>338.25</ele></trkpt>
   <trkpt lon="6.964413" lat="43.673366"><ele>343.75</ele><sym>straight</sym></trkpt>
   <trkpt lon="6.964355" lat="43.673644"><ele>347.5</ele></trkpt>
   <trkpt lon="6.964344" lat="43.673859"><ele>349.5</ele></trkpt>
   <trkpt lon="6.964345" lat="43.673994"><ele>350.5</ele></trkpt>
   <trkpt lon="6.964362" lat="43.674045"><ele>351.25</ele></trkpt>
   <trkpt lon="6.964409" lat="43.674083"><ele>352.5</ele></trkpt>
   <trkpt lon="6.964464" lat="43.674076"><ele>353.75</ele></trkpt>
   <trkpt lon="6.964552" lat="43.673952"><ele>354.75</ele></trkpt>
   <trkpt lon="6.964637" lat="43.673857"><ele>355.75</ele></trkpt>
   <trkpt lon="6.965253" lat="43.673441"><ele>359.5</ele></trkpt>
   <trkpt lon="6.965369" lat="43.673411"><ele>360.5</ele><sym>left</sym></trkpt>
   <trkpt lon="6.965422" lat="43.673414"><ele>361.0</ele></trkpt>
   <trkpt lon="6.965466" lat="43.673442"><ele>362.5</ele><sym>left</sym></trkpt>
   <trkpt lon="6.965220" lat="43.673848"><ele>367.75</ele></trkpt>
   <trkpt lon="6.964965" lat="43.674385"><ele>372.5</ele></trkpt>
   <trkpt lon="6.964951" lat="43.674518"><ele>373.75</ele></trkpt>
   <trkpt lon="6.965012" lat="43.674689"><ele>376.0</ele></trkpt>
   <trkpt lon="6.965662" lat="43.675405"><ele>387.5</ele></trkpt>
   <trkpt lon="6.965905" lat="43.675558"><ele>392.25</ele></trkpt>
   <trkpt lon="6.966009" lat="43.675633"><ele>394.0</ele></trkpt>
   <trkpt lon="6.966127" lat="43.675775"><ele>395.5</ele></trkpt>
   <trkpt lon="6.966230" lat="43.675925"><ele>396.25</ele></trkpt>
   <trkpt lon="6.966487" lat="43.676266"><ele>400.5</ele></trkpt>
   <trkpt lon="6.966619" lat="43.676349"><ele>403.0</ele></trkpt>
   <trkpt lon="6.966775" lat="43.676459"><ele>404.75</ele></trkpt>
   <trkpt lon="6.966947" lat="43.676641"><ele>406.5</ele></trkpt>
   <trkpt lon="6.967098" lat="43.676784"><ele>406.75</ele></trkpt>
   <trkpt lon="6.967218" lat="43.676848"><ele>408.75</ele></trkpt>
   <trkpt lon="6.967432" lat="43.676949"><ele>409.5</ele></trkpt>
   <trkpt lon="6.967599" lat="43.677041"><ele>410.5</ele></trkpt>
   <trkpt lon="6.968034" lat="43.677395"><ele>413.5</ele></trkpt>
   <trkpt lon="6.968502" lat="43.677711"><ele>415.5</ele></trkpt>
   <trkpt lon="6.968666" lat="43.677826"><ele>415.75</ele></trkpt>
   <trkpt lon="6.968976" lat="43.678112"><ele>417.0</ele></trkpt>
   <trkpt lon="6.969432" lat="43.678524"><ele>417.0</ele></trkpt>
   <trkpt lon="6.969637" lat="43.678689"><ele>416.25</ele></trkpt>
   <trkpt lon="6.969904" lat="43.678854"><ele>414.75</ele></trkpt>
   <trkpt lon="6.970109" lat="43.678935"><ele>414.5</ele></trkpt>
   <trkpt lon="6.970387" lat="43.679031"><ele>414.0</ele></trkpt>
   <trkpt lon="6.971168" lat="43.679240"><ele>409.75</ele></trkpt>
   <trkpt lon="6.971452" lat="43.679309"><ele>409.0</ele><sym>right</sym></trkpt>
   <trkpt lon="6.971517" lat="43.679197"><ele>411.75</ele></trkpt>
   <trkpt lon="6.971561" lat="43.679156"><ele>412.75</ele></trkpt>
   <trkpt lon="6.971590" lat="43.679129"><ele>413.75</ele></trkpt>
   <trkpt lon="6.971681" lat="43.679080"><ele>415.25</ele></trkpt>
   <trkpt lon="6.971861" lat="43.679003"><ele>416.75</ele></trkpt>
   <trkpt lon="6.972181" lat="43.678895"><ele>417.0</ele></trkpt>
   <trkpt lon="6.972526" lat="43.678741"><ele>418.0</ele></trkpt>
   <trkpt lon="6.972655" lat="43.678654"><ele>419.25</ele></trkpt>
   <trkpt lon="6.972729" lat="43.678587"><ele>420.0</ele></trkpt>
   <trkpt lon="6.972850" lat="43.678444"><ele>421.0</ele></trkpt>
   <trkpt lon="6.972919" lat="43.678316"><ele>422.0</ele></trkpt>
   <trkpt lon="6.972965" lat="43.678170"><ele>422.25</ele></trkpt>
   <trkpt lon="6.973005" lat="43.677847"><ele>424.0</ele></trkpt>
   <trkpt lon="6.973025" lat="43.677544"><ele>425.5</ele><sym>pass_place</sym><type>Shaping</type></trkpt>
   <trkpt lon="6.973025" lat="43.677544"><ele>425.5</ele></trkpt>
   <trkpt lon="6.973005" lat="43.677847"><ele>424.0</ele></trkpt>
   <trkpt lon="6.972965" lat="43.678170"><ele>422.25</ele></trkpt>
   <trkpt lon="6.972919" lat="43.678316"><ele>422.0</ele></trkpt>
   <trkpt lon="6.972850" lat="43.678444"><ele>421.0</ele></trkpt>
   <trkpt lon="6.972729" lat="43.678587"><ele>420.0</ele></trkpt>
   <trkpt lon="6.972655" lat="43.678654"><ele>419.25</ele></trkpt>
   <trkpt lon="6.972526" lat="43.678741"><ele>418.0</ele></trkpt>
   <trkpt lon="6.972181" lat="43.678895"><ele>417.0</ele></trkpt>
   <trkpt lon="6.971861" lat="43.679003"><ele>416.75</ele></trkpt>
   <trkpt lon="6.971681" lat="43.679080"><ele>415.25</ele></trkpt>
   <trkpt lon="6.971590" lat="43.679129"><ele>413.75</ele></trkpt>
   <trkpt lon="6.971561" lat="43.679156"><ele>412.75</ele></trkpt>
   <trkpt lon="6.971517" lat="43.679197"><ele>411.75</ele></trkpt>
   <trkpt lon="6.971452" lat="43.679309"><ele>409.0</ele></trkpt>
   <trkpt lon="6.971430" lat="43.679356"><ele>407.5</ele></trkpt>
   <trkpt lon="6.971319" lat="43.679589"><ele>406.75</ele></trkpt>
   <trkpt lon="6.971258" lat="43.679726"><ele>409.0</ele></trkpt>
   <trkpt lon="6.971242" lat="43.679775"><ele>409.0</ele></trkpt>
   <trkpt lon="6.971219" lat="43.679886"><ele>409.25</ele></trkpt>
   <trkpt lon="6.971218" lat="43.679956"><ele>409.5</ele></trkpt>
   <trkpt lon="6.971236" lat="43.680064"><ele>409.75</ele><sym>right_slight</sym></trkpt>
   <trkpt lon="6.971273" lat="43.680134"><ele>410.0</ele></trkpt>
   <trkpt lon="6.971302" lat="43.680169"><ele>410.5</ele></trkpt>
   <trkpt lon="6.971330" lat="43.680193"><ele>410.75</ele></trkpt>
   <trkpt lon="6.971397" lat="43.680231"><ele>411.75</ele><sym>left_slight</sym></trkpt>
   <trkpt lon="6.971435" lat="43.680255"><ele>411.75</ele></trkpt>
   <trkpt lon="6.971450" lat="43.680264"><ele>411.75</ele></trkpt>
   <trkpt lon="6.971465" lat="43.680284"><ele>412.0</ele></trkpt>
   <trkpt lon="6.971478" lat="43.680323"><ele>412.0</ele><sym>roundabout_e2</sym></trkpt>
   <trkpt lon="6.971522" lat="43.680329"><ele>412.0</ele></trkpt>
   <trkpt lon="6.971588" lat="43.680362"><ele>412.25</ele></trkpt>
   <trkpt lon="6.971620" lat="43.680407"><ele>412.25</ele></trkpt>
   <trkpt lon="6.971632" lat="43.680442"><ele>412.5</ele></trkpt>
   <trkpt lon="6.971620" lat="43.680503"><ele>412.75</ele></trkpt>
   <trkpt lon="6.971638" lat="43.680596"><ele>413.25</ele></trkpt>
   <trkpt lon="6.971646" lat="43.680632"><ele>413.75</ele></trkpt>
   <trkpt lon="6.971676" lat="43.680686"><ele>414.25</ele><sym>right_slight</sym></trkpt>
   <trkpt lon="6.971824" lat="43.680777"><ele>414.25</ele></trkpt>
   <trkpt lon="6.971852" lat="43.680796"><ele>414.25</ele></trkpt>
   <trkpt lon="6.971915" lat="43.680843"><ele>414.0</ele></trkpt>
   <trkpt lon="6.971946" lat="43.680884"><ele>413.75</ele></trkpt>
   <trkpt lon="6.971960" lat="43.680934"><ele>413.5</ele></trkpt>
   <trkpt lon="6.971959" lat="43.681003"><ele>413.25</ele></trkpt>
   <trkpt lon="6.971944" lat="43.681064"><ele>413.0</ele></trkpt>
   <trkpt lon="6.971881" lat="43.681204"><ele>412.0</ele></trkpt>
   <trkpt lon="6.971844" lat="43.681266"><ele>411.5</ele></trkpt>
   <trkpt lon="6.971788" lat="43.681360"><ele>411.0</ele></trkpt>
   <trkpt lon="6.971759" lat="43.681442"><ele>411.0</ele></trkpt>
   <trkpt lon="6.971754" lat="43.681513"><ele>410.75</ele></trkpt>
   <trkpt lon="6.971782" lat="43.681609"><ele>409.75</ele></trkpt>
   <trkpt lon="6.971832" lat="43.681697"><ele>409.5</ele></trkpt>
   <trkpt lon="6.971914" lat="43.681771"><ele>409.5</ele></trkpt>
   <trkpt lon="6.972065" lat="43.681833"><ele>409.0</ele></trkpt>
   <trkpt lon="6.972404" lat="43.681945"><ele>407.5</ele></trkpt>
   <trkpt lon="6.972483" lat="43.681973"><ele>408.0</ele></trkpt>
   <trkpt lon="6.972944" lat="43.682126"><ele>406.5</ele></trkpt>
   <trkpt lon="6.973462" lat="43.682298"><ele>404.0</ele></trkpt>
   <trkpt lon="6.973591" lat="43.682351"><ele>403.0</ele></trkpt>
   <trkpt lon="6.973759" lat="43.682463"><ele>402.75</ele></trkpt>
   <trkpt lon="6.973938" lat="43.682551"><ele>403.5</ele></trkpt>
   <trkpt lon="6.974061" lat="43.682603"><ele>403.75</ele></trkpt>
   <trkpt lon="6.974194" lat="43.682644"><ele>403.75</ele></trkpt>
   <trkpt lon="6.974670" lat="43.682751"><ele>400.5</ele></trkpt>
   <trkpt lon="6.974851" lat="43.682810"><ele>400.75</ele></trkpt>
   <trkpt lon="6.975022" lat="43.682878"><ele>401.5</ele></trkpt>
   <trkpt lon="6.975057" lat="43.682898"><ele>401.0</ele></trkpt>
   <trkpt lon="6.975166" lat="43.682958"><ele>399.25</ele></trkpt>
   <trkpt lon="6.975362" lat="43.683112"><ele>397.5</ele></trkpt>
   <trkpt lon="6.975421" lat="43.683148"><ele>397.25</ele></trkpt>
   <trkpt lon="6.975540" lat="43.683235"><ele>396.75</ele></trkpt>
   <trkpt lon="6.975642" lat="43.683299"><ele>396.5</ele></trkpt>
   <trkpt lon="6.975701" lat="43.683347"><ele>396.5</ele></trkpt>
   <trkpt lon="6.975803" lat="43.683447"><ele>395.75</ele></trkpt>
   <trkpt lon="6.975900" lat="43.683574"><ele>394.5</ele></trkpt>
   <trkpt lon="6.976068" lat="43.683884"><ele>393.0</ele></trkpt>
   <trkpt lon="6.976161" lat="43.684007"><ele>393.0</ele></trkpt>
   <trkpt lon="6.976657" lat="43.684438"><ele>390.0</ele></trkpt>
   <trkpt lon="6.977166" lat="43.684912"><ele>386.75</ele></trkpt>
   <trkpt lon="6.977276" lat="43.685079"><ele>386.75</ele></trkpt>
   <trkpt lon="6.977344" lat="43.685229"><ele>385.75</ele></trkpt>
   <trkpt lon="6.977420" lat="43.685339"><ele>385.0</ele></trkpt>
   <trkpt lon="6.977513" lat="43.685417"><ele>384.5</ele></trkpt>
   <trkpt lon="6.978091" lat="43.685794"><ele>382.25</ele></trkpt>
   <trkpt lon="6.978275" lat="43.685925"><ele>382.0</ele></trkpt>
   <trkpt lon="6.978420" lat="43.686061"><ele>381.0</ele></trkpt>
   <trkpt lon="6.978535" lat="43.686240"><ele>380.0</ele></trkpt>
   <trkpt lon="6.978621" lat="43.686399"><ele>379.5</ele></trkpt>
   <trkpt lon="6.978667" lat="43.686481"><ele>378.75</ele></trkpt>
   <trkpt lon="6.978840" lat="43.686788"><ele>377.5</ele></trkpt>
   <trkpt lon="6.978904" lat="43.686916"><ele>377.25</ele></trkpt>
   <trkpt lon="6.978933" lat="43.687056"><ele>376.25</ele></trkpt>
   <trkpt lon="6.978940" lat="43.687228"><ele>375.5</ele></trkpt>
   <trkpt lon="6.978864" lat="43.687758"><ele>373.5</ele></trkpt>
   <trkpt lon="6.978862" lat="43.687909"><ele>373.0</ele></trkpt>
   <trkpt lon="6.978883" lat="43.688093"><ele>372.25</ele></trkpt>
   <trkpt lon="6.978940" lat="43.688266"><ele>371.75</ele></trkpt>
   <trkpt lon="6.979027" lat="43.688434"><ele>371.25</ele></trkpt>
   <trkpt lon="6.979227" lat="43.688731"><ele>369.5</ele></trkpt>
   <trkpt lon="6.979425" lat="43.689025"><ele>368.25</ele></trkpt>
   <trkpt lon="6.979482" lat="43.689149"><ele>367.5</ele></trkpt>
   <trkpt lon="6.979521" lat="43.689274"><ele>366.75</ele></trkpt>
   <trkpt lon="6.979538" lat="43.689452"><ele>366.25</ele></trkpt>
   <trkpt lon="6.979571" lat="43.690064"><ele>365.0</ele></trkpt>
   <trkpt lon="6.979598" lat="43.690243"><ele>363.0</ele></trkpt>
   <trkpt lon="6.979607" lat="43.690298"><ele>362.5</ele></trkpt>
   <trkpt lon="6.979611" lat="43.690315"><ele>362.5</ele></trkpt>
   <trkpt lon="6.979625" lat="43.690381"><ele>362.75</ele></trkpt>
   <trkpt lon="6.979665" lat="43.690479"><ele>362.5</ele><sym>pass_place</sym><type>Shaping</type></trkpt>
   <trkpt lon="6.979667" lat="43.690484"><ele>362.5</ele></trkpt>
   <trkpt lon="6.980007" lat="43.691315"><ele>358.75</ele></trkpt>
   <trkpt lon="6.980150" lat="43.691698"><ele>357.0</ele></trkpt>
   <trkpt lon="6.980175" lat="43.691781"><ele>356.5</ele></trkpt>
   <trkpt lon="6.980187" lat="43.691873"><ele>356.0</ele></trkpt>
   <trkpt lon="6.980176" lat="43.691959"><ele>356.0</ele></trkpt>
   <trkpt lon="6.980166" lat="43.691991"><ele>355.75</ele></trkpt>
   <trkpt lon="6.980109" lat="43.692130"><ele>355.0</ele></trkpt>
   <trkpt lon="6.980028" lat="43.692237"><ele>355.0</ele></trkpt>
   <trkpt lon="6.979943" lat="43.692311"><ele>354.5</ele></trkpt>
   <trkpt lon="6.979685" lat="43.692467"><ele>352.75</ele></trkpt>
   <trkpt lon="6.979608" lat="43.692533"><ele>352.75</ele></trkpt>
   <trkpt lon="6.979551" lat="43.692603"><ele>352.75</ele></trkpt>
   <trkpt lon="6.979502" lat="43.692696"><ele>352.25</ele></trkpt>
   <trkpt lon="6.979358" lat="43.693157"><ele>350.5</ele></trkpt>
   <trkpt lon="6.979278" lat="43.693314"><ele>349.25</ele></trkpt>
   <trkpt lon="6.979088" lat="43.693540"><ele>349.75</ele></trkpt>
   <trkpt lon="6.979019" lat="43.693612"><ele>349.5</ele></trkpt>
   <trkpt lon="6.978934" lat="43.693719"><ele>348.75</ele></trkpt>
   <trkpt lon="6.978876" lat="43.693837"><ele>347.75</ele></trkpt>
   <trkpt lon="6.978849" lat="43.693963"><ele>347.25</ele></trkpt>
   <trkpt lon="6.978849" lat="43.694087"><ele>347.0</ele></trkpt>
   <trkpt lon="6.978880" lat="43.694365"><ele>345.25</ele></trkpt>
   <trkpt lon="6.978877" lat="43.694464"><ele>345.0</ele></trkpt>
   <trkpt lon="6.978864" lat="43.694562"><ele>344.75</ele></trkpt>
   <trkpt lon="6.978837" lat="43.694652"><ele>344.75</ele></trkpt>
   <trkpt lon="6.978793" lat="43.694745"><ele>344.25</ele></trkpt>
   <trkpt lon="6.978660" lat="43.694974"><ele>341.5</ele></trkpt>
   <trkpt lon="6.978553" lat="43.695157"><ele>341.0</ele></trkpt>
   <trkpt lon="6.978515" lat="43.695236"><ele>341.0</ele></trkpt>
   <trkpt lon="6.978480" lat="43.695336"><ele>340.75</ele></trkpt>
   <trkpt lon="6.978466" lat="43.695421"><ele>340.25</ele></trkpt>
   <trkpt lon="6.978469" lat="43.695689"><ele>338.5</ele></trkpt>
   <trkpt lon="6.978448" lat="43.695787"><ele>338.5</ele></trkpt>
   <trkpt lon="6.978405" lat="43.695887"><ele>338.25</ele></trkpt>
   <trkpt lon="6.978336" lat="43.695996"><ele>337.5</ele></trkpt>
   <trkpt lon="6.977640" lat="43.696641"><ele>335.5</ele></trkpt>
   <trkpt lon="6.977625" lat="43.696655"><ele>335.25</ele></trkpt>
   <trkpt lon="6.977522" lat="43.696750"><ele>334.0</ele></trkpt>
   <trkpt lon="6.977398" lat="43.696893"><ele>332.5</ele></trkpt>
   <trkpt lon="6.977334" lat="43.696992"><ele>331.0</ele></trkpt>
   <trkpt lon="6.977298" lat="43.697085"><ele>330.75</ele></trkpt>
   <trkpt lon="6.977278" lat="43.697171"><ele>330.75</ele></trkpt>
   <trkpt lon="6.977269" lat="43.697256"><ele>330.5</ele></trkpt>
   <trkpt lon="6.977290" lat="43.697428"><ele>329.75</ele></trkpt>
   <trkpt lon="6.977320" lat="43.697519"><ele>329.25</ele></trkpt>
   <trkpt lon="6.977377" lat="43.697622"><ele>329.5</ele></trkpt>
   <trkpt lon="6.977430" lat="43.697695"><ele>330.0</ele></trkpt>
   <trkpt lon="6.977488" lat="43.697753"><ele>330.5</ele></trkpt>
   <trkpt lon="6.977600" lat="43.697847"><ele>330.75</ele></trkpt>
   <trkpt lon="6.977715" lat="43.697920"><ele>331.25</ele></trkpt>
   <trkpt lon="6.977865" lat="43.697989"><ele>331.25</ele></trkpt>
   <trkpt lon="6.978029" lat="43.698050"><ele>330.25</ele></trkpt>
   <trkpt lon="6.978135" lat="43.698079"><ele>331.0</ele></trkpt>
   <trkpt lon="6.978260" lat="43.698104"><ele>332.25</ele></trkpt>
   <trkpt lon="6.978368" lat="43.698106"><ele>332.5</ele></trkpt>
   <trkpt lon="6.978740" lat="43.698112"><ele>331.75</ele></trkpt>
   <trkpt lon="6.978862" lat="43.698127"><ele>331.75</ele></trkpt>
   <trkpt lon="6.979002" lat="43.698156"><ele>331.25</ele></trkpt>
   <trkpt lon="6.979159" lat="43.698216"><ele>331.25</ele></trkpt>
   <trkpt lon="6.979318" lat="43.698290"><ele>329.75</ele></trkpt>
   <trkpt lon="6.979619" lat="43.698435"><ele>328.0</ele></trkpt>
   <trkpt lon="6.979746" lat="43.698501"><ele>328.0</ele></trkpt>
   <trkpt lon="6.979898" lat="43.698563"><ele>327.25</ele></trkpt>
   <trkpt lon="6.980069" lat="43.698622"><ele>326.75</ele></trkpt>
   <trkpt lon="6.980194" lat="43.698649"><ele>326.5</ele></trkpt>
   <trkpt lon="6.980322" lat="43.698666"><ele>326.0</ele></trkpt>
   <trkpt lon="6.980451" lat="43.698675"><ele>325.75</ele></trkpt>
   <trkpt lon="6.980594" lat="43.698672"><ele>325.25</ele></trkpt>
   <trkpt lon="6.980711" lat="43.698658"><ele>325.0</ele></trkpt>
   <trkpt lon="6.980928" lat="43.698615"><ele>324.25</ele></trkpt>
   <trkpt lon="6.981152" lat="43.698557"><ele>323.75</ele></trkpt>
   <trkpt lon="6.981404" lat="43.698475"><ele>323.5</ele></trkpt>
   <trkpt lon="6.981550" lat="43.698408"><ele>322.75</ele></trkpt>
   <trkpt lon="6.981648" lat="43.698363"><ele>322.5</ele></trkpt>
   <trkpt lon="6.981790" lat="43.698313"><ele>321.0</ele></trkpt>
   <trkpt lon="6.981804" lat="43.698308"><ele>321.0</ele><sym>left_slight</sym></trkpt>
   <trkpt lon="6.981903" lat="43.698335"><ele>322.0</ele><sym>straight</sym></trkpt>
   <trkpt lon="6.982014" lat="43.698364"><ele>323.0</ele></trkpt>
   <trkpt lon="6.982061" lat="43.698366"><ele>323.5</ele><sym>right_slight</sym></trkpt>
   <trkpt lon="6.982112" lat="43.698341"><ele>323.25</ele></trkpt>
   <trkpt lon="6.982280" lat="43.698279"><ele>323.0</ele></trkpt>
   <trkpt lon="6.982473" lat="43.698217"><ele>322.75</ele></trkpt>
   <trkpt lon="6.983043" lat="43.698051"><ele>323.5</ele></trkpt>
   <trkpt lon="6.983285" lat="43.697987"><ele>324.0</ele></trkpt>
   <trkpt lon="6.983435" lat="43.697969"><ele>324.25</ele></trkpt>
   <trkpt lon="6.983601" lat="43.697977"><ele>325.0</ele></trkpt>
   <trkpt lon="6.983909" lat="43.698056"><ele>325.75</ele></trkpt>
   <trkpt lon="6.984411" lat="43.698259"><ele>326.75</ele></trkpt>
   <trkpt lon="6.984502" lat="43.698304"><ele>326.5</ele></trkpt>
   <trkpt lon="6.984956" lat="43.698566"><ele>327.5</ele></trkpt>
   <trkpt lon="6.985357" lat="43.698828"><ele>328.25</ele></trkpt>
   <trkpt lon="6.985547" lat="43.698978"><ele>329.25</ele></trkpt>
   <trkpt lon="6.985693" lat="43.699109"><ele>328.5</ele></trkpt>
   <trkpt lon="6.985793" lat="43.699231"><ele>329.25</ele></trkpt>
   <trkpt lon="6.986301" lat="43.699678"><ele>328.5</ele></trkpt>
   <trkpt lon="6.986374" lat="43.699745"><ele>328.5</ele></trkpt>
   <trkpt lon="6.986396" lat="43.699781"><ele>329.0</ele></trkpt>
   <trkpt lon="6.986469" lat="43.699839"><ele>329.5</ele></trkpt>
   <trkpt lon="6.986557" lat="43.699891"><ele>329.75</ele></trkpt>
   <trkpt lon="6.986573" lat="43.699898"><ele>329.75</ele></trkpt>
   <trkpt lon="6.986933" lat="43.700074"><ele>329.5</ele></trkpt>
   <trkpt lon="6.987161" lat="43.700167"><ele>330.25</ele><sym>stay_left</sym></trkpt>
   <trkpt lon="6.987158" lat="43.700169"><ele>330.5</ele><sym>pass_place</sym><type>Shaping</type></trkpt>
   <trkpt lon="6.987161" lat="43.700167"><ele>330.25</ele></trkpt>
   <trkpt lon="6.987279" lat="43.700214"><ele>330.5</ele></trkpt>
   <trkpt lon="6.987469" lat="43.700320"><ele>330.0</ele></trkpt>
   <trkpt lon="6.987623" lat="43.700431"><ele>330.25</ele></trkpt>
   <trkpt lon="6.987653" lat="43.700453"><ele>330.0</ele><sym>left_slight</sym></trkpt>
   <trkpt lon="6.987835" lat="43.700637"><ele>329.75</ele></trkpt>
   <trkpt lon="6.988032" lat="43.700743"><ele>330.25</ele></trkpt>
   <trkpt lon="6.988223" lat="43.700829"><ele>331.5</ele></trkpt>
   <trkpt lon="6.988407" lat="43.700938"><ele>332.75</ele></trkpt>
   <trkpt lon="6.988495" lat="43.701003"><ele>333.25</ele></trkpt>
   <trkpt lon="6.988777" lat="43.701139"><ele>335.5</ele></trkpt>
   <trkpt lon="6.989056" lat="43.701235"><ele>336.0</ele></trkpt>
   <trkpt lon="6.989127" lat="43.701283"><ele>336.25</ele><sym>left_slight</sym></trkpt>
   <trkpt lon="6.989153" lat="43.701340"><ele>336.5</ele></trkpt>
   <trkpt lon="6.989248" lat="43.701486"><ele>335.75</ele><sym>left_slight</sym></trkpt>
   <trkpt lon="6.989214" lat="43.701592"><ele>334.0</ele></trkpt>
   <trkpt lon="6.989121" lat="43.701630"><ele>333.5</ele></trkpt>
   <trkpt lon="6.988959" lat="43.701651"><ele>333.25</ele></trkpt>
   <trkpt lon="6.988794" lat="43.701684"><ele>334.0</ele></trkpt>
   <trkpt lon="6.988719" lat="43.701705"><ele>334.75</ele></trkpt>
   <trkpt lon="6.988647" lat="43.701735"><ele>335.0</ele></trkpt>
   <trkpt lon="6.988588" lat="43.701787"><ele>334.5</ele></trkpt>
   <trkpt lon="6.988577" lat="43.701833"><ele>333.5</ele></trkpt>
   <trkpt lon="6.988581" lat="43.701892"><ele>331.5</ele></trkpt>
   <trkpt lon="6.988598" lat="43.702040"><ele>328.75</ele></trkpt>
   <trkpt lon="6.988571" lat="43.702108"><ele>329.0</ele></trkpt>
   <trkpt lon="6.988508" lat="43.702204"><ele>330.75</ele></trkpt>
   <trkpt lon="6.988486" lat="43.702263"><ele>331.75</ele></trkpt>
   <trkpt lon="6.988497" lat="43.702328"><ele>332.0</ele></trkpt>
   <trkpt lon="6.988520" lat="43.702381"><ele>331.75</ele></trkpt>
   <trkpt lon="6.988602" lat="43.702456"><ele>329.75</ele></trkpt>
   <trkpt lon="6.988722" lat="43.702614"><ele>327.5</ele></trkpt>
   <trkpt lon="6.988749" lat="43.702646"><ele>327.0</ele></trkpt>
   <trkpt lon="6.988847" lat="43.702742"><ele>325.5</ele></trkpt>
   <trkpt lon="6.989112" lat="43.703131"><ele>319.25</ele></trkpt>
   <trkpt lon="6.989225" lat="43.703414"><ele>314.25</ele></trkpt>
   <trkpt lon="6.989282" lat="43.703795"><ele>310.75</ele></trkpt>
   <trkpt lon="6.989350" lat="43.703923"><ele>309.5</ele></trkpt>
   <trkpt lon="6.989431" lat="43.704009"><ele>307.75</ele></trkpt>
   <trkpt lon="6.989533" lat="43.704074"><ele>306.25</ele></trkpt>
   <trkpt lon="6.989700" lat="43.704124"><ele>303.5</ele></trkpt>
   <trkpt lon="6.989892" lat="43.704119"><ele>299.5</ele></trkpt>
   <trkpt lon="6.990047" lat="43.704066"><ele>296.75</ele></trkpt>
   <trkpt lon="6.990170" lat="43.703980"><ele>295.0</ele></trkpt>
   <trkpt lon="6.990243" lat="43.703869"><ele>294.5</ele></trkpt>
   <trkpt lon="6.990267" lat="43.703761"><ele>293.5</ele></trkpt>
   <trkpt lon="6.990272" lat="43.703604"><ele>293.0</ele></trkpt>
   <trkpt lon="6.990226" lat="43.703181"><ele>293.0</ele><sym>left</sym></trkpt>
   <trkpt lon="6.990361" lat="43.703190"><ele>289.75</ele></trkpt>
   <trkpt lon="6.990464" lat="43.703241"><ele>288.0</ele></trkpt>
   <trkpt lon="6.990532" lat="43.703302"><ele>287.75</ele></trkpt>
   <trkpt lon="6.990791" lat="43.703493"><ele>282.75</ele><sym>left</sym></trkpt>
   <trkpt lon="6.990702" lat="43.703716"><ele>285.75</ele></trkpt>
   <trkpt lon="6.990652" lat="43.703932"><ele>285.75</ele></trkpt>
   <trkpt lon="6.990629" lat="43.704293"><ele>284.75</ele></trkpt>
   <trkpt lon="6.990672" lat="43.705561"><ele>279.25</ele></trkpt>
   <trkpt lon="6.990612" lat="43.705835"><ele>277.0</ele></trkpt>
   <trkpt lon="6.990456" lat="43.706098"><ele>275.5</ele></trkpt>
   <trkpt lon="6.989861" lat="43.706827"><ele>272.75</ele></trkpt>
   <trkpt lon="6.989687" lat="43.707009"><ele>271.5</ele></trkpt>
   <trkpt lon="6.989630" lat="43.707084"><ele>270.75</ele><sym>straight</sym></trkpt>
   <trkpt lon="6.989123" lat="43.707740"><ele>272.25</ele></trkpt>
   <trkpt lon="6.988887" lat="43.708222"><ele>269.25</ele><sym>right_slight</sym></trkpt>
   <trkpt lon="6.988420" lat="43.709920"><ele>262.25</ele></trkpt>
   <trkpt lon="6.988189" lat="43.710439"><ele>263.25</ele><sym>pass_place</sym><type>Shaping</type></trkpt>
   <trkpt lon="6.988189" lat="43.710441"><ele>263.25</ele></trkpt>
   <trkpt lon="6.987811" lat="43.710757"><ele>264.0</ele></trkpt>
   <trkpt lon="6.987577" lat="43.710900"><ele>262.75</ele></trkpt>
   <trkpt lon="6.987366" lat="43.710998"><ele>261.75</ele></trkpt>
   <trkpt lon="6.987118" lat="43.711085"><ele>261.75</ele></trkpt>
   <trkpt lon="6.986688" lat="43.711215"><ele>262.0</ele></trkpt>
   <trkpt lon="6.986131" lat="43.711378"><ele>262.0</ele></trkpt>
   <trkpt lon="6.985877" lat="43.711462"><ele>261.25</ele></trkpt>
   <trkpt lon="6.985579" lat="43.711586"><ele>260.0</ele></trkpt>
   <trkpt lon="6.985310" lat="43.711721"><ele>260.0</ele></trkpt>
   <trkpt lon="6.985092" lat="43.711858"><ele>260.25</ele></trkpt>
   <trkpt lon="6.984982" lat="43.711969"><ele>259.25</ele></trkpt>
   <trkpt lon="6.984880" lat="43.712095"><ele>256.5</ele></trkpt>
   <trkpt lon="6.984852" lat="43.712142"><ele>256.0</ele></trkpt>
   <trkpt lon="6.984792" lat="43.712235"><ele>255.5</ele></trkpt>
   <trkpt lon="6.984749" lat="43.712318"><ele>254.75</ele></trkpt>
   <trkpt lon="6.984709" lat="43.712425"><ele>254.25</ele></trkpt>
   <trkpt lon="6.984672" lat="43.712617"><ele>252.75</ele></trkpt>
   <trkpt lon="6.984675" lat="43.712751"><ele>252.0</ele></trkpt>
   <trkpt lon="6.984681" lat="43.712850"><ele>251.25</ele></trkpt>
   <trkpt lon="6.984701" lat="43.712952"><ele>250.75</ele></trkpt>
   <trkpt lon="6.984728" lat="43.713036"><ele>250.25</ele></trkpt>
   <trkpt lon="6.984853" lat="43.713299"><ele>248.5</ele></trkpt>
   <trkpt lon="6.984984" lat="43.713455"><ele>248.5</ele><sym>right_slight</sym></trkpt>
   <trkpt lon="6.985268" lat="43.713705"><ele>250.75</ele></trkpt>
   <trkpt lon="6.985524" lat="43.713834"><ele>248.0</ele></trkpt>
   <trkpt lon="6.985768" lat="43.713919"><ele>246.25</ele></trkpt>
   <trkpt lon="6.986276" lat="43.714071"><ele>248.0</ele></trkpt>
   <trkpt lon="6.986777" lat="43.714263"><ele>247.75</ele></trkpt>
   <trkpt lon="6.986975" lat="43.714370"><ele>246.25</ele></trkpt>
   <trkpt lon="6.987146" lat="43.714501"><ele>245.25</ele></trkpt>
   <trkpt lon="6.987281" lat="43.714634"><ele>245.0</ele></trkpt>
   <trkpt lon="6.987368" lat="43.714737"><ele>245.0</ele></trkpt>
   <trkpt lon="6.987476" lat="43.714891"><ele>244.75</ele></trkpt>
   <trkpt lon="6.987587" lat="43.715105"><ele>244.5</ele></trkpt>
   <trkpt lon="6.987947" lat="43.715810"><ele>242.25</ele></trkpt>
   <trkpt lon="6.988225" lat="43.716384"><ele>243.5</ele></trkpt>
   <trkpt lon="6.988494" lat="43.716912"><ele>240.5</ele></trkpt>
   <trkpt lon="6.988571" lat="43.717072"><ele>240.25</ele></trkpt>
   <trkpt lon="6.988761" lat="43.717492"><ele>237.0</ele></trkpt>
   <trkpt lon="6.988820" lat="43.718029"><ele>234.0</ele></trkpt>
   <trkpt lon="6.988803" lat="43.718183"><ele>232.5</ele></trkpt>
   <trkpt lon="6.988777" lat="43.718320"><ele>231.5</ele></trkpt>
   <trkpt lon="6.988791" lat="43.718378"><ele>231.25</ele></trkpt>
   <trkpt lon="6.988826" lat="43.718429"><ele>230.5</ele></trkpt>
   <trkpt lon="6.988901" lat="43.718508"><ele>229.0</ele></trkpt>
   <trkpt lon="6.989132" lat="43.718849"><ele>231.5</ele></trkpt>
   <trkpt lon="6.989312" lat="43.719132"><ele>235.25</ele></trkpt>
   <trkpt lon="6.989364" lat="43.719238"><ele>236.0</ele></trkpt>
   <trkpt lon="6.989414" lat="43.719316"><ele>235.75</ele></trkpt>
   <trkpt lon="6.989487" lat="43.719431"><ele>235.5</ele></trkpt>
   <trkpt lon="6.989694" lat="43.719651"><ele>233.5</ele></trkpt>
   <trkpt lon="6.989893" lat="43.719876"><ele>230.75</ele></trkpt>
   <trkpt lon="6.989988" lat="43.719989"><ele>230.0</ele><sym>left_slight</sym></trkpt>
   <trkpt lon="6.989957" lat="43.720219"><ele>230.0</ele></trkpt>
   <trkpt lon="6.989986" lat="43.720351"><ele>228.5</ele></trkpt>
   <trkpt lon="6.989983" lat="43.720472"><ele>227.25</ele></trkpt>
   <trkpt lon="6.989986" lat="43.720501"><ele>226.75</ele></trkpt>
   <trkpt lon="6.989999" lat="43.720521"><ele>226.25</ele></trkpt>
   <trkpt lon="6.990036" lat="43.720541"><ele>225.25</ele></trkpt>
   <trkpt lon="6.990059" lat="43.720542"><ele>224.75</ele></trkpt>
   <trkpt lon="6.990098" lat="43.720532"><ele>224.0</ele></trkpt>
   <trkpt lon="6.990275" lat="43.720466"><ele>221.25</ele></trkpt>
   <trkpt lon="6.990372" lat="43.720393"><ele>219.75</ele></trkpt>
   <trkpt lon="6.990453" lat="43.720362"><ele>217.75</ele></trkpt>
   <trkpt lon="6.990485" lat="43.720361"><ele>217.0</ele></trkpt>
   <trkpt lon="6.990518" lat="43.720368"><ele>216.0</ele></trkpt>
   <trkpt lon="6.990537" lat="43.720385"><ele>215.25</ele></trkpt>
   <trkpt lon="6.990539" lat="43.720408"><ele>215.0</ele></trkpt>
   <trkpt lon="6.990510" lat="43.720448"><ele>215.25</ele></trkpt>
   <trkpt lon="6.990383" lat="43.720566"><ele>217.0</ele></trkpt>
   <trkpt lon="6.990379" lat="43.720586"><ele>217.0</ele></trkpt>
   <trkpt lon="6.990390" lat="43.720604"><ele>216.5</ele></trkpt>
   <trkpt lon="6.990408" lat="43.720617"><ele>216.0</ele></trkpt>
   <trkpt lon="6.990434" lat="43.720624"><ele>215.25</ele></trkpt>
   <trkpt lon="6.990470" lat="43.720627"><ele>214.25</ele></trkpt>
   <trkpt lon="6.990500" lat="43.720618"><ele>213.5</ele></trkpt>
   <trkpt lon="6.990571" lat="43.720578"><ele>212.25</ele></trkpt>
   <trkpt lon="6.990668" lat="43.720485"><ele>210.5</ele></trkpt>
   <trkpt lon="6.990765" lat="43.720266"><ele>209.0</ele></trkpt>
   <trkpt lon="6.990788" lat="43.720228"><ele>208.25</ele></trkpt>
   <trkpt lon="6.990827" lat="43.720197"><ele>206.75</ele></trkpt>
   <trkpt lon="6.990864" lat="43.720187"><ele>205.75</ele></trkpt>
   <trkpt lon="6.990924" lat="43.720218"><ele>204.25</ele></trkpt>
   <trkpt lon="6.990935" lat="43.720248"><ele>204.25</ele></trkpt>
   <trkpt lon="6.990928" lat="43.720327"><ele>204.25</ele></trkpt>
   <trkpt lon="6.990892" lat="43.720380"><ele>205.0</ele></trkpt>
   <trkpt lon="6.990890" lat="43.720395"><ele>205.0</ele></trkpt>
   <trkpt lon="6.990904" lat="43.720418"><ele>204.75</ele></trkpt>
   <trkpt lon="6.990943" lat="43.720430"><ele>203.75</ele></trkpt>
   <trkpt lon="6.990992" lat="43.720421"><ele>202.75</ele></trkpt>
   <trkpt lon="6.991006" lat="43.720409"><ele>202.25</ele></trkpt>
   <trkpt lon="6.991024" lat="43.720374"><ele>202.0</ele></trkpt>
   <trkpt lon="6.991052" lat="43.720292"><ele>201.25</ele></trkpt>
   <trkpt lon="6.991065" lat="43.720201"><ele>200.75</ele></trkpt>
   <trkpt lon="6.991091" lat="43.720166"><ele>200.0</ele><sym>right_slight</sym></trkpt>
   <trkpt lon="6.991066" lat="43.719976"><ele>199.75</ele></trkpt>
   <trkpt lon="6.991069" lat="43.719902"><ele>198.5</ele></trkpt>
   <trkpt lon="6.991123" lat="43.719797"><ele>195.75</ele></trkpt>
   <trkpt lon="6.991115" lat="43.719744"><ele>195.0</ele></trkpt>
   <trkpt lon="6.991079" lat="43.719677"><ele>194.5</ele></trkpt>
   <trkpt lon="6.990842" lat="43.719313"><ele>191.0</ele></trkpt>
   <trkpt lon="6.990776" lat="43.719229"><ele>190.0</ele></trkpt>
   <trkpt lon="6.990570" lat="43.719044"><ele>189.5</ele></trkpt>
   <trkpt lon="6.990429" lat="43.718966"><ele>192.0</ele></trkpt>
   <trkpt lon="6.990425" lat="43.718944"><ele>191.5</ele><sym>pass_place</sym><type>Shaping</type></trkpt>
   <trkpt lon="6.990449" lat="43.718922"><ele>190.25</ele></trkpt>
   <trkpt lon="6.990501" lat="43.718904"><ele>188.0</ele><sym>left</sym></trkpt>
   <trkpt lon="6.991218" lat="43.719491"><ele>187.75</ele></trkpt>
   <trkpt lon="6.991324" lat="43.719576"><ele>187.5</ele></trkpt>
   <trkpt lon="6.991487" lat="43.719712"><ele>187.75</ele></trkpt>
   <trkpt lon="6.991577" lat="43.719761"><ele>187.0</ele></trkpt>
   <trkpt lon="6.991685" lat="43.719802"><ele>185.5</ele></trkpt>
   <trkpt lon="6.991740" lat="43.719813"><ele>184.75</ele></trkpt>
   <trkpt lon="6.991810" lat="43.719829"><ele>183.75</ele></trkpt>
   <trkpt lon="6.991903" lat="43.719835"><ele>182.25</ele></trkpt>
   <trkpt lon="6.991975" lat="43.719841"><ele>182.5</ele></trkpt>
   <trkpt lon="6.992008" lat="43.719840"><ele>182.75</ele></trkpt>
   <trkpt lon="6.992129" lat="43.719836"><ele>183.5</ele></trkpt>
   <trkpt lon="6.992339" lat="43.719828"><ele>184.75</ele></trkpt>
   <trkpt lon="6.992418" lat="43.719812"><ele>185.5</ele></trkpt>
   <trkpt lon="6.992482" lat="43.719799"><ele>185.5</ele></trkpt>
   <trkpt lon="6.992585" lat="43.719754"><ele>187.25</ele></trkpt>
   <trkpt lon="6.992646" lat="43.719715"><ele>188.5</ele></trkpt>
   <trkpt lon="6.992699" lat="43.719662"><ele>189.75</ele></trkpt>
   <trkpt lon="6.992751" lat="43.719566"><ele>191.25</ele></trkpt>
   <trkpt lon="6.992754" lat="43.719533"><ele>191.25</ele></trkpt>
   <trkpt lon="6.992735" lat="43.719393"><ele>190.75</ele></trkpt>
   <trkpt lon="6.992714" lat="43.719331"><ele>190.5</ele></trkpt>
   <trkpt lon="6.992679" lat="43.719229"><ele>190.0</ele></trkpt>
   <trkpt lon="6.992262" lat="43.718314"><ele>193.75</ele></trkpt>
   <trkpt lon="6.992174" lat="43.718119"><ele>194.25</ele></trkpt>
   <trkpt lon="6.992104" lat="43.717967"><ele>194.25</ele></trkpt>
   <trkpt lon="6.992028" lat="43.717747"><ele>194.0</ele></trkpt>
   <trkpt lon="6.992015" lat="43.717685"><ele>194.0</ele></trkpt>
   <trkpt lon="6.992017" lat="43.717619"><ele>194.0</ele></trkpt>
   <trkpt lon="6.992044" lat="43.717504"><ele>194.75</ele><sym>left_sharp</sym></trkpt>
   <trkpt lon="6.992129" lat="43.717520"><ele>196.25</ele></trkpt>
   <trkpt lon="6.992262" lat="43.717578"><ele>198.25</ele></trkpt>
   <trkpt lon="6.992298" lat="43.717633"><ele>198.75</ele></trkpt>
   <trkpt lon="6.992309" lat="43.717684"><ele>198.75</ele></trkpt>
   <trkpt lon="6.992307" lat="43.717832"><ele>198.0</ele></trkpt>
   <trkpt lon="6.992310" lat="43.717872"><ele>197.75</ele></trkpt>
   <trkpt lon="6.992326" lat="43.717918"><ele>197.75</ele></trkpt>
   <trkpt lon="6.992354" lat="43.717961"><ele>198.0</ele></trkpt>
   <trkpt lon="6.992637" lat="43.718194"><ele>200.25</ele></trkpt>
   <trkpt lon="6.992930" lat="43.718431"><ele>202.5</ele></trkpt>
   <trkpt lon="6.993121" lat="43.718629"><ele>205.5</ele></trkpt>
   <trkpt lon="6.993214" lat="43.718782"><ele>207.0</ele></trkpt>
   <trkpt lon="6.993248" lat="43.718895"><ele>207.5</ele></trkpt>
   <trkpt lon="6.993256" lat="43.718989"><ele>208.0</ele></trkpt>
   <trkpt lon="6.993255" lat="43.719397"><ele>209.25</ele></trkpt>
   <trkpt lon="6.993363" lat="43.719814"><ele>214.0</ele></trkpt>
   <trkpt lon="6.993320" lat="43.720062"><ele>212.0</ele></trkpt>
   <trkpt lon="6.993376" lat="43.720172"><ele>212.25</ele></trkpt>
   <trkpt lon="6.993449" lat="43.720211"><ele>213.0</ele></trkpt>
   <trkpt lon="6.993544" lat="43.720230"><ele>214.0</ele></trkpt>
   <trkpt lon="6.994063" lat="43.720156"><ele>225.5</ele></trkpt>
   <trkpt lon="6.994246" lat="43.720136"><ele>230.0</ele></trkpt>
   <trkpt lon="6.994323" lat="43.720142"><ele>231.0</ele></trkpt>
   <trkpt lon="6.994405" lat="43.720169"><ele>231.25</ele></trkpt>
   <trkpt lon="6.994469" lat="43.720234"><ele>229.5</ele></trkpt>
   <trkpt lon="6.994502" lat="43.720313"><ele>229.5</ele></trkpt>
   <trkpt lon="6.994509" lat="43.720349"><ele>230.75</ele></trkpt>
   <trkpt lon="6.994501" lat="43.720385"><ele>231.5</ele></trkpt>
   <trkpt lon="6.994465" lat="43.720439"><ele>232.25</ele></trkpt>
   <trkpt lon="6.994344" lat="43.720532"><ele>231.5</ele></trkpt>
   <trkpt lon="6.993705" lat="43.720975"><ele>234.0</ele></trkpt>
   <trkpt lon="6.993521" lat="43.721162"><ele>234.0</ele></trkpt>
   <trkpt lon="6.993490" lat="43.721207"><ele>233.5</ele></trkpt>
   <trkpt lon="6.993482" lat="43.721262"><ele>234.5</ele></trkpt>
   <trkpt lon="6.993483" lat="43.721350"><ele>236.5</ele></trkpt>
   <trkpt lon="6.993498" lat="43.721414"><ele>238.0</ele></trkpt>
   <trkpt lon="6.993560" lat="43.721526"><ele>240.5</ele></trkpt>
   <trkpt lon="6.993655" lat="43.721647"><ele>244.0</ele></trkpt>
   <trkpt lon="6.993811" lat="43.721847"><ele>247.75</ele></trkpt>
   <trkpt lon="6.994333" lat="43.722481"><ele>256.5</ele></trkpt>
   <trkpt lon="6.994412" lat="43.722627"><ele>254.75</ele></trkpt>
   <trkpt lon="6.994631" lat="43.722925"><ele>252.75</ele></trkpt>
   <trkpt lon="6.994682" lat="43.723018"><ele>251.5</ele></trkpt>
   <trkpt lon="6.994685" lat="43.723883"><ele>255.5</ele></trkpt>
   <trkpt lon="6.994718" lat="43.723984"><ele>255.0</ele></trkpt>
   <trkpt lon="6.994788" lat="43.724088"><ele>256.25</ele></trkpt>
   <trkpt lon="6.994861" lat="43.724174"><ele>257.75</ele></trkpt>
   <trkpt lon="6.995000" lat="43.724276"><ele>260.25</ele></trkpt>
   <trkpt lon="6.995385" lat="43.724640"><ele>263.5</ele></trkpt>
   <trkpt lon="6.995938" lat="43.725179"><ele>264.75</ele></trkpt>
   <trkpt lon="6.996572" lat="43.725573"><ele>271.5</ele></trkpt>
   <trkpt lon="6.996825" lat="43.725840"><ele>271.75</ele></trkpt>
   <trkpt lon="6.996992" lat="43.726110"><ele>275.5</ele></trkpt>
   <trkpt lon="6.997139" lat="43.726656"><ele>279.5</ele></trkpt>
   <trkpt lon="6.997242" lat="43.726879"><ele>276.0</ele></trkpt>
   <trkpt lon="6.997381" lat="43.727018"><ele>281.75</ele></trkpt>
   <trkpt lon="6.997420" lat="43.727129"><ele>284.5</ele><sym>pass_place</sym><type>Shaping</type></trkpt>
   <trkpt lon="6.997423" lat="43.727135"><ele>284.5</ele></trkpt>
   <trkpt lon="6.997415" lat="43.727256"><ele>286.0</ele></trkpt>
   <trkpt lon="6.997303" lat="43.727368"><ele>283.75</ele></trkpt>
   <trkpt lon="6.997061" lat="43.727573"><ele>280.0</ele></trkpt>
   <trkpt lon="6.996997" lat="43.727679"><ele>280.0</ele></trkpt>
   <trkpt lon="6.997025" lat="43.728296"><ele>287.0</ele></trkpt>
   <trkpt lon="6.997135" lat="43.728956"><ele>292.25</ele></trkpt>
   <trkpt lon="6.997512" lat="43.729945"><ele>296.25</ele></trkpt>
   <trkpt lon="6.997577" lat="43.730118"><ele>297.25</ele></trkpt>
   <trkpt lon="6.997646" lat="43.730302"><ele>297.75</ele></trkpt>
   <trkpt lon="6.997775" lat="43.730458"><ele>301.75</ele></trkpt>
   <trkpt lon="6.998166" lat="43.730897"><ele>307.5</ele></trkpt>
   <trkpt lon="6.998448" lat="43.731418"><ele>315.0</ele></trkpt>
   <trkpt lon="6.998487" lat="43.731706"><ele>311.75</ele></trkpt>
   <trkpt lon="6.998517" lat="43.731783"><ele>311.0</ele></trkpt>
   <trkpt lon="6.998655" lat="43.731970"><ele>312.75</ele></trkpt>
   <trkpt lon="6.998695" lat="43.732053"><ele>312.75</ele></trkpt>
   <trkpt lon="6.998706" lat="43.732141"><ele>311.0</ele></trkpt>
   <trkpt lon="6.998766" lat="43.732258"><ele>312.5</ele></trkpt>
   <trkpt lon="6.998834" lat="43.732361"><ele>315.75</ele></trkpt>
   <trkpt lon="6.998975" lat="43.732823"><ele>320.0</ele></trkpt>
   <trkpt lon="6.999035" lat="43.733254"><ele>319.5</ele></trkpt>
   <trkpt lon="6.999059" lat="43.733452"><ele>322.0</ele></trkpt>
   <trkpt lon="6.999046" lat="43.733568"><ele>322.25</ele></trkpt>
   <trkpt lon="6.998945" lat="43.733836"><ele>317.0</ele></trkpt>
   <trkpt lon="6.998930" lat="43.733910"><ele>316.25</ele></trkpt>
   <trkpt lon="6.998933" lat="43.733941"><ele>316.5</ele></trkpt>
   <trkpt lon="6.999004" lat="43.734134"><ele>321.5</ele></trkpt>
   <trkpt lon="6.999019" lat="43.734255"><ele>324.75</ele></trkpt>
   <trkpt lon="6.999022" lat="43.734694"><ele>334.0</ele></trkpt>
   <trkpt lon="6.999004" lat="43.734883"><ele>333.0</ele></trkpt>
   <trkpt lon="6.998975" lat="43.734966"><ele>330.75</ele></trkpt>
   <trkpt lon="6.998918" lat="43.735129"><ele>329.75</ele></trkpt>
   <trkpt lon="6.998841" lat="43.735298"><ele>330.0</ele></trkpt>
   <trkpt lon="6.998808" lat="43.735421"><ele>328.0</ele></trkpt>
   <trkpt lon="6.998827" lat="43.735542"><ele>328.5</ele></trkpt>
   <trkpt lon="6.998926" lat="43.735703"><ele>331.5</ele></trkpt>
   <trkpt lon="6.998998" lat="43.735786"><ele>334.25</ele></trkpt>
   <trkpt lon="6.999057" lat="43.735842"><ele>336.25</ele></trkpt>
   <trkpt lon="6.999191" lat="43.735930"><ele>337.75</ele></trkpt>
   <trkpt lon="6.999579" lat="43.736122"><ele>341.75</ele></trkpt>
   <trkpt lon="6.999876" lat="43.736325"><ele>345.25</ele></trkpt>
   <trkpt lon="7.000064" lat="43.736540"><ele>348.25</ele></trkpt>
   <trkpt lon="7.000236" lat="43.736848"><ele>352.25</ele></trkpt>
   <trkpt lon="7.000321" lat="43.737302"><ele>357.75</ele></trkpt>
   <trkpt lon="7.000405" lat="43.737821"><ele>364.0</ele></trkpt>
   <trkpt lon="7.000510" lat="43.738619"><ele>373.5</ele></trkpt>
   <trkpt lon="7.000535" lat="43.738780"><ele>373.5</ele></trkpt>
   <trkpt lon="7.000553" lat="43.738927"><ele>371.0</ele></trkpt>
   <trkpt lon="7.000610" lat="43.739180"><ele>373.25</ele></trkpt>
   <trkpt lon="7.000661" lat="43.739583"><ele>374.0</ele></trkpt>
   <trkpt lon="7.000673" lat="43.739918"><ele>378.5</ele></trkpt>
   <trkpt lon="7.000629" lat="43.740277"><ele>382.25</ele></trkpt>
   <trkpt lon="7.000608" lat="43.740557"><ele>386.5</ele></trkpt>
   <trkpt lon="7.000627" lat="43.740662"><ele>392.5</ele></trkpt>
   <trkpt lon="7.000713" lat="43.740806"><ele>410.5</ele></trkpt>
   <trkpt lon="7.000727" lat="43.740908"><ele>416.75</ele></trkpt>
   <trkpt lon="7.000686" lat="43.741009"><ele>414.25</ele></trkpt>
   <trkpt lon="7.000611" lat="43.741102"><ele>406.75</ele></trkpt>
   <trkpt lon="7.000574" lat="43.741191"><ele>405.75</ele></trkpt>
   <trkpt lon="7.000548" lat="43.741329"><ele>408.75</ele></trkpt>
   <trkpt lon="7.000520" lat="43.741481"><ele>410.0</ele></trkpt>
   <trkpt lon="7.000465" lat="43.741674"><ele>407.5</ele></trkpt>
   <trkpt lon="7.000413" lat="43.741763"><ele>403.5</ele></trkpt>
   <trkpt lon="7.000384" lat="43.741788"><ele>400.75</ele></trkpt>
   <trkpt lon="7.000245" lat="43.741869"><ele>390.0</ele></trkpt>
   <trkpt lon="7.000225" lat="43.741879"><ele>388.5</ele></trkpt>
   <trkpt lon="7.000094" lat="43.741977"><ele>381.0</ele></trkpt>
   <trkpt lon="6.999978" lat="43.742114"><ele>377.5</ele></trkpt>
   <trkpt lon="6.999713" lat="43.742581"><ele>372.0</ele><sym>pass_place</sym><type>Shaping</type></trkpt>
   <trkpt lon="6.999660" lat="43.742639"><ele>375.75</ele></trkpt>
   <trkpt lon="6.999220" lat="43.742792"><ele>388.75</ele></trkpt>
   <trkpt lon="6.999135" lat="43.742834"><ele>395.25</ele></trkpt>
   <trkpt lon="6.999099" lat="43.742878"><ele>395.75</ele></trkpt>
   <trkpt lon="6.999078" lat="43.742924"><ele>395.0</ele></trkpt>
   <trkpt lon="6.999068" lat="43.742986"><ele>392.25</ele></trkpt>
   <trkpt lon="6.999105" lat="43.743259"><ele>380.0</ele></trkpt>
   <trkpt lon="6.999080" lat="43.743378"><ele>381.0</ele></trkpt>
   <trkpt lon="6.999033" lat="43.743496"><ele>386.0</ele></trkpt>
   <trkpt lon="6.999001" lat="43.743624"><ele>390.0</ele></trkpt>
   <trkpt lon="6.999011" lat="43.743713"><ele>390.5</ele></trkpt>
   <trkpt lon="6.999032" lat="43.743767"><ele>389.5</ele></trkpt>
   <trkpt lon="6.999113" lat="43.743898"><ele>385.75</ele></trkpt>
   <trkpt lon="6.999167" lat="43.744011"><ele>381.75</ele></trkpt>
   <trkpt lon="6.999170" lat="43.744054"><ele>381.75</ele></trkpt>
   <trkpt lon="6.999164" lat="43.744096"><ele>382.0</ele></trkpt>
   <trkpt lon="6.999090" lat="43.744273"><ele>390.0</ele></trkpt>
   <trkpt lon="6.999072" lat="43.744352"><ele>392.75</ele></trkpt>
   <trkpt lon="6.999059" lat="43.744681"><ele>392.75</ele></trkpt>
   <trkpt lon="6.999041" lat="43.744838"><ele>391.25</ele></trkpt>
   <trkpt lon="6.998982" lat="43.744992"><ele>393.0</ele></trkpt>
   <trkpt lon="6.998847" lat="43.745283"><ele>400.0</ele></trkpt>
   <trkpt lon="6.998773" lat="43.745628"><ele>403.0</ele></trkpt>
   <trkpt lon="6.998711" lat="43.745978"><ele>401.25</ele></trkpt>
   <trkpt lon="6.998653" lat="43.746087"><ele>402.0</ele></trkpt>
   <trkpt lon="6.998495" lat="43.746305"><ele>411.0</ele></trkpt>
   <trkpt lon="6.998403" lat="43.746595"><ele>416.5</ele></trkpt>
   <trkpt lon="6.998346" lat="43.746712"><ele>421.75</ele></trkpt>
   <trkpt lon="6.998258" lat="43.746856"><ele>423.25</ele></trkpt>
   <trkpt lon="6.997861" lat="43.747474"><ele>412.0</ele></trkpt>
   <trkpt lon="6.997713" lat="43.747704"><ele>409.0</ele></trkpt>
   <trkpt lon="6.997672" lat="43.747748"><ele>408.5</ele></trkpt>
   <trkpt lon="6.997564" lat="43.747830"><ele>408.0</ele></trkpt>
   <trkpt lon="6.997537" lat="43.747847"><ele>408.0</ele></trkpt>
   <trkpt lon="6.997355" lat="43.747945"><ele>409.0</ele></trkpt>
   <trkpt lon="6.996693" lat="43.748079"><ele>419.75</ele></trkpt>
   <trkpt lon="6.996604" lat="43.748133"><ele>422.25</ele></trkpt>
   <trkpt lon="6.996539" lat="43.748181"><ele>424.25</ele></trkpt>
   <trkpt lon="6.996487" lat="43.748240"><ele>425.75</ele></trkpt>
   <trkpt lon="6.996440" lat="43.748310"><ele>427.0</ele></trkpt>
   <trkpt lon="6.996401" lat="43.748396"><ele>428.25</ele></trkpt>
   <trkpt lon="6.996380" lat="43.748509"><ele>428.75</ele></trkpt>
   <trkpt lon="6.996390" lat="43.748605"><ele>427.75</ele></trkpt>
   <trkpt lon="6.996490" lat="43.749014"><ele>426.75</ele></trkpt>
   <trkpt lon="6.996528" lat="43.749274"><ele>427.0</ele></trkpt>
   <trkpt lon="6.996503" lat="43.749517"><ele>428.25</ele></trkpt>
   <trkpt lon="6.996433" lat="43.750011"><ele>429.5</ele></trkpt>
   <trkpt lon="6.996358" lat="43.750417"><ele>429.5</ele></trkpt>
   <trkpt lon="6.996319" lat="43.750510"><ele>429.75</ele></trkpt>
   <trkpt lon="6.996290" lat="43.750546"><ele>430.5</ele></trkpt>
   <trkpt lon="6.996221" lat="43.750606"><ele>432.0</ele></trkpt>
   <trkpt lon="6.996163" lat="43.750642"><ele>433.0</ele></trkpt>
   <trkpt lon="6.996016" lat="43.750703"><ele>434.75</ele></trkpt>
   <trkpt lon="6.995890" lat="43.750720"><ele>436.5</ele></trkpt>
   <trkpt lon="6.995801" lat="43.750714"><ele>438.0</ele></trkpt>
   <trkpt lon="6.995717" lat="43.750697"><ele>439.0</ele></trkpt>
   <trkpt lon="6.995078" lat="43.750480"><ele>446.0</ele></trkpt>
   <trkpt lon="6.994993" lat="43.750467"><ele>445.5</ele></trkpt>
   <trkpt lon="6.994861" lat="43.750470"><ele>444.75</ele></trkpt>
   <trkpt lon="6.994645" lat="43.750495"><ele>442.75</ele></trkpt>
   <trkpt lon="6.994118" lat="43.750580"><ele>444.5</ele></trkpt>
   <trkpt lon="6.993783" lat="43.750655"><ele>449.0</ele></trkpt>
   <trkpt lon="6.993663" lat="43.750699"><ele>449.75</ele></trkpt>
   <trkpt lon="6.993589" lat="43.750752"><ele>449.5</ele></trkpt>
   <trkpt lon="6.993472" lat="43.750859"><ele>450.0</ele></trkpt>
   <trkpt lon="6.993411" lat="43.750959"><ele>450.75</ele></trkpt>
   <trkpt lon="6.993384" lat="43.751038"><ele>450.25</ele></trkpt>
   <trkpt lon="6.993377" lat="43.751102"><ele>449.5</ele></trkpt>
   <trkpt lon="6.993452" lat="43.751883"><ele>454.75</ele></trkpt>
   <trkpt lon="6.993436" lat="43.751963"><ele>455.25</ele></trkpt>
   <trkpt lon="6.993389" lat="43.752063"><ele>453.25</ele></trkpt>
   <trkpt lon="6.993323" lat="43.752119"><ele>452.75</ele></trkpt>
   <trkpt lon="6.993212" lat="43.752182"><ele>452.75</ele></trkpt>
   <trkpt lon="6.992948" lat="43.752267"><ele>455.25</ele></trkpt>
   <trkpt lon="6.992780" lat="43.752329"><ele>455.25</ele></trkpt>
   <trkpt lon="6.991917" lat="43.752873"><ele>461.5</ele></trkpt>
   <trkpt lon="6.991780" lat="43.752975"><ele>461.0</ele></trkpt>
   <trkpt lon="6.991646" lat="43.753115"><ele>460.5</ele></trkpt>
   <trkpt lon="6.990985" lat="43.754103"><ele>466.0</ele></trkpt>
   <trkpt lon="6.990933" lat="43.754284"><ele>465.25</ele></trkpt>
   <trkpt lon="6.990932" lat="43.754845"><ele>462.25</ele></trkpt>
   <trkpt lon="6.990908" lat="43.754941"><ele>462.0</ele></trkpt>
   <trkpt lon="6.990850" lat="43.755089"><ele>461.0</ele><sym>pass_place</sym><type>Shaping</type></trkpt>
   <trkpt lon="6.990849" lat="43.755092"><ele>461.0</ele></trkpt>
   <trkpt lon="6.990748" lat="43.755239"><ele>460.75</ele></trkpt>
   <trkpt lon="6.990505" lat="43.755447"><ele>462.25</ele></trkpt>
   <trkpt lon="6.990284" lat="43.755670"><ele>464.25</ele></trkpt>
   <trkpt lon="6.990240" lat="43.755753"><ele>464.25</ele></trkpt>
   <trkpt lon="6.990105" lat="43.756187"><ele>466.25</ele></trkpt>
   <trkpt lon="6.990037" lat="43.756729"><ele>468.5</ele></trkpt>
   <trkpt lon="6.990108" lat="43.757792"><ele>472.0</ele></trkpt>
   <trkpt lon="6.990155" lat="43.758309"><ele>473.25</ele></trkpt>
   <trkpt lon="6.990147" lat="43.758696"><ele>475.0</ele></trkpt>
   <trkpt lon="6.990168" lat="43.759036"><ele>473.75</ele></trkpt>
   <trkpt lon="6.990167" lat="43.759267"><ele>474.0</ele></trkpt>
   <trkpt lon="6.990180" lat="43.759409"><ele>473.75</ele></trkpt>
   <trkpt lon="6.990235" lat="43.759718"><ele>471.0</ele></trkpt>
   <trkpt lon="6.990217" lat="43.759888"><ele>471.75</ele></trkpt>
   <trkpt lon="6.990152" lat="43.760118"><ele>473.0</ele></trkpt>
   <trkpt lon="6.990069" lat="43.760293"><ele>473.75</ele></trkpt>
   <trkpt lon="6.989936" lat="43.760488"><ele>473.0</ele></trkpt>
   <trkpt lon="6.989796" lat="43.760615"><ele>472.5</ele></trkpt>
   <trkpt lon="6.989613" lat="43.760709"><ele>472.75</ele></trkpt>
   <trkpt lon="6.989351" lat="43.760810"><ele>472.0</ele></trkpt>
   <trkpt lon="6.989261" lat="43.760824"><ele>473.25</ele></trkpt>
   <trkpt lon="6.989050" lat="43.760871"><ele>475.25</ele></trkpt>
   <trkpt lon="6.988998" lat="43.760889"><ele>475.0</ele></trkpt>
   <trkpt lon="6.988948" lat="43.760915"><ele>474.5</ele></trkpt>
   <trkpt lon="6.988918" lat="43.760941"><ele>473.25</ele></trkpt>
   <trkpt lon="6.988890" lat="43.760973"><ele>471.75</ele></trkpt>
   <trkpt lon="6.988864" lat="43.761028"><ele>470.75</ele></trkpt>
   <trkpt lon="6.988862" lat="43.761064"><ele>470.0</ele></trkpt>
   <trkpt lon="6.988872" lat="43.761102"><ele>469.25</ele></trkpt>
   <trkpt lon="6.988952" lat="43.761297"><ele>465.75</ele></trkpt>
   <trkpt lon="6.988957" lat="43.761308"><ele>465.75</ele></trkpt>
   <trkpt lon="6.988962" lat="43.761416"><ele>467.25</ele><sym>u-turn_right</sym></trkpt>
   <trkpt lon="6.988959" lat="43.761419"><ele>469.0</ele><sym>pass_place</sym><type>Shaping</type></trkpt>
   <trkpt lon="6.988962" lat="43.761416"><ele>467.25</ele></trkpt>
   <trkpt lon="6.988957" lat="43.761308"><ele>465.75</ele></trkpt>
   <trkpt lon="6.988952" lat="43.761297"><ele>465.75</ele></trkpt>
   <trkpt lon="6.988872" lat="43.761102"><ele>470.25</ele></trkpt>
   <trkpt lon="6.988862" lat="43.761064"><ele>471.0</ele></trkpt>
   <trkpt lon="6.988864" lat="43.761028"><ele>471.75</ele></trkpt>
   <trkpt lon="6.988890" lat="43.760973"><ele>471.75</ele></trkpt>
   <trkpt lon="6.988918" lat="43.760941"><ele>473.25</ele></trkpt>
   <trkpt lon="6.988948" lat="43.760915"><ele>474.5</ele></trkpt>
   <trkpt lon="6.988998" lat="43.760889"><ele>475.0</ele></trkpt>
   <trkpt lon="6.989050" lat="43.760871"><ele>475.25</ele></trkpt>
   <trkpt lon="6.989261" lat="43.760824"><ele>473.25</ele><sym>right_slight</sym></trkpt>
   <trkpt lon="6.989259" lat="43.760750"><ele>479.25</ele></trkpt>
   <trkpt lon="6.989285" lat="43.760721"><ele>480.75</ele></trkpt>
   <trkpt lon="6.989540" lat="43.760656"><ele>477.75</ele></trkpt>
   <trkpt lon="6.989595" lat="43.760631"><ele>477.75</ele></trkpt>
   <trkpt lon="6.989651" lat="43.760596"><ele>477.75</ele></trkpt>
   <trkpt lon="6.989699" lat="43.760552"><ele>478.0</ele></trkpt>
   <trkpt lon="6.989737" lat="43.760501"><ele>479.0</ele></trkpt>
   <trkpt lon="6.989835" lat="43.760350"><ele>481.75</ele></trkpt>
   <trkpt lon="6.989974" lat="43.760020"><ele>483.0</ele></trkpt>
   <trkpt lon="6.990031" lat="43.759839"><ele>481.0</ele></trkpt>
   <trkpt lon="6.990035" lat="43.759754"><ele>481.0</ele></trkpt>
   <trkpt lon="6.989957" lat="43.759529"><ele>485.75</ele></trkpt>
   <trkpt lon="6.989945" lat="43.759299"><ele>486.25</ele></trkpt>
   <trkpt lon="6.989878" lat="43.758986"><ele>490.25</ele></trkpt>
   <trkpt lon="6.989857" lat="43.758738"><ele>492.25</ele></trkpt>
   <trkpt lon="6.989862" lat="43.758555"><ele>492.25</ele></trkpt>
   <trkpt lon="6.989878" lat="43.758390"><ele>490.75</ele></trkpt>
   <trkpt lon="6.989857" lat="43.758281"><ele>491.5</ele></trkpt>
   <trkpt lon="6.989699" lat="43.757926"><ele>497.25</ele></trkpt>
   <trkpt lon="6.989500" lat="43.757262"><ele>499.0</ele></trkpt>
   <trkpt lon="6.989484" lat="43.756950"><ele>497.0</ele></trkpt>
   <trkpt lon="6.989453" lat="43.756874"><ele>497.5</ele></trkpt>
   <trkpt lon="6.989371" lat="43.756753"><ele>500.75</ele></trkpt>
   <trkpt lon="6.989283" lat="43.756491"><ele>504.0</ele></trkpt>
   <trkpt lon="6.989259" lat="43.756326"><ele>504.5</ele></trkpt>
   <trkpt lon="6.989312" lat="43.755939"><ele>504.25</ele></trkpt>
   <trkpt lon="6.989292" lat="43.755649"><ele>507.25</ele></trkpt>
   <trkpt lon="6.989264" lat="43.755204"><ele>510.75</ele></trkpt>
   <trkpt lon="6.989471" lat="43.754346"><ele>513.0</ele></trkpt>
   <trkpt lon="6.989484" lat="43.753918"><ele>518.0</ele></trkpt>
   <trkpt lon="6.989501" lat="43.753857"><ele>518.5</ele></trkpt>
   <trkpt lon="6.989534" lat="43.753784"><ele>518.75</ele></trkpt>
   <trkpt lon="6.989709" lat="43.753586"><ele>517.75</ele></trkpt>
   <trkpt lon="6.989818" lat="43.753409"><ele>518.0</ele></trkpt>
   <trkpt lon="6.989854" lat="43.753297"><ele>519.25</ele></trkpt>
   <trkpt lon="6.989846" lat="43.753151"><ele>522.5</ele></trkpt>
   <trkpt lon="6.989889" lat="43.752997"><ele>524.5</ele></trkpt>
   <trkpt lon="6.990387" lat="43.752318"><ele>525.75</ele></trkpt>
   <trkpt lon="6.990475" lat="43.752158"><ele>526.25</ele></trkpt>
   <trkpt lon="6.990479" lat="43.752042"><ele>527.25</ele></trkpt>
   <trkpt lon="6.990432" lat="43.751445"><ele>533.75</ele></trkpt>
   <trkpt lon="6.990448" lat="43.751362"><ele>534.5</ele></trkpt>
   <trkpt lon="6.990498" lat="43.751294"><ele>535.25</ele></trkpt>
   <trkpt lon="6.991062" lat="43.750816"><ele>537.25</ele></trkpt>
   <trkpt lon="6.991173" lat="43.750703"><ele>536.25</ele></trkpt>
   <trkpt lon="6.991218" lat="43.750627"><ele>536.25</ele></trkpt>
   <trkpt lon="6.991229" lat="43.750565"><ele>536.75</ele></trkpt>
   <trkpt lon="6.991213" lat="43.750422"><ele>537.75</ele></trkpt>
   <trkpt lon="6.991132" lat="43.750108"><ele>541.25</ele></trkpt>
   <trkpt lon="6.991028" lat="43.749823"><ele>543.75</ele></trkpt>
   <trkpt lon="6.990926" lat="43.749631"><ele>544.5</ele></trkpt>
   <trkpt lon="6.990853" lat="43.749542"><ele>545.0</ele></trkpt>
   <trkpt lon="6.990652" lat="43.749374"><ele>548.25</ele></trkpt>
   <trkpt lon="6.990573" lat="43.749298"><ele>549.25</ele></trkpt>
   <trkpt lon="6.990526" lat="43.749234"><ele>549.25</ele></trkpt>
   <trkpt lon="6.990464" lat="43.749131"><ele>549.75</ele></trkpt>
   <trkpt lon="6.990416" lat="43.748961"><ele>551.25</ele></trkpt>
   <trkpt lon="6.990420" lat="43.748837"><ele>552.0</ele></trkpt>
   <trkpt lon="6.990664" lat="43.748427"><ele>553.5</ele></trkpt>
   <trkpt lon="6.990762" lat="43.748308"><ele>554.25</ele></trkpt>
   <trkpt lon="6.991143" lat="43.748021"><ele>557.5</ele></trkpt>
   <trkpt lon="6.991502" lat="43.747697"><ele>558.0</ele></trkpt>
   <trkpt lon="6.991683" lat="43.747465"><ele>558.0</ele></trkpt>
   <trkpt lon="6.991728" lat="43.747350"><ele>558.5</ele></trkpt>
   <trkpt lon="6.991761" lat="43.747230"><ele>559.0</ele></trkpt>
   <trkpt lon="6.991816" lat="43.746927"><ele>561.25</ele></trkpt>
   <trkpt lon="6.991792" lat="43.746538"><ele>565.0</ele><sym>pass_place</sym><type>Shaping</type></trkpt>
   <trkpt lon="6.991792" lat="43.746537"><ele>565.0</ele></trkpt>
   <trkpt lon="6.991646" lat="43.746252"><ele>566.75</ele></trkpt>
   <trkpt lon="6.991418" lat="43.745930"><ele>569.0</ele></trkpt>
   <trkpt lon="6.991319" lat="43.745826"><ele>570.25</ele></trkpt>
   <trkpt lon="6.991187" lat="43.745671"><ele>572.5</ele></trkpt>
   <trkpt lon="6.991147" lat="43.745622"><ele>573.25</ele></trkpt>
   <trkpt lon="6.991133" lat="43.745571"><ele>573.5</ele></trkpt>
   <trkpt lon="6.991136" lat="43.745524"><ele>573.75</ele></trkpt>
   <trkpt lon="6.991172" lat="43.745449"><ele>574.5</ele></trkpt>
   <trkpt lon="6.991213" lat="43.745397"><ele>575.0</ele></trkpt>
   <trkpt lon="6.991264" lat="43.745357"><ele>575.25</ele></trkpt>
   <trkpt lon="6.991481" lat="43.745250"><ele>575.5</ele></trkpt>
   <trkpt lon="6.991592" lat="43.745215"><ele>576.0</ele></trkpt>
   <trkpt lon="6.992019" lat="43.745133"><ele>576.75</ele></trkpt>
   <trkpt lon="6.992161" lat="43.745092"><ele>577.0</ele></trkpt>
   <trkpt lon="6.992287" lat="43.745034"><ele>577.25</ele></trkpt>
   <trkpt lon="6.992412" lat="43.744942"><ele>577.25</ele></trkpt>
   <trkpt lon="6.992490" lat="43.744836"><ele>577.75</ele></trkpt>
   <trkpt lon="6.992863" lat="43.744159"><ele>583.25</ele></trkpt>
   <trkpt lon="6.993002" lat="43.743950"><ele>583.5</ele></trkpt>
   <trkpt lon="6.993247" lat="43.743657"><ele>585.25</ele></trkpt>
   <trkpt lon="6.993342" lat="43.743526"><ele>585.75</ele></trkpt>
   <trkpt lon="6.993397" lat="43.743423"><ele>586.75</ele></trkpt>
   <trkpt lon="6.993428" lat="43.743347"><ele>587.5</ele></trkpt>
   <trkpt lon="6.993588" lat="43.742848"><ele>590.0</ele></trkpt>
   <trkpt lon="6.993657" lat="43.742661"><ele>590.75</ele></trkpt>
   <trkpt lon="6.993826" lat="43.742366"><ele>591.75</ele></trkpt>
   <trkpt lon="6.994004" lat="43.741994"><ele>594.25</ele></trkpt>
   <trkpt lon="6.994251" lat="43.741390"><ele>598.75</ele></trkpt>
   <trkpt lon="6.994441" lat="43.740983"><ele>601.25</ele></trkpt>
   <trkpt lon="6.994569" lat="43.740759"><ele>601.5</ele></trkpt>
   <trkpt lon="6.994977" lat="43.740088"><ele>605.5</ele></trkpt>
   <trkpt lon="6.995025" lat="43.739968"><ele>606.0</ele></trkpt>
   <trkpt lon="6.995017" lat="43.739882"><ele>607.0</ele></trkpt>
   <trkpt lon="6.994948" lat="43.739615"><ele>611.25</ele></trkpt>
   <trkpt lon="6.994979" lat="43.739538"><ele>611.25</ele></trkpt>
   <trkpt lon="6.995059" lat="43.739507"><ele>611.5</ele></trkpt>
   <trkpt lon="6.995193" lat="43.739508"><ele>612.5</ele></trkpt>
   <trkpt lon="6.995603" lat="43.739713"><ele>614.0</ele></trkpt>
   <trkpt lon="6.995698" lat="43.739740"><ele>614.0</ele></trkpt>
   <trkpt lon="6.995776" lat="43.739739"><ele>614.5</ele></trkpt>
   <trkpt lon="6.995842" lat="43.739716"><ele>614.75</ele></trkpt>
   <trkpt lon="6.995915" lat="43.739662"><ele>614.0</ele></trkpt>
   <trkpt lon="6.995944" lat="43.739599"><ele>613.5</ele></trkpt>
   <trkpt lon="6.995903" lat="43.739487"><ele>612.5</ele></trkpt>
   <trkpt lon="6.995630" lat="43.739200"><ele>613.75</ele></trkpt>
   <trkpt lon="6.995441" lat="43.739071"><ele>618.5</ele></trkpt>
   <trkpt lon="6.995225" lat="43.739004"><ele>621.25</ele></trkpt>
   <trkpt lon="6.995038" lat="43.738996"><ele>619.5</ele></trkpt>
   <trkpt lon="6.994908" lat="43.739034"><ele>619.0</ele></trkpt>
   <trkpt lon="6.994807" lat="43.739107"><ele>619.0</ele></trkpt>
   <trkpt lon="6.994766" lat="43.739173"><ele>618.25</ele></trkpt>
   <trkpt lon="6.994738" lat="43.739251"><ele>618.0</ele></trkpt>
   <trkpt lon="6.994651" lat="43.739678"><ele>619.25</ele></trkpt>
   <trkpt lon="6.994671" lat="43.739872"><ele>617.5</ele></trkpt>
   <trkpt lon="6.994665" lat="43.739927"><ele>617.5</ele></trkpt>
   <trkpt lon="6.994640" lat="43.739997"><ele>618.25</ele></trkpt>
   <trkpt lon="6.994379" lat="43.740359"><ele>619.25</ele></trkpt>
   <trkpt lon="6.994307" lat="43.740424"><ele>619.5</ele></trkpt>
   <trkpt lon="6.994199" lat="43.740491"><ele>621.5</ele></trkpt>
   <trkpt lon="6.993795" lat="43.740673"><ele>626.5</ele></trkpt>
   <trkpt lon="6.993682" lat="43.740706"><ele>627.75</ele></trkpt>
   <trkpt lon="6.993615" lat="43.740710"><ele>628.5</ele></trkpt>
   <trkpt lon="6.993566" lat="43.740704"><ele>628.5</ele></trkpt>
   <trkpt lon="6.993537" lat="43.740689"><ele>628.5</ele></trkpt>
   <trkpt lon="6.993509" lat="43.740648"><ele>629.0</ele></trkpt>
   <trkpt lon="6.993505" lat="43.740598"><ele>629.75</ele></trkpt>
   <trkpt lon="6.993524" lat="43.740562"><ele>630.5</ele></trkpt>
   <trkpt lon="6.993597" lat="43.740524"><ele>632.25</ele></trkpt>
   <trkpt lon="6.993832" lat="43.740489"><ele>630.25</ele></trkpt>
   <trkpt lon="6.993989" lat="43.740437"><ele>628.5</ele></trkpt>
   <trkpt lon="6.994143" lat="43.740326"><ele>627.5</ele></trkpt>
   <trkpt lon="6.994256" lat="43.740181"><ele>627.75</ele></trkpt>
   <trkpt lon="6.994292" lat="43.740076"><ele>629.0</ele></trkpt>
   <trkpt lon="6.994324" lat="43.739928"><ele>630.5</ele></trkpt>
   <trkpt lon="6.994344" lat="43.739728"><ele>631.75</ele></trkpt>
   <trkpt lon="6.994408" lat="43.738720"><ele>640.25</ele></trkpt>
   <trkpt lon="6.994454" lat="43.738584"><ele>641.25</ele></trkpt>
   <trkpt lon="6.994585" lat="43.738387"><ele>643.0</ele></trkpt>
   <trkpt lon="6.994611" lat="43.738312"><ele>643.75</ele></trkpt>
   <trkpt lon="6.994609" lat="43.738221"><ele>643.5</ele></trkpt>
   <trkpt lon="6.994513" lat="43.737974"><ele>645.5</ele></trkpt>
   <trkpt lon="6.994482" lat="43.737837"><ele>646.5</ele></trkpt>
   <trkpt lon="6.994492" lat="43.737756"><ele>646.5</ele></trkpt>
   <trkpt lon="6.994509" lat="43.737695"><ele>647.0</ele></trkpt>
   <trkpt lon="6.994554" lat="43.737615"><ele>647.5</ele></trkpt>
   <trkpt lon="6.994789" lat="43.737316"><ele>648.75</ele></trkpt>
   <trkpt lon="6.995260" lat="43.736741"><ele>653.0</ele><sym>pass_place</sym><type>Shaping</type></trkpt>
   <trkpt lon="6.995290" lat="43.736686"><ele>653.25</ele></trkpt>
   <trkpt lon="6.995297" lat="43.736626"><ele>654.0</ele></trkpt>
   <trkpt lon="6.995280" lat="43.736591"><ele>655.25</ele></trkpt>
   <trkpt lon="6.995246" lat="43.736562"><ele>656.0</ele></trkpt>
   <trkpt lon="6.995205" lat="43.736549"><ele>656.75</ele></trkpt>
   <trkpt lon="6.995100" lat="43.736542"><ele>658.0</ele></trkpt>
   <trkpt lon="6.994998" lat="43.736574"><ele>658.5</ele></trkpt>
   <trkpt lon="6.994541" lat="43.736835"><ele>658.75</ele></trkpt>
   <trkpt lon="6.994461" lat="43.736888"><ele>658.75</ele></trkpt>
   <trkpt lon="6.994361" lat="43.736974"><ele>659.25</ele></trkpt>
   <trkpt lon="6.994307" lat="43.737043"><ele>659.75</ele></trkpt>
   <trkpt lon="6.994254" lat="43.737134"><ele>660.25</ele></trkpt>
   <trkpt lon="6.994180" lat="43.737319"><ele>660.75</ele></trkpt>
   <trkpt lon="6.994093" lat="43.737578"><ele>662.75</ele></trkpt>
   <trkpt lon="6.994071" lat="43.737703"><ele>663.25</ele></trkpt>
   <trkpt lon="6.994087" lat="43.738128"><ele>662.75</ele></trkpt>
   <trkpt lon="6.994074" lat="43.738219"><ele>663.25</ele></trkpt>
   <trkpt lon="6.994044" lat="43.738309"><ele>664.75</ele></trkpt>
   <trkpt lon="6.993737" lat="43.738943"><ele>669.75</ele></trkpt>
   <trkpt lon="6.993656" lat="43.739067"><ele>669.75</ele></trkpt>
   <trkpt lon="6.993189" lat="43.739648"><ele>672.5</ele></trkpt>
   <trkpt lon="6.993071" lat="43.739775"><ele>671.75</ele></trkpt>
   <trkpt lon="6.993028" lat="43.739798"><ele>671.75</ele></trkpt>
   <trkpt lon="6.992982" lat="43.739805"><ele>672.25</ele></trkpt>
   <trkpt lon="6.992935" lat="43.739806"><ele>673.0</ele></trkpt>
   <trkpt lon="6.992891" lat="43.739795"><ele>674.0</ele></trkpt>
   <trkpt lon="6.992857" lat="43.739776"><ele>675.0</ele></trkpt>
   <trkpt lon="6.992813" lat="43.739728"><ele>676.5</ele></trkpt>
   <trkpt lon="6.992806" lat="43.739683"><ele>677.25</ele></trkpt>
   <trkpt lon="6.992811" lat="43.739658"><ele>677.5</ele></trkpt>
   <trkpt lon="6.992840" lat="43.739617"><ele>677.75</ele></trkpt>
   <trkpt lon="6.992874" lat="43.739594"><ele>677.75</ele></trkpt>
   <trkpt lon="6.993063" lat="43.739514"><ele>676.75</ele></trkpt>
   <trkpt lon="6.993160" lat="43.739460"><ele>675.75</ele></trkpt>
   <trkpt lon="6.993245" lat="43.739357"><ele>675.5</ele></trkpt>
   <trkpt lon="6.993320" lat="43.739211"><ele>676.5</ele></trkpt>
   <trkpt lon="6.993423" lat="43.738813"><ele>681.0</ele></trkpt>
   <trkpt lon="6.993453" lat="43.738735"><ele>681.5</ele></trkpt>
   <trkpt lon="6.993607" lat="43.738439"><ele>681.75</ele></trkpt>
   <trkpt lon="6.993624" lat="43.738299"><ele>682.5</ele></trkpt>
   <trkpt lon="6.993587" lat="43.737979"><ele>684.5</ele></trkpt>
   <trkpt lon="6.993538" lat="43.737357"><ele>687.25</ele></trkpt>
   <trkpt lon="6.993470" lat="43.737021"><ele>691.0</ele></trkpt>
   <trkpt lon="6.993444" lat="43.736807"><ele>692.5</ele></trkpt>
   <trkpt lon="6.993471" lat="43.736200"><ele>695.5</ele></trkpt>
   <trkpt lon="6.993448" lat="43.736051"><ele>697.0</ele></trkpt>
   <trkpt lon="6.993363" lat="43.735741"><ele>700.5</ele></trkpt>
   <trkpt lon="6.993310" lat="43.735356"><ele>701.0</ele></trkpt>
   <trkpt lon="6.993269" lat="43.734974"><ele>704.25</ele></trkpt>
   <trkpt lon="6.993303" lat="43.734701"><ele>706.0</ele></trkpt>
   <trkpt lon="6.993393" lat="43.734339"><ele>707.25</ele></trkpt>
   <trkpt lon="6.993416" lat="43.734203"><ele>707.25</ele></trkpt>
   <trkpt lon="6.993419" lat="43.734073"><ele>707.75</ele></trkpt>
   <trkpt lon="6.993391" lat="43.733958"><ele>708.25</ele></trkpt>
   <trkpt lon="6.993349" lat="43.733840"><ele>708.5</ele></trkpt>
   <trkpt lon="6.993264" lat="43.733706"><ele>709.0</ele></trkpt>
   <trkpt lon="6.993173" lat="43.733626"><ele>709.75</ele></trkpt>
   <trkpt lon="6.993084" lat="43.733573"><ele>710.5</ele></trkpt>
   <trkpt lon="6.993001" lat="43.733541"><ele>711.0</ele></trkpt>
   <trkpt lon="6.992864" lat="43.733513"><ele>711.5</ele></trkpt>
   <trkpt lon="6.992736" lat="43.733506"><ele>712.0</ele></trkpt>
   <trkpt lon="6.992067" lat="43.733535"><ele>714.5</ele></trkpt>
   <trkpt lon="6.991919" lat="43.733524"><ele>715.5</ele></trkpt>
   <trkpt lon="6.991785" lat="43.733502"><ele>716.25</ele></trkpt>
   <trkpt lon="6.991624" lat="43.733450"><ele>716.0</ele></trkpt>
   <trkpt lon="6.991056" lat="43.733162"><ele>714.5</ele></trkpt>
   <trkpt lon="6.990518" lat="43.732956"><ele>716.0</ele></trkpt>
   <trkpt lon="6.990415" lat="43.732903"><ele>717.0</ele></trkpt>
   <trkpt lon="6.990218" lat="43.732734"><ele>716.0</ele></trkpt>
   <trkpt lon="6.990099" lat="43.732652"><ele>716.25</ele></trkpt>
   <trkpt lon="6.989109" lat="43.732179"><ele>719.25</ele></trkpt>
   <trkpt lon="6.988902" lat="43.732046"><ele>719.25</ele></trkpt>
   <trkpt lon="6.988632" lat="43.731824"><ele>720.25</ele></trkpt>
   <trkpt lon="6.988423" lat="43.731566"><ele>720.75</ele></trkpt>
   <trkpt lon="6.988237" lat="43.731303"><ele>723.5</ele></trkpt>
   <trkpt lon="6.987989" lat="43.730788"><ele>724.25</ele></trkpt>
   <trkpt lon="6.987938" lat="43.730635"><ele>725.75</ele></trkpt>
   <trkpt lon="6.987919" lat="43.730483"><ele>726.0</ele></trkpt>
   <trkpt lon="6.987957" lat="43.729964"><ele>724.5</ele><sym>pass_place</sym><type>Shaping</type></trkpt>
   <trkpt lon="6.987942" lat="43.729825"><ele>725.25</ele></trkpt>
   <trkpt lon="6.987671" lat="43.729098"><ele>734.5</ele></trkpt>
   <trkpt lon="6.987669" lat="43.728917"><ele>735.0</ele></trkpt>
   <trkpt lon="6.987687" lat="43.728665"><ele>734.75</ele></trkpt>
   <trkpt lon="6.987684" lat="43.728585"><ele>734.75</ele></trkpt>
   <trkpt lon="6.987649" lat="43.728458"><ele>735.0</ele></trkpt>
   <trkpt lon="6.987578" lat="43.728341"><ele>736.25</ele></trkpt>
   <trkpt lon="6.987478" lat="43.728227"><ele>737.25</ele></trkpt>
   <trkpt lon="6.987368" lat="43.728086"><ele>738.25</ele></trkpt>
   <trkpt lon="6.987022" lat="43.727387"><ele>737.5</ele></trkpt>
   <trkpt lon="6.986961" lat="43.727294"><ele>738.25</ele></trkpt>
   <trkpt lon="6.986888" lat="43.727220"><ele>739.0</ele></trkpt>
   <trkpt lon="6.986761" lat="43.727126"><ele>738.25</ele></trkpt>
   <trkpt lon="6.986238" lat="43.726892"><ele>741.75</ele></trkpt>
   <trkpt lon="6.986137" lat="43.726838"><ele>742.25</ele></trkpt>
   <trkpt lon="6.986014" lat="43.726740"><ele>742.0</ele></trkpt>
   <trkpt lon="6.985496" lat="43.726126"><ele>739.0</ele></trkpt>
   <trkpt lon="6.985400" lat="43.726053"><ele>737.75</ele></trkpt>
   <trkpt lon="6.985312" lat="43.726017"><ele>737.5</ele></trkpt>
   <trkpt lon="6.985215" lat="43.725988"><ele>737.75</ele></trkpt>
   <trkpt lon="6.984805" lat="43.725919"><ele>739.5</ele></trkpt>
   <trkpt lon="6.984566" lat="43.725884"><ele>740.75</ele></trkpt>
   <trkpt lon="6.983789" lat="43.725769"><ele>744.25</ele></trkpt>
   <trkpt lon="6.983382" lat="43.725668"><ele>746.0</ele></trkpt>
   <trkpt lon="6.983110" lat="43.725501"><ele>746.0</ele></trkpt>
   <trkpt lon="6.982834" lat="43.725263"><ele>746.5</ele></trkpt>
   <trkpt lon="6.982426" lat="43.724716"><ele>746.5</ele></trkpt>
   <trkpt lon="6.981648" lat="43.724049"><ele>741.5</ele></trkpt>
   <trkpt lon="6.979933" lat="43.722737"><ele>740.5</ele></trkpt>
   <trkpt lon="6.979565" lat="43.722562"><ele>740.75</ele></trkpt>
   <trkpt lon="6.979178" lat="43.722418"><ele>739.75</ele></trkpt>
   <trkpt lon="6.978409" lat="43.722319"><ele>740.5</ele></trkpt>
   <trkpt lon="6.978143" lat="43.722205"><ele>740.0</ele></trkpt>
   <trkpt lon="6.977771" lat="43.721895"><ele>739.5</ele></trkpt>
   <trkpt lon="6.977277" lat="43.721484"><ele>739.25</ele></trkpt>
   <trkpt lon="6.977258" lat="43.721467"><ele>739.0</ele></trkpt>
   <trkpt lon="6.977189" lat="43.721411"><ele>739.0</ele></trkpt>
   <trkpt lon="6.977170" lat="43.721395"><ele>739.0</ele></trkpt>
   <trkpt lon="6.977068" lat="43.721310"><ele>739.25</ele><sym>roundabout_e1</sym></trkpt>
   <trkpt lon="6.977023" lat="43.721322"><ele>739.25</ele></trkpt>
   <trkpt lon="6.976998" lat="43.721320"><ele>739.25</ele></trkpt>
   <trkpt lon="6.976956" lat="43.721365"><ele>739.0</ele></trkpt>
   <trkpt lon="6.976861" lat="43.721427"><ele>739.25</ele></trkpt>
   <trkpt lon="6.976487" lat="43.721618"><ele>742.75</ele></trkpt>
   <trkpt lon="6.976307" lat="43.721695"><ele>744.75</ele></trkpt>
   <trkpt lon="6.976113" lat="43.721745"><ele>747.0</ele></trkpt>
   <trkpt lon="6.976026" lat="43.721760"><ele>748.25</ele></trkpt>
   <trkpt lon="6.975894" lat="43.721773"><ele>749.5</ele></trkpt>
   <trkpt lon="6.975650" lat="43.721762"><ele>751.75</ele></trkpt>
   <trkpt lon="6.975450" lat="43.721715"><ele>751.5</ele></trkpt>
   <trkpt lon="6.974890" lat="43.721485"><ele>752.75</ele></trkpt>
   <trkpt lon="6.974679" lat="43.721412"><ele>754.75</ele></trkpt>
   <trkpt lon="6.974560" lat="43.721396"><ele>755.75</ele></trkpt>
   <trkpt lon="6.974480" lat="43.721400"><ele>756.75</ele></trkpt>
   <trkpt lon="6.974407" lat="43.721416"><ele>757.0</ele></trkpt>
   <trkpt lon="6.974341" lat="43.721448"><ele>757.25</ele></trkpt>
   <trkpt lon="6.974285" lat="43.721486"><ele>757.5</ele></trkpt>
   <trkpt lon="6.974212" lat="43.721553"><ele>758.0</ele></trkpt>
   <trkpt lon="6.974171" lat="43.721620"><ele>758.5</ele></trkpt>
   <trkpt lon="6.974073" lat="43.721826"><ele>759.0</ele></trkpt>
   <trkpt lon="6.974041" lat="43.721905"><ele>759.5</ele></trkpt>
   <trkpt lon="6.974014" lat="43.721974"><ele>760.25</ele></trkpt>
   <trkpt lon="6.973759" lat="43.722500"><ele>765.0</ele></trkpt>
   <trkpt lon="6.973705" lat="43.722582"><ele>765.5</ele></trkpt>
   <trkpt lon="6.973608" lat="43.722660"><ele>765.25</ele></trkpt>
   <trkpt lon="6.973528" lat="43.722700"><ele>765.75</ele></trkpt>
   <trkpt lon="6.973426" lat="43.722734"><ele>766.0</ele><sym>pass_place</sym><type>Shaping</type></trkpt>
   <trkpt lon="6.973426" lat="43.722735"><ele>766.0</ele></trkpt>
   <trkpt lon="6.973212" lat="43.722783"><ele>766.75</ele></trkpt>
   <trkpt lon="6.973028" lat="43.722809"><ele>767.25</ele></trkpt>
   <trkpt lon="6.972899" lat="43.722813"><ele>767.75</ele></trkpt>
   <trkpt lon="6.972375" lat="43.722761"><ele>769.0</ele></trkpt>
   <trkpt lon="6.972236" lat="43.722758"><ele>770.0</ele></trkpt>
   <trkpt lon="6.972180" lat="43.722762"><ele>770.0</ele></trkpt>
   <trkpt lon="6.972086" lat="43.722783"><ele>770.25</ele></trkpt>
   <trkpt lon="6.971736" lat="43.722881"><ele>773.75</ele></trkpt>
   <trkpt lon="6.971592" lat="43.722912"><ele>775.0</ele></trkpt>
   <trkpt lon="6.971460" lat="43.722935"><ele>776.0</ele></trkpt>
   <trkpt lon="6.971128" lat="43.722970"><ele>778.0</ele></trkpt>
   <trkpt lon="6.970921" lat="43.722963"><ele>778.75</ele></trkpt>
   <trkpt lon="6.970222" lat="43.722915"><ele>781.25</ele></trkpt>
   <trkpt lon="6.969838" lat="43.722880"><ele>782.0</ele></trkpt>
   <trkpt lon="6.969568" lat="43.722864"><ele>782.5</ele></trkpt>
   <trkpt lon="6.969059" lat="43.722867"><ele>785.0</ele></trkpt>
   <trkpt lon="6.968881" lat="43.722860"><ele>785.75</ele></trkpt>
   <trkpt lon="6.968680" lat="43.722839"><ele>786.0</ele></trkpt>
   <trkpt lon="6.968134" lat="43.722764"><ele>787.0</ele></trkpt>
   <trkpt lon="6.967939" lat="43.722757"><ele>788.0</ele></trkpt>
   <trkpt lon="6.967841" lat="43.722763"><ele>788.75</ele></trkpt>
   <trkpt lon="6.967699" lat="43.722800"><ele>790.0</ele></trkpt>
   <trkpt lon="6.967637" lat="43.722830"><ele>790.25</ele></trkpt>
   <trkpt lon="6.967551" lat="43.722903"><ele>791.5</ele></trkpt>
   <trkpt lon="6.967496" lat="43.722973"><ele>792.25</ele></trkpt>
   <trkpt lon="6.967465" lat="43.723057"><ele>793.5</ele></trkpt>
   <trkpt lon="6.967452" lat="43.723155"><ele>793.25</ele></trkpt>
   <trkpt lon="6.967462" lat="43.723293"><ele>794.25</ele></trkpt>
   <trkpt lon="6.967485" lat="43.723355"><ele>794.75</ele></trkpt>
   <trkpt lon="6.967529" lat="43.723415"><ele>794.75</ele></trkpt>
   <trkpt lon="6.967596" lat="43.723471"><ele>795.25</ele></trkpt>
   <trkpt lon="6.967723" lat="43.723539"><ele>796.75</ele></trkpt>
   <trkpt lon="6.967905" lat="43.723609"><ele>797.75</ele></trkpt>
   <trkpt lon="6.968266" lat="43.723710"><ele>799.5</ele></trkpt>
   <trkpt lon="6.968586" lat="43.723791"><ele>800.75</ele></trkpt>
   <trkpt lon="6.968868" lat="43.723881"><ele>801.75</ele></trkpt>
   <trkpt lon="6.969305" lat="43.724044"><ele>804.0</ele></trkpt>
   <trkpt lon="6.969560" lat="43.724146"><ele>806.0</ele></trkpt>
   <trkpt lon="6.969664" lat="43.724199"><ele>807.0</ele></trkpt>
   <trkpt lon="6.969743" lat="43.724249"><ele>807.5</ele></trkpt>
   <trkpt lon="6.969862" lat="43.724352"><ele>808.0</ele></trkpt>
   <trkpt lon="6.969940" lat="43.724460"><ele>807.5</ele></trkpt>
   <trkpt lon="6.970052" lat="43.724677"><ele>808.75</ele></trkpt>
   <trkpt lon="6.970112" lat="43.724743"><ele>809.5</ele></trkpt>
   <trkpt lon="6.970167" lat="43.724785"><ele>810.0</ele></trkpt>
   <trkpt lon="6.970268" lat="43.724837"><ele>811.0</ele></trkpt>
   <trkpt lon="6.970372" lat="43.724869"><ele>811.75</ele></trkpt>
   <trkpt lon="6.970556" lat="43.724896"><ele>813.5</ele></trkpt>
   <trkpt lon="6.970648" lat="43.724895"><ele>814.0</ele></trkpt>
   <trkpt lon="6.970798" lat="43.724859"><ele>815.25</ele></trkpt>
   <trkpt lon="6.970865" lat="43.724834"><ele>815.5</ele></trkpt>
   <trkpt lon="6.971225" lat="43.724669"><ele>817.25</ele></trkpt>
   <trkpt lon="6.971302" lat="43.724642"><ele>818.0</ele></trkpt>
   <trkpt lon="6.971369" lat="43.724629"><ele>818.25</ele></trkpt>
   <trkpt lon="6.971447" lat="43.724622"><ele>818.75</ele></trkpt>
   <trkpt lon="6.971504" lat="43.724626"><ele>819.0</ele></trkpt>
   <trkpt lon="6.971549" lat="43.724636"><ele>819.0</ele></trkpt>
   <trkpt lon="6.971597" lat="43.724655"><ele>819.0</ele></trkpt>
   <trkpt lon="6.971694" lat="43.724728"><ele>818.5</ele></trkpt>
   <trkpt lon="6.971726" lat="43.724791"><ele>820.0</ele></trkpt>
   <trkpt lon="6.971727" lat="43.724850"><ele>820.75</ele></trkpt>
   <trkpt lon="6.971719" lat="43.724882"><ele>821.0</ele></trkpt>
   <trkpt lon="6.971695" lat="43.724924"><ele>821.25</ele></trkpt>
   <trkpt lon="6.971652" lat="43.724968"><ele>821.25</ele></trkpt>
   <trkpt lon="6.971461" lat="43.725119"><ele>821.5</ele></trkpt>
   <trkpt lon="6.970813" lat="43.725557"><ele>825.75</ele></trkpt>
   <trkpt lon="6.970158" lat="43.725984"><ele>830.0</ele></trkpt>
   <trkpt lon="6.969994" lat="43.726080"><ele>831.0</ele></trkpt>
   <trkpt lon="6.969844" lat="43.726160"><ele>831.75</ele></trkpt>
   <trkpt lon="6.969277" lat="43.726419"><ele>836.25</ele></trkpt>
   <trkpt lon="6.968294" lat="43.726865"><ele>842.5</ele></trkpt>
   <trkpt lon="6.968110" lat="43.726953"><ele>843.25</ele></trkpt>
   <trkpt lon="6.967914" lat="43.727031"><ele>844.5</ele></trkpt>
   <trkpt lon="6.967760" lat="43.727077"><ele>845.75</ele></trkpt>
   <trkpt lon="6.967580" lat="43.727117"><ele>847.25</ele></trkpt>
   <trkpt lon="6.967027" lat="43.727203"><ele>849.5</ele></trkpt>
   <trkpt lon="6.966540" lat="43.727269"><ele>852.0</ele></trkpt>
   <trkpt lon="6.966025" lat="43.727319"><ele>854.0</ele></trkpt>
   <trkpt lon="6.965670" lat="43.727336"><ele>853.5</ele></trkpt>
   <trkpt lon="6.965450" lat="43.727337"><ele>854.75</ele></trkpt>
   <trkpt lon="6.964880" lat="43.727324"><ele>859.5</ele></trkpt>
   <trkpt lon="6.962872" lat="43.727279"><ele>870.25</ele></trkpt>
   <trkpt lon="6.962646" lat="43.727279"><ele>870.75</ele></trkpt>
   <trkpt lon="6.962528" lat="43.727292"><ele>871.5</ele></trkpt>
   <trkpt lon="6.962420" lat="43.727312"><ele>871.75</ele><sym>pass_place</sym><type>Shaping</type></trkpt>
   <trkpt lon="6.962415" lat="43.727313"><ele>871.75</ele></trkpt>
   <trkpt lon="6.962284" lat="43.727349"><ele>872.75</ele></trkpt>
   <trkpt lon="6.962034" lat="43.727433"><ele>874.25</ele></trkpt>
   <trkpt lon="6.961807" lat="43.727526"><ele>875.5</ele></trkpt>
   <trkpt lon="6.961592" lat="43.727639"><ele>876.75</ele></trkpt>
   <trkpt lon="6.961416" lat="43.727756"><ele>878.5</ele></trkpt>
   <trkpt lon="6.961230" lat="43.727891"><ele>879.0</ele></trkpt>
   <trkpt lon="6.961025" lat="43.728125"><ele>882.0</ele></trkpt>
   <trkpt lon="6.960843" lat="43.728391"><ele>884.25</ele></trkpt>
   <trkpt lon="6.959886" lat="43.729992"><ele>895.0</ele></trkpt>
   <trkpt lon="6.959846" lat="43.730087"><ele>895.25</ele></trkpt>
   <trkpt lon="6.959817" lat="43.730197"><ele>896.0</ele></trkpt>
   <trkpt lon="6.959761" lat="43.730490"><ele>898.0</ele></trkpt>
   <trkpt lon="6.959724" lat="43.730613"><ele>899.5</ele></trkpt>
   <trkpt lon="6.959658" lat="43.730748"><ele>901.0</ele></trkpt>
   <trkpt lon="6.959241" lat="43.731360"><ele>906.0</ele></trkpt>
   <trkpt lon="6.959046" lat="43.731663"><ele>907.25</ele></trkpt>
   <trkpt lon="6.958927" lat="43.731817"><ele>909.5</ele></trkpt>
   <trkpt lon="6.958811" lat="43.731942"><ele>910.25</ele></trkpt>
   <trkpt lon="6.958163" lat="43.732520"><ele>915.0</ele></trkpt>
   <trkpt lon="6.958079" lat="43.732648"><ele>915.75</ele></trkpt>
   <trkpt lon="6.958025" lat="43.732800"><ele>917.0</ele></trkpt>
   <trkpt lon="6.958021" lat="43.732958"><ele>918.0</ele></trkpt>
   <trkpt lon="6.958128" lat="43.733658"><ele>925.25</ele></trkpt>
   <trkpt lon="6.958124" lat="43.733741"><ele>925.75</ele></trkpt>
   <trkpt lon="6.958104" lat="43.733803"><ele>925.25</ele></trkpt>
   <trkpt lon="6.958062" lat="43.733860"><ele>923.75</ele></trkpt>
   <trkpt lon="6.958011" lat="43.733903"><ele>923.75</ele></trkpt>
   <trkpt lon="6.957941" lat="43.733941"><ele>923.75</ele></trkpt>
   <trkpt lon="6.957870" lat="43.733964"><ele>924.0</ele></trkpt>
   <trkpt lon="6.957818" lat="43.733973"><ele>924.25</ele></trkpt>
   <trkpt lon="6.957767" lat="43.733974"><ele>924.5</ele></trkpt>
   <trkpt lon="6.957695" lat="43.733970"><ele>925.75</ele></trkpt>
   <trkpt lon="6.957622" lat="43.733955"><ele>926.5</ele></trkpt>
   <trkpt lon="6.957271" lat="43.733807"><ele>927.0</ele></trkpt>
   <trkpt lon="6.957170" lat="43.733789"><ele>927.75</ele></trkpt>
   <trkpt lon="6.957076" lat="43.733784"><ele>928.25</ele></trkpt>
   <trkpt lon="6.956995" lat="43.733790"><ele>929.0</ele></trkpt>
   <trkpt lon="6.956881" lat="43.733814"><ele>929.75</ele></trkpt>
   <trkpt lon="6.956746" lat="43.733856"><ele>930.25</ele></trkpt>
   <trkpt lon="6.956511" lat="43.733957"><ele>932.25</ele></trkpt>
   <trkpt lon="6.956379" lat="43.734022"><ele>933.5</ele></trkpt>
   <trkpt lon="6.956231" lat="43.734116"><ele>934.0</ele></trkpt>
   <trkpt lon="6.955797" lat="43.734499"><ele>937.5</ele></trkpt>
   <trkpt lon="6.955747" lat="43.734528"><ele>938.0</ele></trkpt>
   <trkpt lon="6.955668" lat="43.734558"><ele>938.25</ele></trkpt>
   <trkpt lon="6.955581" lat="43.734570"><ele>938.0</ele></trkpt>
   <trkpt lon="6.954688" lat="43.734585"><ele>943.25</ele></trkpt>
   <trkpt lon="6.954006" lat="43.734598"><ele>946.75</ele></trkpt>
   <trkpt lon="6.953761" lat="43.734614"><ele>947.75</ele></trkpt>
   <trkpt lon="6.953571" lat="43.734643"><ele>948.75</ele></trkpt>
   <trkpt lon="6.953440" lat="43.734677"><ele>949.5</ele></trkpt>
   <trkpt lon="6.953324" lat="43.734712"><ele>950.25</ele></trkpt>
   <trkpt lon="6.953128" lat="43.734791"><ele>951.25</ele></trkpt>
   <trkpt lon="6.952918" lat="43.734919"><ele>952.75</ele></trkpt>
   <trkpt lon="6.952165" lat="43.735429"><ele>957.0</ele></trkpt>
   <trkpt lon="6.951910" lat="43.735628"><ele>958.75</ele></trkpt>
   <trkpt lon="6.951723" lat="43.735819"><ele>961.5</ele></trkpt>
   <trkpt lon="6.951529" lat="43.736059"><ele>964.75</ele></trkpt>
   <trkpt lon="6.951479" lat="43.736094"><ele>964.75</ele></trkpt>
   <trkpt lon="6.951397" lat="43.736122"><ele>964.25</ele></trkpt>
   <trkpt lon="6.951304" lat="43.736124"><ele>965.25</ele></trkpt>
   <trkpt lon="6.951224" lat="43.736104"><ele>966.25</ele></trkpt>
   <trkpt lon="6.951191" lat="43.736088"><ele>966.5</ele></trkpt>
   <trkpt lon="6.951152" lat="43.736058"><ele>966.75</ele></trkpt>
   <trkpt lon="6.951126" lat="43.736020"><ele>967.0</ele></trkpt>
   <trkpt lon="6.951101" lat="43.735939"><ele>967.0</ele></trkpt>
   <trkpt lon="6.951097" lat="43.735007"><ele>972.25</ele></trkpt>
   <trkpt lon="6.951087" lat="43.734609"><ele>974.75</ele></trkpt>
   <trkpt lon="6.951049" lat="43.734425"><ele>976.0</ele></trkpt>
   <trkpt lon="6.950876" lat="43.734080"><ele>980.75</ele></trkpt>
   <trkpt lon="6.950914" lat="43.733934"><ele>981.75</ele></trkpt>
   <trkpt lon="6.951134" lat="43.733757"><ele>982.0</ele></trkpt>
   <trkpt lon="6.951466" lat="43.733557"><ele>983.25</ele><sym>pass_place</sym><type>Shaping</type></trkpt>
   <trkpt lon="6.951672" lat="43.733394"><ele>984.5</ele></trkpt>
   <trkpt lon="6.951822" lat="43.733190"><ele>986.5</ele></trkpt>
   <trkpt lon="6.951911" lat="43.732936"><ele>988.25</ele></trkpt>
   <trkpt lon="6.951875" lat="43.732639"><ele>990.25</ele></trkpt>
   <trkpt lon="6.951732" lat="43.731988"><ele>997.5</ele></trkpt>
   <trkpt lon="6.951765" lat="43.731856"><ele>999.0</ele></trkpt>
   <trkpt lon="6.951851" lat="43.731765"><ele>1000.25</ele></trkpt>
   <trkpt lon="6.952024" lat="43.731701"><ele>1001.75</ele></trkpt>
   <trkpt lon="6.952258" lat="43.731683"><ele>1002.25</ele></trkpt>
   <trkpt lon="6.952591" lat="43.731676"><ele>1003.5</ele></trkpt>
   <trkpt lon="6.952792" lat="43.731639"><ele>1004.5</ele></trkpt>
   <trkpt lon="6.952937" lat="43.731585"><ele>1005.0</ele></trkpt>
   <trkpt lon="6.953382" lat="43.731310"><ele>1005.25</ele></trkpt>
   <trkpt lon="6.953448" lat="43.731240"><ele>1005.25</ele></trkpt>
   <trkpt lon="6.953462" lat="43.731152"><ele>1006.5</ele></trkpt>
   <trkpt lon="6.953401" lat="43.731101"><ele>1008.0</ele></trkpt>
   <trkpt lon="6.953320" lat="43.731069"><ele>1009.75</ele></trkpt>
   <trkpt lon="6.953238" lat="43.731084"><ele>1010.25</ele></trkpt>
   <trkpt lon="6.953091" lat="43.731148"><ele>1011.0</ele></trkpt>
   <trkpt lon="6.952783" lat="43.731258"><ele>1012.75</ele></trkpt>
   <trkpt lon="6.952604" lat="43.731289"><ele>1013.25</ele></trkpt>
   <trkpt lon="6.952412" lat="43.731310"><ele>1013.5</ele></trkpt>
   <trkpt lon="6.952238" lat="43.731309"><ele>1013.5</ele></trkpt>
   <trkpt lon="6.951253" lat="43.731157"><ele>1020.5</ele></trkpt>
   <trkpt lon="6.951088" lat="43.731148"><ele>1021.5</ele></trkpt>
   <trkpt lon="6.950938" lat="43.731213"><ele>1022.0</ele></trkpt>
   <trkpt lon="6.950828" lat="43.731323"><ele>1023.0</ele></trkpt>
   <trkpt lon="6.950802" lat="43.731499"><ele>1024.5</ele></trkpt>
   <trkpt lon="6.950821" lat="43.731726"><ele>1025.5</ele></trkpt>
   <trkpt lon="6.950769" lat="43.732019"><ele>1027.25</ele></trkpt>
   <trkpt lon="6.950692" lat="43.732242"><ele>1028.25</ele></trkpt>
   <trkpt lon="6.950565" lat="43.732440"><ele>1030.0</ele></trkpt>
   <trkpt lon="6.950398" lat="43.732643"><ele>1031.75</ele></trkpt>
   <trkpt lon="6.950113" lat="43.732933"><ele>1033.75</ele></trkpt>
   <trkpt lon="6.949598" lat="43.733364"><ele>1038.0</ele></trkpt>
   <trkpt lon="6.949415" lat="43.733576"><ele>1040.0</ele></trkpt>
   <trkpt lon="6.949319" lat="43.733772"><ele>1042.0</ele></trkpt>
   <trkpt lon="6.949279" lat="43.734018"><ele>1043.75</ele></trkpt>
   <trkpt lon="6.949230" lat="43.734871"><ele>1048.0</ele></trkpt>
   <trkpt lon="6.949137" lat="43.735174"><ele>1050.25</ele></trkpt>
   <trkpt lon="6.948806" lat="43.735914"><ele>1055.0</ele></trkpt>
   <trkpt lon="6.948635" lat="43.736106"><ele>1057.25</ele></trkpt>
   <trkpt lon="6.948344" lat="43.736311"><ele>1058.5</ele></trkpt>
   <trkpt lon="6.946593" lat="43.737348"><ele>1072.75</ele></trkpt>
   <trkpt lon="6.946418" lat="43.737411"><ele>1072.75</ele></trkpt>
   <trkpt lon="6.946208" lat="43.737421"><ele>1073.5</ele></trkpt>
   <trkpt lon="6.945971" lat="43.737385"><ele>1074.75</ele></trkpt>
   <trkpt lon="6.945791" lat="43.737310"><ele>1076.5</ele></trkpt>
   <trkpt lon="6.945560" lat="43.737173"><ele>1079.25</ele></trkpt>
   <trkpt lon="6.945432" lat="43.737152"><ele>1080.25</ele></trkpt>
   <trkpt lon="6.945232" lat="43.737270"><ele>1080.5</ele><sym>right_slight</sym></trkpt>
   <trkpt lon="6.945180" lat="43.737316"><ele>1081.0</ele></trkpt>
   <trkpt lon="6.945038" lat="43.737529"><ele>1083.0</ele></trkpt>
   <trkpt lon="6.944970" lat="43.737692"><ele>1084.75</ele></trkpt>
   <trkpt lon="6.944959" lat="43.737838"><ele>1085.5</ele></trkpt>
   <trkpt lon="6.945034" lat="43.738078"><ele>1085.25</ele></trkpt>
   <trkpt lon="6.945110" lat="43.738366"><ele>1087.0</ele></trkpt>
   <trkpt lon="6.945211" lat="43.738499"><ele>1087.25</ele></trkpt>
   <trkpt lon="6.945303" lat="43.738592"><ele>1087.0</ele></trkpt>
   <trkpt lon="6.945371" lat="43.738701"><ele>1087.25</ele></trkpt>
   <trkpt lon="6.945397" lat="43.738883"><ele>1089.75</ele></trkpt>
   <trkpt lon="6.945396" lat="43.739013"><ele>1090.75</ele></trkpt>
   <trkpt lon="6.945365" lat="43.739239"><ele>1093.0</ele></trkpt>
   <trkpt lon="6.945355" lat="43.739381"><ele>1094.25</ele></trkpt>
   <trkpt lon="6.945385" lat="43.739502"><ele>1095.5</ele></trkpt>
   <trkpt lon="6.945516" lat="43.739683"><ele>1098.25</ele></trkpt>
   <trkpt lon="6.945622" lat="43.739768"><ele>1100.0</ele><sym>pass_place</sym><type>Shaping</type></trkpt>
   <trkpt lon="6.945762" lat="43.739809"><ele>1100.5</ele></trkpt>
   <trkpt lon="6.945923" lat="43.739789"><ele>1100.75</ele></trkpt>
   <trkpt lon="6.946361" lat="43.739596"><ele>1100.75</ele></trkpt>
   <trkpt lon="6.946475" lat="43.739572"><ele>1101.5</ele></trkpt>
   <trkpt lon="6.946555" lat="43.739579"><ele>1102.5</ele></trkpt>
   <trkpt lon="6.946594" lat="43.739612"><ele>1103.5</ele></trkpt>
   <trkpt lon="6.946605" lat="43.739666"><ele>1104.5</ele></trkpt>
   <trkpt lon="6.946561" lat="43.739712"><ele>1105.0</ele></trkpt>
   <trkpt lon="6.946294" lat="43.739811"><ele>1104.75</ele></trkpt>
   <trkpt lon="6.946022" lat="43.740036"><ele>1106.25</ele></trkpt>
   <trkpt lon="6.945973" lat="43.740130"><ele>1106.75</ele></trkpt>
   <trkpt lon="6.945936" lat="43.740534"><ele>1110.0</ele></trkpt>
   <trkpt lon="6.945873" lat="43.740722"><ele>1111.25</ele></trkpt>
   <trkpt lon="6.945861" lat="43.740821"><ele>1112.0</ele></trkpt>
   <trkpt lon="6.945862" lat="43.741246"><ele>1115.0</ele></trkpt>
   <trkpt lon="6.945698" lat="43.741892"><ele>1118.25</ele></trkpt>
   <trkpt lon="6.945696" lat="43.741914"><ele>1118.25</ele></trkpt>
   <trkpt lon="6.945579" lat="43.742375"><ele>1116.75</ele></trkpt>
   <trkpt lon="6.945532" lat="43.742561"><ele>1115.75</ele></trkpt>
   <trkpt lon="6.945503" lat="43.742717"><ele>1115.0</ele></trkpt>
   <trkpt lon="6.945508" lat="43.742918"><ele>1113.25</ele></trkpt>
   <trkpt lon="6.945554" lat="43.743136"><ele>1110.75</ele></trkpt>
   <trkpt lon="6.945601" lat="43.743233"><ele>1109.75</ele></trkpt>
   <trkpt lon="6.945670" lat="43.743311"><ele>1109.0</ele></trkpt>
   <trkpt lon="6.945769" lat="43.743393"><ele>1108.5</ele></trkpt>
   <trkpt lon="6.946268" lat="43.743685"><ele>1107.25</ele></trkpt>
   <trkpt lon="6.946320" lat="43.743767"><ele>1106.75</ele></trkpt>
   <trkpt lon="6.946349" lat="43.743846"><ele>1106.0</ele></trkpt>
   <trkpt lon="6.946344" lat="43.743946"><ele>1105.5</ele></trkpt>
   <trkpt lon="6.946308" lat="43.744031"><ele>1105.5</ele></trkpt>
   <trkpt lon="6.946236" lat="43.744116"><ele>1105.75</ele></trkpt>
   <trkpt lon="6.946117" lat="43.744178"><ele>1105.75</ele></trkpt>
   <trkpt lon="6.945975" lat="43.744219"><ele>1105.0</ele></trkpt>
   <trkpt lon="6.945835" lat="43.744232"><ele>1104.5</ele></trkpt>
   <trkpt lon="6.945546" lat="43.744174"><ele>1103.75</ele></trkpt>
   <trkpt lon="6.944994" lat="43.744038"><ele>1102.25</ele></trkpt>
   <trkpt lon="6.944812" lat="43.743963"><ele>1101.75</ele></trkpt>
   <trkpt lon="6.944447" lat="43.743775"><ele>1100.25</ele></trkpt>
   <trkpt lon="6.944265" lat="43.743715"><ele>1099.5</ele></trkpt>
   <trkpt lon="6.944053" lat="43.743675"><ele>1099.25</ele></trkpt>
   <trkpt lon="6.943106" lat="43.743584"><ele>1098.0</ele></trkpt>
   <trkpt lon="6.940136" lat="43.743323"><ele>1092.0</ele></trkpt>
   <trkpt lon="6.939660" lat="43.743277"><ele>1092.5</ele></trkpt>
   <trkpt lon="6.938693" lat="43.743155"><ele>1092.5</ele></trkpt>
   <trkpt lon="6.938497" lat="43.743143"><ele>1092.25</ele></trkpt>
   <trkpt lon="6.938227" lat="43.743132"><ele>1091.5</ele></trkpt>
   <trkpt lon="6.937724" lat="43.743134"><ele>1090.0</ele></trkpt>
   <trkpt lon="6.937221" lat="43.743127"><ele>1091.0</ele></trkpt>
   <trkpt lon="6.936558" lat="43.743049"><ele>1092.75</ele></trkpt>
   <trkpt lon="6.936498" lat="43.743044"><ele>1092.75</ele></trkpt>
   <trkpt lon="6.936264" lat="43.743046"><ele>1093.0</ele></trkpt>
   <trkpt lon="6.935768" lat="43.743067"><ele>1092.75</ele></trkpt>
   <trkpt lon="6.935547" lat="43.743056"><ele>1092.75</ele></trkpt>
   <trkpt lon="6.935342" lat="43.743036"><ele>1092.0</ele></trkpt>
   <trkpt lon="6.934572" lat="43.742932"><ele>1091.0</ele></trkpt>
   <trkpt lon="6.933825" lat="43.742831"><ele>1089.5</ele></trkpt>
   <trkpt lon="6.932848" lat="43.742756"><ele>1086.0</ele></trkpt>
   <trkpt lon="6.932569" lat="43.742719"><ele>1084.75</ele></trkpt>
   <trkpt lon="6.932450" lat="43.742691"><ele>1084.25</ele></trkpt>
   <trkpt lon="6.931742" lat="43.742528"><ele>1084.0</ele><sym>pass_place</sym><type>Shaping</type></trkpt>
   <trkpt lon="6.931168" lat="43.742336"><ele>1082.75</ele></trkpt>
   <trkpt lon="6.930794" lat="43.742257"><ele>1082.75</ele></trkpt>
   <trkpt lon="6.930246" lat="43.742198"><ele>1082.25</ele></trkpt>
   <trkpt lon="6.928981" lat="43.742185"><ele>1081.5</ele></trkpt>
   <trkpt lon="6.928176" lat="43.742195"><ele>1080.25</ele></trkpt>
   <trkpt lon="6.927868" lat="43.742179"><ele>1080.5</ele></trkpt>
   <trkpt lon="6.927598" lat="43.742149"><ele>1080.25</ele></trkpt>
   <trkpt lon="6.927376" lat="43.742103"><ele>1080.5</ele></trkpt>
   <trkpt lon="6.927146" lat="43.742027"><ele>1080.5</ele></trkpt>
   <trkpt lon="6.926709" lat="43.741820"><ele>1080.5</ele></trkpt>
   <trkpt lon="6.926488" lat="43.741733"><ele>1080.0</ele></trkpt>
   <trkpt lon="6.926296" lat="43.741681"><ele>1079.5</ele></trkpt>
   <trkpt lon="6.926078" lat="43.741632"><ele>1079.25</ele></trkpt>
   <trkpt lon="6.925779" lat="43.741586"><ele>1079.25</ele></trkpt>
   <trkpt lon="6.925047" lat="43.741561"><ele>1079.0</ele></trkpt>
   <trkpt lon="6.924869" lat="43.741579"><ele>1078.5</ele></trkpt>
   <trkpt lon="6.924724" lat="43.741609"><ele>1078.0</ele></trkpt>
   <trkpt lon="6.924568" lat="43.741675"><ele>1078.5</ele></trkpt>
   <trkpt lon="6.924435" lat="43.741782"><ele>1078.25</ele></trkpt>
   <trkpt lon="6.924270" lat="43.741959"><ele>1078.0</ele></trkpt>
   <trkpt lon="6.924247" lat="43.741984"><ele>1078.0</ele></trkpt>
   <trkpt lon="6.924134" lat="43.742071"><ele>1078.0</ele></trkpt>
   <trkpt lon="6.923995" lat="43.742125"><ele>1077.75</ele></trkpt>
   <trkpt lon="6.923853" lat="43.742155"><ele>1077.5</ele></trkpt>
   <trkpt lon="6.923593" lat="43.742155"><ele>1077.5</ele></trkpt>
   <trkpt lon="6.922042" lat="43.742057"><ele>1077.25</ele></trkpt>
   <trkpt lon="6.920440" lat="43.741989"><ele>1076.5</ele></trkpt>
   <trkpt lon="6.918823" lat="43.741936"><ele>1076.0</ele></trkpt>
   <trkpt lon="6.918307" lat="43.741909"><ele>1076.25</ele></trkpt>
   <trkpt lon="6.917093" lat="43.741761"><ele>1075.5</ele></trkpt>
   <trkpt lon="6.916739" lat="43.741735"><ele>1074.75</ele></trkpt>
   <trkpt lon="6.916406" lat="43.741724"><ele>1073.75</ele></trkpt>
   <trkpt lon="6.915838" lat="43.741727"><ele>1073.75</ele></trkpt>
   <trkpt lon="6.915767" lat="43.741732"><ele>1073.75</ele></trkpt>
   <trkpt lon="6.915650" lat="43.741739"><ele>1073.5</ele></trkpt>
   <trkpt lon="6.915419" lat="43.741785"><ele>1073.25</ele></trkpt>
   <trkpt lon="6.915114" lat="43.741879"><ele>1072.25</ele></trkpt>
   <trkpt lon="6.914979" lat="43.741933"><ele>1072.0</ele></trkpt>
   <trkpt lon="6.914735" lat="43.742043"><ele>1073.25</ele></trkpt>
   <trkpt lon="6.914102" lat="43.742356"><ele>1073.25</ele></trkpt>
   <trkpt lon="6.913534" lat="43.742719"><ele>1074.75</ele></trkpt>
   <trkpt lon="6.911937" lat="43.744077"><ele>1078.0</ele></trkpt>
   <trkpt lon="6.911698" lat="43.744361"><ele>1078.75</ele></trkpt>
   <trkpt lon="6.911423" lat="43.744770"><ele>1081.0</ele><sym>pass_place</sym><type>Shaping</type></trkpt>
   <trkpt lon="6.911254" lat="43.744971"><ele>1083.0</ele></trkpt>
   <trkpt lon="6.911147" lat="43.745035"><ele>1084.25</ele></trkpt>
   <trkpt lon="6.910982" lat="43.745090"><ele>1084.75</ele><sym>left_slight</sym></trkpt>
   <trkpt lon="6.910875" lat="43.745102"><ele>1084.75</ele></trkpt>
   <trkpt lon="6.910710" lat="43.745091"><ele>1084.0</ele></trkpt>
   <trkpt lon="6.909494" lat="43.744703"><ele>1081.75</ele></trkpt>
   <trkpt lon="6.909379" lat="43.744643"><ele>1081.75</ele></trkpt>
   <trkpt lon="6.909287" lat="43.744557"><ele>1081.75</ele></trkpt>
   <trkpt lon="6.908606" lat="43.743770"><ele>1081.5</ele></trkpt>
   <trkpt lon="6.908569" lat="43.743731"><ele>1081.5</ele></trkpt>
   <trkpt lon="6.908496" lat="43.743655"><ele>1081.5</ele></trkpt>
   <trkpt lon="6.908296" lat="43.743541"><ele>1081.5</ele></trkpt>
   <trkpt lon="6.907931" lat="43.743388"><ele>1081.25</ele></trkpt>
   <trkpt lon="6.907564" lat="43.743277"><ele>1082.25</ele></trkpt>
   <trkpt lon="6.907201" lat="43.743190"><ele>1083.5</ele></trkpt>
   <trkpt lon="6.906858" lat="43.743127"><ele>1085.25</ele></trkpt>
   <trkpt lon="6.906687" lat="43.743071"><ele>1085.0</ele></trkpt>
   <trkpt lon="6.906501" lat="43.742973"><ele>1084.25</ele></trkpt>
   <trkpt lon="6.906060" lat="43.742697"><ele>1084.0</ele></trkpt>
   <trkpt lon="6.905886" lat="43.742612"><ele>1084.75</ele></trkpt>
   <trkpt lon="6.904955" lat="43.742241"><ele>1086.0</ele></trkpt>
   <trkpt lon="6.904493" lat="43.742094"><ele>1087.5</ele></trkpt>
   <trkpt lon="6.904106" lat="43.742027"><ele>1088.25</ele></trkpt>
   <trkpt lon="6.902896" lat="43.741891"><ele>1089.25</ele></trkpt>
   <trkpt lon="6.902428" lat="43.741837"><ele>1090.25</ele></trkpt>
   <trkpt lon="6.901575" lat="43.741785"><ele>1093.75</ele></trkpt>
   <trkpt lon="6.900961" lat="43.741764"><ele>1096.0</ele></trkpt>
   <trkpt lon="6.900148" lat="43.741674"><ele>1097.75</ele><sym>roundabout_e2</sym></trkpt>
   <trkpt lon="6.900129" lat="43.741712"><ele>1097.75</ele></trkpt>
   <trkpt lon="6.900086" lat="43.741735"><ele>1097.75</ele></trkpt>
   <trkpt lon="6.900032" lat="43.741736"><ele>1097.75</ele></trkpt>
   <trkpt lon="6.900007" lat="43.741729"><ele>1097.75</ele></trkpt>
   <trkpt lon="6.899974" lat="43.741702"><ele>1098.0</ele></trkpt>
   <trkpt lon="6.899963" lat="43.741675"><ele>1098.0</ele></trkpt>
   <trkpt lon="6.899966" lat="43.741654"><ele>1098.0</ele></trkpt>
   <trkpt lon="6.899979" lat="43.741635"><ele>1098.0</ele></trkpt>
   <trkpt lon="6.900013" lat="43.741613"><ele>1098.25</ele></trkpt>
   <trkpt lon="6.899963" lat="43.741563"><ele>1098.5</ele></trkpt>
   <trkpt lon="6.899924" lat="43.741540"><ele>1098.75</ele></trkpt>
   <trkpt lon="6.899666" lat="43.741476"><ele>1099.25</ele></trkpt>
   <trkpt lon="6.899503" lat="43.741435"><ele>1099.75</ele></trkpt>
   <trkpt lon="6.898915" lat="43.741278"><ele>1101.5</ele></trkpt>
   <trkpt lon="6.898754" lat="43.741251"><ele>1101.75</ele></trkpt>
   <trkpt lon="6.898356" lat="43.741251"><ele>1102.75</ele></trkpt>
   <trkpt lon="6.896991" lat="43.741304"><ele>1105.5</ele></trkpt>
   <trkpt lon="6.896660" lat="43.741292"><ele>1106.25</ele></trkpt>
   <trkpt lon="6.896403" lat="43.741242"><ele>1106.0</ele></trkpt>
   <trkpt lon="6.895902" lat="43.741107"><ele>1106.0</ele></trkpt>
   <trkpt lon="6.895415" lat="43.741008"><ele>1108.25</ele></trkpt>
   <trkpt lon="6.894758" lat="43.740905"><ele>1111.25</ele></trkpt>
   <trkpt lon="6.894106" lat="43.740848"><ele>1113.0</ele></trkpt>
   <trkpt lon="6.893560" lat="43.740860"><ele>1114.25</ele></trkpt>
   <trkpt lon="6.892969" lat="43.740876"><ele>1117.25</ele><sym>pass_place</sym><type>Shaping</type></trkpt>
   <trkpt lon="6.892967" lat="43.740877"><ele>1117.25</ele></trkpt>
   <trkpt lon="6.892419" lat="43.740912"><ele>1119.75</ele></trkpt>
   <trkpt lon="6.892058" lat="43.740987"><ele>1120.75</ele></trkpt>
   <trkpt lon="6.891746" lat="43.741078"><ele>1121.0</ele></trkpt>
   <trkpt lon="6.890712" lat="43.741429"><ele>1125.25</ele></trkpt>
   <trkpt lon="6.890203" lat="43.741547"><ele>1126.75</ele></trkpt>
   <trkpt lon="6.889648" lat="43.741653"><ele>1127.75</ele></trkpt>
   <trkpt lon="6.889281" lat="43.741760"><ele>1129.25</ele></trkpt>
   <trkpt lon="6.888637" lat="43.742011"><ele>1131.25</ele></trkpt>
   <trkpt lon="6.888114" lat="43.742230"><ele>1132.5</ele></trkpt>
   <trkpt lon="6.887817" lat="43.742339"><ele>1133.5</ele></trkpt>
   <trkpt lon="6.887530" lat="43.742426"><ele>1134.5</ele></trkpt>
   <trkpt lon="6.887344" lat="43.742460"><ele>1135.5</ele></trkpt>
   <trkpt lon="6.887142" lat="43.742476"><ele>1136.75</ele></trkpt>
   <trkpt lon="6.886932" lat="43.742468"><ele>1138.25</ele></trkpt>
   <trkpt lon="6.886546" lat="43.742441"><ele>1139.75</ele></trkpt>
   <trkpt lon="6.886088" lat="43.742430"><ele>1142.25</ele></trkpt>
   <trkpt lon="6.885949" lat="43.742439"><ele>1142.75</ele></trkpt>
   <trkpt lon="6.885812" lat="43.742458"><ele>1143.0</ele></trkpt>
   <trkpt lon="6.885261" lat="43.742602"><ele>1144.25</ele><sym>pass_place</sym><type>Shaping</type></trkpt>
   <trkpt lon="6.885256" lat="43.742604"><ele>1144.25</ele></trkpt>
   <trkpt lon="6.884868" lat="43.742675"><ele>1142.5</ele></trkpt>
   <trkpt lon="6.884533" lat="43.742711"><ele>1141.25</ele></trkpt>
   <trkpt lon="6.884072" lat="43.742727"><ele>1140.25</ele></trkpt>
   <trkpt lon="6.883869" lat="43.742723"><ele>1139.5</ele></trkpt>
   <trkpt lon="6.883744" lat="43.742711"><ele>1139.0</ele></trkpt>
   <trkpt lon="6.883401" lat="43.742647"><ele>1137.75</ele></trkpt>
   <trkpt lon="6.883139" lat="43.742569"><ele>1136.5</ele></trkpt>
   <trkpt lon="6.882800" lat="43.742451"><ele>1135.0</ele></trkpt>
   <trkpt lon="6.882515" lat="43.742328"><ele>1134.0</ele></trkpt>
   <trkpt lon="6.882267" lat="43.742193"><ele>1132.25</ele></trkpt>
   <trkpt lon="6.882104" lat="43.742084"><ele>1131.25</ele></trkpt>
   <trkpt lon="6.881923" lat="43.741942"><ele>1130.0</ele></trkpt>
   <trkpt lon="6.881797" lat="43.741827"><ele>1130.0</ele></trkpt>
   <trkpt lon="6.881384" lat="43.741352"><ele>1130.0</ele></trkpt>
   <trkpt lon="6.880926" lat="43.740797"><ele>1129.75</ele></trkpt>
   <trkpt lon="6.880812" lat="43.740681"><ele>1129.25</ele></trkpt>
   <trkpt lon="6.880627" lat="43.740545"><ele>1128.75</ele></trkpt>
   <trkpt lon="6.880101" lat="43.740267"><ele>1125.75</ele></trkpt>
   <trkpt lon="6.879416" lat="43.739878"><ele>1121.0</ele></trkpt>
   <trkpt lon="6.878618" lat="43.739360"><ele>1120.75</ele></trkpt>
   <trkpt lon="6.878229" lat="43.738866"><ele>1121.0</ele></trkpt>
   <trkpt lon="6.877961" lat="43.738366"><ele>1115.75</ele></trkpt>
   <trkpt lon="6.877948" lat="43.738312"><ele>1115.25</ele></trkpt>
   <trkpt lon="6.877890" lat="43.738061"><ele>1115.0</ele></trkpt>
   <trkpt lon="6.877350" lat="43.736458"><ele>1113.5</ele></trkpt>
   <trkpt lon="6.877210" lat="43.735906"><ele>1111.5</ele></trkpt>
   <trkpt lon="6.877115" lat="43.735371"><ele>1108.75</ele></trkpt>
   <trkpt lon="6.877106" lat="43.735254"><ele>1107.75</ele></trkpt>
   <trkpt lon="6.877128" lat="43.735127"><ele>1107.0</ele></trkpt>
   <trkpt lon="6.877224" lat="43.734743"><ele>1105.25</ele></trkpt>
   <trkpt lon="6.877264" lat="43.734497"><ele>1105.25</ele></trkpt>
   <trkpt lon="6.877243" lat="43.734257"><ele>1103.75</ele></trkpt>
   <trkpt lon="6.876798" lat="43.733154"><ele>1096.5</ele></trkpt>
   <trkpt lon="6.876456" lat="43.732450"><ele>1092.0</ele></trkpt>
   <trkpt lon="6.876292" lat="43.732147"><ele>1091.5</ele></trkpt>
   <trkpt lon="6.875986" lat="43.731795"><ele>1088.0</ele></trkpt>
   <trkpt lon="6.875685" lat="43.731420"><ele>1088.0</ele></trkpt>
   <trkpt lon="6.875325" lat="43.731059"><ele>1086.25</ele></trkpt>
   <trkpt lon="6.873972" lat="43.729653"><ele>1075.5</ele><sym>pass_place</sym><type>Shaping</type></trkpt>
   <trkpt lon="6.873629" lat="43.729240"><ele>1074.25</ele></trkpt>
   <trkpt lon="6.872948" lat="43.728493"><ele>1072.25</ele></trkpt>
   <trkpt lon="6.872604" lat="43.728164"><ele>1072.25</ele></trkpt>
   <trkpt lon="6.872263" lat="43.727921"><ele>1070.0</ele></trkpt>
   <trkpt lon="6.871609" lat="43.727543"><ele>1067.5</ele></trkpt>
   <trkpt lon="6.871249" lat="43.727325"><ele>1067.75</ele></trkpt>
   <trkpt lon="6.870814" lat="43.727125"><ele>1066.0</ele></trkpt>
   <trkpt lon="6.870359" lat="43.726976"><ele>1062.5</ele></trkpt>
   <trkpt lon="6.869883" lat="43.726863"><ele>1058.25</ele></trkpt>
   <trkpt lon="6.869609" lat="43.726776"><ele>1057.0</ele></trkpt>
   <trkpt lon="6.869412" lat="43.726700"><ele>1056.0</ele></trkpt>
   <trkpt lon="6.869011" lat="43.726482"><ele>1052.75</ele><sym>left_slight</sym></trkpt>
   <trkpt lon="6.868951" lat="43.726393"><ele>1052.75</ele></trkpt>
   <trkpt lon="6.868890" lat="43.726109"><ele>1053.0</ele></trkpt>
   <trkpt lon="6.868976" lat="43.725647"><ele>1054.5</ele></trkpt>
   <trkpt lon="6.868995" lat="43.725167"><ele>1053.75</ele></trkpt>
   <trkpt lon="6.868977" lat="43.724589"><ele>1053.0</ele></trkpt>
   <trkpt lon="6.869010" lat="43.724233"><ele>1053.25</ele></trkpt>
   <trkpt lon="6.869086" lat="43.724000"><ele>1053.0</ele></trkpt>
   <trkpt lon="6.869314" lat="43.723561"><ele>1054.25</ele></trkpt>
   <trkpt lon="6.869397" lat="43.723310"><ele>1053.5</ele></trkpt>
   <trkpt lon="6.869459" lat="43.723033"><ele>1052.75</ele></trkpt>
   <trkpt lon="6.869466" lat="43.722912"><ele>1054.5</ele></trkpt>
   <trkpt lon="6.869393" lat="43.722816"><ele>1055.25</ele></trkpt>
   <trkpt lon="6.869270" lat="43.722763"><ele>1057.75</ele></trkpt>
   <trkpt lon="6.869075" lat="43.722750"><ele>1059.5</ele></trkpt>
   <trkpt lon="6.868634" lat="43.722813"><ele>1056.5</ele></trkpt>
   <trkpt lon="6.868357" lat="43.722836"><ele>1055.0</ele></trkpt>
   <trkpt lon="6.867213" lat="43.722792"><ele>1051.0</ele></trkpt>
   <trkpt lon="6.866809" lat="43.722662"><ele>1049.5</ele></trkpt>
   <trkpt lon="6.866571" lat="43.722423"><ele>1050.5</ele></trkpt>
   <trkpt lon="6.866290" lat="43.721884"><ele>1051.5</ele></trkpt>
   <trkpt lon="6.865957" lat="43.721032"><ele>1049.0</ele></trkpt>
   <trkpt lon="6.865908" lat="43.720669"><ele>1049.0</ele></trkpt>
   <trkpt lon="6.865902" lat="43.720067"><ele>1049.0</ele></trkpt>
   <trkpt lon="6.865961" lat="43.719705"><ele>1049.25</ele></trkpt>
   <trkpt lon="6.866208" lat="43.718950"><ele>1050.5</ele></trkpt>
   <trkpt lon="6.866184" lat="43.718622"><ele>1050.0</ele></trkpt>
   <trkpt lon="6.866092" lat="43.718279"><ele>1049.75</ele></trkpt>
   <trkpt lon="6.865986" lat="43.717998"><ele>1049.0</ele></trkpt>
   <trkpt lon="6.865808" lat="43.717287"><ele>1048.5</ele></trkpt>
   <trkpt lon="6.865719" lat="43.716983"><ele>1048.0</ele><sym>pass_place</sym><type>Shaping</type></trkpt>
   <trkpt lon="6.865542" lat="43.716432"><ele>1047.0</ele></trkpt>
   <trkpt lon="6.865276" lat="43.715894"><ele>1045.5</ele></trkpt>
   <trkpt lon="6.864750" lat="43.715104"><ele>1044.75</ele></trkpt>
   <trkpt lon="6.864492" lat="43.714700"><ele>1045.25</ele></trkpt>
   <trkpt lon="6.864296" lat="43.714458"><ele>1045.5</ele></trkpt>
   <trkpt lon="6.864032" lat="43.714240"><ele>1044.75</ele></trkpt>
   <trkpt lon="6.863928" lat="43.714108"><ele>1045.25</ele></trkpt>
   <trkpt lon="6.863890" lat="43.713933"><ele>1045.75</ele></trkpt>
   <trkpt lon="6.863840" lat="43.713516"><ele>1045.0</ele></trkpt>
   <trkpt lon="6.863912" lat="43.713191"><ele>1044.75</ele></trkpt>
   <trkpt lon="6.864026" lat="43.712986"><ele>1044.25</ele></trkpt>
   <trkpt lon="6.864307" lat="43.712678"><ele>1042.25</ele></trkpt>
   <trkpt lon="6.864488" lat="43.712479"><ele>1041.75</ele></trkpt>
   <trkpt lon="6.864850" lat="43.712039"><ele>1040.0</ele></trkpt>
   <trkpt lon="6.865099" lat="43.711785"><ele>1039.0</ele></trkpt>
   <trkpt lon="6.865187" lat="43.711682"><ele>1038.25</ele></trkpt>
   <trkpt lon="6.865445" lat="43.711368"><ele>1036.5</ele></trkpt>
   <trkpt lon="6.865644" lat="43.711144"><ele>1033.75</ele></trkpt>
   <trkpt lon="6.865773" lat="43.710934"><ele>1031.25</ele></trkpt>
   <trkpt lon="6.865854" lat="43.710708"><ele>1028.75</ele></trkpt>
   <trkpt lon="6.865886" lat="43.710496"><ele>1026.75</ele></trkpt>
   <trkpt lon="6.865836" lat="43.709848"><ele>1023.0</ele></trkpt>
   <trkpt lon="6.865793" lat="43.709678"><ele>1021.25</ele></trkpt>
   <trkpt lon="6.865729" lat="43.709557"><ele>1020.25</ele></trkpt>
   <trkpt lon="6.865528" lat="43.709338"><ele>1019.25</ele></trkpt>
   <trkpt lon="6.865444" lat="43.709265"><ele>1017.75</ele></trkpt>
   <trkpt lon="6.865335" lat="43.709221"><ele>1017.75</ele></trkpt>
   <trkpt lon="6.865169" lat="43.709177"><ele>1017.25</ele></trkpt>
   <trkpt lon="6.864722" lat="43.709126"><ele>1014.75</ele></trkpt>
   <trkpt lon="6.863536" lat="43.709012"><ele>1010.75</ele></trkpt>
   <trkpt lon="6.862680" lat="43.708950"><ele>1005.0</ele></trkpt>
   <trkpt lon="6.862360" lat="43.708954"><ele>1003.5</ele></trkpt>
   <trkpt lon="6.861848" lat="43.708976"><ele>1001.0</ele></trkpt>
   <trkpt lon="6.861341" lat="43.709012"><ele>998.75</ele></trkpt>
   <trkpt lon="6.859782" lat="43.708989"><ele>988.0</ele></trkpt>
   <trkpt lon="6.859544" lat="43.708981"><ele>986.5</ele></trkpt>
   <trkpt lon="6.858895" lat="43.708904"><ele>983.75</ele></trkpt>
   <trkpt lon="6.858661" lat="43.708849"><ele>981.5</ele></trkpt>
   <trkpt lon="6.858315" lat="43.708735"><ele>977.5</ele></trkpt>
   <trkpt lon="6.858145" lat="43.708699"><ele>975.75</ele></trkpt>
   <trkpt lon="6.857845" lat="43.708702"><ele>975.0</ele></trkpt>
   <trkpt lon="6.857460" lat="43.708717"><ele>972.75</ele></trkpt>
   <trkpt lon="6.857099" lat="43.708748"><ele>970.0</ele></trkpt>
   <trkpt lon="6.855819" lat="43.709015"><ele>963.75</ele></trkpt>
   <trkpt lon="6.854639" lat="43.709439"><ele>956.75</ele><sym>pass_place</sym><type>Shaping</type></trkpt>
   <trkpt lon="6.854638" lat="43.709440"><ele>956.75</ele></trkpt>
   <trkpt lon="6.854239" lat="43.709550"><ele>955.0</ele></trkpt>
   <trkpt lon="6.853801" lat="43.709577"><ele>951.25</ele></trkpt>
   <trkpt lon="6.853601" lat="43.709557"><ele>949.5</ele></trkpt>
   <trkpt lon="6.852934" lat="43.709396"><ele>946.5</ele></trkpt>
   <trkpt lon="6.852547" lat="43.709267"><ele>945.25</ele></trkpt>
   <trkpt lon="6.852036" lat="43.709083"><ele>944.0</ele></trkpt>
   <trkpt lon="6.851845" lat="43.709043"><ele>945.75</ele></trkpt>
   <trkpt lon="6.851789" lat="43.709005"><ele>944.5</ele></trkpt>
   <trkpt lon="6.851781" lat="43.708975"><ele>943.0</ele></trkpt>
   <trkpt lon="6.851786" lat="43.708959"><ele>942.0</ele></trkpt>
   <trkpt lon="6.851812" lat="43.708937"><ele>940.0</ele></trkpt>
   <trkpt lon="6.851857" lat="43.708925"><ele>938.5</ele></trkpt>
   <trkpt lon="6.851941" lat="43.708936"><ele>937.75</ele></trkpt>
   <trkpt lon="6.852556" lat="43.709125"><ele>936.5</ele></trkpt>
   <trkpt lon="6.852723" lat="43.709166"><ele>935.75</ele></trkpt>
   <trkpt lon="6.852907" lat="43.709202"><ele>934.75</ele></trkpt>
   <trkpt lon="6.853211" lat="43.709250"><ele>933.5</ele></trkpt>
   <trkpt lon="6.853428" lat="43.709274"><ele>933.0</ele></trkpt>
   <trkpt lon="6.853622" lat="43.709269"><ele>931.5</ele></trkpt>
   <trkpt lon="6.853865" lat="43.709232"><ele>930.0</ele></trkpt>
   <trkpt lon="6.854107" lat="43.709163"><ele>928.75</ele></trkpt>
   <trkpt lon="6.854257" lat="43.709107"><ele>928.0</ele></trkpt>
   <trkpt lon="6.854355" lat="43.709062"><ele>927.5</ele></trkpt>
   <trkpt lon="6.855458" lat="43.708436"><ele>917.75</ele></trkpt>
   <trkpt lon="6.855513" lat="43.708412"><ele>917.5</ele></trkpt>
   <trkpt lon="6.855655" lat="43.708362"><ele>917.25</ele></trkpt>
   <trkpt lon="6.856284" lat="43.708175"><ele>913.25</ele></trkpt>
   <trkpt lon="6.857539" lat="43.707723"><ele>905.0</ele></trkpt>
   <trkpt lon="6.857774" lat="43.707659"><ele>903.5</ele></trkpt>
   <trkpt lon="6.857901" lat="43.707635"><ele>903.25</ele></trkpt>
   <trkpt lon="6.858408" lat="43.707556"><ele>901.25</ele></trkpt>
   <trkpt lon="6.859086" lat="43.707471"><ele>897.0</ele></trkpt>
   <trkpt lon="6.859265" lat="43.707436"><ele>896.0</ele></trkpt>
   <trkpt lon="6.859760" lat="43.707293"><ele>894.5</ele></trkpt>
   <trkpt lon="6.860481" lat="43.707075"><ele>889.75</ele></trkpt>
   <trkpt lon="6.860726" lat="43.706998"><ele>887.5</ele></trkpt>
   <trkpt lon="6.860783" lat="43.706970"><ele>887.25</ele></trkpt>
   <trkpt lon="6.860847" lat="43.706916"><ele>887.0</ele></trkpt>
   <trkpt lon="6.860866" lat="43.706888"><ele>887.0</ele></trkpt>
   <trkpt lon="6.860886" lat="43.706856"><ele>887.0</ele></trkpt>
   <trkpt lon="6.860938" lat="43.706728"><ele>886.5</ele></trkpt>
   <trkpt lon="6.860938" lat="43.706679"><ele>886.5</ele></trkpt>
   <trkpt lon="6.860913" lat="43.706625"><ele>886.25</ele></trkpt>
   <trkpt lon="6.860897" lat="43.706608"><ele>886.5</ele></trkpt>
   <trkpt lon="6.860841" lat="43.706574"><ele>887.25</ele></trkpt>
   <trkpt lon="6.860763" lat="43.706542"><ele>887.0</ele></trkpt>
   <trkpt lon="6.860563" lat="43.706484"><ele>886.0</ele></trkpt>
   <trkpt lon="6.860436" lat="43.706462"><ele>885.0</ele></trkpt>
   <trkpt lon="6.859350" lat="43.706353"><ele>877.5</ele></trkpt>
   <trkpt lon="6.859017" lat="43.706304"><ele>876.0</ele></trkpt>
   <trkpt lon="6.858723" lat="43.706245"><ele>874.75</ele></trkpt>
   <trkpt lon="6.857849" lat="43.706045"><ele>867.5</ele></trkpt>
   <trkpt lon="6.857569" lat="43.705991"><ele>866.75</ele></trkpt>
   <trkpt lon="6.857328" lat="43.705961"><ele>865.75</ele></trkpt>
   <trkpt lon="6.857213" lat="43.705948"><ele>865.5</ele></trkpt>
   <trkpt lon="6.855727" lat="43.705917"><ele>857.0</ele></trkpt>
   <trkpt lon="6.855587" lat="43.705902"><ele>855.75</ele></trkpt>
   <trkpt lon="6.855037" lat="43.705811"><ele>853.25</ele></trkpt>
   <trkpt lon="6.854352" lat="43.705695"><ele>849.25</ele></trkpt>
   <trkpt lon="6.854146" lat="43.705648"><ele>847.75</ele></trkpt>
   <trkpt lon="6.853940" lat="43.705593"><ele>846.25</ele></trkpt>
   <trkpt lon="6.853786" lat="43.705536"><ele>845.25</ele></trkpt>
   <trkpt lon="6.853699" lat="43.705497"><ele>844.5</ele></trkpt>
   <trkpt lon="6.853449" lat="43.705354"><ele>843.25</ele></trkpt>
   <trkpt lon="6.853338" lat="43.705282"><ele>842.75</ele></trkpt>
   <trkpt lon="6.853287" lat="43.705234"><ele>841.75</ele></trkpt>
   <trkpt lon="6.853248" lat="43.705181"><ele>841.0</ele></trkpt>
   <trkpt lon="6.853215" lat="43.705102"><ele>840.5</ele></trkpt>
   <trkpt lon="6.853157" lat="43.704801"><ele>839.0</ele></trkpt>
   <trkpt lon="6.853127" lat="43.704589"><ele>836.75</ele><sym>pass_place</sym><type>Shaping</type></trkpt>
   <trkpt lon="6.853122" lat="43.704399"><ele>835.0</ele></trkpt>
   <trkpt lon="6.853131" lat="43.704284"><ele>834.0</ele></trkpt>
   <trkpt lon="6.853155" lat="43.704181"><ele>833.5</ele></trkpt>
   <trkpt lon="6.853206" lat="43.704064"><ele>832.75</ele></trkpt>
   <trkpt lon="6.854010" lat="43.702322"><ele>817.75</ele></trkpt>
   <trkpt lon="6.854300" lat="43.701637"><ele>812.25</ele></trkpt>
   <trkpt lon="6.854403" lat="43.701340"><ele>809.5</ele></trkpt>
   <trkpt lon="6.854523" lat="43.700758"><ele>804.75</ele></trkpt>
   <trkpt lon="6.854657" lat="43.700376"><ele>802.0</ele></trkpt>
   <trkpt lon="6.854857" lat="43.700092"><ele>799.75</ele></trkpt>
   <trkpt lon="6.855075" lat="43.699850"><ele>797.75</ele></trkpt>
   <trkpt lon="6.855313" lat="43.699623"><ele>795.5</ele></trkpt>
   <trkpt lon="6.855781" lat="43.699252"><ele>793.75</ele></trkpt>
   <trkpt lon="6.855803" lat="43.699218"><ele>793.0</ele></trkpt>
   <trkpt lon="6.855805" lat="43.699200"><ele>792.25</ele></trkpt>
   <trkpt lon="6.855785" lat="43.699171"><ele>790.75</ele></trkpt>
   <trkpt lon="6.855770" lat="43.699164"><ele>790.25</ele></trkpt>
   <trkpt lon="6.855743" lat="43.699159"><ele>789.25</ele></trkpt>
   <trkpt lon="6.855715" lat="43.699162"><ele>788.75</ele></trkpt>
   <trkpt lon="6.855628" lat="43.699200"><ele>788.0</ele></trkpt>
   <trkpt lon="6.854930" lat="43.699642"><ele>787.25</ele></trkpt>
   <trkpt lon="6.854211" lat="43.700066"><ele>782.25</ele></trkpt>
   <trkpt lon="6.853891" lat="43.700245"><ele>778.75</ele></trkpt>
   <trkpt lon="6.853510" lat="43.700481"><ele>776.25</ele></trkpt>
   <trkpt lon="6.853303" lat="43.700619"><ele>774.5</ele></trkpt>
   <trkpt lon="6.853124" lat="43.700769"><ele>773.0</ele></trkpt>
   <trkpt lon="6.852354" lat="43.701367"><ele>765.5</ele></trkpt>
   <trkpt lon="6.851404" lat="43.702068"><ele>758.0</ele></trkpt>
   <trkpt lon="6.850513" lat="43.702613"><ele>750.5</ele></trkpt>
   <trkpt lon="6.850326" lat="43.702781"><ele>750.0</ele></trkpt>
   <trkpt lon="6.850053" lat="43.703044"><ele>748.75</ele></trkpt>
   <trkpt lon="6.849895" lat="43.703118"><ele>747.75</ele></trkpt>
   <trkpt lon="6.849695" lat="43.703169"><ele>746.25</ele></trkpt>
   <trkpt lon="6.849027" lat="43.703164"><ele>741.75</ele></trkpt>
   <trkpt lon="6.848500" lat="43.703160"><ele>737.75</ele></trkpt>
   <trkpt lon="6.848460" lat="43.703160"><ele>737.25</ele><sym>left</sym></trkpt>
   <trkpt lon="6.848446" lat="43.703050"><ele>736.75</ele></trkpt>
   <trkpt lon="6.848441" lat="43.703015"><ele>736.5</ele></trkpt>
   <trkpt lon="6.848414" lat="43.702808"><ele>735.5</ele></trkpt>
   <trkpt lon="6.848336" lat="43.702605"><ele>734.25</ele></trkpt>
   <trkpt lon="6.848220" lat="43.702361"><ele>732.5</ele></trkpt>
   <trkpt lon="6.848158" lat="43.702223"><ele>731.25</ele></trkpt>
   <trkpt lon="6.848134" lat="43.702105"><ele>730.25</ele></trkpt>
   <trkpt lon="6.848142" lat="43.701980"><ele>729.5</ele></trkpt>
   <trkpt lon="6.848180" lat="43.701878"><ele>728.75</ele></trkpt>
   <trkpt lon="6.848248" lat="43.701784"><ele>728.5</ele></trkpt>
   <trkpt lon="6.848658" lat="43.701420"><ele>727.25</ele></trkpt>
   <trkpt lon="6.848779" lat="43.701317"><ele>726.75</ele></trkpt>
   <trkpt lon="6.848867" lat="43.701191"><ele>725.75</ele></trkpt>
   <trkpt lon="6.848928" lat="43.700979"><ele>724.0</ele></trkpt>
   <trkpt lon="6.848909" lat="43.700842"><ele>723.0</ele></trkpt>
   <trkpt lon="6.848826" lat="43.700581"><ele>720.25</ele></trkpt>
   <trkpt lon="6.848818" lat="43.700556"><ele>720.0</ele></trkpt>
   <trkpt lon="6.848802" lat="43.700505"><ele>719.5</ele></trkpt>
   <trkpt lon="6.848772" lat="43.700422"><ele>719.0</ele></trkpt>
   <trkpt lon="6.848592" lat="43.699921"><ele>715.25</ele></trkpt>
   <trkpt lon="6.848591" lat="43.699918"><ele>714.25</ele><sym>pass_place</sym><type>Shaping</type></trkpt>
   <trkpt lon="6.848540" lat="43.699784"><ele>714.25</ele></trkpt>
   <trkpt lon="6.848520" lat="43.699728"><ele>714.0</ele></trkpt>
   <trkpt lon="6.848473" lat="43.699602"><ele>713.25</ele></trkpt>
   <trkpt lon="6.848384" lat="43.699506"><ele>712.5</ele></trkpt>
   <trkpt lon="6.848351" lat="43.699478"><ele>712.25</ele><sym>roundabout_e3</sym></trkpt>
   <trkpt lon="6.848325" lat="43.699478"><ele>712.0</ele></trkpt>
   <trkpt lon="6.848276" lat="43.699465"><ele>712.0</ele></trkpt>
   <trkpt lon="6.848251" lat="43.699447"><ele>712.0</ele></trkpt>
   <trkpt lon="6.848230" lat="43.699410"><ele>712.0</ele></trkpt>
   <trkpt lon="6.848238" lat="43.699370"><ele>712.0</ele></trkpt>
   <trkpt lon="6.848279" lat="43.699335"><ele>712.0</ele></trkpt>
   <trkpt lon="6.848312" lat="43.699254"><ele>712.0</ele></trkpt>
   <trkpt lon="6.848317" lat="43.699180"><ele>712.0</ele></trkpt>
   <trkpt lon="6.848213" lat="43.698891"><ele>712.25</ele></trkpt>
   <trkpt lon="6.848165" lat="43.698719"><ele>713.0</ele></trkpt>
   <trkpt lon="6.848147" lat="43.698660"><ele>713.25</ele></trkpt>
   <trkpt lon="6.848136" lat="43.698520"><ele>713.75</ele></trkpt>
   <trkpt lon="6.848137" lat="43.698490"><ele>713.75</ele></trkpt>
   <trkpt lon="6.848156" lat="43.698458"><ele>713.75</ele></trkpt>
   <trkpt lon="6.848208" lat="43.698400"><ele>713.75</ele></trkpt>
   <trkpt lon="6.848312" lat="43.698354"><ele>713.75</ele></trkpt>
   <trkpt lon="6.848388" lat="43.698326"><ele>713.75</ele></trkpt>
   <trkpt lon="6.848662" lat="43.698248"><ele>713.5</ele></trkpt>
   <trkpt lon="6.848823" lat="43.698211"><ele>713.75</ele></trkpt>
   <trkpt lon="6.848942" lat="43.698193"><ele>714.0</ele></trkpt>
   <trkpt lon="6.848949" lat="43.698192"><ele>714.0</ele></trkpt>
   <trkpt lon="6.849350" lat="43.698119"><ele>714.0</ele></trkpt>
   <trkpt lon="6.849588" lat="43.698070"><ele>714.0</ele></trkpt>
   <trkpt lon="6.849721" lat="43.698035"><ele>713.75</ele></trkpt>
   <trkpt lon="6.849849" lat="43.698001"><ele>713.75</ele></trkpt>
   <trkpt lon="6.850001" lat="43.697944"><ele>714.0</ele></trkpt>
   <trkpt lon="6.850046" lat="43.697923"><ele>714.0</ele></trkpt>
   <trkpt lon="6.850246" lat="43.697832"><ele>714.0</ele></trkpt>
   <trkpt lon="6.850581" lat="43.697643"><ele>713.5</ele></trkpt>
   <trkpt lon="6.850664" lat="43.697593"><ele>713.5</ele></trkpt>
   <trkpt lon="6.850692" lat="43.697576"><ele>713.75</ele></trkpt>
   <trkpt lon="6.850762" lat="43.697531"><ele>713.75</ele><sym>right</sym></trkpt>
   <trkpt lon="6.850718" lat="43.697484"><ele>713.25</ele></trkpt>
   <trkpt lon="6.850591" lat="43.697368"><ele>712.0</ele></trkpt>
   <trkpt lon="6.850514" lat="43.697258"><ele>711.25</ele></trkpt>
   <trkpt lon="6.850167" lat="43.696115"><ele>706.0</ele><sym>straight</sym></trkpt>
   <trkpt lon="6.850094" lat="43.696008"><ele>705.75</ele></trkpt>
   <trkpt lon="6.849849" lat="43.695736"><ele>704.0</ele></trkpt>
   <trkpt lon="6.849834" lat="43.695688"><ele>703.75</ele></trkpt>
   <trkpt lon="6.849860" lat="43.695650"><ele>703.75</ele></trkpt>
   <trkpt lon="6.850191" lat="43.695443"><ele>704.5</ele></trkpt>
   <trkpt lon="6.850390" lat="43.695270"><ele>705.25</ele></trkpt>
   <trkpt lon="6.850469" lat="43.695187"><ele>705.5</ele><sym>right_slight</sym></trkpt>
   <trkpt lon="6.850494" lat="43.695094"><ele>705.75</ele></trkpt>
   <trkpt lon="6.850494" lat="43.694947"><ele>706.0</ele></trkpt>
   <trkpt lon="6.850423" lat="43.694456"><ele>709.25</ele></trkpt>
   <trkpt lon="6.850382" lat="43.694040"><ele>708.5</ele></trkpt>
   <trkpt lon="6.850378" lat="43.694002"><ele>708.25</ele><sym>left</sym></trkpt>
   <trkpt lon="6.850936" lat="43.693968"><ele>710.75</ele></trkpt>
   <trkpt lon="6.851268" lat="43.693924"><ele>712.5</ele></trkpt>
   <trkpt lon="6.851596" lat="43.693877"><ele>713.5</ele></trkpt>
   <trkpt lon="6.852189" lat="43.693714"><ele>715.0</ele></trkpt>
   <trkpt lon="6.852276" lat="43.693688"><ele>715.25</ele></trkpt>
   <trkpt lon="6.852288" lat="43.693684"><ele>715.25</ele></trkpt>
   <trkpt lon="6.852355" lat="43.693664"><ele>715.5</ele></trkpt>
   <trkpt lon="6.852734" lat="43.693541"><ele>716.0</ele></trkpt>
   <trkpt lon="6.853089" lat="43.693422"><ele>716.75</ele></trkpt>
   <trkpt lon="6.853540" lat="43.693279"><ele>717.0</ele></trkpt>
   <trkpt lon="6.854273" lat="43.693104"><ele>717.5</ele></trkpt>
   <trkpt lon="6.854427" lat="43.693065"><ele>717.75</ele></trkpt>
   <trkpt lon="6.854516" lat="43.693036"><ele>717.25</ele></trkpt>
   <trkpt lon="6.854782" lat="43.692923"><ele>716.0</ele></trkpt>
   <trkpt lon="6.854894" lat="43.692884"><ele>715.75</ele></trkpt>
   <trkpt lon="6.854995" lat="43.692856"><ele>715.5</ele></trkpt>
   <trkpt lon="6.855103" lat="43.692839"><ele>715.5</ele></trkpt>
   <trkpt lon="6.855319" lat="43.692843"><ele>716.0</ele></trkpt>
   <trkpt lon="6.855419" lat="43.692844"><ele>716.0</ele><sym>right</sym></trkpt>
   <trkpt lon="6.855392" lat="43.692777"><ele>715.75</ele></trkpt>
   <trkpt lon="6.855380" lat="43.692745"><ele>715.75</ele></trkpt>
   <trkpt lon="6.855474" lat="43.691565"><ele>717.5</ele></trkpt>
   <trkpt lon="6.855498" lat="43.691382"><ele>719.0</ele></trkpt>
   <trkpt lon="6.855528" lat="43.691253"><ele>719.75</ele></trkpt>
   <trkpt lon="6.855598" lat="43.691090"><ele>721.0</ele></trkpt>
   <trkpt lon="6.855698" lat="43.690950"><ele>721.25</ele></trkpt>
   <trkpt lon="6.855830" lat="43.690791"><ele>721.75</ele></trkpt>
   <trkpt lon="6.856931" lat="43.689763"><ele>727.0</ele></trkpt>
   <trkpt lon="6.857337" lat="43.689384"><ele>725.75</ele></trkpt>
   <trkpt lon="6.857467" lat="43.689280"><ele>725.25</ele></trkpt>
   <trkpt lon="6.857550" lat="43.689229"><ele>725.0</ele></trkpt>
   <trkpt lon="6.857628" lat="43.689188"><ele>724.5</ele><sym>pass_place</sym><type>Shaping</type></trkpt>
   <trkpt lon="6.857631" lat="43.689187"><ele>724.5</ele><sym>straight</sym></trkpt>
   <trkpt lon="6.857849" lat="43.689073"><ele>723.25</ele><sym>straight</sym></trkpt>
   <trkpt lon="6.858009" lat="43.689003"><ele>722.5</ele></trkpt>
   <trkpt lon="6.858520" lat="43.688775"><ele>720.75</ele></trkpt>
   <trkpt lon="6.858973" lat="43.688546"><ele>718.75</ele></trkpt>
   <trkpt lon="6.859341" lat="43.688327"><ele>717.5</ele></trkpt>
   <trkpt lon="6.859407" lat="43.688342"><ele>717.75</ele><sym>right_slight</sym></trkpt>
   <trkpt lon="6.859553" lat="43.688261"><ele>717.5</ele></trkpt>
   <trkpt lon="6.859870" lat="43.688077"><ele>716.25</ele></trkpt>
   <trkpt lon="6.859958" lat="43.688011"><ele>715.5</ele></trkpt>
   <trkpt lon="6.860100" lat="43.687878"><ele>715.0</ele></trkpt>
   <trkpt lon="6.860246" lat="43.687698"><ele>714.25</ele></trkpt>
   <trkpt lon="6.860352" lat="43.687370"><ele>712.75</ele></trkpt>
   <trkpt lon="6.860541" lat="43.686784"><ele>710.25</ele></trkpt>
   <trkpt lon="6.860608" lat="43.686477"><ele>708.75</ele></trkpt>
   <trkpt lon="6.860624" lat="43.686134"><ele>707.25</ele></trkpt>
   <trkpt lon="6.860618" lat="43.685781"><ele>706.0</ele></trkpt>
   <trkpt lon="6.860626" lat="43.685636"><ele>706.0</ele></trkpt>
   <trkpt lon="6.860634" lat="43.685476"><ele>705.75</ele></trkpt>
   <trkpt lon="6.860646" lat="43.685229"><ele>705.0</ele></trkpt>
   <trkpt lon="6.860794" lat="43.683527"><ele>697.5</ele></trkpt>
   <trkpt lon="6.860803" lat="43.682991"><ele>695.5</ele></trkpt>
   <trkpt lon="6.860810" lat="43.682267"><ele>693.75</ele></trkpt>
   <trkpt lon="6.860820" lat="43.681474"><ele>691.0</ele></trkpt>
   <trkpt lon="6.860840" lat="43.681271"><ele>690.5</ele></trkpt>
   <trkpt lon="6.860880" lat="43.681062"><ele>689.75</ele></trkpt>
   <trkpt lon="6.861368" lat="43.679621"><ele>684.25</ele></trkpt>
   <trkpt lon="6.861402" lat="43.679464"><ele>684.0</ele></trkpt>
   <trkpt lon="6.861422" lat="43.679161"><ele>683.25</ele></trkpt>
   <trkpt lon="6.861405" lat="43.678856"><ele>682.0</ele></trkpt>
   <trkpt lon="6.861393" lat="43.678396"><ele>680.25</ele></trkpt>
   <trkpt lon="6.861401" lat="43.678235"><ele>679.75</ele></trkpt>
   <trkpt lon="6.861456" lat="43.677925"><ele>679.25</ele></trkpt>
   <trkpt lon="6.861498" lat="43.677770"><ele>679.0</ele></trkpt>
   <trkpt lon="6.861551" lat="43.677617"><ele>678.5</ele></trkpt>
   <trkpt lon="6.861687" lat="43.677320"><ele>677.75</ele></trkpt>
   <trkpt lon="6.861778" lat="43.677172"><ele>677.5</ele></trkpt>
   <trkpt lon="6.863114" lat="43.675196"><ele>672.75</ele></trkpt>
   <trkpt lon="6.863228" lat="43.675020"><ele>672.75</ele></trkpt>
   <trkpt lon="6.863299" lat="43.674863"><ele>672.5</ele></trkpt>
   <trkpt lon="6.863328" lat="43.674709"><ele>671.75</ele></trkpt>
   <trkpt lon="6.863330" lat="43.674620"><ele>671.75</ele></trkpt>
   <trkpt lon="6.863323" lat="43.674527"><ele>671.75</ele></trkpt>
   <trkpt lon="6.863248" lat="43.674123"><ele>672.25</ele></trkpt>
   <trkpt lon="6.863247" lat="43.674119"><ele>672.0</ele><sym>pass_place</sym><type>Shaping</type></trkpt>
   <trkpt lon="6.863226" lat="43.673921"><ele>672.0</ele></trkpt>
   <trkpt lon="6.863247" lat="43.673743"><ele>672.0</ele></trkpt>
   <trkpt lon="6.863277" lat="43.673638"><ele>672.25</ele></trkpt>
   <trkpt lon="6.863560" lat="43.672809"><ele>671.25</ele></trkpt>
   <trkpt lon="6.863615" lat="43.672619"><ele>672.0</ele></trkpt>
   <trkpt lon="6.863624" lat="43.672533"><ele>672.0</ele></trkpt>
   <trkpt lon="6.863621" lat="43.672447"><ele>672.5</ele></trkpt>
   <trkpt lon="6.863601" lat="43.672362"><ele>673.25</ele></trkpt>
   <trkpt lon="6.863572" lat="43.672282"><ele>673.75</ele></trkpt>
   <trkpt lon="6.863533" lat="43.672210"><ele>674.0</ele></trkpt>
   <trkpt lon="6.863478" lat="43.672144"><ele>674.25</ele></trkpt>
   <trkpt lon="6.863392" lat="43.672063"><ele>674.5</ele></trkpt>
   <trkpt lon="6.863284" lat="43.671989"><ele>674.5</ele></trkpt>
   <trkpt lon="6.862135" lat="43.671358"><ele>673.5</ele></trkpt>
   <trkpt lon="6.861934" lat="43.671223"><ele>673.75</ele></trkpt>
   <trkpt lon="6.861767" lat="43.671083"><ele>673.75</ele></trkpt>
   <trkpt lon="6.861637" lat="43.670929"><ele>674.75</ele></trkpt>
   <trkpt lon="6.861398" lat="43.670521"><ele>675.5</ele></trkpt>
   <trkpt lon="6.861284" lat="43.670403"><ele>675.5</ele></trkpt>
   <trkpt lon="6.861150" lat="43.670302"><ele>675.0</ele></trkpt>
   <trkpt lon="6.860958" lat="43.670195"><ele>676.5</ele></trkpt>
   <trkpt lon="6.860718" lat="43.670115"><ele>677.5</ele></trkpt>
   <trkpt lon="6.858318" lat="43.669408"><ele>677.0</ele></trkpt>
   <trkpt lon="6.856558" lat="43.668895"><ele>677.5</ele></trkpt>
   <trkpt lon="6.856025" lat="43.668729"><ele>678.25</ele></trkpt>
   <trkpt lon="6.855001" lat="43.668386"><ele>677.25</ele></trkpt>
   <trkpt lon="6.854781" lat="43.668289"><ele>677.75</ele></trkpt>
   <trkpt lon="6.854558" lat="43.668169"><ele>678.5</ele></trkpt>
   <trkpt lon="6.854408" lat="43.668069"><ele>679.25</ele></trkpt>
   <trkpt lon="6.854270" lat="43.667963"><ele>679.75</ele></trkpt>
   <trkpt lon="6.854115" lat="43.667811"><ele>680.25</ele></trkpt>
   <trkpt lon="6.854016" lat="43.667686"><ele>680.5</ele></trkpt>
   <trkpt lon="6.853927" lat="43.667534"><ele>681.0</ele></trkpt>
   <trkpt lon="6.853797" lat="43.667269"><ele>681.75</ele></trkpt>
   <trkpt lon="6.853669" lat="43.666983"><ele>682.5</ele></trkpt>
   <trkpt lon="6.853615" lat="43.666846"><ele>682.25</ele></trkpt>
   <trkpt lon="6.853571" lat="43.666706"><ele>682.0</ele></trkpt>
   <trkpt lon="6.853540" lat="43.666571"><ele>682.0</ele></trkpt>
   <trkpt lon="6.853520" lat="43.666349"><ele>682.25</ele></trkpt>
   <trkpt lon="6.853552" lat="43.665802"><ele>682.5</ele></trkpt>
   <trkpt lon="6.853606" lat="43.665252"><ele>681.75</ele></trkpt>
   <trkpt lon="6.853615" lat="43.665069"><ele>682.0</ele></trkpt>
   <trkpt lon="6.853591" lat="43.663848"><ele>682.75</ele></trkpt>
   <trkpt lon="6.853597" lat="43.663735"><ele>683.25</ele></trkpt>
   <trkpt lon="6.853613" lat="43.663623"><ele>683.75</ele></trkpt>
   <trkpt lon="6.853673" lat="43.663454"><ele>684.0</ele></trkpt>
   <trkpt lon="6.853745" lat="43.663326"><ele>684.25</ele></trkpt>
   <trkpt lon="6.853843" lat="43.663201"><ele>684.5</ele></trkpt>
   <trkpt lon="6.853929" lat="43.663125"><ele>684.75</ele></trkpt>
   <trkpt lon="6.854045" lat="43.663037"><ele>684.75</ele></trkpt>
   <trkpt lon="6.854203" lat="43.662952"><ele>684.75</ele></trkpt>
   <trkpt lon="6.854553" lat="43.662803"><ele>686.0</ele></trkpt>
   <trkpt lon="6.854655" lat="43.662743"><ele>686.0</ele></trkpt>
   <trkpt lon="6.854755" lat="43.662649"><ele>685.75</ele></trkpt>
   <trkpt lon="6.854783" lat="43.662611"><ele>685.5</ele></trkpt>
   <trkpt lon="6.854809" lat="43.662568"><ele>685.25</ele></trkpt>
   <trkpt lon="6.854840" lat="43.662482"><ele>684.5</ele></trkpt>
   <trkpt lon="6.854845" lat="43.662435"><ele>684.5</ele></trkpt>
   <trkpt lon="6.854841" lat="43.662385"><ele>684.0</ele></trkpt>
   <trkpt lon="6.854814" lat="43.662288"><ele>683.25</ele><sym>pass_place</sym><type>Shaping</type></trkpt>
   <trkpt lon="6.854814" lat="43.662287"><ele>683.25</ele></trkpt>
   <trkpt lon="6.854532" lat="43.661439"><ele>681.0</ele></trkpt>
   <trkpt lon="6.854260" lat="43.660589"><ele>680.0</ele></trkpt>
   <trkpt lon="6.854247" lat="43.660539"><ele>679.75</ele></trkpt>
   <trkpt lon="6.854001" lat="43.659543"><ele>681.5</ele></trkpt>
   <trkpt lon="6.853935" lat="43.659333"><ele>681.5</ele></trkpt>
   <trkpt lon="6.853853" lat="43.659186"><ele>681.5</ele></trkpt>
   <trkpt lon="6.853349" lat="43.658636"><ele>679.0</ele></trkpt>
   <trkpt lon="6.853294" lat="43.658559"><ele>678.75</ele></trkpt>
   <trkpt lon="6.853248" lat="43.658475"><ele>678.75</ele></trkpt>
   <trkpt lon="6.853178" lat="43.658318"><ele>678.25</ele></trkpt>
   <trkpt lon="6.853030" lat="43.657960"><ele>675.25</ele></trkpt>
   <trkpt lon="6.852988" lat="43.657865"><ele>674.5</ele></trkpt>
   <trkpt lon="6.852876" lat="43.657690"><ele>673.25</ele></trkpt>
   <trkpt lon="6.852804" lat="43.657610"><ele>672.75</ele></trkpt>
   <trkpt lon="6.852673" lat="43.657484"><ele>671.75</ele></trkpt>
   <trkpt lon="6.852518" lat="43.657359"><ele>671.0</ele></trkpt>
   <trkpt lon="6.852170" lat="43.657110"><ele>669.0</ele></trkpt>
   <trkpt lon="6.852105" lat="43.657054"><ele>668.5</ele></trkpt>
   <trkpt lon="6.851997" lat="43.656935"><ele>667.75</ele></trkpt>
   <trkpt lon="6.851850" lat="43.656697"><ele>666.5</ele></trkpt>
   <trkpt lon="6.851621" lat="43.656263"><ele>663.5</ele></trkpt>
   <trkpt lon="6.851555" lat="43.656150"><ele>663.0</ele></trkpt>
   <trkpt lon="6.851480" lat="43.656045"><ele>662.75</ele></trkpt>
   <trkpt lon="6.851367" lat="43.655932"><ele>662.5</ele></trkpt>
   <trkpt lon="6.851240" lat="43.655840"><ele>661.75</ele></trkpt>
   <trkpt lon="6.851144" lat="43.655786"><ele>661.5</ele></trkpt>
   <trkpt lon="6.851036" lat="43.655735"><ele>661.0</ele></trkpt>
   <trkpt lon="6.850955" lat="43.655678"><ele>660.75</ele></trkpt>
   <trkpt lon="6.850892" lat="43.655617"><ele>660.5</ele></trkpt>
   <trkpt lon="6.850855" lat="43.655562"><ele>660.0</ele></trkpt>
   <trkpt lon="6.850819" lat="43.655481"><ele>659.25</ele></trkpt>
   <trkpt lon="6.850812" lat="43.655404"><ele>658.5</ele></trkpt>
   <trkpt lon="6.850828" lat="43.655307"><ele>658.0</ele></trkpt>
   <trkpt lon="6.850882" lat="43.655198"><ele>657.5</ele></trkpt>
   <trkpt lon="6.850927" lat="43.655143"><ele>657.25</ele></trkpt>
   <trkpt lon="6.850974" lat="43.655099"><ele>657.25</ele></trkpt>
   <trkpt lon="6.851101" lat="43.655026"><ele>657.25</ele></trkpt>
   <trkpt lon="6.851196" lat="43.654985"><ele>656.25</ele></trkpt>
   <trkpt lon="6.851384" lat="43.654940"><ele>654.5</ele></trkpt>
   <trkpt lon="6.851920" lat="43.654910"><ele>652.75</ele></trkpt>
   <trkpt lon="6.852288" lat="43.654899"><ele>651.25</ele></trkpt>
   <trkpt lon="6.852480" lat="43.654875"><ele>649.75</ele></trkpt>
   <trkpt lon="6.852629" lat="43.654849"><ele>649.5</ele></trkpt>
   <trkpt lon="6.853091" lat="43.654714"><ele>648.75</ele></trkpt>
   <trkpt lon="6.853200" lat="43.654688"><ele>648.25</ele></trkpt>
   <trkpt lon="6.853530" lat="43.654650"><ele>646.75</ele></trkpt>
   <trkpt lon="6.853786" lat="43.654639"><ele>646.0</ele></trkpt>
   <trkpt lon="6.854032" lat="43.654653"><ele>644.75</ele></trkpt>
   <trkpt lon="6.854293" lat="43.654690"><ele>643.5</ele></trkpt>
   <trkpt lon="6.854527" lat="43.654738"><ele>643.5</ele></trkpt>
   <trkpt lon="6.854777" lat="43.654811"><ele>642.75</ele></trkpt>
   <trkpt lon="6.855111" lat="43.654934"><ele>640.75</ele></trkpt>
   <trkpt lon="6.855399" lat="43.655068"><ele>639.0</ele></trkpt>
   <trkpt lon="6.856481" lat="43.655666"><ele>634.5</ele></trkpt>
   <trkpt lon="6.856592" lat="43.655722"><ele>633.75</ele></trkpt>
   <trkpt lon="6.856714" lat="43.655773"><ele>633.0</ele></trkpt>
   <trkpt lon="6.856846" lat="43.655817"><ele>632.5</ele></trkpt>
   <trkpt lon="6.856985" lat="43.655847"><ele>632.25</ele></trkpt>
   <trkpt lon="6.857094" lat="43.655864"><ele>632.0</ele></trkpt>
   <trkpt lon="6.857496" lat="43.655909"><ele>631.25</ele></trkpt>
   <trkpt lon="6.857883" lat="43.655961"><ele>628.5</ele></trkpt>
   <trkpt lon="6.858222" lat="43.656028"><ele>627.5</ele></trkpt>
   <trkpt lon="6.858486" lat="43.656103"><ele>625.75</ele></trkpt>
   <trkpt lon="6.858882" lat="43.656240"><ele>625.5</ele></trkpt>
   <trkpt lon="6.859735" lat="43.656544"><ele>620.5</ele></trkpt>
   <trkpt lon="6.860089" lat="43.656695"><ele>618.75</ele></trkpt>
   <trkpt lon="6.860506" lat="43.656968"><ele>617.75</ele></trkpt>
   <trkpt lon="6.860683" lat="43.657046"><ele>618.25</ele></trkpt>
   <trkpt lon="6.860863" lat="43.657097"><ele>616.75</ele></trkpt>
   <trkpt lon="6.861119" lat="43.657116"><ele>614.25</ele></trkpt>
   <trkpt lon="6.861788" lat="43.657082"><ele>612.75</ele><sym>pass_place</sym><type>Shaping</type></trkpt>
   <trkpt lon="6.862561" lat="43.657205"><ele>609.5</ele></trkpt>
   <trkpt lon="6.862775" lat="43.657208"><ele>608.0</ele></trkpt>
   <trkpt lon="6.863784" lat="43.657176"><ele>604.0</ele></trkpt>
   <trkpt lon="6.864008" lat="43.657189"><ele>602.5</ele></trkpt>
   <trkpt lon="6.864403" lat="43.657236"><ele>602.25</ele></trkpt>
   <trkpt lon="6.864630" lat="43.657248"><ele>601.75</ele></trkpt>
   <trkpt lon="6.864795" lat="43.657236"><ele>600.5</ele></trkpt>
   <trkpt lon="6.864958" lat="43.657213"><ele>599.75</ele></trkpt>
   <trkpt lon="6.865098" lat="43.657205"><ele>599.0</ele></trkpt>
   <trkpt lon="6.865269" lat="43.657210"><ele>598.75</ele></trkpt>
   <trkpt lon="6.865507" lat="43.657229"><ele>596.25</ele></trkpt>
   <trkpt lon="6.865760" lat="43.657281"><ele>597.0</ele></trkpt>
   <trkpt lon="6.866872" lat="43.657669"><ele>594.0</ele></trkpt>
   <trkpt lon="6.867036" lat="43.657711"><ele>591.25</ele></trkpt>
   <trkpt lon="6.867146" lat="43.657753"><ele>590.25</ele></trkpt>
   <trkpt lon="6.867452" lat="43.657920"><ele>588.0</ele></trkpt>
   <trkpt lon="6.867593" lat="43.657973"><ele>588.0</ele></trkpt>
   <trkpt lon="6.867715" lat="43.658008"><ele>588.5</ele></trkpt>
   <trkpt lon="6.867849" lat="43.658030"><ele>587.75</ele></trkpt>
   <trkpt lon="6.868083" lat="43.658051"><ele>584.25</ele></trkpt>
   <trkpt lon="6.868741" lat="43.658029"><ele>580.5</ele></trkpt>
   <trkpt lon="6.868855" lat="43.658042"><ele>581.0</ele></trkpt>
   <trkpt lon="6.868971" lat="43.658070"><ele>580.75</ele></trkpt>
   <trkpt lon="6.869363" lat="43.658196"><ele>579.75</ele></trkpt>
   <trkpt lon="6.869479" lat="43.658220"><ele>578.75</ele></trkpt>
   <trkpt lon="6.869638" lat="43.658238"><ele>578.5</ele></trkpt>
   <trkpt lon="6.869819" lat="43.658242"><ele>577.5</ele></trkpt>
   <trkpt lon="6.870011" lat="43.658235"><ele>576.25</ele></trkpt>
   <trkpt lon="6.870179" lat="43.658209"><ele>575.75</ele></trkpt>
   <trkpt lon="6.870346" lat="43.658170"><ele>575.5</ele></trkpt>
   <trkpt lon="6.870456" lat="43.658133"><ele>575.5</ele></trkpt>
   <trkpt lon="6.870697" lat="43.658021"><ele>573.75</ele></trkpt>
   <trkpt lon="6.870951" lat="43.657928"><ele>572.25</ele></trkpt>
   <trkpt lon="6.871106" lat="43.657890"><ele>571.25</ele></trkpt>
   <trkpt lon="6.871634" lat="43.657812"><ele>570.0</ele></trkpt>
   <trkpt lon="6.871739" lat="43.657784"><ele>569.75</ele></trkpt>
   <trkpt lon="6.871826" lat="43.657752"><ele>569.5</ele></trkpt>
   <trkpt lon="6.872354" lat="43.657474"><ele>566.0</ele></trkpt>
   <trkpt lon="6.872423" lat="43.657445"><ele>565.5</ele></trkpt>
   <trkpt lon="6.872542" lat="43.657412"><ele>564.75</ele></trkpt>
   <trkpt lon="6.872728" lat="43.657376"><ele>563.0</ele></trkpt>
   <trkpt lon="6.872907" lat="43.657386"><ele>562.75</ele></trkpt>
   <trkpt lon="6.873006" lat="43.657399"><ele>562.75</ele></trkpt>
   <trkpt lon="6.873105" lat="43.657423"><ele>562.75</ele></trkpt>
   <trkpt lon="6.873210" lat="43.657460"><ele>562.5</ele></trkpt>
   <trkpt lon="6.873306" lat="43.657508"><ele>562.25</ele></trkpt>
   <trkpt lon="6.873405" lat="43.657583"><ele>561.5</ele></trkpt>
   <trkpt lon="6.873493" lat="43.657673"><ele>560.75</ele></trkpt>
   <trkpt lon="6.873717" lat="43.657916"><ele>559.75</ele></trkpt>
   <trkpt lon="6.873923" lat="43.658164"><ele>557.25</ele></trkpt>
   <trkpt lon="6.874047" lat="43.658242"><ele>556.75</ele></trkpt>
   <trkpt lon="6.874164" lat="43.658283"><ele>555.75</ele></trkpt>
   <trkpt lon="6.874311" lat="43.658302"><ele>555.25</ele></trkpt>
   <trkpt lon="6.874349" lat="43.658299"><ele>555.0</ele></trkpt>
   <trkpt lon="6.874538" lat="43.658263"><ele>553.75</ele></trkpt>
   <trkpt lon="6.874695" lat="43.658162"><ele>552.75</ele></trkpt>
   <trkpt lon="6.874749" lat="43.658090"><ele>552.0</ele></trkpt>
   <trkpt lon="6.874778" lat="43.658051"><ele>551.5</ele></trkpt>
   <trkpt lon="6.874796" lat="43.657948"><ele>550.5</ele></trkpt>
   <trkpt lon="6.874776" lat="43.657860"><ele>550.0</ele></trkpt>
   <trkpt lon="6.874380" lat="43.656985"><ele>546.5</ele></trkpt>
   <trkpt lon="6.874365" lat="43.656863"><ele>546.0</ele></trkpt>
   <trkpt lon="6.874374" lat="43.656803"><ele>545.5</ele><sym>roundabout_e2</sym></trkpt>
   <trkpt lon="6.874326" lat="43.656799"><ele>545.75</ele></trkpt>
   <trkpt lon="6.874270" lat="43.656772"><ele>545.75</ele></trkpt>
   <trkpt lon="6.874242" lat="43.656728"><ele>545.5</ele></trkpt>
   <trkpt lon="6.874246" lat="43.656704"><ele>545.25</ele></trkpt>
   <trkpt lon="6.874170" lat="43.656658"><ele>544.75</ele></trkpt>
   <trkpt lon="6.874082" lat="43.656634"><ele>544.5</ele></trkpt>
   <trkpt lon="6.873899" lat="43.656576"><ele>543.5</ele><sym>left</sym></trkpt>
   <trkpt lon="6.873991" lat="43.656369"><ele>543.25</ele><sym>left_slight</sym></trkpt>
   <trkpt lon="6.874095" lat="43.656332"><ele>543.5</ele></trkpt>
   <trkpt lon="6.874222" lat="43.656133"><ele>544.25</ele></trkpt>
   <trkpt lon="6.874297" lat="43.656044"><ele>544.75</ele><sym>left_slight</sym></trkpt>
   <trkpt lon="6.874489" lat="43.655910"><ele>546.0</ele></trkpt>
   <trkpt lon="6.874553" lat="43.655895"><ele>546.5</ele></trkpt>
   <trkpt lon="6.874677" lat="43.655879"><ele>547.25</ele></trkpt>
   <trkpt lon="6.874793" lat="43.655878"><ele>548.0</ele></trkpt>
   <trkpt lon="6.874842" lat="43.655868"><ele>548.5</ele></trkpt>
   <trkpt lon="6.874984" lat="43.655804"><ele>550.0</ele></trkpt>
   <trkpt lon="6.875065" lat="43.655778"><ele>550.75</ele><sym>left_slight</sym></trkpt>
   <trkpt lon="6.875117" lat="43.655782"><ele>551.0</ele></trkpt>
   <trkpt lon="6.875462" lat="43.655813"><ele>550.5</ele></trkpt>
   <trkpt lon="6.875725" lat="43.655839"><ele>549.75</ele></trkpt>
   <trkpt lon="6.875807" lat="43.655880"><ele>549.25</ele></trkpt>
   <trkpt lon="6.875879" lat="43.655931"><ele>548.25</ele></trkpt>
   <trkpt lon="6.876041" lat="43.656070"><ele>545.0</ele></trkpt>
   <trkpt lon="6.876217" lat="43.656230"><ele>542.5</ele><sym>left</sym></trkpt>
   <trkpt lon="6.876099" lat="43.656281"><ele>542.75</ele></trkpt>
   <trkpt lon="6.875820" lat="43.656289"><ele>543.25</ele></trkpt>
   <trkpt lon="6.875508" lat="43.656273"><ele>543.75</ele><sym>u-turn</sym><type>Via</type></trkpt>
   <trkpt lon="6.875820" lat="43.656289"><ele>543.25</ele></trkpt>
   <trkpt lon="6.876099" lat="43.656281"><ele>542.75</ele></trkpt>
   <trkpt lon="6.876217" lat="43.656230"><ele>542.5</ele><sym>right</sym></trkpt>
   <trkpt lon="6.876041" lat="43.656070"><ele>545.0</ele></trkpt>
   <trkpt lon="6.875879" lat="43.655931"><ele>548.25</ele></trkpt>
   <trkpt lon="6.875807" lat="43.655880"><ele>549.25</ele></trkpt>
   <trkpt lon="6.875725" lat="43.655839"><ele>549.75</ele></trkpt>
   <trkpt lon="6.875462" lat="43.655813"><ele>550.5</ele></trkpt>
   <trkpt lon="6.875117" lat="43.655782"><ele>551.0</ele></trkpt>
   <trkpt lon="6.875065" lat="43.655778"><ele>550.75</ele><sym>right_slight</sym></trkpt>
   <trkpt lon="6.874984" lat="43.655804"><ele>550.0</ele></trkpt>
   <trkpt lon="6.874842" lat="43.655868"><ele>548.5</ele></trkpt>
   <trkpt lon="6.874793" lat="43.655878"><ele>548.0</ele></trkpt>
   <trkpt lon="6.874677" lat="43.655879"><ele>547.25</ele></trkpt>
   <trkpt lon="6.874553" lat="43.655895"><ele>546.5</ele></trkpt>
   <trkpt lon="6.874489" lat="43.655910"><ele>546.0</ele></trkpt>
   <trkpt lon="6.874297" lat="43.656044"><ele>544.75</ele><sym>right_slight</sym></trkpt>
   <trkpt lon="6.874222" lat="43.656133"><ele>544.25</ele></trkpt>
   <trkpt lon="6.874095" lat="43.656332"><ele>543.5</ele></trkpt>
   <trkpt lon="6.873991" lat="43.656369"><ele>543.25</ele><sym>right_slight</sym></trkpt>
   <trkpt lon="6.873899" lat="43.656576"><ele>543.5</ele><sym>left</sym></trkpt>
   <trkpt lon="6.873787" lat="43.656542"><ele>543.0</ele></trkpt>
   <trkpt lon="6.873743" lat="43.656541"><ele>542.75</ele></trkpt>
   <trkpt lon="6.873366" lat="43.656646"><ele>541.75</ele></trkpt>
   <trkpt lon="6.873299" lat="43.656655"><ele>541.5</ele></trkpt>
   <trkpt lon="6.873220" lat="43.656638"><ele>540.75</ele></trkpt>
   <trkpt lon="6.873195" lat="43.656621"><ele>540.5</ele></trkpt>
   <trkpt lon="6.873182" lat="43.656598"><ele>539.75</ele></trkpt>
   <trkpt lon="6.873180" lat="43.656573"><ele>539.25</ele></trkpt>
   <trkpt lon="6.873189" lat="43.656542"><ele>538.75</ele></trkpt>
   <trkpt lon="6.873209" lat="43.656522"><ele>538.25</ele></trkpt>
   <trkpt lon="6.873410" lat="43.656438"><ele>538.5</ele></trkpt>
   <trkpt lon="6.873498" lat="43.656376"><ele>538.5</ele></trkpt>
   <trkpt lon="6.873556" lat="43.656248"><ele>537.75</ele></trkpt>
   <trkpt lon="6.873523" lat="43.656019"><ele>535.0</ele></trkpt>
   <trkpt lon="6.873481" lat="43.655847"><ele>533.0</ele></trkpt>
   <trkpt lon="6.873477" lat="43.655804"><ele>532.5</ele></trkpt>
   <trkpt lon="6.873483" lat="43.655720"><ele>531.25</ele></trkpt>
   <trkpt lon="6.873499" lat="43.655655"><ele>530.5</ele></trkpt>
   <trkpt lon="6.873553" lat="43.655563"><ele>530.25</ele></trkpt>
   <trkpt lon="6.873719" lat="43.655345"><ele>531.0</ele></trkpt>
   <trkpt lon="6.873737" lat="43.655309"><ele>531.0</ele></trkpt>
   <trkpt lon="6.873732" lat="43.655286"><ele>530.5</ele></trkpt>
   <trkpt lon="6.873719" lat="43.655269"><ele>530.0</ele></trkpt>
   <trkpt lon="6.873685" lat="43.655249"><ele>529.0</ele></trkpt>
   <trkpt lon="6.873638" lat="43.655244"><ele>527.75</ele></trkpt>
   <trkpt lon="6.873574" lat="43.655275"><ele>527.25</ele></trkpt>
   <trkpt lon="6.873187" lat="43.655542"><ele>525.0</ele></trkpt>
   <trkpt lon="6.873089" lat="43.655620"><ele>525.0</ele></trkpt>
   <trkpt lon="6.872935" lat="43.655737"><ele>523.5</ele></trkpt>
   <trkpt lon="6.872793" lat="43.655928"><ele>522.5</ele></trkpt>
   <trkpt lon="6.872750" lat="43.655974"><ele>522.25</ele></trkpt>
   <trkpt lon="6.872689" lat="43.656016"><ele>521.75</ele></trkpt>
   <trkpt lon="6.872633" lat="43.656038"><ele>521.0</ele></trkpt>
   <trkpt lon="6.872542" lat="43.656061"><ele>519.75</ele></trkpt>
   <trkpt lon="6.872380" lat="43.656074"><ele>518.5</ele></trkpt>
   <trkpt lon="6.872070" lat="43.656099"><ele>516.75</ele></trkpt>
   <trkpt lon="6.871982" lat="43.656115"><ele>516.5</ele></trkpt>
   <trkpt lon="6.871894" lat="43.656139"><ele>516.0</ele></trkpt>
   <trkpt lon="6.871733" lat="43.656199"><ele>515.25</ele></trkpt>
   <trkpt lon="6.871235" lat="43.656434"><ele>514.0</ele></trkpt>
   <trkpt lon="6.871077" lat="43.656510"><ele>513.75</ele></trkpt>
   <trkpt lon="6.870968" lat="43.656555"><ele>513.0</ele></trkpt>
   <trkpt lon="6.870847" lat="43.656590"><ele>512.0</ele></trkpt>
   <trkpt lon="6.870721" lat="43.656613"><ele>511.5</ele></trkpt>
   <trkpt lon="6.870577" lat="43.656624"><ele>510.75</ele><sym>left_slight</sym></trkpt>
   <trkpt lon="6.870463" lat="43.656546"><ele>507.75</ele></trkpt>
   <trkpt lon="6.870027" lat="43.656502"><ele>505.75</ele></trkpt>
   <trkpt lon="6.868806" lat="43.656291"><ele>497.75</ele></trkpt>
   <trkpt lon="6.868100" lat="43.656065"><ele>495.0</ele></trkpt>
   <trkpt lon="6.867664" lat="43.655884"><ele>490.5</ele></trkpt>
   <trkpt lon="6.867273" lat="43.655659"><ele>486.75</ele></trkpt>
   <trkpt lon="6.867043" lat="43.655498"><ele>485.25</ele></trkpt>
   <trkpt lon="6.866808" lat="43.655151"><ele>479.75</ele></trkpt>
   <trkpt lon="6.866432" lat="43.654866"><ele>477.25</ele></trkpt>
   <trkpt lon="6.866009" lat="43.654462"><ele>473.75</ele></trkpt>
   <trkpt lon="6.865768" lat="43.654196"><ele>471.25</ele></trkpt>
   <trkpt lon="6.865621" lat="43.653947"><ele>467.5</ele></trkpt>
   <trkpt lon="6.865532" lat="43.653858"><ele>466.75</ele></trkpt>
   <trkpt lon="6.865456" lat="43.653807"><ele>465.25</ele></trkpt>
   <trkpt lon="6.865194" lat="43.653675"><ele>463.5</ele></trkpt>
   <trkpt lon="6.865089" lat="43.653628"><ele>463.75</ele></trkpt>
   <trkpt lon="6.864926" lat="43.653575"><ele>463.0</ele></trkpt>
   <trkpt lon="6.864672" lat="43.653439"><ele>458.75</ele></trkpt>
   <trkpt lon="6.864576" lat="43.653332"><ele>457.0</ele></trkpt>
   <trkpt lon="6.864463" lat="43.653252"><ele>455.75</ele></trkpt>
   <trkpt lon="6.864187" lat="43.653114"><ele>454.5</ele></trkpt>
   <trkpt lon="6.863936" lat="43.653017"><ele>453.5</ele></trkpt>
   <trkpt lon="6.863645" lat="43.652941"><ele>452.0</ele></trkpt>
   <trkpt lon="6.863446" lat="43.652857"><ele>449.5</ele></trkpt>
   <trkpt lon="6.863151" lat="43.652631"><ele>444.0</ele></trkpt>
   <trkpt lon="6.862947" lat="43.652562"><ele>442.5</ele></trkpt>
   <trkpt lon="6.862745" lat="43.652543"><ele>441.75</ele></trkpt>
   <trkpt lon="6.862254" lat="43.652669"><ele>440.5</ele></trkpt>
   <trkpt lon="6.862103" lat="43.652677"><ele>439.75</ele></trkpt>
   <trkpt lon="6.861654" lat="43.652595"><ele>438.0</ele></trkpt>
   <trkpt lon="6.861120" lat="43.652429"><ele>433.75</ele><sym>pass_place</sym><type>Shaping</type></trkpt>
   <trkpt lon="6.860953" lat="43.652366"><ele>432.25</ele></trkpt>
   <trkpt lon="6.860719" lat="43.652248"><ele>430.0</ele></trkpt>
   <trkpt lon="6.860610" lat="43.652175"><ele>429.75</ele></trkpt>
   <trkpt lon="6.860565" lat="43.652114"><ele>429.25</ele></trkpt>
   <trkpt lon="6.860551" lat="43.652055"><ele>428.25</ele></trkpt>
   <trkpt lon="6.860537" lat="43.651874"><ele>424.5</ele></trkpt>
   <trkpt lon="6.860478" lat="43.651704"><ele>421.5</ele></trkpt>
   <trkpt lon="6.860393" lat="43.651575"><ele>419.5</ele></trkpt>
   <trkpt lon="6.859843" lat="43.650888"><ele>408.25</ele></trkpt>
   <trkpt lon="6.859482" lat="43.650766"><ele>406.5</ele></trkpt>
   <trkpt lon="6.859325" lat="43.650700"><ele>405.75</ele></trkpt>
   <trkpt lon="6.859146" lat="43.650594"><ele>404.5</ele></trkpt>
   <trkpt lon="6.858990" lat="43.650440"><ele>402.75</ele></trkpt>
   <trkpt lon="6.858969" lat="43.650254"><ele>398.5</ele><sym>right_slight</sym></trkpt>
   <trkpt lon="6.858896" lat="43.650157"><ele>397.25</ele></trkpt>
   <trkpt lon="6.858864" lat="43.649962"><ele>394.0</ele></trkpt>
   <trkpt lon="6.858877" lat="43.649862"><ele>393.0</ele></trkpt>
   <trkpt lon="6.858922" lat="43.649746"><ele>391.5</ele></trkpt>
   <trkpt lon="6.859159" lat="43.649492"><ele>386.25</ele><sym>left_slight</sym></trkpt>
   <trkpt lon="6.859302" lat="43.649465"><ele>384.5</ele></trkpt>
   <trkpt lon="6.859325" lat="43.649456"><ele>384.25</ele><sym>left</sym></trkpt>
   <trkpt lon="6.859399" lat="43.649545"><ele>383.5</ele></trkpt>
   <trkpt lon="6.859473" lat="43.649646"><ele>382.5</ele></trkpt>
   <trkpt lon="6.859537" lat="43.649713"><ele>382.25</ele></trkpt>
   <trkpt lon="6.859654" lat="43.649805"><ele>382.25</ele></trkpt>
   <trkpt lon="6.859842" lat="43.649914"><ele>380.75</ele></trkpt>
   <trkpt lon="6.859914" lat="43.649948"><ele>380.5</ele></trkpt>
   <trkpt lon="6.860007" lat="43.649981"><ele>380.25</ele><sym>right_slight</sym></trkpt>
   <trkpt lon="6.860113" lat="43.649960"><ele>380.75</ele></trkpt>
   <trkpt lon="6.860214" lat="43.649926"><ele>380.5</ele></trkpt>
   <trkpt lon="6.860502" lat="43.649753"><ele>379.25</ele></trkpt>
   <trkpt lon="6.860857" lat="43.649612"><ele>379.5</ele></trkpt>
   <trkpt lon="6.860996" lat="43.649586"><ele>378.5</ele></trkpt>
   <trkpt lon="6.861709" lat="43.649597"><ele>374.25</ele></trkpt>
   <trkpt lon="6.862189" lat="43.649566"><ele>371.75</ele></trkpt>
   <trkpt lon="6.862398" lat="43.649559"><ele>370.5</ele></trkpt>
   <trkpt lon="6.862597" lat="43.649592"><ele>369.5</ele></trkpt>
   <trkpt lon="6.862683" lat="43.649619"><ele>369.25</ele></trkpt>
   <trkpt lon="6.863195" lat="43.649837"><ele>367.5</ele></trkpt>
   <trkpt lon="6.863406" lat="43.649938"><ele>366.0</ele></trkpt>
   <trkpt lon="6.863505" lat="43.649987"><ele>365.25</ele></trkpt>
   <trkpt lon="6.863534" lat="43.650011"><ele>365.0</ele></trkpt>
   <trkpt lon="6.863640" lat="43.650122"><ele>364.25</ele></trkpt>
   <trkpt lon="6.863788" lat="43.650458"><ele>364.75</ele></trkpt>
   <trkpt lon="6.863883" lat="43.650540"><ele>363.0</ele></trkpt>
   <trkpt lon="6.863993" lat="43.650580"><ele>363.25</ele></trkpt>
   <trkpt lon="6.864079" lat="43.650584"><ele>362.75</ele></trkpt>
   <trkpt lon="6.864401" lat="43.650545"><ele>363.0</ele></trkpt>
   <trkpt lon="6.864647" lat="43.650463"><ele>358.0</ele></trkpt>
   <trkpt lon="6.864771" lat="43.650451"><ele>356.25</ele></trkpt>
   <trkpt lon="6.865331" lat="43.650589"><ele>357.0</ele></trkpt>
   <trkpt lon="6.865551" lat="43.650658"><ele>355.25</ele></trkpt>
   <trkpt lon="6.865645" lat="43.650740"><ele>355.0</ele></trkpt>
   <trkpt lon="6.865852" lat="43.650900"><ele>354.25</ele></trkpt>
   <trkpt lon="6.866053" lat="43.651021"><ele>352.75</ele></trkpt>
   <trkpt lon="6.866249" lat="43.651104"><ele>352.5</ele></trkpt>
   <trkpt lon="6.866438" lat="43.651153"><ele>353.0</ele></trkpt>
   <trkpt lon="6.866884" lat="43.651255"><ele>356.0</ele></trkpt>
   <trkpt lon="6.867111" lat="43.651283"><ele>356.25</ele></trkpt>
   <trkpt lon="6.867558" lat="43.651287"><ele>356.0</ele></trkpt>
   <trkpt lon="6.867735" lat="43.651271"><ele>354.25</ele></trkpt>
   <trkpt lon="6.867909" lat="43.651279"><ele>354.75</ele></trkpt>
   <trkpt lon="6.868056" lat="43.651216"><ele>352.5</ele></trkpt>
   <trkpt lon="6.868142" lat="43.651213"><ele>352.0</ele></trkpt>
   <trkpt lon="6.868376" lat="43.651242"><ele>352.5</ele></trkpt>
   <trkpt lon="6.868733" lat="43.651272"><ele>352.25</ele></trkpt>
   <trkpt lon="6.869077" lat="43.651279"><ele>346.75</ele></trkpt>
   <trkpt lon="6.869355" lat="43.651295"><ele>346.75</ele></trkpt>
   <trkpt lon="6.869460" lat="43.651190"><ele>345.25</ele></trkpt>
   <trkpt lon="6.869606" lat="43.650886"><ele>344.75</ele></trkpt>
   <trkpt lon="6.869759" lat="43.650725"><ele>345.5</ele></trkpt>
   <trkpt lon="6.869803" lat="43.650609"><ele>344.0</ele></trkpt>
   <trkpt lon="6.869971" lat="43.650441"><ele>340.0</ele></trkpt>
   <trkpt lon="6.870257" lat="43.650359"><ele>338.75</ele></trkpt>
   <trkpt lon="6.870501" lat="43.650310"><ele>340.0</ele></trkpt>
   <trkpt lon="6.870660" lat="43.650245"><ele>340.5</ele></trkpt>
   <trkpt lon="6.870910" lat="43.650183"><ele>341.0</ele></trkpt>
   <trkpt lon="6.871107" lat="43.650120"><ele>340.0</ele></trkpt>
   <trkpt lon="6.871282" lat="43.650005"><ele>338.75</ele></trkpt>
   <trkpt lon="6.871443" lat="43.649864"><ele>338.5</ele></trkpt>
   <trkpt lon="6.871662" lat="43.649628"><ele>340.5</ele></trkpt>
   <trkpt lon="6.871763" lat="43.649563"><ele>340.5</ele></trkpt>
   <trkpt lon="6.871854" lat="43.649544"><ele>341.0</ele></trkpt>
   <trkpt lon="6.872082" lat="43.649544"><ele>342.0</ele></trkpt>
   <trkpt lon="6.872331" lat="43.649575"><ele>342.75</ele></trkpt>
   <trkpt lon="6.872818" lat="43.649649"><ele>342.25</ele><sym>right</sym></trkpt>
   <trkpt lon="6.872860" lat="43.649486"><ele>338.75</ele></trkpt>
   <trkpt lon="6.872910" lat="43.649439"><ele>337.25</ele></trkpt>
   <trkpt lon="6.873384" lat="43.649154"><ele>328.25</ele><sym>pass_place</sym><type>Shaping</type></trkpt>
   <trkpt lon="6.873469" lat="43.649076"><ele>325.5</ele></trkpt>
   <trkpt lon="6.873481" lat="43.649020"><ele>324.25</ele></trkpt>
   <trkpt lon="6.873467" lat="43.648960"><ele>322.75</ele></trkpt>
   <trkpt lon="6.873346" lat="43.648827"><ele>318.0</ele></trkpt>
   <trkpt lon="6.873272" lat="43.648728"><ele>315.5</ele></trkpt>
   <trkpt lon="6.873214" lat="43.648600"><ele>311.75</ele></trkpt>
   <trkpt lon="6.873163" lat="43.648436"><ele>307.75</ele></trkpt>
   <trkpt lon="6.873128" lat="43.648261"><ele>302.75</ele><sym>left</sym></trkpt>
   <trkpt lon="6.873299" lat="43.648212"><ele>301.75</ele></trkpt>
   <trkpt lon="6.873509" lat="43.648119"><ele>300.5</ele><sym>right_sharp</sym></trkpt>
   <trkpt lon="6.873434" lat="43.648096"><ele>299.5</ele></trkpt>
   <trkpt lon="6.873163" lat="43.648106"><ele>298.75</ele></trkpt>
   <trkpt lon="6.873118" lat="43.648077"><ele>297.75</ele></trkpt>
   <trkpt lon="6.873123" lat="43.647484"><ele>285.5</ele></trkpt>
   <trkpt lon="6.873303" lat="43.647296"><ele>280.75</ele></trkpt>
   <trkpt lon="6.873378" lat="43.646933"><ele>274.25</ele></trkpt>
   <trkpt lon="6.873393" lat="43.646798"><ele>270.25</ele><sym>right_slight</sym></trkpt>
   <trkpt lon="6.873157" lat="43.646426"><ele>260.75</ele></trkpt>
   <trkpt lon="6.872845" lat="43.646216"><ele>257.0</ele></trkpt>
   <trkpt lon="6.872560" lat="43.646129"><ele>253.0</ele></trkpt>
   <trkpt lon="6.872500" lat="43.645996"><ele>249.75</ele></trkpt>
   <trkpt lon="6.872403" lat="43.645831"><ele>246.25</ele></trkpt>
   <trkpt lon="6.872349" lat="43.645674"><ele>243.75</ele></trkpt>
   <trkpt lon="6.872194" lat="43.645317"><ele>240.0</ele></trkpt>
   <trkpt lon="6.872179" lat="43.645267"><ele>239.75</ele><sym>left</sym></trkpt>
   <trkpt lon="6.872589" lat="43.645237"><ele>239.5</ele></trkpt>
   <trkpt lon="6.872704" lat="43.645227"><ele>239.0</ele></trkpt>
   <trkpt lon="6.872907" lat="43.645238"><ele>237.5</ele></trkpt>
   <trkpt lon="6.873124" lat="43.645232"><ele>235.5</ele></trkpt>
   <trkpt lon="6.873590" lat="43.645210"><ele>231.75</ele></trkpt>
   <trkpt lon="6.873682" lat="43.645217"><ele>230.75</ele><sym>stay_right</sym></trkpt>
   <trkpt lon="6.873822" lat="43.645206"><ele>229.5</ele></trkpt>
   <trkpt lon="6.873949" lat="43.645175"><ele>228.5</ele></trkpt>
   <trkpt lon="6.874123" lat="43.645104"><ele>226.75</ele></trkpt>
   <trkpt lon="6.874328" lat="43.644918"><ele>226.0</ele></trkpt>
   <trkpt lon="6.874607" lat="43.644636"><ele>223.25</ele></trkpt>
   <trkpt lon="6.875443" lat="43.643794"><ele>222.0</ele><sym>right_slight</sym></trkpt>
   <trkpt lon="6.875467" lat="43.643769"><ele>221.75</ele></trkpt>
   <trkpt lon="6.875494" lat="43.643659"><ele>221.5</ele><sym>right_slight</sym></trkpt>
   <trkpt lon="6.875434" lat="43.643564"><ele>221.75</ele><sym>right_slight</sym></trkpt>
   <trkpt lon="6.875336" lat="43.643531"><ele>222.25</ele></trkpt>
   <trkpt lon="6.875217" lat="43.643502"><ele>222.75</ele></trkpt>
   <trkpt lon="6.874710" lat="43.643378"><ele>222.0</ele></trkpt>
   <trkpt lon="6.874525" lat="43.643297"><ele>221.0</ele><sym>stay_left</sym></trkpt>
   <trkpt lon="6.874063" lat="43.643055"><ele>218.5</ele></trkpt>
   <trkpt lon="6.873891" lat="43.642952"><ele>218.0</ele></trkpt>
   <trkpt lon="6.873801" lat="43.642852"><ele>216.75</ele></trkpt>
   <trkpt lon="6.873775" lat="43.642767"><ele>215.75</ele></trkpt>
   <trkpt lon="6.873768" lat="43.642667"><ele>215.0</ele><sym>left_slight</sym></trkpt>
   <trkpt lon="6.873802" lat="43.642570"><ele>214.25</ele></trkpt>
   <trkpt lon="6.873889" lat="43.642464"><ele>213.25</ele></trkpt>
   <trkpt lon="6.874000" lat="43.642387"><ele>213.25</ele></trkpt>
   <trkpt lon="6.874152" lat="43.642337"><ele>212.5</ele></trkpt>
   <trkpt lon="6.874392" lat="43.642331"><ele>210.75</ele></trkpt>
   <trkpt lon="6.874657" lat="43.642353"><ele>208.75</ele></trkpt>
   <trkpt lon="6.874922" lat="43.642378"><ele>207.25</ele></trkpt>
   <trkpt lon="6.875225" lat="43.642409"><ele>206.25</ele></trkpt>
   <trkpt lon="6.875751" lat="43.642465"><ele>206.5</ele></trkpt>
   <trkpt lon="6.875764" lat="43.642467"><ele>206.5</ele></trkpt>
   <trkpt lon="6.876275" lat="43.642512"><ele>206.5</ele></trkpt>
   <trkpt lon="6.876424" lat="43.642535"><ele>206.0</ele><sym>left_slight</sym></trkpt>
   <trkpt lon="6.876700" lat="43.642731"><ele>205.25</ele></trkpt>
   <trkpt lon="6.876795" lat="43.642799"><ele>204.5</ele></trkpt>
   <trkpt lon="6.876959" lat="43.642850"><ele>203.0</ele></trkpt>
   <trkpt lon="6.877146" lat="43.642856"><ele>201.0</ele></trkpt>
   <trkpt lon="6.877372" lat="43.642776"><ele>198.75</ele></trkpt>
   <trkpt lon="6.877790" lat="43.642285"><ele>193.25</ele><sym>roundabout_e2</sym></trkpt>
   <trkpt lon="6.877756" lat="43.642265"><ele>193.75</ele></trkpt>
   <trkpt lon="6.877742" lat="43.642245"><ele>194.0</ele></trkpt>
   <trkpt lon="6.877738" lat="43.642223"><ele>194.25</ele></trkpt>
   <trkpt lon="6.877748" lat="43.642195"><ele>194.0</ele></trkpt>
   <trkpt lon="6.877782" lat="43.642166"><ele>193.75</ele></trkpt>
   <trkpt lon="6.877811" lat="43.642157"><ele>193.5</ele></trkpt>
   <trkpt lon="6.877842" lat="43.642155"><ele>193.0</ele></trkpt>
   <trkpt lon="6.877873" lat="43.642161"><ele>192.75</ele></trkpt>
   <trkpt lon="6.877880" lat="43.642148"><ele>192.5</ele></trkpt>
   <trkpt lon="6.877900" lat="43.642114"><ele>192.5</ele></trkpt>
   <trkpt lon="6.877918" lat="43.641987"><ele>192.75</ele></trkpt>
   <trkpt lon="6.877740" lat="43.641565"><ele>192.0</ele></trkpt>
   <trkpt lon="6.877694" lat="43.641476"><ele>192.25</ele><sym>left</sym></trkpt>
   <trkpt lon="6.877755" lat="43.641427"><ele>192.0</ele></trkpt>
   <trkpt lon="6.877793" lat="43.641397"><ele>191.75</ele></trkpt>
   <trkpt lon="6.877935" lat="43.641283"><ele>190.5</ele></trkpt>
   <trkpt lon="6.878243" lat="43.641036"><ele>189.5</ele><sym>left</sym></trkpt>
   <trkpt lon="6.878313" lat="43.641085"><ele>189.0</ele></trkpt>
   <trkpt lon="6.878771" lat="43.641408"><ele>188.0</ele></trkpt>
   <trkpt lon="6.878847" lat="43.641460"><ele>188.0</ele></trkpt>
   <trkpt lon="6.878888" lat="43.641488"><ele>188.0</ele></trkpt>
   <trkpt lon="6.879112" lat="43.641648"><ele>186.25</ele></trkpt>
   <trkpt lon="6.879545" lat="43.641956"><ele>183.75</ele></trkpt>
   <trkpt lon="6.880076" lat="43.642331"><ele>181.25</ele><sym>pass_place</sym><type>Shaping</type></trkpt>
   <trkpt lon="6.880078" lat="43.642333"><ele>181.25</ele></trkpt>
   <trkpt lon="6.880215" lat="43.642433"><ele>180.75</ele></trkpt>
   <trkpt lon="6.880393" lat="43.642548"><ele>180.25</ele><sym>right_slight</sym></trkpt>
   <trkpt lon="6.880497" lat="43.642531"><ele>179.5</ele></trkpt>
   <trkpt lon="6.880760" lat="43.642631"><ele>179.75</ele></trkpt>
   <trkpt lon="6.880830" lat="43.642652"><ele>180.0</ele></trkpt>
   <trkpt lon="6.881105" lat="43.642699"><ele>180.25</ele></trkpt>
   <trkpt lon="6.881642" lat="43.642746"><ele>179.75</ele></trkpt>
   <trkpt lon="6.881971" lat="43.642756"><ele>180.75</ele></trkpt>
   <trkpt lon="6.882050" lat="43.642755"><ele>180.75</ele></trkpt>
   <trkpt lon="6.882116" lat="43.642753"><ele>180.75</ele></trkpt>
   <trkpt lon="6.882592" lat="43.642745"><ele>180.75</ele></trkpt>
   <trkpt lon="6.883084" lat="43.642765"><ele>180.75</ele></trkpt>
   <trkpt lon="6.883158" lat="43.642774"><ele>180.5</ele><sym>left</sym></trkpt>
   <trkpt lon="6.883167" lat="43.642846"><ele>181.0</ele><sym>right</sym></trkpt>
   <trkpt lon="6.883205" lat="43.642853"><ele>181.0</ele></trkpt>
   <trkpt lon="6.883260" lat="43.642863"><ele>181.0</ele></trkpt>
   <trkpt lon="6.883363" lat="43.642881"><ele>180.75</ele></trkpt>
   <trkpt lon="6.884069" lat="43.643011"><ele>181.0</ele></trkpt>
   <trkpt lon="6.884359" lat="43.643127"><ele>182.25</ele></trkpt>
   <trkpt lon="6.885121" lat="43.643451"><ele>184.75</ele></trkpt>
   <trkpt lon="6.885589" lat="43.643651"><ele>185.0</ele></trkpt>
   <trkpt lon="6.885695" lat="43.643689"><ele>184.75</ele></trkpt>
   <trkpt lon="6.885727" lat="43.643701"><ele>184.75</ele></trkpt>
   <trkpt lon="6.887160" lat="43.644049"><ele>188.75</ele></trkpt>
   <trkpt lon="6.887482" lat="43.644113"><ele>190.0</ele></trkpt>
   <trkpt lon="6.888172" lat="43.644227"><ele>195.5</ele></trkpt>
   <trkpt lon="6.888274" lat="43.644245"><ele>196.5</ele></trkpt>
   <trkpt lon="6.889727" lat="43.644508"><ele>208.25</ele></trkpt>
   <trkpt lon="6.889971" lat="43.644527"><ele>209.0</ele></trkpt>
   <trkpt lon="6.890760" lat="43.644560"><ele>211.0</ele></trkpt>
   <trkpt lon="6.890945" lat="43.644571"><ele>211.25</ele></trkpt>
   <trkpt lon="6.891111" lat="43.644583"><ele>212.0</ele></trkpt>
   <trkpt lon="6.891284" lat="43.644583"><ele>212.25</ele></trkpt>
   <trkpt lon="6.891512" lat="43.644572"><ele>213.25</ele></trkpt>
   <trkpt lon="6.891748" lat="43.644578"><ele>214.5</ele></trkpt>
   <trkpt lon="6.892092" lat="43.644628"><ele>214.5</ele></trkpt>
   <trkpt lon="6.892223" lat="43.644650"><ele>214.5</ele></trkpt>
   <trkpt lon="6.892318" lat="43.644658"><ele>214.5</ele><sym>roundabout_e2</sym></trkpt>
   <trkpt lon="6.892418" lat="43.644627"><ele>215.0</ele></trkpt>
   <trkpt lon="6.892527" lat="43.644623"><ele>215.25</ele></trkpt>
   <trkpt lon="6.892614" lat="43.644640"><ele>215.0</ele></trkpt>
   <trkpt lon="6.892689" lat="43.644675"><ele>214.5</ele></trkpt>
   <trkpt lon="6.892833" lat="43.644687"><ele>214.0</ele></trkpt>
   <trkpt lon="6.893151" lat="43.644735"><ele>212.5</ele></trkpt>
   <trkpt lon="6.893313" lat="43.644777"><ele>212.25</ele></trkpt>
   <trkpt lon="6.893671" lat="43.644904"><ele>210.75</ele></trkpt>
   <trkpt lon="6.894100" lat="43.644993"><ele>209.0</ele></trkpt>
   <trkpt lon="6.894223" lat="43.645030"><ele>208.25</ele></trkpt>
   <trkpt lon="6.894341" lat="43.645079"><ele>207.0</ele></trkpt>
   <trkpt lon="6.894523" lat="43.645190"><ele>206.5</ele></trkpt>
   <trkpt lon="6.894644" lat="43.645245"><ele>206.75</ele></trkpt>
   <trkpt lon="6.894739" lat="43.645267"><ele>206.5</ele></trkpt>
   <trkpt lon="6.894826" lat="43.645269"><ele>206.0</ele></trkpt>
   <trkpt lon="6.894913" lat="43.645262"><ele>205.25</ele></trkpt>
   <trkpt lon="6.895474" lat="43.645113"><ele>203.0</ele></trkpt>
   <trkpt lon="6.895965" lat="43.645013"><ele>201.25</ele></trkpt>
   <trkpt lon="6.896136" lat="43.644971"><ele>200.5</ele></trkpt>
   <trkpt lon="6.896290" lat="43.644916"><ele>200.5</ele></trkpt>
   <trkpt lon="6.896643" lat="43.644762"><ele>198.75</ele></trkpt>
   <trkpt lon="6.897852" lat="43.644279"><ele>194.0</ele></trkpt>
   <trkpt lon="6.897985" lat="43.644252"><ele>193.5</ele></trkpt>
   <trkpt lon="6.898201" lat="43.644213"><ele>192.0</ele></trkpt>
   <trkpt lon="6.898289" lat="43.644205"><ele>191.75</ele></trkpt>
   <trkpt lon="6.898399" lat="43.644203"><ele>191.5</ele></trkpt>
   <trkpt lon="6.898999" lat="43.644230"><ele>188.5</ele></trkpt>
   <trkpt lon="6.899100" lat="43.644232"><ele>188.25</ele></trkpt>
   <trkpt lon="6.899164" lat="43.644233"><ele>188.0</ele></trkpt>
   <trkpt lon="6.899333" lat="43.644222"><ele>188.75</ele></trkpt>
   <trkpt lon="6.899455" lat="43.644215"><ele>189.0</ele></trkpt>
   <trkpt lon="6.899515" lat="43.644209"><ele>189.0</ele></trkpt>
   <trkpt lon="6.899699" lat="43.644192"><ele>188.25</ele></trkpt>
   <trkpt lon="6.899865" lat="43.644189"><ele>188.25</ele></trkpt>
   <trkpt lon="6.900026" lat="43.644207"><ele>188.75</ele></trkpt>
   <trkpt lon="6.900147" lat="43.644247"><ele>189.25</ele></trkpt>
   <trkpt lon="6.900239" lat="43.644294"><ele>189.5</ele></trkpt>
   <trkpt lon="6.900395" lat="43.644404"><ele>187.75</ele><sym>stay_right</sym></trkpt>
   <trkpt lon="6.900458" lat="43.644401"><ele>186.5</ele></trkpt>
   <trkpt lon="6.900495" lat="43.644416"><ele>186.0</ele></trkpt>
   <trkpt lon="6.900613" lat="43.644511"><ele>184.25</ele></trkpt>
   <trkpt lon="6.900765" lat="43.644620"><ele>182.25</ele></trkpt>
   <trkpt lon="6.900951" lat="43.644755"><ele>180.25</ele><sym>pass_place</sym><type>Shaping</type></trkpt>
   <trkpt lon="6.901429" lat="43.644973"><ele>176.0</ele></trkpt>
   <trkpt lon="6.901877" lat="43.645114"><ele>173.5</ele></trkpt>
   <trkpt lon="6.902017" lat="43.645173"><ele>173.75</ele></trkpt>
   <trkpt lon="6.902241" lat="43.645260"><ele>173.5</ele></trkpt>
   <trkpt lon="6.902630" lat="43.645376"><ele>173.0</ele></trkpt>
   <trkpt lon="6.902674" lat="43.645399"><ele>173.25</ele><sym>right</sym></trkpt>
   <trkpt lon="6.902741" lat="43.645354"><ele>172.25</ele></trkpt>
   <trkpt lon="6.902877" lat="43.645253"><ele>174.25</ele></trkpt>
   <trkpt lon="6.902901" lat="43.645226"><ele>175.5</ele></trkpt>
   <trkpt lon="6.902925" lat="43.645182"><ele>176.75</ele></trkpt>
   <trkpt lon="6.902952" lat="43.645116"><ele>178.75</ele></trkpt>
   <trkpt lon="6.902957" lat="43.645038"><ele>180.0</ele></trkpt>
   <trkpt lon="6.902826" lat="43.644723"><ele>182.0</ele></trkpt>
   <trkpt lon="6.902812" lat="43.644594"><ele>181.5</ele></trkpt>
   <trkpt lon="6.902826" lat="43.644510"><ele>181.75</ele></trkpt>
   <trkpt lon="6.902918" lat="43.644281"><ele>183.75</ele></trkpt>
   <trkpt lon="6.902932" lat="43.644177"><ele>184.5</ele></trkpt>
   <trkpt lon="6.902912" lat="43.644001"><ele>185.75</ele></trkpt>
   <trkpt lon="6.902906" lat="43.643964"><ele>186.0</ele></trkpt>
   <trkpt lon="6.902855" lat="43.643763"><ele>186.5</ele></trkpt>
   <trkpt lon="6.902851" lat="43.643672"><ele>187.0</ele></trkpt>
   <trkpt lon="6.902865" lat="43.643592"><ele>187.25</ele></trkpt>
   <trkpt lon="6.902915" lat="43.643498"><ele>187.25</ele></trkpt>
   <trkpt lon="6.902971" lat="43.643424"><ele>187.75</ele></trkpt>
   <trkpt lon="6.903090" lat="43.643321"><ele>189.25</ele></trkpt>
   <trkpt lon="6.903163" lat="43.643271"><ele>189.25</ele></trkpt>
   <trkpt lon="6.903313" lat="43.643209"><ele>190.0</ele></trkpt>
   <trkpt lon="6.903436" lat="43.643181"><ele>190.0</ele></trkpt>
   <trkpt lon="6.903551" lat="43.643172"><ele>190.5</ele></trkpt>
   <trkpt lon="6.903679" lat="43.643165"><ele>191.0</ele></trkpt>
   <trkpt lon="6.904100" lat="43.643168"><ele>194.5</ele></trkpt>
   <trkpt lon="6.904311" lat="43.643184"><ele>195.25</ele></trkpt>
   <trkpt lon="6.904359" lat="43.643188"><ele>195.25</ele></trkpt>
   <trkpt lon="6.904537" lat="43.643209"><ele>195.5</ele></trkpt>
   <trkpt lon="6.904971" lat="43.643280"><ele>196.25</ele></trkpt>
   <trkpt lon="6.905114" lat="43.643286"><ele>197.0</ele></trkpt>
   <trkpt lon="6.905248" lat="43.643271"><ele>197.25</ele></trkpt>
   <trkpt lon="6.905361" lat="43.643232"><ele>198.0</ele></trkpt>
   <trkpt lon="6.905489" lat="43.643170"><ele>199.0</ele></trkpt>
   <trkpt lon="6.905647" lat="43.643065"><ele>199.5</ele></trkpt>
   <trkpt lon="6.905753" lat="43.643011"><ele>200.0</ele></trkpt>
   <trkpt lon="6.905914" lat="43.642944"><ele>202.25</ele></trkpt>
   <trkpt lon="6.906092" lat="43.642881"><ele>203.5</ele></trkpt>
   <trkpt lon="6.907117" lat="43.642585"><ele>208.25</ele></trkpt>
   <trkpt lon="6.907299" lat="43.642559"><ele>208.75</ele></trkpt>
   <trkpt lon="6.907443" lat="43.642563"><ele>209.75</ele></trkpt>
   <trkpt lon="6.907568" lat="43.642580"><ele>210.75</ele></trkpt>
   <trkpt lon="6.907633" lat="43.642596"><ele>211.0</ele></trkpt>
   <trkpt lon="6.907705" lat="43.642615"><ele>211.75</ele></trkpt>
   <trkpt lon="6.908112" lat="43.642835"><ele>213.25</ele></trkpt>
   <trkpt lon="6.908365" lat="43.642962"><ele>216.0</ele></trkpt>
   <trkpt lon="6.908449" lat="43.642978"><ele>215.5</ele></trkpt>
   <trkpt lon="6.908526" lat="43.642976"><ele>214.75</ele></trkpt>
   <trkpt lon="6.908598" lat="43.642948"><ele>214.0</ele></trkpt>
   <trkpt lon="6.908654" lat="43.642908"><ele>214.5</ele></trkpt>
   <trkpt lon="6.908686" lat="43.642850"><ele>215.5</ele></trkpt>
   <trkpt lon="6.908675" lat="43.642779"><ele>215.5</ele></trkpt>
   <trkpt lon="6.908635" lat="43.642703"><ele>215.75</ele></trkpt>
   <trkpt lon="6.908271" lat="43.642308"><ele>216.0</ele></trkpt>
   <trkpt lon="6.908041" lat="43.642098"><ele>216.25</ele></trkpt>
   <trkpt lon="6.907972" lat="43.642014"><ele>217.25</ele></trkpt>
   <trkpt lon="6.907913" lat="43.641924"><ele>218.0</ele></trkpt>
   <trkpt lon="6.907890" lat="43.641835"><ele>218.5</ele></trkpt>
   <trkpt lon="6.907890" lat="43.641776"><ele>219.25</ele></trkpt>
   <trkpt lon="6.907882" lat="43.641609"><ele>220.75</ele></trkpt>
   <trkpt lon="6.907943" lat="43.641436"><ele>222.5</ele></trkpt>
   <trkpt lon="6.908005" lat="43.641342"><ele>223.0</ele></trkpt>
   <trkpt lon="6.908095" lat="43.641247"><ele>223.75</ele></trkpt>
   <trkpt lon="6.908201" lat="43.641171"><ele>224.5</ele></trkpt>
   <trkpt lon="6.908587" lat="43.640967"><ele>225.5</ele></trkpt>
   <trkpt lon="6.908755" lat="43.640880"><ele>226.5</ele></trkpt>
   <trkpt lon="6.909037" lat="43.640776"><ele>227.5</ele></trkpt>
   <trkpt lon="6.909147" lat="43.640751"><ele>227.75</ele></trkpt>
   <trkpt lon="6.909335" lat="43.640722"><ele>228.25</ele></trkpt>
   <trkpt lon="6.909560" lat="43.640709"><ele>228.75</ele></trkpt>
   <trkpt lon="6.909782" lat="43.640710"><ele>229.0</ele></trkpt>
   <trkpt lon="6.909862" lat="43.640699"><ele>229.25</ele><sym>roundabout_e2</sym></trkpt>
   <trkpt lon="6.909902" lat="43.640671"><ele>229.0</ele></trkpt>
   <trkpt lon="6.909937" lat="43.640661"><ele>229.0</ele></trkpt>
   <trkpt lon="6.909975" lat="43.640659"><ele>229.0</ele></trkpt>
   <trkpt lon="6.910012" lat="43.640666"><ele>229.0</ele></trkpt>
   <trkpt lon="6.910044" lat="43.640681"><ele>229.25</ele></trkpt>
   <trkpt lon="6.910067" lat="43.640703"><ele>229.5</ele></trkpt>
   <trkpt lon="6.910080" lat="43.640729"><ele>229.75</ele></trkpt>
   <trkpt lon="6.910081" lat="43.640757"><ele>230.0</ele></trkpt>
   <trkpt lon="6.910148" lat="43.640788"><ele>230.5</ele></trkpt>
   <trkpt lon="6.910361" lat="43.640868"><ele>231.25</ele></trkpt>
   <trkpt lon="6.910501" lat="43.640943"><ele>231.75</ele></trkpt>
   <trkpt lon="6.910674" lat="43.641053"><ele>232.0</ele></trkpt>
   <trkpt lon="6.910914" lat="43.641232"><ele>233.0</ele></trkpt>
   <trkpt lon="6.911109" lat="43.641384"><ele>234.75</ele></trkpt>
   <trkpt lon="6.911163" lat="43.641419"><ele>235.25</ele></trkpt>
   <trkpt lon="6.911207" lat="43.641436"><ele>235.5</ele></trkpt>
   <trkpt lon="6.911251" lat="43.641451"><ele>235.75</ele></trkpt>
   <trkpt lon="6.911314" lat="43.641470"><ele>236.25</ele><sym>roundabout_e2</sym></trkpt>
   <trkpt lon="6.911390" lat="43.641457"><ele>236.25</ele></trkpt>
   <trkpt lon="6.911490" lat="43.641461"><ele>235.75</ele></trkpt>
   <trkpt lon="6.911581" lat="43.641491"><ele>235.5</ele></trkpt>
   <trkpt lon="6.911641" lat="43.641529"><ele>235.5</ele></trkpt>
   <trkpt lon="6.911831" lat="43.641539"><ele>235.5</ele></trkpt>
   <trkpt lon="6.912019" lat="43.641526"><ele>235.25</ele></trkpt>
   <trkpt lon="6.912131" lat="43.641509"><ele>235.0</ele></trkpt>
   <trkpt lon="6.912275" lat="43.641506"><ele>234.75</ele></trkpt>
   <trkpt lon="6.912433" lat="43.641528"><ele>235.0</ele></trkpt>
   <trkpt lon="6.912680" lat="43.641592"><ele>236.5</ele></trkpt>
   <trkpt lon="6.912886" lat="43.641669"><ele>236.75</ele></trkpt>
   <trkpt lon="6.913162" lat="43.641805"><ele>237.5</ele></trkpt>
   <trkpt lon="6.913372" lat="43.641966"><ele>239.25</ele></trkpt>
   <trkpt lon="6.913617" lat="43.642204"><ele>240.5</ele></trkpt>
   <trkpt lon="6.913802" lat="43.642472"><ele>240.0</ele></trkpt>
   <trkpt lon="6.913953" lat="43.642691"><ele>241.0</ele></trkpt>
   <trkpt lon="6.914088" lat="43.642821"><ele>241.75</ele></trkpt>
   <trkpt lon="6.914189" lat="43.642950"><ele>242.5</ele></trkpt>
   <trkpt lon="6.914251" lat="43.643030"><ele>242.75</ele></trkpt>
   <trkpt lon="6.914409" lat="43.643172"><ele>242.0</ele></trkpt>
   <trkpt lon="6.914810" lat="43.643458"><ele>244.75</ele><sym>pass_place</sym><type>Shaping</type></trkpt>
   <trkpt lon="6.914815" lat="43.643461"><ele>244.75</ele></trkpt>
   <trkpt lon="6.914875" lat="43.643506"><ele>245.0</ele></trkpt>
   <trkpt lon="6.914987" lat="43.643591"><ele>245.75</ele><sym>stay_right</sym></trkpt>
   <trkpt lon="6.915074" lat="43.643656"><ele>246.25</ele></trkpt>
   <trkpt lon="6.915175" lat="43.643767"><ele>247.0</ele></trkpt>
   <trkpt lon="6.915263" lat="43.643911"><ele>247.5</ele></trkpt>
   <trkpt lon="6.915377" lat="43.644160"><ele>247.5</ele></trkpt>
   <trkpt lon="6.915448" lat="43.644741"><ele>246.0</ele></trkpt>
   <trkpt lon="6.915531" lat="43.645161"><ele>248.75</ele></trkpt>
   <trkpt lon="6.915588" lat="43.645284"><ele>249.0</ele></trkpt>
   <trkpt lon="6.915682" lat="43.645413"><ele>248.25</ele></trkpt>
   <trkpt lon="6.915774" lat="43.645507"><ele>249.5</ele></trkpt>
   <trkpt lon="6.915904" lat="43.645646"><ele>250.0</ele></trkpt>
   <trkpt lon="6.916063" lat="43.645755"><ele>250.0</ele></trkpt>
   <trkpt lon="6.916144" lat="43.645810"><ele>251.0</ele></trkpt>
   <trkpt lon="6.916533" lat="43.645970"><ele>254.25</ele></trkpt>
   <trkpt lon="6.916818" lat="43.646060"><ele>255.25</ele></trkpt>
   <trkpt lon="6.917394" lat="43.646174"><ele>258.0</ele></trkpt>
   <trkpt lon="6.917729" lat="43.646284"><ele>258.0</ele></trkpt>
   <trkpt lon="6.917996" lat="43.646414"><ele>260.5</ele></trkpt>
   <trkpt lon="6.918188" lat="43.646555"><ele>261.0</ele></trkpt>
   <trkpt lon="6.918402" lat="43.646788"><ele>257.75</ele></trkpt>
   <trkpt lon="6.918496" lat="43.646972"><ele>257.0</ele></trkpt>
   <trkpt lon="6.918536" lat="43.647220"><ele>257.25</ele></trkpt>
   <trkpt lon="6.918552" lat="43.647422"><ele>257.75</ele></trkpt>
   <trkpt lon="6.918555" lat="43.647461"><ele>258.0</ele></trkpt>
   <trkpt lon="6.918556" lat="43.647563"><ele>258.0</ele></trkpt>
   <trkpt lon="6.918558" lat="43.647652"><ele>258.0</ele></trkpt>
   <trkpt lon="6.918558" lat="43.647772"><ele>258.0</ele></trkpt>
   <trkpt lon="6.918559" lat="43.647884"><ele>258.75</ele></trkpt>
   <trkpt lon="6.918560" lat="43.648006"><ele>259.75</ele></trkpt>
   <trkpt lon="6.918575" lat="43.648145"><ele>261.0</ele></trkpt>
   <trkpt lon="6.918599" lat="43.648281"><ele>261.75</ele></trkpt>
   <trkpt lon="6.918649" lat="43.648420"><ele>262.5</ele></trkpt>
   <trkpt lon="6.918705" lat="43.648535"><ele>263.0</ele></trkpt>
   <trkpt lon="6.918787" lat="43.648674"><ele>262.25</ele></trkpt>
   <trkpt lon="6.918857" lat="43.648773"><ele>261.5</ele></trkpt>
   <trkpt lon="6.918941" lat="43.648868"><ele>261.25</ele></trkpt>
   <trkpt lon="6.919055" lat="43.648962"><ele>261.0</ele></trkpt>
   <trkpt lon="6.919181" lat="43.649043"><ele>261.0</ele></trkpt>
   <trkpt lon="6.919273" lat="43.649092"><ele>261.5</ele></trkpt>
   <trkpt lon="6.919476" lat="43.649189"><ele>262.75</ele></trkpt>
   <trkpt lon="6.919542" lat="43.649216"><ele>262.5</ele></trkpt>
   <trkpt lon="6.919784" lat="43.649295"><ele>262.5</ele></trkpt>
   <trkpt lon="6.919934" lat="43.649333"><ele>262.5</ele></trkpt>
   <trkpt lon="6.920859" lat="43.649622"><ele>265.25</ele></trkpt>
   <trkpt lon="6.921422" lat="43.649788"><ele>268.25</ele></trkpt>
   <trkpt lon="6.921744" lat="43.649914"><ele>270.0</ele></trkpt>
   <trkpt lon="6.921875" lat="43.649981"><ele>271.0</ele></trkpt>
   <trkpt lon="6.922032" lat="43.650074"><ele>272.0</ele></trkpt>
   <trkpt lon="6.922086" lat="43.650117"><ele>272.25</ele></trkpt>
   <trkpt lon="6.922134" lat="43.650185"><ele>272.75</ele><sym>right_slight</sym></trkpt>
   <trkpt lon="6.922240" lat="43.650233"><ele>273.5</ele></trkpt>
   <trkpt lon="6.922299" lat="43.650259"><ele>273.5</ele></trkpt>
   <trkpt lon="6.922422" lat="43.650275"><ele>273.75</ele></trkpt>
   <trkpt lon="6.922486" lat="43.650270"><ele>273.75</ele><sym>right_slight</sym></trkpt>
   <trkpt lon="6.922645" lat="43.650137"><ele>272.25</ele></trkpt>
   <trkpt lon="6.922664" lat="43.650118"><ele>272.0</ele></trkpt>
   <trkpt lon="6.923314" lat="43.649502"><ele>268.25</ele></trkpt>
   <trkpt lon="6.923384" lat="43.649438"><ele>267.75</ele></trkpt>
   <trkpt lon="6.923615" lat="43.649211"><ele>266.25</ele></trkpt>
   <trkpt lon="6.923784" lat="43.649094"><ele>264.75</ele></trkpt>
   <trkpt lon="6.923918" lat="43.649044"><ele>264.5</ele></trkpt>
   <trkpt lon="6.924792" lat="43.648847"><ele>260.25</ele></trkpt>
   <trkpt lon="6.925891" lat="43.648589"><ele>256.5</ele></trkpt>
   <trkpt lon="6.926035" lat="43.648556"><ele>256.25</ele></trkpt>
   <trkpt lon="6.926129" lat="43.648533"><ele>256.0</ele></trkpt>
   <trkpt lon="6.926294" lat="43.648495"><ele>256.0</ele></trkpt>
   <trkpt lon="6.926404" lat="43.648463"><ele>255.75</ele></trkpt>
   <trkpt lon="6.926517" lat="43.648422"><ele>254.5</ele></trkpt>
   <trkpt lon="6.926640" lat="43.648368"><ele>253.5</ele></trkpt>
   <trkpt lon="6.926704" lat="43.648339"><ele>253.0</ele></trkpt>
   <trkpt lon="6.926805" lat="43.648288"><ele>252.25</ele></trkpt>
   <trkpt lon="6.927206" lat="43.648055"><ele>250.75</ele></trkpt>
   <trkpt lon="6.927220" lat="43.648046"><ele>250.75</ele></trkpt>
   <trkpt lon="6.927296" lat="43.648002"><ele>250.25</ele></trkpt>
   <trkpt lon="6.927331" lat="43.647981"><ele>250.0</ele></trkpt>
   <trkpt lon="6.927347" lat="43.647972"><ele>249.75</ele></trkpt>
   <trkpt lon="6.927539" lat="43.647869"><ele>249.0</ele></trkpt>
   <trkpt lon="6.927595" lat="43.647848"><ele>248.75</ele></trkpt>
   <trkpt lon="6.927702" lat="43.647813"><ele>248.25</ele></trkpt>
   <trkpt lon="6.927818" lat="43.647789"><ele>247.75</ele></trkpt>
   <trkpt lon="6.927934" lat="43.647775"><ele>247.25</ele></trkpt>
   <trkpt lon="6.928040" lat="43.647776"><ele>247.0</ele></trkpt>
   <trkpt lon="6.928146" lat="43.647789"><ele>246.25</ele></trkpt>
   <trkpt lon="6.928268" lat="43.647818"><ele>245.75</ele></trkpt>
   <trkpt lon="6.928398" lat="43.647868"><ele>244.75</ele></trkpt>
   <trkpt lon="6.928466" lat="43.647903"><ele>244.0</ele></trkpt>
   <trkpt lon="6.928713" lat="43.648058"><ele>242.75</ele></trkpt>
   <trkpt lon="6.928751" lat="43.648084"><ele>242.75</ele></trkpt>
   <trkpt lon="6.928789" lat="43.648107"><ele>242.75</ele></trkpt>
   <trkpt lon="6.929132" lat="43.648336"><ele>241.5</ele></trkpt>
   <trkpt lon="6.929212" lat="43.648389"><ele>240.25</ele></trkpt>
   <trkpt lon="6.929329" lat="43.648457"><ele>239.25</ele></trkpt>
   <trkpt lon="6.929426" lat="43.648499"><ele>238.75</ele></trkpt>
   <trkpt lon="6.929589" lat="43.648551"><ele>238.0</ele></trkpt>
   <trkpt lon="6.929764" lat="43.648589"><ele>237.25</ele></trkpt>
   <trkpt lon="6.929988" lat="43.648607"><ele>236.75</ele><sym>pass_place</sym><type>Shaping</type></trkpt>
   <trkpt lon="6.930216" lat="43.648612"><ele>235.25</ele></trkpt>
   <trkpt lon="6.930661" lat="43.648611"><ele>233.75</ele></trkpt>
   <trkpt lon="6.930894" lat="43.648637"><ele>233.5</ele></trkpt>
   <trkpt lon="6.931036" lat="43.648670"><ele>232.75</ele></trkpt>
   <trkpt lon="6.931143" lat="43.648711"><ele>231.75</ele></trkpt>
   <trkpt lon="6.931232" lat="43.648755"><ele>231.0</ele></trkpt>
   <trkpt lon="6.931561" lat="43.648978"><ele>229.0</ele></trkpt>
   <trkpt lon="6.931615" lat="43.649008"><ele>228.75</ele></trkpt>
   <trkpt lon="6.931664" lat="43.649033"><ele>228.5</ele></trkpt>
   <trkpt lon="6.931796" lat="43.649094"><ele>228.75</ele><sym>left_slight</sym></trkpt>
   <trkpt lon="6.931794" lat="43.649181"><ele>229.5</ele></trkpt>
   <trkpt lon="6.931796" lat="43.649395"><ele>230.5</ele></trkpt>
   <trkpt lon="6.931787" lat="43.649437"><ele>230.75</ele></trkpt>
   <trkpt lon="6.931771" lat="43.649486"><ele>231.0</ele><sym>right_slight</sym></trkpt>
   <trkpt lon="6.931746" lat="43.649632"><ele>231.5</ele></trkpt>
   <trkpt lon="6.931735" lat="43.649706"><ele>231.75</ele></trkpt>
   <trkpt lon="6.931741" lat="43.649725"><ele>232.0</ele></trkpt>
   <trkpt lon="6.931757" lat="43.649739"><ele>232.0</ele></trkpt>
   <trkpt lon="6.931789" lat="43.649749"><ele>232.0</ele><sym>right_slight</sym></trkpt>
   <trkpt lon="6.931961" lat="43.649724"><ele>232.0</ele></trkpt>
   <trkpt lon="6.932017" lat="43.649710"><ele>232.0</ele></trkpt>
   <trkpt lon="6.932151" lat="43.649679"><ele>232.25</ele></trkpt>
   <trkpt lon="6.932314" lat="43.649643"><ele>232.0</ele></trkpt>
   <trkpt lon="6.932919" lat="43.649500"><ele>229.0</ele></trkpt>
   <trkpt lon="6.933160" lat="43.649434"><ele>228.0</ele></trkpt>
   <trkpt lon="6.933393" lat="43.649360"><ele>228.0</ele></trkpt>
   <trkpt lon="6.933880" lat="43.649199"><ele>227.5</ele></trkpt>
   <trkpt lon="6.934092" lat="43.649144"><ele>227.0</ele></trkpt>
   <trkpt lon="6.934538" lat="43.649044"><ele>225.75</ele></trkpt>
   <trkpt lon="6.934864" lat="43.648970"><ele>222.25</ele></trkpt>
   <trkpt lon="6.935052" lat="43.648927"><ele>220.5</ele></trkpt>
   <trkpt lon="6.935793" lat="43.648754"><ele>218.5</ele></trkpt>
   <trkpt lon="6.936192" lat="43.648716"><ele>218.75</ele></trkpt>
   <trkpt lon="6.936554" lat="43.648706"><ele>221.0</ele><sym>right</sym></trkpt>
   <trkpt lon="6.936550" lat="43.648661"><ele>220.25</ele></trkpt>
   <trkpt lon="6.936542" lat="43.648605"><ele>219.0</ele></trkpt>
   <trkpt lon="6.936374" lat="43.648163"><ele>212.75</ele></trkpt>
   <trkpt lon="6.936377" lat="43.648106"><ele>212.25</ele></trkpt>
   <trkpt lon="6.936414" lat="43.648068"><ele>212.0</ele></trkpt>
   <trkpt lon="6.936473" lat="43.648027"><ele>211.5</ele></trkpt>
   <trkpt lon="6.936660" lat="43.647975"><ele>211.25</ele></trkpt>
   <trkpt lon="6.936963" lat="43.647906"><ele>210.75</ele></trkpt>
   <trkpt lon="6.936983" lat="43.647862"><ele>210.0</ele><sym>left</sym></trkpt>
   <trkpt lon="6.937201" lat="43.647926"><ele>209.25</ele><sym>pass_place</sym><type>Via</type></trkpt>
  </trkseg>
 </trk>
</gpx>
