<?xml version="1.0" encoding="UTF-8"?>
<!-- track-length = 44688 filtered ascend = 234 plain-ascend = 0 cost=81699 energy=.2kwh time=2h 21m 42s -->
<gpx 
 xmlns="http://www.topografix.com/GPX/1/1" 
 xmlns:xsi="http://www.w3.org/2001/XMLSchema-instance" 
 xsi:schemaLocation="http://www.topografix.com/GPX/1/1 http://www.topografix.com/GPX/1/1/gpx.xsd" 
 creator="BRouter-1.7.10" version="1.1"><wpt lat="43.54946" lon="7.00666"><name>Drinking water</name><sym>Drinking Water</sym></wpt><wpt lat="43.55117" lon="7.01101"><name>Drinking water</name><sym>Drinking Water</sym></wpt><wpt lat="43.56832" lon="7.07279"><name>Drinking water</name><sym>Drinking Water</sym></wpt><wpt lat="43.522" lon="6.94127"><name>Drinking water</name><sym>Drinking Water</sym></wpt><wpt lat="43.50592" lon="6.94649"><name>Drinking water</name><sym>Drinking Water</sym></wpt><wpt lat="43.52392" lon="6.94076"><name>La Napoule</name><sym>Restaurant</sym></wpt><wpt lat="43.55126" lon="7.01137"><name>Drinking water</name><sym>Drinking Water</sym></wpt><wpt lat="43.55192" lon="7.01814"><name>Vilefeu</name><sym>Restaurant</sym></wpt><wpt lat="43.54809" lon="7.01016"><name>Drinking water</name><sym>Drinking Water</sym></wpt><wpt lat="43.55156" lon="7.01744"><name>Drinking water</name><sym>Drinking Water</sym></wpt><wpt lat="43.54807" lon="7.03013"><name>72 Croisette</name><sym>Restaurant</sym></wpt><wpt lat="43.55308" lon="7.02216"><name>Casa di Nonna</name><sym>Restaurant</sym></wpt><wpt lat="43.55182" lon="7.01816"><name>So Benedict</name><sym>Restaurant</sym></wpt><wpt lat="43.55162" lon="7.01239"><name>Café Poët</name><sym>Restaurant</sym></wpt><wpt lat="43.55204" lon="7.01758"><name>Café</name><sym>Restaurant</sym></wpt><wpt lat="43.55141" lon="7.01195"><name>Cristal</name><sym>Restaurant</sym></wpt><wpt lat="43.50441" lon="6.93833"><name>Drinking water</name><sym>Drinking Water</sym></wpt><wpt lat="43.55297" lon="7.02219"><name>Volupté Anytime</name><sym>Restaurant</sym></wpt><wpt lat="43.55434" lon="7.01658"><name>Gelateria Torino</name><sym>Restaurant</sym></wpt><wpt lat="43.553" lon="7.02506"><name>Drinking water</name><sym>Drinking Water</sym></wpt><wpt lat="43.52376" lon="6.94021"><name>Drinking water</name><sym>Drinking Water</sym></wpt><wpt lat="43.55423" lon="7.01684"><name>Copenhagen Coffee Lab</name><sym>Restaurant</sym></wpt><wpt lat="43.54176" lon="6.96185"><name>Drinking water</name><sym>Drinking Water</sym></wpt><wpt lat="43.54888" lon="7.01225"><name>Casa Italia</name><sym>Restaurant</sym></wpt><wpt lat="43.54875" lon="7.01227"><name>Café Maritime</name><sym>Restaurant</sym></wpt><wpt lat="43.5552" lon="7.01745"><name>Cycles Stever Bikeshop</name><sym>Bike Trail</sym></wpt><wpt lat="43.54911" lon="7.02776"><name>Le Voilier</name><sym>Restaurant</sym></wpt><wpt lat="43.50776" lon="6.94079"><name>Presse Café Le Régent Tabac</name><sym>Restaurant</sym></wpt><wpt lat="43.54899" lon="7.0038"><name>Drinking water</name><sym>Drinking Water</sym></wpt><wpt lat="43.54211" lon="6.96239"><name>Bike shop</name><sym>Bike Trail</sym></wpt><wpt lat="43.54967" lon="7.00975"><name>Drinking water</name><sym>Drinking Water</sym></wpt><wpt lat="43.55309" lon="7.01639"><name>Drinking water</name><sym>Drinking Water</sym></wpt><wpt lat="43.55056" lon="7.05674"><name>Bike shop</name><sym>Bike Trail</sym></wpt><wpt lat="43.54632" lon="7.03974"><name>Drinking water</name><sym>Drinking Water</sym></wpt><wpt lat="43.55163" lon="7.028"><name>Bungalow Café</name><sym>Restaurant</sym></wpt><wpt lat="43.55314" lon="7.01697"><name>Manaa</name><sym>Restaurant</sym></wpt><wpt lat="43.50618" lon="6.94545"><name>Drinking water</name><sym>Drinking Water</sym></wpt><wpt lat="43.54631" lon="7.03282"><name>Drinking water</name><sym>Drinking Water</sym></wpt><wpt lat="43.54998" lon="7.01024"><name>Drinking water</name><sym>Drinking Water</sym></wpt><wpt lat="43.52729" lon="6.94588"><name>Bike shop</name><sym>Bike Trail</sym></wpt>
 <trk>
  <src>brouter_fastbike-lowtraffic_0</src>
  <type>bike</type>
  <trkseg>
   <trkpt lon="7.074139" lat="43.568779"><ele>8.0</ele><sym>pass_place</sym><type>Via</type></trkpt>
   <trkpt lon="7.074046" lat="43.568735"><ele>8.0</ele><sym>right</sym></trkpt>
   <trkpt lon="7.073817" lat="43.568948"><ele>8.0</ele></trkpt>
   <trkpt lon="7.073789" lat="43.568973"><ele>8.25</ele></trkpt>
   <trkpt lon="7.073710" lat="43.569058"><ele>8.25</ele><sym>left</sym></trkpt>
   <trkpt lon="7.073641" lat="43.569028"><ele>8.25</ele></trkpt>
   <trkpt lon="7.073243" lat="43.568856"><ele>9.25</ele></trkpt>
   <trkpt lon="7.073185" lat="43.568831"><ele>9.25</ele></trkpt>
   <trkpt lon="7.073061" lat="43.568783"><ele>9.5</ele></trkpt>
   <trkpt lon="7.072886" lat="43.568715"><ele>9.75</ele></trkpt>
   <trkpt lon="7.072776" lat="43.568673"><ele>10.0</ele></trkpt>
   <trkpt lon="7.072689" lat="43.568639"><ele>10.0</ele><sym>straight</sym></trkpt>
   <trkpt lon="7.072559" lat="43.568598"><ele>9.75</ele></trkpt>
   <trkpt lon="7.072301" lat="43.568490"><ele>10.0</ele></trkpt>
   <trkpt lon="7.072122" lat="43.568416"><ele>10.5</ele></trkpt>
   <trkpt lon="7.071648" lat="43.568204"><ele>12.5</ele></trkpt>
   <trkpt lon="7.071535" lat="43.568189"><ele>13.25</ele></trkpt>
   <trkpt lon="7.071396" lat="43.568192"><ele>14.25</ele><sym>right_slight</sym></trkpt>
   <trkpt lon="7.071235" lat="43.568301"><ele>15.25</ele></trkpt>
   <trkpt lon="7.071082" lat="43.568401"><ele>16.5</ele></trkpt>
   <trkpt lon="7.070804" lat="43.568586"><ele>19.0</ele></trkpt>
   <trkpt lon="7.070676" lat="43.568659"><ele>20.25</ele></trkpt>
   <trkpt lon="7.070572" lat="43.568720"><ele>21.25</ele><sym>right_slight</sym></trkpt>
   <trkpt lon="7.070526" lat="43.568800"><ele>21.75</ele></trkpt>
   <trkpt lon="7.070476" lat="43.568873"><ele>22.0</ele></trkpt>
   <trkpt lon="7.070456" lat="43.568903"><ele>22.25</ele><sym>roundabout_e3</sym></trkpt>
   <trkpt lon="7.070465" lat="43.568948"><ele>22.5</ele></trkpt>
   <trkpt lon="7.070454" lat="43.568994"><ele>22.75</ele></trkpt>
   <trkpt lon="7.070424" lat="43.569035"><ele>23.0</ele></trkpt>
   <trkpt lon="7.070357" lat="43.569076"><ele>23.75</ele></trkpt>
   <trkpt lon="7.070298" lat="43.569090"><ele>24.25</ele></trkpt>
   <trkpt lon="7.070236" lat="43.569091"><ele>24.5</ele></trkpt>
   <trkpt lon="7.070177" lat="43.569079"><ele>24.5</ele></trkpt>
   <trkpt lon="7.070125" lat="43.569054"><ele>24.5</ele></trkpt>
   <trkpt lon="7.070089" lat="43.569021"><ele>24.5</ele></trkpt>
   <trkpt lon="7.070067" lat="43.568982"><ele>24.25</ele></trkpt>
   <trkpt lon="7.070061" lat="43.568941"><ele>24.0</ele></trkpt>
   <trkpt lon="7.070071" lat="43.568900"><ele>23.75</ele></trkpt>
   <trkpt lon="7.069992" lat="43.568813"><ele>23.5</ele><sym>left</sym></trkpt>
   <trkpt lon="7.070068" lat="43.568765"><ele>23.25</ele><sym>right</sym></trkpt>
   <trkpt lon="7.070112" lat="43.568723"><ele>22.75</ele></trkpt>
   <trkpt lon="7.069930" lat="43.568636"><ele>22.75</ele></trkpt>
   <trkpt lon="7.069856" lat="43.568591"><ele>22.25</ele></trkpt>
   <trkpt lon="7.069795" lat="43.568536"><ele>21.75</ele></trkpt>
   <trkpt lon="7.069582" lat="43.568297"><ele>20.0</ele></trkpt>
   <trkpt lon="7.069543" lat="43.568200"><ele>19.25</ele></trkpt>
   <trkpt lon="7.069140" lat="43.567724"><ele>16.25</ele></trkpt>
   <trkpt lon="7.068942" lat="43.567461"><ele>15.25</ele></trkpt>
   <trkpt lon="7.068808" lat="43.567224"><ele>16.0</ele></trkpt>
   <trkpt lon="7.068671" lat="43.567035"><ele>15.75</ele></trkpt>
   <trkpt lon="7.068400" lat="43.566608"><ele>15.5</ele></trkpt>
   <trkpt lon="7.068247" lat="43.566395"><ele>15.25</ele></trkpt>
   <trkpt lon="7.067722" lat="43.565486"><ele>15.5</ele></trkpt>
   <trkpt lon="7.067623" lat="43.565276"><ele>14.5</ele></trkpt>
   <trkpt lon="7.067549" lat="43.565079"><ele>14.5</ele></trkpt>
   <trkpt lon="7.067425" lat="43.564704"><ele>14.5</ele></trkpt>
   <trkpt lon="7.067291" lat="43.564347"><ele>13.5</ele></trkpt>
   <trkpt lon="7.067190" lat="43.564235"><ele>14.25</ele></trkpt>
   <trkpt lon="7.067109" lat="43.563960"><ele>14.0</ele></trkpt>
   <trkpt lon="7.067098" lat="43.563770"><ele>13.75</ele></trkpt>
   <trkpt lon="7.067107" lat="43.563593"><ele>13.75</ele></trkpt>
   <trkpt lon="7.067123" lat="43.563566"><ele>13.75</ele></trkpt>
   <trkpt lon="7.067174" lat="43.563530"><ele>13.5</ele></trkpt>
   <trkpt lon="7.067219" lat="43.563519"><ele>13.25</ele></trkpt>
   <trkpt lon="7.067269" lat="43.563525"><ele>13.0</ele></trkpt>
   <trkpt lon="7.067334" lat="43.563510"><ele>12.75</ele><sym>right_slight</sym></trkpt>
   <trkpt lon="7.067381" lat="43.563473"><ele>12.5</ele><sym>right_slight</sym></trkpt>
   <trkpt lon="7.067390" lat="43.563431"><ele>12.5</ele></trkpt>
   <trkpt lon="7.067371" lat="43.563380"><ele>12.75</ele></trkpt>
   <trkpt lon="7.067357" lat="43.563292"><ele>12.75</ele></trkpt>
   <trkpt lon="7.067330" lat="43.563191"><ele>12.25</ele></trkpt>
   <trkpt lon="7.067350" lat="43.563031"><ele>11.25</ele></trkpt>
   <trkpt lon="7.067344" lat="43.562735"><ele>10.0</ele></trkpt>
   <trkpt lon="7.067304" lat="43.562576"><ele>9.25</ele></trkpt>
   <trkpt lon="7.067229" lat="43.562316"><ele>9.25</ele></trkpt>
   <trkpt lon="7.067193" lat="43.562216"><ele>8.75</ele></trkpt>
   <trkpt lon="7.067164" lat="43.562177"><ele>8.5</ele></trkpt>
   <trkpt lon="7.067102" lat="43.562145"><ele>8.5</ele></trkpt>
   <trkpt lon="7.067034" lat="43.562139"><ele>8.75</ele></trkpt>
   <trkpt lon="7.066870" lat="43.561996"><ele>11.0</ele></trkpt>
   <trkpt lon="7.066781" lat="43.561964"><ele>11.25</ele><sym>left</sym></trkpt>
   <trkpt lon="7.066710" lat="43.561951"><ele>11.0</ele></trkpt>
   <trkpt lon="7.066714" lat="43.561917"><ele>11.25</ele><sym>straight</sym></trkpt>
   <trkpt lon="7.066708" lat="43.561843"><ele>11.25</ele><sym>left_slight</sym></trkpt>
   <trkpt lon="7.066710" lat="43.561806"><ele>11.5</ele></trkpt>
   <trkpt lon="7.066747" lat="43.561780"><ele>11.25</ele><sym>straight</sym></trkpt>
   <trkpt lon="7.066804" lat="43.561747"><ele>10.25</ele><sym>right</sym></trkpt>
   <trkpt lon="7.066303" lat="43.561300"><ele>12.0</ele></trkpt>
   <trkpt lon="7.065482" lat="43.560470"><ele>11.75</ele></trkpt>
   <trkpt lon="7.065267" lat="43.560232"><ele>11.0</ele></trkpt>
   <trkpt lon="7.065105" lat="43.560040"><ele>11.0</ele></trkpt>
   <trkpt lon="7.064717" lat="43.559617"><ele>12.0</ele></trkpt>
   <trkpt lon="7.063648" lat="43.558528"><ele>13.5</ele></trkpt>
   <trkpt lon="7.063121" lat="43.558021"><ele>13.25</ele><sym>pass_place</sym><type>Shaping</type></trkpt>
   <trkpt lon="7.063038" lat="43.557879"><ele>12.5</ele></trkpt>
   <trkpt lon="7.062690" lat="43.557484"><ele>11.5</ele></trkpt>
   <trkpt lon="7.062573" lat="43.557367"><ele>11.75</ele></trkpt>
   <trkpt lon="7.062384" lat="43.557072"><ele>11.75</ele></trkpt>
   <trkpt lon="7.061828" lat="43.556187"><ele>12.75</ele></trkpt>
   <trkpt lon="7.061550" lat="43.555788"><ele>13.0</ele></trkpt>
   <trkpt lon="7.061140" lat="43.555277"><ele>12.75</ele></trkpt>
   <trkpt lon="7.060914" lat="43.555024"><ele>11.25</ele></trkpt>
   <trkpt lon="7.060805" lat="43.554871"><ele>10.0</ele></trkpt>
   <trkpt lon="7.060760" lat="43.554810"><ele>10.0</ele></trkpt>
   <trkpt lon="7.060578" lat="43.554643"><ele>9.75</ele></trkpt>
   <trkpt lon="7.060396" lat="43.554535"><ele>10.0</ele></trkpt>
   <trkpt lon="7.060339" lat="43.554498"><ele>10.25</ele></trkpt>
   <trkpt lon="7.060070" lat="43.554252"><ele>11.5</ele></trkpt>
   <trkpt lon="7.059901" lat="43.554096"><ele>12.25</ele></trkpt>
   <trkpt lon="7.059623" lat="43.553855"><ele>12.75</ele></trkpt>
   <trkpt lon="7.059259" lat="43.553565"><ele>13.25</ele></trkpt>
   <trkpt lon="7.059141" lat="43.553488"><ele>13.75</ele></trkpt>
   <trkpt lon="7.059046" lat="43.553417"><ele>14.25</ele></trkpt>
   <trkpt lon="7.058837" lat="43.553234"><ele>14.25</ele></trkpt>
   <trkpt lon="7.058616" lat="43.553015"><ele>14.5</ele></trkpt>
   <trkpt lon="7.058506" lat="43.552892"><ele>15.25</ele></trkpt>
   <trkpt lon="7.058119" lat="43.552453"><ele>15.0</ele></trkpt>
   <trkpt lon="7.058009" lat="43.552306"><ele>15.0</ele></trkpt>
   <trkpt lon="7.057848" lat="43.552091"><ele>13.5</ele></trkpt>
   <trkpt lon="7.057810" lat="43.552043"><ele>13.5</ele></trkpt>
   <trkpt lon="7.057747" lat="43.551906"><ele>13.0</ele></trkpt>
   <trkpt lon="7.057723" lat="43.551851"><ele>12.75</ele></trkpt>
   <trkpt lon="7.057548" lat="43.551625"><ele>12.25</ele></trkpt>
   <trkpt lon="7.057488" lat="43.551579"><ele>12.75</ele></trkpt>
   <trkpt lon="7.057364" lat="43.551477"><ele>13.25</ele></trkpt>
   <trkpt lon="7.057133" lat="43.551179"><ele>12.5</ele></trkpt>
   <trkpt lon="7.057102" lat="43.551069"><ele>12.0</ele></trkpt>
   <trkpt lon="7.057088" lat="43.551028"><ele>12.0</ele></trkpt>
   <trkpt lon="7.056943" lat="43.550838"><ele>13.0</ele></trkpt>
   <trkpt lon="7.056841" lat="43.550702"><ele>13.0</ele></trkpt>
   <trkpt lon="7.056820" lat="43.550674"><ele>13.0</ele></trkpt>
   <trkpt lon="7.056777" lat="43.550643"><ele>13.0</ele></trkpt>
   <trkpt lon="7.056669" lat="43.550564"><ele>13.0</ele></trkpt>
   <trkpt lon="7.056618" lat="43.550468"><ele>13.25</ele></trkpt>
   <trkpt lon="7.056513" lat="43.550302"><ele>13.5</ele></trkpt>
   <trkpt lon="7.055807" lat="43.549400"><ele>15.5</ele></trkpt>
   <trkpt lon="7.055537" lat="43.549118"><ele>15.25</ele></trkpt>
   <trkpt lon="7.055359" lat="43.548954"><ele>15.25</ele></trkpt>
   <trkpt lon="7.055181" lat="43.548802"><ele>15.25</ele></trkpt>
   <trkpt lon="7.055010" lat="43.548667"><ele>13.75</ele></trkpt>
   <trkpt lon="7.054579" lat="43.548375"><ele>13.75</ele></trkpt>
   <trkpt lon="7.054147" lat="43.548136"><ele>13.5</ele></trkpt>
   <trkpt lon="7.053797" lat="43.547968"><ele>14.25</ele></trkpt>
   <trkpt lon="7.053648" lat="43.547906"><ele>13.25</ele></trkpt>
   <trkpt lon="7.053365" lat="43.547799"><ele>13.0</ele></trkpt>
   <trkpt lon="7.052917" lat="43.547654"><ele>12.75</ele></trkpt>
   <trkpt lon="7.052615" lat="43.547576"><ele>13.25</ele></trkpt>
   <trkpt lon="7.052310" lat="43.547510"><ele>13.0</ele></trkpt>
   <trkpt lon="7.051916" lat="43.547442"><ele>12.25</ele></trkpt>
   <trkpt lon="7.051497" lat="43.547396"><ele>12.0</ele></trkpt>
   <trkpt lon="7.051102" lat="43.547362"><ele>12.5</ele></trkpt>
   <trkpt lon="7.050303" lat="43.547328"><ele>11.5</ele></trkpt>
   <trkpt lon="7.050039" lat="43.547336"><ele>12.0</ele></trkpt>
   <trkpt lon="7.049195" lat="43.547390"><ele>12.0</ele></trkpt>
   <trkpt lon="7.048635" lat="43.547431"><ele>13.25</ele></trkpt>
   <trkpt lon="7.048245" lat="43.547434"><ele>13.25</ele></trkpt>
   <trkpt lon="7.048238" lat="43.547433"><ele>12.0</ele><sym>pass_place</sym><type>Shaping</type></trkpt>
   <trkpt lon="7.047548" lat="43.547398"><ele>12.0</ele></trkpt>
   <trkpt lon="7.046728" lat="43.547353"><ele>13.0</ele><sym>right</sym></trkpt>
   <trkpt lon="7.046720" lat="43.547396"><ele>13.25</ele></trkpt>
   <trkpt lon="7.046723" lat="43.547475"><ele>13.5</ele><sym>left_slight</sym></trkpt>
   <trkpt lon="7.046720" lat="43.547508"><ele>13.75</ele></trkpt>
   <trkpt lon="7.046589" lat="43.547526"><ele>14.25</ele></trkpt>
   <trkpt lon="7.046468" lat="43.547552"><ele>15.0</ele><sym>roundabout_e2</sym></trkpt>
   <trkpt lon="7.046423" lat="43.547578"><ele>15.25</ele></trkpt>
   <trkpt lon="7.046353" lat="43.547599"><ele>15.75</ele></trkpt>
   <trkpt lon="7.046277" lat="43.547603"><ele>16.0</ele></trkpt>
   <trkpt lon="7.046202" lat="43.547591"><ele>16.25</ele></trkpt>
   <trkpt lon="7.046129" lat="43.547555"><ele>16.25</ele></trkpt>
   <trkpt lon="7.046100" lat="43.547534"><ele>16.25</ele></trkpt>
   <trkpt lon="7.046068" lat="43.547493"><ele>15.75</ele></trkpt>
   <trkpt lon="7.046051" lat="43.547448"><ele>15.5</ele></trkpt>
   <trkpt lon="7.045952" lat="43.547397"><ele>15.25</ele></trkpt>
   <trkpt lon="7.045837" lat="43.547374"><ele>15.5</ele></trkpt>
   <trkpt lon="7.045679" lat="43.547365"><ele>16.0</ele></trkpt>
   <trkpt lon="7.045363" lat="43.547385"><ele>16.75</ele></trkpt>
   <trkpt lon="7.045286" lat="43.547385"><ele>17.0</ele></trkpt>
   <trkpt lon="7.045197" lat="43.547369"><ele>17.0</ele></trkpt>
   <trkpt lon="7.045134" lat="43.547351"><ele>17.0</ele></trkpt>
   <trkpt lon="7.045025" lat="43.547316"><ele>17.25</ele></trkpt>
   <trkpt lon="7.044799" lat="43.547282"><ele>17.75</ele></trkpt>
   <trkpt lon="7.044629" lat="43.547266"><ele>18.0</ele></trkpt>
   <trkpt lon="7.044570" lat="43.547270"><ele>18.0</ele><sym>roundabout_e1</sym></trkpt>
   <trkpt lon="7.044537" lat="43.547294"><ele>18.0</ele></trkpt>
   <trkpt lon="7.044493" lat="43.547309"><ele>18.25</ele></trkpt>
   <trkpt lon="7.044446" lat="43.547311"><ele>18.25</ele></trkpt>
   <trkpt lon="7.044400" lat="43.547300"><ele>18.25</ele></trkpt>
   <trkpt lon="7.044259" lat="43.547349"><ele>19.0</ele></trkpt>
   <trkpt lon="7.044229" lat="43.547360"><ele>19.25</ele></trkpt>
   <trkpt lon="7.044121" lat="43.547399"><ele>19.5</ele></trkpt>
   <trkpt lon="7.043819" lat="43.547500"><ele>20.0</ele></trkpt>
   <trkpt lon="7.043285" lat="43.547668"><ele>21.5</ele></trkpt>
   <trkpt lon="7.043016" lat="43.547758"><ele>21.75</ele></trkpt>
   <trkpt lon="7.042822" lat="43.547815"><ele>22.25</ele></trkpt>
   <trkpt lon="7.042200" lat="43.548007"><ele>23.5</ele></trkpt>
   <trkpt lon="7.042019" lat="43.548057"><ele>24.0</ele></trkpt>
   <trkpt lon="7.041387" lat="43.548159"><ele>23.5</ele></trkpt>
   <trkpt lon="7.041337" lat="43.548167"><ele>23.75</ele></trkpt>
   <trkpt lon="7.041286" lat="43.548175"><ele>23.75</ele></trkpt>
   <trkpt lon="7.041202" lat="43.548187"><ele>23.75</ele></trkpt>
   <trkpt lon="7.041164" lat="43.548193"><ele>23.75</ele></trkpt>
   <trkpt lon="7.041085" lat="43.548206"><ele>24.0</ele></trkpt>
   <trkpt lon="7.040576" lat="43.548284"><ele>23.75</ele></trkpt>
   <trkpt lon="7.040461" lat="43.548300"><ele>24.0</ele></trkpt>
   <trkpt lon="7.040093" lat="43.548358"><ele>24.75</ele></trkpt>
   <trkpt lon="7.039570" lat="43.548436"><ele>23.75</ele></trkpt>
   <trkpt lon="7.039401" lat="43.548452"><ele>23.75</ele></trkpt>
   <trkpt lon="7.039316" lat="43.548460"><ele>24.25</ele></trkpt>
   <trkpt lon="7.039238" lat="43.548463"><ele>24.75</ele></trkpt>
   <trkpt lon="7.038414" lat="43.548495"><ele>24.75</ele></trkpt>
   <trkpt lon="7.038299" lat="43.548507"><ele>24.5</ele></trkpt>
   <trkpt lon="7.038188" lat="43.548521"><ele>24.25</ele></trkpt>
   <trkpt lon="7.036804" lat="43.548691"><ele>23.25</ele></trkpt>
   <trkpt lon="7.036119" lat="43.548847"><ele>20.75</ele></trkpt>
   <trkpt lon="7.036003" lat="43.548876"><ele>20.5</ele></trkpt>
   <trkpt lon="7.035792" lat="43.548928"><ele>20.25</ele></trkpt>
   <trkpt lon="7.035681" lat="43.548957"><ele>20.0</ele></trkpt>
   <trkpt lon="7.035608" lat="43.548987"><ele>19.5</ele></trkpt>
   <trkpt lon="7.035515" lat="43.549025"><ele>19.0</ele></trkpt>
   <trkpt lon="7.035243" lat="43.549137"><ele>17.5</ele></trkpt>
   <trkpt lon="7.035095" lat="43.549242"><ele>16.75</ele></trkpt>
   <trkpt lon="7.034915" lat="43.549433"><ele>15.0</ele></trkpt>
   <trkpt lon="7.034791" lat="43.549565"><ele>13.75</ele></trkpt>
   <trkpt lon="7.034714" lat="43.549662"><ele>12.75</ele></trkpt>
   <trkpt lon="7.033919" lat="43.550188"><ele>11.0</ele></trkpt>
   <trkpt lon="7.033652" lat="43.550355"><ele>10.75</ele></trkpt>
   <trkpt lon="7.033572" lat="43.550405"><ele>10.25</ele></trkpt>
   <trkpt lon="7.033485" lat="43.550457"><ele>10.0</ele></trkpt>
   <trkpt lon="7.033293" lat="43.550570"><ele>10.0</ele></trkpt>
   <trkpt lon="7.033085" lat="43.550637"><ele>10.0</ele></trkpt>
   <trkpt lon="7.033031" lat="43.550655"><ele>10.0</ele></trkpt>
   <trkpt lon="7.032976" lat="43.550673"><ele>10.0</ele></trkpt>
   <trkpt lon="7.032891" lat="43.550696"><ele>10.0</ele></trkpt>
   <trkpt lon="7.032454" lat="43.550818"><ele>9.75</ele></trkpt>
   <trkpt lon="7.031978" lat="43.550915"><ele>9.25</ele></trkpt>
   <trkpt lon="7.031568" lat="43.550992"><ele>9.0</ele></trkpt>
   <trkpt lon="7.031432" lat="43.551017"><ele>9.0</ele></trkpt>
   <trkpt lon="7.031103" lat="43.551075"><ele>8.75</ele></trkpt>
   <trkpt lon="7.030788" lat="43.551127"><ele>9.0</ele></trkpt>
   <trkpt lon="7.030413" lat="43.551190"><ele>9.25</ele></trkpt>
   <trkpt lon="7.030358" lat="43.551204"><ele>9.5</ele></trkpt>
   <trkpt lon="7.030299" lat="43.551229"><ele>9.5</ele></trkpt>
   <trkpt lon="7.030238" lat="43.551264"><ele>9.75</ele><sym>roundabout_e1</sym></trkpt>
   <trkpt lon="7.030215" lat="43.551305"><ele>9.75</ele></trkpt>
   <trkpt lon="7.030176" lat="43.551339"><ele>9.75</ele></trkpt>
   <trkpt lon="7.030034" lat="43.551503"><ele>10.25</ele></trkpt>
   <trkpt lon="7.029996" lat="43.551549"><ele>10.25</ele></trkpt>
   <trkpt lon="7.029806" lat="43.551781"><ele>10.25</ele></trkpt>
   <trkpt lon="7.029780" lat="43.551812"><ele>10.25</ele></trkpt>
   <trkpt lon="7.029414" lat="43.552196"><ele>11.0</ele></trkpt>
   <trkpt lon="7.029337" lat="43.552269"><ele>11.25</ele></trkpt>
   <trkpt lon="7.029266" lat="43.552375"><ele>11.25</ele></trkpt>
   <trkpt lon="7.029026" lat="43.552596"><ele>11.5</ele></trkpt>
   <trkpt lon="7.028565" lat="43.552906"><ele>12.0</ele><sym>pass_place</sym><type>Shaping</type></trkpt>
   <trkpt lon="7.028565" lat="43.552907"><ele>12.0</ele></trkpt>
   <trkpt lon="7.028200" lat="43.553098"><ele>12.5</ele></trkpt>
   <trkpt lon="7.028164" lat="43.553120"><ele>12.5</ele></trkpt>
   <trkpt lon="7.028080" lat="43.553171"><ele>12.75</ele></trkpt>
   <trkpt lon="7.027998" lat="43.553226"><ele>12.75</ele><sym>stay_left</sym></trkpt>
   <trkpt lon="7.027892" lat="43.553285"><ele>12.5</ele></trkpt>
   <trkpt lon="7.027846" lat="43.553306"><ele>12.25</ele></trkpt>
   <trkpt lon="7.027743" lat="43.553352"><ele>12.0</ele></trkpt>
   <trkpt lon="7.027259" lat="43.553549"><ele>12.0</ele></trkpt>
   <trkpt lon="7.026991" lat="43.553646"><ele>11.75</ele></trkpt>
   <trkpt lon="7.026362" lat="43.553826"><ele>12.25</ele></trkpt>
   <trkpt lon="7.026029" lat="43.553903"><ele>12.0</ele></trkpt>
   <trkpt lon="7.025771" lat="43.553951"><ele>12.25</ele></trkpt>
   <trkpt lon="7.025545" lat="43.553987"><ele>13.0</ele></trkpt>
   <trkpt lon="7.025245" lat="43.554024"><ele>13.0</ele></trkpt>
   <trkpt lon="7.025090" lat="43.554038"><ele>12.75</ele><sym>straight</sym></trkpt>
   <trkpt lon="7.024558" lat="43.554059"><ele>12.0</ele></trkpt>
   <trkpt lon="7.023741" lat="43.554085"><ele>9.5</ele></trkpt>
   <trkpt lon="7.023134" lat="43.554130"><ele>7.25</ele></trkpt>
   <trkpt lon="7.023057" lat="43.554134"><ele>7.0</ele></trkpt>
   <trkpt lon="7.022961" lat="43.554138"><ele>7.0</ele></trkpt>
   <trkpt lon="7.022736" lat="43.554151"><ele>7.0</ele></trkpt>
   <trkpt lon="7.022279" lat="43.554172"><ele>8.75</ele><sym>stay_left</sym></trkpt>
   <trkpt lon="7.022181" lat="43.554165"><ele>9.0</ele></trkpt>
   <trkpt lon="7.022101" lat="43.554166"><ele>9.25</ele></trkpt>
   <trkpt lon="7.021713" lat="43.554190"><ele>10.25</ele></trkpt>
   <trkpt lon="7.021480" lat="43.554229"><ele>10.5</ele></trkpt>
   <trkpt lon="7.021358" lat="43.554261"><ele>10.5</ele></trkpt>
   <trkpt lon="7.021180" lat="43.554285"><ele>10.25</ele><sym>stay_right</sym></trkpt>
   <trkpt lon="7.020930" lat="43.554316"><ele>10.0</ele></trkpt>
   <trkpt lon="7.020034" lat="43.554372"><ele>9.75</ele></trkpt>
   <trkpt lon="7.019803" lat="43.554379"><ele>9.5</ele></trkpt>
   <trkpt lon="7.019615" lat="43.554371"><ele>9.75</ele></trkpt>
   <trkpt lon="7.019378" lat="43.554332"><ele>10.75</ele></trkpt>
   <trkpt lon="7.019050" lat="43.554296"><ele>11.5</ele></trkpt>
   <trkpt lon="7.018532" lat="43.554250"><ele>11.5</ele></trkpt>
   <trkpt lon="7.018475" lat="43.554245"><ele>11.5</ele></trkpt>
   <trkpt lon="7.017273" lat="43.554144"><ele>11.75</ele></trkpt>
   <trkpt lon="7.017241" lat="43.554143"><ele>11.75</ele><sym>right_slight</sym></trkpt>
   <trkpt lon="7.017210" lat="43.554146"><ele>12.0</ele></trkpt>
   <trkpt lon="7.017107" lat="43.554180"><ele>11.75</ele><sym>right</sym></trkpt>
   <trkpt lon="7.017115" lat="43.554227"><ele>11.75</ele><sym>left</sym></trkpt>
   <trkpt lon="7.017039" lat="43.554227"><ele>11.75</ele><sym>straight</sym></trkpt>
   <trkpt lon="7.016974" lat="43.554223"><ele>11.75</ele><sym>left</sym></trkpt>
   <trkpt lon="7.016985" lat="43.554171"><ele>11.75</ele></trkpt>
   <trkpt lon="7.017002" lat="43.554130"><ele>12.0</ele></trkpt>
   <trkpt lon="7.017049" lat="43.554017"><ele>12.0</ele><sym>straight</sym></trkpt>
   <trkpt lon="7.017062" lat="43.553882"><ele>11.75</ele><sym>right_slight</sym></trkpt>
   <trkpt lon="7.016938" lat="43.553725"><ele>10.25</ele></trkpt>
   <trkpt lon="7.016810" lat="43.553577"><ele>9.25</ele></trkpt>
   <trkpt lon="7.016637" lat="43.553405"><ele>8.0</ele></trkpt>
   <trkpt lon="7.016302" lat="43.553095"><ele>5.75</ele></trkpt>
   <trkpt lon="7.016240" lat="43.553040"><ele>5.25</ele></trkpt>
   <trkpt lon="7.016179" lat="43.552986"><ele>5.25</ele></trkpt>
   <trkpt lon="7.016127" lat="43.552886"><ele>4.75</ele></trkpt>
   <trkpt lon="7.016103" lat="43.552767"><ele>3.75</ele></trkpt>
   <trkpt lon="7.016086" lat="43.552651"><ele>3.25</ele></trkpt>
   <trkpt lon="7.016090" lat="43.552505"><ele>3.0</ele></trkpt>
   <trkpt lon="7.016121" lat="43.552323"><ele>3.0</ele></trkpt>
   <trkpt lon="7.016138" lat="43.552250"><ele>3.0</ele></trkpt>
   <trkpt lon="7.016149" lat="43.552198"><ele>3.0</ele></trkpt>
   <trkpt lon="7.016174" lat="43.552084"><ele>3.0</ele></trkpt>
   <trkpt lon="7.016202" lat="43.551951"><ele>3.0</ele></trkpt>
   <trkpt lon="7.016211" lat="43.551910"><ele>2.75</ele></trkpt>
   <trkpt lon="7.016227" lat="43.551801"><ele>2.5</ele></trkpt>
   <trkpt lon="7.016215" lat="43.551759"><ele>2.5</ele></trkpt>
   <trkpt lon="7.016166" lat="43.551690"><ele>2.25</ele></trkpt>
   <trkpt lon="7.016129" lat="43.551654"><ele>2.0</ele><sym>right_slight</sym></trkpt>
   <trkpt lon="7.015721" lat="43.551625"><ele>2.25</ele></trkpt>
   <trkpt lon="7.015604" lat="43.551611"><ele>2.5</ele></trkpt>
   <trkpt lon="7.015471" lat="43.551586"><ele>2.5</ele><sym>left</sym></trkpt>
   <trkpt lon="7.015486" lat="43.551503"><ele>2.25</ele><sym>straight</sym></trkpt>
   <trkpt lon="7.015496" lat="43.551435"><ele>2.0</ele><sym>right</sym></trkpt>
   <trkpt lon="7.015151" lat="43.551394"><ele>2.0</ele></trkpt>
   <trkpt lon="7.014468" lat="43.551314"><ele>2.0</ele></trkpt>
   <trkpt lon="7.013923" lat="43.551218"><ele>2.0</ele></trkpt>
   <trkpt lon="7.013587" lat="43.551124"><ele>2.0</ele></trkpt>
   <trkpt lon="7.013255" lat="43.551010"><ele>1.5</ele></trkpt>
   <trkpt lon="7.013221" lat="43.550999"><ele>1.75</ele></trkpt>
   <trkpt lon="7.012800" lat="43.550855"><ele>1.75</ele></trkpt>
   <trkpt lon="7.012533" lat="43.550762"><ele>1.75</ele></trkpt>
   <trkpt lon="7.012479" lat="43.550752"><ele>1.75</ele></trkpt>
   <trkpt lon="7.012389" lat="43.550751"><ele>1.75</ele><sym>roundabout_e5</sym></trkpt>
   <trkpt lon="7.012411" lat="43.550779"><ele>1.75</ele></trkpt>
   <trkpt lon="7.012421" lat="43.550806"><ele>1.75</ele></trkpt>
   <trkpt lon="7.012417" lat="43.550849"><ele>2.0</ele></trkpt>
   <trkpt lon="7.012391" lat="43.550887"><ele>1.75</ele></trkpt>
   <trkpt lon="7.012366" lat="43.550906"><ele>2.0</ele></trkpt>
   <trkpt lon="7.012325" lat="43.550923"><ele>2.0</ele></trkpt>
   <trkpt lon="7.012279" lat="43.550931"><ele>2.0</ele></trkpt>
   <trkpt lon="7.012241" lat="43.550929"><ele>2.0</ele></trkpt>
   <trkpt lon="7.012201" lat="43.550919"><ele>2.0</ele></trkpt>
   <trkpt lon="7.012167" lat="43.550903"><ele>2.0</ele></trkpt>
   <trkpt lon="7.012142" lat="43.550882"><ele>2.0</ele></trkpt>
   <trkpt lon="7.012120" lat="43.550847"><ele>2.0</ele></trkpt>
   <trkpt lon="7.012116" lat="43.550818"><ele>2.0</ele></trkpt>
   <trkpt lon="7.012133" lat="43.550769"><ele>2.0</ele></trkpt>
   <trkpt lon="7.012153" lat="43.550747"><ele>2.0</ele></trkpt>
   <trkpt lon="7.012206" lat="43.550719"><ele>2.0</ele></trkpt>
   <trkpt lon="7.012165" lat="43.550643"><ele>2.0</ele></trkpt>
   <trkpt lon="7.012133" lat="43.550548"><ele>1.75</ele></trkpt>
   <trkpt lon="7.012131" lat="43.550490"><ele>1.75</ele></trkpt>
   <trkpt lon="7.012144" lat="43.550429"><ele>1.5</ele></trkpt>
   <trkpt lon="7.012203" lat="43.550159"><ele>1.25</ele></trkpt>
   <trkpt lon="7.012261" lat="43.549896"><ele>1.25</ele></trkpt>
   <trkpt lon="7.012330" lat="43.549544"><ele>1.25</ele></trkpt>
   <trkpt lon="7.012330" lat="43.549540"><ele>1.0</ele><sym>pass_place</sym><type>Shaping</type></trkpt>
   <trkpt lon="7.012398" lat="43.549216"><ele>1.25</ele></trkpt>
   <trkpt lon="7.012455" lat="43.548948"><ele>1.0</ele></trkpt>
   <trkpt lon="7.012486" lat="43.548800"><ele>1.25</ele></trkpt>
   <trkpt lon="7.012537" lat="43.548559"><ele>1.5</ele></trkpt>
   <trkpt lon="7.012560" lat="43.548450"><ele>1.75</ele><sym>right_slight</sym></trkpt>
   <trkpt lon="7.012526" lat="43.548382"><ele>1.75</ele></trkpt>
   <trkpt lon="7.012490" lat="43.548357"><ele>2.0</ele></trkpt>
   <trkpt lon="7.012469" lat="43.548346"><ele>2.0</ele></trkpt>
   <trkpt lon="7.012391" lat="43.548335"><ele>2.25</ele></trkpt>
   <trkpt lon="7.012188" lat="43.548331"><ele>3.0</ele></trkpt>
   <trkpt lon="7.012101" lat="43.548325"><ele>3.0</ele></trkpt>
   <trkpt lon="7.011363" lat="43.548243"><ele>4.0</ele></trkpt>
   <trkpt lon="7.011243" lat="43.548230"><ele>4.25</ele></trkpt>
   <trkpt lon="7.010942" lat="43.548199"><ele>4.75</ele></trkpt>
   <trkpt lon="7.010732" lat="43.548187"><ele>4.75</ele></trkpt>
   <trkpt lon="7.010578" lat="43.548191"><ele>4.5</ele></trkpt>
   <trkpt lon="7.010510" lat="43.548167"><ele>4.25</ele><sym>right_slight</sym></trkpt>
   <trkpt lon="7.010130" lat="43.548253"><ele>4.0</ele></trkpt>
   <trkpt lon="7.009715" lat="43.548366"><ele>4.5</ele></trkpt>
   <trkpt lon="7.009382" lat="43.548431"><ele>5.0</ele></trkpt>
   <trkpt lon="7.009217" lat="43.548468"><ele>4.5</ele></trkpt>
   <trkpt lon="7.008613" lat="43.548590"><ele>3.75</ele></trkpt>
   <trkpt lon="7.007907" lat="43.548730"><ele>4.5</ele></trkpt>
   <trkpt lon="7.007867" lat="43.548738"><ele>4.5</ele></trkpt>
   <trkpt lon="7.007711" lat="43.548767"><ele>4.0</ele></trkpt>
   <trkpt lon="7.007566" lat="43.548784"><ele>3.75</ele></trkpt>
   <trkpt lon="7.007528" lat="43.548787"><ele>3.75</ele></trkpt>
   <trkpt lon="7.006288" lat="43.548883"><ele>3.75</ele></trkpt>
   <trkpt lon="7.006142" lat="43.548896"><ele>3.75</ele></trkpt>
   <trkpt lon="7.006042" lat="43.548902"><ele>3.75</ele></trkpt>
   <trkpt lon="7.005740" lat="43.548915"><ele>4.0</ele></trkpt>
   <trkpt lon="7.004985" lat="43.548974"><ele>3.0</ele></trkpt>
   <trkpt lon="7.004716" lat="43.548996"><ele>2.75</ele></trkpt>
   <trkpt lon="7.004261" lat="43.549027"><ele>2.25</ele></trkpt>
   <trkpt lon="7.003967" lat="43.549057"><ele>2.5</ele></trkpt>
   <trkpt lon="7.003894" lat="43.549063"><ele>2.5</ele></trkpt>
   <trkpt lon="7.003802" lat="43.549068"><ele>3.0</ele></trkpt>
   <trkpt lon="7.003735" lat="43.549067"><ele>3.25</ele></trkpt>
   <trkpt lon="7.003456" lat="43.549063"><ele>3.75</ele></trkpt>
   <trkpt lon="7.002865" lat="43.549033"><ele>3.5</ele></trkpt>
   <trkpt lon="7.002061" lat="43.549030"><ele>3.0</ele></trkpt>
   <trkpt lon="7.001722" lat="43.549041"><ele>2.25</ele></trkpt>
   <trkpt lon="7.001699" lat="43.549041"><ele>2.25</ele></trkpt>
   <trkpt lon="7.001272" lat="43.549052"><ele>2.25</ele></trkpt>
   <trkpt lon="7.000626" lat="43.549081"><ele>2.25</ele></trkpt>
   <trkpt lon="7.000106" lat="43.549103"><ele>2.25</ele></trkpt>
   <trkpt lon="6.999095" lat="43.549144"><ele>2.25</ele></trkpt>
   <trkpt lon="6.998499" lat="43.549167"><ele>2.5</ele></trkpt>
   <trkpt lon="6.998416" lat="43.549171"><ele>2.5</ele></trkpt>
   <trkpt lon="6.998300" lat="43.549175"><ele>3.0</ele></trkpt>
   <trkpt lon="6.996519" lat="43.549244"><ele>3.5</ele></trkpt>
   <trkpt lon="6.995715" lat="43.549257"><ele>3.5</ele></trkpt>
   <trkpt lon="6.995376" lat="43.549264"><ele>3.25</ele><sym>right_slight</sym></trkpt>
   <trkpt lon="6.995232" lat="43.549289"><ele>3.25</ele></trkpt>
   <trkpt lon="6.995112" lat="43.549303"><ele>3.25</ele></trkpt>
   <trkpt lon="6.994998" lat="43.549307"><ele>3.5</ele></trkpt>
   <trkpt lon="6.994387" lat="43.549291"><ele>3.0</ele></trkpt>
   <trkpt lon="6.994075" lat="43.549280"><ele>3.25</ele></trkpt>
   <trkpt lon="6.993965" lat="43.549251"><ele>3.25</ele></trkpt>
   <trkpt lon="6.993913" lat="43.549219"><ele>3.0</ele><sym>right_slight</sym></trkpt>
   <trkpt lon="6.993084" lat="43.549175"><ele>3.0</ele></trkpt>
   <trkpt lon="6.992223" lat="43.549131"><ele>3.0</ele></trkpt>
   <trkpt lon="6.990839" lat="43.549055"><ele>3.0</ele><sym>pass_place</sym><type>Shaping</type></trkpt>
   <trkpt lon="6.990837" lat="43.549055"><ele>3.0</ele></trkpt>
   <trkpt lon="6.989319" lat="43.548954"><ele>3.0</ele></trkpt>
   <trkpt lon="6.988881" lat="43.548920"><ele>3.0</ele></trkpt>
   <trkpt lon="6.988472" lat="43.548875"><ele>3.0</ele></trkpt>
   <trkpt lon="6.987652" lat="43.548765"><ele>3.0</ele></trkpt>
   <trkpt lon="6.987256" lat="43.548700"><ele>3.0</ele></trkpt>
   <trkpt lon="6.986179" lat="43.548486"><ele>3.0</ele></trkpt>
   <trkpt lon="6.985840" lat="43.548420"><ele>3.0</ele></trkpt>
   <trkpt lon="6.984919" lat="43.548256"><ele>3.0</ele></trkpt>
   <trkpt lon="6.984062" lat="43.548091"><ele>3.25</ele></trkpt>
   <trkpt lon="6.984035" lat="43.548086"><ele>3.25</ele></trkpt>
   <trkpt lon="6.983990" lat="43.548078"><ele>3.0</ele></trkpt>
   <trkpt lon="6.983722" lat="43.548032"><ele>3.0</ele></trkpt>
   <trkpt lon="6.983376" lat="43.547974"><ele>2.75</ele></trkpt>
   <trkpt lon="6.982579" lat="43.547864"><ele>2.5</ele></trkpt>
   <trkpt lon="6.981841" lat="43.547765"><ele>2.25</ele></trkpt>
   <trkpt lon="6.981725" lat="43.547750"><ele>2.25</ele></trkpt>
   <trkpt lon="6.981630" lat="43.547738"><ele>2.25</ele></trkpt>
   <trkpt lon="6.980547" lat="43.547589"><ele>2.25</ele></trkpt>
   <trkpt lon="6.980461" lat="43.547575"><ele>2.25</ele></trkpt>
   <trkpt lon="6.980330" lat="43.547553"><ele>2.25</ele></trkpt>
   <trkpt lon="6.980285" lat="43.547554"><ele>2.5</ele></trkpt>
   <trkpt lon="6.980238" lat="43.547570"><ele>2.75</ele><sym>roundabout_e2</sym></trkpt>
   <trkpt lon="6.980239" lat="43.547591"><ele>2.75</ele></trkpt>
   <trkpt lon="6.980229" lat="43.547608"><ele>3.0</ele></trkpt>
   <trkpt lon="6.980188" lat="43.547631"><ele>3.25</ele></trkpt>
   <trkpt lon="6.980137" lat="43.547627"><ele>3.25</ele></trkpt>
   <trkpt lon="6.980104" lat="43.547598"><ele>3.0</ele></trkpt>
   <trkpt lon="6.980100" lat="43.547579"><ele>2.75</ele></trkpt>
   <trkpt lon="6.980108" lat="43.547559"><ele>2.5</ele></trkpt>
   <trkpt lon="6.979906" lat="43.547534"><ele>2.5</ele></trkpt>
   <trkpt lon="6.979872" lat="43.547531"><ele>2.5</ele></trkpt>
   <trkpt lon="6.979573" lat="43.547519"><ele>2.5</ele></trkpt>
   <trkpt lon="6.979281" lat="43.547486"><ele>2.5</ele></trkpt>
   <trkpt lon="6.978808" lat="43.547431"><ele>2.5</ele></trkpt>
   <trkpt lon="6.978482" lat="43.547378"><ele>2.5</ele></trkpt>
   <trkpt lon="6.977890" lat="43.547233"><ele>2.5</ele></trkpt>
   <trkpt lon="6.977565" lat="43.547169"><ele>2.5</ele></trkpt>
   <trkpt lon="6.977038" lat="43.547060"><ele>2.5</ele></trkpt>
   <trkpt lon="6.976995" lat="43.547051"><ele>2.5</ele></trkpt>
   <trkpt lon="6.976912" lat="43.547034"><ele>2.5</ele></trkpt>
   <trkpt lon="6.976433" lat="43.546932"><ele>2.5</ele></trkpt>
   <trkpt lon="6.975710" lat="43.546767"><ele>3.0</ele></trkpt>
   <trkpt lon="6.974963" lat="43.546585"><ele>3.0</ele></trkpt>
   <trkpt lon="6.974306" lat="43.546404"><ele>2.75</ele></trkpt>
   <trkpt lon="6.974213" lat="43.546379"><ele>2.75</ele></trkpt>
   <trkpt lon="6.970836" lat="43.545460"><ele>2.0</ele></trkpt>
   <trkpt lon="6.970127" lat="43.545248"><ele>2.0</ele></trkpt>
   <trkpt lon="6.969608" lat="43.545068"><ele>2.0</ele></trkpt>
   <trkpt lon="6.969013" lat="43.544848"><ele>2.0</ele></trkpt>
   <trkpt lon="6.969010" lat="43.544847"><ele>2.0</ele><sym>pass_place</sym><type>Shaping</type></trkpt>
   <trkpt lon="6.968143" lat="43.544505"><ele>2.0</ele></trkpt>
   <trkpt lon="6.967927" lat="43.544420"><ele>2.0</ele></trkpt>
   <trkpt lon="6.967695" lat="43.544343"><ele>2.0</ele></trkpt>
   <trkpt lon="6.967664" lat="43.544336"><ele>2.0</ele><sym>left</sym></trkpt>
   <trkpt lon="6.967674" lat="43.544293"><ele>2.0</ele><sym>right</sym></trkpt>
   <trkpt lon="6.967329" lat="43.544183"><ele>2.25</ele></trkpt>
   <trkpt lon="6.967113" lat="43.544066"><ele>2.25</ele></trkpt>
   <trkpt lon="6.967001" lat="43.544017"><ele>2.25</ele></trkpt>
   <trkpt lon="6.966842" lat="43.543990"><ele>2.5</ele></trkpt>
   <trkpt lon="6.966690" lat="43.543941"><ele>2.75</ele></trkpt>
   <trkpt lon="6.966651" lat="43.543893"><ele>2.5</ele></trkpt>
   <trkpt lon="6.966574" lat="43.543864"><ele>2.5</ele></trkpt>
   <trkpt lon="6.966503" lat="43.543865"><ele>2.5</ele></trkpt>
   <trkpt lon="6.966432" lat="43.543850"><ele>2.5</ele></trkpt>
   <trkpt lon="6.965726" lat="43.543601"><ele>2.25</ele></trkpt>
   <trkpt lon="6.965594" lat="43.543532"><ele>2.5</ele></trkpt>
   <trkpt lon="6.965185" lat="43.543422"><ele>3.0</ele></trkpt>
   <trkpt lon="6.964908" lat="43.543275"><ele>2.5</ele></trkpt>
   <trkpt lon="6.964742" lat="43.543200"><ele>2.75</ele></trkpt>
   <trkpt lon="6.964580" lat="43.543139"><ele>3.0</ele></trkpt>
   <trkpt lon="6.964268" lat="43.543035"><ele>2.75</ele></trkpt>
   <trkpt lon="6.963996" lat="43.542900"><ele>2.75</ele></trkpt>
   <trkpt lon="6.963841" lat="43.542810"><ele>2.75</ele></trkpt>
   <trkpt lon="6.963740" lat="43.542768"><ele>2.75</ele></trkpt>
   <trkpt lon="6.963470" lat="43.542651"><ele>3.0</ele></trkpt>
   <trkpt lon="6.963322" lat="43.542598"><ele>3.0</ele></trkpt>
   <trkpt lon="6.963137" lat="43.542508"><ele>3.0</ele></trkpt>
   <trkpt lon="6.962771" lat="43.542307"><ele>3.0</ele></trkpt>
   <trkpt lon="6.962397" lat="43.542167"><ele>3.0</ele></trkpt>
   <trkpt lon="6.962250" lat="43.542097"><ele>3.0</ele></trkpt>
   <trkpt lon="6.961837" lat="43.541838"><ele>3.0</ele><sym>right</sym></trkpt>
   <trkpt lon="6.961802" lat="43.541815"><ele>3.0</ele></trkpt>
   <trkpt lon="6.961762" lat="43.541872"><ele>3.0</ele></trkpt>
   <trkpt lon="6.961750" lat="43.541890"><ele>3.0</ele><sym>straight</sym></trkpt>
   <trkpt lon="6.961720" lat="43.541932"><ele>3.0</ele><sym>left</sym></trkpt>
   <trkpt lon="6.961327" lat="43.541771"><ele>3.0</ele></trkpt>
   <trkpt lon="6.961282" lat="43.541755"><ele>3.0</ele><sym>roundabout_e2</sym></trkpt>
   <trkpt lon="6.961225" lat="43.541774"><ele>3.0</ele></trkpt>
   <trkpt lon="6.961163" lat="43.541781"><ele>3.0</ele></trkpt>
   <trkpt lon="6.961101" lat="43.541774"><ele>3.0</ele></trkpt>
   <trkpt lon="6.961044" lat="43.541753"><ele>3.0</ele></trkpt>
   <trkpt lon="6.960998" lat="43.541722"><ele>3.0</ele></trkpt>
   <trkpt lon="6.960958" lat="43.541670"><ele>3.25</ele></trkpt>
   <trkpt lon="6.960960" lat="43.541592"><ele>3.25</ele></trkpt>
   <trkpt lon="6.960933" lat="43.541551"><ele>3.0</ele></trkpt>
   <trkpt lon="6.960675" lat="43.541384"><ele>2.75</ele></trkpt>
   <trkpt lon="6.960397" lat="43.541202"><ele>3.25</ele></trkpt>
   <trkpt lon="6.959846" lat="43.540858"><ele>3.25</ele></trkpt>
   <trkpt lon="6.959756" lat="43.540807"><ele>3.25</ele></trkpt>
   <trkpt lon="6.959484" lat="43.540641"><ele>3.25</ele></trkpt>
   <trkpt lon="6.958723" lat="43.540169"><ele>3.25</ele></trkpt>
   <trkpt lon="6.958656" lat="43.540128"><ele>3.25</ele></trkpt>
   <trkpt lon="6.957249" lat="43.539259"><ele>3.0</ele></trkpt>
   <trkpt lon="6.956859" lat="43.539016"><ele>2.5</ele></trkpt>
   <trkpt lon="6.956816" lat="43.538982"><ele>2.5</ele></trkpt>
   <trkpt lon="6.956393" lat="43.538716"><ele>2.75</ele></trkpt>
   <trkpt lon="6.956345" lat="43.538685"><ele>3.0</ele></trkpt>
   <trkpt lon="6.956263" lat="43.538630"><ele>3.0</ele></trkpt>
   <trkpt lon="6.955545" lat="43.538154"><ele>3.0</ele></trkpt>
   <trkpt lon="6.955122" lat="43.537853"><ele>2.5</ele></trkpt>
   <trkpt lon="6.954437" lat="43.537328"><ele>3.0</ele></trkpt>
   <trkpt lon="6.954058" lat="43.537015"><ele>2.5</ele></trkpt>
   <trkpt lon="6.953768" lat="43.536744"><ele>2.75</ele></trkpt>
   <trkpt lon="6.953699" lat="43.536645"><ele>2.75</ele></trkpt>
   <trkpt lon="6.953671" lat="43.536622"><ele>2.75</ele></trkpt>
   <trkpt lon="6.953529" lat="43.536491"><ele>2.5</ele></trkpt>
   <trkpt lon="6.953151" lat="43.536177"><ele>2.5</ele></trkpt>
   <trkpt lon="6.952902" lat="43.535970"><ele>2.5</ele></trkpt>
   <trkpt lon="6.952845" lat="43.535921"><ele>2.5</ele></trkpt>
   <trkpt lon="6.952619" lat="43.535726"><ele>2.5</ele></trkpt>
   <trkpt lon="6.952419" lat="43.535572"><ele>2.5</ele></trkpt>
   <trkpt lon="6.952236" lat="43.535419"><ele>2.0</ele></trkpt>
   <trkpt lon="6.952172" lat="43.535365"><ele>2.0</ele></trkpt>
   <trkpt lon="6.952120" lat="43.535322"><ele>2.0</ele></trkpt>
   <trkpt lon="6.951735" lat="43.534985"><ele>2.5</ele></trkpt>
   <trkpt lon="6.951732" lat="43.534983"><ele>2.75</ele><sym>pass_place</sym><type>Shaping</type></trkpt>
   <trkpt lon="6.951180" lat="43.534477"><ele>2.75</ele></trkpt>
   <trkpt lon="6.951106" lat="43.534397"><ele>2.75</ele></trkpt>
   <trkpt lon="6.950605" lat="43.533908"><ele>2.75</ele></trkpt>
   <trkpt lon="6.950388" lat="43.533700"><ele>2.5</ele></trkpt>
   <trkpt lon="6.949967" lat="43.533256"><ele>2.25</ele></trkpt>
   <trkpt lon="6.949407" lat="43.532664"><ele>2.5</ele></trkpt>
   <trkpt lon="6.948925" lat="43.532097"><ele>2.75</ele></trkpt>
   <trkpt lon="6.948832" lat="43.532003"><ele>2.75</ele></trkpt>
   <trkpt lon="6.948750" lat="43.531934"><ele>2.5</ele></trkpt>
   <trkpt lon="6.948649" lat="43.531865"><ele>2.5</ele></trkpt>
   <trkpt lon="6.948528" lat="43.531798"><ele>3.0</ele></trkpt>
   <trkpt lon="6.948211" lat="43.531650"><ele>3.0</ele></trkpt>
   <trkpt lon="6.948141" lat="43.531598"><ele>2.75</ele></trkpt>
   <trkpt lon="6.948076" lat="43.531537"><ele>2.75</ele></trkpt>
   <trkpt lon="6.947983" lat="43.531427"><ele>3.0</ele></trkpt>
   <trkpt lon="6.947971" lat="43.531404"><ele>3.0</ele></trkpt>
   <trkpt lon="6.947467" lat="43.530310"><ele>4.0</ele></trkpt>
   <trkpt lon="6.947434" lat="43.530225"><ele>4.0</ele></trkpt>
   <trkpt lon="6.947404" lat="43.530195"><ele>3.75</ele></trkpt>
   <trkpt lon="6.947314" lat="43.529981"><ele>3.75</ele></trkpt>
   <trkpt lon="6.947297" lat="43.529930"><ele>3.75</ele></trkpt>
   <trkpt lon="6.947264" lat="43.529775"><ele>3.75</ele></trkpt>
   <trkpt lon="6.947184" lat="43.529579"><ele>3.75</ele></trkpt>
   <trkpt lon="6.946692" lat="43.528689"><ele>2.75</ele></trkpt>
   <trkpt lon="6.946576" lat="43.528490"><ele>2.5</ele></trkpt>
   <trkpt lon="6.946541" lat="43.528427"><ele>2.5</ele></trkpt>
   <trkpt lon="6.946170" lat="43.527864"><ele>2.75</ele></trkpt>
   <trkpt lon="6.945758" lat="43.527328"><ele>3.25</ele></trkpt>
   <trkpt lon="6.945677" lat="43.527224"><ele>3.0</ele></trkpt>
   <trkpt lon="6.945663" lat="43.527208"><ele>3.0</ele></trkpt>
   <trkpt lon="6.945388" lat="43.526869"><ele>3.0</ele></trkpt>
   <trkpt lon="6.945301" lat="43.526802"><ele>2.75</ele></trkpt>
   <trkpt lon="6.944929" lat="43.526335"><ele>2.75</ele></trkpt>
   <trkpt lon="6.944311" lat="43.525705"><ele>2.75</ele></trkpt>
   <trkpt lon="6.943912" lat="43.525279"><ele>3.0</ele></trkpt>
   <trkpt lon="6.943855" lat="43.525218"><ele>3.0</ele></trkpt>
   <trkpt lon="6.943299" lat="43.524650"><ele>3.0</ele></trkpt>
   <trkpt lon="6.943152" lat="43.524517"><ele>3.25</ele></trkpt>
   <trkpt lon="6.942994" lat="43.524394"><ele>3.0</ele></trkpt>
   <trkpt lon="6.942844" lat="43.524323"><ele>2.25</ele></trkpt>
   <trkpt lon="6.942626" lat="43.524217"><ele>4.0</ele></trkpt>
   <trkpt lon="6.942572" lat="43.524190"><ele>4.75</ele></trkpt>
   <trkpt lon="6.942480" lat="43.524140"><ele>6.25</ele></trkpt>
   <trkpt lon="6.942379" lat="43.524074"><ele>7.0</ele></trkpt>
   <trkpt lon="6.942183" lat="43.523976"><ele>8.0</ele></trkpt>
   <trkpt lon="6.941970" lat="43.523870"><ele>8.75</ele></trkpt>
   <trkpt lon="6.941902" lat="43.523835"><ele>9.0</ele></trkpt>
   <trkpt lon="6.941700" lat="43.523733"><ele>10.25</ele></trkpt>
   <trkpt lon="6.941584" lat="43.523627"><ele>10.75</ele></trkpt>
   <trkpt lon="6.941542" lat="43.523568"><ele>11.0</ele></trkpt>
   <trkpt lon="6.941521" lat="43.523524"><ele>11.0</ele></trkpt>
   <trkpt lon="6.941484" lat="43.523378"><ele>11.5</ele></trkpt>
   <trkpt lon="6.941453" lat="43.523194"><ele>12.25</ele><sym>right_slight</sym></trkpt>
   <trkpt lon="6.941348" lat="43.523066"><ele>12.75</ele></trkpt>
   <trkpt lon="6.941298" lat="43.523033"><ele>13.0</ele></trkpt>
   <trkpt lon="6.941216" lat="43.522994"><ele>13.5</ele></trkpt>
   <trkpt lon="6.941022" lat="43.522950"><ele>13.5</ele><sym>right_slight</sym></trkpt>
   <trkpt lon="6.940940" lat="43.522992"><ele>14.25</ele><sym>right_slight</sym></trkpt>
   <trkpt lon="6.940866" lat="43.523058"><ele>14.75</ele></trkpt>
   <trkpt lon="6.940836" lat="43.523125"><ele>14.75</ele></trkpt>
   <trkpt lon="6.940829" lat="43.523190"><ele>15.0</ele></trkpt>
   <trkpt lon="6.940792" lat="43.523240"><ele>15.0</ele><sym>right_slight</sym></trkpt>
   <trkpt lon="6.940795" lat="43.523298"><ele>15.0</ele><sym>u-turn</sym><type>Via</type></trkpt>
   <trkpt lon="6.940792" lat="43.523240"><ele>15.0</ele><sym>stay_right</sym></trkpt>
   <trkpt lon="6.940789" lat="43.523190"><ele>15.0</ele></trkpt>
   <trkpt lon="6.940750" lat="43.522921"><ele>16.5</ele></trkpt>
   <trkpt lon="6.940731" lat="43.522860"><ele>17.25</ele></trkpt>
   <trkpt lon="6.940716" lat="43.522812"><ele>18.0</ele></trkpt>
   <trkpt lon="6.940658" lat="43.522760"><ele>19.25</ele></trkpt>
   <trkpt lon="6.940528" lat="43.522499"><ele>16.5</ele></trkpt>
   <trkpt lon="6.940409" lat="43.522308"><ele>16.5</ele></trkpt>
   <trkpt lon="6.940240" lat="43.522039"><ele>16.25</ele></trkpt>
   <trkpt lon="6.940138" lat="43.521900"><ele>17.5</ele></trkpt>
   <trkpt lon="6.940034" lat="43.521782"><ele>19.0</ele></trkpt>
   <trkpt lon="6.939919" lat="43.521673"><ele>20.0</ele></trkpt>
   <trkpt lon="6.939874" lat="43.521633"><ele>20.0</ele><sym>roundabout_e2</sym></trkpt>
   <trkpt lon="6.939797" lat="43.521621"><ele>20.0</ele></trkpt>
   <trkpt lon="6.939729" lat="43.521592"><ele>20.25</ele></trkpt>
   <trkpt lon="6.939679" lat="43.521548"><ele>20.5</ele></trkpt>
   <trkpt lon="6.939657" lat="43.521512"><ele>20.5</ele></trkpt>
   <trkpt lon="6.939647" lat="43.521473"><ele>20.75</ele></trkpt>
   <trkpt lon="6.939650" lat="43.521433"><ele>20.75</ele></trkpt>
   <trkpt lon="6.939665" lat="43.521395"><ele>20.75</ele></trkpt>
   <trkpt lon="6.939691" lat="43.521361"><ele>21.75</ele></trkpt>
   <trkpt lon="6.939737" lat="43.521326"><ele>22.75</ele></trkpt>
   <trkpt lon="6.939794" lat="43.521302"><ele>23.5</ele></trkpt>
   <trkpt lon="6.939858" lat="43.521290"><ele>24.0</ele></trkpt>
   <trkpt lon="6.939924" lat="43.521292"><ele>24.25</ele></trkpt>
   <trkpt lon="6.940090" lat="43.521189"><ele>25.5</ele></trkpt>
   <trkpt lon="6.940275" lat="43.521075"><ele>25.0</ele></trkpt>
   <trkpt lon="6.940419" lat="43.520908"><ele>26.25</ele></trkpt>
   <trkpt lon="6.940498" lat="43.520780"><ele>26.5</ele></trkpt>
   <trkpt lon="6.940527" lat="43.520715"><ele>26.25</ele></trkpt>
   <trkpt lon="6.940540" lat="43.520652"><ele>26.5</ele></trkpt>
   <trkpt lon="6.940536" lat="43.520539"><ele>27.75</ele></trkpt>
   <trkpt lon="6.940507" lat="43.520418"><ele>28.25</ele></trkpt>
   <trkpt lon="6.940331" lat="43.519909"><ele>28.5</ele></trkpt>
   <trkpt lon="6.940234" lat="43.519701"><ele>32.0</ele></trkpt>
   <trkpt lon="6.940059" lat="43.519414"><ele>33.25</ele></trkpt>
   <trkpt lon="6.940034" lat="43.519370"><ele>33.0</ele></trkpt>
   <trkpt lon="6.940011" lat="43.519331"><ele>33.25</ele></trkpt>
   <trkpt lon="6.939861" lat="43.519072"><ele>32.75</ele></trkpt>
   <trkpt lon="6.939656" lat="43.518743"><ele>30.5</ele></trkpt>
   <trkpt lon="6.939615" lat="43.518672"><ele>29.0</ele></trkpt>
   <trkpt lon="6.939565" lat="43.518614"><ele>27.75</ele></trkpt>
   <trkpt lon="6.939502" lat="43.518561"><ele>27.0</ele></trkpt>
   <trkpt lon="6.939403" lat="43.518510"><ele>27.25</ele></trkpt>
   <trkpt lon="6.939179" lat="43.518415"><ele>28.5</ele></trkpt>
   <trkpt lon="6.939032" lat="43.518335"><ele>27.5</ele></trkpt>
   <trkpt lon="6.938902" lat="43.518248"><ele>26.75</ele></trkpt>
   <trkpt lon="6.938723" lat="43.518112"><ele>25.5</ele></trkpt>
   <trkpt lon="6.938609" lat="43.518050"><ele>23.75</ele></trkpt>
   <trkpt lon="6.938417" lat="43.517984"><ele>22.75</ele></trkpt>
   <trkpt lon="6.938256" lat="43.517948"><ele>21.5</ele></trkpt>
   <trkpt lon="6.938019" lat="43.517912"><ele>20.25</ele></trkpt>
   <trkpt lon="6.937457" lat="43.517882"><ele>19.75</ele></trkpt>
   <trkpt lon="6.937348" lat="43.517866"><ele>20.0</ele></trkpt>
   <trkpt lon="6.937125" lat="43.517814"><ele>17.75</ele></trkpt>
   <trkpt lon="6.937019" lat="43.517780"><ele>15.25</ele></trkpt>
   <trkpt lon="6.936925" lat="43.517771"><ele>14.5</ele></trkpt>
   <trkpt lon="6.936771" lat="43.517773"><ele>13.5</ele></trkpt>
   <trkpt lon="6.935918" lat="43.517835"><ele>13.25</ele></trkpt>
   <trkpt lon="6.935758" lat="43.517833"><ele>12.5</ele></trkpt>
   <trkpt lon="6.935672" lat="43.517823"><ele>12.0</ele></trkpt>
   <trkpt lon="6.935586" lat="43.517799"><ele>11.0</ele></trkpt>
   <trkpt lon="6.935491" lat="43.517760"><ele>10.75</ele></trkpt>
   <trkpt lon="6.935392" lat="43.517678"><ele>10.5</ele></trkpt>
   <trkpt lon="6.935336" lat="43.517607"><ele>10.5</ele></trkpt>
   <trkpt lon="6.935306" lat="43.517526"><ele>10.25</ele></trkpt>
   <trkpt lon="6.935305" lat="43.517450"><ele>10.25</ele></trkpt>
   <trkpt lon="6.935363" lat="43.517312"><ele>10.0</ele></trkpt>
   <trkpt lon="6.935425" lat="43.517241"><ele>10.0</ele></trkpt>
   <trkpt lon="6.935517" lat="43.517181"><ele>12.25</ele></trkpt>
   <trkpt lon="6.935813" lat="43.517036"><ele>14.25</ele></trkpt>
   <trkpt lon="6.935936" lat="43.516977"><ele>14.75</ele></trkpt>
   <trkpt lon="6.936040" lat="43.516920"><ele>15.5</ele></trkpt>
   <trkpt lon="6.936328" lat="43.516777"><ele>16.5</ele></trkpt>
   <trkpt lon="6.936770" lat="43.516641"><ele>18.75</ele></trkpt>
   <trkpt lon="6.937042" lat="43.516539"><ele>21.0</ele></trkpt>
   <trkpt lon="6.937173" lat="43.516479"><ele>20.75</ele></trkpt>
   <trkpt lon="6.937429" lat="43.516319"><ele>21.0</ele></trkpt>
   <trkpt lon="6.937491" lat="43.516287"><ele>19.5</ele></trkpt>
   <trkpt lon="6.937665" lat="43.516206"><ele>19.75</ele></trkpt>
   <trkpt lon="6.937767" lat="43.516139"><ele>22.0</ele></trkpt>
   <trkpt lon="6.937820" lat="43.516067"><ele>21.5</ele></trkpt>
   <trkpt lon="6.937837" lat="43.515993"><ele>20.5</ele></trkpt>
   <trkpt lon="6.937827" lat="43.515913"><ele>20.25</ele></trkpt>
   <trkpt lon="6.937801" lat="43.515839"><ele>21.0</ele></trkpt>
   <trkpt lon="6.937477" lat="43.515355"><ele>19.5</ele></trkpt>
   <trkpt lon="6.937311" lat="43.515148"><ele>19.5</ele></trkpt>
   <trkpt lon="6.937100" lat="43.514992"><ele>17.75</ele></trkpt>
   <trkpt lon="6.937056" lat="43.514943"><ele>17.25</ele></trkpt>
   <trkpt lon="6.937022" lat="43.514885"><ele>17.0</ele></trkpt>
   <trkpt lon="6.936937" lat="43.514114"><ele>17.0</ele></trkpt>
   <trkpt lon="6.936950" lat="43.513796"><ele>17.0</ele></trkpt>
   <trkpt lon="6.936992" lat="43.513686"><ele>17.0</ele></trkpt>
   <trkpt lon="6.937085" lat="43.513527"><ele>17.0</ele></trkpt>
   <trkpt lon="6.937127" lat="43.513421"><ele>17.0</ele></trkpt>
   <trkpt lon="6.937134" lat="43.513360"><ele>17.25</ele></trkpt>
   <trkpt lon="6.937121" lat="43.513270"><ele>17.0</ele></trkpt>
   <trkpt lon="6.937113" lat="43.513190"><ele>16.5</ele></trkpt>
   <trkpt lon="6.936996" lat="43.512568"><ele>17.25</ele></trkpt>
   <trkpt lon="6.936992" lat="43.512472"><ele>17.75</ele></trkpt>
   <trkpt lon="6.937016" lat="43.512403"><ele>18.0</ele></trkpt>
   <trkpt lon="6.937064" lat="43.512347"><ele>17.5</ele></trkpt>
   <trkpt lon="6.937151" lat="43.512276"><ele>17.5</ele></trkpt>
   <trkpt lon="6.937319" lat="43.512179"><ele>17.75</ele></trkpt>
   <trkpt lon="6.937356" lat="43.512146"><ele>17.5</ele></trkpt>
   <trkpt lon="6.937410" lat="43.512069"><ele>17.0</ele></trkpt>
   <trkpt lon="6.937434" lat="43.511991"><ele>17.0</ele></trkpt>
   <trkpt lon="6.937438" lat="43.511909"><ele>17.0</ele></trkpt>
   <trkpt lon="6.937439" lat="43.511866"><ele>17.0</ele></trkpt>
   <trkpt lon="6.937442" lat="43.511511"><ele>15.5</ele></trkpt>
   <trkpt lon="6.937422" lat="43.511398"><ele>15.25</ele><sym>pass_place</sym><type>Shaping</type></trkpt>
   <trkpt lon="6.937359" lat="43.511249"><ele>13.75</ele></trkpt>
   <trkpt lon="6.937250" lat="43.511034"><ele>11.5</ele></trkpt>
   <trkpt lon="6.937190" lat="43.510935"><ele>10.5</ele></trkpt>
   <trkpt lon="6.936964" lat="43.510736"><ele>10.5</ele></trkpt>
   <trkpt lon="6.936883" lat="43.510665"><ele>11.25</ele></trkpt>
   <trkpt lon="6.936844" lat="43.510617"><ele>11.5</ele></trkpt>
   <trkpt lon="6.936825" lat="43.510569"><ele>11.25</ele></trkpt>
   <trkpt lon="6.936833" lat="43.510475"><ele>11.75</ele></trkpt>
   <trkpt lon="6.936857" lat="43.510394"><ele>12.25</ele></trkpt>
   <trkpt lon="6.937047" lat="43.509991"><ele>9.0</ele></trkpt>
   <trkpt lon="6.937207" lat="43.509744"><ele>8.75</ele></trkpt>
   <trkpt lon="6.937259" lat="43.509636"><ele>8.75</ele></trkpt>
   <trkpt lon="6.937276" lat="43.509531"><ele>9.25</ele></trkpt>
   <trkpt lon="6.937266" lat="43.509304"><ele>10.25</ele></trkpt>
   <trkpt lon="6.937277" lat="43.509222"><ele>9.75</ele></trkpt>
   <trkpt lon="6.937316" lat="43.509133"><ele>9.5</ele></trkpt>
   <trkpt lon="6.937540" lat="43.508770"><ele>9.5</ele></trkpt>
   <trkpt lon="6.937579" lat="43.508708"><ele>9.5</ele></trkpt>
   <trkpt lon="6.937688" lat="43.508523"><ele>9.25</ele></trkpt>
   <trkpt lon="6.937816" lat="43.508319"><ele>9.75</ele></trkpt>
   <trkpt lon="6.937870" lat="43.508262"><ele>10.5</ele></trkpt>
   <trkpt lon="6.937912" lat="43.508229"><ele>10.5</ele></trkpt>
   <trkpt lon="6.937948" lat="43.508205"><ele>10.5</ele></trkpt>
   <trkpt lon="6.938026" lat="43.508175"><ele>9.75</ele></trkpt>
   <trkpt lon="6.938127" lat="43.508151"><ele>9.75</ele></trkpt>
   <trkpt lon="6.938508" lat="43.508077"><ele>10.25</ele></trkpt>
   <trkpt lon="6.938671" lat="43.508034"><ele>11.0</ele></trkpt>
   <trkpt lon="6.938835" lat="43.507981"><ele>11.75</ele></trkpt>
   <trkpt lon="6.939125" lat="43.507889"><ele>11.5</ele></trkpt>
   <trkpt lon="6.939226" lat="43.507868"><ele>11.25</ele></trkpt>
   <trkpt lon="6.940353" lat="43.507746"><ele>9.25</ele></trkpt>
   <trkpt lon="6.940542" lat="43.507725"><ele>9.5</ele></trkpt>
   <trkpt lon="6.940935" lat="43.507657"><ele>9.5</ele></trkpt>
   <trkpt lon="6.941280" lat="43.507583"><ele>6.75</ele></trkpt>
   <trkpt lon="6.941487" lat="43.507524"><ele>4.25</ele></trkpt>
   <trkpt lon="6.941622" lat="43.507468"><ele>3.25</ele></trkpt>
   <trkpt lon="6.941691" lat="43.507430"><ele>2.75</ele></trkpt>
   <trkpt lon="6.941779" lat="43.507370"><ele>2.75</ele></trkpt>
   <trkpt lon="6.941864" lat="43.507305"><ele>2.75</ele></trkpt>
   <trkpt lon="6.942016" lat="43.507159"><ele>2.5</ele></trkpt>
   <trkpt lon="6.942093" lat="43.507079"><ele>2.25</ele></trkpt>
   <trkpt lon="6.942136" lat="43.507023"><ele>2.5</ele></trkpt>
   <trkpt lon="6.942153" lat="43.506937"><ele>3.0</ele></trkpt>
   <trkpt lon="6.942156" lat="43.506911"><ele>3.5</ele></trkpt>
   <trkpt lon="6.942145" lat="43.506864"><ele>4.0</ele></trkpt>
   <trkpt lon="6.942112" lat="43.506803"><ele>4.75</ele></trkpt>
   <trkpt lon="6.942081" lat="43.506768"><ele>5.0</ele></trkpt>
   <trkpt lon="6.942002" lat="43.506717"><ele>5.0</ele></trkpt>
   <trkpt lon="6.941849" lat="43.506645"><ele>5.75</ele></trkpt>
   <trkpt lon="6.941660" lat="43.506566"><ele>7.0</ele></trkpt>
   <trkpt lon="6.941156" lat="43.506348"><ele>10.25</ele></trkpt>
   <trkpt lon="6.940708" lat="43.506142"><ele>11.75</ele></trkpt>
   <trkpt lon="6.940602" lat="43.506078"><ele>11.75</ele></trkpt>
   <trkpt lon="6.940361" lat="43.505832"><ele>14.75</ele></trkpt>
   <trkpt lon="6.940190" lat="43.505606"><ele>15.0</ele></trkpt>
   <trkpt lon="6.939879" lat="43.505268"><ele>15.5</ele></trkpt>
   <trkpt lon="6.939658" lat="43.505061"><ele>16.75</ele></trkpt>
   <trkpt lon="6.939214" lat="43.504698"><ele>18.75</ele></trkpt>
   <trkpt lon="6.938961" lat="43.504518"><ele>18.75</ele></trkpt>
   <trkpt lon="6.938620" lat="43.504364"><ele>18.5</ele></trkpt>
   <trkpt lon="6.938587" lat="43.504343"><ele>18.25</ele></trkpt>
   <trkpt lon="6.938534" lat="43.504266"><ele>19.0</ele></trkpt>
   <trkpt lon="6.938541" lat="43.504218"><ele>20.25</ele><sym>roundabout_e1</sym></trkpt>
   <trkpt lon="6.938525" lat="43.504210"><ele>20.25</ele></trkpt>
   <trkpt lon="6.938507" lat="43.504184"><ele>20.75</ele></trkpt>
   <trkpt lon="6.938514" lat="43.504155"><ele>21.25</ele></trkpt>
   <trkpt lon="6.938526" lat="43.504143"><ele>21.75</ele></trkpt>
   <trkpt lon="6.938558" lat="43.504131"><ele>22.0</ele></trkpt>
   <trkpt lon="6.938610" lat="43.504140"><ele>22.25</ele></trkpt>
   <trkpt lon="6.938679" lat="43.504126"><ele>23.25</ele></trkpt>
   <trkpt lon="6.938753" lat="43.504128"><ele>24.25</ele></trkpt>
   <trkpt lon="6.938839" lat="43.504179"><ele>23.25</ele></trkpt>
   <trkpt lon="6.938930" lat="43.504288"><ele>23.5</ele></trkpt>
   <trkpt lon="6.939051" lat="43.504410"><ele>23.75</ele></trkpt>
   <trkpt lon="6.939159" lat="43.504485"><ele>23.5</ele></trkpt>
   <trkpt lon="6.939559" lat="43.504721"><ele>26.75</ele></trkpt>
   <trkpt lon="6.939767" lat="43.504885"><ele>26.75</ele></trkpt>
   <trkpt lon="6.940164" lat="43.505242"><ele>28.25</ele></trkpt>
   <trkpt lon="6.940374" lat="43.505430"><ele>29.75</ele></trkpt>
   <trkpt lon="6.940382" lat="43.505437"><ele>29.75</ele></trkpt>
   <trkpt lon="6.940402" lat="43.505455"><ele>29.75</ele></trkpt>
   <trkpt lon="6.940873" lat="43.505861"><ele>32.25</ele></trkpt>
   <trkpt lon="6.940985" lat="43.505915"><ele>32.0</ele><sym>pass_place</sym><type>Shaping</type></trkpt>
   <trkpt lon="6.941140" lat="43.505933"><ele>34.25</ele></trkpt>
   <trkpt lon="6.941247" lat="43.505915"><ele>34.25</ele></trkpt>
   <trkpt lon="6.941337" lat="43.505877"><ele>35.0</ele></trkpt>
   <trkpt lon="6.941489" lat="43.505795"><ele>35.75</ele></trkpt>
   <trkpt lon="6.941597" lat="43.505746"><ele>35.5</ele></trkpt>
   <trkpt lon="6.941722" lat="43.505735"><ele>35.0</ele></trkpt>
   <trkpt lon="6.941861" lat="43.505755"><ele>36.75</ele></trkpt>
   <trkpt lon="6.941960" lat="43.505794"><ele>38.25</ele></trkpt>
   <trkpt lon="6.942046" lat="43.505848"><ele>40.25</ele></trkpt>
   <trkpt lon="6.942243" lat="43.506066"><ele>40.25</ele></trkpt>
   <trkpt lon="6.942327" lat="43.506121"><ele>40.25</ele></trkpt>
   <trkpt lon="6.942449" lat="43.506173"><ele>41.0</ele></trkpt>
   <trkpt lon="6.943079" lat="43.506349"><ele>40.75</ele></trkpt>
   <trkpt lon="6.943150" lat="43.506356"><ele>38.75</ele></trkpt>
   <trkpt lon="6.943215" lat="43.506352"><ele>37.75</ele></trkpt>
   <trkpt lon="6.943275" lat="43.506339"><ele>37.5</ele></trkpt>
   <trkpt lon="6.943406" lat="43.506281"><ele>38.5</ele></trkpt>
   <trkpt lon="6.943507" lat="43.506217"><ele>40.0</ele></trkpt>
   <trkpt lon="6.943695" lat="43.506109"><ele>43.5</ele></trkpt>
   <trkpt lon="6.943814" lat="43.506061"><ele>46.0</ele></trkpt>
   <trkpt lon="6.943970" lat="43.506026"><ele>47.75</ele></trkpt>
   <trkpt lon="6.944741" lat="43.505885"><ele>49.25</ele></trkpt>
   <trkpt lon="6.944874" lat="43.505860"><ele>49.5</ele></trkpt>
   <trkpt lon="6.945032" lat="43.505824"><ele>49.75</ele></trkpt>
   <trkpt lon="6.945177" lat="43.505761"><ele>49.75</ele></trkpt>
   <trkpt lon="6.945272" lat="43.505701"><ele>50.25</ele></trkpt>
   <trkpt lon="6.946001" lat="43.505289"><ele>55.75</ele></trkpt>
   <trkpt lon="6.946108" lat="43.505243"><ele>55.25</ele></trkpt>
   <trkpt lon="6.946197" lat="43.505218"><ele>56.25</ele></trkpt>
   <trkpt lon="6.946294" lat="43.505204"><ele>57.5</ele></trkpt>
   <trkpt lon="6.946437" lat="43.505201"><ele>58.5</ele></trkpt>
   <trkpt lon="6.947342" lat="43.505267"><ele>57.25</ele></trkpt>
   <trkpt lon="6.947718" lat="43.505295"><ele>59.25</ele></trkpt>
   <trkpt lon="6.947818" lat="43.505297"><ele>59.5</ele></trkpt>
   <trkpt lon="6.947901" lat="43.505292"><ele>59.5</ele></trkpt>
   <trkpt lon="6.947986" lat="43.505278"><ele>60.0</ele></trkpt>
   <trkpt lon="6.948074" lat="43.505255"><ele>61.0</ele></trkpt>
   <trkpt lon="6.948142" lat="43.505227"><ele>60.75</ele></trkpt>
   <trkpt lon="6.948269" lat="43.505143"><ele>61.5</ele></trkpt>
   <trkpt lon="6.948389" lat="43.505042"><ele>62.5</ele></trkpt>
   <trkpt lon="6.948760" lat="43.504689"><ele>68.25</ele></trkpt>
   <trkpt lon="6.948871" lat="43.504630"><ele>68.25</ele></trkpt>
   <trkpt lon="6.948967" lat="43.504610"><ele>68.5</ele></trkpt>
   <trkpt lon="6.949142" lat="43.504623"><ele>66.75</ele></trkpt>
   <trkpt lon="6.949228" lat="43.504653"><ele>66.75</ele></trkpt>
   <trkpt lon="6.949288" lat="43.504691"><ele>66.75</ele></trkpt>
   <trkpt lon="6.949532" lat="43.504891"><ele>67.5</ele></trkpt>
   <trkpt lon="6.949701" lat="43.504997"><ele>67.5</ele></trkpt>
   <trkpt lon="6.949763" lat="43.505017"><ele>67.0</ele></trkpt>
   <trkpt lon="6.949841" lat="43.505028"><ele>67.0</ele></trkpt>
   <trkpt lon="6.950178" lat="43.505021"><ele>69.0</ele></trkpt>
   <trkpt lon="6.950866" lat="43.504998"><ele>73.0</ele></trkpt>
   <trkpt lon="6.951418" lat="43.505022"><ele>73.0</ele></trkpt>
   <trkpt lon="6.951959" lat="43.505090"><ele>74.75</ele></trkpt>
   <trkpt lon="6.952134" lat="43.505082"><ele>75.5</ele></trkpt>
   <trkpt lon="6.952262" lat="43.505052"><ele>76.75</ele></trkpt>
   <trkpt lon="6.952326" lat="43.505029"><ele>77.0</ele></trkpt>
   <trkpt lon="6.953122" lat="43.504577"><ele>80.25</ele></trkpt>
   <trkpt lon="6.953274" lat="43.504457"><ele>80.5</ele></trkpt>
   <trkpt lon="6.953387" lat="43.504309"><ele>79.75</ele></trkpt>
   <trkpt lon="6.953475" lat="43.504129"><ele>80.5</ele></trkpt>
   <trkpt lon="6.953492" lat="43.503961"><ele>80.75</ele></trkpt>
   <trkpt lon="6.953450" lat="43.503706"><ele>83.0</ele></trkpt>
   <trkpt lon="6.953445" lat="43.503575"><ele>84.0</ele></trkpt>
   <trkpt lon="6.953456" lat="43.503291"><ele>86.0</ele></trkpt>
   <trkpt lon="6.953437" lat="43.503166"><ele>86.5</ele></trkpt>
   <trkpt lon="6.953411" lat="43.503049"><ele>87.25</ele></trkpt>
   <trkpt lon="6.953345" lat="43.502932"><ele>87.5</ele></trkpt>
   <trkpt lon="6.953224" lat="43.502801"><ele>89.75</ele></trkpt>
   <trkpt lon="6.953059" lat="43.502649"><ele>94.0</ele></trkpt>
   <trkpt lon="6.953005" lat="43.502574"><ele>93.25</ele></trkpt>
   <trkpt lon="6.953000" lat="43.502492"><ele>90.75</ele></trkpt>
   <trkpt lon="6.953022" lat="43.502409"><ele>92.0</ele></trkpt>
   <trkpt lon="6.953245" lat="43.502124"><ele>90.0</ele></trkpt>
   <trkpt lon="6.953329" lat="43.501912"><ele>93.0</ele></trkpt>
   <trkpt lon="6.953335" lat="43.501781"><ele>92.75</ele></trkpt>
   <trkpt lon="6.953280" lat="43.501605"><ele>94.0</ele></trkpt>
   <trkpt lon="6.953071" lat="43.501220"><ele>95.75</ele></trkpt>
   <trkpt lon="6.953055" lat="43.501196"><ele>96.25</ele></trkpt>
   <trkpt lon="6.953026" lat="43.501151"><ele>97.0</ele><sym>pass_place</sym><type>Shaping</type></trkpt>
   <trkpt lon="6.952964" lat="43.501062"><ele>97.0</ele></trkpt>
   <trkpt lon="6.952763" lat="43.500791"><ele>96.25</ele></trkpt>
   <trkpt lon="6.952482" lat="43.500456"><ele>95.75</ele></trkpt>
   <trkpt lon="6.952321" lat="43.500299"><ele>95.75</ele></trkpt>
   <trkpt lon="6.952151" lat="43.500178"><ele>95.75</ele></trkpt>
   <trkpt lon="6.952011" lat="43.500092"><ele>96.75</ele></trkpt>
   <trkpt lon="6.951704" lat="43.499937"><ele>95.5</ele></trkpt>
   <trkpt lon="6.951491" lat="43.499830"><ele>96.25</ele></trkpt>
   <trkpt lon="6.951393" lat="43.499747"><ele>95.0</ele></trkpt>
   <trkpt lon="6.951353" lat="43.499664"><ele>95.5</ele></trkpt>
   <trkpt lon="6.951338" lat="43.499541"><ele>96.0</ele></trkpt>
   <trkpt lon="6.951338" lat="43.499405"><ele>95.25</ele></trkpt>
   <trkpt lon="6.951314" lat="43.499295"><ele>94.25</ele></trkpt>
   <trkpt lon="6.951199" lat="43.499140"><ele>94.5</ele></trkpt>
   <trkpt lon="6.950599" lat="43.498749"><ele>95.0</ele></trkpt>
   <trkpt lon="6.950462" lat="43.498687"><ele>95.0</ele></trkpt>
   <trkpt lon="6.950255" lat="43.498648"><ele>95.25</ele></trkpt>
   <trkpt lon="6.950096" lat="43.498651"><ele>95.0</ele></trkpt>
   <trkpt lon="6.949913" lat="43.498666"><ele>95.25</ele></trkpt>
   <trkpt lon="6.949782" lat="43.498665"><ele>94.5</ele></trkpt>
   <trkpt lon="6.949671" lat="43.498641"><ele>94.0</ele></trkpt>
   <trkpt lon="6.949508" lat="43.498557"><ele>95.0</ele></trkpt>
   <trkpt lon="6.949396" lat="43.498431"><ele>96.5</ele></trkpt>
   <trkpt lon="6.949203" lat="43.498101"><ele>94.25</ele></trkpt>
   <trkpt lon="6.949114" lat="43.497976"><ele>93.75</ele></trkpt>
   <trkpt lon="6.949014" lat="43.497883"><ele>94.25</ele></trkpt>
   <trkpt lon="6.948699" lat="43.497708"><ele>92.25</ele></trkpt>
   <trkpt lon="6.948365" lat="43.497521"><ele>93.0</ele></trkpt>
   <trkpt lon="6.947583" lat="43.497120"><ele>93.75</ele></trkpt>
   <trkpt lon="6.947524" lat="43.497086"><ele>94.0</ele></trkpt>
   <trkpt lon="6.947471" lat="43.497061"><ele>94.5</ele></trkpt>
   <trkpt lon="6.947101" lat="43.496865"><ele>95.5</ele></trkpt>
   <trkpt lon="6.946708" lat="43.496660"><ele>91.5</ele></trkpt>
   <trkpt lon="6.946610" lat="43.496557"><ele>90.25</ele></trkpt>
   <trkpt lon="6.946533" lat="43.496451"><ele>89.75</ele></trkpt>
   <trkpt lon="6.946478" lat="43.496184"><ele>88.75</ele></trkpt>
   <trkpt lon="6.946433" lat="43.496078"><ele>88.75</ele></trkpt>
   <trkpt lon="6.946346" lat="43.495996"><ele>88.25</ele></trkpt>
   <trkpt lon="6.946240" lat="43.495932"><ele>88.5</ele></trkpt>
   <trkpt lon="6.946041" lat="43.495875"><ele>90.0</ele></trkpt>
   <trkpt lon="6.945412" lat="43.495859"><ele>92.0</ele></trkpt>
   <trkpt lon="6.945266" lat="43.495837"><ele>91.0</ele></trkpt>
   <trkpt lon="6.945145" lat="43.495789"><ele>90.25</ele></trkpt>
   <trkpt lon="6.945067" lat="43.495723"><ele>90.0</ele></trkpt>
   <trkpt lon="6.945024" lat="43.495642"><ele>90.25</ele></trkpt>
   <trkpt lon="6.945018" lat="43.495566"><ele>90.25</ele></trkpt>
   <trkpt lon="6.945111" lat="43.495206"><ele>89.75</ele></trkpt>
   <trkpt lon="6.945121" lat="43.495081"><ele>89.75</ele></trkpt>
   <trkpt lon="6.945078" lat="43.494956"><ele>90.25</ele></trkpt>
   <trkpt lon="6.945002" lat="43.494827"><ele>90.25</ele></trkpt>
   <trkpt lon="6.944871" lat="43.494712"><ele>91.25</ele></trkpt>
   <trkpt lon="6.944582" lat="43.494513"><ele>91.25</ele></trkpt>
   <trkpt lon="6.944486" lat="43.494405"><ele>90.25</ele></trkpt>
   <trkpt lon="6.944463" lat="43.494297"><ele>90.5</ele></trkpt>
   <trkpt lon="6.944507" lat="43.494161"><ele>89.5</ele></trkpt>
   <trkpt lon="6.944576" lat="43.494060"><ele>90.25</ele></trkpt>
   <trkpt lon="6.944980" lat="43.493643"><ele>89.25</ele></trkpt>
   <trkpt lon="6.945045" lat="43.493513"><ele>89.25</ele></trkpt>
   <trkpt lon="6.945162" lat="43.493236"><ele>89.75</ele></trkpt>
   <trkpt lon="6.945215" lat="43.493045"><ele>89.25</ele></trkpt>
   <trkpt lon="6.945226" lat="43.492926"><ele>89.25</ele></trkpt>
   <trkpt lon="6.945210" lat="43.492831"><ele>89.75</ele></trkpt>
   <trkpt lon="6.945184" lat="43.492741"><ele>89.5</ele></trkpt>
   <trkpt lon="6.945127" lat="43.492639"><ele>88.0</ele></trkpt>
   <trkpt lon="6.945048" lat="43.492535"><ele>87.5</ele></trkpt>
   <trkpt lon="6.944955" lat="43.492467"><ele>87.25</ele></trkpt>
   <trkpt lon="6.944836" lat="43.492398"><ele>87.0</ele></trkpt>
   <trkpt lon="6.944167" lat="43.492178"><ele>87.0</ele></trkpt>
   <trkpt lon="6.943715" lat="43.492036"><ele>88.5</ele></trkpt>
   <trkpt lon="6.943493" lat="43.491975"><ele>87.75</ele></trkpt>
   <trkpt lon="6.943406" lat="43.491921"><ele>87.0</ele></trkpt>
   <trkpt lon="6.943082" lat="43.491602"><ele>86.5</ele></trkpt>
   <trkpt lon="6.942959" lat="43.491519"><ele>87.25</ele></trkpt>
   <trkpt lon="6.942889" lat="43.491409"><ele>86.25</ele></trkpt>
   <trkpt lon="6.942845" lat="43.491302"><ele>86.5</ele></trkpt>
   <trkpt lon="6.942807" lat="43.490916"><ele>85.5</ele></trkpt>
   <trkpt lon="6.942749" lat="43.490824"><ele>86.25</ele></trkpt>
   <trkpt lon="6.942476" lat="43.490575"><ele>86.75</ele></trkpt>
   <trkpt lon="6.942455" lat="43.490521"><ele>86.5</ele></trkpt>
   <trkpt lon="6.942455" lat="43.490460"><ele>86.5</ele></trkpt>
   <trkpt lon="6.942463" lat="43.490410"><ele>86.5</ele></trkpt>
   <trkpt lon="6.942496" lat="43.490359"><ele>86.0</ele></trkpt>
   <trkpt lon="6.942549" lat="43.490312"><ele>85.5</ele></trkpt>
   <trkpt lon="6.942635" lat="43.490268"><ele>85.75</ele></trkpt>
   <trkpt lon="6.943051" lat="43.490110"><ele>85.0</ele></trkpt>
   <trkpt lon="6.943228" lat="43.489991"><ele>85.5</ele></trkpt>
   <trkpt lon="6.943432" lat="43.489816"><ele>86.0</ele></trkpt>
   <trkpt lon="6.943605" lat="43.489667"><ele>85.75</ele><sym>pass_place</sym><type>Shaping</type></trkpt>
   <trkpt lon="6.943607" lat="43.489666"><ele>85.75</ele></trkpt>
   <trkpt lon="6.944039" lat="43.489267"><ele>84.75</ele></trkpt>
   <trkpt lon="6.944129" lat="43.489154"><ele>85.25</ele></trkpt>
   <trkpt lon="6.944187" lat="43.489041"><ele>83.5</ele></trkpt>
   <trkpt lon="6.944340" lat="43.488613"><ele>84.5</ele></trkpt>
   <trkpt lon="6.944362" lat="43.488407"><ele>84.75</ele></trkpt>
   <trkpt lon="6.944320" lat="43.488111"><ele>83.5</ele></trkpt>
   <trkpt lon="6.944284" lat="43.487954"><ele>84.0</ele></trkpt>
   <trkpt lon="6.944282" lat="43.487796"><ele>83.75</ele></trkpt>
   <trkpt lon="6.944310" lat="43.487700"><ele>83.25</ele></trkpt>
   <trkpt lon="6.944377" lat="43.487621"><ele>82.5</ele></trkpt>
   <trkpt lon="6.944418" lat="43.487601"><ele>82.25</ele></trkpt>
   <trkpt lon="6.944446" lat="43.487587"><ele>82.25</ele></trkpt>
   <trkpt lon="6.944518" lat="43.487569"><ele>82.25</ele></trkpt>
   <trkpt lon="6.944617" lat="43.487562"><ele>82.0</ele></trkpt>
   <trkpt lon="6.944873" lat="43.487584"><ele>80.5</ele></trkpt>
   <trkpt lon="6.945097" lat="43.487606"><ele>79.25</ele></trkpt>
   <trkpt lon="6.945266" lat="43.487615"><ele>79.5</ele></trkpt>
   <trkpt lon="6.945489" lat="43.487606"><ele>79.5</ele></trkpt>
   <trkpt lon="6.946145" lat="43.487507"><ele>76.25</ele></trkpt>
   <trkpt lon="6.946537" lat="43.487433"><ele>74.75</ele></trkpt>
   <trkpt lon="6.946695" lat="43.487378"><ele>73.5</ele></trkpt>
   <trkpt lon="6.946837" lat="43.487313"><ele>72.5</ele></trkpt>
   <trkpt lon="6.947009" lat="43.487205"><ele>67.0</ele></trkpt>
   <trkpt lon="6.947105" lat="43.487116"><ele>63.5</ele></trkpt>
   <trkpt lon="6.947154" lat="43.487011"><ele>67.75</ele></trkpt>
   <trkpt lon="6.947208" lat="43.486839"><ele>69.5</ele></trkpt>
   <trkpt lon="6.947256" lat="43.486637"><ele>68.75</ele></trkpt>
   <trkpt lon="6.947255" lat="43.486540"><ele>66.25</ele></trkpt>
   <trkpt lon="6.947230" lat="43.486457"><ele>64.75</ele></trkpt>
   <trkpt lon="6.947182" lat="43.486392"><ele>67.0</ele></trkpt>
   <trkpt lon="6.947070" lat="43.486301"><ele>66.5</ele></trkpt>
   <trkpt lon="6.946292" lat="43.486014"><ele>63.75</ele></trkpt>
   <trkpt lon="6.945975" lat="43.485945"><ele>63.0</ele></trkpt>
   <trkpt lon="6.945799" lat="43.485928"><ele>62.25</ele></trkpt>
   <trkpt lon="6.945498" lat="43.485933"><ele>61.75</ele></trkpt>
   <trkpt lon="6.945252" lat="43.485966"><ele>62.0</ele></trkpt>
   <trkpt lon="6.944986" lat="43.486029"><ele>61.25</ele></trkpt>
   <trkpt lon="6.944745" lat="43.486133"><ele>60.0</ele></trkpt>
   <trkpt lon="6.944600" lat="43.486213"><ele>59.5</ele></trkpt>
   <trkpt lon="6.944460" lat="43.486314"><ele>58.25</ele></trkpt>
   <trkpt lon="6.944243" lat="43.486512"><ele>59.25</ele></trkpt>
   <trkpt lon="6.944091" lat="43.486634"><ele>58.25</ele></trkpt>
   <trkpt lon="6.944040" lat="43.486662"><ele>58.0</ele></trkpt>
   <trkpt lon="6.943952" lat="43.486700"><ele>57.75</ele></trkpt>
   <trkpt lon="6.943779" lat="43.486742"><ele>57.5</ele></trkpt>
   <trkpt lon="6.943479" lat="43.486746"><ele>57.5</ele></trkpt>
   <trkpt lon="6.943305" lat="43.486735"><ele>57.75</ele></trkpt>
   <trkpt lon="6.943219" lat="43.486717"><ele>57.5</ele></trkpt>
   <trkpt lon="6.943077" lat="43.486665"><ele>56.75</ele></trkpt>
   <trkpt lon="6.942913" lat="43.486614"><ele>56.0</ele></trkpt>
   <trkpt lon="6.942796" lat="43.486591"><ele>56.0</ele></trkpt>
   <trkpt lon="6.942627" lat="43.486578"><ele>55.25</ele></trkpt>
   <trkpt lon="6.941573" lat="43.486585"><ele>51.75</ele></trkpt>
   <trkpt lon="6.941285" lat="43.486586"><ele>50.25</ele></trkpt>
   <trkpt lon="6.941102" lat="43.486586"><ele>49.75</ele></trkpt>
   <trkpt lon="6.940869" lat="43.486591"><ele>48.75</ele></trkpt>
   <trkpt lon="6.940630" lat="43.486588"><ele>47.0</ele></trkpt>
   <trkpt lon="6.940366" lat="43.486555"><ele>46.0</ele></trkpt>
   <trkpt lon="6.940097" lat="43.486499"><ele>46.25</ele></trkpt>
   <trkpt lon="6.939791" lat="43.486455"><ele>45.25</ele></trkpt>
   <trkpt lon="6.939473" lat="43.486458"><ele>43.75</ele></trkpt>
   <trkpt lon="6.939286" lat="43.486480"><ele>43.25</ele></trkpt>
   <trkpt lon="6.939108" lat="43.486524"><ele>42.25</ele></trkpt>
   <trkpt lon="6.938926" lat="43.486588"><ele>40.5</ele></trkpt>
   <trkpt lon="6.938761" lat="43.486667"><ele>40.5</ele></trkpt>
   <trkpt lon="6.938133" lat="43.487096"><ele>37.25</ele></trkpt>
   <trkpt lon="6.937927" lat="43.487247"><ele>39.5</ele></trkpt>
   <trkpt lon="6.937560" lat="43.487518"><ele>38.25</ele></trkpt>
   <trkpt lon="6.937405" lat="43.487590"><ele>37.0</ele></trkpt>
   <trkpt lon="6.937359" lat="43.487602"><ele>36.5</ele><sym>u-turn_right</sym></trkpt>
   <trkpt lon="6.937357" lat="43.487600"><ele>35.0</ele><sym>pass_place</sym><type>Shaping</type></trkpt>
   <trkpt lon="6.937359" lat="43.487602"><ele>36.5</ele></trkpt>
   <trkpt lon="6.937405" lat="43.487590"><ele>37.0</ele></trkpt>
   <trkpt lon="6.937560" lat="43.487518"><ele>38.25</ele></trkpt>
   <trkpt lon="6.937927" lat="43.487247"><ele>39.5</ele></trkpt>
   <trkpt lon="6.938133" lat="43.487096"><ele>37.25</ele></trkpt>
   <trkpt lon="6.938761" lat="43.486667"><ele>40.5</ele></trkpt>
   <trkpt lon="6.938926" lat="43.486588"><ele>40.5</ele></trkpt>
   <trkpt lon="6.939108" lat="43.486524"><ele>42.25</ele></trkpt>
   <trkpt lon="6.939286" lat="43.486480"><ele>43.25</ele></trkpt>
   <trkpt lon="6.939473" lat="43.486458"><ele>43.75</ele></trkpt>
   <trkpt lon="6.939791" lat="43.486455"><ele>45.25</ele></trkpt>
   <trkpt lon="6.940097" lat="43.486499"><ele>46.25</ele></trkpt>
   <trkpt lon="6.940366" lat="43.486555"><ele>46.0</ele></trkpt>
   <trkpt lon="6.940630" lat="43.486588"><ele>47.0</ele></trkpt>
   <trkpt lon="6.940869" lat="43.486591"><ele>48.75</ele></trkpt>
   <trkpt lon="6.941102" lat="43.486586"><ele>49.75</ele></trkpt>
   <trkpt lon="6.941285" lat="43.486586"><ele>50.25</ele></trkpt>
   <trkpt lon="6.941573" lat="43.486585"><ele>51.75</ele></trkpt>
   <trkpt lon="6.942627" lat="43.486578"><ele>55.25</ele></trkpt>
   <trkpt lon="6.942796" lat="43.486591"><ele>56.0</ele></trkpt>
   <trkpt lon="6.942913" lat="43.486614"><ele>56.0</ele></trkpt>
   <trkpt lon="6.943077" lat="43.486665"><ele>56.75</ele></trkpt>
   <trkpt lon="6.943219" lat="43.486717"><ele>57.5</ele></trkpt>
   <trkpt lon="6.943305" lat="43.486735"><ele>57.75</ele></trkpt>
   <trkpt lon="6.943479" lat="43.486746"><ele>57.5</ele></trkpt>
   <trkpt lon="6.943779" lat="43.486742"><ele>57.5</ele></trkpt>
   <trkpt lon="6.943952" lat="43.486700"><ele>57.75</ele></trkpt>
   <trkpt lon="6.944040" lat="43.486662"><ele>58.0</ele></trkpt>
   <trkpt lon="6.944091" lat="43.486634"><ele>58.25</ele></trkpt>
   <trkpt lon="6.944243" lat="43.486512"><ele>59.25</ele></trkpt>
   <trkpt lon="6.944460" lat="43.486314"><ele>58.25</ele></trkpt>
   <trkpt lon="6.944600" lat="43.486213"><ele>59.5</ele></trkpt>
   <trkpt lon="6.944745" lat="43.486133"><ele>60.0</ele></trkpt>
   <trkpt lon="6.944986" lat="43.486029"><ele>61.25</ele></trkpt>
   <trkpt lon="6.945252" lat="43.485966"><ele>62.0</ele></trkpt>
   <trkpt lon="6.945498" lat="43.485933"><ele>61.75</ele></trkpt>
   <trkpt lon="6.945799" lat="43.485928"><ele>62.25</ele></trkpt>
   <trkpt lon="6.945975" lat="43.485945"><ele>63.0</ele></trkpt>
   <trkpt lon="6.946292" lat="43.486014"><ele>63.75</ele></trkpt>
   <trkpt lon="6.947070" lat="43.486301"><ele>66.5</ele></trkpt>
   <trkpt lon="6.947182" lat="43.486392"><ele>67.0</ele></trkpt>
   <trkpt lon="6.947230" lat="43.486457"><ele>64.75</ele></trkpt>
   <trkpt lon="6.947255" lat="43.486540"><ele>66.25</ele></trkpt>
   <trkpt lon="6.947256" lat="43.486637"><ele>68.75</ele></trkpt>
   <trkpt lon="6.947208" lat="43.486839"><ele>69.5</ele></trkpt>
   <trkpt lon="6.947154" lat="43.487011"><ele>67.75</ele></trkpt>
   <trkpt lon="6.947105" lat="43.487116"><ele>63.5</ele></trkpt>
   <trkpt lon="6.947009" lat="43.487205"><ele>67.0</ele></trkpt>
   <trkpt lon="6.946837" lat="43.487313"><ele>72.5</ele></trkpt>
   <trkpt lon="6.946695" lat="43.487378"><ele>73.5</ele></trkpt>
   <trkpt lon="6.946537" lat="43.487433"><ele>74.75</ele></trkpt>
   <trkpt lon="6.946145" lat="43.487507"><ele>76.25</ele></trkpt>
   <trkpt lon="6.945489" lat="43.487606"><ele>79.5</ele></trkpt>
   <trkpt lon="6.945266" lat="43.487615"><ele>79.5</ele></trkpt>
   <trkpt lon="6.945097" lat="43.487606"><ele>79.25</ele></trkpt>
   <trkpt lon="6.944873" lat="43.487584"><ele>80.5</ele></trkpt>
   <trkpt lon="6.944617" lat="43.487562"><ele>82.0</ele></trkpt>
   <trkpt lon="6.944518" lat="43.487569"><ele>82.25</ele></trkpt>
   <trkpt lon="6.944446" lat="43.487587"><ele>82.25</ele></trkpt>
   <trkpt lon="6.944418" lat="43.487601"><ele>82.25</ele></trkpt>
   <trkpt lon="6.944377" lat="43.487621"><ele>82.5</ele></trkpt>
   <trkpt lon="6.944310" lat="43.487700"><ele>83.25</ele></trkpt>
   <trkpt lon="6.944282" lat="43.487796"><ele>83.75</ele></trkpt>
   <trkpt lon="6.944284" lat="43.487954"><ele>84.0</ele></trkpt>
   <trkpt lon="6.944320" lat="43.488111"><ele>83.5</ele></trkpt>
   <trkpt lon="6.944362" lat="43.488407"><ele>84.75</ele></trkpt>
   <trkpt lon="6.944340" lat="43.488613"><ele>84.5</ele></trkpt>
   <trkpt lon="6.944187" lat="43.489041"><ele>83.5</ele></trkpt>
   <trkpt lon="6.944129" lat="43.489154"><ele>85.25</ele></trkpt>
   <trkpt lon="6.944039" lat="43.489267"><ele>84.75</ele></trkpt>
   <trkpt lon="6.943607" lat="43.489666"><ele>85.75</ele></trkpt>
   <trkpt lon="6.943432" lat="43.489816"><ele>86.0</ele></trkpt>
   <trkpt lon="6.943228" lat="43.489991"><ele>85.5</ele></trkpt>
   <trkpt lon="6.943051" lat="43.490110"><ele>85.0</ele></trkpt>
   <trkpt lon="6.942635" lat="43.490268"><ele>85.75</ele></trkpt>
   <trkpt lon="6.942549" lat="43.490312"><ele>85.5</ele></trkpt>
   <trkpt lon="6.942496" lat="43.490359"><ele>86.0</ele></trkpt>
   <trkpt lon="6.942463" lat="43.490410"><ele>86.5</ele></trkpt>
   <trkpt lon="6.942455" lat="43.490460"><ele>86.5</ele></trkpt>
   <trkpt lon="6.942455" lat="43.490521"><ele>86.5</ele></trkpt>
   <trkpt lon="6.942476" lat="43.490575"><ele>86.75</ele></trkpt>
   <trkpt lon="6.942749" lat="43.490824"><ele>86.25</ele></trkpt>
   <trkpt lon="6.942807" lat="43.490916"><ele>85.5</ele></trkpt>
   <trkpt lon="6.942845" lat="43.491302"><ele>86.5</ele></trkpt>
   <trkpt lon="6.942889" lat="43.491409"><ele>86.25</ele></trkpt>
   <trkpt lon="6.942959" lat="43.491519"><ele>87.25</ele></trkpt>
   <trkpt lon="6.943082" lat="43.491602"><ele>86.5</ele></trkpt>
   <trkpt lon="6.943406" lat="43.491921"><ele>87.0</ele></trkpt>
   <trkpt lon="6.943493" lat="43.491975"><ele>87.75</ele></trkpt>
   <trkpt lon="6.943715" lat="43.492036"><ele>88.5</ele><sym>pass_place</sym><type>Shaping</type></trkpt>
   <trkpt lon="6.944167" lat="43.492178"><ele>87.0</ele></trkpt>
   <trkpt lon="6.944836" lat="43.492398"><ele>87.0</ele></trkpt>
   <trkpt lon="6.944955" lat="43.492467"><ele>87.25</ele></trkpt>
   <trkpt lon="6.945048" lat="43.492535"><ele>87.5</ele></trkpt>
   <trkpt lon="6.945127" lat="43.492639"><ele>88.0</ele></trkpt>
   <trkpt lon="6.945184" lat="43.492741"><ele>89.5</ele></trkpt>
   <trkpt lon="6.945210" lat="43.492831"><ele>89.75</ele></trkpt>
   <trkpt lon="6.945226" lat="43.492926"><ele>89.25</ele></trkpt>
   <trkpt lon="6.945215" lat="43.493045"><ele>89.25</ele></trkpt>
   <trkpt lon="6.945162" lat="43.493236"><ele>89.75</ele></trkpt>
   <trkpt lon="6.945045" lat="43.493513"><ele>89.25</ele></trkpt>
   <trkpt lon="6.944980" lat="43.493643"><ele>89.25</ele></trkpt>
   <trkpt lon="6.944576" lat="43.494060"><ele>90.25</ele></trkpt>
   <trkpt lon="6.944507" lat="43.494161"><ele>89.5</ele></trkpt>
   <trkpt lon="6.944463" lat="43.494297"><ele>90.5</ele></trkpt>
   <trkpt lon="6.944486" lat="43.494405"><ele>90.25</ele></trkpt>
   <trkpt lon="6.944582" lat="43.494513"><ele>91.25</ele></trkpt>
   <trkpt lon="6.944871" lat="43.494712"><ele>91.25</ele></trkpt>
   <trkpt lon="6.945002" lat="43.494827"><ele>90.25</ele></trkpt>
   <trkpt lon="6.945078" lat="43.494956"><ele>90.25</ele></trkpt>
   <trkpt lon="6.945121" lat="43.495081"><ele>89.75</ele></trkpt>
   <trkpt lon="6.945111" lat="43.495206"><ele>89.75</ele></trkpt>
   <trkpt lon="6.945018" lat="43.495566"><ele>90.25</ele></trkpt>
   <trkpt lon="6.945024" lat="43.495642"><ele>90.25</ele></trkpt>
   <trkpt lon="6.945067" lat="43.495723"><ele>90.0</ele></trkpt>
   <trkpt lon="6.945145" lat="43.495789"><ele>90.25</ele></trkpt>
   <trkpt lon="6.945266" lat="43.495837"><ele>91.0</ele></trkpt>
   <trkpt lon="6.945412" lat="43.495859"><ele>92.0</ele></trkpt>
   <trkpt lon="6.946041" lat="43.495875"><ele>90.0</ele></trkpt>
   <trkpt lon="6.946240" lat="43.495932"><ele>88.5</ele></trkpt>
   <trkpt lon="6.946346" lat="43.495996"><ele>88.25</ele></trkpt>
   <trkpt lon="6.946433" lat="43.496078"><ele>88.75</ele></trkpt>
   <trkpt lon="6.946478" lat="43.496184"><ele>88.75</ele></trkpt>
   <trkpt lon="6.946533" lat="43.496451"><ele>89.75</ele></trkpt>
   <trkpt lon="6.946610" lat="43.496557"><ele>90.25</ele></trkpt>
   <trkpt lon="6.946708" lat="43.496660"><ele>91.5</ele></trkpt>
   <trkpt lon="6.947101" lat="43.496865"><ele>95.5</ele></trkpt>
   <trkpt lon="6.947471" lat="43.497061"><ele>94.5</ele></trkpt>
   <trkpt lon="6.947524" lat="43.497086"><ele>94.0</ele></trkpt>
   <trkpt lon="6.947583" lat="43.497120"><ele>93.75</ele></trkpt>
   <trkpt lon="6.948365" lat="43.497521"><ele>93.0</ele></trkpt>
   <trkpt lon="6.948699" lat="43.497708"><ele>92.25</ele></trkpt>
   <trkpt lon="6.949014" lat="43.497883"><ele>94.25</ele></trkpt>
   <trkpt lon="6.949114" lat="43.497976"><ele>93.75</ele></trkpt>
   <trkpt lon="6.949203" lat="43.498101"><ele>94.25</ele></trkpt>
   <trkpt lon="6.949396" lat="43.498431"><ele>96.5</ele></trkpt>
   <trkpt lon="6.949508" lat="43.498557"><ele>95.0</ele></trkpt>
   <trkpt lon="6.949671" lat="43.498641"><ele>94.0</ele></trkpt>
   <trkpt lon="6.949782" lat="43.498665"><ele>94.5</ele></trkpt>
   <trkpt lon="6.949913" lat="43.498666"><ele>95.25</ele></trkpt>
   <trkpt lon="6.950096" lat="43.498651"><ele>95.0</ele></trkpt>
   <trkpt lon="6.950255" lat="43.498648"><ele>95.25</ele></trkpt>
   <trkpt lon="6.950462" lat="43.498687"><ele>95.0</ele></trkpt>
   <trkpt lon="6.950599" lat="43.498749"><ele>95.0</ele></trkpt>
   <trkpt lon="6.951199" lat="43.499140"><ele>94.5</ele></trkpt>
   <trkpt lon="6.951314" lat="43.499295"><ele>94.25</ele></trkpt>
   <trkpt lon="6.951338" lat="43.499405"><ele>95.25</ele></trkpt>
   <trkpt lon="6.951338" lat="43.499541"><ele>96.0</ele></trkpt>
   <trkpt lon="6.951353" lat="43.499664"><ele>95.5</ele></trkpt>
   <trkpt lon="6.951393" lat="43.499747"><ele>95.0</ele></trkpt>
   <trkpt lon="6.951491" lat="43.499830"><ele>96.25</ele></trkpt>
   <trkpt lon="6.951704" lat="43.499937"><ele>95.5</ele></trkpt>
   <trkpt lon="6.952011" lat="43.500092"><ele>96.75</ele></trkpt>
   <trkpt lon="6.952151" lat="43.500178"><ele>95.75</ele></trkpt>
   <trkpt lon="6.952321" lat="43.500299"><ele>95.75</ele></trkpt>
   <trkpt lon="6.952482" lat="43.500456"><ele>95.75</ele></trkpt>
   <trkpt lon="6.952763" lat="43.500791"><ele>96.25</ele></trkpt>
   <trkpt lon="6.952964" lat="43.501062"><ele>97.0</ele></trkpt>
   <trkpt lon="6.953026" lat="43.501151"><ele>97.0</ele></trkpt>
   <trkpt lon="6.953055" lat="43.501196"><ele>96.25</ele></trkpt>
   <trkpt lon="6.953071" lat="43.501220"><ele>95.75</ele></trkpt>
   <trkpt lon="6.953280" lat="43.501605"><ele>94.0</ele></trkpt>
   <trkpt lon="6.953335" lat="43.501781"><ele>92.75</ele></trkpt>
   <trkpt lon="6.953329" lat="43.501912"><ele>93.0</ele></trkpt>
   <trkpt lon="6.953245" lat="43.502124"><ele>90.0</ele></trkpt>
   <trkpt lon="6.953022" lat="43.502409"><ele>92.0</ele></trkpt>
   <trkpt lon="6.953000" lat="43.502492"><ele>90.75</ele></trkpt>
   <trkpt lon="6.953005" lat="43.502574"><ele>93.25</ele></trkpt>
   <trkpt lon="6.953059" lat="43.502649"><ele>94.0</ele></trkpt>
   <trkpt lon="6.953224" lat="43.502801"><ele>89.75</ele></trkpt>
   <trkpt lon="6.953345" lat="43.502932"><ele>87.5</ele></trkpt>
   <trkpt lon="6.953411" lat="43.503049"><ele>87.25</ele></trkpt>
   <trkpt lon="6.953437" lat="43.503166"><ele>86.5</ele></trkpt>
   <trkpt lon="6.953456" lat="43.503291"><ele>86.0</ele></trkpt>
   <trkpt lon="6.953445" lat="43.503575"><ele>84.0</ele></trkpt>
   <trkpt lon="6.953450" lat="43.503706"><ele>83.0</ele></trkpt>
   <trkpt lon="6.953492" lat="43.503961"><ele>80.75</ele></trkpt>
   <trkpt lon="6.953475" lat="43.504129"><ele>80.5</ele><sym>pass_place</sym><type>Shaping</type></trkpt>
   <trkpt lon="6.953387" lat="43.504309"><ele>79.75</ele></trkpt>
   <trkpt lon="6.953274" lat="43.504457"><ele>80.5</ele></trkpt>
   <trkpt lon="6.953122" lat="43.504577"><ele>80.25</ele></trkpt>
   <trkpt lon="6.952326" lat="43.505029"><ele>77.0</ele></trkpt>
   <trkpt lon="6.952262" lat="43.505052"><ele>76.75</ele></trkpt>
   <trkpt lon="6.952134" lat="43.505082"><ele>75.5</ele></trkpt>
   <trkpt lon="6.951959" lat="43.505090"><ele>74.75</ele></trkpt>
   <trkpt lon="6.951418" lat="43.505022"><ele>73.0</ele></trkpt>
   <trkpt lon="6.950866" lat="43.504998"><ele>73.0</ele></trkpt>
   <trkpt lon="6.950178" lat="43.505021"><ele>69.0</ele></trkpt>
   <trkpt lon="6.949841" lat="43.505028"><ele>67.0</ele></trkpt>
   <trkpt lon="6.949763" lat="43.505017"><ele>67.0</ele></trkpt>
   <trkpt lon="6.949701" lat="43.504997"><ele>67.5</ele></trkpt>
   <trkpt lon="6.949532" lat="43.504891"><ele>67.5</ele></trkpt>
   <trkpt lon="6.949288" lat="43.504691"><ele>66.75</ele></trkpt>
   <trkpt lon="6.949228" lat="43.504653"><ele>66.75</ele></trkpt>
   <trkpt lon="6.949142" lat="43.504623"><ele>66.75</ele></trkpt>
   <trkpt lon="6.948967" lat="43.504610"><ele>68.5</ele></trkpt>
   <trkpt lon="6.948871" lat="43.504630"><ele>68.25</ele></trkpt>
   <trkpt lon="6.948760" lat="43.504689"><ele>68.25</ele></trkpt>
   <trkpt lon="6.948389" lat="43.505042"><ele>62.5</ele></trkpt>
   <trkpt lon="6.948269" lat="43.505143"><ele>61.5</ele></trkpt>
   <trkpt lon="6.948142" lat="43.505227"><ele>60.75</ele></trkpt>
   <trkpt lon="6.948074" lat="43.505255"><ele>61.0</ele></trkpt>
   <trkpt lon="6.947986" lat="43.505278"><ele>60.0</ele></trkpt>
   <trkpt lon="6.947901" lat="43.505292"><ele>59.5</ele></trkpt>
   <trkpt lon="6.947818" lat="43.505297"><ele>59.5</ele></trkpt>
   <trkpt lon="6.947718" lat="43.505295"><ele>59.25</ele></trkpt>
   <trkpt lon="6.947342" lat="43.505267"><ele>57.25</ele></trkpt>
   <trkpt lon="6.946437" lat="43.505201"><ele>58.5</ele></trkpt>
   <trkpt lon="6.946294" lat="43.505204"><ele>57.5</ele></trkpt>
   <trkpt lon="6.946197" lat="43.505218"><ele>56.25</ele></trkpt>
   <trkpt lon="6.946108" lat="43.505243"><ele>55.25</ele></trkpt>
   <trkpt lon="6.946001" lat="43.505289"><ele>55.75</ele></trkpt>
   <trkpt lon="6.945272" lat="43.505701"><ele>50.25</ele></trkpt>
   <trkpt lon="6.945177" lat="43.505761"><ele>49.75</ele></trkpt>
   <trkpt lon="6.945032" lat="43.505824"><ele>49.75</ele></trkpt>
   <trkpt lon="6.944874" lat="43.505860"><ele>49.5</ele><sym>right_slight</sym></trkpt>
   <trkpt lon="6.944869" lat="43.505910"><ele>46.25</ele></trkpt>
   <trkpt lon="6.944827" lat="43.505935"><ele>45.0</ele></trkpt>
   <trkpt lon="6.944524" lat="43.505993"><ele>43.75</ele></trkpt>
   <trkpt lon="6.944351" lat="43.506039"><ele>42.5</ele></trkpt>
   <trkpt lon="6.944153" lat="43.506115"><ele>40.5</ele></trkpt>
   <trkpt lon="6.944003" lat="43.506154"><ele>36.5</ele></trkpt>
   <trkpt lon="6.943865" lat="43.506169"><ele>35.75</ele></trkpt>
   <trkpt lon="6.943777" lat="43.506185"><ele>36.0</ele></trkpt>
   <trkpt lon="6.943695" lat="43.506218"><ele>35.0</ele></trkpt>
   <trkpt lon="6.943490" lat="43.506330"><ele>33.25</ele></trkpt>
   <trkpt lon="6.943226" lat="43.506460"><ele>28.25</ele></trkpt>
   <trkpt lon="6.943143" lat="43.506491"><ele>27.25</ele></trkpt>
   <trkpt lon="6.943066" lat="43.506514"><ele>27.25</ele></trkpt>
   <trkpt lon="6.942912" lat="43.506531"><ele>25.25</ele></trkpt>
   <trkpt lon="6.942676" lat="43.506507"><ele>24.5</ele></trkpt>
   <trkpt lon="6.942347" lat="43.506492"><ele>19.5</ele></trkpt>
   <trkpt lon="6.942231" lat="43.506469"><ele>18.75</ele></trkpt>
   <trkpt lon="6.942134" lat="43.506433"><ele>18.25</ele></trkpt>
   <trkpt lon="6.941748" lat="43.506266"><ele>14.75</ele></trkpt>
   <trkpt lon="6.941703" lat="43.506270"><ele>13.25</ele></trkpt>
   <trkpt lon="6.941651" lat="43.506303"><ele>11.5</ele></trkpt>
   <trkpt lon="6.941629" lat="43.506336"><ele>11.0</ele></trkpt>
   <trkpt lon="6.941657" lat="43.506513"><ele>7.5</ele></trkpt>
   <trkpt lon="6.941660" lat="43.506566"><ele>7.0</ele><sym>right_slight</sym></trkpt>
   <trkpt lon="6.941849" lat="43.506645"><ele>5.75</ele></trkpt>
   <trkpt lon="6.942002" lat="43.506717"><ele>5.0</ele></trkpt>
   <trkpt lon="6.942081" lat="43.506768"><ele>5.0</ele></trkpt>
   <trkpt lon="6.942112" lat="43.506803"><ele>4.75</ele></trkpt>
   <trkpt lon="6.942145" lat="43.506864"><ele>4.0</ele></trkpt>
   <trkpt lon="6.942156" lat="43.506911"><ele>3.5</ele></trkpt>
   <trkpt lon="6.942153" lat="43.506937"><ele>3.0</ele></trkpt>
   <trkpt lon="6.942136" lat="43.507023"><ele>2.5</ele></trkpt>
   <trkpt lon="6.942093" lat="43.507079"><ele>2.25</ele></trkpt>
   <trkpt lon="6.942016" lat="43.507159"><ele>2.5</ele></trkpt>
   <trkpt lon="6.941864" lat="43.507305"><ele>2.75</ele></trkpt>
   <trkpt lon="6.941779" lat="43.507370"><ele>2.75</ele><sym>left</sym></trkpt>
   <trkpt lon="6.941657" lat="43.507291"><ele>3.0</ele></trkpt>
   <trkpt lon="6.940734" lat="43.506671"><ele>3.0</ele></trkpt>
   <trkpt lon="6.940504" lat="43.506521"><ele>3.5</ele></trkpt>
   <trkpt lon="6.940152" lat="43.506264"><ele>4.0</ele></trkpt>
   <trkpt lon="6.940134" lat="43.506251"><ele>4.0</ele></trkpt>
   <trkpt lon="6.940016" lat="43.506165"><ele>4.0</ele><sym>roundabout_e3</sym></trkpt>
   <trkpt lon="6.939983" lat="43.506185"><ele>4.0</ele></trkpt>
   <trkpt lon="6.939943" lat="43.506195"><ele>4.0</ele></trkpt>
   <trkpt lon="6.939900" lat="43.506196"><ele>4.0</ele></trkpt>
   <trkpt lon="6.939859" lat="43.506186"><ele>4.0</ele></trkpt>
   <trkpt lon="6.939825" lat="43.506167"><ele>3.75</ele></trkpt>
   <trkpt lon="6.939801" lat="43.506141"><ele>4.0</ele></trkpt>
   <trkpt lon="6.939795" lat="43.506122"><ele>4.0</ele></trkpt>
   <trkpt lon="6.939795" lat="43.506080"><ele>4.0</ele></trkpt>
   <trkpt lon="6.939813" lat="43.506052"><ele>4.0</ele></trkpt>
   <trkpt lon="6.939842" lat="43.506030"><ele>4.0</ele></trkpt>
   <trkpt lon="6.939796" lat="43.505993"><ele>4.0</ele></trkpt>
   <trkpt lon="6.939758" lat="43.505963"><ele>4.0</ele></trkpt>
   <trkpt lon="6.939667" lat="43.505899"><ele>4.0</ele><sym>right</sym></trkpt>
   <trkpt lon="6.939589" lat="43.505933"><ele>4.25</ele></trkpt>
   <trkpt lon="6.939461" lat="43.505960"><ele>4.75</ele></trkpt>
   <trkpt lon="6.939348" lat="43.505965"><ele>5.25</ele></trkpt>
   <trkpt lon="6.939280" lat="43.505956"><ele>5.5</ele></trkpt>
   <trkpt lon="6.939233" lat="43.505942"><ele>5.75</ele></trkpt>
   <trkpt lon="6.938959" lat="43.505714"><ele>7.5</ele></trkpt>
   <trkpt lon="6.938704" lat="43.505487"><ele>8.75</ele></trkpt>
   <trkpt lon="6.938633" lat="43.505421"><ele>9.25</ele></trkpt>
   <trkpt lon="6.938590" lat="43.505369"><ele>9.75</ele><sym>right_sharp</sym></trkpt>
   <trkpt lon="6.938539" lat="43.505368"><ele>11.0</ele></trkpt>
   <trkpt lon="6.938491" lat="43.505387"><ele>12.5</ele></trkpt>
   <trkpt lon="6.938472" lat="43.505408"><ele>13.0</ele></trkpt>
   <trkpt lon="6.938466" lat="43.505430"><ele>13.0</ele></trkpt>
   <trkpt lon="6.938512" lat="43.505556"><ele>12.0</ele></trkpt>
   <trkpt lon="6.938621" lat="43.505729"><ele>14.75</ele></trkpt>
   <trkpt lon="6.938668" lat="43.505833"><ele>16.0</ele></trkpt>
   <trkpt lon="6.938610" lat="43.506280"><ele>20.0</ele><sym>pass_place</sym><type>Shaping</type></trkpt>
   <trkpt lon="6.938610" lat="43.506282"><ele>20.0</ele></trkpt>
   <trkpt lon="6.938603" lat="43.506619"><ele>21.75</ele></trkpt>
   <trkpt lon="6.938620" lat="43.506677"><ele>22.25</ele></trkpt>
   <trkpt lon="6.938683" lat="43.506710"><ele>23.5</ele></trkpt>
   <trkpt lon="6.938783" lat="43.506727"><ele>24.25</ele></trkpt>
   <trkpt lon="6.939005" lat="43.506725"><ele>23.25</ele></trkpt>
   <trkpt lon="6.939147" lat="43.506725"><ele>22.5</ele></trkpt>
   <trkpt lon="6.939257" lat="43.506740"><ele>21.0</ele></trkpt>
   <trkpt lon="6.939319" lat="43.506785"><ele>21.25</ele></trkpt>
   <trkpt lon="6.939409" lat="43.506870"><ele>22.75</ele></trkpt>
   <trkpt lon="6.939558" lat="43.506940"><ele>22.25</ele></trkpt>
   <trkpt lon="6.940225" lat="43.507084"><ele>12.75</ele></trkpt>
   <trkpt lon="6.940285" lat="43.507099"><ele>12.0</ele></trkpt>
   <trkpt lon="6.940390" lat="43.507161"><ele>12.25</ele></trkpt>
   <trkpt lon="6.940457" lat="43.507241"><ele>13.0</ele></trkpt>
   <trkpt lon="6.940653" lat="43.507483"><ele>11.5</ele></trkpt>
   <trkpt lon="6.940691" lat="43.507543"><ele>11.0</ele></trkpt>
   <trkpt lon="6.940699" lat="43.507582"><ele>10.75</ele></trkpt>
   <trkpt lon="6.940674" lat="43.507618"><ele>10.25</ele></trkpt>
   <trkpt lon="6.940638" lat="43.507642"><ele>10.25</ele></trkpt>
   <trkpt lon="6.940591" lat="43.507656"><ele>10.25</ele></trkpt>
   <trkpt lon="6.940436" lat="43.507666"><ele>10.25</ele></trkpt>
   <trkpt lon="6.940392" lat="43.507678"><ele>10.25</ele></trkpt>
   <trkpt lon="6.940364" lat="43.507702"><ele>10.0</ele></trkpt>
   <trkpt lon="6.940353" lat="43.507746"><ele>9.25</ele><sym>left</sym></trkpt>
   <trkpt lon="6.939226" lat="43.507868"><ele>11.25</ele></trkpt>
   <trkpt lon="6.939125" lat="43.507889"><ele>11.5</ele></trkpt>
   <trkpt lon="6.938835" lat="43.507981"><ele>11.75</ele></trkpt>
   <trkpt lon="6.938671" lat="43.508034"><ele>11.0</ele></trkpt>
   <trkpt lon="6.938508" lat="43.508077"><ele>10.25</ele></trkpt>
   <trkpt lon="6.938127" lat="43.508151"><ele>9.75</ele></trkpt>
   <trkpt lon="6.938026" lat="43.508175"><ele>9.75</ele></trkpt>
   <trkpt lon="6.937948" lat="43.508205"><ele>10.5</ele></trkpt>
   <trkpt lon="6.937912" lat="43.508229"><ele>10.5</ele></trkpt>
   <trkpt lon="6.937870" lat="43.508262"><ele>10.5</ele></trkpt>
   <trkpt lon="6.937816" lat="43.508319"><ele>9.75</ele></trkpt>
   <trkpt lon="6.937688" lat="43.508523"><ele>9.25</ele></trkpt>
   <trkpt lon="6.937579" lat="43.508708"><ele>9.5</ele></trkpt>
   <trkpt lon="6.937540" lat="43.508770"><ele>9.5</ele></trkpt>
   <trkpt lon="6.937316" lat="43.509133"><ele>9.5</ele></trkpt>
   <trkpt lon="6.937277" lat="43.509222"><ele>9.75</ele></trkpt>
   <trkpt lon="6.937266" lat="43.509304"><ele>10.25</ele></trkpt>
   <trkpt lon="6.937276" lat="43.509531"><ele>9.25</ele></trkpt>
   <trkpt lon="6.937259" lat="43.509636"><ele>8.75</ele></trkpt>
   <trkpt lon="6.937207" lat="43.509744"><ele>8.75</ele></trkpt>
   <trkpt lon="6.937047" lat="43.509991"><ele>9.0</ele></trkpt>
   <trkpt lon="6.936857" lat="43.510394"><ele>12.25</ele></trkpt>
   <trkpt lon="6.936833" lat="43.510475"><ele>11.75</ele></trkpt>
   <trkpt lon="6.936825" lat="43.510569"><ele>11.25</ele></trkpt>
   <trkpt lon="6.936844" lat="43.510617"><ele>11.5</ele></trkpt>
   <trkpt lon="6.936883" lat="43.510665"><ele>11.25</ele></trkpt>
   <trkpt lon="6.936964" lat="43.510736"><ele>10.5</ele></trkpt>
   <trkpt lon="6.937190" lat="43.510935"><ele>12.5</ele></trkpt>
   <trkpt lon="6.937250" lat="43.511034"><ele>13.25</ele></trkpt>
   <trkpt lon="6.937359" lat="43.511249"><ele>15.0</ele></trkpt>
   <trkpt lon="6.937422" lat="43.511398"><ele>15.25</ele></trkpt>
   <trkpt lon="6.937442" lat="43.511511"><ele>15.5</ele></trkpt>
   <trkpt lon="6.937439" lat="43.511866"><ele>17.0</ele></trkpt>
   <trkpt lon="6.937438" lat="43.511909"><ele>17.0</ele></trkpt>
   <trkpt lon="6.937434" lat="43.511991"><ele>17.0</ele></trkpt>
   <trkpt lon="6.937410" lat="43.512069"><ele>17.0</ele></trkpt>
   <trkpt lon="6.937356" lat="43.512146"><ele>17.5</ele></trkpt>
   <trkpt lon="6.937319" lat="43.512179"><ele>17.75</ele></trkpt>
   <trkpt lon="6.937151" lat="43.512276"><ele>17.5</ele></trkpt>
   <trkpt lon="6.937064" lat="43.512347"><ele>17.5</ele></trkpt>
   <trkpt lon="6.937016" lat="43.512403"><ele>18.0</ele></trkpt>
   <trkpt lon="6.936992" lat="43.512472"><ele>17.75</ele></trkpt>
   <trkpt lon="6.936996" lat="43.512568"><ele>17.25</ele></trkpt>
   <trkpt lon="6.937113" lat="43.513190"><ele>16.5</ele></trkpt>
   <trkpt lon="6.937121" lat="43.513270"><ele>17.0</ele></trkpt>
   <trkpt lon="6.937134" lat="43.513360"><ele>17.25</ele></trkpt>
   <trkpt lon="6.937127" lat="43.513421"><ele>17.0</ele></trkpt>
   <trkpt lon="6.937085" lat="43.513527"><ele>17.0</ele></trkpt>
   <trkpt lon="6.936992" lat="43.513686"><ele>17.0</ele></trkpt>
   <trkpt lon="6.936950" lat="43.513796"><ele>17.0</ele></trkpt>
   <trkpt lon="6.936937" lat="43.514114"><ele>17.0</ele></trkpt>
   <trkpt lon="6.937022" lat="43.514885"><ele>17.0</ele></trkpt>
   <trkpt lon="6.937056" lat="43.514943"><ele>17.25</ele></trkpt>
   <trkpt lon="6.937100" lat="43.514992"><ele>17.75</ele></trkpt>
   <trkpt lon="6.937311" lat="43.515148"><ele>19.5</ele></trkpt>
   <trkpt lon="6.937477" lat="43.515355"><ele>19.5</ele></trkpt>
   <trkpt lon="6.937801" lat="43.515839"><ele>21.0</ele></trkpt>
   <trkpt lon="6.937827" lat="43.515913"><ele>20.25</ele></trkpt>
   <trkpt lon="6.937837" lat="43.515993"><ele>20.5</ele></trkpt>
   <trkpt lon="6.937820" lat="43.516067"><ele>21.5</ele></trkpt>
   <trkpt lon="6.937767" lat="43.516139"><ele>22.0</ele></trkpt>
   <trkpt lon="6.937665" lat="43.516206"><ele>19.75</ele></trkpt>
   <trkpt lon="6.937491" lat="43.516287"><ele>19.5</ele></trkpt>
   <trkpt lon="6.937429" lat="43.516319"><ele>21.0</ele></trkpt>
   <trkpt lon="6.937173" lat="43.516479"><ele>20.75</ele></trkpt>
   <trkpt lon="6.937042" lat="43.516539"><ele>21.0</ele></trkpt>
   <trkpt lon="6.936770" lat="43.516641"><ele>18.75</ele></trkpt>
   <trkpt lon="6.936328" lat="43.516777"><ele>16.5</ele></trkpt>
   <trkpt lon="6.936040" lat="43.516920"><ele>15.5</ele></trkpt>
   <trkpt lon="6.935936" lat="43.516977"><ele>14.75</ele></trkpt>
   <trkpt lon="6.935813" lat="43.517036"><ele>14.25</ele></trkpt>
   <trkpt lon="6.935517" lat="43.517181"><ele>12.25</ele></trkpt>
   <trkpt lon="6.935425" lat="43.517241"><ele>10.0</ele></trkpt>
   <trkpt lon="6.935363" lat="43.517312"><ele>10.0</ele></trkpt>
   <trkpt lon="6.935305" lat="43.517450"><ele>10.25</ele></trkpt>
   <trkpt lon="6.935306" lat="43.517526"><ele>10.5</ele></trkpt>
   <trkpt lon="6.935336" lat="43.517607"><ele>10.5</ele></trkpt>
   <trkpt lon="6.935392" lat="43.517678"><ele>10.75</ele></trkpt>
   <trkpt lon="6.935491" lat="43.517760"><ele>10.75</ele></trkpt>
   <trkpt lon="6.935586" lat="43.517799"><ele>11.0</ele></trkpt>
   <trkpt lon="6.935672" lat="43.517823"><ele>12.0</ele></trkpt>
   <trkpt lon="6.935758" lat="43.517833"><ele>12.5</ele></trkpt>
   <trkpt lon="6.935918" lat="43.517835"><ele>13.25</ele></trkpt>
   <trkpt lon="6.936771" lat="43.517773"><ele>13.5</ele><sym>u-turn_right</sym></trkpt>
   <trkpt lon="6.936767" lat="43.517772"><ele>11.25</ele><sym>pass_place</sym><type>Shaping</type></trkpt>
   <trkpt lon="6.936771" lat="43.517773"><ele>13.5</ele></trkpt>
   <trkpt lon="6.936925" lat="43.517771"><ele>14.5</ele></trkpt>
   <trkpt lon="6.937019" lat="43.517780"><ele>15.25</ele></trkpt>
   <trkpt lon="6.937125" lat="43.517814"><ele>17.75</ele></trkpt>
   <trkpt lon="6.937348" lat="43.517866"><ele>20.0</ele></trkpt>
   <trkpt lon="6.937457" lat="43.517882"><ele>19.75</ele></trkpt>
   <trkpt lon="6.938019" lat="43.517912"><ele>20.25</ele></trkpt>
   <trkpt lon="6.938256" lat="43.517948"><ele>21.5</ele></trkpt>
   <trkpt lon="6.938417" lat="43.517984"><ele>22.75</ele></trkpt>
   <trkpt lon="6.938609" lat="43.518050"><ele>23.75</ele></trkpt>
   <trkpt lon="6.938723" lat="43.518112"><ele>25.5</ele></trkpt>
   <trkpt lon="6.938902" lat="43.518248"><ele>26.75</ele></trkpt>
   <trkpt lon="6.939032" lat="43.518335"><ele>27.5</ele></trkpt>
   <trkpt lon="6.939179" lat="43.518415"><ele>28.5</ele></trkpt>
   <trkpt lon="6.939403" lat="43.518510"><ele>27.25</ele></trkpt>
   <trkpt lon="6.939502" lat="43.518561"><ele>27.0</ele></trkpt>
   <trkpt lon="6.939565" lat="43.518614"><ele>27.75</ele></trkpt>
   <trkpt lon="6.939615" lat="43.518672"><ele>29.0</ele></trkpt>
   <trkpt lon="6.939656" lat="43.518743"><ele>30.5</ele></trkpt>
   <trkpt lon="6.939861" lat="43.519072"><ele>32.75</ele></trkpt>
   <trkpt lon="6.940011" lat="43.519331"><ele>33.25</ele></trkpt>
   <trkpt lon="6.940034" lat="43.519370"><ele>33.0</ele></trkpt>
   <trkpt lon="6.940059" lat="43.519414"><ele>33.25</ele></trkpt>
   <trkpt lon="6.940234" lat="43.519701"><ele>32.0</ele></trkpt>
   <trkpt lon="6.940331" lat="43.519909"><ele>28.5</ele></trkpt>
   <trkpt lon="6.940507" lat="43.520418"><ele>28.25</ele></trkpt>
   <trkpt lon="6.940536" lat="43.520539"><ele>27.75</ele></trkpt>
   <trkpt lon="6.940540" lat="43.520652"><ele>26.5</ele></trkpt>
   <trkpt lon="6.940527" lat="43.520715"><ele>26.25</ele></trkpt>
   <trkpt lon="6.940498" lat="43.520780"><ele>26.5</ele></trkpt>
   <trkpt lon="6.940419" lat="43.520908"><ele>26.25</ele></trkpt>
   <trkpt lon="6.940275" lat="43.521075"><ele>25.0</ele></trkpt>
   <trkpt lon="6.940180" lat="43.521243"><ele>23.0</ele></trkpt>
   <trkpt lon="6.940126" lat="43.521348"><ele>21.5</ele></trkpt>
   <trkpt lon="6.940105" lat="43.521397"><ele>20.5</ele><sym>roundabout_e1</sym></trkpt>
   <trkpt lon="6.940118" lat="43.521432"><ele>19.75</ele></trkpt>
   <trkpt lon="6.940120" lat="43.521480"><ele>19.0</ele></trkpt>
   <trkpt lon="6.940104" lat="43.521526"><ele>18.5</ele></trkpt>
   <trkpt lon="6.940071" lat="43.521567"><ele>18.75</ele></trkpt>
   <trkpt lon="6.940142" lat="43.521773"><ele>16.0</ele></trkpt>
   <trkpt lon="6.940282" lat="43.522029"><ele>15.75</ele></trkpt>
   <trkpt lon="6.940380" lat="43.522176"><ele>15.25</ele></trkpt>
   <trkpt lon="6.940455" lat="43.522295"><ele>16.0</ele></trkpt>
   <trkpt lon="6.940535" lat="43.522427"><ele>16.0</ele></trkpt>
   <trkpt lon="6.940582" lat="43.522483"><ele>15.5</ele></trkpt>
   <trkpt lon="6.940751" lat="43.522709"><ele>16.75</ele></trkpt>
   <trkpt lon="6.940847" lat="43.522777"><ele>15.75</ele></trkpt>
   <trkpt lon="6.940897" lat="43.522813"><ele>15.0</ele></trkpt>
   <trkpt lon="6.941043" lat="43.522880"><ele>13.0</ele></trkpt>
   <trkpt lon="6.941222" lat="43.522934"><ele>12.5</ele></trkpt>
   <trkpt lon="6.941328" lat="43.522977"><ele>12.25</ele></trkpt>
   <trkpt lon="6.941396" lat="43.523024"><ele>12.0</ele></trkpt>
   <trkpt lon="6.941433" lat="43.523070"><ele>11.75</ele></trkpt>
   <trkpt lon="6.941445" lat="43.523107"><ele>11.75</ele></trkpt>
   <trkpt lon="6.941453" lat="43.523194"><ele>11.5</ele></trkpt>
   <trkpt lon="6.941484" lat="43.523378"><ele>11.5</ele></trkpt>
   <trkpt lon="6.941521" lat="43.523524"><ele>11.0</ele></trkpt>
   <trkpt lon="6.941542" lat="43.523568"><ele>11.0</ele></trkpt>
   <trkpt lon="6.941584" lat="43.523627"><ele>10.75</ele></trkpt>
   <trkpt lon="6.941700" lat="43.523733"><ele>10.25</ele></trkpt>
   <trkpt lon="6.941902" lat="43.523835"><ele>9.0</ele></trkpt>
   <trkpt lon="6.941970" lat="43.523870"><ele>8.75</ele></trkpt>
   <trkpt lon="6.942183" lat="43.523976"><ele>8.0</ele></trkpt>
   <trkpt lon="6.942379" lat="43.524074"><ele>7.0</ele></trkpt>
   <trkpt lon="6.942480" lat="43.524140"><ele>6.25</ele></trkpt>
   <trkpt lon="6.942572" lat="43.524190"><ele>4.75</ele></trkpt>
   <trkpt lon="6.942626" lat="43.524217"><ele>4.0</ele></trkpt>
   <trkpt lon="6.942844" lat="43.524323"><ele>2.25</ele></trkpt>
   <trkpt lon="6.942994" lat="43.524394"><ele>3.0</ele></trkpt>
   <trkpt lon="6.943131" lat="43.524446"><ele>3.5</ele></trkpt>
   <trkpt lon="6.943203" lat="43.524487"><ele>3.25</ele></trkpt>
   <trkpt lon="6.943396" lat="43.524598"><ele>2.75</ele></trkpt>
   <trkpt lon="6.943568" lat="43.524720"><ele>3.75</ele></trkpt>
   <trkpt lon="6.943629" lat="43.524772"><ele>3.5</ele></trkpt>
   <trkpt lon="6.944014" lat="43.525141"><ele>3.25</ele><sym>left</sym></trkpt>
   <trkpt lon="6.943855" lat="43.525218"><ele>3.0</ele></trkpt>
   <trkpt lon="6.943810" lat="43.525240"><ele>3.0</ele><sym>u-turn</sym><type>Via</type></trkpt>
   <trkpt lon="6.943855" lat="43.525218"><ele>3.0</ele></trkpt>
   <trkpt lon="6.944014" lat="43.525141"><ele>3.25</ele><sym>left</sym></trkpt>
   <trkpt lon="6.944077" lat="43.525206"><ele>3.25</ele></trkpt>
   <trkpt lon="6.944473" lat="43.525620"><ele>3.5</ele></trkpt>
   <trkpt lon="6.945094" lat="43.526256"><ele>3.25</ele></trkpt>
   <trkpt lon="6.945225" lat="43.526454"><ele>3.75</ele></trkpt>
   <trkpt lon="6.945265" lat="43.526571"><ele>3.75</ele></trkpt>
   <trkpt lon="6.945280" lat="43.526655"><ele>3.5</ele></trkpt>
   <trkpt lon="6.945344" lat="43.526788"><ele>3.5</ele></trkpt>
   <trkpt lon="6.945388" lat="43.526869"><ele>3.5</ele></trkpt>
   <trkpt lon="6.945663" lat="43.527208"><ele>3.25</ele></trkpt>
   <trkpt lon="6.945677" lat="43.527224"><ele>3.25</ele></trkpt>
   <trkpt lon="6.945758" lat="43.527328"><ele>3.25</ele></trkpt>
   <trkpt lon="6.946030" lat="43.527494"><ele>3.5</ele></trkpt>
   <trkpt lon="6.946139" lat="43.527593"><ele>3.5</ele></trkpt>
   <trkpt lon="6.946270" lat="43.527760"><ele>3.5</ele></trkpt>
   <trkpt lon="6.946701" lat="43.528371"><ele>2.75</ele></trkpt>
   <trkpt lon="6.946748" lat="43.528442"><ele>2.75</ele></trkpt>
   <trkpt lon="6.946845" lat="43.528589"><ele>3.5</ele></trkpt>
   <trkpt lon="6.946871" lat="43.528628"><ele>3.5</ele></trkpt>
   <trkpt lon="6.947204" lat="43.529243"><ele>3.75</ele></trkpt>
   <trkpt lon="6.947288" lat="43.529506"><ele>3.5</ele></trkpt>
   <trkpt lon="6.947336" lat="43.529632"><ele>3.25</ele></trkpt>
   <trkpt lon="6.947359" lat="43.529792"><ele>3.25</ele></trkpt>
   <trkpt lon="6.947381" lat="43.529971"><ele>3.75</ele></trkpt>
   <trkpt lon="6.947401" lat="43.530074"><ele>3.75</ele></trkpt>
   <trkpt lon="6.947442" lat="43.530192"><ele>4.25</ele></trkpt>
   <trkpt lon="6.947434" lat="43.530225"><ele>4.0</ele><sym>right_slight</sym></trkpt>
   <trkpt lon="6.947467" lat="43.530310"><ele>4.0</ele></trkpt>
   <trkpt lon="6.947971" lat="43.531404"><ele>3.0</ele></trkpt>
   <trkpt lon="6.947983" lat="43.531427"><ele>3.0</ele></trkpt>
   <trkpt lon="6.948076" lat="43.531537"><ele>2.75</ele></trkpt>
   <trkpt lon="6.948141" lat="43.531598"><ele>2.75</ele></trkpt>
   <trkpt lon="6.948211" lat="43.531650"><ele>3.0</ele><sym>stay_left</sym></trkpt>
   <trkpt lon="6.948528" lat="43.531798"><ele>3.0</ele></trkpt>
   <trkpt lon="6.948649" lat="43.531865"><ele>2.5</ele></trkpt>
   <trkpt lon="6.948750" lat="43.531934"><ele>2.5</ele></trkpt>
   <trkpt lon="6.948832" lat="43.532003"><ele>2.75</ele></trkpt>
   <trkpt lon="6.948925" lat="43.532097"><ele>2.75</ele></trkpt>
   <trkpt lon="6.949407" lat="43.532664"><ele>2.5</ele></trkpt>
   <trkpt lon="6.949967" lat="43.533256"><ele>2.25</ele></trkpt>
   <trkpt lon="6.950388" lat="43.533700"><ele>2.5</ele></trkpt>
   <trkpt lon="6.950605" lat="43.533908"><ele>2.75</ele></trkpt>
   <trkpt lon="6.951106" lat="43.534397"><ele>2.75</ele></trkpt>
   <trkpt lon="6.951180" lat="43.534477"><ele>2.5</ele></trkpt>
   <trkpt lon="6.951735" lat="43.534985"><ele>2.25</ele></trkpt>
   <trkpt lon="6.952120" lat="43.535322"><ele>2.0</ele></trkpt>
   <trkpt lon="6.952172" lat="43.535365"><ele>2.0</ele></trkpt>
   <trkpt lon="6.952236" lat="43.535419"><ele>2.0</ele></trkpt>
   <trkpt lon="6.952419" lat="43.535572"><ele>2.5</ele></trkpt>
   <trkpt lon="6.952619" lat="43.535726"><ele>2.5</ele></trkpt>
   <trkpt lon="6.952845" lat="43.535921"><ele>2.5</ele></trkpt>
   <trkpt lon="6.952902" lat="43.535970"><ele>2.5</ele></trkpt>
   <trkpt lon="6.953151" lat="43.536177"><ele>2.75</ele></trkpt>
   <trkpt lon="6.953529" lat="43.536491"><ele>2.25</ele></trkpt>
   <trkpt lon="6.953671" lat="43.536622"><ele>2.25</ele></trkpt>
   <trkpt lon="6.953699" lat="43.536645"><ele>2.25</ele></trkpt>
   <trkpt lon="6.953813" lat="43.536713"><ele>2.25</ele></trkpt>
   <trkpt lon="6.954108" lat="43.536978"><ele>2.25</ele></trkpt>
   <trkpt lon="6.954610" lat="43.537389"><ele>2.5</ele></trkpt>
   <trkpt lon="6.955175" lat="43.537808"><ele>2.25</ele></trkpt>
   <trkpt lon="6.955647" lat="43.538147"><ele>2.25</ele></trkpt>
   <trkpt lon="6.956172" lat="43.538497"><ele>2.25</ele><sym>pass_place</sym><type>Shaping</type></trkpt>
   <trkpt lon="6.956175" lat="43.538500"><ele>2.25</ele></trkpt>
   <trkpt lon="6.956313" lat="43.538594"><ele>2.25</ele></trkpt>
   <trkpt lon="6.956395" lat="43.538648"><ele>2.25</ele></trkpt>
   <trkpt lon="6.956865" lat="43.538944"><ele>2.25</ele></trkpt>
   <trkpt lon="6.956917" lat="43.538973"><ele>2.25</ele></trkpt>
   <trkpt lon="6.958080" lat="43.539686"><ele>2.5</ele></trkpt>
   <trkpt lon="6.958687" lat="43.540029"><ele>2.5</ele></trkpt>
   <trkpt lon="6.959596" lat="43.540543"><ele>2.75</ele></trkpt>
   <trkpt lon="6.959886" lat="43.540703"><ele>2.75</ele></trkpt>
   <trkpt lon="6.960443" lat="43.541023"><ele>2.75</ele></trkpt>
   <trkpt lon="6.960795" lat="43.541284"><ele>3.0</ele></trkpt>
   <trkpt lon="6.961071" lat="43.541460"><ele>3.0</ele></trkpt>
   <trkpt lon="6.961111" lat="43.541481"><ele>3.0</ele><sym>roundabout_e1</sym></trkpt>
   <trkpt lon="6.961170" lat="43.541475"><ele>3.0</ele></trkpt>
   <trkpt lon="6.961239" lat="43.541485"><ele>3.0</ele></trkpt>
   <trkpt lon="6.961300" lat="43.541511"><ele>3.0</ele></trkpt>
   <trkpt lon="6.961346" lat="43.541550"><ele>3.0</ele></trkpt>
   <trkpt lon="6.961372" lat="43.541598"><ele>3.0</ele></trkpt>
   <trkpt lon="6.961373" lat="43.541650"><ele>3.0</ele></trkpt>
   <trkpt lon="6.961484" lat="43.541711"><ele>3.0</ele></trkpt>
   <trkpt lon="6.961750" lat="43.541890"><ele>3.0</ele></trkpt>
   <trkpt lon="6.961781" lat="43.541911"><ele>3.0</ele></trkpt>
   <trkpt lon="6.961833" lat="43.541947"><ele>3.0</ele></trkpt>
   <trkpt lon="6.962292" lat="43.542161"><ele>3.0</ele></trkpt>
   <trkpt lon="6.962732" lat="43.542352"><ele>3.0</ele></trkpt>
   <trkpt lon="6.962902" lat="43.542448"><ele>3.0</ele></trkpt>
   <trkpt lon="6.963698" lat="43.542817"><ele>3.25</ele></trkpt>
   <trkpt lon="6.964445" lat="43.543145"><ele>3.25</ele></trkpt>
   <trkpt lon="6.964703" lat="43.543248"><ele>3.0</ele></trkpt>
   <trkpt lon="6.964865" lat="43.543320"><ele>2.75</ele></trkpt>
   <trkpt lon="6.965413" lat="43.543540"><ele>2.75</ele></trkpt>
   <trkpt lon="6.965561" lat="43.543578"><ele>2.75</ele></trkpt>
   <trkpt lon="6.965676" lat="43.543641"><ele>3.0</ele></trkpt>
   <trkpt lon="6.965897" lat="43.543729"><ele>3.25</ele></trkpt>
   <trkpt lon="6.966306" lat="43.543866"><ele>2.75</ele></trkpt>
   <trkpt lon="6.966461" lat="43.543910"><ele>2.75</ele></trkpt>
   <trkpt lon="6.966504" lat="43.543913"><ele>3.0</ele><sym>roundabout_e1</sym></trkpt>
   <trkpt lon="6.966562" lat="43.543902"><ele>3.0</ele></trkpt>
   <trkpt lon="6.966592" lat="43.543908"><ele>3.0</ele></trkpt>
   <trkpt lon="6.966633" lat="43.543941"><ele>3.0</ele></trkpt>
   <trkpt lon="6.966639" lat="43.543962"><ele>3.0</ele></trkpt>
   <trkpt lon="6.966790" lat="43.544007"><ele>2.5</ele></trkpt>
   <trkpt lon="6.966986" lat="43.544046"><ele>2.5</ele></trkpt>
   <trkpt lon="6.967102" lat="43.544109"><ele>2.5</ele></trkpt>
   <trkpt lon="6.967278" lat="43.544207"><ele>3.0</ele></trkpt>
   <trkpt lon="6.967388" lat="43.544253"><ele>2.75</ele></trkpt>
   <trkpt lon="6.967518" lat="43.544300"><ele>2.75</ele></trkpt>
   <trkpt lon="6.967664" lat="43.544336"><ele>2.75</ele><sym>stay_right</sym></trkpt>
   <trkpt lon="6.967695" lat="43.544343"><ele>2.75</ele></trkpt>
   <trkpt lon="6.967927" lat="43.544420"><ele>2.5</ele></trkpt>
   <trkpt lon="6.968143" lat="43.544505"><ele>2.5</ele></trkpt>
   <trkpt lon="6.969013" lat="43.544848"><ele>2.25</ele></trkpt>
   <trkpt lon="6.969608" lat="43.545068"><ele>2.25</ele></trkpt>
   <trkpt lon="6.970127" lat="43.545248"><ele>2.25</ele></trkpt>
   <trkpt lon="6.970836" lat="43.545460"><ele>2.5</ele></trkpt>
   <trkpt lon="6.974213" lat="43.546379"><ele>2.75</ele></trkpt>
   <trkpt lon="6.974306" lat="43.546404"><ele>3.0</ele></trkpt>
   <trkpt lon="6.974963" lat="43.546585"><ele>3.0</ele></trkpt>
   <trkpt lon="6.975710" lat="43.546767"><ele>2.75</ele><sym>stay_right</sym><type>Via</type></trkpt>
   <trkpt lon="6.976433" lat="43.546932"><ele>2.5</ele></trkpt>
   <trkpt lon="6.976912" lat="43.547034"><ele>2.5</ele></trkpt>
   <trkpt lon="6.976995" lat="43.547051"><ele>2.5</ele></trkpt>
   <trkpt lon="6.977038" lat="43.547060"><ele>2.5</ele></trkpt>
   <trkpt lon="6.977565" lat="43.547169"><ele>2.5</ele></trkpt>
   <trkpt lon="6.977890" lat="43.547233"><ele>2.5</ele></trkpt>
   <trkpt lon="6.978482" lat="43.547378"><ele>2.5</ele></trkpt>
   <trkpt lon="6.978808" lat="43.547431"><ele>2.5</ele></trkpt>
   <trkpt lon="6.979281" lat="43.547486"><ele>2.5</ele></trkpt>
   <trkpt lon="6.979573" lat="43.547519"><ele>2.5</ele></trkpt>
   <trkpt lon="6.979872" lat="43.547531"><ele>2.5</ele></trkpt>
   <trkpt lon="6.979906" lat="43.547534"><ele>2.5</ele></trkpt>
   <trkpt lon="6.980108" lat="43.547559"><ele>2.5</ele><sym>roundabout_e1</sym></trkpt>
   <trkpt lon="6.980151" lat="43.547534"><ele>2.25</ele></trkpt>
   <trkpt lon="6.980178" lat="43.547533"><ele>2.25</ele></trkpt>
   <trkpt lon="6.980205" lat="43.547539"><ele>2.25</ele></trkpt>
   <trkpt lon="6.980226" lat="43.547552"><ele>2.5</ele></trkpt>
   <trkpt lon="6.980238" lat="43.547570"><ele>2.75</ele></trkpt>
   <trkpt lon="6.980285" lat="43.547554"><ele>2.5</ele></trkpt>
   <trkpt lon="6.980330" lat="43.547553"><ele>2.25</ele></trkpt>
   <trkpt lon="6.980461" lat="43.547575"><ele>2.25</ele></trkpt>
   <trkpt lon="6.980547" lat="43.547589"><ele>2.25</ele></trkpt>
   <trkpt lon="6.981630" lat="43.547738"><ele>2.25</ele></trkpt>
   <trkpt lon="6.981725" lat="43.547750"><ele>2.25</ele></trkpt>
   <trkpt lon="6.981841" lat="43.547765"><ele>2.25</ele></trkpt>
   <trkpt lon="6.982579" lat="43.547864"><ele>2.5</ele></trkpt>
   <trkpt lon="6.983376" lat="43.547974"><ele>2.75</ele></trkpt>
   <trkpt lon="6.983722" lat="43.548032"><ele>3.0</ele></trkpt>
   <trkpt lon="6.983990" lat="43.548078"><ele>3.25</ele></trkpt>
   <trkpt lon="6.984035" lat="43.548086"><ele>3.25</ele></trkpt>
   <trkpt lon="6.984062" lat="43.548091"><ele>3.0</ele></trkpt>
   <trkpt lon="6.984919" lat="43.548256"><ele>3.0</ele></trkpt>
   <trkpt lon="6.985840" lat="43.548420"><ele>3.0</ele></trkpt>
   <trkpt lon="6.986179" lat="43.548486"><ele>3.0</ele></trkpt>
   <trkpt lon="6.987256" lat="43.548700"><ele>3.0</ele></trkpt>
   <trkpt lon="6.987652" lat="43.548765"><ele>3.0</ele></trkpt>
   <trkpt lon="6.988472" lat="43.548875"><ele>3.0</ele></trkpt>
   <trkpt lon="6.988881" lat="43.548920"><ele>3.0</ele></trkpt>
   <trkpt lon="6.989319" lat="43.548954"><ele>3.0</ele></trkpt>
   <trkpt lon="6.990837" lat="43.549055"><ele>3.0</ele></trkpt>
   <trkpt lon="6.992223" lat="43.549131"><ele>3.0</ele></trkpt>
   <trkpt lon="6.993084" lat="43.549175"><ele>3.0</ele></trkpt>
   <trkpt lon="6.993913" lat="43.549219"><ele>3.0</ele></trkpt>
   <trkpt lon="6.995376" lat="43.549264"><ele>3.25</ele><sym>stay_right</sym></trkpt>
   <trkpt lon="6.995715" lat="43.549257"><ele>3.5</ele></trkpt>
   <trkpt lon="6.996519" lat="43.549244"><ele>3.5</ele></trkpt>
   <trkpt lon="6.998300" lat="43.549175"><ele>2.5</ele><sym>u-turn_right</sym></trkpt>
   <trkpt lon="6.998299" lat="43.549169"><ele>2.5</ele><sym>pass_place</sym><type>Shaping</type></trkpt>
   <trkpt lon="6.998300" lat="43.549175"><ele>2.5</ele></trkpt>
   <trkpt lon="6.998416" lat="43.549171"><ele>2.5</ele></trkpt>
   <trkpt lon="6.998499" lat="43.549167"><ele>2.25</ele></trkpt>
   <trkpt lon="6.999095" lat="43.549144"><ele>2.25</ele></trkpt>
   <trkpt lon="7.000106" lat="43.549103"><ele>2.0</ele></trkpt>
   <trkpt lon="7.000626" lat="43.549081"><ele>1.75</ele></trkpt>
   <trkpt lon="7.001272" lat="43.549052"><ele>1.75</ele></trkpt>
   <trkpt lon="7.001699" lat="43.549041"><ele>1.5</ele></trkpt>
   <trkpt lon="7.001697" lat="43.549009"><ele>1.75</ele></trkpt>
   <trkpt lon="7.001696" lat="43.548993"><ele>1.75</ele></trkpt>
   <trkpt lon="7.001720" lat="43.548992"><ele>1.75</ele></trkpt>
   <trkpt lon="7.002106" lat="43.548981"><ele>2.25</ele></trkpt>
   <trkpt lon="7.002252" lat="43.548991"><ele>2.5</ele></trkpt>
   <trkpt lon="7.002343" lat="43.548989"><ele>2.5</ele></trkpt>
   <trkpt lon="7.002442" lat="43.548977"><ele>2.75</ele></trkpt>
   <trkpt lon="7.002876" lat="43.548983"><ele>3.0</ele></trkpt>
   <trkpt lon="7.003315" lat="43.549005"><ele>3.25</ele></trkpt>
   <trkpt lon="7.003887" lat="43.549004"><ele>2.25</ele></trkpt>
   <trkpt lon="7.004977" lat="43.548932"><ele>3.0</ele></trkpt>
   <trkpt lon="7.006035" lat="43.548859"><ele>3.5</ele></trkpt>
   <trkpt lon="7.006206" lat="43.548847"><ele>3.5</ele></trkpt>
   <trkpt lon="7.006279" lat="43.548831"><ele>3.25</ele></trkpt>
   <trkpt lon="7.006323" lat="43.548823"><ele>3.25</ele></trkpt>
   <trkpt lon="7.006556" lat="43.548806"><ele>3.0</ele></trkpt>
   <trkpt lon="7.006698" lat="43.548811"><ele>3.0</ele></trkpt>
   <trkpt lon="7.006952" lat="43.548774"><ele>3.0</ele></trkpt>
   <trkpt lon="7.007516" lat="43.548725"><ele>3.25</ele></trkpt>
   <trkpt lon="7.007554" lat="43.548721"><ele>3.25</ele></trkpt>
   <trkpt lon="7.007849" lat="43.548690"><ele>3.75</ele></trkpt>
   <trkpt lon="7.007890" lat="43.548682"><ele>4.0</ele></trkpt>
   <trkpt lon="7.008592" lat="43.548544"><ele>3.25</ele></trkpt>
   <trkpt lon="7.009367" lat="43.548389"><ele>4.25</ele></trkpt>
   <trkpt lon="7.010111" lat="43.548221"><ele>3.5</ele></trkpt>
   <trkpt lon="7.010809" lat="43.548089"><ele>4.0</ele></trkpt>
   <trkpt lon="7.010926" lat="43.548095"><ele>4.0</ele></trkpt>
   <trkpt lon="7.011033" lat="43.548096"><ele>4.0</ele></trkpt>
   <trkpt lon="7.011147" lat="43.548078"><ele>3.75</ele></trkpt>
   <trkpt lon="7.011261" lat="43.548029"><ele>3.5</ele></trkpt>
   <trkpt lon="7.011339" lat="43.547986"><ele>3.25</ele></trkpt>
   <trkpt lon="7.011429" lat="43.547958"><ele>3.25</ele></trkpt>
   <trkpt lon="7.011772" lat="43.547870"><ele>3.25</ele></trkpt>
   <trkpt lon="7.011884" lat="43.547845"><ele>3.0</ele></trkpt>
   <trkpt lon="7.011986" lat="43.547822"><ele>3.0</ele></trkpt>
   <trkpt lon="7.012107" lat="43.547804"><ele>3.0</ele></trkpt>
   <trkpt lon="7.012249" lat="43.547813"><ele>3.0</ele></trkpt>
   <trkpt lon="7.012344" lat="43.547842"><ele>3.0</ele></trkpt>
   <trkpt lon="7.012446" lat="43.547908"><ele>3.0</ele><sym>left_slight</sym></trkpt>
   <trkpt lon="7.012458" lat="43.547942"><ele>3.0</ele></trkpt>
   <trkpt lon="7.012493" lat="43.548046"><ele>3.0</ele></trkpt>
   <trkpt lon="7.012546" lat="43.548279"><ele>2.0</ele><sym>left_slight</sym></trkpt>
   <trkpt lon="7.012524" lat="43.548317"><ele>1.75</ele><sym>right_slight</sym></trkpt>
   <trkpt lon="7.012541" lat="43.548325"><ele>1.5</ele></trkpt>
   <trkpt lon="7.012575" lat="43.548378"><ele>1.5</ele></trkpt>
   <trkpt lon="7.012581" lat="43.548419"><ele>1.5</ele></trkpt>
   <trkpt lon="7.012560" lat="43.548450"><ele>1.5</ele></trkpt>
   <trkpt lon="7.012537" lat="43.548559"><ele>1.25</ele></trkpt>
   <trkpt lon="7.012486" lat="43.548800"><ele>1.0</ele></trkpt>
   <trkpt lon="7.012455" lat="43.548948"><ele>1.0</ele></trkpt>
   <trkpt lon="7.012398" lat="43.549216"><ele>1.0</ele></trkpt>
   <trkpt lon="7.012330" lat="43.549544"><ele>1.0</ele></trkpt>
   <trkpt lon="7.012261" lat="43.549896"><ele>1.25</ele></trkpt>
   <trkpt lon="7.012203" lat="43.550159"><ele>1.5</ele></trkpt>
   <trkpt lon="7.012144" lat="43.550429"><ele>1.5</ele></trkpt>
   <trkpt lon="7.012131" lat="43.550490"><ele>1.75</ele></trkpt>
   <trkpt lon="7.012133" lat="43.550548"><ele>1.75</ele></trkpt>
   <trkpt lon="7.012165" lat="43.550643"><ele>2.0</ele></trkpt>
   <trkpt lon="7.012206" lat="43.550719"><ele>2.0</ele><sym>roundabout_e1</sym></trkpt>
   <trkpt lon="7.012268" lat="43.550709"><ele>1.75</ele></trkpt>
   <trkpt lon="7.012307" lat="43.550712"><ele>1.75</ele></trkpt>
   <trkpt lon="7.012341" lat="43.550722"><ele>1.75</ele></trkpt>
   <trkpt lon="7.012389" lat="43.550751"><ele>1.75</ele></trkpt>
   <trkpt lon="7.012479" lat="43.550752"><ele>1.75</ele></trkpt>
   <trkpt lon="7.012533" lat="43.550762"><ele>1.75</ele></trkpt>
   <trkpt lon="7.012800" lat="43.550855"><ele>1.75</ele></trkpt>
   <trkpt lon="7.013221" lat="43.550999"><ele>1.75</ele></trkpt>
   <trkpt lon="7.013255" lat="43.551010"><ele>1.5</ele><sym>right_slight</sym></trkpt>
   <trkpt lon="7.013323" lat="43.550998"><ele>1.5</ele></trkpt>
   <trkpt lon="7.013405" lat="43.550984"><ele>1.5</ele></trkpt>
   <trkpt lon="7.013722" lat="43.551044"><ele>1.5</ele></trkpt>
   <trkpt lon="7.014230" lat="43.551139"><ele>1.75</ele></trkpt>
   <trkpt lon="7.014689" lat="43.551228"><ele>2.0</ele></trkpt>
   <trkpt lon="7.014725" lat="43.551252"><ele>2.0</ele></trkpt>
   <trkpt lon="7.014770" lat="43.551266"><ele>2.0</ele></trkpt>
   <trkpt lon="7.015015" lat="43.551295"><ele>2.0</ele></trkpt>
   <trkpt lon="7.015078" lat="43.551320"><ele>2.0</ele></trkpt>
   <trkpt lon="7.015098" lat="43.551353"><ele>2.0</ele></trkpt>
   <trkpt lon="7.015147" lat="43.551390"><ele>2.0</ele><sym>pass_place</sym><type>Shaping</type></trkpt>
   <trkpt lon="7.015151" lat="43.551394"><ele>2.0</ele><sym>right_slight</sym></trkpt>
   <trkpt lon="7.015496" lat="43.551435"><ele>2.0</ele><sym>stay_right</sym></trkpt>
   <trkpt lon="7.015940" lat="43.551474"><ele>2.25</ele></trkpt>
   <trkpt lon="7.016292" lat="43.551488"><ele>2.0</ele></trkpt>
   <trkpt lon="7.016382" lat="43.551487"><ele>2.25</ele></trkpt>
   <trkpt lon="7.016563" lat="43.551505"><ele>2.0</ele><sym>straight</sym></trkpt>
   <trkpt lon="7.016772" lat="43.551478"><ele>2.25</ele></trkpt>
   <trkpt lon="7.017072" lat="43.551429"><ele>2.75</ele></trkpt>
   <trkpt lon="7.017313" lat="43.551392"><ele>2.75</ele></trkpt>
   <trkpt lon="7.017469" lat="43.551369"><ele>3.0</ele></trkpt>
   <trkpt lon="7.017773" lat="43.551303"><ele>3.0</ele></trkpt>
   <trkpt lon="7.018171" lat="43.551204"><ele>3.0</ele></trkpt>
   <trkpt lon="7.018245" lat="43.551182"><ele>3.0</ele></trkpt>
   <trkpt lon="7.018858" lat="43.550990"><ele>3.0</ele></trkpt>
   <trkpt lon="7.019101" lat="43.550905"><ele>3.0</ele></trkpt>
   <trkpt lon="7.019194" lat="43.550871"><ele>3.0</ele></trkpt>
   <trkpt lon="7.019450" lat="43.550793"><ele>3.0</ele></trkpt>
   <trkpt lon="7.019564" lat="43.550766"><ele>3.0</ele></trkpt>
   <trkpt lon="7.019831" lat="43.550729"><ele>3.5</ele></trkpt>
   <trkpt lon="7.019989" lat="43.550716"><ele>3.75</ele></trkpt>
   <trkpt lon="7.020052" lat="43.550713"><ele>4.0</ele></trkpt>
   <trkpt lon="7.020300" lat="43.550705"><ele>4.0</ele></trkpt>
   <trkpt lon="7.020728" lat="43.550671"><ele>4.0</ele></trkpt>
   <trkpt lon="7.021078" lat="43.550619"><ele>4.0</ele></trkpt>
   <trkpt lon="7.021225" lat="43.550586"><ele>4.0</ele></trkpt>
   <trkpt lon="7.021308" lat="43.550570"><ele>4.0</ele></trkpt>
   <trkpt lon="7.021664" lat="43.550502"><ele>3.75</ele></trkpt>
   <trkpt lon="7.021790" lat="43.550481"><ele>3.5</ele></trkpt>
   <trkpt lon="7.022216" lat="43.550411"><ele>3.25</ele></trkpt>
   <trkpt lon="7.022758" lat="43.550317"><ele>3.75</ele></trkpt>
   <trkpt lon="7.022876" lat="43.550296"><ele>4.0</ele></trkpt>
   <trkpt lon="7.022997" lat="43.550273"><ele>3.75</ele></trkpt>
   <trkpt lon="7.023546" lat="43.550169"><ele>3.5</ele></trkpt>
   <trkpt lon="7.023638" lat="43.550148"><ele>3.5</ele></trkpt>
   <trkpt lon="7.024278" lat="43.549995"><ele>3.75</ele></trkpt>
   <trkpt lon="7.024863" lat="43.549849"><ele>3.25</ele></trkpt>
   <trkpt lon="7.024963" lat="43.549821"><ele>3.25</ele></trkpt>
   <trkpt lon="7.025408" lat="43.549696"><ele>3.75</ele></trkpt>
   <trkpt lon="7.025568" lat="43.549651"><ele>3.25</ele></trkpt>
   <trkpt lon="7.025706" lat="43.549606"><ele>3.25</ele></trkpt>
   <trkpt lon="7.026247" lat="43.549436"><ele>3.75</ele></trkpt>
   <trkpt lon="7.026395" lat="43.549385"><ele>3.5</ele></trkpt>
   <trkpt lon="7.026504" lat="43.549343"><ele>3.5</ele></trkpt>
   <trkpt lon="7.026937" lat="43.549195"><ele>4.0</ele></trkpt>
   <trkpt lon="7.027524" lat="43.548981"><ele>3.25</ele></trkpt>
   <trkpt lon="7.027631" lat="43.548947"><ele>3.5</ele></trkpt>
   <trkpt lon="7.027739" lat="43.548906"><ele>3.75</ele></trkpt>
   <trkpt lon="7.028205" lat="43.548728"><ele>3.5</ele></trkpt>
   <trkpt lon="7.028653" lat="43.548544"><ele>3.5</ele></trkpt>
   <trkpt lon="7.028762" lat="43.548495"><ele>3.5</ele></trkpt>
   <trkpt lon="7.028948" lat="43.548406"><ele>4.0</ele></trkpt>
   <trkpt lon="7.029475" lat="43.548146"><ele>4.0</ele></trkpt>
   <trkpt lon="7.029968" lat="43.547888"><ele>3.75</ele></trkpt>
   <trkpt lon="7.030131" lat="43.547803"><ele>4.0</ele></trkpt>
   <trkpt lon="7.030267" lat="43.547732"><ele>3.5</ele></trkpt>
   <trkpt lon="7.030989" lat="43.547351"><ele>3.5</ele></trkpt>
   <trkpt lon="7.031468" lat="43.547107"><ele>3.5</ele></trkpt>
   <trkpt lon="7.031587" lat="43.547046"><ele>3.75</ele></trkpt>
   <trkpt lon="7.031713" lat="43.546979"><ele>3.75</ele></trkpt>
   <trkpt lon="7.032793" lat="43.546412"><ele>4.0</ele></trkpt>
   <trkpt lon="7.033206" lat="43.546177"><ele>4.0</ele></trkpt>
   <trkpt lon="7.033308" lat="43.546105"><ele>4.0</ele></trkpt>
   <trkpt lon="7.033696" lat="43.545940"><ele>4.0</ele></trkpt>
   <trkpt lon="7.033755" lat="43.545922"><ele>3.75</ele></trkpt>
   <trkpt lon="7.033802" lat="43.545916"><ele>4.0</ele></trkpt>
   <trkpt lon="7.033862" lat="43.545911"><ele>4.0</ele></trkpt>
   <trkpt lon="7.033887" lat="43.545909"><ele>4.0</ele></trkpt>
   <trkpt lon="7.033970" lat="43.545916"><ele>3.75</ele><sym>left_slight</sym></trkpt>
   <trkpt lon="7.034012" lat="43.545953"><ele>4.0</ele></trkpt>
   <trkpt lon="7.034171" lat="43.546105"><ele>4.0</ele></trkpt>
   <trkpt lon="7.034236" lat="43.546163"><ele>4.75</ele></trkpt>
   <trkpt lon="7.034364" lat="43.546245"><ele>5.5</ele></trkpt>
   <trkpt lon="7.034396" lat="43.546274"><ele>5.5</ele></trkpt>
   <trkpt lon="7.034469" lat="43.546340"><ele>5.5</ele></trkpt>
   <trkpt lon="7.034659" lat="43.546474"><ele>6.75</ele></trkpt>
   <trkpt lon="7.034746" lat="43.546521"><ele>7.5</ele></trkpt>
   <trkpt lon="7.034839" lat="43.546547"><ele>8.25</ele></trkpt>
   <trkpt lon="7.035013" lat="43.546561"><ele>9.5</ele></trkpt>
   <trkpt lon="7.035495" lat="43.546543"><ele>11.5</ele></trkpt>
   <trkpt lon="7.035500" lat="43.546542"><ele>12.0</ele><sym>pass_place</sym><type>Shaping</type></trkpt>
   <trkpt lon="7.035639" lat="43.546537"><ele>12.0</ele></trkpt>
   <trkpt lon="7.035737" lat="43.546536"><ele>12.0</ele></trkpt>
   <trkpt lon="7.035892" lat="43.546532"><ele>12.0</ele></trkpt>
   <trkpt lon="7.036067" lat="43.546517"><ele>12.25</ele></trkpt>
   <trkpt lon="7.036205" lat="43.546493"><ele>12.75</ele></trkpt>
   <trkpt lon="7.036482" lat="43.546475"><ele>13.25</ele></trkpt>
   <trkpt lon="7.037456" lat="43.546435"><ele>14.75</ele></trkpt>
   <trkpt lon="7.037543" lat="43.546425"><ele>15.0</ele></trkpt>
   <trkpt lon="7.037729" lat="43.546418"><ele>15.0</ele><sym>left</sym></trkpt>
   <trkpt lon="7.037840" lat="43.546559"><ele>15.5</ele><sym>right</sym></trkpt>
   <trkpt lon="7.038979" lat="43.546490"><ele>15.25</ele></trkpt>
   <trkpt lon="7.039230" lat="43.546475"><ele>15.25</ele></trkpt>
   <trkpt lon="7.039287" lat="43.546456"><ele>15.0</ele></trkpt>
   <trkpt lon="7.039338" lat="43.546428"><ele>15.0</ele></trkpt>
   <trkpt lon="7.039403" lat="43.546412"><ele>15.0</ele></trkpt>
   <trkpt lon="7.040241" lat="43.546373"><ele>14.75</ele></trkpt>
   <trkpt lon="7.040824" lat="43.546343"><ele>15.75</ele></trkpt>
   <trkpt lon="7.041556" lat="43.546307"><ele>15.75</ele></trkpt>
   <trkpt lon="7.041821" lat="43.546305"><ele>15.75</ele></trkpt>
   <trkpt lon="7.042135" lat="43.546327"><ele>15.75</ele></trkpt>
   <trkpt lon="7.042561" lat="43.546369"><ele>14.75</ele></trkpt>
   <trkpt lon="7.043022" lat="43.546412"><ele>15.0</ele></trkpt>
   <trkpt lon="7.043633" lat="43.546457"><ele>15.0</ele></trkpt>
   <trkpt lon="7.043954" lat="43.546488"><ele>15.25</ele></trkpt>
   <trkpt lon="7.044029" lat="43.546531"><ele>15.5</ele></trkpt>
   <trkpt lon="7.044141" lat="43.546574"><ele>15.5</ele></trkpt>
   <trkpt lon="7.044233" lat="43.546619"><ele>15.5</ele></trkpt>
   <trkpt lon="7.044293" lat="43.546665"><ele>15.5</ele></trkpt>
   <trkpt lon="7.044326" lat="43.546712"><ele>15.5</ele></trkpt>
   <trkpt lon="7.044343" lat="43.546761"><ele>15.75</ele></trkpt>
   <trkpt lon="7.044344" lat="43.546836"><ele>16.25</ele></trkpt>
   <trkpt lon="7.044298" lat="43.546972"><ele>17.0</ele></trkpt>
   <trkpt lon="7.044247" lat="43.547123"><ele>18.0</ele></trkpt>
   <trkpt lon="7.044249" lat="43.547144"><ele>18.0</ele></trkpt>
   <trkpt lon="7.044339" lat="43.547192"><ele>18.0</ele><sym>roundabout_e1</sym></trkpt>
   <trkpt lon="7.044357" lat="43.547165"><ele>18.0</ele></trkpt>
   <trkpt lon="7.044386" lat="43.547143"><ele>17.75</ele></trkpt>
   <trkpt lon="7.044423" lat="43.547129"><ele>17.5</ele></trkpt>
   <trkpt lon="7.044465" lat="43.547125"><ele>17.5</ele></trkpt>
   <trkpt lon="7.044502" lat="43.547129"><ele>17.5</ele></trkpt>
   <trkpt lon="7.044535" lat="43.547141"><ele>17.5</ele></trkpt>
   <trkpt lon="7.044563" lat="43.547159"><ele>17.75</ele></trkpt>
   <trkpt lon="7.044582" lat="43.547182"><ele>17.75</ele></trkpt>
   <trkpt lon="7.044679" lat="43.547193"><ele>17.75</ele></trkpt>
   <trkpt lon="7.044827" lat="43.547240"><ele>17.5</ele></trkpt>
   <trkpt lon="7.044976" lat="43.547254"><ele>17.0</ele></trkpt>
   <trkpt lon="7.045057" lat="43.547238"><ele>16.75</ele></trkpt>
   <trkpt lon="7.045534" lat="43.547267"><ele>16.0</ele></trkpt>
   <trkpt lon="7.045941" lat="43.547297"><ele>14.75</ele></trkpt>
   <trkpt lon="7.045979" lat="43.547300"><ele>14.75</ele></trkpt>
   <trkpt lon="7.046011" lat="43.547300"><ele>14.75</ele></trkpt>
   <trkpt lon="7.046044" lat="43.547299"><ele>14.5</ele></trkpt>
   <trkpt lon="7.046079" lat="43.547286"><ele>14.5</ele></trkpt>
   <trkpt lon="7.046112" lat="43.547262"><ele>14.25</ele></trkpt>
   <trkpt lon="7.046170" lat="43.547145"><ele>13.25</ele></trkpt>
   <trkpt lon="7.046226" lat="43.547157"><ele>13.25</ele><sym>straight</sym></trkpt>
   <trkpt lon="7.046267" lat="43.547163"><ele>13.0</ele></trkpt>
   <trkpt lon="7.046326" lat="43.547160"><ele>12.75</ele></trkpt>
   <trkpt lon="7.046380" lat="43.547159"><ele>12.5</ele><sym>left_slight</sym></trkpt>
   <trkpt lon="7.046409" lat="43.547207"><ele>12.75</ele></trkpt>
   <trkpt lon="7.046506" lat="43.547262"><ele>13.0</ele></trkpt>
   <trkpt lon="7.046574" lat="43.547329"><ele>13.5</ele></trkpt>
   <trkpt lon="7.046596" lat="43.547338"><ele>13.5</ele></trkpt>
   <trkpt lon="7.046728" lat="43.547353"><ele>13.0</ele><sym>stay_right</sym></trkpt>
   <trkpt lon="7.047548" lat="43.547398"><ele>12.0</ele></trkpt>
   <trkpt lon="7.048245" lat="43.547434"><ele>13.25</ele></trkpt>
   <trkpt lon="7.048635" lat="43.547431"><ele>13.25</ele></trkpt>
   <trkpt lon="7.049195" lat="43.547390"><ele>12.0</ele></trkpt>
   <trkpt lon="7.050039" lat="43.547336"><ele>12.0</ele></trkpt>
   <trkpt lon="7.050303" lat="43.547328"><ele>11.5</ele></trkpt>
   <trkpt lon="7.051102" lat="43.547362"><ele>12.5</ele></trkpt>
   <trkpt lon="7.051497" lat="43.547396"><ele>12.0</ele></trkpt>
   <trkpt lon="7.051916" lat="43.547442"><ele>12.25</ele></trkpt>
   <trkpt lon="7.052310" lat="43.547510"><ele>13.0</ele></trkpt>
   <trkpt lon="7.052615" lat="43.547576"><ele>13.25</ele></trkpt>
   <trkpt lon="7.052917" lat="43.547654"><ele>12.75</ele></trkpt>
   <trkpt lon="7.053365" lat="43.547799"><ele>13.0</ele></trkpt>
   <trkpt lon="7.053648" lat="43.547906"><ele>13.25</ele></trkpt>
   <trkpt lon="7.053797" lat="43.547968"><ele>14.25</ele></trkpt>
   <trkpt lon="7.054147" lat="43.548136"><ele>13.5</ele></trkpt>
   <trkpt lon="7.054579" lat="43.548375"><ele>13.75</ele></trkpt>
   <trkpt lon="7.055010" lat="43.548667"><ele>13.75</ele></trkpt>
   <trkpt lon="7.055181" lat="43.548802"><ele>15.25</ele></trkpt>
   <trkpt lon="7.055359" lat="43.548954"><ele>15.25</ele></trkpt>
   <trkpt lon="7.055537" lat="43.549118"><ele>15.25</ele></trkpt>
   <trkpt lon="7.055807" lat="43.549400"><ele>15.5</ele><sym>pass_place</sym><type>Shaping</type></trkpt>
   <trkpt lon="7.056513" lat="43.550302"><ele>13.5</ele></trkpt>
   <trkpt lon="7.056618" lat="43.550468"><ele>13.25</ele></trkpt>
   <trkpt lon="7.056669" lat="43.550564"><ele>13.0</ele></trkpt>
   <trkpt lon="7.056777" lat="43.550643"><ele>13.0</ele></trkpt>
   <trkpt lon="7.056820" lat="43.550674"><ele>13.0</ele></trkpt>
   <trkpt lon="7.056841" lat="43.550702"><ele>13.0</ele></trkpt>
   <trkpt lon="7.056943" lat="43.550838"><ele>13.0</ele></trkpt>
   <trkpt lon="7.057088" lat="43.551028"><ele>12.0</ele></trkpt>
   <trkpt lon="7.057102" lat="43.551069"><ele>12.0</ele></trkpt>
   <trkpt lon="7.057133" lat="43.551179"><ele>12.5</ele></trkpt>
   <trkpt lon="7.057364" lat="43.551477"><ele>13.25</ele></trkpt>
   <trkpt lon="7.057488" lat="43.551579"><ele>12.75</ele></trkpt>
   <trkpt lon="7.057548" lat="43.551625"><ele>12.25</ele></trkpt>
   <trkpt lon="7.057723" lat="43.551851"><ele>12.75</ele></trkpt>
   <trkpt lon="7.057747" lat="43.551906"><ele>13.0</ele></trkpt>
   <trkpt lon="7.057810" lat="43.552043"><ele>13.5</ele></trkpt>
   <trkpt lon="7.057848" lat="43.552091"><ele>13.5</ele></trkpt>
   <trkpt lon="7.058009" lat="43.552306"><ele>15.0</ele></trkpt>
   <trkpt lon="7.058119" lat="43.552453"><ele>15.0</ele></trkpt>
   <trkpt lon="7.058506" lat="43.552892"><ele>15.25</ele></trkpt>
   <trkpt lon="7.058616" lat="43.553015"><ele>14.5</ele></trkpt>
   <trkpt lon="7.058837" lat="43.553234"><ele>14.25</ele></trkpt>
   <trkpt lon="7.059046" lat="43.553417"><ele>14.25</ele></trkpt>
   <trkpt lon="7.059141" lat="43.553488"><ele>13.75</ele></trkpt>
   <trkpt lon="7.059259" lat="43.553565"><ele>13.25</ele></trkpt>
   <trkpt lon="7.059623" lat="43.553855"><ele>12.75</ele></trkpt>
   <trkpt lon="7.059901" lat="43.554096"><ele>12.25</ele></trkpt>
   <trkpt lon="7.060070" lat="43.554252"><ele>11.5</ele></trkpt>
   <trkpt lon="7.060339" lat="43.554498"><ele>10.25</ele></trkpt>
   <trkpt lon="7.060396" lat="43.554535"><ele>10.0</ele></trkpt>
   <trkpt lon="7.060578" lat="43.554643"><ele>9.75</ele></trkpt>
   <trkpt lon="7.060760" lat="43.554810"><ele>10.0</ele></trkpt>
   <trkpt lon="7.060805" lat="43.554871"><ele>10.0</ele></trkpt>
   <trkpt lon="7.060914" lat="43.555024"><ele>11.25</ele></trkpt>
   <trkpt lon="7.061140" lat="43.555277"><ele>12.75</ele></trkpt>
   <trkpt lon="7.061550" lat="43.555788"><ele>13.0</ele></trkpt>
   <trkpt lon="7.061828" lat="43.556187"><ele>12.75</ele></trkpt>
   <trkpt lon="7.062384" lat="43.557072"><ele>11.75</ele></trkpt>
   <trkpt lon="7.062573" lat="43.557367"><ele>11.75</ele></trkpt>
   <trkpt lon="7.062690" lat="43.557484"><ele>11.5</ele></trkpt>
   <trkpt lon="7.063038" lat="43.557879"><ele>12.5</ele></trkpt>
   <trkpt lon="7.063121" lat="43.558021"><ele>13.25</ele></trkpt>
   <trkpt lon="7.063648" lat="43.558528"><ele>13.5</ele></trkpt>
   <trkpt lon="7.064717" lat="43.559617"><ele>12.0</ele></trkpt>
   <trkpt lon="7.065105" lat="43.560040"><ele>11.0</ele></trkpt>
   <trkpt lon="7.065267" lat="43.560232"><ele>11.0</ele></trkpt>
   <trkpt lon="7.065482" lat="43.560470"><ele>11.75</ele></trkpt>
   <trkpt lon="7.066303" lat="43.561300"><ele>12.0</ele></trkpt>
   <trkpt lon="7.066804" lat="43.561747"><ele>10.25</ele><sym>left</sym></trkpt>
   <trkpt lon="7.066747" lat="43.561780"><ele>11.25</ele><sym>right_slight</sym></trkpt>
   <trkpt lon="7.066710" lat="43.561806"><ele>11.5</ele></trkpt>
   <trkpt lon="7.066708" lat="43.561843"><ele>11.25</ele><sym>straight</sym></trkpt>
   <trkpt lon="7.066714" lat="43.561917"><ele>11.25</ele><sym>right_slight</sym></trkpt>
   <trkpt lon="7.066710" lat="43.561951"><ele>11.0</ele></trkpt>
   <trkpt lon="7.066781" lat="43.561964"><ele>11.25</ele><sym>left_slight</sym></trkpt>
   <trkpt lon="7.066870" lat="43.561996"><ele>11.0</ele></trkpt>
   <trkpt lon="7.067034" lat="43.562139"><ele>8.75</ele></trkpt>
   <trkpt lon="7.067102" lat="43.562145"><ele>8.5</ele><sym>left_slight</sym></trkpt>
   <trkpt lon="7.067164" lat="43.562177"><ele>8.5</ele></trkpt>
   <trkpt lon="7.067193" lat="43.562216"><ele>8.75</ele></trkpt>
   <trkpt lon="7.067229" lat="43.562316"><ele>9.25</ele></trkpt>
   <trkpt lon="7.067304" lat="43.562576"><ele>9.25</ele></trkpt>
   <trkpt lon="7.067344" lat="43.562735"><ele>10.0</ele></trkpt>
   <trkpt lon="7.067349" lat="43.563029"><ele>11.25</ele><sym>pass_place</sym><type>Shaping</type></trkpt>
   <trkpt lon="7.067350" lat="43.563031"><ele>11.25</ele><sym>left_slight</sym></trkpt>
   <trkpt lon="7.067330" lat="43.563191"><ele>12.25</ele></trkpt>
   <trkpt lon="7.067357" lat="43.563292"><ele>12.75</ele></trkpt>
   <trkpt lon="7.067371" lat="43.563380"><ele>12.75</ele></trkpt>
   <trkpt lon="7.067390" lat="43.563431"><ele>12.5</ele></trkpt>
   <trkpt lon="7.067381" lat="43.563473"><ele>12.5</ele><sym>right_slight</sym></trkpt>
   <trkpt lon="7.067461" lat="43.563559"><ele>12.0</ele></trkpt>
   <trkpt lon="7.067510" lat="43.563663"><ele>11.75</ele></trkpt>
   <trkpt lon="7.067570" lat="43.563771"><ele>11.5</ele></trkpt>
   <trkpt lon="7.067670" lat="43.563907"><ele>11.25</ele></trkpt>
   <trkpt lon="7.068208" lat="43.564484"><ele>10.5</ele></trkpt>
   <trkpt lon="7.068265" lat="43.564545"><ele>10.5</ele></trkpt>
   <trkpt lon="7.068431" lat="43.564711"><ele>10.5</ele></trkpt>
   <trkpt lon="7.068580" lat="43.564834"><ele>10.0</ele></trkpt>
   <trkpt lon="7.068604" lat="43.564853"><ele>10.0</ele></trkpt>
   <trkpt lon="7.068853" lat="43.565041"><ele>10.0</ele></trkpt>
   <trkpt lon="7.069046" lat="43.565186"><ele>10.0</ele></trkpt>
   <trkpt lon="7.069394" lat="43.565449"><ele>8.5</ele></trkpt>
   <trkpt lon="7.069460" lat="43.565499"><ele>8.0</ele></trkpt>
   <trkpt lon="7.069558" lat="43.565574"><ele>7.5</ele></trkpt>
   <trkpt lon="7.069780" lat="43.565750"><ele>7.25</ele></trkpt>
   <trkpt lon="7.069878" lat="43.565829"><ele>7.25</ele></trkpt>
   <trkpt lon="7.070177" lat="43.566066"><ele>6.75</ele></trkpt>
   <trkpt lon="7.070311" lat="43.566175"><ele>8.0</ele></trkpt>
   <trkpt lon="7.070438" lat="43.566289"><ele>8.5</ele></trkpt>
   <trkpt lon="7.070759" lat="43.566605"><ele>9.75</ele></trkpt>
   <trkpt lon="7.070959" lat="43.566816"><ele>10.5</ele></trkpt>
   <trkpt lon="7.071121" lat="43.566987"><ele>11.0</ele></trkpt>
   <trkpt lon="7.071497" lat="43.567361"><ele>11.0</ele></trkpt>
   <trkpt lon="7.071760" lat="43.567546"><ele>10.75</ele></trkpt>
   <trkpt lon="7.071822" lat="43.567591"><ele>10.5</ele></trkpt>
   <trkpt lon="7.071971" lat="43.567699"><ele>9.75</ele></trkpt>
   <trkpt lon="7.072131" lat="43.567811"><ele>10.0</ele></trkpt>
   <trkpt lon="7.072150" lat="43.567826"><ele>10.0</ele></trkpt>
   <trkpt lon="7.072205" lat="43.567869"><ele>10.0</ele></trkpt>
   <trkpt lon="7.072581" lat="43.568025"><ele>8.75</ele></trkpt>
   <trkpt lon="7.072886" lat="43.568140"><ele>8.25</ele></trkpt>
   <trkpt lon="7.073057" lat="43.568215"><ele>8.0</ele></trkpt>
   <trkpt lon="7.073164" lat="43.568262"><ele>8.25</ele></trkpt>
   <trkpt lon="7.073453" lat="43.568380"><ele>8.5</ele></trkpt>
   <trkpt lon="7.073523" lat="43.568408"><ele>8.5</ele></trkpt>
   <trkpt lon="7.073638" lat="43.568460"><ele>8.25</ele></trkpt>
   <trkpt lon="7.073867" lat="43.568560"><ele>7.5</ele></trkpt>
   <trkpt lon="7.073943" lat="43.568592"><ele>7.75</ele></trkpt>
   <trkpt lon="7.074113" lat="43.568667"><ele>8.0</ele><sym>left</sym></trkpt>
   <trkpt lon="7.074068" lat="43.568713"><ele>8.0</ele></trkpt>
   <trkpt lon="7.074046" lat="43.568735"><ele>8.0</ele><sym>right</sym></trkpt>
   <trkpt lon="7.074139" lat="43.568779"><ele>8.0</ele><sym>pass_place</sym><type>Via</type></trkpt>
  </trkseg>
 </trk>
</gpx>
