<?xml version="1.0" encoding="UTF-8"?>
<!-- track-length = 80194 filtered ascend = 1967 plain-ascend = 201 cost=173771 energy=.6kwh time=6h 37m 27s -->
<gpx 
 xmlns="http://www.topografix.com/GPX/1/1" 
 xmlns:xsi="http://www.w3.org/2001/XMLSchema-instance" 
 xsi:schemaLocation="http://www.topografix.com/GPX/1/1 http://www.topografix.com/GPX/1/1/gpx.xsd" 
 creator="BRouter-1.7.10" version="1.1"><wpt lat="43.72107" lon="6.97775"><name>Drinking water</name><sym>Drinking Water</sym></wpt><wpt lat="43.65812" lon="6.92453"><name>Fontaine de la Cour d&#x27;Honneur de l&#x27;Hotel de Ville</name><sym>Drinking Water</sym></wpt><wpt lat="43.66157" lon="6.98831"><name>Drinking water</name><sym>Drinking Water</sym></wpt><wpt lat="43.65813" lon="6.92322"><name>Le Croissant Rose</name><sym>Restaurant</sym></wpt><wpt lat="43.68029" lon="6.97132"><name>Drinking water</name><sym>Drinking Water</sym></wpt><wpt lat="43.65855" lon="6.92326"><name>Fontaine de la Place des Sœurs</name><sym>Drinking Water</sym></wpt><wpt lat="43.72158" lon="6.97873"><name>Drinking water</name><sym>Drinking Water</sym></wpt><wpt lat="43.56832" lon="7.07279"><name>Drinking water</name><sym>Drinking Water</sym></wpt><wpt lat="43.72125" lon="6.97767"><name>Drinking water</name><sym>Drinking Water</sym></wpt><wpt lat="43.71775" lon="6.99217"><name>Drinking water</name><sym>Drinking Water</sym></wpt><wpt lat="43.6167" lon="7.04291"><name>Drinking water</name><sym>Drinking Water</sym></wpt><wpt lat="43.66135" lon="6.98973"><name>Drinking water</name><sym>Drinking Water</sym></wpt><wpt lat="43.67557" lon="6.97988"><name>Drinking water</name><sym>Drinking Water</sym></wpt><wpt lat="43.70135" lon="6.98931"><name>Bistro Le Donjon</name><sym>Restaurant</sym></wpt><wpt lat="43.72046" lon="6.97869"><name>Drinking water</name><sym>Drinking Water</sym></wpt><wpt lat="43.65783" lon="6.92255"><name>Fontaine des Dominicains</name><sym>Drinking Water</sym></wpt><wpt lat="43.65717" lon="6.92183"><name>Drinking water</name><sym>Drinking Water</sym></wpt><wpt lat="43.64236" lon="7.00931"><name>Drinking water</name><sym>Drinking Water</sym></wpt><wpt lat="43.6742" lon="6.97574"><name>Drinking water</name><sym>Drinking Water</sym></wpt><wpt lat="43.67433" lon="6.97571"><name>Drinking water</name><sym>Drinking Water</sym></wpt><wpt lat="43.69848" lon="6.98153"><name>Drinking water</name><sym>Drinking Water</sym></wpt><wpt lat="43.70011" lon="6.98953"><name>Drinking water</name><sym>Drinking Water</sym></wpt><wpt lat="43.65773" lon="6.92214"><name>Café des Musées</name><sym>Restaurant</sym></wpt><wpt lat="43.70137" lon="6.98906"><name>Drinking water</name><sym>Drinking Water</sym></wpt><wpt lat="43.68209" lon="6.9675"><name>Drinking water</name><sym>Drinking Water</sym></wpt><wpt lat="43.68049" lon="6.97192"><name>Drinking water</name><sym>Drinking Water</sym></wpt><wpt lat="43.70343" lon="6.98864"><name>Drinking water</name><sym>Drinking Water</sym></wpt><wpt lat="43.641" lon="7.00832"><name>Fontaine de l&#x27;Hôtel Dieu</name><sym>Drinking Water</sym></wpt><wpt lat="43.72145" lon="6.97737"><name>Bike shop</name><sym>Bike Trail</sym></wpt><wpt lat="43.68055" lon="6.96098"><name>Drinking water</name><sym>Drinking Water</sym></wpt><wpt lat="43.68104" lon="6.97309"><name>L&#x27;Ardoise</name><sym>Restaurant</sym></wpt><wpt lat="43.66197" lon="6.98722"><name>Escapade</name><sym>Bike Trail</sym></wpt><wpt lat="43.65829" lon="6.92317"><name>Salon de Thé</name><sym>Restaurant</sym></wpt><wpt lat="43.71765" lon="6.99221"><name>Bike shop</name><sym>Bike Trail</sym></wpt><wpt lat="43.65642" lon="6.92036"><name>Bike shop</name><sym>Bike Trail</sym></wpt><wpt lat="43.568" lon="7.07444"><name>Café</name><sym>Restaurant</sym></wpt>
 <trk>
  <src>brouter_fastbike-lowtraffic_0</src>
  <type>bike</type>
  <trkseg>
   <trkpt lon="7.074139" lat="43.568779"><ele>8.0</ele><sym>pass_place</sym><type>Via</type></trkpt>
   <trkpt lon="7.074046" lat="43.568735"><ele>8.0</ele><sym>right</sym></trkpt>
   <trkpt lon="7.073817" lat="43.568948"><ele>8.0</ele></trkpt>
   <trkpt lon="7.073789" lat="43.568973"><ele>8.25</ele></trkpt>
   <trkpt lon="7.073710" lat="43.569058"><ele>8.25</ele></trkpt>
   <trkpt lon="7.073640" lat="43.569128"><ele>8.0</ele></trkpt>
   <trkpt lon="7.073481" lat="43.569286"><ele>8.25</ele></trkpt>
   <trkpt lon="7.073435" lat="43.569360"><ele>8.5</ele></trkpt>
   <trkpt lon="7.073425" lat="43.569395"><ele>8.75</ele></trkpt>
   <trkpt lon="7.073406" lat="43.569463"><ele>9.0</ele></trkpt>
   <trkpt lon="7.073391" lat="43.569529"><ele>9.0</ele></trkpt>
   <trkpt lon="7.073383" lat="43.569566"><ele>9.0</ele></trkpt>
   <trkpt lon="7.073397" lat="43.569723"><ele>9.0</ele></trkpt>
   <trkpt lon="7.073367" lat="43.569850"><ele>9.25</ele></trkpt>
   <trkpt lon="7.073284" lat="43.569978"><ele>9.75</ele></trkpt>
   <trkpt lon="7.073204" lat="43.570101"><ele>10.75</ele></trkpt>
   <trkpt lon="7.073119" lat="43.570213"><ele>12.0</ele></trkpt>
   <trkpt lon="7.072948" lat="43.570350"><ele>14.0</ele></trkpt>
   <trkpt lon="7.072718" lat="43.570644"><ele>17.75</ele></trkpt>
   <trkpt lon="7.072587" lat="43.570803"><ele>18.75</ele></trkpt>
   <trkpt lon="7.072397" lat="43.571027"><ele>21.5</ele></trkpt>
   <trkpt lon="7.071697" lat="43.571467"><ele>28.25</ele></trkpt>
   <trkpt lon="7.071467" lat="43.571666"><ele>29.75</ele></trkpt>
   <trkpt lon="7.071324" lat="43.571824"><ele>31.0</ele></trkpt>
   <trkpt lon="7.070881" lat="43.572252"><ele>31.0</ele></trkpt>
   <trkpt lon="7.070744" lat="43.572347"><ele>31.5</ele></trkpt>
   <trkpt lon="7.070597" lat="43.572475"><ele>34.0</ele></trkpt>
   <trkpt lon="7.070553" lat="43.572550"><ele>35.0</ele></trkpt>
   <trkpt lon="7.070526" lat="43.572777"><ele>36.0</ele></trkpt>
   <trkpt lon="7.070494" lat="43.572811"><ele>36.5</ele></trkpt>
   <trkpt lon="7.070058" lat="43.573407"><ele>44.25</ele></trkpt>
   <trkpt lon="7.070006" lat="43.573506"><ele>46.0</ele></trkpt>
   <trkpt lon="7.070005" lat="43.573622"><ele>48.0</ele></trkpt>
   <trkpt lon="7.070061" lat="43.573857"><ele>50.5</ele></trkpt>
   <trkpt lon="7.070060" lat="43.573962"><ele>51.0</ele></trkpt>
   <trkpt lon="7.069895" lat="43.574407"><ele>55.0</ele></trkpt>
   <trkpt lon="7.069824" lat="43.574447"><ele>56.5</ele></trkpt>
   <trkpt lon="7.069622" lat="43.574504"><ele>59.25</ele></trkpt>
   <trkpt lon="7.069390" lat="43.574624"><ele>62.75</ele></trkpt>
   <trkpt lon="7.069253" lat="43.574765"><ele>65.75</ele></trkpt>
   <trkpt lon="7.069006" lat="43.574983"><ele>70.0</ele><sym>right_slight</sym></trkpt>
   <trkpt lon="7.068943" lat="43.575468"><ele>77.5</ele></trkpt>
   <trkpt lon="7.068889" lat="43.576126"><ele>89.25</ele></trkpt>
   <trkpt lon="7.068860" lat="43.576183"><ele>91.0</ele></trkpt>
   <trkpt lon="7.068760" lat="43.576285"><ele>95.0</ele><sym>right_slight</sym></trkpt>
   <trkpt lon="7.068867" lat="43.576581"><ele>98.5</ele></trkpt>
   <trkpt lon="7.068835" lat="43.576710"><ele>100.5</ele></trkpt>
   <trkpt lon="7.068461" lat="43.577210"><ele>108.5</ele></trkpt>
   <trkpt lon="7.068244" lat="43.577500"><ele>110.75</ele></trkpt>
   <trkpt lon="7.068219" lat="43.577559"><ele>111.25</ele></trkpt>
   <trkpt lon="7.068201" lat="43.577616"><ele>111.5</ele><sym>left</sym></trkpt>
   <trkpt lon="7.068108" lat="43.577621"><ele>112.0</ele></trkpt>
   <trkpt lon="7.067980" lat="43.577624"><ele>112.75</ele></trkpt>
   <trkpt lon="7.067799" lat="43.577600"><ele>114.0</ele></trkpt>
   <trkpt lon="7.067680" lat="43.577591"><ele>114.25</ele></trkpt>
   <trkpt lon="7.067626" lat="43.577583"><ele>114.5</ele></trkpt>
   <trkpt lon="7.067420" lat="43.577559"><ele>114.75</ele></trkpt>
   <trkpt lon="7.066895" lat="43.577565"><ele>115.25</ele></trkpt>
   <trkpt lon="7.066600" lat="43.577574"><ele>118.0</ele></trkpt>
   <trkpt lon="7.065662" lat="43.577584"><ele>123.0</ele></trkpt>
   <trkpt lon="7.065403" lat="43.577604"><ele>124.0</ele></trkpt>
   <trkpt lon="7.065140" lat="43.577643"><ele>125.0</ele></trkpt>
   <trkpt lon="7.064599" lat="43.577797"><ele>126.75</ele></trkpt>
   <trkpt lon="7.064410" lat="43.577856"><ele>127.75</ele></trkpt>
   <trkpt lon="7.064129" lat="43.577954"><ele>128.75</ele></trkpt>
   <trkpt lon="7.064008" lat="43.577997"><ele>128.5</ele></trkpt>
   <trkpt lon="7.063619" lat="43.578123"><ele>129.25</ele></trkpt>
   <trkpt lon="7.062465" lat="43.578498"><ele>123.0</ele></trkpt>
   <trkpt lon="7.061889" lat="43.578672"><ele>125.5</ele></trkpt>
   <trkpt lon="7.061830" lat="43.578693"><ele>125.5</ele></trkpt>
   <trkpt lon="7.061701" lat="43.578731"><ele>125.5</ele></trkpt>
   <trkpt lon="7.061367" lat="43.578836"><ele>124.0</ele></trkpt>
   <trkpt lon="7.060943" lat="43.579001"><ele>122.0</ele></trkpt>
   <trkpt lon="7.060344" lat="43.579281"><ele>118.0</ele><sym>right_slight</sym></trkpt>
   <trkpt lon="7.060341" lat="43.579282"><ele>118.0</ele><sym>pass_place</sym><type>Shaping</type></trkpt>
   <trkpt lon="7.060344" lat="43.579281"><ele>118.0</ele></trkpt>
   <trkpt lon="7.060325" lat="43.579325"><ele>118.25</ele></trkpt>
   <trkpt lon="7.060343" lat="43.579397"><ele>118.75</ele></trkpt>
   <trkpt lon="7.060342" lat="43.579442"><ele>119.0</ele></trkpt>
   <trkpt lon="7.060302" lat="43.579528"><ele>119.5</ele></trkpt>
   <trkpt lon="7.060309" lat="43.579609"><ele>120.0</ele></trkpt>
   <trkpt lon="7.060314" lat="43.579670"><ele>120.5</ele><sym>right_slight</sym></trkpt>
   <trkpt lon="7.060429" lat="43.579718"><ele>120.75</ele></trkpt>
   <trkpt lon="7.060510" lat="43.579794"><ele>121.5</ele></trkpt>
   <trkpt lon="7.060540" lat="43.579903"><ele>122.75</ele></trkpt>
   <trkpt lon="7.060554" lat="43.579977"><ele>123.5</ele></trkpt>
   <trkpt lon="7.060552" lat="43.579999"><ele>123.75</ele></trkpt>
   <trkpt lon="7.060510" lat="43.580079"><ele>124.5</ele></trkpt>
   <trkpt lon="7.060468" lat="43.580129"><ele>125.0</ele></trkpt>
   <trkpt lon="7.060444" lat="43.580156"><ele>125.5</ele></trkpt>
   <trkpt lon="7.060421" lat="43.580202"><ele>126.0</ele></trkpt>
   <trkpt lon="7.060381" lat="43.580256"><ele>126.5</ele></trkpt>
   <trkpt lon="7.060309" lat="43.580327"><ele>127.5</ele></trkpt>
   <trkpt lon="7.060164" lat="43.580522"><ele>130.0</ele></trkpt>
   <trkpt lon="7.060135" lat="43.580562"><ele>130.5</ele></trkpt>
   <trkpt lon="7.059890" lat="43.580897"><ele>134.0</ele></trkpt>
   <trkpt lon="7.059634" lat="43.581378"><ele>138.0</ele></trkpt>
   <trkpt lon="7.059606" lat="43.581426"><ele>138.75</ele></trkpt>
   <trkpt lon="7.059510" lat="43.581629"><ele>141.5</ele></trkpt>
   <trkpt lon="7.059476" lat="43.581733"><ele>142.75</ele></trkpt>
   <trkpt lon="7.059474" lat="43.581854"><ele>144.5</ele></trkpt>
   <trkpt lon="7.059487" lat="43.582070"><ele>147.0</ele></trkpt>
   <trkpt lon="7.059474" lat="43.582167"><ele>148.0</ele></trkpt>
   <trkpt lon="7.059379" lat="43.582315"><ele>150.25</ele></trkpt>
   <trkpt lon="7.059329" lat="43.582368"><ele>151.25</ele></trkpt>
   <trkpt lon="7.059264" lat="43.582419"><ele>152.25</ele></trkpt>
   <trkpt lon="7.059188" lat="43.582458"><ele>153.25</ele></trkpt>
   <trkpt lon="7.059107" lat="43.582489"><ele>154.25</ele></trkpt>
   <trkpt lon="7.059008" lat="43.582517"><ele>155.5</ele></trkpt>
   <trkpt lon="7.058913" lat="43.582529"><ele>156.5</ele></trkpt>
   <trkpt lon="7.058809" lat="43.582528"><ele>157.5</ele></trkpt>
   <trkpt lon="7.058720" lat="43.582518"><ele>158.25</ele></trkpt>
   <trkpt lon="7.058229" lat="43.582413"><ele>163.0</ele></trkpt>
   <trkpt lon="7.058044" lat="43.582385"><ele>164.5</ele></trkpt>
   <trkpt lon="7.057913" lat="43.582382"><ele>165.25</ele></trkpt>
   <trkpt lon="7.057797" lat="43.582388"><ele>166.0</ele><sym>right_slight</sym></trkpt>
   <trkpt lon="7.057545" lat="43.582474"><ele>169.25</ele></trkpt>
   <trkpt lon="7.057375" lat="43.582562"><ele>170.75</ele></trkpt>
   <trkpt lon="7.057290" lat="43.582621"><ele>171.5</ele></trkpt>
   <trkpt lon="7.057219" lat="43.582689"><ele>172.25</ele></trkpt>
   <trkpt lon="7.057154" lat="43.582761"><ele>173.0</ele></trkpt>
   <trkpt lon="7.057120" lat="43.582828"><ele>174.5</ele></trkpt>
   <trkpt lon="7.057078" lat="43.582914"><ele>176.25</ele></trkpt>
   <trkpt lon="7.057053" lat="43.582946"><ele>176.5</ele></trkpt>
   <trkpt lon="7.056963" lat="43.583027"><ele>176.0</ele></trkpt>
   <trkpt lon="7.056889" lat="43.583054"><ele>175.75</ele></trkpt>
   <trkpt lon="7.056807" lat="43.583089"><ele>177.75</ele></trkpt>
   <trkpt lon="7.056703" lat="43.583115"><ele>179.0</ele></trkpt>
   <trkpt lon="7.056579" lat="43.583116"><ele>179.25</ele></trkpt>
   <trkpt lon="7.056225" lat="43.583096"><ele>179.25</ele></trkpt>
   <trkpt lon="7.056098" lat="43.583104"><ele>179.75</ele></trkpt>
   <trkpt lon="7.055957" lat="43.583131"><ele>179.75</ele></trkpt>
   <trkpt lon="7.055833" lat="43.583168"><ele>180.0</ele></trkpt>
   <trkpt lon="7.055729" lat="43.583215"><ele>180.25</ele></trkpt>
   <trkpt lon="7.055558" lat="43.583329"><ele>181.75</ele></trkpt>
   <trkpt lon="7.055508" lat="43.583381"><ele>181.75</ele></trkpt>
   <trkpt lon="7.055460" lat="43.583465"><ele>182.5</ele></trkpt>
   <trkpt lon="7.055369" lat="43.583659"><ele>184.75</ele></trkpt>
   <trkpt lon="7.055269" lat="43.583941"><ele>186.25</ele></trkpt>
   <trkpt lon="7.055255" lat="43.584014"><ele>186.75</ele></trkpt>
   <trkpt lon="7.055254" lat="43.584110"><ele>187.5</ele></trkpt>
   <trkpt lon="7.055287" lat="43.584272"><ele>188.75</ele></trkpt>
   <trkpt lon="7.055300" lat="43.584335"><ele>189.25</ele></trkpt>
   <trkpt lon="7.055317" lat="43.584463"><ele>190.0</ele></trkpt>
   <trkpt lon="7.055306" lat="43.584684"><ele>189.0</ele></trkpt>
   <trkpt lon="7.055204" lat="43.585325"><ele>184.75</ele></trkpt>
   <trkpt lon="7.055189" lat="43.585431"><ele>184.25</ele></trkpt>
   <trkpt lon="7.055170" lat="43.585582"><ele>183.25</ele></trkpt>
   <trkpt lon="7.055168" lat="43.585710"><ele>182.0</ele></trkpt>
   <trkpt lon="7.055180" lat="43.585879"><ele>180.25</ele></trkpt>
   <trkpt lon="7.055304" lat="43.586616"><ele>173.0</ele></trkpt>
   <trkpt lon="7.055387" lat="43.586969"><ele>169.25</ele></trkpt>
   <trkpt lon="7.055546" lat="43.587609"><ele>165.5</ele></trkpt>
   <trkpt lon="7.055678" lat="43.588146"><ele>163.75</ele></trkpt>
   <trkpt lon="7.055690" lat="43.588214"><ele>163.5</ele></trkpt>
   <trkpt lon="7.055711" lat="43.588275"><ele>163.5</ele></trkpt>
   <trkpt lon="7.055820" lat="43.588720"><ele>161.5</ele></trkpt>
   <trkpt lon="7.055966" lat="43.589205"><ele>160.75</ele></trkpt>
   <trkpt lon="7.056004" lat="43.589370"><ele>159.75</ele><sym>left</sym></trkpt>
   <trkpt lon="7.055864" lat="43.589390"><ele>159.25</ele></trkpt>
   <trkpt lon="7.055815" lat="43.589389"><ele>159.25</ele></trkpt>
   <trkpt lon="7.055770" lat="43.589381"><ele>159.25</ele></trkpt>
   <trkpt lon="7.055680" lat="43.589352"><ele>159.5</ele><sym>straight</sym></trkpt>
   <trkpt lon="7.055295" lat="43.589090"><ele>161.0</ele><sym>right</sym></trkpt>
   <trkpt lon="7.055249" lat="43.589106"><ele>161.0</ele></trkpt>
   <trkpt lon="7.055090" lat="43.589175"><ele>161.5</ele></trkpt>
   <trkpt lon="7.055022" lat="43.589215"><ele>161.75</ele></trkpt>
   <trkpt lon="7.054944" lat="43.589293"><ele>162.25</ele></trkpt>
   <trkpt lon="7.054863" lat="43.589395"><ele>162.75</ele></trkpt>
   <trkpt lon="7.054755" lat="43.589572"><ele>163.75</ele></trkpt>
   <trkpt lon="7.054697" lat="43.589726"><ele>164.0</ele></trkpt>
   <trkpt lon="7.054654" lat="43.589896"><ele>164.25</ele></trkpt>
   <trkpt lon="7.054638" lat="43.590014"><ele>164.5</ele></trkpt>
   <trkpt lon="7.054641" lat="43.590096"><ele>165.0</ele></trkpt>
   <trkpt lon="7.054647" lat="43.590155"><ele>165.25</ele></trkpt>
   <trkpt lon="7.054639" lat="43.590208"><ele>165.5</ele></trkpt>
   <trkpt lon="7.054615" lat="43.590262"><ele>166.0</ele></trkpt>
   <trkpt lon="7.054536" lat="43.590391"><ele>166.75</ele></trkpt>
   <trkpt lon="7.054398" lat="43.590584"><ele>167.5</ele></trkpt>
   <trkpt lon="7.054140" lat="43.590924"><ele>169.5</ele></trkpt>
   <trkpt lon="7.053883" lat="43.591257"><ele>173.0</ele></trkpt>
   <trkpt lon="7.053783" lat="43.591436"><ele>175.0</ele></trkpt>
   <trkpt lon="7.053717" lat="43.591585"><ele>176.25</ele></trkpt>
   <trkpt lon="7.053698" lat="43.591738"><ele>177.25</ele><sym>pass_place</sym><type>Shaping</type></trkpt>
   <trkpt lon="7.053708" lat="43.591869"><ele>178.25</ele></trkpt>
   <trkpt lon="7.053717" lat="43.591916"><ele>178.5</ele></trkpt>
   <trkpt lon="7.053774" lat="43.592085"><ele>179.25</ele></trkpt>
   <trkpt lon="7.053805" lat="43.592143"><ele>179.25</ele></trkpt>
   <trkpt lon="7.053801" lat="43.592170"><ele>179.5</ele><sym>left_slight</sym></trkpt>
   <trkpt lon="7.053680" lat="43.592278"><ele>180.5</ele></trkpt>
   <trkpt lon="7.053281" lat="43.592730"><ele>178.0</ele></trkpt>
   <trkpt lon="7.053169" lat="43.592838"><ele>177.25</ele></trkpt>
   <trkpt lon="7.053140" lat="43.592857"><ele>177.0</ele></trkpt>
   <trkpt lon="7.053066" lat="43.592894"><ele>176.75</ele><sym>left_slight</sym></trkpt>
   <trkpt lon="7.052881" lat="43.592900"><ele>176.0</ele></trkpt>
   <trkpt lon="7.052711" lat="43.592927"><ele>175.25</ele></trkpt>
   <trkpt lon="7.052562" lat="43.592962"><ele>174.75</ele></trkpt>
   <trkpt lon="7.052127" lat="43.593090"><ele>171.5</ele></trkpt>
   <trkpt lon="7.051650" lat="43.593117"><ele>169.25</ele></trkpt>
   <trkpt lon="7.050846" lat="43.593133"><ele>164.5</ele></trkpt>
   <trkpt lon="7.050663" lat="43.593177"><ele>163.25</ele></trkpt>
   <trkpt lon="7.050524" lat="43.593216"><ele>162.5</ele></trkpt>
   <trkpt lon="7.050395" lat="43.593242"><ele>161.75</ele><sym>stay_left</sym></trkpt>
   <trkpt lon="7.050289" lat="43.593293"><ele>161.0</ele></trkpt>
   <trkpt lon="7.050035" lat="43.593386"><ele>160.75</ele></trkpt>
   <trkpt lon="7.049866" lat="43.593420"><ele>160.75</ele></trkpt>
   <trkpt lon="7.049465" lat="43.593476"><ele>163.25</ele></trkpt>
   <trkpt lon="7.049068" lat="43.593543"><ele>162.5</ele></trkpt>
   <trkpt lon="7.048087" lat="43.593732"><ele>159.5</ele></trkpt>
   <trkpt lon="7.047968" lat="43.593754"><ele>159.5</ele></trkpt>
   <trkpt lon="7.047851" lat="43.593773"><ele>160.0</ele></trkpt>
   <trkpt lon="7.047700" lat="43.593797"><ele>160.5</ele></trkpt>
   <trkpt lon="7.047372" lat="43.593850"><ele>160.25</ele></trkpt>
   <trkpt lon="7.047113" lat="43.593901"><ele>158.5</ele></trkpt>
   <trkpt lon="7.046323" lat="43.593972"><ele>158.0</ele></trkpt>
   <trkpt lon="7.045494" lat="43.594037"><ele>157.25</ele></trkpt>
   <trkpt lon="7.045373" lat="43.594072"><ele>156.25</ele></trkpt>
   <trkpt lon="7.045318" lat="43.594107"><ele>155.5</ele></trkpt>
   <trkpt lon="7.045277" lat="43.594146"><ele>154.75</ele></trkpt>
   <trkpt lon="7.045183" lat="43.594331"><ele>154.5</ele></trkpt>
   <trkpt lon="7.045117" lat="43.594387"><ele>154.0</ele></trkpt>
   <trkpt lon="7.045045" lat="43.594415"><ele>153.25</ele></trkpt>
   <trkpt lon="7.044976" lat="43.594427"><ele>152.75</ele></trkpt>
   <trkpt lon="7.044656" lat="43.594461"><ele>151.0</ele></trkpt>
   <trkpt lon="7.044547" lat="43.594449"><ele>151.0</ele></trkpt>
   <trkpt lon="7.044257" lat="43.594384"><ele>151.5</ele></trkpt>
   <trkpt lon="7.044165" lat="43.594378"><ele>152.0</ele></trkpt>
   <trkpt lon="7.043935" lat="43.594391"><ele>153.25</ele></trkpt>
   <trkpt lon="7.043675" lat="43.594432"><ele>153.75</ele></trkpt>
   <trkpt lon="7.043589" lat="43.594460"><ele>154.0</ele></trkpt>
   <trkpt lon="7.043481" lat="43.594445"><ele>154.25</ele></trkpt>
   <trkpt lon="7.043314" lat="43.594406"><ele>155.0</ele></trkpt>
   <trkpt lon="7.042779" lat="43.594314"><ele>155.25</ele></trkpt>
   <trkpt lon="7.042227" lat="43.594191"><ele>157.5</ele></trkpt>
   <trkpt lon="7.041609" lat="43.594024"><ele>156.75</ele></trkpt>
   <trkpt lon="7.041092" lat="43.593901"><ele>156.75</ele></trkpt>
   <trkpt lon="7.040851" lat="43.593801"><ele>156.25</ele></trkpt>
   <trkpt lon="7.040704" lat="43.593693"><ele>157.5</ele></trkpt>
   <trkpt lon="7.040613" lat="43.593548"><ele>158.75</ele></trkpt>
   <trkpt lon="7.040539" lat="43.593490"><ele>158.5</ele><sym>right</sym></trkpt>
   <trkpt lon="7.040424" lat="43.593559"><ele>158.5</ele></trkpt>
   <trkpt lon="7.039849" lat="43.593939"><ele>160.75</ele></trkpt>
   <trkpt lon="7.039795" lat="43.593973"><ele>162.0</ele></trkpt>
   <trkpt lon="7.039587" lat="43.594105"><ele>164.25</ele></trkpt>
   <trkpt lon="7.039165" lat="43.594308"><ele>166.0</ele></trkpt>
   <trkpt lon="7.038897" lat="43.594392"><ele>166.75</ele></trkpt>
   <trkpt lon="7.038445" lat="43.594484"><ele>168.75</ele></trkpt>
   <trkpt lon="7.038293" lat="43.594514"><ele>169.5</ele></trkpt>
   <trkpt lon="7.038007" lat="43.594572"><ele>171.25</ele></trkpt>
   <trkpt lon="7.037975" lat="43.594584"><ele>171.5</ele></trkpt>
   <trkpt lon="7.037946" lat="43.594597"><ele>171.75</ele></trkpt>
   <trkpt lon="7.037906" lat="43.594634"><ele>172.0</ele></trkpt>
   <trkpt lon="7.037880" lat="43.594686"><ele>172.5</ele></trkpt>
   <trkpt lon="7.037878" lat="43.594740"><ele>173.0</ele></trkpt>
   <trkpt lon="7.038038" lat="43.595351"><ele>176.75</ele></trkpt>
   <trkpt lon="7.038075" lat="43.595462"><ele>177.75</ele></trkpt>
   <trkpt lon="7.038107" lat="43.595510"><ele>178.25</ele></trkpt>
   <trkpt lon="7.038156" lat="43.595554"><ele>178.75</ele></trkpt>
   <trkpt lon="7.038227" lat="43.595589"><ele>179.5</ele></trkpt>
   <trkpt lon="7.038300" lat="43.595611"><ele>179.75</ele></trkpt>
   <trkpt lon="7.038753" lat="43.595690"><ele>181.75</ele></trkpt>
   <trkpt lon="7.038787" lat="43.595713"><ele>182.5</ele></trkpt>
   <trkpt lon="7.038804" lat="43.595743"><ele>183.25</ele></trkpt>
   <trkpt lon="7.038800" lat="43.595773"><ele>183.75</ele></trkpt>
   <trkpt lon="7.038783" lat="43.595795"><ele>184.25</ele></trkpt>
   <trkpt lon="7.038748" lat="43.595815"><ele>184.5</ele></trkpt>
   <trkpt lon="7.037974" lat="43.596089"><ele>187.75</ele></trkpt>
   <trkpt lon="7.037870" lat="43.596110"><ele>188.5</ele></trkpt>
   <trkpt lon="7.037752" lat="43.596108"><ele>189.0</ele></trkpt>
   <trkpt lon="7.037206" lat="43.596027"><ele>191.0</ele></trkpt>
   <trkpt lon="7.037135" lat="43.596024"><ele>191.25</ele></trkpt>
   <trkpt lon="7.037078" lat="43.596035"><ele>191.75</ele><sym>pass_place</sym><type>Shaping</type></trkpt>
   <trkpt lon="7.037077" lat="43.596036"><ele>191.75</ele></trkpt>
   <trkpt lon="7.037014" lat="43.596068"><ele>192.75</ele></trkpt>
   <trkpt lon="7.036969" lat="43.596099"><ele>193.5</ele></trkpt>
   <trkpt lon="7.036940" lat="43.596133"><ele>194.0</ele></trkpt>
   <trkpt lon="7.036931" lat="43.596178"><ele>194.25</ele></trkpt>
   <trkpt lon="7.036936" lat="43.596461"><ele>195.0</ele></trkpt>
   <trkpt lon="7.036938" lat="43.596506"><ele>195.0</ele></trkpt>
   <trkpt lon="7.036978" lat="43.597218"><ele>195.25</ele></trkpt>
   <trkpt lon="7.036786" lat="43.597718"><ele>195.25</ele></trkpt>
   <trkpt lon="7.036614" lat="43.598090"><ele>194.75</ele></trkpt>
   <trkpt lon="7.035839" lat="43.599215"><ele>194.25</ele></trkpt>
   <trkpt lon="7.035727" lat="43.599332"><ele>194.5</ele></trkpt>
   <trkpt lon="7.035594" lat="43.599411"><ele>194.75</ele></trkpt>
   <trkpt lon="7.035013" lat="43.599644"><ele>195.25</ele></trkpt>
   <trkpt lon="7.034806" lat="43.599761"><ele>195.5</ele></trkpt>
   <trkpt lon="7.034673" lat="43.599891"><ele>195.75</ele></trkpt>
   <trkpt lon="7.034612" lat="43.600041"><ele>196.25</ele></trkpt>
   <trkpt lon="7.034611" lat="43.600406"><ele>196.25</ele></trkpt>
   <trkpt lon="7.034636" lat="43.600785"><ele>195.25</ele></trkpt>
   <trkpt lon="7.034692" lat="43.600942"><ele>193.75</ele></trkpt>
   <trkpt lon="7.034856" lat="43.601143"><ele>191.25</ele></trkpt>
   <trkpt lon="7.035000" lat="43.601261"><ele>189.75</ele></trkpt>
   <trkpt lon="7.035069" lat="43.601310"><ele>189.25</ele></trkpt>
   <trkpt lon="7.035156" lat="43.601359"><ele>188.75</ele></trkpt>
   <trkpt lon="7.035436" lat="43.601497"><ele>187.25</ele></trkpt>
   <trkpt lon="7.035546" lat="43.601549"><ele>187.0</ele></trkpt>
   <trkpt lon="7.035637" lat="43.601596"><ele>186.5</ele></trkpt>
   <trkpt lon="7.035754" lat="43.601659"><ele>186.0</ele><sym>stay_right</sym></trkpt>
   <trkpt lon="7.035820" lat="43.601711"><ele>186.0</ele></trkpt>
   <trkpt lon="7.036040" lat="43.601933"><ele>185.75</ele></trkpt>
   <trkpt lon="7.036089" lat="43.601975"><ele>186.0</ele></trkpt>
   <trkpt lon="7.036181" lat="43.602031"><ele>186.0</ele></trkpt>
   <trkpt lon="7.036289" lat="43.602067"><ele>185.75</ele></trkpt>
   <trkpt lon="7.036507" lat="43.602131"><ele>186.0</ele></trkpt>
   <trkpt lon="7.036729" lat="43.602220"><ele>188.0</ele></trkpt>
   <trkpt lon="7.037692" lat="43.602461"><ele>186.75</ele></trkpt>
   <trkpt lon="7.038879" lat="43.602750"><ele>187.0</ele></trkpt>
   <trkpt lon="7.039059" lat="43.602788"><ele>186.75</ele><sym>left_slight</sym></trkpt>
   <trkpt lon="7.039122" lat="43.602870"><ele>186.5</ele><sym>left_slight</sym></trkpt>
   <trkpt lon="7.039104" lat="43.602894"><ele>186.5</ele></trkpt>
   <trkpt lon="7.039054" lat="43.602921"><ele>186.5</ele></trkpt>
   <trkpt lon="7.038959" lat="43.602962"><ele>186.75</ele></trkpt>
   <trkpt lon="7.038876" lat="43.602998"><ele>187.0</ele></trkpt>
   <trkpt lon="7.038785" lat="43.603042"><ele>187.25</ele></trkpt>
   <trkpt lon="7.038516" lat="43.603196"><ele>186.25</ele></trkpt>
   <trkpt lon="7.038358" lat="43.603342"><ele>185.75</ele></trkpt>
   <trkpt lon="7.038270" lat="43.603608"><ele>185.5</ele></trkpt>
   <trkpt lon="7.038309" lat="43.603879"><ele>185.25</ele></trkpt>
   <trkpt lon="7.038384" lat="43.604022"><ele>184.5</ele></trkpt>
   <trkpt lon="7.038471" lat="43.604106"><ele>184.5</ele></trkpt>
   <trkpt lon="7.038618" lat="43.604138"><ele>184.5</ele></trkpt>
   <trkpt lon="7.038810" lat="43.604162"><ele>184.0</ele></trkpt>
   <trkpt lon="7.039056" lat="43.604248"><ele>184.0</ele></trkpt>
   <trkpt lon="7.039281" lat="43.604385"><ele>183.25</ele></trkpt>
   <trkpt lon="7.039343" lat="43.604486"><ele>183.25</ele></trkpt>
   <trkpt lon="7.039444" lat="43.604701"><ele>183.75</ele></trkpt>
   <trkpt lon="7.039444" lat="43.605149"><ele>183.0</ele></trkpt>
   <trkpt lon="7.039541" lat="43.605292"><ele>182.25</ele></trkpt>
   <trkpt lon="7.040068" lat="43.605616"><ele>180.5</ele></trkpt>
   <trkpt lon="7.040277" lat="43.605786"><ele>179.0</ele></trkpt>
   <trkpt lon="7.040699" lat="43.606131"><ele>179.5</ele><sym>stay_left</sym></trkpt>
   <trkpt lon="7.040786" lat="43.606235"><ele>179.75</ele></trkpt>
   <trkpt lon="7.041175" lat="43.606704"><ele>182.25</ele></trkpt>
   <trkpt lon="7.041360" lat="43.606944"><ele>183.75</ele></trkpt>
   <trkpt lon="7.041516" lat="43.607258"><ele>187.0</ele></trkpt>
   <trkpt lon="7.041650" lat="43.607825"><ele>189.0</ele></trkpt>
   <trkpt lon="7.041710" lat="43.608375"><ele>186.0</ele></trkpt>
   <trkpt lon="7.041700" lat="43.608916"><ele>184.5</ele></trkpt>
   <trkpt lon="7.041700" lat="43.608918"><ele>184.5</ele><sym>pass_place</sym><type>Shaping</type></trkpt>
   <trkpt lon="7.041702" lat="43.608983"><ele>184.5</ele></trkpt>
   <trkpt lon="7.041732" lat="43.609286"><ele>184.25</ele><sym>straight</sym></trkpt>
   <trkpt lon="7.041743" lat="43.609395"><ele>184.0</ele></trkpt>
   <trkpt lon="7.041845" lat="43.609832"><ele>180.75</ele></trkpt>
   <trkpt lon="7.041979" lat="43.610008"><ele>178.75</ele></trkpt>
   <trkpt lon="7.042060" lat="43.610061"><ele>177.75</ele></trkpt>
   <trkpt lon="7.042160" lat="43.610125"><ele>176.5</ele></trkpt>
   <trkpt lon="7.043075" lat="43.610486"><ele>171.75</ele><sym>left_slight</sym></trkpt>
   <trkpt lon="7.043230" lat="43.610627"><ele>170.25</ele></trkpt>
   <trkpt lon="7.043414" lat="43.610886"><ele>170.0</ele></trkpt>
   <trkpt lon="7.043569" lat="43.611142"><ele>171.25</ele><sym>straight</sym></trkpt>
   <trkpt lon="7.043643" lat="43.611299"><ele>172.25</ele></trkpt>
   <trkpt lon="7.043720" lat="43.611424"><ele>173.0</ele></trkpt>
   <trkpt lon="7.043752" lat="43.611815"><ele>173.25</ele></trkpt>
   <trkpt lon="7.043756" lat="43.611960"><ele>172.75</ele></trkpt>
   <trkpt lon="7.043826" lat="43.612066"><ele>171.0</ele></trkpt>
   <trkpt lon="7.043895" lat="43.612132"><ele>169.75</ele></trkpt>
   <trkpt lon="7.043998" lat="43.612188"><ele>169.0</ele><sym>stay_right</sym></trkpt>
   <trkpt lon="7.044386" lat="43.612402"><ele>164.5</ele></trkpt>
   <trkpt lon="7.044666" lat="43.612518"><ele>163.25</ele></trkpt>
   <trkpt lon="7.044964" lat="43.612726"><ele>159.75</ele></trkpt>
   <trkpt lon="7.045141" lat="43.612881"><ele>157.0</ele></trkpt>
   <trkpt lon="7.045370" lat="43.613067"><ele>154.0</ele></trkpt>
   <trkpt lon="7.045509" lat="43.613176"><ele>153.5</ele></trkpt>
   <trkpt lon="7.045527" lat="43.613220"><ele>153.0</ele></trkpt>
   <trkpt lon="7.044890" lat="43.613329"><ele>149.0</ele></trkpt>
   <trkpt lon="7.044706" lat="43.613371"><ele>147.25</ele></trkpt>
   <trkpt lon="7.044674" lat="43.613359"><ele>147.25</ele></trkpt>
   <trkpt lon="7.044614" lat="43.613311"><ele>147.0</ele></trkpt>
   <trkpt lon="7.044570" lat="43.613291"><ele>146.75</ele></trkpt>
   <trkpt lon="7.044524" lat="43.613284"><ele>146.5</ele></trkpt>
   <trkpt lon="7.044457" lat="43.613297"><ele>145.5</ele></trkpt>
   <trkpt lon="7.044399" lat="43.613321"><ele>145.25</ele></trkpt>
   <trkpt lon="7.044303" lat="43.613381"><ele>145.25</ele></trkpt>
   <trkpt lon="7.044254" lat="43.613441"><ele>145.0</ele></trkpt>
   <trkpt lon="7.044233" lat="43.613512"><ele>144.75</ele></trkpt>
   <trkpt lon="7.043889" lat="43.613659"><ele>142.5</ele></trkpt>
   <trkpt lon="7.043432" lat="43.613901"><ele>138.0</ele></trkpt>
   <trkpt lon="7.042502" lat="43.614668"><ele>133.5</ele></trkpt>
   <trkpt lon="7.042217" lat="43.614864"><ele>132.5</ele></trkpt>
   <trkpt lon="7.041984" lat="43.615012"><ele>133.0</ele></trkpt>
   <trkpt lon="7.041879" lat="43.615020"><ele>132.25</ele></trkpt>
   <trkpt lon="7.041795" lat="43.615063"><ele>131.25</ele></trkpt>
   <trkpt lon="7.041726" lat="43.615115"><ele>130.25</ele><sym>right</sym></trkpt>
   <trkpt lon="7.041729" lat="43.615167"><ele>130.0</ele></trkpt>
   <trkpt lon="7.041947" lat="43.615320"><ele>132.25</ele></trkpt>
   <trkpt lon="7.042098" lat="43.615322"><ele>131.25</ele></trkpt>
   <trkpt lon="7.042229" lat="43.615331"><ele>130.5</ele><sym>left_sharp</sym></trkpt>
   <trkpt lon="7.042205" lat="43.615343"><ele>130.5</ele></trkpt>
   <trkpt lon="7.041837" lat="43.615522"><ele>129.75</ele></trkpt>
   <trkpt lon="7.041469" lat="43.615702"><ele>132.0</ele></trkpt>
   <trkpt lon="7.041432" lat="43.615713"><ele>132.25</ele><sym>right_slight</sym></trkpt>
   <trkpt lon="7.041234" lat="43.616012"><ele>131.75</ele><sym>left_slight</sym></trkpt>
   <trkpt lon="7.041036" lat="43.616036"><ele>132.5</ele></trkpt>
   <trkpt lon="7.040780" lat="43.616087"><ele>135.0</ele></trkpt>
   <trkpt lon="7.040732" lat="43.616097"><ele>135.0</ele></trkpt>
   <trkpt lon="7.040646" lat="43.616114"><ele>134.75</ele></trkpt>
   <trkpt lon="7.040461" lat="43.616202"><ele>134.75</ele></trkpt>
   <trkpt lon="7.040274" lat="43.616275"><ele>136.0</ele></trkpt>
   <trkpt lon="7.040006" lat="43.616371"><ele>136.75</ele></trkpt>
   <trkpt lon="7.038587" lat="43.616867"><ele>140.25</ele></trkpt>
   <trkpt lon="7.038412" lat="43.616933"><ele>140.75</ele></trkpt>
   <trkpt lon="7.038356" lat="43.616956"><ele>140.75</ele><sym>roundabout_e2</sym></trkpt>
   <trkpt lon="7.038325" lat="43.617019"><ele>140.75</ele></trkpt>
   <trkpt lon="7.038283" lat="43.617072"><ele>140.5</ele></trkpt>
   <trkpt lon="7.038226" lat="43.617123"><ele>140.5</ele></trkpt>
   <trkpt lon="7.038105" lat="43.617198"><ele>140.75</ele></trkpt>
   <trkpt lon="7.037988" lat="43.617245"><ele>141.0</ele></trkpt>
   <trkpt lon="7.037908" lat="43.617270"><ele>141.25</ele></trkpt>
   <trkpt lon="7.037819" lat="43.617288"><ele>141.5</ele></trkpt>
   <trkpt lon="7.037729" lat="43.617297"><ele>141.75</ele></trkpt>
   <trkpt lon="7.037650" lat="43.617292"><ele>142.0</ele></trkpt>
   <trkpt lon="7.037574" lat="43.617282"><ele>142.5</ele></trkpt>
   <trkpt lon="7.037448" lat="43.617307"><ele>142.5</ele></trkpt>
   <trkpt lon="7.037357" lat="43.617344"><ele>142.5</ele></trkpt>
   <trkpt lon="7.036921" lat="43.617547"><ele>141.5</ele></trkpt>
   <trkpt lon="7.036505" lat="43.617694"><ele>141.0</ele></trkpt>
   <trkpt lon="7.036040" lat="43.617837"><ele>141.5</ele></trkpt>
   <trkpt lon="7.035285" lat="43.618046"><ele>143.0</ele></trkpt>
   <trkpt lon="7.034628" lat="43.618253"><ele>143.5</ele></trkpt>
   <trkpt lon="7.034161" lat="43.618362"><ele>145.25</ele><sym>pass_place</sym><type>Shaping</type></trkpt>
   <trkpt lon="7.034156" lat="43.618364"><ele>145.25</ele></trkpt>
   <trkpt lon="7.033855" lat="43.618401"><ele>146.5</ele></trkpt>
   <trkpt lon="7.033341" lat="43.618449"><ele>148.0</ele></trkpt>
   <trkpt lon="7.033294" lat="43.618453"><ele>148.25</ele></trkpt>
   <trkpt lon="7.033071" lat="43.618492"><ele>148.5</ele></trkpt>
   <trkpt lon="7.032822" lat="43.618553"><ele>150.0</ele></trkpt>
   <trkpt lon="7.032465" lat="43.618689"><ele>150.75</ele></trkpt>
   <trkpt lon="7.031667" lat="43.619048"><ele>150.5</ele></trkpt>
   <trkpt lon="7.031318" lat="43.619230"><ele>153.75</ele></trkpt>
   <trkpt lon="7.031050" lat="43.619399"><ele>155.25</ele></trkpt>
   <trkpt lon="7.030761" lat="43.619533"><ele>156.75</ele></trkpt>
   <trkpt lon="7.029701" lat="43.619897"><ele>159.5</ele></trkpt>
   <trkpt lon="7.029083" lat="43.620125"><ele>161.5</ele></trkpt>
   <trkpt lon="7.028898" lat="43.620212"><ele>161.25</ele></trkpt>
   <trkpt lon="7.028753" lat="43.620291"><ele>162.0</ele></trkpt>
   <trkpt lon="7.028282" lat="43.620567"><ele>162.75</ele></trkpt>
   <trkpt lon="7.028097" lat="43.620666"><ele>164.5</ele></trkpt>
   <trkpt lon="7.027786" lat="43.620789"><ele>162.0</ele></trkpt>
   <trkpt lon="7.027174" lat="43.620963"><ele>164.5</ele></trkpt>
   <trkpt lon="7.025965" lat="43.621474"><ele>165.0</ele></trkpt>
   <trkpt lon="7.025821" lat="43.621527"><ele>164.75</ele></trkpt>
   <trkpt lon="7.025578" lat="43.621603"><ele>165.0</ele></trkpt>
   <trkpt lon="7.025454" lat="43.621634"><ele>165.0</ele></trkpt>
   <trkpt lon="7.025264" lat="43.621667"><ele>165.0</ele></trkpt>
   <trkpt lon="7.025054" lat="43.621689"><ele>165.75</ele></trkpt>
   <trkpt lon="7.024896" lat="43.621692"><ele>166.25</ele></trkpt>
   <trkpt lon="7.024611" lat="43.621687"><ele>167.0</ele></trkpt>
   <trkpt lon="7.024058" lat="43.621658"><ele>167.5</ele></trkpt>
   <trkpt lon="7.023289" lat="43.621640"><ele>172.5</ele></trkpt>
   <trkpt lon="7.022099" lat="43.621634"><ele>177.5</ele></trkpt>
   <trkpt lon="7.021827" lat="43.621622"><ele>179.25</ele></trkpt>
   <trkpt lon="7.021150" lat="43.621546"><ele>181.75</ele></trkpt>
   <trkpt lon="7.020923" lat="43.621534"><ele>182.5</ele></trkpt>
   <trkpt lon="7.020683" lat="43.621547"><ele>185.25</ele></trkpt>
   <trkpt lon="7.020505" lat="43.621570"><ele>187.5</ele></trkpt>
   <trkpt lon="7.020337" lat="43.621606"><ele>188.25</ele></trkpt>
   <trkpt lon="7.020143" lat="43.621663"><ele>188.5</ele></trkpt>
   <trkpt lon="7.019971" lat="43.621738"><ele>190.75</ele></trkpt>
   <trkpt lon="7.019805" lat="43.621834"><ele>191.5</ele></trkpt>
   <trkpt lon="7.019679" lat="43.621925"><ele>190.5</ele></trkpt>
   <trkpt lon="7.019415" lat="43.622146"><ele>191.5</ele></trkpt>
   <trkpt lon="7.019291" lat="43.622248"><ele>192.5</ele></trkpt>
   <trkpt lon="7.019176" lat="43.622330"><ele>192.25</ele></trkpt>
   <trkpt lon="7.019022" lat="43.622414"><ele>192.75</ele></trkpt>
   <trkpt lon="7.018865" lat="43.622480"><ele>195.25</ele></trkpt>
   <trkpt lon="7.018710" lat="43.622530"><ele>195.75</ele></trkpt>
   <trkpt lon="7.018485" lat="43.622584"><ele>196.5</ele></trkpt>
   <trkpt lon="7.018010" lat="43.622657"><ele>200.0</ele></trkpt>
   <trkpt lon="7.017680" lat="43.622699"><ele>202.25</ele></trkpt>
   <trkpt lon="7.017384" lat="43.622758"><ele>203.75</ele></trkpt>
   <trkpt lon="7.017334" lat="43.622774"><ele>203.75</ele></trkpt>
   <trkpt lon="7.017063" lat="43.622864"><ele>205.25</ele></trkpt>
   <trkpt lon="7.016687" lat="43.622994"><ele>207.25</ele></trkpt>
   <trkpt lon="7.016039" lat="43.623218"><ele>207.75</ele></trkpt>
   <trkpt lon="7.015770" lat="43.623339"><ele>207.0</ele></trkpt>
   <trkpt lon="7.015703" lat="43.623381"><ele>207.0</ele></trkpt>
   <trkpt lon="7.015649" lat="43.623429"><ele>206.75</ele><sym>roundabout_e2</sym></trkpt>
   <trkpt lon="7.015634" lat="43.623477"><ele>206.5</ele></trkpt>
   <trkpt lon="7.015600" lat="43.623517"><ele>206.5</ele></trkpt>
   <trkpt lon="7.015653" lat="43.623633"><ele>205.25</ele></trkpt>
   <trkpt lon="7.015687" lat="43.623716"><ele>204.5</ele></trkpt>
   <trkpt lon="7.015694" lat="43.623794"><ele>203.75</ele></trkpt>
   <trkpt lon="7.015622" lat="43.624285"><ele>200.0</ele></trkpt>
   <trkpt lon="7.015619" lat="43.624320"><ele>200.0</ele></trkpt>
   <trkpt lon="7.015620" lat="43.624356"><ele>199.75</ele><sym>left_slight</sym></trkpt>
   <trkpt lon="7.015600" lat="43.624564"><ele>198.5</ele></trkpt>
   <trkpt lon="7.015568" lat="43.624691"><ele>198.0</ele></trkpt>
   <trkpt lon="7.015483" lat="43.624876"><ele>197.25</ele></trkpt>
   <trkpt lon="7.015480" lat="43.624880"><ele>196.5</ele><sym>pass_place</sym><type>Shaping</type></trkpt>
   <trkpt lon="7.015410" lat="43.625023"><ele>196.5</ele></trkpt>
   <trkpt lon="7.015378" lat="43.625087"><ele>196.5</ele></trkpt>
   <trkpt lon="7.015055" lat="43.625723"><ele>199.0</ele></trkpt>
   <trkpt lon="7.015031" lat="43.625839"><ele>199.0</ele></trkpt>
   <trkpt lon="7.014952" lat="43.625986"><ele>199.5</ele></trkpt>
   <trkpt lon="7.014909" lat="43.626094"><ele>199.75</ele><sym>right_slight</sym></trkpt>
   <trkpt lon="7.014882" lat="43.626162"><ele>200.25</ele></trkpt>
   <trkpt lon="7.014864" lat="43.626294"><ele>200.75</ele></trkpt>
   <trkpt lon="7.014879" lat="43.626396"><ele>201.5</ele></trkpt>
   <trkpt lon="7.014894" lat="43.626523"><ele>202.75</ele></trkpt>
   <trkpt lon="7.014895" lat="43.626661"><ele>204.25</ele></trkpt>
   <trkpt lon="7.014896" lat="43.626807"><ele>206.0</ele></trkpt>
   <trkpt lon="7.014924" lat="43.627107"><ele>209.25</ele></trkpt>
   <trkpt lon="7.014999" lat="43.627819"><ele>218.25</ele></trkpt>
   <trkpt lon="7.015016" lat="43.627956"><ele>219.75</ele></trkpt>
   <trkpt lon="7.015061" lat="43.628315"><ele>222.75</ele></trkpt>
   <trkpt lon="7.015075" lat="43.628428"><ele>224.25</ele></trkpt>
   <trkpt lon="7.015140" lat="43.628668"><ele>227.5</ele></trkpt>
   <trkpt lon="7.015137" lat="43.628841"><ele>229.75</ele></trkpt>
   <trkpt lon="7.015133" lat="43.629075"><ele>231.75</ele></trkpt>
   <trkpt lon="7.015118" lat="43.629121"><ele>232.0</ele></trkpt>
   <trkpt lon="7.015058" lat="43.629394"><ele>233.25</ele></trkpt>
   <trkpt lon="7.014981" lat="43.630014"><ele>232.75</ele></trkpt>
   <trkpt lon="7.014943" lat="43.630209"><ele>231.0</ele></trkpt>
   <trkpt lon="7.014846" lat="43.630324"><ele>230.25</ele></trkpt>
   <trkpt lon="7.014328" lat="43.630782"><ele>226.25</ele></trkpt>
   <trkpt lon="7.013953" lat="43.630994"><ele>223.5</ele></trkpt>
   <trkpt lon="7.013361" lat="43.631207"><ele>219.5</ele></trkpt>
   <trkpt lon="7.013114" lat="43.631253"><ele>219.0</ele></trkpt>
   <trkpt lon="7.012866" lat="43.631270"><ele>218.75</ele></trkpt>
   <trkpt lon="7.012244" lat="43.631277"><ele>218.75</ele></trkpt>
   <trkpt lon="7.011802" lat="43.631330"><ele>219.75</ele></trkpt>
   <trkpt lon="7.011428" lat="43.631415"><ele>221.0</ele></trkpt>
   <trkpt lon="7.010978" lat="43.631587"><ele>219.25</ele></trkpt>
   <trkpt lon="7.010890" lat="43.631628"><ele>218.75</ele></trkpt>
   <trkpt lon="7.010870" lat="43.631638"><ele>218.5</ele></trkpt>
   <trkpt lon="7.010808" lat="43.631667"><ele>218.0</ele></trkpt>
   <trkpt lon="7.010727" lat="43.631684"><ele>218.25</ele></trkpt>
   <trkpt lon="7.010603" lat="43.631678"><ele>218.75</ele></trkpt>
   <trkpt lon="7.010172" lat="43.631682"><ele>219.25</ele><sym>stay_right</sym></trkpt>
   <trkpt lon="7.010036" lat="43.631685"><ele>219.75</ele></trkpt>
   <trkpt lon="7.009914" lat="43.631713"><ele>220.25</ele></trkpt>
   <trkpt lon="7.009780" lat="43.631782"><ele>221.0</ele></trkpt>
   <trkpt lon="7.009565" lat="43.631842"><ele>221.75</ele></trkpt>
   <trkpt lon="7.009115" lat="43.631911"><ele>224.5</ele></trkpt>
   <trkpt lon="7.008562" lat="43.632063"><ele>227.75</ele></trkpt>
   <trkpt lon="7.008422" lat="43.632104"><ele>228.0</ele></trkpt>
   <trkpt lon="7.008224" lat="43.632187"><ele>228.5</ele></trkpt>
   <trkpt lon="7.008048" lat="43.632280"><ele>229.0</ele><sym>stay_right</sym></trkpt>
   <trkpt lon="7.007764" lat="43.632444"><ele>231.5</ele></trkpt>
   <trkpt lon="7.007546" lat="43.632619"><ele>232.25</ele></trkpt>
   <trkpt lon="7.007120" lat="43.633109"><ele>234.75</ele></trkpt>
   <trkpt lon="7.006952" lat="43.633300"><ele>235.5</ele></trkpt>
   <trkpt lon="7.006899" lat="43.633323"><ele>235.75</ele></trkpt>
   <trkpt lon="7.006875" lat="43.633326"><ele>235.75</ele></trkpt>
   <trkpt lon="7.006801" lat="43.633330"><ele>235.75</ele></trkpt>
   <trkpt lon="7.006571" lat="43.633319"><ele>236.5</ele></trkpt>
   <trkpt lon="7.006515" lat="43.633317"><ele>237.0</ele><sym>right</sym></trkpt>
   <trkpt lon="7.006534" lat="43.633535"><ele>237.25</ele></trkpt>
   <trkpt lon="7.006520" lat="43.633808"><ele>238.0</ele></trkpt>
   <trkpt lon="7.006525" lat="43.634133"><ele>238.5</ele></trkpt>
   <trkpt lon="7.006516" lat="43.634247"><ele>238.25</ele></trkpt>
   <trkpt lon="7.006484" lat="43.634675"><ele>236.5</ele></trkpt>
   <trkpt lon="7.006454" lat="43.634969"><ele>235.25</ele></trkpt>
   <trkpt lon="7.006429" lat="43.635118"><ele>235.0</ele></trkpt>
   <trkpt lon="7.006411" lat="43.635224"><ele>234.75</ele></trkpt>
   <trkpt lon="7.006383" lat="43.635393"><ele>233.75</ele></trkpt>
   <trkpt lon="7.006368" lat="43.635459"><ele>233.25</ele><sym>straight</sym></trkpt>
   <trkpt lon="7.006361" lat="43.635489"><ele>233.0</ele></trkpt>
   <trkpt lon="7.006311" lat="43.635705"><ele>232.0</ele></trkpt>
   <trkpt lon="7.006198" lat="43.636108"><ele>230.0</ele></trkpt>
   <trkpt lon="7.006156" lat="43.636257"><ele>227.75</ele></trkpt>
   <trkpt lon="7.006083" lat="43.636425"><ele>225.25</ele></trkpt>
   <trkpt lon="7.005959" lat="43.636630"><ele>222.0</ele></trkpt>
   <trkpt lon="7.005879" lat="43.636763"><ele>220.25</ele></trkpt>
   <trkpt lon="7.005754" lat="43.636959"><ele>217.75</ele></trkpt>
   <trkpt lon="7.005753" lat="43.636960"><ele>216.25</ele><sym>pass_place</sym><type>Shaping</type></trkpt>
   <trkpt lon="7.005620" lat="43.637161"><ele>216.25</ele></trkpt>
   <trkpt lon="7.005557" lat="43.637246"><ele>215.5</ele></trkpt>
   <trkpt lon="7.005279" lat="43.637623"><ele>211.0</ele></trkpt>
   <trkpt lon="7.005227" lat="43.637723"><ele>210.0</ele></trkpt>
   <trkpt lon="7.005217" lat="43.637792"><ele>209.5</ele></trkpt>
   <trkpt lon="7.005228" lat="43.637849"><ele>208.75</ele><sym>right_slight</sym></trkpt>
   <trkpt lon="7.005289" lat="43.637901"><ele>208.0</ele></trkpt>
   <trkpt lon="7.005372" lat="43.637935"><ele>207.5</ele><sym>left_slight</sym></trkpt>
   <trkpt lon="7.005422" lat="43.637980"><ele>206.5</ele></trkpt>
   <trkpt lon="7.005425" lat="43.638049"><ele>205.5</ele></trkpt>
   <trkpt lon="7.005313" lat="43.638303"><ele>202.75</ele></trkpt>
   <trkpt lon="7.005258" lat="43.638405"><ele>201.25</ele></trkpt>
   <trkpt lon="7.005195" lat="43.638501"><ele>200.5</ele></trkpt>
   <trkpt lon="7.005144" lat="43.638577"><ele>199.5</ele></trkpt>
   <trkpt lon="7.005031" lat="43.638732"><ele>197.5</ele></trkpt>
   <trkpt lon="7.004961" lat="43.638930"><ele>193.75</ele></trkpt>
   <trkpt lon="7.004943" lat="43.638982"><ele>193.0</ele><sym>right_slight</sym></trkpt>
   <trkpt lon="7.005160" lat="43.639302"><ele>191.5</ele></trkpt>
   <trkpt lon="7.005209" lat="43.639360"><ele>190.5</ele></trkpt>
   <trkpt lon="7.005228" lat="43.639384"><ele>190.25</ele></trkpt>
   <trkpt lon="7.005250" lat="43.639412"><ele>189.5</ele></trkpt>
   <trkpt lon="7.005372" lat="43.639552"><ele>188.5</ele></trkpt>
   <trkpt lon="7.005577" lat="43.639760"><ele>191.0</ele></trkpt>
   <trkpt lon="7.005676" lat="43.639817"><ele>190.75</ele></trkpt>
   <trkpt lon="7.005766" lat="43.639857"><ele>190.5</ele></trkpt>
   <trkpt lon="7.006172" lat="43.639991"><ele>190.75</ele></trkpt>
   <trkpt lon="7.006455" lat="43.640092"><ele>191.0</ele></trkpt>
   <trkpt lon="7.006528" lat="43.640126"><ele>190.75</ele></trkpt>
   <trkpt lon="7.006587" lat="43.640153"><ele>190.75</ele></trkpt>
   <trkpt lon="7.006700" lat="43.640205"><ele>191.0</ele></trkpt>
   <trkpt lon="7.006907" lat="43.640261"><ele>190.75</ele></trkpt>
   <trkpt lon="7.006994" lat="43.640284"><ele>190.75</ele></trkpt>
   <trkpt lon="7.007076" lat="43.640329"><ele>190.75</ele></trkpt>
   <trkpt lon="7.007142" lat="43.640371"><ele>190.75</ele></trkpt>
   <trkpt lon="7.007534" lat="43.640623"><ele>191.25</ele></trkpt>
   <trkpt lon="7.007595" lat="43.640684"><ele>191.5</ele></trkpt>
   <trkpt lon="7.007625" lat="43.640751"><ele>191.75</ele></trkpt>
   <trkpt lon="7.007644" lat="43.640778"><ele>192.0</ele></trkpt>
   <trkpt lon="7.007676" lat="43.640844"><ele>192.25</ele></trkpt>
   <trkpt lon="7.007744" lat="43.641145"><ele>193.25</ele></trkpt>
   <trkpt lon="7.007760" lat="43.641247"><ele>194.0</ele></trkpt>
   <trkpt lon="7.007763" lat="43.641281"><ele>194.25</ele></trkpt>
   <trkpt lon="7.007784" lat="43.641505"><ele>195.75</ele></trkpt>
   <trkpt lon="7.007787" lat="43.641588"><ele>196.5</ele></trkpt>
   <trkpt lon="7.007782" lat="43.641621"><ele>196.5</ele></trkpt>
   <trkpt lon="7.007776" lat="43.641642"><ele>196.75</ele></trkpt>
   <trkpt lon="7.007587" lat="43.642069"><ele>200.75</ele></trkpt>
   <trkpt lon="7.007508" lat="43.642219"><ele>201.75</ele></trkpt>
   <trkpt lon="7.007411" lat="43.642413"><ele>204.0</ele></trkpt>
   <trkpt lon="7.007348" lat="43.642475"><ele>204.25</ele><sym>straight</sym></trkpt>
   <trkpt lon="7.007317" lat="43.642504"><ele>204.25</ele></trkpt>
   <trkpt lon="7.007277" lat="43.642570"><ele>204.5</ele></trkpt>
   <trkpt lon="7.007257" lat="43.642632"><ele>204.5</ele></trkpt>
   <trkpt lon="7.007245" lat="43.642685"><ele>204.75</ele></trkpt>
   <trkpt lon="7.007239" lat="43.642769"><ele>205.0</ele></trkpt>
   <trkpt lon="7.007253" lat="43.643109"><ele>208.5</ele></trkpt>
   <trkpt lon="7.007219" lat="43.643238"><ele>209.25</ele></trkpt>
   <trkpt lon="7.007103" lat="43.643442"><ele>211.5</ele></trkpt>
   <trkpt lon="7.007063" lat="43.643532"><ele>212.25</ele></trkpt>
   <trkpt lon="7.007031" lat="43.643673"><ele>213.5</ele></trkpt>
   <trkpt lon="7.007053" lat="43.643910"><ele>215.75</ele></trkpt>
   <trkpt lon="7.007088" lat="43.644108"><ele>217.25</ele></trkpt>
   <trkpt lon="7.007186" lat="43.644319"><ele>218.25</ele><sym>straight</sym></trkpt>
   <trkpt lon="7.007252" lat="43.644516"><ele>220.0</ele></trkpt>
   <trkpt lon="7.007251" lat="43.644740"><ele>223.0</ele></trkpt>
   <trkpt lon="7.007238" lat="43.644921"><ele>225.0</ele></trkpt>
   <trkpt lon="7.007243" lat="43.644998"><ele>225.75</ele></trkpt>
   <trkpt lon="7.007214" lat="43.645294"><ele>228.0</ele></trkpt>
   <trkpt lon="7.007180" lat="43.645377"><ele>228.75</ele></trkpt>
   <trkpt lon="7.007196" lat="43.645442"><ele>228.75</ele></trkpt>
   <trkpt lon="7.007150" lat="43.645866"><ele>231.75</ele></trkpt>
   <trkpt lon="7.007151" lat="43.646022"><ele>233.5</ele></trkpt>
   <trkpt lon="7.007244" lat="43.646284"><ele>235.75</ele></trkpt>
   <trkpt lon="7.007373" lat="43.646550"><ele>238.25</ele></trkpt>
   <trkpt lon="7.007526" lat="43.646814"><ele>241.0</ele></trkpt>
   <trkpt lon="7.007635" lat="43.646921"><ele>242.5</ele></trkpt>
   <trkpt lon="7.007821" lat="43.647065"><ele>244.5</ele></trkpt>
   <trkpt lon="7.007965" lat="43.647144"><ele>246.5</ele></trkpt>
   <trkpt lon="7.008088" lat="43.647211"><ele>248.0</ele></trkpt>
   <trkpt lon="7.008392" lat="43.647418"><ele>253.0</ele></trkpt>
   <trkpt lon="7.008624" lat="43.647628"><ele>256.75</ele></trkpt>
   <trkpt lon="7.008764" lat="43.647776"><ele>257.75</ele></trkpt>
   <trkpt lon="7.008935" lat="43.647983"><ele>259.0</ele></trkpt>
   <trkpt lon="7.008967" lat="43.648005"><ele>259.0</ele><sym>left</sym></trkpt>
   <trkpt lon="7.008784" lat="43.648209"><ele>260.0</ele></trkpt>
   <trkpt lon="7.008320" lat="43.648649"><ele>261.75</ele></trkpt>
   <trkpt lon="7.008188" lat="43.648733"><ele>262.0</ele></trkpt>
   <trkpt lon="7.008037" lat="43.648818"><ele>262.25</ele></trkpt>
   <trkpt lon="7.007936" lat="43.648868"><ele>262.75</ele></trkpt>
   <trkpt lon="7.006690" lat="43.649656"><ele>262.0</ele><sym>u-turn_right</sym></trkpt>
   <trkpt lon="7.006690" lat="43.649659"><ele>262.75</ele><sym>pass_place</sym><type>Shaping</type></trkpt>
   <trkpt lon="7.006690" lat="43.649656"><ele>262.0</ele></trkpt>
   <trkpt lon="7.006229" lat="43.649912"><ele>263.5</ele></trkpt>
   <trkpt lon="7.006127" lat="43.649968"><ele>263.75</ele></trkpt>
   <trkpt lon="7.005935" lat="43.650078"><ele>264.0</ele></trkpt>
   <trkpt lon="7.005571" lat="43.650271"><ele>264.75</ele></trkpt>
   <trkpt lon="7.005420" lat="43.650352"><ele>265.0</ele></trkpt>
   <trkpt lon="7.005144" lat="43.650555"><ele>266.5</ele></trkpt>
   <trkpt lon="7.004776" lat="43.650830"><ele>267.75</ele></trkpt>
   <trkpt lon="7.004309" lat="43.651193"><ele>271.5</ele></trkpt>
   <trkpt lon="7.004201" lat="43.651329"><ele>272.5</ele></trkpt>
   <trkpt lon="7.004174" lat="43.651424"><ele>273.25</ele></trkpt>
   <trkpt lon="7.004124" lat="43.651600"><ele>275.0</ele></trkpt>
   <trkpt lon="7.003823" lat="43.652171"><ele>277.25</ele></trkpt>
   <trkpt lon="7.003687" lat="43.652392"><ele>278.0</ele></trkpt>
   <trkpt lon="7.003540" lat="43.652631"><ele>278.5</ele></trkpt>
   <trkpt lon="7.003042" lat="43.653243"><ele>278.25</ele></trkpt>
   <trkpt lon="7.002888" lat="43.653432"><ele>278.25</ele></trkpt>
   <trkpt lon="7.002356" lat="43.654022"><ele>277.75</ele></trkpt>
   <trkpt lon="7.002136" lat="43.654291"><ele>277.75</ele></trkpt>
   <trkpt lon="7.002046" lat="43.654569"><ele>278.0</ele></trkpt>
   <trkpt lon="7.002022" lat="43.654737"><ele>278.0</ele></trkpt>
   <trkpt lon="7.001986" lat="43.654981"><ele>278.5</ele></trkpt>
   <trkpt lon="7.001934" lat="43.655228"><ele>278.25</ele></trkpt>
   <trkpt lon="7.001854" lat="43.655368"><ele>277.5</ele></trkpt>
   <trkpt lon="7.001635" lat="43.655574"><ele>276.5</ele></trkpt>
   <trkpt lon="7.000909" lat="43.655995"><ele>269.5</ele></trkpt>
   <trkpt lon="7.000210" lat="43.656400"><ele>266.25</ele></trkpt>
   <trkpt lon="6.999978" lat="43.656487"><ele>266.25</ele></trkpt>
   <trkpt lon="6.999335" lat="43.656599"><ele>265.25</ele></trkpt>
   <trkpt lon="6.999068" lat="43.656680"><ele>263.5</ele></trkpt>
   <trkpt lon="6.998924" lat="43.656754"><ele>262.0</ele></trkpt>
   <trkpt lon="6.998562" lat="43.656928"><ele>258.25</ele></trkpt>
   <trkpt lon="6.997747" lat="43.657301"><ele>252.25</ele></trkpt>
   <trkpt lon="6.996742" lat="43.657711"><ele>247.0</ele></trkpt>
   <trkpt lon="6.996230" lat="43.657978"><ele>241.25</ele></trkpt>
   <trkpt lon="6.996178" lat="43.658015"><ele>240.5</ele></trkpt>
   <trkpt lon="6.996120" lat="43.658060"><ele>239.75</ele><sym>left_slight</sym></trkpt>
   <trkpt lon="6.995760" lat="43.658132"><ele>239.5</ele><sym>right_slight</sym></trkpt>
   <trkpt lon="6.995645" lat="43.658197"><ele>239.25</ele><sym>roundabout_e2</sym></trkpt>
   <trkpt lon="6.995629" lat="43.658226"><ele>239.0</ele></trkpt>
   <trkpt lon="6.995574" lat="43.658266"><ele>239.0</ele></trkpt>
   <trkpt lon="6.995499" lat="43.658282"><ele>239.0</ele></trkpt>
   <trkpt lon="6.995435" lat="43.658277"><ele>239.0</ele></trkpt>
   <trkpt lon="6.995400" lat="43.658257"><ele>239.25</ele></trkpt>
   <trkpt lon="6.995219" lat="43.658243"><ele>239.25</ele></trkpt>
   <trkpt lon="6.994828" lat="43.658317"><ele>239.75</ele></trkpt>
   <trkpt lon="6.994472" lat="43.658390"><ele>240.0</ele></trkpt>
   <trkpt lon="6.993959" lat="43.658496"><ele>240.25</ele></trkpt>
   <trkpt lon="6.993841" lat="43.658520"><ele>240.25</ele></trkpt>
   <trkpt lon="6.993417" lat="43.658638"><ele>240.25</ele></trkpt>
   <trkpt lon="6.993083" lat="43.658778"><ele>240.75</ele></trkpt>
   <trkpt lon="6.992875" lat="43.658897"><ele>241.5</ele></trkpt>
   <trkpt lon="6.992753" lat="43.658978"><ele>242.0</ele></trkpt>
   <trkpt lon="6.992580" lat="43.659110"><ele>242.0</ele></trkpt>
   <trkpt lon="6.992505" lat="43.659165"><ele>242.0</ele></trkpt>
   <trkpt lon="6.991511" lat="43.659891"><ele>245.25</ele></trkpt>
   <trkpt lon="6.991184" lat="43.660103"><ele>246.25</ele><sym>pass_place</sym><type>Shaping</type></trkpt>
   <trkpt lon="6.991184" lat="43.660104"><ele>246.25</ele></trkpt>
   <trkpt lon="6.990738" lat="43.660321"><ele>246.25</ele></trkpt>
   <trkpt lon="6.990354" lat="43.660470"><ele>246.5</ele></trkpt>
   <trkpt lon="6.989975" lat="43.660601"><ele>246.25</ele></trkpt>
   <trkpt lon="6.989673" lat="43.660689"><ele>247.0</ele></trkpt>
   <trkpt lon="6.988264" lat="43.660979"><ele>247.75</ele></trkpt>
   <trkpt lon="6.988015" lat="43.661060"><ele>247.25</ele></trkpt>
   <trkpt lon="6.987934" lat="43.661101"><ele>247.25</ele></trkpt>
   <trkpt lon="6.987869" lat="43.661145"><ele>247.5</ele></trkpt>
   <trkpt lon="6.987856" lat="43.661154"><ele>247.5</ele><sym>right_slight</sym></trkpt>
   <trkpt lon="6.987833" lat="43.661222"><ele>247.5</ele><sym>roundabout_e2</sym></trkpt>
   <trkpt lon="6.987853" lat="43.661253"><ele>247.25</ele></trkpt>
   <trkpt lon="6.987858" lat="43.661279"><ele>247.25</ele></trkpt>
   <trkpt lon="6.987850" lat="43.661312"><ele>247.25</ele></trkpt>
   <trkpt lon="6.987831" lat="43.661337"><ele>247.25</ele></trkpt>
   <trkpt lon="6.987802" lat="43.661358"><ele>247.0</ele></trkpt>
   <trkpt lon="6.987762" lat="43.661371"><ele>247.0</ele></trkpt>
   <trkpt lon="6.987715" lat="43.661375"><ele>247.0</ele></trkpt>
   <trkpt lon="6.987675" lat="43.661368"><ele>247.0</ele></trkpt>
   <trkpt lon="6.987583" lat="43.661405"><ele>247.0</ele><sym>right_slight</sym></trkpt>
   <trkpt lon="6.987504" lat="43.661513"><ele>247.0</ele></trkpt>
   <trkpt lon="6.987471" lat="43.661594"><ele>247.0</ele></trkpt>
   <trkpt lon="6.987345" lat="43.661985"><ele>247.0</ele></trkpt>
   <trkpt lon="6.987225" lat="43.662389"><ele>247.0</ele></trkpt>
   <trkpt lon="6.987179" lat="43.662533"><ele>247.0</ele></trkpt>
   <trkpt lon="6.987155" lat="43.662657"><ele>247.25</ele></trkpt>
   <trkpt lon="6.987099" lat="43.662778"><ele>247.5</ele></trkpt>
   <trkpt lon="6.986963" lat="43.662981"><ele>247.75</ele></trkpt>
   <trkpt lon="6.986921" lat="43.663039"><ele>247.75</ele></trkpt>
   <trkpt lon="6.986730" lat="43.663302"><ele>248.0</ele></trkpt>
   <trkpt lon="6.986673" lat="43.663381"><ele>248.0</ele></trkpt>
   <trkpt lon="6.986567" lat="43.663547"><ele>248.25</ele></trkpt>
   <trkpt lon="6.986506" lat="43.663682"><ele>248.5</ele></trkpt>
   <trkpt lon="6.986382" lat="43.664017"><ele>249.25</ele></trkpt>
   <trkpt lon="6.986238" lat="43.664313"><ele>249.75</ele></trkpt>
   <trkpt lon="6.986184" lat="43.664428"><ele>250.0</ele></trkpt>
   <trkpt lon="6.986159" lat="43.664481"><ele>250.25</ele></trkpt>
   <trkpt lon="6.985959" lat="43.664786"><ele>250.5</ele></trkpt>
   <trkpt lon="6.985669" lat="43.665201"><ele>251.5</ele></trkpt>
   <trkpt lon="6.985507" lat="43.665428"><ele>251.75</ele></trkpt>
   <trkpt lon="6.985411" lat="43.665563"><ele>252.0</ele></trkpt>
   <trkpt lon="6.985355" lat="43.665643"><ele>252.25</ele></trkpt>
   <trkpt lon="6.985187" lat="43.665970"><ele>252.5</ele></trkpt>
   <trkpt lon="6.984982" lat="43.666273"><ele>253.5</ele></trkpt>
   <trkpt lon="6.984878" lat="43.666445"><ele>254.0</ele></trkpt>
   <trkpt lon="6.984692" lat="43.666770"><ele>255.0</ele></trkpt>
   <trkpt lon="6.984621" lat="43.666968"><ele>255.0</ele></trkpt>
   <trkpt lon="6.984602" lat="43.667097"><ele>255.5</ele></trkpt>
   <trkpt lon="6.984597" lat="43.667284"><ele>256.0</ele></trkpt>
   <trkpt lon="6.984607" lat="43.667512"><ele>257.0</ele></trkpt>
   <trkpt lon="6.984610" lat="43.667598"><ele>257.25</ele></trkpt>
   <trkpt lon="6.984613" lat="43.667674"><ele>257.5</ele></trkpt>
   <trkpt lon="6.984614" lat="43.667731"><ele>257.75</ele></trkpt>
   <trkpt lon="6.984660" lat="43.667799"><ele>258.0</ele></trkpt>
   <trkpt lon="6.984678" lat="43.667840"><ele>258.25</ele></trkpt>
   <trkpt lon="6.984709" lat="43.667880"><ele>258.5</ele><sym>roundabout_e3</sym></trkpt>
   <trkpt lon="6.984776" lat="43.667906"><ele>258.75</ele></trkpt>
   <trkpt lon="6.984838" lat="43.667970"><ele>259.0</ele></trkpt>
   <trkpt lon="6.984856" lat="43.668017"><ele>259.25</ele></trkpt>
   <trkpt lon="6.984862" lat="43.668031"><ele>259.25</ele></trkpt>
   <trkpt lon="6.984865" lat="43.668086"><ele>259.5</ele></trkpt>
   <trkpt lon="6.984830" lat="43.668181"><ele>259.75</ele></trkpt>
   <trkpt lon="6.984800" lat="43.668219"><ele>259.75</ele></trkpt>
   <trkpt lon="6.984769" lat="43.668244"><ele>259.75</ele></trkpt>
   <trkpt lon="6.984713" lat="43.668275"><ele>260.0</ele></trkpt>
   <trkpt lon="6.984637" lat="43.668350"><ele>260.25</ele></trkpt>
   <trkpt lon="6.984583" lat="43.668408"><ele>260.75</ele></trkpt>
   <trkpt lon="6.984547" lat="43.668469"><ele>261.0</ele></trkpt>
   <trkpt lon="6.984528" lat="43.668567"><ele>261.5</ele></trkpt>
   <trkpt lon="6.984481" lat="43.668819"><ele>262.5</ele></trkpt>
   <trkpt lon="6.984375" lat="43.669379"><ele>265.0</ele></trkpt>
   <trkpt lon="6.984337" lat="43.669515"><ele>265.5</ele></trkpt>
   <trkpt lon="6.984299" lat="43.669589"><ele>265.75</ele></trkpt>
   <trkpt lon="6.984259" lat="43.669651"><ele>265.75</ele></trkpt>
   <trkpt lon="6.984195" lat="43.669718"><ele>265.75</ele></trkpt>
   <trkpt lon="6.984157" lat="43.669746"><ele>266.0</ele></trkpt>
   <trkpt lon="6.984077" lat="43.669803"><ele>267.25</ele></trkpt>
   <trkpt lon="6.983930" lat="43.669927"><ele>267.75</ele></trkpt>
   <trkpt lon="6.983848" lat="43.670040"><ele>267.25</ele></trkpt>
   <trkpt lon="6.983747" lat="43.670207"><ele>268.25</ele></trkpt>
   <trkpt lon="6.983171" lat="43.671175"><ele>280.75</ele></trkpt>
   <trkpt lon="6.983033" lat="43.671389"><ele>284.0</ele></trkpt>
   <trkpt lon="6.982998" lat="43.671443"><ele>284.75</ele></trkpt>
   <trkpt lon="6.982865" lat="43.671641"><ele>288.0</ele></trkpt>
   <trkpt lon="6.982720" lat="43.671833"><ele>291.0</ele></trkpt>
   <trkpt lon="6.982505" lat="43.672069"><ele>295.25</ele></trkpt>
   <trkpt lon="6.981892" lat="43.672529"><ele>305.0</ele></trkpt>
   <trkpt lon="6.981401" lat="43.673121"><ele>312.75</ele></trkpt>
   <trkpt lon="6.981110" lat="43.673517"><ele>318.5</ele><sym>pass_place</sym><type>Shaping</type></trkpt>
   <trkpt lon="6.980984" lat="43.673667"><ele>321.75</ele></trkpt>
   <trkpt lon="6.980788" lat="43.673819"><ele>324.0</ele></trkpt>
   <trkpt lon="6.980521" lat="43.674000"><ele>327.75</ele></trkpt>
   <trkpt lon="6.980309" lat="43.674179"><ele>330.0</ele></trkpt>
   <trkpt lon="6.979930" lat="43.674526"><ele>337.0</ele></trkpt>
   <trkpt lon="6.979357" lat="43.675095"><ele>347.25</ele></trkpt>
   <trkpt lon="6.979235" lat="43.675201"><ele>348.75</ele></trkpt>
   <trkpt lon="6.979062" lat="43.675361"><ele>350.5</ele></trkpt>
   <trkpt lon="6.978907" lat="43.675475"><ele>351.75</ele></trkpt>
   <trkpt lon="6.978556" lat="43.675650"><ele>353.25</ele></trkpt>
   <trkpt lon="6.978331" lat="43.675762"><ele>355.75</ele></trkpt>
   <trkpt lon="6.978011" lat="43.675936"><ele>359.0</ele></trkpt>
   <trkpt lon="6.977778" lat="43.676088"><ele>361.0</ele></trkpt>
   <trkpt lon="6.977491" lat="43.676337"><ele>364.25</ele></trkpt>
   <trkpt lon="6.977445" lat="43.676365"><ele>364.25</ele></trkpt>
   <trkpt lon="6.977395" lat="43.676383"><ele>364.25</ele></trkpt>
   <trkpt lon="6.977335" lat="43.676394"><ele>364.5</ele></trkpt>
   <trkpt lon="6.977273" lat="43.676391"><ele>364.75</ele></trkpt>
   <trkpt lon="6.977175" lat="43.676361"><ele>365.5</ele></trkpt>
   <trkpt lon="6.977126" lat="43.676331"><ele>366.5</ele></trkpt>
   <trkpt lon="6.977107" lat="43.676312"><ele>367.0</ele></trkpt>
   <trkpt lon="6.977090" lat="43.676287"><ele>367.5</ele></trkpt>
   <trkpt lon="6.977080" lat="43.676229"><ele>368.5</ele></trkpt>
   <trkpt lon="6.977094" lat="43.676158"><ele>369.0</ele></trkpt>
   <trkpt lon="6.977281" lat="43.675926"><ele>369.0</ele></trkpt>
   <trkpt lon="6.977425" lat="43.675730"><ele>369.75</ele></trkpt>
   <trkpt lon="6.977883" lat="43.675040"><ele>378.5</ele></trkpt>
   <trkpt lon="6.977965" lat="43.674940"><ele>379.25</ele></trkpt>
   <trkpt lon="6.978018" lat="43.674893"><ele>379.25</ele></trkpt>
   <trkpt lon="6.978171" lat="43.674792"><ele>379.75</ele></trkpt>
   <trkpt lon="6.978256" lat="43.674738"><ele>380.25</ele></trkpt>
   <trkpt lon="6.978294" lat="43.674705"><ele>380.25</ele></trkpt>
   <trkpt lon="6.978334" lat="43.674636"><ele>379.75</ele></trkpt>
   <trkpt lon="6.978341" lat="43.674610"><ele>379.75</ele></trkpt>
   <trkpt lon="6.978338" lat="43.674576"><ele>379.75</ele></trkpt>
   <trkpt lon="6.978327" lat="43.674545"><ele>380.0</ele></trkpt>
   <trkpt lon="6.978289" lat="43.674502"><ele>380.25</ele></trkpt>
   <trkpt lon="6.978214" lat="43.674472"><ele>381.25</ele></trkpt>
   <trkpt lon="6.978171" lat="43.674464"><ele>381.75</ele></trkpt>
   <trkpt lon="6.978120" lat="43.674465"><ele>382.25</ele></trkpt>
   <trkpt lon="6.978027" lat="43.674499"><ele>383.0</ele></trkpt>
   <trkpt lon="6.977969" lat="43.674540"><ele>383.5</ele></trkpt>
   <trkpt lon="6.977907" lat="43.674600"><ele>384.25</ele></trkpt>
   <trkpt lon="6.977879" lat="43.674633"><ele>384.5</ele></trkpt>
   <trkpt lon="6.977440" lat="43.675149"><ele>389.25</ele></trkpt>
   <trkpt lon="6.977348" lat="43.675226"><ele>390.25</ele></trkpt>
   <trkpt lon="6.977260" lat="43.675274"><ele>391.75</ele></trkpt>
   <trkpt lon="6.977118" lat="43.675334"><ele>393.0</ele></trkpt>
   <trkpt lon="6.976977" lat="43.675385"><ele>394.0</ele></trkpt>
   <trkpt lon="6.976911" lat="43.675417"><ele>394.25</ele></trkpt>
   <trkpt lon="6.976848" lat="43.675457"><ele>394.5</ele></trkpt>
   <trkpt lon="6.976777" lat="43.675515"><ele>394.75</ele></trkpt>
   <trkpt lon="6.976609" lat="43.675693"><ele>395.5</ele></trkpt>
   <trkpt lon="6.976501" lat="43.675785"><ele>396.5</ele></trkpt>
   <trkpt lon="6.976200" lat="43.675975"><ele>398.25</ele></trkpt>
   <trkpt lon="6.975998" lat="43.676073"><ele>397.75</ele></trkpt>
   <trkpt lon="6.975627" lat="43.676209"><ele>400.5</ele></trkpt>
   <trkpt lon="6.975552" lat="43.676237"><ele>400.75</ele></trkpt>
   <trkpt lon="6.975435" lat="43.676280"><ele>401.0</ele></trkpt>
   <trkpt lon="6.975355" lat="43.676317"><ele>400.5</ele></trkpt>
   <trkpt lon="6.975346" lat="43.676322"><ele>400.5</ele></trkpt>
   <trkpt lon="6.975209" lat="43.676392"><ele>398.5</ele></trkpt>
   <trkpt lon="6.975110" lat="43.676462"><ele>399.25</ele></trkpt>
   <trkpt lon="6.974995" lat="43.676574"><ele>399.0</ele></trkpt>
   <trkpt lon="6.974906" lat="43.676708"><ele>399.75</ele></trkpt>
   <trkpt lon="6.974647" lat="43.677213"><ele>399.5</ele></trkpt>
   <trkpt lon="6.974662" lat="43.677258"><ele>399.5</ele></trkpt>
   <trkpt lon="6.974619" lat="43.677419"><ele>400.25</ele><sym>roundabout_e2</sym></trkpt>
   <trkpt lon="6.974641" lat="43.677457"><ele>400.25</ele></trkpt>
   <trkpt lon="6.974642" lat="43.677478"><ele>400.25</ele></trkpt>
   <trkpt lon="6.974632" lat="43.677506"><ele>400.5</ele></trkpt>
   <trkpt lon="6.974610" lat="43.677531"><ele>401.0</ele></trkpt>
   <trkpt lon="6.974579" lat="43.677549"><ele>401.25</ele></trkpt>
   <trkpt lon="6.974492" lat="43.677635"><ele>402.25</ele></trkpt>
   <trkpt lon="6.974429" lat="43.677719"><ele>402.75</ele></trkpt>
   <trkpt lon="6.974396" lat="43.677795"><ele>403.25</ele></trkpt>
   <trkpt lon="6.974355" lat="43.677888"><ele>403.75</ele></trkpt>
   <trkpt lon="6.974273" lat="43.678049"><ele>404.75</ele></trkpt>
   <trkpt lon="6.974138" lat="43.678318"><ele>405.0</ele></trkpt>
   <trkpt lon="6.974055" lat="43.678414"><ele>406.0</ele></trkpt>
   <trkpt lon="6.974010" lat="43.678449"><ele>406.25</ele></trkpt>
   <trkpt lon="6.973915" lat="43.678505"><ele>406.25</ele></trkpt>
   <trkpt lon="6.973829" lat="43.678544"><ele>406.25</ele></trkpt>
   <trkpt lon="6.973748" lat="43.678569"><ele>406.25</ele></trkpt>
   <trkpt lon="6.973468" lat="43.678614"><ele>407.0</ele></trkpt>
   <trkpt lon="6.973408" lat="43.678631"><ele>407.25</ele></trkpt>
   <trkpt lon="6.973364" lat="43.678652"><ele>407.5</ele></trkpt>
   <trkpt lon="6.973321" lat="43.678683"><ele>407.75</ele></trkpt>
   <trkpt lon="6.973294" lat="43.678714"><ele>408.0</ele><sym>right_slight</sym></trkpt>
   <trkpt lon="6.973328" lat="43.678858"><ele>406.25</ele></trkpt>
   <trkpt lon="6.973353" lat="43.678921"><ele>406.0</ele><sym>roundabout_e3</sym></trkpt>
   <trkpt lon="6.973397" lat="43.678947"><ele>406.25</ele></trkpt>
   <trkpt lon="6.973448" lat="43.679003"><ele>406.25</ele></trkpt>
   <trkpt lon="6.973464" lat="43.679042"><ele>406.5</ele></trkpt>
   <trkpt lon="6.973466" lat="43.679101"><ele>406.5</ele></trkpt>
   <trkpt lon="6.973454" lat="43.679137"><ele>406.5</ele></trkpt>
   <trkpt lon="6.973418" lat="43.679187"><ele>406.5</ele></trkpt>
   <trkpt lon="6.973382" lat="43.679216"><ele>406.75</ele></trkpt>
   <trkpt lon="6.973337" lat="43.679239"><ele>406.75</ele></trkpt>
   <trkpt lon="6.973282" lat="43.679256"><ele>407.0</ele></trkpt>
   <trkpt lon="6.973223" lat="43.679263"><ele>407.0</ele></trkpt>
   <trkpt lon="6.973170" lat="43.679261"><ele>407.0</ele></trkpt>
   <trkpt lon="6.973111" lat="43.679249"><ele>407.0</ele></trkpt>
   <trkpt lon="6.973010" lat="43.679282"><ele>407.25</ele></trkpt>
   <trkpt lon="6.972973" lat="43.679300"><ele>407.25</ele></trkpt>
   <trkpt lon="6.972360" lat="43.679721"><ele>408.25</ele></trkpt>
   <trkpt lon="6.972050" lat="43.679941"><ele>409.75</ele></trkpt>
   <trkpt lon="6.971810" lat="43.680102"><ele>410.75</ele></trkpt>
   <trkpt lon="6.971760" lat="43.680148"><ele>411.0</ele></trkpt>
   <trkpt lon="6.971707" lat="43.680227"><ele>411.5</ele></trkpt>
   <trkpt lon="6.971647" lat="43.680346"><ele>412.0</ele></trkpt>
   <trkpt lon="6.971620" lat="43.680407"><ele>412.25</ele><sym>roundabout_e4</sym></trkpt>
   <trkpt lon="6.971632" lat="43.680442"><ele>412.5</ele></trkpt>
   <trkpt lon="6.971620" lat="43.680503"><ele>412.75</ele></trkpt>
   <trkpt lon="6.971553" lat="43.680547"><ele>412.75</ele></trkpt>
   <trkpt lon="6.971492" lat="43.680568"><ele>413.0</ele></trkpt>
   <trkpt lon="6.971463" lat="43.680569"><ele>413.25</ele></trkpt>
   <trkpt lon="6.971441" lat="43.680562"><ele>413.0</ele></trkpt>
   <trkpt lon="6.971424" lat="43.680537"><ele>412.75</ele></trkpt>
   <trkpt lon="6.971385" lat="43.680417"><ele>412.25</ele></trkpt>
   <trkpt lon="6.971384" lat="43.680373"><ele>412.25</ele></trkpt>
   <trkpt lon="6.971291" lat="43.680331"><ele>410.75</ele><sym>left_slight</sym></trkpt>
   <trkpt lon="6.971261" lat="43.680219"><ele>410.0</ele></trkpt>
   <trkpt lon="6.971236" lat="43.680064"><ele>409.75</ele></trkpt>
   <trkpt lon="6.971218" lat="43.679956"><ele>409.5</ele></trkpt>
   <trkpt lon="6.971218" lat="43.679889"><ele>409.25</ele><sym>u-turn_right</sym><type>Via</type></trkpt>
   <trkpt lon="6.971218" lat="43.679956"><ele>409.5</ele></trkpt>
   <trkpt lon="6.971236" lat="43.680064"><ele>409.75</ele><sym>right_slight</sym></trkpt>
   <trkpt lon="6.971273" lat="43.680134"><ele>410.0</ele></trkpt>
   <trkpt lon="6.971302" lat="43.680169"><ele>410.5</ele></trkpt>
   <trkpt lon="6.971330" lat="43.680193"><ele>410.75</ele></trkpt>
   <trkpt lon="6.971397" lat="43.680231"><ele>411.75</ele><sym>left_slight</sym></trkpt>
   <trkpt lon="6.971435" lat="43.680255"><ele>411.75</ele></trkpt>
   <trkpt lon="6.971450" lat="43.680264"><ele>411.75</ele></trkpt>
   <trkpt lon="6.971465" lat="43.680284"><ele>412.0</ele></trkpt>
   <trkpt lon="6.971478" lat="43.680323"><ele>412.0</ele><sym>roundabout_e2</sym></trkpt>
   <trkpt lon="6.971522" lat="43.680329"><ele>412.0</ele></trkpt>
   <trkpt lon="6.971588" lat="43.680362"><ele>412.25</ele></trkpt>
   <trkpt lon="6.971620" lat="43.680407"><ele>412.25</ele></trkpt>
   <trkpt lon="6.971632" lat="43.680442"><ele>412.5</ele></trkpt>
   <trkpt lon="6.971620" lat="43.680503"><ele>412.75</ele></trkpt>
   <trkpt lon="6.971638" lat="43.680596"><ele>413.25</ele></trkpt>
   <trkpt lon="6.971646" lat="43.680632"><ele>413.75</ele></trkpt>
   <trkpt lon="6.971676" lat="43.680686"><ele>414.25</ele><sym>right_slight</sym></trkpt>
   <trkpt lon="6.971824" lat="43.680777"><ele>414.25</ele></trkpt>
   <trkpt lon="6.971852" lat="43.680796"><ele>414.25</ele></trkpt>
   <trkpt lon="6.971915" lat="43.680843"><ele>414.0</ele></trkpt>
   <trkpt lon="6.971946" lat="43.680884"><ele>413.75</ele></trkpt>
   <trkpt lon="6.971960" lat="43.680934"><ele>413.5</ele></trkpt>
   <trkpt lon="6.971959" lat="43.681003"><ele>413.25</ele></trkpt>
   <trkpt lon="6.971944" lat="43.681064"><ele>413.0</ele></trkpt>
   <trkpt lon="6.971881" lat="43.681204"><ele>412.0</ele></trkpt>
   <trkpt lon="6.971844" lat="43.681266"><ele>411.5</ele></trkpt>
   <trkpt lon="6.971788" lat="43.681360"><ele>411.0</ele></trkpt>
   <trkpt lon="6.971759" lat="43.681442"><ele>411.0</ele></trkpt>
   <trkpt lon="6.971754" lat="43.681513"><ele>410.75</ele></trkpt>
   <trkpt lon="6.971782" lat="43.681609"><ele>409.75</ele></trkpt>
   <trkpt lon="6.971832" lat="43.681697"><ele>409.5</ele></trkpt>
   <trkpt lon="6.971914" lat="43.681771"><ele>409.5</ele></trkpt>
   <trkpt lon="6.972065" lat="43.681833"><ele>409.0</ele></trkpt>
   <trkpt lon="6.972404" lat="43.681945"><ele>407.5</ele></trkpt>
   <trkpt lon="6.972483" lat="43.681973"><ele>408.0</ele></trkpt>
   <trkpt lon="6.972944" lat="43.682126"><ele>406.5</ele></trkpt>
   <trkpt lon="6.973462" lat="43.682298"><ele>404.0</ele></trkpt>
   <trkpt lon="6.973591" lat="43.682351"><ele>403.0</ele></trkpt>
   <trkpt lon="6.973759" lat="43.682463"><ele>402.75</ele></trkpt>
   <trkpt lon="6.973938" lat="43.682551"><ele>403.5</ele></trkpt>
   <trkpt lon="6.974061" lat="43.682603"><ele>403.75</ele></trkpt>
   <trkpt lon="6.974194" lat="43.682644"><ele>403.75</ele></trkpt>
   <trkpt lon="6.974670" lat="43.682751"><ele>400.5</ele></trkpt>
   <trkpt lon="6.974851" lat="43.682810"><ele>400.75</ele></trkpt>
   <trkpt lon="6.975022" lat="43.682878"><ele>401.5</ele></trkpt>
   <trkpt lon="6.975057" lat="43.682898"><ele>401.0</ele></trkpt>
   <trkpt lon="6.975166" lat="43.682958"><ele>399.25</ele></trkpt>
   <trkpt lon="6.975362" lat="43.683112"><ele>397.5</ele></trkpt>
   <trkpt lon="6.975421" lat="43.683148"><ele>397.25</ele></trkpt>
   <trkpt lon="6.975540" lat="43.683235"><ele>396.75</ele></trkpt>
   <trkpt lon="6.975642" lat="43.683299"><ele>396.5</ele></trkpt>
   <trkpt lon="6.975701" lat="43.683347"><ele>396.5</ele></trkpt>
   <trkpt lon="6.975803" lat="43.683447"><ele>395.75</ele></trkpt>
   <trkpt lon="6.975900" lat="43.683574"><ele>394.5</ele></trkpt>
   <trkpt lon="6.976068" lat="43.683884"><ele>393.0</ele></trkpt>
   <trkpt lon="6.976161" lat="43.684007"><ele>393.0</ele></trkpt>
   <trkpt lon="6.976657" lat="43.684438"><ele>390.0</ele></trkpt>
   <trkpt lon="6.977166" lat="43.684912"><ele>386.75</ele></trkpt>
   <trkpt lon="6.977276" lat="43.685079"><ele>386.75</ele></trkpt>
   <trkpt lon="6.977344" lat="43.685229"><ele>385.75</ele></trkpt>
   <trkpt lon="6.977420" lat="43.685339"><ele>385.0</ele></trkpt>
   <trkpt lon="6.977513" lat="43.685417"><ele>384.5</ele></trkpt>
   <trkpt lon="6.978091" lat="43.685794"><ele>382.25</ele></trkpt>
   <trkpt lon="6.978275" lat="43.685925"><ele>382.0</ele></trkpt>
   <trkpt lon="6.978420" lat="43.686061"><ele>381.0</ele></trkpt>
   <trkpt lon="6.978535" lat="43.686240"><ele>380.0</ele></trkpt>
   <trkpt lon="6.978621" lat="43.686399"><ele>379.5</ele></trkpt>
   <trkpt lon="6.978667" lat="43.686481"><ele>378.75</ele></trkpt>
   <trkpt lon="6.978840" lat="43.686788"><ele>377.5</ele></trkpt>
   <trkpt lon="6.978904" lat="43.686916"><ele>377.25</ele></trkpt>
   <trkpt lon="6.978933" lat="43.687056"><ele>376.25</ele></trkpt>
   <trkpt lon="6.978940" lat="43.687228"><ele>375.5</ele></trkpt>
   <trkpt lon="6.978864" lat="43.687758"><ele>373.5</ele></trkpt>
   <trkpt lon="6.978862" lat="43.687909"><ele>373.0</ele></trkpt>
   <trkpt lon="6.978883" lat="43.688093"><ele>372.25</ele></trkpt>
   <trkpt lon="6.978940" lat="43.688266"><ele>371.75</ele></trkpt>
   <trkpt lon="6.979027" lat="43.688434"><ele>371.25</ele></trkpt>
   <trkpt lon="6.979227" lat="43.688731"><ele>369.5</ele></trkpt>
   <trkpt lon="6.979425" lat="43.689025"><ele>368.25</ele></trkpt>
   <trkpt lon="6.979482" lat="43.689149"><ele>367.5</ele></trkpt>
   <trkpt lon="6.979521" lat="43.689274"><ele>366.75</ele></trkpt>
   <trkpt lon="6.979538" lat="43.689452"><ele>366.25</ele></trkpt>
   <trkpt lon="6.979571" lat="43.690064"><ele>365.0</ele></trkpt>
   <trkpt lon="6.979598" lat="43.690243"><ele>363.0</ele></trkpt>
   <trkpt lon="6.979607" lat="43.690298"><ele>362.5</ele></trkpt>
   <trkpt lon="6.979611" lat="43.690315"><ele>362.5</ele></trkpt>
   <trkpt lon="6.979625" lat="43.690381"><ele>362.75</ele></trkpt>
   <trkpt lon="6.979667" lat="43.690484"><ele>362.5</ele></trkpt>
   <trkpt lon="6.980007" lat="43.691315"><ele>358.75</ele></trkpt>
   <trkpt lon="6.980150" lat="43.691698"><ele>357.0</ele></trkpt>
   <trkpt lon="6.980175" lat="43.691781"><ele>356.5</ele></trkpt>
   <trkpt lon="6.980187" lat="43.691873"><ele>356.0</ele></trkpt>
   <trkpt lon="6.980176" lat="43.691959"><ele>356.0</ele></trkpt>
   <trkpt lon="6.980166" lat="43.691991"><ele>355.75</ele></trkpt>
   <trkpt lon="6.980109" lat="43.692130"><ele>355.0</ele></trkpt>
   <trkpt lon="6.980028" lat="43.692237"><ele>355.0</ele></trkpt>
   <trkpt lon="6.979943" lat="43.692311"><ele>354.5</ele></trkpt>
   <trkpt lon="6.979685" lat="43.692467"><ele>352.75</ele></trkpt>
   <trkpt lon="6.979608" lat="43.692533"><ele>352.75</ele></trkpt>
   <trkpt lon="6.979551" lat="43.692603"><ele>352.75</ele></trkpt>
   <trkpt lon="6.979502" lat="43.692696"><ele>352.25</ele></trkpt>
   <trkpt lon="6.979358" lat="43.693157"><ele>350.5</ele><sym>pass_place</sym><type>Shaping</type></trkpt>
   <trkpt lon="6.979278" lat="43.693314"><ele>349.25</ele></trkpt>
   <trkpt lon="6.979088" lat="43.693540"><ele>349.75</ele></trkpt>
   <trkpt lon="6.979019" lat="43.693612"><ele>349.5</ele></trkpt>
   <trkpt lon="6.978934" lat="43.693719"><ele>348.75</ele></trkpt>
   <trkpt lon="6.978876" lat="43.693837"><ele>347.75</ele></trkpt>
   <trkpt lon="6.978849" lat="43.693963"><ele>347.25</ele></trkpt>
   <trkpt lon="6.978849" lat="43.694087"><ele>347.0</ele></trkpt>
   <trkpt lon="6.978880" lat="43.694365"><ele>345.25</ele></trkpt>
   <trkpt lon="6.978877" lat="43.694464"><ele>345.0</ele></trkpt>
   <trkpt lon="6.978864" lat="43.694562"><ele>344.75</ele></trkpt>
   <trkpt lon="6.978837" lat="43.694652"><ele>344.75</ele></trkpt>
   <trkpt lon="6.978793" lat="43.694745"><ele>344.25</ele></trkpt>
   <trkpt lon="6.978660" lat="43.694974"><ele>341.5</ele></trkpt>
   <trkpt lon="6.978553" lat="43.695157"><ele>341.0</ele></trkpt>
   <trkpt lon="6.978515" lat="43.695236"><ele>341.0</ele></trkpt>
   <trkpt lon="6.978480" lat="43.695336"><ele>340.75</ele></trkpt>
   <trkpt lon="6.978466" lat="43.695421"><ele>340.25</ele></trkpt>
   <trkpt lon="6.978469" lat="43.695689"><ele>338.5</ele></trkpt>
   <trkpt lon="6.978448" lat="43.695787"><ele>338.5</ele></trkpt>
   <trkpt lon="6.978405" lat="43.695887"><ele>338.25</ele></trkpt>
   <trkpt lon="6.978336" lat="43.695996"><ele>337.5</ele></trkpt>
   <trkpt lon="6.977640" lat="43.696641"><ele>335.5</ele></trkpt>
   <trkpt lon="6.977625" lat="43.696655"><ele>335.25</ele></trkpt>
   <trkpt lon="6.977522" lat="43.696750"><ele>334.0</ele></trkpt>
   <trkpt lon="6.977398" lat="43.696893"><ele>332.5</ele></trkpt>
   <trkpt lon="6.977334" lat="43.696992"><ele>331.0</ele></trkpt>
   <trkpt lon="6.977298" lat="43.697085"><ele>330.75</ele></trkpt>
   <trkpt lon="6.977278" lat="43.697171"><ele>330.75</ele></trkpt>
   <trkpt lon="6.977269" lat="43.697256"><ele>330.5</ele></trkpt>
   <trkpt lon="6.977290" lat="43.697428"><ele>329.75</ele></trkpt>
   <trkpt lon="6.977320" lat="43.697519"><ele>329.25</ele></trkpt>
   <trkpt lon="6.977377" lat="43.697622"><ele>329.5</ele></trkpt>
   <trkpt lon="6.977430" lat="43.697695"><ele>330.0</ele></trkpt>
   <trkpt lon="6.977488" lat="43.697753"><ele>330.5</ele></trkpt>
   <trkpt lon="6.977600" lat="43.697847"><ele>330.75</ele></trkpt>
   <trkpt lon="6.977715" lat="43.697920"><ele>331.25</ele></trkpt>
   <trkpt lon="6.977865" lat="43.697989"><ele>331.25</ele></trkpt>
   <trkpt lon="6.978029" lat="43.698050"><ele>330.25</ele></trkpt>
   <trkpt lon="6.978135" lat="43.698079"><ele>331.0</ele></trkpt>
   <trkpt lon="6.978260" lat="43.698104"><ele>332.25</ele></trkpt>
   <trkpt lon="6.978368" lat="43.698106"><ele>332.5</ele></trkpt>
   <trkpt lon="6.978740" lat="43.698112"><ele>331.75</ele></trkpt>
   <trkpt lon="6.978862" lat="43.698127"><ele>331.75</ele></trkpt>
   <trkpt lon="6.979002" lat="43.698156"><ele>331.25</ele></trkpt>
   <trkpt lon="6.979159" lat="43.698216"><ele>331.25</ele></trkpt>
   <trkpt lon="6.979318" lat="43.698290"><ele>329.75</ele></trkpt>
   <trkpt lon="6.979619" lat="43.698435"><ele>328.0</ele></trkpt>
   <trkpt lon="6.979746" lat="43.698501"><ele>328.0</ele></trkpt>
   <trkpt lon="6.979898" lat="43.698563"><ele>327.25</ele></trkpt>
   <trkpt lon="6.980069" lat="43.698622"><ele>326.75</ele></trkpt>
   <trkpt lon="6.980194" lat="43.698649"><ele>326.5</ele></trkpt>
   <trkpt lon="6.980322" lat="43.698666"><ele>326.0</ele></trkpt>
   <trkpt lon="6.980451" lat="43.698675"><ele>325.75</ele></trkpt>
   <trkpt lon="6.980594" lat="43.698672"><ele>325.25</ele></trkpt>
   <trkpt lon="6.980711" lat="43.698658"><ele>325.0</ele></trkpt>
   <trkpt lon="6.980928" lat="43.698615"><ele>324.25</ele></trkpt>
   <trkpt lon="6.981152" lat="43.698557"><ele>323.75</ele></trkpt>
   <trkpt lon="6.981404" lat="43.698475"><ele>323.5</ele></trkpt>
   <trkpt lon="6.981550" lat="43.698408"><ele>322.75</ele></trkpt>
   <trkpt lon="6.981648" lat="43.698363"><ele>322.5</ele></trkpt>
   <trkpt lon="6.981790" lat="43.698313"><ele>321.0</ele></trkpt>
   <trkpt lon="6.981804" lat="43.698308"><ele>321.0</ele><sym>left_slight</sym></trkpt>
   <trkpt lon="6.981903" lat="43.698335"><ele>322.0</ele><sym>straight</sym></trkpt>
   <trkpt lon="6.982014" lat="43.698364"><ele>323.0</ele></trkpt>
   <trkpt lon="6.982061" lat="43.698366"><ele>323.5</ele><sym>right_slight</sym></trkpt>
   <trkpt lon="6.982112" lat="43.698341"><ele>323.25</ele></trkpt>
   <trkpt lon="6.982280" lat="43.698279"><ele>323.0</ele></trkpt>
   <trkpt lon="6.982473" lat="43.698217"><ele>322.75</ele></trkpt>
   <trkpt lon="6.983043" lat="43.698051"><ele>323.5</ele></trkpt>
   <trkpt lon="6.983285" lat="43.697987"><ele>324.0</ele></trkpt>
   <trkpt lon="6.983435" lat="43.697969"><ele>324.25</ele></trkpt>
   <trkpt lon="6.983601" lat="43.697977"><ele>325.0</ele></trkpt>
   <trkpt lon="6.983909" lat="43.698056"><ele>325.75</ele></trkpt>
   <trkpt lon="6.984411" lat="43.698259"><ele>326.75</ele></trkpt>
   <trkpt lon="6.984502" lat="43.698304"><ele>326.5</ele></trkpt>
   <trkpt lon="6.984956" lat="43.698566"><ele>327.5</ele></trkpt>
   <trkpt lon="6.985357" lat="43.698828"><ele>328.25</ele></trkpt>
   <trkpt lon="6.985547" lat="43.698978"><ele>329.25</ele></trkpt>
   <trkpt lon="6.985693" lat="43.699109"><ele>328.5</ele></trkpt>
   <trkpt lon="6.985793" lat="43.699231"><ele>329.25</ele></trkpt>
   <trkpt lon="6.986301" lat="43.699678"><ele>328.5</ele></trkpt>
   <trkpt lon="6.986374" lat="43.699745"><ele>328.5</ele></trkpt>
   <trkpt lon="6.986396" lat="43.699781"><ele>329.0</ele></trkpt>
   <trkpt lon="6.986469" lat="43.699839"><ele>329.5</ele></trkpt>
   <trkpt lon="6.986557" lat="43.699891"><ele>329.75</ele></trkpt>
   <trkpt lon="6.986573" lat="43.699898"><ele>329.75</ele></trkpt>
   <trkpt lon="6.986933" lat="43.700074"><ele>329.5</ele></trkpt>
   <trkpt lon="6.987161" lat="43.700167"><ele>330.25</ele></trkpt>
   <trkpt lon="6.987279" lat="43.700214"><ele>330.5</ele></trkpt>
   <trkpt lon="6.987469" lat="43.700320"><ele>330.0</ele></trkpt>
   <trkpt lon="6.987623" lat="43.700431"><ele>330.25</ele></trkpt>
   <trkpt lon="6.987653" lat="43.700453"><ele>330.0</ele><sym>left_slight</sym></trkpt>
   <trkpt lon="6.987835" lat="43.700637"><ele>329.75</ele></trkpt>
   <trkpt lon="6.988032" lat="43.700743"><ele>330.25</ele></trkpt>
   <trkpt lon="6.988223" lat="43.700829"><ele>331.5</ele></trkpt>
   <trkpt lon="6.988407" lat="43.700938"><ele>332.75</ele></trkpt>
   <trkpt lon="6.988495" lat="43.701003"><ele>333.25</ele></trkpt>
   <trkpt lon="6.988777" lat="43.701139"><ele>335.5</ele></trkpt>
   <trkpt lon="6.989056" lat="43.701235"><ele>336.0</ele></trkpt>
   <trkpt lon="6.989127" lat="43.701283"><ele>336.25</ele><sym>left</sym></trkpt>
   <trkpt lon="6.988934" lat="43.701441"><ele>337.5</ele></trkpt>
   <trkpt lon="6.988872" lat="43.701449"><ele>338.0</ele><sym>right_slight</sym></trkpt>
   <trkpt lon="6.988807" lat="43.701495"><ele>338.0</ele></trkpt>
   <trkpt lon="6.988744" lat="43.701541"><ele>338.25</ele></trkpt>
   <trkpt lon="6.988539" lat="43.701589"><ele>340.75</ele></trkpt>
   <trkpt lon="6.988194" lat="43.701658"><ele>345.5</ele></trkpt>
   <trkpt lon="6.988133" lat="43.701618"><ele>347.75</ele></trkpt>
   <trkpt lon="6.988197" lat="43.701552"><ele>348.25</ele></trkpt>
   <trkpt lon="6.988262" lat="43.701508"><ele>348.0</ele></trkpt>
   <trkpt lon="6.988244" lat="43.701418"><ele>350.5</ele><sym>u-turn</sym><type>Via</type></trkpt>
   <trkpt lon="6.988262" lat="43.701508"><ele>348.0</ele></trkpt>
   <trkpt lon="6.988197" lat="43.701552"><ele>348.25</ele></trkpt>
   <trkpt lon="6.988133" lat="43.701618"><ele>347.75</ele></trkpt>
   <trkpt lon="6.988194" lat="43.701658"><ele>345.5</ele></trkpt>
   <trkpt lon="6.988539" lat="43.701589"><ele>340.75</ele></trkpt>
   <trkpt lon="6.988744" lat="43.701541"><ele>338.25</ele></trkpt>
   <trkpt lon="6.988807" lat="43.701495"><ele>338.0</ele></trkpt>
   <trkpt lon="6.988872" lat="43.701449"><ele>338.0</ele><sym>stay_left</sym></trkpt>
   <trkpt lon="6.988934" lat="43.701441"><ele>337.5</ele></trkpt>
   <trkpt lon="6.989127" lat="43.701283"><ele>336.25</ele><sym>left_sharp</sym></trkpt>
   <trkpt lon="6.989153" lat="43.701340"><ele>336.5</ele></trkpt>
   <trkpt lon="6.989248" lat="43.701486"><ele>335.75</ele><sym>left_slight</sym></trkpt>
   <trkpt lon="6.989214" lat="43.701592"><ele>334.0</ele></trkpt>
   <trkpt lon="6.989121" lat="43.701630"><ele>333.5</ele></trkpt>
   <trkpt lon="6.988959" lat="43.701651"><ele>333.25</ele></trkpt>
   <trkpt lon="6.988794" lat="43.701684"><ele>334.0</ele></trkpt>
   <trkpt lon="6.988719" lat="43.701705"><ele>334.75</ele></trkpt>
   <trkpt lon="6.988647" lat="43.701735"><ele>335.0</ele></trkpt>
   <trkpt lon="6.988588" lat="43.701787"><ele>334.5</ele></trkpt>
   <trkpt lon="6.988577" lat="43.701833"><ele>333.5</ele></trkpt>
   <trkpt lon="6.988581" lat="43.701892"><ele>331.5</ele></trkpt>
   <trkpt lon="6.988598" lat="43.702040"><ele>328.75</ele></trkpt>
   <trkpt lon="6.988571" lat="43.702108"><ele>329.0</ele></trkpt>
   <trkpt lon="6.988508" lat="43.702204"><ele>330.75</ele></trkpt>
   <trkpt lon="6.988486" lat="43.702263"><ele>331.75</ele></trkpt>
   <trkpt lon="6.988497" lat="43.702328"><ele>332.0</ele></trkpt>
   <trkpt lon="6.988520" lat="43.702381"><ele>331.75</ele></trkpt>
   <trkpt lon="6.988602" lat="43.702456"><ele>329.75</ele></trkpt>
   <trkpt lon="6.988722" lat="43.702614"><ele>327.5</ele></trkpt>
   <trkpt lon="6.988749" lat="43.702646"><ele>327.0</ele></trkpt>
   <trkpt lon="6.988847" lat="43.702742"><ele>325.5</ele></trkpt>
   <trkpt lon="6.989112" lat="43.703131"><ele>319.25</ele></trkpt>
   <trkpt lon="6.989225" lat="43.703414"><ele>314.25</ele></trkpt>
   <trkpt lon="6.989282" lat="43.703795"><ele>310.75</ele></trkpt>
   <trkpt lon="6.989350" lat="43.703923"><ele>309.5</ele></trkpt>
   <trkpt lon="6.989431" lat="43.704009"><ele>307.75</ele></trkpt>
   <trkpt lon="6.989533" lat="43.704074"><ele>306.25</ele></trkpt>
   <trkpt lon="6.989700" lat="43.704124"><ele>303.5</ele></trkpt>
   <trkpt lon="6.989892" lat="43.704119"><ele>299.5</ele></trkpt>
   <trkpt lon="6.990047" lat="43.704066"><ele>296.75</ele></trkpt>
   <trkpt lon="6.990170" lat="43.703980"><ele>295.0</ele></trkpt>
   <trkpt lon="6.990243" lat="43.703869"><ele>294.5</ele></trkpt>
   <trkpt lon="6.990267" lat="43.703761"><ele>293.5</ele></trkpt>
   <trkpt lon="6.990272" lat="43.703604"><ele>293.0</ele></trkpt>
   <trkpt lon="6.990226" lat="43.703181"><ele>293.0</ele><sym>left</sym></trkpt>
   <trkpt lon="6.990361" lat="43.703190"><ele>289.75</ele></trkpt>
   <trkpt lon="6.990464" lat="43.703241"><ele>288.0</ele></trkpt>
   <trkpt lon="6.990532" lat="43.703302"><ele>287.75</ele></trkpt>
   <trkpt lon="6.990791" lat="43.703493"><ele>282.75</ele><sym>left</sym></trkpt>
   <trkpt lon="6.990702" lat="43.703716"><ele>285.75</ele></trkpt>
   <trkpt lon="6.990652" lat="43.703932"><ele>285.75</ele></trkpt>
   <trkpt lon="6.990629" lat="43.704293"><ele>284.75</ele></trkpt>
   <trkpt lon="6.990672" lat="43.705561"><ele>279.25</ele></trkpt>
   <trkpt lon="6.990612" lat="43.705835"><ele>277.0</ele></trkpt>
   <trkpt lon="6.990456" lat="43.706098"><ele>275.5</ele></trkpt>
   <trkpt lon="6.989861" lat="43.706827"><ele>272.75</ele></trkpt>
   <trkpt lon="6.989687" lat="43.707009"><ele>271.5</ele></trkpt>
   <trkpt lon="6.989630" lat="43.707084"><ele>270.75</ele><sym>straight</sym></trkpt>
   <trkpt lon="6.989123" lat="43.707740"><ele>272.25</ele></trkpt>
   <trkpt lon="6.988887" lat="43.708222"><ele>269.25</ele><sym>right_slight</sym></trkpt>
   <trkpt lon="6.988420" lat="43.709920"><ele>262.25</ele></trkpt>
   <trkpt lon="6.988189" lat="43.710441"><ele>263.25</ele></trkpt>
   <trkpt lon="6.987811" lat="43.710757"><ele>264.0</ele></trkpt>
   <trkpt lon="6.987577" lat="43.710900"><ele>262.75</ele></trkpt>
   <trkpt lon="6.987366" lat="43.710998"><ele>261.75</ele></trkpt>
   <trkpt lon="6.987118" lat="43.711085"><ele>261.75</ele></trkpt>
   <trkpt lon="6.986688" lat="43.711215"><ele>262.0</ele></trkpt>
   <trkpt lon="6.986131" lat="43.711378"><ele>262.0</ele></trkpt>
   <trkpt lon="6.985877" lat="43.711462"><ele>261.25</ele></trkpt>
   <trkpt lon="6.985579" lat="43.711586"><ele>260.0</ele></trkpt>
   <trkpt lon="6.985310" lat="43.711720"><ele>260.0</ele><sym>pass_place</sym><type>Shaping</type></trkpt>
   <trkpt lon="6.985310" lat="43.711721"><ele>260.0</ele></trkpt>
   <trkpt lon="6.985092" lat="43.711858"><ele>260.25</ele></trkpt>
   <trkpt lon="6.984982" lat="43.711969"><ele>259.25</ele></trkpt>
   <trkpt lon="6.984880" lat="43.712095"><ele>256.5</ele></trkpt>
   <trkpt lon="6.984852" lat="43.712142"><ele>256.0</ele></trkpt>
   <trkpt lon="6.984792" lat="43.712235"><ele>255.5</ele></trkpt>
   <trkpt lon="6.984749" lat="43.712318"><ele>254.75</ele></trkpt>
   <trkpt lon="6.984709" lat="43.712425"><ele>254.25</ele></trkpt>
   <trkpt lon="6.984672" lat="43.712617"><ele>252.75</ele></trkpt>
   <trkpt lon="6.984675" lat="43.712751"><ele>252.0</ele></trkpt>
   <trkpt lon="6.984681" lat="43.712850"><ele>251.25</ele></trkpt>
   <trkpt lon="6.984701" lat="43.712952"><ele>250.75</ele></trkpt>
   <trkpt lon="6.984728" lat="43.713036"><ele>250.25</ele></trkpt>
   <trkpt lon="6.984853" lat="43.713299"><ele>248.5</ele></trkpt>
   <trkpt lon="6.984984" lat="43.713455"><ele>248.5</ele><sym>right_slight</sym></trkpt>
   <trkpt lon="6.985268" lat="43.713705"><ele>250.75</ele></trkpt>
   <trkpt lon="6.985524" lat="43.713834"><ele>248.0</ele></trkpt>
   <trkpt lon="6.985768" lat="43.713919"><ele>246.25</ele></trkpt>
   <trkpt lon="6.986276" lat="43.714071"><ele>248.0</ele></trkpt>
   <trkpt lon="6.986777" lat="43.714263"><ele>247.75</ele></trkpt>
   <trkpt lon="6.986975" lat="43.714370"><ele>246.25</ele></trkpt>
   <trkpt lon="6.987146" lat="43.714501"><ele>245.25</ele></trkpt>
   <trkpt lon="6.987281" lat="43.714634"><ele>245.0</ele></trkpt>
   <trkpt lon="6.987368" lat="43.714737"><ele>245.0</ele></trkpt>
   <trkpt lon="6.987476" lat="43.714891"><ele>244.75</ele></trkpt>
   <trkpt lon="6.987587" lat="43.715105"><ele>244.5</ele></trkpt>
   <trkpt lon="6.987947" lat="43.715810"><ele>242.25</ele></trkpt>
   <trkpt lon="6.988225" lat="43.716384"><ele>243.5</ele></trkpt>
   <trkpt lon="6.988494" lat="43.716912"><ele>240.5</ele></trkpt>
   <trkpt lon="6.988571" lat="43.717072"><ele>240.25</ele></trkpt>
   <trkpt lon="6.988761" lat="43.717492"><ele>237.0</ele></trkpt>
   <trkpt lon="6.988820" lat="43.718029"><ele>234.0</ele></trkpt>
   <trkpt lon="6.988803" lat="43.718183"><ele>232.5</ele></trkpt>
   <trkpt lon="6.988777" lat="43.718320"><ele>231.5</ele></trkpt>
   <trkpt lon="6.988791" lat="43.718378"><ele>231.25</ele></trkpt>
   <trkpt lon="6.988826" lat="43.718429"><ele>230.5</ele></trkpt>
   <trkpt lon="6.988901" lat="43.718508"><ele>229.0</ele></trkpt>
   <trkpt lon="6.989132" lat="43.718849"><ele>231.5</ele></trkpt>
   <trkpt lon="6.989312" lat="43.719132"><ele>235.25</ele></trkpt>
   <trkpt lon="6.989364" lat="43.719238"><ele>236.0</ele></trkpt>
   <trkpt lon="6.989414" lat="43.719316"><ele>235.75</ele></trkpt>
   <trkpt lon="6.989487" lat="43.719431"><ele>235.5</ele></trkpt>
   <trkpt lon="6.989694" lat="43.719651"><ele>233.5</ele></trkpt>
   <trkpt lon="6.989893" lat="43.719876"><ele>230.75</ele></trkpt>
   <trkpt lon="6.989988" lat="43.719989"><ele>230.0</ele><sym>left_slight</sym></trkpt>
   <trkpt lon="6.989957" lat="43.720219"><ele>230.0</ele></trkpt>
   <trkpt lon="6.989986" lat="43.720351"><ele>228.5</ele></trkpt>
   <trkpt lon="6.989983" lat="43.720472"><ele>227.25</ele></trkpt>
   <trkpt lon="6.989986" lat="43.720501"><ele>226.75</ele></trkpt>
   <trkpt lon="6.989999" lat="43.720521"><ele>226.25</ele></trkpt>
   <trkpt lon="6.990036" lat="43.720541"><ele>225.25</ele></trkpt>
   <trkpt lon="6.990059" lat="43.720542"><ele>224.75</ele></trkpt>
   <trkpt lon="6.990098" lat="43.720532"><ele>224.0</ele></trkpt>
   <trkpt lon="6.990275" lat="43.720466"><ele>221.25</ele></trkpt>
   <trkpt lon="6.990372" lat="43.720393"><ele>219.75</ele></trkpt>
   <trkpt lon="6.990453" lat="43.720362"><ele>217.75</ele></trkpt>
   <trkpt lon="6.990485" lat="43.720361"><ele>217.0</ele></trkpt>
   <trkpt lon="6.990518" lat="43.720368"><ele>216.0</ele></trkpt>
   <trkpt lon="6.990537" lat="43.720385"><ele>215.25</ele></trkpt>
   <trkpt lon="6.990539" lat="43.720408"><ele>215.0</ele></trkpt>
   <trkpt lon="6.990510" lat="43.720448"><ele>215.25</ele></trkpt>
   <trkpt lon="6.990383" lat="43.720566"><ele>217.0</ele></trkpt>
   <trkpt lon="6.990379" lat="43.720586"><ele>217.0</ele></trkpt>
   <trkpt lon="6.990390" lat="43.720604"><ele>216.5</ele></trkpt>
   <trkpt lon="6.990408" lat="43.720617"><ele>216.0</ele></trkpt>
   <trkpt lon="6.990434" lat="43.720624"><ele>215.25</ele></trkpt>
   <trkpt lon="6.990470" lat="43.720627"><ele>214.25</ele></trkpt>
   <trkpt lon="6.990500" lat="43.720618"><ele>213.5</ele></trkpt>
   <trkpt lon="6.990571" lat="43.720578"><ele>212.25</ele></trkpt>
   <trkpt lon="6.990668" lat="43.720485"><ele>210.5</ele></trkpt>
   <trkpt lon="6.990765" lat="43.720266"><ele>209.0</ele></trkpt>
   <trkpt lon="6.990788" lat="43.720228"><ele>208.25</ele></trkpt>
   <trkpt lon="6.990827" lat="43.720197"><ele>206.75</ele></trkpt>
   <trkpt lon="6.990864" lat="43.720187"><ele>205.75</ele></trkpt>
   <trkpt lon="6.990924" lat="43.720218"><ele>204.25</ele></trkpt>
   <trkpt lon="6.990935" lat="43.720248"><ele>204.25</ele></trkpt>
   <trkpt lon="6.990928" lat="43.720327"><ele>204.25</ele></trkpt>
   <trkpt lon="6.990892" lat="43.720380"><ele>205.0</ele></trkpt>
   <trkpt lon="6.990890" lat="43.720395"><ele>205.0</ele></trkpt>
   <trkpt lon="6.990904" lat="43.720418"><ele>204.75</ele></trkpt>
   <trkpt lon="6.990943" lat="43.720430"><ele>203.75</ele></trkpt>
   <trkpt lon="6.990992" lat="43.720421"><ele>202.75</ele></trkpt>
   <trkpt lon="6.991006" lat="43.720409"><ele>202.25</ele></trkpt>
   <trkpt lon="6.991024" lat="43.720374"><ele>202.0</ele></trkpt>
   <trkpt lon="6.991052" lat="43.720292"><ele>201.25</ele></trkpt>
   <trkpt lon="6.991065" lat="43.720201"><ele>200.75</ele></trkpt>
   <trkpt lon="6.991091" lat="43.720166"><ele>200.0</ele><sym>right_slight</sym></trkpt>
   <trkpt lon="6.991066" lat="43.719976"><ele>199.75</ele></trkpt>
   <trkpt lon="6.991069" lat="43.719902"><ele>198.5</ele></trkpt>
   <trkpt lon="6.991123" lat="43.719797"><ele>195.75</ele></trkpt>
   <trkpt lon="6.991115" lat="43.719744"><ele>195.0</ele></trkpt>
   <trkpt lon="6.991079" lat="43.719677"><ele>194.5</ele></trkpt>
   <trkpt lon="6.990842" lat="43.719313"><ele>191.0</ele></trkpt>
   <trkpt lon="6.990776" lat="43.719229"><ele>190.0</ele></trkpt>
   <trkpt lon="6.990570" lat="43.719044"><ele>189.5</ele></trkpt>
   <trkpt lon="6.990429" lat="43.718966"><ele>192.0</ele></trkpt>
   <trkpt lon="6.990425" lat="43.718944"><ele>191.5</ele><sym>pass_place</sym><type>Shaping</type></trkpt>
   <trkpt lon="6.990449" lat="43.718922"><ele>190.25</ele></trkpt>
   <trkpt lon="6.990501" lat="43.718904"><ele>188.0</ele><sym>left</sym></trkpt>
   <trkpt lon="6.991218" lat="43.719491"><ele>187.75</ele></trkpt>
   <trkpt lon="6.991324" lat="43.719576"><ele>187.5</ele></trkpt>
   <trkpt lon="6.991487" lat="43.719712"><ele>187.75</ele></trkpt>
   <trkpt lon="6.991577" lat="43.719761"><ele>187.0</ele></trkpt>
   <trkpt lon="6.991685" lat="43.719802"><ele>185.5</ele></trkpt>
   <trkpt lon="6.991740" lat="43.719813"><ele>184.75</ele></trkpt>
   <trkpt lon="6.991810" lat="43.719829"><ele>183.75</ele></trkpt>
   <trkpt lon="6.991903" lat="43.719835"><ele>182.25</ele></trkpt>
   <trkpt lon="6.991975" lat="43.719841"><ele>182.5</ele></trkpt>
   <trkpt lon="6.992008" lat="43.719840"><ele>182.75</ele></trkpt>
   <trkpt lon="6.992129" lat="43.719836"><ele>183.5</ele></trkpt>
   <trkpt lon="6.992339" lat="43.719828"><ele>184.75</ele></trkpt>
   <trkpt lon="6.992418" lat="43.719812"><ele>185.5</ele></trkpt>
   <trkpt lon="6.992482" lat="43.719799"><ele>185.5</ele></trkpt>
   <trkpt lon="6.992585" lat="43.719754"><ele>187.25</ele></trkpt>
   <trkpt lon="6.992646" lat="43.719715"><ele>188.5</ele></trkpt>
   <trkpt lon="6.992699" lat="43.719662"><ele>189.75</ele></trkpt>
   <trkpt lon="6.992751" lat="43.719566"><ele>191.25</ele></trkpt>
   <trkpt lon="6.992754" lat="43.719533"><ele>191.25</ele></trkpt>
   <trkpt lon="6.992735" lat="43.719393"><ele>190.75</ele></trkpt>
   <trkpt lon="6.992714" lat="43.719331"><ele>190.5</ele></trkpt>
   <trkpt lon="6.992679" lat="43.719229"><ele>190.0</ele></trkpt>
   <trkpt lon="6.992262" lat="43.718314"><ele>193.75</ele></trkpt>
   <trkpt lon="6.992174" lat="43.718119"><ele>194.25</ele></trkpt>
   <trkpt lon="6.992104" lat="43.717967"><ele>194.25</ele></trkpt>
   <trkpt lon="6.992028" lat="43.717747"><ele>194.0</ele></trkpt>
   <trkpt lon="6.992015" lat="43.717685"><ele>194.0</ele></trkpt>
   <trkpt lon="6.992017" lat="43.717619"><ele>194.0</ele></trkpt>
   <trkpt lon="6.992044" lat="43.717504"><ele>194.75</ele><sym>left_sharp</sym></trkpt>
   <trkpt lon="6.992129" lat="43.717520"><ele>196.25</ele></trkpt>
   <trkpt lon="6.992262" lat="43.717578"><ele>198.25</ele></trkpt>
   <trkpt lon="6.992298" lat="43.717633"><ele>198.75</ele></trkpt>
   <trkpt lon="6.992309" lat="43.717684"><ele>198.75</ele></trkpt>
   <trkpt lon="6.992307" lat="43.717832"><ele>198.0</ele></trkpt>
   <trkpt lon="6.992310" lat="43.717872"><ele>197.75</ele></trkpt>
   <trkpt lon="6.992326" lat="43.717918"><ele>197.75</ele></trkpt>
   <trkpt lon="6.992354" lat="43.717961"><ele>198.0</ele></trkpt>
   <trkpt lon="6.992637" lat="43.718194"><ele>200.25</ele></trkpt>
   <trkpt lon="6.992930" lat="43.718431"><ele>202.5</ele></trkpt>
   <trkpt lon="6.993121" lat="43.718629"><ele>205.5</ele></trkpt>
   <trkpt lon="6.993214" lat="43.718782"><ele>207.0</ele></trkpt>
   <trkpt lon="6.993248" lat="43.718895"><ele>207.5</ele></trkpt>
   <trkpt lon="6.993256" lat="43.718989"><ele>208.0</ele></trkpt>
   <trkpt lon="6.993255" lat="43.719397"><ele>209.25</ele></trkpt>
   <trkpt lon="6.993363" lat="43.719814"><ele>214.0</ele></trkpt>
   <trkpt lon="6.993320" lat="43.720062"><ele>212.0</ele></trkpt>
   <trkpt lon="6.993376" lat="43.720172"><ele>212.25</ele></trkpt>
   <trkpt lon="6.993449" lat="43.720211"><ele>213.0</ele></trkpt>
   <trkpt lon="6.993544" lat="43.720230"><ele>214.0</ele></trkpt>
   <trkpt lon="6.994063" lat="43.720156"><ele>225.5</ele></trkpt>
   <trkpt lon="6.994246" lat="43.720136"><ele>230.0</ele></trkpt>
   <trkpt lon="6.994323" lat="43.720142"><ele>231.0</ele></trkpt>
   <trkpt lon="6.994405" lat="43.720169"><ele>231.25</ele></trkpt>
   <trkpt lon="6.994469" lat="43.720234"><ele>229.5</ele></trkpt>
   <trkpt lon="6.994502" lat="43.720313"><ele>229.5</ele></trkpt>
   <trkpt lon="6.994509" lat="43.720349"><ele>230.75</ele></trkpt>
   <trkpt lon="6.994501" lat="43.720385"><ele>231.5</ele></trkpt>
   <trkpt lon="6.994465" lat="43.720439"><ele>232.25</ele></trkpt>
   <trkpt lon="6.994344" lat="43.720532"><ele>231.5</ele></trkpt>
   <trkpt lon="6.993705" lat="43.720975"><ele>234.0</ele></trkpt>
   <trkpt lon="6.993521" lat="43.721162"><ele>234.0</ele></trkpt>
   <trkpt lon="6.993490" lat="43.721207"><ele>233.5</ele></trkpt>
   <trkpt lon="6.993482" lat="43.721262"><ele>234.5</ele></trkpt>
   <trkpt lon="6.993483" lat="43.721350"><ele>236.5</ele></trkpt>
   <trkpt lon="6.993498" lat="43.721414"><ele>238.0</ele></trkpt>
   <trkpt lon="6.993560" lat="43.721526"><ele>240.5</ele></trkpt>
   <trkpt lon="6.993655" lat="43.721647"><ele>244.0</ele></trkpt>
   <trkpt lon="6.993811" lat="43.721847"><ele>247.75</ele></trkpt>
   <trkpt lon="6.994333" lat="43.722481"><ele>256.5</ele></trkpt>
   <trkpt lon="6.994412" lat="43.722627"><ele>254.75</ele></trkpt>
   <trkpt lon="6.994631" lat="43.722925"><ele>252.75</ele></trkpt>
   <trkpt lon="6.994682" lat="43.723018"><ele>251.5</ele></trkpt>
   <trkpt lon="6.994685" lat="43.723883"><ele>255.5</ele></trkpt>
   <trkpt lon="6.994718" lat="43.723984"><ele>255.0</ele></trkpt>
   <trkpt lon="6.994788" lat="43.724088"><ele>256.25</ele></trkpt>
   <trkpt lon="6.994861" lat="43.724174"><ele>257.75</ele></trkpt>
   <trkpt lon="6.995000" lat="43.724276"><ele>260.25</ele></trkpt>
   <trkpt lon="6.995385" lat="43.724640"><ele>263.5</ele></trkpt>
   <trkpt lon="6.995938" lat="43.725179"><ele>264.75</ele></trkpt>
   <trkpt lon="6.996572" lat="43.725573"><ele>271.5</ele></trkpt>
   <trkpt lon="6.996825" lat="43.725840"><ele>271.75</ele></trkpt>
   <trkpt lon="6.996992" lat="43.726110"><ele>275.5</ele></trkpt>
   <trkpt lon="6.997139" lat="43.726656"><ele>279.5</ele></trkpt>
   <trkpt lon="6.997242" lat="43.726879"><ele>276.0</ele></trkpt>
   <trkpt lon="6.997381" lat="43.727018"><ele>281.75</ele></trkpt>
   <trkpt lon="6.997420" lat="43.727129"><ele>284.5</ele><sym>pass_place</sym><type>Shaping</type></trkpt>
   <trkpt lon="6.997423" lat="43.727135"><ele>284.5</ele></trkpt>
   <trkpt lon="6.997415" lat="43.727256"><ele>286.0</ele></trkpt>
   <trkpt lon="6.997303" lat="43.727368"><ele>283.75</ele></trkpt>
   <trkpt lon="6.997061" lat="43.727573"><ele>280.0</ele></trkpt>
   <trkpt lon="6.996997" lat="43.727679"><ele>280.0</ele></trkpt>
   <trkpt lon="6.997025" lat="43.728296"><ele>287.0</ele></trkpt>
   <trkpt lon="6.997135" lat="43.728956"><ele>292.25</ele></trkpt>
   <trkpt lon="6.997512" lat="43.729945"><ele>296.25</ele></trkpt>
   <trkpt lon="6.997577" lat="43.730118"><ele>297.25</ele></trkpt>
   <trkpt lon="6.997646" lat="43.730302"><ele>297.75</ele></trkpt>
   <trkpt lon="6.997775" lat="43.730458"><ele>301.75</ele></trkpt>
   <trkpt lon="6.998166" lat="43.730897"><ele>307.5</ele></trkpt>
   <trkpt lon="6.998448" lat="43.731418"><ele>315.0</ele></trkpt>
   <trkpt lon="6.998487" lat="43.731706"><ele>311.75</ele></trkpt>
   <trkpt lon="6.998517" lat="43.731783"><ele>311.0</ele></trkpt>
   <trkpt lon="6.998655" lat="43.731970"><ele>312.75</ele></trkpt>
   <trkpt lon="6.998695" lat="43.732053"><ele>312.75</ele></trkpt>
   <trkpt lon="6.998706" lat="43.732141"><ele>311.0</ele></trkpt>
   <trkpt lon="6.998766" lat="43.732258"><ele>312.5</ele></trkpt>
   <trkpt lon="6.998834" lat="43.732361"><ele>315.75</ele></trkpt>
   <trkpt lon="6.998975" lat="43.732823"><ele>320.0</ele></trkpt>
   <trkpt lon="6.999035" lat="43.733254"><ele>319.5</ele></trkpt>
   <trkpt lon="6.999059" lat="43.733452"><ele>322.0</ele></trkpt>
   <trkpt lon="6.999046" lat="43.733568"><ele>322.25</ele></trkpt>
   <trkpt lon="6.998945" lat="43.733836"><ele>317.0</ele></trkpt>
   <trkpt lon="6.998930" lat="43.733910"><ele>316.25</ele></trkpt>
   <trkpt lon="6.998933" lat="43.733941"><ele>316.5</ele></trkpt>
   <trkpt lon="6.999004" lat="43.734134"><ele>321.5</ele></trkpt>
   <trkpt lon="6.999019" lat="43.734255"><ele>324.75</ele></trkpt>
   <trkpt lon="6.999022" lat="43.734694"><ele>334.0</ele></trkpt>
   <trkpt lon="6.999004" lat="43.734883"><ele>333.0</ele></trkpt>
   <trkpt lon="6.998975" lat="43.734966"><ele>330.75</ele></trkpt>
   <trkpt lon="6.998918" lat="43.735129"><ele>329.75</ele></trkpt>
   <trkpt lon="6.998841" lat="43.735298"><ele>330.0</ele></trkpt>
   <trkpt lon="6.998808" lat="43.735421"><ele>328.0</ele></trkpt>
   <trkpt lon="6.998827" lat="43.735542"><ele>328.5</ele></trkpt>
   <trkpt lon="6.998926" lat="43.735703"><ele>331.5</ele></trkpt>
   <trkpt lon="6.998998" lat="43.735786"><ele>334.25</ele></trkpt>
   <trkpt lon="6.999057" lat="43.735842"><ele>336.25</ele></trkpt>
   <trkpt lon="6.999191" lat="43.735930"><ele>337.75</ele></trkpt>
   <trkpt lon="6.999579" lat="43.736122"><ele>341.75</ele></trkpt>
   <trkpt lon="6.999876" lat="43.736325"><ele>345.25</ele></trkpt>
   <trkpt lon="7.000064" lat="43.736540"><ele>348.25</ele></trkpt>
   <trkpt lon="7.000236" lat="43.736848"><ele>352.25</ele></trkpt>
   <trkpt lon="7.000321" lat="43.737302"><ele>357.75</ele></trkpt>
   <trkpt lon="7.000405" lat="43.737821"><ele>364.0</ele></trkpt>
   <trkpt lon="7.000510" lat="43.738619"><ele>373.5</ele></trkpt>
   <trkpt lon="7.000535" lat="43.738780"><ele>373.5</ele></trkpt>
   <trkpt lon="7.000553" lat="43.738927"><ele>371.0</ele></trkpt>
   <trkpt lon="7.000610" lat="43.739180"><ele>373.25</ele></trkpt>
   <trkpt lon="7.000661" lat="43.739583"><ele>374.0</ele></trkpt>
   <trkpt lon="7.000673" lat="43.739918"><ele>378.5</ele></trkpt>
   <trkpt lon="7.000629" lat="43.740277"><ele>382.25</ele></trkpt>
   <trkpt lon="7.000608" lat="43.740557"><ele>386.5</ele></trkpt>
   <trkpt lon="7.000627" lat="43.740662"><ele>392.5</ele></trkpt>
   <trkpt lon="7.000713" lat="43.740806"><ele>410.5</ele></trkpt>
   <trkpt lon="7.000727" lat="43.740908"><ele>416.75</ele></trkpt>
   <trkpt lon="7.000686" lat="43.741009"><ele>414.25</ele></trkpt>
   <trkpt lon="7.000611" lat="43.741102"><ele>406.75</ele></trkpt>
   <trkpt lon="7.000574" lat="43.741191"><ele>405.75</ele></trkpt>
   <trkpt lon="7.000548" lat="43.741329"><ele>408.75</ele></trkpt>
   <trkpt lon="7.000520" lat="43.741481"><ele>410.0</ele></trkpt>
   <trkpt lon="7.000465" lat="43.741674"><ele>407.5</ele></trkpt>
   <trkpt lon="7.000413" lat="43.741763"><ele>403.5</ele></trkpt>
   <trkpt lon="7.000384" lat="43.741788"><ele>400.75</ele></trkpt>
   <trkpt lon="7.000245" lat="43.741869"><ele>390.0</ele></trkpt>
   <trkpt lon="7.000225" lat="43.741879"><ele>388.5</ele></trkpt>
   <trkpt lon="7.000094" lat="43.741977"><ele>381.0</ele></trkpt>
   <trkpt lon="6.999978" lat="43.742114"><ele>377.5</ele></trkpt>
   <trkpt lon="6.999713" lat="43.742581"><ele>372.0</ele><sym>pass_place</sym><type>Shaping</type></trkpt>
   <trkpt lon="6.999660" lat="43.742639"><ele>375.75</ele></trkpt>
   <trkpt lon="6.999220" lat="43.742792"><ele>388.75</ele></trkpt>
   <trkpt lon="6.999135" lat="43.742834"><ele>395.25</ele></trkpt>
   <trkpt lon="6.999099" lat="43.742878"><ele>395.75</ele></trkpt>
   <trkpt lon="6.999078" lat="43.742924"><ele>395.0</ele></trkpt>
   <trkpt lon="6.999068" lat="43.742986"><ele>392.25</ele></trkpt>
   <trkpt lon="6.999105" lat="43.743259"><ele>380.0</ele></trkpt>
   <trkpt lon="6.999080" lat="43.743378"><ele>381.0</ele></trkpt>
   <trkpt lon="6.999033" lat="43.743496"><ele>386.0</ele></trkpt>
   <trkpt lon="6.999001" lat="43.743624"><ele>390.0</ele></trkpt>
   <trkpt lon="6.999011" lat="43.743713"><ele>390.5</ele></trkpt>
   <trkpt lon="6.999032" lat="43.743767"><ele>389.5</ele></trkpt>
   <trkpt lon="6.999113" lat="43.743898"><ele>385.75</ele></trkpt>
   <trkpt lon="6.999167" lat="43.744011"><ele>381.75</ele></trkpt>
   <trkpt lon="6.999170" lat="43.744054"><ele>381.75</ele></trkpt>
   <trkpt lon="6.999164" lat="43.744096"><ele>382.0</ele></trkpt>
   <trkpt lon="6.999090" lat="43.744273"><ele>390.0</ele></trkpt>
   <trkpt lon="6.999072" lat="43.744352"><ele>392.75</ele></trkpt>
   <trkpt lon="6.999059" lat="43.744681"><ele>392.75</ele></trkpt>
   <trkpt lon="6.999041" lat="43.744838"><ele>391.25</ele></trkpt>
   <trkpt lon="6.998982" lat="43.744992"><ele>393.0</ele></trkpt>
   <trkpt lon="6.998847" lat="43.745283"><ele>400.0</ele></trkpt>
   <trkpt lon="6.998773" lat="43.745628"><ele>403.0</ele></trkpt>
   <trkpt lon="6.998711" lat="43.745978"><ele>401.25</ele></trkpt>
   <trkpt lon="6.998653" lat="43.746087"><ele>402.0</ele></trkpt>
   <trkpt lon="6.998495" lat="43.746305"><ele>411.0</ele></trkpt>
   <trkpt lon="6.998403" lat="43.746595"><ele>416.5</ele></trkpt>
   <trkpt lon="6.998346" lat="43.746712"><ele>421.75</ele></trkpt>
   <trkpt lon="6.998258" lat="43.746856"><ele>423.25</ele></trkpt>
   <trkpt lon="6.997861" lat="43.747474"><ele>412.0</ele></trkpt>
   <trkpt lon="6.997713" lat="43.747704"><ele>409.0</ele></trkpt>
   <trkpt lon="6.997672" lat="43.747748"><ele>408.5</ele></trkpt>
   <trkpt lon="6.997564" lat="43.747830"><ele>408.0</ele></trkpt>
   <trkpt lon="6.997537" lat="43.747847"><ele>408.0</ele></trkpt>
   <trkpt lon="6.997355" lat="43.747945"><ele>409.0</ele></trkpt>
   <trkpt lon="6.996693" lat="43.748079"><ele>419.75</ele></trkpt>
   <trkpt lon="6.996604" lat="43.748133"><ele>422.25</ele></trkpt>
   <trkpt lon="6.996539" lat="43.748181"><ele>424.25</ele></trkpt>
   <trkpt lon="6.996487" lat="43.748240"><ele>425.75</ele></trkpt>
   <trkpt lon="6.996440" lat="43.748310"><ele>427.0</ele></trkpt>
   <trkpt lon="6.996401" lat="43.748396"><ele>428.25</ele></trkpt>
   <trkpt lon="6.996380" lat="43.748509"><ele>428.75</ele></trkpt>
   <trkpt lon="6.996390" lat="43.748605"><ele>427.75</ele></trkpt>
   <trkpt lon="6.996490" lat="43.749014"><ele>426.75</ele></trkpt>
   <trkpt lon="6.996528" lat="43.749274"><ele>427.0</ele></trkpt>
   <trkpt lon="6.996503" lat="43.749517"><ele>428.25</ele></trkpt>
   <trkpt lon="6.996433" lat="43.750011"><ele>429.5</ele></trkpt>
   <trkpt lon="6.996358" lat="43.750417"><ele>429.5</ele></trkpt>
   <trkpt lon="6.996319" lat="43.750510"><ele>429.75</ele></trkpt>
   <trkpt lon="6.996290" lat="43.750546"><ele>430.5</ele></trkpt>
   <trkpt lon="6.996221" lat="43.750606"><ele>432.0</ele></trkpt>
   <trkpt lon="6.996163" lat="43.750642"><ele>433.0</ele></trkpt>
   <trkpt lon="6.996016" lat="43.750703"><ele>434.75</ele></trkpt>
   <trkpt lon="6.995890" lat="43.750720"><ele>436.5</ele></trkpt>
   <trkpt lon="6.995801" lat="43.750714"><ele>438.0</ele></trkpt>
   <trkpt lon="6.995717" lat="43.750697"><ele>439.0</ele></trkpt>
   <trkpt lon="6.995078" lat="43.750480"><ele>446.0</ele></trkpt>
   <trkpt lon="6.994993" lat="43.750467"><ele>445.5</ele></trkpt>
   <trkpt lon="6.994861" lat="43.750470"><ele>444.75</ele></trkpt>
   <trkpt lon="6.994645" lat="43.750495"><ele>442.75</ele></trkpt>
   <trkpt lon="6.994118" lat="43.750580"><ele>444.5</ele></trkpt>
   <trkpt lon="6.993783" lat="43.750655"><ele>449.0</ele></trkpt>
   <trkpt lon="6.993663" lat="43.750699"><ele>449.75</ele></trkpt>
   <trkpt lon="6.993589" lat="43.750752"><ele>449.5</ele></trkpt>
   <trkpt lon="6.993472" lat="43.750859"><ele>450.0</ele></trkpt>
   <trkpt lon="6.993411" lat="43.750959"><ele>450.75</ele></trkpt>
   <trkpt lon="6.993384" lat="43.751038"><ele>450.25</ele></trkpt>
   <trkpt lon="6.993377" lat="43.751102"><ele>449.5</ele></trkpt>
   <trkpt lon="6.993452" lat="43.751883"><ele>454.75</ele></trkpt>
   <trkpt lon="6.993436" lat="43.751963"><ele>455.25</ele></trkpt>
   <trkpt lon="6.993389" lat="43.752063"><ele>453.25</ele></trkpt>
   <trkpt lon="6.993323" lat="43.752119"><ele>452.75</ele></trkpt>
   <trkpt lon="6.993212" lat="43.752182"><ele>452.75</ele></trkpt>
   <trkpt lon="6.992948" lat="43.752267"><ele>455.25</ele></trkpt>
   <trkpt lon="6.992780" lat="43.752329"><ele>455.25</ele></trkpt>
   <trkpt lon="6.991917" lat="43.752873"><ele>461.5</ele></trkpt>
   <trkpt lon="6.991780" lat="43.752975"><ele>461.0</ele></trkpt>
   <trkpt lon="6.991646" lat="43.753115"><ele>460.5</ele></trkpt>
   <trkpt lon="6.990985" lat="43.754103"><ele>466.0</ele></trkpt>
   <trkpt lon="6.990933" lat="43.754284"><ele>465.25</ele></trkpt>
   <trkpt lon="6.990932" lat="43.754845"><ele>462.25</ele></trkpt>
   <trkpt lon="6.990908" lat="43.754941"><ele>462.0</ele></trkpt>
   <trkpt lon="6.990850" lat="43.755089"><ele>461.0</ele><sym>pass_place</sym><type>Shaping</type></trkpt>
   <trkpt lon="6.990849" lat="43.755092"><ele>461.0</ele></trkpt>
   <trkpt lon="6.990748" lat="43.755239"><ele>460.75</ele></trkpt>
   <trkpt lon="6.990505" lat="43.755447"><ele>462.25</ele></trkpt>
   <trkpt lon="6.990284" lat="43.755670"><ele>464.25</ele></trkpt>
   <trkpt lon="6.990240" lat="43.755753"><ele>464.25</ele></trkpt>
   <trkpt lon="6.990105" lat="43.756187"><ele>466.25</ele></trkpt>
   <trkpt lon="6.990037" lat="43.756729"><ele>468.5</ele></trkpt>
   <trkpt lon="6.990108" lat="43.757792"><ele>472.0</ele></trkpt>
   <trkpt lon="6.990155" lat="43.758309"><ele>473.25</ele></trkpt>
   <trkpt lon="6.990147" lat="43.758696"><ele>475.0</ele></trkpt>
   <trkpt lon="6.990168" lat="43.759036"><ele>473.75</ele></trkpt>
   <trkpt lon="6.990167" lat="43.759267"><ele>474.0</ele></trkpt>
   <trkpt lon="6.990180" lat="43.759409"><ele>473.75</ele></trkpt>
   <trkpt lon="6.990235" lat="43.759718"><ele>471.0</ele></trkpt>
   <trkpt lon="6.990217" lat="43.759888"><ele>471.75</ele></trkpt>
   <trkpt lon="6.990152" lat="43.760118"><ele>473.0</ele></trkpt>
   <trkpt lon="6.990069" lat="43.760293"><ele>473.75</ele></trkpt>
   <trkpt lon="6.989936" lat="43.760488"><ele>473.0</ele></trkpt>
   <trkpt lon="6.989796" lat="43.760615"><ele>472.5</ele></trkpt>
   <trkpt lon="6.989613" lat="43.760709"><ele>472.75</ele></trkpt>
   <trkpt lon="6.989351" lat="43.760810"><ele>472.0</ele></trkpt>
   <trkpt lon="6.989261" lat="43.760824"><ele>473.25</ele></trkpt>
   <trkpt lon="6.989050" lat="43.760871"><ele>475.25</ele></trkpt>
   <trkpt lon="6.988998" lat="43.760889"><ele>475.0</ele></trkpt>
   <trkpt lon="6.988948" lat="43.760915"><ele>474.5</ele></trkpt>
   <trkpt lon="6.988918" lat="43.760941"><ele>473.25</ele></trkpt>
   <trkpt lon="6.988890" lat="43.760973"><ele>471.75</ele></trkpt>
   <trkpt lon="6.988864" lat="43.761028"><ele>470.75</ele></trkpt>
   <trkpt lon="6.988862" lat="43.761064"><ele>470.0</ele></trkpt>
   <trkpt lon="6.988872" lat="43.761102"><ele>469.25</ele></trkpt>
   <trkpt lon="6.988952" lat="43.761297"><ele>465.75</ele></trkpt>
   <trkpt lon="6.988957" lat="43.761308"><ele>465.75</ele></trkpt>
   <trkpt lon="6.988962" lat="43.761416"><ele>467.25</ele><sym>u-turn_right</sym></trkpt>
   <trkpt lon="6.988959" lat="43.761419"><ele>469.0</ele><sym>pass_place</sym><type>Shaping</type></trkpt>
   <trkpt lon="6.988962" lat="43.761416"><ele>467.25</ele></trkpt>
   <trkpt lon="6.988957" lat="43.761308"><ele>465.75</ele></trkpt>
   <trkpt lon="6.988952" lat="43.761297"><ele>465.75</ele></trkpt>
   <trkpt lon="6.988872" lat="43.761102"><ele>470.25</ele></trkpt>
   <trkpt lon="6.988862" lat="43.761064"><ele>471.0</ele></trkpt>
   <trkpt lon="6.988864" lat="43.761028"><ele>471.75</ele></trkpt>
   <trkpt lon="6.988890" lat="43.760973"><ele>471.75</ele></trkpt>
   <trkpt lon="6.988918" lat="43.760941"><ele>473.25</ele></trkpt>
   <trkpt lon="6.988948" lat="43.760915"><ele>474.5</ele></trkpt>
   <trkpt lon="6.988998" lat="43.760889"><ele>475.0</ele></trkpt>
   <trkpt lon="6.989050" lat="43.760871"><ele>475.25</ele></trkpt>
   <trkpt lon="6.989261" lat="43.760824"><ele>473.25</ele><sym>right_slight</sym></trkpt>
   <trkpt lon="6.989259" lat="43.760750"><ele>479.25</ele></trkpt>
   <trkpt lon="6.989285" lat="43.760721"><ele>480.75</ele></trkpt>
   <trkpt lon="6.989540" lat="43.760656"><ele>477.75</ele></trkpt>
   <trkpt lon="6.989595" lat="43.760631"><ele>477.75</ele></trkpt>
   <trkpt lon="6.989651" lat="43.760596"><ele>477.75</ele></trkpt>
   <trkpt lon="6.989699" lat="43.760552"><ele>478.0</ele></trkpt>
   <trkpt lon="6.989737" lat="43.760501"><ele>479.0</ele></trkpt>
   <trkpt lon="6.989835" lat="43.760350"><ele>481.75</ele></trkpt>
   <trkpt lon="6.989974" lat="43.760020"><ele>483.0</ele></trkpt>
   <trkpt lon="6.990031" lat="43.759839"><ele>481.0</ele></trkpt>
   <trkpt lon="6.990035" lat="43.759754"><ele>481.0</ele></trkpt>
   <trkpt lon="6.989957" lat="43.759529"><ele>485.75</ele></trkpt>
   <trkpt lon="6.989945" lat="43.759299"><ele>486.25</ele></trkpt>
   <trkpt lon="6.989878" lat="43.758986"><ele>490.25</ele></trkpt>
   <trkpt lon="6.989857" lat="43.758738"><ele>492.25</ele></trkpt>
   <trkpt lon="6.989862" lat="43.758555"><ele>492.25</ele></trkpt>
   <trkpt lon="6.989878" lat="43.758390"><ele>490.75</ele></trkpt>
   <trkpt lon="6.989857" lat="43.758281"><ele>491.5</ele></trkpt>
   <trkpt lon="6.989699" lat="43.757926"><ele>497.25</ele></trkpt>
   <trkpt lon="6.989500" lat="43.757262"><ele>499.0</ele></trkpt>
   <trkpt lon="6.989484" lat="43.756950"><ele>497.0</ele></trkpt>
   <trkpt lon="6.989453" lat="43.756874"><ele>497.5</ele></trkpt>
   <trkpt lon="6.989371" lat="43.756753"><ele>500.75</ele></trkpt>
   <trkpt lon="6.989283" lat="43.756491"><ele>504.0</ele></trkpt>
   <trkpt lon="6.989259" lat="43.756326"><ele>504.5</ele></trkpt>
   <trkpt lon="6.989312" lat="43.755939"><ele>504.25</ele></trkpt>
   <trkpt lon="6.989292" lat="43.755649"><ele>507.25</ele></trkpt>
   <trkpt lon="6.989264" lat="43.755204"><ele>510.75</ele></trkpt>
   <trkpt lon="6.989471" lat="43.754346"><ele>513.0</ele></trkpt>
   <trkpt lon="6.989484" lat="43.753918"><ele>518.0</ele></trkpt>
   <trkpt lon="6.989501" lat="43.753857"><ele>518.5</ele></trkpt>
   <trkpt lon="6.989534" lat="43.753784"><ele>518.75</ele></trkpt>
   <trkpt lon="6.989709" lat="43.753586"><ele>517.75</ele></trkpt>
   <trkpt lon="6.989818" lat="43.753409"><ele>518.0</ele></trkpt>
   <trkpt lon="6.989854" lat="43.753297"><ele>519.25</ele></trkpt>
   <trkpt lon="6.989846" lat="43.753151"><ele>522.5</ele></trkpt>
   <trkpt lon="6.989889" lat="43.752997"><ele>524.5</ele></trkpt>
   <trkpt lon="6.990387" lat="43.752318"><ele>525.75</ele></trkpt>
   <trkpt lon="6.990475" lat="43.752158"><ele>526.25</ele></trkpt>
   <trkpt lon="6.990479" lat="43.752042"><ele>527.25</ele></trkpt>
   <trkpt lon="6.990432" lat="43.751445"><ele>533.75</ele></trkpt>
   <trkpt lon="6.990448" lat="43.751362"><ele>534.5</ele></trkpt>
   <trkpt lon="6.990498" lat="43.751294"><ele>535.25</ele></trkpt>
   <trkpt lon="6.991062" lat="43.750816"><ele>537.25</ele></trkpt>
   <trkpt lon="6.991173" lat="43.750703"><ele>536.25</ele></trkpt>
   <trkpt lon="6.991218" lat="43.750627"><ele>536.25</ele></trkpt>
   <trkpt lon="6.991229" lat="43.750565"><ele>536.75</ele></trkpt>
   <trkpt lon="6.991213" lat="43.750422"><ele>537.75</ele></trkpt>
   <trkpt lon="6.991132" lat="43.750108"><ele>541.25</ele></trkpt>
   <trkpt lon="6.991028" lat="43.749823"><ele>543.75</ele></trkpt>
   <trkpt lon="6.990926" lat="43.749631"><ele>544.5</ele></trkpt>
   <trkpt lon="6.990853" lat="43.749542"><ele>545.0</ele></trkpt>
   <trkpt lon="6.990652" lat="43.749374"><ele>548.25</ele></trkpt>
   <trkpt lon="6.990573" lat="43.749298"><ele>549.25</ele></trkpt>
   <trkpt lon="6.990526" lat="43.749234"><ele>549.25</ele></trkpt>
   <trkpt lon="6.990464" lat="43.749131"><ele>549.75</ele></trkpt>
   <trkpt lon="6.990416" lat="43.748961"><ele>551.25</ele></trkpt>
   <trkpt lon="6.990420" lat="43.748837"><ele>552.0</ele></trkpt>
   <trkpt lon="6.990664" lat="43.748427"><ele>553.5</ele></trkpt>
   <trkpt lon="6.990762" lat="43.748308"><ele>554.25</ele></trkpt>
   <trkpt lon="6.991143" lat="43.748021"><ele>557.5</ele></trkpt>
   <trkpt lon="6.991502" lat="43.747697"><ele>558.0</ele></trkpt>
   <trkpt lon="6.991683" lat="43.747465"><ele>558.0</ele></trkpt>
   <trkpt lon="6.991728" lat="43.747350"><ele>558.5</ele></trkpt>
   <trkpt lon="6.991761" lat="43.747230"><ele>559.0</ele></trkpt>
   <trkpt lon="6.991816" lat="43.746927"><ele>561.25</ele></trkpt>
   <trkpt lon="6.991792" lat="43.746538"><ele>565.0</ele><sym>pass_place</sym><type>Shaping</type></trkpt>
   <trkpt lon="6.991792" lat="43.746537"><ele>565.0</ele></trkpt>
   <trkpt lon="6.991646" lat="43.746252"><ele>566.75</ele></trkpt>
   <trkpt lon="6.991418" lat="43.745930"><ele>569.0</ele></trkpt>
   <trkpt lon="6.991319" lat="43.745826"><ele>570.25</ele></trkpt>
   <trkpt lon="6.991187" lat="43.745671"><ele>572.5</ele></trkpt>
   <trkpt lon="6.991147" lat="43.745622"><ele>573.25</ele></trkpt>
   <trkpt lon="6.991133" lat="43.745571"><ele>573.5</ele></trkpt>
   <trkpt lon="6.991136" lat="43.745524"><ele>573.75</ele></trkpt>
   <trkpt lon="6.991172" lat="43.745449"><ele>574.5</ele></trkpt>
   <trkpt lon="6.991213" lat="43.745397"><ele>575.0</ele></trkpt>
   <trkpt lon="6.991264" lat="43.745357"><ele>575.25</ele></trkpt>
   <trkpt lon="6.991481" lat="43.745250"><ele>575.5</ele></trkpt>
   <trkpt lon="6.991592" lat="43.745215"><ele>576.0</ele></trkpt>
   <trkpt lon="6.992019" lat="43.745133"><ele>576.75</ele></trkpt>
   <trkpt lon="6.992161" lat="43.745092"><ele>577.0</ele></trkpt>
   <trkpt lon="6.992287" lat="43.745034"><ele>577.25</ele></trkpt>
   <trkpt lon="6.992412" lat="43.744942"><ele>577.25</ele></trkpt>
   <trkpt lon="6.992490" lat="43.744836"><ele>577.75</ele></trkpt>
   <trkpt lon="6.992863" lat="43.744159"><ele>583.25</ele></trkpt>
   <trkpt lon="6.993002" lat="43.743950"><ele>583.5</ele></trkpt>
   <trkpt lon="6.993247" lat="43.743657"><ele>585.25</ele></trkpt>
   <trkpt lon="6.993342" lat="43.743526"><ele>585.75</ele></trkpt>
   <trkpt lon="6.993397" lat="43.743423"><ele>586.75</ele></trkpt>
   <trkpt lon="6.993428" lat="43.743347"><ele>587.5</ele></trkpt>
   <trkpt lon="6.993588" lat="43.742848"><ele>590.0</ele></trkpt>
   <trkpt lon="6.993657" lat="43.742661"><ele>590.75</ele></trkpt>
   <trkpt lon="6.993826" lat="43.742366"><ele>591.75</ele></trkpt>
   <trkpt lon="6.994004" lat="43.741994"><ele>594.25</ele></trkpt>
   <trkpt lon="6.994251" lat="43.741390"><ele>598.75</ele></trkpt>
   <trkpt lon="6.994441" lat="43.740983"><ele>601.25</ele></trkpt>
   <trkpt lon="6.994569" lat="43.740759"><ele>601.5</ele></trkpt>
   <trkpt lon="6.994977" lat="43.740088"><ele>605.5</ele></trkpt>
   <trkpt lon="6.995025" lat="43.739968"><ele>606.0</ele></trkpt>
   <trkpt lon="6.995017" lat="43.739882"><ele>607.0</ele></trkpt>
   <trkpt lon="6.994948" lat="43.739615"><ele>611.25</ele></trkpt>
   <trkpt lon="6.994979" lat="43.739538"><ele>611.25</ele></trkpt>
   <trkpt lon="6.995059" lat="43.739507"><ele>611.5</ele></trkpt>
   <trkpt lon="6.995193" lat="43.739508"><ele>612.5</ele></trkpt>
   <trkpt lon="6.995603" lat="43.739713"><ele>614.0</ele></trkpt>
   <trkpt lon="6.995698" lat="43.739740"><ele>614.0</ele></trkpt>
   <trkpt lon="6.995776" lat="43.739739"><ele>614.5</ele></trkpt>
   <trkpt lon="6.995842" lat="43.739716"><ele>614.75</ele></trkpt>
   <trkpt lon="6.995915" lat="43.739662"><ele>614.0</ele></trkpt>
   <trkpt lon="6.995944" lat="43.739599"><ele>613.5</ele></trkpt>
   <trkpt lon="6.995903" lat="43.739487"><ele>612.5</ele></trkpt>
   <trkpt lon="6.995630" lat="43.739200"><ele>613.75</ele></trkpt>
   <trkpt lon="6.995441" lat="43.739071"><ele>618.5</ele></trkpt>
   <trkpt lon="6.995225" lat="43.739004"><ele>621.25</ele></trkpt>
   <trkpt lon="6.995038" lat="43.738996"><ele>619.5</ele></trkpt>
   <trkpt lon="6.994908" lat="43.739034"><ele>619.0</ele></trkpt>
   <trkpt lon="6.994807" lat="43.739107"><ele>619.0</ele></trkpt>
   <trkpt lon="6.994766" lat="43.739173"><ele>618.25</ele></trkpt>
   <trkpt lon="6.994738" lat="43.739251"><ele>618.0</ele></trkpt>
   <trkpt lon="6.994651" lat="43.739678"><ele>619.25</ele></trkpt>
   <trkpt lon="6.994671" lat="43.739872"><ele>617.5</ele></trkpt>
   <trkpt lon="6.994665" lat="43.739927"><ele>617.5</ele></trkpt>
   <trkpt lon="6.994640" lat="43.739997"><ele>618.25</ele></trkpt>
   <trkpt lon="6.994379" lat="43.740359"><ele>619.25</ele></trkpt>
   <trkpt lon="6.994307" lat="43.740424"><ele>619.5</ele></trkpt>
   <trkpt lon="6.994199" lat="43.740491"><ele>621.5</ele></trkpt>
   <trkpt lon="6.993795" lat="43.740673"><ele>626.5</ele></trkpt>
   <trkpt lon="6.993682" lat="43.740706"><ele>627.75</ele></trkpt>
   <trkpt lon="6.993615" lat="43.740710"><ele>628.5</ele></trkpt>
   <trkpt lon="6.993566" lat="43.740704"><ele>628.5</ele></trkpt>
   <trkpt lon="6.993537" lat="43.740689"><ele>628.5</ele></trkpt>
   <trkpt lon="6.993509" lat="43.740648"><ele>629.0</ele></trkpt>
   <trkpt lon="6.993505" lat="43.740598"><ele>629.75</ele></trkpt>
   <trkpt lon="6.993524" lat="43.740562"><ele>630.5</ele></trkpt>
   <trkpt lon="6.993597" lat="43.740524"><ele>632.25</ele></trkpt>
   <trkpt lon="6.993832" lat="43.740489"><ele>630.25</ele></trkpt>
   <trkpt lon="6.993989" lat="43.740437"><ele>628.5</ele></trkpt>
   <trkpt lon="6.994143" lat="43.740326"><ele>627.5</ele></trkpt>
   <trkpt lon="6.994256" lat="43.740181"><ele>627.75</ele></trkpt>
   <trkpt lon="6.994292" lat="43.740076"><ele>629.0</ele></trkpt>
   <trkpt lon="6.994324" lat="43.739928"><ele>630.5</ele></trkpt>
   <trkpt lon="6.994344" lat="43.739728"><ele>631.75</ele></trkpt>
   <trkpt lon="6.994408" lat="43.738720"><ele>640.25</ele></trkpt>
   <trkpt lon="6.994454" lat="43.738584"><ele>641.25</ele></trkpt>
   <trkpt lon="6.994585" lat="43.738387"><ele>643.0</ele></trkpt>
   <trkpt lon="6.994611" lat="43.738312"><ele>643.75</ele></trkpt>
   <trkpt lon="6.994609" lat="43.738221"><ele>643.5</ele></trkpt>
   <trkpt lon="6.994513" lat="43.737974"><ele>645.5</ele></trkpt>
   <trkpt lon="6.994482" lat="43.737837"><ele>646.5</ele></trkpt>
   <trkpt lon="6.994492" lat="43.737756"><ele>646.5</ele></trkpt>
   <trkpt lon="6.994509" lat="43.737695"><ele>647.0</ele></trkpt>
   <trkpt lon="6.994554" lat="43.737615"><ele>647.5</ele></trkpt>
   <trkpt lon="6.994789" lat="43.737316"><ele>648.75</ele></trkpt>
   <trkpt lon="6.995260" lat="43.736741"><ele>653.0</ele><sym>pass_place</sym><type>Shaping</type></trkpt>
   <trkpt lon="6.995290" lat="43.736686"><ele>653.25</ele></trkpt>
   <trkpt lon="6.995297" lat="43.736626"><ele>654.0</ele></trkpt>
   <trkpt lon="6.995280" lat="43.736591"><ele>655.25</ele></trkpt>
   <trkpt lon="6.995246" lat="43.736562"><ele>656.0</ele></trkpt>
   <trkpt lon="6.995205" lat="43.736549"><ele>656.75</ele></trkpt>
   <trkpt lon="6.995100" lat="43.736542"><ele>658.0</ele></trkpt>
   <trkpt lon="6.994998" lat="43.736574"><ele>658.5</ele></trkpt>
   <trkpt lon="6.994541" lat="43.736835"><ele>658.75</ele></trkpt>
   <trkpt lon="6.994461" lat="43.736888"><ele>658.75</ele></trkpt>
   <trkpt lon="6.994361" lat="43.736974"><ele>659.25</ele></trkpt>
   <trkpt lon="6.994307" lat="43.737043"><ele>659.75</ele></trkpt>
   <trkpt lon="6.994254" lat="43.737134"><ele>660.25</ele></trkpt>
   <trkpt lon="6.994180" lat="43.737319"><ele>660.75</ele></trkpt>
   <trkpt lon="6.994093" lat="43.737578"><ele>662.75</ele></trkpt>
   <trkpt lon="6.994071" lat="43.737703"><ele>663.25</ele></trkpt>
   <trkpt lon="6.994087" lat="43.738128"><ele>662.75</ele></trkpt>
   <trkpt lon="6.994074" lat="43.738219"><ele>663.25</ele></trkpt>
   <trkpt lon="6.994044" lat="43.738309"><ele>664.75</ele></trkpt>
   <trkpt lon="6.993737" lat="43.738943"><ele>669.75</ele></trkpt>
   <trkpt lon="6.993656" lat="43.739067"><ele>669.75</ele></trkpt>
   <trkpt lon="6.993189" lat="43.739648"><ele>672.5</ele></trkpt>
   <trkpt lon="6.993071" lat="43.739775"><ele>671.75</ele></trkpt>
   <trkpt lon="6.993028" lat="43.739798"><ele>671.75</ele></trkpt>
   <trkpt lon="6.992982" lat="43.739805"><ele>672.25</ele></trkpt>
   <trkpt lon="6.992935" lat="43.739806"><ele>673.0</ele></trkpt>
   <trkpt lon="6.992891" lat="43.739795"><ele>674.0</ele></trkpt>
   <trkpt lon="6.992857" lat="43.739776"><ele>675.0</ele></trkpt>
   <trkpt lon="6.992813" lat="43.739728"><ele>676.5</ele></trkpt>
   <trkpt lon="6.992806" lat="43.739683"><ele>677.25</ele></trkpt>
   <trkpt lon="6.992811" lat="43.739658"><ele>677.5</ele></trkpt>
   <trkpt lon="6.992840" lat="43.739617"><ele>677.75</ele></trkpt>
   <trkpt lon="6.992874" lat="43.739594"><ele>677.75</ele></trkpt>
   <trkpt lon="6.993063" lat="43.739514"><ele>676.75</ele></trkpt>
   <trkpt lon="6.993160" lat="43.739460"><ele>675.75</ele></trkpt>
   <trkpt lon="6.993245" lat="43.739357"><ele>675.5</ele></trkpt>
   <trkpt lon="6.993320" lat="43.739211"><ele>676.5</ele></trkpt>
   <trkpt lon="6.993423" lat="43.738813"><ele>681.0</ele></trkpt>
   <trkpt lon="6.993453" lat="43.738735"><ele>681.5</ele></trkpt>
   <trkpt lon="6.993607" lat="43.738439"><ele>681.75</ele></trkpt>
   <trkpt lon="6.993624" lat="43.738299"><ele>682.5</ele></trkpt>
   <trkpt lon="6.993587" lat="43.737979"><ele>684.5</ele></trkpt>
   <trkpt lon="6.993538" lat="43.737357"><ele>687.25</ele></trkpt>
   <trkpt lon="6.993470" lat="43.737021"><ele>691.0</ele></trkpt>
   <trkpt lon="6.993444" lat="43.736807"><ele>692.5</ele></trkpt>
   <trkpt lon="6.993471" lat="43.736200"><ele>695.5</ele></trkpt>
   <trkpt lon="6.993448" lat="43.736051"><ele>697.0</ele></trkpt>
   <trkpt lon="6.993363" lat="43.735741"><ele>700.5</ele></trkpt>
   <trkpt lon="6.993310" lat="43.735356"><ele>701.0</ele></trkpt>
   <trkpt lon="6.993269" lat="43.734974"><ele>704.25</ele></trkpt>
   <trkpt lon="6.993303" lat="43.734701"><ele>706.0</ele></trkpt>
   <trkpt lon="6.993393" lat="43.734339"><ele>707.25</ele></trkpt>
   <trkpt lon="6.993416" lat="43.734203"><ele>707.25</ele></trkpt>
   <trkpt lon="6.993419" lat="43.734073"><ele>707.75</ele></trkpt>
   <trkpt lon="6.993391" lat="43.733958"><ele>708.25</ele></trkpt>
   <trkpt lon="6.993349" lat="43.733840"><ele>708.5</ele></trkpt>
   <trkpt lon="6.993264" lat="43.733706"><ele>709.0</ele></trkpt>
   <trkpt lon="6.993173" lat="43.733626"><ele>709.75</ele></trkpt>
   <trkpt lon="6.993084" lat="43.733573"><ele>710.5</ele></trkpt>
   <trkpt lon="6.993001" lat="43.733541"><ele>711.0</ele></trkpt>
   <trkpt lon="6.992864" lat="43.733513"><ele>711.5</ele></trkpt>
   <trkpt lon="6.992736" lat="43.733506"><ele>712.0</ele></trkpt>
   <trkpt lon="6.992067" lat="43.733535"><ele>714.5</ele></trkpt>
   <trkpt lon="6.991919" lat="43.733524"><ele>715.5</ele></trkpt>
   <trkpt lon="6.991785" lat="43.733502"><ele>716.25</ele></trkpt>
   <trkpt lon="6.991624" lat="43.733450"><ele>716.0</ele></trkpt>
   <trkpt lon="6.991056" lat="43.733162"><ele>714.5</ele></trkpt>
   <trkpt lon="6.990518" lat="43.732956"><ele>716.0</ele></trkpt>
   <trkpt lon="6.990415" lat="43.732903"><ele>717.0</ele></trkpt>
   <trkpt lon="6.990218" lat="43.732734"><ele>716.0</ele></trkpt>
   <trkpt lon="6.990099" lat="43.732652"><ele>716.25</ele></trkpt>
   <trkpt lon="6.989109" lat="43.732179"><ele>719.25</ele></trkpt>
   <trkpt lon="6.988902" lat="43.732046"><ele>719.25</ele></trkpt>
   <trkpt lon="6.988632" lat="43.731824"><ele>720.25</ele></trkpt>
   <trkpt lon="6.988423" lat="43.731566"><ele>720.75</ele></trkpt>
   <trkpt lon="6.988237" lat="43.731303"><ele>723.5</ele></trkpt>
   <trkpt lon="6.987989" lat="43.730788"><ele>724.25</ele></trkpt>
   <trkpt lon="6.987938" lat="43.730635"><ele>725.75</ele></trkpt>
   <trkpt lon="6.987919" lat="43.730483"><ele>726.0</ele></trkpt>
   <trkpt lon="6.987957" lat="43.729964"><ele>724.5</ele><sym>pass_place</sym><type>Shaping</type></trkpt>
   <trkpt lon="6.987942" lat="43.729825"><ele>725.25</ele></trkpt>
   <trkpt lon="6.987671" lat="43.729098"><ele>734.5</ele></trkpt>
   <trkpt lon="6.987669" lat="43.728917"><ele>735.0</ele></trkpt>
   <trkpt lon="6.987687" lat="43.728665"><ele>734.75</ele></trkpt>
   <trkpt lon="6.987684" lat="43.728585"><ele>734.75</ele></trkpt>
   <trkpt lon="6.987649" lat="43.728458"><ele>735.0</ele></trkpt>
   <trkpt lon="6.987578" lat="43.728341"><ele>736.25</ele></trkpt>
   <trkpt lon="6.987478" lat="43.728227"><ele>737.25</ele></trkpt>
   <trkpt lon="6.987368" lat="43.728086"><ele>738.25</ele></trkpt>
   <trkpt lon="6.987022" lat="43.727387"><ele>737.5</ele></trkpt>
   <trkpt lon="6.986961" lat="43.727294"><ele>738.25</ele></trkpt>
   <trkpt lon="6.986888" lat="43.727220"><ele>739.0</ele></trkpt>
   <trkpt lon="6.986761" lat="43.727126"><ele>738.25</ele></trkpt>
   <trkpt lon="6.986238" lat="43.726892"><ele>741.75</ele></trkpt>
   <trkpt lon="6.986137" lat="43.726838"><ele>742.25</ele></trkpt>
   <trkpt lon="6.986014" lat="43.726740"><ele>742.0</ele></trkpt>
   <trkpt lon="6.985496" lat="43.726126"><ele>739.0</ele></trkpt>
   <trkpt lon="6.985400" lat="43.726053"><ele>737.75</ele></trkpt>
   <trkpt lon="6.985312" lat="43.726017"><ele>737.5</ele></trkpt>
   <trkpt lon="6.985215" lat="43.725988"><ele>737.75</ele></trkpt>
   <trkpt lon="6.984805" lat="43.725919"><ele>739.5</ele></trkpt>
   <trkpt lon="6.984566" lat="43.725884"><ele>740.75</ele></trkpt>
   <trkpt lon="6.983789" lat="43.725769"><ele>744.25</ele></trkpt>
   <trkpt lon="6.983382" lat="43.725668"><ele>746.0</ele></trkpt>
   <trkpt lon="6.983110" lat="43.725501"><ele>746.0</ele></trkpt>
   <trkpt lon="6.982834" lat="43.725263"><ele>746.5</ele></trkpt>
   <trkpt lon="6.982426" lat="43.724716"><ele>746.5</ele></trkpt>
   <trkpt lon="6.981648" lat="43.724049"><ele>741.5</ele></trkpt>
   <trkpt lon="6.979933" lat="43.722737"><ele>740.5</ele></trkpt>
   <trkpt lon="6.979565" lat="43.722562"><ele>740.75</ele></trkpt>
   <trkpt lon="6.979178" lat="43.722418"><ele>739.75</ele></trkpt>
   <trkpt lon="6.978409" lat="43.722319"><ele>740.5</ele></trkpt>
   <trkpt lon="6.978143" lat="43.722205"><ele>740.0</ele></trkpt>
   <trkpt lon="6.977771" lat="43.721895"><ele>739.5</ele></trkpt>
   <trkpt lon="6.977277" lat="43.721484"><ele>739.25</ele></trkpt>
   <trkpt lon="6.977258" lat="43.721467"><ele>739.0</ele></trkpt>
   <trkpt lon="6.977189" lat="43.721411"><ele>739.0</ele></trkpt>
   <trkpt lon="6.977170" lat="43.721395"><ele>739.0</ele></trkpt>
   <trkpt lon="6.977068" lat="43.721310"><ele>739.25</ele><sym>roundabout_e1</sym></trkpt>
   <trkpt lon="6.977023" lat="43.721322"><ele>739.25</ele></trkpt>
   <trkpt lon="6.976998" lat="43.721320"><ele>739.25</ele></trkpt>
   <trkpt lon="6.976956" lat="43.721365"><ele>739.0</ele></trkpt>
   <trkpt lon="6.976861" lat="43.721427"><ele>739.25</ele></trkpt>
   <trkpt lon="6.976487" lat="43.721618"><ele>742.75</ele></trkpt>
   <trkpt lon="6.976307" lat="43.721695"><ele>744.75</ele></trkpt>
   <trkpt lon="6.976113" lat="43.721745"><ele>747.0</ele></trkpt>
   <trkpt lon="6.976026" lat="43.721760"><ele>748.25</ele></trkpt>
   <trkpt lon="6.975894" lat="43.721773"><ele>749.5</ele></trkpt>
   <trkpt lon="6.975650" lat="43.721762"><ele>751.75</ele></trkpt>
   <trkpt lon="6.975450" lat="43.721715"><ele>751.5</ele></trkpt>
   <trkpt lon="6.974890" lat="43.721485"><ele>752.75</ele></trkpt>
   <trkpt lon="6.974679" lat="43.721412"><ele>754.75</ele></trkpt>
   <trkpt lon="6.974560" lat="43.721396"><ele>755.75</ele></trkpt>
   <trkpt lon="6.974480" lat="43.721400"><ele>756.75</ele></trkpt>
   <trkpt lon="6.974407" lat="43.721416"><ele>757.0</ele></trkpt>
   <trkpt lon="6.974341" lat="43.721448"><ele>757.25</ele></trkpt>
   <trkpt lon="6.974285" lat="43.721486"><ele>757.5</ele></trkpt>
   <trkpt lon="6.974212" lat="43.721553"><ele>758.0</ele></trkpt>
   <trkpt lon="6.974171" lat="43.721620"><ele>758.5</ele></trkpt>
   <trkpt lon="6.974073" lat="43.721826"><ele>759.0</ele></trkpt>
   <trkpt lon="6.974041" lat="43.721905"><ele>759.5</ele></trkpt>
   <trkpt lon="6.974014" lat="43.721974"><ele>760.25</ele></trkpt>
   <trkpt lon="6.973759" lat="43.722500"><ele>765.0</ele></trkpt>
   <trkpt lon="6.973705" lat="43.722582"><ele>765.5</ele></trkpt>
   <trkpt lon="6.973608" lat="43.722660"><ele>765.25</ele></trkpt>
   <trkpt lon="6.973528" lat="43.722700"><ele>765.75</ele></trkpt>
   <trkpt lon="6.973426" lat="43.722734"><ele>766.0</ele><sym>pass_place</sym><type>Shaping</type></trkpt>
   <trkpt lon="6.973426" lat="43.722735"><ele>766.0</ele></trkpt>
   <trkpt lon="6.973212" lat="43.722783"><ele>766.75</ele></trkpt>
   <trkpt lon="6.973028" lat="43.722809"><ele>767.25</ele></trkpt>
   <trkpt lon="6.972899" lat="43.722813"><ele>767.75</ele></trkpt>
   <trkpt lon="6.972375" lat="43.722761"><ele>769.0</ele></trkpt>
   <trkpt lon="6.972236" lat="43.722758"><ele>770.0</ele></trkpt>
   <trkpt lon="6.972180" lat="43.722762"><ele>770.0</ele></trkpt>
   <trkpt lon="6.972086" lat="43.722783"><ele>770.25</ele></trkpt>
   <trkpt lon="6.971736" lat="43.722881"><ele>773.75</ele></trkpt>
   <trkpt lon="6.971592" lat="43.722912"><ele>775.0</ele></trkpt>
   <trkpt lon="6.971460" lat="43.722935"><ele>776.0</ele></trkpt>
   <trkpt lon="6.971128" lat="43.722970"><ele>778.0</ele></trkpt>
   <trkpt lon="6.970921" lat="43.722963"><ele>778.75</ele></trkpt>
   <trkpt lon="6.970222" lat="43.722915"><ele>781.25</ele></trkpt>
   <trkpt lon="6.969838" lat="43.722880"><ele>782.0</ele></trkpt>
   <trkpt lon="6.969568" lat="43.722864"><ele>782.5</ele></trkpt>
   <trkpt lon="6.969059" lat="43.722867"><ele>785.0</ele></trkpt>
   <trkpt lon="6.968881" lat="43.722860"><ele>785.75</ele></trkpt>
   <trkpt lon="6.968680" lat="43.722839"><ele>786.0</ele></trkpt>
   <trkpt lon="6.968134" lat="43.722764"><ele>787.0</ele></trkpt>
   <trkpt lon="6.967939" lat="43.722757"><ele>788.0</ele></trkpt>
   <trkpt lon="6.967841" lat="43.722763"><ele>788.75</ele></trkpt>
   <trkpt lon="6.967699" lat="43.722800"><ele>790.0</ele></trkpt>
   <trkpt lon="6.967637" lat="43.722830"><ele>790.25</ele></trkpt>
   <trkpt lon="6.967551" lat="43.722903"><ele>791.5</ele></trkpt>
   <trkpt lon="6.967496" lat="43.722973"><ele>792.25</ele></trkpt>
   <trkpt lon="6.967465" lat="43.723057"><ele>793.5</ele></trkpt>
   <trkpt lon="6.967452" lat="43.723155"><ele>793.25</ele></trkpt>
   <trkpt lon="6.967462" lat="43.723293"><ele>794.25</ele></trkpt>
   <trkpt lon="6.967485" lat="43.723355"><ele>794.75</ele></trkpt>
   <trkpt lon="6.967529" lat="43.723415"><ele>794.75</ele></trkpt>
   <trkpt lon="6.967596" lat="43.723471"><ele>795.25</ele></trkpt>
   <trkpt lon="6.967723" lat="43.723539"><ele>796.75</ele></trkpt>
   <trkpt lon="6.967905" lat="43.723609"><ele>797.75</ele></trkpt>
   <trkpt lon="6.968266" lat="43.723710"><ele>799.5</ele></trkpt>
   <trkpt lon="6.968586" lat="43.723791"><ele>800.75</ele></trkpt>
   <trkpt lon="6.968868" lat="43.723881"><ele>801.75</ele></trkpt>
   <trkpt lon="6.969305" lat="43.724044"><ele>804.0</ele></trkpt>
   <trkpt lon="6.969560" lat="43.724146"><ele>806.0</ele></trkpt>
   <trkpt lon="6.969664" lat="43.724199"><ele>807.0</ele></trkpt>
   <trkpt lon="6.969743" lat="43.724249"><ele>807.5</ele></trkpt>
   <trkpt lon="6.969862" lat="43.724352"><ele>808.0</ele></trkpt>
   <trkpt lon="6.969940" lat="43.724460"><ele>807.5</ele></trkpt>
   <trkpt lon="6.970052" lat="43.724677"><ele>808.75</ele></trkpt>
   <trkpt lon="6.970112" lat="43.724743"><ele>809.5</ele></trkpt>
   <trkpt lon="6.970167" lat="43.724785"><ele>810.0</ele></trkpt>
   <trkpt lon="6.970268" lat="43.724837"><ele>811.0</ele></trkpt>
   <trkpt lon="6.970372" lat="43.724869"><ele>811.75</ele></trkpt>
   <trkpt lon="6.970556" lat="43.724896"><ele>813.5</ele></trkpt>
   <trkpt lon="6.970648" lat="43.724895"><ele>814.0</ele></trkpt>
   <trkpt lon="6.970798" lat="43.724859"><ele>815.25</ele></trkpt>
   <trkpt lon="6.970865" lat="43.724834"><ele>815.5</ele></trkpt>
   <trkpt lon="6.971225" lat="43.724669"><ele>817.25</ele></trkpt>
   <trkpt lon="6.971302" lat="43.724642"><ele>818.0</ele></trkpt>
   <trkpt lon="6.971369" lat="43.724629"><ele>818.25</ele></trkpt>
   <trkpt lon="6.971447" lat="43.724622"><ele>818.75</ele></trkpt>
   <trkpt lon="6.971504" lat="43.724626"><ele>819.0</ele></trkpt>
   <trkpt lon="6.971549" lat="43.724636"><ele>819.0</ele></trkpt>
   <trkpt lon="6.971597" lat="43.724655"><ele>819.0</ele></trkpt>
   <trkpt lon="6.971694" lat="43.724728"><ele>818.5</ele></trkpt>
   <trkpt lon="6.971726" lat="43.724791"><ele>820.0</ele></trkpt>
   <trkpt lon="6.971727" lat="43.724850"><ele>820.75</ele></trkpt>
   <trkpt lon="6.971719" lat="43.724882"><ele>821.0</ele></trkpt>
   <trkpt lon="6.971695" lat="43.724924"><ele>821.25</ele></trkpt>
   <trkpt lon="6.971652" lat="43.724968"><ele>821.25</ele></trkpt>
   <trkpt lon="6.971461" lat="43.725119"><ele>821.5</ele></trkpt>
   <trkpt lon="6.970813" lat="43.725557"><ele>825.75</ele></trkpt>
   <trkpt lon="6.970158" lat="43.725984"><ele>830.0</ele></trkpt>
   <trkpt lon="6.969994" lat="43.726080"><ele>831.0</ele></trkpt>
   <trkpt lon="6.969844" lat="43.726160"><ele>831.75</ele></trkpt>
   <trkpt lon="6.969277" lat="43.726419"><ele>836.25</ele></trkpt>
   <trkpt lon="6.968294" lat="43.726865"><ele>842.5</ele></trkpt>
   <trkpt lon="6.968110" lat="43.726953"><ele>843.25</ele></trkpt>
   <trkpt lon="6.967914" lat="43.727031"><ele>844.5</ele></trkpt>
   <trkpt lon="6.967760" lat="43.727077"><ele>845.75</ele></trkpt>
   <trkpt lon="6.967580" lat="43.727117"><ele>847.25</ele></trkpt>
   <trkpt lon="6.967027" lat="43.727203"><ele>849.5</ele></trkpt>
   <trkpt lon="6.966540" lat="43.727269"><ele>852.0</ele></trkpt>
   <trkpt lon="6.966025" lat="43.727319"><ele>854.0</ele></trkpt>
   <trkpt lon="6.965670" lat="43.727336"><ele>853.5</ele></trkpt>
   <trkpt lon="6.965450" lat="43.727337"><ele>854.75</ele></trkpt>
   <trkpt lon="6.964880" lat="43.727324"><ele>859.5</ele></trkpt>
   <trkpt lon="6.962872" lat="43.727279"><ele>870.25</ele></trkpt>
   <trkpt lon="6.962646" lat="43.727279"><ele>870.75</ele></trkpt>
   <trkpt lon="6.962528" lat="43.727292"><ele>871.5</ele></trkpt>
   <trkpt lon="6.962420" lat="43.727312"><ele>871.75</ele><sym>pass_place</sym><type>Shaping</type></trkpt>
   <trkpt lon="6.962415" lat="43.727313"><ele>871.75</ele></trkpt>
   <trkpt lon="6.962284" lat="43.727349"><ele>872.75</ele></trkpt>
   <trkpt lon="6.962034" lat="43.727433"><ele>874.25</ele></trkpt>
   <trkpt lon="6.961807" lat="43.727526"><ele>875.5</ele></trkpt>
   <trkpt lon="6.961592" lat="43.727639"><ele>876.75</ele></trkpt>
   <trkpt lon="6.961416" lat="43.727756"><ele>878.5</ele></trkpt>
   <trkpt lon="6.961230" lat="43.727891"><ele>879.0</ele></trkpt>
   <trkpt lon="6.961025" lat="43.728125"><ele>882.0</ele></trkpt>
   <trkpt lon="6.960843" lat="43.728391"><ele>884.25</ele></trkpt>
   <trkpt lon="6.959886" lat="43.729992"><ele>895.0</ele></trkpt>
   <trkpt lon="6.959846" lat="43.730087"><ele>895.25</ele></trkpt>
   <trkpt lon="6.959817" lat="43.730197"><ele>896.0</ele></trkpt>
   <trkpt lon="6.959761" lat="43.730490"><ele>898.0</ele></trkpt>
   <trkpt lon="6.959724" lat="43.730613"><ele>899.5</ele></trkpt>
   <trkpt lon="6.959658" lat="43.730748"><ele>901.0</ele></trkpt>
   <trkpt lon="6.959241" lat="43.731360"><ele>906.0</ele></trkpt>
   <trkpt lon="6.959046" lat="43.731663"><ele>907.25</ele></trkpt>
   <trkpt lon="6.958927" lat="43.731817"><ele>909.5</ele></trkpt>
   <trkpt lon="6.958811" lat="43.731942"><ele>910.25</ele></trkpt>
   <trkpt lon="6.958163" lat="43.732520"><ele>915.0</ele></trkpt>
   <trkpt lon="6.958079" lat="43.732648"><ele>915.75</ele></trkpt>
   <trkpt lon="6.958025" lat="43.732800"><ele>917.0</ele></trkpt>
   <trkpt lon="6.958021" lat="43.732958"><ele>918.0</ele></trkpt>
   <trkpt lon="6.958128" lat="43.733658"><ele>925.25</ele></trkpt>
   <trkpt lon="6.958124" lat="43.733741"><ele>925.75</ele></trkpt>
   <trkpt lon="6.958104" lat="43.733803"><ele>925.25</ele></trkpt>
   <trkpt lon="6.958062" lat="43.733860"><ele>923.75</ele></trkpt>
   <trkpt lon="6.958011" lat="43.733903"><ele>923.75</ele></trkpt>
   <trkpt lon="6.957941" lat="43.733941"><ele>923.75</ele></trkpt>
   <trkpt lon="6.957870" lat="43.733964"><ele>924.0</ele></trkpt>
   <trkpt lon="6.957818" lat="43.733973"><ele>924.25</ele></trkpt>
   <trkpt lon="6.957767" lat="43.733974"><ele>924.5</ele></trkpt>
   <trkpt lon="6.957695" lat="43.733970"><ele>925.75</ele></trkpt>
   <trkpt lon="6.957622" lat="43.733955"><ele>926.5</ele></trkpt>
   <trkpt lon="6.957271" lat="43.733807"><ele>927.0</ele></trkpt>
   <trkpt lon="6.957170" lat="43.733789"><ele>927.75</ele></trkpt>
   <trkpt lon="6.957076" lat="43.733784"><ele>928.25</ele></trkpt>
   <trkpt lon="6.956995" lat="43.733790"><ele>929.0</ele></trkpt>
   <trkpt lon="6.956881" lat="43.733814"><ele>929.75</ele></trkpt>
   <trkpt lon="6.956746" lat="43.733856"><ele>930.25</ele></trkpt>
   <trkpt lon="6.956511" lat="43.733957"><ele>932.25</ele></trkpt>
   <trkpt lon="6.956379" lat="43.734022"><ele>933.5</ele></trkpt>
   <trkpt lon="6.956231" lat="43.734116"><ele>934.0</ele></trkpt>
   <trkpt lon="6.955797" lat="43.734499"><ele>937.5</ele></trkpt>
   <trkpt lon="6.955747" lat="43.734528"><ele>938.0</ele></trkpt>
   <trkpt lon="6.955668" lat="43.734558"><ele>938.25</ele></trkpt>
   <trkpt lon="6.955581" lat="43.734570"><ele>938.0</ele></trkpt>
   <trkpt lon="6.954688" lat="43.734585"><ele>943.25</ele></trkpt>
   <trkpt lon="6.954006" lat="43.734598"><ele>946.75</ele></trkpt>
   <trkpt lon="6.953761" lat="43.734614"><ele>947.75</ele></trkpt>
   <trkpt lon="6.953571" lat="43.734643"><ele>948.75</ele></trkpt>
   <trkpt lon="6.953440" lat="43.734677"><ele>949.5</ele></trkpt>
   <trkpt lon="6.953324" lat="43.734712"><ele>950.25</ele></trkpt>
   <trkpt lon="6.953128" lat="43.734791"><ele>951.25</ele></trkpt>
   <trkpt lon="6.952918" lat="43.734919"><ele>952.75</ele></trkpt>
   <trkpt lon="6.952165" lat="43.735429"><ele>957.0</ele></trkpt>
   <trkpt lon="6.951910" lat="43.735628"><ele>958.75</ele></trkpt>
   <trkpt lon="6.951723" lat="43.735819"><ele>961.5</ele></trkpt>
   <trkpt lon="6.951529" lat="43.736059"><ele>964.75</ele></trkpt>
   <trkpt lon="6.951479" lat="43.736094"><ele>964.75</ele></trkpt>
   <trkpt lon="6.951397" lat="43.736122"><ele>964.25</ele></trkpt>
   <trkpt lon="6.951304" lat="43.736124"><ele>965.25</ele></trkpt>
   <trkpt lon="6.951224" lat="43.736104"><ele>966.25</ele></trkpt>
   <trkpt lon="6.951191" lat="43.736088"><ele>966.5</ele></trkpt>
   <trkpt lon="6.951152" lat="43.736058"><ele>966.75</ele></trkpt>
   <trkpt lon="6.951126" lat="43.736020"><ele>967.0</ele></trkpt>
   <trkpt lon="6.951101" lat="43.735939"><ele>967.0</ele></trkpt>
   <trkpt lon="6.951097" lat="43.735007"><ele>972.25</ele></trkpt>
   <trkpt lon="6.951087" lat="43.734609"><ele>974.75</ele></trkpt>
   <trkpt lon="6.951049" lat="43.734425"><ele>976.0</ele></trkpt>
   <trkpt lon="6.950876" lat="43.734080"><ele>980.75</ele></trkpt>
   <trkpt lon="6.950914" lat="43.733934"><ele>981.75</ele></trkpt>
   <trkpt lon="6.951134" lat="43.733757"><ele>982.0</ele></trkpt>
   <trkpt lon="6.951466" lat="43.733557"><ele>983.25</ele><sym>pass_place</sym><type>Shaping</type></trkpt>
   <trkpt lon="6.951672" lat="43.733394"><ele>984.5</ele></trkpt>
   <trkpt lon="6.951822" lat="43.733190"><ele>986.5</ele></trkpt>
   <trkpt lon="6.951911" lat="43.732936"><ele>988.25</ele></trkpt>
   <trkpt lon="6.951875" lat="43.732639"><ele>990.25</ele></trkpt>
   <trkpt lon="6.951732" lat="43.731988"><ele>997.5</ele></trkpt>
   <trkpt lon="6.951765" lat="43.731856"><ele>999.0</ele></trkpt>
   <trkpt lon="6.951851" lat="43.731765"><ele>1000.25</ele></trkpt>
   <trkpt lon="6.952024" lat="43.731701"><ele>1001.75</ele></trkpt>
   <trkpt lon="6.952258" lat="43.731683"><ele>1002.25</ele></trkpt>
   <trkpt lon="6.952591" lat="43.731676"><ele>1003.5</ele></trkpt>
   <trkpt lon="6.952792" lat="43.731639"><ele>1004.5</ele></trkpt>
   <trkpt lon="6.952937" lat="43.731585"><ele>1005.0</ele></trkpt>
   <trkpt lon="6.953382" lat="43.731310"><ele>1005.25</ele></trkpt>
   <trkpt lon="6.953448" lat="43.731240"><ele>1005.25</ele></trkpt>
   <trkpt lon="6.953462" lat="43.731152"><ele>1006.5</ele></trkpt>
   <trkpt lon="6.953401" lat="43.731101"><ele>1008.0</ele></trkpt>
   <trkpt lon="6.953320" lat="43.731069"><ele>1009.75</ele></trkpt>
   <trkpt lon="6.953238" lat="43.731084"><ele>1010.25</ele></trkpt>
   <trkpt lon="6.953091" lat="43.731148"><ele>1011.0</ele></trkpt>
   <trkpt lon="6.952783" lat="43.731258"><ele>1012.75</ele></trkpt>
   <trkpt lon="6.952604" lat="43.731289"><ele>1013.25</ele></trkpt>
   <trkpt lon="6.952412" lat="43.731310"><ele>1013.5</ele></trkpt>
   <trkpt lon="6.952238" lat="43.731309"><ele>1013.5</ele></trkpt>
   <trkpt lon="6.951253" lat="43.731157"><ele>1020.5</ele></trkpt>
   <trkpt lon="6.951088" lat="43.731148"><ele>1021.5</ele></trkpt>
   <trkpt lon="6.950938" lat="43.731213"><ele>1022.0</ele></trkpt>
   <trkpt lon="6.950828" lat="43.731323"><ele>1023.0</ele></trkpt>
   <trkpt lon="6.950802" lat="43.731499"><ele>1024.5</ele></trkpt>
   <trkpt lon="6.950821" lat="43.731726"><ele>1025.5</ele></trkpt>
   <trkpt lon="6.950769" lat="43.732019"><ele>1027.25</ele></trkpt>
   <trkpt lon="6.950692" lat="43.732242"><ele>1028.25</ele></trkpt>
   <trkpt lon="6.950565" lat="43.732440"><ele>1030.0</ele></trkpt>
   <trkpt lon="6.950398" lat="43.732643"><ele>1031.75</ele></trkpt>
   <trkpt lon="6.950113" lat="43.732933"><ele>1033.75</ele></trkpt>
   <trkpt lon="6.949598" lat="43.733364"><ele>1038.0</ele></trkpt>
   <trkpt lon="6.949415" lat="43.733576"><ele>1040.0</ele></trkpt>
   <trkpt lon="6.949319" lat="43.733772"><ele>1042.0</ele></trkpt>
   <trkpt lon="6.949279" lat="43.734018"><ele>1043.75</ele></trkpt>
   <trkpt lon="6.949230" lat="43.734871"><ele>1048.0</ele></trkpt>
   <trkpt lon="6.949137" lat="43.735174"><ele>1050.25</ele></trkpt>
   <trkpt lon="6.948806" lat="43.735914"><ele>1055.0</ele></trkpt>
   <trkpt lon="6.948635" lat="43.736106"><ele>1057.25</ele></trkpt>
   <trkpt lon="6.948344" lat="43.736311"><ele>1058.5</ele></trkpt>
   <trkpt lon="6.946593" lat="43.737348"><ele>1072.75</ele></trkpt>
   <trkpt lon="6.946418" lat="43.737411"><ele>1072.75</ele></trkpt>
   <trkpt lon="6.946208" lat="43.737421"><ele>1073.5</ele></trkpt>
   <trkpt lon="6.945971" lat="43.737385"><ele>1074.75</ele></trkpt>
   <trkpt lon="6.945791" lat="43.737310"><ele>1076.5</ele></trkpt>
   <trkpt lon="6.945560" lat="43.737173"><ele>1079.25</ele></trkpt>
   <trkpt lon="6.945432" lat="43.737152"><ele>1080.25</ele></trkpt>
   <trkpt lon="6.945232" lat="43.737270"><ele>1080.5</ele><sym>right_slight</sym></trkpt>
   <trkpt lon="6.945180" lat="43.737316"><ele>1081.0</ele></trkpt>
   <trkpt lon="6.945038" lat="43.737529"><ele>1083.0</ele></trkpt>
   <trkpt lon="6.944970" lat="43.737692"><ele>1084.75</ele></trkpt>
   <trkpt lon="6.944959" lat="43.737838"><ele>1085.5</ele></trkpt>
   <trkpt lon="6.945034" lat="43.738078"><ele>1085.25</ele></trkpt>
   <trkpt lon="6.945110" lat="43.738366"><ele>1087.0</ele></trkpt>
   <trkpt lon="6.945211" lat="43.738499"><ele>1087.25</ele></trkpt>
   <trkpt lon="6.945303" lat="43.738592"><ele>1087.0</ele></trkpt>
   <trkpt lon="6.945371" lat="43.738701"><ele>1087.25</ele></trkpt>
   <trkpt lon="6.945397" lat="43.738883"><ele>1089.75</ele></trkpt>
   <trkpt lon="6.945396" lat="43.739013"><ele>1090.75</ele></trkpt>
   <trkpt lon="6.945365" lat="43.739239"><ele>1093.0</ele></trkpt>
   <trkpt lon="6.945355" lat="43.739381"><ele>1094.25</ele></trkpt>
   <trkpt lon="6.945385" lat="43.739502"><ele>1095.5</ele></trkpt>
   <trkpt lon="6.945516" lat="43.739683"><ele>1098.25</ele></trkpt>
   <trkpt lon="6.945622" lat="43.739768"><ele>1100.0</ele><sym>pass_place</sym><type>Shaping</type></trkpt>
   <trkpt lon="6.945762" lat="43.739809"><ele>1100.5</ele></trkpt>
   <trkpt lon="6.945923" lat="43.739789"><ele>1100.75</ele></trkpt>
   <trkpt lon="6.946361" lat="43.739596"><ele>1100.75</ele></trkpt>
   <trkpt lon="6.946475" lat="43.739572"><ele>1101.5</ele></trkpt>
   <trkpt lon="6.946555" lat="43.739579"><ele>1102.5</ele></trkpt>
   <trkpt lon="6.946594" lat="43.739612"><ele>1103.5</ele></trkpt>
   <trkpt lon="6.946605" lat="43.739666"><ele>1104.5</ele></trkpt>
   <trkpt lon="6.946561" lat="43.739712"><ele>1105.0</ele></trkpt>
   <trkpt lon="6.946294" lat="43.739811"><ele>1104.75</ele></trkpt>
   <trkpt lon="6.946022" lat="43.740036"><ele>1106.25</ele></trkpt>
   <trkpt lon="6.945973" lat="43.740130"><ele>1106.75</ele></trkpt>
   <trkpt lon="6.945936" lat="43.740534"><ele>1110.0</ele></trkpt>
   <trkpt lon="6.945873" lat="43.740722"><ele>1111.25</ele></trkpt>
   <trkpt lon="6.945861" lat="43.740821"><ele>1112.0</ele></trkpt>
   <trkpt lon="6.945862" lat="43.741246"><ele>1115.0</ele></trkpt>
   <trkpt lon="6.945698" lat="43.741889"><ele>1118.25</ele><sym>u-turn</sym><type>Via</type></trkpt>
   <trkpt lon="6.945862" lat="43.741246"><ele>1115.0</ele></trkpt>
   <trkpt lon="6.945861" lat="43.740821"><ele>1112.0</ele></trkpt>
   <trkpt lon="6.945873" lat="43.740722"><ele>1111.25</ele></trkpt>
   <trkpt lon="6.945936" lat="43.740534"><ele>1110.0</ele></trkpt>
   <trkpt lon="6.945973" lat="43.740130"><ele>1106.75</ele></trkpt>
   <trkpt lon="6.946022" lat="43.740036"><ele>1106.25</ele></trkpt>
   <trkpt lon="6.946294" lat="43.739811"><ele>1104.75</ele></trkpt>
   <trkpt lon="6.946561" lat="43.739712"><ele>1105.0</ele></trkpt>
   <trkpt lon="6.946605" lat="43.739666"><ele>1104.5</ele></trkpt>
   <trkpt lon="6.946594" lat="43.739612"><ele>1103.5</ele></trkpt>
   <trkpt lon="6.946555" lat="43.739579"><ele>1102.5</ele></trkpt>
   <trkpt lon="6.946475" lat="43.739572"><ele>1101.5</ele></trkpt>
   <trkpt lon="6.946361" lat="43.739596"><ele>1100.75</ele></trkpt>
   <trkpt lon="6.945923" lat="43.739789"><ele>1100.75</ele></trkpt>
   <trkpt lon="6.945762" lat="43.739809"><ele>1100.5</ele></trkpt>
   <trkpt lon="6.945622" lat="43.739768"><ele>1100.0</ele></trkpt>
   <trkpt lon="6.945516" lat="43.739683"><ele>1098.25</ele></trkpt>
   <trkpt lon="6.945385" lat="43.739502"><ele>1095.5</ele></trkpt>
   <trkpt lon="6.945355" lat="43.739381"><ele>1094.25</ele></trkpt>
   <trkpt lon="6.945365" lat="43.739239"><ele>1093.0</ele></trkpt>
   <trkpt lon="6.945396" lat="43.739013"><ele>1090.75</ele></trkpt>
   <trkpt lon="6.945397" lat="43.738883"><ele>1089.75</ele></trkpt>
   <trkpt lon="6.945371" lat="43.738701"><ele>1087.25</ele></trkpt>
   <trkpt lon="6.945303" lat="43.738592"><ele>1087.0</ele></trkpt>
   <trkpt lon="6.945211" lat="43.738499"><ele>1087.25</ele></trkpt>
   <trkpt lon="6.945110" lat="43.738366"><ele>1087.0</ele></trkpt>
   <trkpt lon="6.945034" lat="43.738078"><ele>1085.25</ele></trkpt>
   <trkpt lon="6.944959" lat="43.737838"><ele>1085.5</ele></trkpt>
   <trkpt lon="6.944970" lat="43.737692"><ele>1084.75</ele></trkpt>
   <trkpt lon="6.945038" lat="43.737529"><ele>1083.0</ele></trkpt>
   <trkpt lon="6.945180" lat="43.737316"><ele>1081.0</ele></trkpt>
   <trkpt lon="6.945232" lat="43.737270"><ele>1080.5</ele></trkpt>
   <trkpt lon="6.945432" lat="43.737152"><ele>1080.25</ele></trkpt>
   <trkpt lon="6.945560" lat="43.737173"><ele>1079.25</ele></trkpt>
   <trkpt lon="6.945791" lat="43.737310"><ele>1076.5</ele></trkpt>
   <trkpt lon="6.945971" lat="43.737385"><ele>1074.75</ele></trkpt>
   <trkpt lon="6.946208" lat="43.737421"><ele>1073.5</ele></trkpt>
   <trkpt lon="6.946418" lat="43.737411"><ele>1072.75</ele></trkpt>
   <trkpt lon="6.946593" lat="43.737348"><ele>1072.75</ele></trkpt>
   <trkpt lon="6.948344" lat="43.736311"><ele>1058.5</ele></trkpt>
   <trkpt lon="6.948635" lat="43.736106"><ele>1057.25</ele></trkpt>
   <trkpt lon="6.948806" lat="43.735914"><ele>1055.0</ele></trkpt>
   <trkpt lon="6.949137" lat="43.735174"><ele>1050.25</ele></trkpt>
   <trkpt lon="6.949230" lat="43.734871"><ele>1048.0</ele></trkpt>
   <trkpt lon="6.949279" lat="43.734018"><ele>1043.75</ele></trkpt>
   <trkpt lon="6.949319" lat="43.733772"><ele>1042.0</ele></trkpt>
   <trkpt lon="6.949415" lat="43.733576"><ele>1040.0</ele></trkpt>
   <trkpt lon="6.949598" lat="43.733364"><ele>1038.0</ele></trkpt>
   <trkpt lon="6.950113" lat="43.732933"><ele>1033.75</ele></trkpt>
   <trkpt lon="6.950398" lat="43.732643"><ele>1031.75</ele></trkpt>
   <trkpt lon="6.950565" lat="43.732440"><ele>1030.0</ele></trkpt>
   <trkpt lon="6.950692" lat="43.732242"><ele>1028.25</ele></trkpt>
   <trkpt lon="6.950769" lat="43.732019"><ele>1027.25</ele></trkpt>
   <trkpt lon="6.950821" lat="43.731726"><ele>1025.5</ele></trkpt>
   <trkpt lon="6.950802" lat="43.731499"><ele>1024.5</ele></trkpt>
   <trkpt lon="6.950828" lat="43.731323"><ele>1023.0</ele></trkpt>
   <trkpt lon="6.950938" lat="43.731213"><ele>1022.0</ele></trkpt>
   <trkpt lon="6.951088" lat="43.731148"><ele>1021.5</ele></trkpt>
   <trkpt lon="6.951253" lat="43.731157"><ele>1020.5</ele></trkpt>
   <trkpt lon="6.952238" lat="43.731309"><ele>1013.5</ele></trkpt>
   <trkpt lon="6.952412" lat="43.731310"><ele>1013.5</ele></trkpt>
   <trkpt lon="6.952604" lat="43.731289"><ele>1013.25</ele></trkpt>
   <trkpt lon="6.952783" lat="43.731258"><ele>1012.75</ele></trkpt>
   <trkpt lon="6.953091" lat="43.731148"><ele>1011.0</ele></trkpt>
   <trkpt lon="6.953238" lat="43.731084"><ele>1010.25</ele><sym>pass_place</sym><type>Shaping</type></trkpt>
   <trkpt lon="6.953320" lat="43.731069"><ele>1009.75</ele></trkpt>
   <trkpt lon="6.953401" lat="43.731101"><ele>1008.0</ele></trkpt>
   <trkpt lon="6.953462" lat="43.731152"><ele>1006.5</ele></trkpt>
   <trkpt lon="6.953448" lat="43.731240"><ele>1005.25</ele></trkpt>
   <trkpt lon="6.953382" lat="43.731310"><ele>1005.25</ele></trkpt>
   <trkpt lon="6.952937" lat="43.731585"><ele>1005.0</ele></trkpt>
   <trkpt lon="6.952792" lat="43.731639"><ele>1004.5</ele></trkpt>
   <trkpt lon="6.952591" lat="43.731676"><ele>1003.5</ele></trkpt>
   <trkpt lon="6.952258" lat="43.731683"><ele>1002.25</ele></trkpt>
   <trkpt lon="6.952024" lat="43.731701"><ele>1001.75</ele></trkpt>
   <trkpt lon="6.951851" lat="43.731765"><ele>1000.25</ele></trkpt>
   <trkpt lon="6.951765" lat="43.731856"><ele>999.0</ele></trkpt>
   <trkpt lon="6.951732" lat="43.731988"><ele>997.5</ele></trkpt>
   <trkpt lon="6.951875" lat="43.732639"><ele>990.25</ele></trkpt>
   <trkpt lon="6.951911" lat="43.732936"><ele>988.25</ele></trkpt>
   <trkpt lon="6.951822" lat="43.733190"><ele>986.5</ele></trkpt>
   <trkpt lon="6.951672" lat="43.733394"><ele>984.5</ele></trkpt>
   <trkpt lon="6.951466" lat="43.733557"><ele>983.25</ele></trkpt>
   <trkpt lon="6.951134" lat="43.733757"><ele>982.0</ele></trkpt>
   <trkpt lon="6.950914" lat="43.733934"><ele>981.75</ele></trkpt>
   <trkpt lon="6.950876" lat="43.734080"><ele>980.75</ele></trkpt>
   <trkpt lon="6.951049" lat="43.734425"><ele>976.0</ele></trkpt>
   <trkpt lon="6.951087" lat="43.734609"><ele>974.75</ele></trkpt>
   <trkpt lon="6.951097" lat="43.735007"><ele>972.25</ele></trkpt>
   <trkpt lon="6.951101" lat="43.735939"><ele>967.0</ele></trkpt>
   <trkpt lon="6.951126" lat="43.736020"><ele>967.0</ele></trkpt>
   <trkpt lon="6.951152" lat="43.736058"><ele>966.75</ele></trkpt>
   <trkpt lon="6.951191" lat="43.736088"><ele>966.5</ele></trkpt>
   <trkpt lon="6.951224" lat="43.736104"><ele>966.25</ele></trkpt>
   <trkpt lon="6.951304" lat="43.736124"><ele>965.25</ele></trkpt>
   <trkpt lon="6.951397" lat="43.736122"><ele>964.25</ele></trkpt>
   <trkpt lon="6.951479" lat="43.736094"><ele>964.75</ele></trkpt>
   <trkpt lon="6.951529" lat="43.736059"><ele>964.75</ele></trkpt>
   <trkpt lon="6.951723" lat="43.735819"><ele>961.5</ele></trkpt>
   <trkpt lon="6.951910" lat="43.735628"><ele>958.75</ele></trkpt>
   <trkpt lon="6.952165" lat="43.735429"><ele>957.0</ele></trkpt>
   <trkpt lon="6.952918" lat="43.734919"><ele>952.75</ele></trkpt>
   <trkpt lon="6.953128" lat="43.734791"><ele>951.25</ele></trkpt>
   <trkpt lon="6.953324" lat="43.734712"><ele>950.25</ele></trkpt>
   <trkpt lon="6.953440" lat="43.734677"><ele>949.5</ele></trkpt>
   <trkpt lon="6.953571" lat="43.734643"><ele>948.75</ele></trkpt>
   <trkpt lon="6.953761" lat="43.734614"><ele>947.75</ele></trkpt>
   <trkpt lon="6.954006" lat="43.734598"><ele>946.75</ele></trkpt>
   <trkpt lon="6.954688" lat="43.734585"><ele>943.25</ele></trkpt>
   <trkpt lon="6.955581" lat="43.734570"><ele>938.0</ele></trkpt>
   <trkpt lon="6.955668" lat="43.734558"><ele>938.25</ele></trkpt>
   <trkpt lon="6.955747" lat="43.734528"><ele>938.0</ele></trkpt>
   <trkpt lon="6.955797" lat="43.734499"><ele>937.5</ele></trkpt>
   <trkpt lon="6.956231" lat="43.734116"><ele>934.0</ele></trkpt>
   <trkpt lon="6.956379" lat="43.734022"><ele>933.5</ele></trkpt>
   <trkpt lon="6.956511" lat="43.733957"><ele>932.25</ele></trkpt>
   <trkpt lon="6.956746" lat="43.733856"><ele>930.25</ele></trkpt>
   <trkpt lon="6.956881" lat="43.733814"><ele>929.75</ele></trkpt>
   <trkpt lon="6.956995" lat="43.733790"><ele>929.0</ele></trkpt>
   <trkpt lon="6.957076" lat="43.733784"><ele>928.25</ele></trkpt>
   <trkpt lon="6.957170" lat="43.733789"><ele>927.75</ele></trkpt>
   <trkpt lon="6.957271" lat="43.733807"><ele>927.0</ele></trkpt>
   <trkpt lon="6.957622" lat="43.733955"><ele>926.5</ele></trkpt>
   <trkpt lon="6.957695" lat="43.733970"><ele>925.75</ele></trkpt>
   <trkpt lon="6.957767" lat="43.733974"><ele>924.5</ele></trkpt>
   <trkpt lon="6.957818" lat="43.733973"><ele>924.25</ele></trkpt>
   <trkpt lon="6.957870" lat="43.733964"><ele>924.0</ele></trkpt>
   <trkpt lon="6.957941" lat="43.733941"><ele>923.75</ele></trkpt>
   <trkpt lon="6.958011" lat="43.733903"><ele>923.75</ele></trkpt>
   <trkpt lon="6.958062" lat="43.733860"><ele>923.75</ele></trkpt>
   <trkpt lon="6.958104" lat="43.733803"><ele>925.25</ele></trkpt>
   <trkpt lon="6.958124" lat="43.733741"><ele>925.75</ele></trkpt>
   <trkpt lon="6.958128" lat="43.733658"><ele>925.25</ele></trkpt>
   <trkpt lon="6.958021" lat="43.732958"><ele>918.0</ele></trkpt>
   <trkpt lon="6.958025" lat="43.732800"><ele>917.0</ele></trkpt>
   <trkpt lon="6.958079" lat="43.732648"><ele>915.75</ele></trkpt>
   <trkpt lon="6.958163" lat="43.732520"><ele>915.0</ele></trkpt>
   <trkpt lon="6.958811" lat="43.731942"><ele>910.25</ele></trkpt>
   <trkpt lon="6.958927" lat="43.731817"><ele>909.5</ele></trkpt>
   <trkpt lon="6.959046" lat="43.731663"><ele>907.25</ele></trkpt>
   <trkpt lon="6.959241" lat="43.731360"><ele>906.0</ele></trkpt>
   <trkpt lon="6.959658" lat="43.730748"><ele>901.0</ele></trkpt>
   <trkpt lon="6.959724" lat="43.730613"><ele>899.5</ele></trkpt>
   <trkpt lon="6.959761" lat="43.730490"><ele>898.0</ele></trkpt>
   <trkpt lon="6.959816" lat="43.730199"><ele>896.0</ele><sym>pass_place</sym><type>Shaping</type></trkpt>
   <trkpt lon="6.959817" lat="43.730197"><ele>896.0</ele></trkpt>
   <trkpt lon="6.959846" lat="43.730087"><ele>895.25</ele></trkpt>
   <trkpt lon="6.959886" lat="43.729992"><ele>895.0</ele></trkpt>
   <trkpt lon="6.960843" lat="43.728391"><ele>884.25</ele></trkpt>
   <trkpt lon="6.961025" lat="43.728125"><ele>882.0</ele></trkpt>
   <trkpt lon="6.961230" lat="43.727891"><ele>879.0</ele></trkpt>
   <trkpt lon="6.961416" lat="43.727756"><ele>878.5</ele></trkpt>
   <trkpt lon="6.961592" lat="43.727639"><ele>876.75</ele></trkpt>
   <trkpt lon="6.961807" lat="43.727526"><ele>875.5</ele></trkpt>
   <trkpt lon="6.962034" lat="43.727433"><ele>874.25</ele></trkpt>
   <trkpt lon="6.962284" lat="43.727349"><ele>872.75</ele></trkpt>
   <trkpt lon="6.962415" lat="43.727313"><ele>871.75</ele></trkpt>
   <trkpt lon="6.962528" lat="43.727292"><ele>871.5</ele></trkpt>
   <trkpt lon="6.962646" lat="43.727279"><ele>870.75</ele></trkpt>
   <trkpt lon="6.962872" lat="43.727279"><ele>870.25</ele></trkpt>
   <trkpt lon="6.964880" lat="43.727324"><ele>859.5</ele></trkpt>
   <trkpt lon="6.965450" lat="43.727337"><ele>854.75</ele></trkpt>
   <trkpt lon="6.965670" lat="43.727336"><ele>853.5</ele></trkpt>
   <trkpt lon="6.966025" lat="43.727319"><ele>854.0</ele></trkpt>
   <trkpt lon="6.966540" lat="43.727269"><ele>852.0</ele></trkpt>
   <trkpt lon="6.967027" lat="43.727203"><ele>849.5</ele></trkpt>
   <trkpt lon="6.967580" lat="43.727117"><ele>847.25</ele></trkpt>
   <trkpt lon="6.967760" lat="43.727077"><ele>845.75</ele></trkpt>
   <trkpt lon="6.967914" lat="43.727031"><ele>844.5</ele></trkpt>
   <trkpt lon="6.968110" lat="43.726953"><ele>843.25</ele></trkpt>
   <trkpt lon="6.968294" lat="43.726865"><ele>842.5</ele></trkpt>
   <trkpt lon="6.969277" lat="43.726419"><ele>836.25</ele></trkpt>
   <trkpt lon="6.969844" lat="43.726160"><ele>831.75</ele></trkpt>
   <trkpt lon="6.969994" lat="43.726080"><ele>831.0</ele></trkpt>
   <trkpt lon="6.970158" lat="43.725984"><ele>830.0</ele></trkpt>
   <trkpt lon="6.970813" lat="43.725557"><ele>825.75</ele></trkpt>
   <trkpt lon="6.971461" lat="43.725119"><ele>821.5</ele></trkpt>
   <trkpt lon="6.971652" lat="43.724968"><ele>821.25</ele></trkpt>
   <trkpt lon="6.971695" lat="43.724924"><ele>821.25</ele></trkpt>
   <trkpt lon="6.971719" lat="43.724882"><ele>821.0</ele></trkpt>
   <trkpt lon="6.971727" lat="43.724850"><ele>820.75</ele></trkpt>
   <trkpt lon="6.971726" lat="43.724791"><ele>820.0</ele></trkpt>
   <trkpt lon="6.971694" lat="43.724728"><ele>818.5</ele></trkpt>
   <trkpt lon="6.971597" lat="43.724655"><ele>819.0</ele></trkpt>
   <trkpt lon="6.971549" lat="43.724636"><ele>819.0</ele></trkpt>
   <trkpt lon="6.971504" lat="43.724626"><ele>819.0</ele></trkpt>
   <trkpt lon="6.971447" lat="43.724622"><ele>818.75</ele></trkpt>
   <trkpt lon="6.971369" lat="43.724629"><ele>818.25</ele></trkpt>
   <trkpt lon="6.971302" lat="43.724642"><ele>818.0</ele></trkpt>
   <trkpt lon="6.971225" lat="43.724669"><ele>817.25</ele></trkpt>
   <trkpt lon="6.970865" lat="43.724834"><ele>815.5</ele></trkpt>
   <trkpt lon="6.970798" lat="43.724859"><ele>815.25</ele></trkpt>
   <trkpt lon="6.970648" lat="43.724895"><ele>814.0</ele></trkpt>
   <trkpt lon="6.970556" lat="43.724896"><ele>813.5</ele></trkpt>
   <trkpt lon="6.970372" lat="43.724869"><ele>811.75</ele></trkpt>
   <trkpt lon="6.970268" lat="43.724837"><ele>811.0</ele></trkpt>
   <trkpt lon="6.970167" lat="43.724785"><ele>810.0</ele></trkpt>
   <trkpt lon="6.970112" lat="43.724743"><ele>809.5</ele></trkpt>
   <trkpt lon="6.970052" lat="43.724677"><ele>808.75</ele></trkpt>
   <trkpt lon="6.969940" lat="43.724460"><ele>807.5</ele></trkpt>
   <trkpt lon="6.969862" lat="43.724352"><ele>808.0</ele></trkpt>
   <trkpt lon="6.969743" lat="43.724249"><ele>807.5</ele></trkpt>
   <trkpt lon="6.969664" lat="43.724199"><ele>807.0</ele></trkpt>
   <trkpt lon="6.969560" lat="43.724146"><ele>806.0</ele></trkpt>
   <trkpt lon="6.969305" lat="43.724044"><ele>804.0</ele></trkpt>
   <trkpt lon="6.968868" lat="43.723881"><ele>801.75</ele></trkpt>
   <trkpt lon="6.968586" lat="43.723791"><ele>800.75</ele></trkpt>
   <trkpt lon="6.968266" lat="43.723710"><ele>799.5</ele></trkpt>
   <trkpt lon="6.967905" lat="43.723609"><ele>797.75</ele></trkpt>
   <trkpt lon="6.967723" lat="43.723539"><ele>796.75</ele></trkpt>
   <trkpt lon="6.967596" lat="43.723471"><ele>795.25</ele></trkpt>
   <trkpt lon="6.967529" lat="43.723415"><ele>794.75</ele></trkpt>
   <trkpt lon="6.967485" lat="43.723355"><ele>794.75</ele></trkpt>
   <trkpt lon="6.967462" lat="43.723293"><ele>794.25</ele></trkpt>
   <trkpt lon="6.967452" lat="43.723155"><ele>793.25</ele></trkpt>
   <trkpt lon="6.967465" lat="43.723057"><ele>793.5</ele></trkpt>
   <trkpt lon="6.967496" lat="43.722973"><ele>792.25</ele></trkpt>
   <trkpt lon="6.967551" lat="43.722903"><ele>791.5</ele></trkpt>
   <trkpt lon="6.967637" lat="43.722830"><ele>790.25</ele></trkpt>
   <trkpt lon="6.967699" lat="43.722800"><ele>790.0</ele></trkpt>
   <trkpt lon="6.967841" lat="43.722763"><ele>788.75</ele></trkpt>
   <trkpt lon="6.967939" lat="43.722757"><ele>788.0</ele></trkpt>
   <trkpt lon="6.968134" lat="43.722764"><ele>787.0</ele></trkpt>
   <trkpt lon="6.968680" lat="43.722839"><ele>786.0</ele><sym>pass_place</sym><type>Shaping</type></trkpt>
   <trkpt lon="6.968881" lat="43.722860"><ele>785.75</ele></trkpt>
   <trkpt lon="6.969059" lat="43.722867"><ele>785.0</ele></trkpt>
   <trkpt lon="6.969568" lat="43.722864"><ele>782.5</ele></trkpt>
   <trkpt lon="6.969838" lat="43.722880"><ele>782.0</ele></trkpt>
   <trkpt lon="6.970222" lat="43.722915"><ele>781.25</ele></trkpt>
   <trkpt lon="6.970921" lat="43.722963"><ele>778.75</ele></trkpt>
   <trkpt lon="6.971128" lat="43.722970"><ele>778.0</ele></trkpt>
   <trkpt lon="6.971460" lat="43.722935"><ele>776.0</ele></trkpt>
   <trkpt lon="6.971592" lat="43.722912"><ele>775.0</ele></trkpt>
   <trkpt lon="6.971736" lat="43.722881"><ele>773.75</ele></trkpt>
   <trkpt lon="6.972086" lat="43.722783"><ele>770.25</ele></trkpt>
   <trkpt lon="6.972180" lat="43.722762"><ele>770.0</ele></trkpt>
   <trkpt lon="6.972236" lat="43.722758"><ele>770.0</ele></trkpt>
   <trkpt lon="6.972375" lat="43.722761"><ele>769.0</ele></trkpt>
   <trkpt lon="6.972899" lat="43.722813"><ele>767.75</ele></trkpt>
   <trkpt lon="6.973028" lat="43.722809"><ele>767.25</ele></trkpt>
   <trkpt lon="6.973212" lat="43.722783"><ele>766.75</ele></trkpt>
   <trkpt lon="6.973426" lat="43.722735"><ele>766.0</ele></trkpt>
   <trkpt lon="6.973528" lat="43.722700"><ele>765.75</ele></trkpt>
   <trkpt lon="6.973608" lat="43.722660"><ele>765.25</ele></trkpt>
   <trkpt lon="6.973705" lat="43.722582"><ele>765.5</ele></trkpt>
   <trkpt lon="6.973759" lat="43.722500"><ele>765.0</ele></trkpt>
   <trkpt lon="6.974014" lat="43.721974"><ele>760.25</ele></trkpt>
   <trkpt lon="6.974041" lat="43.721905"><ele>759.5</ele></trkpt>
   <trkpt lon="6.974073" lat="43.721826"><ele>759.0</ele></trkpt>
   <trkpt lon="6.974171" lat="43.721620"><ele>758.5</ele></trkpt>
   <trkpt lon="6.974212" lat="43.721553"><ele>758.0</ele></trkpt>
   <trkpt lon="6.974285" lat="43.721486"><ele>757.5</ele></trkpt>
   <trkpt lon="6.974341" lat="43.721448"><ele>757.25</ele></trkpt>
   <trkpt lon="6.974407" lat="43.721416"><ele>757.0</ele></trkpt>
   <trkpt lon="6.974480" lat="43.721400"><ele>756.75</ele></trkpt>
   <trkpt lon="6.974560" lat="43.721396"><ele>755.75</ele></trkpt>
   <trkpt lon="6.974679" lat="43.721412"><ele>754.75</ele></trkpt>
   <trkpt lon="6.974890" lat="43.721485"><ele>752.75</ele></trkpt>
   <trkpt lon="6.975450" lat="43.721715"><ele>751.5</ele></trkpt>
   <trkpt lon="6.975650" lat="43.721762"><ele>751.75</ele></trkpt>
   <trkpt lon="6.975894" lat="43.721773"><ele>749.5</ele></trkpt>
   <trkpt lon="6.976026" lat="43.721760"><ele>748.25</ele></trkpt>
   <trkpt lon="6.976113" lat="43.721745"><ele>747.0</ele></trkpt>
   <trkpt lon="6.976307" lat="43.721695"><ele>744.75</ele></trkpt>
   <trkpt lon="6.976487" lat="43.721618"><ele>742.75</ele></trkpt>
   <trkpt lon="6.976861" lat="43.721427"><ele>739.25</ele></trkpt>
   <trkpt lon="6.976956" lat="43.721365"><ele>739.0</ele></trkpt>
   <trkpt lon="6.976998" lat="43.721320"><ele>739.25</ele><sym>roundabout_e3</sym></trkpt>
   <trkpt lon="6.976958" lat="43.721300"><ele>739.25</ele></trkpt>
   <trkpt lon="6.976940" lat="43.721268"><ele>739.25</ele></trkpt>
   <trkpt lon="6.976943" lat="43.721247"><ele>739.5</ele></trkpt>
   <trkpt lon="6.976971" lat="43.721218"><ele>739.5</ele></trkpt>
   <trkpt lon="6.977022" lat="43.721206"><ele>739.75</ele></trkpt>
   <trkpt lon="6.977073" lat="43.721220"><ele>739.75</ele></trkpt>
   <trkpt lon="6.977099" lat="43.721255"><ele>739.75</ele></trkpt>
   <trkpt lon="6.977099" lat="43.721275"><ele>739.5</ele></trkpt>
   <trkpt lon="6.977169" lat="43.721277"><ele>739.5</ele></trkpt>
   <trkpt lon="6.977270" lat="43.721268"><ele>739.75</ele></trkpt>
   <trkpt lon="6.977378" lat="43.721232"><ele>740.25</ele></trkpt>
   <trkpt lon="6.977647" lat="43.721086"><ele>742.25</ele></trkpt>
   <trkpt lon="6.977787" lat="43.720996"><ele>744.0</ele></trkpt>
   <trkpt lon="6.977836" lat="43.720945"><ele>744.75</ele></trkpt>
   <trkpt lon="6.978115" lat="43.720709"><ele>747.25</ele></trkpt>
   <trkpt lon="6.978360" lat="43.720482"><ele>751.5</ele></trkpt>
   <trkpt lon="6.978437" lat="43.720412"><ele>752.75</ele></trkpt>
   <trkpt lon="6.978468" lat="43.720382"><ele>753.5</ele></trkpt>
   <trkpt lon="6.978536" lat="43.720366"><ele>753.75</ele></trkpt>
   <trkpt lon="6.978649" lat="43.720368"><ele>753.5</ele><sym>right_slight</sym></trkpt>
   <trkpt lon="6.978677" lat="43.720342"><ele>754.25</ele></trkpt>
   <trkpt lon="6.978722" lat="43.720212"><ele>756.75</ele></trkpt>
   <trkpt lon="6.978723" lat="43.720183"><ele>757.25</ele></trkpt>
   <trkpt lon="6.978723" lat="43.720168"><ele>757.25</ele></trkpt>
   <trkpt lon="6.978765" lat="43.720080"><ele>758.25</ele></trkpt>
   <trkpt lon="6.978802" lat="43.720002"><ele>758.75</ele></trkpt>
   <trkpt lon="6.978818" lat="43.719975"><ele>758.25</ele></trkpt>
   <trkpt lon="6.978883" lat="43.719858"><ele>756.0</ele></trkpt>
   <trkpt lon="6.978922" lat="43.719789"><ele>753.25</ele><sym>right_slight</sym></trkpt>
   <trkpt lon="6.978932" lat="43.719757"><ele>752.25</ele></trkpt>
   <trkpt lon="6.978928" lat="43.719714"><ele>751.5</ele></trkpt>
   <trkpt lon="6.978884" lat="43.719591"><ele>749.25</ele></trkpt>
   <trkpt lon="6.978864" lat="43.719523"><ele>746.75</ele><sym>pass_place</sym><type>Shaping</type></trkpt>
   <trkpt lon="6.978864" lat="43.719523"><ele>746.75</ele></trkpt>
   <trkpt lon="6.978884" lat="43.719591"><ele>749.25</ele></trkpt>
   <trkpt lon="6.978928" lat="43.719714"><ele>751.5</ele></trkpt>
   <trkpt lon="6.978932" lat="43.719757"><ele>752.25</ele></trkpt>
   <trkpt lon="6.978922" lat="43.719789"><ele>753.25</ele></trkpt>
   <trkpt lon="6.978883" lat="43.719858"><ele>756.0</ele></trkpt>
   <trkpt lon="6.978818" lat="43.719975"><ele>758.25</ele></trkpt>
   <trkpt lon="6.978802" lat="43.720002"><ele>758.75</ele></trkpt>
   <trkpt lon="6.978765" lat="43.720080"><ele>758.25</ele></trkpt>
   <trkpt lon="6.978723" lat="43.720168"><ele>757.25</ele></trkpt>
   <trkpt lon="6.978723" lat="43.720183"><ele>757.25</ele></trkpt>
   <trkpt lon="6.978722" lat="43.720212"><ele>756.75</ele></trkpt>
   <trkpt lon="6.978677" lat="43.720342"><ele>754.25</ele></trkpt>
   <trkpt lon="6.978649" lat="43.720368"><ele>753.5</ele><sym>left_slight</sym></trkpt>
   <trkpt lon="6.978536" lat="43.720366"><ele>753.75</ele></trkpt>
   <trkpt lon="6.978468" lat="43.720382"><ele>753.5</ele></trkpt>
   <trkpt lon="6.978437" lat="43.720412"><ele>752.75</ele></trkpt>
   <trkpt lon="6.978360" lat="43.720482"><ele>751.5</ele></trkpt>
   <trkpt lon="6.978115" lat="43.720709"><ele>747.25</ele></trkpt>
   <trkpt lon="6.977836" lat="43.720945"><ele>744.75</ele></trkpt>
   <trkpt lon="6.977787" lat="43.720996"><ele>744.0</ele></trkpt>
   <trkpt lon="6.977647" lat="43.721086"><ele>742.25</ele></trkpt>
   <trkpt lon="6.977378" lat="43.721232"><ele>740.25</ele></trkpt>
   <trkpt lon="6.977270" lat="43.721268"><ele>739.75</ele></trkpt>
   <trkpt lon="6.977169" lat="43.721277"><ele>739.5</ele></trkpt>
   <trkpt lon="6.977099" lat="43.721275"><ele>739.5</ele><sym>roundabout_e1</sym></trkpt>
   <trkpt lon="6.977083" lat="43.721300"><ele>739.25</ele></trkpt>
   <trkpt lon="6.977068" lat="43.721310"><ele>739.25</ele></trkpt>
   <trkpt lon="6.977170" lat="43.721395"><ele>739.0</ele></trkpt>
   <trkpt lon="6.977189" lat="43.721411"><ele>739.0</ele></trkpt>
   <trkpt lon="6.977258" lat="43.721467"><ele>739.0</ele></trkpt>
   <trkpt lon="6.977277" lat="43.721484"><ele>739.25</ele></trkpt>
   <trkpt lon="6.977771" lat="43.721895"><ele>739.5</ele></trkpt>
   <trkpt lon="6.978143" lat="43.722205"><ele>740.0</ele></trkpt>
   <trkpt lon="6.978409" lat="43.722319"><ele>740.5</ele></trkpt>
   <trkpt lon="6.979178" lat="43.722418"><ele>739.75</ele></trkpt>
   <trkpt lon="6.979565" lat="43.722562"><ele>740.75</ele></trkpt>
   <trkpt lon="6.979933" lat="43.722737"><ele>740.5</ele></trkpt>
   <trkpt lon="6.981648" lat="43.724049"><ele>741.5</ele></trkpt>
   <trkpt lon="6.982426" lat="43.724716"><ele>746.5</ele></trkpt>
   <trkpt lon="6.982834" lat="43.725263"><ele>746.5</ele></trkpt>
   <trkpt lon="6.983110" lat="43.725501"><ele>746.0</ele></trkpt>
   <trkpt lon="6.983382" lat="43.725668"><ele>746.0</ele></trkpt>
   <trkpt lon="6.983789" lat="43.725769"><ele>744.25</ele></trkpt>
   <trkpt lon="6.984566" lat="43.725884"><ele>740.75</ele></trkpt>
   <trkpt lon="6.984805" lat="43.725919"><ele>739.5</ele></trkpt>
   <trkpt lon="6.985215" lat="43.725988"><ele>737.75</ele></trkpt>
   <trkpt lon="6.985312" lat="43.726017"><ele>737.5</ele></trkpt>
   <trkpt lon="6.985400" lat="43.726053"><ele>737.75</ele></trkpt>
   <trkpt lon="6.985496" lat="43.726126"><ele>739.0</ele></trkpt>
   <trkpt lon="6.986014" lat="43.726740"><ele>742.0</ele></trkpt>
   <trkpt lon="6.986137" lat="43.726838"><ele>742.25</ele></trkpt>
   <trkpt lon="6.986238" lat="43.726892"><ele>741.75</ele></trkpt>
   <trkpt lon="6.986761" lat="43.727126"><ele>738.25</ele></trkpt>
   <trkpt lon="6.986888" lat="43.727220"><ele>739.0</ele></trkpt>
   <trkpt lon="6.986961" lat="43.727294"><ele>738.25</ele></trkpt>
   <trkpt lon="6.987022" lat="43.727387"><ele>737.5</ele></trkpt>
   <trkpt lon="6.987368" lat="43.728086"><ele>738.25</ele></trkpt>
   <trkpt lon="6.987478" lat="43.728227"><ele>737.25</ele></trkpt>
   <trkpt lon="6.987578" lat="43.728341"><ele>736.25</ele></trkpt>
   <trkpt lon="6.987649" lat="43.728458"><ele>735.0</ele></trkpt>
   <trkpt lon="6.987684" lat="43.728585"><ele>734.75</ele></trkpt>
   <trkpt lon="6.987687" lat="43.728665"><ele>734.75</ele></trkpt>
   <trkpt lon="6.987669" lat="43.728917"><ele>735.0</ele></trkpt>
   <trkpt lon="6.987671" lat="43.729098"><ele>734.5</ele></trkpt>
   <trkpt lon="6.987942" lat="43.729825"><ele>725.25</ele></trkpt>
   <trkpt lon="6.987957" lat="43.729964"><ele>724.5</ele></trkpt>
   <trkpt lon="6.987919" lat="43.730483"><ele>726.0</ele></trkpt>
   <trkpt lon="6.987938" lat="43.730635"><ele>725.75</ele></trkpt>
   <trkpt lon="6.987989" lat="43.730788"><ele>724.25</ele></trkpt>
   <trkpt lon="6.988236" lat="43.731300"><ele>723.5</ele><sym>pass_place</sym><type>Shaping</type></trkpt>
   <trkpt lon="6.988237" lat="43.731303"><ele>723.5</ele></trkpt>
   <trkpt lon="6.988423" lat="43.731566"><ele>720.75</ele></trkpt>
   <trkpt lon="6.988632" lat="43.731824"><ele>720.25</ele></trkpt>
   <trkpt lon="6.988902" lat="43.732046"><ele>719.25</ele></trkpt>
   <trkpt lon="6.989109" lat="43.732179"><ele>719.25</ele></trkpt>
   <trkpt lon="6.990099" lat="43.732652"><ele>716.25</ele></trkpt>
   <trkpt lon="6.990218" lat="43.732734"><ele>716.0</ele></trkpt>
   <trkpt lon="6.990415" lat="43.732903"><ele>717.0</ele></trkpt>
   <trkpt lon="6.990518" lat="43.732956"><ele>716.0</ele></trkpt>
   <trkpt lon="6.991056" lat="43.733162"><ele>714.5</ele></trkpt>
   <trkpt lon="6.991624" lat="43.733450"><ele>716.0</ele></trkpt>
   <trkpt lon="6.991785" lat="43.733502"><ele>716.25</ele></trkpt>
   <trkpt lon="6.991919" lat="43.733524"><ele>715.5</ele></trkpt>
   <trkpt lon="6.992067" lat="43.733535"><ele>714.5</ele></trkpt>
   <trkpt lon="6.992736" lat="43.733506"><ele>712.0</ele></trkpt>
   <trkpt lon="6.992864" lat="43.733513"><ele>711.5</ele></trkpt>
   <trkpt lon="6.993001" lat="43.733541"><ele>711.0</ele></trkpt>
   <trkpt lon="6.993084" lat="43.733573"><ele>710.5</ele></trkpt>
   <trkpt lon="6.993173" lat="43.733626"><ele>709.75</ele></trkpt>
   <trkpt lon="6.993264" lat="43.733706"><ele>709.0</ele></trkpt>
   <trkpt lon="6.993349" lat="43.733840"><ele>708.5</ele></trkpt>
   <trkpt lon="6.993391" lat="43.733958"><ele>708.25</ele></trkpt>
   <trkpt lon="6.993419" lat="43.734073"><ele>707.75</ele></trkpt>
   <trkpt lon="6.993416" lat="43.734203"><ele>707.25</ele></trkpt>
   <trkpt lon="6.993393" lat="43.734339"><ele>707.25</ele></trkpt>
   <trkpt lon="6.993303" lat="43.734701"><ele>706.0</ele></trkpt>
   <trkpt lon="6.993269" lat="43.734974"><ele>704.25</ele></trkpt>
   <trkpt lon="6.993310" lat="43.735356"><ele>701.0</ele></trkpt>
   <trkpt lon="6.993363" lat="43.735741"><ele>700.5</ele></trkpt>
   <trkpt lon="6.993448" lat="43.736051"><ele>697.0</ele></trkpt>
   <trkpt lon="6.993471" lat="43.736200"><ele>695.5</ele></trkpt>
   <trkpt lon="6.993444" lat="43.736807"><ele>692.5</ele></trkpt>
   <trkpt lon="6.993470" lat="43.737021"><ele>691.0</ele></trkpt>
   <trkpt lon="6.993538" lat="43.737357"><ele>687.25</ele></trkpt>
   <trkpt lon="6.993587" lat="43.737979"><ele>684.5</ele></trkpt>
   <trkpt lon="6.993624" lat="43.738299"><ele>682.5</ele></trkpt>
   <trkpt lon="6.993607" lat="43.738439"><ele>681.75</ele></trkpt>
   <trkpt lon="6.993453" lat="43.738735"><ele>681.5</ele></trkpt>
   <trkpt lon="6.993423" lat="43.738813"><ele>681.0</ele></trkpt>
   <trkpt lon="6.993320" lat="43.739211"><ele>676.5</ele></trkpt>
   <trkpt lon="6.993245" lat="43.739357"><ele>675.5</ele></trkpt>
   <trkpt lon="6.993160" lat="43.739460"><ele>675.75</ele></trkpt>
   <trkpt lon="6.993063" lat="43.739514"><ele>676.75</ele></trkpt>
   <trkpt lon="6.992874" lat="43.739594"><ele>677.75</ele></trkpt>
   <trkpt lon="6.992840" lat="43.739617"><ele>677.75</ele></trkpt>
   <trkpt lon="6.992811" lat="43.739658"><ele>677.5</ele></trkpt>
   <trkpt lon="6.992806" lat="43.739683"><ele>677.25</ele></trkpt>
   <trkpt lon="6.992813" lat="43.739728"><ele>676.5</ele></trkpt>
   <trkpt lon="6.992857" lat="43.739776"><ele>675.0</ele></trkpt>
   <trkpt lon="6.992891" lat="43.739795"><ele>674.0</ele></trkpt>
   <trkpt lon="6.992935" lat="43.739806"><ele>673.0</ele></trkpt>
   <trkpt lon="6.992982" lat="43.739805"><ele>672.25</ele></trkpt>
   <trkpt lon="6.993028" lat="43.739798"><ele>671.75</ele></trkpt>
   <trkpt lon="6.993071" lat="43.739775"><ele>671.75</ele></trkpt>
   <trkpt lon="6.993189" lat="43.739648"><ele>672.5</ele></trkpt>
   <trkpt lon="6.993656" lat="43.739067"><ele>669.75</ele></trkpt>
   <trkpt lon="6.993737" lat="43.738943"><ele>669.75</ele></trkpt>
   <trkpt lon="6.994044" lat="43.738309"><ele>664.75</ele></trkpt>
   <trkpt lon="6.994074" lat="43.738219"><ele>663.25</ele></trkpt>
   <trkpt lon="6.994087" lat="43.738128"><ele>662.75</ele></trkpt>
   <trkpt lon="6.994071" lat="43.737703"><ele>663.25</ele></trkpt>
   <trkpt lon="6.994093" lat="43.737578"><ele>662.75</ele></trkpt>
   <trkpt lon="6.994180" lat="43.737319"><ele>660.75</ele></trkpt>
   <trkpt lon="6.994254" lat="43.737134"><ele>660.25</ele></trkpt>
   <trkpt lon="6.994307" lat="43.737043"><ele>659.75</ele></trkpt>
   <trkpt lon="6.994361" lat="43.736974"><ele>659.25</ele></trkpt>
   <trkpt lon="6.994461" lat="43.736888"><ele>658.75</ele></trkpt>
   <trkpt lon="6.994541" lat="43.736835"><ele>658.75</ele></trkpt>
   <trkpt lon="6.994998" lat="43.736574"><ele>658.5</ele></trkpt>
   <trkpt lon="6.995100" lat="43.736542"><ele>658.0</ele></trkpt>
   <trkpt lon="6.995205" lat="43.736549"><ele>656.75</ele></trkpt>
   <trkpt lon="6.995246" lat="43.736562"><ele>656.0</ele></trkpt>
   <trkpt lon="6.995280" lat="43.736591"><ele>655.25</ele></trkpt>
   <trkpt lon="6.995297" lat="43.736626"><ele>654.0</ele></trkpt>
   <trkpt lon="6.995290" lat="43.736686"><ele>653.25</ele></trkpt>
   <trkpt lon="6.995260" lat="43.736741"><ele>653.0</ele></trkpt>
   <trkpt lon="6.994789" lat="43.737316"><ele>648.75</ele></trkpt>
   <trkpt lon="6.994554" lat="43.737615"><ele>647.5</ele></trkpt>
   <trkpt lon="6.994509" lat="43.737695"><ele>647.0</ele></trkpt>
   <trkpt lon="6.994492" lat="43.737756"><ele>646.5</ele><sym>pass_place</sym><type>Shaping</type></trkpt>
   <trkpt lon="6.994482" lat="43.737837"><ele>646.5</ele></trkpt>
   <trkpt lon="6.994513" lat="43.737974"><ele>645.5</ele></trkpt>
   <trkpt lon="6.994609" lat="43.738221"><ele>643.5</ele></trkpt>
   <trkpt lon="6.994611" lat="43.738312"><ele>643.75</ele></trkpt>
   <trkpt lon="6.994585" lat="43.738387"><ele>643.0</ele></trkpt>
   <trkpt lon="6.994454" lat="43.738584"><ele>641.25</ele></trkpt>
   <trkpt lon="6.994408" lat="43.738720"><ele>640.25</ele></trkpt>
   <trkpt lon="6.994344" lat="43.739728"><ele>631.75</ele></trkpt>
   <trkpt lon="6.994324" lat="43.739928"><ele>630.5</ele></trkpt>
   <trkpt lon="6.994292" lat="43.740076"><ele>629.0</ele></trkpt>
   <trkpt lon="6.994256" lat="43.740181"><ele>627.75</ele></trkpt>
   <trkpt lon="6.994143" lat="43.740326"><ele>627.5</ele></trkpt>
   <trkpt lon="6.993989" lat="43.740437"><ele>628.5</ele></trkpt>
   <trkpt lon="6.993832" lat="43.740489"><ele>630.25</ele></trkpt>
   <trkpt lon="6.993597" lat="43.740524"><ele>632.25</ele></trkpt>
   <trkpt lon="6.993524" lat="43.740562"><ele>630.5</ele></trkpt>
   <trkpt lon="6.993505" lat="43.740598"><ele>629.75</ele></trkpt>
   <trkpt lon="6.993509" lat="43.740648"><ele>629.0</ele></trkpt>
   <trkpt lon="6.993537" lat="43.740689"><ele>628.5</ele></trkpt>
   <trkpt lon="6.993566" lat="43.740704"><ele>628.5</ele></trkpt>
   <trkpt lon="6.993615" lat="43.740710"><ele>628.5</ele></trkpt>
   <trkpt lon="6.993682" lat="43.740706"><ele>627.75</ele></trkpt>
   <trkpt lon="6.993795" lat="43.740673"><ele>626.5</ele></trkpt>
   <trkpt lon="6.994199" lat="43.740491"><ele>621.5</ele></trkpt>
   <trkpt lon="6.994307" lat="43.740424"><ele>619.5</ele></trkpt>
   <trkpt lon="6.994379" lat="43.740359"><ele>619.25</ele></trkpt>
   <trkpt lon="6.994640" lat="43.739997"><ele>618.25</ele></trkpt>
   <trkpt lon="6.994665" lat="43.739927"><ele>617.5</ele></trkpt>
   <trkpt lon="6.994671" lat="43.739872"><ele>617.5</ele></trkpt>
   <trkpt lon="6.994651" lat="43.739678"><ele>619.25</ele></trkpt>
   <trkpt lon="6.994738" lat="43.739251"><ele>618.0</ele></trkpt>
   <trkpt lon="6.994766" lat="43.739173"><ele>618.25</ele></trkpt>
   <trkpt lon="6.994807" lat="43.739107"><ele>619.0</ele></trkpt>
   <trkpt lon="6.994908" lat="43.739034"><ele>619.0</ele></trkpt>
   <trkpt lon="6.995038" lat="43.738996"><ele>619.5</ele></trkpt>
   <trkpt lon="6.995225" lat="43.739004"><ele>621.25</ele></trkpt>
   <trkpt lon="6.995441" lat="43.739071"><ele>618.5</ele></trkpt>
   <trkpt lon="6.995630" lat="43.739200"><ele>613.75</ele></trkpt>
   <trkpt lon="6.995903" lat="43.739487"><ele>612.5</ele></trkpt>
   <trkpt lon="6.995944" lat="43.739599"><ele>613.5</ele></trkpt>
   <trkpt lon="6.995915" lat="43.739662"><ele>614.0</ele></trkpt>
   <trkpt lon="6.995842" lat="43.739716"><ele>614.75</ele></trkpt>
   <trkpt lon="6.995776" lat="43.739739"><ele>614.5</ele></trkpt>
   <trkpt lon="6.995698" lat="43.739740"><ele>614.0</ele></trkpt>
   <trkpt lon="6.995603" lat="43.739713"><ele>614.0</ele></trkpt>
   <trkpt lon="6.995193" lat="43.739508"><ele>612.5</ele></trkpt>
   <trkpt lon="6.995059" lat="43.739507"><ele>611.5</ele></trkpt>
   <trkpt lon="6.994979" lat="43.739538"><ele>611.25</ele></trkpt>
   <trkpt lon="6.994948" lat="43.739615"><ele>611.25</ele></trkpt>
   <trkpt lon="6.995017" lat="43.739882"><ele>607.0</ele></trkpt>
   <trkpt lon="6.995025" lat="43.739968"><ele>606.0</ele></trkpt>
   <trkpt lon="6.994977" lat="43.740088"><ele>605.5</ele></trkpt>
   <trkpt lon="6.994569" lat="43.740759"><ele>601.5</ele></trkpt>
   <trkpt lon="6.994441" lat="43.740983"><ele>601.25</ele></trkpt>
   <trkpt lon="6.994251" lat="43.741390"><ele>598.75</ele></trkpt>
   <trkpt lon="6.994004" lat="43.741994"><ele>594.25</ele></trkpt>
   <trkpt lon="6.993826" lat="43.742366"><ele>591.75</ele></trkpt>
   <trkpt lon="6.993657" lat="43.742661"><ele>590.75</ele></trkpt>
   <trkpt lon="6.993588" lat="43.742848"><ele>590.0</ele></trkpt>
   <trkpt lon="6.993428" lat="43.743347"><ele>587.5</ele></trkpt>
   <trkpt lon="6.993397" lat="43.743423"><ele>586.75</ele></trkpt>
   <trkpt lon="6.993342" lat="43.743526"><ele>585.75</ele></trkpt>
   <trkpt lon="6.993247" lat="43.743657"><ele>585.25</ele></trkpt>
   <trkpt lon="6.993002" lat="43.743950"><ele>583.5</ele></trkpt>
   <trkpt lon="6.992863" lat="43.744159"><ele>583.25</ele></trkpt>
   <trkpt lon="6.992490" lat="43.744836"><ele>577.75</ele></trkpt>
   <trkpt lon="6.992412" lat="43.744942"><ele>577.25</ele></trkpt>
   <trkpt lon="6.992287" lat="43.745034"><ele>577.25</ele></trkpt>
   <trkpt lon="6.992161" lat="43.745092"><ele>577.0</ele></trkpt>
   <trkpt lon="6.992019" lat="43.745133"><ele>576.75</ele></trkpt>
   <trkpt lon="6.991592" lat="43.745215"><ele>576.0</ele></trkpt>
   <trkpt lon="6.991481" lat="43.745250"><ele>575.5</ele></trkpt>
   <trkpt lon="6.991264" lat="43.745357"><ele>574.5</ele></trkpt>
   <trkpt lon="6.991213" lat="43.745397"><ele>574.0</ele></trkpt>
   <trkpt lon="6.991172" lat="43.745449"><ele>573.75</ele></trkpt>
   <trkpt lon="6.991136" lat="43.745524"><ele>573.25</ele></trkpt>
   <trkpt lon="6.991133" lat="43.745571"><ele>573.5</ele></trkpt>
   <trkpt lon="6.991147" lat="43.745622"><ele>573.25</ele></trkpt>
   <trkpt lon="6.991187" lat="43.745671"><ele>572.5</ele></trkpt>
   <trkpt lon="6.991319" lat="43.745826"><ele>570.25</ele></trkpt>
   <trkpt lon="6.991418" lat="43.745930"><ele>569.0</ele></trkpt>
   <trkpt lon="6.991646" lat="43.746252"><ele>566.75</ele></trkpt>
   <trkpt lon="6.991792" lat="43.746537"><ele>565.0</ele></trkpt>
   <trkpt lon="6.991816" lat="43.746927"><ele>561.25</ele></trkpt>
   <trkpt lon="6.991761" lat="43.747230"><ele>559.0</ele></trkpt>
   <trkpt lon="6.991728" lat="43.747349"><ele>558.5</ele><sym>pass_place</sym><type>Shaping</type></trkpt>
   <trkpt lon="6.991728" lat="43.747350"><ele>558.5</ele></trkpt>
   <trkpt lon="6.991683" lat="43.747465"><ele>558.0</ele></trkpt>
   <trkpt lon="6.991502" lat="43.747697"><ele>558.0</ele></trkpt>
   <trkpt lon="6.991143" lat="43.748021"><ele>557.5</ele></trkpt>
   <trkpt lon="6.990762" lat="43.748308"><ele>554.25</ele></trkpt>
   <trkpt lon="6.990664" lat="43.748427"><ele>553.5</ele></trkpt>
   <trkpt lon="6.990420" lat="43.748837"><ele>552.0</ele></trkpt>
   <trkpt lon="6.990416" lat="43.748961"><ele>551.25</ele></trkpt>
   <trkpt lon="6.990464" lat="43.749131"><ele>549.75</ele></trkpt>
   <trkpt lon="6.990526" lat="43.749234"><ele>549.25</ele></trkpt>
   <trkpt lon="6.990573" lat="43.749298"><ele>549.25</ele></trkpt>
   <trkpt lon="6.990652" lat="43.749374"><ele>548.25</ele></trkpt>
   <trkpt lon="6.990853" lat="43.749542"><ele>545.0</ele></trkpt>
   <trkpt lon="6.990926" lat="43.749631"><ele>544.5</ele></trkpt>
   <trkpt lon="6.991028" lat="43.749823"><ele>543.75</ele></trkpt>
   <trkpt lon="6.991132" lat="43.750108"><ele>541.25</ele></trkpt>
   <trkpt lon="6.991213" lat="43.750422"><ele>537.75</ele></trkpt>
   <trkpt lon="6.991229" lat="43.750565"><ele>536.75</ele></trkpt>
   <trkpt lon="6.991218" lat="43.750627"><ele>536.25</ele></trkpt>
   <trkpt lon="6.991173" lat="43.750703"><ele>536.25</ele></trkpt>
   <trkpt lon="6.991062" lat="43.750816"><ele>537.25</ele></trkpt>
   <trkpt lon="6.990498" lat="43.751294"><ele>535.25</ele></trkpt>
   <trkpt lon="6.990448" lat="43.751362"><ele>534.5</ele></trkpt>
   <trkpt lon="6.990432" lat="43.751445"><ele>533.75</ele></trkpt>
   <trkpt lon="6.990479" lat="43.752042"><ele>527.25</ele></trkpt>
   <trkpt lon="6.990475" lat="43.752158"><ele>526.25</ele></trkpt>
   <trkpt lon="6.990387" lat="43.752318"><ele>525.75</ele></trkpt>
   <trkpt lon="6.989889" lat="43.752997"><ele>524.5</ele></trkpt>
   <trkpt lon="6.989846" lat="43.753151"><ele>522.5</ele></trkpt>
   <trkpt lon="6.989854" lat="43.753297"><ele>519.25</ele></trkpt>
   <trkpt lon="6.989818" lat="43.753409"><ele>518.0</ele></trkpt>
   <trkpt lon="6.989709" lat="43.753586"><ele>517.75</ele></trkpt>
   <trkpt lon="6.989534" lat="43.753784"><ele>518.75</ele></trkpt>
   <trkpt lon="6.989501" lat="43.753857"><ele>518.5</ele></trkpt>
   <trkpt lon="6.989484" lat="43.753918"><ele>518.0</ele></trkpt>
   <trkpt lon="6.989471" lat="43.754346"><ele>513.0</ele></trkpt>
   <trkpt lon="6.989264" lat="43.755204"><ele>510.75</ele></trkpt>
   <trkpt lon="6.989292" lat="43.755649"><ele>507.25</ele></trkpt>
   <trkpt lon="6.989312" lat="43.755939"><ele>504.25</ele></trkpt>
   <trkpt lon="6.989259" lat="43.756326"><ele>504.5</ele></trkpt>
   <trkpt lon="6.989283" lat="43.756491"><ele>504.0</ele></trkpt>
   <trkpt lon="6.989371" lat="43.756753"><ele>500.75</ele></trkpt>
   <trkpt lon="6.989453" lat="43.756874"><ele>497.5</ele></trkpt>
   <trkpt lon="6.989484" lat="43.756950"><ele>497.0</ele></trkpt>
   <trkpt lon="6.989500" lat="43.757262"><ele>499.0</ele></trkpt>
   <trkpt lon="6.989699" lat="43.757926"><ele>497.25</ele></trkpt>
   <trkpt lon="6.989857" lat="43.758281"><ele>491.5</ele></trkpt>
   <trkpt lon="6.989878" lat="43.758390"><ele>490.75</ele></trkpt>
   <trkpt lon="6.989862" lat="43.758555"><ele>492.25</ele></trkpt>
   <trkpt lon="6.989857" lat="43.758738"><ele>492.25</ele></trkpt>
   <trkpt lon="6.989878" lat="43.758986"><ele>490.25</ele></trkpt>
   <trkpt lon="6.989945" lat="43.759299"><ele>486.25</ele></trkpt>
   <trkpt lon="6.989957" lat="43.759529"><ele>485.75</ele></trkpt>
   <trkpt lon="6.990035" lat="43.759754"><ele>481.0</ele></trkpt>
   <trkpt lon="6.990031" lat="43.759839"><ele>481.0</ele></trkpt>
   <trkpt lon="6.989974" lat="43.760020"><ele>483.0</ele></trkpt>
   <trkpt lon="6.989835" lat="43.760350"><ele>481.75</ele></trkpt>
   <trkpt lon="6.989737" lat="43.760501"><ele>479.0</ele></trkpt>
   <trkpt lon="6.989699" lat="43.760552"><ele>478.0</ele></trkpt>
   <trkpt lon="6.989651" lat="43.760596"><ele>477.75</ele></trkpt>
   <trkpt lon="6.989595" lat="43.760631"><ele>477.75</ele></trkpt>
   <trkpt lon="6.989540" lat="43.760656"><ele>477.75</ele></trkpt>
   <trkpt lon="6.989285" lat="43.760721"><ele>480.75</ele></trkpt>
   <trkpt lon="6.989259" lat="43.760749"><ele>479.25</ele><sym>pass_place</sym><type>Shaping</type></trkpt>
   <trkpt lon="6.989259" lat="43.760750"><ele>479.25</ele></trkpt>
   <trkpt lon="6.989261" lat="43.760824"><ele>473.25</ele><sym>right_sharp</sym></trkpt>
   <trkpt lon="6.989351" lat="43.760810"><ele>472.0</ele></trkpt>
   <trkpt lon="6.989613" lat="43.760709"><ele>472.75</ele></trkpt>
   <trkpt lon="6.989796" lat="43.760615"><ele>472.5</ele></trkpt>
   <trkpt lon="6.989936" lat="43.760488"><ele>473.0</ele></trkpt>
   <trkpt lon="6.990069" lat="43.760293"><ele>473.75</ele></trkpt>
   <trkpt lon="6.990152" lat="43.760118"><ele>473.0</ele></trkpt>
   <trkpt lon="6.990217" lat="43.759888"><ele>471.75</ele></trkpt>
   <trkpt lon="6.990235" lat="43.759718"><ele>471.0</ele></trkpt>
   <trkpt lon="6.990180" lat="43.759409"><ele>473.75</ele></trkpt>
   <trkpt lon="6.990167" lat="43.759267"><ele>474.0</ele></trkpt>
   <trkpt lon="6.990168" lat="43.759036"><ele>473.75</ele></trkpt>
   <trkpt lon="6.990147" lat="43.758696"><ele>475.0</ele></trkpt>
   <trkpt lon="6.990155" lat="43.758309"><ele>473.25</ele></trkpt>
   <trkpt lon="6.990108" lat="43.757792"><ele>472.0</ele></trkpt>
   <trkpt lon="6.990037" lat="43.756729"><ele>468.5</ele></trkpt>
   <trkpt lon="6.990105" lat="43.756187"><ele>466.25</ele></trkpt>
   <trkpt lon="6.990240" lat="43.755753"><ele>464.25</ele></trkpt>
   <trkpt lon="6.990284" lat="43.755670"><ele>464.25</ele></trkpt>
   <trkpt lon="6.990505" lat="43.755447"><ele>462.25</ele></trkpt>
   <trkpt lon="6.990748" lat="43.755239"><ele>460.75</ele></trkpt>
   <trkpt lon="6.990849" lat="43.755092"><ele>461.0</ele></trkpt>
   <trkpt lon="6.990908" lat="43.754941"><ele>462.0</ele></trkpt>
   <trkpt lon="6.990932" lat="43.754845"><ele>462.25</ele></trkpt>
   <trkpt lon="6.990933" lat="43.754284"><ele>465.25</ele></trkpt>
   <trkpt lon="6.990985" lat="43.754103"><ele>466.0</ele></trkpt>
   <trkpt lon="6.991646" lat="43.753115"><ele>460.5</ele></trkpt>
   <trkpt lon="6.991780" lat="43.752975"><ele>461.0</ele></trkpt>
   <trkpt lon="6.991917" lat="43.752873"><ele>461.5</ele></trkpt>
   <trkpt lon="6.992780" lat="43.752329"><ele>455.25</ele></trkpt>
   <trkpt lon="6.992948" lat="43.752267"><ele>455.25</ele></trkpt>
   <trkpt lon="6.993212" lat="43.752182"><ele>452.75</ele></trkpt>
   <trkpt lon="6.993323" lat="43.752119"><ele>452.75</ele></trkpt>
   <trkpt lon="6.993389" lat="43.752063"><ele>453.25</ele></trkpt>
   <trkpt lon="6.993436" lat="43.751963"><ele>455.25</ele></trkpt>
   <trkpt lon="6.993452" lat="43.751883"><ele>454.75</ele></trkpt>
   <trkpt lon="6.993377" lat="43.751102"><ele>449.5</ele></trkpt>
   <trkpt lon="6.993384" lat="43.751038"><ele>450.25</ele></trkpt>
   <trkpt lon="6.993411" lat="43.750959"><ele>450.75</ele></trkpt>
   <trkpt lon="6.993472" lat="43.750859"><ele>450.0</ele></trkpt>
   <trkpt lon="6.993589" lat="43.750752"><ele>449.5</ele></trkpt>
   <trkpt lon="6.993663" lat="43.750699"><ele>449.75</ele></trkpt>
   <trkpt lon="6.993783" lat="43.750655"><ele>449.0</ele></trkpt>
   <trkpt lon="6.994118" lat="43.750580"><ele>444.5</ele></trkpt>
   <trkpt lon="6.994645" lat="43.750495"><ele>442.75</ele></trkpt>
   <trkpt lon="6.994861" lat="43.750470"><ele>444.75</ele></trkpt>
   <trkpt lon="6.994993" lat="43.750467"><ele>445.5</ele></trkpt>
   <trkpt lon="6.995078" lat="43.750480"><ele>446.0</ele></trkpt>
   <trkpt lon="6.995717" lat="43.750697"><ele>439.0</ele></trkpt>
   <trkpt lon="6.995801" lat="43.750714"><ele>438.0</ele></trkpt>
   <trkpt lon="6.995890" lat="43.750720"><ele>436.5</ele></trkpt>
   <trkpt lon="6.996016" lat="43.750703"><ele>434.75</ele></trkpt>
   <trkpt lon="6.996163" lat="43.750642"><ele>433.0</ele></trkpt>
   <trkpt lon="6.996221" lat="43.750606"><ele>432.0</ele></trkpt>
   <trkpt lon="6.996290" lat="43.750546"><ele>430.5</ele></trkpt>
   <trkpt lon="6.996319" lat="43.750510"><ele>429.75</ele></trkpt>
   <trkpt lon="6.996358" lat="43.750417"><ele>429.5</ele></trkpt>
   <trkpt lon="6.996433" lat="43.750011"><ele>429.5</ele></trkpt>
   <trkpt lon="6.996503" lat="43.749517"><ele>428.25</ele></trkpt>
   <trkpt lon="6.996528" lat="43.749274"><ele>427.0</ele></trkpt>
   <trkpt lon="6.996490" lat="43.749014"><ele>426.75</ele></trkpt>
   <trkpt lon="6.996390" lat="43.748605"><ele>427.75</ele></trkpt>
   <trkpt lon="6.996380" lat="43.748509"><ele>428.75</ele></trkpt>
   <trkpt lon="6.996401" lat="43.748396"><ele>428.25</ele></trkpt>
   <trkpt lon="6.996440" lat="43.748310"><ele>427.0</ele></trkpt>
   <trkpt lon="6.996487" lat="43.748240"><ele>425.75</ele></trkpt>
   <trkpt lon="6.996539" lat="43.748181"><ele>424.25</ele></trkpt>
   <trkpt lon="6.996604" lat="43.748133"><ele>422.25</ele></trkpt>
   <trkpt lon="6.996693" lat="43.748079"><ele>419.75</ele></trkpt>
   <trkpt lon="6.997348" lat="43.747946"><ele>409.0</ele><sym>pass_place</sym><type>Shaping</type></trkpt>
   <trkpt lon="6.997355" lat="43.747945"><ele>409.0</ele></trkpt>
   <trkpt lon="6.997537" lat="43.747847"><ele>408.0</ele></trkpt>
   <trkpt lon="6.997564" lat="43.747830"><ele>408.0</ele></trkpt>
   <trkpt lon="6.997672" lat="43.747748"><ele>408.5</ele></trkpt>
   <trkpt lon="6.997713" lat="43.747704"><ele>409.0</ele></trkpt>
   <trkpt lon="6.997861" lat="43.747474"><ele>412.0</ele></trkpt>
   <trkpt lon="6.998258" lat="43.746856"><ele>423.25</ele></trkpt>
   <trkpt lon="6.998346" lat="43.746712"><ele>421.75</ele></trkpt>
   <trkpt lon="6.998403" lat="43.746595"><ele>416.5</ele></trkpt>
   <trkpt lon="6.998495" lat="43.746305"><ele>411.0</ele></trkpt>
   <trkpt lon="6.998653" lat="43.746087"><ele>402.0</ele></trkpt>
   <trkpt lon="6.998711" lat="43.745978"><ele>401.25</ele></trkpt>
   <trkpt lon="6.998773" lat="43.745628"><ele>403.0</ele></trkpt>
   <trkpt lon="6.998847" lat="43.745283"><ele>400.0</ele></trkpt>
   <trkpt lon="6.998982" lat="43.744992"><ele>393.0</ele></trkpt>
   <trkpt lon="6.999041" lat="43.744838"><ele>391.25</ele></trkpt>
   <trkpt lon="6.999059" lat="43.744681"><ele>392.75</ele></trkpt>
   <trkpt lon="6.999072" lat="43.744352"><ele>392.75</ele></trkpt>
   <trkpt lon="6.999090" lat="43.744273"><ele>390.0</ele></trkpt>
   <trkpt lon="6.999164" lat="43.744096"><ele>382.0</ele></trkpt>
   <trkpt lon="6.999170" lat="43.744054"><ele>381.75</ele></trkpt>
   <trkpt lon="6.999167" lat="43.744011"><ele>381.75</ele></trkpt>
   <trkpt lon="6.999113" lat="43.743898"><ele>385.75</ele></trkpt>
   <trkpt lon="6.999032" lat="43.743767"><ele>389.5</ele></trkpt>
   <trkpt lon="6.999011" lat="43.743713"><ele>390.5</ele></trkpt>
   <trkpt lon="6.999001" lat="43.743624"><ele>390.0</ele></trkpt>
   <trkpt lon="6.999033" lat="43.743496"><ele>386.0</ele></trkpt>
   <trkpt lon="6.999080" lat="43.743378"><ele>381.0</ele></trkpt>
   <trkpt lon="6.999105" lat="43.743259"><ele>380.0</ele></trkpt>
   <trkpt lon="6.999068" lat="43.742986"><ele>392.25</ele></trkpt>
   <trkpt lon="6.999078" lat="43.742924"><ele>395.0</ele></trkpt>
   <trkpt lon="6.999099" lat="43.742878"><ele>395.75</ele></trkpt>
   <trkpt lon="6.999135" lat="43.742834"><ele>395.25</ele></trkpt>
   <trkpt lon="6.999220" lat="43.742792"><ele>388.75</ele></trkpt>
   <trkpt lon="6.999660" lat="43.742639"><ele>375.75</ele></trkpt>
   <trkpt lon="6.999713" lat="43.742581"><ele>372.0</ele></trkpt>
   <trkpt lon="6.999978" lat="43.742114"><ele>377.5</ele></trkpt>
   <trkpt lon="7.000094" lat="43.741977"><ele>381.0</ele></trkpt>
   <trkpt lon="7.000225" lat="43.741879"><ele>388.5</ele></trkpt>
   <trkpt lon="7.000245" lat="43.741869"><ele>390.0</ele></trkpt>
   <trkpt lon="7.000384" lat="43.741788"><ele>400.75</ele></trkpt>
   <trkpt lon="7.000413" lat="43.741763"><ele>403.5</ele></trkpt>
   <trkpt lon="7.000465" lat="43.741674"><ele>407.5</ele></trkpt>
   <trkpt lon="7.000520" lat="43.741481"><ele>410.0</ele></trkpt>
   <trkpt lon="7.000548" lat="43.741329"><ele>408.75</ele></trkpt>
   <trkpt lon="7.000574" lat="43.741191"><ele>405.75</ele></trkpt>
   <trkpt lon="7.000611" lat="43.741102"><ele>406.75</ele></trkpt>
   <trkpt lon="7.000686" lat="43.741009"><ele>414.25</ele></trkpt>
   <trkpt lon="7.000727" lat="43.740908"><ele>416.75</ele></trkpt>
   <trkpt lon="7.000713" lat="43.740806"><ele>410.5</ele></trkpt>
   <trkpt lon="7.000627" lat="43.740662"><ele>392.5</ele></trkpt>
   <trkpt lon="7.000608" lat="43.740557"><ele>386.5</ele></trkpt>
   <trkpt lon="7.000629" lat="43.740277"><ele>382.25</ele></trkpt>
   <trkpt lon="7.000673" lat="43.739918"><ele>378.5</ele></trkpt>
   <trkpt lon="7.000661" lat="43.739583"><ele>374.0</ele></trkpt>
   <trkpt lon="7.000610" lat="43.739180"><ele>373.25</ele></trkpt>
   <trkpt lon="7.000553" lat="43.738927"><ele>371.0</ele></trkpt>
   <trkpt lon="7.000535" lat="43.738780"><ele>373.5</ele></trkpt>
   <trkpt lon="7.000510" lat="43.738619"><ele>371.5</ele></trkpt>
   <trkpt lon="7.000405" lat="43.737821"><ele>362.0</ele></trkpt>
   <trkpt lon="7.000321" lat="43.737302"><ele>356.0</ele></trkpt>
   <trkpt lon="7.000236" lat="43.736848"><ele>350.5</ele></trkpt>
   <trkpt lon="7.000064" lat="43.736540"><ele>346.5</ele></trkpt>
   <trkpt lon="6.999876" lat="43.736325"><ele>343.75</ele></trkpt>
   <trkpt lon="6.999579" lat="43.736122"><ele>340.25</ele></trkpt>
   <trkpt lon="6.999191" lat="43.735930"><ele>336.25</ele></trkpt>
   <trkpt lon="6.999057" lat="43.735842"><ele>336.25</ele></trkpt>
   <trkpt lon="6.998998" lat="43.735786"><ele>334.25</ele></trkpt>
   <trkpt lon="6.998926" lat="43.735703"><ele>331.5</ele></trkpt>
   <trkpt lon="6.998827" lat="43.735542"><ele>328.5</ele></trkpt>
   <trkpt lon="6.998808" lat="43.735421"><ele>328.0</ele></trkpt>
   <trkpt lon="6.998841" lat="43.735298"><ele>330.0</ele></trkpt>
   <trkpt lon="6.998918" lat="43.735129"><ele>329.75</ele></trkpt>
   <trkpt lon="6.998975" lat="43.734966"><ele>330.75</ele></trkpt>
   <trkpt lon="6.999004" lat="43.734883"><ele>333.0</ele></trkpt>
   <trkpt lon="6.999022" lat="43.734694"><ele>334.0</ele></trkpt>
   <trkpt lon="6.999019" lat="43.734255"><ele>324.75</ele></trkpt>
   <trkpt lon="6.999004" lat="43.734134"><ele>321.5</ele></trkpt>
   <trkpt lon="6.998933" lat="43.733941"><ele>316.5</ele></trkpt>
   <trkpt lon="6.998930" lat="43.733910"><ele>316.25</ele></trkpt>
   <trkpt lon="6.998945" lat="43.733836"><ele>317.0</ele></trkpt>
   <trkpt lon="6.999046" lat="43.733568"><ele>322.25</ele></trkpt>
   <trkpt lon="6.999059" lat="43.733452"><ele>322.0</ele></trkpt>
   <trkpt lon="6.999035" lat="43.733254"><ele>319.5</ele></trkpt>
   <trkpt lon="6.998975" lat="43.732823"><ele>320.0</ele><sym>pass_place</sym><type>Shaping</type></trkpt>
   <trkpt lon="6.998834" lat="43.732361"><ele>315.75</ele></trkpt>
   <trkpt lon="6.998766" lat="43.732258"><ele>312.5</ele></trkpt>
   <trkpt lon="6.998706" lat="43.732141"><ele>311.0</ele></trkpt>
   <trkpt lon="6.998695" lat="43.732053"><ele>312.75</ele></trkpt>
   <trkpt lon="6.998655" lat="43.731970"><ele>312.75</ele></trkpt>
   <trkpt lon="6.998517" lat="43.731783"><ele>311.0</ele></trkpt>
   <trkpt lon="6.998487" lat="43.731706"><ele>311.75</ele></trkpt>
   <trkpt lon="6.998448" lat="43.731418"><ele>315.0</ele></trkpt>
   <trkpt lon="6.998166" lat="43.730897"><ele>307.5</ele></trkpt>
   <trkpt lon="6.997775" lat="43.730458"><ele>301.75</ele></trkpt>
   <trkpt lon="6.997646" lat="43.730302"><ele>297.75</ele></trkpt>
   <trkpt lon="6.997577" lat="43.730118"><ele>297.25</ele></trkpt>
   <trkpt lon="6.997512" lat="43.729945"><ele>296.25</ele></trkpt>
   <trkpt lon="6.997135" lat="43.728956"><ele>292.25</ele></trkpt>
   <trkpt lon="6.997025" lat="43.728296"><ele>287.0</ele></trkpt>
   <trkpt lon="6.996997" lat="43.727679"><ele>280.0</ele></trkpt>
   <trkpt lon="6.997061" lat="43.727573"><ele>280.0</ele></trkpt>
   <trkpt lon="6.997303" lat="43.727368"><ele>283.75</ele></trkpt>
   <trkpt lon="6.997415" lat="43.727256"><ele>286.0</ele></trkpt>
   <trkpt lon="6.997423" lat="43.727135"><ele>284.5</ele></trkpt>
   <trkpt lon="6.997381" lat="43.727018"><ele>281.75</ele></trkpt>
   <trkpt lon="6.997242" lat="43.726879"><ele>276.0</ele></trkpt>
   <trkpt lon="6.997139" lat="43.726656"><ele>279.5</ele></trkpt>
   <trkpt lon="6.996992" lat="43.726110"><ele>275.5</ele></trkpt>
   <trkpt lon="6.996825" lat="43.725840"><ele>271.75</ele></trkpt>
   <trkpt lon="6.996572" lat="43.725573"><ele>271.5</ele></trkpt>
   <trkpt lon="6.995938" lat="43.725179"><ele>264.75</ele></trkpt>
   <trkpt lon="6.995385" lat="43.724640"><ele>263.5</ele></trkpt>
   <trkpt lon="6.995000" lat="43.724276"><ele>260.25</ele></trkpt>
   <trkpt lon="6.994861" lat="43.724174"><ele>257.75</ele></trkpt>
   <trkpt lon="6.994788" lat="43.724088"><ele>256.25</ele></trkpt>
   <trkpt lon="6.994718" lat="43.723984"><ele>255.0</ele></trkpt>
   <trkpt lon="6.994685" lat="43.723883"><ele>255.5</ele></trkpt>
   <trkpt lon="6.994682" lat="43.723018"><ele>251.5</ele></trkpt>
   <trkpt lon="6.994631" lat="43.722925"><ele>252.75</ele></trkpt>
   <trkpt lon="6.994412" lat="43.722627"><ele>254.75</ele></trkpt>
   <trkpt lon="6.994333" lat="43.722481"><ele>256.5</ele></trkpt>
   <trkpt lon="6.993811" lat="43.721847"><ele>247.75</ele></trkpt>
   <trkpt lon="6.993655" lat="43.721647"><ele>244.0</ele></trkpt>
   <trkpt lon="6.993560" lat="43.721526"><ele>240.5</ele></trkpt>
   <trkpt lon="6.993498" lat="43.721414"><ele>238.0</ele></trkpt>
   <trkpt lon="6.993483" lat="43.721350"><ele>236.5</ele></trkpt>
   <trkpt lon="6.993482" lat="43.721262"><ele>234.5</ele></trkpt>
   <trkpt lon="6.993490" lat="43.721207"><ele>233.5</ele></trkpt>
   <trkpt lon="6.993521" lat="43.721162"><ele>234.0</ele></trkpt>
   <trkpt lon="6.993705" lat="43.720975"><ele>234.0</ele></trkpt>
   <trkpt lon="6.994344" lat="43.720532"><ele>231.5</ele></trkpt>
   <trkpt lon="6.994465" lat="43.720439"><ele>232.25</ele></trkpt>
   <trkpt lon="6.994501" lat="43.720385"><ele>231.5</ele></trkpt>
   <trkpt lon="6.994509" lat="43.720349"><ele>230.75</ele></trkpt>
   <trkpt lon="6.994502" lat="43.720313"><ele>229.5</ele></trkpt>
   <trkpt lon="6.994469" lat="43.720234"><ele>229.5</ele></trkpt>
   <trkpt lon="6.994405" lat="43.720169"><ele>231.25</ele></trkpt>
   <trkpt lon="6.994323" lat="43.720142"><ele>231.0</ele></trkpt>
   <trkpt lon="6.994246" lat="43.720136"><ele>230.0</ele></trkpt>
   <trkpt lon="6.994063" lat="43.720156"><ele>225.5</ele></trkpt>
   <trkpt lon="6.993544" lat="43.720230"><ele>214.0</ele></trkpt>
   <trkpt lon="6.993449" lat="43.720211"><ele>213.0</ele></trkpt>
   <trkpt lon="6.993376" lat="43.720172"><ele>212.25</ele></trkpt>
   <trkpt lon="6.993320" lat="43.720062"><ele>212.0</ele></trkpt>
   <trkpt lon="6.993363" lat="43.719814"><ele>214.0</ele></trkpt>
   <trkpt lon="6.993255" lat="43.719397"><ele>209.25</ele></trkpt>
   <trkpt lon="6.993256" lat="43.718989"><ele>208.0</ele></trkpt>
   <trkpt lon="6.993248" lat="43.718899"><ele>207.5</ele><sym>pass_place</sym><type>Shaping</type></trkpt>
   <trkpt lon="6.993248" lat="43.718895"><ele>207.5</ele></trkpt>
   <trkpt lon="6.993214" lat="43.718782"><ele>207.0</ele></trkpt>
   <trkpt lon="6.993121" lat="43.718629"><ele>205.5</ele></trkpt>
   <trkpt lon="6.992930" lat="43.718431"><ele>202.5</ele></trkpt>
   <trkpt lon="6.992637" lat="43.718194"><ele>200.25</ele></trkpt>
   <trkpt lon="6.992354" lat="43.717961"><ele>198.0</ele></trkpt>
   <trkpt lon="6.992326" lat="43.717918"><ele>197.75</ele></trkpt>
   <trkpt lon="6.992310" lat="43.717872"><ele>197.75</ele></trkpt>
   <trkpt lon="6.992307" lat="43.717832"><ele>198.0</ele></trkpt>
   <trkpt lon="6.992309" lat="43.717684"><ele>198.75</ele></trkpt>
   <trkpt lon="6.992298" lat="43.717633"><ele>198.75</ele></trkpt>
   <trkpt lon="6.992262" lat="43.717578"><ele>198.25</ele></trkpt>
   <trkpt lon="6.992129" lat="43.717520"><ele>196.25</ele></trkpt>
   <trkpt lon="6.992044" lat="43.717504"><ele>194.75</ele><sym>right</sym></trkpt>
   <trkpt lon="6.992017" lat="43.717619"><ele>194.0</ele></trkpt>
   <trkpt lon="6.992015" lat="43.717685"><ele>194.0</ele></trkpt>
   <trkpt lon="6.992028" lat="43.717747"><ele>194.0</ele></trkpt>
   <trkpt lon="6.992104" lat="43.717967"><ele>194.25</ele></trkpt>
   <trkpt lon="6.992174" lat="43.718119"><ele>194.25</ele></trkpt>
   <trkpt lon="6.992262" lat="43.718314"><ele>193.75</ele></trkpt>
   <trkpt lon="6.992679" lat="43.719229"><ele>190.0</ele></trkpt>
   <trkpt lon="6.992714" lat="43.719331"><ele>190.5</ele></trkpt>
   <trkpt lon="6.992735" lat="43.719393"><ele>190.75</ele></trkpt>
   <trkpt lon="6.992754" lat="43.719533"><ele>191.25</ele></trkpt>
   <trkpt lon="6.992751" lat="43.719566"><ele>191.25</ele></trkpt>
   <trkpt lon="6.992699" lat="43.719662"><ele>189.75</ele></trkpt>
   <trkpt lon="6.992646" lat="43.719715"><ele>188.5</ele></trkpt>
   <trkpt lon="6.992585" lat="43.719754"><ele>187.25</ele></trkpt>
   <trkpt lon="6.992482" lat="43.719799"><ele>185.5</ele></trkpt>
   <trkpt lon="6.992418" lat="43.719812"><ele>185.0</ele></trkpt>
   <trkpt lon="6.992339" lat="43.719828"><ele>184.5</ele></trkpt>
   <trkpt lon="6.992129" lat="43.719836"><ele>183.25</ele></trkpt>
   <trkpt lon="6.992008" lat="43.719840"><ele>182.25</ele></trkpt>
   <trkpt lon="6.991975" lat="43.719841"><ele>182.25</ele></trkpt>
   <trkpt lon="6.991903" lat="43.719835"><ele>182.25</ele></trkpt>
   <trkpt lon="6.991810" lat="43.719829"><ele>183.75</ele></trkpt>
   <trkpt lon="6.991740" lat="43.719813"><ele>184.75</ele></trkpt>
   <trkpt lon="6.991685" lat="43.719802"><ele>185.5</ele></trkpt>
   <trkpt lon="6.991577" lat="43.719761"><ele>187.0</ele></trkpt>
   <trkpt lon="6.991487" lat="43.719712"><ele>187.75</ele></trkpt>
   <trkpt lon="6.991324" lat="43.719576"><ele>187.5</ele></trkpt>
   <trkpt lon="6.991218" lat="43.719491"><ele>187.75</ele></trkpt>
   <trkpt lon="6.990501" lat="43.718904"><ele>188.0</ele></trkpt>
   <trkpt lon="6.990442" lat="43.718829"><ele>188.0</ele></trkpt>
   <trkpt lon="6.990295" lat="43.718633"><ele>186.25</ele></trkpt>
   <trkpt lon="6.989906" lat="43.718290"><ele>189.75</ele></trkpt>
   <trkpt lon="6.989861" lat="43.718195"><ele>192.25</ele></trkpt>
   <trkpt lon="6.989861" lat="43.718095"><ele>192.75</ele></trkpt>
   <trkpt lon="6.989905" lat="43.717897"><ele>192.5</ele></trkpt>
   <trkpt lon="6.989920" lat="43.717764"><ele>193.25</ele></trkpt>
   <trkpt lon="6.989895" lat="43.717603"><ele>195.25</ele></trkpt>
   <trkpt lon="6.989839" lat="43.717420"><ele>197.75</ele></trkpt>
   <trkpt lon="6.989762" lat="43.717219"><ele>199.25</ele></trkpt>
   <trkpt lon="6.989626" lat="43.716841"><ele>200.0</ele></trkpt>
   <trkpt lon="6.989542" lat="43.716610"><ele>200.75</ele></trkpt>
   <trkpt lon="6.989518" lat="43.716544"><ele>201.0</ele></trkpt>
   <trkpt lon="6.989491" lat="43.716465"><ele>201.5</ele></trkpt>
   <trkpt lon="6.989386" lat="43.716141"><ele>203.0</ele></trkpt>
   <trkpt lon="6.989324" lat="43.715963"><ele>203.25</ele></trkpt>
   <trkpt lon="6.989284" lat="43.715850"><ele>203.25</ele></trkpt>
   <trkpt lon="6.989212" lat="43.715715"><ele>203.25</ele></trkpt>
   <trkpt lon="6.989124" lat="43.715606"><ele>203.75</ele></trkpt>
   <trkpt lon="6.988913" lat="43.715385"><ele>205.25</ele></trkpt>
   <trkpt lon="6.988809" lat="43.715263"><ele>205.75</ele></trkpt>
   <trkpt lon="6.988773" lat="43.715191"><ele>206.5</ele></trkpt>
   <trkpt lon="6.988762" lat="43.715077"><ele>206.25</ele></trkpt>
   <trkpt lon="6.988795" lat="43.714953"><ele>205.75</ele></trkpt>
   <trkpt lon="6.988828" lat="43.714888"><ele>206.0</ele></trkpt>
   <trkpt lon="6.988924" lat="43.714743"><ele>205.75</ele></trkpt>
   <trkpt lon="6.989003" lat="43.714600"><ele>204.5</ele></trkpt>
   <trkpt lon="6.989022" lat="43.714504"><ele>204.5</ele></trkpt>
   <trkpt lon="6.989016" lat="43.714434"><ele>204.5</ele></trkpt>
   <trkpt lon="6.988992" lat="43.714367"><ele>204.5</ele></trkpt>
   <trkpt lon="6.988944" lat="43.714296"><ele>204.75</ele></trkpt>
   <trkpt lon="6.988859" lat="43.714213"><ele>205.75</ele></trkpt>
   <trkpt lon="6.988745" lat="43.714149"><ele>206.5</ele></trkpt>
   <trkpt lon="6.988649" lat="43.714118"><ele>207.0</ele></trkpt>
   <trkpt lon="6.988530" lat="43.714097"><ele>208.0</ele></trkpt>
   <trkpt lon="6.988242" lat="43.714083"><ele>211.25</ele></trkpt>
   <trkpt lon="6.988088" lat="43.714067"><ele>212.75</ele></trkpt>
   <trkpt lon="6.987946" lat="43.714044"><ele>214.75</ele></trkpt>
   <trkpt lon="6.987721" lat="43.713942"><ele>216.25</ele></trkpt>
   <trkpt lon="6.987613" lat="43.713877"><ele>216.5</ele></trkpt>
   <trkpt lon="6.987036" lat="43.713534"><ele>216.25</ele></trkpt>
   <trkpt lon="6.986884" lat="43.713469"><ele>216.0</ele></trkpt>
   <trkpt lon="6.986717" lat="43.713429"><ele>216.25</ele></trkpt>
   <trkpt lon="6.986075" lat="43.713326"><ele>217.0</ele></trkpt>
   <trkpt lon="6.985797" lat="43.713284"><ele>218.5</ele></trkpt>
   <trkpt lon="6.985558" lat="43.713244"><ele>223.25</ele></trkpt>
   <trkpt lon="6.985430" lat="43.713209"><ele>225.0</ele></trkpt>
   <trkpt lon="6.985355" lat="43.713168"><ele>225.0</ele></trkpt>
   <trkpt lon="6.985301" lat="43.713117"><ele>223.5</ele></trkpt>
   <trkpt lon="6.985258" lat="43.713063"><ele>221.75</ele></trkpt>
   <trkpt lon="6.985230" lat="43.713006"><ele>221.25</ele></trkpt>
   <trkpt lon="6.985219" lat="43.712940"><ele>220.5</ele></trkpt>
   <trkpt lon="6.985227" lat="43.712881"><ele>220.25</ele></trkpt>
   <trkpt lon="6.985272" lat="43.712801"><ele>220.25</ele></trkpt>
   <trkpt lon="6.985311" lat="43.712749"><ele>220.25</ele></trkpt>
   <trkpt lon="6.985350" lat="43.712713"><ele>220.0</ele></trkpt>
   <trkpt lon="6.985413" lat="43.712669"><ele>220.25</ele></trkpt>
   <trkpt lon="6.985501" lat="43.712636"><ele>221.0</ele></trkpt>
   <trkpt lon="6.985619" lat="43.712615"><ele>221.0</ele></trkpt>
   <trkpt lon="6.985754" lat="43.712607"><ele>220.5</ele></trkpt>
   <trkpt lon="6.985947" lat="43.712610"><ele>219.25</ele></trkpt>
   <trkpt lon="6.986050" lat="43.712598"><ele>219.25</ele></trkpt>
   <trkpt lon="6.986266" lat="43.712531"><ele>221.25</ele></trkpt>
   <trkpt lon="6.986862" lat="43.712331"><ele>224.5</ele></trkpt>
   <trkpt lon="6.987124" lat="43.712204"><ele>227.0</ele></trkpt>
   <trkpt lon="6.987475" lat="43.711952"><ele>231.75</ele></trkpt>
   <trkpt lon="6.987641" lat="43.711862"><ele>233.0</ele><sym>pass_place</sym><type>Shaping</type></trkpt>
   <trkpt lon="6.987792" lat="43.711809"><ele>233.25</ele></trkpt>
   <trkpt lon="6.988226" lat="43.711682"><ele>232.75</ele></trkpt>
   <trkpt lon="6.988339" lat="43.711629"><ele>232.75</ele></trkpt>
   <trkpt lon="6.988421" lat="43.711573"><ele>232.5</ele></trkpt>
   <trkpt lon="6.988495" lat="43.711504"><ele>232.75</ele></trkpt>
   <trkpt lon="6.988566" lat="43.711405"><ele>233.5</ele></trkpt>
   <trkpt lon="6.988986" lat="43.710576"><ele>242.0</ele></trkpt>
   <trkpt lon="6.989083" lat="43.710194"><ele>243.75</ele></trkpt>
   <trkpt lon="6.989563" lat="43.709113"><ele>247.75</ele></trkpt>
   <trkpt lon="6.989590" lat="43.709008"><ele>247.75</ele></trkpt>
   <trkpt lon="6.989594" lat="43.708916"><ele>248.0</ele></trkpt>
   <trkpt lon="6.989551" lat="43.708575"><ele>249.0</ele></trkpt>
   <trkpt lon="6.989571" lat="43.708449"><ele>250.25</ele></trkpt>
   <trkpt lon="6.989606" lat="43.708331"><ele>251.5</ele></trkpt>
   <trkpt lon="6.989740" lat="43.708077"><ele>252.25</ele></trkpt>
   <trkpt lon="6.989766" lat="43.708028"><ele>253.0</ele></trkpt>
   <trkpt lon="6.990287" lat="43.707046"><ele>259.25</ele></trkpt>
   <trkpt lon="6.990480" lat="43.706667"><ele>262.0</ele></trkpt>
   <trkpt lon="6.990586" lat="43.706507"><ele>261.75</ele></trkpt>
   <trkpt lon="6.990674" lat="43.706415"><ele>262.25</ele></trkpt>
   <trkpt lon="6.990750" lat="43.706352"><ele>262.75</ele></trkpt>
   <trkpt lon="6.991074" lat="43.706139"><ele>264.25</ele></trkpt>
   <trkpt lon="6.991176" lat="43.706046"><ele>265.0</ele></trkpt>
   <trkpt lon="6.991222" lat="43.705969"><ele>265.5</ele></trkpt>
   <trkpt lon="6.991257" lat="43.705857"><ele>266.5</ele></trkpt>
   <trkpt lon="6.991284" lat="43.705500"><ele>267.75</ele></trkpt>
   <trkpt lon="6.991372" lat="43.704738"><ele>272.0</ele></trkpt>
   <trkpt lon="6.991402" lat="43.704512"><ele>273.25</ele></trkpt>
   <trkpt lon="6.991406" lat="43.704446"><ele>273.5</ele></trkpt>
   <trkpt lon="6.991399" lat="43.704311"><ele>274.25</ele></trkpt>
   <trkpt lon="6.991376" lat="43.704169"><ele>275.0</ele></trkpt>
   <trkpt lon="6.991334" lat="43.704014"><ele>275.5</ele></trkpt>
   <trkpt lon="6.991261" lat="43.703814"><ele>276.0</ele></trkpt>
   <trkpt lon="6.991193" lat="43.703688"><ele>276.5</ele></trkpt>
   <trkpt lon="6.991133" lat="43.703599"><ele>277.25</ele></trkpt>
   <trkpt lon="6.990924" lat="43.703371"><ele>278.25</ele></trkpt>
   <trkpt lon="6.990850" lat="43.703295"><ele>278.75</ele></trkpt>
   <trkpt lon="6.990537" lat="43.702972"><ele>281.25</ele></trkpt>
   <trkpt lon="6.990495" lat="43.702920"><ele>282.0</ele></trkpt>
   <trkpt lon="6.990462" lat="43.702844"><ele>281.75</ele></trkpt>
   <trkpt lon="6.990442" lat="43.702781"><ele>281.5</ele></trkpt>
   <trkpt lon="6.990434" lat="43.702745"><ele>282.25</ele></trkpt>
   <trkpt lon="6.990434" lat="43.702737"><ele>282.25</ele></trkpt>
   <trkpt lon="6.990440" lat="43.702674"><ele>282.75</ele></trkpt>
   <trkpt lon="6.990456" lat="43.702628"><ele>283.0</ele><sym>right_slight</sym></trkpt>
   <trkpt lon="6.990411" lat="43.702600"><ele>284.0</ele></trkpt>
   <trkpt lon="6.990387" lat="43.702576"><ele>284.5</ele></trkpt>
   <trkpt lon="6.990361" lat="43.702527"><ele>285.25</ele></trkpt>
   <trkpt lon="6.990318" lat="43.702473"><ele>286.75</ele></trkpt>
   <trkpt lon="6.990278" lat="43.702443"><ele>288.5</ele></trkpt>
   <trkpt lon="6.990218" lat="43.702428"><ele>290.0</ele></trkpt>
   <trkpt lon="6.990151" lat="43.702425"><ele>291.25</ele><sym>right_slight</sym></trkpt>
   <trkpt lon="6.990082" lat="43.702454"><ele>291.0</ele></trkpt>
   <trkpt lon="6.990051" lat="43.702480"><ele>290.75</ele></trkpt>
   <trkpt lon="6.990030" lat="43.702542"><ele>291.0</ele></trkpt>
   <trkpt lon="6.990030" lat="43.702589"><ele>291.5</ele></trkpt>
   <trkpt lon="6.990040" lat="43.702628"><ele>291.75</ele></trkpt>
   <trkpt lon="6.990152" lat="43.702878"><ele>291.75</ele></trkpt>
   <trkpt lon="6.990226" lat="43.703181"><ele>293.0</ele><sym>left_slight</sym></trkpt>
   <trkpt lon="6.990272" lat="43.703604"><ele>293.0</ele></trkpt>
   <trkpt lon="6.990267" lat="43.703761"><ele>293.5</ele></trkpt>
   <trkpt lon="6.990243" lat="43.703869"><ele>294.5</ele></trkpt>
   <trkpt lon="6.990170" lat="43.703980"><ele>295.0</ele></trkpt>
   <trkpt lon="6.990047" lat="43.704066"><ele>296.75</ele></trkpt>
   <trkpt lon="6.989892" lat="43.704119"><ele>299.5</ele></trkpt>
   <trkpt lon="6.989700" lat="43.704124"><ele>303.5</ele></trkpt>
   <trkpt lon="6.989533" lat="43.704074"><ele>306.25</ele></trkpt>
   <trkpt lon="6.989431" lat="43.704009"><ele>307.75</ele></trkpt>
   <trkpt lon="6.989350" lat="43.703923"><ele>309.5</ele></trkpt>
   <trkpt lon="6.989282" lat="43.703795"><ele>310.75</ele></trkpt>
   <trkpt lon="6.989225" lat="43.703414"><ele>314.25</ele></trkpt>
   <trkpt lon="6.989112" lat="43.703131"><ele>319.25</ele></trkpt>
   <trkpt lon="6.988847" lat="43.702742"><ele>325.5</ele></trkpt>
   <trkpt lon="6.988749" lat="43.702646"><ele>327.0</ele></trkpt>
   <trkpt lon="6.988722" lat="43.702614"><ele>327.5</ele></trkpt>
   <trkpt lon="6.988602" lat="43.702456"><ele>329.75</ele></trkpt>
   <trkpt lon="6.988520" lat="43.702381"><ele>331.75</ele></trkpt>
   <trkpt lon="6.988497" lat="43.702328"><ele>332.0</ele></trkpt>
   <trkpt lon="6.988486" lat="43.702263"><ele>331.75</ele></trkpt>
   <trkpt lon="6.988508" lat="43.702204"><ele>330.75</ele></trkpt>
   <trkpt lon="6.988571" lat="43.702108"><ele>329.0</ele></trkpt>
   <trkpt lon="6.988598" lat="43.702040"><ele>328.75</ele></trkpt>
   <trkpt lon="6.988581" lat="43.701892"><ele>331.5</ele></trkpt>
   <trkpt lon="6.988577" lat="43.701833"><ele>333.5</ele></trkpt>
   <trkpt lon="6.988588" lat="43.701787"><ele>334.5</ele></trkpt>
   <trkpt lon="6.988647" lat="43.701735"><ele>335.0</ele></trkpt>
   <trkpt lon="6.988719" lat="43.701705"><ele>334.75</ele></trkpt>
   <trkpt lon="6.988794" lat="43.701684"><ele>334.0</ele></trkpt>
   <trkpt lon="6.988959" lat="43.701651"><ele>333.25</ele></trkpt>
   <trkpt lon="6.989121" lat="43.701630"><ele>333.5</ele></trkpt>
   <trkpt lon="6.989214" lat="43.701592"><ele>334.0</ele></trkpt>
   <trkpt lon="6.989248" lat="43.701486"><ele>335.75</ele><sym>right_slight</sym></trkpt>
   <trkpt lon="6.989153" lat="43.701340"><ele>336.5</ele></trkpt>
   <trkpt lon="6.989127" lat="43.701283"><ele>336.25</ele><sym>right_sharp</sym></trkpt>
   <trkpt lon="6.988934" lat="43.701441"><ele>337.5</ele><sym>pass_place</sym><type>Shaping</type></trkpt>
   <trkpt lon="6.988934" lat="43.701441"><ele>337.5</ele></trkpt>
   <trkpt lon="6.989127" lat="43.701283"><ele>336.25</ele><sym>right</sym></trkpt>
   <trkpt lon="6.989056" lat="43.701235"><ele>336.0</ele></trkpt>
   <trkpt lon="6.988777" lat="43.701139"><ele>335.5</ele></trkpt>
   <trkpt lon="6.988495" lat="43.701003"><ele>333.25</ele></trkpt>
   <trkpt lon="6.988407" lat="43.700938"><ele>332.75</ele></trkpt>
   <trkpt lon="6.988223" lat="43.700829"><ele>331.5</ele></trkpt>
   <trkpt lon="6.988032" lat="43.700743"><ele>330.25</ele></trkpt>
   <trkpt lon="6.987835" lat="43.700637"><ele>329.75</ele></trkpt>
   <trkpt lon="6.987653" lat="43.700453"><ele>330.0</ele></trkpt>
   <trkpt lon="6.987623" lat="43.700431"><ele>330.25</ele></trkpt>
   <trkpt lon="6.987469" lat="43.700320"><ele>330.0</ele></trkpt>
   <trkpt lon="6.987279" lat="43.700214"><ele>330.5</ele></trkpt>
   <trkpt lon="6.987161" lat="43.700167"><ele>330.25</ele></trkpt>
   <trkpt lon="6.986933" lat="43.700074"><ele>329.5</ele></trkpt>
   <trkpt lon="6.986573" lat="43.699898"><ele>329.75</ele></trkpt>
   <trkpt lon="6.986557" lat="43.699891"><ele>329.75</ele></trkpt>
   <trkpt lon="6.986469" lat="43.699839"><ele>329.5</ele></trkpt>
   <trkpt lon="6.986396" lat="43.699781"><ele>329.0</ele></trkpt>
   <trkpt lon="6.986374" lat="43.699745"><ele>328.5</ele></trkpt>
   <trkpt lon="6.986301" lat="43.699678"><ele>328.5</ele></trkpt>
   <trkpt lon="6.985793" lat="43.699231"><ele>329.25</ele></trkpt>
   <trkpt lon="6.985693" lat="43.699109"><ele>328.5</ele></trkpt>
   <trkpt lon="6.985547" lat="43.698978"><ele>329.25</ele></trkpt>
   <trkpt lon="6.985357" lat="43.698828"><ele>328.25</ele></trkpt>
   <trkpt lon="6.984956" lat="43.698566"><ele>327.5</ele></trkpt>
   <trkpt lon="6.984502" lat="43.698304"><ele>326.5</ele></trkpt>
   <trkpt lon="6.984411" lat="43.698259"><ele>326.75</ele></trkpt>
   <trkpt lon="6.983909" lat="43.698056"><ele>325.75</ele></trkpt>
   <trkpt lon="6.983601" lat="43.697977"><ele>325.0</ele></trkpt>
   <trkpt lon="6.983435" lat="43.697969"><ele>324.25</ele></trkpt>
   <trkpt lon="6.983285" lat="43.697987"><ele>324.0</ele></trkpt>
   <trkpt lon="6.983043" lat="43.698051"><ele>323.5</ele></trkpt>
   <trkpt lon="6.982473" lat="43.698217"><ele>322.75</ele></trkpt>
   <trkpt lon="6.982280" lat="43.698279"><ele>323.0</ele></trkpt>
   <trkpt lon="6.982112" lat="43.698341"><ele>323.25</ele></trkpt>
   <trkpt lon="6.982061" lat="43.698366"><ele>323.5</ele><sym>left_slight</sym></trkpt>
   <trkpt lon="6.982016" lat="43.698391"><ele>323.75</ele></trkpt>
   <trkpt lon="6.981971" lat="43.698396"><ele>323.5</ele></trkpt>
   <trkpt lon="6.981910" lat="43.698395"><ele>323.5</ele></trkpt>
   <trkpt lon="6.981877" lat="43.698380"><ele>323.0</ele></trkpt>
   <trkpt lon="6.981848" lat="43.698367"><ele>322.75</ele><sym>right_slight</sym></trkpt>
   <trkpt lon="6.981677" lat="43.698415"><ele>323.75</ele></trkpt>
   <trkpt lon="6.981578" lat="43.698436"><ele>323.5</ele></trkpt>
   <trkpt lon="6.981404" lat="43.698475"><ele>323.5</ele></trkpt>
   <trkpt lon="6.981152" lat="43.698557"><ele>323.75</ele></trkpt>
   <trkpt lon="6.980928" lat="43.698615"><ele>324.25</ele></trkpt>
   <trkpt lon="6.980711" lat="43.698658"><ele>325.0</ele><sym>left</sym></trkpt>
   <trkpt lon="6.980639" lat="43.698512"><ele>322.25</ele></trkpt>
   <trkpt lon="6.980637" lat="43.698416"><ele>320.5</ele></trkpt>
   <trkpt lon="6.980748" lat="43.698344"><ele>319.75</ele></trkpt>
   <trkpt lon="6.980769" lat="43.698307"><ele>318.75</ele></trkpt>
   <trkpt lon="6.980748" lat="43.698263"><ele>317.25</ele></trkpt>
   <trkpt lon="6.980651" lat="43.698229"><ele>316.0</ele></trkpt>
   <trkpt lon="6.980277" lat="43.698140"><ele>313.75</ele></trkpt>
   <trkpt lon="6.980007" lat="43.698038"><ele>313.5</ele></trkpt>
   <trkpt lon="6.979875" lat="43.697984"><ele>311.75</ele></trkpt>
   <trkpt lon="6.979918" lat="43.697932"><ele>310.5</ele><sym>right</sym></trkpt>
   <trkpt lon="6.979709" lat="43.697841"><ele>307.25</ele></trkpt>
   <trkpt lon="6.979532" lat="43.697745"><ele>309.0</ele></trkpt>
   <trkpt lon="6.979343" lat="43.697623"><ele>311.0</ele></trkpt>
   <trkpt lon="6.979170" lat="43.697483"><ele>313.0</ele></trkpt>
   <trkpt lon="6.979015" lat="43.697322"><ele>315.25</ele></trkpt>
   <trkpt lon="6.978891" lat="43.697152"><ele>317.5</ele></trkpt>
   <trkpt lon="6.978810" lat="43.697015"><ele>319.25</ele></trkpt>
   <trkpt lon="6.978674" lat="43.696760"><ele>319.25</ele></trkpt>
   <trkpt lon="6.978635" lat="43.696592"><ele>324.75</ele></trkpt>
   <trkpt lon="6.978636" lat="43.696413"><ele>329.75</ele></trkpt>
   <trkpt lon="6.978694" lat="43.696220"><ele>331.25</ele></trkpt>
   <trkpt lon="6.978819" lat="43.696001"><ele>330.0</ele></trkpt>
   <trkpt lon="6.979289" lat="43.695389"><ele>321.5</ele></trkpt>
   <trkpt lon="6.979473" lat="43.695067"><ele>322.25</ele></trkpt>
   <trkpt lon="6.979522" lat="43.694743"><ele>324.5</ele></trkpt>
   <trkpt lon="6.979600" lat="43.694344"><ele>325.75</ele></trkpt>
   <trkpt lon="6.979691" lat="43.694140"><ele>324.75</ele></trkpt>
   <trkpt lon="6.979841" lat="43.693937"><ele>324.75</ele></trkpt>
   <trkpt lon="6.980210" lat="43.693465"><ele>327.0</ele></trkpt>
   <trkpt lon="6.980656" lat="43.692920"><ele>324.0</ele><sym>pass_place</sym><type>Shaping</type></trkpt>
   <trkpt lon="6.980993" lat="43.692488"><ele>327.25</ele></trkpt>
   <trkpt lon="6.981187" lat="43.692064"><ele>326.5</ele></trkpt>
   <trkpt lon="6.981235" lat="43.691834"><ele>327.0</ele></trkpt>
   <trkpt lon="6.981221" lat="43.691692"><ele>328.75</ele></trkpt>
   <trkpt lon="6.981204" lat="43.691639"><ele>329.25</ele></trkpt>
   <trkpt lon="6.981147" lat="43.691466"><ele>331.0</ele></trkpt>
   <trkpt lon="6.980795" lat="43.690744"><ele>334.0</ele></trkpt>
   <trkpt lon="6.980727" lat="43.690470"><ele>332.75</ele></trkpt>
   <trkpt lon="6.980737" lat="43.690242"><ele>332.5</ele></trkpt>
   <trkpt lon="6.980760" lat="43.690035"><ele>335.25</ele></trkpt>
   <trkpt lon="6.980812" lat="43.689819"><ele>336.75</ele></trkpt>
   <trkpt lon="6.981019" lat="43.689254"><ele>339.0</ele></trkpt>
   <trkpt lon="6.981065" lat="43.688966"><ele>340.0</ele></trkpt>
   <trkpt lon="6.981042" lat="43.688786"><ele>342.0</ele></trkpt>
   <trkpt lon="6.980957" lat="43.688534"><ele>344.0</ele></trkpt>
   <trkpt lon="6.980787" lat="43.688243"><ele>341.5</ele></trkpt>
   <trkpt lon="6.980060" lat="43.687254"><ele>344.5</ele></trkpt>
   <trkpt lon="6.979898" lat="43.686900"><ele>348.25</ele></trkpt>
   <trkpt lon="6.979746" lat="43.686445"><ele>347.25</ele><sym>right_slight</sym></trkpt>
   <trkpt lon="6.979643" lat="43.686356"><ele>349.75</ele></trkpt>
   <trkpt lon="6.979482" lat="43.686099"><ele>351.0</ele></trkpt>
   <trkpt lon="6.979347" lat="43.685902"><ele>352.75</ele></trkpt>
   <trkpt lon="6.979240" lat="43.685768"><ele>354.25</ele></trkpt>
   <trkpt lon="6.979164" lat="43.685522"><ele>355.5</ele></trkpt>
   <trkpt lon="6.979115" lat="43.685423"><ele>355.0</ele></trkpt>
   <trkpt lon="6.978821" lat="43.685281"><ele>359.25</ele></trkpt>
   <trkpt lon="6.978460" lat="43.685150"><ele>360.75</ele></trkpt>
   <trkpt lon="6.978369" lat="43.685132"><ele>361.25</ele></trkpt>
   <trkpt lon="6.978180" lat="43.685135"><ele>364.0</ele></trkpt>
   <trkpt lon="6.978108" lat="43.685112"><ele>364.5</ele></trkpt>
   <trkpt lon="6.978004" lat="43.685007"><ele>364.75</ele></trkpt>
   <trkpt lon="6.977934" lat="43.684897"><ele>365.75</ele></trkpt>
   <trkpt lon="6.977818" lat="43.684845"><ele>368.0</ele></trkpt>
   <trkpt lon="6.977689" lat="43.684812"><ele>370.25</ele></trkpt>
   <trkpt lon="6.977629" lat="43.684778"><ele>370.5</ele></trkpt>
   <trkpt lon="6.977451" lat="43.684725"><ele>372.5</ele></trkpt>
   <trkpt lon="6.977222" lat="43.684635"><ele>374.5</ele></trkpt>
   <trkpt lon="6.977140" lat="43.684581"><ele>376.0</ele></trkpt>
   <trkpt lon="6.977119" lat="43.684558"><ele>376.25</ele></trkpt>
   <trkpt lon="6.977055" lat="43.684398"><ele>375.5</ele></trkpt>
   <trkpt lon="6.977025" lat="43.684351"><ele>376.5</ele></trkpt>
   <trkpt lon="6.976893" lat="43.684243"><ele>380.25</ele></trkpt>
   <trkpt lon="6.976719" lat="43.684143"><ele>382.75</ele></trkpt>
   <trkpt lon="6.976645" lat="43.684110"><ele>383.75</ele></trkpt>
   <trkpt lon="6.976554" lat="43.684081"><ele>385.0</ele></trkpt>
   <trkpt lon="6.976500" lat="43.684049"><ele>385.5</ele></trkpt>
   <trkpt lon="6.976307" lat="43.683957"><ele>387.5</ele></trkpt>
   <trkpt lon="6.976274" lat="43.683930"><ele>387.75</ele></trkpt>
   <trkpt lon="6.976203" lat="43.683836"><ele>388.25</ele></trkpt>
   <trkpt lon="6.976160" lat="43.683736"><ele>388.5</ele></trkpt>
   <trkpt lon="6.976074" lat="43.683588"><ele>389.5</ele></trkpt>
   <trkpt lon="6.976024" lat="43.683523"><ele>390.25</ele></trkpt>
   <trkpt lon="6.975978" lat="43.683475"><ele>391.0</ele></trkpt>
   <trkpt lon="6.975763" lat="43.683303"><ele>394.5</ele></trkpt>
   <trkpt lon="6.975721" lat="43.683281"><ele>394.5</ele></trkpt>
   <trkpt lon="6.975667" lat="43.683280"><ele>395.5</ele></trkpt>
   <trkpt lon="6.975642" lat="43.683299"><ele>396.5</ele><sym>left</sym></trkpt>
   <trkpt lon="6.975540" lat="43.683235"><ele>396.75</ele></trkpt>
   <trkpt lon="6.975421" lat="43.683148"><ele>397.25</ele></trkpt>
   <trkpt lon="6.975362" lat="43.683112"><ele>397.5</ele></trkpt>
   <trkpt lon="6.975166" lat="43.682958"><ele>399.25</ele></trkpt>
   <trkpt lon="6.975057" lat="43.682898"><ele>401.0</ele></trkpt>
   <trkpt lon="6.975022" lat="43.682878"><ele>401.5</ele></trkpt>
   <trkpt lon="6.974851" lat="43.682810"><ele>400.75</ele></trkpt>
   <trkpt lon="6.974670" lat="43.682751"><ele>400.5</ele></trkpt>
   <trkpt lon="6.974194" lat="43.682644"><ele>403.75</ele></trkpt>
   <trkpt lon="6.974061" lat="43.682603"><ele>403.75</ele></trkpt>
   <trkpt lon="6.973938" lat="43.682551"><ele>403.5</ele></trkpt>
   <trkpt lon="6.973759" lat="43.682463"><ele>402.75</ele></trkpt>
   <trkpt lon="6.973591" lat="43.682351"><ele>403.0</ele></trkpt>
   <trkpt lon="6.973462" lat="43.682298"><ele>404.0</ele></trkpt>
   <trkpt lon="6.972944" lat="43.682126"><ele>406.5</ele></trkpt>
   <trkpt lon="6.972483" lat="43.681973"><ele>408.0</ele></trkpt>
   <trkpt lon="6.972404" lat="43.681945"><ele>407.5</ele></trkpt>
   <trkpt lon="6.972065" lat="43.681833"><ele>409.0</ele></trkpt>
   <trkpt lon="6.971914" lat="43.681771"><ele>409.5</ele></trkpt>
   <trkpt lon="6.971832" lat="43.681697"><ele>409.5</ele></trkpt>
   <trkpt lon="6.971782" lat="43.681609"><ele>409.75</ele></trkpt>
   <trkpt lon="6.971754" lat="43.681513"><ele>410.75</ele></trkpt>
   <trkpt lon="6.971759" lat="43.681442"><ele>411.0</ele></trkpt>
   <trkpt lon="6.971788" lat="43.681360"><ele>411.0</ele></trkpt>
   <trkpt lon="6.971844" lat="43.681266"><ele>411.5</ele></trkpt>
   <trkpt lon="6.971881" lat="43.681204"><ele>412.0</ele></trkpt>
   <trkpt lon="6.971944" lat="43.681064"><ele>413.0</ele></trkpt>
   <trkpt lon="6.971959" lat="43.681003"><ele>413.25</ele></trkpt>
   <trkpt lon="6.971960" lat="43.680934"><ele>413.5</ele></trkpt>
   <trkpt lon="6.971946" lat="43.680884"><ele>413.75</ele></trkpt>
   <trkpt lon="6.971915" lat="43.680843"><ele>414.0</ele></trkpt>
   <trkpt lon="6.971852" lat="43.680796"><ele>414.25</ele></trkpt>
   <trkpt lon="6.971824" lat="43.680777"><ele>414.25</ele></trkpt>
   <trkpt lon="6.971676" lat="43.680686"><ele>414.25</ele></trkpt>
   <trkpt lon="6.971568" lat="43.680641"><ele>414.25</ele></trkpt>
   <trkpt lon="6.971515" lat="43.680593"><ele>413.5</ele></trkpt>
   <trkpt lon="6.971492" lat="43.680568"><ele>413.0</ele><sym>roundabout_e2</sym></trkpt>
   <trkpt lon="6.971489" lat="43.680568"><ele>413.25</ele><sym>pass_place</sym><type>Shaping</type></trkpt>
   <trkpt lon="6.971463" lat="43.680569"><ele>413.25</ele></trkpt>
   <trkpt lon="6.971441" lat="43.680562"><ele>413.0</ele></trkpt>
   <trkpt lon="6.971287" lat="43.680553"><ele>412.5</ele></trkpt>
   <trkpt lon="6.970972" lat="43.680549"><ele>411.25</ele></trkpt>
   <trkpt lon="6.970818" lat="43.680582"><ele>411.5</ele></trkpt>
   <trkpt lon="6.970314" lat="43.680691"><ele>412.5</ele></trkpt>
   <trkpt lon="6.969809" lat="43.680801"><ele>410.25</ele></trkpt>
   <trkpt lon="6.969119" lat="43.680943"><ele>411.75</ele></trkpt>
   <trkpt lon="6.969093" lat="43.680949"><ele>411.75</ele></trkpt>
   <trkpt lon="6.968518" lat="43.681072"><ele>408.0</ele></trkpt>
   <trkpt lon="6.968124" lat="43.681155"><ele>407.25</ele></trkpt>
   <trkpt lon="6.967199" lat="43.681361"><ele>406.0</ele></trkpt>
   <trkpt lon="6.966953" lat="43.681416"><ele>406.5</ele></trkpt>
   <trkpt lon="6.966563" lat="43.681493"><ele>404.25</ele></trkpt>
   <trkpt lon="6.966075" lat="43.681587"><ele>402.75</ele></trkpt>
   <trkpt lon="6.965651" lat="43.681681"><ele>404.0</ele></trkpt>
   <trkpt lon="6.965453" lat="43.681725"><ele>404.75</ele></trkpt>
   <trkpt lon="6.965338" lat="43.681749"><ele>404.5</ele></trkpt>
   <trkpt lon="6.964816" lat="43.681851"><ele>403.5</ele></trkpt>
   <trkpt lon="6.964612" lat="43.681883"><ele>402.25</ele></trkpt>
   <trkpt lon="6.964365" lat="43.681913"><ele>401.75</ele></trkpt>
   <trkpt lon="6.964022" lat="43.681931"><ele>402.5</ele></trkpt>
   <trkpt lon="6.963908" lat="43.681932"><ele>402.5</ele></trkpt>
   <trkpt lon="6.963667" lat="43.681924"><ele>401.75</ele></trkpt>
   <trkpt lon="6.963316" lat="43.681903"><ele>400.25</ele></trkpt>
   <trkpt lon="6.963239" lat="43.681897"><ele>401.0</ele></trkpt>
   <trkpt lon="6.963079" lat="43.681866"><ele>401.75</ele></trkpt>
   <trkpt lon="6.962642" lat="43.681806"><ele>402.75</ele></trkpt>
   <trkpt lon="6.962457" lat="43.681786"><ele>403.5</ele></trkpt>
   <trkpt lon="6.962377" lat="43.681776"><ele>402.5</ele></trkpt>
   <trkpt lon="6.961645" lat="43.681699"><ele>401.75</ele></trkpt>
   <trkpt lon="6.961483" lat="43.681694"><ele>402.0</ele></trkpt>
   <trkpt lon="6.961400" lat="43.681696"><ele>402.25</ele></trkpt>
   <trkpt lon="6.961331" lat="43.681706"><ele>402.25</ele></trkpt>
   <trkpt lon="6.961240" lat="43.681728"><ele>402.25</ele></trkpt>
   <trkpt lon="6.960909" lat="43.681871"><ele>400.5</ele></trkpt>
   <trkpt lon="6.960860" lat="43.681890"><ele>400.5</ele></trkpt>
   <trkpt lon="6.960808" lat="43.681901"><ele>400.75</ele></trkpt>
   <trkpt lon="6.960667" lat="43.681907"><ele>402.75</ele></trkpt>
   <trkpt lon="6.960592" lat="43.681902"><ele>403.25</ele></trkpt>
   <trkpt lon="6.960469" lat="43.681869"><ele>403.0</ele></trkpt>
   <trkpt lon="6.960347" lat="43.681814"><ele>402.0</ele></trkpt>
   <trkpt lon="6.959926" lat="43.681570"><ele>399.5</ele></trkpt>
   <trkpt lon="6.959867" lat="43.681545"><ele>399.5</ele></trkpt>
   <trkpt lon="6.959844" lat="43.681532"><ele>399.25</ele></trkpt>
   <trkpt lon="6.959728" lat="43.681492"><ele>400.0</ele></trkpt>
   <trkpt lon="6.959518" lat="43.681468"><ele>399.75</ele></trkpt>
   <trkpt lon="6.959150" lat="43.681457"><ele>400.5</ele></trkpt>
   <trkpt lon="6.959034" lat="43.681448"><ele>401.0</ele></trkpt>
   <trkpt lon="6.958937" lat="43.681429"><ele>401.0</ele></trkpt>
   <trkpt lon="6.958808" lat="43.681391"><ele>400.75</ele></trkpt>
   <trkpt lon="6.958708" lat="43.681360"><ele>400.75</ele></trkpt>
   <trkpt lon="6.958621" lat="43.681322"><ele>400.5</ele></trkpt>
   <trkpt lon="6.958300" lat="43.681143"><ele>400.25</ele></trkpt>
   <trkpt lon="6.958174" lat="43.681087"><ele>399.75</ele></trkpt>
   <trkpt lon="6.958053" lat="43.681043"><ele>399.25</ele></trkpt>
   <trkpt lon="6.957907" lat="43.681024"><ele>399.0</ele></trkpt>
   <trkpt lon="6.957733" lat="43.681036"><ele>399.25</ele></trkpt>
   <trkpt lon="6.957609" lat="43.681069"><ele>398.75</ele></trkpt>
   <trkpt lon="6.957004" lat="43.681339"><ele>397.75</ele></trkpt>
   <trkpt lon="6.956872" lat="43.681396"><ele>398.0</ele></trkpt>
   <trkpt lon="6.956781" lat="43.681433"><ele>397.75</ele></trkpt>
   <trkpt lon="6.956265" lat="43.681649"><ele>397.75</ele></trkpt>
   <trkpt lon="6.956076" lat="43.681730"><ele>398.5</ele></trkpt>
   <trkpt lon="6.955904" lat="43.681804"><ele>397.0</ele></trkpt>
   <trkpt lon="6.955805" lat="43.681823"><ele>396.5</ele></trkpt>
   <trkpt lon="6.955714" lat="43.681829"><ele>396.5</ele></trkpt>
   <trkpt lon="6.955633" lat="43.681819"><ele>396.0</ele></trkpt>
   <trkpt lon="6.955501" lat="43.681791"><ele>395.75</ele></trkpt>
   <trkpt lon="6.955404" lat="43.681762"><ele>396.25</ele></trkpt>
   <trkpt lon="6.955293" lat="43.681729"><ele>397.0</ele></trkpt>
   <trkpt lon="6.954985" lat="43.681639"><ele>397.25</ele></trkpt>
   <trkpt lon="6.954728" lat="43.681546"><ele>397.0</ele></trkpt>
   <trkpt lon="6.953946" lat="43.681192"><ele>394.75</ele></trkpt>
   <trkpt lon="6.953194" lat="43.680841"><ele>393.5</ele></trkpt>
   <trkpt lon="6.952957" lat="43.680729"><ele>392.5</ele></trkpt>
   <trkpt lon="6.952599" lat="43.680529"><ele>392.75</ele></trkpt>
   <trkpt lon="6.952195" lat="43.680277"><ele>392.25</ele></trkpt>
   <trkpt lon="6.951820" lat="43.680048"><ele>391.0</ele></trkpt>
   <trkpt lon="6.951689" lat="43.679976"><ele>390.25</ele></trkpt>
   <trkpt lon="6.951570" lat="43.679929"><ele>390.5</ele></trkpt>
   <trkpt lon="6.951445" lat="43.679905"><ele>391.25</ele></trkpt>
   <trkpt lon="6.951320" lat="43.679897"><ele>391.5</ele></trkpt>
   <trkpt lon="6.951077" lat="43.679899"><ele>390.5</ele></trkpt>
   <trkpt lon="6.950991" lat="43.679898"><ele>389.75</ele></trkpt>
   <trkpt lon="6.950790" lat="43.679902"><ele>389.0</ele><sym>pass_place</sym><type>Shaping</type></trkpt>
   <trkpt lon="6.950789" lat="43.679903"><ele>389.0</ele></trkpt>
   <trkpt lon="6.950649" lat="43.679885"><ele>389.5</ele></trkpt>
   <trkpt lon="6.950546" lat="43.679856"><ele>389.25</ele></trkpt>
   <trkpt lon="6.950436" lat="43.679814"><ele>389.5</ele></trkpt>
   <trkpt lon="6.950222" lat="43.679712"><ele>389.5</ele></trkpt>
   <trkpt lon="6.950067" lat="43.679627"><ele>389.0</ele></trkpt>
   <trkpt lon="6.949937" lat="43.679574"><ele>388.5</ele></trkpt>
   <trkpt lon="6.949854" lat="43.679554"><ele>388.25</ele></trkpt>
   <trkpt lon="6.949723" lat="43.679539"><ele>388.5</ele></trkpt>
   <trkpt lon="6.949579" lat="43.679534"><ele>388.0</ele></trkpt>
   <trkpt lon="6.949424" lat="43.679547"><ele>388.0</ele></trkpt>
   <trkpt lon="6.948916" lat="43.679693"><ele>386.75</ele></trkpt>
   <trkpt lon="6.948687" lat="43.679769"><ele>385.5</ele></trkpt>
   <trkpt lon="6.948491" lat="43.679789"><ele>383.5</ele></trkpt>
   <trkpt lon="6.948285" lat="43.679780"><ele>383.25</ele></trkpt>
   <trkpt lon="6.948116" lat="43.679722"><ele>383.25</ele></trkpt>
   <trkpt lon="6.947973" lat="43.679632"><ele>383.25</ele></trkpt>
   <trkpt lon="6.947902" lat="43.679555"><ele>383.25</ele></trkpt>
   <trkpt lon="6.947857" lat="43.679467"><ele>384.5</ele></trkpt>
   <trkpt lon="6.947718" lat="43.679026"><ele>385.5</ele></trkpt>
   <trkpt lon="6.947631" lat="43.678758"><ele>385.5</ele></trkpt>
   <trkpt lon="6.947595" lat="43.678634"><ele>385.5</ele></trkpt>
   <trkpt lon="6.947129" lat="43.677107"><ele>382.5</ele></trkpt>
   <trkpt lon="6.947116" lat="43.677067"><ele>382.0</ele></trkpt>
   <trkpt lon="6.947105" lat="43.677033"><ele>381.5</ele></trkpt>
   <trkpt lon="6.947071" lat="43.676919"><ele>380.5</ele></trkpt>
   <trkpt lon="6.946998" lat="43.676665"><ele>381.25</ele></trkpt>
   <trkpt lon="6.946918" lat="43.676442"><ele>381.25</ele></trkpt>
   <trkpt lon="6.946840" lat="43.676332"><ele>381.0</ele></trkpt>
   <trkpt lon="6.946672" lat="43.676175"><ele>382.0</ele></trkpt>
   <trkpt lon="6.946526" lat="43.675993"><ele>382.75</ele></trkpt>
   <trkpt lon="6.946436" lat="43.675848"><ele>381.25</ele></trkpt>
   <trkpt lon="6.946351" lat="43.675634"><ele>380.75</ele></trkpt>
   <trkpt lon="6.946254" lat="43.675482"><ele>380.25</ele></trkpt>
   <trkpt lon="6.946148" lat="43.675365"><ele>380.0</ele></trkpt>
   <trkpt lon="6.946033" lat="43.675272"><ele>380.25</ele></trkpt>
   <trkpt lon="6.945881" lat="43.675181"><ele>380.0</ele></trkpt>
   <trkpt lon="6.945464" lat="43.674966"><ele>379.0</ele></trkpt>
   <trkpt lon="6.945335" lat="43.674874"><ele>379.25</ele></trkpt>
   <trkpt lon="6.944795" lat="43.674411"><ele>376.25</ele></trkpt>
   <trkpt lon="6.944179" lat="43.673997"><ele>376.25</ele></trkpt>
   <trkpt lon="6.944074" lat="43.673941"><ele>376.0</ele></trkpt>
   <trkpt lon="6.943665" lat="43.673807"><ele>374.5</ele></trkpt>
   <trkpt lon="6.943539" lat="43.673720"><ele>373.0</ele></trkpt>
   <trkpt lon="6.943459" lat="43.673625"><ele>372.25</ele></trkpt>
   <trkpt lon="6.943429" lat="43.673517"><ele>373.0</ele></trkpt>
   <trkpt lon="6.943453" lat="43.673146"><ele>373.25</ele></trkpt>
   <trkpt lon="6.943449" lat="43.672902"><ele>372.5</ele></trkpt>
   <trkpt lon="6.943431" lat="43.672737"><ele>371.75</ele></trkpt>
   <trkpt lon="6.943379" lat="43.672574"><ele>370.75</ele></trkpt>
   <trkpt lon="6.943310" lat="43.672447"><ele>370.5</ele></trkpt>
   <trkpt lon="6.943222" lat="43.672351"><ele>371.0</ele></trkpt>
   <trkpt lon="6.943123" lat="43.672267"><ele>371.0</ele></trkpt>
   <trkpt lon="6.943031" lat="43.672200"><ele>370.25</ele></trkpt>
   <trkpt lon="6.942956" lat="43.672156"><ele>369.0</ele></trkpt>
   <trkpt lon="6.942565" lat="43.671990"><ele>369.25</ele></trkpt>
   <trkpt lon="6.942422" lat="43.671902"><ele>369.25</ele></trkpt>
   <trkpt lon="6.942302" lat="43.671819"><ele>368.75</ele></trkpt>
   <trkpt lon="6.942207" lat="43.671730"><ele>369.0</ele></trkpt>
   <trkpt lon="6.942036" lat="43.671505"><ele>368.5</ele></trkpt>
   <trkpt lon="6.942001" lat="43.671457"><ele>368.25</ele></trkpt>
   <trkpt lon="6.941630" lat="43.670948"><ele>368.0</ele></trkpt>
   <trkpt lon="6.941581" lat="43.670855"><ele>368.75</ele></trkpt>
   <trkpt lon="6.941544" lat="43.670738"><ele>367.5</ele></trkpt>
   <trkpt lon="6.941470" lat="43.670406"><ele>364.25</ele></trkpt>
   <trkpt lon="6.941369" lat="43.670205"><ele>364.0</ele></trkpt>
   <trkpt lon="6.941318" lat="43.670126"><ele>363.75</ele></trkpt>
   <trkpt lon="6.941254" lat="43.670057"><ele>364.0</ele></trkpt>
   <trkpt lon="6.940987" lat="43.669826"><ele>363.5</ele></trkpt>
   <trkpt lon="6.940840" lat="43.669717"><ele>363.5</ele></trkpt>
   <trkpt lon="6.940690" lat="43.669556"><ele>364.0</ele></trkpt>
   <trkpt lon="6.940631" lat="43.669463"><ele>363.25</ele></trkpt>
   <trkpt lon="6.940470" lat="43.669206"><ele>362.5</ele></trkpt>
   <trkpt lon="6.940137" lat="43.668669"><ele>361.0</ele></trkpt>
   <trkpt lon="6.939956" lat="43.668504"><ele>362.0</ele></trkpt>
   <trkpt lon="6.939809" lat="43.668398"><ele>362.0</ele></trkpt>
   <trkpt lon="6.938638" lat="43.667700"><ele>361.75</ele><sym>pass_place</sym><type>Shaping</type></trkpt>
   <trkpt lon="6.938510" lat="43.667626"><ele>362.0</ele></trkpt>
   <trkpt lon="6.938341" lat="43.667527"><ele>361.75</ele></trkpt>
   <trkpt lon="6.937892" lat="43.667259"><ele>360.0</ele></trkpt>
   <trkpt lon="6.937730" lat="43.667200"><ele>360.25</ele></trkpt>
   <trkpt lon="6.937584" lat="43.667165"><ele>359.75</ele></trkpt>
   <trkpt lon="6.937447" lat="43.667146"><ele>359.75</ele></trkpt>
   <trkpt lon="6.937353" lat="43.667143"><ele>359.75</ele></trkpt>
   <trkpt lon="6.937073" lat="43.667150"><ele>359.25</ele></trkpt>
   <trkpt lon="6.936943" lat="43.667144"><ele>357.75</ele></trkpt>
   <trkpt lon="6.936848" lat="43.667128"><ele>357.5</ele></trkpt>
   <trkpt lon="6.936741" lat="43.667096"><ele>357.0</ele></trkpt>
   <trkpt lon="6.936620" lat="43.667055"><ele>357.0</ele></trkpt>
   <trkpt lon="6.936539" lat="43.666997"><ele>357.75</ele><sym>left_slight</sym></trkpt>
   <trkpt lon="6.936489" lat="43.666893"><ele>358.5</ele></trkpt>
   <trkpt lon="6.936424" lat="43.666706"><ele>359.5</ele></trkpt>
   <trkpt lon="6.936425" lat="43.666683"><ele>359.5</ele></trkpt>
   <trkpt lon="6.936437" lat="43.666660"><ele>359.25</ele></trkpt>
   <trkpt lon="6.936458" lat="43.666643"><ele>358.75</ele><sym>right_slight</sym></trkpt>
   <trkpt lon="6.936487" lat="43.666638"><ele>358.5</ele></trkpt>
   <trkpt lon="6.936539" lat="43.666602"><ele>357.75</ele></trkpt>
   <trkpt lon="6.936548" lat="43.666565"><ele>357.75</ele></trkpt>
   <trkpt lon="6.936518" lat="43.666280"><ele>357.0</ele></trkpt>
   <trkpt lon="6.936506" lat="43.666152"><ele>356.0</ele></trkpt>
   <trkpt lon="6.936473" lat="43.666069"><ele>355.25</ele></trkpt>
   <trkpt lon="6.936389" lat="43.665953"><ele>354.5</ele></trkpt>
   <trkpt lon="6.936194" lat="43.665780"><ele>353.5</ele></trkpt>
   <trkpt lon="6.936044" lat="43.665707"><ele>353.0</ele></trkpt>
   <trkpt lon="6.935832" lat="43.665638"><ele>353.0</ele></trkpt>
   <trkpt lon="6.935398" lat="43.665512"><ele>351.5</ele></trkpt>
   <trkpt lon="6.935307" lat="43.665471"><ele>351.75</ele></trkpt>
   <trkpt lon="6.935258" lat="43.665430"><ele>351.5</ele></trkpt>
   <trkpt lon="6.935241" lat="43.665415"><ele>351.5</ele></trkpt>
   <trkpt lon="6.935198" lat="43.665345"><ele>351.0</ele></trkpt>
   <trkpt lon="6.935185" lat="43.665301"><ele>350.5</ele></trkpt>
   <trkpt lon="6.935171" lat="43.665253"><ele>350.25</ele></trkpt>
   <trkpt lon="6.935165" lat="43.665004"><ele>348.25</ele></trkpt>
   <trkpt lon="6.935152" lat="43.664879"><ele>347.0</ele></trkpt>
   <trkpt lon="6.935126" lat="43.664776"><ele>345.75</ele></trkpt>
   <trkpt lon="6.934917" lat="43.664409"><ele>345.25</ele></trkpt>
   <trkpt lon="6.934855" lat="43.664306"><ele>344.0</ele></trkpt>
   <trkpt lon="6.934754" lat="43.664188"><ele>342.25</ele></trkpt>
   <trkpt lon="6.934631" lat="43.664104"><ele>341.25</ele></trkpt>
   <trkpt lon="6.934545" lat="43.664064"><ele>341.0</ele></trkpt>
   <trkpt lon="6.934460" lat="43.664040"><ele>341.0</ele></trkpt>
   <trkpt lon="6.934304" lat="43.664009"><ele>341.0</ele></trkpt>
   <trkpt lon="6.933892" lat="43.663924"><ele>340.25</ele></trkpt>
   <trkpt lon="6.933857" lat="43.663921"><ele>340.25</ele></trkpt>
   <trkpt lon="6.933768" lat="43.663905"><ele>340.0</ele></trkpt>
   <trkpt lon="6.933660" lat="43.663870"><ele>339.25</ele></trkpt>
   <trkpt lon="6.933573" lat="43.663824"><ele>338.75</ele></trkpt>
   <trkpt lon="6.933411" lat="43.663685"><ele>337.5</ele></trkpt>
   <trkpt lon="6.933307" lat="43.663624"><ele>337.25</ele></trkpt>
   <trkpt lon="6.933088" lat="43.663536"><ele>336.5</ele></trkpt>
   <trkpt lon="6.932813" lat="43.663411"><ele>334.75</ele></trkpt>
   <trkpt lon="6.932738" lat="43.663369"><ele>334.25</ele></trkpt>
   <trkpt lon="6.932611" lat="43.663276"><ele>332.75</ele></trkpt>
   <trkpt lon="6.932415" lat="43.663131"><ele>331.25</ele></trkpt>
   <trkpt lon="6.932238" lat="43.663000"><ele>330.5</ele></trkpt>
   <trkpt lon="6.932151" lat="43.662947"><ele>329.75</ele></trkpt>
   <trkpt lon="6.932042" lat="43.662892"><ele>329.0</ele></trkpt>
   <trkpt lon="6.931924" lat="43.662855"><ele>328.75</ele></trkpt>
   <trkpt lon="6.931746" lat="43.662819"><ele>327.5</ele></trkpt>
   <trkpt lon="6.931556" lat="43.662796"><ele>327.0</ele></trkpt>
   <trkpt lon="6.930850" lat="43.662718"><ele>326.75</ele></trkpt>
   <trkpt lon="6.930169" lat="43.662621"><ele>324.5</ele></trkpt>
   <trkpt lon="6.930094" lat="43.662616"><ele>324.0</ele></trkpt>
   <trkpt lon="6.930019" lat="43.662612"><ele>323.5</ele></trkpt>
   <trkpt lon="6.929687" lat="43.662578"><ele>322.0</ele></trkpt>
   <trkpt lon="6.929563" lat="43.662555"><ele>322.0</ele></trkpt>
   <trkpt lon="6.929460" lat="43.662529"><ele>321.75</ele></trkpt>
   <trkpt lon="6.929383" lat="43.662503"><ele>321.5</ele></trkpt>
   <trkpt lon="6.928994" lat="43.662346"><ele>320.5</ele></trkpt>
   <trkpt lon="6.928574" lat="43.662165"><ele>319.0</ele></trkpt>
   <trkpt lon="6.928467" lat="43.662128"><ele>318.5</ele></trkpt>
   <trkpt lon="6.928365" lat="43.662102"><ele>318.25</ele></trkpt>
   <trkpt lon="6.928259" lat="43.662093"><ele>317.75</ele></trkpt>
   <trkpt lon="6.928169" lat="43.662095"><ele>317.25</ele></trkpt>
   <trkpt lon="6.928082" lat="43.662114"><ele>317.0</ele></trkpt>
   <trkpt lon="6.927921" lat="43.662179"><ele>317.0</ele></trkpt>
   <trkpt lon="6.927818" lat="43.662226"><ele>317.25</ele></trkpt>
   <trkpt lon="6.927726" lat="43.662268"><ele>317.5</ele></trkpt>
   <trkpt lon="6.927547" lat="43.662354"><ele>317.25</ele></trkpt>
   <trkpt lon="6.927469" lat="43.662408"><ele>317.25</ele></trkpt>
   <trkpt lon="6.927417" lat="43.662460"><ele>317.25</ele></trkpt>
   <trkpt lon="6.927259" lat="43.662625"><ele>315.75</ele></trkpt>
   <trkpt lon="6.927159" lat="43.662811"><ele>315.25</ele></trkpt>
   <trkpt lon="6.927148" lat="43.662844"><ele>315.5</ele><sym>roundabout_e2</sym></trkpt>
   <trkpt lon="6.927155" lat="43.662872"><ele>315.75</ele></trkpt>
   <trkpt lon="6.927140" lat="43.662897"><ele>316.0</ele></trkpt>
   <trkpt lon="6.927125" lat="43.662907"><ele>316.0</ele></trkpt>
   <trkpt lon="6.927088" lat="43.662914"><ele>315.75</ele></trkpt>
   <trkpt lon="6.927068" lat="43.662912"><ele>315.5</ele></trkpt>
   <trkpt lon="6.927037" lat="43.662895"><ele>315.0</ele></trkpt>
   <trkpt lon="6.927028" lat="43.662883"><ele>314.75</ele></trkpt>
   <trkpt lon="6.926830" lat="43.662904"><ele>314.25</ele></trkpt>
   <trkpt lon="6.926232" lat="43.662929"><ele>314.0</ele></trkpt>
   <trkpt lon="6.925996" lat="43.662950"><ele>313.25</ele></trkpt>
   <trkpt lon="6.925803" lat="43.662976"><ele>314.0</ele></trkpt>
   <trkpt lon="6.925685" lat="43.662972"><ele>315.25</ele></trkpt>
   <trkpt lon="6.925596" lat="43.662950"><ele>315.5</ele></trkpt>
   <trkpt lon="6.925540" lat="43.662906"><ele>315.0</ele></trkpt>
   <trkpt lon="6.925518" lat="43.662851"><ele>314.0</ele></trkpt>
   <trkpt lon="6.925508" lat="43.662679"><ele>312.0</ele></trkpt>
   <trkpt lon="6.925529" lat="43.662397"><ele>311.5</ele></trkpt>
   <trkpt lon="6.925510" lat="43.662295"><ele>312.75</ele></trkpt>
   <trkpt lon="6.925451" lat="43.662202"><ele>313.75</ele></trkpt>
   <trkpt lon="6.925143" lat="43.661811"><ele>312.25</ele></trkpt>
   <trkpt lon="6.925018" lat="43.661717"><ele>312.5</ele></trkpt>
   <trkpt lon="6.924872" lat="43.661663"><ele>312.75</ele></trkpt>
   <trkpt lon="6.924720" lat="43.661631"><ele>313.5</ele></trkpt>
   <trkpt lon="6.924642" lat="43.661608"><ele>314.0</ele></trkpt>
   <trkpt lon="6.924581" lat="43.661576"><ele>314.0</ele></trkpt>
   <trkpt lon="6.924550" lat="43.661541"><ele>314.0</ele></trkpt>
   <trkpt lon="6.924532" lat="43.661463"><ele>313.0</ele></trkpt>
   <trkpt lon="6.924548" lat="43.661411"><ele>312.0</ele><sym>left_slight</sym></trkpt>
   <trkpt lon="6.924632" lat="43.661341"><ele>312.75</ele></trkpt>
   <trkpt lon="6.924854" lat="43.661211"><ele>312.25</ele></trkpt>
   <trkpt lon="6.925076" lat="43.661094"><ele>311.25</ele></trkpt>
   <trkpt lon="6.925213" lat="43.661013"><ele>309.5</ele></trkpt>
   <trkpt lon="6.925317" lat="43.660939"><ele>308.25</ele></trkpt>
   <trkpt lon="6.925347" lat="43.660889"><ele>308.75</ele></trkpt>
   <trkpt lon="6.925385" lat="43.660789"><ele>309.75</ele></trkpt>
   <trkpt lon="6.925454" lat="43.660486"><ele>309.25</ele></trkpt>
   <trkpt lon="6.925458" lat="43.660468"><ele>309.25</ele></trkpt>
   <trkpt lon="6.925460" lat="43.660456"><ele>309.0</ele></trkpt>
   <trkpt lon="6.925470" lat="43.660400"><ele>308.5</ele></trkpt>
   <trkpt lon="6.925477" lat="43.660363"><ele>308.25</ele></trkpt>
   <trkpt lon="6.925522" lat="43.660130"><ele>308.5</ele><sym>pass_place</sym><type>Shaping</type></trkpt>
   <trkpt lon="6.925523" lat="43.660126"><ele>308.5</ele></trkpt>
   <trkpt lon="6.925545" lat="43.660064"><ele>308.0</ele></trkpt>
   <trkpt lon="6.925612" lat="43.659987"><ele>306.5</ele></trkpt>
   <trkpt lon="6.925788" lat="43.659808"><ele>305.5</ele></trkpt>
   <trkpt lon="6.925877" lat="43.659714"><ele>305.0</ele></trkpt>
   <trkpt lon="6.925954" lat="43.659602"><ele>304.5</ele></trkpt>
   <trkpt lon="6.926000" lat="43.659496"><ele>304.75</ele></trkpt>
   <trkpt lon="6.926037" lat="43.659375"><ele>304.0</ele></trkpt>
   <trkpt lon="6.926058" lat="43.659220"><ele>303.25</ele></trkpt>
   <trkpt lon="6.926063" lat="43.659158"><ele>303.0</ele></trkpt>
   <trkpt lon="6.926067" lat="43.659124"><ele>303.0</ele></trkpt>
   <trkpt lon="6.926061" lat="43.659035"><ele>303.5</ele></trkpt>
   <trkpt lon="6.926036" lat="43.658969"><ele>304.25</ele></trkpt>
   <trkpt lon="6.925976" lat="43.658888"><ele>304.75</ele></trkpt>
   <trkpt lon="6.925911" lat="43.658791"><ele>304.5</ele></trkpt>
   <trkpt lon="6.925873" lat="43.658706"><ele>304.0</ele></trkpt>
   <trkpt lon="6.925855" lat="43.658645"><ele>303.75</ele></trkpt>
   <trkpt lon="6.925706" lat="43.658128"><ele>307.0</ele></trkpt>
   <trkpt lon="6.925696" lat="43.658101"><ele>307.0</ele></trkpt>
   <trkpt lon="6.925588" lat="43.657754"><ele>305.0</ele></trkpt>
   <trkpt lon="6.925553" lat="43.657688"><ele>305.0</ele></trkpt>
   <trkpt lon="6.925477" lat="43.657578"><ele>305.75</ele></trkpt>
   <trkpt lon="6.925451" lat="43.657548"><ele>305.75</ele></trkpt>
   <trkpt lon="6.925280" lat="43.657398"><ele>305.0</ele></trkpt>
   <trkpt lon="6.925186" lat="43.657342"><ele>304.5</ele></trkpt>
   <trkpt lon="6.925048" lat="43.657291"><ele>304.5</ele></trkpt>
   <trkpt lon="6.924971" lat="43.657280"><ele>304.5</ele></trkpt>
   <trkpt lon="6.924894" lat="43.657268"><ele>303.5</ele></trkpt>
   <trkpt lon="6.924712" lat="43.657274"><ele>302.0</ele></trkpt>
   <trkpt lon="6.924569" lat="43.657295"><ele>301.5</ele></trkpt>
   <trkpt lon="6.924445" lat="43.657322"><ele>301.5</ele></trkpt>
   <trkpt lon="6.924212" lat="43.657392"><ele>303.0</ele></trkpt>
   <trkpt lon="6.924119" lat="43.657418"><ele>303.25</ele></trkpt>
   <trkpt lon="6.924052" lat="43.657414"><ele>302.5</ele><sym>roundabout_e2</sym></trkpt>
   <trkpt lon="6.924037" lat="43.657433"><ele>302.75</ele></trkpt>
   <trkpt lon="6.924012" lat="43.657446"><ele>302.75</ele></trkpt>
   <trkpt lon="6.923999" lat="43.657449"><ele>302.75</ele></trkpt>
   <trkpt lon="6.923978" lat="43.657451"><ele>302.5</ele></trkpt>
   <trkpt lon="6.923939" lat="43.657439"><ele>301.75</ele></trkpt>
   <trkpt lon="6.923924" lat="43.657428"><ele>301.5</ele></trkpt>
   <trkpt lon="6.923912" lat="43.657399"><ele>301.0</ele></trkpt>
   <trkpt lon="6.923921" lat="43.657373"><ele>300.75</ele></trkpt>
   <trkpt lon="6.923906" lat="43.657328"><ele>300.0</ele></trkpt>
   <trkpt lon="6.923843" lat="43.657241"><ele>299.0</ele><sym>right_slight</sym></trkpt>
   <trkpt lon="6.923663" lat="43.657134"><ele>297.25</ele></trkpt>
   <trkpt lon="6.923606" lat="43.657103"><ele>297.5</ele></trkpt>
   <trkpt lon="6.923101" lat="43.656815"><ele>297.75</ele></trkpt>
   <trkpt lon="6.922925" lat="43.656681"><ele>295.25</ele></trkpt>
   <trkpt lon="6.922797" lat="43.656541"><ele>294.5</ele></trkpt>
   <trkpt lon="6.922707" lat="43.656433"><ele>294.0</ele></trkpt>
   <trkpt lon="6.922635" lat="43.656354"><ele>294.0</ele></trkpt>
   <trkpt lon="6.922225" lat="43.655870"><ele>291.5</ele></trkpt>
   <trkpt lon="6.921970" lat="43.655562"><ele>289.75</ele></trkpt>
   <trkpt lon="6.921880" lat="43.655457"><ele>289.25</ele></trkpt>
   <trkpt lon="6.921751" lat="43.655307"><ele>288.25</ele></trkpt>
   <trkpt lon="6.921383" lat="43.654890"><ele>287.25</ele></trkpt>
   <trkpt lon="6.921249" lat="43.654723"><ele>286.5</ele></trkpt>
   <trkpt lon="6.921220" lat="43.654689"><ele>286.25</ele></trkpt>
   <trkpt lon="6.921157" lat="43.654613"><ele>286.0</ele></trkpt>
   <trkpt lon="6.921119" lat="43.654565"><ele>285.75</ele></trkpt>
   <trkpt lon="6.921038" lat="43.654472"><ele>285.75</ele></trkpt>
   <trkpt lon="6.920983" lat="43.654406"><ele>285.25</ele></trkpt>
   <trkpt lon="6.920934" lat="43.654349"><ele>285.0</ele></trkpt>
   <trkpt lon="6.920832" lat="43.654228"><ele>283.75</ele></trkpt>
   <trkpt lon="6.920725" lat="43.654058"><ele>283.25</ele></trkpt>
   <trkpt lon="6.920693" lat="43.653964"><ele>283.25</ele></trkpt>
   <trkpt lon="6.920693" lat="43.653904"><ele>283.0</ele></trkpt>
   <trkpt lon="6.920707" lat="43.653853"><ele>283.0</ele></trkpt>
   <trkpt lon="6.920752" lat="43.653778"><ele>283.0</ele></trkpt>
   <trkpt lon="6.920836" lat="43.653698"><ele>282.25</ele></trkpt>
   <trkpt lon="6.921050" lat="43.653536"><ele>283.25</ele></trkpt>
   <trkpt lon="6.921196" lat="43.653426"><ele>283.0</ele></trkpt>
   <trkpt lon="6.921419" lat="43.653240"><ele>282.25</ele></trkpt>
   <trkpt lon="6.921467" lat="43.653189"><ele>281.5</ele></trkpt>
   <trkpt lon="6.921491" lat="43.653138"><ele>281.75</ele></trkpt>
   <trkpt lon="6.921499" lat="43.653072"><ele>282.25</ele></trkpt>
   <trkpt lon="6.921495" lat="43.653002"><ele>282.25</ele></trkpt>
   <trkpt lon="6.921490" lat="43.652902"><ele>281.5</ele></trkpt>
   <trkpt lon="6.921479" lat="43.652800"><ele>281.0</ele></trkpt>
   <trkpt lon="6.921486" lat="43.652721"><ele>281.25</ele></trkpt>
   <trkpt lon="6.921518" lat="43.652640"><ele>281.25</ele></trkpt>
   <trkpt lon="6.921572" lat="43.652555"><ele>281.0</ele></trkpt>
   <trkpt lon="6.921805" lat="43.652283"><ele>281.25</ele></trkpt>
   <trkpt lon="6.922056" lat="43.651992"><ele>280.0</ele></trkpt>
   <trkpt lon="6.922128" lat="43.651880"><ele>280.0</ele></trkpt>
   <trkpt lon="6.922187" lat="43.651756"><ele>280.0</ele></trkpt>
   <trkpt lon="6.922202" lat="43.651614"><ele>280.0</ele></trkpt>
   <trkpt lon="6.922193" lat="43.651557"><ele>280.0</ele><sym>left</sym></trkpt>
   <trkpt lon="6.922296" lat="43.651522"><ele>278.75</ele></trkpt>
   <trkpt lon="6.922644" lat="43.651402"><ele>275.75</ele></trkpt>
   <trkpt lon="6.922679" lat="43.651389"><ele>275.25</ele></trkpt>
   <trkpt lon="6.922693" lat="43.651385"><ele>275.0</ele></trkpt>
   <trkpt lon="6.922809" lat="43.651347"><ele>273.75</ele></trkpt>
   <trkpt lon="6.922824" lat="43.651342"><ele>273.75</ele></trkpt>
   <trkpt lon="6.922930" lat="43.651305"><ele>273.75</ele></trkpt>
   <trkpt lon="6.923004" lat="43.651285"><ele>274.0</ele></trkpt>
   <trkpt lon="6.923094" lat="43.651270"><ele>273.75</ele></trkpt>
   <trkpt lon="6.923253" lat="43.651256"><ele>272.75</ele></trkpt>
   <trkpt lon="6.923739" lat="43.651223"><ele>272.25</ele></trkpt>
   <trkpt lon="6.923903" lat="43.651198"><ele>271.5</ele></trkpt>
   <trkpt lon="6.924249" lat="43.651130"><ele>267.25</ele></trkpt>
   <trkpt lon="6.924729" lat="43.651023"><ele>267.25</ele></trkpt>
   <trkpt lon="6.924969" lat="43.650993"><ele>267.25</ele></trkpt>
   <trkpt lon="6.925180" lat="43.650991"><ele>267.0</ele></trkpt>
   <trkpt lon="6.925433" lat="43.651022"><ele>265.75</ele></trkpt>
   <trkpt lon="6.925660" lat="43.651065"><ele>264.25</ele></trkpt>
   <trkpt lon="6.925951" lat="43.651160"><ele>262.0</ele></trkpt>
   <trkpt lon="6.925982" lat="43.651168"><ele>262.0</ele></trkpt>
   <trkpt lon="6.926325" lat="43.651256"><ele>261.0</ele></trkpt>
   <trkpt lon="6.926466" lat="43.651280"><ele>260.5</ele></trkpt>
   <trkpt lon="6.926627" lat="43.651284"><ele>260.0</ele></trkpt>
   <trkpt lon="6.926766" lat="43.651269"><ele>259.25</ele></trkpt>
   <trkpt lon="6.926894" lat="43.651237"><ele>258.5</ele></trkpt>
   <trkpt lon="6.927438" lat="43.651090"><ele>254.25</ele></trkpt>
   <trkpt lon="6.927696" lat="43.651013"><ele>252.25</ele></trkpt>
   <trkpt lon="6.927878" lat="43.650951"><ele>251.75</ele></trkpt>
   <trkpt lon="6.928059" lat="43.650872"><ele>251.0</ele></trkpt>
   <trkpt lon="6.928239" lat="43.650758"><ele>250.25</ele></trkpt>
   <trkpt lon="6.928563" lat="43.650498"><ele>246.0</ele></trkpt>
   <trkpt lon="6.928692" lat="43.650413"><ele>244.75</ele></trkpt>
   <trkpt lon="6.928899" lat="43.650319"><ele>243.25</ele><sym>pass_place</sym><type>Shaping</type></trkpt>
   <trkpt lon="6.929040" lat="43.650269"><ele>243.0</ele></trkpt>
   <trkpt lon="6.929196" lat="43.650230"><ele>243.0</ele></trkpt>
   <trkpt lon="6.929320" lat="43.650198"><ele>243.0</ele></trkpt>
   <trkpt lon="6.929434" lat="43.650173"><ele>242.75</ele></trkpt>
   <trkpt lon="6.929487" lat="43.650162"><ele>242.5</ele></trkpt>
   <trkpt lon="6.929656" lat="43.650125"><ele>242.25</ele></trkpt>
   <trkpt lon="6.930230" lat="43.649928"><ele>240.75</ele></trkpt>
   <trkpt lon="6.930464" lat="43.649864"><ele>240.25</ele></trkpt>
   <trkpt lon="6.930692" lat="43.649846"><ele>238.0</ele></trkpt>
   <trkpt lon="6.930924" lat="43.649847"><ele>236.0</ele></trkpt>
   <trkpt lon="6.931320" lat="43.649831"><ele>233.75</ele></trkpt>
   <trkpt lon="6.931346" lat="43.649830"><ele>233.5</ele></trkpt>
   <trkpt lon="6.931446" lat="43.649809"><ele>233.0</ele></trkpt>
   <trkpt lon="6.931516" lat="43.649791"><ele>232.75</ele></trkpt>
   <trkpt lon="6.931548" lat="43.649782"><ele>232.5</ele><sym>roundabout_e2</sym></trkpt>
   <trkpt lon="6.931558" lat="43.649768"><ele>232.5</ele></trkpt>
   <trkpt lon="6.931593" lat="43.649751"><ele>232.25</ele></trkpt>
   <trkpt lon="6.931617" lat="43.649749"><ele>232.25</ele></trkpt>
   <trkpt lon="6.931660" lat="43.649762"><ele>232.0</ele></trkpt>
   <trkpt lon="6.931672" lat="43.649772"><ele>232.0</ele></trkpt>
   <trkpt lon="6.931789" lat="43.649749"><ele>232.0</ele></trkpt>
   <trkpt lon="6.931961" lat="43.649724"><ele>232.0</ele></trkpt>
   <trkpt lon="6.932017" lat="43.649710"><ele>232.0</ele></trkpt>
   <trkpt lon="6.932151" lat="43.649679"><ele>232.25</ele></trkpt>
   <trkpt lon="6.932314" lat="43.649643"><ele>232.0</ele></trkpt>
   <trkpt lon="6.932919" lat="43.649500"><ele>229.0</ele></trkpt>
   <trkpt lon="6.933160" lat="43.649434"><ele>228.0</ele></trkpt>
   <trkpt lon="6.933393" lat="43.649360"><ele>228.0</ele></trkpt>
   <trkpt lon="6.933880" lat="43.649199"><ele>227.5</ele></trkpt>
   <trkpt lon="6.934092" lat="43.649144"><ele>227.0</ele></trkpt>
   <trkpt lon="6.934538" lat="43.649044"><ele>225.75</ele></trkpt>
   <trkpt lon="6.934864" lat="43.648970"><ele>222.25</ele></trkpt>
   <trkpt lon="6.935052" lat="43.648927"><ele>220.5</ele></trkpt>
   <trkpt lon="6.935793" lat="43.648754"><ele>218.5</ele></trkpt>
   <trkpt lon="6.936192" lat="43.648716"><ele>218.75</ele></trkpt>
   <trkpt lon="6.936554" lat="43.648706"><ele>221.0</ele><sym>right</sym></trkpt>
   <trkpt lon="6.936550" lat="43.648661"><ele>220.25</ele></trkpt>
   <trkpt lon="6.936542" lat="43.648605"><ele>219.0</ele></trkpt>
   <trkpt lon="6.936374" lat="43.648163"><ele>212.75</ele></trkpt>
   <trkpt lon="6.936377" lat="43.648106"><ele>212.25</ele></trkpt>
   <trkpt lon="6.936414" lat="43.648068"><ele>212.0</ele></trkpt>
   <trkpt lon="6.936473" lat="43.648027"><ele>211.5</ele></trkpt>
   <trkpt lon="6.936660" lat="43.647975"><ele>211.25</ele></trkpt>
   <trkpt lon="6.936963" lat="43.647906"><ele>210.75</ele></trkpt>
   <trkpt lon="6.936983" lat="43.647862"><ele>210.0</ele><sym>left</sym></trkpt>
   <trkpt lon="6.937201" lat="43.647926"><ele>209.25</ele><sym>pass_place</sym><type>Via</type></trkpt>
  </trkseg>
 </trk>
</gpx>
