<?xml version="1.0" encoding="UTF-8"?>
<!-- track-length = 58660 filtered ascend = 778 plain-ascend = 1 cost=86784 energy=.4kwh time=3h 40m 25s -->
<gpx 
 xmlns="http://www.topografix.com/GPX/1/1" 
 xmlns:xsi="http://www.w3.org/2001/XMLSchema-instance" 
 xsi:schemaLocation="http://www.topografix.com/GPX/1/1 http://www.topografix.com/GPX/1/1/gpx.xsd" 
 creator="BRouter-1.7.9" version="1.1"><wpt lat="39.36657" lon="-9.21893"><name>Associação Recreativa de Vau</name><sym>Restaurant</sym></wpt><wpt lat="39.38388" lon="-9.18679"><name>Cafeteria</name><sym>Restaurant</sym></wpt><wpt lat="39.41942" lon="-9.18876"><name>Café</name><sym>Restaurant</sym></wpt><wpt lat="39.34957" lon="-9.28944"><name>cafe Mercearia</name><sym>Restaurant</sym></wpt><wpt lat="39.36375" lon="-9.31618"><name>Café Central</name><sym>Restaurant</sym></wpt>
 <trk>
  <src>brouter_fastbike-lowtraffic_0</src>
  <type>bike</type>
  <trkseg>
   <trkpt lon="-9.315982" lat="39.364250"><ele>26.25</ele><sym>pass_place</sym><type>Via</type></trkpt>
   <trkpt lon="-9.315923" lat="39.364295"><ele>26.75</ele></trkpt>
   <trkpt lon="-9.315793" lat="39.364266"><ele>26.5</ele><sym>right</sym></trkpt>
   <trkpt lon="-9.315828" lat="39.364198"><ele>26.0</ele></trkpt>
   <trkpt lon="-9.315915" lat="39.364030"><ele>25.5</ele></trkpt>
   <trkpt lon="-9.315870" lat="39.363883"><ele>24.75</ele><sym>right_slight</sym></trkpt>
   <trkpt lon="-9.315922" lat="39.363731"><ele>24.25</ele></trkpt>
   <trkpt lon="-9.316011" lat="39.363543"><ele>23.25</ele><sym>left</sym></trkpt>
   <trkpt lon="-9.315787" lat="39.363428"><ele>22.75</ele></trkpt>
   <trkpt lon="-9.315602" lat="39.363352"><ele>22.75</ele></trkpt>
   <trkpt lon="-9.315367" lat="39.363300"><ele>23.5</ele></trkpt>
   <trkpt lon="-9.315249" lat="39.363288"><ele>23.75</ele></trkpt>
   <trkpt lon="-9.315109" lat="39.363273"><ele>24.25</ele></trkpt>
   <trkpt lon="-9.314981" lat="39.363255"><ele>24.75</ele></trkpt>
   <trkpt lon="-9.314839" lat="39.363222"><ele>25.5</ele></trkpt>
   <trkpt lon="-9.314201" lat="39.363036"><ele>27.5</ele></trkpt>
   <trkpt lon="-9.313724" lat="39.362881"><ele>27.5</ele></trkpt>
   <trkpt lon="-9.313590" lat="39.362829"><ele>27.25</ele></trkpt>
   <trkpt lon="-9.313275" lat="39.362684"><ele>28.0</ele></trkpt>
   <trkpt lon="-9.312963" lat="39.362530"><ele>29.0</ele></trkpt>
   <trkpt lon="-9.312576" lat="39.362311"><ele>28.0</ele></trkpt>
   <trkpt lon="-9.312491" lat="39.362259"><ele>28.0</ele></trkpt>
   <trkpt lon="-9.312235" lat="39.362073"><ele>27.25</ele></trkpt>
   <trkpt lon="-9.311935" lat="39.361834"><ele>27.25</ele></trkpt>
   <trkpt lon="-9.311754" lat="39.361705"><ele>27.5</ele></trkpt>
   <trkpt lon="-9.311275" lat="39.361384"><ele>29.25</ele></trkpt>
   <trkpt lon="-9.310851" lat="39.361121"><ele>29.0</ele></trkpt>
   <trkpt lon="-9.310753" lat="39.361081"><ele>29.5</ele></trkpt>
   <trkpt lon="-9.310642" lat="39.361054"><ele>30.5</ele></trkpt>
   <trkpt lon="-9.310458" lat="39.361022"><ele>31.75</ele></trkpt>
   <trkpt lon="-9.309834" lat="39.360963"><ele>35.75</ele></trkpt>
   <trkpt lon="-9.308951" lat="39.360873"><ele>37.0</ele></trkpt>
   <trkpt lon="-9.308494" lat="39.360827"><ele>41.0</ele></trkpt>
   <trkpt lon="-9.308307" lat="39.360804"><ele>42.75</ele></trkpt>
   <trkpt lon="-9.308145" lat="39.360777"><ele>43.25</ele></trkpt>
   <trkpt lon="-9.308003" lat="39.360743"><ele>43.5</ele></trkpt>
   <trkpt lon="-9.307833" lat="39.360692"><ele>43.25</ele></trkpt>
   <trkpt lon="-9.301152" lat="39.358481"><ele>50.0</ele></trkpt>
   <trkpt lon="-9.299985" lat="39.358092"><ele>52.5</ele></trkpt>
   <trkpt lon="-9.298926" lat="39.357736"><ele>51.75</ele></trkpt>
   <trkpt lon="-9.298450" lat="39.357575"><ele>52.5</ele></trkpt>
   <trkpt lon="-9.296723" lat="39.357010"><ele>53.75</ele></trkpt>
   <trkpt lon="-9.296721" lat="39.357009"><ele>48.75</ele><sym>pass_place</sym><type>Shaping</type></trkpt>
   <trkpt lon="-9.296023" lat="39.356768"><ele>48.75</ele></trkpt>
   <trkpt lon="-9.295831" lat="39.356692"><ele>47.0</ele></trkpt>
   <trkpt lon="-9.295503" lat="39.356530"><ele>48.0</ele></trkpt>
   <trkpt lon="-9.295330" lat="39.356424"><ele>48.5</ele></trkpt>
   <trkpt lon="-9.295026" lat="39.356209"><ele>50.25</ele></trkpt>
   <trkpt lon="-9.294879" lat="39.356084"><ele>52.25</ele></trkpt>
   <trkpt lon="-9.294580" lat="39.355812"><ele>54.0</ele></trkpt>
   <trkpt lon="-9.294461" lat="39.355689"><ele>54.25</ele></trkpt>
   <trkpt lon="-9.294243" lat="39.355432"><ele>55.25</ele></trkpt>
   <trkpt lon="-9.294156" lat="39.355314"><ele>56.5</ele></trkpt>
   <trkpt lon="-9.293980" lat="39.355040"><ele>58.0</ele></trkpt>
   <trkpt lon="-9.293851" lat="39.354795"><ele>58.75</ele></trkpt>
   <trkpt lon="-9.293292" lat="39.353544"><ele>56.75</ele></trkpt>
   <trkpt lon="-9.292390" lat="39.351526"><ele>62.5</ele></trkpt>
   <trkpt lon="-9.292345" lat="39.351409"><ele>62.75</ele></trkpt>
   <trkpt lon="-9.292292" lat="39.351214"><ele>65.0</ele></trkpt>
   <trkpt lon="-9.292281" lat="39.351090"><ele>66.75</ele></trkpt>
   <trkpt lon="-9.292277" lat="39.351035"><ele>67.75</ele></trkpt>
   <trkpt lon="-9.292294" lat="39.350746"><ele>72.0</ele></trkpt>
   <trkpt lon="-9.292311" lat="39.350671"><ele>72.5</ele></trkpt>
   <trkpt lon="-9.292375" lat="39.350462"><ele>73.25</ele></trkpt>
   <trkpt lon="-9.292386" lat="39.350412"><ele>73.25</ele><sym>left</sym></trkpt>
   <trkpt lon="-9.291860" lat="39.350278"><ele>75.0</ele></trkpt>
   <trkpt lon="-9.291258" lat="39.350111"><ele>76.25</ele></trkpt>
   <trkpt lon="-9.290819" lat="39.349989"><ele>77.0</ele></trkpt>
   <trkpt lon="-9.290697" lat="39.349957"><ele>77.0</ele></trkpt>
   <trkpt lon="-9.290334" lat="39.349874"><ele>77.75</ele></trkpt>
   <trkpt lon="-9.290212" lat="39.349853"><ele>78.25</ele></trkpt>
   <trkpt lon="-9.289768" lat="39.349784"><ele>80.5</ele></trkpt>
   <trkpt lon="-9.289525" lat="39.349768"><ele>80.75</ele></trkpt>
   <trkpt lon="-9.289424" lat="39.349770"><ele>80.75</ele></trkpt>
   <trkpt lon="-9.289331" lat="39.349770"><ele>81.25</ele></trkpt>
   <trkpt lon="-9.289007" lat="39.349775"><ele>83.0</ele></trkpt>
   <trkpt lon="-9.288366" lat="39.349762"><ele>87.25</ele></trkpt>
   <trkpt lon="-9.288220" lat="39.349743"><ele>88.5</ele></trkpt>
   <trkpt lon="-9.287900" lat="39.349687"><ele>90.75</ele></trkpt>
   <trkpt lon="-9.287723" lat="39.349656"><ele>91.5</ele></trkpt>
   <trkpt lon="-9.287602" lat="39.349634"><ele>92.25</ele></trkpt>
   <trkpt lon="-9.287209" lat="39.349565"><ele>94.5</ele></trkpt>
   <trkpt lon="-9.287059" lat="39.349523"><ele>94.5</ele></trkpt>
   <trkpt lon="-9.286997" lat="39.349496"><ele>94.75</ele></trkpt>
   <trkpt lon="-9.286939" lat="39.349452"><ele>94.75</ele></trkpt>
   <trkpt lon="-9.286882" lat="39.349404"><ele>95.0</ele></trkpt>
   <trkpt lon="-9.286822" lat="39.349333"><ele>95.25</ele></trkpt>
   <trkpt lon="-9.286439" lat="39.348501"><ele>99.5</ele></trkpt>
   <trkpt lon="-9.286155" lat="39.347893"><ele>103.25</ele></trkpt>
   <trkpt lon="-9.285967" lat="39.347467"><ele>104.75</ele></trkpt>
   <trkpt lon="-9.285896" lat="39.347340"><ele>103.75</ele></trkpt>
   <trkpt lon="-9.285815" lat="39.347226"><ele>103.0</ele></trkpt>
   <trkpt lon="-9.285728" lat="39.347136"><ele>103.25</ele></trkpt>
   <trkpt lon="-9.285637" lat="39.347060"><ele>103.75</ele></trkpt>
   <trkpt lon="-9.285517" lat="39.346979"><ele>104.5</ele></trkpt>
   <trkpt lon="-9.285370" lat="39.346898"><ele>105.5</ele></trkpt>
   <trkpt lon="-9.285243" lat="39.346831"><ele>106.0</ele></trkpt>
   <trkpt lon="-9.284673" lat="39.346573"><ele>108.5</ele></trkpt>
   <trkpt lon="-9.284592" lat="39.346537"><ele>109.75</ele></trkpt>
   <trkpt lon="-9.282756" lat="39.345684"><ele>122.25</ele><sym>u-turn_right</sym></trkpt>
   <trkpt lon="-9.282758" lat="39.345678"><ele>122.75</ele><sym>pass_place</sym><type>Shaping</type></trkpt>
   <trkpt lon="-9.282756" lat="39.345684"><ele>122.25</ele></trkpt>
   <trkpt lon="-9.281568" lat="39.345125"><ele>109.75</ele></trkpt>
   <trkpt lon="-9.281284" lat="39.345000"><ele>108.0</ele></trkpt>
   <trkpt lon="-9.279882" lat="39.344349"><ele>107.0</ele></trkpt>
   <trkpt lon="-9.278391" lat="39.343662"><ele>107.0</ele></trkpt>
   <trkpt lon="-9.278192" lat="39.343569"><ele>108.75</ele></trkpt>
   <trkpt lon="-9.277883" lat="39.343419"><ele>109.5</ele></trkpt>
   <trkpt lon="-9.277527" lat="39.343259"><ele>108.5</ele></trkpt>
   <trkpt lon="-9.276284" lat="39.342672"><ele>105.0</ele></trkpt>
   <trkpt lon="-9.276124" lat="39.342577"><ele>103.5</ele></trkpt>
   <trkpt lon="-9.276047" lat="39.342519"><ele>102.75</ele></trkpt>
   <trkpt lon="-9.275954" lat="39.342427"><ele>102.0</ele></trkpt>
   <trkpt lon="-9.275890" lat="39.342346"><ele>101.5</ele></trkpt>
   <trkpt lon="-9.275833" lat="39.342259"><ele>101.0</ele></trkpt>
   <trkpt lon="-9.275777" lat="39.342165"><ele>101.0</ele></trkpt>
   <trkpt lon="-9.275662" lat="39.341938"><ele>101.5</ele></trkpt>
   <trkpt lon="-9.275162" lat="39.340768"><ele>105.5</ele></trkpt>
   <trkpt lon="-9.274453" lat="39.339090"><ele>102.0</ele></trkpt>
   <trkpt lon="-9.274434" lat="39.339041"><ele>102.0</ele><sym>roundabout_e3</sym></trkpt>
   <trkpt lon="-9.274447" lat="39.339039"><ele>102.0</ele></trkpt>
   <trkpt lon="-9.274481" lat="39.339023"><ele>102.0</ele></trkpt>
   <trkpt lon="-9.274512" lat="39.338997"><ele>102.0</ele></trkpt>
   <trkpt lon="-9.274530" lat="39.338965"><ele>102.0</ele></trkpt>
   <trkpt lon="-9.274533" lat="39.338930"><ele>102.0</ele></trkpt>
   <trkpt lon="-9.274522" lat="39.338896"><ele>102.0</ele></trkpt>
   <trkpt lon="-9.274499" lat="39.338868"><ele>101.75</ele></trkpt>
   <trkpt lon="-9.274465" lat="39.338847"><ele>101.75</ele></trkpt>
   <trkpt lon="-9.274428" lat="39.338835"><ele>102.0</ele></trkpt>
   <trkpt lon="-9.274389" lat="39.338832"><ele>102.0</ele></trkpt>
   <trkpt lon="-9.274350" lat="39.338838"><ele>102.25</ele></trkpt>
   <trkpt lon="-9.274314" lat="39.338852"><ele>102.25</ele></trkpt>
   <trkpt lon="-9.274286" lat="39.338873"><ele>102.5</ele></trkpt>
   <trkpt lon="-9.274266" lat="39.338900"><ele>102.5</ele></trkpt>
   <trkpt lon="-9.274257" lat="39.338946"><ele>102.5</ele></trkpt>
   <trkpt lon="-9.274177" lat="39.338957"><ele>102.75</ele></trkpt>
   <trkpt lon="-9.274081" lat="39.338959"><ele>103.25</ele></trkpt>
   <trkpt lon="-9.273827" lat="39.338981"><ele>104.0</ele></trkpt>
   <trkpt lon="-9.273624" lat="39.338986"><ele>104.25</ele></trkpt>
   <trkpt lon="-9.273417" lat="39.338979"><ele>105.25</ele></trkpt>
   <trkpt lon="-9.272881" lat="39.338907"><ele>106.25</ele></trkpt>
   <trkpt lon="-9.272446" lat="39.338757"><ele>105.0</ele></trkpt>
   <trkpt lon="-9.272267" lat="39.338678"><ele>105.0</ele></trkpt>
   <trkpt lon="-9.271726" lat="39.338440"><ele>104.75</ele></trkpt>
   <trkpt lon="-9.270235" lat="39.337592"><ele>106.5</ele></trkpt>
   <trkpt lon="-9.269623" lat="39.337347"><ele>107.0</ele></trkpt>
   <trkpt lon="-9.269556" lat="39.337325"><ele>107.0</ele></trkpt>
   <trkpt lon="-9.269189" lat="39.337218"><ele>107.0</ele><sym>right_slight</sym></trkpt>
   <trkpt lon="-9.268837" lat="39.336878"><ele>109.0</ele><sym>right_slight</sym></trkpt>
   <trkpt lon="-9.268775" lat="39.336714"><ele>109.75</ele><sym>left_slight</sym></trkpt>
   <trkpt lon="-9.268698" lat="39.336657"><ele>110.0</ele></trkpt>
   <trkpt lon="-9.268418" lat="39.336450"><ele>110.75</ele></trkpt>
   <trkpt lon="-9.267993" lat="39.336234"><ele>110.5</ele></trkpt>
   <trkpt lon="-9.267863" lat="39.336169"><ele>110.75</ele></trkpt>
   <trkpt lon="-9.267765" lat="39.336096"><ele>111.0</ele><sym>pass_place</sym><type>Shaping</type></trkpt>
   <trkpt lon="-9.267764" lat="39.336096"><ele>111.0</ele></trkpt>
   <trkpt lon="-9.267595" lat="39.335940"><ele>112.25</ele></trkpt>
   <trkpt lon="-9.267285" lat="39.335492"><ele>115.0</ele></trkpt>
   <trkpt lon="-9.267258" lat="39.335454"><ele>115.0</ele></trkpt>
   <trkpt lon="-9.267221" lat="39.335424"><ele>115.25</ele></trkpt>
   <trkpt lon="-9.267067" lat="39.335299"><ele>116.25</ele></trkpt>
   <trkpt lon="-9.266419" lat="39.334992"><ele>121.75</ele></trkpt>
   <trkpt lon="-9.265986" lat="39.334787"><ele>123.5</ele></trkpt>
   <trkpt lon="-9.265688" lat="39.334700"><ele>124.25</ele><sym>right_slight</sym></trkpt>
   <trkpt lon="-9.265573" lat="39.334461"><ele>126.75</ele><sym>right_slight</sym></trkpt>
   <trkpt lon="-9.265824" lat="39.334183"><ele>128.75</ele></trkpt>
   <trkpt lon="-9.266026" lat="39.333937"><ele>130.5</ele><sym>left</sym></trkpt>
   <trkpt lon="-9.265833" lat="39.333796"><ele>131.5</ele><sym>right</sym></trkpt>
   <trkpt lon="-9.265900" lat="39.333582"><ele>133.0</ele><sym>left</sym></trkpt>
   <trkpt lon="-9.265540" lat="39.333559"><ele>133.25</ele></trkpt>
   <trkpt lon="-9.265337" lat="39.333576"><ele>133.25</ele></trkpt>
   <trkpt lon="-9.264779" lat="39.333648"><ele>133.5</ele></trkpt>
   <trkpt lon="-9.264628" lat="39.333625"><ele>134.0</ele></trkpt>
   <trkpt lon="-9.264493" lat="39.333571"><ele>134.75</ele><sym>left_slight</sym></trkpt>
   <trkpt lon="-9.263870" lat="39.333772"><ele>135.75</ele></trkpt>
   <trkpt lon="-9.262470" lat="39.334195"><ele>138.5</ele></trkpt>
   <trkpt lon="-9.262469" lat="39.334195"><ele>137.75</ele><sym>pass_place</sym><type>Shaping</type></trkpt>
   <trkpt lon="-9.262169" lat="39.334289"><ele>137.75</ele></trkpt>
   <trkpt lon="-9.261233" lat="39.334476"><ele>135.75</ele></trkpt>
   <trkpt lon="-9.260732" lat="39.334545"><ele>136.5</ele></trkpt>
   <trkpt lon="-9.260668" lat="39.334554"><ele>136.5</ele></trkpt>
   <trkpt lon="-9.260219" lat="39.334617"><ele>136.0</ele></trkpt>
   <trkpt lon="-9.259506" lat="39.334688"><ele>136.0</ele></trkpt>
   <trkpt lon="-9.259157" lat="39.334750"><ele>136.5</ele></trkpt>
   <trkpt lon="-9.258358" lat="39.334916"><ele>135.5</ele></trkpt>
   <trkpt lon="-9.257633" lat="39.334945"><ele>138.0</ele></trkpt>
   <trkpt lon="-9.256957" lat="39.335028"><ele>136.75</ele></trkpt>
   <trkpt lon="-9.256603" lat="39.335040"><ele>136.0</ele></trkpt>
   <trkpt lon="-9.256078" lat="39.335003"><ele>136.75</ele></trkpt>
   <trkpt lon="-9.255579" lat="39.334902"><ele>136.75</ele></trkpt>
   <trkpt lon="-9.253274" lat="39.334502"><ele>136.5</ele></trkpt>
   <trkpt lon="-9.252945" lat="39.334443"><ele>136.0</ele></trkpt>
   <trkpt lon="-9.252167" lat="39.334327"><ele>133.25</ele></trkpt>
   <trkpt lon="-9.251389" lat="39.334219"><ele>128.0</ele></trkpt>
   <trkpt lon="-9.250821" lat="39.334148"><ele>127.0</ele></trkpt>
   <trkpt lon="-9.250021" lat="39.334003"><ele>124.0</ele></trkpt>
   <trkpt lon="-9.249615" lat="39.333916"><ele>124.25</ele></trkpt>
   <trkpt lon="-9.249378" lat="39.333866"><ele>123.75</ele></trkpt>
   <trkpt lon="-9.248771" lat="39.333754"><ele>123.5</ele></trkpt>
   <trkpt lon="-9.248471" lat="39.333688"><ele>123.75</ele></trkpt>
   <trkpt lon="-9.248290" lat="39.333713"><ele>123.25</ele></trkpt>
   <trkpt lon="-9.247865" lat="39.333793"><ele>122.25</ele></trkpt>
   <trkpt lon="-9.247736" lat="39.333835"><ele>122.5</ele></trkpt>
   <trkpt lon="-9.247543" lat="39.333968"><ele>122.5</ele></trkpt>
   <trkpt lon="-9.247183" lat="39.334176"><ele>122.75</ele><sym>left_slight</sym></trkpt>
   <trkpt lon="-9.247087" lat="39.334430"><ele>121.5</ele></trkpt>
   <trkpt lon="-9.246931" lat="39.334791"><ele>118.25</ele></trkpt>
   <trkpt lon="-9.246872" lat="39.334895"><ele>117.25</ele></trkpt>
   <trkpt lon="-9.246792" lat="39.335019"><ele>116.75</ele></trkpt>
   <trkpt lon="-9.246658" lat="39.335173"><ele>116.75</ele></trkpt>
   <trkpt lon="-9.246477" lat="39.335309"><ele>116.75</ele></trkpt>
   <trkpt lon="-9.246357" lat="39.335430"><ele>116.5</ele></trkpt>
   <trkpt lon="-9.246229" lat="39.335580"><ele>116.0</ele></trkpt>
   <trkpt lon="-9.246068" lat="39.335696"><ele>116.5</ele></trkpt>
   <trkpt lon="-9.245885" lat="39.335758"><ele>116.25</ele></trkpt>
   <trkpt lon="-9.245612" lat="39.335833"><ele>116.0</ele></trkpt>
   <trkpt lon="-9.245220" lat="39.335899"><ele>115.75</ele></trkpt>
   <trkpt lon="-9.244915" lat="39.335957"><ele>115.5</ele></trkpt>
   <trkpt lon="-9.244668" lat="39.335986"><ele>115.25</ele></trkpt>
   <trkpt lon="-9.244485" lat="39.335970"><ele>115.5</ele></trkpt>
   <trkpt lon="-9.244394" lat="39.335974"><ele>115.25</ele></trkpt>
   <trkpt lon="-9.244292" lat="39.335994"><ele>115.25</ele></trkpt>
   <trkpt lon="-9.244190" lat="39.336044"><ele>115.0</ele></trkpt>
   <trkpt lon="-9.244080" lat="39.336124"><ele>114.75</ele></trkpt>
   <trkpt lon="-9.243836" lat="39.336268"><ele>114.5</ele></trkpt>
   <trkpt lon="-9.243515" lat="39.336480"><ele>113.0</ele></trkpt>
   <trkpt lon="-9.243273" lat="39.336651"><ele>112.25</ele><sym>pass_place</sym><type>Shaping</type></trkpt>
   <trkpt lon="-9.243268" lat="39.336654"><ele>112.25</ele></trkpt>
   <trkpt lon="-9.242978" lat="39.336869"><ele>112.5</ele></trkpt>
   <trkpt lon="-9.242645" lat="39.337106"><ele>113.0</ele></trkpt>
   <trkpt lon="-9.242506" lat="39.337185"><ele>113.0</ele></trkpt>
   <trkpt lon="-9.242377" lat="39.337227"><ele>112.5</ele></trkpt>
   <trkpt lon="-9.242222" lat="39.337243"><ele>111.75</ele></trkpt>
   <trkpt lon="-9.242066" lat="39.337247"><ele>111.25</ele></trkpt>
   <trkpt lon="-9.241953" lat="39.337297"><ele>111.0</ele></trkpt>
   <trkpt lon="-9.241800" lat="39.337386"><ele>110.25</ele></trkpt>
   <trkpt lon="-9.241596" lat="39.337485"><ele>109.25</ele></trkpt>
   <trkpt lon="-9.241390" lat="39.337575"><ele>108.25</ele></trkpt>
   <trkpt lon="-9.241154" lat="39.337654"><ele>107.25</ele></trkpt>
   <trkpt lon="-9.240816" lat="39.337741"><ele>106.5</ele></trkpt>
   <trkpt lon="-9.240564" lat="39.337824"><ele>105.0</ele></trkpt>
   <trkpt lon="-9.240339" lat="39.337890"><ele>103.75</ele></trkpt>
   <trkpt lon="-9.239947" lat="39.338048"><ele>102.5</ele></trkpt>
   <trkpt lon="-9.239228" lat="39.338231"><ele>100.5</ele></trkpt>
   <trkpt lon="-9.238712" lat="39.338253"><ele>96.0</ele></trkpt>
   <trkpt lon="-9.237936" lat="39.338235"><ele>87.75</ele></trkpt>
   <trkpt lon="-9.237769" lat="39.338239"><ele>86.75</ele></trkpt>
   <trkpt lon="-9.237609" lat="39.338271"><ele>85.5</ele></trkpt>
   <trkpt lon="-9.237232" lat="39.338335"><ele>83.0</ele></trkpt>
   <trkpt lon="-9.237152" lat="39.338327"><ele>82.25</ele></trkpt>
   <trkpt lon="-9.237085" lat="39.338301"><ele>81.5</ele></trkpt>
   <trkpt lon="-9.236949" lat="39.338213"><ele>80.0</ele></trkpt>
   <trkpt lon="-9.236901" lat="39.338169"><ele>79.25</ele><sym>left</sym></trkpt>
   <trkpt lon="-9.236819" lat="39.338212"><ele>78.75</ele></trkpt>
   <trkpt lon="-9.236619" lat="39.338312"><ele>77.5</ele></trkpt>
   <trkpt lon="-9.236358" lat="39.338450"><ele>76.75</ele></trkpt>
   <trkpt lon="-9.236049" lat="39.338602"><ele>75.5</ele></trkpt>
   <trkpt lon="-9.235102" lat="39.339060"><ele>69.75</ele></trkpt>
   <trkpt lon="-9.234891" lat="39.339163"><ele>67.5</ele></trkpt>
   <trkpt lon="-9.234629" lat="39.339290"><ele>66.75</ele></trkpt>
   <trkpt lon="-9.234486" lat="39.339360"><ele>66.5</ele></trkpt>
   <trkpt lon="-9.234246" lat="39.339478"><ele>65.75</ele></trkpt>
   <trkpt lon="-9.233949" lat="39.339632"><ele>64.5</ele></trkpt>
   <trkpt lon="-9.232619" lat="39.340283"><ele>58.25</ele></trkpt>
   <trkpt lon="-9.232191" lat="39.340461"><ele>55.75</ele></trkpt>
   <trkpt lon="-9.231936" lat="39.340538"><ele>52.75</ele></trkpt>
   <trkpt lon="-9.231809" lat="39.340570"><ele>52.0</ele></trkpt>
   <trkpt lon="-9.231519" lat="39.340620"><ele>50.25</ele></trkpt>
   <trkpt lon="-9.231238" lat="39.340643"><ele>48.5</ele></trkpt>
   <trkpt lon="-9.230821" lat="39.340634"><ele>46.75</ele></trkpt>
   <trkpt lon="-9.230513" lat="39.340596"><ele>45.25</ele></trkpt>
   <trkpt lon="-9.230359" lat="39.340567"><ele>44.25</ele></trkpt>
   <trkpt lon="-9.230223" lat="39.340536"><ele>43.5</ele></trkpt>
   <trkpt lon="-9.230014" lat="39.340471"><ele>42.0</ele></trkpt>
   <trkpt lon="-9.229766" lat="39.340372"><ele>40.25</ele></trkpt>
   <trkpt lon="-9.229372" lat="39.340215"><ele>37.0</ele></trkpt>
   <trkpt lon="-9.229029" lat="39.340116"><ele>37.5</ele></trkpt>
   <trkpt lon="-9.228919" lat="39.340100"><ele>38.0</ele></trkpt>
   <trkpt lon="-9.228792" lat="39.340090"><ele>39.0</ele></trkpt>
   <trkpt lon="-9.228592" lat="39.340084"><ele>40.25</ele></trkpt>
   <trkpt lon="-9.228443" lat="39.340089"><ele>40.75</ele></trkpt>
   <trkpt lon="-9.228315" lat="39.340102"><ele>41.25</ele></trkpt>
   <trkpt lon="-9.227937" lat="39.340162"><ele>40.25</ele></trkpt>
   <trkpt lon="-9.225615" lat="39.340647"><ele>34.0</ele></trkpt>
   <trkpt lon="-9.225458" lat="39.340677"><ele>33.5</ele></trkpt>
   <trkpt lon="-9.223638" lat="39.341048"><ele>32.0</ele><sym>stay_left</sym></trkpt>
   <trkpt lon="-9.223639" lat="39.341050"><ele>31.25</ele><sym>pass_place</sym><type>Shaping</type></trkpt>
   <trkpt lon="-9.223638" lat="39.341048"><ele>32.0</ele></trkpt>
   <trkpt lon="-9.223522" lat="39.341070"><ele>30.75</ele></trkpt>
   <trkpt lon="-9.222929" lat="39.341196"><ele>27.5</ele></trkpt>
   <trkpt lon="-9.222486" lat="39.341290"><ele>26.5</ele></trkpt>
   <trkpt lon="-9.221842" lat="39.341427"><ele>30.0</ele></trkpt>
   <trkpt lon="-9.221702" lat="39.341456"><ele>31.75</ele><sym>right_slight</sym></trkpt>
   <trkpt lon="-9.221594" lat="39.341440"><ele>33.5</ele></trkpt>
   <trkpt lon="-9.221511" lat="39.341422"><ele>35.25</ele></trkpt>
   <trkpt lon="-9.221384" lat="39.341374"><ele>38.0</ele></trkpt>
   <trkpt lon="-9.221307" lat="39.341336"><ele>39.0</ele><sym>roundabout_e4</sym></trkpt>
   <trkpt lon="-9.221282" lat="39.341299"><ele>39.75</ele></trkpt>
   <trkpt lon="-9.221211" lat="39.341242"><ele>41.0</ele></trkpt>
   <trkpt lon="-9.221147" lat="39.341218"><ele>41.75</ele></trkpt>
   <trkpt lon="-9.220879" lat="39.341148"><ele>40.75</ele></trkpt>
   <trkpt lon="-9.220816" lat="39.341143"><ele>40.25</ele></trkpt>
   <trkpt lon="-9.220756" lat="39.341151"><ele>39.75</ele></trkpt>
   <trkpt lon="-9.220638" lat="39.341202"><ele>38.5</ele></trkpt>
   <trkpt lon="-9.220586" lat="39.341258"><ele>38.0</ele></trkpt>
   <trkpt lon="-9.220567" lat="39.341302"><ele>37.5</ele></trkpt>
   <trkpt lon="-9.220558" lat="39.341351"><ele>37.25</ele></trkpt>
   <trkpt lon="-9.220565" lat="39.341420"><ele>36.25</ele></trkpt>
   <trkpt lon="-9.220587" lat="39.341464"><ele>35.25</ele></trkpt>
   <trkpt lon="-9.220633" lat="39.341511"><ele>34.5</ele></trkpt>
   <trkpt lon="-9.220686" lat="39.341543"><ele>34.0</ele></trkpt>
   <trkpt lon="-9.220755" lat="39.341571"><ele>34.0</ele></trkpt>
   <trkpt lon="-9.220848" lat="39.341595"><ele>34.0</ele></trkpt>
   <trkpt lon="-9.220979" lat="39.341628"><ele>34.0</ele></trkpt>
   <trkpt lon="-9.221115" lat="39.341713"><ele>33.5</ele></trkpt>
   <trkpt lon="-9.221180" lat="39.341766"><ele>33.0</ele><sym>right_slight</sym></trkpt>
   <trkpt lon="-9.221973" lat="39.343426"><ele>32.75</ele></trkpt>
   <trkpt lon="-9.222077" lat="39.343658"><ele>33.25</ele></trkpt>
   <trkpt lon="-9.222124" lat="39.343842"><ele>33.5</ele></trkpt>
   <trkpt lon="-9.222153" lat="39.344063"><ele>34.5</ele></trkpt>
   <trkpt lon="-9.222162" lat="39.344365"><ele>36.0</ele></trkpt>
   <trkpt lon="-9.222151" lat="39.344563"><ele>36.75</ele></trkpt>
   <trkpt lon="-9.222175" lat="39.345091"><ele>38.0</ele></trkpt>
   <trkpt lon="-9.222172" lat="39.345294"><ele>39.0</ele></trkpt>
   <trkpt lon="-9.222193" lat="39.346475"><ele>52.25</ele></trkpt>
   <trkpt lon="-9.222215" lat="39.347437"><ele>56.5</ele></trkpt>
   <trkpt lon="-9.222221" lat="39.348378"><ele>57.75</ele></trkpt>
   <trkpt lon="-9.222234" lat="39.348955"><ele>56.0</ele></trkpt>
   <trkpt lon="-9.222231" lat="39.349227"><ele>57.5</ele></trkpt>
   <trkpt lon="-9.222221" lat="39.349288"><ele>58.25</ele></trkpt>
   <trkpt lon="-9.222153" lat="39.349598"><ele>61.5</ele></trkpt>
   <trkpt lon="-9.221684" lat="39.351525"><ele>76.25</ele></trkpt>
   <trkpt lon="-9.221550" lat="39.351879"><ele>78.75</ele></trkpt>
   <trkpt lon="-9.221362" lat="39.352282"><ele>84.5</ele></trkpt>
   <trkpt lon="-9.221260" lat="39.352441"><ele>86.25</ele></trkpt>
   <trkpt lon="-9.221242" lat="39.352457"><ele>86.5</ele></trkpt>
   <trkpt lon="-9.221121" lat="39.352566"><ele>86.75</ele></trkpt>
   <trkpt lon="-9.220654" lat="39.352846"><ele>83.75</ele></trkpt>
   <trkpt lon="-9.220378" lat="39.353001"><ele>83.5</ele></trkpt>
   <trkpt lon="-9.220222" lat="39.353103"><ele>84.5</ele></trkpt>
   <trkpt lon="-9.220126" lat="39.353188"><ele>85.0</ele></trkpt>
   <trkpt lon="-9.220010" lat="39.353362"><ele>86.0</ele></trkpt>
   <trkpt lon="-9.219943" lat="39.353592"><ele>85.75</ele></trkpt>
   <trkpt lon="-9.219943" lat="39.353748"><ele>85.5</ele><sym>stay_right</sym></trkpt>
   <trkpt lon="-9.219930" lat="39.353966"><ele>85.25</ele></trkpt>
   <trkpt lon="-9.219885" lat="39.354199"><ele>84.5</ele><sym>pass_place</sym><type>Shaping</type></trkpt>
   <trkpt lon="-9.219884" lat="39.354204"><ele>84.5</ele></trkpt>
   <trkpt lon="-9.219787" lat="39.354427"><ele>84.25</ele></trkpt>
   <trkpt lon="-9.219691" lat="39.354783"><ele>83.5</ele></trkpt>
   <trkpt lon="-9.219659" lat="39.355208"><ele>82.25</ele></trkpt>
   <trkpt lon="-9.219632" lat="39.355289"><ele>81.75</ele></trkpt>
   <trkpt lon="-9.219565" lat="39.355396"><ele>81.0</ele></trkpt>
   <trkpt lon="-9.219485" lat="39.355546"><ele>80.0</ele></trkpt>
   <trkpt lon="-9.219399" lat="39.355785"><ele>78.0</ele></trkpt>
   <trkpt lon="-9.219318" lat="39.356046"><ele>76.25</ele></trkpt>
   <trkpt lon="-9.219216" lat="39.356233"><ele>74.5</ele></trkpt>
   <trkpt lon="-9.219114" lat="39.356451"><ele>72.25</ele></trkpt>
   <trkpt lon="-9.218996" lat="39.356667"><ele>69.5</ele></trkpt>
   <trkpt lon="-9.218903" lat="39.356795"><ele>67.75</ele></trkpt>
   <trkpt lon="-9.218774" lat="39.357004"><ele>65.25</ele></trkpt>
   <trkpt lon="-9.218613" lat="39.357212"><ele>63.0</ele></trkpt>
   <trkpt lon="-9.218167" lat="39.357708"><ele>65.25</ele></trkpt>
   <trkpt lon="-9.218036" lat="39.357843"><ele>64.5</ele></trkpt>
   <trkpt lon="-9.217832" lat="39.358038"><ele>62.5</ele></trkpt>
   <trkpt lon="-9.217760" lat="39.358133"><ele>62.0</ele></trkpt>
   <trkpt lon="-9.217701" lat="39.358278"><ele>61.75</ele></trkpt>
   <trkpt lon="-9.217628" lat="39.358430"><ele>61.25</ele></trkpt>
   <trkpt lon="-9.217535" lat="39.358576"><ele>61.0</ele></trkpt>
   <trkpt lon="-9.217407" lat="39.358710"><ele>60.0</ele></trkpt>
   <trkpt lon="-9.217325" lat="39.358784"><ele>59.75</ele></trkpt>
   <trkpt lon="-9.217137" lat="39.358907"><ele>59.5</ele></trkpt>
   <trkpt lon="-9.216958" lat="39.358999"><ele>59.25</ele></trkpt>
   <trkpt lon="-9.216700" lat="39.359151"><ele>59.75</ele></trkpt>
   <trkpt lon="-9.216585" lat="39.359265"><ele>60.0</ele></trkpt>
   <trkpt lon="-9.216438" lat="39.359478"><ele>60.25</ele></trkpt>
   <trkpt lon="-9.216403" lat="39.359573"><ele>60.75</ele></trkpt>
   <trkpt lon="-9.216362" lat="39.359684"><ele>61.5</ele></trkpt>
   <trkpt lon="-9.216153" lat="39.360130"><ele>63.0</ele></trkpt>
   <trkpt lon="-9.216016" lat="39.360358"><ele>61.5</ele></trkpt>
   <trkpt lon="-9.215990" lat="39.360422"><ele>61.0</ele></trkpt>
   <trkpt lon="-9.215915" lat="39.360740"><ele>58.25</ele></trkpt>
   <trkpt lon="-9.215842" lat="39.361048"><ele>56.0</ele></trkpt>
   <trkpt lon="-9.215777" lat="39.361206"><ele>55.5</ele></trkpt>
   <trkpt lon="-9.215708" lat="39.361309"><ele>55.0</ele></trkpt>
   <trkpt lon="-9.215153" lat="39.361986"><ele>56.25</ele></trkpt>
   <trkpt lon="-9.215104" lat="39.362071"><ele>56.25</ele></trkpt>
   <trkpt lon="-9.215070" lat="39.362191"><ele>56.5</ele><sym>left_slight</sym></trkpt>
   <trkpt lon="-9.215064" lat="39.362326"><ele>56.0</ele></trkpt>
   <trkpt lon="-9.215070" lat="39.362485"><ele>55.25</ele></trkpt>
   <trkpt lon="-9.215121" lat="39.362707"><ele>53.5</ele></trkpt>
   <trkpt lon="-9.215206" lat="39.363000"><ele>50.5</ele><sym>right_slight</sym></trkpt>
   <trkpt lon="-9.215134" lat="39.363127"><ele>50.0</ele></trkpt>
   <trkpt lon="-9.215105" lat="39.363172"><ele>49.75</ele><sym>left</sym></trkpt>
   <trkpt lon="-9.219022" lat="39.364506"><ele>50.25</ele><sym>right</sym></trkpt>
   <trkpt lon="-9.219001" lat="39.364559"><ele>50.25</ele></trkpt>
   <trkpt lon="-9.218854" lat="39.364937"><ele>51.25</ele></trkpt>
   <trkpt lon="-9.218706" lat="39.366038"><ele>49.25</ele></trkpt>
   <trkpt lon="-9.218685" lat="39.366195"><ele>48.75</ele></trkpt>
   <trkpt lon="-9.218613" lat="39.366714"><ele>49.0</ele><sym>right</sym></trkpt>
   <trkpt lon="-9.218436" lat="39.366670"><ele>48.25</ele><sym>left</sym></trkpt>
   <trkpt lon="-9.218315" lat="39.366830"><ele>47.75</ele><sym>right</sym></trkpt>
   <trkpt lon="-9.218098" lat="39.366759"><ele>46.5</ele></trkpt>
   <trkpt lon="-9.217910" lat="39.366712"><ele>45.0</ele><sym>pass_place</sym><type>Shaping</type></trkpt>
   <trkpt lon="-9.217736" lat="39.366705"><ele>44.25</ele><sym>right_slight</sym></trkpt>
   <trkpt lon="-9.217688" lat="39.366653"><ele>43.75</ele></trkpt>
   <trkpt lon="-9.217603" lat="39.366583"><ele>43.25</ele></trkpt>
   <trkpt lon="-9.217447" lat="39.366539"><ele>43.25</ele></trkpt>
   <trkpt lon="-9.217402" lat="39.366528"><ele>43.25</ele></trkpt>
   <trkpt lon="-9.217359" lat="39.366586"><ele>43.5</ele></trkpt>
   <trkpt lon="-9.217278" lat="39.366771"><ele>44.0</ele><sym>left_slight</sym></trkpt>
   <trkpt lon="-9.217521" lat="39.367159"><ele>45.75</ele><sym>right</sym></trkpt>
   <trkpt lon="-9.217254" lat="39.367219"><ele>44.0</ele><sym>left</sym></trkpt>
   <trkpt lon="-9.217286" lat="39.367381"><ele>45.25</ele></trkpt>
   <trkpt lon="-9.217293" lat="39.367471"><ele>46.0</ele></trkpt>
   <trkpt lon="-9.217295" lat="39.367493"><ele>46.0</ele></trkpt>
   <trkpt lon="-9.217220" lat="39.367704"><ele>45.75</ele></trkpt>
   <trkpt lon="-9.217115" lat="39.367913"><ele>46.25</ele></trkpt>
   <trkpt lon="-9.217009" lat="39.368239"><ele>46.75</ele><sym>right</sym></trkpt>
   <trkpt lon="-9.216486" lat="39.368323"><ele>48.25</ele></trkpt>
   <trkpt lon="-9.215711" lat="39.368511"><ele>49.75</ele></trkpt>
   <trkpt lon="-9.214804" lat="39.368649"><ele>52.25</ele></trkpt>
   <trkpt lon="-9.214365" lat="39.368705"><ele>52.5</ele></trkpt>
   <trkpt lon="-9.213881" lat="39.368767"><ele>52.5</ele></trkpt>
   <trkpt lon="-9.213356" lat="39.368845"><ele>51.0</ele></trkpt>
   <trkpt lon="-9.213142" lat="39.368904"><ele>50.0</ele></trkpt>
   <trkpt lon="-9.213019" lat="39.368946"><ele>49.5</ele></trkpt>
   <trkpt lon="-9.212173" lat="39.369240"><ele>46.0</ele></trkpt>
   <trkpt lon="-9.211536" lat="39.369512"><ele>44.75</ele></trkpt>
   <trkpt lon="-9.211480" lat="39.369535"><ele>44.75</ele></trkpt>
   <trkpt lon="-9.211181" lat="39.369663"><ele>42.5</ele></trkpt>
   <trkpt lon="-9.211024" lat="39.369716"><ele>41.25</ele></trkpt>
   <trkpt lon="-9.210671" lat="39.369834"><ele>38.5</ele></trkpt>
   <trkpt lon="-9.210456" lat="39.369880"><ele>37.5</ele></trkpt>
   <trkpt lon="-9.210253" lat="39.369858"><ele>37.25</ele></trkpt>
   <trkpt lon="-9.209899" lat="39.369733"><ele>37.25</ele></trkpt>
   <trkpt lon="-9.209713" lat="39.369704"><ele>37.0</ele></trkpt>
   <trkpt lon="-9.209515" lat="39.369756"><ele>35.75</ele></trkpt>
   <trkpt lon="-9.209330" lat="39.369878"><ele>34.25</ele></trkpt>
   <trkpt lon="-9.209008" lat="39.370173"><ele>32.0</ele></trkpt>
   <trkpt lon="-9.208737" lat="39.370550"><ele>29.5</ele></trkpt>
   <trkpt lon="-9.208686" lat="39.370790"><ele>26.5</ele></trkpt>
   <trkpt lon="-9.208786" lat="39.371276"><ele>19.5</ele></trkpt>
   <trkpt lon="-9.208818" lat="39.371610"><ele>14.0</ele></trkpt>
   <trkpt lon="-9.208775" lat="39.371859"><ele>10.75</ele></trkpt>
   <trkpt lon="-9.208635" lat="39.372050"><ele>8.5</ele></trkpt>
   <trkpt lon="-9.208367" lat="39.372267"><ele>5.75</ele></trkpt>
   <trkpt lon="-9.208168" lat="39.372527"><ele>1.75</ele></trkpt>
   <trkpt lon="-9.208106" lat="39.372734"><ele>1.75</ele></trkpt>
   <trkpt lon="-9.208021" lat="39.373137"><ele>1.0</ele></trkpt>
   <trkpt lon="-9.207975" lat="39.373687"><ele>1.0</ele></trkpt>
   <trkpt lon="-9.207914" lat="39.373833"><ele>1.0</ele><sym>right_slight</sym></trkpt>
   <trkpt lon="-9.207804" lat="39.373884"><ele>1.0</ele></trkpt>
   <trkpt lon="-9.207409" lat="39.373863"><ele>1.0</ele></trkpt>
   <trkpt lon="-9.207015" lat="39.373865"><ele>1.25</ele></trkpt>
   <trkpt lon="-9.206380" lat="39.373889"><ele>1.5</ele></trkpt>
   <trkpt lon="-9.206028" lat="39.373913"><ele>1.5</ele></trkpt>
   <trkpt lon="-9.205784" lat="39.373944"><ele>1.75</ele></trkpt>
   <trkpt lon="-9.205671" lat="39.373990"><ele>1.75</ele><sym>left_slight</sym></trkpt>
   <trkpt lon="-9.205601" lat="39.374110"><ele>1.75</ele></trkpt>
   <trkpt lon="-9.205593" lat="39.374267"><ele>1.5</ele></trkpt>
   <trkpt lon="-9.205783" lat="39.374793"><ele>1.25</ele></trkpt>
   <trkpt lon="-9.205810" lat="39.374870"><ele>1.25</ele></trkpt>
   <trkpt lon="-9.205967" lat="39.375610"><ele>1.0</ele><sym>pass_place</sym><type>Shaping</type></trkpt>
   <trkpt lon="-9.205967" lat="39.375613"><ele>1.0</ele></trkpt>
   <trkpt lon="-9.206017" lat="39.375851"><ele>1.0</ele></trkpt>
   <trkpt lon="-9.206068" lat="39.376666"><ele>1.25</ele></trkpt>
   <trkpt lon="-9.206133" lat="39.378248"><ele>2.25</ele></trkpt>
   <trkpt lon="-9.206092" lat="39.378717"><ele>2.5</ele></trkpt>
   <trkpt lon="-9.205897" lat="39.379747"><ele>2.75</ele></trkpt>
   <trkpt lon="-9.205913" lat="39.379932"><ele>2.5</ele></trkpt>
   <trkpt lon="-9.206009" lat="39.380628"><ele>2.0</ele></trkpt>
   <trkpt lon="-9.205993" lat="39.380821"><ele>1.75</ele></trkpt>
   <trkpt lon="-9.205840" lat="39.382086"><ele>1.25</ele></trkpt>
   <trkpt lon="-9.205765" lat="39.382426"><ele>1.25</ele></trkpt>
   <trkpt lon="-9.205620" lat="39.382828"><ele>1.25</ele></trkpt>
   <trkpt lon="-9.205261" lat="39.383730"><ele>1.25</ele></trkpt>
   <trkpt lon="-9.205003" lat="39.384233"><ele>1.25</ele></trkpt>
   <trkpt lon="-9.204762" lat="39.384607"><ele>1.25</ele></trkpt>
   <trkpt lon="-9.204405" lat="39.385067"><ele>1.25</ele></trkpt>
   <trkpt lon="-9.203989" lat="39.385477"><ele>1.0</ele></trkpt>
   <trkpt lon="-9.203553" lat="39.385814"><ele>1.0</ele></trkpt>
   <trkpt lon="-9.202775" lat="39.386320"><ele>1.0</ele></trkpt>
   <trkpt lon="-9.202657" lat="39.386423"><ele>1.0</ele></trkpt>
   <trkpt lon="-9.202412" lat="39.386736"><ele>1.25</ele></trkpt>
   <trkpt lon="-9.202246" lat="39.386892"><ele>1.25</ele></trkpt>
   <trkpt lon="-9.201307" lat="39.387692"><ele>2.0</ele></trkpt>
   <trkpt lon="-9.200894" lat="39.388059"><ele>2.25</ele></trkpt>
   <trkpt lon="-9.200778" lat="39.388176"><ele>2.25</ele></trkpt>
   <trkpt lon="-9.200673" lat="39.388301"><ele>2.25</ele></trkpt>
   <trkpt lon="-9.200563" lat="39.388452"><ele>2.5</ele><sym>right</sym></trkpt>
   <trkpt lon="-9.200482" lat="39.388415"><ele>2.5</ele></trkpt>
   <trkpt lon="-9.200203" lat="39.388294"><ele>2.5</ele></trkpt>
   <trkpt lon="-9.200128" lat="39.388262"><ele>2.75</ele></trkpt>
   <trkpt lon="-9.199993" lat="39.388200"><ele>3.25</ele></trkpt>
   <trkpt lon="-9.198343" lat="39.387297"><ele>1.0</ele><sym>pass_place</sym><type>Shaping</type></trkpt>
   <trkpt lon="-9.198339" lat="39.387295"><ele>1.0</ele></trkpt>
   <trkpt lon="-9.197406" lat="39.386748"><ele>1.75</ele></trkpt>
   <trkpt lon="-9.197260" lat="39.386677"><ele>1.75</ele></trkpt>
   <trkpt lon="-9.197196" lat="39.386658"><ele>1.75</ele></trkpt>
   <trkpt lon="-9.197136" lat="39.386648"><ele>1.75</ele><sym>right_slight</sym></trkpt>
   <trkpt lon="-9.197133" lat="39.386622"><ele>1.75</ele></trkpt>
   <trkpt lon="-9.197130" lat="39.386596"><ele>2.0</ele></trkpt>
   <trkpt lon="-9.197086" lat="39.386553"><ele>2.0</ele></trkpt>
   <trkpt lon="-9.197009" lat="39.386507"><ele>2.0</ele></trkpt>
   <trkpt lon="-9.196536" lat="39.386221"><ele>2.5</ele></trkpt>
   <trkpt lon="-9.196434" lat="39.386169"><ele>2.5</ele><sym>left_slight</sym></trkpt>
   <trkpt lon="-9.196362" lat="39.386152"><ele>2.75</ele></trkpt>
   <trkpt lon="-9.196236" lat="39.386134"><ele>2.75</ele></trkpt>
   <trkpt lon="-9.196107" lat="39.386132"><ele>3.0</ele></trkpt>
   <trkpt lon="-9.195930" lat="39.386139"><ele>3.5</ele></trkpt>
   <trkpt lon="-9.194904" lat="39.386239"><ele>3.25</ele></trkpt>
   <trkpt lon="-9.194769" lat="39.386250"><ele>3.0</ele></trkpt>
   <trkpt lon="-9.194619" lat="39.386249"><ele>3.0</ele></trkpt>
   <trkpt lon="-9.192108" lat="39.386082"><ele>13.25</ele><sym>right_slight</sym></trkpt>
   <trkpt lon="-9.191985" lat="39.385897"><ele>13.75</ele></trkpt>
   <trkpt lon="-9.191822" lat="39.385707"><ele>16.0</ele></trkpt>
   <trkpt lon="-9.191292" lat="39.384688"><ele>23.5</ele></trkpt>
   <trkpt lon="-9.191288" lat="39.384635"><ele>23.75</ele></trkpt>
   <trkpt lon="-9.191281" lat="39.384534"><ele>24.25</ele></trkpt>
   <trkpt lon="-9.191061" lat="39.384215"><ele>26.75</ele></trkpt>
   <trkpt lon="-9.190789" lat="39.383897"><ele>31.0</ele></trkpt>
   <trkpt lon="-9.190675" lat="39.383763"><ele>32.5</ele></trkpt>
   <trkpt lon="-9.190595" lat="39.383654"><ele>34.0</ele></trkpt>
   <trkpt lon="-9.190582" lat="39.383627"><ele>34.5</ele></trkpt>
   <trkpt lon="-9.190516" lat="39.383506"><ele>35.5</ele></trkpt>
   <trkpt lon="-9.190447" lat="39.383394"><ele>36.75</ele></trkpt>
   <trkpt lon="-9.190315" lat="39.383258"><ele>38.75</ele></trkpt>
   <trkpt lon="-9.190005" lat="39.382950"><ele>43.25</ele></trkpt>
   <trkpt lon="-9.189797" lat="39.382747"><ele>46.0</ele></trkpt>
   <trkpt lon="-9.189740" lat="39.382692"><ele>46.75</ele></trkpt>
   <trkpt lon="-9.189663" lat="39.382617"><ele>47.5</ele><sym>right_slight</sym></trkpt>
   <trkpt lon="-9.189683" lat="39.382550"><ele>47.25</ele></trkpt>
   <trkpt lon="-9.189685" lat="39.382444"><ele>47.25</ele></trkpt>
   <trkpt lon="-9.189577" lat="39.382259"><ele>48.5</ele></trkpt>
   <trkpt lon="-9.189567" lat="39.382201"><ele>48.5</ele><sym>left</sym></trkpt>
   <trkpt lon="-9.189044" lat="39.382134"><ele>50.75</ele></trkpt>
   <trkpt lon="-9.188803" lat="39.382130"><ele>50.25</ele><sym>left_slight</sym></trkpt>
   <trkpt lon="-9.188580" lat="39.382254"><ele>49.5</ele></trkpt>
   <trkpt lon="-9.188472" lat="39.382282"><ele>48.25</ele></trkpt>
   <trkpt lon="-9.188458" lat="39.382304"><ele>48.0</ele><sym>right_slight</sym></trkpt>
   <trkpt lon="-9.188306" lat="39.382339"><ele>46.5</ele></trkpt>
   <trkpt lon="-9.187764" lat="39.382439"><ele>41.5</ele></trkpt>
   <trkpt lon="-9.187533" lat="39.382454"><ele>40.5</ele></trkpt>
   <trkpt lon="-9.187277" lat="39.382471"><ele>39.0</ele></trkpt>
   <trkpt lon="-9.186777" lat="39.382505"><ele>38.0</ele></trkpt>
   <trkpt lon="-9.186225" lat="39.382712"><ele>41.25</ele></trkpt>
   <trkpt lon="-9.185876" lat="39.382799"><ele>42.0</ele></trkpt>
   <trkpt lon="-9.185834" lat="39.382795"><ele>42.0</ele></trkpt>
   <trkpt lon="-9.184916" lat="39.382712"><ele>37.75</ele></trkpt>
   <trkpt lon="-9.183994" lat="39.382645"><ele>33.75</ele><sym>left_slight</sym></trkpt>
   <trkpt lon="-9.183610" lat="39.382843"><ele>32.0</ele></trkpt>
   <trkpt lon="-9.183539" lat="39.382879"><ele>31.75</ele></trkpt>
   <trkpt lon="-9.183422" lat="39.382941"><ele>30.75</ele><sym>roundabout_e2</sym></trkpt>
   <trkpt lon="-9.183376" lat="39.382915"><ele>30.25</ele></trkpt>
   <trkpt lon="-9.183349" lat="39.382910"><ele>30.0</ele></trkpt>
   <trkpt lon="-9.183293" lat="39.382917"><ele>29.75</ele></trkpt>
   <trkpt lon="-9.183269" lat="39.382929"><ele>29.5</ele></trkpt>
   <trkpt lon="-9.183245" lat="39.382950"><ele>29.25</ele></trkpt>
   <trkpt lon="-9.183232" lat="39.382976"><ele>29.25</ele></trkpt>
   <trkpt lon="-9.183231" lat="39.383005"><ele>29.25</ele></trkpt>
   <trkpt lon="-9.183242" lat="39.383032"><ele>29.25</ele></trkpt>
   <trkpt lon="-9.183264" lat="39.383054"><ele>29.5</ele></trkpt>
   <trkpt lon="-9.183174" lat="39.383082"><ele>28.75</ele></trkpt>
   <trkpt lon="-9.182798" lat="39.383216"><ele>27.0</ele></trkpt>
   <trkpt lon="-9.182427" lat="39.383345"><ele>26.25</ele></trkpt>
   <trkpt lon="-9.181982" lat="39.383491"><ele>26.25</ele></trkpt>
   <trkpt lon="-9.181112" lat="39.383781"><ele>26.0</ele><sym>pass_place</sym><type>Shaping</type></trkpt>
   <trkpt lon="-9.181109" lat="39.383783"><ele>26.0</ele></trkpt>
   <trkpt lon="-9.180921" lat="39.383843"><ele>26.5</ele></trkpt>
   <trkpt lon="-9.180688" lat="39.383904"><ele>27.5</ele></trkpt>
   <trkpt lon="-9.180652" lat="39.383912"><ele>27.75</ele></trkpt>
   <trkpt lon="-9.180451" lat="39.383941"><ele>28.25</ele></trkpt>
   <trkpt lon="-9.180387" lat="39.383948"><ele>28.5</ele></trkpt>
   <trkpt lon="-9.179885" lat="39.383995"><ele>28.0</ele></trkpt>
   <trkpt lon="-9.179802" lat="39.384002"><ele>28.0</ele></trkpt>
   <trkpt lon="-9.179432" lat="39.384034"><ele>28.5</ele></trkpt>
   <trkpt lon="-9.179062" lat="39.384066"><ele>28.5</ele></trkpt>
   <trkpt lon="-9.178171" lat="39.384152"><ele>28.75</ele></trkpt>
   <trkpt lon="-9.177863" lat="39.384184"><ele>29.5</ele></trkpt>
   <trkpt lon="-9.177692" lat="39.384220"><ele>30.25</ele></trkpt>
   <trkpt lon="-9.177625" lat="39.384245"><ele>30.5</ele></trkpt>
   <trkpt lon="-9.177114" lat="39.384534"><ele>33.0</ele></trkpt>
   <trkpt lon="-9.176930" lat="39.384616"><ele>33.25</ele></trkpt>
   <trkpt lon="-9.176773" lat="39.384659"><ele>33.0</ele></trkpt>
   <trkpt lon="-9.176666" lat="39.384678"><ele>33.0</ele></trkpt>
   <trkpt lon="-9.176504" lat="39.384697"><ele>33.5</ele></trkpt>
   <trkpt lon="-9.173998" lat="39.384914"><ele>38.75</ele></trkpt>
   <trkpt lon="-9.173796" lat="39.384944"><ele>40.25</ele></trkpt>
   <trkpt lon="-9.173717" lat="39.384968"><ele>41.0</ele></trkpt>
   <trkpt lon="-9.173548" lat="39.385048"><ele>42.5</ele></trkpt>
   <trkpt lon="-9.173473" lat="39.385101"><ele>43.0</ele></trkpt>
   <trkpt lon="-9.173408" lat="39.385159"><ele>43.25</ele></trkpt>
   <trkpt lon="-9.173307" lat="39.385271"><ele>43.75</ele></trkpt>
   <trkpt lon="-9.173228" lat="39.385392"><ele>44.25</ele></trkpt>
   <trkpt lon="-9.172989" lat="39.385883"><ele>45.75</ele></trkpt>
   <trkpt lon="-9.172933" lat="39.385959"><ele>45.75</ele></trkpt>
   <trkpt lon="-9.172881" lat="39.386023"><ele>45.5</ele></trkpt>
   <trkpt lon="-9.172821" lat="39.386077"><ele>45.25</ele></trkpt>
   <trkpt lon="-9.172762" lat="39.386122"><ele>44.75</ele></trkpt>
   <trkpt lon="-9.172691" lat="39.386165"><ele>44.0</ele></trkpt>
   <trkpt lon="-9.172623" lat="39.386196"><ele>43.25</ele></trkpt>
   <trkpt lon="-9.172543" lat="39.386224"><ele>42.75</ele></trkpt>
   <trkpt lon="-9.172456" lat="39.386243"><ele>42.0</ele></trkpt>
   <trkpt lon="-9.172234" lat="39.386265"><ele>40.0</ele></trkpt>
   <trkpt lon="-9.170588" lat="39.386335"><ele>31.75</ele></trkpt>
   <trkpt lon="-9.170458" lat="39.386340"><ele>31.0</ele></trkpt>
   <trkpt lon="-9.170386" lat="39.386326"><ele>30.75</ele></trkpt>
   <trkpt lon="-9.170321" lat="39.386322"><ele>30.25</ele></trkpt>
   <trkpt lon="-9.170219" lat="39.386333"><ele>30.0</ele></trkpt>
   <trkpt lon="-9.170134" lat="39.386351"><ele>30.0</ele><sym>left</sym></trkpt>
   <trkpt lon="-9.170125" lat="39.386406"><ele>30.5</ele></trkpt>
   <trkpt lon="-9.170116" lat="39.386453"><ele>30.5</ele></trkpt>
   <trkpt lon="-9.170134" lat="39.386567"><ele>31.0</ele></trkpt>
   <trkpt lon="-9.170155" lat="39.386797"><ele>31.5</ele></trkpt>
   <trkpt lon="-9.170071" lat="39.387302"><ele>30.75</ele></trkpt>
   <trkpt lon="-9.170048" lat="39.387512"><ele>31.5</ele></trkpt>
   <trkpt lon="-9.170045" lat="39.387608"><ele>32.75</ele></trkpt>
   <trkpt lon="-9.170107" lat="39.388093"><ele>39.0</ele></trkpt>
   <trkpt lon="-9.170098" lat="39.388288"><ele>41.0</ele></trkpt>
   <trkpt lon="-9.170065" lat="39.388744"><ele>41.75</ele></trkpt>
   <trkpt lon="-9.170035" lat="39.388905"><ele>42.0</ele></trkpt>
   <trkpt lon="-9.169997" lat="39.389004"><ele>41.5</ele></trkpt>
   <trkpt lon="-9.169737" lat="39.389585"><ele>41.5</ele></trkpt>
   <trkpt lon="-9.169713" lat="39.389673"><ele>41.75</ele></trkpt>
   <trkpt lon="-9.169701" lat="39.389795"><ele>42.0</ele></trkpt>
   <trkpt lon="-9.169739" lat="39.389952"><ele>42.0</ele></trkpt>
   <trkpt lon="-9.169787" lat="39.390050"><ele>42.0</ele></trkpt>
   <trkpt lon="-9.170148" lat="39.390536"><ele>43.0</ele></trkpt>
   <trkpt lon="-9.170224" lat="39.390676"><ele>43.0</ele></trkpt>
   <trkpt lon="-9.170246" lat="39.390746"><ele>43.0</ele></trkpt>
   <trkpt lon="-9.170274" lat="39.390892"><ele>42.75</ele></trkpt>
   <trkpt lon="-9.170275" lat="39.391483"><ele>44.75</ele></trkpt>
   <trkpt lon="-9.170275" lat="39.391743"><ele>47.0</ele></trkpt>
   <trkpt lon="-9.170289" lat="39.391860"><ele>47.5</ele></trkpt>
   <trkpt lon="-9.170309" lat="39.391961"><ele>47.75</ele></trkpt>
   <trkpt lon="-9.170336" lat="39.392051"><ele>47.0</ele></trkpt>
   <trkpt lon="-9.170389" lat="39.392178"><ele>45.75</ele></trkpt>
   <trkpt lon="-9.170475" lat="39.392313"><ele>44.25</ele></trkpt>
   <trkpt lon="-9.170523" lat="39.392375"><ele>43.25</ele></trkpt>
   <trkpt lon="-9.170587" lat="39.392436"><ele>42.5</ele></trkpt>
   <trkpt lon="-9.170641" lat="39.392475"><ele>42.0</ele></trkpt>
   <trkpt lon="-9.170800" lat="39.392564"><ele>41.5</ele></trkpt>
   <trkpt lon="-9.170927" lat="39.392625"><ele>41.0</ele></trkpt>
   <trkpt lon="-9.171070" lat="39.392684"><ele>40.25</ele></trkpt>
   <trkpt lon="-9.171316" lat="39.392758"><ele>39.25</ele><sym>pass_place</sym><type>Shaping</type></trkpt>
   <trkpt lon="-9.171529" lat="39.392799"><ele>38.25</ele></trkpt>
   <trkpt lon="-9.171626" lat="39.392812"><ele>38.0</ele></trkpt>
   <trkpt lon="-9.171721" lat="39.392817"><ele>37.75</ele></trkpt>
   <trkpt lon="-9.171831" lat="39.392815"><ele>37.25</ele></trkpt>
   <trkpt lon="-9.172262" lat="39.392762"><ele>35.75</ele></trkpt>
   <trkpt lon="-9.172382" lat="39.392754"><ele>34.75</ele></trkpt>
   <trkpt lon="-9.172463" lat="39.392759"><ele>34.25</ele></trkpt>
   <trkpt lon="-9.172534" lat="39.392776"><ele>33.5</ele></trkpt>
   <trkpt lon="-9.172594" lat="39.392804"><ele>32.75</ele></trkpt>
   <trkpt lon="-9.172640" lat="39.392839"><ele>32.25</ele></trkpt>
   <trkpt lon="-9.172682" lat="39.392887"><ele>31.75</ele></trkpt>
   <trkpt lon="-9.173134" lat="39.393603"><ele>28.5</ele></trkpt>
   <trkpt lon="-9.173183" lat="39.393685"><ele>29.0</ele></trkpt>
   <trkpt lon="-9.173226" lat="39.393794"><ele>30.0</ele></trkpt>
   <trkpt lon="-9.173235" lat="39.393840"><ele>30.5</ele></trkpt>
   <trkpt lon="-9.173233" lat="39.393898"><ele>31.0</ele></trkpt>
   <trkpt lon="-9.173178" lat="39.394012"><ele>31.75</ele></trkpt>
   <trkpt lon="-9.173134" lat="39.394064"><ele>32.25</ele></trkpt>
   <trkpt lon="-9.173079" lat="39.394109"><ele>32.5</ele></trkpt>
   <trkpt lon="-9.172884" lat="39.394247"><ele>32.5</ele></trkpt>
   <trkpt lon="-9.172836" lat="39.394296"><ele>32.5</ele></trkpt>
   <trkpt lon="-9.172807" lat="39.394341"><ele>32.25</ele></trkpt>
   <trkpt lon="-9.172786" lat="39.394400"><ele>32.0</ele></trkpt>
   <trkpt lon="-9.172775" lat="39.394464"><ele>31.75</ele></trkpt>
   <trkpt lon="-9.172778" lat="39.394626"><ele>30.5</ele></trkpt>
   <trkpt lon="-9.172814" lat="39.394842"><ele>29.0</ele></trkpt>
   <trkpt lon="-9.172870" lat="39.395001"><ele>28.25</ele></trkpt>
   <trkpt lon="-9.172980" lat="39.395219"><ele>27.75</ele></trkpt>
   <trkpt lon="-9.173333" lat="39.395794"><ele>25.25</ele></trkpt>
   <trkpt lon="-9.173409" lat="39.395886"><ele>24.75</ele></trkpt>
   <trkpt lon="-9.174114" lat="39.396447"><ele>23.0</ele></trkpt>
   <trkpt lon="-9.174316" lat="39.396656"><ele>21.25</ele></trkpt>
   <trkpt lon="-9.174970" lat="39.397281"><ele>19.75</ele></trkpt>
   <trkpt lon="-9.175333" lat="39.397597"><ele>19.25</ele></trkpt>
   <trkpt lon="-9.175788" lat="39.397916"><ele>19.5</ele></trkpt>
   <trkpt lon="-9.175943" lat="39.398043"><ele>18.5</ele></trkpt>
   <trkpt lon="-9.176001" lat="39.398104"><ele>18.0</ele></trkpt>
   <trkpt lon="-9.176278" lat="39.398524"><ele>14.25</ele></trkpt>
   <trkpt lon="-9.176842" lat="39.399188"><ele>11.5</ele></trkpt>
   <trkpt lon="-9.176936" lat="39.399353"><ele>11.75</ele></trkpt>
   <trkpt lon="-9.176976" lat="39.399443"><ele>12.0</ele></trkpt>
   <trkpt lon="-9.177072" lat="39.399706"><ele>12.0</ele></trkpt>
   <trkpt lon="-9.177298" lat="39.400291"><ele>7.75</ele></trkpt>
   <trkpt lon="-9.177468" lat="39.400696"><ele>2.5</ele></trkpt>
   <trkpt lon="-9.177497" lat="39.400786"><ele>1.5</ele></trkpt>
   <trkpt lon="-9.177513" lat="39.400876"><ele>1.0</ele></trkpt>
   <trkpt lon="-9.177507" lat="39.401010"><ele>1.0</ele></trkpt>
   <trkpt lon="-9.177470" lat="39.401145"><ele>1.0</ele></trkpt>
   <trkpt lon="-9.177383" lat="39.401335"><ele>1.5</ele></trkpt>
   <trkpt lon="-9.177336" lat="39.401433"><ele>2.0</ele></trkpt>
   <trkpt lon="-9.177126" lat="39.401930"><ele>3.75</ele></trkpt>
   <trkpt lon="-9.177086" lat="39.402047"><ele>4.0</ele></trkpt>
   <trkpt lon="-9.176728" lat="39.403253"><ele>8.25</ele></trkpt>
   <trkpt lon="-9.176607" lat="39.403518"><ele>8.25</ele></trkpt>
   <trkpt lon="-9.176560" lat="39.403678"><ele>9.5</ele></trkpt>
   <trkpt lon="-9.176556" lat="39.403840"><ele>10.0</ele></trkpt>
   <trkpt lon="-9.176594" lat="39.404094"><ele>11.0</ele></trkpt>
   <trkpt lon="-9.176610" lat="39.404151"><ele>11.25</ele></trkpt>
   <trkpt lon="-9.176642" lat="39.404208"><ele>11.75</ele></trkpt>
   <trkpt lon="-9.176695" lat="39.404265"><ele>12.75</ele></trkpt>
   <trkpt lon="-9.176955" lat="39.404498"><ele>17.25</ele></trkpt>
   <trkpt lon="-9.176998" lat="39.404547"><ele>18.5</ele></trkpt>
   <trkpt lon="-9.177094" lat="39.404684"><ele>21.0</ele></trkpt>
   <trkpt lon="-9.177315" lat="39.404876"><ele>25.25</ele></trkpt>
   <trkpt lon="-9.177361" lat="39.404924"><ele>25.75</ele></trkpt>
   <trkpt lon="-9.177412" lat="39.404983"><ele>26.0</ele></trkpt>
   <trkpt lon="-9.177609" lat="39.405283"><ele>25.75</ele></trkpt>
   <trkpt lon="-9.178058" lat="39.405921"><ele>29.0</ele></trkpt>
   <trkpt lon="-9.178121" lat="39.406026"><ele>30.0</ele></trkpt>
   <trkpt lon="-9.178182" lat="39.406149"><ele>31.25</ele><sym>pass_place</sym><type>Shaping</type></trkpt>
   <trkpt lon="-9.178182" lat="39.406151"><ele>31.25</ele></trkpt>
   <trkpt lon="-9.178283" lat="39.406405"><ele>33.75</ele></trkpt>
   <trkpt lon="-9.178333" lat="39.406488"><ele>34.25</ele></trkpt>
   <trkpt lon="-9.178380" lat="39.406546"><ele>34.5</ele></trkpt>
   <trkpt lon="-9.178451" lat="39.406604"><ele>35.0</ele></trkpt>
   <trkpt lon="-9.178507" lat="39.406664"><ele>35.5</ele></trkpt>
   <trkpt lon="-9.178572" lat="39.406787"><ele>36.0</ele></trkpt>
   <trkpt lon="-9.179032" lat="39.407853"><ele>39.0</ele></trkpt>
   <trkpt lon="-9.179111" lat="39.407972"><ele>40.0</ele></trkpt>
   <trkpt lon="-9.179207" lat="39.408076"><ele>41.25</ele></trkpt>
   <trkpt lon="-9.179273" lat="39.408132"><ele>41.75</ele></trkpt>
   <trkpt lon="-9.179833" lat="39.408512"><ele>44.5</ele></trkpt>
   <trkpt lon="-9.179948" lat="39.408576"><ele>44.75</ele></trkpt>
   <trkpt lon="-9.180020" lat="39.408624"><ele>45.0</ele></trkpt>
   <trkpt lon="-9.180164" lat="39.408754"><ele>45.0</ele></trkpt>
   <trkpt lon="-9.181083" lat="39.409810"><ele>48.5</ele></trkpt>
   <trkpt lon="-9.181206" lat="39.409995"><ele>48.0</ele></trkpt>
   <trkpt lon="-9.181241" lat="39.410079"><ele>47.75</ele></trkpt>
   <trkpt lon="-9.181267" lat="39.410179"><ele>47.5</ele></trkpt>
   <trkpt lon="-9.181317" lat="39.410459"><ele>46.75</ele></trkpt>
   <trkpt lon="-9.181325" lat="39.410547"><ele>46.75</ele><sym>right_slight</sym></trkpt>
   <trkpt lon="-9.180315" lat="39.411397"><ele>50.0</ele></trkpt>
   <trkpt lon="-9.179865" lat="39.411764"><ele>53.5</ele></trkpt>
   <trkpt lon="-9.179073" lat="39.412415"><ele>63.0</ele></trkpt>
   <trkpt lon="-9.179007" lat="39.412474"><ele>63.75</ele></trkpt>
   <trkpt lon="-9.178461" lat="39.412922"><ele>66.25</ele></trkpt>
   <trkpt lon="-9.177643" lat="39.413520"><ele>65.25</ele></trkpt>
   <trkpt lon="-9.177610" lat="39.413574"><ele>65.5</ele><sym>left</sym></trkpt>
   <trkpt lon="-9.177755" lat="39.413639"><ele>64.75</ele></trkpt>
   <trkpt lon="-9.178214" lat="39.413865"><ele>60.0</ele></trkpt>
   <trkpt lon="-9.179266" lat="39.414394"><ele>53.75</ele></trkpt>
   <trkpt lon="-9.179380" lat="39.414458"><ele>53.5</ele></trkpt>
   <trkpt lon="-9.179479" lat="39.414536"><ele>52.75</ele></trkpt>
   <trkpt lon="-9.179597" lat="39.414676"><ele>51.75</ele></trkpt>
   <trkpt lon="-9.180316" lat="39.415686"><ele>44.75</ele></trkpt>
   <trkpt lon="-9.180414" lat="39.415816"><ele>44.0</ele></trkpt>
   <trkpt lon="-9.180526" lat="39.415928"><ele>43.5</ele></trkpt>
   <trkpt lon="-9.181115" lat="39.416415"><ele>38.75</ele></trkpt>
   <trkpt lon="-9.181306" lat="39.416580"><ele>38.25</ele></trkpt>
   <trkpt lon="-9.182034" lat="39.417184"><ele>36.75</ele></trkpt>
   <trkpt lon="-9.182160" lat="39.417314"><ele>36.75</ele></trkpt>
   <trkpt lon="-9.182357" lat="39.417563"><ele>36.75</ele></trkpt>
   <trkpt lon="-9.183134" lat="39.418622"><ele>33.0</ele></trkpt>
   <trkpt lon="-9.183225" lat="39.418708"><ele>33.0</ele></trkpt>
   <trkpt lon="-9.183318" lat="39.418761"><ele>32.75</ele><sym>pass_place</sym><type>Shaping</type></trkpt>
   <trkpt lon="-9.183401" lat="39.418799"><ele>32.25</ele></trkpt>
   <trkpt lon="-9.183889" lat="39.418990"><ele>30.25</ele></trkpt>
   <trkpt lon="-9.183930" lat="39.419010"><ele>30.0</ele></trkpt>
   <trkpt lon="-9.184065" lat="39.419075"><ele>28.75</ele></trkpt>
   <trkpt lon="-9.184139" lat="39.419118"><ele>28.25</ele></trkpt>
   <trkpt lon="-9.184200" lat="39.419157"><ele>27.5</ele></trkpt>
   <trkpt lon="-9.184257" lat="39.419211"><ele>26.75</ele></trkpt>
   <trkpt lon="-9.184372" lat="39.419366"><ele>24.5</ele></trkpt>
   <trkpt lon="-9.184617" lat="39.419832"><ele>19.25</ele></trkpt>
   <trkpt lon="-9.184668" lat="39.419903"><ele>18.5</ele></trkpt>
   <trkpt lon="-9.184718" lat="39.419954"><ele>17.75</ele></trkpt>
   <trkpt lon="-9.184790" lat="39.420005"><ele>16.5</ele></trkpt>
   <trkpt lon="-9.184856" lat="39.420031"><ele>15.25</ele></trkpt>
   <trkpt lon="-9.184949" lat="39.420048"><ele>13.75</ele></trkpt>
   <trkpt lon="-9.185072" lat="39.420051"><ele>12.5</ele></trkpt>
   <trkpt lon="-9.185187" lat="39.420040"><ele>11.75</ele></trkpt>
   <trkpt lon="-9.185288" lat="39.420014"><ele>11.0</ele></trkpt>
   <trkpt lon="-9.185370" lat="39.419975"><ele>10.5</ele></trkpt>
   <trkpt lon="-9.185424" lat="39.419920"><ele>10.0</ele></trkpt>
   <trkpt lon="-9.185467" lat="39.419855"><ele>9.25</ele></trkpt>
   <trkpt lon="-9.185621" lat="39.419561"><ele>8.0</ele></trkpt>
   <trkpt lon="-9.185658" lat="39.419506"><ele>8.0</ele></trkpt>
   <trkpt lon="-9.185732" lat="39.419420"><ele>7.5</ele></trkpt>
   <trkpt lon="-9.185776" lat="39.419387"><ele>7.0</ele></trkpt>
   <trkpt lon="-9.185829" lat="39.419357"><ele>6.5</ele></trkpt>
   <trkpt lon="-9.185902" lat="39.419326"><ele>6.25</ele></trkpt>
   <trkpt lon="-9.186015" lat="39.419286"><ele>6.0</ele></trkpt>
   <trkpt lon="-9.186104" lat="39.419268"><ele>6.0</ele></trkpt>
   <trkpt lon="-9.186229" lat="39.419255"><ele>6.25</ele></trkpt>
   <trkpt lon="-9.186349" lat="39.419250"><ele>6.5</ele></trkpt>
   <trkpt lon="-9.186441" lat="39.419253"><ele>7.25</ele></trkpt>
   <trkpt lon="-9.186584" lat="39.419291"><ele>8.75</ele></trkpt>
   <trkpt lon="-9.186705" lat="39.419353"><ele>10.25</ele></trkpt>
   <trkpt lon="-9.186769" lat="39.419397"><ele>11.0</ele></trkpt>
   <trkpt lon="-9.186821" lat="39.419443"><ele>11.5</ele></trkpt>
   <trkpt lon="-9.186917" lat="39.419575"><ele>12.0</ele></trkpt>
   <trkpt lon="-9.186967" lat="39.419668"><ele>12.25</ele></trkpt>
   <trkpt lon="-9.187010" lat="39.419807"><ele>13.0</ele></trkpt>
   <trkpt lon="-9.187045" lat="39.420066"><ele>15.0</ele></trkpt>
   <trkpt lon="-9.187055" lat="39.420124"><ele>15.75</ele></trkpt>
   <trkpt lon="-9.187075" lat="39.420183"><ele>16.5</ele></trkpt>
   <trkpt lon="-9.187246" lat="39.420450"><ele>21.0</ele></trkpt>
   <trkpt lon="-9.187410" lat="39.420794"><ele>24.0</ele><sym>left_slight</sym></trkpt>
   <trkpt lon="-9.187487" lat="39.420776"><ele>24.5</ele></trkpt>
   <trkpt lon="-9.187654" lat="39.420819"><ele>26.5</ele></trkpt>
   <trkpt lon="-9.187721" lat="39.420826"><ele>27.25</ele></trkpt>
   <trkpt lon="-9.187786" lat="39.420818"><ele>28.0</ele></trkpt>
   <trkpt lon="-9.188219" lat="39.420667"><ele>31.5</ele></trkpt>
   <trkpt lon="-9.188469" lat="39.420621"><ele>33.25</ele></trkpt>
   <trkpt lon="-9.188539" lat="39.420615"><ele>33.5</ele></trkpt>
   <trkpt lon="-9.188636" lat="39.420630"><ele>33.75</ele><sym>straight</sym></trkpt>
   <trkpt lon="-9.188911" lat="39.420635"><ele>35.5</ele></trkpt>
   <trkpt lon="-9.189362" lat="39.420538"><ele>39.5</ele></trkpt>
   <trkpt lon="-9.189556" lat="39.420482"><ele>41.0</ele></trkpt>
   <trkpt lon="-9.189702" lat="39.420401"><ele>42.25</ele></trkpt>
   <trkpt lon="-9.190205" lat="39.419890"><ele>45.5</ele><sym>right_slight</sym></trkpt>
   <trkpt lon="-9.190214" lat="39.419880"><ele>45.75</ele></trkpt>
   <trkpt lon="-9.190324" lat="39.419840"><ele>46.0</ele></trkpt>
   <trkpt lon="-9.190422" lat="39.419804"><ele>46.25</ele></trkpt>
   <trkpt lon="-9.190745" lat="39.419687"><ele>46.25</ele></trkpt>
   <trkpt lon="-9.190833" lat="39.419647"><ele>46.0</ele></trkpt>
   <trkpt lon="-9.191120" lat="39.419592"><ele>45.25</ele></trkpt>
   <trkpt lon="-9.191493" lat="39.419557"><ele>42.75</ele></trkpt>
   <trkpt lon="-9.192496" lat="39.419455"><ele>36.0</ele></trkpt>
   <trkpt lon="-9.192942" lat="39.419420"><ele>34.0</ele></trkpt>
   <trkpt lon="-9.193215" lat="39.419423"><ele>34.5</ele></trkpt>
   <trkpt lon="-9.193604" lat="39.419536"><ele>35.0</ele></trkpt>
   <trkpt lon="-9.193985" lat="39.419612"><ele>35.0</ele></trkpt>
   <trkpt lon="-9.194204" lat="39.419599"><ele>35.0</ele></trkpt>
   <trkpt lon="-9.194463" lat="39.419582"><ele>35.5</ele></trkpt>
   <trkpt lon="-9.195785" lat="39.419362"><ele>31.75</ele></trkpt>
   <trkpt lon="-9.196127" lat="39.419305"><ele>33.0</ele></trkpt>
   <trkpt lon="-9.196949" lat="39.419201"><ele>35.75</ele></trkpt>
   <trkpt lon="-9.197570" lat="39.419134"><ele>39.5</ele></trkpt>
   <trkpt lon="-9.197657" lat="39.419122"><ele>40.0</ele></trkpt>
   <trkpt lon="-9.197801" lat="39.419088"><ele>41.0</ele></trkpt>
   <trkpt lon="-9.198055" lat="39.418988"><ele>41.75</ele></trkpt>
   <trkpt lon="-9.198758" lat="39.418713"><ele>45.25</ele></trkpt>
   <trkpt lon="-9.198808" lat="39.418693"><ele>45.5</ele></trkpt>
   <trkpt lon="-9.199557" lat="39.418395"><ele>51.5</ele><sym>right</sym></trkpt>
   <trkpt lon="-9.199563" lat="39.418393"><ele>51.0</ele><sym>pass_place</sym><type>Shaping</type></trkpt>
   <trkpt lon="-9.199557" lat="39.418395"><ele>51.5</ele></trkpt>
   <trkpt lon="-9.199961" lat="39.419055"><ele>52.25</ele></trkpt>
   <trkpt lon="-9.200260" lat="39.419646"><ele>52.25</ele><sym>left</sym></trkpt>
   <trkpt lon="-9.200370" lat="39.419624"><ele>52.0</ele></trkpt>
   <trkpt lon="-9.200576" lat="39.419625"><ele>51.75</ele></trkpt>
   <trkpt lon="-9.200722" lat="39.419643"><ele>51.0</ele></trkpt>
   <trkpt lon="-9.200945" lat="39.419722"><ele>49.75</ele></trkpt>
   <trkpt lon="-9.201248" lat="39.419818"><ele>47.25</ele></trkpt>
   <trkpt lon="-9.201418" lat="39.419880"><ele>46.25</ele></trkpt>
   <trkpt lon="-9.201573" lat="39.419963"><ele>45.5</ele></trkpt>
   <trkpt lon="-9.201644" lat="39.420008"><ele>45.25</ele><sym>right_slight</sym></trkpt>
   <trkpt lon="-9.201770" lat="39.420223"><ele>45.75</ele></trkpt>
   <trkpt lon="-9.201802" lat="39.420264"><ele>45.75</ele></trkpt>
   <trkpt lon="-9.201844" lat="39.420303"><ele>45.5</ele></trkpt>
   <trkpt lon="-9.201894" lat="39.420339"><ele>45.25</ele></trkpt>
   <trkpt lon="-9.202312" lat="39.420595"><ele>40.75</ele></trkpt>
   <trkpt lon="-9.202423" lat="39.420664"><ele>39.5</ele></trkpt>
   <trkpt lon="-9.202743" lat="39.420860"><ele>36.5</ele></trkpt>
   <trkpt lon="-9.202889" lat="39.420930"><ele>35.0</ele></trkpt>
   <trkpt lon="-9.203144" lat="39.421027"><ele>32.5</ele></trkpt>
   <trkpt lon="-9.203387" lat="39.421105"><ele>30.25</ele></trkpt>
   <trkpt lon="-9.203770" lat="39.421343"><ele>27.75</ele></trkpt>
   <trkpt lon="-9.204089" lat="39.421726"><ele>27.25</ele></trkpt>
   <trkpt lon="-9.204234" lat="39.422095"><ele>27.0</ele></trkpt>
   <trkpt lon="-9.204617" lat="39.422366"><ele>24.0</ele></trkpt>
   <trkpt lon="-9.205282" lat="39.423125"><ele>22.25</ele><sym>left_slight</sym></trkpt>
   <trkpt lon="-9.205747" lat="39.423268"><ele>20.0</ele></trkpt>
   <trkpt lon="-9.206232" lat="39.423771"><ele>15.0</ele></trkpt>
   <trkpt lon="-9.206266" lat="39.423793"><ele>14.75</ele></trkpt>
   <trkpt lon="-9.206377" lat="39.423842"><ele>13.75</ele></trkpt>
   <trkpt lon="-9.206666" lat="39.423924"><ele>11.5</ele><sym>left_slight</sym></trkpt>
   <trkpt lon="-9.207138" lat="39.423879"><ele>6.75</ele></trkpt>
   <trkpt lon="-9.208008" lat="39.423437"><ele>4.0</ele></trkpt>
   <trkpt lon="-9.208069" lat="39.423396"><ele>3.75</ele><sym>right</sym></trkpt>
   <trkpt lon="-9.208474" lat="39.423682"><ele>4.25</ele></trkpt>
   <trkpt lon="-9.208719" lat="39.423856"><ele>6.0</ele></trkpt>
   <trkpt lon="-9.208849" lat="39.423951"><ele>6.75</ele></trkpt>
   <trkpt lon="-9.209879" lat="39.424704"><ele>5.0</ele></trkpt>
   <trkpt lon="-9.210124" lat="39.424906"><ele>4.5</ele></trkpt>
   <trkpt lon="-9.210430" lat="39.425193"><ele>4.0</ele></trkpt>
   <trkpt lon="-9.210758" lat="39.425497"><ele>3.5</ele></trkpt>
   <trkpt lon="-9.211847" lat="39.426693"><ele>1.5</ele></trkpt>
   <trkpt lon="-9.212148" lat="39.427036"><ele>1.5</ele></trkpt>
   <trkpt lon="-9.212388" lat="39.427289"><ele>1.75</ele></trkpt>
   <trkpt lon="-9.213625" lat="39.428660"><ele>2.0</ele></trkpt>
   <trkpt lon="-9.213627" lat="39.428661"><ele>2.25</ele><sym>pass_place</sym><type>Shaping</type></trkpt>
   <trkpt lon="-9.214205" lat="39.429301"><ele>2.25</ele></trkpt>
   <trkpt lon="-9.214893" lat="39.430109"><ele>1.5</ele></trkpt>
   <trkpt lon="-9.215223" lat="39.430482"><ele>2.0</ele></trkpt>
   <trkpt lon="-9.215632" lat="39.430975"><ele>2.0</ele></trkpt>
   <trkpt lon="-9.216119" lat="39.431424"><ele>4.0</ele></trkpt>
   <trkpt lon="-9.216217" lat="39.431498"><ele>3.75</ele></trkpt>
   <trkpt lon="-9.216822" lat="39.431888"><ele>5.25</ele></trkpt>
   <trkpt lon="-9.216958" lat="39.432049"><ele>6.75</ele></trkpt>
   <trkpt lon="-9.216988" lat="39.432085"><ele>7.0</ele><sym>roundabout_e1</sym></trkpt>
   <trkpt lon="-9.216996" lat="39.432119"><ele>7.25</ele></trkpt>
   <trkpt lon="-9.217017" lat="39.432151"><ele>7.5</ele></trkpt>
   <trkpt lon="-9.216960" lat="39.432403"><ele>8.5</ele></trkpt>
   <trkpt lon="-9.216862" lat="39.432549"><ele>9.0</ele></trkpt>
   <trkpt lon="-9.216820" lat="39.432635"><ele>9.25</ele></trkpt>
   <trkpt lon="-9.216786" lat="39.432730"><ele>9.5</ele><sym>u-turn</sym><type>Via</type></trkpt>
   <trkpt lon="-9.216820" lat="39.432635"><ele>9.25</ele></trkpt>
   <trkpt lon="-9.216862" lat="39.432549"><ele>9.0</ele></trkpt>
   <trkpt lon="-9.216960" lat="39.432403"><ele>8.5</ele></trkpt>
   <trkpt lon="-9.217135" lat="39.432247"><ele>8.5</ele></trkpt>
   <trkpt lon="-9.217186" lat="39.432201"><ele>8.5</ele><sym>roundabout_e3</sym></trkpt>
   <trkpt lon="-9.217230" lat="39.432188"><ele>8.75</ele></trkpt>
   <trkpt lon="-9.217265" lat="39.432167"><ele>8.75</ele></trkpt>
   <trkpt lon="-9.217291" lat="39.432140"><ele>8.5</ele></trkpt>
   <trkpt lon="-9.217307" lat="39.432108"><ele>8.25</ele></trkpt>
   <trkpt lon="-9.217311" lat="39.432072"><ele>8.0</ele></trkpt>
   <trkpt lon="-9.217301" lat="39.432037"><ele>7.75</ele></trkpt>
   <trkpt lon="-9.217282" lat="39.432008"><ele>7.5</ele></trkpt>
   <trkpt lon="-9.217253" lat="39.431984"><ele>7.25</ele></trkpt>
   <trkpt lon="-9.217217" lat="39.431967"><ele>7.0</ele></trkpt>
   <trkpt lon="-9.217177" lat="39.431957"><ele>6.75</ele></trkpt>
   <trkpt lon="-9.217129" lat="39.431956"><ele>6.5</ele></trkpt>
   <trkpt lon="-9.217083" lat="39.431966"><ele>6.5</ele></trkpt>
   <trkpt lon="-9.216822" lat="39.431888"><ele>5.25</ele></trkpt>
   <trkpt lon="-9.216217" lat="39.431498"><ele>3.75</ele></trkpt>
   <trkpt lon="-9.216119" lat="39.431424"><ele>4.0</ele></trkpt>
   <trkpt lon="-9.215632" lat="39.430975"><ele>2.0</ele></trkpt>
   <trkpt lon="-9.215223" lat="39.430482"><ele>2.0</ele></trkpt>
   <trkpt lon="-9.214893" lat="39.430109"><ele>1.5</ele></trkpt>
   <trkpt lon="-9.214205" lat="39.429301"><ele>2.25</ele></trkpt>
   <trkpt lon="-9.213625" lat="39.428660"><ele>2.0</ele></trkpt>
   <trkpt lon="-9.212388" lat="39.427289"><ele>1.75</ele></trkpt>
   <trkpt lon="-9.212148" lat="39.427036"><ele>1.5</ele></trkpt>
   <trkpt lon="-9.211847" lat="39.426693"><ele>2.0</ele></trkpt>
   <trkpt lon="-9.210758" lat="39.425497"><ele>4.75</ele></trkpt>
   <trkpt lon="-9.210430" lat="39.425193"><ele>5.5</ele></trkpt>
   <trkpt lon="-9.210124" lat="39.424906"><ele>6.0</ele></trkpt>
   <trkpt lon="-9.209879" lat="39.424704"><ele>6.5</ele></trkpt>
   <trkpt lon="-9.208849" lat="39.423951"><ele>6.75</ele></trkpt>
   <trkpt lon="-9.208719" lat="39.423856"><ele>6.0</ele></trkpt>
   <trkpt lon="-9.208474" lat="39.423682"><ele>4.25</ele></trkpt>
   <trkpt lon="-9.208069" lat="39.423396"><ele>3.75</ele></trkpt>
   <trkpt lon="-9.207750" lat="39.423169"><ele>3.75</ele></trkpt>
   <trkpt lon="-9.206877" lat="39.422537"><ele>4.75</ele></trkpt>
   <trkpt lon="-9.206544" lat="39.422266"><ele>5.75</ele></trkpt>
   <trkpt lon="-9.206412" lat="39.422149"><ele>5.25</ele></trkpt>
   <trkpt lon="-9.206181" lat="39.421923"><ele>5.0</ele></trkpt>
   <trkpt lon="-9.206061" lat="39.421789"><ele>4.75</ele></trkpt>
   <trkpt lon="-9.205297" lat="39.420873"><ele>4.75</ele></trkpt>
   <trkpt lon="-9.205075" lat="39.420582"><ele>6.25</ele></trkpt>
   <trkpt lon="-9.204915" lat="39.420324"><ele>5.5</ele><sym>pass_place</sym><type>Shaping</type></trkpt>
   <trkpt lon="-9.204691" lat="39.419927"><ele>5.0</ele></trkpt>
   <trkpt lon="-9.204490" lat="39.419551"><ele>4.5</ele></trkpt>
   <trkpt lon="-9.204277" lat="39.419079"><ele>4.0</ele></trkpt>
   <trkpt lon="-9.204020" lat="39.418307"><ele>3.25</ele></trkpt>
   <trkpt lon="-9.203845" lat="39.417552"><ele>3.5</ele></trkpt>
   <trkpt lon="-9.203830" lat="39.417476"><ele>3.25</ele><sym>left_sharp</sym></trkpt>
   <trkpt lon="-9.203772" lat="39.417488"><ele>3.75</ele></trkpt>
   <trkpt lon="-9.203664" lat="39.417545"><ele>4.75</ele></trkpt>
   <trkpt lon="-9.203495" lat="39.417635"><ele>7.5</ele></trkpt>
   <trkpt lon="-9.203323" lat="39.417977"><ele>11.0</ele></trkpt>
   <trkpt lon="-9.203017" lat="39.418154"><ele>17.75</ele></trkpt>
   <trkpt lon="-9.202782" lat="39.418176"><ele>22.25</ele></trkpt>
   <trkpt lon="-9.202200" lat="39.417874"><ele>28.0</ele></trkpt>
   <trkpt lon="-9.201897" lat="39.417889"><ele>31.0</ele></trkpt>
   <trkpt lon="-9.201445" lat="39.418041"><ele>36.5</ele></trkpt>
   <trkpt lon="-9.201037" lat="39.418039"><ele>39.75</ele></trkpt>
   <trkpt lon="-9.200745" lat="39.418024"><ele>43.5</ele></trkpt>
   <trkpt lon="-9.200354" lat="39.418075"><ele>48.25</ele></trkpt>
   <trkpt lon="-9.200083" lat="39.418191"><ele>51.0</ele></trkpt>
   <trkpt lon="-9.199557" lat="39.418395"><ele>51.5</ele></trkpt>
   <trkpt lon="-9.198808" lat="39.418693"><ele>45.5</ele></trkpt>
   <trkpt lon="-9.198758" lat="39.418713"><ele>45.25</ele></trkpt>
   <trkpt lon="-9.198055" lat="39.418988"><ele>41.75</ele></trkpt>
   <trkpt lon="-9.197801" lat="39.419088"><ele>41.0</ele></trkpt>
   <trkpt lon="-9.197657" lat="39.419122"><ele>40.0</ele></trkpt>
   <trkpt lon="-9.197570" lat="39.419134"><ele>39.5</ele></trkpt>
   <trkpt lon="-9.196949" lat="39.419201"><ele>35.75</ele></trkpt>
   <trkpt lon="-9.196127" lat="39.419305"><ele>33.0</ele></trkpt>
   <trkpt lon="-9.195785" lat="39.419362"><ele>31.75</ele></trkpt>
   <trkpt lon="-9.194463" lat="39.419582"><ele>35.5</ele></trkpt>
   <trkpt lon="-9.194204" lat="39.419599"><ele>35.0</ele></trkpt>
   <trkpt lon="-9.193985" lat="39.419612"><ele>35.0</ele></trkpt>
   <trkpt lon="-9.193604" lat="39.419536"><ele>35.0</ele></trkpt>
   <trkpt lon="-9.193215" lat="39.419423"><ele>34.5</ele></trkpt>
   <trkpt lon="-9.192942" lat="39.419420"><ele>34.0</ele></trkpt>
   <trkpt lon="-9.192496" lat="39.419455"><ele>36.0</ele></trkpt>
   <trkpt lon="-9.191493" lat="39.419557"><ele>42.75</ele></trkpt>
   <trkpt lon="-9.191120" lat="39.419592"><ele>45.25</ele></trkpt>
   <trkpt lon="-9.190833" lat="39.419647"><ele>46.0</ele><sym>right</sym></trkpt>
   <trkpt lon="-9.190746" lat="39.419438"><ele>45.75</ele></trkpt>
   <trkpt lon="-9.190628" lat="39.419222"><ele>45.75</ele></trkpt>
   <trkpt lon="-9.190599" lat="39.419109"><ele>45.25</ele></trkpt>
   <trkpt lon="-9.190606" lat="39.419063"><ele>45.0</ele><sym>left</sym></trkpt>
   <trkpt lon="-9.190472" lat="39.418994"><ele>44.75</ele></trkpt>
   <trkpt lon="-9.190213" lat="39.418862"><ele>44.75</ele></trkpt>
   <trkpt lon="-9.190064" lat="39.418807"><ele>44.5</ele></trkpt>
   <trkpt lon="-9.189903" lat="39.418770"><ele>44.0</ele></trkpt>
   <trkpt lon="-9.189744" lat="39.418753"><ele>43.5</ele></trkpt>
   <trkpt lon="-9.189600" lat="39.418757"><ele>43.0</ele></trkpt>
   <trkpt lon="-9.189569" lat="39.418771"><ele>43.0</ele></trkpt>
   <trkpt lon="-9.189547" lat="39.418781"><ele>42.75</ele></trkpt>
   <trkpt lon="-9.189372" lat="39.418904"><ele>42.5</ele></trkpt>
   <trkpt lon="-9.189313" lat="39.418925"><ele>42.5</ele><sym>right_slight</sym></trkpt>
   <trkpt lon="-9.189120" lat="39.418912"><ele>41.5</ele><sym>left</sym></trkpt>
   <trkpt lon="-9.189067" lat="39.419028"><ele>41.25</ele></trkpt>
   <trkpt lon="-9.189041" lat="39.419082"><ele>41.25</ele></trkpt>
   <trkpt lon="-9.189006" lat="39.419157"><ele>41.25</ele></trkpt>
   <trkpt lon="-9.188880" lat="39.419468"><ele>39.75</ele><sym>pass_place</sym><type>Shaping</type></trkpt>
   <trkpt lon="-9.188879" lat="39.419470"><ele>39.75</ele></trkpt>
   <trkpt lon="-9.188852" lat="39.419552"><ele>39.5</ele></trkpt>
   <trkpt lon="-9.188838" lat="39.419626"><ele>39.0</ele></trkpt>
   <trkpt lon="-9.188815" lat="39.420037"><ele>36.0</ele></trkpt>
   <trkpt lon="-9.188799" lat="39.420115"><ele>35.5</ele></trkpt>
   <trkpt lon="-9.188715" lat="39.420382"><ele>34.25</ele></trkpt>
   <trkpt lon="-9.188636" lat="39.420630"><ele>33.75</ele></trkpt>
   <trkpt lon="-9.188475" lat="39.421173"><ele>30.0</ele></trkpt>
   <trkpt lon="-9.188397" lat="39.421457"><ele>27.5</ele></trkpt>
   <trkpt lon="-9.188345" lat="39.421696"><ele>24.75</ele></trkpt>
   <trkpt lon="-9.188332" lat="39.421799"><ele>24.0</ele></trkpt>
   <trkpt lon="-9.188323" lat="39.421984"><ele>22.5</ele></trkpt>
   <trkpt lon="-9.188326" lat="39.422097"><ele>21.75</ele><sym>right</sym></trkpt>
   <trkpt lon="-9.188271" lat="39.422098"><ele>21.75</ele></trkpt>
   <trkpt lon="-9.188179" lat="39.422087"><ele>21.5</ele></trkpt>
   <trkpt lon="-9.188084" lat="39.422044"><ele>21.5</ele></trkpt>
   <trkpt lon="-9.187995" lat="39.421982"><ele>21.5</ele></trkpt>
   <trkpt lon="-9.187918" lat="39.421911"><ele>21.5</ele></trkpt>
   <trkpt lon="-9.187867" lat="39.421852"><ele>21.75</ele></trkpt>
   <trkpt lon="-9.187821" lat="39.421771"><ele>22.25</ele></trkpt>
   <trkpt lon="-9.187787" lat="39.421680"><ele>22.75</ele></trkpt>
   <trkpt lon="-9.187743" lat="39.421497"><ele>23.5</ele></trkpt>
   <trkpt lon="-9.187673" lat="39.421268"><ele>24.5</ele></trkpt>
   <trkpt lon="-9.187583" lat="39.421098"><ele>24.5</ele></trkpt>
   <trkpt lon="-9.187410" lat="39.420794"><ele>24.0</ele><sym>stay_right</sym></trkpt>
   <trkpt lon="-9.187246" lat="39.420450"><ele>21.0</ele></trkpt>
   <trkpt lon="-9.187075" lat="39.420183"><ele>16.5</ele></trkpt>
   <trkpt lon="-9.187055" lat="39.420124"><ele>15.75</ele></trkpt>
   <trkpt lon="-9.187045" lat="39.420066"><ele>15.0</ele></trkpt>
   <trkpt lon="-9.187010" lat="39.419807"><ele>13.0</ele></trkpt>
   <trkpt lon="-9.186967" lat="39.419668"><ele>12.25</ele></trkpt>
   <trkpt lon="-9.186917" lat="39.419575"><ele>12.0</ele></trkpt>
   <trkpt lon="-9.186821" lat="39.419443"><ele>11.5</ele></trkpt>
   <trkpt lon="-9.186769" lat="39.419397"><ele>11.0</ele></trkpt>
   <trkpt lon="-9.186705" lat="39.419353"><ele>10.25</ele></trkpt>
   <trkpt lon="-9.186584" lat="39.419291"><ele>8.75</ele></trkpt>
   <trkpt lon="-9.186441" lat="39.419253"><ele>7.25</ele></trkpt>
   <trkpt lon="-9.186349" lat="39.419250"><ele>6.5</ele></trkpt>
   <trkpt lon="-9.186229" lat="39.419255"><ele>6.25</ele></trkpt>
   <trkpt lon="-9.186104" lat="39.419268"><ele>6.0</ele></trkpt>
   <trkpt lon="-9.186015" lat="39.419286"><ele>6.0</ele></trkpt>
   <trkpt lon="-9.185902" lat="39.419326"><ele>6.25</ele></trkpt>
   <trkpt lon="-9.185829" lat="39.419357"><ele>6.5</ele></trkpt>
   <trkpt lon="-9.185776" lat="39.419387"><ele>7.0</ele></trkpt>
   <trkpt lon="-9.185732" lat="39.419420"><ele>7.5</ele></trkpt>
   <trkpt lon="-9.185658" lat="39.419506"><ele>8.0</ele></trkpt>
   <trkpt lon="-9.185621" lat="39.419561"><ele>8.0</ele></trkpt>
   <trkpt lon="-9.185467" lat="39.419855"><ele>9.25</ele></trkpt>
   <trkpt lon="-9.185424" lat="39.419920"><ele>10.0</ele></trkpt>
   <trkpt lon="-9.185370" lat="39.419975"><ele>10.5</ele></trkpt>
   <trkpt lon="-9.185288" lat="39.420014"><ele>11.0</ele></trkpt>
   <trkpt lon="-9.185187" lat="39.420040"><ele>11.75</ele></trkpt>
   <trkpt lon="-9.185072" lat="39.420051"><ele>12.5</ele></trkpt>
   <trkpt lon="-9.184949" lat="39.420048"><ele>13.75</ele></trkpt>
   <trkpt lon="-9.184856" lat="39.420031"><ele>15.25</ele></trkpt>
   <trkpt lon="-9.184790" lat="39.420005"><ele>16.5</ele></trkpt>
   <trkpt lon="-9.184718" lat="39.419954"><ele>17.75</ele></trkpt>
   <trkpt lon="-9.184668" lat="39.419903"><ele>18.5</ele></trkpt>
   <trkpt lon="-9.184617" lat="39.419832"><ele>19.25</ele></trkpt>
   <trkpt lon="-9.184372" lat="39.419366"><ele>24.5</ele></trkpt>
   <trkpt lon="-9.184257" lat="39.419211"><ele>26.75</ele></trkpt>
   <trkpt lon="-9.184200" lat="39.419157"><ele>27.5</ele></trkpt>
   <trkpt lon="-9.184139" lat="39.419118"><ele>28.25</ele></trkpt>
   <trkpt lon="-9.184065" lat="39.419075"><ele>28.75</ele></trkpt>
   <trkpt lon="-9.183930" lat="39.419010"><ele>30.0</ele></trkpt>
   <trkpt lon="-9.183889" lat="39.418990"><ele>30.25</ele></trkpt>
   <trkpt lon="-9.183401" lat="39.418799"><ele>32.25</ele></trkpt>
   <trkpt lon="-9.183318" lat="39.418761"><ele>32.75</ele></trkpt>
   <trkpt lon="-9.183225" lat="39.418708"><ele>33.0</ele></trkpt>
   <trkpt lon="-9.183134" lat="39.418622"><ele>33.0</ele></trkpt>
   <trkpt lon="-9.182357" lat="39.417563"><ele>36.75</ele></trkpt>
   <trkpt lon="-9.182160" lat="39.417314"><ele>36.75</ele></trkpt>
   <trkpt lon="-9.182034" lat="39.417184"><ele>36.75</ele></trkpt>
   <trkpt lon="-9.181306" lat="39.416580"><ele>38.25</ele></trkpt>
   <trkpt lon="-9.181115" lat="39.416415"><ele>38.75</ele></trkpt>
   <trkpt lon="-9.180526" lat="39.415928"><ele>43.5</ele></trkpt>
   <trkpt lon="-9.180414" lat="39.415816"><ele>44.0</ele></trkpt>
   <trkpt lon="-9.180316" lat="39.415686"><ele>44.75</ele></trkpt>
   <trkpt lon="-9.179597" lat="39.414676"><ele>51.75</ele></trkpt>
   <trkpt lon="-9.179479" lat="39.414536"><ele>52.75</ele></trkpt>
   <trkpt lon="-9.179380" lat="39.414458"><ele>53.5</ele></trkpt>
   <trkpt lon="-9.179266" lat="39.414394"><ele>53.75</ele></trkpt>
   <trkpt lon="-9.178214" lat="39.413865"><ele>60.0</ele></trkpt>
   <trkpt lon="-9.177755" lat="39.413639"><ele>64.75</ele><sym>pass_place</sym><type>Shaping</type></trkpt>
   <trkpt lon="-9.177610" lat="39.413574"><ele>65.5</ele><sym>right_sharp</sym></trkpt>
   <trkpt lon="-9.177643" lat="39.413520"><ele>65.25</ele></trkpt>
   <trkpt lon="-9.178461" lat="39.412922"><ele>66.25</ele></trkpt>
   <trkpt lon="-9.179007" lat="39.412474"><ele>63.75</ele></trkpt>
   <trkpt lon="-9.179073" lat="39.412415"><ele>63.0</ele></trkpt>
   <trkpt lon="-9.179865" lat="39.411764"><ele>53.5</ele></trkpt>
   <trkpt lon="-9.180315" lat="39.411397"><ele>50.0</ele></trkpt>
   <trkpt lon="-9.181325" lat="39.410547"><ele>46.75</ele><sym>left_slight</sym></trkpt>
   <trkpt lon="-9.181317" lat="39.410459"><ele>46.75</ele></trkpt>
   <trkpt lon="-9.181267" lat="39.410179"><ele>47.5</ele></trkpt>
   <trkpt lon="-9.181241" lat="39.410079"><ele>47.75</ele></trkpt>
   <trkpt lon="-9.181206" lat="39.409995"><ele>48.0</ele></trkpt>
   <trkpt lon="-9.181083" lat="39.409810"><ele>48.5</ele></trkpt>
   <trkpt lon="-9.180164" lat="39.408754"><ele>45.0</ele></trkpt>
   <trkpt lon="-9.180020" lat="39.408624"><ele>45.0</ele></trkpt>
   <trkpt lon="-9.179948" lat="39.408576"><ele>44.75</ele></trkpt>
   <trkpt lon="-9.179833" lat="39.408512"><ele>44.5</ele></trkpt>
   <trkpt lon="-9.179273" lat="39.408132"><ele>41.75</ele></trkpt>
   <trkpt lon="-9.179207" lat="39.408076"><ele>41.25</ele></trkpt>
   <trkpt lon="-9.179111" lat="39.407972"><ele>40.0</ele></trkpt>
   <trkpt lon="-9.179032" lat="39.407853"><ele>39.0</ele></trkpt>
   <trkpt lon="-9.178572" lat="39.406787"><ele>36.0</ele></trkpt>
   <trkpt lon="-9.178507" lat="39.406664"><ele>35.5</ele></trkpt>
   <trkpt lon="-9.178451" lat="39.406604"><ele>35.0</ele></trkpt>
   <trkpt lon="-9.178380" lat="39.406546"><ele>34.5</ele></trkpt>
   <trkpt lon="-9.178333" lat="39.406488"><ele>34.25</ele></trkpt>
   <trkpt lon="-9.178283" lat="39.406405"><ele>33.75</ele></trkpt>
   <trkpt lon="-9.178182" lat="39.406151"><ele>31.25</ele></trkpt>
   <trkpt lon="-9.178121" lat="39.406026"><ele>30.0</ele></trkpt>
   <trkpt lon="-9.178058" lat="39.405921"><ele>29.0</ele></trkpt>
   <trkpt lon="-9.177609" lat="39.405283"><ele>25.75</ele></trkpt>
   <trkpt lon="-9.177412" lat="39.404983"><ele>26.0</ele></trkpt>
   <trkpt lon="-9.177361" lat="39.404924"><ele>25.75</ele></trkpt>
   <trkpt lon="-9.177315" lat="39.404876"><ele>25.25</ele></trkpt>
   <trkpt lon="-9.177094" lat="39.404684"><ele>21.0</ele></trkpt>
   <trkpt lon="-9.176998" lat="39.404547"><ele>18.5</ele></trkpt>
   <trkpt lon="-9.176955" lat="39.404498"><ele>17.25</ele></trkpt>
   <trkpt lon="-9.176695" lat="39.404265"><ele>12.75</ele></trkpt>
   <trkpt lon="-9.176642" lat="39.404208"><ele>11.75</ele></trkpt>
   <trkpt lon="-9.176610" lat="39.404151"><ele>11.25</ele></trkpt>
   <trkpt lon="-9.176594" lat="39.404094"><ele>11.0</ele></trkpt>
   <trkpt lon="-9.176556" lat="39.403840"><ele>10.0</ele></trkpt>
   <trkpt lon="-9.176560" lat="39.403678"><ele>9.5</ele></trkpt>
   <trkpt lon="-9.176607" lat="39.403518"><ele>8.25</ele></trkpt>
   <trkpt lon="-9.176728" lat="39.403253"><ele>7.25</ele></trkpt>
   <trkpt lon="-9.177086" lat="39.402047"><ele>3.25</ele></trkpt>
   <trkpt lon="-9.177126" lat="39.401930"><ele>3.0</ele></trkpt>
   <trkpt lon="-9.177336" lat="39.401433"><ele>1.25</ele></trkpt>
   <trkpt lon="-9.177383" lat="39.401335"><ele>0.75</ele></trkpt>
   <trkpt lon="-9.177470" lat="39.401145"><ele>1.0</ele></trkpt>
   <trkpt lon="-9.177507" lat="39.401010"><ele>1.0</ele></trkpt>
   <trkpt lon="-9.177513" lat="39.400876"><ele>1.0</ele></trkpt>
   <trkpt lon="-9.177497" lat="39.400786"><ele>1.5</ele></trkpt>
   <trkpt lon="-9.177468" lat="39.400696"><ele>2.5</ele></trkpt>
   <trkpt lon="-9.177298" lat="39.400291"><ele>7.75</ele></trkpt>
   <trkpt lon="-9.177074" lat="39.399709"><ele>12.0</ele><sym>pass_place</sym><type>Shaping</type></trkpt>
   <trkpt lon="-9.177072" lat="39.399706"><ele>12.0</ele></trkpt>
   <trkpt lon="-9.176976" lat="39.399443"><ele>12.0</ele></trkpt>
   <trkpt lon="-9.176936" lat="39.399353"><ele>11.75</ele></trkpt>
   <trkpt lon="-9.176842" lat="39.399188"><ele>11.5</ele></trkpt>
   <trkpt lon="-9.176278" lat="39.398524"><ele>14.25</ele></trkpt>
   <trkpt lon="-9.176001" lat="39.398104"><ele>18.0</ele></trkpt>
   <trkpt lon="-9.175943" lat="39.398043"><ele>18.5</ele></trkpt>
   <trkpt lon="-9.175788" lat="39.397916"><ele>19.5</ele></trkpt>
   <trkpt lon="-9.175333" lat="39.397597"><ele>19.25</ele></trkpt>
   <trkpt lon="-9.174970" lat="39.397281"><ele>19.75</ele></trkpt>
   <trkpt lon="-9.174316" lat="39.396656"><ele>21.25</ele></trkpt>
   <trkpt lon="-9.174114" lat="39.396447"><ele>23.0</ele></trkpt>
   <trkpt lon="-9.173409" lat="39.395886"><ele>24.75</ele></trkpt>
   <trkpt lon="-9.173333" lat="39.395794"><ele>25.25</ele></trkpt>
   <trkpt lon="-9.172980" lat="39.395219"><ele>27.75</ele></trkpt>
   <trkpt lon="-9.172870" lat="39.395001"><ele>28.25</ele></trkpt>
   <trkpt lon="-9.172814" lat="39.394842"><ele>29.0</ele></trkpt>
   <trkpt lon="-9.172778" lat="39.394626"><ele>30.5</ele></trkpt>
   <trkpt lon="-9.172775" lat="39.394464"><ele>31.75</ele></trkpt>
   <trkpt lon="-9.172786" lat="39.394400"><ele>32.0</ele></trkpt>
   <trkpt lon="-9.172807" lat="39.394341"><ele>32.25</ele></trkpt>
   <trkpt lon="-9.172836" lat="39.394296"><ele>32.5</ele></trkpt>
   <trkpt lon="-9.172884" lat="39.394247"><ele>32.5</ele></trkpt>
   <trkpt lon="-9.173079" lat="39.394109"><ele>32.5</ele></trkpt>
   <trkpt lon="-9.173134" lat="39.394064"><ele>32.25</ele></trkpt>
   <trkpt lon="-9.173178" lat="39.394012"><ele>31.75</ele></trkpt>
   <trkpt lon="-9.173233" lat="39.393898"><ele>31.0</ele></trkpt>
   <trkpt lon="-9.173235" lat="39.393840"><ele>30.5</ele></trkpt>
   <trkpt lon="-9.173226" lat="39.393794"><ele>30.0</ele></trkpt>
   <trkpt lon="-9.173183" lat="39.393685"><ele>29.0</ele></trkpt>
   <trkpt lon="-9.173134" lat="39.393603"><ele>28.5</ele></trkpt>
   <trkpt lon="-9.172682" lat="39.392887"><ele>31.75</ele></trkpt>
   <trkpt lon="-9.172640" lat="39.392839"><ele>32.25</ele></trkpt>
   <trkpt lon="-9.172594" lat="39.392804"><ele>32.75</ele></trkpt>
   <trkpt lon="-9.172534" lat="39.392776"><ele>33.5</ele></trkpt>
   <trkpt lon="-9.172463" lat="39.392759"><ele>34.25</ele></trkpt>
   <trkpt lon="-9.172382" lat="39.392754"><ele>34.75</ele></trkpt>
   <trkpt lon="-9.172262" lat="39.392762"><ele>35.75</ele></trkpt>
   <trkpt lon="-9.171831" lat="39.392815"><ele>37.25</ele></trkpt>
   <trkpt lon="-9.171721" lat="39.392817"><ele>37.75</ele></trkpt>
   <trkpt lon="-9.171626" lat="39.392812"><ele>38.0</ele></trkpt>
   <trkpt lon="-9.171529" lat="39.392799"><ele>38.25</ele></trkpt>
   <trkpt lon="-9.171316" lat="39.392758"><ele>39.25</ele></trkpt>
   <trkpt lon="-9.171070" lat="39.392684"><ele>40.25</ele></trkpt>
   <trkpt lon="-9.170927" lat="39.392625"><ele>41.0</ele></trkpt>
   <trkpt lon="-9.170800" lat="39.392564"><ele>41.5</ele></trkpt>
   <trkpt lon="-9.170641" lat="39.392475"><ele>42.0</ele></trkpt>
   <trkpt lon="-9.170587" lat="39.392436"><ele>42.5</ele></trkpt>
   <trkpt lon="-9.170523" lat="39.392375"><ele>43.25</ele></trkpt>
   <trkpt lon="-9.170475" lat="39.392313"><ele>44.25</ele></trkpt>
   <trkpt lon="-9.170389" lat="39.392178"><ele>45.75</ele></trkpt>
   <trkpt lon="-9.170336" lat="39.392051"><ele>47.0</ele></trkpt>
   <trkpt lon="-9.170309" lat="39.391961"><ele>47.75</ele></trkpt>
   <trkpt lon="-9.170289" lat="39.391860"><ele>47.5</ele></trkpt>
   <trkpt lon="-9.170275" lat="39.391743"><ele>47.0</ele></trkpt>
   <trkpt lon="-9.170275" lat="39.391483"><ele>44.75</ele></trkpt>
   <trkpt lon="-9.170274" lat="39.390892"><ele>42.75</ele></trkpt>
   <trkpt lon="-9.170246" lat="39.390746"><ele>43.0</ele></trkpt>
   <trkpt lon="-9.170224" lat="39.390676"><ele>43.0</ele></trkpt>
   <trkpt lon="-9.170148" lat="39.390536"><ele>43.0</ele></trkpt>
   <trkpt lon="-9.169787" lat="39.390050"><ele>42.0</ele></trkpt>
   <trkpt lon="-9.169739" lat="39.389952"><ele>42.0</ele></trkpt>
   <trkpt lon="-9.169701" lat="39.389795"><ele>42.0</ele></trkpt>
   <trkpt lon="-9.169713" lat="39.389673"><ele>41.75</ele></trkpt>
   <trkpt lon="-9.169737" lat="39.389585"><ele>41.5</ele></trkpt>
   <trkpt lon="-9.169997" lat="39.389004"><ele>41.5</ele></trkpt>
   <trkpt lon="-9.170035" lat="39.388905"><ele>42.0</ele></trkpt>
   <trkpt lon="-9.170065" lat="39.388744"><ele>41.75</ele></trkpt>
   <trkpt lon="-9.170098" lat="39.388288"><ele>41.0</ele></trkpt>
   <trkpt lon="-9.170107" lat="39.388093"><ele>39.0</ele></trkpt>
   <trkpt lon="-9.170045" lat="39.387608"><ele>32.75</ele></trkpt>
   <trkpt lon="-9.170048" lat="39.387512"><ele>31.5</ele></trkpt>
   <trkpt lon="-9.170071" lat="39.387302"><ele>30.75</ele></trkpt>
   <trkpt lon="-9.170155" lat="39.386797"><ele>31.5</ele></trkpt>
   <trkpt lon="-9.170134" lat="39.386567"><ele>31.0</ele></trkpt>
   <trkpt lon="-9.170116" lat="39.386453"><ele>30.5</ele></trkpt>
   <trkpt lon="-9.170125" lat="39.386406"><ele>30.5</ele><sym>right</sym></trkpt>
   <trkpt lon="-9.170371" lat="39.386359"><ele>31.0</ele><sym>pass_place</sym><type>Shaping</type></trkpt>
   <trkpt lon="-9.170374" lat="39.386359"><ele>31.0</ele></trkpt>
   <trkpt lon="-9.170458" lat="39.386340"><ele>31.0</ele></trkpt>
   <trkpt lon="-9.170588" lat="39.386335"><ele>31.75</ele></trkpt>
   <trkpt lon="-9.172234" lat="39.386265"><ele>40.0</ele></trkpt>
   <trkpt lon="-9.172456" lat="39.386243"><ele>42.0</ele></trkpt>
   <trkpt lon="-9.172543" lat="39.386224"><ele>42.75</ele></trkpt>
   <trkpt lon="-9.172623" lat="39.386196"><ele>43.25</ele></trkpt>
   <trkpt lon="-9.172691" lat="39.386165"><ele>44.0</ele></trkpt>
   <trkpt lon="-9.172762" lat="39.386122"><ele>44.75</ele></trkpt>
   <trkpt lon="-9.172821" lat="39.386077"><ele>45.25</ele></trkpt>
   <trkpt lon="-9.172881" lat="39.386023"><ele>45.5</ele></trkpt>
   <trkpt lon="-9.172933" lat="39.385959"><ele>45.75</ele></trkpt>
   <trkpt lon="-9.172989" lat="39.385883"><ele>45.75</ele></trkpt>
   <trkpt lon="-9.173228" lat="39.385392"><ele>44.25</ele></trkpt>
   <trkpt lon="-9.173307" lat="39.385271"><ele>43.75</ele></trkpt>
   <trkpt lon="-9.173408" lat="39.385159"><ele>43.25</ele></trkpt>
   <trkpt lon="-9.173473" lat="39.385101"><ele>43.0</ele></trkpt>
   <trkpt lon="-9.173548" lat="39.385048"><ele>42.5</ele></trkpt>
   <trkpt lon="-9.173717" lat="39.384968"><ele>41.0</ele></trkpt>
   <trkpt lon="-9.173796" lat="39.384944"><ele>40.25</ele></trkpt>
   <trkpt lon="-9.173998" lat="39.384914"><ele>38.75</ele></trkpt>
   <trkpt lon="-9.176504" lat="39.384697"><ele>33.5</ele></trkpt>
   <trkpt lon="-9.176666" lat="39.384678"><ele>33.0</ele></trkpt>
   <trkpt lon="-9.176773" lat="39.384659"><ele>33.0</ele></trkpt>
   <trkpt lon="-9.176930" lat="39.384616"><ele>33.25</ele></trkpt>
   <trkpt lon="-9.177114" lat="39.384534"><ele>33.0</ele></trkpt>
   <trkpt lon="-9.177625" lat="39.384245"><ele>30.5</ele></trkpt>
   <trkpt lon="-9.177692" lat="39.384220"><ele>30.25</ele></trkpt>
   <trkpt lon="-9.177863" lat="39.384184"><ele>29.5</ele></trkpt>
   <trkpt lon="-9.178171" lat="39.384152"><ele>28.75</ele></trkpt>
   <trkpt lon="-9.179062" lat="39.384066"><ele>28.5</ele></trkpt>
   <trkpt lon="-9.179432" lat="39.384034"><ele>28.5</ele></trkpt>
   <trkpt lon="-9.179802" lat="39.384002"><ele>28.0</ele></trkpt>
   <trkpt lon="-9.179885" lat="39.383995"><ele>28.0</ele></trkpt>
   <trkpt lon="-9.180387" lat="39.383948"><ele>28.5</ele></trkpt>
   <trkpt lon="-9.180451" lat="39.383941"><ele>28.25</ele></trkpt>
   <trkpt lon="-9.180652" lat="39.383912"><ele>27.75</ele></trkpt>
   <trkpt lon="-9.180688" lat="39.383904"><ele>27.5</ele></trkpt>
   <trkpt lon="-9.180921" lat="39.383843"><ele>26.5</ele></trkpt>
   <trkpt lon="-9.181109" lat="39.383783"><ele>26.0</ele></trkpt>
   <trkpt lon="-9.181982" lat="39.383491"><ele>26.25</ele></trkpt>
   <trkpt lon="-9.182427" lat="39.383345"><ele>26.25</ele></trkpt>
   <trkpt lon="-9.182798" lat="39.383216"><ele>27.0</ele></trkpt>
   <trkpt lon="-9.183174" lat="39.383082"><ele>28.75</ele></trkpt>
   <trkpt lon="-9.183264" lat="39.383054"><ele>29.5</ele><sym>roundabout_e1</sym></trkpt>
   <trkpt lon="-9.183288" lat="39.383067"><ele>29.5</ele></trkpt>
   <trkpt lon="-9.183345" lat="39.383076"><ele>30.0</ele></trkpt>
   <trkpt lon="-9.183399" lat="39.383061"><ele>30.5</ele></trkpt>
   <trkpt lon="-9.183454" lat="39.383119"><ele>31.25</ele></trkpt>
   <trkpt lon="-9.184227" lat="39.383955"><ele>34.25</ele></trkpt>
   <trkpt lon="-9.184484" lat="39.384210"><ele>35.25</ele></trkpt>
   <trkpt lon="-9.184857" lat="39.384609"><ele>38.0</ele></trkpt>
   <trkpt lon="-9.185005" lat="39.384806"><ele>39.0</ele></trkpt>
   <trkpt lon="-9.185078" lat="39.384925"><ele>39.25</ele></trkpt>
   <trkpt lon="-9.185132" lat="39.385028"><ele>39.5</ele></trkpt>
   <trkpt lon="-9.185151" lat="39.385093"><ele>39.5</ele></trkpt>
   <trkpt lon="-9.185182" lat="39.385223"><ele>39.75</ele></trkpt>
   <trkpt lon="-9.185246" lat="39.385578"><ele>38.75</ele></trkpt>
   <trkpt lon="-9.185297" lat="39.385791"><ele>37.0</ele></trkpt>
   <trkpt lon="-9.185370" lat="39.386058"><ele>35.0</ele></trkpt>
   <trkpt lon="-9.185410" lat="39.386186"><ele>34.25</ele></trkpt>
   <trkpt lon="-9.185472" lat="39.386352"><ele>33.25</ele></trkpt>
   <trkpt lon="-9.185567" lat="39.386609"><ele>32.0</ele></trkpt>
   <trkpt lon="-9.185588" lat="39.386664"><ele>31.75</ele></trkpt>
   <trkpt lon="-9.185671" lat="39.386881"><ele>30.5</ele></trkpt>
   <trkpt lon="-9.185753" lat="39.387093"><ele>30.5</ele></trkpt>
   <trkpt lon="-9.185878" lat="39.387418"><ele>30.25</ele></trkpt>
   <trkpt lon="-9.185950" lat="39.387607"><ele>29.5</ele></trkpt>
   <trkpt lon="-9.186133" lat="39.388078"><ele>28.75</ele></trkpt>
   <trkpt lon="-9.186134" lat="39.388079"><ele>28.25</ele><sym>pass_place</sym><type>Shaping</type></trkpt>
   <trkpt lon="-9.186195" lat="39.388237"><ele>28.25</ele></trkpt>
   <trkpt lon="-9.186199" lat="39.388246"><ele>28.0</ele></trkpt>
   <trkpt lon="-9.186559" lat="39.389149"><ele>23.0</ele></trkpt>
   <trkpt lon="-9.186694" lat="39.389511"><ele>23.0</ele></trkpt>
   <trkpt lon="-9.186801" lat="39.389765"><ele>24.0</ele></trkpt>
   <trkpt lon="-9.186843" lat="39.389845"><ele>24.5</ele></trkpt>
   <trkpt lon="-9.186887" lat="39.389909"><ele>24.75</ele></trkpt>
   <trkpt lon="-9.186944" lat="39.389985"><ele>24.75</ele></trkpt>
   <trkpt lon="-9.187107" lat="39.390134"><ele>25.25</ele></trkpt>
   <trkpt lon="-9.187179" lat="39.390187"><ele>25.0</ele></trkpt>
   <trkpt lon="-9.188501" lat="39.391067"><ele>19.0</ele></trkpt>
   <trkpt lon="-9.190744" lat="39.392544"><ele>9.0</ele></trkpt>
   <trkpt lon="-9.190839" lat="39.392601"><ele>8.5</ele></trkpt>
   <trkpt lon="-9.190929" lat="39.392646"><ele>7.5</ele></trkpt>
   <trkpt lon="-9.191017" lat="39.392676"><ele>6.75</ele></trkpt>
   <trkpt lon="-9.191107" lat="39.392695"><ele>6.0</ele></trkpt>
   <trkpt lon="-9.191284" lat="39.392702"><ele>5.5</ele></trkpt>
   <trkpt lon="-9.191384" lat="39.392692"><ele>5.75</ele></trkpt>
   <trkpt lon="-9.191572" lat="39.392653"><ele>6.0</ele></trkpt>
   <trkpt lon="-9.191641" lat="39.392628"><ele>6.25</ele></trkpt>
   <trkpt lon="-9.191722" lat="39.392574"><ele>6.25</ele></trkpt>
   <trkpt lon="-9.191750" lat="39.392547"><ele>6.25</ele></trkpt>
   <trkpt lon="-9.191793" lat="39.392452"><ele>6.75</ele></trkpt>
   <trkpt lon="-9.191813" lat="39.392373"><ele>7.5</ele></trkpt>
   <trkpt lon="-9.191874" lat="39.392030"><ele>8.5</ele></trkpt>
   <trkpt lon="-9.191903" lat="39.391930"><ele>8.0</ele></trkpt>
   <trkpt lon="-9.192083" lat="39.391454"><ele>3.5</ele></trkpt>
   <trkpt lon="-9.192103" lat="39.391377"><ele>3.25</ele></trkpt>
   <trkpt lon="-9.192111" lat="39.391304"><ele>3.0</ele></trkpt>
   <trkpt lon="-9.192104" lat="39.391231"><ele>2.75</ele></trkpt>
   <trkpt lon="-9.192082" lat="39.391150"><ele>3.0</ele></trkpt>
   <trkpt lon="-9.191775" lat="39.390570"><ele>6.5</ele></trkpt>
   <trkpt lon="-9.191746" lat="39.390501"><ele>7.25</ele></trkpt>
   <trkpt lon="-9.191733" lat="39.390441"><ele>7.5</ele></trkpt>
   <trkpt lon="-9.191726" lat="39.390301"><ele>7.75</ele></trkpt>
   <trkpt lon="-9.191813" lat="39.389066"><ele>4.5</ele></trkpt>
   <trkpt lon="-9.191846" lat="39.388913"><ele>4.5</ele></trkpt>
   <trkpt lon="-9.191874" lat="39.388852"><ele>4.75</ele></trkpt>
   <trkpt lon="-9.191900" lat="39.388799"><ele>4.75</ele></trkpt>
   <trkpt lon="-9.191979" lat="39.388706"><ele>5.0</ele></trkpt>
   <trkpt lon="-9.192038" lat="39.388654"><ele>4.75</ele></trkpt>
   <trkpt lon="-9.192124" lat="39.388594"><ele>4.0</ele></trkpt>
   <trkpt lon="-9.192205" lat="39.388547"><ele>3.25</ele></trkpt>
   <trkpt lon="-9.193539" lat="39.387766"><ele>1.0</ele></trkpt>
   <trkpt lon="-9.193787" lat="39.387654"><ele>1.0</ele></trkpt>
   <trkpt lon="-9.193889" lat="39.387617"><ele>1.0</ele></trkpt>
   <trkpt lon="-9.194163" lat="39.387536"><ele>1.25</ele></trkpt>
   <trkpt lon="-9.196189" lat="39.386874"><ele>2.0</ele></trkpt>
   <trkpt lon="-9.196688" lat="39.386721"><ele>2.25</ele></trkpt>
   <trkpt lon="-9.196825" lat="39.386686"><ele>2.25</ele></trkpt>
   <trkpt lon="-9.196961" lat="39.386660"><ele>2.5</ele></trkpt>
   <trkpt lon="-9.197063" lat="39.386646"><ele>2.5</ele></trkpt>
   <trkpt lon="-9.197136" lat="39.386648"><ele>2.5</ele><sym>right_slight</sym></trkpt>
   <trkpt lon="-9.197196" lat="39.386658"><ele>2.5</ele></trkpt>
   <trkpt lon="-9.197260" lat="39.386677"><ele>2.5</ele></trkpt>
   <trkpt lon="-9.197406" lat="39.386748"><ele>2.75</ele></trkpt>
   <trkpt lon="-9.198339" lat="39.387295"><ele>3.25</ele></trkpt>
   <trkpt lon="-9.198343" lat="39.387297"><ele>3.25</ele><sym>pass_place</sym><type>Shaping</type></trkpt>
   <trkpt lon="-9.199993" lat="39.388200"><ele>3.25</ele></trkpt>
   <trkpt lon="-9.200128" lat="39.388262"><ele>2.75</ele></trkpt>
   <trkpt lon="-9.200203" lat="39.388294"><ele>2.5</ele></trkpt>
   <trkpt lon="-9.200482" lat="39.388415"><ele>2.5</ele></trkpt>
   <trkpt lon="-9.200563" lat="39.388452"><ele>2.5</ele><sym>left</sym></trkpt>
   <trkpt lon="-9.200673" lat="39.388301"><ele>2.25</ele></trkpt>
   <trkpt lon="-9.200778" lat="39.388176"><ele>2.25</ele></trkpt>
   <trkpt lon="-9.200894" lat="39.388059"><ele>2.0</ele></trkpt>
   <trkpt lon="-9.201307" lat="39.387692"><ele>1.75</ele></trkpt>
   <trkpt lon="-9.202246" lat="39.386892"><ele>1.25</ele></trkpt>
   <trkpt lon="-9.202412" lat="39.386736"><ele>1.0</ele></trkpt>
   <trkpt lon="-9.202657" lat="39.386423"><ele>1.0</ele></trkpt>
   <trkpt lon="-9.202775" lat="39.386320"><ele>1.0</ele></trkpt>
   <trkpt lon="-9.203553" lat="39.385814"><ele>1.0</ele></trkpt>
   <trkpt lon="-9.203989" lat="39.385477"><ele>1.0</ele></trkpt>
   <trkpt lon="-9.204405" lat="39.385067"><ele>1.0</ele></trkpt>
   <trkpt lon="-9.204762" lat="39.384607"><ele>1.0</ele></trkpt>
   <trkpt lon="-9.205003" lat="39.384233"><ele>1.0</ele></trkpt>
   <trkpt lon="-9.205261" lat="39.383730"><ele>1.0</ele></trkpt>
   <trkpt lon="-9.205620" lat="39.382828"><ele>1.0</ele></trkpt>
   <trkpt lon="-9.205765" lat="39.382426"><ele>1.0</ele></trkpt>
   <trkpt lon="-9.205840" lat="39.382086"><ele>1.0</ele></trkpt>
   <trkpt lon="-9.205993" lat="39.380821"><ele>2.0</ele></trkpt>
   <trkpt lon="-9.206009" lat="39.380628"><ele>2.25</ele></trkpt>
   <trkpt lon="-9.205913" lat="39.379932"><ele>2.75</ele></trkpt>
   <trkpt lon="-9.205897" lat="39.379747"><ele>2.75</ele></trkpt>
   <trkpt lon="-9.206092" lat="39.378717"><ele>2.0</ele></trkpt>
   <trkpt lon="-9.206133" lat="39.378248"><ele>1.75</ele></trkpt>
   <trkpt lon="-9.206068" lat="39.376666"><ele>1.0</ele></trkpt>
   <trkpt lon="-9.206017" lat="39.375851"><ele>1.0</ele></trkpt>
   <trkpt lon="-9.205967" lat="39.375613"><ele>1.0</ele></trkpt>
   <trkpt lon="-9.205967" lat="39.375610"><ele>1.0</ele><sym>pass_place</sym><type>Shaping</type></trkpt>
   <trkpt lon="-9.205810" lat="39.374870"><ele>1.25</ele></trkpt>
   <trkpt lon="-9.205783" lat="39.374793"><ele>1.25</ele></trkpt>
   <trkpt lon="-9.205593" lat="39.374267"><ele>1.75</ele></trkpt>
   <trkpt lon="-9.205601" lat="39.374110"><ele>1.75</ele></trkpt>
   <trkpt lon="-9.205671" lat="39.373990"><ele>1.75</ele><sym>right_slight</sym></trkpt>
   <trkpt lon="-9.205784" lat="39.373944"><ele>1.5</ele></trkpt>
   <trkpt lon="-9.206028" lat="39.373913"><ele>1.5</ele></trkpt>
   <trkpt lon="-9.206380" lat="39.373889"><ele>1.25</ele></trkpt>
   <trkpt lon="-9.207015" lat="39.373865"><ele>1.0</ele></trkpt>
   <trkpt lon="-9.207409" lat="39.373863"><ele>1.0</ele></trkpt>
   <trkpt lon="-9.207804" lat="39.373884"><ele>1.0</ele></trkpt>
   <trkpt lon="-9.207914" lat="39.373833"><ele>1.0</ele></trkpt>
   <trkpt lon="-9.207975" lat="39.373687"><ele>1.0</ele></trkpt>
   <trkpt lon="-9.208021" lat="39.373137"><ele>1.0</ele></trkpt>
   <trkpt lon="-9.208106" lat="39.372734"><ele>1.75</ele></trkpt>
   <trkpt lon="-9.208168" lat="39.372527"><ele>1.75</ele></trkpt>
   <trkpt lon="-9.208367" lat="39.372267"><ele>5.75</ele></trkpt>
   <trkpt lon="-9.208635" lat="39.372050"><ele>8.5</ele></trkpt>
   <trkpt lon="-9.208775" lat="39.371859"><ele>10.75</ele></trkpt>
   <trkpt lon="-9.208818" lat="39.371610"><ele>14.0</ele></trkpt>
   <trkpt lon="-9.208786" lat="39.371276"><ele>19.5</ele></trkpt>
   <trkpt lon="-9.208686" lat="39.370790"><ele>26.5</ele></trkpt>
   <trkpt lon="-9.208737" lat="39.370550"><ele>29.5</ele></trkpt>
   <trkpt lon="-9.209008" lat="39.370173"><ele>32.0</ele></trkpt>
   <trkpt lon="-9.209330" lat="39.369878"><ele>34.25</ele></trkpt>
   <trkpt lon="-9.209515" lat="39.369756"><ele>35.75</ele></trkpt>
   <trkpt lon="-9.209713" lat="39.369704"><ele>37.0</ele></trkpt>
   <trkpt lon="-9.209899" lat="39.369733"><ele>37.25</ele></trkpt>
   <trkpt lon="-9.210253" lat="39.369858"><ele>37.25</ele></trkpt>
   <trkpt lon="-9.210456" lat="39.369880"><ele>37.5</ele></trkpt>
   <trkpt lon="-9.210671" lat="39.369834"><ele>38.5</ele></trkpt>
   <trkpt lon="-9.211024" lat="39.369716"><ele>41.25</ele></trkpt>
   <trkpt lon="-9.211181" lat="39.369663"><ele>42.5</ele></trkpt>
   <trkpt lon="-9.211480" lat="39.369535"><ele>44.75</ele></trkpt>
   <trkpt lon="-9.211536" lat="39.369512"><ele>44.75</ele></trkpt>
   <trkpt lon="-9.212173" lat="39.369240"><ele>46.0</ele></trkpt>
   <trkpt lon="-9.213019" lat="39.368946"><ele>49.5</ele></trkpt>
   <trkpt lon="-9.213142" lat="39.368904"><ele>50.0</ele></trkpt>
   <trkpt lon="-9.213356" lat="39.368845"><ele>51.0</ele></trkpt>
   <trkpt lon="-9.213881" lat="39.368767"><ele>52.5</ele></trkpt>
   <trkpt lon="-9.214365" lat="39.368705"><ele>52.5</ele></trkpt>
   <trkpt lon="-9.214804" lat="39.368649"><ele>52.25</ele></trkpt>
   <trkpt lon="-9.215711" lat="39.368511"><ele>49.75</ele></trkpt>
   <trkpt lon="-9.216486" lat="39.368323"><ele>48.25</ele></trkpt>
   <trkpt lon="-9.217009" lat="39.368239"><ele>46.75</ele><sym>left_slight</sym></trkpt>
   <trkpt lon="-9.217115" lat="39.367913"><ele>46.25</ele></trkpt>
   <trkpt lon="-9.217220" lat="39.367704"><ele>45.75</ele></trkpt>
   <trkpt lon="-9.217295" lat="39.367493"><ele>46.0</ele></trkpt>
   <trkpt lon="-9.217293" lat="39.367471"><ele>46.0</ele><sym>right</sym></trkpt>
   <trkpt lon="-9.217397" lat="39.367437"><ele>46.25</ele></trkpt>
   <trkpt lon="-9.217649" lat="39.367353"><ele>47.5</ele><sym>left</sym></trkpt>
   <trkpt lon="-9.217600" lat="39.367284"><ele>46.75</ele><sym>right_slight</sym></trkpt>
   <trkpt lon="-9.217700" lat="39.367123"><ele>46.75</ele></trkpt>
   <trkpt lon="-9.217800" lat="39.366964"><ele>46.0</ele><sym>left_slight</sym></trkpt>
   <trkpt lon="-9.217768" lat="39.366814"><ele>45.0</ele></trkpt>
   <trkpt lon="-9.217736" lat="39.366705"><ele>44.25</ele><sym>left_slight</sym></trkpt>
   <trkpt lon="-9.217688" lat="39.366653"><ele>43.75</ele></trkpt>
   <trkpt lon="-9.217603" lat="39.366583"><ele>43.25</ele></trkpt>
   <trkpt lon="-9.217447" lat="39.366539"><ele>43.25</ele><sym>right</sym></trkpt>
   <trkpt lon="-9.217419" lat="39.366360"><ele>42.0</ele><sym>pass_place</sym><type>Shaping</type></trkpt>
   <trkpt lon="-9.217418" lat="39.366360"><ele>42.0</ele></trkpt>
   <trkpt lon="-9.217416" lat="39.366253"><ele>40.75</ele></trkpt>
   <trkpt lon="-9.217361" lat="39.366146"><ele>39.75</ele></trkpt>
   <trkpt lon="-9.217227" lat="39.366016"><ele>38.25</ele></trkpt>
   <trkpt lon="-9.217014" lat="39.365891"><ele>36.5</ele></trkpt>
   <trkpt lon="-9.216924" lat="39.365808"><ele>35.5</ele></trkpt>
   <trkpt lon="-9.216812" lat="39.365737"><ele>34.25</ele></trkpt>
   <trkpt lon="-9.216599" lat="39.365629"><ele>32.0</ele></trkpt>
   <trkpt lon="-9.216442" lat="39.365527"><ele>29.75</ele></trkpt>
   <trkpt lon="-9.216225" lat="39.365466"><ele>29.0</ele></trkpt>
   <trkpt lon="-9.216062" lat="39.365400"><ele>28.25</ele></trkpt>
   <trkpt lon="-9.215898" lat="39.365353"><ele>27.75</ele></trkpt>
   <trkpt lon="-9.215310" lat="39.365351"><ele>25.75</ele></trkpt>
   <trkpt lon="-9.215249" lat="39.365351"><ele>25.75</ele></trkpt>
   <trkpt lon="-9.215002" lat="39.365396"><ele>26.75</ele><sym>right_slight</sym></trkpt>
   <trkpt lon="-9.214976" lat="39.365385"><ele>26.75</ele></trkpt>
   <trkpt lon="-9.214886" lat="39.365367"><ele>26.5</ele></trkpt>
   <trkpt lon="-9.214579" lat="39.365306"><ele>27.25</ele></trkpt>
   <trkpt lon="-9.214198" lat="39.365322"><ele>28.25</ele></trkpt>
   <trkpt lon="-9.213999" lat="39.365318"><ele>29.0</ele><sym>right_sharp</sym></trkpt>
   <trkpt lon="-9.214616" lat="39.364939"><ele>31.25</ele></trkpt>
   <trkpt lon="-9.214697" lat="39.364833"><ele>32.5</ele></trkpt>
   <trkpt lon="-9.214704" lat="39.364703"><ele>34.25</ele></trkpt>
   <trkpt lon="-9.214681" lat="39.364578"><ele>36.5</ele></trkpt>
   <trkpt lon="-9.214648" lat="39.364404"><ele>39.25</ele></trkpt>
   <trkpt lon="-9.214641" lat="39.364310"><ele>40.25</ele></trkpt>
   <trkpt lon="-9.214618" lat="39.363979"><ele>43.75</ele></trkpt>
   <trkpt lon="-9.214641" lat="39.363744"><ele>46.0</ele></trkpt>
   <trkpt lon="-9.214692" lat="39.363603"><ele>47.75</ele></trkpt>
   <trkpt lon="-9.214836" lat="39.363439"><ele>48.5</ele></trkpt>
   <trkpt lon="-9.214997" lat="39.363282"><ele>49.25</ele></trkpt>
   <trkpt lon="-9.215066" lat="39.363224"><ele>49.5</ele></trkpt>
   <trkpt lon="-9.215105" lat="39.363172"><ele>49.75</ele><sym>left_slight</sym></trkpt>
   <trkpt lon="-9.215134" lat="39.363127"><ele>50.0</ele></trkpt>
   <trkpt lon="-9.215206" lat="39.363000"><ele>50.5</ele><sym>left_slight</sym></trkpt>
   <trkpt lon="-9.215121" lat="39.362707"><ele>53.5</ele></trkpt>
   <trkpt lon="-9.215070" lat="39.362485"><ele>55.25</ele></trkpt>
   <trkpt lon="-9.215064" lat="39.362326"><ele>56.0</ele></trkpt>
   <trkpt lon="-9.215070" lat="39.362191"><ele>56.5</ele><sym>stay_left</sym></trkpt>
   <trkpt lon="-9.215104" lat="39.362071"><ele>56.25</ele></trkpt>
   <trkpt lon="-9.215153" lat="39.361986"><ele>56.25</ele></trkpt>
   <trkpt lon="-9.215708" lat="39.361309"><ele>55.0</ele></trkpt>
   <trkpt lon="-9.215777" lat="39.361206"><ele>55.5</ele></trkpt>
   <trkpt lon="-9.215842" lat="39.361048"><ele>56.0</ele></trkpt>
   <trkpt lon="-9.215915" lat="39.360740"><ele>58.25</ele></trkpt>
   <trkpt lon="-9.215990" lat="39.360422"><ele>61.0</ele></trkpt>
   <trkpt lon="-9.216016" lat="39.360358"><ele>61.5</ele></trkpt>
   <trkpt lon="-9.216153" lat="39.360130"><ele>63.0</ele></trkpt>
   <trkpt lon="-9.216362" lat="39.359684"><ele>61.5</ele></trkpt>
   <trkpt lon="-9.216403" lat="39.359573"><ele>60.75</ele></trkpt>
   <trkpt lon="-9.216438" lat="39.359478"><ele>60.25</ele></trkpt>
   <trkpt lon="-9.216585" lat="39.359265"><ele>60.0</ele></trkpt>
   <trkpt lon="-9.216700" lat="39.359151"><ele>59.75</ele></trkpt>
   <trkpt lon="-9.216958" lat="39.358999"><ele>59.25</ele></trkpt>
   <trkpt lon="-9.217137" lat="39.358907"><ele>59.5</ele></trkpt>
   <trkpt lon="-9.217325" lat="39.358784"><ele>59.75</ele></trkpt>
   <trkpt lon="-9.217407" lat="39.358710"><ele>60.0</ele></trkpt>
   <trkpt lon="-9.217535" lat="39.358576"><ele>61.0</ele></trkpt>
   <trkpt lon="-9.217628" lat="39.358430"><ele>61.25</ele></trkpt>
   <trkpt lon="-9.217701" lat="39.358278"><ele>61.75</ele></trkpt>
   <trkpt lon="-9.217760" lat="39.358133"><ele>62.0</ele></trkpt>
   <trkpt lon="-9.217832" lat="39.358038"><ele>62.5</ele></trkpt>
   <trkpt lon="-9.218036" lat="39.357843"><ele>64.5</ele></trkpt>
   <trkpt lon="-9.218167" lat="39.357708"><ele>65.25</ele></trkpt>
   <trkpt lon="-9.218613" lat="39.357212"><ele>63.0</ele></trkpt>
   <trkpt lon="-9.218774" lat="39.357004"><ele>65.25</ele></trkpt>
   <trkpt lon="-9.218903" lat="39.356795"><ele>67.75</ele></trkpt>
   <trkpt lon="-9.218996" lat="39.356667"><ele>69.5</ele></trkpt>
   <trkpt lon="-9.219114" lat="39.356451"><ele>72.25</ele></trkpt>
   <trkpt lon="-9.219216" lat="39.356233"><ele>74.5</ele></trkpt>
   <trkpt lon="-9.219318" lat="39.356046"><ele>76.25</ele></trkpt>
   <trkpt lon="-9.219399" lat="39.355785"><ele>78.0</ele></trkpt>
   <trkpt lon="-9.219485" lat="39.355546"><ele>80.0</ele></trkpt>
   <trkpt lon="-9.219565" lat="39.355396"><ele>81.0</ele></trkpt>
   <trkpt lon="-9.219632" lat="39.355289"><ele>81.75</ele></trkpt>
   <trkpt lon="-9.219659" lat="39.355208"><ele>82.25</ele></trkpt>
   <trkpt lon="-9.219691" lat="39.354783"><ele>83.5</ele></trkpt>
   <trkpt lon="-9.219787" lat="39.354427"><ele>84.25</ele></trkpt>
   <trkpt lon="-9.219884" lat="39.354204"><ele>84.5</ele></trkpt>
   <trkpt lon="-9.219930" lat="39.353966"><ele>85.25</ele></trkpt>
   <trkpt lon="-9.219943" lat="39.353748"><ele>85.5</ele><sym>stay_right</sym></trkpt>
   <trkpt lon="-9.219943" lat="39.353592"><ele>85.75</ele><sym>pass_place</sym><type>Shaping</type></trkpt>
   <trkpt lon="-9.220010" lat="39.353362"><ele>86.0</ele></trkpt>
   <trkpt lon="-9.220126" lat="39.353188"><ele>85.0</ele></trkpt>
   <trkpt lon="-9.220222" lat="39.353103"><ele>84.5</ele></trkpt>
   <trkpt lon="-9.220378" lat="39.353001"><ele>83.5</ele></trkpt>
   <trkpt lon="-9.220654" lat="39.352846"><ele>83.75</ele></trkpt>
   <trkpt lon="-9.221121" lat="39.352566"><ele>86.75</ele></trkpt>
   <trkpt lon="-9.221242" lat="39.352457"><ele>86.5</ele></trkpt>
   <trkpt lon="-9.221260" lat="39.352441"><ele>86.25</ele></trkpt>
   <trkpt lon="-9.221362" lat="39.352282"><ele>84.5</ele></trkpt>
   <trkpt lon="-9.221550" lat="39.351879"><ele>78.75</ele></trkpt>
   <trkpt lon="-9.221684" lat="39.351525"><ele>76.25</ele></trkpt>
   <trkpt lon="-9.222153" lat="39.349598"><ele>61.5</ele></trkpt>
   <trkpt lon="-9.222221" lat="39.349288"><ele>58.25</ele></trkpt>
   <trkpt lon="-9.222231" lat="39.349227"><ele>57.5</ele></trkpt>
   <trkpt lon="-9.222234" lat="39.348955"><ele>56.0</ele></trkpt>
   <trkpt lon="-9.222221" lat="39.348378"><ele>57.75</ele></trkpt>
   <trkpt lon="-9.222215" lat="39.347437"><ele>56.5</ele></trkpt>
   <trkpt lon="-9.222193" lat="39.346475"><ele>52.25</ele></trkpt>
   <trkpt lon="-9.222172" lat="39.345294"><ele>39.0</ele></trkpt>
   <trkpt lon="-9.222175" lat="39.345091"><ele>38.0</ele></trkpt>
   <trkpt lon="-9.222151" lat="39.344563"><ele>36.75</ele></trkpt>
   <trkpt lon="-9.222162" lat="39.344365"><ele>36.0</ele></trkpt>
   <trkpt lon="-9.222153" lat="39.344063"><ele>34.5</ele></trkpt>
   <trkpt lon="-9.222124" lat="39.343842"><ele>33.5</ele></trkpt>
   <trkpt lon="-9.222077" lat="39.343658"><ele>33.25</ele></trkpt>
   <trkpt lon="-9.221973" lat="39.343426"><ele>32.75</ele></trkpt>
   <trkpt lon="-9.221180" lat="39.341766"><ele>33.0</ele><sym>right_slight</sym></trkpt>
   <trkpt lon="-9.221208" lat="39.341644"><ele>34.0</ele></trkpt>
   <trkpt lon="-9.221229" lat="39.341588"><ele>34.75</ele><sym>roundabout_e1</sym></trkpt>
   <trkpt lon="-9.221282" lat="39.341544"><ele>35.5</ele></trkpt>
   <trkpt lon="-9.221444" lat="39.341513"><ele>34.75</ele></trkpt>
   <trkpt lon="-9.221702" lat="39.341456"><ele>31.75</ele></trkpt>
   <trkpt lon="-9.221842" lat="39.341427"><ele>30.0</ele></trkpt>
   <trkpt lon="-9.222486" lat="39.341290"><ele>26.5</ele></trkpt>
   <trkpt lon="-9.222929" lat="39.341196"><ele>27.5</ele></trkpt>
   <trkpt lon="-9.223522" lat="39.341070"><ele>30.75</ele></trkpt>
   <trkpt lon="-9.223638" lat="39.341048"><ele>32.0</ele><sym>stay_left</sym></trkpt>
   <trkpt lon="-9.225458" lat="39.340677"><ele>33.5</ele></trkpt>
   <trkpt lon="-9.225610" lat="39.340647"><ele>34.0</ele><sym>pass_place</sym><type>Shaping</type></trkpt>
   <trkpt lon="-9.225615" lat="39.340647"><ele>34.0</ele></trkpt>
   <trkpt lon="-9.227937" lat="39.340162"><ele>40.25</ele></trkpt>
   <trkpt lon="-9.228315" lat="39.340102"><ele>41.25</ele></trkpt>
   <trkpt lon="-9.228443" lat="39.340089"><ele>40.75</ele></trkpt>
   <trkpt lon="-9.228592" lat="39.340084"><ele>40.25</ele></trkpt>
   <trkpt lon="-9.228792" lat="39.340090"><ele>39.0</ele></trkpt>
   <trkpt lon="-9.228919" lat="39.340100"><ele>38.0</ele></trkpt>
   <trkpt lon="-9.229029" lat="39.340116"><ele>37.5</ele></trkpt>
   <trkpt lon="-9.229372" lat="39.340215"><ele>37.0</ele><sym>stay_left</sym></trkpt>
   <trkpt lon="-9.229766" lat="39.340372"><ele>40.25</ele></trkpt>
   <trkpt lon="-9.230014" lat="39.340471"><ele>42.0</ele></trkpt>
   <trkpt lon="-9.230223" lat="39.340536"><ele>43.5</ele></trkpt>
   <trkpt lon="-9.230359" lat="39.340567"><ele>44.25</ele></trkpt>
   <trkpt lon="-9.230513" lat="39.340596"><ele>45.25</ele></trkpt>
   <trkpt lon="-9.230821" lat="39.340634"><ele>46.75</ele></trkpt>
   <trkpt lon="-9.231238" lat="39.340643"><ele>48.5</ele></trkpt>
   <trkpt lon="-9.231519" lat="39.340620"><ele>50.25</ele></trkpt>
   <trkpt lon="-9.231809" lat="39.340570"><ele>52.0</ele></trkpt>
   <trkpt lon="-9.231936" lat="39.340538"><ele>52.75</ele></trkpt>
   <trkpt lon="-9.232191" lat="39.340461"><ele>55.75</ele></trkpt>
   <trkpt lon="-9.232619" lat="39.340283"><ele>58.25</ele></trkpt>
   <trkpt lon="-9.233949" lat="39.339632"><ele>64.5</ele></trkpt>
   <trkpt lon="-9.234246" lat="39.339478"><ele>65.75</ele></trkpt>
   <trkpt lon="-9.234486" lat="39.339360"><ele>66.5</ele></trkpt>
   <trkpt lon="-9.234629" lat="39.339290"><ele>66.75</ele></trkpt>
   <trkpt lon="-9.234891" lat="39.339163"><ele>67.5</ele></trkpt>
   <trkpt lon="-9.235102" lat="39.339060"><ele>69.75</ele></trkpt>
   <trkpt lon="-9.236049" lat="39.338602"><ele>75.5</ele></trkpt>
   <trkpt lon="-9.236358" lat="39.338450"><ele>76.75</ele></trkpt>
   <trkpt lon="-9.236619" lat="39.338312"><ele>77.5</ele></trkpt>
   <trkpt lon="-9.236819" lat="39.338212"><ele>78.75</ele></trkpt>
   <trkpt lon="-9.236901" lat="39.338169"><ele>79.25</ele><sym>right_slight</sym></trkpt>
   <trkpt lon="-9.236949" lat="39.338213"><ele>80.0</ele></trkpt>
   <trkpt lon="-9.237085" lat="39.338301"><ele>81.5</ele></trkpt>
   <trkpt lon="-9.237152" lat="39.338327"><ele>82.25</ele></trkpt>
   <trkpt lon="-9.237232" lat="39.338335"><ele>83.0</ele></trkpt>
   <trkpt lon="-9.237609" lat="39.338271"><ele>85.5</ele></trkpt>
   <trkpt lon="-9.237769" lat="39.338239"><ele>86.75</ele></trkpt>
   <trkpt lon="-9.237936" lat="39.338235"><ele>87.75</ele></trkpt>
   <trkpt lon="-9.238712" lat="39.338253"><ele>96.0</ele></trkpt>
   <trkpt lon="-9.239228" lat="39.338231"><ele>100.5</ele></trkpt>
   <trkpt lon="-9.239947" lat="39.338048"><ele>102.5</ele></trkpt>
   <trkpt lon="-9.240339" lat="39.337890"><ele>103.75</ele></trkpt>
   <trkpt lon="-9.240564" lat="39.337824"><ele>105.0</ele></trkpt>
   <trkpt lon="-9.240816" lat="39.337741"><ele>106.5</ele></trkpt>
   <trkpt lon="-9.241154" lat="39.337654"><ele>107.25</ele></trkpt>
   <trkpt lon="-9.241390" lat="39.337575"><ele>108.25</ele></trkpt>
   <trkpt lon="-9.241596" lat="39.337485"><ele>109.25</ele></trkpt>
   <trkpt lon="-9.241800" lat="39.337386"><ele>110.25</ele></trkpt>
   <trkpt lon="-9.241953" lat="39.337297"><ele>111.0</ele></trkpt>
   <trkpt lon="-9.242066" lat="39.337247"><ele>111.25</ele></trkpt>
   <trkpt lon="-9.242222" lat="39.337243"><ele>111.75</ele></trkpt>
   <trkpt lon="-9.242377" lat="39.337227"><ele>112.5</ele></trkpt>
   <trkpt lon="-9.242506" lat="39.337185"><ele>113.0</ele></trkpt>
   <trkpt lon="-9.242645" lat="39.337106"><ele>113.0</ele></trkpt>
   <trkpt lon="-9.242978" lat="39.336869"><ele>112.5</ele></trkpt>
   <trkpt lon="-9.243268" lat="39.336654"><ele>112.25</ele></trkpt>
   <trkpt lon="-9.243515" lat="39.336480"><ele>113.0</ele></trkpt>
   <trkpt lon="-9.243836" lat="39.336268"><ele>114.5</ele></trkpt>
   <trkpt lon="-9.244080" lat="39.336124"><ele>114.75</ele></trkpt>
   <trkpt lon="-9.244190" lat="39.336044"><ele>115.0</ele></trkpt>
   <trkpt lon="-9.244292" lat="39.335994"><ele>115.25</ele></trkpt>
   <trkpt lon="-9.244394" lat="39.335974"><ele>115.25</ele></trkpt>
   <trkpt lon="-9.244482" lat="39.335970"><ele>115.5</ele><sym>pass_place</sym><type>Shaping</type></trkpt>
   <trkpt lon="-9.244485" lat="39.335970"><ele>115.5</ele></trkpt>
   <trkpt lon="-9.244668" lat="39.335986"><ele>115.25</ele></trkpt>
   <trkpt lon="-9.244915" lat="39.335957"><ele>115.5</ele></trkpt>
   <trkpt lon="-9.245220" lat="39.335899"><ele>115.75</ele></trkpt>
   <trkpt lon="-9.245612" lat="39.335833"><ele>116.0</ele></trkpt>
   <trkpt lon="-9.245885" lat="39.335758"><ele>116.25</ele></trkpt>
   <trkpt lon="-9.246068" lat="39.335696"><ele>116.5</ele></trkpt>
   <trkpt lon="-9.246229" lat="39.335580"><ele>116.0</ele></trkpt>
   <trkpt lon="-9.246357" lat="39.335430"><ele>116.5</ele></trkpt>
   <trkpt lon="-9.246477" lat="39.335309"><ele>116.75</ele></trkpt>
   <trkpt lon="-9.246658" lat="39.335173"><ele>116.75</ele></trkpt>
   <trkpt lon="-9.246792" lat="39.335019"><ele>116.75</ele></trkpt>
   <trkpt lon="-9.246872" lat="39.334895"><ele>117.25</ele></trkpt>
   <trkpt lon="-9.246931" lat="39.334791"><ele>118.25</ele></trkpt>
   <trkpt lon="-9.247087" lat="39.334430"><ele>121.5</ele></trkpt>
   <trkpt lon="-9.247183" lat="39.334176"><ele>122.75</ele><sym>right_slight</sym></trkpt>
   <trkpt lon="-9.247543" lat="39.333968"><ele>122.5</ele></trkpt>
   <trkpt lon="-9.247736" lat="39.333835"><ele>122.5</ele></trkpt>
   <trkpt lon="-9.247865" lat="39.333793"><ele>122.25</ele></trkpt>
   <trkpt lon="-9.248290" lat="39.333713"><ele>123.25</ele></trkpt>
   <trkpt lon="-9.248471" lat="39.333688"><ele>123.75</ele></trkpt>
   <trkpt lon="-9.248771" lat="39.333754"><ele>123.5</ele></trkpt>
   <trkpt lon="-9.249378" lat="39.333866"><ele>123.75</ele></trkpt>
   <trkpt lon="-9.249615" lat="39.333916"><ele>124.25</ele></trkpt>
   <trkpt lon="-9.250021" lat="39.334003"><ele>124.0</ele></trkpt>
   <trkpt lon="-9.250821" lat="39.334148"><ele>127.0</ele></trkpt>
   <trkpt lon="-9.251389" lat="39.334219"><ele>128.0</ele></trkpt>
   <trkpt lon="-9.252167" lat="39.334327"><ele>133.25</ele></trkpt>
   <trkpt lon="-9.252945" lat="39.334443"><ele>136.0</ele></trkpt>
   <trkpt lon="-9.253274" lat="39.334502"><ele>136.5</ele></trkpt>
   <trkpt lon="-9.255579" lat="39.334902"><ele>136.75</ele></trkpt>
   <trkpt lon="-9.256078" lat="39.335003"><ele>136.75</ele></trkpt>
   <trkpt lon="-9.256603" lat="39.335040"><ele>136.0</ele></trkpt>
   <trkpt lon="-9.256957" lat="39.335028"><ele>136.75</ele></trkpt>
   <trkpt lon="-9.257633" lat="39.334945"><ele>138.0</ele></trkpt>
   <trkpt lon="-9.258358" lat="39.334916"><ele>135.5</ele></trkpt>
   <trkpt lon="-9.259157" lat="39.334750"><ele>136.5</ele></trkpt>
   <trkpt lon="-9.259506" lat="39.334688"><ele>136.0</ele></trkpt>
   <trkpt lon="-9.260219" lat="39.334617"><ele>136.0</ele></trkpt>
   <trkpt lon="-9.260668" lat="39.334554"><ele>136.5</ele></trkpt>
   <trkpt lon="-9.260732" lat="39.334545"><ele>136.5</ele></trkpt>
   <trkpt lon="-9.261233" lat="39.334476"><ele>135.75</ele></trkpt>
   <trkpt lon="-9.262169" lat="39.334289"><ele>137.75</ele></trkpt>
   <trkpt lon="-9.262470" lat="39.334195"><ele>138.5</ele></trkpt>
   <trkpt lon="-9.263870" lat="39.333772"><ele>135.75</ele></trkpt>
   <trkpt lon="-9.263872" lat="39.333771"><ele>134.75</ele><sym>pass_place</sym><type>Shaping</type></trkpt>
   <trkpt lon="-9.264493" lat="39.333571"><ele>134.75</ele><sym>right_slight</sym></trkpt>
   <trkpt lon="-9.264628" lat="39.333625"><ele>134.0</ele></trkpt>
   <trkpt lon="-9.264779" lat="39.333648"><ele>133.5</ele></trkpt>
   <trkpt lon="-9.265337" lat="39.333576"><ele>133.25</ele></trkpt>
   <trkpt lon="-9.265540" lat="39.333559"><ele>133.25</ele></trkpt>
   <trkpt lon="-9.265900" lat="39.333582"><ele>133.0</ele><sym>left_slight</sym></trkpt>
   <trkpt lon="-9.266525" lat="39.333435"><ele>132.75</ele></trkpt>
   <trkpt lon="-9.266881" lat="39.333250"><ele>131.25</ele><sym>right</sym></trkpt>
   <trkpt lon="-9.267076" lat="39.333499"><ele>130.0</ele><sym>right_slight</sym></trkpt>
   <trkpt lon="-9.266968" lat="39.333819"><ele>129.75</ele></trkpt>
   <trkpt lon="-9.266902" lat="39.333941"><ele>129.0</ele></trkpt>
   <trkpt lon="-9.266663" lat="39.334425"><ele>124.0</ele></trkpt>
   <trkpt lon="-9.266533" lat="39.334677"><ele>122.25</ele></trkpt>
   <trkpt lon="-9.266419" lat="39.334992"><ele>121.75</ele><sym>left_slight</sym></trkpt>
   <trkpt lon="-9.267067" lat="39.335299"><ele>116.25</ele></trkpt>
   <trkpt lon="-9.267221" lat="39.335424"><ele>115.25</ele></trkpt>
   <trkpt lon="-9.267258" lat="39.335454"><ele>115.0</ele></trkpt>
   <trkpt lon="-9.267285" lat="39.335492"><ele>115.0</ele></trkpt>
   <trkpt lon="-9.267595" lat="39.335940"><ele>112.25</ele></trkpt>
   <trkpt lon="-9.267764" lat="39.336096"><ele>111.0</ele></trkpt>
   <trkpt lon="-9.267863" lat="39.336169"><ele>110.75</ele></trkpt>
   <trkpt lon="-9.267993" lat="39.336234"><ele>110.5</ele></trkpt>
   <trkpt lon="-9.268418" lat="39.336450"><ele>110.75</ele></trkpt>
   <trkpt lon="-9.268698" lat="39.336657"><ele>110.0</ele></trkpt>
   <trkpt lon="-9.268775" lat="39.336714"><ele>109.75</ele><sym>right_slight</sym></trkpt>
   <trkpt lon="-9.268837" lat="39.336878"><ele>109.0</ele></trkpt>
   <trkpt lon="-9.269189" lat="39.337218"><ele>107.0</ele><sym>left_slight</sym></trkpt>
   <trkpt lon="-9.269556" lat="39.337325"><ele>107.0</ele></trkpt>
   <trkpt lon="-9.269623" lat="39.337347"><ele>107.0</ele></trkpt>
   <trkpt lon="-9.270235" lat="39.337592"><ele>106.5</ele></trkpt>
   <trkpt lon="-9.271726" lat="39.338440"><ele>104.75</ele></trkpt>
   <trkpt lon="-9.272267" lat="39.338678"><ele>105.0</ele></trkpt>
   <trkpt lon="-9.272446" lat="39.338757"><ele>105.0</ele></trkpt>
   <trkpt lon="-9.272881" lat="39.338907"><ele>106.25</ele></trkpt>
   <trkpt lon="-9.273417" lat="39.338979"><ele>105.25</ele></trkpt>
   <trkpt lon="-9.273624" lat="39.338986"><ele>104.25</ele></trkpt>
   <trkpt lon="-9.273827" lat="39.338981"><ele>104.0</ele></trkpt>
   <trkpt lon="-9.274081" lat="39.338959"><ele>103.25</ele></trkpt>
   <trkpt lon="-9.274177" lat="39.338957"><ele>102.75</ele></trkpt>
   <trkpt lon="-9.274257" lat="39.338946"><ele>102.5</ele><sym>roundabout_e1</sym></trkpt>
   <trkpt lon="-9.274267" lat="39.338981"><ele>102.5</ele></trkpt>
   <trkpt lon="-9.274291" lat="39.339010"><ele>102.5</ele></trkpt>
   <trkpt lon="-9.274326" lat="39.339032"><ele>102.25</ele></trkpt>
   <trkpt lon="-9.274369" lat="39.339045"><ele>102.25</ele></trkpt>
   <trkpt lon="-9.274434" lat="39.339041"><ele>102.0</ele></trkpt>
   <trkpt lon="-9.274453" lat="39.339090"><ele>102.0</ele></trkpt>
   <trkpt lon="-9.275162" lat="39.340768"><ele>105.5</ele></trkpt>
   <trkpt lon="-9.275662" lat="39.341938"><ele>101.5</ele></trkpt>
   <trkpt lon="-9.275777" lat="39.342165"><ele>101.0</ele></trkpt>
   <trkpt lon="-9.275833" lat="39.342259"><ele>101.0</ele></trkpt>
   <trkpt lon="-9.275890" lat="39.342346"><ele>101.5</ele></trkpt>
   <trkpt lon="-9.275954" lat="39.342427"><ele>102.0</ele></trkpt>
   <trkpt lon="-9.276047" lat="39.342519"><ele>102.75</ele></trkpt>
   <trkpt lon="-9.276124" lat="39.342577"><ele>103.5</ele></trkpt>
   <trkpt lon="-9.276284" lat="39.342672"><ele>105.0</ele></trkpt>
   <trkpt lon="-9.277527" lat="39.343259"><ele>108.5</ele></trkpt>
   <trkpt lon="-9.277530" lat="39.343260"><ele>109.5</ele><sym>pass_place</sym><type>Shaping</type></trkpt>
   <trkpt lon="-9.277883" lat="39.343419"><ele>109.5</ele></trkpt>
   <trkpt lon="-9.278192" lat="39.343569"><ele>108.75</ele></trkpt>
   <trkpt lon="-9.278391" lat="39.343662"><ele>107.0</ele></trkpt>
   <trkpt lon="-9.279882" lat="39.344349"><ele>107.0</ele></trkpt>
   <trkpt lon="-9.281284" lat="39.345000"><ele>108.0</ele></trkpt>
   <trkpt lon="-9.281568" lat="39.345125"><ele>109.75</ele></trkpt>
   <trkpt lon="-9.282756" lat="39.345684"><ele>122.25</ele><sym>stay_left</sym></trkpt>
   <trkpt lon="-9.284592" lat="39.346537"><ele>109.75</ele></trkpt>
   <trkpt lon="-9.284673" lat="39.346573"><ele>108.5</ele></trkpt>
   <trkpt lon="-9.285243" lat="39.346831"><ele>106.0</ele></trkpt>
   <trkpt lon="-9.285370" lat="39.346898"><ele>105.5</ele></trkpt>
   <trkpt lon="-9.285517" lat="39.346979"><ele>104.5</ele></trkpt>
   <trkpt lon="-9.285637" lat="39.347060"><ele>103.75</ele></trkpt>
   <trkpt lon="-9.285728" lat="39.347136"><ele>103.25</ele></trkpt>
   <trkpt lon="-9.285815" lat="39.347226"><ele>103.0</ele></trkpt>
   <trkpt lon="-9.285896" lat="39.347340"><ele>103.75</ele></trkpt>
   <trkpt lon="-9.285967" lat="39.347467"><ele>104.75</ele></trkpt>
   <trkpt lon="-9.286155" lat="39.347893"><ele>103.25</ele></trkpt>
   <trkpt lon="-9.286439" lat="39.348501"><ele>99.5</ele></trkpt>
   <trkpt lon="-9.286822" lat="39.349333"><ele>95.25</ele></trkpt>
   <trkpt lon="-9.286882" lat="39.349404"><ele>95.0</ele></trkpt>
   <trkpt lon="-9.286939" lat="39.349452"><ele>94.75</ele></trkpt>
   <trkpt lon="-9.286997" lat="39.349496"><ele>94.75</ele></trkpt>
   <trkpt lon="-9.287059" lat="39.349523"><ele>94.5</ele></trkpt>
   <trkpt lon="-9.287209" lat="39.349565"><ele>94.5</ele></trkpt>
   <trkpt lon="-9.287602" lat="39.349634"><ele>92.25</ele></trkpt>
   <trkpt lon="-9.287723" lat="39.349656"><ele>91.5</ele></trkpt>
   <trkpt lon="-9.287900" lat="39.349687"><ele>90.75</ele></trkpt>
   <trkpt lon="-9.288220" lat="39.349743"><ele>88.5</ele></trkpt>
   <trkpt lon="-9.288366" lat="39.349762"><ele>87.25</ele></trkpt>
   <trkpt lon="-9.289007" lat="39.349775"><ele>83.0</ele></trkpt>
   <trkpt lon="-9.289331" lat="39.349770"><ele>81.25</ele></trkpt>
   <trkpt lon="-9.289424" lat="39.349770"><ele>80.75</ele></trkpt>
   <trkpt lon="-9.289525" lat="39.349768"><ele>80.75</ele></trkpt>
   <trkpt lon="-9.289768" lat="39.349784"><ele>80.5</ele></trkpt>
   <trkpt lon="-9.290212" lat="39.349853"><ele>78.25</ele></trkpt>
   <trkpt lon="-9.290334" lat="39.349874"><ele>77.75</ele></trkpt>
   <trkpt lon="-9.290697" lat="39.349957"><ele>77.0</ele></trkpt>
   <trkpt lon="-9.290819" lat="39.349989"><ele>77.0</ele></trkpt>
   <trkpt lon="-9.291258" lat="39.350111"><ele>76.25</ele></trkpt>
   <trkpt lon="-9.291860" lat="39.350278"><ele>75.0</ele></trkpt>
   <trkpt lon="-9.292386" lat="39.350412"><ele>73.25</ele><sym>right</sym></trkpt>
   <trkpt lon="-9.292375" lat="39.350462"><ele>73.25</ele></trkpt>
   <trkpt lon="-9.292311" lat="39.350671"><ele>72.5</ele></trkpt>
   <trkpt lon="-9.292294" lat="39.350746"><ele>72.0</ele></trkpt>
   <trkpt lon="-9.292277" lat="39.351035"><ele>67.75</ele></trkpt>
   <trkpt lon="-9.292281" lat="39.351090"><ele>66.75</ele></trkpt>
   <trkpt lon="-9.292292" lat="39.351214"><ele>65.0</ele></trkpt>
   <trkpt lon="-9.292345" lat="39.351409"><ele>62.75</ele></trkpt>
   <trkpt lon="-9.292390" lat="39.351526"><ele>62.5</ele></trkpt>
   <trkpt lon="-9.293290" lat="39.353539"><ele>56.75</ele><sym>pass_place</sym><type>Shaping</type></trkpt>
   <trkpt lon="-9.293292" lat="39.353544"><ele>56.75</ele></trkpt>
   <trkpt lon="-9.293851" lat="39.354795"><ele>58.75</ele></trkpt>
   <trkpt lon="-9.293980" lat="39.355040"><ele>58.0</ele></trkpt>
   <trkpt lon="-9.294156" lat="39.355314"><ele>56.5</ele></trkpt>
   <trkpt lon="-9.294243" lat="39.355432"><ele>55.25</ele></trkpt>
   <trkpt lon="-9.294461" lat="39.355689"><ele>54.25</ele></trkpt>
   <trkpt lon="-9.294580" lat="39.355812"><ele>54.0</ele></trkpt>
   <trkpt lon="-9.294879" lat="39.356084"><ele>52.25</ele></trkpt>
   <trkpt lon="-9.295026" lat="39.356209"><ele>50.25</ele></trkpt>
   <trkpt lon="-9.295330" lat="39.356424"><ele>48.5</ele></trkpt>
   <trkpt lon="-9.295503" lat="39.356530"><ele>48.0</ele></trkpt>
   <trkpt lon="-9.295831" lat="39.356692"><ele>47.0</ele></trkpt>
   <trkpt lon="-9.296023" lat="39.356768"><ele>48.75</ele></trkpt>
   <trkpt lon="-9.296723" lat="39.357010"><ele>53.75</ele></trkpt>
   <trkpt lon="-9.298450" lat="39.357575"><ele>52.5</ele></trkpt>
   <trkpt lon="-9.298926" lat="39.357736"><ele>51.75</ele></trkpt>
   <trkpt lon="-9.299985" lat="39.358092"><ele>52.5</ele></trkpt>
   <trkpt lon="-9.301152" lat="39.358481"><ele>50.0</ele></trkpt>
   <trkpt lon="-9.307833" lat="39.360692"><ele>43.25</ele></trkpt>
   <trkpt lon="-9.308003" lat="39.360743"><ele>43.5</ele></trkpt>
   <trkpt lon="-9.308145" lat="39.360777"><ele>43.25</ele></trkpt>
   <trkpt lon="-9.308307" lat="39.360804"><ele>42.75</ele></trkpt>
   <trkpt lon="-9.308494" lat="39.360827"><ele>41.0</ele></trkpt>
   <trkpt lon="-9.308951" lat="39.360873"><ele>37.0</ele></trkpt>
   <trkpt lon="-9.309834" lat="39.360963"><ele>35.75</ele></trkpt>
   <trkpt lon="-9.310458" lat="39.361022"><ele>31.75</ele></trkpt>
   <trkpt lon="-9.310642" lat="39.361054"><ele>30.5</ele></trkpt>
   <trkpt lon="-9.310750" lat="39.361080"><ele>29.5</ele><sym>pass_place</sym><type>Shaping</type></trkpt>
   <trkpt lon="-9.310753" lat="39.361081"><ele>29.5</ele></trkpt>
   <trkpt lon="-9.310851" lat="39.361121"><ele>29.0</ele></trkpt>
   <trkpt lon="-9.311275" lat="39.361384"><ele>29.25</ele></trkpt>
   <trkpt lon="-9.311754" lat="39.361705"><ele>27.5</ele></trkpt>
   <trkpt lon="-9.311935" lat="39.361834"><ele>27.25</ele></trkpt>
   <trkpt lon="-9.312235" lat="39.362073"><ele>27.25</ele></trkpt>
   <trkpt lon="-9.312491" lat="39.362259"><ele>28.0</ele></trkpt>
   <trkpt lon="-9.312576" lat="39.362311"><ele>28.0</ele></trkpt>
   <trkpt lon="-9.312963" lat="39.362530"><ele>29.0</ele></trkpt>
   <trkpt lon="-9.313275" lat="39.362684"><ele>28.0</ele></trkpt>
   <trkpt lon="-9.313590" lat="39.362829"><ele>27.25</ele></trkpt>
   <trkpt lon="-9.313724" lat="39.362881"><ele>27.5</ele></trkpt>
   <trkpt lon="-9.314201" lat="39.363036"><ele>27.5</ele></trkpt>
   <trkpt lon="-9.314839" lat="39.363222"><ele>25.5</ele></trkpt>
   <trkpt lon="-9.314981" lat="39.363255"><ele>24.75</ele></trkpt>
   <trkpt lon="-9.315109" lat="39.363273"><ele>24.25</ele></trkpt>
   <trkpt lon="-9.315249" lat="39.363288"><ele>23.75</ele></trkpt>
   <trkpt lon="-9.315367" lat="39.363300"><ele>23.5</ele></trkpt>
   <trkpt lon="-9.315602" lat="39.363352"><ele>22.75</ele></trkpt>
   <trkpt lon="-9.315787" lat="39.363428"><ele>22.75</ele></trkpt>
   <trkpt lon="-9.316011" lat="39.363543"><ele>23.25</ele></trkpt>
   <trkpt lon="-9.316129" lat="39.363603"><ele>23.75</ele></trkpt>
   <trkpt lon="-9.316215" lat="39.363645"><ele>24.25</ele></trkpt>
   <trkpt lon="-9.316271" lat="39.363673"><ele>24.75</ele><sym>roundabout_e1</sym></trkpt>
   <trkpt lon="-9.316307" lat="39.363709"><ele>25.0</ele></trkpt>
   <trkpt lon="-9.316344" lat="39.363719"><ele>25.0</ele></trkpt>
   <trkpt lon="-9.316384" lat="39.363716"><ele>25.25</ele></trkpt>
   <trkpt lon="-9.316433" lat="39.363737"><ele>25.5</ele><sym>right</sym></trkpt>
   <trkpt lon="-9.316179" lat="39.364118"><ele>25.75</ele><sym>stay_right</sym></trkpt>
   <trkpt lon="-9.316121" lat="39.364143"><ele>25.75</ele></trkpt>
   <trkpt lon="-9.315982" lat="39.364250"><ele>26.75</ele><sym>pass_place</sym><type>Via</type></trkpt>
  </trkseg>
 </trk>
</gpx>
