<?xml version="1.0" encoding="UTF-8"?>
<!-- track-length = 103518 filtered ascend = 1046 plain-ascend = 1 cost=145225 energy=.6kwh time=5h 58m 36s -->
<gpx 
 xmlns="http://www.topografix.com/GPX/1/1" 
 xmlns:xsi="http://www.w3.org/2001/XMLSchema-instance" 
 xsi:schemaLocation="http://www.topografix.com/GPX/1/1 http://www.topografix.com/GPX/1/1/gpx.xsd" 
 creator="BRouter-1.7.9" version="1.1"><wpt lat="39.35716" lon="-9.36594"><name>Cafetaria Do Parque</name><sym>Restaurant</sym></wpt><wpt lat="39.3729" lon="-9.33682"><name>Shower</name><sym>Drinking Water</sym></wpt><wpt lat="39.4364" lon="-9.21091"><name>Café 5000</name><sym>Restaurant</sym></wpt><wpt lat="39.36657" lon="-9.21893"><name>Associação Recreativa de Vau</name><sym>Restaurant</sym></wpt><wpt lat="39.50803" lon="-9.13268"><name>Boundi Cafe</name><sym>Restaurant</sym></wpt><wpt lat="39.36411" lon="-9.31784"><name>Pasteleria Ferreleja</name><sym>Restaurant</sym></wpt><wpt lat="39.38388" lon="-9.18679"><name>Cafeteria</name><sym>Restaurant</sym></wpt><wpt lat="39.50448" lon="-9.13533"><name>Café</name><sym>Restaurant</sym></wpt><wpt lat="39.50862" lon="-9.13415"><name>Waves</name><sym>Restaurant</sym></wpt><wpt lat="39.36013" lon="-9.36872"><name>Tina Mar</name><sym>Restaurant</sym></wpt><wpt lat="39.35829" lon="-9.37425"><name>Arcadas do Mar</name><sym>Restaurant</sym></wpt><wpt lat="39.33206" lon="-9.26988"><name>A Serrana</name><sym>Restaurant</sym></wpt><wpt lat="39.35808" lon="-9.37966"><name>Puro Cake Lab</name><sym>Restaurant</sym></wpt><wpt lat="39.41942" lon="-9.18876"><name>Café</name><sym>Restaurant</sym></wpt><wpt lat="39.43622" lon="-9.21327"><name>Meu Super</name><sym>Restaurant</sym></wpt><wpt lat="39.34957" lon="-9.28944"><name>cafe Mercearia</name><sym>Restaurant</sym></wpt><wpt lat="39.35783" lon="-9.37933"><name>Calè</name><sym>Restaurant</sym></wpt><wpt lat="39.35827" lon="-9.3797"><name>Oceano</name><sym>Restaurant</sym></wpt><wpt lat="39.51027" lon="-9.1347"><name>Bohémia</name><sym>Restaurant</sym></wpt><wpt lat="39.50958" lon="-9.13438"><name>São Martinho Bistrot</name><sym>Restaurant</sym></wpt><wpt lat="39.5148" lon="-9.13261"><name>Pastelaria Marquel</name><sym>Restaurant</sym></wpt><wpt lat="39.36375" lon="-9.31618"><name>Café Central</name><sym>Restaurant</sym></wpt><wpt lat="39.35931" lon="-9.36947"><name>Café Onda Jovem</name><sym>Restaurant</sym></wpt><wpt lat="39.35679" lon="-9.38008"><name>Mystic</name><sym>Restaurant</sym></wpt><wpt lat="39.33592" lon="-9.32524"><name>Arcadas do Jardim</name><sym>Restaurant</sym></wpt><wpt lat="39.33615" lon="-9.3263"><name>Entre Amigos</name><sym>Restaurant</sym></wpt><wpt lat="39.37161" lon="-9.33205"><name>Lagide</name><sym>Restaurant</sym></wpt><wpt lat="39.50928" lon="-9.13289"><name>Arcada</name><sym>Restaurant</sym></wpt><wpt lat="39.51372" lon="-9.13452"><name>Drinking water</name><sym>Drinking Water</sym></wpt><wpt lat="39.37421" lon="-9.34036"><name>Urban Beach Bar</name><sym>Restaurant</sym></wpt><wpt lat="39.37393" lon="-9.34031"><name>Café Central</name><sym>Restaurant</sym></wpt><wpt lat="39.37222" lon="-9.33749"><name>Algamar</name><sym>Restaurant</sym></wpt><wpt lat="39.43644" lon="-9.21542"><name>Café Central</name><sym>Restaurant</sym></wpt>
 <trk>
  <src>brouter_fastbike-lowtraffic_0</src>
  <type>bike</type>
  <trkseg>
   <trkpt lon="-9.315982" lat="39.364250"><ele>26.25</ele><sym>pass_place</sym><type>Via</type></trkpt>
   <trkpt lon="-9.316121" lat="39.364143"><ele>25.75</ele></trkpt>
   <trkpt lon="-9.316179" lat="39.364118"><ele>25.75</ele><sym>right_slight</sym></trkpt>
   <trkpt lon="-9.316431" lat="39.364122"><ele>26.0</ele><sym>left_slight</sym></trkpt>
   <trkpt lon="-9.316482" lat="39.364123"><ele>26.25</ele></trkpt>
   <trkpt lon="-9.316559" lat="39.364065"><ele>26.5</ele></trkpt>
   <trkpt lon="-9.316606" lat="39.364039"><ele>26.75</ele><sym>left_slight</sym></trkpt>
   <trkpt lon="-9.316724" lat="39.363862"><ele>26.75</ele><sym>right</sym></trkpt>
   <trkpt lon="-9.316979" lat="39.364001"><ele>26.75</ele></trkpt>
   <trkpt lon="-9.317248" lat="39.364166"><ele>25.75</ele></trkpt>
   <trkpt lon="-9.317319" lat="39.364200"><ele>26.0</ele></trkpt>
   <trkpt lon="-9.317424" lat="39.364224"><ele>26.0</ele></trkpt>
   <trkpt lon="-9.317516" lat="39.364227"><ele>26.0</ele></trkpt>
   <trkpt lon="-9.317619" lat="39.364222"><ele>26.0</ele></trkpt>
   <trkpt lon="-9.317709" lat="39.364209"><ele>26.0</ele></trkpt>
   <trkpt lon="-9.318080" lat="39.364149"><ele>24.75</ele></trkpt>
   <trkpt lon="-9.318398" lat="39.364101"><ele>23.5</ele></trkpt>
   <trkpt lon="-9.318514" lat="39.364095"><ele>23.25</ele></trkpt>
   <trkpt lon="-9.318577" lat="39.364105"><ele>23.0</ele></trkpt>
   <trkpt lon="-9.318634" lat="39.364127"><ele>22.75</ele></trkpt>
   <trkpt lon="-9.318737" lat="39.364188"><ele>22.25</ele></trkpt>
   <trkpt lon="-9.318982" lat="39.364373"><ele>21.5</ele></trkpt>
   <trkpt lon="-9.319208" lat="39.364544"><ele>22.25</ele></trkpt>
   <trkpt lon="-9.319430" lat="39.364701"><ele>22.75</ele></trkpt>
   <trkpt lon="-9.319506" lat="39.364756"><ele>23.0</ele></trkpt>
   <trkpt lon="-9.319763" lat="39.364940"><ele>23.0</ele></trkpt>
   <trkpt lon="-9.320231" lat="39.365263"><ele>22.75</ele></trkpt>
   <trkpt lon="-9.320298" lat="39.365307"><ele>23.0</ele></trkpt>
   <trkpt lon="-9.320869" lat="39.365658"><ele>22.25</ele></trkpt>
   <trkpt lon="-9.321003" lat="39.365736"><ele>22.5</ele></trkpt>
   <trkpt lon="-9.321174" lat="39.365844"><ele>22.5</ele></trkpt>
   <trkpt lon="-9.321869" lat="39.366297"><ele>21.5</ele></trkpt>
   <trkpt lon="-9.323569" lat="39.367336"><ele>20.0</ele></trkpt>
   <trkpt lon="-9.323690" lat="39.367410"><ele>20.5</ele></trkpt>
   <trkpt lon="-9.326275" lat="39.369007"><ele>20.75</ele></trkpt>
   <trkpt lon="-9.326686" lat="39.369260"><ele>20.25</ele></trkpt>
   <trkpt lon="-9.326987" lat="39.369452"><ele>21.0</ele></trkpt>
   <trkpt lon="-9.328100" lat="39.370136"><ele>22.5</ele></trkpt>
   <trkpt lon="-9.328739" lat="39.370525"><ele>21.0</ele></trkpt>
   <trkpt lon="-9.328936" lat="39.370630"><ele>20.75</ele></trkpt>
   <trkpt lon="-9.329281" lat="39.370750"><ele>20.25</ele></trkpt>
   <trkpt lon="-9.330210" lat="39.370992"><ele>19.0</ele></trkpt>
   <trkpt lon="-9.330496" lat="39.371067"><ele>19.75</ele></trkpt>
   <trkpt lon="-9.331199" lat="39.371252"><ele>18.5</ele></trkpt>
   <trkpt lon="-9.331762" lat="39.371401"><ele>16.5</ele></trkpt>
   <trkpt lon="-9.331932" lat="39.371446"><ele>16.0</ele></trkpt>
   <trkpt lon="-9.333557" lat="39.371864"><ele>13.0</ele></trkpt>
   <trkpt lon="-9.333559" lat="39.371864"><ele>13.5</ele><sym>pass_place</sym><type>Shaping</type></trkpt>
   <trkpt lon="-9.333782" lat="39.371915"><ele>13.5</ele></trkpt>
   <trkpt lon="-9.334754" lat="39.372177"><ele>12.5</ele></trkpt>
   <trkpt lon="-9.334823" lat="39.372196"><ele>12.0</ele></trkpt>
   <trkpt lon="-9.335036" lat="39.372249"><ele>10.75</ele></trkpt>
   <trkpt lon="-9.335502" lat="39.372364"><ele>9.0</ele></trkpt>
   <trkpt lon="-9.335900" lat="39.372463"><ele>9.75</ele></trkpt>
   <trkpt lon="-9.336170" lat="39.372506"><ele>9.75</ele></trkpt>
   <trkpt lon="-9.336267" lat="39.372509"><ele>9.75</ele><sym>left_slight</sym></trkpt>
   <trkpt lon="-9.336330" lat="39.372497"><ele>9.75</ele></trkpt>
   <trkpt lon="-9.336371" lat="39.372478"><ele>9.75</ele><sym>straight</sym></trkpt>
   <trkpt lon="-9.336527" lat="39.372356"><ele>8.5</ele></trkpt>
   <trkpt lon="-9.336568" lat="39.372297"><ele>8.0</ele></trkpt>
   <trkpt lon="-9.336592" lat="39.372235"><ele>7.5</ele></trkpt>
   <trkpt lon="-9.336611" lat="39.372005"><ele>6.25</ele></trkpt>
   <trkpt lon="-9.336614" lat="39.371909"><ele>6.25</ele></trkpt>
   <trkpt lon="-9.336623" lat="39.371644"><ele>7.0</ele></trkpt>
   <trkpt lon="-9.336634" lat="39.371301"><ele>8.5</ele></trkpt>
   <trkpt lon="-9.336642" lat="39.371056"><ele>7.75</ele></trkpt>
   <trkpt lon="-9.336650" lat="39.370817"><ele>6.75</ele></trkpt>
   <trkpt lon="-9.336657" lat="39.370513"><ele>7.0</ele></trkpt>
   <trkpt lon="-9.336658" lat="39.370508"><ele>9.25</ele><sym>pass_place</sym><type>Shaping</type></trkpt>
   <trkpt lon="-9.336675" lat="39.369597"><ele>9.25</ele></trkpt>
   <trkpt lon="-9.336681" lat="39.369346"><ele>9.5</ele></trkpt>
   <trkpt lon="-9.336684" lat="39.369184"><ele>9.0</ele></trkpt>
   <trkpt lon="-9.336685" lat="39.369092"><ele>9.25</ele></trkpt>
   <trkpt lon="-9.336688" lat="39.369012"><ele>9.5</ele></trkpt>
   <trkpt lon="-9.336703" lat="39.368525"><ele>9.0</ele></trkpt>
   <trkpt lon="-9.336719" lat="39.367829"><ele>10.75</ele></trkpt>
   <trkpt lon="-9.336739" lat="39.366956"><ele>11.0</ele></trkpt>
   <trkpt lon="-9.336760" lat="39.366758"><ele>11.0</ele></trkpt>
   <trkpt lon="-9.336770" lat="39.366675"><ele>11.0</ele></trkpt>
   <trkpt lon="-9.336814" lat="39.366488"><ele>10.5</ele></trkpt>
   <trkpt lon="-9.336885" lat="39.366315"><ele>9.75</ele></trkpt>
   <trkpt lon="-9.336977" lat="39.366114"><ele>9.0</ele></trkpt>
   <trkpt lon="-9.337000" lat="39.366072"><ele>9.0</ele></trkpt>
   <trkpt lon="-9.337023" lat="39.366029"><ele>9.0</ele></trkpt>
   <trkpt lon="-9.337151" lat="39.365782"><ele>9.0</ele></trkpt>
   <trkpt lon="-9.337284" lat="39.365528"><ele>8.75</ele></trkpt>
   <trkpt lon="-9.337321" lat="39.365457"><ele>8.75</ele></trkpt>
   <trkpt lon="-9.337383" lat="39.365328"><ele>8.5</ele></trkpt>
   <trkpt lon="-9.337452" lat="39.365185"><ele>8.25</ele></trkpt>
   <trkpt lon="-9.337815" lat="39.364436"><ele>4.75</ele></trkpt>
   <trkpt lon="-9.337982" lat="39.364099"><ele>6.75</ele></trkpt>
   <trkpt lon="-9.338092" lat="39.363877"><ele>7.0</ele></trkpt>
   <trkpt lon="-9.338119" lat="39.363822"><ele>7.0</ele></trkpt>
   <trkpt lon="-9.338189" lat="39.363681"><ele>7.25</ele></trkpt>
   <trkpt lon="-9.338274" lat="39.363509"><ele>7.75</ele></trkpt>
   <trkpt lon="-9.338411" lat="39.363244"><ele>7.5</ele></trkpt>
   <trkpt lon="-9.338557" lat="39.362997"><ele>7.5</ele></trkpt>
   <trkpt lon="-9.338790" lat="39.362701"><ele>9.25</ele></trkpt>
   <trkpt lon="-9.339135" lat="39.362390"><ele>8.5</ele></trkpt>
   <trkpt lon="-9.339333" lat="39.362248"><ele>8.0</ele></trkpt>
   <trkpt lon="-9.341370" lat="39.361162"><ele>5.5</ele></trkpt>
   <trkpt lon="-9.343755" lat="39.359933"><ele>8.25</ele></trkpt>
   <trkpt lon="-9.344012" lat="39.359800"><ele>7.75</ele></trkpt>
   <trkpt lon="-9.344329" lat="39.359635"><ele>8.25</ele></trkpt>
   <trkpt lon="-9.344696" lat="39.359423"><ele>8.75</ele></trkpt>
   <trkpt lon="-9.346146" lat="39.358501"><ele>9.0</ele></trkpt>
   <trkpt lon="-9.346302" lat="39.358414"><ele>9.25</ele></trkpt>
   <trkpt lon="-9.346604" lat="39.358268"><ele>10.25</ele></trkpt>
   <trkpt lon="-9.346753" lat="39.358208"><ele>10.5</ele></trkpt>
   <trkpt lon="-9.347108" lat="39.358100"><ele>12.0</ele></trkpt>
   <trkpt lon="-9.347321" lat="39.358057"><ele>13.25</ele><sym>pass_place</sym><type>Shaping</type></trkpt>
   <trkpt lon="-9.347325" lat="39.358056"><ele>13.25</ele></trkpt>
   <trkpt lon="-9.353924" lat="39.356950"><ele>5.75</ele></trkpt>
   <trkpt lon="-9.354560" lat="39.356845"><ele>6.25</ele></trkpt>
   <trkpt lon="-9.354756" lat="39.356821"><ele>6.0</ele></trkpt>
   <trkpt lon="-9.355076" lat="39.356800"><ele>6.0</ele></trkpt>
   <trkpt lon="-9.355440" lat="39.356813"><ele>6.75</ele></trkpt>
   <trkpt lon="-9.355665" lat="39.356835"><ele>7.25</ele></trkpt>
   <trkpt lon="-9.356036" lat="39.356896"><ele>8.75</ele></trkpt>
   <trkpt lon="-9.356153" lat="39.356926"><ele>9.0</ele></trkpt>
   <trkpt lon="-9.356317" lat="39.356974"><ele>8.5</ele></trkpt>
   <trkpt lon="-9.356561" lat="39.357052"><ele>8.0</ele></trkpt>
   <trkpt lon="-9.356669" lat="39.357094"><ele>7.75</ele></trkpt>
   <trkpt lon="-9.357284" lat="39.357343"><ele>7.0</ele></trkpt>
   <trkpt lon="-9.357511" lat="39.357438"><ele>7.75</ele></trkpt>
   <trkpt lon="-9.358732" lat="39.357943"><ele>6.75</ele></trkpt>
   <trkpt lon="-9.359434" lat="39.358204"><ele>8.0</ele></trkpt>
   <trkpt lon="-9.359909" lat="39.358360"><ele>6.0</ele></trkpt>
   <trkpt lon="-9.360165" lat="39.358435"><ele>5.0</ele></trkpt>
   <trkpt lon="-9.360650" lat="39.358560"><ele>5.0</ele></trkpt>
   <trkpt lon="-9.361307" lat="39.358702"><ele>7.5</ele></trkpt>
   <trkpt lon="-9.362069" lat="39.358826"><ele>4.25</ele></trkpt>
   <trkpt lon="-9.362288" lat="39.358856"><ele>3.5</ele></trkpt>
   <trkpt lon="-9.362528" lat="39.358879"><ele>2.75</ele></trkpt>
   <trkpt lon="-9.363197" lat="39.358936"><ele>2.0</ele></trkpt>
   <trkpt lon="-9.363293" lat="39.358941"><ele>2.25</ele></trkpt>
   <trkpt lon="-9.363659" lat="39.358963"><ele>3.25</ele></trkpt>
   <trkpt lon="-9.363973" lat="39.358983"><ele>2.75</ele></trkpt>
   <trkpt lon="-9.364534" lat="39.359019"><ele>2.5</ele></trkpt>
   <trkpt lon="-9.364877" lat="39.359032"><ele>2.25</ele></trkpt>
   <trkpt lon="-9.365013" lat="39.359023"><ele>2.25</ele></trkpt>
   <trkpt lon="-9.365135" lat="39.359007"><ele>2.0</ele></trkpt>
   <trkpt lon="-9.365237" lat="39.358983"><ele>1.75</ele></trkpt>
   <trkpt lon="-9.365330" lat="39.358951"><ele>1.75</ele></trkpt>
   <trkpt lon="-9.365428" lat="39.358910"><ele>1.75</ele></trkpt>
   <trkpt lon="-9.365530" lat="39.358857"><ele>1.75</ele></trkpt>
   <trkpt lon="-9.365684" lat="39.358761"><ele>1.75</ele></trkpt>
   <trkpt lon="-9.365883" lat="39.358669"><ele>1.0</ele></trkpt>
   <trkpt lon="-9.365969" lat="39.358637"><ele>1.0</ele></trkpt>
   <trkpt lon="-9.366040" lat="39.358614"><ele>1.0</ele><sym>roundabout_e2</sym></trkpt>
   <trkpt lon="-9.366065" lat="39.358619"><ele>1.0</ele></trkpt>
   <trkpt lon="-9.366131" lat="39.358618"><ele>1.0</ele></trkpt>
   <trkpt lon="-9.366193" lat="39.358604"><ele>1.25</ele></trkpt>
   <trkpt lon="-9.366260" lat="39.358571"><ele>1.75</ele></trkpt>
   <trkpt lon="-9.366311" lat="39.358523"><ele>2.25</ele></trkpt>
   <trkpt lon="-9.366338" lat="39.358465"><ele>2.75</ele></trkpt>
   <trkpt lon="-9.366349" lat="39.358405"><ele>3.25</ele></trkpt>
   <trkpt lon="-9.366339" lat="39.358361"><ele>3.5</ele></trkpt>
   <trkpt lon="-9.366472" lat="39.358123"><ele>5.5</ele></trkpt>
   <trkpt lon="-9.366792" lat="39.357854"><ele>7.0</ele></trkpt>
   <trkpt lon="-9.366872" lat="39.357803"><ele>7.0</ele><sym>pass_place</sym><type>Shaping</type></trkpt>
   <trkpt lon="-9.366946" lat="39.357765"><ele>6.75</ele></trkpt>
   <trkpt lon="-9.367051" lat="39.357721"><ele>6.75</ele></trkpt>
   <trkpt lon="-9.367159" lat="39.357686"><ele>6.5</ele></trkpt>
   <trkpt lon="-9.367449" lat="39.357630"><ele>6.0</ele></trkpt>
   <trkpt lon="-9.367721" lat="39.357593"><ele>6.0</ele></trkpt>
   <trkpt lon="-9.368207" lat="39.357517"><ele>5.75</ele></trkpt>
   <trkpt lon="-9.368310" lat="39.357497"><ele>6.0</ele><sym>roundabout_e1</sym></trkpt>
   <trkpt lon="-9.368632" lat="39.357509"><ele>4.75</ele></trkpt>
   <trkpt lon="-9.368831" lat="39.357571"><ele>4.25</ele></trkpt>
   <trkpt lon="-9.369047" lat="39.357661"><ele>4.5</ele></trkpt>
   <trkpt lon="-9.369433" lat="39.357931"><ele>4.25</ele></trkpt>
   <trkpt lon="-9.369690" lat="39.358109"><ele>4.0</ele></trkpt>
   <trkpt lon="-9.370308" lat="39.358516"><ele>3.0</ele></trkpt>
   <trkpt lon="-9.370500" lat="39.358598"><ele>3.0</ele></trkpt>
   <trkpt lon="-9.370625" lat="39.358638"><ele>2.5</ele></trkpt>
   <trkpt lon="-9.370759" lat="39.358668"><ele>2.0</ele></trkpt>
   <trkpt lon="-9.370891" lat="39.358687"><ele>2.0</ele></trkpt>
   <trkpt lon="-9.371142" lat="39.358694"><ele>2.0</ele></trkpt>
   <trkpt lon="-9.371272" lat="39.358687"><ele>2.0</ele></trkpt>
   <trkpt lon="-9.371414" lat="39.358666"><ele>2.0</ele></trkpt>
   <trkpt lon="-9.371604" lat="39.358620"><ele>2.0</ele></trkpt>
   <trkpt lon="-9.373182" lat="39.358142"><ele>2.25</ele></trkpt>
   <trkpt lon="-9.373343" lat="39.358140"><ele>2.25</ele></trkpt>
   <trkpt lon="-9.373395" lat="39.358139"><ele>2.25</ele><sym>roundabout_e2</sym></trkpt>
   <trkpt lon="-9.373428" lat="39.358150"><ele>2.25</ele></trkpt>
   <trkpt lon="-9.373464" lat="39.358152"><ele>2.25</ele></trkpt>
   <trkpt lon="-9.373499" lat="39.358145"><ele>2.25</ele></trkpt>
   <trkpt lon="-9.373529" lat="39.358131"><ele>2.25</ele></trkpt>
   <trkpt lon="-9.373552" lat="39.358111"><ele>2.25</ele></trkpt>
   <trkpt lon="-9.373565" lat="39.358086"><ele>2.25</ele></trkpt>
   <trkpt lon="-9.373724" lat="39.357977"><ele>2.25</ele></trkpt>
   <trkpt lon="-9.374819" lat="39.357647"><ele>2.25</ele></trkpt>
   <trkpt lon="-9.375008" lat="39.357591"><ele>2.5</ele></trkpt>
   <trkpt lon="-9.375852" lat="39.357339"><ele>4.75</ele></trkpt>
   <trkpt lon="-9.376287" lat="39.357192"><ele>3.25</ele></trkpt>
   <trkpt lon="-9.376445" lat="39.357138"><ele>3.0</ele></trkpt>
   <trkpt lon="-9.376504" lat="39.357121"><ele>2.75</ele><sym>roundabout_e2</sym></trkpt>
   <trkpt lon="-9.376564" lat="39.357135"><ele>2.5</ele></trkpt>
   <trkpt lon="-9.376630" lat="39.357122"><ele>2.5</ele></trkpt>
   <trkpt lon="-9.376676" lat="39.357084"><ele>2.5</ele></trkpt>
   <trkpt lon="-9.376689" lat="39.357057"><ele>2.5</ele></trkpt>
   <trkpt lon="-9.376690" lat="39.357029"><ele>2.5</ele></trkpt>
   <trkpt lon="-9.376680" lat="39.357001"><ele>2.5</ele></trkpt>
   <trkpt lon="-9.376801" lat="39.356790"><ele>2.75</ele></trkpt>
   <trkpt lon="-9.376839" lat="39.356747"><ele>2.75</ele></trkpt>
   <trkpt lon="-9.376982" lat="39.356584"><ele>3.0</ele></trkpt>
   <trkpt lon="-9.377048" lat="39.356518"><ele>3.25</ele></trkpt>
   <trkpt lon="-9.377111" lat="39.356476"><ele>3.25</ele></trkpt>
   <trkpt lon="-9.377195" lat="39.356444"><ele>3.5</ele></trkpt>
   <trkpt lon="-9.377267" lat="39.356426"><ele>3.5</ele></trkpt>
   <trkpt lon="-9.377350" lat="39.356420"><ele>3.25</ele></trkpt>
   <trkpt lon="-9.377432" lat="39.356428"><ele>2.75</ele></trkpt>
   <trkpt lon="-9.377548" lat="39.356463"><ele>2.0</ele></trkpt>
   <trkpt lon="-9.377985" lat="39.356618"><ele>1.0</ele></trkpt>
   <trkpt lon="-9.378130" lat="39.356710"><ele>2.0</ele></trkpt>
   <trkpt lon="-9.378160" lat="39.356724"><ele>2.25</ele><sym>roundabout_e1</sym></trkpt>
   <trkpt lon="-9.378176" lat="39.356753"><ele>2.75</ele></trkpt>
   <trkpt lon="-9.378202" lat="39.356777"><ele>3.0</ele></trkpt>
   <trkpt lon="-9.378238" lat="39.356792"><ele>3.5</ele></trkpt>
   <trkpt lon="-9.378278" lat="39.356798"><ele>3.75</ele></trkpt>
   <trkpt lon="-9.378318" lat="39.356793"><ele>4.25</ele></trkpt>
   <trkpt lon="-9.378328" lat="39.356817"><ele>4.25</ele></trkpt>
   <trkpt lon="-9.378333" lat="39.356828"><ele>4.5</ele><sym>left</sym></trkpt>
   <trkpt lon="-9.378371" lat="39.356812"><ele>4.75</ele></trkpt>
   <trkpt lon="-9.378414" lat="39.356801"><ele>5.25</ele></trkpt>
   <trkpt lon="-9.378472" lat="39.356759"><ele>5.75</ele><sym>right</sym></trkpt>
   <trkpt lon="-9.378504" lat="39.356775"><ele>6.0</ele></trkpt>
   <trkpt lon="-9.378526" lat="39.356794"><ele>6.5</ele></trkpt>
   <trkpt lon="-9.378586" lat="39.356901"><ele>8.0</ele><sym>u-turn</sym><type>Via</type></trkpt>
   <trkpt lon="-9.378526" lat="39.356794"><ele>6.5</ele></trkpt>
   <trkpt lon="-9.378504" lat="39.356775"><ele>6.0</ele></trkpt>
   <trkpt lon="-9.378472" lat="39.356759"><ele>5.75</ele><sym>left_slight</sym></trkpt>
   <trkpt lon="-9.378414" lat="39.356801"><ele>5.25</ele></trkpt>
   <trkpt lon="-9.378371" lat="39.356812"><ele>4.75</ele></trkpt>
   <trkpt lon="-9.378333" lat="39.356828"><ele>4.5</ele><sym>right_sharp</sym></trkpt>
   <trkpt lon="-9.378328" lat="39.356817"><ele>4.25</ele></trkpt>
   <trkpt lon="-9.378318" lat="39.356793"><ele>4.25</ele><sym>roundabout_e2</sym></trkpt>
   <trkpt lon="-9.378373" lat="39.356763"><ele>4.75</ele></trkpt>
   <trkpt lon="-9.378399" lat="39.356715"><ele>4.75</ele></trkpt>
   <trkpt lon="-9.378397" lat="39.356687"><ele>4.75</ele></trkpt>
   <trkpt lon="-9.378385" lat="39.356660"><ele>4.5</ele></trkpt>
   <trkpt lon="-9.378363" lat="39.356637"><ele>4.0</ele></trkpt>
   <trkpt lon="-9.378333" lat="39.356621"><ele>3.75</ele></trkpt>
   <trkpt lon="-9.378303" lat="39.356613"><ele>3.5</ele></trkpt>
   <trkpt lon="-9.378241" lat="39.356615"><ele>2.75</ele></trkpt>
   <trkpt lon="-9.378189" lat="39.356642"><ele>2.25</ele></trkpt>
   <trkpt lon="-9.377985" lat="39.356618"><ele>1.0</ele></trkpt>
   <trkpt lon="-9.377548" lat="39.356463"><ele>2.0</ele></trkpt>
   <trkpt lon="-9.377432" lat="39.356428"><ele>2.75</ele></trkpt>
   <trkpt lon="-9.377350" lat="39.356420"><ele>3.25</ele></trkpt>
   <trkpt lon="-9.377267" lat="39.356426"><ele>3.5</ele></trkpt>
   <trkpt lon="-9.377195" lat="39.356444"><ele>3.5</ele></trkpt>
   <trkpt lon="-9.377111" lat="39.356476"><ele>3.25</ele></trkpt>
   <trkpt lon="-9.377048" lat="39.356518"><ele>3.25</ele></trkpt>
   <trkpt lon="-9.376982" lat="39.356584"><ele>3.0</ele></trkpt>
   <trkpt lon="-9.376839" lat="39.356747"><ele>2.75</ele></trkpt>
   <trkpt lon="-9.376801" lat="39.356790"><ele>2.75</ele></trkpt>
   <trkpt lon="-9.376611" lat="39.356908"><ele>3.0</ele></trkpt>
   <trkpt lon="-9.376560" lat="39.356945"><ele>3.25</ele><sym>roundabout_e1</sym></trkpt>
   <trkpt lon="-9.376528" lat="39.356949"><ele>3.25</ele></trkpt>
   <trkpt lon="-9.376498" lat="39.356961"><ele>3.5</ele></trkpt>
   <trkpt lon="-9.376473" lat="39.356978"><ele>3.5</ele></trkpt>
   <trkpt lon="-9.376456" lat="39.357000"><ele>3.5</ele></trkpt>
   <trkpt lon="-9.376222" lat="39.357123"><ele>3.5</ele></trkpt>
   <trkpt lon="-9.375852" lat="39.357339"><ele>4.75</ele></trkpt>
   <trkpt lon="-9.375008" lat="39.357591"><ele>2.5</ele></trkpt>
   <trkpt lon="-9.374819" lat="39.357647"><ele>2.25</ele></trkpt>
   <trkpt lon="-9.373724" lat="39.357977"><ele>2.25</ele></trkpt>
   <trkpt lon="-9.373587" lat="39.357992"><ele>2.25</ele></trkpt>
   <trkpt lon="-9.373529" lat="39.357998"><ele>2.25</ele><sym>roundabout_e1</sym></trkpt>
   <trkpt lon="-9.373470" lat="39.357978"><ele>2.25</ele></trkpt>
   <trkpt lon="-9.373431" lat="39.357979"><ele>2.25</ele></trkpt>
   <trkpt lon="-9.373395" lat="39.357990"><ele>2.25</ele></trkpt>
   <trkpt lon="-9.373366" lat="39.358011"><ele>2.25</ele></trkpt>
   <trkpt lon="-9.373347" lat="39.358038"><ele>2.25</ele></trkpt>
   <trkpt lon="-9.373342" lat="39.358068"><ele>2.25</ele></trkpt>
   <trkpt lon="-9.373182" lat="39.358142"><ele>2.0</ele></trkpt>
   <trkpt lon="-9.371604" lat="39.358620"><ele>2.0</ele><sym>right_slight</sym></trkpt>
   <trkpt lon="-9.371353" lat="39.358563"><ele>2.0</ele></trkpt>
   <trkpt lon="-9.370834" lat="39.358567"><ele>2.0</ele></trkpt>
   <trkpt lon="-9.370564" lat="39.358499"><ele>2.75</ele></trkpt>
   <trkpt lon="-9.370308" lat="39.358516"><ele>3.0</ele><sym>right_slight</sym></trkpt>
   <trkpt lon="-9.369690" lat="39.358109"><ele>4.0</ele></trkpt>
   <trkpt lon="-9.369433" lat="39.357931"><ele>4.25</ele></trkpt>
   <trkpt lon="-9.369047" lat="39.357661"><ele>4.5</ele></trkpt>
   <trkpt lon="-9.368965" lat="39.357555"><ele>4.0</ele></trkpt>
   <trkpt lon="-9.368918" lat="39.357447"><ele>3.75</ele></trkpt>
   <trkpt lon="-9.368896" lat="39.357380"><ele>3.75</ele><sym>roundabout_e2</sym></trkpt>
   <trkpt lon="-9.368919" lat="39.357270"><ele>3.75</ele></trkpt>
   <trkpt lon="-9.368903" lat="39.357218"><ele>3.75</ele></trkpt>
   <trkpt lon="-9.368864" lat="39.357165"><ele>3.75</ele></trkpt>
   <trkpt lon="-9.368806" lat="39.357115"><ele>3.75</ele></trkpt>
   <trkpt lon="-9.368732" lat="39.357074"><ele>4.0</ele></trkpt>
   <trkpt lon="-9.368306" lat="39.357050"><ele>4.75</ele></trkpt>
   <trkpt lon="-9.368234" lat="39.357071"><ele>4.75</ele></trkpt>
   <trkpt lon="-9.368166" lat="39.357107"><ele>5.0</ele></trkpt>
   <trkpt lon="-9.368124" lat="39.357145"><ele>5.25</ele></trkpt>
   <trkpt lon="-9.367804" lat="39.357049"><ele>3.5</ele></trkpt>
   <trkpt lon="-9.367369" lat="39.356991"><ele>3.0</ele></trkpt>
   <trkpt lon="-9.366996" lat="39.356996"><ele>3.0</ele></trkpt>
   <trkpt lon="-9.366677" lat="39.356977"><ele>2.25</ele></trkpt>
   <trkpt lon="-9.366270" lat="39.356898"><ele>2.0</ele></trkpt>
   <trkpt lon="-9.365864" lat="39.356721"><ele>2.5</ele></trkpt>
   <trkpt lon="-9.365252" lat="39.356349"><ele>3.75</ele></trkpt>
   <trkpt lon="-9.364668" lat="39.355938"><ele>4.25</ele></trkpt>
   <trkpt lon="-9.364341" lat="39.355601"><ele>3.75</ele></trkpt>
   <trkpt lon="-9.364157" lat="39.355322"><ele>4.0</ele></trkpt>
   <trkpt lon="-9.364081" lat="39.354960"><ele>5.25</ele></trkpt>
   <trkpt lon="-9.364096" lat="39.354805"><ele>5.25</ele></trkpt>
   <trkpt lon="-9.364245" lat="39.354337"><ele>3.5</ele></trkpt>
   <trkpt lon="-9.364461" lat="39.353834"><ele>3.0</ele></trkpt>
   <trkpt lon="-9.364628" lat="39.353524"><ele>3.5</ele></trkpt>
   <trkpt lon="-9.364817" lat="39.353070"><ele>2.5</ele></trkpt>
   <trkpt lon="-9.364840" lat="39.352849"><ele>3.25</ele><sym>left_slight</sym><type>Via</type></trkpt>
   <trkpt lon="-9.364792" lat="39.352722"><ele>3.5</ele></trkpt>
   <trkpt lon="-9.364673" lat="39.352540"><ele>3.25</ele></trkpt>
   <trkpt lon="-9.364559" lat="39.352389"><ele>2.75</ele></trkpt>
   <trkpt lon="-9.364427" lat="39.352199"><ele>1.75</ele></trkpt>
   <trkpt lon="-9.364388" lat="39.352149"><ele>1.75</ele></trkpt>
   <trkpt lon="-9.364364" lat="39.352116"><ele>1.5</ele></trkpt>
   <trkpt lon="-9.363676" lat="39.351235"><ele>4.75</ele></trkpt>
   <trkpt lon="-9.363559" lat="39.351138"><ele>5.25</ele></trkpt>
   <trkpt lon="-9.363346" lat="39.351079"><ele>5.25</ele></trkpt>
   <trkpt lon="-9.363092" lat="39.351061"><ele>4.5</ele></trkpt>
   <trkpt lon="-9.362795" lat="39.351089"><ele>3.75</ele></trkpt>
   <trkpt lon="-9.362219" lat="39.351184"><ele>1.5</ele></trkpt>
   <trkpt lon="-9.361845" lat="39.351264"><ele>1.0</ele><sym>right</sym></trkpt>
   <trkpt lon="-9.361827" lat="39.351218"><ele>1.0</ele></trkpt>
   <trkpt lon="-9.361767" lat="39.351061"><ele>1.0</ele></trkpt>
   <trkpt lon="-9.361472" lat="39.350344"><ele>3.75</ele></trkpt>
   <trkpt lon="-9.360856" lat="39.349705"><ele>6.5</ele></trkpt>
   <trkpt lon="-9.360505" lat="39.349441"><ele>3.75</ele></trkpt>
   <trkpt lon="-9.360434" lat="39.349393"><ele>3.75</ele><sym>left</sym></trkpt>
   <trkpt lon="-9.360222" lat="39.349667"><ele>3.75</ele></trkpt>
   <trkpt lon="-9.360098" lat="39.349855"><ele>3.0</ele></trkpt>
   <trkpt lon="-9.359992" lat="39.349960"><ele>2.0</ele></trkpt>
   <trkpt lon="-9.359916" lat="39.350007"><ele>2.0</ele><sym>roundabout_e1</sym></trkpt>
   <trkpt lon="-9.359825" lat="39.350013"><ele>2.0</ele></trkpt>
   <trkpt lon="-9.359581" lat="39.349867"><ele>2.25</ele></trkpt>
   <trkpt lon="-9.359404" lat="39.349647"><ele>2.0</ele></trkpt>
   <trkpt lon="-9.359323" lat="39.349577"><ele>2.25</ele></trkpt>
   <trkpt lon="-9.359242" lat="39.349524"><ele>2.0</ele></trkpt>
   <trkpt lon="-9.359144" lat="39.349472"><ele>2.0</ele></trkpt>
   <trkpt lon="-9.359028" lat="39.349422"><ele>2.0</ele></trkpt>
   <trkpt lon="-9.358861" lat="39.349360"><ele>2.5</ele></trkpt>
   <trkpt lon="-9.358486" lat="39.349244"><ele>2.5</ele></trkpt>
   <trkpt lon="-9.358131" lat="39.349111"><ele>3.75</ele></trkpt>
   <trkpt lon="-9.357886" lat="39.349021"><ele>4.25</ele></trkpt>
   <trkpt lon="-9.357370" lat="39.348805"><ele>5.0</ele></trkpt>
   <trkpt lon="-9.356066" lat="39.348198"><ele>6.0</ele></trkpt>
   <trkpt lon="-9.353910" lat="39.347361"><ele>6.5</ele></trkpt>
   <trkpt lon="-9.353284" lat="39.347120"><ele>5.25</ele></trkpt>
   <trkpt lon="-9.353226" lat="39.347097"><ele>5.0</ele><sym>roundabout_e1</sym></trkpt>
   <trkpt lon="-9.353240" lat="39.347060"><ele>5.0</ele></trkpt>
   <trkpt lon="-9.353239" lat="39.347033"><ele>4.75</ele></trkpt>
   <trkpt lon="-9.353227" lat="39.347002"><ele>4.75</ele></trkpt>
   <trkpt lon="-9.353205" lat="39.346975"><ele>4.5</ele></trkpt>
   <trkpt lon="-9.353173" lat="39.346953"><ele>4.25</ele></trkpt>
   <trkpt lon="-9.353136" lat="39.346940"><ele>4.25</ele></trkpt>
   <trkpt lon="-9.352926" lat="39.346761"><ele>3.5</ele></trkpt>
   <trkpt lon="-9.352822" lat="39.346574"><ele>3.25</ele></trkpt>
   <trkpt lon="-9.352644" lat="39.346243"><ele>4.75</ele></trkpt>
   <trkpt lon="-9.352585" lat="39.346069"><ele>4.75</ele></trkpt>
   <trkpt lon="-9.352559" lat="39.345866"><ele>4.25</ele></trkpt>
   <trkpt lon="-9.352557" lat="39.345778"><ele>4.0</ele></trkpt>
   <trkpt lon="-9.352621" lat="39.345332"><ele>4.75</ele></trkpt>
   <trkpt lon="-9.352741" lat="39.344564"><ele>6.0</ele></trkpt>
   <trkpt lon="-9.352757" lat="39.344386"><ele>5.75</ele></trkpt>
   <trkpt lon="-9.352758" lat="39.344293"><ele>5.75</ele></trkpt>
   <trkpt lon="-9.352739" lat="39.344100"><ele>5.75</ele></trkpt>
   <trkpt lon="-9.352696" lat="39.343842"><ele>5.5</ele></trkpt>
   <trkpt lon="-9.352531" lat="39.342959"><ele>5.0</ele><sym>pass_place</sym><type>Shaping</type></trkpt>
   <trkpt lon="-9.352530" lat="39.342958"><ele>5.0</ele></trkpt>
   <trkpt lon="-9.352496" lat="39.342690"><ele>5.25</ele></trkpt>
   <trkpt lon="-9.352438" lat="39.342316"><ele>4.5</ele></trkpt>
   <trkpt lon="-9.352197" lat="39.340888"><ele>5.0</ele></trkpt>
   <trkpt lon="-9.352116" lat="39.340436"><ele>4.75</ele></trkpt>
   <trkpt lon="-9.352101" lat="39.340248"><ele>5.0</ele></trkpt>
   <trkpt lon="-9.352082" lat="39.339932"><ele>5.5</ele></trkpt>
   <trkpt lon="-9.352078" lat="39.339848"><ele>6.0</ele></trkpt>
   <trkpt lon="-9.352082" lat="39.339493"><ele>7.25</ele></trkpt>
   <trkpt lon="-9.352095" lat="39.337993"><ele>5.75</ele></trkpt>
   <trkpt lon="-9.352095" lat="39.337842"><ele>5.5</ele></trkpt>
   <trkpt lon="-9.352107" lat="39.337061"><ele>5.5</ele></trkpt>
   <trkpt lon="-9.352106" lat="39.336679"><ele>6.75</ele></trkpt>
   <trkpt lon="-9.352099" lat="39.336570"><ele>7.0</ele></trkpt>
   <trkpt lon="-9.352043" lat="39.336382"><ele>7.0</ele></trkpt>
   <trkpt lon="-9.352009" lat="39.336308"><ele>7.25</ele></trkpt>
   <trkpt lon="-9.351952" lat="39.336215"><ele>7.5</ele></trkpt>
   <trkpt lon="-9.351855" lat="39.336099"><ele>8.0</ele></trkpt>
   <trkpt lon="-9.351631" lat="39.335858"><ele>8.75</ele></trkpt>
   <trkpt lon="-9.351457" lat="39.335670"><ele>9.5</ele></trkpt>
   <trkpt lon="-9.351355" lat="39.335581"><ele>9.75</ele></trkpt>
   <trkpt lon="-9.351047" lat="39.335377"><ele>9.5</ele></trkpt>
   <trkpt lon="-9.350763" lat="39.335173"><ele>10.0</ele></trkpt>
   <trkpt lon="-9.350365" lat="39.334886"><ele>9.5</ele></trkpt>
   <trkpt lon="-9.350305" lat="39.334826"><ele>9.5</ele></trkpt>
   <trkpt lon="-9.350206" lat="39.334688"><ele>10.25</ele></trkpt>
   <trkpt lon="-9.349844" lat="39.333849"><ele>8.25</ele></trkpt>
   <trkpt lon="-9.349483" lat="39.332987"><ele>9.0</ele></trkpt>
   <trkpt lon="-9.349116" lat="39.332077"><ele>10.25</ele></trkpt>
   <trkpt lon="-9.349072" lat="39.331970"><ele>10.75</ele></trkpt>
   <trkpt lon="-9.348148" lat="39.329751"><ele>14.25</ele></trkpt>
   <trkpt lon="-9.348085" lat="39.329609"><ele>14.75</ele></trkpt>
   <trkpt lon="-9.347981" lat="39.329473"><ele>15.75</ele></trkpt>
   <trkpt lon="-9.347595" lat="39.329018"><ele>17.0</ele></trkpt>
   <trkpt lon="-9.345861" lat="39.327049"><ele>17.5</ele><sym>pass_place</sym><type>Shaping</type></trkpt>
   <trkpt lon="-9.345859" lat="39.327048"><ele>17.5</ele></trkpt>
   <trkpt lon="-9.345762" lat="39.326927"><ele>18.0</ele></trkpt>
   <trkpt lon="-9.345683" lat="39.326813"><ele>19.25</ele></trkpt>
   <trkpt lon="-9.345566" lat="39.326605"><ele>21.5</ele><sym>left</sym></trkpt>
   <trkpt lon="-9.345503" lat="39.326625"><ele>21.25</ele></trkpt>
   <trkpt lon="-9.344913" lat="39.326809"><ele>19.25</ele></trkpt>
   <trkpt lon="-9.344740" lat="39.326875"><ele>19.75</ele></trkpt>
   <trkpt lon="-9.344484" lat="39.326987"><ele>20.5</ele></trkpt>
   <trkpt lon="-9.344031" lat="39.327132"><ele>22.0</ele></trkpt>
   <trkpt lon="-9.343867" lat="39.327194"><ele>22.0</ele></trkpt>
   <trkpt lon="-9.343719" lat="39.327261"><ele>22.25</ele></trkpt>
   <trkpt lon="-9.343449" lat="39.327406"><ele>22.75</ele></trkpt>
   <trkpt lon="-9.342285" lat="39.328082"><ele>21.0</ele></trkpt>
   <trkpt lon="-9.341981" lat="39.328232"><ele>19.75</ele></trkpt>
   <trkpt lon="-9.341926" lat="39.328273"><ele>19.25</ele></trkpt>
   <trkpt lon="-9.341879" lat="39.328322"><ele>19.0</ele></trkpt>
   <trkpt lon="-9.341727" lat="39.328510"><ele>18.5</ele></trkpt>
   <trkpt lon="-9.341633" lat="39.328600"><ele>18.0</ele></trkpt>
   <trkpt lon="-9.341230" lat="39.328948"><ele>17.25</ele></trkpt>
   <trkpt lon="-9.341112" lat="39.329074"><ele>17.0</ele></trkpt>
   <trkpt lon="-9.340877" lat="39.329325"><ele>17.25</ele></trkpt>
   <trkpt lon="-9.340406" lat="39.329724"><ele>19.5</ele></trkpt>
   <trkpt lon="-9.339985" lat="39.330094"><ele>23.5</ele></trkpt>
   <trkpt lon="-9.339898" lat="39.330189"><ele>24.5</ele></trkpt>
   <trkpt lon="-9.339755" lat="39.330380"><ele>26.25</ele></trkpt>
   <trkpt lon="-9.339695" lat="39.330479"><ele>26.75</ele></trkpt>
   <trkpt lon="-9.339488" lat="39.330904"><ele>29.0</ele></trkpt>
   <trkpt lon="-9.339400" lat="39.331042"><ele>29.5</ele></trkpt>
   <trkpt lon="-9.339306" lat="39.331153"><ele>29.5</ele></trkpt>
   <trkpt lon="-9.339201" lat="39.331250"><ele>29.5</ele></trkpt>
   <trkpt lon="-9.339053" lat="39.331357"><ele>29.0</ele></trkpt>
   <trkpt lon="-9.338929" lat="39.331430"><ele>28.25</ele></trkpt>
   <trkpt lon="-9.338731" lat="39.331530"><ele>28.0</ele></trkpt>
   <trkpt lon="-9.337541" lat="39.332051"><ele>34.0</ele></trkpt>
   <trkpt lon="-9.336635" lat="39.332533"><ele>34.75</ele></trkpt>
   <trkpt lon="-9.336488" lat="39.332596"><ele>34.5</ele></trkpt>
   <trkpt lon="-9.336305" lat="39.332655"><ele>34.25</ele></trkpt>
   <trkpt lon="-9.336083" lat="39.332707"><ele>33.75</ele></trkpt>
   <trkpt lon="-9.335860" lat="39.332782"><ele>32.75</ele></trkpt>
   <trkpt lon="-9.335511" lat="39.332968"><ele>33.0</ele><sym>right_slight</sym></trkpt>
   <trkpt lon="-9.335422" lat="39.332972"><ele>34.0</ele></trkpt>
   <trkpt lon="-9.335293" lat="39.332969"><ele>35.25</ele></trkpt>
   <trkpt lon="-9.335200" lat="39.332944"><ele>36.25</ele></trkpt>
   <trkpt lon="-9.335141" lat="39.332907"><ele>37.0</ele></trkpt>
   <trkpt lon="-9.335051" lat="39.332862"><ele>38.0</ele></trkpt>
   <trkpt lon="-9.335042" lat="39.332855"><ele>38.0</ele></trkpt>
   <trkpt lon="-9.334845" lat="39.332667"><ele>38.25</ele></trkpt>
   <trkpt lon="-9.334765" lat="39.332603"><ele>38.25</ele></trkpt>
   <trkpt lon="-9.334543" lat="39.332451"><ele>37.5</ele></trkpt>
   <trkpt lon="-9.334426" lat="39.332359"><ele>36.75</ele></trkpt>
   <trkpt lon="-9.334253" lat="39.332189"><ele>36.0</ele></trkpt>
   <trkpt lon="-9.334176" lat="39.332099"><ele>36.25</ele></trkpt>
   <trkpt lon="-9.334031" lat="39.331902"><ele>37.5</ele></trkpt>
   <trkpt lon="-9.333871" lat="39.331627"><ele>38.0</ele></trkpt>
   <trkpt lon="-9.333757" lat="39.331396"><ele>37.75</ele></trkpt>
   <trkpt lon="-9.333639" lat="39.331167"><ele>38.0</ele><sym>left</sym></trkpt>
   <trkpt lon="-9.333509" lat="39.331163"><ele>38.25</ele></trkpt>
   <trkpt lon="-9.333426" lat="39.331180"><ele>38.5</ele><sym>left_slight</sym></trkpt>
   <trkpt lon="-9.333212" lat="39.331347"><ele>39.25</ele></trkpt>
   <trkpt lon="-9.332393" lat="39.331747"><ele>36.5</ele></trkpt>
   <trkpt lon="-9.331887" lat="39.332014"><ele>33.75</ele></trkpt>
   <trkpt lon="-9.331689" lat="39.332114"><ele>33.5</ele></trkpt>
   <trkpt lon="-9.331538" lat="39.332180"><ele>33.75</ele></trkpt>
   <trkpt lon="-9.331184" lat="39.332316"><ele>34.0</ele></trkpt>
   <trkpt lon="-9.329542" lat="39.333008"><ele>36.25</ele><sym>pass_place</sym><type>Shaping</type></trkpt>
   <trkpt lon="-9.329357" lat="39.333097"><ele>37.25</ele></trkpt>
   <trkpt lon="-9.329093" lat="39.333237"><ele>38.0</ele></trkpt>
   <trkpt lon="-9.328943" lat="39.333323"><ele>38.5</ele></trkpt>
   <trkpt lon="-9.328705" lat="39.333492"><ele>39.5</ele></trkpt>
   <trkpt lon="-9.328560" lat="39.333610"><ele>40.0</ele></trkpt>
   <trkpt lon="-9.328244" lat="39.333899"><ele>41.25</ele></trkpt>
   <trkpt lon="-9.327544" lat="39.334604"><ele>38.75</ele></trkpt>
   <trkpt lon="-9.327422" lat="39.334722"><ele>38.25</ele></trkpt>
   <trkpt lon="-9.326962" lat="39.335166"><ele>37.75</ele></trkpt>
   <trkpt lon="-9.326715" lat="39.335411"><ele>36.75</ele></trkpt>
   <trkpt lon="-9.326444" lat="39.335682"><ele>36.25</ele></trkpt>
   <trkpt lon="-9.326134" lat="39.335989"><ele>35.75</ele></trkpt>
   <trkpt lon="-9.326021" lat="39.336105"><ele>36.0</ele></trkpt>
   <trkpt lon="-9.325841" lat="39.336283"><ele>35.75</ele><sym>right</sym></trkpt>
   <trkpt lon="-9.325672" lat="39.336113"><ele>36.5</ele></trkpt>
   <trkpt lon="-9.325611" lat="39.336072"><ele>36.75</ele></trkpt>
   <trkpt lon="-9.325568" lat="39.336056"><ele>36.75</ele></trkpt>
   <trkpt lon="-9.325469" lat="39.336034"><ele>37.0</ele></trkpt>
   <trkpt lon="-9.324800" lat="39.336005"><ele>35.25</ele><sym>left</sym></trkpt>
   <trkpt lon="-9.324709" lat="39.336666"><ele>33.75</ele><sym>right</sym></trkpt>
   <trkpt lon="-9.324354" lat="39.336694"><ele>32.25</ele></trkpt>
   <trkpt lon="-9.324166" lat="39.336699"><ele>32.75</ele></trkpt>
   <trkpt lon="-9.323938" lat="39.336688"><ele>32.75</ele></trkpt>
   <trkpt lon="-9.323571" lat="39.336582"><ele>33.25</ele></trkpt>
   <trkpt lon="-9.323302" lat="39.336466"><ele>33.5</ele></trkpt>
   <trkpt lon="-9.322629" lat="39.336173"><ele>33.5</ele></trkpt>
   <trkpt lon="-9.322387" lat="39.336032"><ele>33.75</ele><sym>right_slight</sym></trkpt>
   <trkpt lon="-9.322319" lat="39.335894"><ele>35.75</ele></trkpt>
   <trkpt lon="-9.322264" lat="39.335327"><ele>41.25</ele><sym>left</sym></trkpt>
   <trkpt lon="-9.321674" lat="39.335281"><ele>39.0</ele></trkpt>
   <trkpt lon="-9.321341" lat="39.335227"><ele>38.5</ele></trkpt>
   <trkpt lon="-9.321162" lat="39.335167"><ele>39.5</ele></trkpt>
   <trkpt lon="-9.320994" lat="39.335087"><ele>41.25</ele></trkpt>
   <trkpt lon="-9.320035" lat="39.334394"><ele>42.0</ele></trkpt>
   <trkpt lon="-9.319526" lat="39.334016"><ele>42.75</ele></trkpt>
   <trkpt lon="-9.319370" lat="39.333938"><ele>42.0</ele></trkpt>
   <trkpt lon="-9.319235" lat="39.333900"><ele>40.5</ele><sym>straight</sym></trkpt>
   <trkpt lon="-9.318965" lat="39.333859"><ele>39.25</ele></trkpt>
   <trkpt lon="-9.318779" lat="39.333822"><ele>38.75</ele></trkpt>
   <trkpt lon="-9.318710" lat="39.333816"><ele>38.75</ele></trkpt>
   <trkpt lon="-9.318634" lat="39.333818"><ele>38.75</ele></trkpt>
   <trkpt lon="-9.318559" lat="39.333830"><ele>38.75</ele></trkpt>
   <trkpt lon="-9.318486" lat="39.333852"><ele>38.75</ele></trkpt>
   <trkpt lon="-9.317453" lat="39.334512"><ele>35.5</ele></trkpt>
   <trkpt lon="-9.316518" lat="39.335109"><ele>44.75</ele></trkpt>
   <trkpt lon="-9.316313" lat="39.335192"><ele>45.5</ele><sym>pass_place</sym><type>Shaping</type></trkpt>
   <trkpt lon="-9.316310" lat="39.335194"><ele>45.5</ele></trkpt>
   <trkpt lon="-9.316117" lat="39.335252"><ele>45.75</ele></trkpt>
   <trkpt lon="-9.315864" lat="39.335281"><ele>46.75</ele></trkpt>
   <trkpt lon="-9.315555" lat="39.335255"><ele>46.75</ele></trkpt>
   <trkpt lon="-9.315366" lat="39.335239"><ele>47.0</ele></trkpt>
   <trkpt lon="-9.315252" lat="39.335230"><ele>46.75</ele></trkpt>
   <trkpt lon="-9.313436" lat="39.335093"><ele>46.0</ele></trkpt>
   <trkpt lon="-9.313161" lat="39.335119"><ele>48.0</ele></trkpt>
   <trkpt lon="-9.312893" lat="39.335186"><ele>49.75</ele></trkpt>
   <trkpt lon="-9.312516" lat="39.335424"><ele>52.0</ele></trkpt>
   <trkpt lon="-9.311499" lat="39.336151"><ele>55.0</ele></trkpt>
   <trkpt lon="-9.311347" lat="39.336254"><ele>55.0</ele></trkpt>
   <trkpt lon="-9.311283" lat="39.336306"><ele>55.0</ele></trkpt>
   <trkpt lon="-9.311138" lat="39.336372"><ele>55.0</ele></trkpt>
   <trkpt lon="-9.311092" lat="39.336411"><ele>54.75</ele></trkpt>
   <trkpt lon="-9.311062" lat="39.336450"><ele>54.75</ele><sym>right</sym></trkpt>
   <trkpt lon="-9.310669" lat="39.336362"><ele>55.75</ele></trkpt>
   <trkpt lon="-9.310415" lat="39.336306"><ele>56.5</ele></trkpt>
   <trkpt lon="-9.309428" lat="39.336083"><ele>60.0</ele></trkpt>
   <trkpt lon="-9.309311" lat="39.336058"><ele>60.0</ele></trkpt>
   <trkpt lon="-9.308847" lat="39.335964"><ele>60.0</ele></trkpt>
   <trkpt lon="-9.308574" lat="39.335923"><ele>60.5</ele></trkpt>
   <trkpt lon="-9.308240" lat="39.335886"><ele>61.0</ele></trkpt>
   <trkpt lon="-9.307487" lat="39.335837"><ele>62.0</ele></trkpt>
   <trkpt lon="-9.304894" lat="39.335700"><ele>63.5</ele></trkpt>
   <trkpt lon="-9.304751" lat="39.335692"><ele>63.25</ele></trkpt>
   <trkpt lon="-9.301622" lat="39.335527"><ele>70.0</ele></trkpt>
   <trkpt lon="-9.301356" lat="39.335514"><ele>71.0</ele></trkpt>
   <trkpt lon="-9.300565" lat="39.335465"><ele>76.25</ele></trkpt>
   <trkpt lon="-9.300201" lat="39.335424"><ele>77.75</ele></trkpt>
   <trkpt lon="-9.299741" lat="39.335364"><ele>78.75</ele></trkpt>
   <trkpt lon="-9.299397" lat="39.335316"><ele>79.25</ele></trkpt>
   <trkpt lon="-9.298522" lat="39.335188"><ele>80.5</ele></trkpt>
   <trkpt lon="-9.297416" lat="39.335034"><ele>82.5</ele></trkpt>
   <trkpt lon="-9.292465" lat="39.334318"><ele>83.5</ele></trkpt>
   <trkpt lon="-9.292461" lat="39.334317"><ele>86.0</ele><sym>pass_place</sym><type>Shaping</type></trkpt>
   <trkpt lon="-9.290034" lat="39.333971"><ele>86.0</ele></trkpt>
   <trkpt lon="-9.289789" lat="39.333925"><ele>86.75</ele></trkpt>
   <trkpt lon="-9.289645" lat="39.333884"><ele>87.5</ele></trkpt>
   <trkpt lon="-9.289478" lat="39.333826"><ele>88.25</ele></trkpt>
   <trkpt lon="-9.289314" lat="39.333750"><ele>88.0</ele></trkpt>
   <trkpt lon="-9.289158" lat="39.333667"><ele>88.0</ele></trkpt>
   <trkpt lon="-9.288947" lat="39.333545"><ele>88.5</ele></trkpt>
   <trkpt lon="-9.288589" lat="39.333331"><ele>88.0</ele></trkpt>
   <trkpt lon="-9.287674" lat="39.332803"><ele>91.75</ele></trkpt>
   <trkpt lon="-9.287453" lat="39.332667"><ele>92.0</ele></trkpt>
   <trkpt lon="-9.287361" lat="39.332603"><ele>92.0</ele></trkpt>
   <trkpt lon="-9.287188" lat="39.332468"><ele>92.0</ele></trkpt>
   <trkpt lon="-9.287116" lat="39.332401"><ele>92.25</ele></trkpt>
   <trkpt lon="-9.286540" lat="39.331818"><ele>93.5</ele></trkpt>
   <trkpt lon="-9.286181" lat="39.331455"><ele>96.0</ele></trkpt>
   <trkpt lon="-9.286082" lat="39.331364"><ele>97.0</ele></trkpt>
   <trkpt lon="-9.285986" lat="39.331286"><ele>97.5</ele></trkpt>
   <trkpt lon="-9.285906" lat="39.331232"><ele>97.5</ele></trkpt>
   <trkpt lon="-9.285803" lat="39.331168"><ele>97.5</ele></trkpt>
   <trkpt lon="-9.285688" lat="39.331112"><ele>97.25</ele></trkpt>
   <trkpt lon="-9.285607" lat="39.331074"><ele>97.25</ele></trkpt>
   <trkpt lon="-9.285321" lat="39.330978"><ele>97.0</ele></trkpt>
   <trkpt lon="-9.285157" lat="39.330932"><ele>97.25</ele></trkpt>
   <trkpt lon="-9.284619" lat="39.330798"><ele>99.25</ele></trkpt>
   <trkpt lon="-9.284405" lat="39.330744"><ele>99.75</ele></trkpt>
   <trkpt lon="-9.283786" lat="39.330580"><ele>103.5</ele></trkpt>
   <trkpt lon="-9.283612" lat="39.330534"><ele>105.0</ele></trkpt>
   <trkpt lon="-9.283332" lat="39.330460"><ele>106.5</ele></trkpt>
   <trkpt lon="-9.283221" lat="39.330430"><ele>106.25</ele></trkpt>
   <trkpt lon="-9.283038" lat="39.330381"><ele>106.0</ele></trkpt>
   <trkpt lon="-9.282244" lat="39.330169"><ele>107.25</ele></trkpt>
   <trkpt lon="-9.281940" lat="39.330088"><ele>106.75</ele></trkpt>
   <trkpt lon="-9.281521" lat="39.329982"><ele>107.5</ele></trkpt>
   <trkpt lon="-9.281272" lat="39.329941"><ele>108.75</ele></trkpt>
   <trkpt lon="-9.281167" lat="39.329930"><ele>109.25</ele></trkpt>
   <trkpt lon="-9.281063" lat="39.329922"><ele>109.5</ele></trkpt>
   <trkpt lon="-9.280806" lat="39.329922"><ele>109.75</ele></trkpt>
   <trkpt lon="-9.279776" lat="39.329978"><ele>110.0</ele></trkpt>
   <trkpt lon="-9.279205" lat="39.330008"><ele>109.75</ele></trkpt>
   <trkpt lon="-9.278196" lat="39.330067"><ele>113.0</ele></trkpt>
   <trkpt lon="-9.277704" lat="39.330096"><ele>115.5</ele></trkpt>
   <trkpt lon="-9.276577" lat="39.330162"><ele>117.5</ele></trkpt>
   <trkpt lon="-9.275891" lat="39.330203"><ele>117.75</ele></trkpt>
   <trkpt lon="-9.275434" lat="39.330229"><ele>119.75</ele></trkpt>
   <trkpt lon="-9.275305" lat="39.330243"><ele>120.25</ele></trkpt>
   <trkpt lon="-9.275064" lat="39.330277"><ele>121.5</ele></trkpt>
   <trkpt lon="-9.274902" lat="39.330315"><ele>122.5</ele></trkpt>
   <trkpt lon="-9.274607" lat="39.330401"><ele>123.75</ele></trkpt>
   <trkpt lon="-9.273998" lat="39.330617"><ele>124.75</ele></trkpt>
   <trkpt lon="-9.273698" lat="39.330724"><ele>126.0</ele></trkpt>
   <trkpt lon="-9.273354" lat="39.330846"><ele>127.75</ele><sym>pass_place</sym><type>Shaping</type></trkpt>
   <trkpt lon="-9.273244" lat="39.330879"><ele>128.25</ele></trkpt>
   <trkpt lon="-9.273060" lat="39.330919"><ele>129.25</ele></trkpt>
   <trkpt lon="-9.272925" lat="39.330917"><ele>129.75</ele></trkpt>
   <trkpt lon="-9.272841" lat="39.330903"><ele>130.25</ele></trkpt>
   <trkpt lon="-9.272544" lat="39.330817"><ele>131.75</ele></trkpt>
   <trkpt lon="-9.272441" lat="39.330799"><ele>132.25</ele></trkpt>
   <trkpt lon="-9.272283" lat="39.330796"><ele>132.75</ele></trkpt>
   <trkpt lon="-9.272207" lat="39.330809"><ele>133.0</ele></trkpt>
   <trkpt lon="-9.271983" lat="39.330870"><ele>134.25</ele></trkpt>
   <trkpt lon="-9.271271" lat="39.331098"><ele>134.5</ele></trkpt>
   <trkpt lon="-9.271177" lat="39.331130"><ele>134.0</ele></trkpt>
   <trkpt lon="-9.271108" lat="39.331151"><ele>133.75</ele></trkpt>
   <trkpt lon="-9.270751" lat="39.331286"><ele>133.0</ele></trkpt>
   <trkpt lon="-9.270694" lat="39.331313"><ele>133.25</ele></trkpt>
   <trkpt lon="-9.270359" lat="39.331458"><ele>133.25</ele></trkpt>
   <trkpt lon="-9.270130" lat="39.331573"><ele>133.0</ele></trkpt>
   <trkpt lon="-9.270003" lat="39.331645"><ele>132.75</ele></trkpt>
   <trkpt lon="-9.269960" lat="39.331672"><ele>132.75</ele></trkpt>
   <trkpt lon="-9.269910" lat="39.331705"><ele>132.5</ele></trkpt>
   <trkpt lon="-9.269754" lat="39.331804"><ele>132.25</ele></trkpt>
   <trkpt lon="-9.269610" lat="39.331896"><ele>132.75</ele></trkpt>
   <trkpt lon="-9.269472" lat="39.331972"><ele>133.0</ele></trkpt>
   <trkpt lon="-9.269370" lat="39.332018"><ele>133.25</ele></trkpt>
   <trkpt lon="-9.269269" lat="39.332062"><ele>133.5</ele></trkpt>
   <trkpt lon="-9.269143" lat="39.332104"><ele>134.0</ele></trkpt>
   <trkpt lon="-9.268969" lat="39.332158"><ele>134.0</ele></trkpt>
   <trkpt lon="-9.268898" lat="39.332179"><ele>134.0</ele></trkpt>
   <trkpt lon="-9.268593" lat="39.332273"><ele>133.75</ele></trkpt>
   <trkpt lon="-9.267860" lat="39.332500"><ele>134.5</ele></trkpt>
   <trkpt lon="-9.267804" lat="39.332517"><ele>134.75</ele></trkpt>
   <trkpt lon="-9.267505" lat="39.332610"><ele>134.0</ele></trkpt>
   <trkpt lon="-9.267262" lat="39.332685"><ele>133.0</ele></trkpt>
   <trkpt lon="-9.267056" lat="39.332749"><ele>132.25</ele></trkpt>
   <trkpt lon="-9.266728" lat="39.332841"><ele>132.0</ele></trkpt>
   <trkpt lon="-9.266544" lat="39.332886"><ele>132.25</ele></trkpt>
   <trkpt lon="-9.266362" lat="39.332920"><ele>133.0</ele><sym>left</sym></trkpt>
   <trkpt lon="-9.266371" lat="39.332968"><ele>133.0</ele></trkpt>
   <trkpt lon="-9.266377" lat="39.332999"><ele>133.0</ele><sym>right</sym></trkpt>
   <trkpt lon="-9.266238" lat="39.333032"><ele>133.25</ele></trkpt>
   <trkpt lon="-9.265664" lat="39.333208"><ele>134.25</ele></trkpt>
   <trkpt lon="-9.264493" lat="39.333571"><ele>134.75</ele></trkpt>
   <trkpt lon="-9.263870" lat="39.333772"><ele>135.75</ele></trkpt>
   <trkpt lon="-9.262470" lat="39.334195"><ele>138.5</ele></trkpt>
   <trkpt lon="-9.262469" lat="39.334195"><ele>137.75</ele><sym>pass_place</sym><type>Shaping</type></trkpt>
   <trkpt lon="-9.262169" lat="39.334289"><ele>137.75</ele></trkpt>
   <trkpt lon="-9.261233" lat="39.334476"><ele>135.75</ele></trkpt>
   <trkpt lon="-9.260732" lat="39.334545"><ele>136.5</ele></trkpt>
   <trkpt lon="-9.260668" lat="39.334554"><ele>136.5</ele></trkpt>
   <trkpt lon="-9.260219" lat="39.334617"><ele>136.0</ele></trkpt>
   <trkpt lon="-9.259506" lat="39.334688"><ele>136.0</ele></trkpt>
   <trkpt lon="-9.259157" lat="39.334750"><ele>136.5</ele></trkpt>
   <trkpt lon="-9.258358" lat="39.334916"><ele>135.5</ele></trkpt>
   <trkpt lon="-9.257633" lat="39.334945"><ele>138.0</ele></trkpt>
   <trkpt lon="-9.256957" lat="39.335028"><ele>136.75</ele></trkpt>
   <trkpt lon="-9.256603" lat="39.335040"><ele>136.0</ele></trkpt>
   <trkpt lon="-9.256078" lat="39.335003"><ele>136.75</ele></trkpt>
   <trkpt lon="-9.255579" lat="39.334902"><ele>136.75</ele></trkpt>
   <trkpt lon="-9.253274" lat="39.334502"><ele>136.5</ele></trkpt>
   <trkpt lon="-9.252945" lat="39.334443"><ele>136.0</ele></trkpt>
   <trkpt lon="-9.252167" lat="39.334327"><ele>133.25</ele></trkpt>
   <trkpt lon="-9.251389" lat="39.334219"><ele>128.0</ele></trkpt>
   <trkpt lon="-9.250821" lat="39.334148"><ele>127.0</ele></trkpt>
   <trkpt lon="-9.250021" lat="39.334003"><ele>124.0</ele></trkpt>
   <trkpt lon="-9.249615" lat="39.333916"><ele>124.25</ele></trkpt>
   <trkpt lon="-9.249378" lat="39.333866"><ele>123.75</ele></trkpt>
   <trkpt lon="-9.248771" lat="39.333754"><ele>123.5</ele></trkpt>
   <trkpt lon="-9.248471" lat="39.333688"><ele>123.75</ele></trkpt>
   <trkpt lon="-9.248290" lat="39.333713"><ele>123.25</ele></trkpt>
   <trkpt lon="-9.247865" lat="39.333793"><ele>122.25</ele></trkpt>
   <trkpt lon="-9.247736" lat="39.333835"><ele>122.5</ele></trkpt>
   <trkpt lon="-9.247543" lat="39.333968"><ele>122.5</ele></trkpt>
   <trkpt lon="-9.247183" lat="39.334176"><ele>122.75</ele><sym>left_slight</sym></trkpt>
   <trkpt lon="-9.247087" lat="39.334430"><ele>121.5</ele></trkpt>
   <trkpt lon="-9.246931" lat="39.334791"><ele>118.25</ele></trkpt>
   <trkpt lon="-9.246872" lat="39.334895"><ele>117.25</ele></trkpt>
   <trkpt lon="-9.246792" lat="39.335019"><ele>116.75</ele></trkpt>
   <trkpt lon="-9.246658" lat="39.335173"><ele>116.75</ele></trkpt>
   <trkpt lon="-9.246477" lat="39.335309"><ele>116.75</ele></trkpt>
   <trkpt lon="-9.246357" lat="39.335430"><ele>116.5</ele></trkpt>
   <trkpt lon="-9.246229" lat="39.335580"><ele>116.0</ele></trkpt>
   <trkpt lon="-9.246068" lat="39.335696"><ele>116.5</ele></trkpt>
   <trkpt lon="-9.245885" lat="39.335758"><ele>116.25</ele></trkpt>
   <trkpt lon="-9.245612" lat="39.335833"><ele>116.0</ele></trkpt>
   <trkpt lon="-9.245220" lat="39.335899"><ele>115.75</ele></trkpt>
   <trkpt lon="-9.244915" lat="39.335957"><ele>115.5</ele></trkpt>
   <trkpt lon="-9.244668" lat="39.335986"><ele>115.25</ele></trkpt>
   <trkpt lon="-9.244485" lat="39.335970"><ele>115.5</ele></trkpt>
   <trkpt lon="-9.244394" lat="39.335974"><ele>115.25</ele></trkpt>
   <trkpt lon="-9.244292" lat="39.335994"><ele>115.25</ele></trkpt>
   <trkpt lon="-9.244190" lat="39.336044"><ele>115.0</ele></trkpt>
   <trkpt lon="-9.244080" lat="39.336124"><ele>114.75</ele></trkpt>
   <trkpt lon="-9.243836" lat="39.336268"><ele>114.5</ele></trkpt>
   <trkpt lon="-9.243515" lat="39.336480"><ele>113.0</ele></trkpt>
   <trkpt lon="-9.243273" lat="39.336651"><ele>112.25</ele><sym>pass_place</sym><type>Shaping</type></trkpt>
   <trkpt lon="-9.243268" lat="39.336654"><ele>112.25</ele></trkpt>
   <trkpt lon="-9.242978" lat="39.336869"><ele>112.5</ele></trkpt>
   <trkpt lon="-9.242645" lat="39.337106"><ele>113.0</ele></trkpt>
   <trkpt lon="-9.242506" lat="39.337185"><ele>113.0</ele></trkpt>
   <trkpt lon="-9.242377" lat="39.337227"><ele>112.5</ele></trkpt>
   <trkpt lon="-9.242222" lat="39.337243"><ele>111.75</ele></trkpt>
   <trkpt lon="-9.242066" lat="39.337247"><ele>111.25</ele></trkpt>
   <trkpt lon="-9.241953" lat="39.337297"><ele>111.0</ele></trkpt>
   <trkpt lon="-9.241800" lat="39.337386"><ele>110.25</ele></trkpt>
   <trkpt lon="-9.241596" lat="39.337485"><ele>109.25</ele></trkpt>
   <trkpt lon="-9.241390" lat="39.337575"><ele>108.25</ele></trkpt>
   <trkpt lon="-9.241154" lat="39.337654"><ele>107.25</ele></trkpt>
   <trkpt lon="-9.240816" lat="39.337741"><ele>106.5</ele></trkpt>
   <trkpt lon="-9.240564" lat="39.337824"><ele>105.0</ele></trkpt>
   <trkpt lon="-9.240339" lat="39.337890"><ele>103.75</ele></trkpt>
   <trkpt lon="-9.239947" lat="39.338048"><ele>102.5</ele></trkpt>
   <trkpt lon="-9.239228" lat="39.338231"><ele>100.5</ele></trkpt>
   <trkpt lon="-9.238712" lat="39.338253"><ele>96.0</ele></trkpt>
   <trkpt lon="-9.237936" lat="39.338235"><ele>87.75</ele></trkpt>
   <trkpt lon="-9.237769" lat="39.338239"><ele>86.75</ele></trkpt>
   <trkpt lon="-9.237609" lat="39.338271"><ele>85.5</ele></trkpt>
   <trkpt lon="-9.237232" lat="39.338335"><ele>83.0</ele></trkpt>
   <trkpt lon="-9.237152" lat="39.338327"><ele>82.25</ele></trkpt>
   <trkpt lon="-9.237085" lat="39.338301"><ele>81.5</ele></trkpt>
   <trkpt lon="-9.236949" lat="39.338213"><ele>80.0</ele></trkpt>
   <trkpt lon="-9.236901" lat="39.338169"><ele>79.25</ele><sym>left</sym></trkpt>
   <trkpt lon="-9.236819" lat="39.338212"><ele>78.75</ele></trkpt>
   <trkpt lon="-9.236619" lat="39.338312"><ele>77.5</ele></trkpt>
   <trkpt lon="-9.236358" lat="39.338450"><ele>76.75</ele></trkpt>
   <trkpt lon="-9.236049" lat="39.338602"><ele>75.5</ele></trkpt>
   <trkpt lon="-9.235102" lat="39.339060"><ele>69.75</ele></trkpt>
   <trkpt lon="-9.234891" lat="39.339163"><ele>67.5</ele></trkpt>
   <trkpt lon="-9.234629" lat="39.339290"><ele>66.75</ele></trkpt>
   <trkpt lon="-9.234486" lat="39.339360"><ele>66.5</ele></trkpt>
   <trkpt lon="-9.234246" lat="39.339478"><ele>65.75</ele></trkpt>
   <trkpt lon="-9.233949" lat="39.339632"><ele>64.5</ele></trkpt>
   <trkpt lon="-9.232619" lat="39.340283"><ele>58.25</ele></trkpt>
   <trkpt lon="-9.232191" lat="39.340461"><ele>55.75</ele></trkpt>
   <trkpt lon="-9.231936" lat="39.340538"><ele>52.75</ele></trkpt>
   <trkpt lon="-9.231809" lat="39.340570"><ele>52.0</ele></trkpt>
   <trkpt lon="-9.231519" lat="39.340620"><ele>50.25</ele></trkpt>
   <trkpt lon="-9.231238" lat="39.340643"><ele>48.5</ele></trkpt>
   <trkpt lon="-9.230821" lat="39.340634"><ele>46.75</ele></trkpt>
   <trkpt lon="-9.230513" lat="39.340596"><ele>45.25</ele></trkpt>
   <trkpt lon="-9.230359" lat="39.340567"><ele>44.25</ele></trkpt>
   <trkpt lon="-9.230223" lat="39.340536"><ele>43.5</ele></trkpt>
   <trkpt lon="-9.230014" lat="39.340471"><ele>42.0</ele></trkpt>
   <trkpt lon="-9.229766" lat="39.340372"><ele>40.25</ele></trkpt>
   <trkpt lon="-9.229372" lat="39.340215"><ele>37.0</ele></trkpt>
   <trkpt lon="-9.229029" lat="39.340116"><ele>37.5</ele></trkpt>
   <trkpt lon="-9.228919" lat="39.340100"><ele>38.0</ele></trkpt>
   <trkpt lon="-9.228792" lat="39.340090"><ele>39.0</ele></trkpt>
   <trkpt lon="-9.228592" lat="39.340084"><ele>40.25</ele></trkpt>
   <trkpt lon="-9.228443" lat="39.340089"><ele>40.75</ele></trkpt>
   <trkpt lon="-9.228315" lat="39.340102"><ele>41.25</ele></trkpt>
   <trkpt lon="-9.227937" lat="39.340162"><ele>40.25</ele></trkpt>
   <trkpt lon="-9.225615" lat="39.340647"><ele>34.0</ele></trkpt>
   <trkpt lon="-9.225458" lat="39.340677"><ele>33.5</ele></trkpt>
   <trkpt lon="-9.223638" lat="39.341048"><ele>32.0</ele><sym>stay_left</sym></trkpt>
   <trkpt lon="-9.223639" lat="39.341050"><ele>31.25</ele><sym>pass_place</sym><type>Shaping</type></trkpt>
   <trkpt lon="-9.223638" lat="39.341048"><ele>32.0</ele></trkpt>
   <trkpt lon="-9.223522" lat="39.341070"><ele>30.75</ele></trkpt>
   <trkpt lon="-9.222929" lat="39.341196"><ele>27.5</ele></trkpt>
   <trkpt lon="-9.222486" lat="39.341290"><ele>26.5</ele></trkpt>
   <trkpt lon="-9.221842" lat="39.341427"><ele>30.0</ele></trkpt>
   <trkpt lon="-9.221702" lat="39.341456"><ele>31.75</ele><sym>right_slight</sym></trkpt>
   <trkpt lon="-9.221594" lat="39.341440"><ele>33.5</ele></trkpt>
   <trkpt lon="-9.221511" lat="39.341422"><ele>35.25</ele></trkpt>
   <trkpt lon="-9.221384" lat="39.341374"><ele>38.0</ele></trkpt>
   <trkpt lon="-9.221307" lat="39.341336"><ele>39.0</ele><sym>roundabout_e3</sym></trkpt>
   <trkpt lon="-9.221282" lat="39.341299"><ele>39.75</ele></trkpt>
   <trkpt lon="-9.221211" lat="39.341242"><ele>41.0</ele></trkpt>
   <trkpt lon="-9.221147" lat="39.341218"><ele>41.75</ele></trkpt>
   <trkpt lon="-9.220879" lat="39.341148"><ele>40.75</ele></trkpt>
   <trkpt lon="-9.220816" lat="39.341143"><ele>40.25</ele></trkpt>
   <trkpt lon="-9.220756" lat="39.341151"><ele>39.75</ele></trkpt>
   <trkpt lon="-9.220638" lat="39.341202"><ele>38.5</ele></trkpt>
   <trkpt lon="-9.220586" lat="39.341258"><ele>38.0</ele></trkpt>
   <trkpt lon="-9.220567" lat="39.341302"><ele>37.5</ele></trkpt>
   <trkpt lon="-9.220558" lat="39.341351"><ele>37.25</ele></trkpt>
   <trkpt lon="-9.220565" lat="39.341420"><ele>36.25</ele></trkpt>
   <trkpt lon="-9.220587" lat="39.341464"><ele>35.25</ele></trkpt>
   <trkpt lon="-9.220586" lat="39.341534"><ele>33.75</ele></trkpt>
   <trkpt lon="-9.220571" lat="39.341587"><ele>32.75</ele></trkpt>
   <trkpt lon="-9.220552" lat="39.341626"><ele>31.75</ele></trkpt>
   <trkpt lon="-9.220524" lat="39.341658"><ele>31.0</ele></trkpt>
   <trkpt lon="-9.220468" lat="39.341705"><ele>30.25</ele><sym>right_slight</sym></trkpt>
   <trkpt lon="-9.220371" lat="39.341726"><ele>29.75</ele></trkpt>
   <trkpt lon="-9.219207" lat="39.341963"><ele>31.25</ele></trkpt>
   <trkpt lon="-9.217765" lat="39.342255"><ele>40.75</ele></trkpt>
   <trkpt lon="-9.215646" lat="39.342693"><ele>43.25</ele></trkpt>
   <trkpt lon="-9.214340" lat="39.342970"><ele>36.25</ele></trkpt>
   <trkpt lon="-9.213523" lat="39.343136"><ele>34.25</ele></trkpt>
   <trkpt lon="-9.212991" lat="39.343249"><ele>33.25</ele></trkpt>
   <trkpt lon="-9.212430" lat="39.343367"><ele>31.75</ele></trkpt>
   <trkpt lon="-9.212142" lat="39.343432"><ele>31.25</ele></trkpt>
   <trkpt lon="-9.211888" lat="39.343488"><ele>32.0</ele></trkpt>
   <trkpt lon="-9.211762" lat="39.343520"><ele>31.75</ele></trkpt>
   <trkpt lon="-9.211510" lat="39.343587"><ele>31.75</ele></trkpt>
   <trkpt lon="-9.211391" lat="39.343619"><ele>32.0</ele></trkpt>
   <trkpt lon="-9.210944" lat="39.343743"><ele>31.75</ele></trkpt>
   <trkpt lon="-9.210606" lat="39.343844"><ele>29.5</ele></trkpt>
   <trkpt lon="-9.210269" lat="39.343960"><ele>28.0</ele></trkpt>
   <trkpt lon="-9.210033" lat="39.344056"><ele>28.25</ele></trkpt>
   <trkpt lon="-9.209795" lat="39.344160"><ele>28.75</ele></trkpt>
   <trkpt lon="-9.209553" lat="39.344267"><ele>28.75</ele></trkpt>
   <trkpt lon="-9.208541" lat="39.344717"><ele>29.0</ele></trkpt>
   <trkpt lon="-9.208435" lat="39.344751"><ele>29.75</ele></trkpt>
   <trkpt lon="-9.208236" lat="39.344800"><ele>30.5</ele></trkpt>
   <trkpt lon="-9.208116" lat="39.344820"><ele>31.0</ele></trkpt>
   <trkpt lon="-9.207812" lat="39.344842"><ele>31.25</ele></trkpt>
   <trkpt lon="-9.207643" lat="39.344843"><ele>31.75</ele></trkpt>
   <trkpt lon="-9.206601" lat="39.344778"><ele>31.25</ele></trkpt>
   <trkpt lon="-9.206302" lat="39.344760"><ele>31.0</ele></trkpt>
   <trkpt lon="-9.205493" lat="39.344711"><ele>31.0</ele></trkpt>
   <trkpt lon="-9.205101" lat="39.344688"><ele>30.75</ele></trkpt>
   <trkpt lon="-9.204563" lat="39.344659"><ele>30.75</ele></trkpt>
   <trkpt lon="-9.204348" lat="39.344647"><ele>31.0</ele></trkpt>
   <trkpt lon="-9.203686" lat="39.344608"><ele>33.0</ele></trkpt>
   <trkpt lon="-9.203500" lat="39.344597"><ele>33.0</ele><sym>left</sym></trkpt>
   <trkpt lon="-9.203507" lat="39.344671"><ele>33.25</ele></trkpt>
   <trkpt lon="-9.203520" lat="39.344769"><ele>33.5</ele><sym>stay_left</sym></trkpt>
   <trkpt lon="-9.203521" lat="39.344769"><ele>39.75</ele><sym>pass_place</sym><type>Shaping</type></trkpt>
   <trkpt lon="-9.203638" lat="39.345655"><ele>39.75</ele></trkpt>
   <trkpt lon="-9.203694" lat="39.345941"><ele>42.25</ele></trkpt>
   <trkpt lon="-9.203777" lat="39.346105"><ele>44.5</ele><sym>left_slight</sym></trkpt>
   <trkpt lon="-9.204679" lat="39.346623"><ele>53.25</ele></trkpt>
   <trkpt lon="-9.205298" lat="39.346897"><ele>61.0</ele></trkpt>
   <trkpt lon="-9.205606" lat="39.347017"><ele>63.5</ele></trkpt>
   <trkpt lon="-9.205888" lat="39.347107"><ele>64.75</ele></trkpt>
   <trkpt lon="-9.206446" lat="39.347210"><ele>66.5</ele></trkpt>
   <trkpt lon="-9.206546" lat="39.347260"><ele>67.25</ele></trkpt>
   <trkpt lon="-9.206626" lat="39.347325"><ele>68.25</ele></trkpt>
   <trkpt lon="-9.206910" lat="39.347606"><ele>75.25</ele></trkpt>
   <trkpt lon="-9.206947" lat="39.347655"><ele>76.0</ele></trkpt>
   <trkpt lon="-9.206955" lat="39.347688"><ele>76.5</ele></trkpt>
   <trkpt lon="-9.206945" lat="39.347726"><ele>77.25</ele><sym>left_slight</sym></trkpt>
   <trkpt lon="-9.207023" lat="39.347825"><ele>78.25</ele></trkpt>
   <trkpt lon="-9.207057" lat="39.347897"><ele>78.75</ele></trkpt>
   <trkpt lon="-9.207084" lat="39.347986"><ele>79.25</ele></trkpt>
   <trkpt lon="-9.207123" lat="39.348227"><ele>80.25</ele></trkpt>
   <trkpt lon="-9.207148" lat="39.348512"><ele>81.25</ele></trkpt>
   <trkpt lon="-9.207128" lat="39.348685"><ele>81.5</ele></trkpt>
   <trkpt lon="-9.206884" lat="39.349446"><ele>79.75</ele></trkpt>
   <trkpt lon="-9.206790" lat="39.349913"><ele>78.5</ele></trkpt>
   <trkpt lon="-9.206777" lat="39.350030"><ele>78.0</ele></trkpt>
   <trkpt lon="-9.206773" lat="39.350120"><ele>77.5</ele></trkpt>
   <trkpt lon="-9.206784" lat="39.350233"><ele>76.75</ele></trkpt>
   <trkpt lon="-9.206804" lat="39.350330"><ele>76.0</ele></trkpt>
   <trkpt lon="-9.206855" lat="39.350490"><ele>75.0</ele></trkpt>
   <trkpt lon="-9.206890" lat="39.350546"><ele>74.75</ele></trkpt>
   <trkpt lon="-9.207178" lat="39.350903"><ele>76.5</ele></trkpt>
   <trkpt lon="-9.207259" lat="39.350992"><ele>76.25</ele></trkpt>
   <trkpt lon="-9.207628" lat="39.351471"><ele>77.0</ele></trkpt>
   <trkpt lon="-9.207757" lat="39.351644"><ele>77.75</ele></trkpt>
   <trkpt lon="-9.207993" lat="39.351995"><ele>78.75</ele></trkpt>
   <trkpt lon="-9.208305" lat="39.352401"><ele>77.0</ele></trkpt>
   <trkpt lon="-9.208373" lat="39.352500"><ele>76.5</ele></trkpt>
   <trkpt lon="-9.208467" lat="39.352684"><ele>76.5</ele></trkpt>
   <trkpt lon="-9.208492" lat="39.352773"><ele>76.75</ele></trkpt>
   <trkpt lon="-9.208522" lat="39.352894"><ele>76.75</ele></trkpt>
   <trkpt lon="-9.208563" lat="39.353121"><ele>76.5</ele></trkpt>
   <trkpt lon="-9.208700" lat="39.353914"><ele>72.75</ele></trkpt>
   <trkpt lon="-9.208776" lat="39.354198"><ele>70.75</ele></trkpt>
   <trkpt lon="-9.208893" lat="39.354498"><ele>69.25</ele></trkpt>
   <trkpt lon="-9.209160" lat="39.355080"><ele>69.25</ele></trkpt>
   <trkpt lon="-9.209610" lat="39.356083"><ele>63.25</ele></trkpt>
   <trkpt lon="-9.209674" lat="39.356212"><ele>62.75</ele></trkpt>
   <trkpt lon="-9.209743" lat="39.356317"><ele>62.0</ele></trkpt>
   <trkpt lon="-9.209855" lat="39.356453"><ele>61.0</ele></trkpt>
   <trkpt lon="-9.209956" lat="39.356557"><ele>60.75</ele></trkpt>
   <trkpt lon="-9.210211" lat="39.356795"><ele>58.5</ele></trkpt>
   <trkpt lon="-9.211579" lat="39.358053"><ele>46.5</ele></trkpt>
   <trkpt lon="-9.211680" lat="39.358161"><ele>45.75</ele></trkpt>
   <trkpt lon="-9.211823" lat="39.358367"><ele>43.25</ele></trkpt>
   <trkpt lon="-9.211879" lat="39.358479"><ele>41.75</ele><sym>pass_place</sym><type>Shaping</type></trkpt>
   <trkpt lon="-9.211949" lat="39.358648"><ele>39.5</ele></trkpt>
   <trkpt lon="-9.211971" lat="39.358737"><ele>38.75</ele></trkpt>
   <trkpt lon="-9.211980" lat="39.358814"><ele>38.0</ele></trkpt>
   <trkpt lon="-9.211984" lat="39.358904"><ele>37.25</ele></trkpt>
   <trkpt lon="-9.211966" lat="39.358990"><ele>37.0</ele></trkpt>
   <trkpt lon="-9.211677" lat="39.359794"><ele>31.25</ele></trkpt>
   <trkpt lon="-9.211654" lat="39.359897"><ele>30.75</ele></trkpt>
   <trkpt lon="-9.211647" lat="39.359998"><ele>30.0</ele></trkpt>
   <trkpt lon="-9.211664" lat="39.360123"><ele>29.5</ele></trkpt>
   <trkpt lon="-9.211787" lat="39.360561"><ele>26.75</ele></trkpt>
   <trkpt lon="-9.211800" lat="39.360594"><ele>27.0</ele><sym>right_slight</sym></trkpt>
   <trkpt lon="-9.211802" lat="39.360743"><ele>27.5</ele></trkpt>
   <trkpt lon="-9.211796" lat="39.360956"><ele>28.25</ele></trkpt>
   <trkpt lon="-9.211779" lat="39.361104"><ele>28.75</ele></trkpt>
   <trkpt lon="-9.211436" lat="39.362260"><ele>29.5</ele></trkpt>
   <trkpt lon="-9.211273" lat="39.362814"><ele>27.0</ele></trkpt>
   <trkpt lon="-9.211221" lat="39.362991"><ele>27.5</ele></trkpt>
   <trkpt lon="-9.211156" lat="39.363298"><ele>29.75</ele></trkpt>
   <trkpt lon="-9.211153" lat="39.363344"><ele>30.25</ele></trkpt>
   <trkpt lon="-9.211143" lat="39.363489"><ele>30.75</ele></trkpt>
   <trkpt lon="-9.211148" lat="39.363572"><ele>31.0</ele></trkpt>
   <trkpt lon="-9.211161" lat="39.363782"><ele>32.25</ele></trkpt>
   <trkpt lon="-9.211176" lat="39.363963"><ele>33.75</ele></trkpt>
   <trkpt lon="-9.211181" lat="39.364024"><ele>34.5</ele></trkpt>
   <trkpt lon="-9.211157" lat="39.364095"><ele>35.25</ele></trkpt>
   <trkpt lon="-9.211088" lat="39.364212"><ele>35.5</ele></trkpt>
   <trkpt lon="-9.211146" lat="39.364445"><ele>35.0</ele></trkpt>
   <trkpt lon="-9.211184" lat="39.364594"><ele>34.25</ele></trkpt>
   <trkpt lon="-9.211189" lat="39.364794"><ele>32.5</ele></trkpt>
   <trkpt lon="-9.211172" lat="39.365083"><ele>29.0</ele></trkpt>
   <trkpt lon="-9.211183" lat="39.365144"><ele>28.25</ele><sym>left_slight</sym></trkpt>
   <trkpt lon="-9.211411" lat="39.365285"><ele>28.0</ele></trkpt>
   <trkpt lon="-9.211677" lat="39.365351"><ele>29.75</ele></trkpt>
   <trkpt lon="-9.211779" lat="39.365349"><ele>30.25</ele></trkpt>
   <trkpt lon="-9.211875" lat="39.365347"><ele>30.75</ele></trkpt>
   <trkpt lon="-9.212347" lat="39.365264"><ele>33.0</ele></trkpt>
   <trkpt lon="-9.212857" lat="39.365289"><ele>32.25</ele></trkpt>
   <trkpt lon="-9.213041" lat="39.365286"><ele>31.0</ele></trkpt>
   <trkpt lon="-9.213179" lat="39.365283"><ele>30.75</ele></trkpt>
   <trkpt lon="-9.213999" lat="39.365318"><ele>29.0</ele></trkpt>
   <trkpt lon="-9.214198" lat="39.365322"><ele>28.25</ele></trkpt>
   <trkpt lon="-9.214579" lat="39.365306"><ele>27.25</ele></trkpt>
   <trkpt lon="-9.214886" lat="39.365367"><ele>26.5</ele></trkpt>
   <trkpt lon="-9.214976" lat="39.365385"><ele>26.75</ele></trkpt>
   <trkpt lon="-9.215002" lat="39.365396"><ele>26.75</ele></trkpt>
   <trkpt lon="-9.215245" lat="39.365486"><ele>27.25</ele></trkpt>
   <trkpt lon="-9.215609" lat="39.365762"><ele>32.0</ele></trkpt>
   <trkpt lon="-9.216210" lat="39.366235"><ele>38.75</ele></trkpt>
   <trkpt lon="-9.216611" lat="39.366504"><ele>40.75</ele><sym>right_slight</sym></trkpt>
   <trkpt lon="-9.216709" lat="39.366690"><ele>40.25</ele></trkpt>
   <trkpt lon="-9.216760" lat="39.366912"><ele>39.0</ele></trkpt>
   <trkpt lon="-9.216830" lat="39.366928"><ele>39.75</ele></trkpt>
   <trkpt lon="-9.216942" lat="39.366937"><ele>41.0</ele></trkpt>
   <trkpt lon="-9.217134" lat="39.366939"><ele>43.0</ele></trkpt>
   <trkpt lon="-9.217185" lat="39.366969"><ele>43.5</ele></trkpt>
   <trkpt lon="-9.217211" lat="39.367020"><ele>43.75</ele></trkpt>
   <trkpt lon="-9.217254" lat="39.367219"><ele>44.0</ele></trkpt>
   <trkpt lon="-9.217286" lat="39.367381"><ele>45.25</ele></trkpt>
   <trkpt lon="-9.217293" lat="39.367471"><ele>46.0</ele></trkpt>
   <trkpt lon="-9.217295" lat="39.367493"><ele>46.0</ele></trkpt>
   <trkpt lon="-9.217220" lat="39.367704"><ele>45.75</ele></trkpt>
   <trkpt lon="-9.217115" lat="39.367913"><ele>46.25</ele></trkpt>
   <trkpt lon="-9.217009" lat="39.368239"><ele>46.75</ele><sym>right</sym></trkpt>
   <trkpt lon="-9.216486" lat="39.368323"><ele>48.25</ele></trkpt>
   <trkpt lon="-9.215711" lat="39.368511"><ele>49.75</ele></trkpt>
   <trkpt lon="-9.214804" lat="39.368649"><ele>52.25</ele></trkpt>
   <trkpt lon="-9.214372" lat="39.368704"><ele>52.5</ele><sym>pass_place</sym><type>Shaping</type></trkpt>
   <trkpt lon="-9.214365" lat="39.368705"><ele>52.5</ele></trkpt>
   <trkpt lon="-9.213881" lat="39.368767"><ele>52.5</ele></trkpt>
   <trkpt lon="-9.213356" lat="39.368845"><ele>51.0</ele></trkpt>
   <trkpt lon="-9.213142" lat="39.368904"><ele>50.0</ele></trkpt>
   <trkpt lon="-9.213019" lat="39.368946"><ele>49.5</ele></trkpt>
   <trkpt lon="-9.212173" lat="39.369240"><ele>46.0</ele></trkpt>
   <trkpt lon="-9.211536" lat="39.369512"><ele>44.75</ele></trkpt>
   <trkpt lon="-9.211480" lat="39.369535"><ele>44.75</ele></trkpt>
   <trkpt lon="-9.211181" lat="39.369663"><ele>42.5</ele></trkpt>
   <trkpt lon="-9.211024" lat="39.369716"><ele>41.25</ele></trkpt>
   <trkpt lon="-9.210671" lat="39.369834"><ele>38.5</ele></trkpt>
   <trkpt lon="-9.210456" lat="39.369880"><ele>37.5</ele></trkpt>
   <trkpt lon="-9.210253" lat="39.369858"><ele>37.25</ele></trkpt>
   <trkpt lon="-9.209899" lat="39.369733"><ele>37.25</ele></trkpt>
   <trkpt lon="-9.209713" lat="39.369704"><ele>37.0</ele></trkpt>
   <trkpt lon="-9.209515" lat="39.369756"><ele>35.75</ele></trkpt>
   <trkpt lon="-9.209330" lat="39.369878"><ele>34.25</ele></trkpt>
   <trkpt lon="-9.209008" lat="39.370173"><ele>32.0</ele></trkpt>
   <trkpt lon="-9.208737" lat="39.370550"><ele>29.5</ele></trkpt>
   <trkpt lon="-9.208686" lat="39.370790"><ele>26.5</ele></trkpt>
   <trkpt lon="-9.208786" lat="39.371276"><ele>19.5</ele></trkpt>
   <trkpt lon="-9.208818" lat="39.371610"><ele>14.0</ele></trkpt>
   <trkpt lon="-9.208775" lat="39.371859"><ele>10.75</ele></trkpt>
   <trkpt lon="-9.208635" lat="39.372050"><ele>8.5</ele></trkpt>
   <trkpt lon="-9.208367" lat="39.372267"><ele>5.75</ele></trkpt>
   <trkpt lon="-9.208168" lat="39.372527"><ele>1.75</ele></trkpt>
   <trkpt lon="-9.208106" lat="39.372734"><ele>1.75</ele></trkpt>
   <trkpt lon="-9.208021" lat="39.373137"><ele>1.0</ele></trkpt>
   <trkpt lon="-9.207975" lat="39.373687"><ele>1.0</ele></trkpt>
   <trkpt lon="-9.207914" lat="39.373833"><ele>1.0</ele><sym>right_slight</sym></trkpt>
   <trkpt lon="-9.207804" lat="39.373884"><ele>1.0</ele></trkpt>
   <trkpt lon="-9.207409" lat="39.373863"><ele>1.0</ele></trkpt>
   <trkpt lon="-9.207015" lat="39.373865"><ele>1.25</ele></trkpt>
   <trkpt lon="-9.206380" lat="39.373889"><ele>1.5</ele></trkpt>
   <trkpt lon="-9.206028" lat="39.373913"><ele>1.5</ele></trkpt>
   <trkpt lon="-9.205784" lat="39.373944"><ele>1.75</ele></trkpt>
   <trkpt lon="-9.205671" lat="39.373990"><ele>1.75</ele><sym>left_slight</sym></trkpt>
   <trkpt lon="-9.205601" lat="39.374110"><ele>1.75</ele></trkpt>
   <trkpt lon="-9.205593" lat="39.374267"><ele>1.5</ele></trkpt>
   <trkpt lon="-9.205783" lat="39.374793"><ele>1.25</ele></trkpt>
   <trkpt lon="-9.205810" lat="39.374870"><ele>1.25</ele></trkpt>
   <trkpt lon="-9.205967" lat="39.375613"><ele>1.0</ele></trkpt>
   <trkpt lon="-9.206017" lat="39.375851"><ele>1.0</ele></trkpt>
   <trkpt lon="-9.206068" lat="39.376666"><ele>1.25</ele></trkpt>
   <trkpt lon="-9.206133" lat="39.378248"><ele>2.25</ele></trkpt>
   <trkpt lon="-9.206092" lat="39.378717"><ele>2.5</ele></trkpt>
   <trkpt lon="-9.205897" lat="39.379747"><ele>2.75</ele></trkpt>
   <trkpt lon="-9.205913" lat="39.379929"><ele>1.25</ele><sym>pass_place</sym><type>Shaping</type></trkpt>
   <trkpt lon="-9.205913" lat="39.379932"><ele>1.0</ele></trkpt>
   <trkpt lon="-9.206009" lat="39.380628"><ele>1.0</ele></trkpt>
   <trkpt lon="-9.205993" lat="39.380821"><ele>1.0</ele></trkpt>
   <trkpt lon="-9.205840" lat="39.382086"><ele>1.0</ele></trkpt>
   <trkpt lon="-9.205765" lat="39.382426"><ele>1.0</ele></trkpt>
   <trkpt lon="-9.205620" lat="39.382828"><ele>1.25</ele></trkpt>
   <trkpt lon="-9.205261" lat="39.383730"><ele>1.25</ele></trkpt>
   <trkpt lon="-9.205003" lat="39.384233"><ele>1.25</ele></trkpt>
   <trkpt lon="-9.204762" lat="39.384607"><ele>1.25</ele></trkpt>
   <trkpt lon="-9.204405" lat="39.385067"><ele>1.25</ele></trkpt>
   <trkpt lon="-9.203989" lat="39.385477"><ele>1.0</ele></trkpt>
   <trkpt lon="-9.203553" lat="39.385814"><ele>1.0</ele></trkpt>
   <trkpt lon="-9.202775" lat="39.386320"><ele>1.0</ele></trkpt>
   <trkpt lon="-9.202657" lat="39.386423"><ele>1.0</ele></trkpt>
   <trkpt lon="-9.202412" lat="39.386736"><ele>1.25</ele></trkpt>
   <trkpt lon="-9.202246" lat="39.386892"><ele>1.25</ele></trkpt>
   <trkpt lon="-9.201307" lat="39.387692"><ele>2.0</ele></trkpt>
   <trkpt lon="-9.200894" lat="39.388059"><ele>2.25</ele></trkpt>
   <trkpt lon="-9.200778" lat="39.388176"><ele>2.25</ele></trkpt>
   <trkpt lon="-9.200673" lat="39.388301"><ele>2.25</ele></trkpt>
   <trkpt lon="-9.200563" lat="39.388452"><ele>2.5</ele><sym>right</sym></trkpt>
   <trkpt lon="-9.200482" lat="39.388415"><ele>2.5</ele></trkpt>
   <trkpt lon="-9.200203" lat="39.388294"><ele>2.5</ele></trkpt>
   <trkpt lon="-9.200128" lat="39.388262"><ele>2.75</ele></trkpt>
   <trkpt lon="-9.199993" lat="39.388200"><ele>3.25</ele></trkpt>
   <trkpt lon="-9.198339" lat="39.387295"><ele>2.75</ele></trkpt>
   <trkpt lon="-9.197406" lat="39.386748"><ele>2.5</ele></trkpt>
   <trkpt lon="-9.197260" lat="39.386677"><ele>2.5</ele></trkpt>
   <trkpt lon="-9.197196" lat="39.386658"><ele>2.5</ele></trkpt>
   <trkpt lon="-9.197136" lat="39.386648"><ele>2.5</ele><sym>right_slight</sym></trkpt>
   <trkpt lon="-9.197133" lat="39.386622"><ele>2.5</ele></trkpt>
   <trkpt lon="-9.197130" lat="39.386596"><ele>2.5</ele></trkpt>
   <trkpt lon="-9.197086" lat="39.386553"><ele>2.5</ele></trkpt>
   <trkpt lon="-9.197009" lat="39.386507"><ele>2.5</ele></trkpt>
   <trkpt lon="-9.196536" lat="39.386221"><ele>2.5</ele></trkpt>
   <trkpt lon="-9.196434" lat="39.386169"><ele>2.5</ele><sym>left_slight</sym></trkpt>
   <trkpt lon="-9.196362" lat="39.386152"><ele>2.75</ele></trkpt>
   <trkpt lon="-9.196236" lat="39.386134"><ele>2.75</ele></trkpt>
   <trkpt lon="-9.196107" lat="39.386132"><ele>3.0</ele></trkpt>
   <trkpt lon="-9.195930" lat="39.386139"><ele>3.5</ele></trkpt>
   <trkpt lon="-9.194904" lat="39.386239"><ele>3.25</ele></trkpt>
   <trkpt lon="-9.194769" lat="39.386250"><ele>3.0</ele></trkpt>
   <trkpt lon="-9.194619" lat="39.386249"><ele>3.0</ele></trkpt>
   <trkpt lon="-9.192110" lat="39.386082"><ele>13.25</ele><sym>pass_place</sym><type>Shaping</type></trkpt>
   <trkpt lon="-9.192108" lat="39.386082"><ele>13.25</ele><sym>right_slight</sym></trkpt>
   <trkpt lon="-9.191985" lat="39.385897"><ele>13.75</ele></trkpt>
   <trkpt lon="-9.191822" lat="39.385707"><ele>16.0</ele></trkpt>
   <trkpt lon="-9.191292" lat="39.384688"><ele>23.5</ele></trkpt>
   <trkpt lon="-9.191288" lat="39.384635"><ele>23.75</ele></trkpt>
   <trkpt lon="-9.191281" lat="39.384534"><ele>24.25</ele></trkpt>
   <trkpt lon="-9.191061" lat="39.384215"><ele>26.75</ele></trkpt>
   <trkpt lon="-9.190789" lat="39.383897"><ele>31.0</ele></trkpt>
   <trkpt lon="-9.190675" lat="39.383763"><ele>32.5</ele></trkpt>
   <trkpt lon="-9.190595" lat="39.383654"><ele>34.0</ele></trkpt>
   <trkpt lon="-9.190582" lat="39.383627"><ele>34.5</ele></trkpt>
   <trkpt lon="-9.190516" lat="39.383506"><ele>35.5</ele></trkpt>
   <trkpt lon="-9.190447" lat="39.383394"><ele>36.75</ele></trkpt>
   <trkpt lon="-9.190315" lat="39.383258"><ele>38.75</ele></trkpt>
   <trkpt lon="-9.190005" lat="39.382950"><ele>43.25</ele></trkpt>
   <trkpt lon="-9.189797" lat="39.382747"><ele>46.0</ele></trkpt>
   <trkpt lon="-9.189740" lat="39.382692"><ele>46.75</ele></trkpt>
   <trkpt lon="-9.189663" lat="39.382617"><ele>47.5</ele><sym>right_slight</sym></trkpt>
   <trkpt lon="-9.189683" lat="39.382550"><ele>47.25</ele></trkpt>
   <trkpt lon="-9.189685" lat="39.382444"><ele>47.25</ele></trkpt>
   <trkpt lon="-9.189577" lat="39.382259"><ele>48.5</ele></trkpt>
   <trkpt lon="-9.189567" lat="39.382201"><ele>48.5</ele><sym>left</sym></trkpt>
   <trkpt lon="-9.189044" lat="39.382134"><ele>50.75</ele></trkpt>
   <trkpt lon="-9.188803" lat="39.382130"><ele>50.25</ele><sym>left_slight</sym></trkpt>
   <trkpt lon="-9.188580" lat="39.382254"><ele>49.5</ele></trkpt>
   <trkpt lon="-9.188472" lat="39.382282"><ele>48.25</ele></trkpt>
   <trkpt lon="-9.188458" lat="39.382304"><ele>48.0</ele><sym>right_slight</sym></trkpt>
   <trkpt lon="-9.188306" lat="39.382339"><ele>46.5</ele></trkpt>
   <trkpt lon="-9.187764" lat="39.382439"><ele>41.5</ele></trkpt>
   <trkpt lon="-9.187533" lat="39.382454"><ele>40.5</ele></trkpt>
   <trkpt lon="-9.187277" lat="39.382471"><ele>39.0</ele></trkpt>
   <trkpt lon="-9.186777" lat="39.382505"><ele>38.0</ele></trkpt>
   <trkpt lon="-9.186225" lat="39.382712"><ele>41.25</ele></trkpt>
   <trkpt lon="-9.185876" lat="39.382799"><ele>42.0</ele></trkpt>
   <trkpt lon="-9.185834" lat="39.382795"><ele>42.0</ele></trkpt>
   <trkpt lon="-9.184916" lat="39.382712"><ele>37.75</ele></trkpt>
   <trkpt lon="-9.183994" lat="39.382645"><ele>33.75</ele><sym>left_slight</sym></trkpt>
   <trkpt lon="-9.183610" lat="39.382843"><ele>32.0</ele></trkpt>
   <trkpt lon="-9.183539" lat="39.382879"><ele>31.75</ele></trkpt>
   <trkpt lon="-9.183422" lat="39.382941"><ele>30.75</ele><sym>roundabout_e2</sym></trkpt>
   <trkpt lon="-9.183376" lat="39.382915"><ele>30.25</ele></trkpt>
   <trkpt lon="-9.183349" lat="39.382910"><ele>30.0</ele></trkpt>
   <trkpt lon="-9.183293" lat="39.382917"><ele>29.75</ele></trkpt>
   <trkpt lon="-9.183269" lat="39.382929"><ele>29.5</ele></trkpt>
   <trkpt lon="-9.183245" lat="39.382950"><ele>29.25</ele></trkpt>
   <trkpt lon="-9.183232" lat="39.382976"><ele>29.25</ele></trkpt>
   <trkpt lon="-9.183231" lat="39.383005"><ele>29.25</ele></trkpt>
   <trkpt lon="-9.183242" lat="39.383032"><ele>29.25</ele></trkpt>
   <trkpt lon="-9.183264" lat="39.383054"><ele>29.5</ele></trkpt>
   <trkpt lon="-9.183174" lat="39.383082"><ele>28.75</ele></trkpt>
   <trkpt lon="-9.182798" lat="39.383216"><ele>27.0</ele></trkpt>
   <trkpt lon="-9.182427" lat="39.383345"><ele>26.25</ele></trkpt>
   <trkpt lon="-9.181982" lat="39.383491"><ele>26.25</ele></trkpt>
   <trkpt lon="-9.181109" lat="39.383783"><ele>26.0</ele></trkpt>
   <trkpt lon="-9.180921" lat="39.383843"><ele>26.5</ele></trkpt>
   <trkpt lon="-9.180688" lat="39.383904"><ele>27.5</ele></trkpt>
   <trkpt lon="-9.180652" lat="39.383912"><ele>27.75</ele></trkpt>
   <trkpt lon="-9.180451" lat="39.383941"><ele>28.25</ele></trkpt>
   <trkpt lon="-9.180387" lat="39.383948"><ele>28.5</ele></trkpt>
   <trkpt lon="-9.179885" lat="39.383995"><ele>28.0</ele></trkpt>
   <trkpt lon="-9.179802" lat="39.384002"><ele>28.0</ele></trkpt>
   <trkpt lon="-9.179432" lat="39.384034"><ele>28.5</ele></trkpt>
   <trkpt lon="-9.179062" lat="39.384066"><ele>28.5</ele></trkpt>
   <trkpt lon="-9.178171" lat="39.384152"><ele>28.75</ele></trkpt>
   <trkpt lon="-9.177863" lat="39.384184"><ele>29.5</ele></trkpt>
   <trkpt lon="-9.177692" lat="39.384220"><ele>30.25</ele></trkpt>
   <trkpt lon="-9.177625" lat="39.384245"><ele>30.5</ele></trkpt>
   <trkpt lon="-9.177114" lat="39.384534"><ele>33.0</ele></trkpt>
   <trkpt lon="-9.176930" lat="39.384616"><ele>33.25</ele></trkpt>
   <trkpt lon="-9.176773" lat="39.384659"><ele>33.0</ele></trkpt>
   <trkpt lon="-9.176666" lat="39.384678"><ele>33.0</ele></trkpt>
   <trkpt lon="-9.176504" lat="39.384697"><ele>33.5</ele></trkpt>
   <trkpt lon="-9.174002" lat="39.384913"><ele>38.75</ele><sym>pass_place</sym><type>Shaping</type></trkpt>
   <trkpt lon="-9.173998" lat="39.384914"><ele>38.75</ele></trkpt>
   <trkpt lon="-9.173796" lat="39.384944"><ele>40.25</ele></trkpt>
   <trkpt lon="-9.173717" lat="39.384968"><ele>41.0</ele></trkpt>
   <trkpt lon="-9.173548" lat="39.385048"><ele>42.5</ele></trkpt>
   <trkpt lon="-9.173473" lat="39.385101"><ele>43.0</ele></trkpt>
   <trkpt lon="-9.173408" lat="39.385159"><ele>43.25</ele></trkpt>
   <trkpt lon="-9.173307" lat="39.385271"><ele>43.75</ele></trkpt>
   <trkpt lon="-9.173228" lat="39.385392"><ele>44.25</ele></trkpt>
   <trkpt lon="-9.172989" lat="39.385883"><ele>45.75</ele></trkpt>
   <trkpt lon="-9.172933" lat="39.385959"><ele>45.75</ele></trkpt>
   <trkpt lon="-9.172881" lat="39.386023"><ele>45.5</ele></trkpt>
   <trkpt lon="-9.172821" lat="39.386077"><ele>45.25</ele></trkpt>
   <trkpt lon="-9.172762" lat="39.386122"><ele>44.75</ele></trkpt>
   <trkpt lon="-9.172691" lat="39.386165"><ele>44.0</ele></trkpt>
   <trkpt lon="-9.172623" lat="39.386196"><ele>43.25</ele></trkpt>
   <trkpt lon="-9.172543" lat="39.386224"><ele>42.75</ele></trkpt>
   <trkpt lon="-9.172456" lat="39.386243"><ele>42.0</ele></trkpt>
   <trkpt lon="-9.172234" lat="39.386265"><ele>40.0</ele></trkpt>
   <trkpt lon="-9.170588" lat="39.386335"><ele>31.75</ele></trkpt>
   <trkpt lon="-9.170458" lat="39.386340"><ele>31.0</ele></trkpt>
   <trkpt lon="-9.170386" lat="39.386326"><ele>30.75</ele></trkpt>
   <trkpt lon="-9.170321" lat="39.386322"><ele>30.25</ele></trkpt>
   <trkpt lon="-9.170219" lat="39.386333"><ele>30.0</ele></trkpt>
   <trkpt lon="-9.170134" lat="39.386351"><ele>30.0</ele><sym>left</sym></trkpt>
   <trkpt lon="-9.170125" lat="39.386406"><ele>30.5</ele></trkpt>
   <trkpt lon="-9.170116" lat="39.386453"><ele>30.5</ele></trkpt>
   <trkpt lon="-9.170134" lat="39.386567"><ele>31.0</ele></trkpt>
   <trkpt lon="-9.170155" lat="39.386797"><ele>31.5</ele></trkpt>
   <trkpt lon="-9.170071" lat="39.387302"><ele>30.75</ele></trkpt>
   <trkpt lon="-9.170048" lat="39.387512"><ele>31.5</ele></trkpt>
   <trkpt lon="-9.170045" lat="39.387608"><ele>32.75</ele></trkpt>
   <trkpt lon="-9.170107" lat="39.388093"><ele>39.0</ele></trkpt>
   <trkpt lon="-9.170098" lat="39.388288"><ele>41.0</ele></trkpt>
   <trkpt lon="-9.170065" lat="39.388744"><ele>41.75</ele></trkpt>
   <trkpt lon="-9.170035" lat="39.388905"><ele>42.0</ele></trkpt>
   <trkpt lon="-9.169997" lat="39.389004"><ele>41.5</ele></trkpt>
   <trkpt lon="-9.169737" lat="39.389585"><ele>41.5</ele></trkpt>
   <trkpt lon="-9.169713" lat="39.389673"><ele>41.75</ele></trkpt>
   <trkpt lon="-9.169701" lat="39.389795"><ele>42.0</ele></trkpt>
   <trkpt lon="-9.169739" lat="39.389952"><ele>42.0</ele></trkpt>
   <trkpt lon="-9.169787" lat="39.390050"><ele>42.0</ele></trkpt>
   <trkpt lon="-9.170148" lat="39.390536"><ele>43.0</ele></trkpt>
   <trkpt lon="-9.170224" lat="39.390676"><ele>43.0</ele></trkpt>
   <trkpt lon="-9.170246" lat="39.390746"><ele>43.0</ele></trkpt>
   <trkpt lon="-9.170274" lat="39.390892"><ele>42.75</ele></trkpt>
   <trkpt lon="-9.170275" lat="39.391483"><ele>44.75</ele></trkpt>
   <trkpt lon="-9.170275" lat="39.391743"><ele>47.0</ele></trkpt>
   <trkpt lon="-9.170289" lat="39.391860"><ele>47.5</ele></trkpt>
   <trkpt lon="-9.170309" lat="39.391961"><ele>47.75</ele></trkpt>
   <trkpt lon="-9.170336" lat="39.392051"><ele>47.0</ele></trkpt>
   <trkpt lon="-9.170389" lat="39.392178"><ele>45.75</ele></trkpt>
   <trkpt lon="-9.170475" lat="39.392313"><ele>44.25</ele></trkpt>
   <trkpt lon="-9.170523" lat="39.392375"><ele>43.25</ele></trkpt>
   <trkpt lon="-9.170587" lat="39.392436"><ele>42.5</ele></trkpt>
   <trkpt lon="-9.170641" lat="39.392475"><ele>42.0</ele></trkpt>
   <trkpt lon="-9.170800" lat="39.392564"><ele>41.5</ele></trkpt>
   <trkpt lon="-9.170927" lat="39.392625"><ele>41.0</ele></trkpt>
   <trkpt lon="-9.171070" lat="39.392684"><ele>40.25</ele></trkpt>
   <trkpt lon="-9.171316" lat="39.392758"><ele>39.25</ele></trkpt>
   <trkpt lon="-9.171529" lat="39.392799"><ele>38.25</ele></trkpt>
   <trkpt lon="-9.171626" lat="39.392812"><ele>38.0</ele></trkpt>
   <trkpt lon="-9.171721" lat="39.392817"><ele>37.75</ele></trkpt>
   <trkpt lon="-9.171831" lat="39.392815"><ele>37.25</ele></trkpt>
   <trkpt lon="-9.172262" lat="39.392762"><ele>35.75</ele></trkpt>
   <trkpt lon="-9.172382" lat="39.392754"><ele>34.75</ele></trkpt>
   <trkpt lon="-9.172463" lat="39.392759"><ele>34.25</ele></trkpt>
   <trkpt lon="-9.172534" lat="39.392776"><ele>33.5</ele></trkpt>
   <trkpt lon="-9.172594" lat="39.392804"><ele>32.75</ele></trkpt>
   <trkpt lon="-9.172640" lat="39.392839"><ele>32.25</ele></trkpt>
   <trkpt lon="-9.172682" lat="39.392887"><ele>31.75</ele></trkpt>
   <trkpt lon="-9.173134" lat="39.393603"><ele>28.5</ele></trkpt>
   <trkpt lon="-9.173183" lat="39.393685"><ele>29.0</ele></trkpt>
   <trkpt lon="-9.173226" lat="39.393794"><ele>30.0</ele></trkpt>
   <trkpt lon="-9.173235" lat="39.393840"><ele>30.5</ele></trkpt>
   <trkpt lon="-9.173233" lat="39.393898"><ele>31.0</ele></trkpt>
   <trkpt lon="-9.173178" lat="39.394012"><ele>31.75</ele></trkpt>
   <trkpt lon="-9.173134" lat="39.394064"><ele>32.25</ele></trkpt>
   <trkpt lon="-9.173079" lat="39.394109"><ele>32.5</ele></trkpt>
   <trkpt lon="-9.172884" lat="39.394247"><ele>32.5</ele></trkpt>
   <trkpt lon="-9.172836" lat="39.394296"><ele>32.5</ele></trkpt>
   <trkpt lon="-9.172807" lat="39.394341"><ele>32.25</ele></trkpt>
   <trkpt lon="-9.172786" lat="39.394400"><ele>32.0</ele></trkpt>
   <trkpt lon="-9.172775" lat="39.394464"><ele>31.75</ele></trkpt>
   <trkpt lon="-9.172778" lat="39.394626"><ele>30.5</ele></trkpt>
   <trkpt lon="-9.172814" lat="39.394842"><ele>29.0</ele></trkpt>
   <trkpt lon="-9.172870" lat="39.395001"><ele>28.25</ele></trkpt>
   <trkpt lon="-9.172980" lat="39.395219"><ele>27.75</ele></trkpt>
   <trkpt lon="-9.173333" lat="39.395794"><ele>25.25</ele></trkpt>
   <trkpt lon="-9.173409" lat="39.395886"><ele>24.75</ele></trkpt>
   <trkpt lon="-9.174114" lat="39.396447"><ele>23.0</ele></trkpt>
   <trkpt lon="-9.174316" lat="39.396656"><ele>21.25</ele></trkpt>
   <trkpt lon="-9.174970" lat="39.397280"><ele>19.75</ele><sym>pass_place</sym><type>Shaping</type></trkpt>
   <trkpt lon="-9.174970" lat="39.397281"><ele>19.75</ele></trkpt>
   <trkpt lon="-9.175333" lat="39.397597"><ele>19.25</ele></trkpt>
   <trkpt lon="-9.175788" lat="39.397916"><ele>19.5</ele></trkpt>
   <trkpt lon="-9.175943" lat="39.398043"><ele>18.5</ele></trkpt>
   <trkpt lon="-9.176001" lat="39.398104"><ele>18.0</ele></trkpt>
   <trkpt lon="-9.176278" lat="39.398524"><ele>14.25</ele></trkpt>
   <trkpt lon="-9.176842" lat="39.399188"><ele>11.5</ele></trkpt>
   <trkpt lon="-9.176936" lat="39.399353"><ele>11.75</ele></trkpt>
   <trkpt lon="-9.176976" lat="39.399443"><ele>12.0</ele></trkpt>
   <trkpt lon="-9.177072" lat="39.399706"><ele>12.0</ele></trkpt>
   <trkpt lon="-9.177298" lat="39.400291"><ele>7.75</ele></trkpt>
   <trkpt lon="-9.177468" lat="39.400696"><ele>2.5</ele></trkpt>
   <trkpt lon="-9.177497" lat="39.400786"><ele>1.5</ele></trkpt>
   <trkpt lon="-9.177513" lat="39.400876"><ele>1.0</ele></trkpt>
   <trkpt lon="-9.177507" lat="39.401010"><ele>1.0</ele></trkpt>
   <trkpt lon="-9.177470" lat="39.401145"><ele>1.0</ele></trkpt>
   <trkpt lon="-9.177383" lat="39.401335"><ele>1.5</ele></trkpt>
   <trkpt lon="-9.177336" lat="39.401433"><ele>2.0</ele></trkpt>
   <trkpt lon="-9.177126" lat="39.401930"><ele>3.75</ele></trkpt>
   <trkpt lon="-9.177086" lat="39.402047"><ele>4.0</ele></trkpt>
   <trkpt lon="-9.176728" lat="39.403253"><ele>8.25</ele></trkpt>
   <trkpt lon="-9.176607" lat="39.403518"><ele>8.25</ele></trkpt>
   <trkpt lon="-9.176560" lat="39.403678"><ele>9.5</ele></trkpt>
   <trkpt lon="-9.176556" lat="39.403840"><ele>10.0</ele></trkpt>
   <trkpt lon="-9.176594" lat="39.404094"><ele>11.0</ele></trkpt>
   <trkpt lon="-9.176610" lat="39.404151"><ele>11.25</ele></trkpt>
   <trkpt lon="-9.176642" lat="39.404208"><ele>11.75</ele></trkpt>
   <trkpt lon="-9.176695" lat="39.404265"><ele>12.75</ele></trkpt>
   <trkpt lon="-9.176955" lat="39.404498"><ele>17.25</ele></trkpt>
   <trkpt lon="-9.176998" lat="39.404547"><ele>18.5</ele></trkpt>
   <trkpt lon="-9.177094" lat="39.404684"><ele>21.0</ele></trkpt>
   <trkpt lon="-9.177315" lat="39.404876"><ele>25.25</ele></trkpt>
   <trkpt lon="-9.177361" lat="39.404924"><ele>25.75</ele></trkpt>
   <trkpt lon="-9.177412" lat="39.404983"><ele>26.0</ele></trkpt>
   <trkpt lon="-9.177609" lat="39.405283"><ele>25.75</ele></trkpt>
   <trkpt lon="-9.178058" lat="39.405921"><ele>29.0</ele></trkpt>
   <trkpt lon="-9.178121" lat="39.406026"><ele>30.0</ele></trkpt>
   <trkpt lon="-9.178182" lat="39.406151"><ele>31.25</ele></trkpt>
   <trkpt lon="-9.178283" lat="39.406405"><ele>33.75</ele></trkpt>
   <trkpt lon="-9.178333" lat="39.406488"><ele>34.25</ele></trkpt>
   <trkpt lon="-9.178380" lat="39.406546"><ele>34.5</ele></trkpt>
   <trkpt lon="-9.178451" lat="39.406604"><ele>35.0</ele></trkpt>
   <trkpt lon="-9.178507" lat="39.406664"><ele>35.5</ele></trkpt>
   <trkpt lon="-9.178572" lat="39.406787"><ele>36.0</ele></trkpt>
   <trkpt lon="-9.179032" lat="39.407853"><ele>39.0</ele></trkpt>
   <trkpt lon="-9.179111" lat="39.407972"><ele>40.0</ele></trkpt>
   <trkpt lon="-9.179207" lat="39.408076"><ele>41.25</ele></trkpt>
   <trkpt lon="-9.179273" lat="39.408132"><ele>41.75</ele></trkpt>
   <trkpt lon="-9.179833" lat="39.408512"><ele>44.5</ele></trkpt>
   <trkpt lon="-9.179948" lat="39.408576"><ele>44.75</ele></trkpt>
   <trkpt lon="-9.180020" lat="39.408624"><ele>45.0</ele></trkpt>
   <trkpt lon="-9.180164" lat="39.408754"><ele>45.0</ele></trkpt>
   <trkpt lon="-9.181083" lat="39.409810"><ele>48.5</ele></trkpt>
   <trkpt lon="-9.181206" lat="39.409995"><ele>48.0</ele></trkpt>
   <trkpt lon="-9.181241" lat="39.410079"><ele>47.75</ele></trkpt>
   <trkpt lon="-9.181267" lat="39.410179"><ele>47.5</ele></trkpt>
   <trkpt lon="-9.181317" lat="39.410459"><ele>46.75</ele></trkpt>
   <trkpt lon="-9.181325" lat="39.410547"><ele>46.75</ele><sym>right_slight</sym></trkpt>
   <trkpt lon="-9.180317" lat="39.411396"><ele>50.0</ele><sym>pass_place</sym><type>Shaping</type></trkpt>
   <trkpt lon="-9.180315" lat="39.411397"><ele>50.0</ele></trkpt>
   <trkpt lon="-9.179865" lat="39.411764"><ele>53.5</ele></trkpt>
   <trkpt lon="-9.179073" lat="39.412415"><ele>63.0</ele></trkpt>
   <trkpt lon="-9.179007" lat="39.412474"><ele>63.75</ele></trkpt>
   <trkpt lon="-9.178461" lat="39.412922"><ele>66.25</ele></trkpt>
   <trkpt lon="-9.177643" lat="39.413520"><ele>65.25</ele></trkpt>
   <trkpt lon="-9.177610" lat="39.413574"><ele>65.5</ele><sym>left</sym></trkpt>
   <trkpt lon="-9.177755" lat="39.413639"><ele>64.75</ele></trkpt>
   <trkpt lon="-9.178214" lat="39.413865"><ele>60.0</ele></trkpt>
   <trkpt lon="-9.179266" lat="39.414394"><ele>53.75</ele></trkpt>
   <trkpt lon="-9.179380" lat="39.414458"><ele>53.5</ele></trkpt>
   <trkpt lon="-9.179479" lat="39.414536"><ele>52.75</ele></trkpt>
   <trkpt lon="-9.179597" lat="39.414676"><ele>51.75</ele></trkpt>
   <trkpt lon="-9.180316" lat="39.415686"><ele>44.75</ele></trkpt>
   <trkpt lon="-9.180414" lat="39.415816"><ele>44.0</ele></trkpt>
   <trkpt lon="-9.180526" lat="39.415928"><ele>43.5</ele></trkpt>
   <trkpt lon="-9.181115" lat="39.416415"><ele>38.75</ele></trkpt>
   <trkpt lon="-9.181306" lat="39.416580"><ele>38.25</ele></trkpt>
   <trkpt lon="-9.182034" lat="39.417184"><ele>36.75</ele></trkpt>
   <trkpt lon="-9.182160" lat="39.417314"><ele>36.75</ele></trkpt>
   <trkpt lon="-9.182357" lat="39.417563"><ele>36.75</ele></trkpt>
   <trkpt lon="-9.183134" lat="39.418622"><ele>33.0</ele></trkpt>
   <trkpt lon="-9.183225" lat="39.418708"><ele>33.0</ele></trkpt>
   <trkpt lon="-9.183318" lat="39.418761"><ele>32.75</ele></trkpt>
   <trkpt lon="-9.183401" lat="39.418799"><ele>32.25</ele></trkpt>
   <trkpt lon="-9.183889" lat="39.418990"><ele>30.25</ele></trkpt>
   <trkpt lon="-9.183930" lat="39.419010"><ele>30.0</ele></trkpt>
   <trkpt lon="-9.184065" lat="39.419075"><ele>28.75</ele></trkpt>
   <trkpt lon="-9.184139" lat="39.419118"><ele>28.25</ele></trkpt>
   <trkpt lon="-9.184200" lat="39.419157"><ele>27.5</ele></trkpt>
   <trkpt lon="-9.184257" lat="39.419211"><ele>26.75</ele></trkpt>
   <trkpt lon="-9.184372" lat="39.419366"><ele>24.5</ele></trkpt>
   <trkpt lon="-9.184617" lat="39.419832"><ele>19.25</ele></trkpt>
   <trkpt lon="-9.184668" lat="39.419903"><ele>18.5</ele></trkpt>
   <trkpt lon="-9.184718" lat="39.419954"><ele>17.75</ele></trkpt>
   <trkpt lon="-9.184790" lat="39.420005"><ele>16.5</ele></trkpt>
   <trkpt lon="-9.184856" lat="39.420031"><ele>15.25</ele></trkpt>
   <trkpt lon="-9.184949" lat="39.420048"><ele>13.75</ele></trkpt>
   <trkpt lon="-9.185072" lat="39.420051"><ele>12.5</ele></trkpt>
   <trkpt lon="-9.185187" lat="39.420040"><ele>11.75</ele></trkpt>
   <trkpt lon="-9.185288" lat="39.420014"><ele>11.0</ele></trkpt>
   <trkpt lon="-9.185370" lat="39.419975"><ele>10.5</ele></trkpt>
   <trkpt lon="-9.185424" lat="39.419920"><ele>10.0</ele></trkpt>
   <trkpt lon="-9.185467" lat="39.419855"><ele>9.25</ele></trkpt>
   <trkpt lon="-9.185621" lat="39.419561"><ele>8.0</ele></trkpt>
   <trkpt lon="-9.185658" lat="39.419506"><ele>8.0</ele></trkpt>
   <trkpt lon="-9.185732" lat="39.419420"><ele>7.5</ele></trkpt>
   <trkpt lon="-9.185776" lat="39.419387"><ele>7.0</ele></trkpt>
   <trkpt lon="-9.185829" lat="39.419357"><ele>6.5</ele></trkpt>
   <trkpt lon="-9.185902" lat="39.419326"><ele>6.25</ele></trkpt>
   <trkpt lon="-9.186015" lat="39.419286"><ele>6.0</ele></trkpt>
   <trkpt lon="-9.186104" lat="39.419268"><ele>6.0</ele></trkpt>
   <trkpt lon="-9.186229" lat="39.419255"><ele>6.25</ele></trkpt>
   <trkpt lon="-9.186349" lat="39.419250"><ele>6.5</ele></trkpt>
   <trkpt lon="-9.186441" lat="39.419253"><ele>7.25</ele></trkpt>
   <trkpt lon="-9.186584" lat="39.419291"><ele>8.75</ele></trkpt>
   <trkpt lon="-9.186705" lat="39.419353"><ele>10.25</ele></trkpt>
   <trkpt lon="-9.186769" lat="39.419397"><ele>11.0</ele></trkpt>
   <trkpt lon="-9.186821" lat="39.419443"><ele>11.5</ele></trkpt>
   <trkpt lon="-9.186917" lat="39.419575"><ele>12.0</ele></trkpt>
   <trkpt lon="-9.186967" lat="39.419668"><ele>12.25</ele></trkpt>
   <trkpt lon="-9.187010" lat="39.419807"><ele>13.0</ele></trkpt>
   <trkpt lon="-9.187045" lat="39.420066"><ele>15.0</ele></trkpt>
   <trkpt lon="-9.187055" lat="39.420124"><ele>15.75</ele></trkpt>
   <trkpt lon="-9.187075" lat="39.420183"><ele>16.5</ele></trkpt>
   <trkpt lon="-9.187246" lat="39.420450"><ele>21.0</ele></trkpt>
   <trkpt lon="-9.187410" lat="39.420794"><ele>24.0</ele><sym>left_slight</sym></trkpt>
   <trkpt lon="-9.187487" lat="39.420776"><ele>24.5</ele></trkpt>
   <trkpt lon="-9.187654" lat="39.420819"><ele>26.5</ele></trkpt>
   <trkpt lon="-9.187721" lat="39.420826"><ele>27.25</ele></trkpt>
   <trkpt lon="-9.187786" lat="39.420818"><ele>28.0</ele></trkpt>
   <trkpt lon="-9.188219" lat="39.420667"><ele>31.5</ele></trkpt>
   <trkpt lon="-9.188469" lat="39.420621"><ele>33.25</ele></trkpt>
   <trkpt lon="-9.188539" lat="39.420615"><ele>33.5</ele></trkpt>
   <trkpt lon="-9.188636" lat="39.420630"><ele>33.75</ele><sym>straight</sym></trkpt>
   <trkpt lon="-9.188640" lat="39.420630"><ele>35.5</ele><sym>pass_place</sym><type>Shaping</type></trkpt>
   <trkpt lon="-9.188911" lat="39.420635"><ele>35.5</ele></trkpt>
   <trkpt lon="-9.189362" lat="39.420538"><ele>39.5</ele></trkpt>
   <trkpt lon="-9.189556" lat="39.420482"><ele>41.0</ele></trkpt>
   <trkpt lon="-9.189702" lat="39.420401"><ele>42.25</ele></trkpt>
   <trkpt lon="-9.190205" lat="39.419890"><ele>45.5</ele><sym>right_slight</sym></trkpt>
   <trkpt lon="-9.190214" lat="39.419880"><ele>45.75</ele></trkpt>
   <trkpt lon="-9.190324" lat="39.419840"><ele>46.0</ele></trkpt>
   <trkpt lon="-9.190422" lat="39.419804"><ele>46.25</ele></trkpt>
   <trkpt lon="-9.190745" lat="39.419687"><ele>46.25</ele></trkpt>
   <trkpt lon="-9.190833" lat="39.419647"><ele>46.0</ele></trkpt>
   <trkpt lon="-9.191120" lat="39.419592"><ele>45.25</ele></trkpt>
   <trkpt lon="-9.191493" lat="39.419557"><ele>42.75</ele></trkpt>
   <trkpt lon="-9.192496" lat="39.419455"><ele>36.0</ele></trkpt>
   <trkpt lon="-9.192942" lat="39.419420"><ele>34.0</ele></trkpt>
   <trkpt lon="-9.193215" lat="39.419423"><ele>34.5</ele></trkpt>
   <trkpt lon="-9.193604" lat="39.419536"><ele>35.0</ele></trkpt>
   <trkpt lon="-9.193985" lat="39.419612"><ele>35.0</ele></trkpt>
   <trkpt lon="-9.194204" lat="39.419599"><ele>35.0</ele></trkpt>
   <trkpt lon="-9.194463" lat="39.419582"><ele>35.5</ele></trkpt>
   <trkpt lon="-9.195785" lat="39.419362"><ele>31.75</ele></trkpt>
   <trkpt lon="-9.196127" lat="39.419305"><ele>33.0</ele></trkpt>
   <trkpt lon="-9.196949" lat="39.419201"><ele>35.75</ele></trkpt>
   <trkpt lon="-9.197570" lat="39.419134"><ele>39.5</ele></trkpt>
   <trkpt lon="-9.197657" lat="39.419122"><ele>40.0</ele></trkpt>
   <trkpt lon="-9.197801" lat="39.419088"><ele>41.0</ele></trkpt>
   <trkpt lon="-9.198055" lat="39.418988"><ele>41.75</ele></trkpt>
   <trkpt lon="-9.198758" lat="39.418713"><ele>45.25</ele></trkpt>
   <trkpt lon="-9.198808" lat="39.418693"><ele>45.5</ele></trkpt>
   <trkpt lon="-9.199557" lat="39.418395"><ele>51.5</ele><sym>right</sym></trkpt>
   <trkpt lon="-9.199961" lat="39.419055"><ele>52.25</ele></trkpt>
   <trkpt lon="-9.200260" lat="39.419646"><ele>52.25</ele><sym>left</sym></trkpt>
   <trkpt lon="-9.200370" lat="39.419624"><ele>52.0</ele></trkpt>
   <trkpt lon="-9.200576" lat="39.419625"><ele>51.75</ele></trkpt>
   <trkpt lon="-9.200722" lat="39.419643"><ele>51.0</ele></trkpt>
   <trkpt lon="-9.200945" lat="39.419722"><ele>49.75</ele></trkpt>
   <trkpt lon="-9.201248" lat="39.419818"><ele>47.25</ele></trkpt>
   <trkpt lon="-9.201418" lat="39.419880"><ele>46.25</ele></trkpt>
   <trkpt lon="-9.201573" lat="39.419963"><ele>45.5</ele></trkpt>
   <trkpt lon="-9.201644" lat="39.420008"><ele>45.25</ele><sym>right_slight</sym></trkpt>
   <trkpt lon="-9.201770" lat="39.420223"><ele>45.75</ele></trkpt>
   <trkpt lon="-9.201802" lat="39.420264"><ele>45.75</ele></trkpt>
   <trkpt lon="-9.201844" lat="39.420303"><ele>45.5</ele></trkpt>
   <trkpt lon="-9.201894" lat="39.420339"><ele>45.25</ele></trkpt>
   <trkpt lon="-9.202312" lat="39.420595"><ele>40.75</ele></trkpt>
   <trkpt lon="-9.202423" lat="39.420664"><ele>39.5</ele></trkpt>
   <trkpt lon="-9.202743" lat="39.420860"><ele>36.5</ele></trkpt>
   <trkpt lon="-9.202889" lat="39.420930"><ele>35.0</ele></trkpt>
   <trkpt lon="-9.203144" lat="39.421027"><ele>32.5</ele></trkpt>
   <trkpt lon="-9.203387" lat="39.421105"><ele>30.25</ele></trkpt>
   <trkpt lon="-9.203770" lat="39.421343"><ele>27.75</ele></trkpt>
   <trkpt lon="-9.204089" lat="39.421726"><ele>27.25</ele></trkpt>
   <trkpt lon="-9.204234" lat="39.422095"><ele>27.0</ele></trkpt>
   <trkpt lon="-9.204617" lat="39.422366"><ele>24.0</ele></trkpt>
   <trkpt lon="-9.205279" lat="39.423120"><ele>22.25</ele><sym>pass_place</sym><type>Shaping</type></trkpt>
   <trkpt lon="-9.205282" lat="39.423125"><ele>22.25</ele><sym>left_slight</sym></trkpt>
   <trkpt lon="-9.205747" lat="39.423268"><ele>20.0</ele></trkpt>
   <trkpt lon="-9.206232" lat="39.423771"><ele>15.0</ele></trkpt>
   <trkpt lon="-9.206266" lat="39.423793"><ele>14.75</ele></trkpt>
   <trkpt lon="-9.206377" lat="39.423842"><ele>13.75</ele></trkpt>
   <trkpt lon="-9.206666" lat="39.423924"><ele>11.5</ele><sym>left_slight</sym></trkpt>
   <trkpt lon="-9.207138" lat="39.423879"><ele>6.75</ele></trkpt>
   <trkpt lon="-9.208008" lat="39.423437"><ele>4.0</ele></trkpt>
   <trkpt lon="-9.208069" lat="39.423396"><ele>3.75</ele><sym>right</sym></trkpt>
   <trkpt lon="-9.208474" lat="39.423682"><ele>4.25</ele></trkpt>
   <trkpt lon="-9.208719" lat="39.423856"><ele>6.0</ele></trkpt>
   <trkpt lon="-9.208849" lat="39.423951"><ele>6.75</ele></trkpt>
   <trkpt lon="-9.209879" lat="39.424704"><ele>5.0</ele></trkpt>
   <trkpt lon="-9.210124" lat="39.424906"><ele>4.5</ele></trkpt>
   <trkpt lon="-9.210430" lat="39.425193"><ele>4.0</ele></trkpt>
   <trkpt lon="-9.210758" lat="39.425497"><ele>3.5</ele></trkpt>
   <trkpt lon="-9.211847" lat="39.426693"><ele>1.5</ele></trkpt>
   <trkpt lon="-9.212148" lat="39.427036"><ele>1.5</ele></trkpt>
   <trkpt lon="-9.212388" lat="39.427289"><ele>1.75</ele></trkpt>
   <trkpt lon="-9.213625" lat="39.428660"><ele>2.0</ele></trkpt>
   <trkpt lon="-9.214205" lat="39.429301"><ele>2.25</ele></trkpt>
   <trkpt lon="-9.214893" lat="39.430109"><ele>1.5</ele></trkpt>
   <trkpt lon="-9.215223" lat="39.430482"><ele>2.0</ele></trkpt>
   <trkpt lon="-9.215632" lat="39.430975"><ele>2.0</ele></trkpt>
   <trkpt lon="-9.216119" lat="39.431424"><ele>4.0</ele></trkpt>
   <trkpt lon="-9.216217" lat="39.431498"><ele>3.75</ele></trkpt>
   <trkpt lon="-9.216822" lat="39.431888"><ele>5.25</ele></trkpt>
   <trkpt lon="-9.216958" lat="39.432049"><ele>6.75</ele></trkpt>
   <trkpt lon="-9.216988" lat="39.432085"><ele>7.0</ele><sym>roundabout_e1</sym></trkpt>
   <trkpt lon="-9.216996" lat="39.432119"><ele>7.25</ele></trkpt>
   <trkpt lon="-9.217017" lat="39.432151"><ele>7.5</ele></trkpt>
   <trkpt lon="-9.216960" lat="39.432403"><ele>8.5</ele></trkpt>
   <trkpt lon="-9.216862" lat="39.432549"><ele>9.0</ele></trkpt>
   <trkpt lon="-9.216820" lat="39.432635"><ele>9.25</ele></trkpt>
   <trkpt lon="-9.216784" lat="39.432734"><ele>9.5</ele></trkpt>
   <trkpt lon="-9.216270" lat="39.434688"><ele>17.25</ele><sym>stay_right</sym><type>Via</type></trkpt>
   <trkpt lon="-9.216204" lat="39.434936"><ele>18.75</ele></trkpt>
   <trkpt lon="-9.216182" lat="39.435021"><ele>19.25</ele><sym>right</sym></trkpt>
   <trkpt lon="-9.216057" lat="39.435033"><ele>19.5</ele></trkpt>
   <trkpt lon="-9.215491" lat="39.435041"><ele>19.5</ele></trkpt>
   <trkpt lon="-9.215075" lat="39.435054"><ele>17.25</ele></trkpt>
   <trkpt lon="-9.214731" lat="39.435075"><ele>16.0</ele></trkpt>
   <trkpt lon="-9.214281" lat="39.435069"><ele>16.0</ele></trkpt>
   <trkpt lon="-9.213999" lat="39.435133"><ele>15.75</ele></trkpt>
   <trkpt lon="-9.213884" lat="39.435127"><ele>15.25</ele></trkpt>
   <trkpt lon="-9.213828" lat="39.435142"><ele>15.25</ele></trkpt>
   <trkpt lon="-9.213513" lat="39.435486"><ele>15.25</ele></trkpt>
   <trkpt lon="-9.213465" lat="39.435514"><ele>15.25</ele></trkpt>
   <trkpt lon="-9.213353" lat="39.435621"><ele>15.5</ele><sym>roundabout_e1</sym></trkpt>
   <trkpt lon="-9.213288" lat="39.435622"><ele>15.25</ele></trkpt>
   <trkpt lon="-9.213258" lat="39.435633"><ele>15.25</ele></trkpt>
   <trkpt lon="-9.213233" lat="39.435650"><ele>15.5</ele></trkpt>
   <trkpt lon="-9.213216" lat="39.435672"><ele>15.5</ele></trkpt>
   <trkpt lon="-9.213128" lat="39.435678"><ele>15.5</ele></trkpt>
   <trkpt lon="-9.212827" lat="39.435698"><ele>15.0</ele></trkpt>
   <trkpt lon="-9.212712" lat="39.435711"><ele>15.25</ele></trkpt>
   <trkpt lon="-9.212487" lat="39.435738"><ele>15.75</ele></trkpt>
   <trkpt lon="-9.211814" lat="39.435814"><ele>17.75</ele><sym>roundabout_e2</sym></trkpt>
   <trkpt lon="-9.211785" lat="39.435794"><ele>17.5</ele></trkpt>
   <trkpt lon="-9.211755" lat="39.435797"><ele>17.5</ele></trkpt>
   <trkpt lon="-9.211740" lat="39.435807"><ele>17.75</ele></trkpt>
   <trkpt lon="-9.211733" lat="39.435831"><ele>17.75</ele></trkpt>
   <trkpt lon="-9.210794" lat="39.435846"><ele>18.25</ele></trkpt>
   <trkpt lon="-9.210642" lat="39.435841"><ele>19.25</ele></trkpt>
   <trkpt lon="-9.209691" lat="39.435808"><ele>24.75</ele></trkpt>
   <trkpt lon="-9.209479" lat="39.435797"><ele>24.75</ele></trkpt>
   <trkpt lon="-9.209287" lat="39.435800"><ele>24.75</ele></trkpt>
   <trkpt lon="-9.208405" lat="39.435793"><ele>28.25</ele></trkpt>
   <trkpt lon="-9.207774" lat="39.435841"><ele>29.75</ele></trkpt>
   <trkpt lon="-9.207356" lat="39.435758"><ele>30.75</ele></trkpt>
   <trkpt lon="-9.206849" lat="39.435700"><ele>29.5</ele></trkpt>
   <trkpt lon="-9.206210" lat="39.435680"><ele>31.25</ele></trkpt>
   <trkpt lon="-9.205577" lat="39.435693"><ele>34.25</ele></trkpt>
   <trkpt lon="-9.205414" lat="39.435696"><ele>35.0</ele><sym>left</sym></trkpt>
   <trkpt lon="-9.205358" lat="39.435949"><ele>36.0</ele></trkpt>
   <trkpt lon="-9.205325" lat="39.436197"><ele>37.25</ele></trkpt>
   <trkpt lon="-9.205430" lat="39.436530"><ele>38.25</ele></trkpt>
   <trkpt lon="-9.205449" lat="39.436591"><ele>38.25</ele></trkpt>
   <trkpt lon="-9.205374" lat="39.437229"><ele>38.25</ele></trkpt>
   <trkpt lon="-9.205359" lat="39.437394"><ele>37.75</ele></trkpt>
   <trkpt lon="-9.205344" lat="39.437564"><ele>37.25</ele></trkpt>
   <trkpt lon="-9.205175" lat="39.437887"><ele>37.5</ele></trkpt>
   <trkpt lon="-9.205113" lat="39.438115"><ele>38.5</ele></trkpt>
   <trkpt lon="-9.205079" lat="39.438240"><ele>40.0</ele><sym>right</sym></trkpt>
   <trkpt lon="-9.202376" lat="39.437432"><ele>40.5</ele></trkpt>
   <trkpt lon="-9.201701" lat="39.437260"><ele>42.75</ele></trkpt>
   <trkpt lon="-9.201012" lat="39.437163"><ele>43.5</ele></trkpt>
   <trkpt lon="-9.200733" lat="39.437138"><ele>44.75</ele></trkpt>
   <trkpt lon="-9.199672" lat="39.437171"><ele>49.75</ele></trkpt>
   <trkpt lon="-9.198964" lat="39.437185"><ele>53.75</ele><sym>pass_place</sym><type>Shaping</type></trkpt>
   <trkpt lon="-9.197714" lat="39.437240"><ele>57.5</ele></trkpt>
   <trkpt lon="-9.195250" lat="39.437293"><ele>59.0</ele></trkpt>
   <trkpt lon="-9.194268" lat="39.437305"><ele>62.0</ele></trkpt>
   <trkpt lon="-9.190037" lat="39.437457"><ele>64.25</ele></trkpt>
   <trkpt lon="-9.187393" lat="39.437536"><ele>62.25</ele></trkpt>
   <trkpt lon="-9.187082" lat="39.437503"><ele>58.5</ele></trkpt>
   <trkpt lon="-9.187025" lat="39.437493"><ele>57.75</ele></trkpt>
   <trkpt lon="-9.186950" lat="39.437466"><ele>56.75</ele><sym>roundabout_e3</sym></trkpt>
   <trkpt lon="-9.186902" lat="39.437422"><ele>56.5</ele></trkpt>
   <trkpt lon="-9.186841" lat="39.437393"><ele>56.25</ele></trkpt>
   <trkpt lon="-9.186771" lat="39.437381"><ele>56.25</ele></trkpt>
   <trkpt lon="-9.186700" lat="39.437386"><ele>56.0</ele></trkpt>
   <trkpt lon="-9.186634" lat="39.437409"><ele>56.5</ele></trkpt>
   <trkpt lon="-9.186573" lat="39.437455"><ele>57.25</ele></trkpt>
   <trkpt lon="-9.186546" lat="39.437495"><ele>57.75</ele></trkpt>
   <trkpt lon="-9.186534" lat="39.437538"><ele>58.25</ele></trkpt>
   <trkpt lon="-9.186536" lat="39.437582"><ele>58.75</ele></trkpt>
   <trkpt lon="-9.186552" lat="39.437625"><ele>59.25</ele></trkpt>
   <trkpt lon="-9.186582" lat="39.437662"><ele>59.75</ele></trkpt>
   <trkpt lon="-9.186622" lat="39.437692"><ele>59.75</ele></trkpt>
   <trkpt lon="-9.186677" lat="39.437827"><ele>61.75</ele></trkpt>
   <trkpt lon="-9.186689" lat="39.438016"><ele>65.25</ele><sym>right_slight</sym></trkpt>
   <trkpt lon="-9.186224" lat="39.438686"><ele>68.0</ele></trkpt>
   <trkpt lon="-9.185333" lat="39.439878"><ele>63.75</ele></trkpt>
   <trkpt lon="-9.185089" lat="39.440214"><ele>58.25</ele></trkpt>
   <trkpt lon="-9.184946" lat="39.440442"><ele>56.5</ele></trkpt>
   <trkpt lon="-9.184880" lat="39.440556"><ele>56.5</ele></trkpt>
   <trkpt lon="-9.184407" lat="39.441481"><ele>56.5</ele></trkpt>
   <trkpt lon="-9.183852" lat="39.442617"><ele>57.0</ele></trkpt>
   <trkpt lon="-9.183822" lat="39.442731"><ele>56.25</ele></trkpt>
   <trkpt lon="-9.183813" lat="39.442821"><ele>55.75</ele></trkpt>
   <trkpt lon="-9.183810" lat="39.442994"><ele>54.5</ele></trkpt>
   <trkpt lon="-9.184081" lat="39.444706"><ele>53.25</ele><sym>pass_place</sym><type>Shaping</type></trkpt>
   <trkpt lon="-9.184105" lat="39.444960"><ele>52.75</ele></trkpt>
   <trkpt lon="-9.184118" lat="39.445163"><ele>51.75</ele></trkpt>
   <trkpt lon="-9.184126" lat="39.445244"><ele>51.0</ele></trkpt>
   <trkpt lon="-9.184158" lat="39.446163"><ele>47.75</ele></trkpt>
   <trkpt lon="-9.184159" lat="39.446193"><ele>47.75</ele></trkpt>
   <trkpt lon="-9.184160" lat="39.446475"><ele>47.25</ele></trkpt>
   <trkpt lon="-9.184165" lat="39.446721"><ele>45.75</ele></trkpt>
   <trkpt lon="-9.184156" lat="39.446815"><ele>45.25</ele></trkpt>
   <trkpt lon="-9.184128" lat="39.446959"><ele>44.75</ele></trkpt>
   <trkpt lon="-9.184075" lat="39.447135"><ele>44.5</ele></trkpt>
   <trkpt lon="-9.184019" lat="39.447279"><ele>44.5</ele></trkpt>
   <trkpt lon="-9.183411" lat="39.448649"><ele>39.25</ele></trkpt>
   <trkpt lon="-9.182207" lat="39.451385"><ele>38.75</ele></trkpt>
   <trkpt lon="-9.182001" lat="39.451888"><ele>43.75</ele></trkpt>
   <trkpt lon="-9.181756" lat="39.452543"><ele>40.0</ele></trkpt>
   <trkpt lon="-9.181706" lat="39.452641"><ele>39.0</ele></trkpt>
   <trkpt lon="-9.181175" lat="39.453458"><ele>39.0</ele></trkpt>
   <trkpt lon="-9.181104" lat="39.453563"><ele>38.75</ele></trkpt>
   <trkpt lon="-9.181077" lat="39.453604"><ele>38.75</ele><sym>roundabout_e2</sym></trkpt>
   <trkpt lon="-9.181020" lat="39.453595"><ele>38.5</ele></trkpt>
   <trkpt lon="-9.180968" lat="39.453614"><ele>38.25</ele></trkpt>
   <trkpt lon="-9.180950" lat="39.453632"><ele>38.25</ele></trkpt>
   <trkpt lon="-9.180940" lat="39.453652"><ele>38.5</ele></trkpt>
   <trkpt lon="-9.180945" lat="39.453693"><ele>38.5</ele></trkpt>
   <trkpt lon="-9.180959" lat="39.453712"><ele>38.75</ele></trkpt>
   <trkpt lon="-9.181004" lat="39.453735"><ele>39.0</ele></trkpt>
   <trkpt lon="-9.180984" lat="39.453788"><ele>39.0</ele></trkpt>
   <trkpt lon="-9.180944" lat="39.453893"><ele>39.25</ele></trkpt>
   <trkpt lon="-9.180823" lat="39.454227"><ele>37.75</ele></trkpt>
   <trkpt lon="-9.180787" lat="39.454352"><ele>37.25</ele></trkpt>
   <trkpt lon="-9.180759" lat="39.454489"><ele>37.0</ele></trkpt>
   <trkpt lon="-9.180722" lat="39.455098"><ele>38.5</ele></trkpt>
   <trkpt lon="-9.180711" lat="39.455412"><ele>40.25</ele></trkpt>
   <trkpt lon="-9.180698" lat="39.455530"><ele>40.75</ele></trkpt>
   <trkpt lon="-9.180648" lat="39.455836"><ele>41.0</ele></trkpt>
   <trkpt lon="-9.180579" lat="39.456234"><ele>42.75</ele></trkpt>
   <trkpt lon="-9.180583" lat="39.456325"><ele>43.5</ele></trkpt>
   <trkpt lon="-9.180601" lat="39.456425"><ele>44.0</ele></trkpt>
   <trkpt lon="-9.180673" lat="39.456723"><ele>44.25</ele></trkpt>
   <trkpt lon="-9.180822" lat="39.457322"><ele>43.0</ele></trkpt>
   <trkpt lon="-9.180849" lat="39.457459"><ele>42.25</ele></trkpt>
   <trkpt lon="-9.180974" lat="39.458524"><ele>45.0</ele></trkpt>
   <trkpt lon="-9.181042" lat="39.459124"><ele>45.0</ele></trkpt>
   <trkpt lon="-9.181104" lat="39.459403"><ele>45.75</ele></trkpt>
   <trkpt lon="-9.181170" lat="39.459622"><ele>46.75</ele></trkpt>
   <trkpt lon="-9.181226" lat="39.459779"><ele>47.5</ele></trkpt>
   <trkpt lon="-9.181702" lat="39.461018"><ele>55.5</ele><sym>pass_place</sym><type>Shaping</type></trkpt>
   <trkpt lon="-9.181967" lat="39.461953"><ele>56.0</ele></trkpt>
   <trkpt lon="-9.182019" lat="39.462163"><ele>56.25</ele></trkpt>
   <trkpt lon="-9.182051" lat="39.462405"><ele>55.5</ele></trkpt>
   <trkpt lon="-9.182067" lat="39.462537"><ele>55.25</ele></trkpt>
   <trkpt lon="-9.182132" lat="39.463468"><ele>55.0</ele></trkpt>
   <trkpt lon="-9.182098" lat="39.464626"><ele>51.0</ele></trkpt>
   <trkpt lon="-9.182108" lat="39.465009"><ele>52.75</ele></trkpt>
   <trkpt lon="-9.182279" lat="39.466106"><ele>53.0</ele></trkpt>
   <trkpt lon="-9.182288" lat="39.466232"><ele>52.5</ele></trkpt>
   <trkpt lon="-9.182282" lat="39.466432"><ele>52.0</ele></trkpt>
   <trkpt lon="-9.182304" lat="39.467673"><ele>50.75</ele></trkpt>
   <trkpt lon="-9.182301" lat="39.467839"><ele>50.0</ele></trkpt>
   <trkpt lon="-9.182289" lat="39.468197"><ele>50.0</ele></trkpt>
   <trkpt lon="-9.182277" lat="39.468344"><ele>50.0</ele></trkpt>
   <trkpt lon="-9.182253" lat="39.468485"><ele>49.5</ele></trkpt>
   <trkpt lon="-9.182210" lat="39.468642"><ele>49.0</ele></trkpt>
   <trkpt lon="-9.181638" lat="39.470253"><ele>48.0</ele></trkpt>
   <trkpt lon="-9.181565" lat="39.470442"><ele>48.0</ele></trkpt>
   <trkpt lon="-9.180658" lat="39.472886"><ele>48.75</ele></trkpt>
   <trkpt lon="-9.180550" lat="39.473149"><ele>47.25</ele></trkpt>
   <trkpt lon="-9.180433" lat="39.473363"><ele>45.25</ele></trkpt>
   <trkpt lon="-9.180366" lat="39.473464"><ele>44.25</ele></trkpt>
   <trkpt lon="-9.180281" lat="39.473571"><ele>43.25</ele></trkpt>
   <trkpt lon="-9.180067" lat="39.473790"><ele>42.75</ele></trkpt>
   <trkpt lon="-9.179803" lat="39.474006"><ele>42.75</ele></trkpt>
   <trkpt lon="-9.179690" lat="39.474094"><ele>43.0</ele></trkpt>
   <trkpt lon="-9.176734" lat="39.475964"><ele>45.75</ele><sym>u-turn_right</sym></trkpt>
   <trkpt lon="-9.176732" lat="39.475959"><ele>45.0</ele><sym>pass_place</sym><type>Shaping</type></trkpt>
   <trkpt lon="-9.176734" lat="39.475964"><ele>45.75</ele></trkpt>
   <trkpt lon="-9.175561" lat="39.476701"><ele>42.0</ele></trkpt>
   <trkpt lon="-9.174979" lat="39.477048"><ele>40.75</ele></trkpt>
   <trkpt lon="-9.174787" lat="39.477154"><ele>40.75</ele></trkpt>
   <trkpt lon="-9.173393" lat="39.477858"><ele>37.0</ele></trkpt>
   <trkpt lon="-9.172824" lat="39.478112"><ele>37.25</ele></trkpt>
   <trkpt lon="-9.171270" lat="39.478835"><ele>38.0</ele></trkpt>
   <trkpt lon="-9.170792" lat="39.479098"><ele>35.75</ele></trkpt>
   <trkpt lon="-9.170645" lat="39.479190"><ele>36.0</ele></trkpt>
   <trkpt lon="-9.170367" lat="39.479379"><ele>36.5</ele></trkpt>
   <trkpt lon="-9.170223" lat="39.479491"><ele>37.0</ele></trkpt>
   <trkpt lon="-9.169744" lat="39.479899"><ele>39.5</ele></trkpt>
   <trkpt lon="-9.168927" lat="39.480643"><ele>37.25</ele></trkpt>
   <trkpt lon="-9.166998" lat="39.482413"><ele>46.0</ele></trkpt>
   <trkpt lon="-9.166736" lat="39.482612"><ele>46.5</ele></trkpt>
   <trkpt lon="-9.166603" lat="39.482701"><ele>46.5</ele></trkpt>
   <trkpt lon="-9.166469" lat="39.482781"><ele>46.5</ele></trkpt>
   <trkpt lon="-9.166291" lat="39.482882"><ele>46.0</ele></trkpt>
   <trkpt lon="-9.164414" lat="39.483863"><ele>47.75</ele></trkpt>
   <trkpt lon="-9.163812" lat="39.484167"><ele>53.25</ele></trkpt>
   <trkpt lon="-9.163338" lat="39.484371"><ele>54.75</ele></trkpt>
   <trkpt lon="-9.162835" lat="39.484562"><ele>53.25</ele></trkpt>
   <trkpt lon="-9.162350" lat="39.484752"><ele>50.25</ele></trkpt>
   <trkpt lon="-9.162201" lat="39.484824"><ele>49.75</ele></trkpt>
   <trkpt lon="-9.162033" lat="39.484918"><ele>49.5</ele></trkpt>
   <trkpt lon="-9.160422" lat="39.485950"><ele>53.25</ele><sym>right_slight</sym><type>Via</type></trkpt>
   <trkpt lon="-9.160249" lat="39.486039"><ele>53.5</ele></trkpt>
   <trkpt lon="-9.159367" lat="39.486464"><ele>58.25</ele></trkpt>
   <trkpt lon="-9.159242" lat="39.486525"><ele>60.0</ele></trkpt>
   <trkpt lon="-9.157930" lat="39.487166"><ele>62.0</ele></trkpt>
   <trkpt lon="-9.157786" lat="39.487245"><ele>62.0</ele></trkpt>
   <trkpt lon="-9.157673" lat="39.487320"><ele>61.5</ele></trkpt>
   <trkpt lon="-9.157442" lat="39.487511"><ele>61.75</ele></trkpt>
   <trkpt lon="-9.157335" lat="39.487621"><ele>61.5</ele></trkpt>
   <trkpt lon="-9.156927" lat="39.488117"><ele>61.5</ele></trkpt>
   <trkpt lon="-9.156906" lat="39.488147"><ele>61.5</ele><sym>roundabout_e1</sym></trkpt>
   <trkpt lon="-9.156846" lat="39.488139"><ele>61.25</ele></trkpt>
   <trkpt lon="-9.156816" lat="39.488145"><ele>61.0</ele></trkpt>
   <trkpt lon="-9.156769" lat="39.488174"><ele>60.75</ele></trkpt>
   <trkpt lon="-9.156756" lat="39.488196"><ele>60.75</ele></trkpt>
   <trkpt lon="-9.156698" lat="39.488177"><ele>60.5</ele></trkpt>
   <trkpt lon="-9.156585" lat="39.488156"><ele>60.25</ele></trkpt>
   <trkpt lon="-9.156422" lat="39.488137"><ele>59.75</ele></trkpt>
   <trkpt lon="-9.156261" lat="39.488132"><ele>58.5</ele></trkpt>
   <trkpt lon="-9.155738" lat="39.488150"><ele>54.0</ele></trkpt>
   <trkpt lon="-9.155228" lat="39.488257"><ele>52.0</ele></trkpt>
   <trkpt lon="-9.154968" lat="39.488356"><ele>51.75</ele></trkpt>
   <trkpt lon="-9.154841" lat="39.488417"><ele>51.5</ele></trkpt>
   <trkpt lon="-9.154022" lat="39.488998"><ele>45.0</ele></trkpt>
   <trkpt lon="-9.153869" lat="39.489103"><ele>43.0</ele></trkpt>
   <trkpt lon="-9.153378" lat="39.489402"><ele>40.0</ele></trkpt>
   <trkpt lon="-9.153114" lat="39.489537"><ele>39.5</ele></trkpt>
   <trkpt lon="-9.152553" lat="39.489848"><ele>39.5</ele></trkpt>
   <trkpt lon="-9.152214" lat="39.490052"><ele>36.5</ele></trkpt>
   <trkpt lon="-9.151225" lat="39.490589"><ele>27.5</ele></trkpt>
   <trkpt lon="-9.151192" lat="39.490609"><ele>27.25</ele></trkpt>
   <trkpt lon="-9.150637" lat="39.490929"><ele>25.0</ele></trkpt>
   <trkpt lon="-9.150559" lat="39.490978"><ele>25.0</ele></trkpt>
   <trkpt lon="-9.150342" lat="39.491107"><ele>24.0</ele></trkpt>
   <trkpt lon="-9.150122" lat="39.491325"><ele>23.25</ele></trkpt>
   <trkpt lon="-9.149908" lat="39.491570"><ele>23.25</ele></trkpt>
   <trkpt lon="-9.149769" lat="39.491810"><ele>23.5</ele></trkpt>
   <trkpt lon="-9.149677" lat="39.492071"><ele>23.25</ele></trkpt>
   <trkpt lon="-9.149627" lat="39.492222"><ele>22.25</ele></trkpt>
   <trkpt lon="-9.149501" lat="39.492939"><ele>17.5</ele></trkpt>
   <trkpt lon="-9.149450" lat="39.493036"><ele>17.0</ele></trkpt>
   <trkpt lon="-9.149407" lat="39.493144"><ele>16.75</ele></trkpt>
   <trkpt lon="-9.149276" lat="39.493320"><ele>16.25</ele></trkpt>
   <trkpt lon="-9.149005" lat="39.493591"><ele>15.75</ele><sym>right</sym></trkpt>
   <trkpt lon="-9.148059" lat="39.493090"><ele>12.0</ele></trkpt>
   <trkpt lon="-9.147837" lat="39.492990"><ele>12.0</ele></trkpt>
   <trkpt lon="-9.147725" lat="39.492945"><ele>12.0</ele></trkpt>
   <trkpt lon="-9.147608" lat="39.492911"><ele>12.0</ele></trkpt>
   <trkpt lon="-9.147414" lat="39.492869"><ele>11.25</ele></trkpt>
   <trkpt lon="-9.147273" lat="39.492846"><ele>10.25</ele><sym>right</sym></trkpt>
   <trkpt lon="-9.147326" lat="39.492639"><ele>9.5</ele></trkpt>
   <trkpt lon="-9.147372" lat="39.492429"><ele>8.25</ele><sym>u-turn</sym><type>Via</type></trkpt>
   <trkpt lon="-9.147326" lat="39.492639"><ele>9.5</ele></trkpt>
   <trkpt lon="-9.147273" lat="39.492846"><ele>10.25</ele><sym>left</sym></trkpt>
   <trkpt lon="-9.147414" lat="39.492869"><ele>11.25</ele></trkpt>
   <trkpt lon="-9.147608" lat="39.492911"><ele>12.0</ele></trkpt>
   <trkpt lon="-9.147725" lat="39.492945"><ele>12.0</ele></trkpt>
   <trkpt lon="-9.147837" lat="39.492990"><ele>12.0</ele></trkpt>
   <trkpt lon="-9.148059" lat="39.493090"><ele>12.0</ele></trkpt>
   <trkpt lon="-9.149005" lat="39.493591"><ele>15.75</ele></trkpt>
   <trkpt lon="-9.149223" lat="39.493713"><ele>15.5</ele></trkpt>
   <trkpt lon="-9.149754" lat="39.494018"><ele>15.0</ele></trkpt>
   <trkpt lon="-9.150168" lat="39.494308"><ele>16.0</ele></trkpt>
   <trkpt lon="-9.150261" lat="39.494389"><ele>16.0</ele></trkpt>
   <trkpt lon="-9.150363" lat="39.494458"><ele>16.25</ele></trkpt>
   <trkpt lon="-9.151019" lat="39.494978"><ele>16.5</ele><sym>right_slight</sym></trkpt>
   <trkpt lon="-9.151030" lat="39.495047"><ele>16.75</ele></trkpt>
   <trkpt lon="-9.151037" lat="39.495090"><ele>17.0</ele><sym>roundabout_e1</sym></trkpt>
   <trkpt lon="-9.151016" lat="39.495114"><ele>17.0</ele></trkpt>
   <trkpt lon="-9.150999" lat="39.495171"><ele>17.0</ele></trkpt>
   <trkpt lon="-9.150913" lat="39.495294"><ele>17.25</ele><sym>right_slight</sym></trkpt>
   <trkpt lon="-9.150369" lat="39.495626"><ele>13.75</ele></trkpt>
   <trkpt lon="-9.150272" lat="39.495679"><ele>13.25</ele></trkpt>
   <trkpt lon="-9.149860" lat="39.495917"><ele>12.5</ele></trkpt>
   <trkpt lon="-9.148563" lat="39.496705"><ele>7.75</ele></trkpt>
   <trkpt lon="-9.148059" lat="39.497004"><ele>6.0</ele></trkpt>
   <trkpt lon="-9.147813" lat="39.497153"><ele>4.25</ele></trkpt>
   <trkpt lon="-9.147691" lat="39.497223"><ele>3.25</ele></trkpt>
   <trkpt lon="-9.147053" lat="39.497588"><ele>2.75</ele></trkpt>
   <trkpt lon="-9.146515" lat="39.497864"><ele>3.25</ele></trkpt>
   <trkpt lon="-9.146339" lat="39.497953"><ele>2.75</ele></trkpt>
   <trkpt lon="-9.146265" lat="39.497992"><ele>2.5</ele></trkpt>
   <trkpt lon="-9.145899" lat="39.498162"><ele>2.25</ele></trkpt>
   <trkpt lon="-9.145722" lat="39.498248"><ele>2.5</ele></trkpt>
   <trkpt lon="-9.144972" lat="39.498621"><ele>2.0</ele></trkpt>
   <trkpt lon="-9.144729" lat="39.498754"><ele>2.0</ele></trkpt>
   <trkpt lon="-9.144650" lat="39.498811"><ele>2.0</ele></trkpt>
   <trkpt lon="-9.144565" lat="39.498880"><ele>2.0</ele></trkpt>
   <trkpt lon="-9.143703" lat="39.499706"><ele>3.75</ele></trkpt>
   <trkpt lon="-9.143523" lat="39.499881"><ele>3.5</ele></trkpt>
   <trkpt lon="-9.143438" lat="39.499962"><ele>3.5</ele></trkpt>
   <trkpt lon="-9.142966" lat="39.500420"><ele>5.0</ele></trkpt>
   <trkpt lon="-9.141985" lat="39.501394"><ele>7.75</ele></trkpt>
   <trkpt lon="-9.141925" lat="39.501445"><ele>7.75</ele></trkpt>
   <trkpt lon="-9.141881" lat="39.501484"><ele>7.5</ele></trkpt>
   <trkpt lon="-9.141766" lat="39.501583"><ele>7.25</ele></trkpt>
   <trkpt lon="-9.141704" lat="39.501615"><ele>7.0</ele></trkpt>
   <trkpt lon="-9.141406" lat="39.501742"><ele>7.75</ele></trkpt>
   <trkpt lon="-9.141252" lat="39.501784"><ele>7.5</ele></trkpt>
   <trkpt lon="-9.140844" lat="39.501858"><ele>7.75</ele></trkpt>
   <trkpt lon="-9.140519" lat="39.501924"><ele>7.5</ele></trkpt>
   <trkpt lon="-9.140256" lat="39.501986"><ele>7.25</ele></trkpt>
   <trkpt lon="-9.139961" lat="39.502070"><ele>7.0</ele></trkpt>
   <trkpt lon="-9.139715" lat="39.502142"><ele>6.75</ele></trkpt>
   <trkpt lon="-9.138933" lat="39.502414"><ele>6.25</ele><sym>pass_place</sym><type>Shaping</type></trkpt>
   <trkpt lon="-9.138561" lat="39.502561"><ele>6.0</ele></trkpt>
   <trkpt lon="-9.138397" lat="39.502635"><ele>6.0</ele></trkpt>
   <trkpt lon="-9.138237" lat="39.502716"><ele>6.0</ele></trkpt>
   <trkpt lon="-9.137964" lat="39.502869"><ele>5.5</ele></trkpt>
   <trkpt lon="-9.137562" lat="39.503104"><ele>6.0</ele></trkpt>
   <trkpt lon="-9.137439" lat="39.503183"><ele>6.0</ele></trkpt>
   <trkpt lon="-9.137329" lat="39.503264"><ele>5.75</ele></trkpt>
   <trkpt lon="-9.137014" lat="39.503520"><ele>5.25</ele></trkpt>
   <trkpt lon="-9.136976" lat="39.503552"><ele>5.0</ele></trkpt>
   <trkpt lon="-9.136836" lat="39.503664"><ele>5.25</ele></trkpt>
   <trkpt lon="-9.136663" lat="39.503734"><ele>6.0</ele></trkpt>
   <trkpt lon="-9.136616" lat="39.503756"><ele>6.25</ele><sym>roundabout_e1</sym></trkpt>
   <trkpt lon="-9.136560" lat="39.503747"><ele>6.75</ele></trkpt>
   <trkpt lon="-9.136502" lat="39.503750"><ele>7.0</ele></trkpt>
   <trkpt lon="-9.136447" lat="39.503764"><ele>7.5</ele></trkpt>
   <trkpt lon="-9.136398" lat="39.503788"><ele>7.75</ele></trkpt>
   <trkpt lon="-9.136360" lat="39.503821"><ele>8.0</ele></trkpt>
   <trkpt lon="-9.136333" lat="39.503861"><ele>8.25</ele></trkpt>
   <trkpt lon="-9.136321" lat="39.503905"><ele>8.25</ele></trkpt>
   <trkpt lon="-9.136323" lat="39.503949"><ele>8.25</ele></trkpt>
   <trkpt lon="-9.136340" lat="39.503992"><ele>8.25</ele></trkpt>
   <trkpt lon="-9.136281" lat="39.504167"><ele>8.75</ele><sym>right_slight</sym></trkpt>
   <trkpt lon="-9.136214" lat="39.504223"><ele>9.25</ele></trkpt>
   <trkpt lon="-9.135886" lat="39.504536"><ele>10.0</ele></trkpt>
   <trkpt lon="-9.135788" lat="39.504632"><ele>9.75</ele></trkpt>
   <trkpt lon="-9.135654" lat="39.504779"><ele>9.25</ele></trkpt>
   <trkpt lon="-9.135500" lat="39.504967"><ele>9.25</ele></trkpt>
   <trkpt lon="-9.135322" lat="39.505237"><ele>9.75</ele></trkpt>
   <trkpt lon="-9.135223" lat="39.505413"><ele>9.5</ele></trkpt>
   <trkpt lon="-9.134968" lat="39.505930"><ele>9.0</ele></trkpt>
   <trkpt lon="-9.134914" lat="39.506071"><ele>9.0</ele></trkpt>
   <trkpt lon="-9.134896" lat="39.506117"><ele>9.0</ele></trkpt>
   <trkpt lon="-9.134770" lat="39.506407"><ele>9.75</ele></trkpt>
   <trkpt lon="-9.134742" lat="39.506474"><ele>9.75</ele></trkpt>
   <trkpt lon="-9.134570" lat="39.506891"><ele>8.75</ele></trkpt>
   <trkpt lon="-9.134412" lat="39.507399"><ele>10.25</ele><sym>right</sym></trkpt>
   <trkpt lon="-9.134285" lat="39.507397"><ele>10.5</ele></trkpt>
   <trkpt lon="-9.133559" lat="39.507387"><ele>9.0</ele><sym>left</sym></trkpt>
   <trkpt lon="-9.133556" lat="39.507770"><ele>7.75</ele></trkpt>
   <trkpt lon="-9.133543" lat="39.508202"><ele>4.25</ele></trkpt>
   <trkpt lon="-9.133528" lat="39.508901"><ele>7.0</ele></trkpt>
   <trkpt lon="-9.133522" lat="39.509537"><ele>7.5</ele></trkpt>
   <trkpt lon="-9.133522" lat="39.509578"><ele>7.5</ele></trkpt>
   <trkpt lon="-9.133519" lat="39.509618"><ele>7.25</ele><sym>right_slight</sym></trkpt>
   <trkpt lon="-9.133417" lat="39.509662"><ele>6.0</ele></trkpt>
   <trkpt lon="-9.133321" lat="39.509698"><ele>5.0</ele></trkpt>
   <trkpt lon="-9.133239" lat="39.509731"><ele>4.5</ele><sym>left</sym></trkpt>
   <trkpt lon="-9.133380" lat="39.509972"><ele>6.0</ele></trkpt>
   <trkpt lon="-9.133442" lat="39.510076"><ele>6.25</ele></trkpt>
   <trkpt lon="-9.133703" lat="39.510550"><ele>7.25</ele></trkpt>
   <trkpt lon="-9.133726" lat="39.510591"><ele>7.25</ele></trkpt>
   <trkpt lon="-9.133813" lat="39.510744"><ele>7.0</ele></trkpt>
   <trkpt lon="-9.133965" lat="39.511041"><ele>5.5</ele></trkpt>
   <trkpt lon="-9.134142" lat="39.511345"><ele>5.0</ele></trkpt>
   <trkpt lon="-9.134245" lat="39.511503"><ele>4.5</ele></trkpt>
   <trkpt lon="-9.134286" lat="39.511566"><ele>4.5</ele></trkpt>
   <trkpt lon="-9.134355" lat="39.511673"><ele>4.5</ele><sym>left</sym></trkpt>
   <trkpt lon="-9.134429" lat="39.511649"><ele>4.75</ele><sym>right</sym></trkpt>
   <trkpt lon="-9.134491" lat="39.511719"><ele>5.0</ele></trkpt>
   <trkpt lon="-9.134642" lat="39.511920"><ele>5.5</ele></trkpt>
   <trkpt lon="-9.134728" lat="39.512019"><ele>6.0</ele></trkpt>
   <trkpt lon="-9.134805" lat="39.512203"><ele>6.25</ele></trkpt>
   <trkpt lon="-9.134819" lat="39.512369"><ele>6.75</ele></trkpt>
   <trkpt lon="-9.134787" lat="39.512575"><ele>7.75</ele><sym>right</sym></trkpt>
   <trkpt lon="-9.134740" lat="39.512564"><ele>7.5</ele></trkpt>
   <trkpt lon="-9.134054" lat="39.512489"><ele>6.75</ele></trkpt>
   <trkpt lon="-9.133857" lat="39.512509"><ele>7.0</ele><sym>left</sym></trkpt>
   <trkpt lon="-9.133872" lat="39.512863"><ele>10.25</ele></trkpt>
   <trkpt lon="-9.133913" lat="39.513149"><ele>15.5</ele></trkpt>
   <trkpt lon="-9.133868" lat="39.513254"><ele>17.25</ele></trkpt>
   <trkpt lon="-9.133524" lat="39.513452"><ele>22.75</ele><sym>u-turn</sym><type>Via</type></trkpt>
   <trkpt lon="-9.133868" lat="39.513254"><ele>17.25</ele></trkpt>
   <trkpt lon="-9.133913" lat="39.513149"><ele>15.5</ele></trkpt>
   <trkpt lon="-9.133872" lat="39.512863"><ele>10.25</ele></trkpt>
   <trkpt lon="-9.133857" lat="39.512509"><ele>7.0</ele><sym>left</sym></trkpt>
   <trkpt lon="-9.133718" lat="39.512538"><ele>7.25</ele></trkpt>
   <trkpt lon="-9.133191" lat="39.512727"><ele>8.75</ele></trkpt>
   <trkpt lon="-9.132733" lat="39.512749"><ele>8.5</ele><sym>right_slight</sym></trkpt>
   <trkpt lon="-9.132662" lat="39.512726"><ele>8.25</ele></trkpt>
   <trkpt lon="-9.132384" lat="39.512576"><ele>7.0</ele><sym>straight</sym></trkpt>
   <trkpt lon="-9.132196" lat="39.512470"><ele>6.75</ele></trkpt>
   <trkpt lon="-9.132090" lat="39.512364"><ele>6.0</ele><sym>right</sym></trkpt>
   <trkpt lon="-9.132796" lat="39.512135"><ele>6.5</ele></trkpt>
   <trkpt lon="-9.133260" lat="39.511998"><ele>5.25</ele></trkpt>
   <trkpt lon="-9.133330" lat="39.511980"><ele>5.0</ele></trkpt>
   <trkpt lon="-9.133878" lat="39.511821"><ele>4.5</ele></trkpt>
   <trkpt lon="-9.133976" lat="39.511791"><ele>4.25</ele></trkpt>
   <trkpt lon="-9.134232" lat="39.511711"><ele>4.25</ele></trkpt>
   <trkpt lon="-9.134355" lat="39.511673"><ele>4.5</ele><sym>straight</sym></trkpt>
   <trkpt lon="-9.134429" lat="39.511649"><ele>4.75</ele></trkpt>
   <trkpt lon="-9.134515" lat="39.511622"><ele>5.25</ele></trkpt>
   <trkpt lon="-9.134778" lat="39.511547"><ele>6.0</ele></trkpt>
   <trkpt lon="-9.135190" lat="39.511429"><ele>6.0</ele></trkpt>
   <trkpt lon="-9.135314" lat="39.511391"><ele>6.0</ele><sym>left</sym></trkpt>
   <trkpt lon="-9.135206" lat="39.511204"><ele>4.5</ele></trkpt>
   <trkpt lon="-9.135083" lat="39.510978"><ele>3.25</ele></trkpt>
   <trkpt lon="-9.134826" lat="39.510439"><ele>7.0</ele></trkpt>
   <trkpt lon="-9.134607" lat="39.509899"><ele>12.0</ele></trkpt>
   <trkpt lon="-9.134412" lat="39.509308"><ele>9.5</ele></trkpt>
   <trkpt lon="-9.134345" lat="39.508891"><ele>10.25</ele></trkpt>
   <trkpt lon="-9.134306" lat="39.508594"><ele>8.5</ele></trkpt>
   <trkpt lon="-9.134299" lat="39.508180"><ele>8.0</ele></trkpt>
   <trkpt lon="-9.134301" lat="39.507963"><ele>8.0</ele></trkpt>
   <trkpt lon="-9.134330" lat="39.507764"><ele>8.5</ele></trkpt>
   <trkpt lon="-9.134412" lat="39.507399"><ele>10.25</ele></trkpt>
   <trkpt lon="-9.134570" lat="39.506891"><ele>8.75</ele></trkpt>
   <trkpt lon="-9.134742" lat="39.506474"><ele>9.75</ele></trkpt>
   <trkpt lon="-9.134770" lat="39.506407"><ele>9.75</ele></trkpt>
   <trkpt lon="-9.134896" lat="39.506117"><ele>9.0</ele></trkpt>
   <trkpt lon="-9.134914" lat="39.506071"><ele>9.0</ele></trkpt>
   <trkpt lon="-9.134968" lat="39.505930"><ele>9.0</ele></trkpt>
   <trkpt lon="-9.135223" lat="39.505413"><ele>9.5</ele></trkpt>
   <trkpt lon="-9.135322" lat="39.505237"><ele>9.75</ele></trkpt>
   <trkpt lon="-9.135500" lat="39.504967"><ele>9.25</ele></trkpt>
   <trkpt lon="-9.135654" lat="39.504779"><ele>9.25</ele></trkpt>
   <trkpt lon="-9.135788" lat="39.504632"><ele>9.75</ele></trkpt>
   <trkpt lon="-9.135886" lat="39.504536"><ele>10.0</ele></trkpt>
   <trkpt lon="-9.136214" lat="39.504223"><ele>9.25</ele></trkpt>
   <trkpt lon="-9.136281" lat="39.504167"><ele>8.75</ele></trkpt>
   <trkpt lon="-9.136427" lat="39.504102"><ele>7.5</ele></trkpt>
   <trkpt lon="-9.136471" lat="39.504083"><ele>7.25</ele><sym>roundabout_e1</sym></trkpt>
   <trkpt lon="-9.136538" lat="39.504093"><ele>6.75</ele></trkpt>
   <trkpt lon="-9.136606" lat="39.504086"><ele>6.25</ele></trkpt>
   <trkpt lon="-9.136668" lat="39.504063"><ele>5.75</ele></trkpt>
   <trkpt lon="-9.136719" lat="39.504028"><ele>5.5</ele></trkpt>
   <trkpt lon="-9.136753" lat="39.503982"><ele>5.25</ele></trkpt>
   <trkpt lon="-9.136767" lat="39.503930"><ele>5.25</ele></trkpt>
   <trkpt lon="-9.136761" lat="39.503878"><ele>5.25</ele></trkpt>
   <trkpt lon="-9.136836" lat="39.503664"><ele>5.25</ele><sym>right_slight</sym></trkpt>
   <trkpt lon="-9.136976" lat="39.503552"><ele>5.0</ele></trkpt>
   <trkpt lon="-9.137014" lat="39.503520"><ele>5.25</ele></trkpt>
   <trkpt lon="-9.137329" lat="39.503264"><ele>5.75</ele></trkpt>
   <trkpt lon="-9.137439" lat="39.503183"><ele>6.0</ele></trkpt>
   <trkpt lon="-9.137562" lat="39.503104"><ele>6.0</ele></trkpt>
   <trkpt lon="-9.137964" lat="39.502869"><ele>5.5</ele></trkpt>
   <trkpt lon="-9.138237" lat="39.502716"><ele>6.0</ele></trkpt>
   <trkpt lon="-9.138397" lat="39.502635"><ele>6.0</ele></trkpt>
   <trkpt lon="-9.138561" lat="39.502561"><ele>6.0</ele></trkpt>
   <trkpt lon="-9.138933" lat="39.502414"><ele>6.25</ele></trkpt>
   <trkpt lon="-9.139715" lat="39.502142"><ele>7.0</ele><sym>pass_place</sym><type>Shaping</type></trkpt>
   <trkpt lon="-9.139961" lat="39.502070"><ele>7.25</ele></trkpt>
   <trkpt lon="-9.140256" lat="39.501986"><ele>7.5</ele></trkpt>
   <trkpt lon="-9.140519" lat="39.501924"><ele>7.75</ele></trkpt>
   <trkpt lon="-9.140844" lat="39.501858"><ele>7.75</ele></trkpt>
   <trkpt lon="-9.141252" lat="39.501784"><ele>7.5</ele></trkpt>
   <trkpt lon="-9.141406" lat="39.501742"><ele>7.75</ele></trkpt>
   <trkpt lon="-9.141704" lat="39.501615"><ele>7.0</ele></trkpt>
   <trkpt lon="-9.141766" lat="39.501583"><ele>7.25</ele></trkpt>
   <trkpt lon="-9.141881" lat="39.501484"><ele>7.5</ele></trkpt>
   <trkpt lon="-9.141925" lat="39.501445"><ele>7.75</ele></trkpt>
   <trkpt lon="-9.141985" lat="39.501394"><ele>7.5</ele></trkpt>
   <trkpt lon="-9.142966" lat="39.500420"><ele>4.75</ele></trkpt>
   <trkpt lon="-9.143438" lat="39.499962"><ele>3.25</ele></trkpt>
   <trkpt lon="-9.143523" lat="39.499881"><ele>3.5</ele></trkpt>
   <trkpt lon="-9.143703" lat="39.499706"><ele>3.75</ele></trkpt>
   <trkpt lon="-9.144565" lat="39.498880"><ele>2.0</ele></trkpt>
   <trkpt lon="-9.144650" lat="39.498811"><ele>2.0</ele></trkpt>
   <trkpt lon="-9.144729" lat="39.498754"><ele>2.0</ele></trkpt>
   <trkpt lon="-9.144972" lat="39.498621"><ele>2.0</ele></trkpt>
   <trkpt lon="-9.145722" lat="39.498248"><ele>2.5</ele></trkpt>
   <trkpt lon="-9.145899" lat="39.498162"><ele>2.25</ele></trkpt>
   <trkpt lon="-9.146265" lat="39.497992"><ele>2.5</ele></trkpt>
   <trkpt lon="-9.146339" lat="39.497953"><ele>2.75</ele></trkpt>
   <trkpt lon="-9.146515" lat="39.497864"><ele>3.25</ele></trkpt>
   <trkpt lon="-9.147053" lat="39.497588"><ele>2.75</ele></trkpt>
   <trkpt lon="-9.147691" lat="39.497223"><ele>3.25</ele></trkpt>
   <trkpt lon="-9.147813" lat="39.497153"><ele>4.25</ele></trkpt>
   <trkpt lon="-9.148059" lat="39.497004"><ele>6.0</ele></trkpt>
   <trkpt lon="-9.148563" lat="39.496705"><ele>7.75</ele></trkpt>
   <trkpt lon="-9.149860" lat="39.495917"><ele>12.5</ele></trkpt>
   <trkpt lon="-9.150272" lat="39.495679"><ele>13.25</ele></trkpt>
   <trkpt lon="-9.150369" lat="39.495626"><ele>13.75</ele></trkpt>
   <trkpt lon="-9.150913" lat="39.495294"><ele>17.25</ele></trkpt>
   <trkpt lon="-9.151015" lat="39.495272"><ele>17.5</ele></trkpt>
   <trkpt lon="-9.151064" lat="39.495260"><ele>17.75</ele><sym>roundabout_e4</sym></trkpt>
   <trkpt lon="-9.151094" lat="39.495272"><ele>17.75</ele></trkpt>
   <trkpt lon="-9.151128" lat="39.495279"><ele>18.0</ele></trkpt>
   <trkpt lon="-9.151164" lat="39.495278"><ele>18.0</ele></trkpt>
   <trkpt lon="-9.151199" lat="39.495272"><ele>18.25</ele></trkpt>
   <trkpt lon="-9.151230" lat="39.495259"><ele>18.25</ele></trkpt>
   <trkpt lon="-9.151248" lat="39.495247"><ele>18.25</ele></trkpt>
   <trkpt lon="-9.151270" lat="39.495227"><ele>18.25</ele></trkpt>
   <trkpt lon="-9.151284" lat="39.495203"><ele>18.5</ele></trkpt>
   <trkpt lon="-9.151291" lat="39.495178"><ele>18.5</ele></trkpt>
   <trkpt lon="-9.151286" lat="39.495134"><ele>18.25</ele></trkpt>
   <trkpt lon="-9.151257" lat="39.495092"><ele>18.0</ele></trkpt>
   <trkpt lon="-9.151208" lat="39.495064"><ele>17.75</ele></trkpt>
   <trkpt lon="-9.151184" lat="39.495057"><ele>17.5</ele></trkpt>
   <trkpt lon="-9.151132" lat="39.495054"><ele>17.25</ele></trkpt>
   <trkpt lon="-9.151019" lat="39.494978"><ele>16.5</ele></trkpt>
   <trkpt lon="-9.150363" lat="39.494458"><ele>16.25</ele></trkpt>
   <trkpt lon="-9.150261" lat="39.494389"><ele>16.0</ele></trkpt>
   <trkpt lon="-9.150168" lat="39.494308"><ele>16.0</ele></trkpt>
   <trkpt lon="-9.149754" lat="39.494018"><ele>15.0</ele></trkpt>
   <trkpt lon="-9.149223" lat="39.493713"><ele>15.5</ele></trkpt>
   <trkpt lon="-9.149005" lat="39.493591"><ele>15.75</ele></trkpt>
   <trkpt lon="-9.148059" lat="39.493090"><ele>12.0</ele></trkpt>
   <trkpt lon="-9.147837" lat="39.492990"><ele>12.0</ele></trkpt>
   <trkpt lon="-9.147725" lat="39.492945"><ele>12.0</ele></trkpt>
   <trkpt lon="-9.147608" lat="39.492911"><ele>12.0</ele></trkpt>
   <trkpt lon="-9.147414" lat="39.492869"><ele>11.25</ele></trkpt>
   <trkpt lon="-9.147273" lat="39.492846"><ele>10.25</ele><sym>right</sym></trkpt>
   <trkpt lon="-9.147326" lat="39.492639"><ele>9.5</ele></trkpt>
   <trkpt lon="-9.147372" lat="39.492429"><ele>8.25</ele><sym>u-turn</sym><type>Via</type></trkpt>
   <trkpt lon="-9.147326" lat="39.492639"><ele>9.5</ele></trkpt>
   <trkpt lon="-9.147273" lat="39.492846"><ele>10.25</ele><sym>left</sym></trkpt>
   <trkpt lon="-9.147414" lat="39.492869"><ele>11.25</ele></trkpt>
   <trkpt lon="-9.147608" lat="39.492911"><ele>12.0</ele></trkpt>
   <trkpt lon="-9.147725" lat="39.492945"><ele>12.0</ele></trkpt>
   <trkpt lon="-9.147837" lat="39.492990"><ele>12.0</ele></trkpt>
   <trkpt lon="-9.148059" lat="39.493090"><ele>12.0</ele></trkpt>
   <trkpt lon="-9.149005" lat="39.493591"><ele>15.75</ele><sym>left</sym></trkpt>
   <trkpt lon="-9.149276" lat="39.493320"><ele>16.25</ele></trkpt>
   <trkpt lon="-9.149407" lat="39.493144"><ele>16.75</ele></trkpt>
   <trkpt lon="-9.149450" lat="39.493036"><ele>17.0</ele></trkpt>
   <trkpt lon="-9.149501" lat="39.492939"><ele>17.5</ele></trkpt>
   <trkpt lon="-9.149627" lat="39.492222"><ele>22.25</ele></trkpt>
   <trkpt lon="-9.149677" lat="39.492071"><ele>23.25</ele></trkpt>
   <trkpt lon="-9.149769" lat="39.491810"><ele>23.5</ele></trkpt>
   <trkpt lon="-9.149908" lat="39.491570"><ele>23.25</ele></trkpt>
   <trkpt lon="-9.150122" lat="39.491325"><ele>23.25</ele></trkpt>
   <trkpt lon="-9.150342" lat="39.491107"><ele>24.0</ele></trkpt>
   <trkpt lon="-9.150559" lat="39.490978"><ele>25.0</ele></trkpt>
   <trkpt lon="-9.150637" lat="39.490929"><ele>25.0</ele></trkpt>
   <trkpt lon="-9.151192" lat="39.490609"><ele>27.25</ele></trkpt>
   <trkpt lon="-9.151225" lat="39.490589"><ele>27.5</ele></trkpt>
   <trkpt lon="-9.152214" lat="39.490052"><ele>36.5</ele></trkpt>
   <trkpt lon="-9.152553" lat="39.489848"><ele>39.5</ele></trkpt>
   <trkpt lon="-9.153114" lat="39.489537"><ele>39.5</ele></trkpt>
   <trkpt lon="-9.153378" lat="39.489402"><ele>40.0</ele></trkpt>
   <trkpt lon="-9.153869" lat="39.489103"><ele>43.0</ele></trkpt>
   <trkpt lon="-9.154022" lat="39.488998"><ele>45.0</ele></trkpt>
   <trkpt lon="-9.154841" lat="39.488417"><ele>51.5</ele></trkpt>
   <trkpt lon="-9.154968" lat="39.488356"><ele>51.75</ele></trkpt>
   <trkpt lon="-9.155228" lat="39.488257"><ele>52.0</ele></trkpt>
   <trkpt lon="-9.155738" lat="39.488150"><ele>54.0</ele></trkpt>
   <trkpt lon="-9.156261" lat="39.488132"><ele>58.5</ele></trkpt>
   <trkpt lon="-9.156422" lat="39.488137"><ele>59.75</ele></trkpt>
   <trkpt lon="-9.156585" lat="39.488156"><ele>60.25</ele></trkpt>
   <trkpt lon="-9.156698" lat="39.488177"><ele>60.5</ele></trkpt>
   <trkpt lon="-9.156756" lat="39.488196"><ele>60.75</ele><sym>roundabout_e3</sym></trkpt>
   <trkpt lon="-9.156756" lat="39.488243"><ele>60.5</ele></trkpt>
   <trkpt lon="-9.156769" lat="39.488265"><ele>60.5</ele></trkpt>
   <trkpt lon="-9.156789" lat="39.488283"><ele>60.5</ele></trkpt>
   <trkpt lon="-9.156816" lat="39.488295"><ele>60.5</ele></trkpt>
   <trkpt lon="-9.156844" lat="39.488301"><ele>60.75</ele></trkpt>
   <trkpt lon="-9.156873" lat="39.488301"><ele>60.75</ele></trkpt>
   <trkpt lon="-9.156926" lat="39.488282"><ele>61.0</ele></trkpt>
   <trkpt lon="-9.156958" lat="39.488245"><ele>61.25</ele></trkpt>
   <trkpt lon="-9.156963" lat="39.488217"><ele>61.25</ele></trkpt>
   <trkpt lon="-9.156955" lat="39.488189"><ele>61.5</ele></trkpt>
   <trkpt lon="-9.156936" lat="39.488165"><ele>61.5</ele></trkpt>
   <trkpt lon="-9.156906" lat="39.488147"><ele>61.5</ele></trkpt>
   <trkpt lon="-9.156927" lat="39.488117"><ele>61.5</ele></trkpt>
   <trkpt lon="-9.157335" lat="39.487621"><ele>61.5</ele></trkpt>
   <trkpt lon="-9.157442" lat="39.487511"><ele>61.75</ele></trkpt>
   <trkpt lon="-9.157673" lat="39.487320"><ele>61.5</ele></trkpt>
   <trkpt lon="-9.157786" lat="39.487245"><ele>62.0</ele></trkpt>
   <trkpt lon="-9.157930" lat="39.487166"><ele>62.0</ele></trkpt>
   <trkpt lon="-9.159242" lat="39.486525"><ele>60.0</ele></trkpt>
   <trkpt lon="-9.159367" lat="39.486464"><ele>58.25</ele></trkpt>
   <trkpt lon="-9.160249" lat="39.486039"><ele>53.5</ele></trkpt>
   <trkpt lon="-9.160422" lat="39.485950"><ele>53.25</ele></trkpt>
   <trkpt lon="-9.162033" lat="39.484918"><ele>49.5</ele></trkpt>
   <trkpt lon="-9.162201" lat="39.484824"><ele>49.75</ele><sym>pass_place</sym><type>Shaping</type></trkpt>
   <trkpt lon="-9.162350" lat="39.484752"><ele>50.25</ele></trkpt>
   <trkpt lon="-9.162835" lat="39.484562"><ele>53.25</ele></trkpt>
   <trkpt lon="-9.163338" lat="39.484371"><ele>54.75</ele></trkpt>
   <trkpt lon="-9.163812" lat="39.484167"><ele>53.25</ele></trkpt>
   <trkpt lon="-9.164414" lat="39.483863"><ele>47.75</ele></trkpt>
   <trkpt lon="-9.166291" lat="39.482882"><ele>46.0</ele></trkpt>
   <trkpt lon="-9.166469" lat="39.482781"><ele>46.5</ele></trkpt>
   <trkpt lon="-9.166603" lat="39.482701"><ele>46.5</ele></trkpt>
   <trkpt lon="-9.166736" lat="39.482612"><ele>46.5</ele></trkpt>
   <trkpt lon="-9.166998" lat="39.482413"><ele>46.0</ele></trkpt>
   <trkpt lon="-9.168927" lat="39.480643"><ele>37.25</ele></trkpt>
   <trkpt lon="-9.169744" lat="39.479899"><ele>39.5</ele></trkpt>
   <trkpt lon="-9.170223" lat="39.479491"><ele>37.0</ele></trkpt>
   <trkpt lon="-9.170367" lat="39.479379"><ele>36.5</ele></trkpt>
   <trkpt lon="-9.170645" lat="39.479190"><ele>36.0</ele></trkpt>
   <trkpt lon="-9.170792" lat="39.479098"><ele>35.75</ele></trkpt>
   <trkpt lon="-9.171270" lat="39.478835"><ele>38.0</ele></trkpt>
   <trkpt lon="-9.172824" lat="39.478112"><ele>37.25</ele></trkpt>
   <trkpt lon="-9.173393" lat="39.477858"><ele>37.0</ele></trkpt>
   <trkpt lon="-9.174787" lat="39.477154"><ele>40.75</ele></trkpt>
   <trkpt lon="-9.174979" lat="39.477048"><ele>40.75</ele></trkpt>
   <trkpt lon="-9.175561" lat="39.476701"><ele>42.0</ele></trkpt>
   <trkpt lon="-9.176734" lat="39.475964"><ele>45.75</ele><sym>stay_left</sym></trkpt>
   <trkpt lon="-9.179690" lat="39.474094"><ele>43.0</ele><sym>pass_place</sym><type>Shaping</type></trkpt>
   <trkpt lon="-9.179803" lat="39.474006"><ele>42.75</ele></trkpt>
   <trkpt lon="-9.180067" lat="39.473790"><ele>42.75</ele></trkpt>
   <trkpt lon="-9.180281" lat="39.473571"><ele>43.25</ele></trkpt>
   <trkpt lon="-9.180366" lat="39.473464"><ele>44.25</ele></trkpt>
   <trkpt lon="-9.180433" lat="39.473363"><ele>45.25</ele></trkpt>
   <trkpt lon="-9.180550" lat="39.473149"><ele>47.25</ele></trkpt>
   <trkpt lon="-9.180658" lat="39.472886"><ele>48.75</ele></trkpt>
   <trkpt lon="-9.181565" lat="39.470442"><ele>48.0</ele></trkpt>
   <trkpt lon="-9.181638" lat="39.470253"><ele>48.0</ele></trkpt>
   <trkpt lon="-9.182210" lat="39.468642"><ele>49.0</ele></trkpt>
   <trkpt lon="-9.182253" lat="39.468485"><ele>49.5</ele></trkpt>
   <trkpt lon="-9.182277" lat="39.468344"><ele>50.0</ele></trkpt>
   <trkpt lon="-9.182289" lat="39.468197"><ele>50.0</ele></trkpt>
   <trkpt lon="-9.182301" lat="39.467839"><ele>50.0</ele></trkpt>
   <trkpt lon="-9.182304" lat="39.467673"><ele>50.75</ele></trkpt>
   <trkpt lon="-9.182282" lat="39.466432"><ele>52.0</ele></trkpt>
   <trkpt lon="-9.182288" lat="39.466232"><ele>52.5</ele></trkpt>
   <trkpt lon="-9.182279" lat="39.466106"><ele>53.0</ele></trkpt>
   <trkpt lon="-9.182108" lat="39.465009"><ele>52.75</ele></trkpt>
   <trkpt lon="-9.182098" lat="39.464626"><ele>51.0</ele></trkpt>
   <trkpt lon="-9.182132" lat="39.463468"><ele>55.0</ele></trkpt>
   <trkpt lon="-9.182067" lat="39.462537"><ele>55.25</ele></trkpt>
   <trkpt lon="-9.182051" lat="39.462405"><ele>55.5</ele></trkpt>
   <trkpt lon="-9.182019" lat="39.462163"><ele>56.25</ele></trkpt>
   <trkpt lon="-9.181967" lat="39.461953"><ele>56.0</ele></trkpt>
   <trkpt lon="-9.181702" lat="39.461018"><ele>55.5</ele></trkpt>
   <trkpt lon="-9.181226" lat="39.459779"><ele>47.5</ele></trkpt>
   <trkpt lon="-9.181170" lat="39.459622"><ele>46.75</ele></trkpt>
   <trkpt lon="-9.181104" lat="39.459403"><ele>45.75</ele></trkpt>
   <trkpt lon="-9.181042" lat="39.459124"><ele>45.0</ele></trkpt>
   <trkpt lon="-9.180974" lat="39.458524"><ele>45.0</ele></trkpt>
   <trkpt lon="-9.180850" lat="39.457460"><ele>42.25</ele><sym>pass_place</sym><type>Shaping</type></trkpt>
   <trkpt lon="-9.180849" lat="39.457459"><ele>42.25</ele></trkpt>
   <trkpt lon="-9.180822" lat="39.457322"><ele>43.0</ele></trkpt>
   <trkpt lon="-9.180673" lat="39.456723"><ele>44.25</ele></trkpt>
   <trkpt lon="-9.180601" lat="39.456425"><ele>44.0</ele></trkpt>
   <trkpt lon="-9.180583" lat="39.456325"><ele>43.5</ele></trkpt>
   <trkpt lon="-9.180579" lat="39.456234"><ele>42.75</ele></trkpt>
   <trkpt lon="-9.180648" lat="39.455836"><ele>41.0</ele></trkpt>
   <trkpt lon="-9.180698" lat="39.455530"><ele>40.75</ele></trkpt>
   <trkpt lon="-9.180711" lat="39.455412"><ele>40.25</ele></trkpt>
   <trkpt lon="-9.180722" lat="39.455098"><ele>38.5</ele></trkpt>
   <trkpt lon="-9.180759" lat="39.454489"><ele>37.0</ele></trkpt>
   <trkpt lon="-9.180787" lat="39.454352"><ele>37.25</ele></trkpt>
   <trkpt lon="-9.180823" lat="39.454227"><ele>37.75</ele></trkpt>
   <trkpt lon="-9.180944" lat="39.453893"><ele>39.25</ele></trkpt>
   <trkpt lon="-9.180984" lat="39.453788"><ele>39.0</ele></trkpt>
   <trkpt lon="-9.181004" lat="39.453735"><ele>39.0</ele><sym>roundabout_e2</sym></trkpt>
   <trkpt lon="-9.181035" lat="39.453738"><ele>39.0</ele></trkpt>
   <trkpt lon="-9.181066" lat="39.453733"><ele>39.25</ele></trkpt>
   <trkpt lon="-9.181112" lat="39.453702"><ele>39.25</ele></trkpt>
   <trkpt lon="-9.181122" lat="39.453680"><ele>39.25</ele></trkpt>
   <trkpt lon="-9.181116" lat="39.453637"><ele>39.0</ele></trkpt>
   <trkpt lon="-9.181077" lat="39.453604"><ele>38.75</ele></trkpt>
   <trkpt lon="-9.181104" lat="39.453563"><ele>38.75</ele></trkpt>
   <trkpt lon="-9.181175" lat="39.453458"><ele>39.0</ele></trkpt>
   <trkpt lon="-9.181706" lat="39.452641"><ele>39.0</ele></trkpt>
   <trkpt lon="-9.181756" lat="39.452543"><ele>40.0</ele></trkpt>
   <trkpt lon="-9.182001" lat="39.451888"><ele>43.75</ele></trkpt>
   <trkpt lon="-9.182207" lat="39.451385"><ele>38.75</ele></trkpt>
   <trkpt lon="-9.183411" lat="39.448649"><ele>39.25</ele></trkpt>
   <trkpt lon="-9.184019" lat="39.447279"><ele>44.5</ele></trkpt>
   <trkpt lon="-9.184075" lat="39.447135"><ele>44.5</ele></trkpt>
   <trkpt lon="-9.184128" lat="39.446959"><ele>44.75</ele></trkpt>
   <trkpt lon="-9.184156" lat="39.446815"><ele>45.25</ele></trkpt>
   <trkpt lon="-9.184165" lat="39.446721"><ele>45.75</ele></trkpt>
   <trkpt lon="-9.184160" lat="39.446475"><ele>47.25</ele></trkpt>
   <trkpt lon="-9.184159" lat="39.446193"><ele>47.75</ele></trkpt>
   <trkpt lon="-9.184158" lat="39.446163"><ele>47.75</ele></trkpt>
   <trkpt lon="-9.184126" lat="39.445244"><ele>51.0</ele></trkpt>
   <trkpt lon="-9.184118" lat="39.445163"><ele>51.75</ele></trkpt>
   <trkpt lon="-9.184105" lat="39.444960"><ele>52.75</ele></trkpt>
   <trkpt lon="-9.184081" lat="39.444706"><ele>53.25</ele></trkpt>
   <trkpt lon="-9.183810" lat="39.442994"><ele>54.5</ele></trkpt>
   <trkpt lon="-9.183813" lat="39.442821"><ele>55.75</ele></trkpt>
   <trkpt lon="-9.183822" lat="39.442731"><ele>56.25</ele></trkpt>
   <trkpt lon="-9.183852" lat="39.442617"><ele>57.0</ele></trkpt>
   <trkpt lon="-9.184407" lat="39.441481"><ele>56.5</ele><sym>pass_place</sym><type>Shaping</type></trkpt>
   <trkpt lon="-9.184880" lat="39.440556"><ele>56.5</ele></trkpt>
   <trkpt lon="-9.184946" lat="39.440442"><ele>56.5</ele></trkpt>
   <trkpt lon="-9.185089" lat="39.440214"><ele>58.25</ele></trkpt>
   <trkpt lon="-9.185333" lat="39.439878"><ele>63.75</ele></trkpt>
   <trkpt lon="-9.186224" lat="39.438686"><ele>68.0</ele></trkpt>
   <trkpt lon="-9.186689" lat="39.438016"><ele>65.25</ele></trkpt>
   <trkpt lon="-9.186825" lat="39.437822"><ele>61.75</ele></trkpt>
   <trkpt lon="-9.186865" lat="39.437757"><ele>60.5</ele></trkpt>
   <trkpt lon="-9.186899" lat="39.437688"><ele>59.5</ele><sym>roundabout_e1</sym></trkpt>
   <trkpt lon="-9.186934" lat="39.437659"><ele>59.25</ele></trkpt>
   <trkpt lon="-9.187393" lat="39.437536"><ele>62.25</ele></trkpt>
   <trkpt lon="-9.190037" lat="39.437457"><ele>64.25</ele></trkpt>
   <trkpt lon="-9.194268" lat="39.437305"><ele>62.0</ele></trkpt>
   <trkpt lon="-9.195250" lat="39.437293"><ele>59.0</ele></trkpt>
   <trkpt lon="-9.197714" lat="39.437240"><ele>57.5</ele></trkpt>
   <trkpt lon="-9.198964" lat="39.437185"><ele>53.75</ele></trkpt>
   <trkpt lon="-9.199672" lat="39.437171"><ele>49.75</ele></trkpt>
   <trkpt lon="-9.200733" lat="39.437138"><ele>44.75</ele></trkpt>
   <trkpt lon="-9.201012" lat="39.437163"><ele>43.5</ele></trkpt>
   <trkpt lon="-9.201701" lat="39.437260"><ele>42.75</ele></trkpt>
   <trkpt lon="-9.202376" lat="39.437432"><ele>40.5</ele><sym>pass_place</sym><type>Shaping</type></trkpt>
   <trkpt lon="-9.205079" lat="39.438240"><ele>40.0</ele></trkpt>
   <trkpt lon="-9.205369" lat="39.438321"><ele>38.25</ele></trkpt>
   <trkpt lon="-9.206741" lat="39.438761"><ele>39.0</ele><sym>left_slight</sym></trkpt>
   <trkpt lon="-9.207240" lat="39.438521"><ele>38.75</ele></trkpt>
   <trkpt lon="-9.207704" lat="39.438240"><ele>40.75</ele></trkpt>
   <trkpt lon="-9.207805" lat="39.438204"><ele>41.5</ele></trkpt>
   <trkpt lon="-9.207963" lat="39.438148"><ele>41.75</ele></trkpt>
   <trkpt lon="-9.208410" lat="39.438124"><ele>40.75</ele></trkpt>
   <trkpt lon="-9.209576" lat="39.438127"><ele>32.5</ele></trkpt>
   <trkpt lon="-9.209716" lat="39.438128"><ele>32.25</ele><sym>left_slight</sym></trkpt>
   <trkpt lon="-9.209898" lat="39.438010"><ele>31.25</ele></trkpt>
   <trkpt lon="-9.210050" lat="39.437974"><ele>30.75</ele></trkpt>
   <trkpt lon="-9.210129" lat="39.437956"><ele>30.25</ele></trkpt>
   <trkpt lon="-9.210904" lat="39.437900"><ele>25.5</ele></trkpt>
   <trkpt lon="-9.211341" lat="39.437902"><ele>24.25</ele></trkpt>
   <trkpt lon="-9.211508" lat="39.437944"><ele>24.5</ele></trkpt>
   <trkpt lon="-9.211717" lat="39.438039"><ele>24.75</ele><sym>left</sym></trkpt>
   <trkpt lon="-9.211988" lat="39.437869"><ele>24.25</ele></trkpt>
   <trkpt lon="-9.212318" lat="39.437494"><ele>24.25</ele></trkpt>
   <trkpt lon="-9.212630" lat="39.437116"><ele>23.25</ele><sym>left_slight</sym></trkpt>
   <trkpt lon="-9.212603" lat="39.436949"><ele>23.0</ele></trkpt>
   <trkpt lon="-9.212625" lat="39.436678"><ele>21.5</ele><sym>right</sym></trkpt>
   <trkpt lon="-9.212791" lat="39.436709"><ele>22.0</ele></trkpt>
   <trkpt lon="-9.212924" lat="39.436733"><ele>22.25</ele></trkpt>
   <trkpt lon="-9.213580" lat="39.436873"><ele>23.5</ele></trkpt>
   <trkpt lon="-9.213757" lat="39.436910"><ele>23.75</ele></trkpt>
   <trkpt lon="-9.213894" lat="39.436928"><ele>23.75</ele></trkpt>
   <trkpt lon="-9.214055" lat="39.436936"><ele>24.5</ele></trkpt>
   <trkpt lon="-9.214248" lat="39.436928"><ele>24.75</ele></trkpt>
   <trkpt lon="-9.214343" lat="39.436916"><ele>24.75</ele></trkpt>
   <trkpt lon="-9.214436" lat="39.436893"><ele>24.75</ele></trkpt>
   <trkpt lon="-9.214597" lat="39.436834"><ele>25.5</ele></trkpt>
   <trkpt lon="-9.214738" lat="39.436763"><ele>26.0</ele></trkpt>
   <trkpt lon="-9.214792" lat="39.436737"><ele>26.0</ele></trkpt>
   <trkpt lon="-9.214868" lat="39.436700"><ele>26.0</ele></trkpt>
   <trkpt lon="-9.214901" lat="39.436681"><ele>26.0</ele></trkpt>
   <trkpt lon="-9.215110" lat="39.436566"><ele>25.25</ele></trkpt>
   <trkpt lon="-9.215264" lat="39.436457"><ele>24.5</ele></trkpt>
   <trkpt lon="-9.215318" lat="39.436409"><ele>24.0</ele></trkpt>
   <trkpt lon="-9.215426" lat="39.436295"><ele>23.25</ele></trkpt>
   <trkpt lon="-9.215607" lat="39.436113"><ele>22.0</ele></trkpt>
   <trkpt lon="-9.215659" lat="39.436062"><ele>22.25</ele></trkpt>
   <trkpt lon="-9.215702" lat="39.436019"><ele>22.25</ele></trkpt>
   <trkpt lon="-9.215869" lat="39.435844"><ele>22.0</ele></trkpt>
   <trkpt lon="-9.215969" lat="39.435741"><ele>22.25</ele></trkpt>
   <trkpt lon="-9.215999" lat="39.435700"><ele>22.5</ele></trkpt>
   <trkpt lon="-9.216050" lat="39.435603"><ele>22.75</ele></trkpt>
   <trkpt lon="-9.216071" lat="39.435526"><ele>22.75</ele></trkpt>
   <trkpt lon="-9.216160" lat="39.435130"><ele>20.25</ele></trkpt>
   <trkpt lon="-9.216182" lat="39.435021"><ele>19.25</ele><sym>stay_right</sym></trkpt>
   <trkpt lon="-9.216204" lat="39.434936"><ele>18.75</ele></trkpt>
   <trkpt lon="-9.216270" lat="39.434688"><ele>17.25</ele><sym>pass_place</sym><type>Shaping</type></trkpt>
   <trkpt lon="-9.216784" lat="39.432734"><ele>9.5</ele></trkpt>
   <trkpt lon="-9.216820" lat="39.432635"><ele>9.25</ele></trkpt>
   <trkpt lon="-9.216862" lat="39.432549"><ele>9.0</ele></trkpt>
   <trkpt lon="-9.216960" lat="39.432403"><ele>8.5</ele></trkpt>
   <trkpt lon="-9.217135" lat="39.432247"><ele>8.5</ele></trkpt>
   <trkpt lon="-9.217186" lat="39.432201"><ele>8.5</ele><sym>roundabout_e3</sym></trkpt>
   <trkpt lon="-9.217230" lat="39.432188"><ele>8.75</ele></trkpt>
   <trkpt lon="-9.217265" lat="39.432167"><ele>8.75</ele></trkpt>
   <trkpt lon="-9.217291" lat="39.432140"><ele>8.5</ele></trkpt>
   <trkpt lon="-9.217307" lat="39.432108"><ele>8.25</ele></trkpt>
   <trkpt lon="-9.217311" lat="39.432072"><ele>8.0</ele></trkpt>
   <trkpt lon="-9.217301" lat="39.432037"><ele>7.75</ele></trkpt>
   <trkpt lon="-9.217282" lat="39.432008"><ele>7.5</ele></trkpt>
   <trkpt lon="-9.217253" lat="39.431984"><ele>7.25</ele></trkpt>
   <trkpt lon="-9.217217" lat="39.431967"><ele>7.0</ele></trkpt>
   <trkpt lon="-9.217177" lat="39.431957"><ele>6.75</ele></trkpt>
   <trkpt lon="-9.217129" lat="39.431956"><ele>6.5</ele></trkpt>
   <trkpt lon="-9.217083" lat="39.431966"><ele>6.5</ele></trkpt>
   <trkpt lon="-9.216822" lat="39.431888"><ele>5.25</ele></trkpt>
   <trkpt lon="-9.216217" lat="39.431498"><ele>3.75</ele></trkpt>
   <trkpt lon="-9.216119" lat="39.431424"><ele>4.0</ele></trkpt>
   <trkpt lon="-9.215632" lat="39.430975"><ele>2.0</ele></trkpt>
   <trkpt lon="-9.215223" lat="39.430482"><ele>2.0</ele></trkpt>
   <trkpt lon="-9.214893" lat="39.430109"><ele>1.5</ele></trkpt>
   <trkpt lon="-9.214205" lat="39.429301"><ele>2.25</ele></trkpt>
   <trkpt lon="-9.213625" lat="39.428660"><ele>2.0</ele></trkpt>
   <trkpt lon="-9.212388" lat="39.427289"><ele>1.75</ele></trkpt>
   <trkpt lon="-9.212148" lat="39.427036"><ele>1.5</ele></trkpt>
   <trkpt lon="-9.211847" lat="39.426693"><ele>2.0</ele></trkpt>
   <trkpt lon="-9.210758" lat="39.425497"><ele>4.75</ele></trkpt>
   <trkpt lon="-9.210430" lat="39.425193"><ele>5.5</ele></trkpt>
   <trkpt lon="-9.210124" lat="39.424906"><ele>6.0</ele></trkpt>
   <trkpt lon="-9.209879" lat="39.424704"><ele>6.5</ele></trkpt>
   <trkpt lon="-9.208849" lat="39.423951"><ele>6.75</ele></trkpt>
   <trkpt lon="-9.208719" lat="39.423856"><ele>6.0</ele></trkpt>
   <trkpt lon="-9.208474" lat="39.423682"><ele>4.25</ele></trkpt>
   <trkpt lon="-9.208069" lat="39.423396"><ele>3.75</ele></trkpt>
   <trkpt lon="-9.207750" lat="39.423169"><ele>3.75</ele></trkpt>
   <trkpt lon="-9.206877" lat="39.422537"><ele>4.75</ele></trkpt>
   <trkpt lon="-9.206544" lat="39.422266"><ele>5.75</ele></trkpt>
   <trkpt lon="-9.206412" lat="39.422149"><ele>4.75</ele></trkpt>
   <trkpt lon="-9.206181" lat="39.421923"><ele>4.5</ele><sym>pass_place</sym><type>Shaping</type></trkpt>
   <trkpt lon="-9.206061" lat="39.421789"><ele>1.75</ele></trkpt>
   <trkpt lon="-9.205297" lat="39.420873"><ele>4.75</ele></trkpt>
   <trkpt lon="-9.205075" lat="39.420582"><ele>6.25</ele></trkpt>
   <trkpt lon="-9.204915" lat="39.420324"><ele>5.5</ele></trkpt>
   <trkpt lon="-9.204691" lat="39.419927"><ele>5.0</ele></trkpt>
   <trkpt lon="-9.204490" lat="39.419551"><ele>4.5</ele></trkpt>
   <trkpt lon="-9.204277" lat="39.419079"><ele>4.0</ele></trkpt>
   <trkpt lon="-9.204020" lat="39.418307"><ele>3.25</ele></trkpt>
   <trkpt lon="-9.203845" lat="39.417552"><ele>3.5</ele></trkpt>
   <trkpt lon="-9.203830" lat="39.417476"><ele>3.25</ele><sym>left_sharp</sym></trkpt>
   <trkpt lon="-9.203772" lat="39.417488"><ele>3.75</ele></trkpt>
   <trkpt lon="-9.203664" lat="39.417545"><ele>4.75</ele></trkpt>
   <trkpt lon="-9.203495" lat="39.417635"><ele>7.5</ele></trkpt>
   <trkpt lon="-9.203323" lat="39.417977"><ele>11.0</ele></trkpt>
   <trkpt lon="-9.203017" lat="39.418154"><ele>17.75</ele></trkpt>
   <trkpt lon="-9.202782" lat="39.418176"><ele>22.25</ele></trkpt>
   <trkpt lon="-9.202200" lat="39.417874"><ele>28.0</ele></trkpt>
   <trkpt lon="-9.201897" lat="39.417889"><ele>31.0</ele></trkpt>
   <trkpt lon="-9.201445" lat="39.418041"><ele>36.5</ele></trkpt>
   <trkpt lon="-9.201037" lat="39.418039"><ele>39.75</ele></trkpt>
   <trkpt lon="-9.200745" lat="39.418024"><ele>43.5</ele></trkpt>
   <trkpt lon="-9.200354" lat="39.418075"><ele>48.25</ele></trkpt>
   <trkpt lon="-9.200083" lat="39.418191"><ele>51.0</ele></trkpt>
   <trkpt lon="-9.199557" lat="39.418395"><ele>51.5</ele><sym>stay_left</sym></trkpt>
   <trkpt lon="-9.198808" lat="39.418693"><ele>45.5</ele></trkpt>
   <trkpt lon="-9.198758" lat="39.418713"><ele>45.25</ele></trkpt>
   <trkpt lon="-9.198055" lat="39.418988"><ele>41.75</ele></trkpt>
   <trkpt lon="-9.197801" lat="39.419088"><ele>41.0</ele></trkpt>
   <trkpt lon="-9.197657" lat="39.419122"><ele>40.0</ele></trkpt>
   <trkpt lon="-9.197570" lat="39.419134"><ele>39.5</ele></trkpt>
   <trkpt lon="-9.196949" lat="39.419201"><ele>35.75</ele></trkpt>
   <trkpt lon="-9.196127" lat="39.419305"><ele>33.0</ele></trkpt>
   <trkpt lon="-9.195785" lat="39.419362"><ele>31.75</ele></trkpt>
   <trkpt lon="-9.194463" lat="39.419582"><ele>35.5</ele></trkpt>
   <trkpt lon="-9.194204" lat="39.419599"><ele>35.0</ele></trkpt>
   <trkpt lon="-9.193985" lat="39.419612"><ele>35.0</ele></trkpt>
   <trkpt lon="-9.193604" lat="39.419536"><ele>35.0</ele></trkpt>
   <trkpt lon="-9.193215" lat="39.419423"><ele>34.5</ele></trkpt>
   <trkpt lon="-9.192942" lat="39.419420"><ele>34.0</ele></trkpt>
   <trkpt lon="-9.192496" lat="39.419455"><ele>36.0</ele></trkpt>
   <trkpt lon="-9.191493" lat="39.419557"><ele>42.75</ele></trkpt>
   <trkpt lon="-9.191120" lat="39.419592"><ele>45.25</ele></trkpt>
   <trkpt lon="-9.190833" lat="39.419647"><ele>46.0</ele><sym>right</sym></trkpt>
   <trkpt lon="-9.190746" lat="39.419438"><ele>45.75</ele></trkpt>
   <trkpt lon="-9.190628" lat="39.419222"><ele>45.75</ele></trkpt>
   <trkpt lon="-9.190600" lat="39.419110"><ele>45.25</ele><sym>pass_place</sym><type>Shaping</type></trkpt>
   <trkpt lon="-9.190599" lat="39.419109"><ele>45.25</ele></trkpt>
   <trkpt lon="-9.190606" lat="39.419063"><ele>45.0</ele></trkpt>
   <trkpt lon="-9.190617" lat="39.418995"><ele>44.5</ele></trkpt>
   <trkpt lon="-9.190646" lat="39.418808"><ele>43.5</ele></trkpt>
   <trkpt lon="-9.190679" lat="39.418661"><ele>42.25</ele></trkpt>
   <trkpt lon="-9.190724" lat="39.418507"><ele>40.75</ele></trkpt>
   <trkpt lon="-9.190735" lat="39.418345"><ele>39.0</ele></trkpt>
   <trkpt lon="-9.190751" lat="39.418245"><ele>37.75</ele><sym>left</sym></trkpt>
   <trkpt lon="-9.190368" lat="39.418066"><ele>38.75</ele></trkpt>
   <trkpt lon="-9.190131" lat="39.417986"><ele>36.75</ele></trkpt>
   <trkpt lon="-9.190044" lat="39.417972"><ele>36.0</ele></trkpt>
   <trkpt lon="-9.189843" lat="39.417965"><ele>34.0</ele><sym>straight</sym></trkpt>
   <trkpt lon="-9.189727" lat="39.417966"><ele>33.0</ele></trkpt>
   <trkpt lon="-9.189634" lat="39.417975"><ele>32.5</ele></trkpt>
   <trkpt lon="-9.189028" lat="39.418103"><ele>31.5</ele></trkpt>
   <trkpt lon="-9.188260" lat="39.418342"><ele>27.0</ele></trkpt>
   <trkpt lon="-9.188187" lat="39.418370"><ele>26.25</ele><sym>stay_right</sym></trkpt>
   <trkpt lon="-9.187217" lat="39.418694"><ele>12.5</ele></trkpt>
   <trkpt lon="-9.187009" lat="39.418807"><ele>11.0</ele></trkpt>
   <trkpt lon="-9.186878" lat="39.418895"><ele>10.5</ele></trkpt>
   <trkpt lon="-9.186777" lat="39.418976"><ele>10.0</ele></trkpt>
   <trkpt lon="-9.186702" lat="39.419065"><ele>9.75</ele></trkpt>
   <trkpt lon="-9.186584" lat="39.419291"><ele>8.75</ele><sym>right</sym></trkpt>
   <trkpt lon="-9.186441" lat="39.419253"><ele>7.25</ele></trkpt>
   <trkpt lon="-9.186349" lat="39.419250"><ele>6.5</ele></trkpt>
   <trkpt lon="-9.186229" lat="39.419255"><ele>6.25</ele></trkpt>
   <trkpt lon="-9.186104" lat="39.419268"><ele>6.0</ele></trkpt>
   <trkpt lon="-9.186015" lat="39.419286"><ele>6.0</ele></trkpt>
   <trkpt lon="-9.185902" lat="39.419326"><ele>6.25</ele></trkpt>
   <trkpt lon="-9.185829" lat="39.419357"><ele>6.5</ele></trkpt>
   <trkpt lon="-9.185776" lat="39.419387"><ele>7.0</ele></trkpt>
   <trkpt lon="-9.185732" lat="39.419420"><ele>7.5</ele></trkpt>
   <trkpt lon="-9.185658" lat="39.419506"><ele>8.0</ele></trkpt>
   <trkpt lon="-9.185621" lat="39.419561"><ele>8.0</ele></trkpt>
   <trkpt lon="-9.185467" lat="39.419855"><ele>9.25</ele></trkpt>
   <trkpt lon="-9.185424" lat="39.419920"><ele>10.0</ele></trkpt>
   <trkpt lon="-9.185370" lat="39.419975"><ele>10.5</ele></trkpt>
   <trkpt lon="-9.185288" lat="39.420014"><ele>11.0</ele></trkpt>
   <trkpt lon="-9.185187" lat="39.420040"><ele>11.75</ele></trkpt>
   <trkpt lon="-9.185072" lat="39.420051"><ele>12.5</ele></trkpt>
   <trkpt lon="-9.184949" lat="39.420048"><ele>13.75</ele></trkpt>
   <trkpt lon="-9.184856" lat="39.420031"><ele>15.25</ele></trkpt>
   <trkpt lon="-9.184790" lat="39.420005"><ele>16.5</ele></trkpt>
   <trkpt lon="-9.184718" lat="39.419954"><ele>17.75</ele></trkpt>
   <trkpt lon="-9.184668" lat="39.419903"><ele>18.5</ele></trkpt>
   <trkpt lon="-9.184617" lat="39.419832"><ele>19.25</ele></trkpt>
   <trkpt lon="-9.184372" lat="39.419366"><ele>24.5</ele></trkpt>
   <trkpt lon="-9.184257" lat="39.419211"><ele>26.75</ele></trkpt>
   <trkpt lon="-9.184200" lat="39.419157"><ele>27.5</ele></trkpt>
   <trkpt lon="-9.184139" lat="39.419118"><ele>28.25</ele></trkpt>
   <trkpt lon="-9.184065" lat="39.419075"><ele>28.75</ele></trkpt>
   <trkpt lon="-9.183930" lat="39.419010"><ele>30.0</ele></trkpt>
   <trkpt lon="-9.183889" lat="39.418990"><ele>30.25</ele></trkpt>
   <trkpt lon="-9.183401" lat="39.418799"><ele>32.25</ele></trkpt>
   <trkpt lon="-9.183318" lat="39.418761"><ele>32.75</ele></trkpt>
   <trkpt lon="-9.183225" lat="39.418708"><ele>33.0</ele></trkpt>
   <trkpt lon="-9.183134" lat="39.418622"><ele>33.0</ele></trkpt>
   <trkpt lon="-9.182357" lat="39.417563"><ele>36.75</ele></trkpt>
   <trkpt lon="-9.182160" lat="39.417314"><ele>36.75</ele></trkpt>
   <trkpt lon="-9.182034" lat="39.417184"><ele>36.75</ele></trkpt>
   <trkpt lon="-9.181306" lat="39.416580"><ele>38.25</ele></trkpt>
   <trkpt lon="-9.181115" lat="39.416415"><ele>38.75</ele></trkpt>
   <trkpt lon="-9.180526" lat="39.415928"><ele>43.5</ele></trkpt>
   <trkpt lon="-9.180414" lat="39.415816"><ele>44.0</ele></trkpt>
   <trkpt lon="-9.180316" lat="39.415686"><ele>44.75</ele></trkpt>
   <trkpt lon="-9.179600" lat="39.414680"><ele>51.75</ele><sym>pass_place</sym><type>Shaping</type></trkpt>
   <trkpt lon="-9.179597" lat="39.414676"><ele>51.75</ele></trkpt>
   <trkpt lon="-9.179479" lat="39.414536"><ele>52.75</ele></trkpt>
   <trkpt lon="-9.179380" lat="39.414458"><ele>53.5</ele></trkpt>
   <trkpt lon="-9.179266" lat="39.414394"><ele>53.75</ele></trkpt>
   <trkpt lon="-9.178214" lat="39.413865"><ele>60.0</ele></trkpt>
   <trkpt lon="-9.177755" lat="39.413639"><ele>64.75</ele></trkpt>
   <trkpt lon="-9.177610" lat="39.413574"><ele>65.5</ele><sym>right_sharp</sym></trkpt>
   <trkpt lon="-9.177643" lat="39.413520"><ele>65.25</ele></trkpt>
   <trkpt lon="-9.178461" lat="39.412922"><ele>66.25</ele></trkpt>
   <trkpt lon="-9.179007" lat="39.412474"><ele>63.75</ele></trkpt>
   <trkpt lon="-9.179073" lat="39.412415"><ele>63.0</ele></trkpt>
   <trkpt lon="-9.179865" lat="39.411764"><ele>53.5</ele></trkpt>
   <trkpt lon="-9.180315" lat="39.411397"><ele>50.0</ele></trkpt>
   <trkpt lon="-9.181325" lat="39.410547"><ele>46.75</ele><sym>left_slight</sym></trkpt>
   <trkpt lon="-9.181317" lat="39.410459"><ele>46.75</ele></trkpt>
   <trkpt lon="-9.181267" lat="39.410179"><ele>47.5</ele></trkpt>
   <trkpt lon="-9.181241" lat="39.410079"><ele>47.75</ele></trkpt>
   <trkpt lon="-9.181206" lat="39.409995"><ele>48.0</ele></trkpt>
   <trkpt lon="-9.181083" lat="39.409810"><ele>48.5</ele></trkpt>
   <trkpt lon="-9.180164" lat="39.408754"><ele>45.0</ele></trkpt>
   <trkpt lon="-9.180020" lat="39.408624"><ele>45.0</ele></trkpt>
   <trkpt lon="-9.179948" lat="39.408576"><ele>44.75</ele></trkpt>
   <trkpt lon="-9.179833" lat="39.408512"><ele>44.5</ele></trkpt>
   <trkpt lon="-9.179273" lat="39.408132"><ele>41.75</ele></trkpt>
   <trkpt lon="-9.179207" lat="39.408076"><ele>41.25</ele></trkpt>
   <trkpt lon="-9.179111" lat="39.407972"><ele>40.0</ele></trkpt>
   <trkpt lon="-9.179032" lat="39.407853"><ele>39.0</ele></trkpt>
   <trkpt lon="-9.178572" lat="39.406787"><ele>36.0</ele></trkpt>
   <trkpt lon="-9.178507" lat="39.406664"><ele>35.5</ele></trkpt>
   <trkpt lon="-9.178451" lat="39.406604"><ele>35.0</ele></trkpt>
   <trkpt lon="-9.178380" lat="39.406546"><ele>34.5</ele></trkpt>
   <trkpt lon="-9.178333" lat="39.406488"><ele>34.25</ele></trkpt>
   <trkpt lon="-9.178283" lat="39.406405"><ele>33.75</ele></trkpt>
   <trkpt lon="-9.178182" lat="39.406151"><ele>31.25</ele></trkpt>
   <trkpt lon="-9.178121" lat="39.406026"><ele>30.0</ele></trkpt>
   <trkpt lon="-9.178058" lat="39.405921"><ele>29.0</ele></trkpt>
   <trkpt lon="-9.177609" lat="39.405283"><ele>25.75</ele></trkpt>
   <trkpt lon="-9.177412" lat="39.404983"><ele>26.0</ele></trkpt>
   <trkpt lon="-9.177361" lat="39.404924"><ele>25.75</ele></trkpt>
   <trkpt lon="-9.177315" lat="39.404876"><ele>25.25</ele></trkpt>
   <trkpt lon="-9.177094" lat="39.404684"><ele>21.0</ele></trkpt>
   <trkpt lon="-9.176998" lat="39.404547"><ele>18.5</ele></trkpt>
   <trkpt lon="-9.176955" lat="39.404498"><ele>17.25</ele></trkpt>
   <trkpt lon="-9.176695" lat="39.404265"><ele>12.75</ele></trkpt>
   <trkpt lon="-9.176642" lat="39.404208"><ele>11.75</ele></trkpt>
   <trkpt lon="-9.176610" lat="39.404151"><ele>11.25</ele></trkpt>
   <trkpt lon="-9.176594" lat="39.404094"><ele>11.0</ele></trkpt>
   <trkpt lon="-9.176556" lat="39.403840"><ele>10.0</ele></trkpt>
   <trkpt lon="-9.176560" lat="39.403678"><ele>9.5</ele></trkpt>
   <trkpt lon="-9.176607" lat="39.403518"><ele>8.25</ele></trkpt>
   <trkpt lon="-9.176728" lat="39.403253"><ele>7.25</ele></trkpt>
   <trkpt lon="-9.177086" lat="39.402047"><ele>3.5</ele></trkpt>
   <trkpt lon="-9.177126" lat="39.401930"><ele>3.25</ele></trkpt>
   <trkpt lon="-9.177336" lat="39.401433"><ele>1.75</ele></trkpt>
   <trkpt lon="-9.177338" lat="39.401428"><ele>1.5</ele><sym>pass_place</sym><type>Shaping</type></trkpt>
   <trkpt lon="-9.177383" lat="39.401335"><ele>1.75</ele></trkpt>
   <trkpt lon="-9.177470" lat="39.401145"><ele>1.0</ele></trkpt>
   <trkpt lon="-9.177507" lat="39.401010"><ele>1.0</ele></trkpt>
   <trkpt lon="-9.177513" lat="39.400876"><ele>1.0</ele></trkpt>
   <trkpt lon="-9.177497" lat="39.400786"><ele>1.5</ele></trkpt>
   <trkpt lon="-9.177468" lat="39.400696"><ele>2.5</ele></trkpt>
   <trkpt lon="-9.177298" lat="39.400291"><ele>7.75</ele></trkpt>
   <trkpt lon="-9.177072" lat="39.399706"><ele>12.0</ele></trkpt>
   <trkpt lon="-9.176976" lat="39.399443"><ele>12.0</ele></trkpt>
   <trkpt lon="-9.176936" lat="39.399353"><ele>11.75</ele></trkpt>
   <trkpt lon="-9.176842" lat="39.399188"><ele>11.5</ele></trkpt>
   <trkpt lon="-9.176278" lat="39.398524"><ele>14.25</ele></trkpt>
   <trkpt lon="-9.176001" lat="39.398104"><ele>18.0</ele></trkpt>
   <trkpt lon="-9.175943" lat="39.398043"><ele>18.5</ele></trkpt>
   <trkpt lon="-9.175788" lat="39.397916"><ele>19.5</ele></trkpt>
   <trkpt lon="-9.175333" lat="39.397597"><ele>19.25</ele></trkpt>
   <trkpt lon="-9.174970" lat="39.397281"><ele>19.75</ele></trkpt>
   <trkpt lon="-9.174316" lat="39.396656"><ele>21.25</ele></trkpt>
   <trkpt lon="-9.174114" lat="39.396447"><ele>23.0</ele></trkpt>
   <trkpt lon="-9.173409" lat="39.395886"><ele>24.75</ele></trkpt>
   <trkpt lon="-9.173333" lat="39.395794"><ele>25.25</ele></trkpt>
   <trkpt lon="-9.172980" lat="39.395219"><ele>27.75</ele></trkpt>
   <trkpt lon="-9.172870" lat="39.395001"><ele>28.25</ele></trkpt>
   <trkpt lon="-9.172814" lat="39.394842"><ele>29.0</ele></trkpt>
   <trkpt lon="-9.172778" lat="39.394626"><ele>30.5</ele></trkpt>
   <trkpt lon="-9.172775" lat="39.394464"><ele>31.75</ele></trkpt>
   <trkpt lon="-9.172786" lat="39.394400"><ele>32.0</ele></trkpt>
   <trkpt lon="-9.172807" lat="39.394341"><ele>32.25</ele></trkpt>
   <trkpt lon="-9.172836" lat="39.394296"><ele>32.5</ele></trkpt>
   <trkpt lon="-9.172884" lat="39.394247"><ele>32.5</ele></trkpt>
   <trkpt lon="-9.173079" lat="39.394109"><ele>32.5</ele></trkpt>
   <trkpt lon="-9.173134" lat="39.394064"><ele>32.25</ele></trkpt>
   <trkpt lon="-9.173178" lat="39.394012"><ele>31.75</ele></trkpt>
   <trkpt lon="-9.173233" lat="39.393898"><ele>31.0</ele></trkpt>
   <trkpt lon="-9.173235" lat="39.393840"><ele>30.5</ele></trkpt>
   <trkpt lon="-9.173226" lat="39.393794"><ele>30.0</ele></trkpt>
   <trkpt lon="-9.173183" lat="39.393685"><ele>29.0</ele></trkpt>
   <trkpt lon="-9.173134" lat="39.393603"><ele>28.5</ele></trkpt>
   <trkpt lon="-9.172682" lat="39.392887"><ele>31.75</ele></trkpt>
   <trkpt lon="-9.172640" lat="39.392839"><ele>32.25</ele></trkpt>
   <trkpt lon="-9.172594" lat="39.392804"><ele>32.75</ele></trkpt>
   <trkpt lon="-9.172534" lat="39.392776"><ele>33.5</ele></trkpt>
   <trkpt lon="-9.172463" lat="39.392759"><ele>34.25</ele></trkpt>
   <trkpt lon="-9.172382" lat="39.392754"><ele>34.75</ele></trkpt>
   <trkpt lon="-9.172262" lat="39.392762"><ele>35.75</ele></trkpt>
   <trkpt lon="-9.171831" lat="39.392815"><ele>37.25</ele></trkpt>
   <trkpt lon="-9.171721" lat="39.392817"><ele>37.75</ele></trkpt>
   <trkpt lon="-9.171626" lat="39.392812"><ele>38.0</ele></trkpt>
   <trkpt lon="-9.171529" lat="39.392799"><ele>38.25</ele></trkpt>
   <trkpt lon="-9.171316" lat="39.392758"><ele>39.25</ele></trkpt>
   <trkpt lon="-9.171070" lat="39.392684"><ele>40.25</ele></trkpt>
   <trkpt lon="-9.170927" lat="39.392625"><ele>41.0</ele></trkpt>
   <trkpt lon="-9.170800" lat="39.392564"><ele>41.5</ele></trkpt>
   <trkpt lon="-9.170641" lat="39.392475"><ele>42.0</ele></trkpt>
   <trkpt lon="-9.170587" lat="39.392436"><ele>42.5</ele></trkpt>
   <trkpt lon="-9.170523" lat="39.392375"><ele>43.25</ele></trkpt>
   <trkpt lon="-9.170475" lat="39.392313"><ele>44.25</ele></trkpt>
   <trkpt lon="-9.170389" lat="39.392178"><ele>45.75</ele></trkpt>
   <trkpt lon="-9.170336" lat="39.392051"><ele>47.0</ele></trkpt>
   <trkpt lon="-9.170309" lat="39.391961"><ele>47.75</ele></trkpt>
   <trkpt lon="-9.170289" lat="39.391860"><ele>47.5</ele></trkpt>
   <trkpt lon="-9.170275" lat="39.391743"><ele>47.0</ele></trkpt>
   <trkpt lon="-9.170275" lat="39.391483"><ele>44.75</ele></trkpt>
   <trkpt lon="-9.170274" lat="39.390892"><ele>42.75</ele></trkpt>
   <trkpt lon="-9.170246" lat="39.390746"><ele>43.0</ele></trkpt>
   <trkpt lon="-9.170224" lat="39.390676"><ele>43.0</ele></trkpt>
   <trkpt lon="-9.170148" lat="39.390536"><ele>43.0</ele></trkpt>
   <trkpt lon="-9.169787" lat="39.390050"><ele>42.0</ele></trkpt>
   <trkpt lon="-9.169739" lat="39.389952"><ele>42.0</ele></trkpt>
   <trkpt lon="-9.169701" lat="39.389795"><ele>42.0</ele></trkpt>
   <trkpt lon="-9.169713" lat="39.389673"><ele>41.75</ele></trkpt>
   <trkpt lon="-9.169737" lat="39.389585"><ele>41.5</ele></trkpt>
   <trkpt lon="-9.169997" lat="39.389004"><ele>41.5</ele></trkpt>
   <trkpt lon="-9.170035" lat="39.388905"><ele>42.0</ele></trkpt>
   <trkpt lon="-9.170065" lat="39.388744"><ele>41.75</ele></trkpt>
   <trkpt lon="-9.170098" lat="39.388288"><ele>41.0</ele></trkpt>
   <trkpt lon="-9.170107" lat="39.388093"><ele>39.0</ele><sym>pass_place</sym><type>Shaping</type></trkpt>
   <trkpt lon="-9.170045" lat="39.387608"><ele>32.75</ele></trkpt>
   <trkpt lon="-9.170048" lat="39.387512"><ele>31.5</ele></trkpt>
   <trkpt lon="-9.170071" lat="39.387302"><ele>30.75</ele></trkpt>
   <trkpt lon="-9.170155" lat="39.386797"><ele>31.5</ele></trkpt>
   <trkpt lon="-9.170134" lat="39.386567"><ele>31.0</ele></trkpt>
   <trkpt lon="-9.170116" lat="39.386453"><ele>30.5</ele></trkpt>
   <trkpt lon="-9.170125" lat="39.386406"><ele>30.5</ele><sym>right</sym></trkpt>
   <trkpt lon="-9.170374" lat="39.386359"><ele>31.0</ele></trkpt>
   <trkpt lon="-9.170458" lat="39.386340"><ele>31.0</ele></trkpt>
   <trkpt lon="-9.170588" lat="39.386335"><ele>31.75</ele></trkpt>
   <trkpt lon="-9.172234" lat="39.386265"><ele>40.0</ele></trkpt>
   <trkpt lon="-9.172456" lat="39.386243"><ele>42.0</ele></trkpt>
   <trkpt lon="-9.172543" lat="39.386224"><ele>42.75</ele></trkpt>
   <trkpt lon="-9.172623" lat="39.386196"><ele>43.25</ele></trkpt>
   <trkpt lon="-9.172691" lat="39.386165"><ele>44.0</ele></trkpt>
   <trkpt lon="-9.172762" lat="39.386122"><ele>44.75</ele></trkpt>
   <trkpt lon="-9.172821" lat="39.386077"><ele>45.25</ele></trkpt>
   <trkpt lon="-9.172881" lat="39.386023"><ele>45.5</ele></trkpt>
   <trkpt lon="-9.172933" lat="39.385959"><ele>45.75</ele></trkpt>
   <trkpt lon="-9.172989" lat="39.385883"><ele>45.75</ele></trkpt>
   <trkpt lon="-9.173228" lat="39.385392"><ele>44.25</ele></trkpt>
   <trkpt lon="-9.173307" lat="39.385271"><ele>43.75</ele></trkpt>
   <trkpt lon="-9.173408" lat="39.385159"><ele>43.25</ele></trkpt>
   <trkpt lon="-9.173473" lat="39.385101"><ele>43.0</ele></trkpt>
   <trkpt lon="-9.173548" lat="39.385048"><ele>42.5</ele></trkpt>
   <trkpt lon="-9.173717" lat="39.384968"><ele>41.0</ele></trkpt>
   <trkpt lon="-9.173796" lat="39.384944"><ele>40.25</ele></trkpt>
   <trkpt lon="-9.173998" lat="39.384914"><ele>38.75</ele></trkpt>
   <trkpt lon="-9.176504" lat="39.384697"><ele>33.5</ele></trkpt>
   <trkpt lon="-9.176666" lat="39.384678"><ele>33.0</ele></trkpt>
   <trkpt lon="-9.176773" lat="39.384659"><ele>33.0</ele></trkpt>
   <trkpt lon="-9.176930" lat="39.384616"><ele>33.25</ele></trkpt>
   <trkpt lon="-9.177114" lat="39.384534"><ele>33.0</ele></trkpt>
   <trkpt lon="-9.177625" lat="39.384245"><ele>30.5</ele></trkpt>
   <trkpt lon="-9.177692" lat="39.384220"><ele>30.25</ele></trkpt>
   <trkpt lon="-9.177863" lat="39.384184"><ele>29.5</ele></trkpt>
   <trkpt lon="-9.178171" lat="39.384152"><ele>28.75</ele></trkpt>
   <trkpt lon="-9.179062" lat="39.384066"><ele>28.5</ele></trkpt>
   <trkpt lon="-9.179432" lat="39.384034"><ele>28.5</ele></trkpt>
   <trkpt lon="-9.179802" lat="39.384002"><ele>28.0</ele></trkpt>
   <trkpt lon="-9.179885" lat="39.383995"><ele>28.0</ele></trkpt>
   <trkpt lon="-9.180387" lat="39.383948"><ele>28.5</ele></trkpt>
   <trkpt lon="-9.180451" lat="39.383941"><ele>28.25</ele></trkpt>
   <trkpt lon="-9.180652" lat="39.383912"><ele>27.75</ele></trkpt>
   <trkpt lon="-9.180688" lat="39.383904"><ele>27.5</ele></trkpt>
   <trkpt lon="-9.180921" lat="39.383843"><ele>26.5</ele></trkpt>
   <trkpt lon="-9.181109" lat="39.383783"><ele>26.0</ele></trkpt>
   <trkpt lon="-9.181982" lat="39.383491"><ele>26.25</ele></trkpt>
   <trkpt lon="-9.182427" lat="39.383345"><ele>26.25</ele></trkpt>
   <trkpt lon="-9.182798" lat="39.383216"><ele>27.0</ele></trkpt>
   <trkpt lon="-9.183174" lat="39.383082"><ele>28.75</ele></trkpt>
   <trkpt lon="-9.183264" lat="39.383054"><ele>29.5</ele><sym>roundabout_e1</sym></trkpt>
   <trkpt lon="-9.183288" lat="39.383067"><ele>29.5</ele></trkpt>
   <trkpt lon="-9.183345" lat="39.383076"><ele>30.0</ele></trkpt>
   <trkpt lon="-9.183399" lat="39.383061"><ele>30.5</ele></trkpt>
   <trkpt lon="-9.183454" lat="39.383119"><ele>31.25</ele></trkpt>
   <trkpt lon="-9.184227" lat="39.383955"><ele>34.25</ele></trkpt>
   <trkpt lon="-9.184484" lat="39.384210"><ele>35.25</ele></trkpt>
   <trkpt lon="-9.184857" lat="39.384609"><ele>38.0</ele></trkpt>
   <trkpt lon="-9.185005" lat="39.384806"><ele>39.0</ele></trkpt>
   <trkpt lon="-9.185078" lat="39.384925"><ele>39.25</ele></trkpt>
   <trkpt lon="-9.185132" lat="39.385028"><ele>39.5</ele></trkpt>
   <trkpt lon="-9.185151" lat="39.385093"><ele>39.5</ele></trkpt>
   <trkpt lon="-9.185182" lat="39.385223"><ele>39.75</ele></trkpt>
   <trkpt lon="-9.185246" lat="39.385578"><ele>38.75</ele></trkpt>
   <trkpt lon="-9.185297" lat="39.385791"><ele>37.0</ele></trkpt>
   <trkpt lon="-9.185370" lat="39.386058"><ele>35.0</ele></trkpt>
   <trkpt lon="-9.185371" lat="39.386059"><ele>34.25</ele><sym>pass_place</sym><type>Shaping</type></trkpt>
   <trkpt lon="-9.185410" lat="39.386186"><ele>34.25</ele></trkpt>
   <trkpt lon="-9.185472" lat="39.386352"><ele>33.25</ele></trkpt>
   <trkpt lon="-9.185567" lat="39.386609"><ele>32.0</ele></trkpt>
   <trkpt lon="-9.185588" lat="39.386664"><ele>31.75</ele></trkpt>
   <trkpt lon="-9.185671" lat="39.386881"><ele>30.5</ele></trkpt>
   <trkpt lon="-9.185753" lat="39.387093"><ele>30.5</ele></trkpt>
   <trkpt lon="-9.185878" lat="39.387418"><ele>30.25</ele></trkpt>
   <trkpt lon="-9.185950" lat="39.387607"><ele>29.5</ele></trkpt>
   <trkpt lon="-9.186133" lat="39.388078"><ele>28.75</ele></trkpt>
   <trkpt lon="-9.186195" lat="39.388237"><ele>28.25</ele></trkpt>
   <trkpt lon="-9.186199" lat="39.388246"><ele>28.0</ele></trkpt>
   <trkpt lon="-9.186559" lat="39.389149"><ele>23.0</ele></trkpt>
   <trkpt lon="-9.186694" lat="39.389511"><ele>23.0</ele></trkpt>
   <trkpt lon="-9.186801" lat="39.389765"><ele>24.0</ele></trkpt>
   <trkpt lon="-9.186843" lat="39.389845"><ele>24.5</ele></trkpt>
   <trkpt lon="-9.186887" lat="39.389909"><ele>24.75</ele></trkpt>
   <trkpt lon="-9.186944" lat="39.389985"><ele>24.75</ele></trkpt>
   <trkpt lon="-9.187107" lat="39.390134"><ele>25.25</ele></trkpt>
   <trkpt lon="-9.187179" lat="39.390187"><ele>25.0</ele></trkpt>
   <trkpt lon="-9.188501" lat="39.391067"><ele>19.0</ele></trkpt>
   <trkpt lon="-9.190744" lat="39.392544"><ele>9.0</ele></trkpt>
   <trkpt lon="-9.190839" lat="39.392601"><ele>8.5</ele></trkpt>
   <trkpt lon="-9.190929" lat="39.392646"><ele>7.5</ele></trkpt>
   <trkpt lon="-9.191017" lat="39.392676"><ele>6.75</ele></trkpt>
   <trkpt lon="-9.191107" lat="39.392695"><ele>6.0</ele></trkpt>
   <trkpt lon="-9.191284" lat="39.392702"><ele>5.5</ele></trkpt>
   <trkpt lon="-9.191384" lat="39.392692"><ele>5.75</ele></trkpt>
   <trkpt lon="-9.191572" lat="39.392653"><ele>6.0</ele></trkpt>
   <trkpt lon="-9.191641" lat="39.392628"><ele>6.25</ele></trkpt>
   <trkpt lon="-9.191722" lat="39.392574"><ele>6.25</ele></trkpt>
   <trkpt lon="-9.191750" lat="39.392547"><ele>6.25</ele></trkpt>
   <trkpt lon="-9.191793" lat="39.392452"><ele>6.75</ele></trkpt>
   <trkpt lon="-9.191813" lat="39.392373"><ele>7.5</ele></trkpt>
   <trkpt lon="-9.191874" lat="39.392030"><ele>8.5</ele></trkpt>
   <trkpt lon="-9.191903" lat="39.391930"><ele>8.0</ele></trkpt>
   <trkpt lon="-9.192083" lat="39.391454"><ele>3.5</ele></trkpt>
   <trkpt lon="-9.192103" lat="39.391377"><ele>3.25</ele></trkpt>
   <trkpt lon="-9.192111" lat="39.391304"><ele>3.0</ele></trkpt>
   <trkpt lon="-9.192104" lat="39.391231"><ele>2.75</ele></trkpt>
   <trkpt lon="-9.192082" lat="39.391150"><ele>3.0</ele></trkpt>
   <trkpt lon="-9.191775" lat="39.390570"><ele>6.5</ele></trkpt>
   <trkpt lon="-9.191746" lat="39.390501"><ele>7.25</ele></trkpt>
   <trkpt lon="-9.191733" lat="39.390441"><ele>7.5</ele></trkpt>
   <trkpt lon="-9.191726" lat="39.390301"><ele>7.75</ele></trkpt>
   <trkpt lon="-9.191813" lat="39.389066"><ele>4.5</ele></trkpt>
   <trkpt lon="-9.191846" lat="39.388913"><ele>4.5</ele></trkpt>
   <trkpt lon="-9.191874" lat="39.388852"><ele>4.75</ele></trkpt>
   <trkpt lon="-9.191900" lat="39.388799"><ele>4.75</ele></trkpt>
   <trkpt lon="-9.191979" lat="39.388706"><ele>5.0</ele></trkpt>
   <trkpt lon="-9.192038" lat="39.388654"><ele>4.75</ele></trkpt>
   <trkpt lon="-9.192124" lat="39.388594"><ele>4.0</ele></trkpt>
   <trkpt lon="-9.192205" lat="39.388547"><ele>3.25</ele></trkpt>
   <trkpt lon="-9.193539" lat="39.387766"><ele>1.0</ele></trkpt>
   <trkpt lon="-9.193787" lat="39.387654"><ele>1.0</ele></trkpt>
   <trkpt lon="-9.193889" lat="39.387617"><ele>1.0</ele></trkpt>
   <trkpt lon="-9.194163" lat="39.387536"><ele>1.25</ele></trkpt>
   <trkpt lon="-9.196189" lat="39.386874"><ele>2.0</ele><sym>pass_place</sym><type>Shaping</type></trkpt>
   <trkpt lon="-9.196688" lat="39.386721"><ele>2.25</ele></trkpt>
   <trkpt lon="-9.196825" lat="39.386686"><ele>2.25</ele></trkpt>
   <trkpt lon="-9.196961" lat="39.386660"><ele>2.5</ele></trkpt>
   <trkpt lon="-9.197063" lat="39.386646"><ele>2.5</ele></trkpt>
   <trkpt lon="-9.197136" lat="39.386648"><ele>2.5</ele><sym>right_slight</sym></trkpt>
   <trkpt lon="-9.197196" lat="39.386658"><ele>2.5</ele></trkpt>
   <trkpt lon="-9.197260" lat="39.386677"><ele>2.5</ele></trkpt>
   <trkpt lon="-9.197406" lat="39.386748"><ele>2.75</ele></trkpt>
   <trkpt lon="-9.198339" lat="39.387295"><ele>3.25</ele></trkpt>
   <trkpt lon="-9.199993" lat="39.388200"><ele>3.25</ele></trkpt>
   <trkpt lon="-9.200128" lat="39.388262"><ele>2.75</ele></trkpt>
   <trkpt lon="-9.200203" lat="39.388294"><ele>2.5</ele></trkpt>
   <trkpt lon="-9.200482" lat="39.388415"><ele>2.5</ele></trkpt>
   <trkpt lon="-9.200563" lat="39.388452"><ele>2.5</ele><sym>left</sym></trkpt>
   <trkpt lon="-9.200673" lat="39.388301"><ele>2.25</ele></trkpt>
   <trkpt lon="-9.200778" lat="39.388176"><ele>2.25</ele></trkpt>
   <trkpt lon="-9.200894" lat="39.388059"><ele>2.0</ele></trkpt>
   <trkpt lon="-9.201307" lat="39.387692"><ele>1.75</ele></trkpt>
   <trkpt lon="-9.202246" lat="39.386892"><ele>1.25</ele></trkpt>
   <trkpt lon="-9.202412" lat="39.386736"><ele>1.0</ele></trkpt>
   <trkpt lon="-9.202657" lat="39.386423"><ele>1.0</ele></trkpt>
   <trkpt lon="-9.202775" lat="39.386320"><ele>1.0</ele></trkpt>
   <trkpt lon="-9.203553" lat="39.385814"><ele>1.0</ele></trkpt>
   <trkpt lon="-9.203989" lat="39.385477"><ele>1.0</ele></trkpt>
   <trkpt lon="-9.204405" lat="39.385067"><ele>1.0</ele></trkpt>
   <trkpt lon="-9.204762" lat="39.384607"><ele>1.0</ele></trkpt>
   <trkpt lon="-9.205003" lat="39.384233"><ele>1.0</ele></trkpt>
   <trkpt lon="-9.205261" lat="39.383730"><ele>1.0</ele></trkpt>
   <trkpt lon="-9.205620" lat="39.382828"><ele>1.0</ele></trkpt>
   <trkpt lon="-9.205765" lat="39.382426"><ele>1.0</ele></trkpt>
   <trkpt lon="-9.205840" lat="39.382086"><ele>1.0</ele></trkpt>
   <trkpt lon="-9.205993" lat="39.380821"><ele>2.0</ele></trkpt>
   <trkpt lon="-9.206009" lat="39.380628"><ele>2.25</ele></trkpt>
   <trkpt lon="-9.205913" lat="39.379932"><ele>2.75</ele></trkpt>
   <trkpt lon="-9.205897" lat="39.379747"><ele>2.75</ele></trkpt>
   <trkpt lon="-9.206092" lat="39.378717"><ele>2.25</ele></trkpt>
   <trkpt lon="-9.206133" lat="39.378248"><ele>2.25</ele></trkpt>
   <trkpt lon="-9.206069" lat="39.376670"><ele>2.0</ele><sym>pass_place</sym><type>Shaping</type></trkpt>
   <trkpt lon="-9.206068" lat="39.376666"><ele>2.0</ele></trkpt>
   <trkpt lon="-9.206017" lat="39.375851"><ele>1.0</ele></trkpt>
   <trkpt lon="-9.205967" lat="39.375613"><ele>1.0</ele></trkpt>
   <trkpt lon="-9.205810" lat="39.374870"><ele>1.25</ele></trkpt>
   <trkpt lon="-9.205783" lat="39.374793"><ele>1.25</ele></trkpt>
   <trkpt lon="-9.205593" lat="39.374267"><ele>1.75</ele></trkpt>
   <trkpt lon="-9.205601" lat="39.374110"><ele>1.75</ele></trkpt>
   <trkpt lon="-9.205671" lat="39.373990"><ele>1.75</ele><sym>right_slight</sym></trkpt>
   <trkpt lon="-9.205784" lat="39.373944"><ele>1.5</ele></trkpt>
   <trkpt lon="-9.206028" lat="39.373913"><ele>1.5</ele></trkpt>
   <trkpt lon="-9.206380" lat="39.373889"><ele>1.25</ele></trkpt>
   <trkpt lon="-9.207015" lat="39.373865"><ele>1.0</ele></trkpt>
   <trkpt lon="-9.207409" lat="39.373863"><ele>1.0</ele></trkpt>
   <trkpt lon="-9.207804" lat="39.373884"><ele>1.0</ele></trkpt>
   <trkpt lon="-9.207914" lat="39.373833"><ele>1.0</ele></trkpt>
   <trkpt lon="-9.207975" lat="39.373687"><ele>1.0</ele></trkpt>
   <trkpt lon="-9.208021" lat="39.373137"><ele>1.0</ele></trkpt>
   <trkpt lon="-9.208106" lat="39.372734"><ele>1.75</ele></trkpt>
   <trkpt lon="-9.208168" lat="39.372527"><ele>1.75</ele></trkpt>
   <trkpt lon="-9.208367" lat="39.372267"><ele>5.75</ele></trkpt>
   <trkpt lon="-9.208635" lat="39.372050"><ele>8.5</ele></trkpt>
   <trkpt lon="-9.208775" lat="39.371859"><ele>10.75</ele></trkpt>
   <trkpt lon="-9.208818" lat="39.371610"><ele>14.0</ele></trkpt>
   <trkpt lon="-9.208786" lat="39.371276"><ele>19.5</ele></trkpt>
   <trkpt lon="-9.208686" lat="39.370790"><ele>26.5</ele></trkpt>
   <trkpt lon="-9.208737" lat="39.370550"><ele>29.5</ele></trkpt>
   <trkpt lon="-9.209008" lat="39.370173"><ele>32.0</ele></trkpt>
   <trkpt lon="-9.209330" lat="39.369878"><ele>34.25</ele></trkpt>
   <trkpt lon="-9.209515" lat="39.369756"><ele>35.75</ele></trkpt>
   <trkpt lon="-9.209713" lat="39.369704"><ele>37.0</ele></trkpt>
   <trkpt lon="-9.209899" lat="39.369733"><ele>37.25</ele></trkpt>
   <trkpt lon="-9.210253" lat="39.369858"><ele>37.25</ele></trkpt>
   <trkpt lon="-9.210456" lat="39.369880"><ele>37.5</ele></trkpt>
   <trkpt lon="-9.210671" lat="39.369834"><ele>38.5</ele></trkpt>
   <trkpt lon="-9.211024" lat="39.369716"><ele>41.25</ele></trkpt>
   <trkpt lon="-9.211181" lat="39.369663"><ele>42.5</ele></trkpt>
   <trkpt lon="-9.211480" lat="39.369535"><ele>44.75</ele></trkpt>
   <trkpt lon="-9.211536" lat="39.369512"><ele>44.75</ele></trkpt>
   <trkpt lon="-9.212173" lat="39.369240"><ele>46.0</ele></trkpt>
   <trkpt lon="-9.213019" lat="39.368946"><ele>49.5</ele></trkpt>
   <trkpt lon="-9.213142" lat="39.368904"><ele>50.0</ele></trkpt>
   <trkpt lon="-9.213356" lat="39.368845"><ele>51.0</ele></trkpt>
   <trkpt lon="-9.213881" lat="39.368767"><ele>52.5</ele></trkpt>
   <trkpt lon="-9.214365" lat="39.368705"><ele>52.5</ele></trkpt>
   <trkpt lon="-9.214804" lat="39.368649"><ele>52.25</ele></trkpt>
   <trkpt lon="-9.215711" lat="39.368511"><ele>49.75</ele></trkpt>
   <trkpt lon="-9.216486" lat="39.368323"><ele>48.25</ele></trkpt>
   <trkpt lon="-9.217009" lat="39.368239"><ele>46.75</ele><sym>left_slight</sym></trkpt>
   <trkpt lon="-9.217115" lat="39.367913"><ele>46.25</ele></trkpt>
   <trkpt lon="-9.217220" lat="39.367704"><ele>45.75</ele></trkpt>
   <trkpt lon="-9.217295" lat="39.367493"><ele>46.0</ele></trkpt>
   <trkpt lon="-9.217293" lat="39.367471"><ele>46.0</ele><sym>right</sym></trkpt>
   <trkpt lon="-9.217397" lat="39.367437"><ele>46.25</ele></trkpt>
   <trkpt lon="-9.217649" lat="39.367353"><ele>47.5</ele><sym>left</sym></trkpt>
   <trkpt lon="-9.217648" lat="39.367351"><ele>46.75</ele><sym>pass_place</sym><type>Shaping</type></trkpt>
   <trkpt lon="-9.217600" lat="39.367284"><ele>46.75</ele><sym>right_slight</sym></trkpt>
   <trkpt lon="-9.217700" lat="39.367123"><ele>46.75</ele></trkpt>
   <trkpt lon="-9.217800" lat="39.366964"><ele>46.0</ele><sym>left</sym></trkpt>
   <trkpt lon="-9.217278" lat="39.366771"><ele>44.0</ele></trkpt>
   <trkpt lon="-9.217065" lat="39.366691"><ele>43.25</ele></trkpt>
   <trkpt lon="-9.216784" lat="39.366565"><ele>41.5</ele></trkpt>
   <trkpt lon="-9.216611" lat="39.366504"><ele>40.75</ele><sym>right_slight</sym></trkpt>
   <trkpt lon="-9.216210" lat="39.366235"><ele>38.75</ele></trkpt>
   <trkpt lon="-9.215609" lat="39.365762"><ele>32.0</ele></trkpt>
   <trkpt lon="-9.215245" lat="39.365486"><ele>27.25</ele></trkpt>
   <trkpt lon="-9.215002" lat="39.365396"><ele>26.75</ele></trkpt>
   <trkpt lon="-9.214976" lat="39.365385"><ele>26.75</ele></trkpt>
   <trkpt lon="-9.214886" lat="39.365367"><ele>26.5</ele></trkpt>
   <trkpt lon="-9.214579" lat="39.365306"><ele>27.25</ele></trkpt>
   <trkpt lon="-9.214198" lat="39.365322"><ele>28.25</ele></trkpt>
   <trkpt lon="-9.213999" lat="39.365318"><ele>29.0</ele><sym>right_sharp</sym></trkpt>
   <trkpt lon="-9.214616" lat="39.364939"><ele>31.25</ele></trkpt>
   <trkpt lon="-9.214697" lat="39.364833"><ele>32.5</ele></trkpt>
   <trkpt lon="-9.214704" lat="39.364703"><ele>34.25</ele></trkpt>
   <trkpt lon="-9.214681" lat="39.364578"><ele>36.5</ele></trkpt>
   <trkpt lon="-9.214648" lat="39.364404"><ele>39.25</ele></trkpt>
   <trkpt lon="-9.214641" lat="39.364310"><ele>40.25</ele></trkpt>
   <trkpt lon="-9.214618" lat="39.363979"><ele>43.75</ele></trkpt>
   <trkpt lon="-9.214641" lat="39.363744"><ele>46.0</ele></trkpt>
   <trkpt lon="-9.214692" lat="39.363603"><ele>47.75</ele></trkpt>
   <trkpt lon="-9.214836" lat="39.363439"><ele>48.5</ele></trkpt>
   <trkpt lon="-9.214997" lat="39.363282"><ele>49.25</ele></trkpt>
   <trkpt lon="-9.215066" lat="39.363224"><ele>49.5</ele></trkpt>
   <trkpt lon="-9.215105" lat="39.363172"><ele>49.75</ele><sym>straight</sym></trkpt>
   <trkpt lon="-9.215134" lat="39.363127"><ele>50.0</ele></trkpt>
   <trkpt lon="-9.215206" lat="39.363000"><ele>50.5</ele><sym>left_slight</sym></trkpt>
   <trkpt lon="-9.215121" lat="39.362707"><ele>53.5</ele></trkpt>
   <trkpt lon="-9.215070" lat="39.362485"><ele>55.25</ele></trkpt>
   <trkpt lon="-9.215064" lat="39.362326"><ele>56.0</ele></trkpt>
   <trkpt lon="-9.215070" lat="39.362191"><ele>56.5</ele></trkpt>
   <trkpt lon="-9.215104" lat="39.362071"><ele>56.25</ele></trkpt>
   <trkpt lon="-9.215153" lat="39.361986"><ele>56.25</ele></trkpt>
   <trkpt lon="-9.215708" lat="39.361309"><ele>55.0</ele></trkpt>
   <trkpt lon="-9.215777" lat="39.361206"><ele>55.5</ele></trkpt>
   <trkpt lon="-9.215842" lat="39.361048"><ele>56.0</ele></trkpt>
   <trkpt lon="-9.215915" lat="39.360740"><ele>58.25</ele></trkpt>
   <trkpt lon="-9.215990" lat="39.360422"><ele>61.0</ele></trkpt>
   <trkpt lon="-9.216016" lat="39.360358"><ele>61.5</ele></trkpt>
   <trkpt lon="-9.216153" lat="39.360130"><ele>63.0</ele></trkpt>
   <trkpt lon="-9.216362" lat="39.359684"><ele>61.5</ele></trkpt>
   <trkpt lon="-9.216403" lat="39.359573"><ele>60.75</ele></trkpt>
   <trkpt lon="-9.216438" lat="39.359478"><ele>60.25</ele></trkpt>
   <trkpt lon="-9.216585" lat="39.359265"><ele>60.0</ele></trkpt>
   <trkpt lon="-9.216700" lat="39.359151"><ele>59.75</ele></trkpt>
   <trkpt lon="-9.216958" lat="39.358999"><ele>59.25</ele></trkpt>
   <trkpt lon="-9.217137" lat="39.358907"><ele>59.5</ele></trkpt>
   <trkpt lon="-9.217325" lat="39.358784"><ele>59.75</ele></trkpt>
   <trkpt lon="-9.217407" lat="39.358710"><ele>60.0</ele></trkpt>
   <trkpt lon="-9.217535" lat="39.358576"><ele>61.0</ele></trkpt>
   <trkpt lon="-9.217628" lat="39.358430"><ele>61.25</ele></trkpt>
   <trkpt lon="-9.217701" lat="39.358278"><ele>61.75</ele></trkpt>
   <trkpt lon="-9.217760" lat="39.358133"><ele>62.0</ele></trkpt>
   <trkpt lon="-9.217832" lat="39.358038"><ele>62.5</ele></trkpt>
   <trkpt lon="-9.218036" lat="39.357843"><ele>64.5</ele></trkpt>
   <trkpt lon="-9.218167" lat="39.357708"><ele>65.25</ele></trkpt>
   <trkpt lon="-9.218613" lat="39.357212"><ele>63.0</ele></trkpt>
   <trkpt lon="-9.218774" lat="39.357004"><ele>65.25</ele></trkpt>
   <trkpt lon="-9.218903" lat="39.356795"><ele>67.75</ele></trkpt>
   <trkpt lon="-9.218996" lat="39.356667"><ele>69.5</ele></trkpt>
   <trkpt lon="-9.219114" lat="39.356451"><ele>72.25</ele></trkpt>
   <trkpt lon="-9.219216" lat="39.356233"><ele>74.5</ele></trkpt>
   <trkpt lon="-9.219318" lat="39.356046"><ele>76.25</ele></trkpt>
   <trkpt lon="-9.219399" lat="39.355785"><ele>78.0</ele></trkpt>
   <trkpt lon="-9.219485" lat="39.355546"><ele>80.0</ele></trkpt>
   <trkpt lon="-9.219565" lat="39.355396"><ele>81.0</ele></trkpt>
   <trkpt lon="-9.219632" lat="39.355289"><ele>81.75</ele></trkpt>
   <trkpt lon="-9.219659" lat="39.355208"><ele>82.25</ele></trkpt>
   <trkpt lon="-9.219691" lat="39.354783"><ele>83.5</ele><sym>pass_place</sym><type>Shaping</type></trkpt>
   <trkpt lon="-9.219787" lat="39.354427"><ele>84.25</ele></trkpt>
   <trkpt lon="-9.219884" lat="39.354204"><ele>84.5</ele></trkpt>
   <trkpt lon="-9.219930" lat="39.353966"><ele>85.25</ele></trkpt>
   <trkpt lon="-9.219943" lat="39.353748"><ele>85.5</ele></trkpt>
   <trkpt lon="-9.219943" lat="39.353592"><ele>85.75</ele></trkpt>
   <trkpt lon="-9.220010" lat="39.353362"><ele>86.0</ele></trkpt>
   <trkpt lon="-9.220126" lat="39.353188"><ele>85.0</ele></trkpt>
   <trkpt lon="-9.220222" lat="39.353103"><ele>84.5</ele></trkpt>
   <trkpt lon="-9.220378" lat="39.353001"><ele>83.5</ele></trkpt>
   <trkpt lon="-9.220654" lat="39.352846"><ele>83.75</ele></trkpt>
   <trkpt lon="-9.221121" lat="39.352566"><ele>86.75</ele></trkpt>
   <trkpt lon="-9.221242" lat="39.352457"><ele>86.5</ele></trkpt>
   <trkpt lon="-9.221260" lat="39.352441"><ele>86.25</ele></trkpt>
   <trkpt lon="-9.221362" lat="39.352282"><ele>84.5</ele></trkpt>
   <trkpt lon="-9.221550" lat="39.351879"><ele>78.75</ele></trkpt>
   <trkpt lon="-9.221684" lat="39.351525"><ele>76.25</ele></trkpt>
   <trkpt lon="-9.222153" lat="39.349598"><ele>61.5</ele></trkpt>
   <trkpt lon="-9.222221" lat="39.349288"><ele>58.25</ele></trkpt>
   <trkpt lon="-9.222231" lat="39.349227"><ele>57.5</ele></trkpt>
   <trkpt lon="-9.222234" lat="39.348955"><ele>56.0</ele></trkpt>
   <trkpt lon="-9.222221" lat="39.348378"><ele>57.75</ele></trkpt>
   <trkpt lon="-9.222215" lat="39.347437"><ele>56.5</ele></trkpt>
   <trkpt lon="-9.222193" lat="39.346475"><ele>52.25</ele></trkpt>
   <trkpt lon="-9.222172" lat="39.345294"><ele>39.0</ele></trkpt>
   <trkpt lon="-9.222175" lat="39.345091"><ele>38.0</ele></trkpt>
   <trkpt lon="-9.222151" lat="39.344563"><ele>36.75</ele></trkpt>
   <trkpt lon="-9.222162" lat="39.344365"><ele>36.0</ele></trkpt>
   <trkpt lon="-9.222153" lat="39.344063"><ele>34.5</ele></trkpt>
   <trkpt lon="-9.222124" lat="39.343842"><ele>33.5</ele></trkpt>
   <trkpt lon="-9.222077" lat="39.343658"><ele>33.25</ele></trkpt>
   <trkpt lon="-9.221973" lat="39.343426"><ele>32.75</ele></trkpt>
   <trkpt lon="-9.221180" lat="39.341766"><ele>33.0</ele><sym>right_slight</sym></trkpt>
   <trkpt lon="-9.221208" lat="39.341644"><ele>34.0</ele></trkpt>
   <trkpt lon="-9.221229" lat="39.341588"><ele>34.75</ele><sym>roundabout_e1</sym></trkpt>
   <trkpt lon="-9.221282" lat="39.341544"><ele>35.5</ele></trkpt>
   <trkpt lon="-9.221444" lat="39.341513"><ele>34.75</ele></trkpt>
   <trkpt lon="-9.221702" lat="39.341456"><ele>31.75</ele></trkpt>
   <trkpt lon="-9.221842" lat="39.341427"><ele>30.0</ele></trkpt>
   <trkpt lon="-9.222486" lat="39.341290"><ele>26.5</ele></trkpt>
   <trkpt lon="-9.222929" lat="39.341196"><ele>27.5</ele></trkpt>
   <trkpt lon="-9.223522" lat="39.341070"><ele>30.75</ele></trkpt>
   <trkpt lon="-9.223638" lat="39.341048"><ele>32.0</ele><sym>stay_left</sym></trkpt>
   <trkpt lon="-9.225458" lat="39.340677"><ele>33.5</ele></trkpt>
   <trkpt lon="-9.225460" lat="39.340676"><ele>34.0</ele><sym>pass_place</sym><type>Shaping</type></trkpt>
   <trkpt lon="-9.225615" lat="39.340647"><ele>34.0</ele></trkpt>
   <trkpt lon="-9.227937" lat="39.340162"><ele>40.25</ele></trkpt>
   <trkpt lon="-9.228315" lat="39.340102"><ele>41.25</ele></trkpt>
   <trkpt lon="-9.228443" lat="39.340089"><ele>40.75</ele></trkpt>
   <trkpt lon="-9.228592" lat="39.340084"><ele>40.25</ele></trkpt>
   <trkpt lon="-9.228792" lat="39.340090"><ele>39.0</ele></trkpt>
   <trkpt lon="-9.228919" lat="39.340100"><ele>38.0</ele></trkpt>
   <trkpt lon="-9.229029" lat="39.340116"><ele>37.5</ele></trkpt>
   <trkpt lon="-9.229372" lat="39.340215"><ele>37.0</ele><sym>stay_left</sym></trkpt>
   <trkpt lon="-9.229766" lat="39.340372"><ele>40.25</ele></trkpt>
   <trkpt lon="-9.230014" lat="39.340471"><ele>42.0</ele></trkpt>
   <trkpt lon="-9.230223" lat="39.340536"><ele>43.5</ele></trkpt>
   <trkpt lon="-9.230359" lat="39.340567"><ele>44.25</ele></trkpt>
   <trkpt lon="-9.230513" lat="39.340596"><ele>45.25</ele></trkpt>
   <trkpt lon="-9.230821" lat="39.340634"><ele>46.75</ele></trkpt>
   <trkpt lon="-9.231238" lat="39.340643"><ele>48.5</ele></trkpt>
   <trkpt lon="-9.231519" lat="39.340620"><ele>50.25</ele></trkpt>
   <trkpt lon="-9.231809" lat="39.340570"><ele>52.0</ele></trkpt>
   <trkpt lon="-9.231936" lat="39.340538"><ele>52.75</ele></trkpt>
   <trkpt lon="-9.232191" lat="39.340461"><ele>55.75</ele></trkpt>
   <trkpt lon="-9.232619" lat="39.340283"><ele>58.25</ele></trkpt>
   <trkpt lon="-9.233949" lat="39.339632"><ele>64.5</ele></trkpt>
   <trkpt lon="-9.234246" lat="39.339478"><ele>65.75</ele></trkpt>
   <trkpt lon="-9.234486" lat="39.339360"><ele>66.5</ele></trkpt>
   <trkpt lon="-9.234629" lat="39.339290"><ele>66.75</ele></trkpt>
   <trkpt lon="-9.234891" lat="39.339163"><ele>67.5</ele></trkpt>
   <trkpt lon="-9.235102" lat="39.339060"><ele>69.75</ele></trkpt>
   <trkpt lon="-9.236049" lat="39.338602"><ele>75.5</ele></trkpt>
   <trkpt lon="-9.236358" lat="39.338450"><ele>76.75</ele></trkpt>
   <trkpt lon="-9.236619" lat="39.338312"><ele>77.5</ele></trkpt>
   <trkpt lon="-9.236819" lat="39.338212"><ele>78.75</ele></trkpt>
   <trkpt lon="-9.236901" lat="39.338169"><ele>79.25</ele><sym>right_slight</sym></trkpt>
   <trkpt lon="-9.236949" lat="39.338213"><ele>80.0</ele></trkpt>
   <trkpt lon="-9.237085" lat="39.338301"><ele>81.5</ele></trkpt>
   <trkpt lon="-9.237152" lat="39.338327"><ele>82.25</ele></trkpt>
   <trkpt lon="-9.237232" lat="39.338335"><ele>83.0</ele></trkpt>
   <trkpt lon="-9.237609" lat="39.338271"><ele>85.5</ele></trkpt>
   <trkpt lon="-9.237769" lat="39.338239"><ele>86.75</ele></trkpt>
   <trkpt lon="-9.237936" lat="39.338235"><ele>87.75</ele></trkpt>
   <trkpt lon="-9.238712" lat="39.338253"><ele>96.0</ele></trkpt>
   <trkpt lon="-9.239228" lat="39.338231"><ele>100.5</ele></trkpt>
   <trkpt lon="-9.239947" lat="39.338048"><ele>102.5</ele></trkpt>
   <trkpt lon="-9.240339" lat="39.337890"><ele>103.75</ele></trkpt>
   <trkpt lon="-9.240564" lat="39.337824"><ele>105.0</ele></trkpt>
   <trkpt lon="-9.240816" lat="39.337741"><ele>106.5</ele></trkpt>
   <trkpt lon="-9.241154" lat="39.337654"><ele>107.25</ele></trkpt>
   <trkpt lon="-9.241390" lat="39.337575"><ele>108.25</ele></trkpt>
   <trkpt lon="-9.241596" lat="39.337485"><ele>109.25</ele></trkpt>
   <trkpt lon="-9.241800" lat="39.337386"><ele>110.25</ele></trkpt>
   <trkpt lon="-9.241953" lat="39.337297"><ele>111.0</ele></trkpt>
   <trkpt lon="-9.242066" lat="39.337247"><ele>111.25</ele></trkpt>
   <trkpt lon="-9.242222" lat="39.337243"><ele>111.75</ele></trkpt>
   <trkpt lon="-9.242377" lat="39.337227"><ele>112.5</ele></trkpt>
   <trkpt lon="-9.242506" lat="39.337185"><ele>113.0</ele></trkpt>
   <trkpt lon="-9.242645" lat="39.337106"><ele>113.0</ele></trkpt>
   <trkpt lon="-9.242978" lat="39.336869"><ele>112.5</ele></trkpt>
   <trkpt lon="-9.243268" lat="39.336654"><ele>112.25</ele></trkpt>
   <trkpt lon="-9.243515" lat="39.336480"><ele>113.0</ele></trkpt>
   <trkpt lon="-9.243836" lat="39.336268"><ele>114.5</ele></trkpt>
   <trkpt lon="-9.244080" lat="39.336124"><ele>114.75</ele></trkpt>
   <trkpt lon="-9.244190" lat="39.336044"><ele>115.0</ele></trkpt>
   <trkpt lon="-9.244292" lat="39.335994"><ele>115.25</ele></trkpt>
   <trkpt lon="-9.244393" lat="39.335974"><ele>115.25</ele><sym>pass_place</sym><type>Shaping</type></trkpt>
   <trkpt lon="-9.244394" lat="39.335974"><ele>115.25</ele></trkpt>
   <trkpt lon="-9.244485" lat="39.335970"><ele>115.5</ele></trkpt>
   <trkpt lon="-9.244668" lat="39.335986"><ele>115.25</ele></trkpt>
   <trkpt lon="-9.244915" lat="39.335957"><ele>115.5</ele></trkpt>
   <trkpt lon="-9.245220" lat="39.335899"><ele>115.75</ele></trkpt>
   <trkpt lon="-9.245612" lat="39.335833"><ele>116.0</ele></trkpt>
   <trkpt lon="-9.245885" lat="39.335758"><ele>116.25</ele></trkpt>
   <trkpt lon="-9.246068" lat="39.335696"><ele>116.5</ele></trkpt>
   <trkpt lon="-9.246229" lat="39.335580"><ele>116.0</ele></trkpt>
   <trkpt lon="-9.246357" lat="39.335430"><ele>116.5</ele></trkpt>
   <trkpt lon="-9.246477" lat="39.335309"><ele>116.75</ele></trkpt>
   <trkpt lon="-9.246658" lat="39.335173"><ele>116.75</ele></trkpt>
   <trkpt lon="-9.246792" lat="39.335019"><ele>116.75</ele></trkpt>
   <trkpt lon="-9.246872" lat="39.334895"><ele>117.25</ele></trkpt>
   <trkpt lon="-9.246931" lat="39.334791"><ele>118.25</ele></trkpt>
   <trkpt lon="-9.247087" lat="39.334430"><ele>121.5</ele></trkpt>
   <trkpt lon="-9.247183" lat="39.334176"><ele>122.75</ele><sym>right_slight</sym></trkpt>
   <trkpt lon="-9.247543" lat="39.333968"><ele>122.5</ele></trkpt>
   <trkpt lon="-9.247736" lat="39.333835"><ele>122.5</ele></trkpt>
   <trkpt lon="-9.247865" lat="39.333793"><ele>122.25</ele></trkpt>
   <trkpt lon="-9.248290" lat="39.333713"><ele>123.25</ele></trkpt>
   <trkpt lon="-9.248471" lat="39.333688"><ele>123.75</ele></trkpt>
   <trkpt lon="-9.248771" lat="39.333754"><ele>123.5</ele></trkpt>
   <trkpt lon="-9.249378" lat="39.333866"><ele>123.75</ele></trkpt>
   <trkpt lon="-9.249615" lat="39.333916"><ele>124.25</ele></trkpt>
   <trkpt lon="-9.250021" lat="39.334003"><ele>124.0</ele></trkpt>
   <trkpt lon="-9.250821" lat="39.334148"><ele>127.0</ele></trkpt>
   <trkpt lon="-9.251389" lat="39.334219"><ele>128.0</ele></trkpt>
   <trkpt lon="-9.252167" lat="39.334327"><ele>133.25</ele></trkpt>
   <trkpt lon="-9.252945" lat="39.334443"><ele>136.0</ele></trkpt>
   <trkpt lon="-9.253274" lat="39.334502"><ele>136.5</ele></trkpt>
   <trkpt lon="-9.255579" lat="39.334902"><ele>136.75</ele></trkpt>
   <trkpt lon="-9.256078" lat="39.335003"><ele>136.75</ele></trkpt>
   <trkpt lon="-9.256603" lat="39.335040"><ele>136.0</ele></trkpt>
   <trkpt lon="-9.256957" lat="39.335028"><ele>136.75</ele></trkpt>
   <trkpt lon="-9.257633" lat="39.334945"><ele>138.0</ele></trkpt>
   <trkpt lon="-9.258358" lat="39.334916"><ele>135.5</ele></trkpt>
   <trkpt lon="-9.259157" lat="39.334750"><ele>136.5</ele></trkpt>
   <trkpt lon="-9.259506" lat="39.334688"><ele>136.0</ele></trkpt>
   <trkpt lon="-9.260219" lat="39.334617"><ele>136.0</ele></trkpt>
   <trkpt lon="-9.260668" lat="39.334554"><ele>136.5</ele></trkpt>
   <trkpt lon="-9.260732" lat="39.334545"><ele>136.5</ele></trkpt>
   <trkpt lon="-9.261233" lat="39.334476"><ele>135.75</ele></trkpt>
   <trkpt lon="-9.262169" lat="39.334289"><ele>137.75</ele></trkpt>
   <trkpt lon="-9.262470" lat="39.334195"><ele>138.5</ele></trkpt>
   <trkpt lon="-9.263870" lat="39.333772"><ele>135.75</ele></trkpt>
   <trkpt lon="-9.263872" lat="39.333771"><ele>134.75</ele><sym>pass_place</sym><type>Shaping</type></trkpt>
   <trkpt lon="-9.264493" lat="39.333571"><ele>134.75</ele><sym>right_slight</sym></trkpt>
   <trkpt lon="-9.264628" lat="39.333625"><ele>134.0</ele></trkpt>
   <trkpt lon="-9.264779" lat="39.333648"><ele>133.5</ele></trkpt>
   <trkpt lon="-9.265337" lat="39.333576"><ele>133.25</ele></trkpt>
   <trkpt lon="-9.265540" lat="39.333559"><ele>133.25</ele></trkpt>
   <trkpt lon="-9.265900" lat="39.333582"><ele>133.0</ele><sym>left_slight</sym></trkpt>
   <trkpt lon="-9.266525" lat="39.333435"><ele>132.75</ele></trkpt>
   <trkpt lon="-9.266881" lat="39.333250"><ele>131.25</ele><sym>right</sym></trkpt>
   <trkpt lon="-9.267076" lat="39.333499"><ele>130.0</ele><sym>right_slight</sym></trkpt>
   <trkpt lon="-9.266968" lat="39.333819"><ele>129.75</ele></trkpt>
   <trkpt lon="-9.266902" lat="39.333941"><ele>129.0</ele></trkpt>
   <trkpt lon="-9.266663" lat="39.334425"><ele>124.0</ele></trkpt>
   <trkpt lon="-9.266533" lat="39.334677"><ele>122.25</ele></trkpt>
   <trkpt lon="-9.266419" lat="39.334992"><ele>121.75</ele><sym>left</sym></trkpt>
   <trkpt lon="-9.267067" lat="39.335299"><ele>116.25</ele></trkpt>
   <trkpt lon="-9.267221" lat="39.335424"><ele>115.25</ele></trkpt>
   <trkpt lon="-9.267258" lat="39.335454"><ele>115.0</ele></trkpt>
   <trkpt lon="-9.267285" lat="39.335492"><ele>115.0</ele></trkpt>
   <trkpt lon="-9.267595" lat="39.335940"><ele>112.25</ele></trkpt>
   <trkpt lon="-9.267764" lat="39.336096"><ele>111.0</ele></trkpt>
   <trkpt lon="-9.267863" lat="39.336169"><ele>110.75</ele></trkpt>
   <trkpt lon="-9.267993" lat="39.336234"><ele>110.5</ele></trkpt>
   <trkpt lon="-9.268418" lat="39.336450"><ele>110.75</ele><sym>right_slight</sym></trkpt>
   <trkpt lon="-9.268698" lat="39.336657"><ele>110.0</ele></trkpt>
   <trkpt lon="-9.268775" lat="39.336714"><ele>109.75</ele><sym>right_slight</sym></trkpt>
   <trkpt lon="-9.268837" lat="39.336878"><ele>109.0</ele><sym>left_slight</sym></trkpt>
   <trkpt lon="-9.269189" lat="39.337218"><ele>107.0</ele><sym>left_slight</sym></trkpt>
   <trkpt lon="-9.269556" lat="39.337325"><ele>107.0</ele></trkpt>
   <trkpt lon="-9.269623" lat="39.337347"><ele>107.0</ele></trkpt>
   <trkpt lon="-9.270235" lat="39.337592"><ele>106.5</ele></trkpt>
   <trkpt lon="-9.271726" lat="39.338440"><ele>104.75</ele></trkpt>
   <trkpt lon="-9.272267" lat="39.338678"><ele>105.0</ele></trkpt>
   <trkpt lon="-9.272446" lat="39.338757"><ele>105.0</ele></trkpt>
   <trkpt lon="-9.272881" lat="39.338907"><ele>106.25</ele><sym>left_slight</sym></trkpt>
   <trkpt lon="-9.273417" lat="39.338979"><ele>105.25</ele></trkpt>
   <trkpt lon="-9.273624" lat="39.338986"><ele>104.25</ele></trkpt>
   <trkpt lon="-9.273827" lat="39.338981"><ele>104.0</ele></trkpt>
   <trkpt lon="-9.274081" lat="39.338959"><ele>103.25</ele></trkpt>
   <trkpt lon="-9.274177" lat="39.338957"><ele>102.75</ele></trkpt>
   <trkpt lon="-9.274257" lat="39.338946"><ele>102.5</ele><sym>roundabout_e1</sym></trkpt>
   <trkpt lon="-9.274267" lat="39.338981"><ele>102.5</ele></trkpt>
   <trkpt lon="-9.274291" lat="39.339010"><ele>102.5</ele></trkpt>
   <trkpt lon="-9.274326" lat="39.339032"><ele>102.25</ele></trkpt>
   <trkpt lon="-9.274369" lat="39.339045"><ele>102.25</ele></trkpt>
   <trkpt lon="-9.274434" lat="39.339041"><ele>102.0</ele></trkpt>
   <trkpt lon="-9.274453" lat="39.339090"><ele>102.0</ele></trkpt>
   <trkpt lon="-9.275162" lat="39.340768"><ele>105.5</ele></trkpt>
   <trkpt lon="-9.275662" lat="39.341938"><ele>101.5</ele></trkpt>
   <trkpt lon="-9.275777" lat="39.342165"><ele>101.0</ele></trkpt>
   <trkpt lon="-9.275833" lat="39.342259"><ele>101.0</ele></trkpt>
   <trkpt lon="-9.275890" lat="39.342346"><ele>101.5</ele></trkpt>
   <trkpt lon="-9.275954" lat="39.342427"><ele>102.0</ele></trkpt>
   <trkpt lon="-9.276047" lat="39.342519"><ele>102.75</ele></trkpt>
   <trkpt lon="-9.276124" lat="39.342577"><ele>103.5</ele></trkpt>
   <trkpt lon="-9.276284" lat="39.342672"><ele>105.0</ele></trkpt>
   <trkpt lon="-9.277527" lat="39.343259"><ele>108.5</ele></trkpt>
   <trkpt lon="-9.277530" lat="39.343260"><ele>109.5</ele><sym>pass_place</sym><type>Shaping</type></trkpt>
   <trkpt lon="-9.277883" lat="39.343419"><ele>109.5</ele><sym>straight</sym></trkpt>
   <trkpt lon="-9.278192" lat="39.343569"><ele>108.75</ele></trkpt>
   <trkpt lon="-9.278391" lat="39.343662"><ele>107.0</ele></trkpt>
   <trkpt lon="-9.279882" lat="39.344349"><ele>107.0</ele></trkpt>
   <trkpt lon="-9.281284" lat="39.345000"><ele>108.0</ele></trkpt>
   <trkpt lon="-9.281568" lat="39.345125"><ele>109.75</ele></trkpt>
   <trkpt lon="-9.282756" lat="39.345684"><ele>122.25</ele></trkpt>
   <trkpt lon="-9.284592" lat="39.346537"><ele>109.75</ele></trkpt>
   <trkpt lon="-9.284673" lat="39.346573"><ele>108.5</ele></trkpt>
   <trkpt lon="-9.285243" lat="39.346831"><ele>106.0</ele></trkpt>
   <trkpt lon="-9.285370" lat="39.346898"><ele>105.5</ele></trkpt>
   <trkpt lon="-9.285517" lat="39.346979"><ele>104.5</ele></trkpt>
   <trkpt lon="-9.285637" lat="39.347060"><ele>103.75</ele></trkpt>
   <trkpt lon="-9.285728" lat="39.347136"><ele>103.25</ele></trkpt>
   <trkpt lon="-9.285815" lat="39.347226"><ele>103.0</ele></trkpt>
   <trkpt lon="-9.285896" lat="39.347340"><ele>103.75</ele></trkpt>
   <trkpt lon="-9.285967" lat="39.347467"><ele>104.75</ele></trkpt>
   <trkpt lon="-9.286155" lat="39.347893"><ele>103.25</ele></trkpt>
   <trkpt lon="-9.286439" lat="39.348501"><ele>99.5</ele></trkpt>
   <trkpt lon="-9.286822" lat="39.349333"><ele>95.25</ele></trkpt>
   <trkpt lon="-9.286882" lat="39.349404"><ele>95.0</ele></trkpt>
   <trkpt lon="-9.286939" lat="39.349452"><ele>94.75</ele></trkpt>
   <trkpt lon="-9.286997" lat="39.349496"><ele>94.75</ele></trkpt>
   <trkpt lon="-9.287059" lat="39.349523"><ele>94.5</ele></trkpt>
   <trkpt lon="-9.287209" lat="39.349565"><ele>94.5</ele></trkpt>
   <trkpt lon="-9.287602" lat="39.349634"><ele>92.25</ele></trkpt>
   <trkpt lon="-9.287723" lat="39.349656"><ele>91.5</ele></trkpt>
   <trkpt lon="-9.287900" lat="39.349687"><ele>90.75</ele></trkpt>
   <trkpt lon="-9.288220" lat="39.349743"><ele>88.5</ele></trkpt>
   <trkpt lon="-9.288366" lat="39.349762"><ele>87.25</ele></trkpt>
   <trkpt lon="-9.289007" lat="39.349775"><ele>83.0</ele></trkpt>
   <trkpt lon="-9.289331" lat="39.349770"><ele>81.25</ele></trkpt>
   <trkpt lon="-9.289424" lat="39.349770"><ele>80.75</ele></trkpt>
   <trkpt lon="-9.289525" lat="39.349768"><ele>80.75</ele></trkpt>
   <trkpt lon="-9.289768" lat="39.349784"><ele>80.5</ele></trkpt>
   <trkpt lon="-9.290212" lat="39.349853"><ele>78.25</ele></trkpt>
   <trkpt lon="-9.290334" lat="39.349874"><ele>77.75</ele></trkpt>
   <trkpt lon="-9.290697" lat="39.349957"><ele>77.0</ele></trkpt>
   <trkpt lon="-9.290819" lat="39.349989"><ele>77.0</ele></trkpt>
   <trkpt lon="-9.291258" lat="39.350111"><ele>76.25</ele></trkpt>
   <trkpt lon="-9.291860" lat="39.350278"><ele>75.0</ele></trkpt>
   <trkpt lon="-9.292386" lat="39.350412"><ele>73.25</ele><sym>right</sym></trkpt>
   <trkpt lon="-9.292375" lat="39.350462"><ele>73.25</ele></trkpt>
   <trkpt lon="-9.292311" lat="39.350671"><ele>72.5</ele></trkpt>
   <trkpt lon="-9.292294" lat="39.350746"><ele>72.0</ele></trkpt>
   <trkpt lon="-9.292277" lat="39.351035"><ele>67.75</ele></trkpt>
   <trkpt lon="-9.292281" lat="39.351090"><ele>66.75</ele></trkpt>
   <trkpt lon="-9.292292" lat="39.351214"><ele>65.0</ele></trkpt>
   <trkpt lon="-9.292345" lat="39.351409"><ele>62.75</ele></trkpt>
   <trkpt lon="-9.292390" lat="39.351526"><ele>62.5</ele></trkpt>
   <trkpt lon="-9.293290" lat="39.353539"><ele>56.75</ele><sym>pass_place</sym><type>Shaping</type></trkpt>
   <trkpt lon="-9.293292" lat="39.353544"><ele>56.75</ele></trkpt>
   <trkpt lon="-9.293851" lat="39.354795"><ele>58.75</ele></trkpt>
   <trkpt lon="-9.293980" lat="39.355040"><ele>58.0</ele></trkpt>
   <trkpt lon="-9.294156" lat="39.355314"><ele>56.5</ele></trkpt>
   <trkpt lon="-9.294243" lat="39.355432"><ele>55.25</ele></trkpt>
   <trkpt lon="-9.294461" lat="39.355689"><ele>54.25</ele></trkpt>
   <trkpt lon="-9.294580" lat="39.355812"><ele>54.0</ele></trkpt>
   <trkpt lon="-9.294879" lat="39.356084"><ele>52.25</ele></trkpt>
   <trkpt lon="-9.295026" lat="39.356209"><ele>50.25</ele></trkpt>
   <trkpt lon="-9.295330" lat="39.356424"><ele>48.5</ele></trkpt>
   <trkpt lon="-9.295503" lat="39.356530"><ele>48.0</ele></trkpt>
   <trkpt lon="-9.295831" lat="39.356692"><ele>47.0</ele></trkpt>
   <trkpt lon="-9.296023" lat="39.356768"><ele>48.75</ele></trkpt>
   <trkpt lon="-9.296723" lat="39.357010"><ele>53.75</ele></trkpt>
   <trkpt lon="-9.298450" lat="39.357575"><ele>52.5</ele></trkpt>
   <trkpt lon="-9.298926" lat="39.357736"><ele>51.75</ele></trkpt>
   <trkpt lon="-9.299985" lat="39.358092"><ele>52.5</ele></trkpt>
   <trkpt lon="-9.301152" lat="39.358481"><ele>50.0</ele></trkpt>
   <trkpt lon="-9.307833" lat="39.360692"><ele>43.25</ele></trkpt>
   <trkpt lon="-9.308003" lat="39.360743"><ele>43.5</ele></trkpt>
   <trkpt lon="-9.308145" lat="39.360777"><ele>43.25</ele></trkpt>
   <trkpt lon="-9.308307" lat="39.360804"><ele>42.75</ele></trkpt>
   <trkpt lon="-9.308494" lat="39.360827"><ele>41.0</ele></trkpt>
   <trkpt lon="-9.308951" lat="39.360873"><ele>37.0</ele></trkpt>
   <trkpt lon="-9.309834" lat="39.360963"><ele>35.75</ele></trkpt>
   <trkpt lon="-9.310458" lat="39.361022"><ele>31.75</ele></trkpt>
   <trkpt lon="-9.310642" lat="39.361054"><ele>30.5</ele></trkpt>
   <trkpt lon="-9.310750" lat="39.361080"><ele>29.5</ele><sym>pass_place</sym><type>Shaping</type></trkpt>
   <trkpt lon="-9.310753" lat="39.361081"><ele>29.5</ele></trkpt>
   <trkpt lon="-9.310851" lat="39.361121"><ele>29.0</ele></trkpt>
   <trkpt lon="-9.311275" lat="39.361384"><ele>29.25</ele></trkpt>
   <trkpt lon="-9.311754" lat="39.361705"><ele>27.5</ele></trkpt>
   <trkpt lon="-9.311935" lat="39.361834"><ele>27.25</ele></trkpt>
   <trkpt lon="-9.312235" lat="39.362073"><ele>27.25</ele></trkpt>
   <trkpt lon="-9.312491" lat="39.362259"><ele>28.0</ele></trkpt>
   <trkpt lon="-9.312576" lat="39.362311"><ele>28.0</ele></trkpt>
   <trkpt lon="-9.312963" lat="39.362530"><ele>29.0</ele></trkpt>
   <trkpt lon="-9.313275" lat="39.362684"><ele>28.0</ele></trkpt>
   <trkpt lon="-9.313590" lat="39.362829"><ele>27.25</ele></trkpt>
   <trkpt lon="-9.313724" lat="39.362881"><ele>27.5</ele></trkpt>
   <trkpt lon="-9.314201" lat="39.363036"><ele>27.5</ele></trkpt>
   <trkpt lon="-9.314839" lat="39.363222"><ele>25.5</ele></trkpt>
   <trkpt lon="-9.314981" lat="39.363255"><ele>24.75</ele></trkpt>
   <trkpt lon="-9.315109" lat="39.363273"><ele>24.25</ele></trkpt>
   <trkpt lon="-9.315249" lat="39.363288"><ele>23.75</ele></trkpt>
   <trkpt lon="-9.315367" lat="39.363300"><ele>23.5</ele></trkpt>
   <trkpt lon="-9.315602" lat="39.363352"><ele>22.75</ele></trkpt>
   <trkpt lon="-9.315787" lat="39.363428"><ele>22.75</ele></trkpt>
   <trkpt lon="-9.316011" lat="39.363543"><ele>23.25</ele></trkpt>
   <trkpt lon="-9.316129" lat="39.363603"><ele>23.75</ele></trkpt>
   <trkpt lon="-9.316215" lat="39.363645"><ele>24.25</ele></trkpt>
   <trkpt lon="-9.316271" lat="39.363673"><ele>24.75</ele><sym>roundabout_e1</sym></trkpt>
   <trkpt lon="-9.316307" lat="39.363709"><ele>25.0</ele></trkpt>
   <trkpt lon="-9.316344" lat="39.363719"><ele>25.0</ele></trkpt>
   <trkpt lon="-9.316384" lat="39.363716"><ele>25.25</ele></trkpt>
   <trkpt lon="-9.316433" lat="39.363737"><ele>25.5</ele><sym>right</sym></trkpt>
   <trkpt lon="-9.316179" lat="39.364118"><ele>25.75</ele><sym>straight</sym></trkpt>
   <trkpt lon="-9.316121" lat="39.364143"><ele>25.75</ele></trkpt>
   <trkpt lon="-9.315982" lat="39.364250"><ele>26.75</ele><sym>pass_place</sym><type>Via</type></trkpt>
  </trkseg>
 </trk>
</gpx>
