<?xml version="1.0" encoding="UTF-8"?>
<!-- track-length = 77346 filtered ascend = 1279 plain-ascend = 1 cost=138892 energy=.5kwh time=5h 19m 9s -->
<gpx 
 xmlns="http://www.topografix.com/GPX/1/1" 
 xmlns:xsi="http://www.w3.org/2001/XMLSchema-instance" 
 xsi:schemaLocation="http://www.topografix.com/GPX/1/1 http://www.topografix.com/GPX/1/1/gpx.xsd" 
 creator="BRouter-1.7.9" version="1.1"><wpt lat="39.26468" lon="-9.15963"><name>Café</name><sym>Restaurant</sym></wpt><wpt lat="39.257" lon="-9.13662"><name>Mãe de Água</name><sym>Drinking Water</sym></wpt><wpt lat="39.26381" lon="-9.16077"><name>Ténis Bar</name><sym>Restaurant</sym></wpt><wpt lat="39.09369" lon="-9.11266"><name>FrutaKores</name><sym>Restaurant</sym></wpt><wpt lat="39.24149" lon="-9.10256"><name>Brasil</name><sym>Restaurant</sym></wpt><wpt lat="39.23956" lon="-9.10219"><name>Pátio da Serra</name><sym>Restaurant</sym></wpt><wpt lat="39.24271" lon="-9.10208"><name>Rosa</name><sym>Restaurant</sym></wpt><wpt lat="39.09332" lon="-9.11272"><name>Drinking water</name><sym>Drinking Water</sym></wpt><wpt lat="39.24302" lon="-9.10035"><name>Drinking water</name><sym>Drinking Water</sym></wpt><wpt lat="39.15446" lon="-9.11339"><name>Drinking water</name><sym>Drinking Water</sym></wpt><wpt lat="39.25728" lon="-9.14724"><name>Drinking water</name><sym>Drinking Water</sym></wpt><wpt lat="39.23882" lon="-9.1009"><name>O pão doce</name><sym>Restaurant</sym></wpt><wpt lat="39.0841" lon="-9.0957"><name>Café Central o Timóteo</name><sym>Restaurant</sym></wpt><wpt lat="39.26091" lon="-9.07535"><name>A.A.C.R Peral</name><sym>Restaurant</sym></wpt><wpt lat="39.26167" lon="-9.07455"><name>Café Central</name><sym>Restaurant</sym></wpt><wpt lat="39.2758" lon="-9.08316"><name>Snack Bar D&#x27;Anina</name><sym>Restaurant</sym></wpt><wpt lat="39.26955" lon="-9.10382"><name>Casa do Pão</name><sym>Restaurant</sym></wpt>
 <trk>
  <src>brouter_fastbike-lowtraffic_0</src>
  <type>bike</type>
  <trkseg>
   <trkpt lon="-9.102661" lat="39.242756"><ele>110.8</ele><sym>pass_place</sym><type>Via</type></trkpt>
   <trkpt lon="-9.102554" lat="39.242758"><ele>110.5</ele></trkpt>
   <trkpt lon="-9.102457" lat="39.242759"><ele>110.2</ele></trkpt>
   <trkpt lon="-9.102247" lat="39.242776"><ele>109.9</ele><sym>right</sym></trkpt>
   <trkpt lon="-9.102146" lat="39.242589"><ele>109.7</ele></trkpt>
   <trkpt lon="-9.102031" lat="39.242374"><ele>109.4</ele></trkpt>
   <trkpt lon="-9.101732" lat="39.241912"><ele>109.0</ele></trkpt>
   <trkpt lon="-9.101594" lat="39.241712"><ele>108.5</ele></trkpt>
   <trkpt lon="-9.101394" lat="39.241422"><ele>107.9</ele></trkpt>
   <trkpt lon="-9.101188" lat="39.241215"><ele>107.4</ele></trkpt>
   <trkpt lon="-9.100755" lat="39.240816"><ele>106.9</ele></trkpt>
   <trkpt lon="-9.100584" lat="39.240714"><ele>106.2</ele></trkpt>
   <trkpt lon="-9.100402" lat="39.240645"><ele>105.9</ele></trkpt>
   <trkpt lon="-9.099823" lat="39.240452"><ele>105.7</ele></trkpt>
   <trkpt lon="-9.099542" lat="39.240237"><ele>105.5</ele></trkpt>
   <trkpt lon="-9.099387" lat="39.240086"><ele>105.4</ele></trkpt>
   <trkpt lon="-9.099323" lat="39.240023"><ele>105.4</ele></trkpt>
   <trkpt lon="-9.099259" lat="39.239934"><ele>105.4</ele></trkpt>
   <trkpt lon="-9.099168" lat="39.239815"><ele>105.5</ele></trkpt>
   <trkpt lon="-9.099124" lat="39.239704"><ele>105.4</ele></trkpt>
   <trkpt lon="-9.099103" lat="39.239596"><ele>105.1</ele></trkpt>
   <trkpt lon="-9.099059" lat="39.239368"><ele>104.8</ele></trkpt>
   <trkpt lon="-9.098966" lat="39.238678"><ele>104.7</ele></trkpt>
   <trkpt lon="-9.098858" lat="39.238307"><ele>104.8</ele></trkpt>
   <trkpt lon="-9.098658" lat="39.237706"><ele>104.9</ele></trkpt>
   <trkpt lon="-9.098434" lat="39.237419"><ele>105.0</ele></trkpt>
   <trkpt lon="-9.098296" lat="39.237241"><ele>105.1</ele></trkpt>
   <trkpt lon="-9.098099" lat="39.236890"><ele>105.1</ele></trkpt>
   <trkpt lon="-9.097326" lat="39.234998"><ele>105.2</ele></trkpt>
   <trkpt lon="-9.097160" lat="39.234391"><ele>105.3</ele><sym>roundabout_e2</sym></trkpt>
   <trkpt lon="-9.097241" lat="39.234340"><ele>105.7</ele></trkpt>
   <trkpt lon="-9.097279" lat="39.234279"><ele>106.2</ele></trkpt>
   <trkpt lon="-9.097283" lat="39.234222"><ele>106.5</ele></trkpt>
   <trkpt lon="-9.097263" lat="39.234168"><ele>107.0</ele></trkpt>
   <trkpt lon="-9.097204" lat="39.234110"><ele>107.6</ele></trkpt>
   <trkpt lon="-9.097125" lat="39.234080"><ele>108.2</ele></trkpt>
   <trkpt lon="-9.097019" lat="39.234080"><ele>108.9</ele></trkpt>
   <trkpt lon="-9.096938" lat="39.234111"><ele>109.2</ele></trkpt>
   <trkpt lon="-9.096702" lat="39.233818"><ele>109.6</ele></trkpt>
   <trkpt lon="-9.095891" lat="39.233105"><ele>110.2</ele></trkpt>
   <trkpt lon="-9.095788" lat="39.233015"><ele>110.7</ele></trkpt>
   <trkpt lon="-9.095749" lat="39.232980"><ele>111.2</ele></trkpt>
   <trkpt lon="-9.095170" lat="39.232550"><ele>111.8</ele></trkpt>
   <trkpt lon="-9.095128" lat="39.232519"><ele>112.5</ele></trkpt>
   <trkpt lon="-9.094352" lat="39.231941"><ele>113.1</ele></trkpt>
   <trkpt lon="-9.091717" lat="39.229982"><ele>113.1</ele><sym>pass_place</sym><type>Shaping</type></trkpt>
   <trkpt lon="-9.091715" lat="39.229982"><ele>113.1</ele></trkpt>
   <trkpt lon="-9.090741" lat="39.229257"><ele>113.0</ele></trkpt>
   <trkpt lon="-9.090030" lat="39.228733"><ele>113.2</ele><sym>right_slight</sym></trkpt>
   <trkpt lon="-9.089972" lat="39.228657"><ele>113.3</ele></trkpt>
   <trkpt lon="-9.089930" lat="39.228574"><ele>113.3</ele></trkpt>
   <trkpt lon="-9.089905" lat="39.228486"><ele>113.3</ele></trkpt>
   <trkpt lon="-9.089898" lat="39.228397"><ele>113.3</ele></trkpt>
   <trkpt lon="-9.089909" lat="39.228309"><ele>113.3</ele></trkpt>
   <trkpt lon="-9.089937" lat="39.228222"><ele>113.4</ele></trkpt>
   <trkpt lon="-9.089982" lat="39.228140"><ele>113.2</ele></trkpt>
   <trkpt lon="-9.090057" lat="39.228067"><ele>113.0</ele></trkpt>
   <trkpt lon="-9.090124" lat="39.227990"><ele>112.8</ele></trkpt>
   <trkpt lon="-9.092206" lat="39.226152"><ele>112.8</ele></trkpt>
   <trkpt lon="-9.092849" lat="39.225571"><ele>112.6</ele></trkpt>
   <trkpt lon="-9.093415" lat="39.225092"><ele>112.3</ele></trkpt>
   <trkpt lon="-9.093799" lat="39.224744"><ele>111.6</ele></trkpt>
   <trkpt lon="-9.094276" lat="39.224341"><ele>110.7</ele></trkpt>
   <trkpt lon="-9.094520" lat="39.224157"><ele>109.8</ele></trkpt>
   <trkpt lon="-9.094797" lat="39.224026"><ele>108.9</ele></trkpt>
   <trkpt lon="-9.095107" lat="39.223910"><ele>108.0</ele></trkpt>
   <trkpt lon="-9.095813" lat="39.223650"><ele>107.2</ele></trkpt>
   <trkpt lon="-9.096199" lat="39.223492"><ele>106.6</ele></trkpt>
   <trkpt lon="-9.096417" lat="39.223352"><ele>106.8</ele></trkpt>
   <trkpt lon="-9.096612" lat="39.223185"><ele>107.4</ele></trkpt>
   <trkpt lon="-9.096792" lat="39.222949"><ele>108.0</ele></trkpt>
   <trkpt lon="-9.097055" lat="39.222716"><ele>108.8</ele></trkpt>
   <trkpt lon="-9.097425" lat="39.222467"><ele>110.0</ele></trkpt>
   <trkpt lon="-9.098071" lat="39.222046"><ele>111.4</ele></trkpt>
   <trkpt lon="-9.098214" lat="39.221873"><ele>112.5</ele></trkpt>
   <trkpt lon="-9.098374" lat="39.221491"><ele>113.5</ele></trkpt>
   <trkpt lon="-9.098402" lat="39.221432"><ele>114.5</ele></trkpt>
   <trkpt lon="-9.098506" lat="39.221327"><ele>115.3</ele></trkpt>
   <trkpt lon="-9.098763" lat="39.221098"><ele>116.1</ele></trkpt>
   <trkpt lon="-9.099139" lat="39.220833"><ele>115.9</ele></trkpt>
   <trkpt lon="-9.099609" lat="39.220493"><ele>115.4</ele></trkpt>
   <trkpt lon="-9.099874" lat="39.220255"><ele>114.8</ele></trkpt>
   <trkpt lon="-9.100156" lat="39.219932"><ele>114.3</ele></trkpt>
   <trkpt lon="-9.100378" lat="39.219756"><ele>113.6</ele></trkpt>
   <trkpt lon="-9.100701" lat="39.219574"><ele>112.6</ele></trkpt>
   <trkpt lon="-9.101387" lat="39.219187"><ele>111.4</ele></trkpt>
   <trkpt lon="-9.102915" lat="39.218405"><ele>110.5</ele><sym>pass_place</sym><type>Shaping</type></trkpt>
   <trkpt lon="-9.103248" lat="39.218185"><ele>109.7</ele></trkpt>
   <trkpt lon="-9.103522" lat="39.217965"><ele>109.1</ele></trkpt>
   <trkpt lon="-9.103806" lat="39.217628"><ele>107.7</ele></trkpt>
   <trkpt lon="-9.104394" lat="39.216823"><ele>106.3</ele></trkpt>
   <trkpt lon="-9.104559" lat="39.216625"><ele>104.9</ele></trkpt>
   <trkpt lon="-9.104791" lat="39.216362"><ele>103.6</ele></trkpt>
   <trkpt lon="-9.104928" lat="39.216280"><ele>101.8</ele></trkpt>
   <trkpt lon="-9.105826" lat="39.215747"><ele>100.0</ele></trkpt>
   <trkpt lon="-9.106247" lat="39.215484"><ele>98.5</ele></trkpt>
   <trkpt lon="-9.106493" lat="39.215267"><ele>97.2</ele></trkpt>
   <trkpt lon="-9.106719" lat="39.214977"><ele>95.7</ele></trkpt>
   <trkpt lon="-9.107223" lat="39.214195"><ele>94.1</ele></trkpt>
   <trkpt lon="-9.107333" lat="39.214068"><ele>92.1</ele></trkpt>
   <trkpt lon="-9.107371" lat="39.213939"><ele>91.0</ele></trkpt>
   <trkpt lon="-9.107349" lat="39.213789"><ele>90.0</ele></trkpt>
   <trkpt lon="-9.107305" lat="39.213702"><ele>89.0</ele></trkpt>
   <trkpt lon="-9.107237" lat="39.213569"><ele>87.9</ele></trkpt>
   <trkpt lon="-9.106920" lat="39.213033"><ele>87.2</ele></trkpt>
   <trkpt lon="-9.106891" lat="39.212958"><ele>86.6</ele></trkpt>
   <trkpt lon="-9.106885" lat="39.212922"><ele>85.8</ele></trkpt>
   <trkpt lon="-9.106877" lat="39.212692"><ele>85.1</ele></trkpt>
   <trkpt lon="-9.106928" lat="39.212533"><ele>84.2</ele></trkpt>
   <trkpt lon="-9.107001" lat="39.212368"><ele>83.1</ele></trkpt>
   <trkpt lon="-9.107183" lat="39.212222"><ele>81.6</ele></trkpt>
   <trkpt lon="-9.107382" lat="39.212098"><ele>79.7</ele></trkpt>
   <trkpt lon="-9.107668" lat="39.211955"><ele>77.5</ele></trkpt>
   <trkpt lon="-9.108419" lat="39.211622"><ele>75.1</ele></trkpt>
   <trkpt lon="-9.109039" lat="39.211308"><ele>72.7</ele></trkpt>
   <trkpt lon="-9.109449" lat="39.211036"><ele>70.4</ele></trkpt>
   <trkpt lon="-9.110678" lat="39.210060"><ele>68.1</ele></trkpt>
   <trkpt lon="-9.111135" lat="39.209685"><ele>65.7</ele></trkpt>
   <trkpt lon="-9.111735" lat="39.209183"><ele>63.4</ele></trkpt>
   <trkpt lon="-9.111764" lat="39.209159"><ele>62.6</ele></trkpt>
   <trkpt lon="-9.111905" lat="39.209035"><ele>60.7</ele></trkpt>
   <trkpt lon="-9.112088" lat="39.208869"><ele>59.2</ele></trkpt>
   <trkpt lon="-9.112247" lat="39.208648"><ele>58.3</ele></trkpt>
   <trkpt lon="-9.112311" lat="39.208436"><ele>57.7</ele></trkpt>
   <trkpt lon="-9.112322" lat="39.208157"><ele>57.2</ele></trkpt>
   <trkpt lon="-9.112263" lat="39.207933"><ele>56.7</ele></trkpt>
   <trkpt lon="-9.111931" lat="39.207579"><ele>56.2</ele></trkpt>
   <trkpt lon="-9.111399" lat="39.207222"><ele>55.9</ele></trkpt>
   <trkpt lon="-9.111056" lat="39.207010"><ele>56.0</ele></trkpt>
   <trkpt lon="-9.110890" lat="39.206740"><ele>56.2</ele></trkpt>
   <trkpt lon="-9.110858" lat="39.206478"><ele>56.7</ele></trkpt>
   <trkpt lon="-9.110856" lat="39.206245"><ele>57.1</ele></trkpt>
   <trkpt lon="-9.110852" lat="39.205493"><ele>57.6</ele><sym>pass_place</sym><type>Shaping</type></trkpt>
   <trkpt lon="-9.110868" lat="39.205222"><ele>58.0</ele></trkpt>
   <trkpt lon="-9.111003" lat="39.204969"><ele>58.4</ele></trkpt>
   <trkpt lon="-9.111185" lat="39.204682"><ele>58.6</ele></trkpt>
   <trkpt lon="-9.111389" lat="39.204329"><ele>59.0</ele></trkpt>
   <trkpt lon="-9.111563" lat="39.204005"><ele>59.2</ele></trkpt>
   <trkpt lon="-9.111614" lat="39.203776"><ele>59.3</ele></trkpt>
   <trkpt lon="-9.111571" lat="39.203599"><ele>59.8</ele></trkpt>
   <trkpt lon="-9.111335" lat="39.202599"><ele>60.1</ele></trkpt>
   <trkpt lon="-9.111190" lat="39.201889"><ele>60.2</ele></trkpt>
   <trkpt lon="-9.111153" lat="39.201648"><ele>60.5</ele></trkpt>
   <trkpt lon="-9.111244" lat="39.201319"><ele>60.8</ele></trkpt>
   <trkpt lon="-9.111732" lat="39.199856"><ele>61.0</ele></trkpt>
   <trkpt lon="-9.111829" lat="39.199544"><ele>61.2</ele></trkpt>
   <trkpt lon="-9.111847" lat="39.199392"><ele>61.6</ele></trkpt>
   <trkpt lon="-9.111872" lat="39.199182"><ele>62.0</ele></trkpt>
   <trkpt lon="-9.111898" lat="39.198862"><ele>62.6</ele></trkpt>
   <trkpt lon="-9.111973" lat="39.198218"><ele>63.2</ele></trkpt>
   <trkpt lon="-9.112027" lat="39.197632"><ele>63.3</ele></trkpt>
   <trkpt lon="-9.112000" lat="39.197071"><ele>63.5</ele></trkpt>
   <trkpt lon="-9.111947" lat="39.196563"><ele>63.8</ele></trkpt>
   <trkpt lon="-9.111954" lat="39.196184"><ele>64.2</ele></trkpt>
   <trkpt lon="-9.111988" lat="39.196050"><ele>64.6</ele></trkpt>
   <trkpt lon="-9.112013" lat="39.195951"><ele>65.2</ele></trkpt>
   <trkpt lon="-9.112210" lat="39.195453"><ele>65.8</ele></trkpt>
   <trkpt lon="-9.112786" lat="39.194338"><ele>66.4</ele></trkpt>
   <trkpt lon="-9.112939" lat="39.194094"><ele>67.0</ele></trkpt>
   <trkpt lon="-9.113046" lat="39.193840"><ele>67.5</ele></trkpt>
   <trkpt lon="-9.113132" lat="39.193578"><ele>68.2</ele></trkpt>
   <trkpt lon="-9.113159" lat="39.193258"><ele>68.8</ele></trkpt>
   <trkpt lon="-9.113186" lat="39.193088"><ele>69.4</ele></trkpt>
   <trkpt lon="-9.113186" lat="39.192897"><ele>69.9</ele></trkpt>
   <trkpt lon="-9.113164" lat="39.192668"><ele>70.0</ele></trkpt>
   <trkpt lon="-9.113100" lat="39.192402"><ele>70.2</ele></trkpt>
   <trkpt lon="-9.113099" lat="39.192366"><ele>70.6</ele></trkpt>
   <trkpt lon="-9.113124" lat="39.192256"><ele>71.1</ele></trkpt>
   <trkpt lon="-9.113309" lat="39.191861"><ele>71.7</ele></trkpt>
   <trkpt lon="-9.113558" lat="39.191382"><ele>72.3</ele></trkpt>
   <trkpt lon="-9.113767" lat="39.191034"><ele>72.8</ele></trkpt>
   <trkpt lon="-9.113958" lat="39.190674"><ele>73.3</ele></trkpt>
   <trkpt lon="-9.114030" lat="39.190377"><ele>73.9</ele></trkpt>
   <trkpt lon="-9.114042" lat="39.189802"><ele>74.5</ele></trkpt>
   <trkpt lon="-9.114043" lat="39.189799"><ele>74.6</ele><sym>pass_place</sym><type>Shaping</type></trkpt>
   <trkpt lon="-9.114071" lat="39.188982"><ele>75.7</ele></trkpt>
   <trkpt lon="-9.114077" lat="39.188827"><ele>76.7</ele></trkpt>
   <trkpt lon="-9.114085" lat="39.188675"><ele>77.4</ele></trkpt>
   <trkpt lon="-9.114111" lat="39.188176"><ele>78.1</ele></trkpt>
   <trkpt lon="-9.114119" lat="39.187847"><ele>78.8</ele></trkpt>
   <trkpt lon="-9.114171" lat="39.187605"><ele>79.4</ele></trkpt>
   <trkpt lon="-9.114321" lat="39.187338"><ele>80.1</ele></trkpt>
   <trkpt lon="-9.114349" lat="39.187265"><ele>80.8</ele></trkpt>
   <trkpt lon="-9.114580" lat="39.186520"><ele>81.5</ele></trkpt>
   <trkpt lon="-9.114723" lat="39.186041"><ele>82.3</ele></trkpt>
   <trkpt lon="-9.114834" lat="39.185735"><ele>83.1</ele></trkpt>
   <trkpt lon="-9.114892" lat="39.185606"><ele>83.8</ele></trkpt>
   <trkpt lon="-9.115203" lat="39.184901"><ele>84.5</ele></trkpt>
   <trkpt lon="-9.115665" lat="39.183924"><ele>85.2</ele></trkpt>
   <trkpt lon="-9.115994" lat="39.183241"><ele>86.0</ele></trkpt>
   <trkpt lon="-9.116222" lat="39.182731"><ele>86.9</ele></trkpt>
   <trkpt lon="-9.116388" lat="39.182385"><ele>87.7</ele></trkpt>
   <trkpt lon="-9.116520" lat="39.182176"><ele>88.7</ele></trkpt>
   <trkpt lon="-9.116667" lat="39.182024"><ele>89.8</ele></trkpt>
   <trkpt lon="-9.116946" lat="39.181837"><ele>90.8</ele></trkpt>
   <trkpt lon="-9.117335" lat="39.181598"><ele>91.8</ele></trkpt>
   <trkpt lon="-9.117826" lat="39.181313"><ele>92.7</ele></trkpt>
   <trkpt lon="-9.118520" lat="39.180873"><ele>93.5</ele></trkpt>
   <trkpt lon="-9.119567" lat="39.180230"><ele>94.4</ele></trkpt>
   <trkpt lon="-9.119744" lat="39.180076"><ele>95.5</ele></trkpt>
   <trkpt lon="-9.119905" lat="39.179893"><ele>96.4</ele></trkpt>
   <trkpt lon="-9.120146" lat="39.179536"><ele>97.0</ele></trkpt>
   <trkpt lon="-9.120367" lat="39.179248"><ele>97.7</ele></trkpt>
   <trkpt lon="-9.120519" lat="39.179080"><ele>98.2</ele></trkpt>
   <trkpt lon="-9.120704" lat="39.178920"><ele>98.5</ele></trkpt>
   <trkpt lon="-9.121125" lat="39.178685"><ele>98.8</ele></trkpt>
   <trkpt lon="-9.121865" lat="39.178294"><ele>99.1</ele><sym>pass_place</sym><type>Shaping</type></trkpt>
   <trkpt lon="-9.121938" lat="39.178248"><ele>99.6</ele></trkpt>
   <trkpt lon="-9.122117" lat="39.178136"><ele>100.4</ele></trkpt>
   <trkpt lon="-9.122791" lat="39.177714"><ele>101.3</ele></trkpt>
   <trkpt lon="-9.123182" lat="39.177477"><ele>102.2</ele></trkpt>
   <trkpt lon="-9.123310" lat="39.177427"><ele>103.0</ele></trkpt>
   <trkpt lon="-9.123724" lat="39.177265"><ele>103.9</ele></trkpt>
   <trkpt lon="-9.124564" lat="39.176996"><ele>104.7</ele></trkpt>
   <trkpt lon="-9.125001" lat="39.176824"><ele>105.5</ele></trkpt>
   <trkpt lon="-9.125492" lat="39.176689"><ele>106.4</ele></trkpt>
   <trkpt lon="-9.125714" lat="39.176583"><ele>107.2</ele></trkpt>
   <trkpt lon="-9.125859" lat="39.176496"><ele>107.9</ele></trkpt>
   <trkpt lon="-9.126055" lat="39.176268"><ele>108.4</ele></trkpt>
   <trkpt lon="-9.126168" lat="39.176104"><ele>108.8</ele></trkpt>
   <trkpt lon="-9.126196" lat="39.176017"><ele>109.0</ele></trkpt>
   <trkpt lon="-9.126193" lat="39.175917"><ele>109.1</ele></trkpt>
   <trkpt lon="-9.126184" lat="39.175768"><ele>109.3</ele></trkpt>
   <trkpt lon="-9.126189" lat="39.175672"><ele>109.7</ele></trkpt>
   <trkpt lon="-9.126214" lat="39.175625"><ele>110.3</ele></trkpt>
   <trkpt lon="-9.126229" lat="39.175595"><ele>111.0</ele></trkpt>
   <trkpt lon="-9.126282" lat="39.175526"><ele>111.6</ele><sym>roundabout_e3</sym></trkpt>
   <trkpt lon="-9.126329" lat="39.175497"><ele>112.2</ele></trkpt>
   <trkpt lon="-9.126531" lat="39.175374"><ele>112.7</ele></trkpt>
   <trkpt lon="-9.126581" lat="39.175329"><ele>113.2</ele></trkpt>
   <trkpt lon="-9.126621" lat="39.175271"><ele>113.6</ele></trkpt>
   <trkpt lon="-9.126630" lat="39.175223"><ele>113.9</ele></trkpt>
   <trkpt lon="-9.126615" lat="39.175142"><ele>114.2</ele></trkpt>
   <trkpt lon="-9.126581" lat="39.175092"><ele>114.3</ele></trkpt>
   <trkpt lon="-9.126521" lat="39.175033"><ele>114.4</ele></trkpt>
   <trkpt lon="-9.126439" lat="39.175002"><ele>114.4</ele></trkpt>
   <trkpt lon="-9.126362" lat="39.174988"><ele>114.5</ele></trkpt>
   <trkpt lon="-9.126271" lat="39.174996"><ele>114.8</ele></trkpt>
   <trkpt lon="-9.126090" lat="39.174977"><ele>115.2</ele></trkpt>
   <trkpt lon="-9.125973" lat="39.174917"><ele>115.7</ele></trkpt>
   <trkpt lon="-9.125901" lat="39.174853"><ele>116.3</ele><sym>right_slight</sym></trkpt>
   <trkpt lon="-9.125853" lat="39.174744"><ele>117.5</ele></trkpt>
   <trkpt lon="-9.125656" lat="39.174275"><ele>118.8</ele></trkpt>
   <trkpt lon="-9.125587" lat="39.174076"><ele>120.2</ele></trkpt>
   <trkpt lon="-9.125566" lat="39.173968"><ele>122.0</ele></trkpt>
   <trkpt lon="-9.125566" lat="39.173864"><ele>123.7</ele></trkpt>
   <trkpt lon="-9.125640" lat="39.173279"><ele>125.3</ele></trkpt>
   <trkpt lon="-9.125701" lat="39.173124"><ele>126.9</ele></trkpt>
   <trkpt lon="-9.125792" lat="39.172969"><ele>128.2</ele></trkpt>
   <trkpt lon="-9.126070" lat="39.172539"><ele>129.5</ele></trkpt>
   <trkpt lon="-9.126109" lat="39.172468"><ele>130.8</ele></trkpt>
   <trkpt lon="-9.126121" lat="39.172370"><ele>132.3</ele></trkpt>
   <trkpt lon="-9.126115" lat="39.172265"><ele>133.3</ele></trkpt>
   <trkpt lon="-9.126025" lat="39.171705"><ele>134.1</ele></trkpt>
   <trkpt lon="-9.126028" lat="39.171598"><ele>134.9</ele></trkpt>
   <trkpt lon="-9.126052" lat="39.171459"><ele>135.4</ele></trkpt>
   <trkpt lon="-9.126172" lat="39.171104"><ele>136.2</ele></trkpt>
   <trkpt lon="-9.126330" lat="39.170716"><ele>137.4</ele></trkpt>
   <trkpt lon="-9.126548" lat="39.170329"><ele>138.7</ele></trkpt>
   <trkpt lon="-9.126581" lat="39.170209"><ele>140.0</ele></trkpt>
   <trkpt lon="-9.126588" lat="39.170119"><ele>141.3</ele></trkpt>
   <trkpt lon="-9.126559" lat="39.169976"><ele>142.6</ele></trkpt>
   <trkpt lon="-9.126415" lat="39.169398"><ele>143.6</ele></trkpt>
   <trkpt lon="-9.126369" lat="39.169248"><ele>144.6</ele></trkpt>
   <trkpt lon="-9.126313" lat="39.169124"><ele>145.8</ele></trkpt>
   <trkpt lon="-9.126249" lat="39.169034"><ele>146.9</ele></trkpt>
   <trkpt lon="-9.125684" lat="39.168535"><ele>148.1</ele></trkpt>
   <trkpt lon="-9.125613" lat="39.168457"><ele>149.1</ele></trkpt>
   <trkpt lon="-9.125545" lat="39.168353"><ele>149.7</ele></trkpt>
   <trkpt lon="-9.125504" lat="39.168248"><ele>150.4</ele></trkpt>
   <trkpt lon="-9.125460" lat="39.168088"><ele>151.3</ele></trkpt>
   <trkpt lon="-9.125389" lat="39.167755"><ele>152.3</ele></trkpt>
   <trkpt lon="-9.125347" lat="39.167629"><ele>153.2</ele></trkpt>
   <trkpt lon="-9.125300" lat="39.167554"><ele>154.1</ele></trkpt>
   <trkpt lon="-9.125248" lat="39.167493"><ele>155.1</ele></trkpt>
   <trkpt lon="-9.125044" lat="39.167342"><ele>156.1</ele></trkpt>
   <trkpt lon="-9.124989" lat="39.167288"><ele>157.3</ele></trkpt>
   <trkpt lon="-9.124985" lat="39.167281"><ele>157.5</ele></trkpt>
   <trkpt lon="-9.124932" lat="39.167197"><ele>158.9</ele></trkpt>
   <trkpt lon="-9.124906" lat="39.167105"><ele>160.3</ele></trkpt>
   <trkpt lon="-9.124893" lat="39.167002"><ele>161.7</ele></trkpt>
   <trkpt lon="-9.124884" lat="39.166664"><ele>163.0</ele></trkpt>
   <trkpt lon="-9.124909" lat="39.166441"><ele>164.2</ele></trkpt>
   <trkpt lon="-9.124934" lat="39.166333"><ele>165.4</ele></trkpt>
   <trkpt lon="-9.124941" lat="39.166242"><ele>166.5</ele></trkpt>
   <trkpt lon="-9.124934" lat="39.166150"><ele>167.7</ele></trkpt>
   <trkpt lon="-9.124895" lat="39.165975"><ele>168.9</ele></trkpt>
   <trkpt lon="-9.124741" lat="39.165465"><ele>169.8</ele></trkpt>
   <trkpt lon="-9.124687" lat="39.165359"><ele>170.4</ele></trkpt>
   <trkpt lon="-9.124606" lat="39.165258"><ele>171.1</ele></trkpt>
   <trkpt lon="-9.124414" lat="39.165073"><ele>171.8</ele><sym>pass_place</sym><type>Shaping</type></trkpt>
   <trkpt lon="-9.124356" lat="39.165007"><ele>172.5</ele></trkpt>
   <trkpt lon="-9.124316" lat="39.164921"><ele>173.0</ele></trkpt>
   <trkpt lon="-9.124310" lat="39.164867"><ele>173.4</ele></trkpt>
   <trkpt lon="-9.124399" lat="39.164246"><ele>173.8</ele></trkpt>
   <trkpt lon="-9.124428" lat="39.164149"><ele>174.3</ele></trkpt>
   <trkpt lon="-9.124458" lat="39.164094"><ele>174.7</ele></trkpt>
   <trkpt lon="-9.124488" lat="39.164056"><ele>175.3</ele></trkpt>
   <trkpt lon="-9.124647" lat="39.163918"><ele>175.8</ele></trkpt>
   <trkpt lon="-9.124677" lat="39.163880"><ele>176.4</ele></trkpt>
   <trkpt lon="-9.124724" lat="39.163795"><ele>176.8</ele></trkpt>
   <trkpt lon="-9.124740" lat="39.163740"><ele>177.4</ele></trkpt>
   <trkpt lon="-9.124803" lat="39.163107"><ele>178.0</ele></trkpt>
   <trkpt lon="-9.124799" lat="39.163028"><ele>178.7</ele></trkpt>
   <trkpt lon="-9.124783" lat="39.162965"><ele>179.7</ele></trkpt>
   <trkpt lon="-9.124756" lat="39.162900"><ele>180.8</ele></trkpt>
   <trkpt lon="-9.124611" lat="39.162686"><ele>181.8</ele></trkpt>
   <trkpt lon="-9.124575" lat="39.162599"><ele>182.9</ele></trkpt>
   <trkpt lon="-9.124408" lat="39.162109"><ele>183.8</ele></trkpt>
   <trkpt lon="-9.124368" lat="39.162023"><ele>184.8</ele></trkpt>
   <trkpt lon="-9.124329" lat="39.161966"><ele>185.9</ele></trkpt>
   <trkpt lon="-9.124266" lat="39.161897"><ele>187.3</ele></trkpt>
   <trkpt lon="-9.124061" lat="39.161717"><ele>188.5</ele></trkpt>
   <trkpt lon="-9.123974" lat="39.161657"><ele>189.7</ele></trkpt>
   <trkpt lon="-9.123892" lat="39.161615"><ele>190.8</ele></trkpt>
   <trkpt lon="-9.123820" lat="39.161595"><ele>192.0</ele></trkpt>
   <trkpt lon="-9.123677" lat="39.161579"><ele>193.1</ele></trkpt>
   <trkpt lon="-9.123598" lat="39.161562"><ele>194.2</ele></trkpt>
   <trkpt lon="-9.123515" lat="39.161528"><ele>195.2</ele></trkpt>
   <trkpt lon="-9.123406" lat="39.161465"><ele>196.0</ele></trkpt>
   <trkpt lon="-9.123276" lat="39.161376"><ele>196.5</ele></trkpt>
   <trkpt lon="-9.123199" lat="39.161297"><ele>196.8</ele></trkpt>
   <trkpt lon="-9.123159" lat="39.161229"><ele>196.5</ele></trkpt>
   <trkpt lon="-9.123139" lat="39.161170"><ele>196.0</ele></trkpt>
   <trkpt lon="-9.123133" lat="39.161107"><ele>195.3</ele></trkpt>
   <trkpt lon="-9.123139" lat="39.161049"><ele>194.7</ele></trkpt>
   <trkpt lon="-9.123164" lat="39.160977"><ele>194.0</ele></trkpt>
   <trkpt lon="-9.123228" lat="39.160843"><ele>193.3</ele></trkpt>
   <trkpt lon="-9.123245" lat="39.160774"><ele>193.0</ele></trkpt>
   <trkpt lon="-9.123247" lat="39.160706"><ele>192.7</ele></trkpt>
   <trkpt lon="-9.123227" lat="39.160641"><ele>192.5</ele></trkpt>
   <trkpt lon="-9.123178" lat="39.160571"><ele>192.5</ele></trkpt>
   <trkpt lon="-9.123117" lat="39.160513"><ele>192.6</ele></trkpt>
   <trkpt lon="-9.122867" lat="39.160356"><ele>193.0</ele></trkpt>
   <trkpt lon="-9.122814" lat="39.160315"><ele>193.6</ele></trkpt>
   <trkpt lon="-9.122756" lat="39.160249"><ele>194.4</ele></trkpt>
   <trkpt lon="-9.122716" lat="39.160186"><ele>195.2</ele></trkpt>
   <trkpt lon="-9.122562" lat="39.159852"><ele>195.8</ele></trkpt>
   <trkpt lon="-9.122461" lat="39.159703"><ele>196.4</ele></trkpt>
   <trkpt lon="-9.122375" lat="39.159632"><ele>196.6</ele></trkpt>
   <trkpt lon="-9.121897" lat="39.159320"><ele>196.6</ele></trkpt>
   <trkpt lon="-9.121825" lat="39.159243"><ele>196.6</ele></trkpt>
   <trkpt lon="-9.121781" lat="39.159179"><ele>196.6</ele></trkpt>
   <trkpt lon="-9.121758" lat="39.159121"><ele>196.7</ele></trkpt>
   <trkpt lon="-9.121714" lat="39.158894"><ele>196.8</ele></trkpt>
   <trkpt lon="-9.121689" lat="39.158833"><ele>196.8</ele></trkpt>
   <trkpt lon="-9.121641" lat="39.158770"><ele>196.5</ele></trkpt>
   <trkpt lon="-9.121573" lat="39.158707"><ele>196.3</ele></trkpt>
   <trkpt lon="-9.121481" lat="39.158648"><ele>196.3</ele></trkpt>
   <trkpt lon="-9.121378" lat="39.158606"><ele>196.3</ele></trkpt>
   <trkpt lon="-9.121250" lat="39.158565"><ele>196.3</ele></trkpt>
   <trkpt lon="-9.121124" lat="39.158545"><ele>196.2</ele></trkpt>
   <trkpt lon="-9.120999" lat="39.158543"><ele>196.0</ele></trkpt>
   <trkpt lon="-9.120619" lat="39.158590"><ele>195.9</ele></trkpt>
   <trkpt lon="-9.120499" lat="39.158600"><ele>195.8</ele></trkpt>
   <trkpt lon="-9.120382" lat="39.158595"><ele>195.7</ele></trkpt>
   <trkpt lon="-9.120155" lat="39.158536"><ele>195.7</ele></trkpt>
   <trkpt lon="-9.119871" lat="39.158385"><ele>195.9</ele></trkpt>
   <trkpt lon="-9.119745" lat="39.158334"><ele>196.1</ele></trkpt>
   <trkpt lon="-9.119610" lat="39.158297"><ele>196.1</ele></trkpt>
   <trkpt lon="-9.118978" lat="39.158210"><ele>196.1</ele></trkpt>
   <trkpt lon="-9.118697" lat="39.158188"><ele>196.1</ele></trkpt>
   <trkpt lon="-9.118210" lat="39.158172"><ele>196.2</ele></trkpt>
   <trkpt lon="-9.118107" lat="39.158160"><ele>196.3</ele></trkpt>
   <trkpt lon="-9.118018" lat="39.158139"><ele>196.3</ele></trkpt>
   <trkpt lon="-9.117949" lat="39.158118"><ele>196.5</ele></trkpt>
   <trkpt lon="-9.117816" lat="39.158047"><ele>196.5</ele></trkpt>
   <trkpt lon="-9.117489" lat="39.157843"><ele>196.7</ele></trkpt>
   <trkpt lon="-9.117360" lat="39.157773"><ele>196.8</ele></trkpt>
   <trkpt lon="-9.117254" lat="39.157734"><ele>196.8</ele></trkpt>
   <trkpt lon="-9.117129" lat="39.157701"><ele>196.9</ele></trkpt>
   <trkpt lon="-9.116953" lat="39.157674"><ele>197.0</ele></trkpt>
   <trkpt lon="-9.116866" lat="39.157653"><ele>197.1</ele></trkpt>
   <trkpt lon="-9.116772" lat="39.157619"><ele>197.4</ele></trkpt>
   <trkpt lon="-9.116721" lat="39.157584"><ele>197.6</ele></trkpt>
   <trkpt lon="-9.116615" lat="39.157494"><ele>197.7</ele></trkpt>
   <trkpt lon="-9.116459" lat="39.157264"><ele>197.6</ele></trkpt>
   <trkpt lon="-9.116394" lat="39.157181"><ele>197.3</ele></trkpt>
   <trkpt lon="-9.116341" lat="39.157132"><ele>196.8</ele></trkpt>
   <trkpt lon="-9.116234" lat="39.157049"><ele>196.2</ele></trkpt>
   <trkpt lon="-9.116077" lat="39.156929"><ele>195.4</ele></trkpt>
   <trkpt lon="-9.115807" lat="39.156730"><ele>194.8</ele></trkpt>
   <trkpt lon="-9.115610" lat="39.156615"><ele>194.2</ele></trkpt>
   <trkpt lon="-9.115340" lat="39.156497"><ele>193.7</ele></trkpt>
   <trkpt lon="-9.115234" lat="39.156355"><ele>193.2</ele></trkpt>
   <trkpt lon="-9.115162" lat="39.156230"><ele>192.9</ele></trkpt>
   <trkpt lon="-9.115093" lat="39.155353"><ele>192.7</ele></trkpt>
   <trkpt lon="-9.115071" lat="39.155283"><ele>193.1</ele></trkpt>
   <trkpt lon="-9.115023" lat="39.155203"><ele>193.7</ele></trkpt>
   <trkpt lon="-9.114928" lat="39.155140"><ele>194.3</ele></trkpt>
   <trkpt lon="-9.114815" lat="39.155099"><ele>194.9</ele></trkpt>
   <trkpt lon="-9.114578" lat="39.155013"><ele>195.6</ele></trkpt>
   <trkpt lon="-9.113278" lat="39.154498"><ele>196.1</ele></trkpt>
   <trkpt lon="-9.113208" lat="39.154437"><ele>196.6</ele></trkpt>
   <trkpt lon="-9.113160" lat="39.154353"><ele>197.3</ele></trkpt>
   <trkpt lon="-9.113084" lat="39.154009"><ele>198.5</ele><sym>pass_place</sym><type>Shaping</type></trkpt>
   <trkpt lon="-9.113083" lat="39.154006"><ele>198.5</ele></trkpt>
   <trkpt lon="-9.113055" lat="39.153934"><ele>200.0</ele></trkpt>
   <trkpt lon="-9.112976" lat="39.153809"><ele>201.1</ele></trkpt>
   <trkpt lon="-9.112142" lat="39.153092"><ele>202.2</ele></trkpt>
   <trkpt lon="-9.111650" lat="39.152653"><ele>203.4</ele></trkpt>
   <trkpt lon="-9.111472" lat="39.152494"><ele>204.9</ele></trkpt>
   <trkpt lon="-9.111206" lat="39.152203"><ele>206.7</ele></trkpt>
   <trkpt lon="-9.111114" lat="39.152072"><ele>208.5</ele></trkpt>
   <trkpt lon="-9.111077" lat="39.151978"><ele>210.2</ele></trkpt>
   <trkpt lon="-9.111067" lat="39.151795"><ele>211.0</ele></trkpt>
   <trkpt lon="-9.111122" lat="39.151212"><ele>211.3</ele></trkpt>
   <trkpt lon="-9.111283" lat="39.150596"><ele>211.4</ele></trkpt>
   <trkpt lon="-9.111294" lat="39.150230"><ele>211.4</ele></trkpt>
   <trkpt lon="-9.111423" lat="39.148957"><ele>211.6</ele></trkpt>
   <trkpt lon="-9.111571" lat="39.148135"><ele>211.8</ele></trkpt>
   <trkpt lon="-9.111572" lat="39.148005"><ele>212.0</ele></trkpt>
   <trkpt lon="-9.111573" lat="39.147917"><ele>212.2</ele></trkpt>
   <trkpt lon="-9.111498" lat="39.147734"><ele>212.3</ele></trkpt>
   <trkpt lon="-9.110656" lat="39.144897"><ele>212.5</ele></trkpt>
   <trkpt lon="-9.110520" lat="39.144747"><ele>213.0</ele></trkpt>
   <trkpt lon="-9.110221" lat="39.144614"><ele>214.7</ele></trkpt>
   <trkpt lon="-9.109888" lat="39.144477"><ele>216.5</ele></trkpt>
   <trkpt lon="-9.109392" lat="39.144345"><ele>218.5</ele></trkpt>
   <trkpt lon="-9.108588" lat="39.144161"><ele>220.4</ele></trkpt>
   <trkpt lon="-9.108299" lat="39.143991"><ele>221.9</ele></trkpt>
   <trkpt lon="-9.107183" lat="39.143059"><ele>223.3</ele></trkpt>
   <trkpt lon="-9.106904" lat="39.142768"><ele>224.5</ele></trkpt>
   <trkpt lon="-9.106726" lat="39.142513"><ele>225.4</ele></trkpt>
   <trkpt lon="-9.106561" lat="39.142233"><ele>226.2</ele></trkpt>
   <trkpt lon="-9.106520" lat="39.142060"><ele>226.9</ele></trkpt>
   <trkpt lon="-9.106512" lat="39.141859"><ele>227.1</ele></trkpt>
   <trkpt lon="-9.106517" lat="39.141671"><ele>226.8</ele></trkpt>
   <trkpt lon="-9.106543" lat="39.141466"><ele>226.2</ele></trkpt>
   <trkpt lon="-9.106584" lat="39.141256"><ele>225.5</ele></trkpt>
   <trkpt lon="-9.106676" lat="39.140954"><ele>224.8</ele></trkpt>
   <trkpt lon="-9.106784" lat="39.140651"><ele>223.9</ele></trkpt>
   <trkpt lon="-9.107015" lat="39.140068"><ele>222.8</ele><sym>u-turn_right</sym></trkpt>
   <trkpt lon="-9.107021" lat="39.140068"><ele>222.7</ele><sym>pass_place</sym><type>Shaping</type></trkpt>
   <trkpt lon="-9.107015" lat="39.140068"><ele>222.6</ele></trkpt>
   <trkpt lon="-9.107226" lat="39.139489"><ele>221.4</ele></trkpt>
   <trkpt lon="-9.107247" lat="39.139223"><ele>220.0</ele></trkpt>
   <trkpt lon="-9.107226" lat="39.138274"><ele>217.3</ele></trkpt>
   <trkpt lon="-9.107183" lat="39.137966"><ele>214.7</ele></trkpt>
   <trkpt lon="-9.106410" lat="39.136460"><ele>210.1</ele></trkpt>
   <trkpt lon="-9.104511" lat="39.134696"><ele>205.4</ele></trkpt>
   <trkpt lon="-9.103964" lat="39.134255"><ele>200.4</ele></trkpt>
   <trkpt lon="-9.101979" lat="39.132324"><ele>195.6</ele></trkpt>
   <trkpt lon="-9.100746" lat="39.130468"><ele>191.0</ele></trkpt>
   <trkpt lon="-9.098407" lat="39.127846"><ele>186.5</ele></trkpt>
   <trkpt lon="-9.098327" lat="39.127773"><ele>184.2</ele></trkpt>
   <trkpt lon="-9.096379" lat="39.125974"><ele>178.9</ele></trkpt>
   <trkpt lon="-9.096377" lat="39.125972"><ele>178.8</ele><sym>pass_place</sym><type>Shaping</type></trkpt>
   <trkpt lon="-9.093815" lat="39.123735"><ele>174.5</ele></trkpt>
   <trkpt lon="-9.093654" lat="39.123527"><ele>170.1</ele></trkpt>
   <trkpt lon="-9.093579" lat="39.123219"><ele>167.4</ele></trkpt>
   <trkpt lon="-9.094051" lat="39.120738"><ele>164.7</ele></trkpt>
   <trkpt lon="-9.094061" lat="39.120539"><ele>162.4</ele><sym>left_slight</sym></trkpt>
   <trkpt lon="-9.093683" lat="39.119743"><ele>160.0</ele></trkpt>
   <trkpt lon="-9.093439" lat="39.119232"><ele>157.3</ele></trkpt>
   <trkpt lon="-9.093203" lat="39.118924"><ele>154.6</ele></trkpt>
   <trkpt lon="-9.093092" lat="39.118749"><ele>151.9</ele></trkpt>
   <trkpt lon="-9.093055" lat="39.118692"><ele>150.3</ele></trkpt>
   <trkpt lon="-9.092959" lat="39.118540"><ele>148.5</ele></trkpt>
   <trkpt lon="-9.092924" lat="39.118350"><ele>147.2</ele></trkpt>
   <trkpt lon="-9.092958" lat="39.118146"><ele>146.0</ele></trkpt>
   <trkpt lon="-9.093074" lat="39.117452"><ele>145.0</ele></trkpt>
   <trkpt lon="-9.093091" lat="39.117349"><ele>144.0</ele></trkpt>
   <trkpt lon="-9.093130" lat="39.117118"><ele>143.0</ele></trkpt>
   <trkpt lon="-9.093190" lat="39.117017"><ele>142.0</ele></trkpt>
   <trkpt lon="-9.093285" lat="39.116833"><ele>141.1</ele><sym>right_slight</sym></trkpt>
   <trkpt lon="-9.093320" lat="39.116799"><ele>140.2</ele></trkpt>
   <trkpt lon="-9.093484" lat="39.116675"><ele>139.3</ele></trkpt>
   <trkpt lon="-9.093716" lat="39.116550"><ele>138.3</ele></trkpt>
   <trkpt lon="-9.093857" lat="39.116468"><ele>137.2</ele></trkpt>
   <trkpt lon="-9.094090" lat="39.116322"><ele>135.8</ele></trkpt>
   <trkpt lon="-9.094492" lat="39.115841"><ele>134.4</ele></trkpt>
   <trkpt lon="-9.094646" lat="39.115575"><ele>132.9</ele></trkpt>
   <trkpt lon="-9.094641" lat="39.115309"><ele>131.5</ele></trkpt>
   <trkpt lon="-9.094573" lat="39.114950"><ele>130.0</ele></trkpt>
   <trkpt lon="-9.094526" lat="39.114673"><ele>128.5</ele></trkpt>
   <trkpt lon="-9.094510" lat="39.114495"><ele>127.0</ele></trkpt>
   <trkpt lon="-9.094517" lat="39.114366"><ele>125.7</ele></trkpt>
   <trkpt lon="-9.094564" lat="39.114234"><ele>124.3</ele></trkpt>
   <trkpt lon="-9.094684" lat="39.114044"><ele>123.0</ele></trkpt>
   <trkpt lon="-9.095031" lat="39.113640"><ele>122.5</ele></trkpt>
   <trkpt lon="-9.095116" lat="39.113552"><ele>122.9</ele></trkpt>
   <trkpt lon="-9.095172" lat="39.113494"><ele>123.6</ele></trkpt>
   <trkpt lon="-9.095421" lat="39.113225"><ele>125.0</ele></trkpt>
   <trkpt lon="-9.095579" lat="39.113101"><ele>126.1</ele></trkpt>
   <trkpt lon="-9.095877" lat="39.112913"><ele>127.3</ele></trkpt>
   <trkpt lon="-9.096264" lat="39.112735"><ele>128.6</ele></trkpt>
   <trkpt lon="-9.096515" lat="39.112641"><ele>130.2</ele></trkpt>
   <trkpt lon="-9.097115" lat="39.112292"><ele>131.9</ele></trkpt>
   <trkpt lon="-9.097620" lat="39.111988"><ele>133.5</ele><sym>pass_place</sym><type>Shaping</type></trkpt>
   <trkpt lon="-9.097623" lat="39.111986"><ele>133.6</ele></trkpt>
   <trkpt lon="-9.097750" lat="39.111811"><ele>134.7</ele></trkpt>
   <trkpt lon="-9.098188" lat="39.110987"><ele>135.0</ele></trkpt>
   <trkpt lon="-9.098212" lat="39.110839"><ele>135.0</ele></trkpt>
   <trkpt lon="-9.098100" lat="39.110536"><ele>134.6</ele></trkpt>
   <trkpt lon="-9.098060" lat="39.110358"><ele>134.6</ele></trkpt>
   <trkpt lon="-9.098091" lat="39.110062"><ele>134.8</ele></trkpt>
   <trkpt lon="-9.098191" lat="39.109632"><ele>135.1</ele></trkpt>
   <trkpt lon="-9.098202" lat="39.109595"><ele>135.3</ele></trkpt>
   <trkpt lon="-9.098332" lat="39.109366"><ele>135.6</ele></trkpt>
   <trkpt lon="-9.098574" lat="39.109185"><ele>135.9</ele></trkpt>
   <trkpt lon="-9.098776" lat="39.109098"><ele>136.2</ele></trkpt>
   <trkpt lon="-9.099056" lat="39.109047"><ele>136.8</ele></trkpt>
   <trkpt lon="-9.099300" lat="39.109047"><ele>137.7</ele></trkpt>
   <trkpt lon="-9.099554" lat="39.109093"><ele>138.6</ele></trkpt>
   <trkpt lon="-9.099703" lat="39.109155"><ele>139.3</ele></trkpt>
   <trkpt lon="-9.099885" lat="39.109229"><ele>139.9</ele></trkpt>
   <trkpt lon="-9.100595" lat="39.109588"><ele>140.3</ele></trkpt>
   <trkpt lon="-9.100823" lat="39.109700"><ele>140.6</ele></trkpt>
   <trkpt lon="-9.101031" lat="39.109793"><ele>140.5</ele></trkpt>
   <trkpt lon="-9.101224" lat="39.109857"><ele>140.5</ele></trkpt>
   <trkpt lon="-9.101408" lat="39.109892"><ele>140.3</ele></trkpt>
   <trkpt lon="-9.101604" lat="39.109904"><ele>140.2</ele></trkpt>
   <trkpt lon="-9.101821" lat="39.109888"><ele>139.8</ele></trkpt>
   <trkpt lon="-9.102261" lat="39.109829"><ele>139.1</ele></trkpt>
   <trkpt lon="-9.102664" lat="39.109815"><ele>138.3</ele></trkpt>
   <trkpt lon="-9.103488" lat="39.109809"><ele>137.6</ele></trkpt>
   <trkpt lon="-9.103892" lat="39.109789"><ele>136.6</ele></trkpt>
   <trkpt lon="-9.104353" lat="39.109720"><ele>135.3</ele></trkpt>
   <trkpt lon="-9.105095" lat="39.109597"><ele>133.9</ele></trkpt>
   <trkpt lon="-9.105530" lat="39.109516"><ele>132.6</ele></trkpt>
   <trkpt lon="-9.105864" lat="39.109412"><ele>131.1</ele></trkpt>
   <trkpt lon="-9.106148" lat="39.109250"><ele>129.7</ele></trkpt>
   <trkpt lon="-9.106820" lat="39.108731"><ele>128.3</ele></trkpt>
   <trkpt lon="-9.107036" lat="39.108525"><ele>127.0</ele></trkpt>
   <trkpt lon="-9.107117" lat="39.108342"><ele>125.7</ele></trkpt>
   <trkpt lon="-9.107130" lat="39.108017"><ele>124.5</ele></trkpt>
   <trkpt lon="-9.107146" lat="39.107876"><ele>123.2</ele></trkpt>
   <trkpt lon="-9.107279" lat="39.107648"><ele>122.3</ele></trkpt>
   <trkpt lon="-9.107490" lat="39.107417"><ele>121.8</ele></trkpt>
   <trkpt lon="-9.108189" lat="39.106576"><ele>121.4</ele></trkpt>
   <trkpt lon="-9.108256" lat="39.106496"><ele>121.2</ele></trkpt>
   <trkpt lon="-9.108535" lat="39.106166"><ele>120.9</ele></trkpt>
   <trkpt lon="-9.108934" lat="39.105664"><ele>120.7</ele></trkpt>
   <trkpt lon="-9.108989" lat="39.105514"><ele>120.5</ele></trkpt>
   <trkpt lon="-9.108990" lat="39.105378"><ele>120.3</ele></trkpt>
   <trkpt lon="-9.108932" lat="39.105051"><ele>120.7</ele></trkpt>
   <trkpt lon="-9.108988" lat="39.104790"><ele>121.2</ele></trkpt>
   <trkpt lon="-9.109058" lat="39.104667"><ele>121.8</ele></trkpt>
   <trkpt lon="-9.109161" lat="39.104553"><ele>122.7</ele></trkpt>
   <trkpt lon="-9.109303" lat="39.104451"><ele>123.9</ele></trkpt>
   <trkpt lon="-9.109988" lat="39.104083"><ele>125.2</ele></trkpt>
   <trkpt lon="-9.110111" lat="39.104003"><ele>126.5</ele></trkpt>
   <trkpt lon="-9.110365" lat="39.103787"><ele>127.9</ele></trkpt>
   <trkpt lon="-9.110870" lat="39.103500"><ele>129.2</ele><sym>pass_place</sym><type>Shaping</type></trkpt>
   <trkpt lon="-9.111588" lat="39.103117"><ele>130.3</ele></trkpt>
   <trkpt lon="-9.111746" lat="39.103011"><ele>131.5</ele></trkpt>
   <trkpt lon="-9.111821" lat="39.102911"><ele>132.5</ele></trkpt>
   <trkpt lon="-9.111830" lat="39.102788"><ele>133.7</ele></trkpt>
   <trkpt lon="-9.111771" lat="39.102665"><ele>134.8</ele></trkpt>
   <trkpt lon="-9.111621" lat="39.102488"><ele>135.6</ele></trkpt>
   <trkpt lon="-9.111448" lat="39.102352"><ele>136.1</ele></trkpt>
   <trkpt lon="-9.111234" lat="39.102264"><ele>137.0</ele></trkpt>
   <trkpt lon="-9.110636" lat="39.102236"><ele>138.0</ele></trkpt>
   <trkpt lon="-9.110435" lat="39.102208"><ele>139.2</ele></trkpt>
   <trkpt lon="-9.110227" lat="39.102140"><ele>140.6</ele></trkpt>
   <trkpt lon="-9.110004" lat="39.102028"><ele>142.3</ele></trkpt>
   <trkpt lon="-9.109538" lat="39.101739"><ele>143.9</ele></trkpt>
   <trkpt lon="-9.109399" lat="39.101604"><ele>145.5</ele></trkpt>
   <trkpt lon="-9.109292" lat="39.101456"><ele>147.0</ele></trkpt>
   <trkpt lon="-9.109253" lat="39.101328"><ele>148.4</ele></trkpt>
   <trkpt lon="-9.109205" lat="39.101081"><ele>150.1</ele></trkpt>
   <trkpt lon="-9.109141" lat="39.100935"><ele>151.7</ele></trkpt>
   <trkpt lon="-9.109039" lat="39.100818"><ele>153.1</ele></trkpt>
   <trkpt lon="-9.108738" lat="39.100579"><ele>154.3</ele></trkpt>
   <trkpt lon="-9.108603" lat="39.100432"><ele>155.5</ele></trkpt>
   <trkpt lon="-9.108399" lat="39.100164"><ele>156.7</ele></trkpt>
   <trkpt lon="-9.108359" lat="39.100069"><ele>157.7</ele></trkpt>
   <trkpt lon="-9.108343" lat="39.099983"><ele>158.5</ele></trkpt>
   <trkpt lon="-9.108377" lat="39.099854"><ele>159.0</ele></trkpt>
   <trkpt lon="-9.108466" lat="39.099736"><ele>158.8</ele></trkpt>
   <trkpt lon="-9.108671" lat="39.099584"><ele>158.4</ele></trkpt>
   <trkpt lon="-9.108814" lat="39.099406"><ele>157.8</ele></trkpt>
   <trkpt lon="-9.108863" lat="39.099241"><ele>157.2</ele></trkpt>
   <trkpt lon="-9.108871" lat="39.098810"><ele>156.4</ele></trkpt>
   <trkpt lon="-9.108895" lat="39.098247"><ele>155.3</ele></trkpt>
   <trkpt lon="-9.108887" lat="39.098076"><ele>154.1</ele></trkpt>
   <trkpt lon="-9.108865" lat="39.097908"><ele>152.3</ele></trkpt>
   <trkpt lon="-9.108721" lat="39.097532"><ele>150.5</ele></trkpt>
   <trkpt lon="-9.108705" lat="39.097282"><ele>148.5</ele></trkpt>
   <trkpt lon="-9.108709" lat="39.096991"><ele>146.5</ele></trkpt>
   <trkpt lon="-9.108816" lat="39.096595"><ele>144.9</ele></trkpt>
   <trkpt lon="-9.108985" lat="39.096120"><ele>143.3</ele></trkpt>
   <trkpt lon="-9.109057" lat="39.095971"><ele>141.7</ele></trkpt>
   <trkpt lon="-9.109452" lat="39.095554"><ele>140.1</ele></trkpt>
   <trkpt lon="-9.109594" lat="39.095350"><ele>138.4</ele></trkpt>
   <trkpt lon="-9.109789" lat="39.095127"><ele>136.7</ele></trkpt>
   <trkpt lon="-9.110070" lat="39.094904"><ele>135.1</ele></trkpt>
   <trkpt lon="-9.110145" lat="39.094842"><ele>133.7</ele></trkpt>
   <trkpt lon="-9.110231" lat="39.094794"><ele>132.4</ele></trkpt>
   <trkpt lon="-9.110316" lat="39.094763"><ele>131.4</ele></trkpt>
   <trkpt lon="-9.110458" lat="39.094740"><ele>130.3</ele></trkpt>
   <trkpt lon="-9.110662" lat="39.094729"><ele>129.3</ele><sym>left</sym></trkpt>
   <trkpt lon="-9.110752" lat="39.094556"><ele>128.4</ele></trkpt>
   <trkpt lon="-9.110823" lat="39.094518"><ele>127.4</ele></trkpt>
   <trkpt lon="-9.110956" lat="39.094424"><ele>126.4</ele></trkpt>
   <trkpt lon="-9.111126" lat="39.094290"><ele>125.5</ele></trkpt>
   <trkpt lon="-9.111382" lat="39.094106"><ele>124.6</ele></trkpt>
   <trkpt lon="-9.111461" lat="39.094022"><ele>123.8</ele></trkpt>
   <trkpt lon="-9.111716" lat="39.093837"><ele>123.0</ele></trkpt>
   <trkpt lon="-9.111735" lat="39.093758"><ele>122.2</ele></trkpt>
   <trkpt lon="-9.111786" lat="39.093690"><ele>121.4</ele></trkpt>
   <trkpt lon="-9.111934" lat="39.093611"><ele>120.7</ele></trkpt>
   <trkpt lon="-9.112080" lat="39.093542"><ele>120.2</ele><sym>right_slight</sym></trkpt>
   <trkpt lon="-9.112220" lat="39.093589"><ele>119.8</ele><sym>left</sym></trkpt>
   <trkpt lon="-9.112536" lat="39.093301"><ele>119.4</ele><sym>left</sym></trkpt>
   <trkpt lon="-9.112095" lat="39.092815"><ele>119.0</ele></trkpt>
   <trkpt lon="-9.111935" lat="39.092586"><ele>118.5</ele></trkpt>
   <trkpt lon="-9.111775" lat="39.092303"><ele>118.1</ele></trkpt>
   <trkpt lon="-9.111615" lat="39.092089"><ele>117.8</ele></trkpt>
   <trkpt lon="-9.111542" lat="39.092018"><ele>117.7</ele></trkpt>
   <trkpt lon="-9.111346" lat="39.091931"><ele>117.5</ele></trkpt>
   <trkpt lon="-9.110967" lat="39.091583"><ele>117.1</ele></trkpt>
   <trkpt lon="-9.110822" lat="39.091425"><ele>116.8</ele></trkpt>
   <trkpt lon="-9.110553" lat="39.091100"><ele>116.3</ele><sym>pass_place</sym><type>Shaping</type></trkpt>
   <trkpt lon="-9.110276" lat="39.090801"><ele>115.9</ele></trkpt>
   <trkpt lon="-9.109781" lat="39.090456"><ele>115.7</ele></trkpt>
   <trkpt lon="-9.109381" lat="39.090194"><ele>115.4</ele></trkpt>
   <trkpt lon="-9.109141" lat="39.090010"><ele>115.3</ele></trkpt>
   <trkpt lon="-9.108904" lat="39.089781"><ele>115.1</ele></trkpt>
   <trkpt lon="-9.108740" lat="39.089578"><ele>115.0</ele></trkpt>
   <trkpt lon="-9.108238" lat="39.088900"><ele>114.7</ele></trkpt>
   <trkpt lon="-9.107754" lat="39.088228"><ele>114.3</ele></trkpt>
   <trkpt lon="-9.107576" lat="39.088008"><ele>114.3</ele></trkpt>
   <trkpt lon="-9.107518" lat="39.087886"><ele>114.3</ele></trkpt>
   <trkpt lon="-9.107456" lat="39.087830"><ele>114.5</ele><sym>right</sym></trkpt>
   <trkpt lon="-9.107731" lat="39.087252"><ele>114.6</ele></trkpt>
   <trkpt lon="-9.107930" lat="39.086913"><ele>114.7</ele></trkpt>
   <trkpt lon="-9.108138" lat="39.086618"><ele>114.9</ele></trkpt>
   <trkpt lon="-9.108286" lat="39.086479"><ele>115.1</ele><sym>left_slight</sym></trkpt>
   <trkpt lon="-9.108260" lat="39.086315"><ele>115.1</ele></trkpt>
   <trkpt lon="-9.108194" lat="39.086219"><ele>115.0</ele></trkpt>
   <trkpt lon="-9.108125" lat="39.086159"><ele>114.6</ele><sym>left_slight</sym></trkpt>
   <trkpt lon="-9.107942" lat="39.086116"><ele>114.3</ele></trkpt>
   <trkpt lon="-9.107684" lat="39.086082"><ele>113.8</ele></trkpt>
   <trkpt lon="-9.107416" lat="39.086057"><ele>113.4</ele></trkpt>
   <trkpt lon="-9.107138" lat="39.085978"><ele>113.0</ele></trkpt>
   <trkpt lon="-9.106824" lat="39.085831"><ele>112.6</ele></trkpt>
   <trkpt lon="-9.106475" lat="39.085651"><ele>112.1</ele></trkpt>
   <trkpt lon="-9.106121" lat="39.085493"><ele>111.5</ele></trkpt>
   <trkpt lon="-9.105856" lat="39.085405"><ele>110.9</ele></trkpt>
   <trkpt lon="-9.105647" lat="39.085387"><ele>110.4</ele></trkpt>
   <trkpt lon="-9.105310" lat="39.085421"><ele>109.9</ele></trkpt>
   <trkpt lon="-9.105003" lat="39.085420"><ele>109.9</ele></trkpt>
   <trkpt lon="-9.104652" lat="39.085361"><ele>109.9</ele></trkpt>
   <trkpt lon="-9.103635" lat="39.085097"><ele>109.9</ele></trkpt>
   <trkpt lon="-9.103258" lat="39.085071"><ele>110.0</ele></trkpt>
   <trkpt lon="-9.102678" lat="39.085129"><ele>110.1</ele></trkpt>
   <trkpt lon="-9.102191" lat="39.085167"><ele>110.3</ele></trkpt>
   <trkpt lon="-9.101952" lat="39.085150"><ele>110.6</ele></trkpt>
   <trkpt lon="-9.099538" lat="39.084899"><ele>111.0</ele></trkpt>
   <trkpt lon="-9.099257" lat="39.084862"><ele>111.5</ele></trkpt>
   <trkpt lon="-9.099102" lat="39.084866"><ele>112.3</ele><sym>left_slight</sym></trkpt>
   <trkpt lon="-9.098877" lat="39.085005"><ele>112.7</ele></trkpt>
   <trkpt lon="-9.097883" lat="39.085765"><ele>112.7</ele></trkpt>
   <trkpt lon="-9.097713" lat="39.085858"><ele>112.6</ele></trkpt>
   <trkpt lon="-9.097496" lat="39.085872"><ele>112.7</ele></trkpt>
   <trkpt lon="-9.097235" lat="39.085847"><ele>112.6</ele></trkpt>
   <trkpt lon="-9.096684" lat="39.085764"><ele>112.3</ele></trkpt>
   <trkpt lon="-9.096137" lat="39.085662"><ele>112.0</ele></trkpt>
   <trkpt lon="-9.095251" lat="39.085449"><ele>111.4</ele><sym>pass_place</sym><type>Shaping</type></trkpt>
   <trkpt lon="-9.095247" lat="39.085449"><ele>111.4</ele></trkpt>
   <trkpt lon="-9.094932" lat="39.085407"><ele>110.2</ele></trkpt>
   <trkpt lon="-9.094653" lat="39.085405"><ele>108.8</ele></trkpt>
   <trkpt lon="-9.093607" lat="39.085485"><ele>107.7</ele><sym>left</sym></trkpt>
   <trkpt lon="-9.093656" lat="39.085673"><ele>107.0</ele></trkpt>
   <trkpt lon="-9.093719" lat="39.085808"><ele>106.5</ele></trkpt>
   <trkpt lon="-9.094220" lat="39.086347"><ele>106.2</ele></trkpt>
   <trkpt lon="-9.094361" lat="39.086481"><ele>106.2</ele></trkpt>
   <trkpt lon="-9.094578" lat="39.086687"><ele>106.1</ele></trkpt>
   <trkpt lon="-9.094832" lat="39.086897"><ele>105.8</ele></trkpt>
   <trkpt lon="-9.094975" lat="39.087052"><ele>105.5</ele></trkpt>
   <trkpt lon="-9.095083" lat="39.087243"><ele>105.4</ele></trkpt>
   <trkpt lon="-9.095433" lat="39.088084"><ele>105.7</ele></trkpt>
   <trkpt lon="-9.095470" lat="39.088229"><ele>106.0</ele></trkpt>
   <trkpt lon="-9.095510" lat="39.089737"><ele>106.7</ele></trkpt>
   <trkpt lon="-9.095845" lat="39.090949"><ele>107.4</ele></trkpt>
   <trkpt lon="-9.095863" lat="39.091012"><ele>108.0</ele></trkpt>
   <trkpt lon="-9.095964" lat="39.091500"><ele>108.7</ele></trkpt>
   <trkpt lon="-9.095946" lat="39.091688"><ele>109.1</ele></trkpt>
   <trkpt lon="-9.095795" lat="39.092131"><ele>109.5</ele></trkpt>
   <trkpt lon="-9.095760" lat="39.092288"><ele>110.1</ele></trkpt>
   <trkpt lon="-9.095754" lat="39.092316"><ele>110.8</ele></trkpt>
   <trkpt lon="-9.095769" lat="39.092504"><ele>111.5</ele></trkpt>
   <trkpt lon="-9.095821" lat="39.092611"><ele>112.1</ele></trkpt>
   <trkpt lon="-9.095850" lat="39.092670"><ele>112.6</ele></trkpt>
   <trkpt lon="-9.096406" lat="39.093274"><ele>113.1</ele></trkpt>
   <trkpt lon="-9.096579" lat="39.093548"><ele>113.4</ele></trkpt>
   <trkpt lon="-9.097015" lat="39.094522"><ele>113.5</ele></trkpt>
   <trkpt lon="-9.097157" lat="39.094774"><ele>113.4</ele></trkpt>
   <trkpt lon="-9.097313" lat="39.094983"><ele>113.3</ele></trkpt>
   <trkpt lon="-9.097551" lat="39.095247"><ele>113.1</ele></trkpt>
   <trkpt lon="-9.097765" lat="39.095416"><ele>112.8</ele></trkpt>
   <trkpt lon="-9.098209" lat="39.095686"><ele>112.5</ele></trkpt>
   <trkpt lon="-9.098517" lat="39.095890"><ele>112.4</ele></trkpt>
   <trkpt lon="-9.098708" lat="39.096055"><ele>112.5</ele></trkpt>
   <trkpt lon="-9.099434" lat="39.096773"><ele>112.7</ele></trkpt>
   <trkpt lon="-9.099562" lat="39.096892"><ele>112.8</ele></trkpt>
   <trkpt lon="-9.099614" lat="39.097012"><ele>112.8</ele></trkpt>
   <trkpt lon="-9.099606" lat="39.097337"><ele>112.9</ele></trkpt>
   <trkpt lon="-9.099624" lat="39.097525"><ele>112.9</ele></trkpt>
   <trkpt lon="-9.099687" lat="39.097632"><ele>113.0</ele></trkpt>
   <trkpt lon="-9.099767" lat="39.097712"><ele>113.2</ele></trkpt>
   <trkpt lon="-9.100322" lat="39.098072"><ele>113.6</ele></trkpt>
   <trkpt lon="-9.100580" lat="39.098216"><ele>114.0</ele></trkpt>
   <trkpt lon="-9.100706" lat="39.098286"><ele>114.0</ele></trkpt>
   <trkpt lon="-9.101067" lat="39.098449"><ele>113.7</ele><sym>pass_place</sym><type>Shaping</type></trkpt>
   <trkpt lon="-9.101280" lat="39.098555"><ele>114.1</ele></trkpt>
   <trkpt lon="-9.101627" lat="39.098944"><ele>114.4</ele></trkpt>
   <trkpt lon="-9.101867" lat="39.099092"><ele>114.8</ele></trkpt>
   <trkpt lon="-9.102202" lat="39.099233"><ele>115.4</ele></trkpt>
   <trkpt lon="-9.102335" lat="39.099323"><ele>116.0</ele></trkpt>
   <trkpt lon="-9.102841" lat="39.099964"><ele>116.7</ele></trkpt>
   <trkpt lon="-9.103010" lat="39.100143"><ele>117.6</ele></trkpt>
   <trkpt lon="-9.103137" lat="39.100233"><ele>118.2</ele><sym>right</sym></trkpt>
   <trkpt lon="-9.102972" lat="39.100349"><ele>119.1</ele></trkpt>
   <trkpt lon="-9.102723" lat="39.100491"><ele>120.1</ele><sym>left_slight</sym></trkpt>
   <trkpt lon="-9.102571" lat="39.100597"><ele>121.2</ele></trkpt>
   <trkpt lon="-9.102404" lat="39.100786"><ele>121.6</ele></trkpt>
   <trkpt lon="-9.102280" lat="39.100909"><ele>121.9</ele></trkpt>
   <trkpt lon="-9.102181" lat="39.101150"><ele>122.2</ele><sym>left_slight</sym></trkpt>
   <trkpt lon="-9.102330" lat="39.101242"><ele>122.5</ele></trkpt>
   <trkpt lon="-9.102389" lat="39.101332"><ele>122.9</ele></trkpt>
   <trkpt lon="-9.102409" lat="39.101608"><ele>123.2</ele><sym>left_slight</sym></trkpt>
   <trkpt lon="-9.102602" lat="39.101864"><ele>123.5</ele></trkpt>
   <trkpt lon="-9.102738" lat="39.102006"><ele>123.8</ele></trkpt>
   <trkpt lon="-9.102940" lat="39.102124"><ele>124.1</ele></trkpt>
   <trkpt lon="-9.103125" lat="39.102208"><ele>124.2</ele></trkpt>
   <trkpt lon="-9.103537" lat="39.102256"><ele>124.3</ele></trkpt>
   <trkpt lon="-9.103683" lat="39.102316"><ele>124.2</ele></trkpt>
   <trkpt lon="-9.105184" lat="39.103492"><ele>123.9</ele></trkpt>
   <trkpt lon="-9.105609" lat="39.104075"><ele>123.5</ele></trkpt>
   <trkpt lon="-9.105814" lat="39.104402"><ele>123.2</ele></trkpt>
   <trkpt lon="-9.105881" lat="39.104604"><ele>123.0</ele></trkpt>
   <trkpt lon="-9.106135" lat="39.105573"><ele>122.9</ele></trkpt>
   <trkpt lon="-9.106202" lat="39.105744"><ele>122.8</ele></trkpt>
   <trkpt lon="-9.106285" lat="39.105917"><ele>122.7</ele></trkpt>
   <trkpt lon="-9.106621" lat="39.106562"><ele>122.6</ele></trkpt>
   <trkpt lon="-9.106876" lat="39.107355"><ele>122.8</ele></trkpt>
   <trkpt lon="-9.106993" lat="39.107773"><ele>123.4</ele></trkpt>
   <trkpt lon="-9.107130" lat="39.108017"><ele>124.6</ele><sym>right_slight</sym></trkpt>
   <trkpt lon="-9.107117" lat="39.108342"><ele>125.9</ele></trkpt>
   <trkpt lon="-9.107036" lat="39.108525"><ele>127.5</ele></trkpt>
   <trkpt lon="-9.106820" lat="39.108731"><ele>129.1</ele></trkpt>
   <trkpt lon="-9.106148" lat="39.109250"><ele>130.5</ele></trkpt>
   <trkpt lon="-9.105864" lat="39.109412"><ele>131.9</ele></trkpt>
   <trkpt lon="-9.105530" lat="39.109516"><ele>133.3</ele></trkpt>
   <trkpt lon="-9.105095" lat="39.109597"><ele>134.6</ele></trkpt>
   <trkpt lon="-9.104353" lat="39.109720"><ele>136.0</ele></trkpt>
   <trkpt lon="-9.103892" lat="39.109789"><ele>137.3</ele></trkpt>
   <trkpt lon="-9.103488" lat="39.109809"><ele>138.3</ele></trkpt>
   <trkpt lon="-9.102664" lat="39.109815"><ele>139.0</ele><sym>pass_place</sym><type>Shaping</type></trkpt>
   <trkpt lon="-9.102261" lat="39.109829"><ele>139.8</ele></trkpt>
   <trkpt lon="-9.101821" lat="39.109888"><ele>140.5</ele></trkpt>
   <trkpt lon="-9.101604" lat="39.109904"><ele>140.9</ele></trkpt>
   <trkpt lon="-9.101408" lat="39.109892"><ele>141.0</ele></trkpt>
   <trkpt lon="-9.101224" lat="39.109857"><ele>141.2</ele></trkpt>
   <trkpt lon="-9.101031" lat="39.109793"><ele>141.2</ele></trkpt>
   <trkpt lon="-9.100823" lat="39.109700"><ele>141.3</ele></trkpt>
   <trkpt lon="-9.100595" lat="39.109588"><ele>141.1</ele></trkpt>
   <trkpt lon="-9.099885" lat="39.109229"><ele>140.6</ele></trkpt>
   <trkpt lon="-9.099703" lat="39.109155"><ele>140.1</ele></trkpt>
   <trkpt lon="-9.099554" lat="39.109093"><ele>139.3</ele></trkpt>
   <trkpt lon="-9.099300" lat="39.109047"><ele>138.4</ele></trkpt>
   <trkpt lon="-9.099056" lat="39.109047"><ele>137.5</ele></trkpt>
   <trkpt lon="-9.098776" lat="39.109098"><ele>136.9</ele></trkpt>
   <trkpt lon="-9.098574" lat="39.109185"><ele>136.6</ele></trkpt>
   <trkpt lon="-9.098332" lat="39.109366"><ele>136.3</ele></trkpt>
   <trkpt lon="-9.098202" lat="39.109595"><ele>136.0</ele></trkpt>
   <trkpt lon="-9.098191" lat="39.109632"><ele>135.8</ele></trkpt>
   <trkpt lon="-9.098091" lat="39.110062"><ele>135.5</ele></trkpt>
   <trkpt lon="-9.098060" lat="39.110358"><ele>135.3</ele></trkpt>
   <trkpt lon="-9.098100" lat="39.110536"><ele>135.6</ele></trkpt>
   <trkpt lon="-9.098212" lat="39.110839"><ele>135.5</ele></trkpt>
   <trkpt lon="-9.098188" lat="39.110987"><ele>135.2</ele></trkpt>
   <trkpt lon="-9.097750" lat="39.111811"><ele>134.3</ele></trkpt>
   <trkpt lon="-9.097623" lat="39.111986"><ele>132.8</ele></trkpt>
   <trkpt lon="-9.097115" lat="39.112292"><ele>131.2</ele></trkpt>
   <trkpt lon="-9.096515" lat="39.112641"><ele>129.6</ele></trkpt>
   <trkpt lon="-9.096264" lat="39.112735"><ele>128.0</ele></trkpt>
   <trkpt lon="-9.095877" lat="39.112913"><ele>126.4</ele></trkpt>
   <trkpt lon="-9.095579" lat="39.113101"><ele>125.2</ele></trkpt>
   <trkpt lon="-9.095421" lat="39.113225"><ele>124.1</ele></trkpt>
   <trkpt lon="-9.095172" lat="39.113494"><ele>122.8</ele></trkpt>
   <trkpt lon="-9.095116" lat="39.113552"><ele>122.0</ele></trkpt>
   <trkpt lon="-9.095031" lat="39.113640"><ele>121.7</ele></trkpt>
   <trkpt lon="-9.094684" lat="39.114044"><ele>122.2</ele></trkpt>
   <trkpt lon="-9.094564" lat="39.114234"><ele>123.4</ele></trkpt>
   <trkpt lon="-9.094517" lat="39.114366"><ele>124.8</ele></trkpt>
   <trkpt lon="-9.094510" lat="39.114495"><ele>126.2</ele></trkpt>
   <trkpt lon="-9.094526" lat="39.114673"><ele>127.6</ele></trkpt>
   <trkpt lon="-9.094573" lat="39.114950"><ele>129.2</ele></trkpt>
   <trkpt lon="-9.094641" lat="39.115309"><ele>130.6</ele></trkpt>
   <trkpt lon="-9.094646" lat="39.115575"><ele>132.1</ele></trkpt>
   <trkpt lon="-9.094492" lat="39.115841"><ele>133.6</ele></trkpt>
   <trkpt lon="-9.094090" lat="39.116322"><ele>134.9</ele></trkpt>
   <trkpt lon="-9.093857" lat="39.116468"><ele>136.3</ele></trkpt>
   <trkpt lon="-9.093716" lat="39.116550"><ele>137.5</ele></trkpt>
   <trkpt lon="-9.093484" lat="39.116675"><ele>138.5</ele></trkpt>
   <trkpt lon="-9.093320" lat="39.116799"><ele>139.4</ele></trkpt>
   <trkpt lon="-9.093285" lat="39.116833"><ele>140.3</ele></trkpt>
   <trkpt lon="-9.093190" lat="39.117017"><ele>141.1</ele></trkpt>
   <trkpt lon="-9.093130" lat="39.117118"><ele>142.1</ele></trkpt>
   <trkpt lon="-9.093091" lat="39.117349"><ele>143.2</ele></trkpt>
   <trkpt lon="-9.093074" lat="39.117452"><ele>144.2</ele></trkpt>
   <trkpt lon="-9.092958" lat="39.118146"><ele>145.2</ele></trkpt>
   <trkpt lon="-9.092924" lat="39.118350"><ele>146.4</ele></trkpt>
   <trkpt lon="-9.092959" lat="39.118540"><ele>147.7</ele></trkpt>
   <trkpt lon="-9.093055" lat="39.118692"><ele>149.5</ele></trkpt>
   <trkpt lon="-9.093092" lat="39.118749"><ele>151.0</ele></trkpt>
   <trkpt lon="-9.093203" lat="39.118924"><ele>153.7</ele></trkpt>
   <trkpt lon="-9.093439" lat="39.119232"><ele>156.5</ele></trkpt>
   <trkpt lon="-9.093683" lat="39.119743"><ele>159.1</ele></trkpt>
   <trkpt lon="-9.094061" lat="39.120539"><ele>162.3</ele><sym>right_slight</sym><type>Via</type></trkpt>
   <trkpt lon="-9.094051" lat="39.120738"><ele>165.8</ele></trkpt>
   <trkpt lon="-9.093579" lat="39.123219"><ele>169.2</ele></trkpt>
   <trkpt lon="-9.093654" lat="39.123527"><ele>174.5</ele></trkpt>
   <trkpt lon="-9.093815" lat="39.123735"><ele>179.7</ele></trkpt>
   <trkpt lon="-9.096379" lat="39.125974"><ele>186.1</ele></trkpt>
   <trkpt lon="-9.098327" lat="39.127773"><ele>192.3</ele></trkpt>
   <trkpt lon="-9.098407" lat="39.127846"><ele>194.6</ele></trkpt>
   <trkpt lon="-9.100746" lat="39.130468"><ele>199.8</ele></trkpt>
   <trkpt lon="-9.101979" lat="39.132324"><ele>205.1</ele></trkpt>
   <trkpt lon="-9.103964" lat="39.134255"><ele>210.6</ele><sym>pass_place</sym><type>Shaping</type></trkpt>
   <trkpt lon="-9.104511" lat="39.134696"><ele>215.7</ele></trkpt>
   <trkpt lon="-9.106410" lat="39.136460"><ele>220.3</ele></trkpt>
   <trkpt lon="-9.107183" lat="39.137966"><ele>225.1</ele></trkpt>
   <trkpt lon="-9.107226" lat="39.138274"><ele>227.9</ele></trkpt>
   <trkpt lon="-9.107247" lat="39.139223"><ele>230.8</ele></trkpt>
   <trkpt lon="-9.107226" lat="39.139489"><ele>232.3</ele></trkpt>
   <trkpt lon="-9.107015" lat="39.140068"><ele>233.6</ele><sym>stay_right</sym></trkpt>
   <trkpt lon="-9.106784" lat="39.140651"><ele>234.9</ele></trkpt>
   <trkpt lon="-9.106676" lat="39.140954"><ele>236.2</ele></trkpt>
   <trkpt lon="-9.106584" lat="39.141256"><ele>237.4</ele></trkpt>
   <trkpt lon="-9.106543" lat="39.141466"><ele>238.4</ele></trkpt>
   <trkpt lon="-9.106517" lat="39.141671"><ele>239.1</ele></trkpt>
   <trkpt lon="-9.106512" lat="39.141859"><ele>239.4</ele></trkpt>
   <trkpt lon="-9.106520" lat="39.142060"><ele>239.1</ele></trkpt>
   <trkpt lon="-9.106561" lat="39.142233"><ele>238.5</ele></trkpt>
   <trkpt lon="-9.106726" lat="39.142513"><ele>237.7</ele></trkpt>
   <trkpt lon="-9.106904" lat="39.142768"><ele>236.8</ele></trkpt>
   <trkpt lon="-9.107183" lat="39.143059"><ele>235.6</ele></trkpt>
   <trkpt lon="-9.108299" lat="39.143991"><ele>234.2</ele></trkpt>
   <trkpt lon="-9.108588" lat="39.144161"><ele>232.7</ele></trkpt>
   <trkpt lon="-9.109392" lat="39.144345"><ele>230.8</ele></trkpt>
   <trkpt lon="-9.109888" lat="39.144477"><ele>228.8</ele></trkpt>
   <trkpt lon="-9.110221" lat="39.144614"><ele>227.0</ele></trkpt>
   <trkpt lon="-9.110520" lat="39.144747"><ele>225.3</ele></trkpt>
   <trkpt lon="-9.110656" lat="39.144897"><ele>224.8</ele></trkpt>
   <trkpt lon="-9.111498" lat="39.147734"><ele>224.6</ele></trkpt>
   <trkpt lon="-9.111573" lat="39.147917"><ele>224.5</ele><sym>pass_place</sym><type>Shaping</type></trkpt>
   <trkpt lon="-9.111572" lat="39.148005"><ele>224.3</ele></trkpt>
   <trkpt lon="-9.111571" lat="39.148135"><ele>224.1</ele></trkpt>
   <trkpt lon="-9.111423" lat="39.148957"><ele>223.9</ele></trkpt>
   <trkpt lon="-9.111294" lat="39.150230"><ele>223.6</ele></trkpt>
   <trkpt lon="-9.111283" lat="39.150596"><ele>223.7</ele></trkpt>
   <trkpt lon="-9.111122" lat="39.151212"><ele>223.6</ele></trkpt>
   <trkpt lon="-9.111067" lat="39.151795"><ele>223.3</ele></trkpt>
   <trkpt lon="-9.111077" lat="39.151978"><ele>222.5</ele></trkpt>
   <trkpt lon="-9.111114" lat="39.152072"><ele>220.8</ele></trkpt>
   <trkpt lon="-9.111206" lat="39.152203"><ele>219.0</ele></trkpt>
   <trkpt lon="-9.111472" lat="39.152494"><ele>217.2</ele></trkpt>
   <trkpt lon="-9.111650" lat="39.152653"><ele>215.8</ele></trkpt>
   <trkpt lon="-9.112142" lat="39.153092"><ele>214.6</ele></trkpt>
   <trkpt lon="-9.112976" lat="39.153809"><ele>213.5</ele></trkpt>
   <trkpt lon="-9.113055" lat="39.153934"><ele>212.0</ele></trkpt>
   <trkpt lon="-9.113083" lat="39.154006"><ele>210.5</ele></trkpt>
   <trkpt lon="-9.113160" lat="39.154353"><ele>209.2</ele></trkpt>
   <trkpt lon="-9.113208" lat="39.154437"><ele>208.2</ele></trkpt>
   <trkpt lon="-9.113278" lat="39.154498"><ele>207.7</ele></trkpt>
   <trkpt lon="-9.114578" lat="39.155013"><ele>207.5</ele><sym>right</sym></trkpt>
   <trkpt lon="-9.114350" lat="39.155333"><ele>207.3</ele></trkpt>
   <trkpt lon="-9.114208" lat="39.155425"><ele>207.2</ele></trkpt>
   <trkpt lon="-9.113948" lat="39.155562"><ele>207.1</ele></trkpt>
   <trkpt lon="-9.113816" lat="39.155605"><ele>207.1</ele><sym>left</sym></trkpt>
   <trkpt lon="-9.113910" lat="39.155759"><ele>207.2</ele></trkpt>
   <trkpt lon="-9.113946" lat="39.155869"><ele>207.7</ele></trkpt>
   <trkpt lon="-9.113978" lat="39.156019"><ele>208.4</ele></trkpt>
   <trkpt lon="-9.113994" lat="39.156223"><ele>209.3</ele></trkpt>
   <trkpt lon="-9.114021" lat="39.156385"><ele>210.5</ele></trkpt>
   <trkpt lon="-9.114091" lat="39.156539"><ele>212.1</ele></trkpt>
   <trkpt lon="-9.114214" lat="39.156705"><ele>213.8</ele></trkpt>
   <trkpt lon="-9.114273" lat="39.157088"><ele>215.8</ele></trkpt>
   <trkpt lon="-9.114289" lat="39.157337"><ele>218.1</ele></trkpt>
   <trkpt lon="-9.114279" lat="39.157612"><ele>220.7</ele></trkpt>
   <trkpt lon="-9.114188" lat="39.158053"><ele>223.2</ele></trkpt>
   <trkpt lon="-9.114129" lat="39.158268"><ele>225.8</ele></trkpt>
   <trkpt lon="-9.114016" lat="39.158714"><ele>228.5</ele></trkpt>
   <trkpt lon="-9.113946" lat="39.159039"><ele>231.1</ele></trkpt>
   <trkpt lon="-9.113900" lat="39.159470"><ele>234.0</ele><sym>right</sym></trkpt>
   <trkpt lon="-9.113744" lat="39.159486"><ele>236.8</ele></trkpt>
   <trkpt lon="-9.113611" lat="39.159508"><ele>239.2</ele></trkpt>
   <trkpt lon="-9.113504" lat="39.159543"><ele>241.4</ele></trkpt>
   <trkpt lon="-9.113422" lat="39.159601"><ele>243.5</ele></trkpt>
   <trkpt lon="-9.112944" lat="39.160065"><ele>246.0</ele></trkpt>
   <trkpt lon="-9.112857" lat="39.160122"><ele>248.2</ele></trkpt>
   <trkpt lon="-9.112745" lat="39.160189"><ele>250.4</ele></trkpt>
   <trkpt lon="-9.112570" lat="39.160251"><ele>252.9</ele></trkpt>
   <trkpt lon="-9.110940" lat="39.160766"><ele>255.4</ele><sym>pass_place</sym><type>Shaping</type></trkpt>
   <trkpt lon="-9.110936" lat="39.160767"><ele>255.5</ele></trkpt>
   <trkpt lon="-9.110773" lat="39.160835"><ele>257.5</ele></trkpt>
   <trkpt lon="-9.110628" lat="39.160921"><ele>259.9</ele></trkpt>
   <trkpt lon="-9.110056" lat="39.161368"><ele>264.0</ele></trkpt>
   <trkpt lon="-9.109870" lat="39.161505"><ele>268.3</ele></trkpt>
   <trkpt lon="-9.109750" lat="39.161581"><ele>271.3</ele></trkpt>
   <trkpt lon="-9.109565" lat="39.161675"><ele>274.8</ele></trkpt>
   <trkpt lon="-9.109013" lat="39.161918"><ele>278.6</ele></trkpt>
   <trkpt lon="-9.106702" lat="39.162938"><ele>282.4</ele></trkpt>
   <trkpt lon="-9.106496" lat="39.163017"><ele>285.9</ele></trkpt>
   <trkpt lon="-9.106175" lat="39.163104"><ele>289.3</ele></trkpt>
   <trkpt lon="-9.105314" lat="39.163317"><ele>292.7</ele></trkpt>
   <trkpt lon="-9.104597" lat="39.163502"><ele>295.7</ele></trkpt>
   <trkpt lon="-9.104461" lat="39.163539"><ele>298.2</ele></trkpt>
   <trkpt lon="-9.104384" lat="39.163572"><ele>299.1</ele></trkpt>
   <trkpt lon="-9.104323" lat="39.163603"><ele>300.5</ele></trkpt>
   <trkpt lon="-9.104236" lat="39.163653"><ele>302.5</ele></trkpt>
   <trkpt lon="-9.102999" lat="39.164574"><ele>305.7</ele></trkpt>
   <trkpt lon="-9.102705" lat="39.164770"><ele>309.6</ele></trkpt>
   <trkpt lon="-9.102538" lat="39.164867"><ele>313.3</ele></trkpt>
   <trkpt lon="-9.096371" lat="39.167796"><ele>316.9</ele></trkpt>
   <trkpt lon="-9.095855" lat="39.168008"><ele>321.7</ele></trkpt>
   <trkpt lon="-9.093788" lat="39.168803"><ele>326.6</ele></trkpt>
   <trkpt lon="-9.091180" lat="39.169808"><ele>332.1</ele><sym>pass_place</sym><type>Shaping</type></trkpt>
   <trkpt lon="-9.091177" lat="39.169809"><ele>332.2</ele></trkpt>
   <trkpt lon="-9.090743" lat="39.170020"><ele>338.0</ele></trkpt>
   <trkpt lon="-9.089519" lat="39.170683"><ele>342.4</ele></trkpt>
   <trkpt lon="-9.089264" lat="39.170829"><ele>346.6</ele></trkpt>
   <trkpt lon="-9.088772" lat="39.171149"><ele>349.9</ele></trkpt>
   <trkpt lon="-9.088227" lat="39.171530"><ele>352.7</ele></trkpt>
   <trkpt lon="-9.088056" lat="39.171690"><ele>355.5</ele></trkpt>
   <trkpt lon="-9.087933" lat="39.171846"><ele>358.4</ele></trkpt>
   <trkpt lon="-9.087844" lat="39.172002"><ele>360.4</ele></trkpt>
   <trkpt lon="-9.087781" lat="39.172162"><ele>362.4</ele></trkpt>
   <trkpt lon="-9.087715" lat="39.172448"><ele>364.2</ele></trkpt>
   <trkpt lon="-9.087649" lat="39.172618"><ele>365.7</ele></trkpt>
   <trkpt lon="-9.087532" lat="39.172793"><ele>367.1</ele></trkpt>
   <trkpt lon="-9.087349" lat="39.173040"><ele>368.5</ele></trkpt>
   <trkpt lon="-9.087256" lat="39.173146"><ele>370.3</ele></trkpt>
   <trkpt lon="-9.087147" lat="39.173232"><ele>372.0</ele></trkpt>
   <trkpt lon="-9.087006" lat="39.173317"><ele>373.5</ele></trkpt>
   <trkpt lon="-9.086691" lat="39.173447"><ele>375.0</ele></trkpt>
   <trkpt lon="-9.086224" lat="39.173623"><ele>376.4</ele></trkpt>
   <trkpt lon="-9.085461" lat="39.173922"><ele>377.8</ele></trkpt>
   <trkpt lon="-9.085414" lat="39.173940"><ele>378.8</ele></trkpt>
   <trkpt lon="-9.085267" lat="39.173999"><ele>381.0</ele></trkpt>
   <trkpt lon="-9.085168" lat="39.174056"><ele>383.2</ele></trkpt>
   <trkpt lon="-9.085091" lat="39.174129"><ele>385.5</ele></trkpt>
   <trkpt lon="-9.085029" lat="39.174208"><ele>387.7</ele></trkpt>
   <trkpt lon="-9.084988" lat="39.174293"><ele>389.5</ele></trkpt>
   <trkpt lon="-9.084753" lat="39.174892"><ele>391.2</ele></trkpt>
   <trkpt lon="-9.084738" lat="39.174966"><ele>392.6</ele></trkpt>
   <trkpt lon="-9.084743" lat="39.175009"><ele>393.7</ele></trkpt>
   <trkpt lon="-9.084767" lat="39.175085"><ele>394.7</ele></trkpt>
   <trkpt lon="-9.084796" lat="39.175138"><ele>395.6</ele></trkpt>
   <trkpt lon="-9.084823" lat="39.175167"><ele>396.3</ele></trkpt>
   <trkpt lon="-9.085058" lat="39.175332"><ele>395.9</ele></trkpt>
   <trkpt lon="-9.085147" lat="39.175419"><ele>395.4</ele></trkpt>
   <trkpt lon="-9.085229" lat="39.175550"><ele>395.0</ele></trkpt>
   <trkpt lon="-9.085294" lat="39.175674"><ele>394.5</ele></trkpt>
   <trkpt lon="-9.085351" lat="39.175818"><ele>394.1</ele></trkpt>
   <trkpt lon="-9.085389" lat="39.175978"><ele>393.8</ele></trkpt>
   <trkpt lon="-9.085389" lat="39.176073"><ele>393.8</ele></trkpt>
   <trkpt lon="-9.085356" lat="39.176164"><ele>394.5</ele></trkpt>
   <trkpt lon="-9.085299" lat="39.176236"><ele>395.4</ele></trkpt>
   <trkpt lon="-9.085238" lat="39.176283"><ele>396.5</ele></trkpt>
   <trkpt lon="-9.085170" lat="39.176308"><ele>397.9</ele></trkpt>
   <trkpt lon="-9.085099" lat="39.176319"><ele>399.2</ele></trkpt>
   <trkpt lon="-9.084685" lat="39.176305"><ele>400.7</ele></trkpt>
   <trkpt lon="-9.084600" lat="39.176314"><ele>402.3</ele></trkpt>
   <trkpt lon="-9.084505" lat="39.176337"><ele>403.8</ele></trkpt>
   <trkpt lon="-9.084429" lat="39.176373"><ele>405.2</ele></trkpt>
   <trkpt lon="-9.084353" lat="39.176420"><ele>406.6</ele></trkpt>
   <trkpt lon="-9.084258" lat="39.176522"><ele>407.9</ele></trkpt>
   <trkpt lon="-9.084047" lat="39.176799"><ele>408.6</ele></trkpt>
   <trkpt lon="-9.083968" lat="39.176868"><ele>409.2</ele></trkpt>
   <trkpt lon="-9.083898" lat="39.176938"><ele>409.7</ele></trkpt>
   <trkpt lon="-9.083786" lat="39.177028"><ele>409.9</ele></trkpt>
   <trkpt lon="-9.083680" lat="39.177082"><ele>410.0</ele></trkpt>
   <trkpt lon="-9.083540" lat="39.177116"><ele>410.0</ele></trkpt>
   <trkpt lon="-9.083422" lat="39.177128"><ele>410.2</ele></trkpt>
   <trkpt lon="-9.083314" lat="39.177122"><ele>410.6</ele></trkpt>
   <trkpt lon="-9.083198" lat="39.177097"><ele>411.1</ele></trkpt>
   <trkpt lon="-9.083035" lat="39.177032"><ele>411.7</ele></trkpt>
   <trkpt lon="-9.082812" lat="39.176915"><ele>412.3</ele></trkpt>
   <trkpt lon="-9.082626" lat="39.176785"><ele>413.0</ele></trkpt>
   <trkpt lon="-9.082577" lat="39.176714"><ele>414.1</ele></trkpt>
   <trkpt lon="-9.082548" lat="39.176636"><ele>415.1</ele></trkpt>
   <trkpt lon="-9.082544" lat="39.176571"><ele>416.3</ele></trkpt>
   <trkpt lon="-9.082572" lat="39.176492"><ele>417.5</ele></trkpt>
   <trkpt lon="-9.082620" lat="39.176431"><ele>418.9</ele></trkpt>
   <trkpt lon="-9.082885" lat="39.176229"><ele>420.0</ele></trkpt>
   <trkpt lon="-9.082943" lat="39.176174"><ele>420.9</ele></trkpt>
   <trkpt lon="-9.082985" lat="39.176100"><ele>421.8</ele></trkpt>
   <trkpt lon="-9.082995" lat="39.176034"><ele>422.7</ele></trkpt>
   <trkpt lon="-9.082989" lat="39.175981"><ele>423.7</ele></trkpt>
   <trkpt lon="-9.082967" lat="39.175924"><ele>424.7</ele></trkpt>
   <trkpt lon="-9.082923" lat="39.175859"><ele>425.7</ele></trkpt>
   <trkpt lon="-9.082849" lat="39.175793"><ele>426.7</ele></trkpt>
   <trkpt lon="-9.082760" lat="39.175742"><ele>427.7</ele></trkpt>
   <trkpt lon="-9.082598" lat="39.175684"><ele>428.8</ele></trkpt>
   <trkpt lon="-9.082392" lat="39.175626"><ele>430.0</ele></trkpt>
   <trkpt lon="-9.082228" lat="39.175593"><ele>431.4</ele></trkpt>
   <trkpt lon="-9.082077" lat="39.175577"><ele>433.4</ele></trkpt>
   <trkpt lon="-9.081543" lat="39.175573"><ele>435.6</ele></trkpt>
   <trkpt lon="-9.081231" lat="39.175577"><ele>437.8</ele></trkpt>
   <trkpt lon="-9.080975" lat="39.175600"><ele>440.1</ele></trkpt>
   <trkpt lon="-9.080645" lat="39.175657"><ele>443.0</ele></trkpt>
   <trkpt lon="-9.079787" lat="39.175834"><ele>445.7</ele></trkpt>
   <trkpt lon="-9.079554" lat="39.175896"><ele>448.5</ele></trkpt>
   <trkpt lon="-9.079321" lat="39.175970"><ele>451.5</ele></trkpt>
   <trkpt lon="-9.079042" lat="39.176087"><ele>454.7</ele></trkpt>
   <trkpt lon="-9.077714" lat="39.176712"><ele>458.4</ele><sym>pass_place</sym><type>Shaping</type></trkpt>
   <trkpt lon="-9.077710" lat="39.176714"><ele>458.4</ele></trkpt>
   <trkpt lon="-9.077526" lat="39.176777"><ele>462.2</ele></trkpt>
   <trkpt lon="-9.077349" lat="39.176817"><ele>465.7</ele></trkpt>
   <trkpt lon="-9.077101" lat="39.176847"><ele>470.5</ele></trkpt>
   <trkpt lon="-9.076350" lat="39.176889"><ele>475.7</ele></trkpt>
   <trkpt lon="-9.076036" lat="39.176919"><ele>480.4</ele></trkpt>
   <trkpt lon="-9.074784" lat="39.177119"><ele>485.3</ele></trkpt>
   <trkpt lon="-9.074471" lat="39.177198"><ele>490.0</ele></trkpt>
   <trkpt lon="-9.072740" lat="39.177710"><ele>494.5</ele></trkpt>
   <trkpt lon="-9.072059" lat="39.177910"><ele>498.8</ele></trkpt>
   <trkpt lon="-9.071771" lat="39.178001"><ele>502.4</ele></trkpt>
   <trkpt lon="-9.071578" lat="39.178073"><ele>506.0</ele></trkpt>
   <trkpt lon="-9.071254" lat="39.178220"><ele>508.8</ele></trkpt>
   <trkpt lon="-9.070770" lat="39.178452"><ele>511.5</ele></trkpt>
   <trkpt lon="-9.070587" lat="39.178530"><ele>513.0</ele></trkpt>
   <trkpt lon="-9.070429" lat="39.178581"><ele>514.6</ele></trkpt>
   <trkpt lon="-9.070300" lat="39.178605"><ele>516.4</ele></trkpt>
   <trkpt lon="-9.070141" lat="39.178624"><ele>517.8</ele></trkpt>
   <trkpt lon="-9.069996" lat="39.178617"><ele>519.3</ele></trkpt>
   <trkpt lon="-9.069789" lat="39.178591"><ele>521.0</ele></trkpt>
   <trkpt lon="-9.069246" lat="39.178518"><ele>522.9</ele></trkpt>
   <trkpt lon="-9.068212" lat="39.178365"><ele>524.8</ele></trkpt>
   <trkpt lon="-9.067742" lat="39.178304"><ele>527.6</ele></trkpt>
   <trkpt lon="-9.067587" lat="39.178295"><ele>530.3</ele></trkpt>
   <trkpt lon="-9.067434" lat="39.178301"><ele>533.0</ele></trkpt>
   <trkpt lon="-9.067277" lat="39.178324"><ele>535.6</ele></trkpt>
   <trkpt lon="-9.067111" lat="39.178376"><ele>537.7</ele></trkpt>
   <trkpt lon="-9.065719" lat="39.178907"><ele>539.2</ele></trkpt>
   <trkpt lon="-9.065513" lat="39.178976"><ele>540.7</ele></trkpt>
   <trkpt lon="-9.065286" lat="39.179035"><ele>541.9</ele></trkpt>
   <trkpt lon="-9.064955" lat="39.179106"><ele>542.5</ele></trkpt>
   <trkpt lon="-9.064178" lat="39.179255"><ele>542.1</ele></trkpt>
   <trkpt lon="-9.064008" lat="39.179296"><ele>541.4</ele></trkpt>
   <trkpt lon="-9.063840" lat="39.179353"><ele>539.7</ele></trkpt>
   <trkpt lon="-9.063638" lat="39.179449"><ele>537.8</ele></trkpt>
   <trkpt lon="-9.063329" lat="39.179627"><ele>535.6</ele></trkpt>
   <trkpt lon="-9.062741" lat="39.179967"><ele>533.1</ele></trkpt>
   <trkpt lon="-9.062496" lat="39.180094"><ele>530.4</ele></trkpt>
   <trkpt lon="-9.062299" lat="39.180175"><ele>527.8</ele></trkpt>
   <trkpt lon="-9.062057" lat="39.180254"><ele>525.4</ele></trkpt>
   <trkpt lon="-9.061853" lat="39.180297"><ele>523.0</ele></trkpt>
   <trkpt lon="-9.061646" lat="39.180314"><ele>521.2</ele></trkpt>
   <trkpt lon="-9.061466" lat="39.180315"><ele>520.0</ele></trkpt>
   <trkpt lon="-9.061290" lat="39.180296"><ele>519.0</ele></trkpt>
   <trkpt lon="-9.061128" lat="39.180258"><ele>518.0</ele></trkpt>
   <trkpt lon="-9.060995" lat="39.180216"><ele>517.0</ele></trkpt>
   <trkpt lon="-9.060841" lat="39.180143"><ele>516.1</ele></trkpt>
   <trkpt lon="-9.060708" lat="39.180050"><ele>515.6</ele></trkpt>
   <trkpt lon="-9.060609" lat="39.179959"><ele>515.2</ele></trkpt>
   <trkpt lon="-9.060479" lat="39.179810"><ele>514.8</ele></trkpt>
   <trkpt lon="-9.060034" lat="39.179215"><ele>514.3</ele></trkpt>
   <trkpt lon="-9.059978" lat="39.179152"><ele>513.8</ele></trkpt>
   <trkpt lon="-9.059920" lat="39.179103"><ele>513.3</ele></trkpt>
   <trkpt lon="-9.059845" lat="39.179063"><ele>512.6</ele></trkpt>
   <trkpt lon="-9.059772" lat="39.179041"><ele>512.1</ele></trkpt>
   <trkpt lon="-9.059707" lat="39.179035"><ele>511.6</ele></trkpt>
   <trkpt lon="-9.059590" lat="39.179054"><ele>511.5</ele></trkpt>
   <trkpt lon="-9.059518" lat="39.179091"><ele>511.4</ele></trkpt>
   <trkpt lon="-9.059403" lat="39.179173"><ele>511.6</ele></trkpt>
   <trkpt lon="-9.058967" lat="39.179596"><ele>512.2</ele><sym>pass_place</sym><type>Shaping</type></trkpt>
   <trkpt lon="-9.058866" lat="39.179683"><ele>513.0</ele></trkpt>
   <trkpt lon="-9.058781" lat="39.179744"><ele>513.9</ele></trkpt>
   <trkpt lon="-9.058688" lat="39.179798"><ele>515.1</ele></trkpt>
   <trkpt lon="-9.058275" lat="39.179996"><ele>516.4</ele></trkpt>
   <trkpt lon="-9.057757" lat="39.180230"><ele>517.9</ele><sym>right_slight</sym></trkpt>
   <trkpt lon="-9.057565" lat="39.180235"><ele>519.4</ele></trkpt>
   <trkpt lon="-9.057381" lat="39.180204"><ele>520.9</ele></trkpt>
   <trkpt lon="-9.057263" lat="39.180168"><ele>522.4</ele><sym>right_slight</sym></trkpt>
   <trkpt lon="-9.057215" lat="39.180120"><ele>523.7</ele></trkpt>
   <trkpt lon="-9.057142" lat="39.180063"><ele>524.8</ele></trkpt>
   <trkpt lon="-9.056919" lat="39.179916"><ele>525.5</ele></trkpt>
   <trkpt lon="-9.056515" lat="39.179676"><ele>526.2</ele></trkpt>
   <trkpt lon="-9.056438" lat="39.179637"><ele>526.8</ele></trkpt>
   <trkpt lon="-9.056381" lat="39.179621"><ele>527.3</ele></trkpt>
   <trkpt lon="-9.056328" lat="39.179616"><ele>527.7</ele><sym>right</sym></trkpt>
   <trkpt lon="-9.056278" lat="39.179497"><ele>528.0</ele></trkpt>
   <trkpt lon="-9.056210" lat="39.179405"><ele>528.4</ele></trkpt>
   <trkpt lon="-9.055876" lat="39.179094"><ele>528.8</ele></trkpt>
   <trkpt lon="-9.055765" lat="39.178985"><ele>529.5</ele></trkpt>
   <trkpt lon="-9.055720" lat="39.178925"><ele>530.3</ele></trkpt>
   <trkpt lon="-9.055691" lat="39.178868"><ele>531.2</ele></trkpt>
   <trkpt lon="-9.055686" lat="39.178817"><ele>532.1</ele></trkpt>
   <trkpt lon="-9.055691" lat="39.178743"><ele>533.2</ele></trkpt>
   <trkpt lon="-9.055708" lat="39.178672"><ele>534.4</ele></trkpt>
   <trkpt lon="-9.055745" lat="39.178606"><ele>536.0</ele></trkpt>
   <trkpt lon="-9.055787" lat="39.178576"><ele>537.1</ele></trkpt>
   <trkpt lon="-9.055847" lat="39.178548"><ele>538.4</ele></trkpt>
   <trkpt lon="-9.055947" lat="39.178524"><ele>540.2</ele></trkpt>
   <trkpt lon="-9.056079" lat="39.178526"><ele>541.8</ele></trkpt>
   <trkpt lon="-9.056482" lat="39.178563"><ele>543.2</ele></trkpt>
   <trkpt lon="-9.056858" lat="39.178610"><ele>544.5</ele></trkpt>
   <trkpt lon="-9.056992" lat="39.178618"><ele>545.8</ele></trkpt>
   <trkpt lon="-9.057195" lat="39.178606"><ele>547.1</ele></trkpt>
   <trkpt lon="-9.057607" lat="39.178552"><ele>548.4</ele></trkpt>
   <trkpt lon="-9.057702" lat="39.178518"><ele>549.7</ele></trkpt>
   <trkpt lon="-9.057771" lat="39.178466"><ele>550.8</ele></trkpt>
   <trkpt lon="-9.057820" lat="39.178390"><ele>551.7</ele></trkpt>
   <trkpt lon="-9.057846" lat="39.178296"><ele>552.7</ele></trkpt>
   <trkpt lon="-9.057818" lat="39.178203"><ele>553.8</ele></trkpt>
   <trkpt lon="-9.057748" lat="39.178109"><ele>555.1</ele></trkpt>
   <trkpt lon="-9.057656" lat="39.178013"><ele>556.6</ele></trkpt>
   <trkpt lon="-9.057532" lat="39.177948"><ele>558.1</ele></trkpt>
   <trkpt lon="-9.057419" lat="39.177900"><ele>559.7</ele></trkpt>
   <trkpt lon="-9.056815" lat="39.177690"><ele>561.6</ele></trkpt>
   <trkpt lon="-9.056695" lat="39.177622"><ele>563.4</ele></trkpt>
   <trkpt lon="-9.056664" lat="39.177588"><ele>564.4</ele></trkpt>
   <trkpt lon="-9.056629" lat="39.177526"><ele>566.1</ele></trkpt>
   <trkpt lon="-9.056609" lat="39.177466"><ele>567.6</ele></trkpt>
   <trkpt lon="-9.056580" lat="39.177060"><ele>569.5</ele></trkpt>
   <trkpt lon="-9.056580" lat="39.176922"><ele>571.6</ele></trkpt>
   <trkpt lon="-9.056592" lat="39.176847"><ele>573.4</ele></trkpt>
   <trkpt lon="-9.056615" lat="39.176772"><ele>575.3</ele></trkpt>
   <trkpt lon="-9.056707" lat="39.176595"><ele>577.1</ele></trkpt>
   <trkpt lon="-9.056784" lat="39.176472"><ele>579.0</ele></trkpt>
   <trkpt lon="-9.056830" lat="39.176414"><ele>580.5</ele></trkpt>
   <trkpt lon="-9.056891" lat="39.176363"><ele>582.0</ele></trkpt>
   <trkpt lon="-9.056957" lat="39.176329"><ele>583.4</ele></trkpt>
   <trkpt lon="-9.057036" lat="39.176304"><ele>584.7</ele></trkpt>
   <trkpt lon="-9.057288" lat="39.176259"><ele>585.8</ele></trkpt>
   <trkpt lon="-9.057392" lat="39.176250"><ele>586.9</ele></trkpt>
   <trkpt lon="-9.057476" lat="39.176255"><ele>587.9</ele></trkpt>
   <trkpt lon="-9.057563" lat="39.176273"><ele>588.8</ele></trkpt>
   <trkpt lon="-9.057644" lat="39.176298"><ele>589.9</ele></trkpt>
   <trkpt lon="-9.057770" lat="39.176349"><ele>591.1</ele></trkpt>
   <trkpt lon="-9.058383" lat="39.176606"><ele>592.3</ele></trkpt>
   <trkpt lon="-9.058463" lat="39.176637"><ele>593.6</ele></trkpt>
   <trkpt lon="-9.058648" lat="39.176691"><ele>594.9</ele></trkpt>
   <trkpt lon="-9.058798" lat="39.176721"><ele>596.3</ele></trkpt>
   <trkpt lon="-9.058976" lat="39.176735"><ele>597.8</ele></trkpt>
   <trkpt lon="-9.059164" lat="39.176741"><ele>599.6</ele></trkpt>
   <trkpt lon="-9.059297" lat="39.176739"><ele>601.3</ele></trkpt>
   <trkpt lon="-9.059437" lat="39.176718"><ele>603.2</ele></trkpt>
   <trkpt lon="-9.059573" lat="39.176679"><ele>605.3</ele></trkpt>
   <trkpt lon="-9.059729" lat="39.176620"><ele>607.4</ele></trkpt>
   <trkpt lon="-9.060279" lat="39.176370"><ele>609.3</ele></trkpt>
   <trkpt lon="-9.060485" lat="39.176270"><ele>611.1</ele></trkpt>
   <trkpt lon="-9.060629" lat="39.176211"><ele>612.8</ele></trkpt>
   <trkpt lon="-9.060835" lat="39.176161"><ele>614.5</ele></trkpt>
   <trkpt lon="-9.061292" lat="39.176067"><ele>616.2</ele></trkpt>
   <trkpt lon="-9.061375" lat="39.176038"><ele>617.9</ele></trkpt>
   <trkpt lon="-9.061445" lat="39.176002"><ele>619.5</ele></trkpt>
   <trkpt lon="-9.061495" lat="39.175956"><ele>620.9</ele></trkpt>
   <trkpt lon="-9.061526" lat="39.175895"><ele>622.2</ele></trkpt>
   <trkpt lon="-9.061543" lat="39.175839"><ele>623.4</ele></trkpt>
   <trkpt lon="-9.061539" lat="39.175779"><ele>624.4</ele></trkpt>
   <trkpt lon="-9.061513" lat="39.175721"><ele>625.8</ele></trkpt>
   <trkpt lon="-9.061480" lat="39.175670"><ele>627.2</ele></trkpt>
   <trkpt lon="-9.061417" lat="39.175620"><ele>628.8</ele></trkpt>
   <trkpt lon="-9.061336" lat="39.175575"><ele>630.5</ele></trkpt>
   <trkpt lon="-9.061256" lat="39.175543"><ele>632.2</ele></trkpt>
   <trkpt lon="-9.060733" lat="39.175358"><ele>634.0</ele></trkpt>
   <trkpt lon="-9.060410" lat="39.175238"><ele>635.6</ele></trkpt>
   <trkpt lon="-9.060287" lat="39.175180"><ele>636.9</ele></trkpt>
   <trkpt lon="-9.060158" lat="39.175096"><ele>638.1</ele></trkpt>
   <trkpt lon="-9.059436" lat="39.174585"><ele>639.3</ele></trkpt>
   <trkpt lon="-9.059418" lat="39.174572"><ele>639.8</ele></trkpt>
   <trkpt lon="-9.059385" lat="39.174553"><ele>640.5</ele></trkpt>
   <trkpt lon="-9.059161" lat="39.174388"><ele>640.9</ele></trkpt>
   <trkpt lon="-9.058943" lat="39.174235"><ele>641.1</ele></trkpt>
   <trkpt lon="-9.058628" lat="39.174013"><ele>641.1</ele></trkpt>
   <trkpt lon="-9.058539" lat="39.173958"><ele>640.8</ele></trkpt>
   <trkpt lon="-9.058459" lat="39.173919"><ele>641.2</ele></trkpt>
   <trkpt lon="-9.058384" lat="39.173890"><ele>642.3</ele></trkpt>
   <trkpt lon="-9.058311" lat="39.173873"><ele>643.4</ele></trkpt>
   <trkpt lon="-9.058235" lat="39.173862"><ele>644.0</ele></trkpt>
   <trkpt lon="-9.058132" lat="39.173859"><ele>644.8</ele></trkpt>
   <trkpt lon="-9.054044" lat="39.174133"><ele>645.1</ele><sym>pass_place</sym><type>Shaping</type></trkpt>
   <trkpt lon="-9.053135" lat="39.174183"><ele>645.4</ele><sym>pass_place</sym><type>Shaping</type></trkpt>
   <trkpt lon="-9.053021" lat="39.174178"><ele>646.2</ele><sym>left_slight</sym></trkpt>
   <trkpt lon="-9.052659" lat="39.174355"><ele>646.9</ele></trkpt>
   <trkpt lon="-9.052096" lat="39.174174"><ele>648.2</ele></trkpt>
   <trkpt lon="-9.051645" lat="39.174366"><ele>649.5</ele><sym>pass_place</sym><type>Shaping</type></trkpt>
   <trkpt lon="-9.051645" lat="39.174366"><ele>649.5</ele></trkpt>
   <trkpt lon="-9.052096" lat="39.174174"><ele>648.2</ele></trkpt>
   <trkpt lon="-9.052659" lat="39.174355"><ele>646.9</ele></trkpt>
   <trkpt lon="-9.053021" lat="39.174178"><ele>646.2</ele><sym>right_slight</sym></trkpt>
   <trkpt lon="-9.053135" lat="39.174183"><ele>645.4</ele></trkpt>
   <trkpt lon="-9.054044" lat="39.174133"><ele>645.1</ele></trkpt>
   <trkpt lon="-9.058132" lat="39.173859"><ele>644.8</ele></trkpt>
   <trkpt lon="-9.058235" lat="39.173862"><ele>644.0</ele></trkpt>
   <trkpt lon="-9.058311" lat="39.173873"><ele>643.4</ele></trkpt>
   <trkpt lon="-9.058384" lat="39.173890"><ele>642.3</ele></trkpt>
   <trkpt lon="-9.058459" lat="39.173919"><ele>641.2</ele></trkpt>
   <trkpt lon="-9.058539" lat="39.173958"><ele>640.8</ele></trkpt>
   <trkpt lon="-9.058628" lat="39.174013"><ele>641.1</ele></trkpt>
   <trkpt lon="-9.058943" lat="39.174235"><ele>641.1</ele></trkpt>
   <trkpt lon="-9.059161" lat="39.174388"><ele>640.9</ele></trkpt>
   <trkpt lon="-9.059385" lat="39.174553"><ele>640.5</ele></trkpt>
   <trkpt lon="-9.059418" lat="39.174572"><ele>639.8</ele></trkpt>
   <trkpt lon="-9.059436" lat="39.174585"><ele>639.3</ele></trkpt>
   <trkpt lon="-9.060158" lat="39.175096"><ele>638.1</ele></trkpt>
   <trkpt lon="-9.060287" lat="39.175180"><ele>636.9</ele></trkpt>
   <trkpt lon="-9.060410" lat="39.175238"><ele>635.6</ele></trkpt>
   <trkpt lon="-9.060733" lat="39.175358"><ele>634.0</ele></trkpt>
   <trkpt lon="-9.061256" lat="39.175543"><ele>632.2</ele></trkpt>
   <trkpt lon="-9.061336" lat="39.175575"><ele>630.5</ele></trkpt>
   <trkpt lon="-9.061417" lat="39.175620"><ele>628.8</ele></trkpt>
   <trkpt lon="-9.061480" lat="39.175670"><ele>627.2</ele></trkpt>
   <trkpt lon="-9.061513" lat="39.175721"><ele>625.8</ele></trkpt>
   <trkpt lon="-9.061539" lat="39.175779"><ele>624.4</ele></trkpt>
   <trkpt lon="-9.061543" lat="39.175839"><ele>623.4</ele></trkpt>
   <trkpt lon="-9.061526" lat="39.175895"><ele>622.2</ele></trkpt>
   <trkpt lon="-9.061495" lat="39.175956"><ele>620.9</ele></trkpt>
   <trkpt lon="-9.061445" lat="39.176002"><ele>619.5</ele></trkpt>
   <trkpt lon="-9.061375" lat="39.176038"><ele>617.9</ele></trkpt>
   <trkpt lon="-9.061292" lat="39.176067"><ele>616.2</ele></trkpt>
   <trkpt lon="-9.060835" lat="39.176161"><ele>614.5</ele></trkpt>
   <trkpt lon="-9.060629" lat="39.176211"><ele>612.8</ele></trkpt>
   <trkpt lon="-9.060485" lat="39.176270"><ele>611.1</ele></trkpt>
   <trkpt lon="-9.060279" lat="39.176370"><ele>609.3</ele></trkpt>
   <trkpt lon="-9.059729" lat="39.176620"><ele>607.4</ele></trkpt>
   <trkpt lon="-9.059573" lat="39.176679"><ele>605.3</ele></trkpt>
   <trkpt lon="-9.059437" lat="39.176718"><ele>603.2</ele></trkpt>
   <trkpt lon="-9.059297" lat="39.176739"><ele>601.3</ele></trkpt>
   <trkpt lon="-9.059164" lat="39.176741"><ele>599.6</ele></trkpt>
   <trkpt lon="-9.058976" lat="39.176735"><ele>597.8</ele></trkpt>
   <trkpt lon="-9.058798" lat="39.176721"><ele>596.3</ele></trkpt>
   <trkpt lon="-9.058648" lat="39.176691"><ele>594.9</ele></trkpt>
   <trkpt lon="-9.058463" lat="39.176637"><ele>593.6</ele></trkpt>
   <trkpt lon="-9.058383" lat="39.176606"><ele>592.3</ele></trkpt>
   <trkpt lon="-9.057770" lat="39.176349"><ele>591.1</ele></trkpt>
   <trkpt lon="-9.057644" lat="39.176298"><ele>589.9</ele></trkpt>
   <trkpt lon="-9.057563" lat="39.176273"><ele>588.8</ele></trkpt>
   <trkpt lon="-9.057476" lat="39.176255"><ele>587.9</ele></trkpt>
   <trkpt lon="-9.057392" lat="39.176250"><ele>586.9</ele></trkpt>
   <trkpt lon="-9.057288" lat="39.176259"><ele>585.8</ele></trkpt>
   <trkpt lon="-9.057036" lat="39.176304"><ele>584.7</ele></trkpt>
   <trkpt lon="-9.056957" lat="39.176329"><ele>583.4</ele></trkpt>
   <trkpt lon="-9.056891" lat="39.176363"><ele>582.0</ele></trkpt>
   <trkpt lon="-9.056830" lat="39.176414"><ele>580.5</ele></trkpt>
   <trkpt lon="-9.056784" lat="39.176472"><ele>579.0</ele></trkpt>
   <trkpt lon="-9.056707" lat="39.176595"><ele>577.1</ele></trkpt>
   <trkpt lon="-9.056615" lat="39.176772"><ele>575.3</ele></trkpt>
   <trkpt lon="-9.056592" lat="39.176847"><ele>573.4</ele></trkpt>
   <trkpt lon="-9.056580" lat="39.176922"><ele>571.6</ele></trkpt>
   <trkpt lon="-9.056580" lat="39.177060"><ele>569.5</ele></trkpt>
   <trkpt lon="-9.056609" lat="39.177466"><ele>567.6</ele></trkpt>
   <trkpt lon="-9.056629" lat="39.177526"><ele>566.1</ele></trkpt>
   <trkpt lon="-9.056664" lat="39.177588"><ele>564.4</ele></trkpt>
   <trkpt lon="-9.056695" lat="39.177622"><ele>563.4</ele></trkpt>
   <trkpt lon="-9.056815" lat="39.177690"><ele>561.6</ele></trkpt>
   <trkpt lon="-9.057419" lat="39.177900"><ele>559.7</ele></trkpt>
   <trkpt lon="-9.057532" lat="39.177948"><ele>558.1</ele></trkpt>
   <trkpt lon="-9.057656" lat="39.178013"><ele>556.6</ele></trkpt>
   <trkpt lon="-9.057748" lat="39.178109"><ele>555.1</ele></trkpt>
   <trkpt lon="-9.057818" lat="39.178203"><ele>553.8</ele></trkpt>
   <trkpt lon="-9.057846" lat="39.178296"><ele>552.7</ele></trkpt>
   <trkpt lon="-9.057820" lat="39.178390"><ele>551.7</ele></trkpt>
   <trkpt lon="-9.057771" lat="39.178466"><ele>550.8</ele></trkpt>
   <trkpt lon="-9.057702" lat="39.178518"><ele>549.7</ele></trkpt>
   <trkpt lon="-9.057607" lat="39.178552"><ele>548.8</ele></trkpt>
   <trkpt lon="-9.057195" lat="39.178606"><ele>548.1</ele></trkpt>
   <trkpt lon="-9.056992" lat="39.178618"><ele>547.2</ele></trkpt>
   <trkpt lon="-9.056858" lat="39.178610"><ele>546.2</ele></trkpt>
   <trkpt lon="-9.056482" lat="39.178563"><ele>545.1</ele><sym>u-turn_right</sym></trkpt>
   <trkpt lon="-9.056480" lat="39.178560"><ele>545.0</ele><sym>pass_place</sym><type>Shaping</type></trkpt>
   <trkpt lon="-9.056482" lat="39.178563"><ele>544.9</ele></trkpt>
   <trkpt lon="-9.056079" lat="39.178526"><ele>543.4</ele></trkpt>
   <trkpt lon="-9.055947" lat="39.178524"><ele>541.7</ele></trkpt>
   <trkpt lon="-9.055847" lat="39.178548"><ele>539.9</ele></trkpt>
   <trkpt lon="-9.055787" lat="39.178576"><ele>538.6</ele></trkpt>
   <trkpt lon="-9.055745" lat="39.178606"><ele>537.5</ele></trkpt>
   <trkpt lon="-9.055708" lat="39.178672"><ele>535.9</ele></trkpt>
   <trkpt lon="-9.055691" lat="39.178743"><ele>534.7</ele></trkpt>
   <trkpt lon="-9.055686" lat="39.178817"><ele>533.6</ele></trkpt>
   <trkpt lon="-9.055691" lat="39.178868"><ele>532.7</ele></trkpt>
   <trkpt lon="-9.055720" lat="39.178925"><ele>531.8</ele></trkpt>
   <trkpt lon="-9.055765" lat="39.178985"><ele>531.0</ele></trkpt>
   <trkpt lon="-9.055876" lat="39.179094"><ele>530.3</ele></trkpt>
   <trkpt lon="-9.056210" lat="39.179405"><ele>529.9</ele></trkpt>
   <trkpt lon="-9.056278" lat="39.179497"><ele>529.5</ele></trkpt>
   <trkpt lon="-9.056328" lat="39.179616"><ele>529.2</ele><sym>left_slight</sym></trkpt>
   <trkpt lon="-9.056381" lat="39.179621"><ele>528.7</ele></trkpt>
   <trkpt lon="-9.056438" lat="39.179637"><ele>528.3</ele></trkpt>
   <trkpt lon="-9.056515" lat="39.179676"><ele>527.7</ele></trkpt>
   <trkpt lon="-9.056919" lat="39.179916"><ele>527.1</ele></trkpt>
   <trkpt lon="-9.057142" lat="39.180063"><ele>526.5</ele></trkpt>
   <trkpt lon="-9.057215" lat="39.180120"><ele>525.9</ele></trkpt>
   <trkpt lon="-9.057263" lat="39.180168"><ele>525.2</ele><sym>right_slight</sym></trkpt>
   <trkpt lon="-9.057293" lat="39.180220"><ele>524.4</ele></trkpt>
   <trkpt lon="-9.057304" lat="39.180275"><ele>523.5</ele></trkpt>
   <trkpt lon="-9.057304" lat="39.180332"><ele>522.5</ele></trkpt>
   <trkpt lon="-9.057259" lat="39.180496"><ele>521.2</ele></trkpt>
   <trkpt lon="-9.057222" lat="39.180617"><ele>520.1</ele></trkpt>
   <trkpt lon="-9.057226" lat="39.180676"><ele>519.0</ele></trkpt>
   <trkpt lon="-9.057243" lat="39.180723"><ele>517.8</ele></trkpt>
   <trkpt lon="-9.057291" lat="39.180787"><ele>516.4</ele></trkpt>
   <trkpt lon="-9.057548" lat="39.181079"><ele>514.9</ele></trkpt>
   <trkpt lon="-9.057959" lat="39.181519"><ele>513.3</ele></trkpt>
   <trkpt lon="-9.058069" lat="39.181614"><ele>511.6</ele></trkpt>
   <trkpt lon="-9.058280" lat="39.181733"><ele>509.9</ele></trkpt>
   <trkpt lon="-9.058561" lat="39.181842"><ele>508.3</ele></trkpt>
   <trkpt lon="-9.058772" lat="39.181936"><ele>506.6</ele></trkpt>
   <trkpt lon="-9.059009" lat="39.182063"><ele>505.3</ele></trkpt>
   <trkpt lon="-9.059131" lat="39.182141"><ele>504.1</ele></trkpt>
   <trkpt lon="-9.059218" lat="39.182217"><ele>503.0</ele></trkpt>
   <trkpt lon="-9.059285" lat="39.182295"><ele>502.1</ele></trkpt>
   <trkpt lon="-9.059337" lat="39.182372"><ele>501.4</ele></trkpt>
   <trkpt lon="-9.059384" lat="39.182467"><ele>500.2</ele></trkpt>
   <trkpt lon="-9.059453" lat="39.182725"><ele>499.2</ele></trkpt>
   <trkpt lon="-9.059482" lat="39.182780"><ele>498.3</ele></trkpt>
   <trkpt lon="-9.059524" lat="39.182838"><ele>497.2</ele></trkpt>
   <trkpt lon="-9.059573" lat="39.182879"><ele>495.8</ele></trkpt>
   <trkpt lon="-9.061087" lat="39.183805"><ele>494.6</ele></trkpt>
   <trkpt lon="-9.061586" lat="39.184149"><ele>493.4</ele></trkpt>
   <trkpt lon="-9.061771" lat="39.184291"><ele>492.0</ele></trkpt>
   <trkpt lon="-9.062192" lat="39.184614"><ele>490.5</ele></trkpt>
   <trkpt lon="-9.062568" lat="39.184888"><ele>489.0</ele></trkpt>
   <trkpt lon="-9.062606" lat="39.184937"><ele>487.6</ele></trkpt>
   <trkpt lon="-9.062629" lat="39.184985"><ele>486.8</ele></trkpt>
   <trkpt lon="-9.062638" lat="39.185031"><ele>486.2</ele></trkpt>
   <trkpt lon="-9.062621" lat="39.185085"><ele>485.8</ele></trkpt>
   <trkpt lon="-9.062576" lat="39.185136"><ele>486.3</ele></trkpt>
   <trkpt lon="-9.062503" lat="39.185171"><ele>487.5</ele></trkpt>
   <trkpt lon="-9.062414" lat="39.185194"><ele>487.3</ele></trkpt>
   <trkpt lon="-9.062315" lat="39.185204"><ele>487.1</ele></trkpt>
   <trkpt lon="-9.062184" lat="39.185200"><ele>486.2</ele></trkpt>
   <trkpt lon="-9.061838" lat="39.185207"><ele>485.5</ele></trkpt>
   <trkpt lon="-9.061462" lat="39.185242"><ele>485.0</ele></trkpt>
   <trkpt lon="-9.060360" lat="39.185378"><ele>484.4</ele></trkpt>
   <trkpt lon="-9.060273" lat="39.185393"><ele>483.6</ele></trkpt>
   <trkpt lon="-9.058420" lat="39.185803"><ele>482.5</ele></trkpt>
   <trkpt lon="-9.058115" lat="39.185886"><ele>480.9</ele></trkpt>
   <trkpt lon="-9.057951" lat="39.185952"><ele>478.3</ele></trkpt>
   <trkpt lon="-9.057840" lat="39.186034"><ele>475.4</ele></trkpt>
   <trkpt lon="-9.057770" lat="39.186123"><ele>473.4</ele></trkpt>
   <trkpt lon="-9.057656" lat="39.186283"><ele>471.2</ele></trkpt>
   <trkpt lon="-9.057546" lat="39.186486"><ele>468.6</ele></trkpt>
   <trkpt lon="-9.057436" lat="39.186906"><ele>465.5</ele></trkpt>
   <trkpt lon="-9.057385" lat="39.187131"><ele>462.2</ele></trkpt>
   <trkpt lon="-9.057375" lat="39.187266"><ele>458.9</ele></trkpt>
   <trkpt lon="-9.057399" lat="39.187400"><ele>455.6</ele></trkpt>
   <trkpt lon="-9.057691" lat="39.188090"><ele>451.5</ele></trkpt>
   <trkpt lon="-9.057751" lat="39.188251"><ele>447.7</ele></trkpt>
   <trkpt lon="-9.057789" lat="39.188383"><ele>444.4</ele></trkpt>
   <trkpt lon="-9.057838" lat="39.188712"><ele>441.1</ele></trkpt>
   <trkpt lon="-9.057860" lat="39.188920"><ele>437.3</ele><sym>pass_place</sym><type>Shaping</type></trkpt>
   <trkpt lon="-9.057867" lat="39.189102"><ele>433.3</ele></trkpt>
   <trkpt lon="-9.057831" lat="39.189634"><ele>429.7</ele></trkpt>
   <trkpt lon="-9.057833" lat="39.189737"><ele>427.2</ele></trkpt>
   <trkpt lon="-9.057849" lat="39.189830"><ele>424.9</ele></trkpt>
   <trkpt lon="-9.057959" lat="39.190244"><ele>421.8</ele></trkpt>
   <trkpt lon="-9.057998" lat="39.190441"><ele>418.6</ele></trkpt>
   <trkpt lon="-9.058042" lat="39.190839"><ele>415.2</ele></trkpt>
   <trkpt lon="-9.058033" lat="39.190994"><ele>412.0</ele></trkpt>
   <trkpt lon="-9.058001" lat="39.191236"><ele>408.7</ele></trkpt>
   <trkpt lon="-9.057969" lat="39.191398"><ele>405.1</ele></trkpt>
   <trkpt lon="-9.057833" lat="39.191792"><ele>401.8</ele></trkpt>
   <trkpt lon="-9.057689" lat="39.192151"><ele>398.8</ele></trkpt>
   <trkpt lon="-9.057562" lat="39.192470"><ele>396.4</ele></trkpt>
   <trkpt lon="-9.057482" lat="39.192716"><ele>394.0</ele></trkpt>
   <trkpt lon="-9.057415" lat="39.193043"><ele>391.1</ele></trkpt>
   <trkpt lon="-9.057403" lat="39.193166"><ele>388.1</ele></trkpt>
   <trkpt lon="-9.057385" lat="39.193337"><ele>384.6</ele></trkpt>
   <trkpt lon="-9.057400" lat="39.193411"><ele>382.8</ele></trkpt>
   <trkpt lon="-9.057420" lat="39.193464"><ele>381.4</ele></trkpt>
   <trkpt lon="-9.057587" lat="39.193745"><ele>375.7</ele></trkpt>
   <trkpt lon="-9.057707" lat="39.193995"><ele>370.4</ele></trkpt>
   <trkpt lon="-9.057916" lat="39.194508"><ele>365.2</ele></trkpt>
   <trkpt lon="-9.058122" lat="39.194985"><ele>360.1</ele></trkpt>
   <trkpt lon="-9.058330" lat="39.195522"><ele>355.3</ele></trkpt>
   <trkpt lon="-9.058494" lat="39.195980"><ele>350.6</ele></trkpt>
   <trkpt lon="-9.058503" lat="39.196056"><ele>348.7</ele></trkpt>
   <trkpt lon="-9.058497" lat="39.196126"><ele>347.0</ele></trkpt>
   <trkpt lon="-9.058476" lat="39.196174"><ele>345.8</ele></trkpt>
   <trkpt lon="-9.058437" lat="39.196228"><ele>344.2</ele></trkpt>
   <trkpt lon="-9.058382" lat="39.196268"><ele>344.2</ele></trkpt>
   <trkpt lon="-9.058303" lat="39.196290"><ele>345.0</ele></trkpt>
   <trkpt lon="-9.058216" lat="39.196288"><ele>345.8</ele></trkpt>
   <trkpt lon="-9.058123" lat="39.196271"><ele>346.6</ele></trkpt>
   <trkpt lon="-9.057980" lat="39.196232"><ele>347.1</ele></trkpt>
   <trkpt lon="-9.057139" lat="39.195877"><ele>347.5</ele></trkpt>
   <trkpt lon="-9.056927" lat="39.195847"><ele>347.6</ele></trkpt>
   <trkpt lon="-9.056811" lat="39.195852"><ele>347.7</ele></trkpt>
   <trkpt lon="-9.056768" lat="39.195865"><ele>347.6</ele></trkpt>
   <trkpt lon="-9.056668" lat="39.195939"><ele>347.3</ele></trkpt>
   <trkpt lon="-9.056619" lat="39.196008"><ele>346.8</ele></trkpt>
   <trkpt lon="-9.056573" lat="39.196121"><ele>345.7</ele></trkpt>
   <trkpt lon="-9.056567" lat="39.196213"><ele>344.1</ele></trkpt>
   <trkpt lon="-9.056593" lat="39.196269"><ele>342.6</ele></trkpt>
   <trkpt lon="-9.056629" lat="39.196319"><ele>341.2</ele></trkpt>
   <trkpt lon="-9.056694" lat="39.196386"><ele>339.2</ele></trkpt>
   <trkpt lon="-9.056780" lat="39.196432"><ele>337.2</ele></trkpt>
   <trkpt lon="-9.057387" lat="39.196649"><ele>335.2</ele></trkpt>
   <trkpt lon="-9.057766" lat="39.196793"><ele>332.9</ele></trkpt>
   <trkpt lon="-9.058441" lat="39.196955"><ele>330.5</ele></trkpt>
   <trkpt lon="-9.058568" lat="39.196979"><ele>328.0</ele></trkpt>
   <trkpt lon="-9.058678" lat="39.196987"><ele>325.9</ele></trkpt>
   <trkpt lon="-9.058854" lat="39.196985"><ele>323.2</ele></trkpt>
   <trkpt lon="-9.059079" lat="39.196973"><ele>320.7</ele></trkpt>
   <trkpt lon="-9.059170" lat="39.196955"><ele>319.0</ele></trkpt>
   <trkpt lon="-9.059247" lat="39.196930"><ele>317.4</ele></trkpt>
   <trkpt lon="-9.059353" lat="39.196868"><ele>316.3</ele></trkpt>
   <trkpt lon="-9.059433" lat="39.196797"><ele>315.2</ele></trkpt>
   <trkpt lon="-9.059501" lat="39.196691"><ele>314.0</ele></trkpt>
   <trkpt lon="-9.059520" lat="39.196594"><ele>312.6</ele></trkpt>
   <trkpt lon="-9.059502" lat="39.196489"><ele>311.2</ele></trkpt>
   <trkpt lon="-9.059419" lat="39.196246"><ele>309.8</ele></trkpt>
   <trkpt lon="-9.059420" lat="39.196127"><ele>308.7</ele></trkpt>
   <trkpt lon="-9.059505" lat="39.195706"><ele>307.7</ele></trkpt>
   <trkpt lon="-9.059633" lat="39.195294"><ele>306.8</ele></trkpt>
   <trkpt lon="-9.059703" lat="39.195200"><ele>305.8</ele></trkpt>
   <trkpt lon="-9.059800" lat="39.195087"><ele>304.3</ele></trkpt>
   <trkpt lon="-9.060145" lat="39.194777"><ele>302.3</ele></trkpt>
   <trkpt lon="-9.060333" lat="39.194619"><ele>300.2</ele></trkpt>
   <trkpt lon="-9.060540" lat="39.194467"><ele>298.0</ele></trkpt>
   <trkpt lon="-9.060763" lat="39.194360"><ele>296.2</ele></trkpt>
   <trkpt lon="-9.061205" lat="39.194210"><ele>294.3</ele></trkpt>
   <trkpt lon="-9.061401" lat="39.194131"><ele>292.5</ele></trkpt>
   <trkpt lon="-9.061538" lat="39.194046"><ele>290.3</ele></trkpt>
   <trkpt lon="-9.062070" lat="39.193657"><ele>288.2</ele><sym>right_sharp</sym></trkpt>
   <trkpt lon="-9.062102" lat="39.193889"><ele>286.1</ele></trkpt>
   <trkpt lon="-9.062079" lat="39.194088"><ele>284.0</ele><sym>pass_place</sym><type>Shaping</type></trkpt>
   <trkpt lon="-9.062078" lat="39.194093"><ele>283.9</ele></trkpt>
   <trkpt lon="-9.062064" lat="39.194498"><ele>282.3</ele></trkpt>
   <trkpt lon="-9.062056" lat="39.194535"><ele>281.3</ele></trkpt>
   <trkpt lon="-9.062035" lat="39.194640"><ele>279.9</ele></trkpt>
   <trkpt lon="-9.061981" lat="39.194779"><ele>278.7</ele></trkpt>
   <trkpt lon="-9.061962" lat="39.194810"><ele>277.9</ele></trkpt>
   <trkpt lon="-9.061942" lat="39.194843"><ele>277.0</ele></trkpt>
   <trkpt lon="-9.061828" lat="39.195035"><ele>276.2</ele></trkpt>
   <trkpt lon="-9.061721" lat="39.195182"><ele>275.2</ele></trkpt>
   <trkpt lon="-9.061490" lat="39.195361"><ele>274.1</ele></trkpt>
   <trkpt lon="-9.061318" lat="39.195565"><ele>273.0</ele></trkpt>
   <trkpt lon="-9.061225" lat="39.195735"><ele>271.7</ele><sym>left_slight</sym></trkpt>
   <trkpt lon="-9.061198" lat="39.195914"><ele>270.3</ele></trkpt>
   <trkpt lon="-9.061195" lat="39.196115"><ele>269.1</ele></trkpt>
   <trkpt lon="-9.061247" lat="39.196206"><ele>267.9</ele></trkpt>
   <trkpt lon="-9.061310" lat="39.196373"><ele>266.6</ele></trkpt>
   <trkpt lon="-9.061335" lat="39.196484"><ele>265.0</ele></trkpt>
   <trkpt lon="-9.061335" lat="39.196610"><ele>263.1</ele></trkpt>
   <trkpt lon="-9.061359" lat="39.196675"><ele>261.4</ele></trkpt>
   <trkpt lon="-9.061423" lat="39.196706"><ele>260.0</ele></trkpt>
   <trkpt lon="-9.061493" lat="39.196708"><ele>258.6</ele></trkpt>
   <trkpt lon="-9.061619" lat="39.196656"><ele>257.2</ele></trkpt>
   <trkpt lon="-9.061866" lat="39.196434"><ele>255.8</ele></trkpt>
   <trkpt lon="-9.061989" lat="39.196384"><ele>254.6</ele></trkpt>
   <trkpt lon="-9.062096" lat="39.196385"><ele>253.5</ele><sym>right</sym></trkpt>
   <trkpt lon="-9.062090" lat="39.196508"><ele>252.4</ele></trkpt>
   <trkpt lon="-9.062112" lat="39.196621"><ele>251.5</ele></trkpt>
   <trkpt lon="-9.062163" lat="39.196694"><ele>250.6</ele><sym>right_slight</sym></trkpt>
   <trkpt lon="-9.062124" lat="39.196768"><ele>250.1</ele></trkpt>
   <trkpt lon="-9.062092" lat="39.197099"><ele>249.5</ele><sym>u-turn</sym><type>Via</type></trkpt>
   <trkpt lon="-9.062124" lat="39.196768"><ele>248.7</ele></trkpt>
   <trkpt lon="-9.062163" lat="39.196694"><ele>247.9</ele><sym>right</sym></trkpt>
   <trkpt lon="-9.062230" lat="39.196740"><ele>246.9</ele></trkpt>
   <trkpt lon="-9.062292" lat="39.196765"><ele>246.0</ele></trkpt>
   <trkpt lon="-9.062510" lat="39.196823"><ele>244.6</ele></trkpt>
   <trkpt lon="-9.062676" lat="39.196911"><ele>243.0</ele></trkpt>
   <trkpt lon="-9.062718" lat="39.196952"><ele>241.7</ele></trkpt>
   <trkpt lon="-9.062743" lat="39.197017"><ele>240.0</ele></trkpt>
   <trkpt lon="-9.062758" lat="39.197093"><ele>238.1</ele></trkpt>
   <trkpt lon="-9.062784" lat="39.197423"><ele>236.2</ele></trkpt>
   <trkpt lon="-9.062810" lat="39.197646"><ele>234.5</ele></trkpt>
   <trkpt lon="-9.062826" lat="39.197708"><ele>233.2</ele></trkpt>
   <trkpt lon="-9.062961" lat="39.197978"><ele>231.9</ele></trkpt>
   <trkpt lon="-9.063175" lat="39.198362"><ele>230.7</ele></trkpt>
   <trkpt lon="-9.063216" lat="39.198460"><ele>229.6</ele></trkpt>
   <trkpt lon="-9.063233" lat="39.198520"><ele>228.9</ele></trkpt>
   <trkpt lon="-9.063232" lat="39.198593"><ele>228.3</ele></trkpt>
   <trkpt lon="-9.063209" lat="39.198670"><ele>227.8</ele></trkpt>
   <trkpt lon="-9.063027" lat="39.198963"><ele>227.8</ele></trkpt>
   <trkpt lon="-9.062899" lat="39.199185"><ele>228.0</ele></trkpt>
   <trkpt lon="-9.062668" lat="39.199608"><ele>228.1</ele></trkpt>
   <trkpt lon="-9.062544" lat="39.199807"><ele>228.0</ele></trkpt>
   <trkpt lon="-9.062399" lat="39.200040"><ele>227.7</ele></trkpt>
   <trkpt lon="-9.062166" lat="39.200306"><ele>227.4</ele></trkpt>
   <trkpt lon="-9.062080" lat="39.200431"><ele>227.3</ele></trkpt>
   <trkpt lon="-9.062094" lat="39.200593"><ele>227.4</ele></trkpt>
   <trkpt lon="-9.062169" lat="39.200826"><ele>227.5</ele></trkpt>
   <trkpt lon="-9.062169" lat="39.201034"><ele>227.8</ele></trkpt>
   <trkpt lon="-9.062083" lat="39.201154"><ele>227.9</ele></trkpt>
   <trkpt lon="-9.061917" lat="39.201250"><ele>228.0</ele></trkpt>
   <trkpt lon="-9.061686" lat="39.201337"><ele>227.7</ele></trkpt>
   <trkpt lon="-9.061498" lat="39.201445"><ele>227.1</ele></trkpt>
   <trkpt lon="-9.061391" lat="39.201611"><ele>226.5</ele></trkpt>
   <trkpt lon="-9.061257" lat="39.201948"><ele>226.0</ele></trkpt>
   <trkpt lon="-9.061085" lat="39.202339"><ele>225.6</ele></trkpt>
   <trkpt lon="-9.060919" lat="39.202850"><ele>225.0</ele></trkpt>
   <trkpt lon="-9.060742" lat="39.203278"><ele>224.4</ele></trkpt>
   <trkpt lon="-9.060602" lat="39.203507"><ele>223.7</ele></trkpt>
   <trkpt lon="-9.060066" lat="39.203856"><ele>222.9</ele></trkpt>
   <trkpt lon="-9.059358" lat="39.204282"><ele>222.0</ele></trkpt>
   <trkpt lon="-9.058792" lat="39.204636"><ele>221.5</ele></trkpt>
   <trkpt lon="-9.058446" lat="39.204868"><ele>221.4</ele></trkpt>
   <trkpt lon="-9.058167" lat="39.205030"><ele>221.7</ele></trkpt>
   <trkpt lon="-9.057952" lat="39.205087"><ele>222.3</ele></trkpt>
   <trkpt lon="-9.057786" lat="39.205080"><ele>222.7</ele></trkpt>
   <trkpt lon="-9.057207" lat="39.204968"><ele>222.8</ele></trkpt>
   <trkpt lon="-9.057073" lat="39.204962"><ele>222.3</ele></trkpt>
   <trkpt lon="-9.056949" lat="39.204976"><ele>221.6</ele></trkpt>
   <trkpt lon="-9.056842" lat="39.205045"><ele>220.9</ele></trkpt>
   <trkpt lon="-9.056759" lat="39.205141"><ele>220.5</ele></trkpt>
   <trkpt lon="-9.056700" lat="39.205284"><ele>220.3</ele></trkpt>
   <trkpt lon="-9.056619" lat="39.205928"><ele>220.0</ele></trkpt>
   <trkpt lon="-9.056536" lat="39.206072"><ele>219.6</ele></trkpt>
   <trkpt lon="-9.056431" lat="39.206201"><ele>219.1</ele></trkpt>
   <trkpt lon="-9.056327" lat="39.206302"><ele>218.7</ele></trkpt>
   <trkpt lon="-9.056161" lat="39.206414"><ele>218.4</ele></trkpt>
   <trkpt lon="-9.055984" lat="39.206506"><ele>218.5</ele></trkpt>
   <trkpt lon="-9.055831" lat="39.206612"><ele>219.3</ele></trkpt>
   <trkpt lon="-9.055715" lat="39.206776"><ele>220.2</ele></trkpt>
   <trkpt lon="-9.055603" lat="39.206986"><ele>221.0</ele></trkpt>
   <trkpt lon="-9.055492" lat="39.207155"><ele>221.7</ele><sym>left</sym></trkpt>
   <trkpt lon="-9.056036" lat="39.207378"><ele>222.0</ele></trkpt>
   <trkpt lon="-9.056117" lat="39.207459"><ele>222.0</ele></trkpt>
   <trkpt lon="-9.056155" lat="39.207527"><ele>221.9</ele></trkpt>
   <trkpt lon="-9.056174" lat="39.207717"><ele>221.7</ele></trkpt>
   <trkpt lon="-9.056167" lat="39.207861"><ele>221.2</ele></trkpt>
   <trkpt lon="-9.056107" lat="39.208531"><ele>220.6</ele></trkpt>
   <trkpt lon="-9.056109" lat="39.208622"><ele>220.0</ele></trkpt>
   <trkpt lon="-9.056143" lat="39.208687"><ele>219.2</ele></trkpt>
   <trkpt lon="-9.056211" lat="39.208775"><ele>218.5</ele></trkpt>
   <trkpt lon="-9.057027" lat="39.209532"><ele>217.6</ele><sym>pass_place</sym><type>Shaping</type></trkpt>
   <trkpt lon="-9.057028" lat="39.209534"><ele>217.5</ele></trkpt>
   <trkpt lon="-9.057137" lat="39.209675"><ele>216.5</ele></trkpt>
   <trkpt lon="-9.057385" lat="39.210099"><ele>215.6</ele></trkpt>
   <trkpt lon="-9.057445" lat="39.210241"><ele>214.8</ele></trkpt>
   <trkpt lon="-9.057452" lat="39.210375"><ele>213.9</ele></trkpt>
   <trkpt lon="-9.057410" lat="39.210471"><ele>212.9</ele></trkpt>
   <trkpt lon="-9.057299" lat="39.210624"><ele>211.8</ele></trkpt>
   <trkpt lon="-9.056924" lat="39.211045"><ele>210.7</ele></trkpt>
   <trkpt lon="-9.056763" lat="39.211206"><ele>209.5</ele></trkpt>
   <trkpt lon="-9.056585" lat="39.211307"><ele>208.3</ele></trkpt>
   <trkpt lon="-9.056320" lat="39.211381"><ele>207.2</ele></trkpt>
   <trkpt lon="-9.056213" lat="39.211434"><ele>206.2</ele></trkpt>
   <trkpt lon="-9.056122" lat="39.211520"><ele>205.5</ele></trkpt>
   <trkpt lon="-9.056065" lat="39.211605"><ele>204.7</ele></trkpt>
   <trkpt lon="-9.056028" lat="39.211716"><ele>203.3</ele></trkpt>
   <trkpt lon="-9.056072" lat="39.211909"><ele>202.0</ele></trkpt>
   <trkpt lon="-9.056142" lat="39.212039"><ele>201.0</ele></trkpt>
   <trkpt lon="-9.056338" lat="39.212312"><ele>200.1</ele></trkpt>
   <trkpt lon="-9.056385" lat="39.212424"><ele>199.4</ele></trkpt>
   <trkpt lon="-9.056394" lat="39.212737"><ele>198.7</ele></trkpt>
   <trkpt lon="-9.056405" lat="39.213140"><ele>197.7</ele></trkpt>
   <trkpt lon="-9.056441" lat="39.213348"><ele>196.4</ele></trkpt>
   <trkpt lon="-9.056542" lat="39.213678"><ele>195.1</ele></trkpt>
   <trkpt lon="-9.056742" lat="39.214148"><ele>193.9</ele></trkpt>
   <trkpt lon="-9.056818" lat="39.214278"><ele>192.8</ele></trkpt>
   <trkpt lon="-9.057080" lat="39.214656"><ele>192.3</ele></trkpt>
   <trkpt lon="-9.057376" lat="39.214994"><ele>192.1</ele></trkpt>
   <trkpt lon="-9.057507" lat="39.215095"><ele>191.9</ele></trkpt>
   <trkpt lon="-9.057677" lat="39.215198"><ele>192.1</ele></trkpt>
   <trkpt lon="-9.057762" lat="39.215239"><ele>192.1</ele></trkpt>
   <trkpt lon="-9.057937" lat="39.215299"><ele>192.1</ele></trkpt>
   <trkpt lon="-9.058071" lat="39.215333"><ele>192.6</ele></trkpt>
   <trkpt lon="-9.058431" lat="39.215375"><ele>193.6</ele></trkpt>
   <trkpt lon="-9.059493" lat="39.215455"><ele>194.3</ele></trkpt>
   <trkpt lon="-9.059697" lat="39.215452"><ele>194.8</ele></trkpt>
   <trkpt lon="-9.059844" lat="39.215436"><ele>195.1</ele></trkpt>
   <trkpt lon="-9.061312" lat="39.214981"><ele>195.3</ele></trkpt>
   <trkpt lon="-9.061625" lat="39.214916"><ele>195.5</ele></trkpt>
   <trkpt lon="-9.062029" lat="39.214856"><ele>195.6</ele></trkpt>
   <trkpt lon="-9.062201" lat="39.214840"><ele>195.6</ele></trkpt>
   <trkpt lon="-9.062343" lat="39.214852"><ele>195.3</ele></trkpt>
   <trkpt lon="-9.062465" lat="39.214890"><ele>195.1</ele></trkpt>
   <trkpt lon="-9.062559" lat="39.214946"><ele>194.6</ele></trkpt>
   <trkpt lon="-9.062681" lat="39.215043"><ele>193.7</ele></trkpt>
   <trkpt lon="-9.062791" lat="39.215233"><ele>192.5</ele></trkpt>
   <trkpt lon="-9.062896" lat="39.215505"><ele>191.4</ele></trkpt>
   <trkpt lon="-9.062987" lat="39.215772"><ele>190.2</ele></trkpt>
   <trkpt lon="-9.063045" lat="39.215872"><ele>188.6</ele></trkpt>
   <trkpt lon="-9.063104" lat="39.215936"><ele>187.1</ele></trkpt>
   <trkpt lon="-9.063593" lat="39.216353"><ele>185.5</ele></trkpt>
   <trkpt lon="-9.063685" lat="39.216456"><ele>183.6</ele></trkpt>
   <trkpt lon="-9.063876" lat="39.216803"><ele>181.7</ele></trkpt>
   <trkpt lon="-9.064103" lat="39.217109"><ele>179.6</ele></trkpt>
   <trkpt lon="-9.065413" lat="39.218387"><ele>177.6</ele></trkpt>
   <trkpt lon="-9.066146" lat="39.218940"><ele>175.6</ele></trkpt>
   <trkpt lon="-9.066795" lat="39.219427"><ele>174.1</ele></trkpt>
   <trkpt lon="-9.067112" lat="39.219728"><ele>172.6</ele><sym>pass_place</sym><type>Shaping</type></trkpt>
   <trkpt lon="-9.067889" lat="39.220544"><ele>171.2</ele></trkpt>
   <trkpt lon="-9.067972" lat="39.220691"><ele>169.6</ele></trkpt>
   <trkpt lon="-9.068066" lat="39.220971"><ele>167.6</ele></trkpt>
   <trkpt lon="-9.068060" lat="39.221325"><ele>165.5</ele><sym>left</sym></trkpt>
   <trkpt lon="-9.068117" lat="39.221334"><ele>164.4</ele></trkpt>
   <trkpt lon="-9.068409" lat="39.221453"><ele>162.5</ele></trkpt>
   <trkpt lon="-9.068720" lat="39.221532"><ele>161.0</ele></trkpt>
   <trkpt lon="-9.068924" lat="39.221646"><ele>159.5</ele></trkpt>
   <trkpt lon="-9.069022" lat="39.221761"><ele>158.2</ele><sym>left_slight</sym></trkpt>
   <trkpt lon="-9.069444" lat="39.221780"><ele>157.1</ele></trkpt>
   <trkpt lon="-9.071020" lat="39.221985"><ele>156.0</ele></trkpt>
   <trkpt lon="-9.071267" lat="39.222023"><ele>155.2</ele></trkpt>
   <trkpt lon="-9.071515" lat="39.222090"><ele>154.9</ele></trkpt>
   <trkpt lon="-9.071753" lat="39.222179"><ele>155.0</ele></trkpt>
   <trkpt lon="-9.072019" lat="39.222289"><ele>155.5</ele></trkpt>
   <trkpt lon="-9.072170" lat="39.222386"><ele>156.3</ele></trkpt>
   <trkpt lon="-9.072916" lat="39.223006"><ele>157.1</ele></trkpt>
   <trkpt lon="-9.073041" lat="39.223093"><ele>157.8</ele></trkpt>
   <trkpt lon="-9.073178" lat="39.223165"><ele>158.5</ele></trkpt>
   <trkpt lon="-9.073585" lat="39.223282"><ele>159.1</ele></trkpt>
   <trkpt lon="-9.073806" lat="39.223337"><ele>159.7</ele></trkpt>
   <trkpt lon="-9.073971" lat="39.223369"><ele>159.9</ele></trkpt>
   <trkpt lon="-9.074136" lat="39.223384"><ele>159.9</ele></trkpt>
   <trkpt lon="-9.074305" lat="39.223388"><ele>159.9</ele><sym>right_slight</sym></trkpt>
   <trkpt lon="-9.074460" lat="39.223516"><ele>160.2</ele></trkpt>
   <trkpt lon="-9.075045" lat="39.223614"><ele>160.2</ele></trkpt>
   <trkpt lon="-9.075812" lat="39.223714"><ele>159.9</ele></trkpt>
   <trkpt lon="-9.076127" lat="39.223783"><ele>159.5</ele><sym>right</sym></trkpt>
   <trkpt lon="-9.076105" lat="39.223886"><ele>159.1</ele></trkpt>
   <trkpt lon="-9.076287" lat="39.224404"><ele>158.5</ele></trkpt>
   <trkpt lon="-9.076410" lat="39.224948"><ele>157.5</ele></trkpt>
   <trkpt lon="-9.076604" lat="39.225601"><ele>155.6</ele></trkpt>
   <trkpt lon="-9.076692" lat="39.225883"><ele>153.6</ele></trkpt>
   <trkpt lon="-9.076709" lat="39.226088"><ele>151.5</ele></trkpt>
   <trkpt lon="-9.076735" lat="39.226388"><ele>149.4</ele></trkpt>
   <trkpt lon="-9.076732" lat="39.226818"><ele>146.9</ele></trkpt>
   <trkpt lon="-9.076638" lat="39.227404"><ele>144.0</ele></trkpt>
   <trkpt lon="-9.076542" lat="39.227896"><ele>141.3</ele><sym>left_slight</sym></trkpt>
   <trkpt lon="-9.076542" lat="39.228179"><ele>138.7</ele></trkpt>
   <trkpt lon="-9.076509" lat="39.228370"><ele>136.1</ele></trkpt>
   <trkpt lon="-9.076158" lat="39.229106"><ele>133.5</ele></trkpt>
   <trkpt lon="-9.074846" lat="39.230456"><ele>131.5</ele></trkpt>
   <trkpt lon="-9.074895" lat="39.230547"><ele>130.1</ele><sym>left_slight</sym></trkpt>
   <trkpt lon="-9.075013" lat="39.230626"><ele>129.2</ele></trkpt>
   <trkpt lon="-9.075190" lat="39.230720"><ele>128.3</ele><sym>pass_place</sym><type>Shaping</type></trkpt>
   <trkpt lon="-9.075192" lat="39.230722"><ele>128.2</ele></trkpt>
   <trkpt lon="-9.075418" lat="39.230830"><ele>127.1</ele></trkpt>
   <trkpt lon="-9.075772" lat="39.231023"><ele>126.1</ele></trkpt>
   <trkpt lon="-9.075935" lat="39.231100"><ele>125.0</ele></trkpt>
   <trkpt lon="-9.076096" lat="39.231154"><ele>123.6</ele><sym>right_slight</sym></trkpt>
   <trkpt lon="-9.076201" lat="39.231350"><ele>121.9</ele></trkpt>
   <trkpt lon="-9.076351" lat="39.231551"><ele>120.0</ele></trkpt>
   <trkpt lon="-9.076483" lat="39.231667"><ele>118.1</ele><sym>right_slight</sym></trkpt>
   <trkpt lon="-9.076553" lat="39.231837"><ele>116.1</ele></trkpt>
   <trkpt lon="-9.076660" lat="39.232046"><ele>114.1</ele></trkpt>
   <trkpt lon="-9.076762" lat="39.232346"><ele>111.9</ele></trkpt>
   <trkpt lon="-9.076880" lat="39.232806"><ele>109.7</ele></trkpt>
   <trkpt lon="-9.077009" lat="39.233205"><ele>107.8</ele></trkpt>
   <trkpt lon="-9.077156" lat="39.233570"><ele>105.9</ele></trkpt>
   <trkpt lon="-9.077191" lat="39.233657"><ele>104.4</ele></trkpt>
   <trkpt lon="-9.077360" lat="39.233971"><ele>103.1</ele></trkpt>
   <trkpt lon="-9.077411" lat="39.234171"><ele>102.6</ele></trkpt>
   <trkpt lon="-9.077295" lat="39.234268"><ele>102.1</ele></trkpt>
   <trkpt lon="-9.077041" lat="39.234424"><ele>102.7</ele></trkpt>
   <trkpt lon="-9.076738" lat="39.234562"><ele>103.9</ele><sym>left</sym></trkpt>
   <trkpt lon="-9.076791" lat="39.234639"><ele>105.5</ele><sym>left_slight</sym></trkpt>
   <trkpt lon="-9.077463" lat="39.235060"><ele>107.5</ele></trkpt>
   <trkpt lon="-9.077889" lat="39.235385"><ele>109.7</ele><sym>right</sym></trkpt>
   <trkpt lon="-9.077473" lat="39.235853"><ele>112.1</ele></trkpt>
   <trkpt lon="-9.077239" lat="39.236151"><ele>114.4</ele><sym>left_slight</sym></trkpt>
   <trkpt lon="-9.077172" lat="39.236339"><ele>116.7</ele></trkpt>
   <trkpt lon="-9.077070" lat="39.236514"><ele>119.0</ele></trkpt>
   <trkpt lon="-9.076888" lat="39.236722"><ele>120.9</ele></trkpt>
   <trkpt lon="-9.076708" lat="39.236895"><ele>122.9</ele></trkpt>
   <trkpt lon="-9.076513" lat="39.236950"><ele>124.0</ele></trkpt>
   <trkpt lon="-9.076252" lat="39.237107"><ele>125.1</ele></trkpt>
   <trkpt lon="-9.075715" lat="39.237551"><ele>126.2</ele></trkpt>
   <trkpt lon="-9.075407" lat="39.237777"><ele>127.3</ele></trkpt>
   <trkpt lon="-9.075053" lat="39.238006"><ele>128.3</ele></trkpt>
   <trkpt lon="-9.074471" lat="39.238291"><ele>129.4</ele></trkpt>
   <trkpt lon="-9.073993" lat="39.238598"><ele>130.5</ele></trkpt>
   <trkpt lon="-9.073412" lat="39.238936"><ele>131.7</ele></trkpt>
   <trkpt lon="-9.073221" lat="39.239101"><ele>132.9</ele></trkpt>
   <trkpt lon="-9.073140" lat="39.239234"><ele>134.3</ele></trkpt>
   <trkpt lon="-9.073074" lat="39.239476"><ele>135.6</ele></trkpt>
   <trkpt lon="-9.073033" lat="39.239691"><ele>136.9</ele></trkpt>
   <trkpt lon="-9.072980" lat="39.239899"><ele>137.8</ele></trkpt>
   <trkpt lon="-9.072607" lat="39.240220"><ele>138.6</ele></trkpt>
   <trkpt lon="-9.072135" lat="39.240594"><ele>139.4</ele></trkpt>
   <trkpt lon="-9.071685" lat="39.240902"><ele>140.1</ele></trkpt>
   <trkpt lon="-9.071558" lat="39.241037"><ele>140.7</ele></trkpt>
   <trkpt lon="-9.071504" lat="39.241112"><ele>141.0</ele></trkpt>
   <trkpt lon="-9.071182" lat="39.241556"><ele>141.2</ele></trkpt>
   <trkpt lon="-9.071051" lat="39.241685"><ele>141.2</ele></trkpt>
   <trkpt lon="-9.070963" lat="39.241772"><ele>141.2</ele></trkpt>
   <trkpt lon="-9.070526" lat="39.242086"><ele>141.1</ele></trkpt>
   <trkpt lon="-9.070207" lat="39.242273"><ele>142.2</ele></trkpt>
   <trkpt lon="-9.069855" lat="39.242480"><ele>144.4</ele></trkpt>
   <trkpt lon="-9.069335" lat="39.242721"><ele>146.5</ele></trkpt>
   <trkpt lon="-9.069029" lat="39.242937"><ele>148.5</ele><sym>pass_place</sym><type>Shaping</type></trkpt>
   <trkpt lon="-9.069026" lat="39.242940"><ele>148.6</ele></trkpt>
   <trkpt lon="-9.067830" lat="39.243866"><ele>150.5</ele></trkpt>
   <trkpt lon="-9.067384" lat="39.244415"><ele>152.4</ele></trkpt>
   <trkpt lon="-9.067240" lat="39.244651"><ele>154.3</ele></trkpt>
   <trkpt lon="-9.067245" lat="39.244780"><ele>156.2</ele></trkpt>
   <trkpt lon="-9.067237" lat="39.244960"><ele>158.2</ele></trkpt>
   <trkpt lon="-9.067178" lat="39.245106"><ele>160.4</ele></trkpt>
   <trkpt lon="-9.067028" lat="39.245289"><ele>161.4</ele></trkpt>
   <trkpt lon="-9.066873" lat="39.245634"><ele>161.3</ele></trkpt>
   <trkpt lon="-9.066851" lat="39.246203"><ele>161.3</ele></trkpt>
   <trkpt lon="-9.066717" lat="39.246485"><ele>161.1</ele></trkpt>
   <trkpt lon="-9.066580" lat="39.246837"><ele>161.1</ele></trkpt>
   <trkpt lon="-9.066349" lat="39.247190"><ele>161.2</ele></trkpt>
   <trkpt lon="-9.066218" lat="39.247486"><ele>161.4</ele></trkpt>
   <trkpt lon="-9.066245" lat="39.247702"><ele>161.8</ele></trkpt>
   <trkpt lon="-9.066465" lat="39.248176"><ele>162.6</ele></trkpt>
   <trkpt lon="-9.066546" lat="39.248271"><ele>163.3</ele></trkpt>
   <trkpt lon="-9.066687" lat="39.248436"><ele>164.0</ele></trkpt>
   <trkpt lon="-9.067004" lat="39.248689"><ele>164.6</ele></trkpt>
   <trkpt lon="-9.068031" lat="39.249580"><ele>165.3</ele></trkpt>
   <trkpt lon="-9.068699" lat="39.250127"><ele>166.2</ele></trkpt>
   <trkpt lon="-9.068897" lat="39.250285"><ele>167.3</ele></trkpt>
   <trkpt lon="-9.069090" lat="39.250418"><ele>168.3</ele></trkpt>
   <trkpt lon="-9.069399" lat="39.250556"><ele>169.0</ele></trkpt>
   <trkpt lon="-9.069659" lat="39.250692"><ele>169.7</ele></trkpt>
   <trkpt lon="-9.069938" lat="39.250912"><ele>169.6</ele></trkpt>
   <trkpt lon="-9.070324" lat="39.251182"><ele>169.1</ele></trkpt>
   <trkpt lon="-9.070580" lat="39.251283"><ele>168.6</ele></trkpt>
   <trkpt lon="-9.071081" lat="39.251585"><ele>168.1</ele></trkpt>
   <trkpt lon="-9.071177" lat="39.251682"><ele>167.5</ele></trkpt>
   <trkpt lon="-9.071558" lat="39.252054"><ele>166.7</ele></trkpt>
   <trkpt lon="-9.071862" lat="39.252430"><ele>165.7</ele></trkpt>
   <trkpt lon="-9.072145" lat="39.252955"><ele>164.7</ele></trkpt>
   <trkpt lon="-9.072189" lat="39.253036"><ele>163.8</ele></trkpt>
   <trkpt lon="-9.072389" lat="39.253338"><ele>163.2</ele></trkpt>
   <trkpt lon="-9.072577" lat="39.253483"><ele>162.6</ele></trkpt>
   <trkpt lon="-9.073058" lat="39.253759"><ele>162.7</ele></trkpt>
   <trkpt lon="-9.073339" lat="39.253899"><ele>162.9</ele></trkpt>
   <trkpt lon="-9.073435" lat="39.253995"><ele>163.1</ele></trkpt>
   <trkpt lon="-9.073444" lat="39.254017"><ele>163.2</ele></trkpt>
   <trkpt lon="-9.073922" lat="39.254590"><ele>163.4</ele></trkpt>
   <trkpt lon="-9.074093" lat="39.254843"><ele>163.8</ele></trkpt>
   <trkpt lon="-9.074251" lat="39.255012"><ele>164.0</ele></trkpt>
   <trkpt lon="-9.074728" lat="39.255108"><ele>164.1</ele></trkpt>
   <trkpt lon="-9.075649" lat="39.255332"><ele>163.6</ele><sym>pass_place</sym><type>Shaping</type></trkpt>
   <trkpt lon="-9.075649" lat="39.255333"><ele>163.6</ele></trkpt>
   <trkpt lon="-9.076352" lat="39.255513"><ele>162.2</ele><sym>right_slight</sym></trkpt>
   <trkpt lon="-9.076837" lat="39.255755"><ele>160.1</ele></trkpt>
   <trkpt lon="-9.077019" lat="39.255884"><ele>157.4</ele></trkpt>
   <trkpt lon="-9.077497" lat="39.256444"><ele>154.4</ele></trkpt>
   <trkpt lon="-9.077781" lat="39.256736"><ele>151.4</ele></trkpt>
   <trkpt lon="-9.077988" lat="39.256962"><ele>148.2</ele></trkpt>
   <trkpt lon="-9.078312" lat="39.257425"><ele>144.8</ele></trkpt>
   <trkpt lon="-9.078569" lat="39.257608"><ele>141.3</ele></trkpt>
   <trkpt lon="-9.078762" lat="39.257722"><ele>137.6</ele><sym>right_slight</sym></trkpt>
   <trkpt lon="-9.078839" lat="39.257973"><ele>134.2</ele></trkpt>
   <trkpt lon="-9.078995" lat="39.258154"><ele>130.9</ele></trkpt>
   <trkpt lon="-9.079189" lat="39.258429"><ele>127.6</ele></trkpt>
   <trkpt lon="-9.079323" lat="39.258709"><ele>124.9</ele></trkpt>
   <trkpt lon="-9.079368" lat="39.259039"><ele>122.7</ele></trkpt>
   <trkpt lon="-9.079374" lat="39.259667"><ele>120.7</ele></trkpt>
   <trkpt lon="-9.079303" lat="39.260052"><ele>118.0</ele></trkpt>
   <trkpt lon="-9.079169" lat="39.260400"><ele>115.4</ele></trkpt>
   <trkpt lon="-9.079018" lat="39.260484"><ele>112.7</ele></trkpt>
   <trkpt lon="-9.078924" lat="39.260495"><ele>110.9</ele></trkpt>
   <trkpt lon="-9.078734" lat="39.260466"><ele>108.5</ele></trkpt>
   <trkpt lon="-9.077437" lat="39.259946"><ele>106.0</ele></trkpt>
   <trkpt lon="-9.077135" lat="39.259845"><ele>103.6</ele></trkpt>
   <trkpt lon="-9.076952" lat="39.259852"><ele>101.6</ele></trkpt>
   <trkpt lon="-9.076738" lat="39.259919"><ele>100.3</ele></trkpt>
   <trkpt lon="-9.076691" lat="39.259933"><ele>99.4</ele></trkpt>
   <trkpt lon="-9.076407" lat="39.260052"><ele>98.4</ele></trkpt>
   <trkpt lon="-9.076076" lat="39.260233"><ele>98.2</ele></trkpt>
   <trkpt lon="-9.075963" lat="39.260295"><ele>98.1</ele></trkpt>
   <trkpt lon="-9.075304" lat="39.260645"><ele>98.3</ele></trkpt>
   <trkpt lon="-9.074809" lat="39.260908"><ele>98.8</ele></trkpt>
   <trkpt lon="-9.074765" lat="39.260939"><ele>99.4</ele></trkpt>
   <trkpt lon="-9.074726" lat="39.260966"><ele>100.1</ele></trkpt>
   <trkpt lon="-9.074657" lat="39.261052"><ele>101.0</ele></trkpt>
   <trkpt lon="-9.074638" lat="39.261129"><ele>102.0</ele></trkpt>
   <trkpt lon="-9.074563" lat="39.261276"><ele>102.4</ele><sym>roundabout_e3</sym></trkpt>
   <trkpt lon="-9.074547" lat="39.261292"><ele>102.7</ele></trkpt>
   <trkpt lon="-9.074536" lat="39.261333"><ele>103.0</ele></trkpt>
   <trkpt lon="-9.074543" lat="39.261357"><ele>103.3</ele></trkpt>
   <trkpt lon="-9.074561" lat="39.261377"><ele>103.6</ele></trkpt>
   <trkpt lon="-9.074586" lat="39.261393"><ele>103.8</ele></trkpt>
   <trkpt lon="-9.074631" lat="39.261401"><ele>104.0</ele></trkpt>
   <trkpt lon="-9.074648" lat="39.261401"><ele>104.3</ele></trkpt>
   <trkpt lon="-9.074664" lat="39.261397"><ele>104.7</ele></trkpt>
   <trkpt lon="-9.074756" lat="39.261433"><ele>105.0</ele></trkpt>
   <trkpt lon="-9.075151" lat="39.261639"><ele>105.1</ele></trkpt>
   <trkpt lon="-9.075267" lat="39.261698"><ele>104.5</ele></trkpt>
   <trkpt lon="-9.075627" lat="39.261873"><ele>103.9</ele><sym>right_slight</sym></trkpt>
   <trkpt lon="-9.075731" lat="39.261990"><ele>103.4</ele></trkpt>
   <trkpt lon="-9.075978" lat="39.262295"><ele>103.0</ele></trkpt>
   <trkpt lon="-9.076102" lat="39.262578"><ele>102.8</ele></trkpt>
   <trkpt lon="-9.076659" lat="39.263176"><ele>102.5</ele></trkpt>
   <trkpt lon="-9.076841" lat="39.263316"><ele>102.0</ele></trkpt>
   <trkpt lon="-9.077130" lat="39.263539"><ele>101.4</ele></trkpt>
   <trkpt lon="-9.077703" lat="39.263981"><ele>100.9</ele></trkpt>
   <trkpt lon="-9.077858" lat="39.264100"><ele>99.9</ele></trkpt>
   <trkpt lon="-9.079015" lat="39.265007"><ele>98.9</ele><sym>pass_place</sym><type>Shaping</type></trkpt>
   <trkpt lon="-9.079087" lat="39.265147"><ele>98.4</ele></trkpt>
   <trkpt lon="-9.079111" lat="39.265271"><ele>97.9</ele></trkpt>
   <trkpt lon="-9.079079" lat="39.265440"><ele>97.5</ele></trkpt>
   <trkpt lon="-9.078685" lat="39.266525"><ele>96.9</ele></trkpt>
   <trkpt lon="-9.078693" lat="39.266783"><ele>96.2</ele></trkpt>
   <trkpt lon="-9.078875" lat="39.267144"><ele>95.6</ele></trkpt>
   <trkpt lon="-9.079181" lat="39.267661"><ele>95.0</ele></trkpt>
   <trkpt lon="-9.079567" lat="39.268552"><ele>94.5</ele></trkpt>
   <trkpt lon="-9.079763" lat="39.268756"><ele>93.9</ele></trkpt>
   <trkpt lon="-9.080071" lat="39.268866"><ele>93.7</ele></trkpt>
   <trkpt lon="-9.080297" lat="39.268855"><ele>93.8</ele></trkpt>
   <trkpt lon="-9.081026" lat="39.268764"><ele>94.2</ele></trkpt>
   <trkpt lon="-9.081190" lat="39.268781"><ele>94.6</ele></trkpt>
   <trkpt lon="-9.081394" lat="39.268839"><ele>94.7</ele></trkpt>
   <trkpt lon="-9.081560" lat="39.268953"><ele>94.9</ele></trkpt>
   <trkpt lon="-9.082156" lat="39.269425"><ele>94.8</ele></trkpt>
   <trkpt lon="-9.082402" lat="39.269619"><ele>95.0</ele></trkpt>
   <trkpt lon="-9.082493" lat="39.269748"><ele>95.1</ele></trkpt>
   <trkpt lon="-9.082541" lat="39.269879"><ele>95.4</ele></trkpt>
   <trkpt lon="-9.082560" lat="39.270064"><ele>95.9</ele></trkpt>
   <trkpt lon="-9.082493" lat="39.270431"><ele>96.7</ele></trkpt>
   <trkpt lon="-9.082322" lat="39.270894"><ele>97.8</ele></trkpt>
   <trkpt lon="-9.082305" lat="39.271138"><ele>98.9</ele></trkpt>
   <trkpt lon="-9.082393" lat="39.271857"><ele>100.2</ele></trkpt>
   <trkpt lon="-9.082456" lat="39.272365"><ele>101.5</ele></trkpt>
   <trkpt lon="-9.082369" lat="39.273065"><ele>103.8</ele></trkpt>
   <trkpt lon="-9.082319" lat="39.273476"><ele>106.1</ele></trkpt>
   <trkpt lon="-9.082314" lat="39.273716"><ele>108.3</ele></trkpt>
   <trkpt lon="-9.082389" lat="39.273918"><ele>110.5</ele></trkpt>
   <trkpt lon="-9.082472" lat="39.274013"><ele>112.5</ele></trkpt>
   <trkpt lon="-9.083619" lat="39.275349"><ele>114.2</ele><sym>left</sym></trkpt>
   <trkpt lon="-9.084068" lat="39.275275"><ele>115.5</ele></trkpt>
   <trkpt lon="-9.084368" lat="39.275236"><ele>116.4</ele></trkpt>
   <trkpt lon="-9.084446" lat="39.275226"><ele>117.0</ele></trkpt>
   <trkpt lon="-9.085138" lat="39.275172"><ele>117.4</ele></trkpt>
   <trkpt lon="-9.085516" lat="39.275172"><ele>117.8</ele></trkpt>
   <trkpt lon="-9.085927" lat="39.275193"><ele>117.2</ele></trkpt>
   <trkpt lon="-9.086168" lat="39.275166"><ele>116.5</ele></trkpt>
   <trkpt lon="-9.086739" lat="39.275024"><ele>115.8</ele></trkpt>
   <trkpt lon="-9.086864" lat="39.274994"><ele>115.0</ele></trkpt>
   <trkpt lon="-9.086990" lat="39.274968"><ele>114.7</ele></trkpt>
   <trkpt lon="-9.087177" lat="39.274929"><ele>114.6</ele></trkpt>
   <trkpt lon="-9.087461" lat="39.274958"><ele>114.8</ele></trkpt>
   <trkpt lon="-9.087641" lat="39.274997"><ele>115.0</ele></trkpt>
   <trkpt lon="-9.087804" lat="39.275114"><ele>114.4</ele></trkpt>
   <trkpt lon="-9.087944" lat="39.275323"><ele>113.8</ele></trkpt>
   <trkpt lon="-9.088046" lat="39.275419"><ele>113.1</ele></trkpt>
   <trkpt lon="-9.088216" lat="39.275458"><ele>112.3</ele><sym>pass_place</sym><type>Shaping</type></trkpt>
   <trkpt lon="-9.088410" lat="39.275431"><ele>111.5</ele></trkpt>
   <trkpt lon="-9.089094" lat="39.275028"><ele>110.5</ele></trkpt>
   <trkpt lon="-9.089420" lat="39.274869"><ele>109.0</ele></trkpt>
   <trkpt lon="-9.089563" lat="39.274798"><ele>107.2</ele></trkpt>
   <trkpt lon="-9.089817" lat="39.274675"><ele>105.0</ele></trkpt>
   <trkpt lon="-9.090811" lat="39.274237"><ele>102.5</ele></trkpt>
   <trkpt lon="-9.091693" lat="39.274005"><ele>100.0</ele></trkpt>
   <trkpt lon="-9.092061" lat="39.273924"><ele>98.4</ele></trkpt>
   <trkpt lon="-9.092233" lat="39.273926"><ele>97.0</ele></trkpt>
   <trkpt lon="-9.092394" lat="39.273992"><ele>95.6</ele></trkpt>
   <trkpt lon="-9.092737" lat="39.274262"><ele>94.2</ele></trkpt>
   <trkpt lon="-9.092823" lat="39.274406"><ele>92.8</ele></trkpt>
   <trkpt lon="-9.092850" lat="39.274522"><ele>91.8</ele></trkpt>
   <trkpt lon="-9.092815" lat="39.274945"><ele>91.0</ele></trkpt>
   <trkpt lon="-9.092866" lat="39.275076"><ele>90.3</ele></trkpt>
   <trkpt lon="-9.093013" lat="39.275180"><ele>89.5</ele></trkpt>
   <trkpt lon="-9.093633" lat="39.275342"><ele>88.9</ele></trkpt>
   <trkpt lon="-9.093799" lat="39.275363"><ele>88.3</ele></trkpt>
   <trkpt lon="-9.093973" lat="39.275334"><ele>87.6</ele></trkpt>
   <trkpt lon="-9.094110" lat="39.275265"><ele>86.8</ele></trkpt>
   <trkpt lon="-9.094319" lat="39.275139"><ele>86.0</ele></trkpt>
   <trkpt lon="-9.094519" lat="39.275082"><ele>85.3</ele></trkpt>
   <trkpt lon="-9.095545" lat="39.274979"><ele>84.8</ele></trkpt>
   <trkpt lon="-9.095787" lat="39.274968"><ele>84.3</ele></trkpt>
   <trkpt lon="-9.096063" lat="39.274993"><ele>84.0</ele></trkpt>
   <trkpt lon="-9.096269" lat="39.275037"><ele>83.8</ele></trkpt>
   <trkpt lon="-9.096449" lat="39.275093"><ele>83.7</ele></trkpt>
   <trkpt lon="-9.097474" lat="39.275448"><ele>83.7</ele></trkpt>
   <trkpt lon="-9.097735" lat="39.275487"><ele>83.8</ele></trkpt>
   <trkpt lon="-9.098135" lat="39.275495"><ele>84.0</ele></trkpt>
   <trkpt lon="-9.098404" lat="39.275458"><ele>84.3</ele></trkpt>
   <trkpt lon="-9.098659" lat="39.275373"><ele>84.7</ele></trkpt>
   <trkpt lon="-9.098751" lat="39.275324"><ele>85.1</ele></trkpt>
   <trkpt lon="-9.098865" lat="39.275263"><ele>85.3</ele></trkpt>
   <trkpt lon="-9.099126" lat="39.275016"><ele>85.3</ele></trkpt>
   <trkpt lon="-9.099358" lat="39.274727"><ele>85.2</ele></trkpt>
   <trkpt lon="-9.099790" lat="39.274019"><ele>84.9</ele></trkpt>
   <trkpt lon="-9.099924" lat="39.273876"><ele>84.7</ele></trkpt>
   <trkpt lon="-9.100132" lat="39.273785"><ele>84.9</ele></trkpt>
   <trkpt lon="-9.100640" lat="39.273695"><ele>85.0</ele></trkpt>
   <trkpt lon="-9.100821" lat="39.273664"><ele>85.1</ele></trkpt>
   <trkpt lon="-9.101001" lat="39.273596"><ele>85.1</ele></trkpt>
   <trkpt lon="-9.101223" lat="39.273461"><ele>84.9</ele></trkpt>
   <trkpt lon="-9.101881" lat="39.272906"><ele>84.7</ele></trkpt>
   <trkpt lon="-9.101969" lat="39.272738"><ele>84.7</ele></trkpt>
   <trkpt lon="-9.101944" lat="39.272383"><ele>84.9</ele></trkpt>
   <trkpt lon="-9.101957" lat="39.272156"><ele>85.3</ele></trkpt>
   <trkpt lon="-9.102083" lat="39.271700"><ele>86.1</ele></trkpt>
   <trkpt lon="-9.102161" lat="39.271579"><ele>86.9</ele></trkpt>
   <trkpt lon="-9.102261" lat="39.271501"><ele>87.3</ele></trkpt>
   <trkpt lon="-9.102404" lat="39.271449"><ele>87.7</ele></trkpt>
   <trkpt lon="-9.102556" lat="39.271445"><ele>88.1</ele></trkpt>
   <trkpt lon="-9.103092" lat="39.271546"><ele>88.6</ele></trkpt>
   <trkpt lon="-9.103423" lat="39.271598"><ele>89.4</ele></trkpt>
   <trkpt lon="-9.103595" lat="39.271576"><ele>90.6</ele><sym>left_slight</sym></trkpt>
   <trkpt lon="-9.103691" lat="39.271548"><ele>91.7</ele></trkpt>
   <trkpt lon="-9.103775" lat="39.271474"><ele>92.8</ele><sym>left_slight</sym></trkpt>
   <trkpt lon="-9.103863" lat="39.271269"><ele>93.6</ele><sym>pass_place</sym><type>Shaping</type></trkpt>
   <trkpt lon="-9.103864" lat="39.271266"><ele>93.7</ele></trkpt>
   <trkpt lon="-9.104004" lat="39.270560"><ele>94.1</ele></trkpt>
   <trkpt lon="-9.104015" lat="39.270504"><ele>94.4</ele></trkpt>
   <trkpt lon="-9.104069" lat="39.270280"><ele>94.8</ele></trkpt>
   <trkpt lon="-9.104071" lat="39.270172"><ele>95.0</ele></trkpt>
   <trkpt lon="-9.104075" lat="39.270029"><ele>95.2</ele></trkpt>
   <trkpt lon="-9.104056" lat="39.269851"><ele>95.4</ele></trkpt>
   <trkpt lon="-9.104043" lat="39.269725"><ele>95.1</ele></trkpt>
   <trkpt lon="-9.104031" lat="39.269606"><ele>94.7</ele></trkpt>
   <trkpt lon="-9.104020" lat="39.269507"><ele>94.3</ele></trkpt>
   <trkpt lon="-9.104037" lat="39.269391"><ele>94.0</ele></trkpt>
   <trkpt lon="-9.104072" lat="39.269279"><ele>93.7</ele></trkpt>
   <trkpt lon="-9.104141" lat="39.269196"><ele>93.4</ele></trkpt>
   <trkpt lon="-9.104283" lat="39.269127"><ele>92.9</ele></trkpt>
   <trkpt lon="-9.105037" lat="39.268862"><ele>92.4</ele></trkpt>
   <trkpt lon="-9.105115" lat="39.268831"><ele>91.4</ele></trkpt>
   <trkpt lon="-9.105246" lat="39.268779"><ele>90.6</ele></trkpt>
   <trkpt lon="-9.105351" lat="39.268681"><ele>89.8</ele></trkpt>
   <trkpt lon="-9.105537" lat="39.268447"><ele>89.0</ele></trkpt>
   <trkpt lon="-9.105560" lat="39.268411"><ele>88.1</ele></trkpt>
   <trkpt lon="-9.106102" lat="39.267585"><ele>86.9</ele></trkpt>
   <trkpt lon="-9.106274" lat="39.267323"><ele>85.6</ele></trkpt>
   <trkpt lon="-9.106441" lat="39.267121"><ele>84.2</ele></trkpt>
   <trkpt lon="-9.106577" lat="39.266988"><ele>82.9</ele></trkpt>
   <trkpt lon="-9.107525" lat="39.266245"><ele>81.9</ele></trkpt>
   <trkpt lon="-9.108134" lat="39.265769"><ele>80.9</ele></trkpt>
   <trkpt lon="-9.108406" lat="39.265556"><ele>80.5</ele></trkpt>
   <trkpt lon="-9.108599" lat="39.265431"><ele>79.8</ele></trkpt>
   <trkpt lon="-9.108635" lat="39.265416"><ele>79.2</ele></trkpt>
   <trkpt lon="-9.108758" lat="39.265365"><ele>78.7</ele></trkpt>
   <trkpt lon="-9.110463" lat="39.264912"><ele>78.6</ele></trkpt>
   <trkpt lon="-9.110780" lat="39.264795"><ele>79.0</ele></trkpt>
   <trkpt lon="-9.111665" lat="39.264420"><ele>79.7</ele></trkpt>
   <trkpt lon="-9.111764" lat="39.264334"><ele>81.0</ele></trkpt>
   <trkpt lon="-9.111820" lat="39.264225"><ele>82.7</ele><sym>right</sym></trkpt>
   <trkpt lon="-9.111966" lat="39.264272"><ele>84.7</ele></trkpt>
   <trkpt lon="-9.112464" lat="39.264509"><ele>86.7</ele></trkpt>
   <trkpt lon="-9.112609" lat="39.264528"><ele>88.6</ele></trkpt>
   <trkpt lon="-9.112950" lat="39.264536"><ele>90.5</ele></trkpt>
   <trkpt lon="-9.113167" lat="39.264571"><ele>92.0</ele></trkpt>
   <trkpt lon="-9.113682" lat="39.264717"><ele>93.2</ele></trkpt>
   <trkpt lon="-9.113886" lat="39.264725"><ele>94.2</ele></trkpt>
   <trkpt lon="-9.114080" lat="39.264700"><ele>94.8</ele></trkpt>
   <trkpt lon="-9.114280" lat="39.264654"><ele>95.1</ele></trkpt>
   <trkpt lon="-9.114463" lat="39.264694"><ele>94.7</ele></trkpt>
   <trkpt lon="-9.114642" lat="39.264767"><ele>94.1</ele></trkpt>
   <trkpt lon="-9.114811" lat="39.264868"><ele>93.2</ele></trkpt>
   <trkpt lon="-9.115168" lat="39.265188"><ele>92.3</ele></trkpt>
   <trkpt lon="-9.115348" lat="39.265275"><ele>91.6</ele></trkpt>
   <trkpt lon="-9.115546" lat="39.265354"><ele>91.4</ele></trkpt>
   <trkpt lon="-9.115691" lat="39.265441"><ele>91.7</ele></trkpt>
   <trkpt lon="-9.115801" lat="39.265593"><ele>92.2</ele></trkpt>
   <trkpt lon="-9.115954" lat="39.265877"><ele>93.2</ele></trkpt>
   <trkpt lon="-9.116088" lat="39.265973"><ele>94.5</ele></trkpt>
   <trkpt lon="-9.116279" lat="39.266025"><ele>96.1</ele></trkpt>
   <trkpt lon="-9.116458" lat="39.266023"><ele>98.1</ele></trkpt>
   <trkpt lon="-9.116579" lat="39.265971"><ele>100.0</ele></trkpt>
   <trkpt lon="-9.116799" lat="39.265738"><ele>102.1</ele></trkpt>
   <trkpt lon="-9.116922" lat="39.265705"><ele>104.4</ele></trkpt>
   <trkpt lon="-9.117048" lat="39.265695"><ele>106.8</ele></trkpt>
   <trkpt lon="-9.117255" lat="39.265724"><ele>109.5</ele></trkpt>
   <trkpt lon="-9.117362" lat="39.265705"><ele>111.6</ele></trkpt>
   <trkpt lon="-9.117708" lat="39.265537"><ele>114.1</ele></trkpt>
   <trkpt lon="-9.117968" lat="39.265470"><ele>116.3</ele></trkpt>
   <trkpt lon="-9.119081" lat="39.265223"><ele>118.4</ele><sym>pass_place</sym><type>Shaping</type></trkpt>
   <trkpt lon="-9.119178" lat="39.265210"><ele>120.3</ele></trkpt>
   <trkpt lon="-9.119389" lat="39.265180"><ele>122.6</ele></trkpt>
   <trkpt lon="-9.120224" lat="39.265055"><ele>124.7</ele></trkpt>
   <trkpt lon="-9.120420" lat="39.265059"><ele>126.5</ele></trkpt>
   <trkpt lon="-9.120977" lat="39.265041"><ele>128.0</ele></trkpt>
   <trkpt lon="-9.121530" lat="39.265071"><ele>128.6</ele><sym>right</sym></trkpt>
   <trkpt lon="-9.121548" lat="39.265193"><ele>129.2</ele></trkpt>
   <trkpt lon="-9.121574" lat="39.265291"><ele>129.6</ele></trkpt>
   <trkpt lon="-9.121623" lat="39.265380"><ele>129.9</ele></trkpt>
   <trkpt lon="-9.121676" lat="39.265453"><ele>130.1</ele></trkpt>
   <trkpt lon="-9.122092" lat="39.265826"><ele>130.1</ele></trkpt>
   <trkpt lon="-9.122213" lat="39.265909"><ele>129.4</ele></trkpt>
   <trkpt lon="-9.122330" lat="39.265974"><ele>128.8</ele></trkpt>
   <trkpt lon="-9.122455" lat="39.266017"><ele>128.2</ele></trkpt>
   <trkpt lon="-9.122585" lat="39.266048"><ele>127.7</ele></trkpt>
   <trkpt lon="-9.122731" lat="39.266059"><ele>126.8</ele></trkpt>
   <trkpt lon="-9.122885" lat="39.266051"><ele>125.6</ele></trkpt>
   <trkpt lon="-9.123034" lat="39.266019"><ele>124.4</ele></trkpt>
   <trkpt lon="-9.123176" lat="39.265969"><ele>123.1</ele></trkpt>
   <trkpt lon="-9.123292" lat="39.265914"><ele>121.8</ele></trkpt>
   <trkpt lon="-9.123782" lat="39.265635"><ele>120.5</ele></trkpt>
   <trkpt lon="-9.124701" lat="39.265106"><ele>119.1</ele></trkpt>
   <trkpt lon="-9.124817" lat="39.265061"><ele>117.9</ele></trkpt>
   <trkpt lon="-9.124924" lat="39.265040"><ele>116.6</ele></trkpt>
   <trkpt lon="-9.125042" lat="39.265031"><ele>115.3</ele></trkpt>
   <trkpt lon="-9.125204" lat="39.265039"><ele>113.9</ele></trkpt>
   <trkpt lon="-9.126403" lat="39.265189"><ele>112.8</ele></trkpt>
   <trkpt lon="-9.126555" lat="39.265196"><ele>111.6</ele></trkpt>
   <trkpt lon="-9.126685" lat="39.265177"><ele>110.5</ele></trkpt>
   <trkpt lon="-9.126792" lat="39.265138"><ele>109.4</ele></trkpt>
   <trkpt lon="-9.126892" lat="39.265093"><ele>108.4</ele></trkpt>
   <trkpt lon="-9.126996" lat="39.265027"><ele>107.4</ele></trkpt>
   <trkpt lon="-9.128183" lat="39.264245"><ele>106.5</ele></trkpt>
   <trkpt lon="-9.128279" lat="39.264167"><ele>105.4</ele></trkpt>
   <trkpt lon="-9.128554" lat="39.263860"><ele>104.2</ele></trkpt>
   <trkpt lon="-9.128648" lat="39.263767"><ele>103.1</ele></trkpt>
   <trkpt lon="-9.128741" lat="39.263696"><ele>102.1</ele></trkpt>
   <trkpt lon="-9.128860" lat="39.263624"><ele>101.3</ele></trkpt>
   <trkpt lon="-9.129120" lat="39.263485"><ele>100.9</ele></trkpt>
   <trkpt lon="-9.129219" lat="39.263416"><ele>100.5</ele></trkpt>
   <trkpt lon="-9.129295" lat="39.263338"><ele>99.9</ele></trkpt>
   <trkpt lon="-9.129347" lat="39.263268"><ele>99.3</ele></trkpt>
   <trkpt lon="-9.129393" lat="39.263173"><ele>98.7</ele></trkpt>
   <trkpt lon="-9.129625" lat="39.262524"><ele>96.8</ele></trkpt>
   <trkpt lon="-9.129686" lat="39.262408"><ele>94.9</ele></trkpt>
   <trkpt lon="-9.129757" lat="39.262308"><ele>92.8</ele></trkpt>
   <trkpt lon="-9.129839" lat="39.262221"><ele>90.6</ele></trkpt>
   <trkpt lon="-9.129937" lat="39.262134"><ele>88.4</ele></trkpt>
   <trkpt lon="-9.133509" lat="39.259377"><ele>86.0</ele></trkpt>
   <trkpt lon="-9.134649" lat="39.258585"><ele>83.7</ele></trkpt>
   <trkpt lon="-9.134976" lat="39.258343"><ele>81.5</ele><sym>pass_place</sym><type>Shaping</type></trkpt>
   <trkpt lon="-9.135853" lat="39.257608"><ele>79.4</ele></trkpt>
   <trkpt lon="-9.135904" lat="39.257564"><ele>78.0</ele></trkpt>
   <trkpt lon="-9.136196" lat="39.257336"><ele>76.1</ele></trkpt>
   <trkpt lon="-9.136313" lat="39.257260"><ele>75.4</ele></trkpt>
   <trkpt lon="-9.136446" lat="39.257192"><ele>75.1</ele></trkpt>
   <trkpt lon="-9.136602" lat="39.257130"><ele>74.9</ele></trkpt>
   <trkpt lon="-9.136808" lat="39.257069"><ele>75.0</ele></trkpt>
   <trkpt lon="-9.137027" lat="39.257013"><ele>74.8</ele></trkpt>
   <trkpt lon="-9.137115" lat="39.256992"><ele>74.7</ele></trkpt>
   <trkpt lon="-9.137204" lat="39.256971"><ele>74.5</ele></trkpt>
   <trkpt lon="-9.137326" lat="39.256954"><ele>74.2</ele></trkpt>
   <trkpt lon="-9.137681" lat="39.256933"><ele>74.0</ele></trkpt>
   <trkpt lon="-9.138115" lat="39.256950"><ele>73.3</ele></trkpt>
   <trkpt lon="-9.138415" lat="39.256968"><ele>72.6</ele></trkpt>
   <trkpt lon="-9.138718" lat="39.256965"><ele>71.9</ele></trkpt>
   <trkpt lon="-9.138862" lat="39.256943"><ele>71.2</ele></trkpt>
   <trkpt lon="-9.138999" lat="39.256910"><ele>70.4</ele></trkpt>
   <trkpt lon="-9.139704" lat="39.256691"><ele>69.1</ele></trkpt>
   <trkpt lon="-9.139972" lat="39.256600"><ele>68.1</ele></trkpt>
   <trkpt lon="-9.140201" lat="39.256507"><ele>67.2</ele></trkpt>
   <trkpt lon="-9.140421" lat="39.256407"><ele>66.5</ele></trkpt>
   <trkpt lon="-9.140680" lat="39.256278"><ele>65.7</ele></trkpt>
   <trkpt lon="-9.142729" lat="39.255212"><ele>65.1</ele></trkpt>
   <trkpt lon="-9.143030" lat="39.255036"><ele>65.0</ele></trkpt>
   <trkpt lon="-9.143193" lat="39.254939"><ele>64.8</ele></trkpt>
   <trkpt lon="-9.143376" lat="39.254829"><ele>64.6</ele></trkpt>
   <trkpt lon="-9.143447" lat="39.254800"><ele>64.5</ele></trkpt>
   <trkpt lon="-9.143581" lat="39.254767"><ele>64.7</ele></trkpt>
   <trkpt lon="-9.143657" lat="39.254762"><ele>65.2</ele></trkpt>
   <trkpt lon="-9.143706" lat="39.254767"><ele>65.3</ele></trkpt>
   <trkpt lon="-9.143812" lat="39.254792"><ele>65.3</ele></trkpt>
   <trkpt lon="-9.143890" lat="39.254825"><ele>65.0</ele></trkpt>
   <trkpt lon="-9.144123" lat="39.254966"><ele>64.9</ele></trkpt>
   <trkpt lon="-9.144238" lat="39.255047"><ele>64.7</ele></trkpt>
   <trkpt lon="-9.145265" lat="39.255807"><ele>64.5</ele></trkpt>
   <trkpt lon="-9.146196" lat="39.256510"><ele>64.1</ele></trkpt>
   <trkpt lon="-9.146563" lat="39.256830"><ele>63.6</ele></trkpt>
   <trkpt lon="-9.147099" lat="39.257324"><ele>63.2</ele></trkpt>
   <trkpt lon="-9.147448" lat="39.257672"><ele>62.6</ele></trkpt>
   <trkpt lon="-9.148110" lat="39.258415"><ele>61.9</ele></trkpt>
   <trkpt lon="-9.148344" lat="39.258700"><ele>61.5</ele></trkpt>
   <trkpt lon="-9.148652" lat="39.259114"><ele>61.2</ele></trkpt>
   <trkpt lon="-9.148759" lat="39.259256"><ele>61.0</ele></trkpt>
   <trkpt lon="-9.148893" lat="39.259473"><ele>60.7</ele></trkpt>
   <trkpt lon="-9.149101" lat="39.259816"><ele>60.2</ele></trkpt>
   <trkpt lon="-9.149250" lat="39.260077"><ele>59.7</ele></trkpt>
   <trkpt lon="-9.149783" lat="39.261065"><ele>59.4</ele></trkpt>
   <trkpt lon="-9.150283" lat="39.261958"><ele>59.1</ele><sym>pass_place</sym><type>Shaping</type></trkpt>
   <trkpt lon="-9.150283" lat="39.261959"><ele>59.1</ele></trkpt>
   <trkpt lon="-9.150411" lat="39.262167"><ele>58.7</ele></trkpt>
   <trkpt lon="-9.150494" lat="39.262269"><ele>58.5</ele></trkpt>
   <trkpt lon="-9.150589" lat="39.262359"><ele>58.2</ele></trkpt>
   <trkpt lon="-9.150696" lat="39.262446"><ele>57.9</ele></trkpt>
   <trkpt lon="-9.150949" lat="39.262607"><ele>57.8</ele></trkpt>
   <trkpt lon="-9.151084" lat="39.262679"><ele>57.6</ele></trkpt>
   <trkpt lon="-9.151132" lat="39.262700"><ele>57.5</ele><sym>right_slight</sym></trkpt>
   <trkpt lon="-9.151203" lat="39.262768"><ele>57.5</ele></trkpt>
   <trkpt lon="-9.151245" lat="39.262809"><ele>57.5</ele><sym>roundabout_e2</sym></trkpt>
   <trkpt lon="-9.151256" lat="39.262868"><ele>57.5</ele></trkpt>
   <trkpt lon="-9.151298" lat="39.262919"><ele>57.5</ele></trkpt>
   <trkpt lon="-9.151362" lat="39.262951"><ele>57.5</ele></trkpt>
   <trkpt lon="-9.151439" lat="39.262961"><ele>57.5</ele></trkpt>
   <trkpt lon="-9.151488" lat="39.262953"><ele>57.5</ele></trkpt>
   <trkpt lon="-9.151533" lat="39.262936"><ele>57.5</ele></trkpt>
   <trkpt lon="-9.151570" lat="39.262909"><ele>57.4</ele></trkpt>
   <trkpt lon="-9.151596" lat="39.262876"><ele>57.3</ele></trkpt>
   <trkpt lon="-9.151610" lat="39.262839"><ele>57.5</ele></trkpt>
   <trkpt lon="-9.151659" lat="39.262806"><ele>57.7</ele></trkpt>
   <trkpt lon="-9.151742" lat="39.262749"><ele>57.9</ele></trkpt>
   <trkpt lon="-9.151899" lat="39.262702"><ele>58.0</ele></trkpt>
   <trkpt lon="-9.151989" lat="39.262658"><ele>58.2</ele></trkpt>
   <trkpt lon="-9.152969" lat="39.262085"><ele>58.4</ele><sym>right_slight</sym></trkpt>
   <trkpt lon="-9.153105" lat="39.262059"><ele>58.7</ele></trkpt>
   <trkpt lon="-9.153158" lat="39.262047"><ele>58.9</ele><sym>roundabout_e2</sym></trkpt>
   <trkpt lon="-9.153213" lat="39.262070"><ele>59.2</ele></trkpt>
   <trkpt lon="-9.153275" lat="39.262078"><ele>59.5</ele></trkpt>
   <trkpt lon="-9.153324" lat="39.262074"><ele>59.8</ele></trkpt>
   <trkpt lon="-9.153370" lat="39.262060"><ele>60.0</ele></trkpt>
   <trkpt lon="-9.153410" lat="39.262038"><ele>60.0</ele></trkpt>
   <trkpt lon="-9.153443" lat="39.262006"><ele>60.0</ele></trkpt>
   <trkpt lon="-9.153465" lat="39.261969"><ele>59.9</ele></trkpt>
   <trkpt lon="-9.153473" lat="39.261929"><ele>59.8</ele></trkpt>
   <trkpt lon="-9.153467" lat="39.261888"><ele>59.6</ele></trkpt>
   <trkpt lon="-9.153519" lat="39.261762"><ele>59.5</ele><sym>right_slight</sym></trkpt>
   <trkpt lon="-9.153814" lat="39.261593"><ele>59.3</ele></trkpt>
   <trkpt lon="-9.154169" lat="39.261402"><ele>59.1</ele></trkpt>
   <trkpt lon="-9.154325" lat="39.261337"><ele>59.0</ele></trkpt>
   <trkpt lon="-9.154478" lat="39.261290"><ele>59.3</ele></trkpt>
   <trkpt lon="-9.154623" lat="39.261259"><ele>59.4</ele></trkpt>
   <trkpt lon="-9.154804" lat="39.261241"><ele>59.6</ele></trkpt>
   <trkpt lon="-9.154954" lat="39.261237"><ele>59.7</ele></trkpt>
   <trkpt lon="-9.155169" lat="39.261259"><ele>60.1</ele></trkpt>
   <trkpt lon="-9.157534" lat="39.261692"><ele>60.4</ele></trkpt>
   <trkpt lon="-9.157965" lat="39.261771"><ele>60.7</ele></trkpt>
   <trkpt lon="-9.158022" lat="39.261781"><ele>61.0</ele></trkpt>
   <trkpt lon="-9.158263" lat="39.261825"><ele>61.3</ele></trkpt>
   <trkpt lon="-9.158317" lat="39.261835"><ele>61.7</ele><sym>roundabout_e1</sym></trkpt>
   <trkpt lon="-9.158310" lat="39.261859"><ele>62.0</ele></trkpt>
   <trkpt lon="-9.158314" lat="39.261907"><ele>61.9</ele></trkpt>
   <trkpt lon="-9.158328" lat="39.261940"><ele>61.9</ele></trkpt>
   <trkpt lon="-9.158351" lat="39.261970"><ele>62.0</ele></trkpt>
   <trkpt lon="-9.158394" lat="39.262005"><ele>62.1</ele></trkpt>
   <trkpt lon="-9.158422" lat="39.262018"><ele>62.3</ele></trkpt>
   <trkpt lon="-9.158381" lat="39.262044"><ele>62.6</ele></trkpt>
   <trkpt lon="-9.158247" lat="39.262111"><ele>63.4</ele></trkpt>
   <trkpt lon="-9.158161" lat="39.262143"><ele>64.2</ele></trkpt>
   <trkpt lon="-9.157960" lat="39.262185"><ele>65.1</ele><sym>left_sharp</sym></trkpt>
   <trkpt lon="-9.157972" lat="39.262232"><ele>66.1</ele></trkpt>
   <trkpt lon="-9.158059" lat="39.262320"><ele>67.2</ele></trkpt>
   <trkpt lon="-9.158527" lat="39.262769"><ele>68.5</ele><sym>left_slight</sym></trkpt>
   <trkpt lon="-9.158611" lat="39.262781"><ele>69.7</ele></trkpt>
   <trkpt lon="-9.158838" lat="39.262799"><ele>71.1</ele></trkpt>
   <trkpt lon="-9.159069" lat="39.262808"><ele>72.6</ele></trkpt>
   <trkpt lon="-9.159227" lat="39.262830"><ele>74.1</ele></trkpt>
   <trkpt lon="-9.159323" lat="39.262856"><ele>75.7</ele></trkpt>
   <trkpt lon="-9.159377" lat="39.262890"><ele>76.8</ele></trkpt>
   <trkpt lon="-9.159507" lat="39.263011"><ele>78.0</ele></trkpt>
   <trkpt lon="-9.159669" lat="39.263235"><ele>79.0</ele></trkpt>
   <trkpt lon="-9.159704" lat="39.263295"><ele>79.7</ele></trkpt>
   <trkpt lon="-9.159724" lat="39.263355"><ele>80.2</ele></trkpt>
   <trkpt lon="-9.159729" lat="39.263415"><ele>80.5</ele></trkpt>
   <trkpt lon="-9.159670" lat="39.263738"><ele>80.7</ele></trkpt>
   <trkpt lon="-9.159542" lat="39.264335"><ele>80.6</ele></trkpt>
   <trkpt lon="-9.159517" lat="39.264502"><ele>80.3</ele></trkpt>
   <trkpt lon="-9.159509" lat="39.264559"><ele>80.0</ele></trkpt>
   <trkpt lon="-9.159353" lat="39.265218"><ele>79.6</ele></trkpt>
   <trkpt lon="-9.159348" lat="39.265279"><ele>79.2</ele></trkpt>
   <trkpt lon="-9.159470" lat="39.265649"><ele>78.5</ele></trkpt>
   <trkpt lon="-9.159522" lat="39.265682"><ele>78.1</ele><sym>right</sym></trkpt>
   <trkpt lon="-9.159484" lat="39.265728"><ele>77.8</ele></trkpt>
   <trkpt lon="-9.159286" lat="39.265964"><ele>77.5</ele></trkpt>
   <trkpt lon="-9.159220" lat="39.266038"><ele>77.5</ele><sym>right_slight</sym></trkpt>
   <trkpt lon="-9.158871" lat="39.266078"><ele>77.6</ele><sym>right</sym></trkpt>
   <trkpt lon="-9.158871" lat="39.266079"><ele>77.6</ele><sym>pass_place</sym><type>Shaping</type></trkpt>
   <trkpt lon="-9.158871" lat="39.266078"><ele>77.6</ele></trkpt>
   <trkpt lon="-9.158911" lat="39.265701"><ele>77.9</ele></trkpt>
   <trkpt lon="-9.158974" lat="39.265023"><ele>78.0</ele></trkpt>
   <trkpt lon="-9.158982" lat="39.264475"><ele>78.0</ele></trkpt>
   <trkpt lon="-9.158984" lat="39.264315"><ele>77.9</ele></trkpt>
   <trkpt lon="-9.158998" lat="39.263853"><ele>77.7</ele></trkpt>
   <trkpt lon="-9.159005" lat="39.263687"><ele>77.2</ele></trkpt>
   <trkpt lon="-9.159011" lat="39.263544"><ele>76.7</ele></trkpt>
   <trkpt lon="-9.159026" lat="39.263196"><ele>76.1</ele></trkpt>
   <trkpt lon="-9.159017" lat="39.263109"><ele>75.3</ele></trkpt>
   <trkpt lon="-9.158967" lat="39.263002"><ele>74.4</ele></trkpt>
   <trkpt lon="-9.158849" lat="39.262875"><ele>73.1</ele></trkpt>
   <trkpt lon="-9.158838" lat="39.262834"><ele>72.0</ele></trkpt>
   <trkpt lon="-9.158838" lat="39.262799"><ele>71.2</ele><sym>left</sym></trkpt>
   <trkpt lon="-9.158611" lat="39.262781"><ele>69.9</ele></trkpt>
   <trkpt lon="-9.158527" lat="39.262769"><ele>68.6</ele><sym>right_slight</sym></trkpt>
   <trkpt lon="-9.158059" lat="39.262320"><ele>67.5</ele></trkpt>
   <trkpt lon="-9.157972" lat="39.262232"><ele>66.6</ele></trkpt>
   <trkpt lon="-9.157960" lat="39.262185"><ele>65.7</ele><sym>right</sym></trkpt>
   <trkpt lon="-9.158161" lat="39.262143"><ele>65.0</ele></trkpt>
   <trkpt lon="-9.158247" lat="39.262111"><ele>64.3</ele></trkpt>
   <trkpt lon="-9.158381" lat="39.262044"><ele>63.7</ele></trkpt>
   <trkpt lon="-9.158422" lat="39.262018"><ele>63.7</ele><sym>roundabout_e3</sym></trkpt>
   <trkpt lon="-9.158447" lat="39.262028"><ele>63.7</ele></trkpt>
   <trkpt lon="-9.158507" lat="39.262039"><ele>63.8</ele></trkpt>
   <trkpt lon="-9.158572" lat="39.262036"><ele>64.0</ele></trkpt>
   <trkpt lon="-9.158632" lat="39.262018"><ele>64.2</ele></trkpt>
   <trkpt lon="-9.158683" lat="39.261988"><ele>64.4</ele></trkpt>
   <trkpt lon="-9.158720" lat="39.261947"><ele>64.6</ele></trkpt>
   <trkpt lon="-9.158739" lat="39.261899"><ele>64.7</ele></trkpt>
   <trkpt lon="-9.158740" lat="39.261851"><ele>64.8</ele></trkpt>
   <trkpt lon="-9.158724" lat="39.261805"><ele>64.7</ele></trkpt>
   <trkpt lon="-9.158694" lat="39.261767"><ele>64.6</ele></trkpt>
   <trkpt lon="-9.158651" lat="39.261736"><ele>64.5</ele></trkpt>
   <trkpt lon="-9.158600" lat="39.261715"><ele>64.3</ele></trkpt>
   <trkpt lon="-9.158543" lat="39.261706"><ele>64.0</ele></trkpt>
   <trkpt lon="-9.158467" lat="39.261712"><ele>63.7</ele></trkpt>
   <trkpt lon="-9.158405" lat="39.261734"><ele>63.5</ele></trkpt>
   <trkpt lon="-9.158355" lat="39.261770"><ele>63.3</ele></trkpt>
   <trkpt lon="-9.158324" lat="39.261812"><ele>63.2</ele></trkpt>
   <trkpt lon="-9.158317" lat="39.261835"><ele>62.8</ele></trkpt>
   <trkpt lon="-9.158263" lat="39.261825"><ele>62.3</ele></trkpt>
   <trkpt lon="-9.158022" lat="39.261781"><ele>61.8</ele></trkpt>
   <trkpt lon="-9.157965" lat="39.261771"><ele>61.3</ele></trkpt>
   <trkpt lon="-9.157534" lat="39.261692"><ele>61.0</ele></trkpt>
   <trkpt lon="-9.155169" lat="39.261259"><ele>60.7</ele></trkpt>
   <trkpt lon="-9.154954" lat="39.261237"><ele>60.4</ele></trkpt>
   <trkpt lon="-9.154804" lat="39.261241"><ele>60.2</ele></trkpt>
   <trkpt lon="-9.154623" lat="39.261259"><ele>60.1</ele></trkpt>
   <trkpt lon="-9.154478" lat="39.261290"><ele>59.9</ele></trkpt>
   <trkpt lon="-9.154325" lat="39.261337"><ele>59.6</ele></trkpt>
   <trkpt lon="-9.154169" lat="39.261402"><ele>59.7</ele></trkpt>
   <trkpt lon="-9.153814" lat="39.261593"><ele>59.9</ele></trkpt>
   <trkpt lon="-9.153519" lat="39.261762"><ele>60.1</ele><sym>right_slight</sym></trkpt>
   <trkpt lon="-9.153424" lat="39.261778"><ele>60.3</ele></trkpt>
   <trkpt lon="-9.153357" lat="39.261787"><ele>60.4</ele><sym>roundabout_e2</sym></trkpt>
   <trkpt lon="-9.153300" lat="39.261775"><ele>60.6</ele></trkpt>
   <trkpt lon="-9.153240" lat="39.261776"><ele>60.8</ele></trkpt>
   <trkpt lon="-9.153190" lat="39.261789"><ele>60.8</ele></trkpt>
   <trkpt lon="-9.153147" lat="39.261811"><ele>60.7</ele></trkpt>
   <trkpt lon="-9.153113" lat="39.261841"><ele>60.3</ele></trkpt>
   <trkpt lon="-9.153091" lat="39.261876"><ele>60.0</ele></trkpt>
   <trkpt lon="-9.153080" lat="39.261915"><ele>59.7</ele></trkpt>
   <trkpt lon="-9.153083" lat="39.261954"><ele>59.5</ele></trkpt>
   <trkpt lon="-9.152969" lat="39.262085"><ele>59.2</ele></trkpt>
   <trkpt lon="-9.151989" lat="39.262658"><ele>59.0</ele></trkpt>
   <trkpt lon="-9.151899" lat="39.262702"><ele>58.8</ele></trkpt>
   <trkpt lon="-9.151742" lat="39.262749"><ele>58.6</ele><sym>right_slight</sym></trkpt>
   <trkpt lon="-9.151630" lat="39.262742"><ele>58.3</ele></trkpt>
   <trkpt lon="-9.151579" lat="39.262738"><ele>58.1</ele><sym>roundabout_e2</sym></trkpt>
   <trkpt lon="-9.151550" lat="39.262712"><ele>58.0</ele></trkpt>
   <trkpt lon="-9.151471" lat="39.262680"><ele>58.1</ele></trkpt>
   <trkpt lon="-9.151383" lat="39.262681"><ele>58.2</ele></trkpt>
   <trkpt lon="-9.151335" lat="39.262697"><ele>58.2</ele></trkpt>
   <trkpt lon="-9.151294" lat="39.262722"><ele>58.2</ele></trkpt>
   <trkpt lon="-9.151132" lat="39.262700"><ele>58.3</ele><sym>right_slight</sym></trkpt>
   <trkpt lon="-9.151084" lat="39.262679"><ele>58.3</ele></trkpt>
   <trkpt lon="-9.150949" lat="39.262607"><ele>58.5</ele></trkpt>
   <trkpt lon="-9.150696" lat="39.262446"><ele>58.7</ele></trkpt>
   <trkpt lon="-9.150589" lat="39.262359"><ele>58.9</ele></trkpt>
   <trkpt lon="-9.150494" lat="39.262269"><ele>59.2</ele></trkpt>
   <trkpt lon="-9.150411" lat="39.262167"><ele>59.6</ele></trkpt>
   <trkpt lon="-9.150283" lat="39.261959"><ele>59.9</ele></trkpt>
   <trkpt lon="-9.149783" lat="39.261065"><ele>60.2</ele></trkpt>
   <trkpt lon="-9.149250" lat="39.260077"><ele>60.5</ele></trkpt>
   <trkpt lon="-9.149101" lat="39.259816"><ele>60.9</ele></trkpt>
   <trkpt lon="-9.148893" lat="39.259473"><ele>61.2</ele></trkpt>
   <trkpt lon="-9.148759" lat="39.259256"><ele>61.5</ele></trkpt>
   <trkpt lon="-9.148652" lat="39.259114"><ele>61.7</ele></trkpt>
   <trkpt lon="-9.148344" lat="39.258700"><ele>61.6</ele></trkpt>
   <trkpt lon="-9.148343" lat="39.258698"><ele>61.7</ele><sym>pass_place</sym><type>Shaping</type></trkpt>
   <trkpt lon="-9.148110" lat="39.258415"><ele>61.8</ele></trkpt>
   <trkpt lon="-9.147448" lat="39.257672"><ele>62.3</ele></trkpt>
   <trkpt lon="-9.147099" lat="39.257324"><ele>62.7</ele></trkpt>
   <trkpt lon="-9.146563" lat="39.256830"><ele>63.1</ele></trkpt>
   <trkpt lon="-9.146196" lat="39.256510"><ele>63.3</ele></trkpt>
   <trkpt lon="-9.145265" lat="39.255807"><ele>63.5</ele></trkpt>
   <trkpt lon="-9.144238" lat="39.255047"><ele>63.8</ele></trkpt>
   <trkpt lon="-9.144123" lat="39.254966"><ele>64.0</ele></trkpt>
   <trkpt lon="-9.143890" lat="39.254825"><ele>64.4</ele></trkpt>
   <trkpt lon="-9.143680" lat="39.254625"><ele>65.1</ele></trkpt>
   <trkpt lon="-9.143610" lat="39.254475"><ele>65.8</ele></trkpt>
   <trkpt lon="-9.143495" lat="39.253982"><ele>66.3</ele></trkpt>
   <trkpt lon="-9.143467" lat="39.253889"><ele>66.6</ele></trkpt>
   <trkpt lon="-9.143416" lat="39.253767"><ele>67.0</ele></trkpt>
   <trkpt lon="-9.143367" lat="39.253676"><ele>67.4</ele></trkpt>
   <trkpt lon="-9.143228" lat="39.253468"><ele>67.7</ele></trkpt>
   <trkpt lon="-9.142756" lat="39.252852"><ele>68.0</ele></trkpt>
   <trkpt lon="-9.142628" lat="39.252720"><ele>68.3</ele></trkpt>
   <trkpt lon="-9.142486" lat="39.252608"><ele>68.8</ele></trkpt>
   <trkpt lon="-9.141652" lat="39.252062"><ele>69.2</ele></trkpt>
   <trkpt lon="-9.141494" lat="39.251927"><ele>69.6</ele></trkpt>
   <trkpt lon="-9.141421" lat="39.251853"><ele>69.6</ele></trkpt>
   <trkpt lon="-9.141349" lat="39.251756"><ele>69.6</ele></trkpt>
   <trkpt lon="-9.141308" lat="39.251661"><ele>69.6</ele></trkpt>
   <trkpt lon="-9.141276" lat="39.251531"><ele>69.5</ele></trkpt>
   <trkpt lon="-9.141223" lat="39.251220"><ele>69.5</ele></trkpt>
   <trkpt lon="-9.141152" lat="39.250560"><ele>69.5</ele></trkpt>
   <trkpt lon="-9.141129" lat="39.250432"><ele>69.3</ele></trkpt>
   <trkpt lon="-9.141099" lat="39.250302"><ele>69.0</ele></trkpt>
   <trkpt lon="-9.141053" lat="39.250186"><ele>68.5</ele></trkpt>
   <trkpt lon="-9.140982" lat="39.250055"><ele>67.7</ele></trkpt>
   <trkpt lon="-9.140897" lat="39.249931"><ele>66.9</ele></trkpt>
   <trkpt lon="-9.140810" lat="39.249828"><ele>66.3</ele></trkpt>
   <trkpt lon="-9.140738" lat="39.249763"><ele>65.6</ele></trkpt>
   <trkpt lon="-9.140669" lat="39.249720"><ele>64.9</ele></trkpt>
   <trkpt lon="-9.140536" lat="39.249664"><ele>64.2</ele></trkpt>
   <trkpt lon="-9.140418" lat="39.249626"><ele>63.6</ele></trkpt>
   <trkpt lon="-9.140277" lat="39.249604"><ele>63.2</ele></trkpt>
   <trkpt lon="-9.140154" lat="39.249600"><ele>63.0</ele></trkpt>
   <trkpt lon="-9.139896" lat="39.249619"><ele>63.1</ele></trkpt>
   <trkpt lon="-9.139267" lat="39.249709"><ele>63.4</ele></trkpt>
   <trkpt lon="-9.139060" lat="39.249724"><ele>64.0</ele></trkpt>
   <trkpt lon="-9.138948" lat="39.249722"><ele>64.7</ele></trkpt>
   <trkpt lon="-9.138822" lat="39.249711"><ele>65.4</ele></trkpt>
   <trkpt lon="-9.138723" lat="39.249688"><ele>66.3</ele></trkpt>
   <trkpt lon="-9.138602" lat="39.249650"><ele>67.1</ele></trkpt>
   <trkpt lon="-9.138501" lat="39.249606"><ele>68.0</ele></trkpt>
   <trkpt lon="-9.138412" lat="39.249557"><ele>69.0</ele></trkpt>
   <trkpt lon="-9.138345" lat="39.249508"><ele>69.9</ele></trkpt>
   <trkpt lon="-9.137211" lat="39.248405"><ele>70.9</ele></trkpt>
   <trkpt lon="-9.136294" lat="39.247519"><ele>71.8</ele></trkpt>
   <trkpt lon="-9.135937" lat="39.247177"><ele>72.6</ele></trkpt>
   <trkpt lon="-9.135710" lat="39.246940"><ele>73.2</ele><sym>pass_place</sym><type>Shaping</type></trkpt>
   <trkpt lon="-9.135709" lat="39.246940"><ele>73.2</ele></trkpt>
   <trkpt lon="-9.135314" lat="39.246561"><ele>73.5</ele></trkpt>
   <trkpt lon="-9.135203" lat="39.246440"><ele>73.8</ele></trkpt>
   <trkpt lon="-9.135102" lat="39.246307"><ele>74.0</ele></trkpt>
   <trkpt lon="-9.135029" lat="39.246192"><ele>74.2</ele></trkpt>
   <trkpt lon="-9.134634" lat="39.245446"><ele>74.1</ele></trkpt>
   <trkpt lon="-9.134602" lat="39.245345"><ele>73.9</ele></trkpt>
   <trkpt lon="-9.134588" lat="39.245252"><ele>73.4</ele></trkpt>
   <trkpt lon="-9.134593" lat="39.245167"><ele>72.9</ele></trkpt>
   <trkpt lon="-9.134612" lat="39.245087"><ele>72.3</ele></trkpt>
   <trkpt lon="-9.134932" lat="39.244289"><ele>71.6</ele></trkpt>
   <trkpt lon="-9.135062" lat="39.243945"><ele>70.9</ele></trkpt>
   <trkpt lon="-9.135070" lat="39.243871"><ele>70.4</ele></trkpt>
   <trkpt lon="-9.135068" lat="39.243785"><ele>69.7</ele></trkpt>
   <trkpt lon="-9.135041" lat="39.243714"><ele>68.9</ele></trkpt>
   <trkpt lon="-9.134999" lat="39.243638"><ele>68.1</ele></trkpt>
   <trkpt lon="-9.134944" lat="39.243568"><ele>67.5</ele></trkpt>
   <trkpt lon="-9.134797" lat="39.243478"><ele>66.9</ele></trkpt>
   <trkpt lon="-9.133759" lat="39.242933"><ele>66.3</ele></trkpt>
   <trkpt lon="-9.133676" lat="39.242885"><ele>66.0</ele></trkpt>
   <trkpt lon="-9.133592" lat="39.242825"><ele>65.8</ele></trkpt>
   <trkpt lon="-9.133502" lat="39.242749"><ele>65.8</ele></trkpt>
   <trkpt lon="-9.133405" lat="39.242654"><ele>65.8</ele></trkpt>
   <trkpt lon="-9.132861" lat="39.242062"><ele>65.7</ele></trkpt>
   <trkpt lon="-9.132487" lat="39.241638"><ele>65.8</ele></trkpt>
   <trkpt lon="-9.132358" lat="39.241462"><ele>65.9</ele></trkpt>
   <trkpt lon="-9.132328" lat="39.241371"><ele>66.1</ele></trkpt>
   <trkpt lon="-9.132313" lat="39.241274"><ele>66.3</ele></trkpt>
   <trkpt lon="-9.132310" lat="39.241175"><ele>66.7</ele></trkpt>
   <trkpt lon="-9.132373" lat="39.240180"><ele>67.1</ele></trkpt>
   <trkpt lon="-9.132363" lat="39.240044"><ele>67.2</ele></trkpt>
   <trkpt lon="-9.132337" lat="39.239926"><ele>67.1</ele></trkpt>
   <trkpt lon="-9.132294" lat="39.239834"><ele>66.9</ele></trkpt>
   <trkpt lon="-9.132228" lat="39.239748"><ele>66.8</ele></trkpt>
   <trkpt lon="-9.132141" lat="39.239663"><ele>66.5</ele></trkpt>
   <trkpt lon="-9.131673" lat="39.239325"><ele>66.3</ele></trkpt>
   <trkpt lon="-9.131557" lat="39.239256"><ele>66.1</ele></trkpt>
   <trkpt lon="-9.131438" lat="39.239195"><ele>65.9</ele></trkpt>
   <trkpt lon="-9.131320" lat="39.239153"><ele>65.8</ele></trkpt>
   <trkpt lon="-9.131176" lat="39.239119"><ele>65.7</ele></trkpt>
   <trkpt lon="-9.131023" lat="39.239099"><ele>66.0</ele></trkpt>
   <trkpt lon="-9.130708" lat="39.239078"><ele>66.4</ele></trkpt>
   <trkpt lon="-9.130563" lat="39.239062"><ele>67.1</ele></trkpt>
   <trkpt lon="-9.130431" lat="39.239034"><ele>68.0</ele></trkpt>
   <trkpt lon="-9.130291" lat="39.238997"><ele>69.5</ele></trkpt>
   <trkpt lon="-9.129418" lat="39.238684"><ele>71.0</ele></trkpt>
   <trkpt lon="-9.129314" lat="39.238627"><ele>72.6</ele></trkpt>
   <trkpt lon="-9.129223" lat="39.238563"><ele>74.1</ele></trkpt>
   <trkpt lon="-9.129152" lat="39.238478"><ele>75.5</ele></trkpt>
   <trkpt lon="-9.128856" lat="39.237896"><ele>76.7</ele></trkpt>
   <trkpt lon="-9.128701" lat="39.237581"><ele>77.7</ele></trkpt>
   <trkpt lon="-9.128602" lat="39.237379"><ele>77.2</ele></trkpt>
   <trkpt lon="-9.128565" lat="39.237300"><ele>76.7</ele><sym>left</sym></trkpt>
   <trkpt lon="-9.128444" lat="39.237331"><ele>76.2</ele></trkpt>
   <trkpt lon="-9.128374" lat="39.237356"><ele>75.4</ele></trkpt>
   <trkpt lon="-9.128304" lat="39.237392"><ele>74.0</ele><sym>right_slight</sym></trkpt>
   <trkpt lon="-9.127042" lat="39.237601"><ele>72.6</ele></trkpt>
   <trkpt lon="-9.125932" lat="39.237721"><ele>71.1</ele></trkpt>
   <trkpt lon="-9.125310" lat="39.237771"><ele>69.7</ele></trkpt>
   <trkpt lon="-9.124543" lat="39.237838"><ele>68.6</ele></trkpt>
   <trkpt lon="-9.124398" lat="39.237858"><ele>67.8</ele></trkpt>
   <trkpt lon="-9.124246" lat="39.237907"><ele>67.4</ele></trkpt>
   <trkpt lon="-9.123946" lat="39.237957"><ele>68.1</ele></trkpt>
   <trkpt lon="-9.123615" lat="39.237966"><ele>69.0</ele><sym>pass_place</sym><type>Shaping</type></trkpt>
   <trkpt lon="-9.123266" lat="39.237933"><ele>69.9</ele></trkpt>
   <trkpt lon="-9.122975" lat="39.237853"><ele>70.9</ele></trkpt>
   <trkpt lon="-9.122611" lat="39.237775"><ele>72.0</ele></trkpt>
   <trkpt lon="-9.122417" lat="39.237774"><ele>73.3</ele></trkpt>
   <trkpt lon="-9.122316" lat="39.237804"><ele>74.9</ele><sym>left_slight</sym></trkpt>
   <trkpt lon="-9.122245" lat="39.237890"><ele>76.8</ele></trkpt>
   <trkpt lon="-9.122193" lat="39.238087"><ele>78.6</ele></trkpt>
   <trkpt lon="-9.122134" lat="39.238170"><ele>80.6</ele><sym>right_slight</sym></trkpt>
   <trkpt lon="-9.122016" lat="39.238211"><ele>82.7</ele></trkpt>
   <trkpt lon="-9.121737" lat="39.238282"><ele>85.1</ele></trkpt>
   <trkpt lon="-9.121475" lat="39.238379"><ele>87.4</ele></trkpt>
   <trkpt lon="-9.121195" lat="39.238482"><ele>90.3</ele></trkpt>
   <trkpt lon="-9.120852" lat="39.238619"><ele>93.3</ele></trkpt>
   <trkpt lon="-9.120423" lat="39.238710"><ele>96.2</ele></trkpt>
   <trkpt lon="-9.119827" lat="39.238826"><ele>99.0</ele></trkpt>
   <trkpt lon="-9.119552" lat="39.238887"><ele>101.6</ele></trkpt>
   <trkpt lon="-9.118198" lat="39.239345"><ele>104.3</ele></trkpt>
   <trkpt lon="-9.117723" lat="39.239523"><ele>106.6</ele></trkpt>
   <trkpt lon="-9.116930" lat="39.239757"><ele>108.5</ele></trkpt>
   <trkpt lon="-9.116743" lat="39.239778"><ele>109.9</ele></trkpt>
   <trkpt lon="-9.115898" lat="39.239808"><ele>110.7</ele></trkpt>
   <trkpt lon="-9.115203" lat="39.239811"><ele>111.3</ele></trkpt>
   <trkpt lon="-9.114940" lat="39.239794"><ele>111.1</ele></trkpt>
   <trkpt lon="-9.114715" lat="39.239749"><ele>110.8</ele></trkpt>
   <trkpt lon="-9.114338" lat="39.239606"><ele>110.4</ele></trkpt>
   <trkpt lon="-9.113759" lat="39.239415"><ele>110.4</ele></trkpt>
   <trkpt lon="-9.113492" lat="39.239346"><ele>110.3</ele></trkpt>
   <trkpt lon="-9.113036" lat="39.239275"><ele>110.1</ele></trkpt>
   <trkpt lon="-9.112949" lat="39.239272"><ele>111.0</ele></trkpt>
   <trkpt lon="-9.112596" lat="39.239258"><ele>112.4</ele></trkpt>
   <trkpt lon="-9.112102" lat="39.239275"><ele>114.0</ele></trkpt>
   <trkpt lon="-9.111641" lat="39.239321"><ele>116.1</ele></trkpt>
   <trkpt lon="-9.111051" lat="39.239416"><ele>118.5</ele></trkpt>
   <trkpt lon="-9.109259" lat="39.239757"><ele>121.0</ele></trkpt>
   <trkpt lon="-9.107305" lat="39.240109"><ele>123.4</ele></trkpt>
   <trkpt lon="-9.107048" lat="39.240159"><ele>125.5</ele><sym>right_slight</sym></trkpt>
   <trkpt lon="-9.106534" lat="39.240210"><ele>127.1</ele></trkpt>
   <trkpt lon="-9.106294" lat="39.240199"><ele>128.5</ele></trkpt>
   <trkpt lon="-9.106069" lat="39.240232"><ele>129.9</ele></trkpt>
   <trkpt lon="-9.105742" lat="39.240360"><ele>130.3</ele></trkpt>
   <trkpt lon="-9.105013" lat="39.240730"><ele>130.4</ele></trkpt>
   <trkpt lon="-9.104737" lat="39.240836"><ele>130.3</ele></trkpt>
   <trkpt lon="-9.104681" lat="39.240857"><ele>129.9</ele></trkpt>
   <trkpt lon="-9.104597" lat="39.240889"><ele>129.4</ele><sym>roundabout_e4</sym></trkpt>
   <trkpt lon="-9.104544" lat="39.240866"><ele>128.8</ele></trkpt>
   <trkpt lon="-9.104484" lat="39.240857"><ele>128.2</ele></trkpt>
   <trkpt lon="-9.104428" lat="39.240861"><ele>127.9</ele></trkpt>
   <trkpt lon="-9.104376" lat="39.240879"><ele>127.9</ele></trkpt>
   <trkpt lon="-9.104330" lat="39.240909"><ele>127.7</ele></trkpt>
   <trkpt lon="-9.104299" lat="39.240950"><ele>127.6</ele></trkpt>
   <trkpt lon="-9.104286" lat="39.240996"><ele>127.4</ele></trkpt>
   <trkpt lon="-9.104292" lat="39.241043"><ele>127.2</ele></trkpt>
   <trkpt lon="-9.104312" lat="39.241080"><ele>127.0</ele></trkpt>
   <trkpt lon="-9.104345" lat="39.241112"><ele>126.9</ele></trkpt>
   <trkpt lon="-9.104364" lat="39.241319"><ele>126.9</ele><sym>pass_place</sym><type>Shaping</type></trkpt>
   <trkpt lon="-9.104364" lat="39.241324"><ele>127.0</ele><sym>right_slight</sym></trkpt>
   <trkpt lon="-9.104294" lat="39.241453"><ele>127.1</ele></trkpt>
   <trkpt lon="-9.104179" lat="39.241686"><ele>127.4</ele></trkpt>
   <trkpt lon="-9.104146" lat="39.241767"><ele>127.9</ele></trkpt>
   <trkpt lon="-9.104051" lat="39.242003"><ele>128.5</ele></trkpt>
   <trkpt lon="-9.103833" lat="39.242285"><ele>129.5</ele></trkpt>
   <trkpt lon="-9.103777" lat="39.242345"><ele>130.5</ele></trkpt>
   <trkpt lon="-9.103352" lat="39.242556"><ele>130.9</ele></trkpt>
   <trkpt lon="-9.103257" lat="39.242598"><ele>131.4</ele></trkpt>
   <trkpt lon="-9.103106" lat="39.242668"><ele>132.0</ele><sym>right_slight</sym></trkpt>
   <trkpt lon="-9.102832" lat="39.242754"><ele>132.6</ele></trkpt>
   <trkpt lon="-9.102661" lat="39.242756"><ele>133.1</ele><sym>pass_place</sym><type>Via</type></trkpt>
  </trkseg>
 </trk>
</gpx>
