<?xml version="1.0" encoding="UTF-8"?>
<!-- track-length = 47888 filtered ascend = 720 plain-ascend = 0 cost=81236 energy=.3kwh time=3h 6m 54s -->
<gpx 
 xmlns="http://www.topografix.com/GPX/1/1" 
 xmlns:xsi="http://www.w3.org/2001/XMLSchema-instance" 
 xsi:schemaLocation="http://www.topografix.com/GPX/1/1 http://www.topografix.com/GPX/1/1/gpx.xsd" 
 creator="BRouter-1.7.9" version="1.1"><wpt lat="39.26856" lon="-9.15493"><name>Capri</name><sym>Restaurant</sym></wpt><wpt lat="39.36123" lon="-9.15496"><name>Os Filipes</name><sym>Restaurant</sym></wpt><wpt lat="39.3596" lon="-9.15774"><name>Café Pastelaria A Moura</name><sym>Restaurant</sym></wpt><wpt lat="39.29432" lon="-9.09622"><name>Café</name><sym>Restaurant</sym></wpt><wpt lat="39.26468" lon="-9.15963"><name>Café</name><sym>Restaurant</sym></wpt><wpt lat="39.26889" lon="-9.15556"><name>Pastelaria Biju</name><sym>Restaurant</sym></wpt><wpt lat="39.26752" lon="-9.15824"><name>Pastelaria Real</name><sym>Restaurant</sym></wpt><wpt lat="39.27278" lon="-9.15578"><name>Diplomata</name><sym>Restaurant</sym></wpt><wpt lat="39.27321" lon="-9.15502"><name>Migalhas</name><sym>Restaurant</sym></wpt><wpt lat="39.26381" lon="-9.16077"><name>Ténis Bar</name><sym>Restaurant</sym></wpt><wpt lat="39.35729" lon="-9.1586"><name>Drinking water</name><sym>Drinking Water</sym></wpt><wpt lat="39.35926" lon="-9.15763"><name>Drinking water</name><sym>Drinking Water</sym></wpt><wpt lat="39.36493" lon="-9.14974"><name>Drinking water</name><sym>Drinking Water</sym></wpt><wpt lat="39.36153" lon="-9.15559"><name>Fonte</name><sym>Drinking Water</sym></wpt><wpt lat="39.36495" lon="-9.14976"><name>Bebedouro</name><sym>Drinking Water</sym></wpt><wpt lat="39.24149" lon="-9.10256"><name>Brasil</name><sym>Restaurant</sym></wpt><wpt lat="39.24271" lon="-9.10208"><name>Rosa</name><sym>Restaurant</sym></wpt><wpt lat="39.32531" lon="-9.17878"><name>Solar da Faia</name><sym>Restaurant</sym></wpt><wpt lat="39.26779" lon="-9.15568"><name>Drinking water</name><sym>Drinking Water</sym></wpt><wpt lat="39.25728" lon="-9.14724"><name>Drinking water</name><sym>Drinking Water</sym></wpt><wpt lat="39.26091" lon="-9.07535"><name>A.A.C.R Peral</name><sym>Restaurant</sym></wpt><wpt lat="39.26167" lon="-9.07455"><name>Café Central</name><sym>Restaurant</sym></wpt><wpt lat="39.2758" lon="-9.08316"><name>Snack Bar D&#x27;Anina</name><sym>Restaurant</sym></wpt><wpt lat="39.24122" lon="-9.10413"><name>Vai e Volta</name><sym>Restaurant</sym></wpt>
 <trk>
  <src>brouter_fastbike-lowtraffic_0</src>
  <type>bike</type>
  <trkseg>
   <trkpt lon="-9.158271" lat="39.267048"><ele>48.0</ele><sym>pass_place</sym><type>Via</type></trkpt>
   <trkpt lon="-9.158223" lat="39.267045"><ele>48.25</ele><sym>left</sym></trkpt>
   <trkpt lon="-9.158200" lat="39.267166"><ele>48.25</ele></trkpt>
   <trkpt lon="-9.158181" lat="39.267263"><ele>48.25</ele></trkpt>
   <trkpt lon="-9.158083" lat="39.267721"><ele>45.5</ele></trkpt>
   <trkpt lon="-9.158064" lat="39.267777"><ele>45.0</ele></trkpt>
   <trkpt lon="-9.157981" lat="39.267879"><ele>44.0</ele></trkpt>
   <trkpt lon="-9.157905" lat="39.267952"><ele>43.25</ele></trkpt>
   <trkpt lon="-9.157771" lat="39.268041"><ele>42.0</ele></trkpt>
   <trkpt lon="-9.157683" lat="39.268086"><ele>42.0</ele></trkpt>
   <trkpt lon="-9.157592" lat="39.268115"><ele>42.25</ele></trkpt>
   <trkpt lon="-9.157554" lat="39.268125"><ele>42.5</ele></trkpt>
   <trkpt lon="-9.156873" lat="39.268291"><ele>45.25</ele></trkpt>
   <trkpt lon="-9.155559" lat="39.268574"><ele>45.5</ele></trkpt>
   <trkpt lon="-9.155480" lat="39.268599"><ele>45.25</ele></trkpt>
   <trkpt lon="-9.155419" lat="39.268628"><ele>45.0</ele></trkpt>
   <trkpt lon="-9.155373" lat="39.268669"><ele>44.75</ele></trkpt>
   <trkpt lon="-9.155359" lat="39.268713"><ele>45.0</ele><sym>left_slight</sym></trkpt>
   <trkpt lon="-9.155486" lat="39.269132"><ele>43.25</ele></trkpt>
   <trkpt lon="-9.155510" lat="39.269212"><ele>42.5</ele></trkpt>
   <trkpt lon="-9.155534" lat="39.269285"><ele>42.0</ele></trkpt>
   <trkpt lon="-9.155714" lat="39.269822"><ele>43.0</ele></trkpt>
   <trkpt lon="-9.155798" lat="39.270065"><ele>43.0</ele></trkpt>
   <trkpt lon="-9.155852" lat="39.270182"><ele>42.75</ele></trkpt>
   <trkpt lon="-9.155872" lat="39.270220"><ele>42.75</ele><sym>roundabout_e1</sym></trkpt>
   <trkpt lon="-9.155839" lat="39.270244"><ele>42.75</ele></trkpt>
   <trkpt lon="-9.155818" lat="39.270275"><ele>43.0</ele></trkpt>
   <trkpt lon="-9.155811" lat="39.270310"><ele>42.75</ele></trkpt>
   <trkpt lon="-9.155821" lat="39.270344"><ele>42.75</ele></trkpt>
   <trkpt lon="-9.155844" lat="39.270374"><ele>42.75</ele></trkpt>
   <trkpt lon="-9.155879" lat="39.270396"><ele>42.75</ele></trkpt>
   <trkpt lon="-9.155849" lat="39.270429"><ele>42.75</ele></trkpt>
   <trkpt lon="-9.155810" lat="39.270498"><ele>42.75</ele></trkpt>
   <trkpt lon="-9.155798" lat="39.270536"><ele>42.75</ele></trkpt>
   <trkpt lon="-9.155646" lat="39.271072"><ele>40.75</ele></trkpt>
   <trkpt lon="-9.155446" lat="39.271705"><ele>35.0</ele></trkpt>
   <trkpt lon="-9.155403" lat="39.271794"><ele>34.5</ele></trkpt>
   <trkpt lon="-9.155306" lat="39.271937"><ele>34.0</ele></trkpt>
   <trkpt lon="-9.155082" lat="39.272191"><ele>33.0</ele></trkpt>
   <trkpt lon="-9.154963" lat="39.272372"><ele>33.25</ele></trkpt>
   <trkpt lon="-9.154928" lat="39.272460"><ele>33.25</ele></trkpt>
   <trkpt lon="-9.154899" lat="39.272549"><ele>33.0</ele></trkpt>
   <trkpt lon="-9.154837" lat="39.272980"><ele>31.5</ele></trkpt>
   <trkpt lon="-9.154832" lat="39.273031"><ele>31.25</ele></trkpt>
   <trkpt lon="-9.154811" lat="39.273203"><ele>30.25</ele></trkpt>
   <trkpt lon="-9.154786" lat="39.273448"><ele>28.0</ele></trkpt>
   <trkpt lon="-9.154774" lat="39.273574"><ele>26.5</ele></trkpt>
   <trkpt lon="-9.154705" lat="39.274301"><ele>24.75</ele></trkpt>
   <trkpt lon="-9.154682" lat="39.274587"><ele>24.5</ele></trkpt>
   <trkpt lon="-9.154668" lat="39.274803"><ele>24.75</ele></trkpt>
   <trkpt lon="-9.154678" lat="39.274917"><ele>25.5</ele></trkpt>
   <trkpt lon="-9.154684" lat="39.274982"><ele>26.0</ele></trkpt>
   <trkpt lon="-9.154710" lat="39.275080"><ele>27.0</ele></trkpt>
   <trkpt lon="-9.154747" lat="39.275155"><ele>28.0</ele></trkpt>
   <trkpt lon="-9.154809" lat="39.275228"><ele>28.75</ele></trkpt>
   <trkpt lon="-9.154865" lat="39.275274"><ele>28.75</ele></trkpt>
   <trkpt lon="-9.154950" lat="39.275331"><ele>29.0</ele></trkpt>
   <trkpt lon="-9.155031" lat="39.275370"><ele>29.5</ele></trkpt>
   <trkpt lon="-9.155124" lat="39.275405"><ele>29.75</ele></trkpt>
   <trkpt lon="-9.155231" lat="39.275431"><ele>29.75</ele></trkpt>
   <trkpt lon="-9.155644" lat="39.275500"><ele>28.0</ele></trkpt>
   <trkpt lon="-9.155966" lat="39.275566"><ele>28.5</ele></trkpt>
   <trkpt lon="-9.156226" lat="39.275657"><ele>29.25</ele></trkpt>
   <trkpt lon="-9.156333" lat="39.275708"><ele>29.5</ele></trkpt>
   <trkpt lon="-9.156411" lat="39.275763"><ele>29.5</ele></trkpt>
   <trkpt lon="-9.156479" lat="39.275821"><ele>29.75</ele></trkpt>
   <trkpt lon="-9.156576" lat="39.275928"><ele>30.5</ele></trkpt>
   <trkpt lon="-9.156630" lat="39.275999"><ele>31.0</ele></trkpt>
   <trkpt lon="-9.156681" lat="39.276094"><ele>31.75</ele></trkpt>
   <trkpt lon="-9.156718" lat="39.276190"><ele>31.5</ele></trkpt>
   <trkpt lon="-9.157720" lat="39.279574"><ele>39.5</ele></trkpt>
   <trkpt lon="-9.157881" lat="39.280118"><ele>39.75</ele></trkpt>
   <trkpt lon="-9.157897" lat="39.280207"><ele>40.0</ele></trkpt>
   <trkpt lon="-9.157900" lat="39.280295"><ele>40.5</ele></trkpt>
   <trkpt lon="-9.157893" lat="39.280376"><ele>41.0</ele></trkpt>
   <trkpt lon="-9.157878" lat="39.280443"><ele>41.25</ele></trkpt>
   <trkpt lon="-9.157836" lat="39.280565"><ele>41.75</ele><sym>pass_place</sym><type>Shaping</type></trkpt>
   <trkpt lon="-9.157789" lat="39.280655"><ele>41.5</ele></trkpt>
   <trkpt lon="-9.157693" lat="39.280789"><ele>41.5</ele></trkpt>
   <trkpt lon="-9.157383" lat="39.281123"><ele>43.75</ele></trkpt>
   <trkpt lon="-9.157287" lat="39.281223"><ele>44.5</ele></trkpt>
   <trkpt lon="-9.157227" lat="39.281257"><ele>44.75</ele></trkpt>
   <trkpt lon="-9.157127" lat="39.281311"><ele>45.5</ele></trkpt>
   <trkpt lon="-9.157054" lat="39.281340"><ele>46.0</ele></trkpt>
   <trkpt lon="-9.156967" lat="39.281369"><ele>46.75</ele><sym>roundabout_e2</sym></trkpt>
   <trkpt lon="-9.156900" lat="39.281392"><ele>47.5</ele></trkpt>
   <trkpt lon="-9.156854" lat="39.281425"><ele>48.25</ele></trkpt>
   <trkpt lon="-9.156825" lat="39.281468"><ele>49.0</ele></trkpt>
   <trkpt lon="-9.156816" lat="39.281517"><ele>49.25</ele></trkpt>
   <trkpt lon="-9.156827" lat="39.281565"><ele>49.25</ele></trkpt>
   <trkpt lon="-9.156860" lat="39.281609"><ele>49.0</ele></trkpt>
   <trkpt lon="-9.156910" lat="39.281641"><ele>48.25</ele></trkpt>
   <trkpt lon="-9.156987" lat="39.281761"><ele>48.0</ele></trkpt>
   <trkpt lon="-9.157047" lat="39.281895"><ele>48.0</ele></trkpt>
   <trkpt lon="-9.157129" lat="39.282837"><ele>46.75</ele></trkpt>
   <trkpt lon="-9.157151" lat="39.283058"><ele>47.5</ele></trkpt>
   <trkpt lon="-9.157198" lat="39.283364"><ele>49.0</ele></trkpt>
   <trkpt lon="-9.157336" lat="39.283996"><ele>44.75</ele></trkpt>
   <trkpt lon="-9.157391" lat="39.284174"><ele>43.75</ele></trkpt>
   <trkpt lon="-9.157493" lat="39.284377"><ele>43.0</ele></trkpt>
   <trkpt lon="-9.157549" lat="39.284465"><ele>42.5</ele></trkpt>
   <trkpt lon="-9.158357" lat="39.285658"><ele>36.0</ele></trkpt>
   <trkpt lon="-9.158564" lat="39.285976"><ele>36.0</ele></trkpt>
   <trkpt lon="-9.158861" lat="39.286491"><ele>34.5</ele></trkpt>
   <trkpt lon="-9.159088" lat="39.286829"><ele>33.5</ele><sym>stay_left</sym></trkpt>
   <trkpt lon="-9.159237" lat="39.287051"><ele>33.5</ele><sym>straight</sym></trkpt>
   <trkpt lon="-9.159434" lat="39.287343"><ele>32.0</ele></trkpt>
   <trkpt lon="-9.159570" lat="39.287535"><ele>32.0</ele></trkpt>
   <trkpt lon="-9.159704" lat="39.287732"><ele>32.75</ele></trkpt>
   <trkpt lon="-9.159938" lat="39.288150"><ele>32.25</ele></trkpt>
   <trkpt lon="-9.159998" lat="39.288271"><ele>32.0</ele></trkpt>
   <trkpt lon="-9.160105" lat="39.288518"><ele>30.0</ele></trkpt>
   <trkpt lon="-9.160193" lat="39.288755"><ele>28.75</ele></trkpt>
   <trkpt lon="-9.160316" lat="39.289137"><ele>28.0</ele><sym>straight</sym></trkpt>
   <trkpt lon="-9.160395" lat="39.289389"><ele>28.75</ele></trkpt>
   <trkpt lon="-9.160461" lat="39.289595"><ele>28.5</ele></trkpt>
   <trkpt lon="-9.160579" lat="39.289966"><ele>26.5</ele></trkpt>
   <trkpt lon="-9.160795" lat="39.290544"><ele>24.75</ele></trkpt>
   <trkpt lon="-9.160877" lat="39.290702"><ele>24.0</ele></trkpt>
   <trkpt lon="-9.160987" lat="39.291036"><ele>22.25</ele></trkpt>
   <trkpt lon="-9.161664" lat="39.293177"><ele>19.0</ele></trkpt>
   <trkpt lon="-9.161799" lat="39.293594"><ele>19.0</ele></trkpt>
   <trkpt lon="-9.161929" lat="39.294013"><ele>20.25</ele></trkpt>
   <trkpt lon="-9.162059" lat="39.294434"><ele>21.75</ele></trkpt>
   <trkpt lon="-9.162123" lat="39.294631"><ele>22.0</ele></trkpt>
   <trkpt lon="-9.162148" lat="39.294708"><ele>22.0</ele></trkpt>
   <trkpt lon="-9.162175" lat="39.294785"><ele>21.75</ele></trkpt>
   <trkpt lon="-9.162202" lat="39.294869"><ele>21.5</ele></trkpt>
   <trkpt lon="-9.162217" lat="39.294917"><ele>21.25</ele></trkpt>
   <trkpt lon="-9.162254" lat="39.295025"><ele>21.0</ele></trkpt>
   <trkpt lon="-9.162270" lat="39.295071"><ele>21.25</ele></trkpt>
   <trkpt lon="-9.162456" lat="39.295650"><ele>21.75</ele><sym>pass_place</sym><type>Shaping</type></trkpt>
   <trkpt lon="-9.162457" lat="39.295655"><ele>21.75</ele></trkpt>
   <trkpt lon="-9.162558" lat="39.296003"><ele>21.25</ele></trkpt>
   <trkpt lon="-9.162695" lat="39.296410"><ele>21.25</ele></trkpt>
   <trkpt lon="-9.162784" lat="39.296592"><ele>20.75</ele></trkpt>
   <trkpt lon="-9.162845" lat="39.296687"><ele>20.75</ele></trkpt>
   <trkpt lon="-9.162926" lat="39.296787"><ele>21.0</ele></trkpt>
   <trkpt lon="-9.164556" lat="39.298600"><ele>22.5</ele></trkpt>
   <trkpt lon="-9.164693" lat="39.298788"><ele>21.5</ele></trkpt>
   <trkpt lon="-9.164739" lat="39.298872"><ele>20.75</ele></trkpt>
   <trkpt lon="-9.164779" lat="39.298970"><ele>20.5</ele></trkpt>
   <trkpt lon="-9.164845" lat="39.299167"><ele>19.5</ele></trkpt>
   <trkpt lon="-9.164949" lat="39.299613"><ele>20.0</ele></trkpt>
   <trkpt lon="-9.165054" lat="39.300058"><ele>20.75</ele></trkpt>
   <trkpt lon="-9.165132" lat="39.300374"><ele>22.0</ele></trkpt>
   <trkpt lon="-9.165164" lat="39.300504"><ele>22.5</ele></trkpt>
   <trkpt lon="-9.165246" lat="39.300758"><ele>23.5</ele></trkpt>
   <trkpt lon="-9.165284" lat="39.300840"><ele>24.0</ele></trkpt>
   <trkpt lon="-9.165366" lat="39.300959"><ele>24.75</ele></trkpt>
   <trkpt lon="-9.165429" lat="39.301017"><ele>25.25</ele></trkpt>
   <trkpt lon="-9.165570" lat="39.301100"><ele>25.75</ele></trkpt>
   <trkpt lon="-9.165946" lat="39.301275"><ele>28.75</ele></trkpt>
   <trkpt lon="-9.167646" lat="39.301975"><ele>27.5</ele></trkpt>
   <trkpt lon="-9.167890" lat="39.302087"><ele>27.5</ele></trkpt>
   <trkpt lon="-9.168004" lat="39.302150"><ele>27.5</ele></trkpt>
   <trkpt lon="-9.168102" lat="39.302211"><ele>27.5</ele></trkpt>
   <trkpt lon="-9.169050" lat="39.302950"><ele>24.0</ele></trkpt>
   <trkpt lon="-9.169222" lat="39.303097"><ele>23.5</ele></trkpt>
   <trkpt lon="-9.169332" lat="39.303229"><ele>22.75</ele></trkpt>
   <trkpt lon="-9.169372" lat="39.303301"><ele>22.75</ele></trkpt>
   <trkpt lon="-9.169401" lat="39.303383"><ele>22.25</ele></trkpt>
   <trkpt lon="-9.169629" lat="39.304550"><ele>22.25</ele></trkpt>
   <trkpt lon="-9.169697" lat="39.304792"><ele>23.5</ele></trkpt>
   <trkpt lon="-9.170503" lat="39.307004"><ele>21.5</ele></trkpt>
   <trkpt lon="-9.170616" lat="39.307294"><ele>22.0</ele></trkpt>
   <trkpt lon="-9.170802" lat="39.307720"><ele>24.0</ele></trkpt>
   <trkpt lon="-9.170856" lat="39.307832"><ele>24.5</ele></trkpt>
   <trkpt lon="-9.170924" lat="39.307935"><ele>25.0</ele></trkpt>
   <trkpt lon="-9.171011" lat="39.308044"><ele>25.25</ele></trkpt>
   <trkpt lon="-9.172842" lat="39.310026"><ele>26.0</ele><sym>pass_place</sym><type>Shaping</type></trkpt>
   <trkpt lon="-9.173060" lat="39.310240"><ele>26.5</ele></trkpt>
   <trkpt lon="-9.173161" lat="39.310326"><ele>26.5</ele></trkpt>
   <trkpt lon="-9.173423" lat="39.310495"><ele>25.0</ele></trkpt>
   <trkpt lon="-9.173559" lat="39.310563"><ele>23.75</ele></trkpt>
   <trkpt lon="-9.173692" lat="39.310621"><ele>23.25</ele></trkpt>
   <trkpt lon="-9.173875" lat="39.310689"><ele>22.5</ele></trkpt>
   <trkpt lon="-9.174425" lat="39.310852"><ele>23.25</ele></trkpt>
   <trkpt lon="-9.174569" lat="39.310907"><ele>23.75</ele></trkpt>
   <trkpt lon="-9.174723" lat="39.310980"><ele>24.0</ele></trkpt>
   <trkpt lon="-9.174845" lat="39.311047"><ele>24.25</ele></trkpt>
   <trkpt lon="-9.174966" lat="39.311124"><ele>24.5</ele></trkpt>
   <trkpt lon="-9.175101" lat="39.311221"><ele>24.75</ele></trkpt>
   <trkpt lon="-9.175305" lat="39.311405"><ele>24.75</ele></trkpt>
   <trkpt lon="-9.175418" lat="39.311548"><ele>25.25</ele></trkpt>
   <trkpt lon="-9.176271" lat="39.312636"><ele>23.25</ele></trkpt>
   <trkpt lon="-9.176373" lat="39.312779"><ele>23.25</ele></trkpt>
   <trkpt lon="-9.176527" lat="39.313052"><ele>22.25</ele></trkpt>
   <trkpt lon="-9.176623" lat="39.313340"><ele>22.25</ele></trkpt>
   <trkpt lon="-9.176654" lat="39.313500"><ele>23.0</ele></trkpt>
   <trkpt lon="-9.176674" lat="39.313654"><ele>23.5</ele></trkpt>
   <trkpt lon="-9.176674" lat="39.313809"><ele>23.0</ele></trkpt>
   <trkpt lon="-9.176664" lat="39.313975"><ele>23.0</ele></trkpt>
   <trkpt lon="-9.176620" lat="39.314329"><ele>24.5</ele></trkpt>
   <trkpt lon="-9.176489" lat="39.315050"><ele>17.5</ele></trkpt>
   <trkpt lon="-9.176448" lat="39.315380"><ele>19.0</ele></trkpt>
   <trkpt lon="-9.176360" lat="39.315975"><ele>23.25</ele></trkpt>
   <trkpt lon="-9.176347" lat="39.316174"><ele>22.75</ele></trkpt>
   <trkpt lon="-9.176350" lat="39.316348"><ele>21.5</ele></trkpt>
   <trkpt lon="-9.176360" lat="39.316556"><ele>20.0</ele></trkpt>
   <trkpt lon="-9.176381" lat="39.316735"><ele>19.0</ele></trkpt>
   <trkpt lon="-9.176726" lat="39.319014"><ele>21.25</ele></trkpt>
   <trkpt lon="-9.176795" lat="39.319271"><ele>21.5</ele></trkpt>
   <trkpt lon="-9.176848" lat="39.319385"><ele>21.0</ele></trkpt>
   <trkpt lon="-9.176916" lat="39.319495"><ele>20.0</ele></trkpt>
   <trkpt lon="-9.177394" lat="39.320200"><ele>19.25</ele></trkpt>
   <trkpt lon="-9.177456" lat="39.320291"><ele>20.0</ele></trkpt>
   <trkpt lon="-9.177509" lat="39.320370"><ele>21.25</ele></trkpt>
   <trkpt lon="-9.177589" lat="39.320482"><ele>22.75</ele></trkpt>
   <trkpt lon="-9.178068" lat="39.321163"><ele>22.75</ele></trkpt>
   <trkpt lon="-9.178190" lat="39.321367"><ele>22.5</ele></trkpt>
   <trkpt lon="-9.178269" lat="39.321542"><ele>22.75</ele></trkpt>
   <trkpt lon="-9.178294" lat="39.321637"><ele>23.0</ele></trkpt>
   <trkpt lon="-9.178380" lat="39.322320"><ele>25.5</ele></trkpt>
   <trkpt lon="-9.178423" lat="39.322654"><ele>27.5</ele></trkpt>
   <trkpt lon="-9.178598" lat="39.323960"><ele>27.25</ele><sym>right</sym></trkpt>
   <trkpt lon="-9.178522" lat="39.323966"><ele>27.25</ele></trkpt>
   <trkpt lon="-9.177767" lat="39.324017"><ele>28.25</ele></trkpt>
   <trkpt lon="-9.177632" lat="39.324020"><ele>28.5</ele><sym>pass_place</sym><type>Shaping</type></trkpt>
   <trkpt lon="-9.177625" lat="39.324021"><ele>28.5</ele></trkpt>
   <trkpt lon="-9.177512" lat="39.324017"><ele>28.75</ele></trkpt>
   <trkpt lon="-9.177411" lat="39.324003"><ele>29.0</ele></trkpt>
   <trkpt lon="-9.177319" lat="39.323982"><ele>29.25</ele></trkpt>
   <trkpt lon="-9.177124" lat="39.323912"><ele>30.25</ele></trkpt>
   <trkpt lon="-9.177050" lat="39.323891"><ele>31.25</ele></trkpt>
   <trkpt lon="-9.176970" lat="39.323883"><ele>32.5</ele></trkpt>
   <trkpt lon="-9.176874" lat="39.323884"><ele>33.5</ele></trkpt>
   <trkpt lon="-9.176773" lat="39.323891"><ele>34.0</ele></trkpt>
   <trkpt lon="-9.176492" lat="39.323934"><ele>36.25</ele></trkpt>
   <trkpt lon="-9.176146" lat="39.323976"><ele>39.0</ele></trkpt>
   <trkpt lon="-9.176047" lat="39.323999"><ele>39.5</ele></trkpt>
   <trkpt lon="-9.175898" lat="39.324055"><ele>40.0</ele></trkpt>
   <trkpt lon="-9.175808" lat="39.324105"><ele>40.25</ele></trkpt>
   <trkpt lon="-9.175728" lat="39.324162"><ele>40.75</ele></trkpt>
   <trkpt lon="-9.175597" lat="39.324244"><ele>42.0</ele></trkpt>
   <trkpt lon="-9.175493" lat="39.324299"><ele>42.75</ele></trkpt>
   <trkpt lon="-9.175172" lat="39.324455"><ele>46.75</ele></trkpt>
   <trkpt lon="-9.175085" lat="39.324487"><ele>47.75</ele></trkpt>
   <trkpt lon="-9.175000" lat="39.324510"><ele>49.0</ele></trkpt>
   <trkpt lon="-9.174847" lat="39.324522"><ele>50.75</ele></trkpt>
   <trkpt lon="-9.174763" lat="39.324512"><ele>52.0</ele></trkpt>
   <trkpt lon="-9.174692" lat="39.324487"><ele>53.5</ele></trkpt>
   <trkpt lon="-9.174601" lat="39.324418"><ele>56.0</ele></trkpt>
   <trkpt lon="-9.174559" lat="39.324372"><ele>57.0</ele></trkpt>
   <trkpt lon="-9.174520" lat="39.324317"><ele>58.25</ele></trkpt>
   <trkpt lon="-9.174498" lat="39.324256"><ele>59.5</ele></trkpt>
   <trkpt lon="-9.174492" lat="39.324194"><ele>60.5</ele></trkpt>
   <trkpt lon="-9.174499" lat="39.324140"><ele>60.75</ele></trkpt>
   <trkpt lon="-9.174515" lat="39.324087"><ele>60.75</ele></trkpt>
   <trkpt lon="-9.174581" lat="39.323958"><ele>60.0</ele></trkpt>
   <trkpt lon="-9.175039" lat="39.323026"><ele>70.0</ele></trkpt>
   <trkpt lon="-9.175068" lat="39.322946"><ele>70.75</ele></trkpt>
   <trkpt lon="-9.175079" lat="39.322885"><ele>71.25</ele></trkpt>
   <trkpt lon="-9.175077" lat="39.322823"><ele>72.0</ele></trkpt>
   <trkpt lon="-9.175059" lat="39.322754"><ele>72.25</ele></trkpt>
   <trkpt lon="-9.175036" lat="39.322688"><ele>72.0</ele></trkpt>
   <trkpt lon="-9.174998" lat="39.322633"><ele>71.75</ele></trkpt>
   <trkpt lon="-9.174945" lat="39.322584"><ele>71.5</ele></trkpt>
   <trkpt lon="-9.174877" lat="39.322536"><ele>71.25</ele></trkpt>
   <trkpt lon="-9.174804" lat="39.322502"><ele>71.0</ele></trkpt>
   <trkpt lon="-9.174718" lat="39.322480"><ele>70.5</ele></trkpt>
   <trkpt lon="-9.174623" lat="39.322469"><ele>70.75</ele></trkpt>
   <trkpt lon="-9.174550" lat="39.322474"><ele>71.0</ele></trkpt>
   <trkpt lon="-9.174465" lat="39.322488"><ele>71.5</ele></trkpt>
   <trkpt lon="-9.174389" lat="39.322509"><ele>72.5</ele></trkpt>
   <trkpt lon="-9.174318" lat="39.322542"><ele>73.75</ele></trkpt>
   <trkpt lon="-9.174249" lat="39.322590"><ele>74.75</ele></trkpt>
   <trkpt lon="-9.174192" lat="39.322644"><ele>75.75</ele></trkpt>
   <trkpt lon="-9.174136" lat="39.322711"><ele>76.75</ele></trkpt>
   <trkpt lon="-9.173491" lat="39.323597"><ele>89.0</ele></trkpt>
   <trkpt lon="-9.173428" lat="39.323665"><ele>90.0</ele></trkpt>
   <trkpt lon="-9.173304" lat="39.323761"><ele>92.25</ele></trkpt>
   <trkpt lon="-9.173242" lat="39.323794"><ele>92.5</ele></trkpt>
   <trkpt lon="-9.173168" lat="39.323822"><ele>92.75</ele></trkpt>
   <trkpt lon="-9.173078" lat="39.323846"><ele>92.75</ele></trkpt>
   <trkpt lon="-9.172976" lat="39.323864"><ele>93.25</ele></trkpt>
   <trkpt lon="-9.172885" lat="39.323871"><ele>93.75</ele></trkpt>
   <trkpt lon="-9.172771" lat="39.323869"><ele>94.5</ele></trkpt>
   <trkpt lon="-9.172657" lat="39.323859"><ele>95.25</ele></trkpt>
   <trkpt lon="-9.172370" lat="39.323818"><ele>98.0</ele></trkpt>
   <trkpt lon="-9.172232" lat="39.323791"><ele>99.25</ele></trkpt>
   <trkpt lon="-9.171750" lat="39.323676"><ele>103.25</ele></trkpt>
   <trkpt lon="-9.171622" lat="39.323637"><ele>104.75</ele></trkpt>
   <trkpt lon="-9.171023" lat="39.323389"><ele>106.75</ele></trkpt>
   <trkpt lon="-9.170780" lat="39.323299"><ele>106.75</ele></trkpt>
   <trkpt lon="-9.169686" lat="39.322993"><ele>115.0</ele></trkpt>
   <trkpt lon="-9.169316" lat="39.322880"><ele>118.75</ele></trkpt>
   <trkpt lon="-9.169152" lat="39.322820"><ele>121.0</ele></trkpt>
   <trkpt lon="-9.168123" lat="39.322392"><ele>129.5</ele></trkpt>
   <trkpt lon="-9.167911" lat="39.322271"><ele>132.5</ele></trkpt>
   <trkpt lon="-9.167797" lat="39.322197"><ele>133.75</ele></trkpt>
   <trkpt lon="-9.166883" lat="39.321585"><ele>138.75</ele></trkpt>
   <trkpt lon="-9.165476" lat="39.320802"><ele>145.5</ele></trkpt>
   <trkpt lon="-9.165333" lat="39.320717"><ele>145.25</ele></trkpt>
   <trkpt lon="-9.165203" lat="39.320629"><ele>145.75</ele></trkpt>
   <trkpt lon="-9.165109" lat="39.320555"><ele>146.25</ele></trkpt>
   <trkpt lon="-9.165028" lat="39.320481"><ele>146.25</ele></trkpt>
   <trkpt lon="-9.164877" lat="39.320305"><ele>146.75</ele></trkpt>
   <trkpt lon="-9.164234" lat="39.319379"><ele>145.75</ele></trkpt>
   <trkpt lon="-9.164096" lat="39.319208"><ele>146.25</ele></trkpt>
   <trkpt lon="-9.164028" lat="39.319141"><ele>147.5</ele></trkpt>
   <trkpt lon="-9.163800" lat="39.319005"><ele>151.25</ele></trkpt>
   <trkpt lon="-9.163528" lat="39.318869"><ele>153.25</ele></trkpt>
   <trkpt lon="-9.163373" lat="39.318805"><ele>154.0</ele></trkpt>
   <trkpt lon="-9.163281" lat="39.318789"><ele>154.25</ele></trkpt>
   <trkpt lon="-9.163191" lat="39.318788"><ele>154.75</ele><sym>pass_place</sym><type>Shaping</type></trkpt>
   <trkpt lon="-9.163186" lat="39.318788"><ele>154.75</ele></trkpt>
   <trkpt lon="-9.162610" lat="39.318821"><ele>157.0</ele></trkpt>
   <trkpt lon="-9.162458" lat="39.318841"><ele>157.75</ele></trkpt>
   <trkpt lon="-9.162342" lat="39.318847"><ele>158.25</ele></trkpt>
   <trkpt lon="-9.162108" lat="39.318831"><ele>159.25</ele></trkpt>
   <trkpt lon="-9.161926" lat="39.318826"><ele>160.75</ele></trkpt>
   <trkpt lon="-9.161762" lat="39.318829"><ele>162.25</ele></trkpt>
   <trkpt lon="-9.161664" lat="39.318840"><ele>163.25</ele></trkpt>
   <trkpt lon="-9.161388" lat="39.318900"><ele>164.0</ele></trkpt>
   <trkpt lon="-9.161327" lat="39.318917"><ele>163.5</ele></trkpt>
   <trkpt lon="-9.161273" lat="39.318943"><ele>163.5</ele></trkpt>
   <trkpt lon="-9.161234" lat="39.318979"><ele>163.5</ele></trkpt>
   <trkpt lon="-9.161198" lat="39.319032"><ele>163.75</ele></trkpt>
   <trkpt lon="-9.161090" lat="39.319241"><ele>165.25</ele></trkpt>
   <trkpt lon="-9.160827" lat="39.319716"><ele>167.0</ele></trkpt>
   <trkpt lon="-9.160782" lat="39.319788"><ele>167.25</ele></trkpt>
   <trkpt lon="-9.160725" lat="39.319858"><ele>167.75</ele></trkpt>
   <trkpt lon="-9.160658" lat="39.319921"><ele>168.25</ele></trkpt>
   <trkpt lon="-9.160587" lat="39.319975"><ele>168.75</ele></trkpt>
   <trkpt lon="-9.160394" lat="39.320083"><ele>169.75</ele></trkpt>
   <trkpt lon="-9.160308" lat="39.320121"><ele>170.25</ele></trkpt>
   <trkpt lon="-9.160209" lat="39.320153"><ele>170.75</ele></trkpt>
   <trkpt lon="-9.160007" lat="39.320202"><ele>171.75</ele></trkpt>
   <trkpt lon="-9.159828" lat="39.320239"><ele>172.0</ele></trkpt>
   <trkpt lon="-9.159710" lat="39.320271"><ele>172.0</ele></trkpt>
   <trkpt lon="-9.159597" lat="39.320310"><ele>172.0</ele></trkpt>
   <trkpt lon="-9.159501" lat="39.320360"><ele>172.25</ele></trkpt>
   <trkpt lon="-9.159413" lat="39.320418"><ele>173.0</ele></trkpt>
   <trkpt lon="-9.159310" lat="39.320500"><ele>174.0</ele></trkpt>
   <trkpt lon="-9.159220" lat="39.320590"><ele>174.75</ele></trkpt>
   <trkpt lon="-9.159170" lat="39.320651"><ele>175.25</ele></trkpt>
   <trkpt lon="-9.159110" lat="39.320743"><ele>175.75</ele></trkpt>
   <trkpt lon="-9.159054" lat="39.320849"><ele>176.25</ele></trkpt>
   <trkpt lon="-9.158905" lat="39.321185"><ele>176.5</ele></trkpt>
   <trkpt lon="-9.158739" lat="39.321630"><ele>178.25</ele></trkpt>
   <trkpt lon="-9.158660" lat="39.321811"><ele>180.0</ele><sym>left_slight</sym></trkpt>
   <trkpt lon="-9.158701" lat="39.321826"><ele>180.0</ele></trkpt>
   <trkpt lon="-9.158735" lat="39.321857"><ele>179.75</ele></trkpt>
   <trkpt lon="-9.159307" lat="39.322666"><ele>181.75</ele></trkpt>
   <trkpt lon="-9.159443" lat="39.322889"><ele>182.25</ele></trkpt>
   <trkpt lon="-9.159529" lat="39.323098"><ele>182.0</ele></trkpt>
   <trkpt lon="-9.159577" lat="39.323411"><ele>182.0</ele></trkpt>
   <trkpt lon="-9.159500" lat="39.323806"><ele>181.0</ele></trkpt>
   <trkpt lon="-9.159409" lat="39.324054"><ele>180.5</ele></trkpt>
   <trkpt lon="-9.159116" lat="39.324523"><ele>181.0</ele></trkpt>
   <trkpt lon="-9.159095" lat="39.324658"><ele>180.5</ele></trkpt>
   <trkpt lon="-9.159042" lat="39.324850"><ele>179.5</ele></trkpt>
   <trkpt lon="-9.158990" lat="39.325034"><ele>177.75</ele></trkpt>
   <trkpt lon="-9.158967" lat="39.325079"><ele>177.75</ele><sym>left_slight</sym></trkpt>
   <trkpt lon="-9.159037" lat="39.325201"><ele>176.0</ele></trkpt>
   <trkpt lon="-9.159039" lat="39.325295"><ele>175.25</ele></trkpt>
   <trkpt lon="-9.159016" lat="39.325439"><ele>176.0</ele></trkpt>
   <trkpt lon="-9.158950" lat="39.325604"><ele>177.0</ele></trkpt>
   <trkpt lon="-9.158908" lat="39.325795"><ele>176.75</ele></trkpt>
   <trkpt lon="-9.158953" lat="39.326017"><ele>176.5</ele></trkpt>
   <trkpt lon="-9.158955" lat="39.326192"><ele>176.5</ele></trkpt>
   <trkpt lon="-9.158957" lat="39.326404"><ele>176.25</ele></trkpt>
   <trkpt lon="-9.158869" lat="39.326765"><ele>177.25</ele></trkpt>
   <trkpt lon="-9.158845" lat="39.326886"><ele>177.5</ele></trkpt>
   <trkpt lon="-9.158836" lat="39.327181"><ele>176.5</ele></trkpt>
   <trkpt lon="-9.158851" lat="39.327563"><ele>175.25</ele><sym>left_slight</sym></trkpt>
   <trkpt lon="-9.159080" lat="39.327767"><ele>175.25</ele></trkpt>
   <trkpt lon="-9.159370" lat="39.328004"><ele>174.0</ele><sym>right_slight</sym></trkpt>
   <trkpt lon="-9.159446" lat="39.328399"><ele>174.0</ele></trkpt>
   <trkpt lon="-9.159387" lat="39.328524"><ele>174.0</ele></trkpt>
   <trkpt lon="-9.159192" lat="39.328707"><ele>173.25</ele></trkpt>
   <trkpt lon="-9.159058" lat="39.328863"><ele>171.75</ele></trkpt>
   <trkpt lon="-9.159014" lat="39.328974"><ele>169.75</ele></trkpt>
   <trkpt lon="-9.159036" lat="39.329057"><ele>168.5</ele></trkpt>
   <trkpt lon="-9.159312" lat="39.329212"><ele>167.25</ele><sym>right_slight</sym></trkpt>
   <trkpt lon="-9.159419" lat="39.329370"><ele>165.75</ele><sym>right</sym></trkpt>
   <trkpt lon="-9.159224" lat="39.329424"><ele>163.5</ele></trkpt>
   <trkpt lon="-9.158997" lat="39.329498"><ele>162.25</ele></trkpt>
   <trkpt lon="-9.158951" lat="39.329525"><ele>162.0</ele></trkpt>
   <trkpt lon="-9.158820" lat="39.329603"><ele>162.0</ele></trkpt>
   <trkpt lon="-9.158696" lat="39.329772"><ele>161.75</ele></trkpt>
   <trkpt lon="-9.158621" lat="39.329975"><ele>161.0</ele></trkpt>
   <trkpt lon="-9.158465" lat="39.330442"><ele>161.0</ele></trkpt>
   <trkpt lon="-9.158439" lat="39.330650"><ele>160.75</ele></trkpt>
   <trkpt lon="-9.158406" lat="39.330818"><ele>160.75</ele></trkpt>
   <trkpt lon="-9.158406" lat="39.330997"><ele>160.5</ele></trkpt>
   <trkpt lon="-9.158488" lat="39.331441"><ele>162.5</ele></trkpt>
   <trkpt lon="-9.158500" lat="39.331688"><ele>163.75</ele></trkpt>
   <trkpt lon="-9.158502" lat="39.331730"><ele>163.75</ele></trkpt>
   <trkpt lon="-9.158475" lat="39.331909"><ele>163.75</ele><sym>pass_place</sym><type>Shaping</type></trkpt>
   <trkpt lon="-9.158474" lat="39.331913"><ele>163.75</ele></trkpt>
   <trkpt lon="-9.158399" lat="39.332149"><ele>163.25</ele></trkpt>
   <trkpt lon="-9.158362" lat="39.332186"><ele>163.0</ele></trkpt>
   <trkpt lon="-9.158319" lat="39.332196"><ele>163.0</ele><sym>left</sym></trkpt>
   <trkpt lon="-9.158473" lat="39.332443"><ele>163.0</ele></trkpt>
   <trkpt lon="-9.158547" lat="39.332573"><ele>163.0</ele></trkpt>
   <trkpt lon="-9.158640" lat="39.332791"><ele>163.5</ele></trkpt>
   <trkpt lon="-9.158699" lat="39.332878"><ele>163.0</ele></trkpt>
   <trkpt lon="-9.158924" lat="39.333131"><ele>161.75</ele></trkpt>
   <trkpt lon="-9.159042" lat="39.333295"><ele>161.25</ele></trkpt>
   <trkpt lon="-9.159187" lat="39.333592"><ele>161.75</ele></trkpt>
   <trkpt lon="-9.159273" lat="39.333741"><ele>161.25</ele></trkpt>
   <trkpt lon="-9.159781" lat="39.334345"><ele>157.5</ele></trkpt>
   <trkpt lon="-9.159952" lat="39.334564"><ele>157.5</ele></trkpt>
   <trkpt lon="-9.160058" lat="39.334764"><ele>159.25</ele></trkpt>
   <trkpt lon="-9.160113" lat="39.334892"><ele>160.0</ele></trkpt>
   <trkpt lon="-9.160328" lat="39.335501"><ele>160.0</ele></trkpt>
   <trkpt lon="-9.160534" lat="39.336038"><ele>160.5</ele></trkpt>
   <trkpt lon="-9.160689" lat="39.336477"><ele>164.0</ele></trkpt>
   <trkpt lon="-9.160717" lat="39.336561"><ele>165.25</ele></trkpt>
   <trkpt lon="-9.160833" lat="39.336989"><ele>167.5</ele></trkpt>
   <trkpt lon="-9.160871" lat="39.337234"><ele>166.0</ele></trkpt>
   <trkpt lon="-9.160896" lat="39.338804"><ele>154.25</ele></trkpt>
   <trkpt lon="-9.160912" lat="39.339189"><ele>150.75</ele></trkpt>
   <trkpt lon="-9.160954" lat="39.339685"><ele>145.75</ele></trkpt>
   <trkpt lon="-9.160954" lat="39.339777"><ele>144.5</ele></trkpt>
   <trkpt lon="-9.160926" lat="39.339908"><ele>142.75</ele></trkpt>
   <trkpt lon="-9.160898" lat="39.340050"><ele>141.0</ele></trkpt>
   <trkpt lon="-9.160891" lat="39.340181"><ele>140.25</ele></trkpt>
   <trkpt lon="-9.160903" lat="39.340315"><ele>140.0</ele></trkpt>
   <trkpt lon="-9.160923" lat="39.340429"><ele>140.0</ele></trkpt>
   <trkpt lon="-9.161032" lat="39.340846"><ele>139.5</ele></trkpt>
   <trkpt lon="-9.161530" lat="39.342663"><ele>130.0</ele></trkpt>
   <trkpt lon="-9.161603" lat="39.342937"><ele>127.75</ele></trkpt>
   <trkpt lon="-9.161630" lat="39.343175"><ele>126.75</ele></trkpt>
   <trkpt lon="-9.161627" lat="39.343285"><ele>126.25</ele></trkpt>
   <trkpt lon="-9.161606" lat="39.343417"><ele>125.75</ele></trkpt>
   <trkpt lon="-9.161575" lat="39.343549"><ele>124.75</ele></trkpt>
   <trkpt lon="-9.161530" lat="39.343667"><ele>123.25</ele></trkpt>
   <trkpt lon="-9.161477" lat="39.343774"><ele>121.5</ele></trkpt>
   <trkpt lon="-9.161425" lat="39.343862"><ele>120.0</ele></trkpt>
   <trkpt lon="-9.161252" lat="39.344063"><ele>118.0</ele></trkpt>
   <trkpt lon="-9.159701" lat="39.345755"><ele>97.25</ele></trkpt>
   <trkpt lon="-9.159547" lat="39.345934"><ele>96.5</ele></trkpt>
   <trkpt lon="-9.159451" lat="39.346071"><ele>96.75</ele></trkpt>
   <trkpt lon="-9.159022" lat="39.346949"><ele>86.75</ele><sym>pass_place</sym><type>Shaping</type></trkpt>
   <trkpt lon="-9.159021" lat="39.346951"><ele>86.75</ele></trkpt>
   <trkpt lon="-9.158936" lat="39.347129"><ele>86.0</ele></trkpt>
   <trkpt lon="-9.158906" lat="39.347231"><ele>85.0</ele></trkpt>
   <trkpt lon="-9.158904" lat="39.347321"><ele>84.0</ele></trkpt>
   <trkpt lon="-9.158915" lat="39.347402"><ele>83.25</ele></trkpt>
   <trkpt lon="-9.158943" lat="39.347478"><ele>82.5</ele></trkpt>
   <trkpt lon="-9.158986" lat="39.347540"><ele>81.25</ele></trkpt>
   <trkpt lon="-9.159051" lat="39.347598"><ele>80.0</ele></trkpt>
   <trkpt lon="-9.159135" lat="39.347635"><ele>79.75</ele></trkpt>
   <trkpt lon="-9.159239" lat="39.347655"><ele>79.5</ele></trkpt>
   <trkpt lon="-9.159343" lat="39.347657"><ele>79.25</ele></trkpt>
   <trkpt lon="-9.159446" lat="39.347638"><ele>80.0</ele></trkpt>
   <trkpt lon="-9.159556" lat="39.347595"><ele>79.75</ele></trkpt>
   <trkpt lon="-9.159874" lat="39.347418"><ele>79.25</ele></trkpt>
   <trkpt lon="-9.160194" lat="39.347200"><ele>78.25</ele></trkpt>
   <trkpt lon="-9.160303" lat="39.347147"><ele>78.25</ele></trkpt>
   <trkpt lon="-9.160435" lat="39.347104"><ele>77.5</ele></trkpt>
   <trkpt lon="-9.160920" lat="39.346982"><ele>74.5</ele></trkpt>
   <trkpt lon="-9.161023" lat="39.346945"><ele>72.0</ele></trkpt>
   <trkpt lon="-9.161153" lat="39.346871"><ele>69.75</ele></trkpt>
   <trkpt lon="-9.161565" lat="39.346612"><ele>66.0</ele></trkpt>
   <trkpt lon="-9.161667" lat="39.346560"><ele>65.0</ele></trkpt>
   <trkpt lon="-9.161881" lat="39.346479"><ele>63.5</ele></trkpt>
   <trkpt lon="-9.161979" lat="39.346461"><ele>61.75</ele></trkpt>
   <trkpt lon="-9.162103" lat="39.346447"><ele>59.5</ele></trkpt>
   <trkpt lon="-9.162221" lat="39.346446"><ele>57.0</ele></trkpt>
   <trkpt lon="-9.162378" lat="39.346458"><ele>55.25</ele></trkpt>
   <trkpt lon="-9.162804" lat="39.346522"><ele>49.75</ele><sym>right_slight</sym></trkpt>
   <trkpt lon="-9.162994" lat="39.346652"><ele>48.0</ele></trkpt>
   <trkpt lon="-9.163044" lat="39.346687"><ele>48.0</ele><sym>right</sym></trkpt>
   <trkpt lon="-9.162921" lat="39.346786"><ele>48.25</ele></trkpt>
   <trkpt lon="-9.162815" lat="39.346885"><ele>48.75</ele></trkpt>
   <trkpt lon="-9.162089" lat="39.347649"><ele>47.5</ele></trkpt>
   <trkpt lon="-9.161953" lat="39.347764"><ele>46.0</ele></trkpt>
   <trkpt lon="-9.161893" lat="39.347803"><ele>45.75</ele></trkpt>
   <trkpt lon="-9.161819" lat="39.347838"><ele>45.5</ele></trkpt>
   <trkpt lon="-9.161742" lat="39.347868"><ele>45.5</ele></trkpt>
   <trkpt lon="-9.161583" lat="39.347904"><ele>46.25</ele></trkpt>
   <trkpt lon="-9.161497" lat="39.347914"><ele>46.75</ele></trkpt>
   <trkpt lon="-9.161415" lat="39.347915"><ele>47.25</ele></trkpt>
   <trkpt lon="-9.161248" lat="39.347900"><ele>47.0</ele></trkpt>
   <trkpt lon="-9.160855" lat="39.347807"><ele>48.5</ele></trkpt>
   <trkpt lon="-9.160709" lat="39.347799"><ele>49.75</ele></trkpt>
   <trkpt lon="-9.160539" lat="39.347829"><ele>49.75</ele></trkpt>
   <trkpt lon="-9.160444" lat="39.347861"><ele>50.0</ele></trkpt>
   <trkpt lon="-9.159587" lat="39.348202"><ele>48.5</ele></trkpt>
   <trkpt lon="-9.159440" lat="39.348255"><ele>48.5</ele></trkpt>
   <trkpt lon="-9.159305" lat="39.348295"><ele>47.5</ele></trkpt>
   <trkpt lon="-9.159190" lat="39.348317"><ele>47.5</ele></trkpt>
   <trkpt lon="-9.159079" lat="39.348327"><ele>47.0</ele></trkpt>
   <trkpt lon="-9.158802" lat="39.348336"><ele>45.25</ele></trkpt>
   <trkpt lon="-9.158712" lat="39.348344"><ele>44.25</ele></trkpt>
   <trkpt lon="-9.158620" lat="39.348360"><ele>43.25</ele></trkpt>
   <trkpt lon="-9.158431" lat="39.348419"><ele>43.5</ele></trkpt>
   <trkpt lon="-9.158363" lat="39.348454"><ele>43.75</ele></trkpt>
   <trkpt lon="-9.158310" lat="39.348507"><ele>44.0</ele></trkpt>
   <trkpt lon="-9.158267" lat="39.348577"><ele>44.0</ele></trkpt>
   <trkpt lon="-9.158239" lat="39.348644"><ele>43.75</ele></trkpt>
   <trkpt lon="-9.158221" lat="39.348698"><ele>44.0</ele></trkpt>
   <trkpt lon="-9.158208" lat="39.348814"><ele>44.25</ele></trkpt>
   <trkpt lon="-9.158223" lat="39.348880"><ele>43.75</ele></trkpt>
   <trkpt lon="-9.158333" lat="39.349084"><ele>42.25</ele></trkpt>
   <trkpt lon="-9.158361" lat="39.349153"><ele>42.25</ele></trkpt>
   <trkpt lon="-9.158377" lat="39.349271"><ele>42.25</ele></trkpt>
   <trkpt lon="-9.158362" lat="39.349384"><ele>42.5</ele></trkpt>
   <trkpt lon="-9.158272" lat="39.349637"><ele>43.75</ele></trkpt>
   <trkpt lon="-9.158261" lat="39.349684"><ele>43.75</ele></trkpt>
   <trkpt lon="-9.158262" lat="39.349763"><ele>43.75</ele></trkpt>
   <trkpt lon="-9.158291" lat="39.349874"><ele>43.75</ele></trkpt>
   <trkpt lon="-9.158345" lat="39.349945"><ele>43.75</ele></trkpt>
   <trkpt lon="-9.158394" lat="39.349989"><ele>43.5</ele></trkpt>
   <trkpt lon="-9.158503" lat="39.350052"><ele>43.75</ele></trkpt>
   <trkpt lon="-9.158576" lat="39.350073"><ele>43.75</ele></trkpt>
   <trkpt lon="-9.158656" lat="39.350087"><ele>43.75</ele></trkpt>
   <trkpt lon="-9.158937" lat="39.350113"><ele>44.5</ele></trkpt>
   <trkpt lon="-9.159010" lat="39.350126"><ele>45.0</ele></trkpt>
   <trkpt lon="-9.159078" lat="39.350145"><ele>45.25</ele></trkpt>
   <trkpt lon="-9.159188" lat="39.350192"><ele>46.0</ele></trkpt>
   <trkpt lon="-9.159270" lat="39.350247"><ele>46.5</ele></trkpt>
   <trkpt lon="-9.159306" lat="39.350287"><ele>47.0</ele></trkpt>
   <trkpt lon="-9.159367" lat="39.350408"><ele>47.5</ele></trkpt>
   <trkpt lon="-9.159385" lat="39.350466"><ele>47.75</ele></trkpt>
   <trkpt lon="-9.159395" lat="39.350531"><ele>48.0</ele></trkpt>
   <trkpt lon="-9.159444" lat="39.351654"><ele>48.75</ele></trkpt>
   <trkpt lon="-9.159446" lat="39.351703"><ele>48.75</ele></trkpt>
   <trkpt lon="-9.159381" lat="39.351952"><ele>49.25</ele></trkpt>
   <trkpt lon="-9.159369" lat="39.352001"><ele>49.5</ele><sym>roundabout_e2</sym></trkpt>
   <trkpt lon="-9.159339" lat="39.352023"><ele>50.0</ele></trkpt>
   <trkpt lon="-9.159317" lat="39.352050"><ele>50.25</ele></trkpt>
   <trkpt lon="-9.159298" lat="39.352111"><ele>50.5</ele></trkpt>
   <trkpt lon="-9.159304" lat="39.352147"><ele>50.5</ele></trkpt>
   <trkpt lon="-9.159321" lat="39.352181"><ele>50.5</ele></trkpt>
   <trkpt lon="-9.159348" lat="39.352210"><ele>50.5</ele></trkpt>
   <trkpt lon="-9.159384" lat="39.352232"><ele>50.25</ele></trkpt>
   <trkpt lon="-9.159481" lat="39.352467"><ele>50.25</ele></trkpt>
   <trkpt lon="-9.159504" lat="39.352552"><ele>50.25</ele></trkpt>
   <trkpt lon="-9.159510" lat="39.352678"><ele>50.5</ele></trkpt>
   <trkpt lon="-9.159512" lat="39.352730"><ele>50.75</ele></trkpt>
   <trkpt lon="-9.159520" lat="39.352949"><ele>50.25</ele></trkpt>
   <trkpt lon="-9.159516" lat="39.353047"><ele>50.25</ele></trkpt>
   <trkpt lon="-9.159505" lat="39.353156"><ele>50.5</ele></trkpt>
   <trkpt lon="-9.159472" lat="39.353311"><ele>50.75</ele></trkpt>
   <trkpt lon="-9.159148" lat="39.354162"><ele>50.0</ele></trkpt>
   <trkpt lon="-9.159073" lat="39.354352"><ele>49.0</ele></trkpt>
   <trkpt lon="-9.159032" lat="39.354455"><ele>48.75</ele></trkpt>
   <trkpt lon="-9.158953" lat="39.354653"><ele>48.5</ele></trkpt>
   <trkpt lon="-9.158754" lat="39.355160"><ele>50.25</ele></trkpt>
   <trkpt lon="-9.158528" lat="39.355736"><ele>48.0</ele></trkpt>
   <trkpt lon="-9.158527" lat="39.355738"><ele>50.25</ele><sym>pass_place</sym><type>Shaping</type></trkpt>
   <trkpt lon="-9.158189" lat="39.356598"><ele>50.25</ele></trkpt>
   <trkpt lon="-9.158176" lat="39.356631"><ele>50.25</ele></trkpt>
   <trkpt lon="-9.158141" lat="39.356720"><ele>50.5</ele></trkpt>
   <trkpt lon="-9.158047" lat="39.356894"><ele>50.0</ele></trkpt>
   <trkpt lon="-9.157981" lat="39.357016"><ele>49.75</ele></trkpt>
   <trkpt lon="-9.157944" lat="39.357083"><ele>49.5</ele><sym>roundabout_e3</sym></trkpt>
   <trkpt lon="-9.157920" lat="39.357093"><ele>49.5</ele></trkpt>
   <trkpt lon="-9.157890" lat="39.357111"><ele>49.75</ele></trkpt>
   <trkpt lon="-9.157867" lat="39.357134"><ele>49.75</ele></trkpt>
   <trkpt lon="-9.157849" lat="39.357190"><ele>49.75</ele></trkpt>
   <trkpt lon="-9.157855" lat="39.357219"><ele>49.5</ele></trkpt>
   <trkpt lon="-9.157879" lat="39.357255"><ele>49.75</ele></trkpt>
   <trkpt lon="-9.157913" lat="39.357280"><ele>50.0</ele></trkpt>
   <trkpt lon="-9.157956" lat="39.357295"><ele>50.0</ele></trkpt>
   <trkpt lon="-9.158003" lat="39.357298"><ele>50.0</ele></trkpt>
   <trkpt lon="-9.158037" lat="39.357293"><ele>50.0</ele></trkpt>
   <trkpt lon="-9.158069" lat="39.357281"><ele>49.75</ele></trkpt>
   <trkpt lon="-9.158264" lat="39.357282"><ele>50.5</ele><sym>right_slight</sym></trkpt>
   <trkpt lon="-9.158322" lat="39.357323"><ele>51.25</ele></trkpt>
   <trkpt lon="-9.158428" lat="39.357390"><ele>53.25</ele></trkpt>
   <trkpt lon="-9.158504" lat="39.357449"><ele>54.5</ele></trkpt>
   <trkpt lon="-9.158528" lat="39.357480"><ele>55.0</ele><sym>straight</sym></trkpt>
   <trkpt lon="-9.158544" lat="39.357548"><ele>56.0</ele></trkpt>
   <trkpt lon="-9.158542" lat="39.357585"><ele>56.25</ele></trkpt>
   <trkpt lon="-9.158527" lat="39.357616"><ele>56.75</ele></trkpt>
   <trkpt lon="-9.158179" lat="39.358215"><ele>62.0</ele></trkpt>
   <trkpt lon="-9.158003" lat="39.358507"><ele>61.75</ele></trkpt>
   <trkpt lon="-9.157942" lat="39.358634"><ele>61.25</ele></trkpt>
   <trkpt lon="-9.157859" lat="39.359010"><ele>60.0</ele></trkpt>
   <trkpt lon="-9.157827" lat="39.359160"><ele>59.0</ele><sym>right_slight</sym></trkpt>
   <trkpt lon="-9.157754" lat="39.359232"><ele>57.5</ele></trkpt>
   <trkpt lon="-9.157666" lat="39.359374"><ele>55.75</ele></trkpt>
   <trkpt lon="-9.157577" lat="39.359587"><ele>54.75</ele></trkpt>
   <trkpt lon="-9.157498" lat="39.359685"><ele>53.75</ele></trkpt>
   <trkpt lon="-9.157201" lat="39.360054"><ele>50.25</ele></trkpt>
   <trkpt lon="-9.157048" lat="39.360221"><ele>49.5</ele></trkpt>
   <trkpt lon="-9.156937" lat="39.360313"><ele>48.25</ele></trkpt>
   <trkpt lon="-9.156824" lat="39.360361"><ele>47.75</ele></trkpt>
   <trkpt lon="-9.156578" lat="39.360466"><ele>45.5</ele></trkpt>
   <trkpt lon="-9.156422" lat="39.360555"><ele>43.25</ele></trkpt>
   <trkpt lon="-9.156368" lat="39.360594"><ele>42.75</ele></trkpt>
   <trkpt lon="-9.156316" lat="39.360737"><ele>42.0</ele></trkpt>
   <trkpt lon="-9.156258" lat="39.360777"><ele>41.5</ele></trkpt>
   <trkpt lon="-9.156214" lat="39.360808"><ele>41.0</ele></trkpt>
   <trkpt lon="-9.156034" lat="39.360898"><ele>38.75</ele></trkpt>
   <trkpt lon="-9.155800" lat="39.361058"><ele>34.5</ele><sym>left</sym></trkpt>
   <trkpt lon="-9.155847" lat="39.361105"><ele>35.25</ele><sym>right_slight</sym></trkpt>
   <trkpt lon="-9.155815" lat="39.361260"><ele>33.5</ele></trkpt>
   <trkpt lon="-9.155762" lat="39.361346"><ele>32.25</ele></trkpt>
   <trkpt lon="-9.155524" lat="39.361542"><ele>29.0</ele></trkpt>
   <trkpt lon="-9.155440" lat="39.361602"><ele>28.0</ele></trkpt>
   <trkpt lon="-9.155199" lat="39.361679"><ele>24.25</ele></trkpt>
   <trkpt lon="-9.154820" lat="39.361821"><ele>18.25</ele></trkpt>
   <trkpt lon="-9.154697" lat="39.361860"><ele>16.75</ele></trkpt>
   <trkpt lon="-9.154647" lat="39.361876"><ele>16.0</ele></trkpt>
   <trkpt lon="-9.154601" lat="39.361860"><ele>15.25</ele></trkpt>
   <trkpt lon="-9.154451" lat="39.361768"><ele>12.75</ele></trkpt>
   <trkpt lon="-9.154406" lat="39.361720"><ele>12.0</ele><sym>left</sym></trkpt>
   <trkpt lon="-9.154243" lat="39.361848"><ele>11.25</ele></trkpt>
   <trkpt lon="-9.153942" lat="39.362025"><ele>9.5</ele></trkpt>
   <trkpt lon="-9.153918" lat="39.362036"><ele>9.5</ele></trkpt>
   <trkpt lon="-9.153541" lat="39.362243"><ele>9.0</ele></trkpt>
   <trkpt lon="-9.153251" lat="39.362403"><ele>9.75</ele></trkpt>
   <trkpt lon="-9.150916" lat="39.363624"><ele>13.0</ele></trkpt>
   <trkpt lon="-9.149769" lat="39.364224"><ele>16.25</ele></trkpt>
   <trkpt lon="-9.149693" lat="39.364276"><ele>16.25</ele></trkpt>
   <trkpt lon="-9.149501" lat="39.364428"><ele>17.5</ele></trkpt>
   <trkpt lon="-9.149330" lat="39.364600"><ele>17.75</ele></trkpt>
   <trkpt lon="-9.149138" lat="39.364862"><ele>16.25</ele></trkpt>
   <trkpt lon="-9.148983" lat="39.365094"><ele>15.25</ele></trkpt>
   <trkpt lon="-9.148910" lat="39.365208"><ele>15.0</ele><sym>pass_place</sym><type>Shaping</type></trkpt>
   <trkpt lon="-9.148906" lat="39.365215"><ele>15.0</ele></trkpt>
   <trkpt lon="-9.148072" lat="39.366445"><ele>14.75</ele></trkpt>
   <trkpt lon="-9.148020" lat="39.366510"><ele>14.25</ele></trkpt>
   <trkpt lon="-9.147954" lat="39.366577"><ele>13.5</ele></trkpt>
   <trkpt lon="-9.147897" lat="39.366628"><ele>12.75</ele></trkpt>
   <trkpt lon="-9.147840" lat="39.366670"><ele>12.25</ele></trkpt>
   <trkpt lon="-9.147772" lat="39.366711"><ele>11.75</ele></trkpt>
   <trkpt lon="-9.145974" lat="39.367666"><ele>14.75</ele></trkpt>
   <trkpt lon="-9.144995" lat="39.368236"><ele>18.5</ele></trkpt>
   <trkpt lon="-9.144605" lat="39.368490"><ele>17.75</ele></trkpt>
   <trkpt lon="-9.144517" lat="39.368569"><ele>17.75</ele></trkpt>
   <trkpt lon="-9.144342" lat="39.368741"><ele>18.0</ele></trkpt>
   <trkpt lon="-9.143595" lat="39.369541"><ele>19.5</ele></trkpt>
   <trkpt lon="-9.143001" lat="39.370191"><ele>22.25</ele></trkpt>
   <trkpt lon="-9.142807" lat="39.370399"><ele>23.5</ele></trkpt>
   <trkpt lon="-9.142666" lat="39.370550"><ele>23.75</ele></trkpt>
   <trkpt lon="-9.141563" lat="39.371716"><ele>29.5</ele></trkpt>
   <trkpt lon="-9.141489" lat="39.371795"><ele>30.25</ele></trkpt>
   <trkpt lon="-9.140753" lat="39.372583"><ele>33.0</ele></trkpt>
   <trkpt lon="-9.140341" lat="39.373024"><ele>35.5</ele></trkpt>
   <trkpt lon="-9.139877" lat="39.373543"><ele>37.25</ele></trkpt>
   <trkpt lon="-9.139792" lat="39.373661"><ele>37.5</ele></trkpt>
   <trkpt lon="-9.139591" lat="39.373999"><ele>38.0</ele></trkpt>
   <trkpt lon="-9.139429" lat="39.374280"><ele>38.25</ele></trkpt>
   <trkpt lon="-9.139339" lat="39.374370"><ele>38.75</ele></trkpt>
   <trkpt lon="-9.139225" lat="39.374465"><ele>39.0</ele></trkpt>
   <trkpt lon="-9.139175" lat="39.374499"><ele>39.0</ele><sym>roundabout_e1</sym></trkpt>
   <trkpt lon="-9.139121" lat="39.374504"><ele>39.0</ele></trkpt>
   <trkpt lon="-9.139069" lat="39.374517"><ele>39.25</ele></trkpt>
   <trkpt lon="-9.138795" lat="39.374558"><ele>39.75</ele></trkpt>
   <trkpt lon="-9.138620" lat="39.374579"><ele>40.25</ele></trkpt>
   <trkpt lon="-9.137225" lat="39.374679"><ele>43.75</ele></trkpt>
   <trkpt lon="-9.137097" lat="39.374682"><ele>44.25</ele></trkpt>
   <trkpt lon="-9.137008" lat="39.374675"><ele>44.5</ele></trkpt>
   <trkpt lon="-9.136913" lat="39.374659"><ele>44.75</ele></trkpt>
   <trkpt lon="-9.136824" lat="39.374630"><ele>45.0</ele></trkpt>
   <trkpt lon="-9.136740" lat="39.374594"><ele>45.25</ele></trkpt>
   <trkpt lon="-9.136679" lat="39.374557"><ele>45.25</ele></trkpt>
   <trkpt lon="-9.136557" lat="39.374459"><ele>45.25</ele></trkpt>
   <trkpt lon="-9.135577" lat="39.373463"><ele>52.75</ele></trkpt>
   <trkpt lon="-9.135518" lat="39.373381"><ele>53.25</ele></trkpt>
   <trkpt lon="-9.135016" lat="39.372420"><ele>60.5</ele><sym>u-turn_right</sym></trkpt>
   <trkpt lon="-9.135021" lat="39.372418"><ele>60.5</ele><sym>pass_place</sym><type>Shaping</type></trkpt>
   <trkpt lon="-9.135016" lat="39.372420"><ele>60.5</ele></trkpt>
   <trkpt lon="-9.134940" lat="39.372275"><ele>61.5</ele></trkpt>
   <trkpt lon="-9.134898" lat="39.371884"><ele>63.0</ele></trkpt>
   <trkpt lon="-9.134869" lat="39.371808"><ele>63.0</ele></trkpt>
   <trkpt lon="-9.134829" lat="39.371740"><ele>63.0</ele></trkpt>
   <trkpt lon="-9.134776" lat="39.371681"><ele>63.0</ele></trkpt>
   <trkpt lon="-9.134704" lat="39.371621"><ele>63.25</ele></trkpt>
   <trkpt lon="-9.134596" lat="39.371560"><ele>64.5</ele></trkpt>
   <trkpt lon="-9.134204" lat="39.371379"><ele>65.75</ele></trkpt>
   <trkpt lon="-9.134093" lat="39.371339"><ele>65.75</ele></trkpt>
   <trkpt lon="-9.134004" lat="39.371320"><ele>65.75</ele></trkpt>
   <trkpt lon="-9.133902" lat="39.371314"><ele>65.75</ele></trkpt>
   <trkpt lon="-9.133802" lat="39.371316"><ele>66.0</ele></trkpt>
   <trkpt lon="-9.133719" lat="39.371331"><ele>66.0</ele><sym>right</sym></trkpt>
   <trkpt lon="-9.133686" lat="39.371240"><ele>66.25</ele></trkpt>
   <trkpt lon="-9.132218" lat="39.370255"><ele>82.75</ele></trkpt>
   <trkpt lon="-9.132063" lat="39.370117"><ele>82.75</ele></trkpt>
   <trkpt lon="-9.131925" lat="39.369919"><ele>83.0</ele></trkpt>
   <trkpt lon="-9.131803" lat="39.369492"><ele>84.25</ele></trkpt>
   <trkpt lon="-9.131681" lat="39.368835"><ele>89.0</ele></trkpt>
   <trkpt lon="-9.131624" lat="39.368734"><ele>89.75</ele></trkpt>
   <trkpt lon="-9.131502" lat="39.368565"><ele>90.75</ele><sym>left_slight</sym></trkpt>
   <trkpt lon="-9.131265" lat="39.368479"><ele>91.25</ele></trkpt>
   <trkpt lon="-9.131068" lat="39.368442"><ele>91.25</ele></trkpt>
   <trkpt lon="-9.130759" lat="39.368467"><ele>89.75</ele></trkpt>
   <trkpt lon="-9.130454" lat="39.368530"><ele>89.25</ele></trkpt>
   <trkpt lon="-9.130015" lat="39.368593"><ele>89.75</ele></trkpt>
   <trkpt lon="-9.129703" lat="39.368620"><ele>89.0</ele></trkpt>
   <trkpt lon="-9.129397" lat="39.368605"><ele>88.75</ele></trkpt>
   <trkpt lon="-9.128262" lat="39.368508"><ele>90.5</ele></trkpt>
   <trkpt lon="-9.128100" lat="39.368508"><ele>91.5</ele></trkpt>
   <trkpt lon="-9.127921" lat="39.368549"><ele>93.0</ele></trkpt>
   <trkpt lon="-9.127726" lat="39.368643"><ele>95.25</ele></trkpt>
   <trkpt lon="-9.127592" lat="39.368711"><ele>96.5</ele></trkpt>
   <trkpt lon="-9.127183" lat="39.368948"><ele>98.25</ele></trkpt>
   <trkpt lon="-9.127101" lat="39.368997"><ele>98.75</ele></trkpt>
   <trkpt lon="-9.126857" lat="39.369070"><ele>99.5</ele></trkpt>
   <trkpt lon="-9.126788" lat="39.369107"><ele>100.0</ele><sym>right</sym></trkpt>
   <trkpt lon="-9.126469" lat="39.368798"><ele>99.0</ele></trkpt>
   <trkpt lon="-9.126319" lat="39.368679"><ele>98.5</ele></trkpt>
   <trkpt lon="-9.126242" lat="39.368628"><ele>98.75</ele></trkpt>
   <trkpt lon="-9.126158" lat="39.368585"><ele>99.25</ele></trkpt>
   <trkpt lon="-9.125959" lat="39.368511"><ele>101.5</ele></trkpt>
   <trkpt lon="-9.125844" lat="39.368478"><ele>102.75</ele></trkpt>
   <trkpt lon="-9.124614" lat="39.368208"><ele>109.0</ele></trkpt>
   <trkpt lon="-9.124529" lat="39.368185"><ele>109.5</ele></trkpt>
   <trkpt lon="-9.124441" lat="39.368151"><ele>109.5</ele></trkpt>
   <trkpt lon="-9.124316" lat="39.368070"><ele>108.5</ele></trkpt>
   <trkpt lon="-9.124239" lat="39.368005"><ele>107.75</ele></trkpt>
   <trkpt lon="-9.124182" lat="39.367944"><ele>106.75</ele></trkpt>
   <trkpt lon="-9.124116" lat="39.367857"><ele>105.75</ele></trkpt>
   <trkpt lon="-9.123840" lat="39.367267"><ele>101.75</ele></trkpt>
   <trkpt lon="-9.123808" lat="39.367197"><ele>101.5</ele></trkpt>
   <trkpt lon="-9.123724" lat="39.367013"><ele>101.0</ele></trkpt>
   <trkpt lon="-9.123595" lat="39.366785"><ele>101.0</ele></trkpt>
   <trkpt lon="-9.123469" lat="39.366596"><ele>102.0</ele></trkpt>
   <trkpt lon="-9.123335" lat="39.366436"><ele>102.75</ele></trkpt>
   <trkpt lon="-9.123104" lat="39.366228"><ele>104.75</ele></trkpt>
   <trkpt lon="-9.122988" lat="39.366110"><ele>106.0</ele></trkpt>
   <trkpt lon="-9.122933" lat="39.366042"><ele>106.0</ele></trkpt>
   <trkpt lon="-9.122826" lat="39.365891"><ele>106.75</ele></trkpt>
   <trkpt lon="-9.122720" lat="39.365685"><ele>106.75</ele></trkpt>
   <trkpt lon="-9.122427" lat="39.364999"><ele>105.75</ele></trkpt>
   <trkpt lon="-9.122402" lat="39.364938"><ele>105.0</ele></trkpt>
   <trkpt lon="-9.122179" lat="39.364443"><ele>100.75</ele></trkpt>
   <trkpt lon="-9.121503" lat="39.362862"><ele>93.5</ele></trkpt>
   <trkpt lon="-9.121502" lat="39.362859"><ele>91.25</ele><sym>pass_place</sym><type>Shaping</type></trkpt>
   <trkpt lon="-9.121373" lat="39.362530"><ele>91.25</ele></trkpt>
   <trkpt lon="-9.121208" lat="39.361990"><ele>89.5</ele></trkpt>
   <trkpt lon="-9.121145" lat="39.361787"><ele>89.25</ele></trkpt>
   <trkpt lon="-9.121139" lat="39.361739"><ele>89.0</ele></trkpt>
   <trkpt lon="-9.121153" lat="39.361641"><ele>88.5</ele></trkpt>
   <trkpt lon="-9.121160" lat="39.361597"><ele>88.25</ele><sym>roundabout_e2</sym></trkpt>
   <trkpt lon="-9.121204" lat="39.361576"><ele>88.0</ele></trkpt>
   <trkpt lon="-9.121240" lat="39.361546"><ele>87.5</ele></trkpt>
   <trkpt lon="-9.121262" lat="39.361514"><ele>87.25</ele></trkpt>
   <trkpt lon="-9.121273" lat="39.361479"><ele>87.0</ele></trkpt>
   <trkpt lon="-9.121273" lat="39.361443"><ele>86.75</ele></trkpt>
   <trkpt lon="-9.121259" lat="39.361402"><ele>86.5</ele></trkpt>
   <trkpt lon="-9.121230" lat="39.361366"><ele>86.25</ele></trkpt>
   <trkpt lon="-9.121189" lat="39.361337"><ele>86.25</ele></trkpt>
   <trkpt lon="-9.121139" lat="39.361319"><ele>86.25</ele></trkpt>
   <trkpt lon="-9.121034" lat="39.361224"><ele>85.75</ele></trkpt>
   <trkpt lon="-9.120983" lat="39.361157"><ele>85.5</ele><sym>right_slight</sym></trkpt>
   <trkpt lon="-9.120968" lat="39.361060"><ele>85.25</ele></trkpt>
   <trkpt lon="-9.120963" lat="39.360877"><ele>84.5</ele></trkpt>
   <trkpt lon="-9.120987" lat="39.360090"><ele>85.0</ele></trkpt>
   <trkpt lon="-9.121002" lat="39.359206"><ele>84.25</ele></trkpt>
   <trkpt lon="-9.121003" lat="39.359023"><ele>84.5</ele></trkpt>
   <trkpt lon="-9.121011" lat="39.358411"><ele>80.5</ele></trkpt>
   <trkpt lon="-9.120999" lat="39.358233"><ele>78.5</ele></trkpt>
   <trkpt lon="-9.120955" lat="39.358045"><ele>76.5</ele></trkpt>
   <trkpt lon="-9.120770" lat="39.357508"><ele>74.75</ele></trkpt>
   <trkpt lon="-9.120484" lat="39.356676"><ele>68.25</ele></trkpt>
   <trkpt lon="-9.120360" lat="39.356336"><ele>65.5</ele></trkpt>
   <trkpt lon="-9.120256" lat="39.356116"><ele>64.25</ele></trkpt>
   <trkpt lon="-9.120198" lat="39.356021"><ele>62.75</ele></trkpt>
   <trkpt lon="-9.120051" lat="39.355854"><ele>61.25</ele></trkpt>
   <trkpt lon="-9.119884" lat="39.355684"><ele>59.5</ele></trkpt>
   <trkpt lon="-9.119788" lat="39.355607"><ele>59.0</ele></trkpt>
   <trkpt lon="-9.118721" lat="39.354809"><ele>52.75</ele></trkpt>
   <trkpt lon="-9.118562" lat="39.354630"><ele>48.5</ele></trkpt>
   <trkpt lon="-9.118113" lat="39.354302"><ele>39.0</ele></trkpt>
   <trkpt lon="-9.117956" lat="39.354173"><ele>36.0</ele></trkpt>
   <trkpt lon="-9.117558" lat="39.353898"><ele>31.25</ele></trkpt>
   <trkpt lon="-9.117418" lat="39.353824"><ele>29.75</ele></trkpt>
   <trkpt lon="-9.115647" lat="39.352517"><ele>34.0</ele></trkpt>
   <trkpt lon="-9.115553" lat="39.352436"><ele>36.25</ele></trkpt>
   <trkpt lon="-9.115452" lat="39.352342"><ele>37.75</ele></trkpt>
   <trkpt lon="-9.115399" lat="39.352282"><ele>38.25</ele></trkpt>
   <trkpt lon="-9.115345" lat="39.352204"><ele>38.25</ele></trkpt>
   <trkpt lon="-9.115105" lat="39.351806"><ele>40.25</ele></trkpt>
   <trkpt lon="-9.115003" lat="39.351687"><ele>41.75</ele></trkpt>
   <trkpt lon="-9.114927" lat="39.351616"><ele>42.0</ele></trkpt>
   <trkpt lon="-9.114700" lat="39.351438"><ele>42.25</ele></trkpt>
   <trkpt lon="-9.114665" lat="39.351409"><ele>42.25</ele></trkpt>
   <trkpt lon="-9.114502" lat="39.351258"><ele>42.0</ele><sym>left</sym></trkpt>
   <trkpt lon="-9.114456" lat="39.351265"><ele>42.5</ele></trkpt>
   <trkpt lon="-9.114427" lat="39.351282"><ele>42.75</ele></trkpt>
   <trkpt lon="-9.114364" lat="39.351351"><ele>44.0</ele></trkpt>
   <trkpt lon="-9.114340" lat="39.351409"><ele>44.75</ele></trkpt>
   <trkpt lon="-9.114285" lat="39.351467"><ele>45.25</ele></trkpt>
   <trkpt lon="-9.114226" lat="39.351546"><ele>46.0</ele></trkpt>
   <trkpt lon="-9.113973" lat="39.352018"><ele>52.5</ele></trkpt>
   <trkpt lon="-9.113891" lat="39.352174"><ele>55.25</ele></trkpt>
   <trkpt lon="-9.113833" lat="39.352245"><ele>56.25</ele></trkpt>
   <trkpt lon="-9.113771" lat="39.352298"><ele>57.0</ele></trkpt>
   <trkpt lon="-9.113705" lat="39.352335"><ele>57.5</ele></trkpt>
   <trkpt lon="-9.113635" lat="39.352362"><ele>58.25</ele></trkpt>
   <trkpt lon="-9.113550" lat="39.352385"><ele>59.0</ele></trkpt>
   <trkpt lon="-9.113484" lat="39.352395"><ele>59.5</ele></trkpt>
   <trkpt lon="-9.113320" lat="39.352394"><ele>61.0</ele></trkpt>
   <trkpt lon="-9.113254" lat="39.352376"><ele>61.75</ele></trkpt>
   <trkpt lon="-9.113188" lat="39.352345"><ele>62.5</ele></trkpt>
   <trkpt lon="-9.113108" lat="39.352297"><ele>63.25</ele></trkpt>
   <trkpt lon="-9.112671" lat="39.351910"><ele>69.25</ele></trkpt>
   <trkpt lon="-9.112395" lat="39.351702"><ele>72.5</ele><sym>pass_place</sym><type>Shaping</type></trkpt>
   <trkpt lon="-9.112297" lat="39.351637"><ele>73.25</ele></trkpt>
   <trkpt lon="-9.111788" lat="39.351384"><ele>76.5</ele></trkpt>
   <trkpt lon="-9.111694" lat="39.351326"><ele>77.0</ele></trkpt>
   <trkpt lon="-9.111541" lat="39.351205"><ele>77.5</ele></trkpt>
   <trkpt lon="-9.111495" lat="39.351153"><ele>77.5</ele></trkpt>
   <trkpt lon="-9.111449" lat="39.351086"><ele>77.5</ele></trkpt>
   <trkpt lon="-9.111411" lat="39.351005"><ele>78.0</ele></trkpt>
   <trkpt lon="-9.111371" lat="39.350910"><ele>78.75</ele></trkpt>
   <trkpt lon="-9.111257" lat="39.350532"><ele>82.25</ele></trkpt>
   <trkpt lon="-9.111234" lat="39.350460"><ele>82.5</ele></trkpt>
   <trkpt lon="-9.111189" lat="39.350333"><ele>83.0</ele></trkpt>
   <trkpt lon="-9.111150" lat="39.350251"><ele>83.0</ele></trkpt>
   <trkpt lon="-9.111102" lat="39.350172"><ele>82.75</ele></trkpt>
   <trkpt lon="-9.111048" lat="39.350110"><ele>82.75</ele></trkpt>
   <trkpt lon="-9.110972" lat="39.350031"><ele>82.75</ele></trkpt>
   <trkpt lon="-9.110545" lat="39.349626"><ele>86.0</ele></trkpt>
   <trkpt lon="-9.110346" lat="39.349391"><ele>89.0</ele></trkpt>
   <trkpt lon="-9.110293" lat="39.349298"><ele>89.0</ele></trkpt>
   <trkpt lon="-9.110102" lat="39.348890"><ele>89.5</ele></trkpt>
   <trkpt lon="-9.110038" lat="39.348801"><ele>90.25</ele></trkpt>
   <trkpt lon="-9.109950" lat="39.348707"><ele>91.75</ele></trkpt>
   <trkpt lon="-9.109320" lat="39.348227"><ele>98.0</ele></trkpt>
   <trkpt lon="-9.109101" lat="39.348055"><ele>97.75</ele></trkpt>
   <trkpt lon="-9.108943" lat="39.347907"><ele>100.0</ele></trkpt>
   <trkpt lon="-9.108876" lat="39.347819"><ele>101.0</ele></trkpt>
   <trkpt lon="-9.108665" lat="39.347498"><ele>101.75</ele></trkpt>
   <trkpt lon="-9.108525" lat="39.347350"><ele>102.75</ele></trkpt>
   <trkpt lon="-9.108447" lat="39.347290"><ele>103.25</ele></trkpt>
   <trkpt lon="-9.108264" lat="39.347176"><ele>104.0</ele></trkpt>
   <trkpt lon="-9.107514" lat="39.346808"><ele>108.25</ele></trkpt>
   <trkpt lon="-9.106537" lat="39.346306"><ele>118.0</ele></trkpt>
   <trkpt lon="-9.106339" lat="39.346213"><ele>120.75</ele></trkpt>
   <trkpt lon="-9.105070" lat="39.345584"><ele>127.75</ele></trkpt>
   <trkpt lon="-9.104700" lat="39.345430"><ele>130.5</ele></trkpt>
   <trkpt lon="-9.104458" lat="39.345357"><ele>130.5</ele></trkpt>
   <trkpt lon="-9.104057" lat="39.345259"><ele>129.75</ele></trkpt>
   <trkpt lon="-9.103875" lat="39.345202"><ele>129.5</ele></trkpt>
   <trkpt lon="-9.103741" lat="39.345143"><ele>129.75</ele></trkpt>
   <trkpt lon="-9.103559" lat="39.345048"><ele>130.25</ele></trkpt>
   <trkpt lon="-9.102883" lat="39.344654"><ele>130.0</ele></trkpt>
   <trkpt lon="-9.102272" lat="39.344306"><ele>132.75</ele></trkpt>
   <trkpt lon="-9.102004" lat="39.344182"><ele>133.5</ele></trkpt>
   <trkpt lon="-9.101847" lat="39.344107"><ele>133.5</ele></trkpt>
   <trkpt lon="-9.101754" lat="39.344053"><ele>133.25</ele></trkpt>
   <trkpt lon="-9.101634" lat="39.343956"><ele>133.25</ele></trkpt>
   <trkpt lon="-9.101197" lat="39.343428"><ele>138.25</ele></trkpt>
   <trkpt lon="-9.101133" lat="39.343362"><ele>138.75</ele></trkpt>
   <trkpt lon="-9.101069" lat="39.343320"><ele>139.25</ele></trkpt>
   <trkpt lon="-9.100976" lat="39.343272"><ele>140.25</ele></trkpt>
   <trkpt lon="-9.100748" lat="39.343161"><ele>142.25</ele></trkpt>
   <trkpt lon="-9.100498" lat="39.343029"><ele>144.0</ele></trkpt>
   <trkpt lon="-9.100411" lat="39.342968"><ele>144.0</ele></trkpt>
   <trkpt lon="-9.100278" lat="39.342860"><ele>144.5</ele></trkpt>
   <trkpt lon="-9.100205" lat="39.342800"><ele>145.25</ele></trkpt>
   <trkpt lon="-9.100118" lat="39.342706"><ele>146.0</ele></trkpt>
   <trkpt lon="-9.100039" lat="39.342603"><ele>146.5</ele></trkpt>
   <trkpt lon="-9.099472" lat="39.341673"><ele>144.75</ele></trkpt>
   <trkpt lon="-9.099418" lat="39.341586"><ele>144.75</ele></trkpt>
   <trkpt lon="-9.099300" lat="39.341442"><ele>145.25</ele></trkpt>
   <trkpt lon="-9.099188" lat="39.341320"><ele>146.25</ele></trkpt>
   <trkpt lon="-9.099102" lat="39.341230"><ele>146.75</ele></trkpt>
   <trkpt lon="-9.099001" lat="39.341139"><ele>147.0</ele></trkpt>
   <trkpt lon="-9.098132" lat="39.340488"><ele>147.75</ele><sym>pass_place</sym><type>Shaping</type></trkpt>
   <trkpt lon="-9.098130" lat="39.340488"><ele>147.75</ele></trkpt>
   <trkpt lon="-9.097982" lat="39.340351"><ele>150.25</ele></trkpt>
   <trkpt lon="-9.097856" lat="39.340237"><ele>153.25</ele></trkpt>
   <trkpt lon="-9.097692" lat="39.340061"><ele>160.0</ele></trkpt>
   <trkpt lon="-9.097631" lat="39.339986"><ele>163.0</ele></trkpt>
   <trkpt lon="-9.097578" lat="39.339899"><ele>164.0</ele></trkpt>
   <trkpt lon="-9.097360" lat="39.339442"><ele>167.0</ele></trkpt>
   <trkpt lon="-9.097322" lat="39.339357"><ele>167.25</ele></trkpt>
   <trkpt lon="-9.097291" lat="39.339253"><ele>167.5</ele></trkpt>
   <trkpt lon="-9.097274" lat="39.339170"><ele>167.75</ele></trkpt>
   <trkpt lon="-9.097269" lat="39.339020"><ele>168.75</ele></trkpt>
   <trkpt lon="-9.097400" lat="39.338435"><ele>169.0</ele></trkpt>
   <trkpt lon="-9.097411" lat="39.338329"><ele>168.5</ele></trkpt>
   <trkpt lon="-9.097415" lat="39.338194"><ele>168.5</ele></trkpt>
   <trkpt lon="-9.097396" lat="39.337438"><ele>164.5</ele></trkpt>
   <trkpt lon="-9.097390" lat="39.337327"><ele>164.5</ele></trkpt>
   <trkpt lon="-9.097373" lat="39.337223"><ele>164.25</ele></trkpt>
   <trkpt lon="-9.097308" lat="39.336960"><ele>163.0</ele></trkpt>
   <trkpt lon="-9.096931" lat="39.335699"><ele>158.25</ele></trkpt>
   <trkpt lon="-9.096918" lat="39.335628"><ele>157.25</ele></trkpt>
   <trkpt lon="-9.096916" lat="39.335565"><ele>156.5</ele></trkpt>
   <trkpt lon="-9.096933" lat="39.335496"><ele>155.75</ele></trkpt>
   <trkpt lon="-9.097024" lat="39.335252"><ele>152.25</ele></trkpt>
   <trkpt lon="-9.097042" lat="39.335147"><ele>151.75</ele></trkpt>
   <trkpt lon="-9.097049" lat="39.335060"><ele>151.0</ele></trkpt>
   <trkpt lon="-9.097034" lat="39.334909"><ele>151.25</ele></trkpt>
   <trkpt lon="-9.096974" lat="39.334701"><ele>152.75</ele></trkpt>
   <trkpt lon="-9.096879" lat="39.334519"><ele>153.5</ele></trkpt>
   <trkpt lon="-9.096830" lat="39.334436"><ele>154.0</ele></trkpt>
   <trkpt lon="-9.096771" lat="39.334359"><ele>154.0</ele></trkpt>
   <trkpt lon="-9.096364" lat="39.333768"><ele>152.75</ele></trkpt>
   <trkpt lon="-9.096254" lat="39.333521"><ele>152.25</ele></trkpt>
   <trkpt lon="-9.095893" lat="39.332471"><ele>155.5</ele></trkpt>
   <trkpt lon="-9.095830" lat="39.332257"><ele>154.0</ele></trkpt>
   <trkpt lon="-9.095809" lat="39.332147"><ele>153.0</ele></trkpt>
   <trkpt lon="-9.095798" lat="39.332049"><ele>152.25</ele></trkpt>
   <trkpt lon="-9.095802" lat="39.331942"><ele>151.75</ele></trkpt>
   <trkpt lon="-9.095816" lat="39.331835"><ele>151.0</ele></trkpt>
   <trkpt lon="-9.095840" lat="39.331721"><ele>150.25</ele></trkpt>
   <trkpt lon="-9.095880" lat="39.331614"><ele>149.5</ele></trkpt>
   <trkpt lon="-9.096253" lat="39.330764"><ele>144.0</ele></trkpt>
   <trkpt lon="-9.096344" lat="39.330604"><ele>143.0</ele></trkpt>
   <trkpt lon="-9.096395" lat="39.330540"><ele>142.75</ele></trkpt>
   <trkpt lon="-9.096471" lat="39.330475"><ele>142.0</ele></trkpt>
   <trkpt lon="-9.096805" lat="39.330287"><ele>140.75</ele></trkpt>
   <trkpt lon="-9.096977" lat="39.330212"><ele>141.5</ele></trkpt>
   <trkpt lon="-9.097259" lat="39.330143"><ele>143.0</ele></trkpt>
   <trkpt lon="-9.097627" lat="39.330071"><ele>144.25</ele></trkpt>
   <trkpt lon="-9.097682" lat="39.330062"><ele>144.25</ele></trkpt>
   <trkpt lon="-9.098126" lat="39.329963"><ele>144.75</ele></trkpt>
   <trkpt lon="-9.098621" lat="39.329835"><ele>146.0</ele></trkpt>
   <trkpt lon="-9.098884" lat="39.329766"><ele>147.0</ele></trkpt>
   <trkpt lon="-9.099099" lat="39.329710"><ele>147.5</ele></trkpt>
   <trkpt lon="-9.099870" lat="39.329487"><ele>155.25</ele></trkpt>
   <trkpt lon="-9.100568" lat="39.329254"><ele>161.5</ele></trkpt>
   <trkpt lon="-9.101496" lat="39.328946"><ele>166.5</ele></trkpt>
   <trkpt lon="-9.102024" lat="39.328765"><ele>169.75</ele></trkpt>
   <trkpt lon="-9.102105" lat="39.328730"><ele>170.25</ele></trkpt>
   <trkpt lon="-9.102251" lat="39.328634"><ele>171.25</ele></trkpt>
   <trkpt lon="-9.102452" lat="39.328461"><ele>173.25</ele></trkpt>
   <trkpt lon="-9.103321" lat="39.327623"><ele>172.25</ele><sym>pass_place</sym><type>Shaping</type></trkpt>
   <trkpt lon="-9.103862" lat="39.327097"><ele>170.0</ele></trkpt>
   <trkpt lon="-9.104010" lat="39.326940"><ele>168.75</ele></trkpt>
   <trkpt lon="-9.104231" lat="39.326686"><ele>168.0</ele></trkpt>
   <trkpt lon="-9.104447" lat="39.326389"><ele>169.75</ele></trkpt>
   <trkpt lon="-9.105192" lat="39.325321"><ele>175.75</ele></trkpt>
   <trkpt lon="-9.105274" lat="39.325214"><ele>176.25</ele></trkpt>
   <trkpt lon="-9.105353" lat="39.325137"><ele>176.0</ele></trkpt>
   <trkpt lon="-9.105424" lat="39.325082"><ele>176.0</ele></trkpt>
   <trkpt lon="-9.105514" lat="39.325041"><ele>175.75</ele></trkpt>
   <trkpt lon="-9.106008" lat="39.324918"><ele>176.0</ele></trkpt>
   <trkpt lon="-9.106981" lat="39.324702"><ele>178.0</ele></trkpt>
   <trkpt lon="-9.107198" lat="39.324630"><ele>179.0</ele></trkpt>
   <trkpt lon="-9.107302" lat="39.324582"><ele>179.25</ele></trkpt>
   <trkpt lon="-9.107535" lat="39.324449"><ele>179.5</ele></trkpt>
   <trkpt lon="-9.108211" lat="39.323981"><ele>187.75</ele></trkpt>
   <trkpt lon="-9.108425" lat="39.323800"><ele>188.5</ele><sym>pass_place</sym><type>Shaping</type></trkpt>
   <trkpt lon="-9.108504" lat="39.323717"><ele>188.25</ele></trkpt>
   <trkpt lon="-9.108569" lat="39.323624"><ele>188.0</ele></trkpt>
   <trkpt lon="-9.108629" lat="39.323521"><ele>187.5</ele></trkpt>
   <trkpt lon="-9.108786" lat="39.323182"><ele>185.0</ele></trkpt>
   <trkpt lon="-9.109071" lat="39.322572"><ele>184.5</ele></trkpt>
   <trkpt lon="-9.109167" lat="39.322355"><ele>184.75</ele></trkpt>
   <trkpt lon="-9.109538" lat="39.321519"><ele>185.0</ele></trkpt>
   <trkpt lon="-9.110560" lat="39.319280"><ele>172.75</ele></trkpt>
   <trkpt lon="-9.110700" lat="39.319023"><ele>169.75</ele></trkpt>
   <trkpt lon="-9.110761" lat="39.318936"><ele>168.75</ele></trkpt>
   <trkpt lon="-9.110832" lat="39.318853"><ele>168.0</ele></trkpt>
   <trkpt lon="-9.110986" lat="39.318698"><ele>166.0</ele></trkpt>
   <trkpt lon="-9.111233" lat="39.318477"><ele>163.5</ele></trkpt>
   <trkpt lon="-9.112086" lat="39.317792"><ele>162.25</ele></trkpt>
   <trkpt lon="-9.112302" lat="39.317640"><ele>164.75</ele></trkpt>
   <trkpt lon="-9.112392" lat="39.317588"><ele>166.0</ele></trkpt>
   <trkpt lon="-9.112551" lat="39.317502"><ele>167.75</ele></trkpt>
   <trkpt lon="-9.112654" lat="39.317460"><ele>168.25</ele></trkpt>
   <trkpt lon="-9.113576" lat="39.317113"><ele>168.75</ele></trkpt>
   <trkpt lon="-9.114199" lat="39.316854"><ele>170.0</ele><sym>right_slight</sym></trkpt>
   <trkpt lon="-9.114351" lat="39.316854"><ele>171.0</ele></trkpt>
   <trkpt lon="-9.114400" lat="39.316855"><ele>171.25</ele><sym>roundabout_e2</sym></trkpt>
   <trkpt lon="-9.114433" lat="39.316866"><ele>171.5</ele></trkpt>
   <trkpt lon="-9.114469" lat="39.316870"><ele>171.75</ele></trkpt>
   <trkpt lon="-9.114506" lat="39.316865"><ele>171.75</ele></trkpt>
   <trkpt lon="-9.114538" lat="39.316851"><ele>172.0</ele></trkpt>
   <trkpt lon="-9.114563" lat="39.316831"><ele>172.0</ele></trkpt>
   <trkpt lon="-9.114579" lat="39.316805"><ele>172.0</ele></trkpt>
   <trkpt lon="-9.114584" lat="39.316776"><ele>172.0</ele></trkpt>
   <trkpt lon="-9.114577" lat="39.316747"><ele>172.0</ele></trkpt>
   <trkpt lon="-9.114641" lat="39.316573"><ele>172.5</ele></trkpt>
   <trkpt lon="-9.114745" lat="39.316375"><ele>173.0</ele></trkpt>
   <trkpt lon="-9.114769" lat="39.316306"><ele>172.75</ele></trkpt>
   <trkpt lon="-9.114780" lat="39.316231"><ele>172.75</ele></trkpt>
   <trkpt lon="-9.114784" lat="39.316111"><ele>172.25</ele></trkpt>
   <trkpt lon="-9.114775" lat="39.315962"><ele>172.25</ele></trkpt>
   <trkpt lon="-9.114735" lat="39.315585"><ele>172.25</ele></trkpt>
   <trkpt lon="-9.114728" lat="39.315436"><ele>172.75</ele></trkpt>
   <trkpt lon="-9.114720" lat="39.314645"><ele>174.5</ele></trkpt>
   <trkpt lon="-9.114728" lat="39.314543"><ele>174.25</ele></trkpt>
   <trkpt lon="-9.114742" lat="39.314457"><ele>174.0</ele></trkpt>
   <trkpt lon="-9.114769" lat="39.314368"><ele>174.25</ele></trkpt>
   <trkpt lon="-9.115008" lat="39.313827"><ele>173.75</ele></trkpt>
   <trkpt lon="-9.115562" lat="39.312437"><ele>178.5</ele></trkpt>
   <trkpt lon="-9.115605" lat="39.312344"><ele>178.0</ele></trkpt>
   <trkpt lon="-9.115650" lat="39.312260"><ele>177.25</ele></trkpt>
   <trkpt lon="-9.115694" lat="39.312195"><ele>176.75</ele></trkpt>
   <trkpt lon="-9.115832" lat="39.312058"><ele>175.75</ele></trkpt>
   <trkpt lon="-9.116689" lat="39.311328"><ele>176.0</ele><sym>left_slight</sym></trkpt>
   <trkpt lon="-9.116655" lat="39.311296"><ele>175.75</ele></trkpt>
   <trkpt lon="-9.116633" lat="39.311219"><ele>175.75</ele></trkpt>
   <trkpt lon="-9.116634" lat="39.311063"><ele>176.0</ele></trkpt>
   <trkpt lon="-9.116581" lat="39.310388"><ele>178.75</ele></trkpt>
   <trkpt lon="-9.116541" lat="39.309709"><ele>171.25</ele><sym>pass_place</sym><type>Shaping</type></trkpt>
   <trkpt lon="-9.116540" lat="39.309706"><ele>171.25</ele></trkpt>
   <trkpt lon="-9.116447" lat="39.309017"><ele>167.5</ele></trkpt>
   <trkpt lon="-9.116402" lat="39.308852"><ele>168.25</ele></trkpt>
   <trkpt lon="-9.116156" lat="39.308489"><ele>171.0</ele></trkpt>
   <trkpt lon="-9.116148" lat="39.308439"><ele>171.25</ele></trkpt>
   <trkpt lon="-9.116159" lat="39.308400"><ele>171.25</ele><sym>left</sym></trkpt>
   <trkpt lon="-9.116013" lat="39.308322"><ele>172.75</ele></trkpt>
   <trkpt lon="-9.115659" lat="39.308105"><ele>172.5</ele></trkpt>
   <trkpt lon="-9.115305" lat="39.307893"><ele>171.5</ele></trkpt>
   <trkpt lon="-9.114864" lat="39.307643"><ele>171.5</ele></trkpt>
   <trkpt lon="-9.114773" lat="39.307595"><ele>172.0</ele></trkpt>
   <trkpt lon="-9.114535" lat="39.307468"><ele>172.5</ele></trkpt>
   <trkpt lon="-9.114335" lat="39.307347"><ele>173.0</ele></trkpt>
   <trkpt lon="-9.114187" lat="39.307202"><ele>173.75</ele></trkpt>
   <trkpt lon="-9.114097" lat="39.307101"><ele>174.0</ele></trkpt>
   <trkpt lon="-9.114045" lat="39.307028"><ele>174.0</ele></trkpt>
   <trkpt lon="-9.113975" lat="39.306933"><ele>173.75</ele></trkpt>
   <trkpt lon="-9.113846" lat="39.306735"><ele>173.0</ele></trkpt>
   <trkpt lon="-9.113800" lat="39.306685"><ele>172.5</ele></trkpt>
   <trkpt lon="-9.113629" lat="39.306554"><ele>171.5</ele></trkpt>
   <trkpt lon="-9.113320" lat="39.306403"><ele>169.0</ele></trkpt>
   <trkpt lon="-9.112998" lat="39.306269"><ele>165.5</ele></trkpt>
   <trkpt lon="-9.112914" lat="39.306221"><ele>164.75</ele></trkpt>
   <trkpt lon="-9.112849" lat="39.306172"><ele>164.25</ele></trkpt>
   <trkpt lon="-9.112788" lat="39.306110"><ele>163.75</ele></trkpt>
   <trkpt lon="-9.112699" lat="39.305966"><ele>162.0</ele></trkpt>
   <trkpt lon="-9.112425" lat="39.305097"><ele>159.5</ele></trkpt>
   <trkpt lon="-9.112387" lat="39.304999"><ele>159.5</ele></trkpt>
   <trkpt lon="-9.112338" lat="39.304907"><ele>159.75</ele></trkpt>
   <trkpt lon="-9.112308" lat="39.304860"><ele>160.0</ele></trkpt>
   <trkpt lon="-9.112263" lat="39.304812"><ele>160.25</ele></trkpt>
   <trkpt lon="-9.112166" lat="39.304753"><ele>160.75</ele></trkpt>
   <trkpt lon="-9.112043" lat="39.304672"><ele>161.0</ele></trkpt>
   <trkpt lon="-9.111775" lat="39.304527"><ele>161.5</ele></trkpt>
   <trkpt lon="-9.111642" lat="39.304469"><ele>161.5</ele></trkpt>
   <trkpt lon="-9.111512" lat="39.304421"><ele>161.25</ele></trkpt>
   <trkpt lon="-9.111373" lat="39.304384"><ele>161.25</ele></trkpt>
   <trkpt lon="-9.111083" lat="39.304324"><ele>162.25</ele></trkpt>
   <trkpt lon="-9.110187" lat="39.304183"><ele>165.0</ele></trkpt>
   <trkpt lon="-9.110056" lat="39.304149"><ele>165.0</ele></trkpt>
   <trkpt lon="-9.109905" lat="39.304092"><ele>165.0</ele></trkpt>
   <trkpt lon="-9.109849" lat="39.304062"><ele>165.0</ele></trkpt>
   <trkpt lon="-9.109664" lat="39.303929"><ele>164.75</ele></trkpt>
   <trkpt lon="-9.109570" lat="39.303846"><ele>164.75</ele></trkpt>
   <trkpt lon="-9.109498" lat="39.303769"><ele>165.0</ele></trkpt>
   <trkpt lon="-9.108776" lat="39.302802"><ele>170.25</ele></trkpt>
   <trkpt lon="-9.108708" lat="39.302719"><ele>170.75</ele></trkpt>
   <trkpt lon="-9.108634" lat="39.302649"><ele>171.0</ele></trkpt>
   <trkpt lon="-9.108565" lat="39.302597"><ele>171.0</ele></trkpt>
   <trkpt lon="-9.108476" lat="39.302546"><ele>171.5</ele></trkpt>
   <trkpt lon="-9.108385" lat="39.302514"><ele>171.75</ele></trkpt>
   <trkpt lon="-9.108295" lat="39.302501"><ele>171.75</ele></trkpt>
   <trkpt lon="-9.108202" lat="39.302503"><ele>171.75</ele></trkpt>
   <trkpt lon="-9.108019" lat="39.302522"><ele>171.75</ele></trkpt>
   <trkpt lon="-9.107725" lat="39.302579"><ele>172.5</ele></trkpt>
   <trkpt lon="-9.106923" lat="39.302703"><ele>174.0</ele></trkpt>
   <trkpt lon="-9.106754" lat="39.302715"><ele>174.0</ele></trkpt>
   <trkpt lon="-9.106381" lat="39.302701"><ele>172.0</ele></trkpt>
   <trkpt lon="-9.106242" lat="39.302684"><ele>171.25</ele></trkpt>
   <trkpt lon="-9.106116" lat="39.302646"><ele>170.5</ele></trkpt>
   <trkpt lon="-9.105971" lat="39.302589"><ele>169.5</ele></trkpt>
   <trkpt lon="-9.105541" lat="39.302395"><ele>166.25</ele></trkpt>
   <trkpt lon="-9.105333" lat="39.302280"><ele>165.25</ele></trkpt>
   <trkpt lon="-9.105169" lat="39.302180"><ele>164.5</ele></trkpt>
   <trkpt lon="-9.105044" lat="39.302081"><ele>164.0</ele></trkpt>
   <trkpt lon="-9.104936" lat="39.301968"><ele>163.25</ele></trkpt>
   <trkpt lon="-9.104891" lat="39.301897"><ele>162.75</ele></trkpt>
   <trkpt lon="-9.104852" lat="39.301808"><ele>162.5</ele></trkpt>
   <trkpt lon="-9.104379" lat="39.300616"><ele>159.25</ele></trkpt>
   <trkpt lon="-9.104356" lat="39.300565"><ele>159.25</ele><sym>left</sym></trkpt>
   <trkpt lon="-9.104071" lat="39.300660"><ele>157.25</ele></trkpt>
   <trkpt lon="-9.103782" lat="39.300757"><ele>155.25</ele></trkpt>
   <trkpt lon="-9.103683" lat="39.300788"><ele>154.5</ele></trkpt>
   <trkpt lon="-9.103382" lat="39.300896"><ele>152.75</ele></trkpt>
   <trkpt lon="-9.103288" lat="39.300924"><ele>152.5</ele></trkpt>
   <trkpt lon="-9.103161" lat="39.300938"><ele>152.5</ele></trkpt>
   <trkpt lon="-9.103063" lat="39.300934"><ele>152.5</ele></trkpt>
   <trkpt lon="-9.102996" lat="39.300914"><ele>152.75</ele></trkpt>
   <trkpt lon="-9.102936" lat="39.300874"><ele>152.75</ele></trkpt>
   <trkpt lon="-9.102866" lat="39.300785"><ele>153.25</ele></trkpt>
   <trkpt lon="-9.102834" lat="39.300701"><ele>153.75</ele></trkpt>
   <trkpt lon="-9.102821" lat="39.300582"><ele>154.75</ele></trkpt>
   <trkpt lon="-9.102845" lat="39.300110"><ele>153.75</ele><sym>pass_place</sym><type>Shaping</type></trkpt>
   <trkpt lon="-9.102835" lat="39.299911"><ele>153.75</ele></trkpt>
   <trkpt lon="-9.102777" lat="39.299624"><ele>155.25</ele></trkpt>
   <trkpt lon="-9.102721" lat="39.299427"><ele>155.25</ele></trkpt>
   <trkpt lon="-9.102688" lat="39.299346"><ele>155.0</ele></trkpt>
   <trkpt lon="-9.102647" lat="39.299274"><ele>154.5</ele></trkpt>
   <trkpt lon="-9.102593" lat="39.299199"><ele>154.0</ele></trkpt>
   <trkpt lon="-9.102524" lat="39.299116"><ele>153.0</ele></trkpt>
   <trkpt lon="-9.102225" lat="39.298815"><ele>150.5</ele></trkpt>
   <trkpt lon="-9.102111" lat="39.298709"><ele>151.0</ele></trkpt>
   <trkpt lon="-9.101721" lat="39.298381"><ele>150.0</ele></trkpt>
   <trkpt lon="-9.101649" lat="39.298320"><ele>149.75</ele></trkpt>
   <trkpt lon="-9.101576" lat="39.298258"><ele>149.5</ele></trkpt>
   <trkpt lon="-9.100787" lat="39.297608"><ele>148.5</ele></trkpt>
   <trkpt lon="-9.100697" lat="39.297544"><ele>148.75</ele></trkpt>
   <trkpt lon="-9.100612" lat="39.297493"><ele>148.5</ele></trkpt>
   <trkpt lon="-9.100511" lat="39.297443"><ele>148.5</ele></trkpt>
   <trkpt lon="-9.100408" lat="39.297401"><ele>148.75</ele></trkpt>
   <trkpt lon="-9.100132" lat="39.297309"><ele>149.25</ele></trkpt>
   <trkpt lon="-9.099194" lat="39.297065"><ele>149.5</ele></trkpt>
   <trkpt lon="-9.098903" lat="39.296980"><ele>151.5</ele></trkpt>
   <trkpt lon="-9.098776" lat="39.296937"><ele>151.0</ele></trkpt>
   <trkpt lon="-9.098573" lat="39.296837"><ele>149.75</ele></trkpt>
   <trkpt lon="-9.098117" lat="39.296464"><ele>147.5</ele></trkpt>
   <trkpt lon="-9.098021" lat="39.296377"><ele>147.75</ele></trkpt>
   <trkpt lon="-9.097922" lat="39.296272"><ele>147.25</ele></trkpt>
   <trkpt lon="-9.097759" lat="39.296060"><ele>146.75</ele></trkpt>
   <trkpt lon="-9.097703" lat="39.295966"><ele>146.5</ele></trkpt>
   <trkpt lon="-9.097533" lat="39.295614"><ele>146.75</ele></trkpt>
   <trkpt lon="-9.097404" lat="39.295315"><ele>146.75</ele></trkpt>
   <trkpt lon="-9.097355" lat="39.295221"><ele>146.5</ele></trkpt>
   <trkpt lon="-9.097296" lat="39.295144"><ele>146.25</ele></trkpt>
   <trkpt lon="-9.096529" lat="39.294412"><ele>145.5</ele></trkpt>
   <trkpt lon="-9.096352" lat="39.294271"><ele>145.75</ele></trkpt>
   <trkpt lon="-9.096246" lat="39.294224"><ele>145.5</ele></trkpt>
   <trkpt lon="-9.095950" lat="39.294131"><ele>144.75</ele></trkpt>
   <trkpt lon="-9.095833" lat="39.294101"><ele>144.75</ele></trkpt>
   <trkpt lon="-9.095612" lat="39.294047"><ele>145.75</ele></trkpt>
   <trkpt lon="-9.094938" lat="39.293928"><ele>147.25</ele></trkpt>
   <trkpt lon="-9.094635" lat="39.293854"><ele>147.5</ele></trkpt>
   <trkpt lon="-9.094461" lat="39.293802"><ele>147.0</ele></trkpt>
   <trkpt lon="-9.094293" lat="39.293732"><ele>147.0</ele></trkpt>
   <trkpt lon="-9.093926" lat="39.293558"><ele>146.5</ele></trkpt>
   <trkpt lon="-9.093668" lat="39.293456"><ele>145.75</ele></trkpt>
   <trkpt lon="-9.093549" lat="39.293422"><ele>145.5</ele></trkpt>
   <trkpt lon="-9.093359" lat="39.293389"><ele>145.0</ele></trkpt>
   <trkpt lon="-9.093143" lat="39.293365"><ele>144.25</ele></trkpt>
   <trkpt lon="-9.092946" lat="39.293356"><ele>144.25</ele></trkpt>
   <trkpt lon="-9.092757" lat="39.293364"><ele>145.0</ele></trkpt>
   <trkpt lon="-9.091876" lat="39.293435"><ele>141.5</ele></trkpt>
   <trkpt lon="-9.091616" lat="39.293444"><ele>139.75</ele></trkpt>
   <trkpt lon="-9.091342" lat="39.293443"><ele>138.75</ele></trkpt>
   <trkpt lon="-9.091140" lat="39.293433"><ele>137.75</ele></trkpt>
   <trkpt lon="-9.090661" lat="39.293393"><ele>136.5</ele></trkpt>
   <trkpt lon="-9.090546" lat="39.293390"><ele>136.0</ele></trkpt>
   <trkpt lon="-9.090453" lat="39.293399"><ele>135.5</ele></trkpt>
   <trkpt lon="-9.090309" lat="39.293428"><ele>134.75</ele></trkpt>
   <trkpt lon="-9.089972" lat="39.293537"><ele>132.25</ele><sym>right</sym></trkpt>
   <trkpt lon="-9.089342" lat="39.292692"><ele>133.0</ele></trkpt>
   <trkpt lon="-9.089263" lat="39.292600"><ele>133.0</ele></trkpt>
   <trkpt lon="-9.089151" lat="39.292536"><ele>132.75</ele></trkpt>
   <trkpt lon="-9.089057" lat="39.292436"><ele>132.0</ele></trkpt>
   <trkpt lon="-9.088695" lat="39.291920"><ele>124.75</ele></trkpt>
   <trkpt lon="-9.088646" lat="39.291751"><ele>122.25</ele></trkpt>
   <trkpt lon="-9.088606" lat="39.291454"><ele>118.5</ele></trkpt>
   <trkpt lon="-9.088569" lat="39.291322"><ele>117.0</ele></trkpt>
   <trkpt lon="-9.088515" lat="39.291240"><ele>115.5</ele></trkpt>
   <trkpt lon="-9.088480" lat="39.291199"><ele>114.75</ele></trkpt>
   <trkpt lon="-9.087474" lat="39.290520"><ele>110.0</ele><sym>pass_place</sym><type>Shaping</type></trkpt>
   <trkpt lon="-9.087354" lat="39.290396"><ele>110.5</ele></trkpt>
   <trkpt lon="-9.087209" lat="39.290221"><ele>110.0</ele></trkpt>
   <trkpt lon="-9.087015" lat="39.289987"><ele>106.75</ele></trkpt>
   <trkpt lon="-9.086921" lat="39.289914"><ele>106.0</ele></trkpt>
   <trkpt lon="-9.086833" lat="39.289871"><ele>105.5</ele></trkpt>
   <trkpt lon="-9.086737" lat="39.289842"><ele>105.25</ele></trkpt>
   <trkpt lon="-9.086369" lat="39.289788"><ele>104.5</ele></trkpt>
   <trkpt lon="-9.085856" lat="39.289659"><ele>107.25</ele></trkpt>
   <trkpt lon="-9.085565" lat="39.289586"><ele>109.75</ele></trkpt>
   <trkpt lon="-9.085071" lat="39.289439"><ele>115.25</ele></trkpt>
   <trkpt lon="-9.084703" lat="39.289293"><ele>117.5</ele></trkpt>
   <trkpt lon="-9.084582" lat="39.289254"><ele>118.5</ele></trkpt>
   <trkpt lon="-9.084478" lat="39.289235"><ele>119.25</ele></trkpt>
   <trkpt lon="-9.084408" lat="39.289223"><ele>119.75</ele></trkpt>
   <trkpt lon="-9.083536" lat="39.288957"><ele>129.5</ele><sym>right</sym></trkpt>
   <trkpt lon="-9.084084" lat="39.287670"><ele>124.0</ele></trkpt>
   <trkpt lon="-9.084352" lat="39.287178"><ele>120.0</ele></trkpt>
   <trkpt lon="-9.084658" lat="39.286454"><ele>114.0</ele></trkpt>
   <trkpt lon="-9.084701" lat="39.286327"><ele>113.0</ele></trkpt>
   <trkpt lon="-9.084698" lat="39.286236"><ele>113.0</ele></trkpt>
   <trkpt lon="-9.084674" lat="39.286032"><ele>113.0</ele></trkpt>
   <trkpt lon="-9.084674" lat="39.285893"><ele>113.0</ele></trkpt>
   <trkpt lon="-9.084698" lat="39.285725"><ele>112.0</ele></trkpt>
   <trkpt lon="-9.084720" lat="39.285627"><ele>111.5</ele></trkpt>
   <trkpt lon="-9.084777" lat="39.285527"><ele>110.25</ele></trkpt>
   <trkpt lon="-9.084883" lat="39.285364"><ele>108.25</ele></trkpt>
   <trkpt lon="-9.085151" lat="39.285065"><ele>104.0</ele></trkpt>
   <trkpt lon="-9.085323" lat="39.284805"><ele>101.25</ele></trkpt>
   <trkpt lon="-9.085425" lat="39.284679"><ele>100.0</ele></trkpt>
   <trkpt lon="-9.085570" lat="39.284560"><ele>98.5</ele></trkpt>
   <trkpt lon="-9.085870" lat="39.284390"><ele>95.25</ele></trkpt>
   <trkpt lon="-9.085956" lat="39.284313"><ele>94.0</ele></trkpt>
   <trkpt lon="-9.086018" lat="39.284230"><ele>93.0</ele></trkpt>
   <trkpt lon="-9.086066" lat="39.284087"><ele>91.5</ele></trkpt>
   <trkpt lon="-9.086071" lat="39.283954"><ele>90.5</ele></trkpt>
   <trkpt lon="-9.086045" lat="39.283836"><ele>90.0</ele></trkpt>
   <trkpt lon="-9.086002" lat="39.283744"><ele>90.0</ele></trkpt>
   <trkpt lon="-9.085907" lat="39.283543"><ele>90.75</ele></trkpt>
   <trkpt lon="-9.085801" lat="39.283223"><ele>95.0</ele></trkpt>
   <trkpt lon="-9.085573" lat="39.282860"><ele>98.75</ele></trkpt>
   <trkpt lon="-9.085497" lat="39.282700"><ele>99.5</ele></trkpt>
   <trkpt lon="-9.085465" lat="39.282565"><ele>99.5</ele></trkpt>
   <trkpt lon="-9.085478" lat="39.282502"><ele>99.5</ele></trkpt>
   <trkpt lon="-9.085530" lat="39.282328"><ele>99.5</ele></trkpt>
   <trkpt lon="-9.085532" lat="39.282023"><ele>102.0</ele></trkpt>
   <trkpt lon="-9.085565" lat="39.281903"><ele>103.25</ele></trkpt>
   <trkpt lon="-9.085731" lat="39.281450"><ele>106.0</ele></trkpt>
   <trkpt lon="-9.085744" lat="39.281411"><ele>106.0</ele></trkpt>
   <trkpt lon="-9.085864" lat="39.281040"><ele>107.0</ele></trkpt>
   <trkpt lon="-9.085913" lat="39.280780"><ele>108.0</ele></trkpt>
   <trkpt lon="-9.085860" lat="39.280030"><ele>107.0</ele></trkpt>
   <trkpt lon="-9.085782" lat="39.279536"><ele>107.5</ele></trkpt>
   <trkpt lon="-9.085723" lat="39.278942"><ele>106.0</ele></trkpt>
   <trkpt lon="-9.085704" lat="39.278795"><ele>106.0</ele></trkpt>
   <trkpt lon="-9.085618" lat="39.278656"><ele>106.0</ele></trkpt>
   <trkpt lon="-9.085394" lat="39.278386"><ele>105.5</ele></trkpt>
   <trkpt lon="-9.084841" lat="39.277830"><ele>103.75</ele></trkpt>
   <trkpt lon="-9.084704" lat="39.277692"><ele>103.5</ele></trkpt>
   <trkpt lon="-9.084492" lat="39.277488"><ele>103.0</ele></trkpt>
   <trkpt lon="-9.084325" lat="39.277253"><ele>102.5</ele><sym>pass_place</sym><type>Shaping</type></trkpt>
   <trkpt lon="-9.084206" lat="39.277178"><ele>102.0</ele></trkpt>
   <trkpt lon="-9.083373" lat="39.276058"><ele>94.5</ele></trkpt>
   <trkpt lon="-9.083201" lat="39.275922"><ele>92.25</ele></trkpt>
   <trkpt lon="-9.083036" lat="39.275848"><ele>91.0</ele></trkpt>
   <trkpt lon="-9.082657" lat="39.275610"><ele>88.25</ele><sym>straight</sym></trkpt>
   <trkpt lon="-9.082081" lat="39.275396"><ele>85.5</ele></trkpt>
   <trkpt lon="-9.081983" lat="39.275322"><ele>85.0</ele></trkpt>
   <trkpt lon="-9.081923" lat="39.275252"><ele>84.75</ele></trkpt>
   <trkpt lon="-9.081908" lat="39.275235"><ele>84.75</ele></trkpt>
   <trkpt lon="-9.081840" lat="39.275190"><ele>84.5</ele></trkpt>
   <trkpt lon="-9.081646" lat="39.275101"><ele>83.75</ele></trkpt>
   <trkpt lon="-9.081475" lat="39.275032"><ele>83.75</ele><sym>right</sym></trkpt>
   <trkpt lon="-9.081448" lat="39.274969"><ele>83.75</ele></trkpt>
   <trkpt lon="-9.081455" lat="39.274784"><ele>82.25</ele></trkpt>
   <trkpt lon="-9.081486" lat="39.274563"><ele>80.0</ele></trkpt>
   <trkpt lon="-9.081525" lat="39.274474"><ele>78.75</ele><sym>right_slight</sym></trkpt>
   <trkpt lon="-9.081788" lat="39.274393"><ele>77.75</ele></trkpt>
   <trkpt lon="-9.082072" lat="39.274273"><ele>78.5</ele></trkpt>
   <trkpt lon="-9.082472" lat="39.274013"><ele>80.75</ele><sym>left</sym></trkpt>
   <trkpt lon="-9.082389" lat="39.273918"><ele>80.0</ele></trkpt>
   <trkpt lon="-9.082314" lat="39.273716"><ele>78.75</ele></trkpt>
   <trkpt lon="-9.082319" lat="39.273476"><ele>77.0</ele></trkpt>
   <trkpt lon="-9.082369" lat="39.273065"><ele>73.0</ele></trkpt>
   <trkpt lon="-9.082456" lat="39.272365"><ele>70.25</ele></trkpt>
   <trkpt lon="-9.082393" lat="39.271857"><ele>67.5</ele></trkpt>
   <trkpt lon="-9.082305" lat="39.271138"><ele>65.5</ele></trkpt>
   <trkpt lon="-9.082322" lat="39.270894"><ele>66.0</ele></trkpt>
   <trkpt lon="-9.082493" lat="39.270431"><ele>64.5</ele></trkpt>
   <trkpt lon="-9.082560" lat="39.270064"><ele>65.75</ele></trkpt>
   <trkpt lon="-9.082541" lat="39.269879"><ele>66.0</ele></trkpt>
   <trkpt lon="-9.082493" lat="39.269748"><ele>66.0</ele></trkpt>
   <trkpt lon="-9.082402" lat="39.269619"><ele>66.25</ele></trkpt>
   <trkpt lon="-9.082156" lat="39.269425"><ele>65.5</ele></trkpt>
   <trkpt lon="-9.081560" lat="39.268953"><ele>64.5</ele></trkpt>
   <trkpt lon="-9.081394" lat="39.268839"><ele>64.25</ele></trkpt>
   <trkpt lon="-9.081190" lat="39.268781"><ele>64.25</ele></trkpt>
   <trkpt lon="-9.081026" lat="39.268764"><ele>64.0</ele></trkpt>
   <trkpt lon="-9.080297" lat="39.268855"><ele>64.75</ele></trkpt>
   <trkpt lon="-9.080071" lat="39.268866"><ele>64.75</ele></trkpt>
   <trkpt lon="-9.079763" lat="39.268756"><ele>64.25</ele></trkpt>
   <trkpt lon="-9.079567" lat="39.268552"><ele>64.5</ele></trkpt>
   <trkpt lon="-9.079181" lat="39.267661"><ele>61.5</ele></trkpt>
   <trkpt lon="-9.078875" lat="39.267144"><ele>62.25</ele></trkpt>
   <trkpt lon="-9.078693" lat="39.266783"><ele>64.0</ele></trkpt>
   <trkpt lon="-9.078685" lat="39.266525"><ele>66.5</ele></trkpt>
   <trkpt lon="-9.079079" lat="39.265440"><ele>71.25</ele></trkpt>
   <trkpt lon="-9.079111" lat="39.265271"><ele>70.0</ele></trkpt>
   <trkpt lon="-9.079087" lat="39.265147"><ele>70.25</ele></trkpt>
   <trkpt lon="-9.079015" lat="39.265007"><ele>71.5</ele></trkpt>
   <trkpt lon="-9.077859" lat="39.264100"><ele>72.25</ele><sym>pass_place</sym><type>Shaping</type></trkpt>
   <trkpt lon="-9.077858" lat="39.264100"><ele>72.25</ele></trkpt>
   <trkpt lon="-9.077703" lat="39.263981"><ele>71.0</ele></trkpt>
   <trkpt lon="-9.077130" lat="39.263539"><ele>68.75</ele></trkpt>
   <trkpt lon="-9.076841" lat="39.263316"><ele>67.5</ele></trkpt>
   <trkpt lon="-9.076659" lat="39.263176"><ele>67.75</ele></trkpt>
   <trkpt lon="-9.076102" lat="39.262578"><ele>75.0</ele></trkpt>
   <trkpt lon="-9.075978" lat="39.262295"><ele>76.75</ele></trkpt>
   <trkpt lon="-9.075731" lat="39.261990"><ele>77.0</ele></trkpt>
   <trkpt lon="-9.075627" lat="39.261873"><ele>76.75</ele><sym>right_slight</sym></trkpt>
   <trkpt lon="-9.075766" lat="39.261471"><ele>72.0</ele></trkpt>
   <trkpt lon="-9.075734" lat="39.261346"><ele>71.0</ele></trkpt>
   <trkpt lon="-9.075673" lat="39.261195"><ele>70.5</ele></trkpt>
   <trkpt lon="-9.075637" lat="39.261107"><ele>70.25</ele></trkpt>
   <trkpt lon="-9.075656" lat="39.261033"><ele>69.75</ele></trkpt>
   <trkpt lon="-9.075742" lat="39.260926"><ele>68.75</ele></trkpt>
   <trkpt lon="-9.075878" lat="39.260825"><ele>67.75</ele></trkpt>
   <trkpt lon="-9.076329" lat="39.260567"><ele>65.75</ele></trkpt>
   <trkpt lon="-9.076426" lat="39.260499"><ele>65.5</ele></trkpt>
   <trkpt lon="-9.076561" lat="39.260404"><ele>65.0</ele></trkpt>
   <trkpt lon="-9.076755" lat="39.260159"><ele>65.75</ele></trkpt>
   <trkpt lon="-9.076860" lat="39.260025"><ele>67.0</ele></trkpt>
   <trkpt lon="-9.076871" lat="39.260003"><ele>67.25</ele></trkpt>
   <trkpt lon="-9.076952" lat="39.259852"><ele>70.0</ele><sym>right</sym></trkpt>
   <trkpt lon="-9.077135" lat="39.259845"><ele>72.75</ele></trkpt>
   <trkpt lon="-9.077437" lat="39.259946"><ele>74.25</ele></trkpt>
   <trkpt lon="-9.078734" lat="39.260466"><ele>81.25</ele></trkpt>
   <trkpt lon="-9.078924" lat="39.260495"><ele>82.75</ele></trkpt>
   <trkpt lon="-9.079018" lat="39.260484"><ele>83.5</ele></trkpt>
   <trkpt lon="-9.079169" lat="39.260400"><ele>85.0</ele></trkpt>
   <trkpt lon="-9.079303" lat="39.260052"><ele>89.5</ele></trkpt>
   <trkpt lon="-9.079374" lat="39.259667"><ele>92.75</ele></trkpt>
   <trkpt lon="-9.079368" lat="39.259039"><ele>94.5</ele></trkpt>
   <trkpt lon="-9.079323" lat="39.258709"><ele>97.25</ele></trkpt>
   <trkpt lon="-9.079189" lat="39.258429"><ele>99.25</ele></trkpt>
   <trkpt lon="-9.078995" lat="39.258154"><ele>101.75</ele></trkpt>
   <trkpt lon="-9.078839" lat="39.257973"><ele>103.25</ele></trkpt>
   <trkpt lon="-9.078762" lat="39.257722"><ele>103.5</ele></trkpt>
   <trkpt lon="-9.078791" lat="39.257240"><ele>107.25</ele></trkpt>
   <trkpt lon="-9.078876" lat="39.257013"><ele>110.75</ele></trkpt>
   <trkpt lon="-9.078958" lat="39.256903"><ele>111.75</ele></trkpt>
   <trkpt lon="-9.079271" lat="39.256614"><ele>111.25</ele></trkpt>
   <trkpt lon="-9.079650" lat="39.256112"><ele>117.0</ele></trkpt>
   <trkpt lon="-9.080054" lat="39.255755"><ele>117.75</ele></trkpt>
   <trkpt lon="-9.080432" lat="39.255530"><ele>121.0</ele></trkpt>
   <trkpt lon="-9.080582" lat="39.255456"><ele>121.25</ele><sym>right_slight</sym></trkpt>
   <trkpt lon="-9.080813" lat="39.255426"><ele>121.5</ele></trkpt>
   <trkpt lon="-9.080966" lat="39.255407"><ele>121.75</ele></trkpt>
   <trkpt lon="-9.081440" lat="39.255352"><ele>123.25</ele></trkpt>
   <trkpt lon="-9.081630" lat="39.255330"><ele>124.0</ele></trkpt>
   <trkpt lon="-9.082153" lat="39.255295"><ele>125.75</ele></trkpt>
   <trkpt lon="-9.082949" lat="39.255270"><ele>126.25</ele></trkpt>
   <trkpt lon="-9.083894" lat="39.255277"><ele>124.0</ele></trkpt>
   <trkpt lon="-9.084511" lat="39.255346"><ele>130.0</ele><sym>pass_place</sym><type>Shaping</type></trkpt>
   <trkpt lon="-9.084511" lat="39.255347"><ele>130.0</ele></trkpt>
   <trkpt lon="-9.084724" lat="39.255383"><ele>132.5</ele></trkpt>
   <trkpt lon="-9.085458" lat="39.255533"><ele>135.75</ele></trkpt>
   <trkpt lon="-9.085757" lat="39.255625"><ele>133.25</ele></trkpt>
   <trkpt lon="-9.085918" lat="39.255682"><ele>131.5</ele></trkpt>
   <trkpt lon="-9.085993" lat="39.255709"><ele>130.5</ele></trkpt>
   <trkpt lon="-9.087020" lat="39.256262"><ele>126.25</ele></trkpt>
   <trkpt lon="-9.087242" lat="39.256341"><ele>125.5</ele></trkpt>
   <trkpt lon="-9.087498" lat="39.256354"><ele>123.25</ele></trkpt>
   <trkpt lon="-9.087674" lat="39.256338"><ele>121.25</ele></trkpt>
   <trkpt lon="-9.087838" lat="39.256308"><ele>119.5</ele></trkpt>
   <trkpt lon="-9.087927" lat="39.256262"><ele>118.75</ele></trkpt>
   <trkpt lon="-9.088201" lat="39.256048"><ele>117.25</ele></trkpt>
   <trkpt lon="-9.088445" lat="39.255669"><ele>112.5</ele></trkpt>
   <trkpt lon="-9.088602" lat="39.255453"><ele>109.25</ele></trkpt>
   <trkpt lon="-9.089205" lat="39.255028"><ele>101.75</ele></trkpt>
   <trkpt lon="-9.089361" lat="39.254876"><ele>99.25</ele></trkpt>
   <trkpt lon="-9.090024" lat="39.253744"><ele>87.5</ele></trkpt>
   <trkpt lon="-9.090143" lat="39.253557"><ele>85.0</ele></trkpt>
   <trkpt lon="-9.090513" lat="39.253226"><ele>82.0</ele></trkpt>
   <trkpt lon="-9.090991" lat="39.252891"><ele>81.5</ele></trkpt>
   <trkpt lon="-9.091233" lat="39.252621"><ele>82.5</ele></trkpt>
   <trkpt lon="-9.091406" lat="39.252211"><ele>84.0</ele></trkpt>
   <trkpt lon="-9.091623" lat="39.251585"><ele>82.75</ele></trkpt>
   <trkpt lon="-9.091950" lat="39.250867"><ele>84.0</ele></trkpt>
   <trkpt lon="-9.092240" lat="39.250279"><ele>85.0</ele></trkpt>
   <trkpt lon="-9.092393" lat="39.249876"><ele>78.25</ele></trkpt>
   <trkpt lon="-9.092422" lat="39.249691"><ele>76.0</ele></trkpt>
   <trkpt lon="-9.092487" lat="39.249398"><ele>73.5</ele></trkpt>
   <trkpt lon="-9.092692" lat="39.248922"><ele>70.5</ele></trkpt>
   <trkpt lon="-9.093014" lat="39.248374"><ele>66.0</ele></trkpt>
   <trkpt lon="-9.093218" lat="39.248054"><ele>64.0</ele></trkpt>
   <trkpt lon="-9.093503" lat="39.247884"><ele>62.75</ele></trkpt>
   <trkpt lon="-9.093762" lat="39.247845"><ele>62.25</ele></trkpt>
   <trkpt lon="-9.094015" lat="39.247871"><ele>61.0</ele></trkpt>
   <trkpt lon="-9.094837" lat="39.248067"><ele>54.5</ele></trkpt>
   <trkpt lon="-9.094982" lat="39.248098"><ele>54.25</ele></trkpt>
   <trkpt lon="-9.095035" lat="39.248094"><ele>54.0</ele></trkpt>
   <trkpt lon="-9.095164" lat="39.248083"><ele>54.0</ele></trkpt>
   <trkpt lon="-9.096501" lat="39.247878"><ele>53.5</ele></trkpt>
   <trkpt lon="-9.098128" lat="39.247605"><ele>55.75</ele><sym>pass_place</sym><type>Shaping</type></trkpt>
   <trkpt lon="-9.098324" lat="39.247596"><ele>55.25</ele></trkpt>
   <trkpt lon="-9.098532" lat="39.247636"><ele>55.25</ele></trkpt>
   <trkpt lon="-9.098652" lat="39.247686"><ele>55.25</ele></trkpt>
   <trkpt lon="-9.099394" lat="39.248169"><ele>54.5</ele></trkpt>
   <trkpt lon="-9.099696" lat="39.248374"><ele>56.0</ele></trkpt>
   <trkpt lon="-9.099980" lat="39.248473"><ele>61.5</ele></trkpt>
   <trkpt lon="-9.100179" lat="39.248499"><ele>65.0</ele></trkpt>
   <trkpt lon="-9.100452" lat="39.248448"><ele>69.0</ele></trkpt>
   <trkpt lon="-9.101030" lat="39.248287"><ele>74.5</ele></trkpt>
   <trkpt lon="-9.101263" lat="39.248222"><ele>77.25</ele></trkpt>
   <trkpt lon="-9.101508" lat="39.248087"><ele>79.5</ele></trkpt>
   <trkpt lon="-9.101974" lat="39.247477"><ele>85.5</ele></trkpt>
   <trkpt lon="-9.102051" lat="39.247343"><ele>87.75</ele></trkpt>
   <trkpt lon="-9.102022" lat="39.246869"><ele>91.0</ele></trkpt>
   <trkpt lon="-9.102045" lat="39.246534"><ele>91.5</ele></trkpt>
   <trkpt lon="-9.102207" lat="39.246113"><ele>96.75</ele></trkpt>
   <trkpt lon="-9.102358" lat="39.245752"><ele>100.0</ele></trkpt>
   <trkpt lon="-9.102372" lat="39.245592"><ele>101.0</ele></trkpt>
   <trkpt lon="-9.102340" lat="39.245296"><ele>101.75</ele></trkpt>
   <trkpt lon="-9.102290" lat="39.245014"><ele>102.0</ele></trkpt>
   <trkpt lon="-9.102141" lat="39.244625"><ele>103.25</ele></trkpt>
   <trkpt lon="-9.102091" lat="39.244492"><ele>104.0</ele></trkpt>
   <trkpt lon="-9.102038" lat="39.244394"><ele>105.0</ele></trkpt>
   <trkpt lon="-9.102002" lat="39.244324"><ele>105.5</ele></trkpt>
   <trkpt lon="-9.102027" lat="39.244192"><ele>106.5</ele></trkpt>
   <trkpt lon="-9.102052" lat="39.244084"><ele>107.25</ele></trkpt>
   <trkpt lon="-9.102092" lat="39.243930"><ele>108.5</ele></trkpt>
   <trkpt lon="-9.102139" lat="39.243737"><ele>110.0</ele></trkpt>
   <trkpt lon="-9.102146" lat="39.243708"><ele>110.25</ele></trkpt>
   <trkpt lon="-9.102265" lat="39.243518"><ele>111.5</ele></trkpt>
   <trkpt lon="-9.102293" lat="39.243254"><ele>112.5</ele></trkpt>
   <trkpt lon="-9.102277" lat="39.243025"><ele>111.75</ele></trkpt>
   <trkpt lon="-9.102270" lat="39.242919"><ele>111.0</ele></trkpt>
   <trkpt lon="-9.102247" lat="39.242776"><ele>110.0</ele><sym>right</sym></trkpt>
   <trkpt lon="-9.102457" lat="39.242759"><ele>110.75</ele></trkpt>
   <trkpt lon="-9.102554" lat="39.242758"><ele>110.75</ele></trkpt>
   <trkpt lon="-9.102832" lat="39.242754"><ele>109.5</ele></trkpt>
   <trkpt lon="-9.103106" lat="39.242668"><ele>106.75</ele></trkpt>
   <trkpt lon="-9.103257" lat="39.242598"><ele>104.75</ele></trkpt>
   <trkpt lon="-9.103352" lat="39.242556"><ele>103.75</ele></trkpt>
   <trkpt lon="-9.103777" lat="39.242345"><ele>102.5</ele></trkpt>
   <trkpt lon="-9.103833" lat="39.242285"><ele>102.75</ele></trkpt>
   <trkpt lon="-9.104051" lat="39.242003"><ele>101.0</ele></trkpt>
   <trkpt lon="-9.104146" lat="39.241767"><ele>100.0</ele></trkpt>
   <trkpt lon="-9.104179" lat="39.241686"><ele>99.75</ele></trkpt>
   <trkpt lon="-9.104294" lat="39.241453"><ele>99.25</ele></trkpt>
   <trkpt lon="-9.104364" lat="39.241324"><ele>99.25</ele></trkpt>
   <trkpt lon="-9.104494" lat="39.241197"><ele>99.0</ele></trkpt>
   <trkpt lon="-9.104546" lat="39.241143"><ele>99.5</ele><sym>roundabout_e1</sym></trkpt>
   <trkpt lon="-9.104602" lat="39.241117"><ele>100.0</ele></trkpt>
   <trkpt lon="-9.104643" lat="39.241078"><ele>100.5</ele></trkpt>
   <trkpt lon="-9.104665" lat="39.241031"><ele>100.75</ele></trkpt>
   <trkpt lon="-9.104768" lat="39.240942"><ele>101.25</ele></trkpt>
   <trkpt lon="-9.104795" lat="39.240919"><ele>101.5</ele></trkpt>
   <trkpt lon="-9.105013" lat="39.240730"><ele>103.25</ele></trkpt>
   <trkpt lon="-9.105742" lat="39.240360"><ele>107.0</ele></trkpt>
   <trkpt lon="-9.106069" lat="39.240232"><ele>107.5</ele></trkpt>
   <trkpt lon="-9.106294" lat="39.240199"><ele>106.75</ele></trkpt>
   <trkpt lon="-9.106534" lat="39.240210"><ele>106.0</ele></trkpt>
   <trkpt lon="-9.106690" lat="39.240241"><ele>105.75</ele></trkpt>
   <trkpt lon="-9.106893" lat="39.240295"><ele>106.5</ele><sym>left_slight</sym></trkpt>
   <trkpt lon="-9.107012" lat="39.240289"><ele>105.75</ele></trkpt>
   <trkpt lon="-9.107157" lat="39.240206"><ele>103.0</ele></trkpt>
   <trkpt lon="-9.107305" lat="39.240109"><ele>101.0</ele><sym>right_slight</sym></trkpt>
   <trkpt lon="-9.109259" lat="39.239757"><ele>96.25</ele></trkpt>
   <trkpt lon="-9.111050" lat="39.239416"><ele>86.5</ele><sym>pass_place</sym><type>Shaping</type></trkpt>
   <trkpt lon="-9.111051" lat="39.239416"><ele>86.5</ele></trkpt>
   <trkpt lon="-9.111641" lat="39.239321"><ele>85.0</ele></trkpt>
   <trkpt lon="-9.112102" lat="39.239275"><ele>83.5</ele></trkpt>
   <trkpt lon="-9.112596" lat="39.239258"><ele>80.5</ele></trkpt>
   <trkpt lon="-9.112949" lat="39.239272"><ele>80.0</ele></trkpt>
   <trkpt lon="-9.113036" lat="39.239275"><ele>80.0</ele></trkpt>
   <trkpt lon="-9.113492" lat="39.239346"><ele>81.0</ele></trkpt>
   <trkpt lon="-9.113759" lat="39.239415"><ele>82.75</ele></trkpt>
   <trkpt lon="-9.114338" lat="39.239606"><ele>84.5</ele></trkpt>
   <trkpt lon="-9.114715" lat="39.239749"><ele>85.75</ele></trkpt>
   <trkpt lon="-9.114940" lat="39.239794"><ele>86.75</ele></trkpt>
   <trkpt lon="-9.115203" lat="39.239811"><ele>88.0</ele></trkpt>
   <trkpt lon="-9.115898" lat="39.239808"><ele>86.0</ele></trkpt>
   <trkpt lon="-9.116743" lat="39.239778"><ele>84.25</ele></trkpt>
   <trkpt lon="-9.116930" lat="39.239757"><ele>84.25</ele></trkpt>
   <trkpt lon="-9.117723" lat="39.239523"><ele>84.0</ele></trkpt>
   <trkpt lon="-9.118198" lat="39.239345"><ele>82.25</ele><sym>right_slight</sym></trkpt>
   <trkpt lon="-9.118497" lat="39.239437"><ele>82.75</ele></trkpt>
   <trkpt lon="-9.119146" lat="39.239607"><ele>84.0</ele></trkpt>
   <trkpt lon="-9.119259" lat="39.239612"><ele>83.75</ele></trkpt>
   <trkpt lon="-9.119381" lat="39.239527"><ele>82.75</ele></trkpt>
   <trkpt lon="-9.119543" lat="39.239367"><ele>80.75</ele></trkpt>
   <trkpt lon="-9.119661" lat="39.239209"><ele>78.5</ele></trkpt>
   <trkpt lon="-9.119827" lat="39.238826"><ele>73.5</ele><sym>right_slight</sym></trkpt>
   <trkpt lon="-9.120423" lat="39.238710"><ele>69.5</ele></trkpt>
   <trkpt lon="-9.120852" lat="39.238619"><ele>64.75</ele></trkpt>
   <trkpt lon="-9.121195" lat="39.238482"><ele>61.0</ele></trkpt>
   <trkpt lon="-9.121475" lat="39.238379"><ele>59.25</ele></trkpt>
   <trkpt lon="-9.121737" lat="39.238282"><ele>56.75</ele></trkpt>
   <trkpt lon="-9.122016" lat="39.238211"><ele>53.5</ele></trkpt>
   <trkpt lon="-9.122134" lat="39.238170"><ele>52.0</ele><sym>left_slight</sym></trkpt>
   <trkpt lon="-9.122193" lat="39.238087"><ele>51.25</ele></trkpt>
   <trkpt lon="-9.122245" lat="39.237890"><ele>50.0</ele></trkpt>
   <trkpt lon="-9.122316" lat="39.237804"><ele>49.0</ele><sym>right_slight</sym></trkpt>
   <trkpt lon="-9.122417" lat="39.237774"><ele>47.75</ele></trkpt>
   <trkpt lon="-9.122611" lat="39.237775"><ele>45.75</ele></trkpt>
   <trkpt lon="-9.122975" lat="39.237853"><ele>42.75</ele></trkpt>
   <trkpt lon="-9.123266" lat="39.237933"><ele>41.25</ele></trkpt>
   <trkpt lon="-9.123615" lat="39.237966"><ele>39.25</ele></trkpt>
   <trkpt lon="-9.123946" lat="39.237957"><ele>39.0</ele></trkpt>
   <trkpt lon="-9.124246" lat="39.237907"><ele>39.0</ele></trkpt>
   <trkpt lon="-9.124398" lat="39.237858"><ele>39.5</ele></trkpt>
   <trkpt lon="-9.124543" lat="39.237838"><ele>40.0</ele></trkpt>
   <trkpt lon="-9.125310" lat="39.237771"><ele>40.75</ele></trkpt>
   <trkpt lon="-9.125932" lat="39.237721"><ele>39.5</ele></trkpt>
   <trkpt lon="-9.127042" lat="39.237601"><ele>39.0</ele></trkpt>
   <trkpt lon="-9.128304" lat="39.237392"><ele>50.75</ele><sym>stay_left</sym></trkpt>
   <trkpt lon="-9.128531" lat="39.237386"><ele>53.75</ele></trkpt>
   <trkpt lon="-9.128602" lat="39.237379"><ele>54.75</ele><sym>straight</sym></trkpt>
   <trkpt lon="-9.128739" lat="39.237347"><ele>56.5</ele></trkpt>
   <trkpt lon="-9.128778" lat="39.237329"><ele>57.25</ele></trkpt>
   <trkpt lon="-9.128834" lat="39.237287"><ele>58.5</ele><sym>left_sharp</sym></trkpt>
   <trkpt lon="-9.128697" lat="39.237285"><ele>56.5</ele></trkpt>
   <trkpt lon="-9.128614" lat="39.237294"><ele>55.5</ele></trkpt>
   <trkpt lon="-9.128565" lat="39.237300"><ele>54.75</ele><sym>left</sym></trkpt>
   <trkpt lon="-9.128602" lat="39.237379"><ele>54.75</ele></trkpt>
   <trkpt lon="-9.128701" lat="39.237581"><ele>54.75</ele></trkpt>
   <trkpt lon="-9.128856" lat="39.237896"><ele>55.0</ele></trkpt>
   <trkpt lon="-9.129152" lat="39.238478"><ele>48.75</ele></trkpt>
   <trkpt lon="-9.129223" lat="39.238563"><ele>46.75</ele></trkpt>
   <trkpt lon="-9.129314" lat="39.238627"><ele>45.0</ele></trkpt>
   <trkpt lon="-9.129418" lat="39.238684"><ele>43.75</ele></trkpt>
   <trkpt lon="-9.130291" lat="39.238997"><ele>39.75</ele><sym>pass_place</sym><type>Shaping</type></trkpt>
   <trkpt lon="-9.130431" lat="39.239034"><ele>38.75</ele></trkpt>
   <trkpt lon="-9.130563" lat="39.239062"><ele>38.0</ele></trkpt>
   <trkpt lon="-9.130708" lat="39.239078"><ele>37.75</ele></trkpt>
   <trkpt lon="-9.131023" lat="39.239099"><ele>37.75</ele></trkpt>
   <trkpt lon="-9.131176" lat="39.239119"><ele>38.0</ele></trkpt>
   <trkpt lon="-9.131320" lat="39.239153"><ele>38.5</ele></trkpt>
   <trkpt lon="-9.131438" lat="39.239195"><ele>39.0</ele></trkpt>
   <trkpt lon="-9.131557" lat="39.239256"><ele>39.5</ele></trkpt>
   <trkpt lon="-9.131673" lat="39.239325"><ele>39.75</ele></trkpt>
   <trkpt lon="-9.132141" lat="39.239663"><ele>40.75</ele></trkpt>
   <trkpt lon="-9.132228" lat="39.239748"><ele>40.75</ele></trkpt>
   <trkpt lon="-9.132294" lat="39.239834"><ele>40.5</ele></trkpt>
   <trkpt lon="-9.132337" lat="39.239926"><ele>40.0</ele></trkpt>
   <trkpt lon="-9.132363" lat="39.240044"><ele>40.0</ele></trkpt>
   <trkpt lon="-9.132373" lat="39.240180"><ele>40.0</ele></trkpt>
   <trkpt lon="-9.132310" lat="39.241175"><ele>40.5</ele></trkpt>
   <trkpt lon="-9.132313" lat="39.241274"><ele>40.5</ele></trkpt>
   <trkpt lon="-9.132328" lat="39.241371"><ele>40.75</ele></trkpt>
   <trkpt lon="-9.132358" lat="39.241462"><ele>40.25</ele></trkpt>
   <trkpt lon="-9.132487" lat="39.241638"><ele>39.25</ele></trkpt>
   <trkpt lon="-9.132861" lat="39.242062"><ele>35.75</ele></trkpt>
   <trkpt lon="-9.133405" lat="39.242654"><ele>37.0</ele></trkpt>
   <trkpt lon="-9.133502" lat="39.242749"><ele>37.75</ele></trkpt>
   <trkpt lon="-9.133592" lat="39.242825"><ele>38.25</ele></trkpt>
   <trkpt lon="-9.133676" lat="39.242885"><ele>38.75</ele></trkpt>
   <trkpt lon="-9.133759" lat="39.242933"><ele>39.25</ele></trkpt>
   <trkpt lon="-9.134797" lat="39.243478"><ele>41.0</ele></trkpt>
   <trkpt lon="-9.134944" lat="39.243568"><ele>40.75</ele></trkpt>
   <trkpt lon="-9.134999" lat="39.243638"><ele>41.0</ele></trkpt>
   <trkpt lon="-9.135041" lat="39.243714"><ele>42.0</ele></trkpt>
   <trkpt lon="-9.135068" lat="39.243785"><ele>42.5</ele></trkpt>
   <trkpt lon="-9.135070" lat="39.243871"><ele>43.0</ele></trkpt>
   <trkpt lon="-9.135062" lat="39.243945"><ele>43.25</ele></trkpt>
   <trkpt lon="-9.134932" lat="39.244289"><ele>44.25</ele></trkpt>
   <trkpt lon="-9.134612" lat="39.245087"><ele>47.25</ele></trkpt>
   <trkpt lon="-9.134593" lat="39.245167"><ele>47.0</ele></trkpt>
   <trkpt lon="-9.134588" lat="39.245252"><ele>47.0</ele></trkpt>
   <trkpt lon="-9.134602" lat="39.245345"><ele>47.25</ele></trkpt>
   <trkpt lon="-9.134634" lat="39.245446"><ele>47.75</ele></trkpt>
   <trkpt lon="-9.135029" lat="39.246192"><ele>48.75</ele></trkpt>
   <trkpt lon="-9.135102" lat="39.246307"><ele>48.75</ele></trkpt>
   <trkpt lon="-9.135203" lat="39.246440"><ele>48.5</ele></trkpt>
   <trkpt lon="-9.135314" lat="39.246561"><ele>48.25</ele></trkpt>
   <trkpt lon="-9.135709" lat="39.246940"><ele>45.5</ele></trkpt>
   <trkpt lon="-9.135937" lat="39.247177"><ele>45.0</ele></trkpt>
   <trkpt lon="-9.136294" lat="39.247519"><ele>44.25</ele></trkpt>
   <trkpt lon="-9.137211" lat="39.248405"><ele>44.0</ele></trkpt>
   <trkpt lon="-9.138345" lat="39.249508"><ele>44.0</ele></trkpt>
   <trkpt lon="-9.138412" lat="39.249557"><ele>43.0</ele></trkpt>
   <trkpt lon="-9.138501" lat="39.249606"><ele>41.75</ele></trkpt>
   <trkpt lon="-9.138602" lat="39.249650"><ele>40.5</ele></trkpt>
   <trkpt lon="-9.138723" lat="39.249688"><ele>38.5</ele></trkpt>
   <trkpt lon="-9.138822" lat="39.249711"><ele>36.75</ele></trkpt>
   <trkpt lon="-9.138948" lat="39.249722"><ele>35.75</ele></trkpt>
   <trkpt lon="-9.139060" lat="39.249724"><ele>35.25</ele></trkpt>
   <trkpt lon="-9.139267" lat="39.249709"><ele>35.0</ele></trkpt>
   <trkpt lon="-9.139896" lat="39.249619"><ele>34.75</ele></trkpt>
   <trkpt lon="-9.140154" lat="39.249600"><ele>35.0</ele></trkpt>
   <trkpt lon="-9.140277" lat="39.249604"><ele>35.25</ele></trkpt>
   <trkpt lon="-9.140418" lat="39.249626"><ele>35.5</ele></trkpt>
   <trkpt lon="-9.140536" lat="39.249664"><ele>35.75</ele></trkpt>
   <trkpt lon="-9.140669" lat="39.249720"><ele>36.75</ele></trkpt>
   <trkpt lon="-9.140738" lat="39.249763"><ele>37.5</ele></trkpt>
   <trkpt lon="-9.140810" lat="39.249828"><ele>38.75</ele></trkpt>
   <trkpt lon="-9.140897" lat="39.249931"><ele>40.5</ele></trkpt>
   <trkpt lon="-9.140982" lat="39.250055"><ele>42.0</ele></trkpt>
   <trkpt lon="-9.141053" lat="39.250186"><ele>42.5</ele></trkpt>
   <trkpt lon="-9.141099" lat="39.250302"><ele>42.75</ele></trkpt>
   <trkpt lon="-9.141129" lat="39.250432"><ele>42.5</ele></trkpt>
   <trkpt lon="-9.141152" lat="39.250559"><ele>42.25</ele><sym>pass_place</sym><type>Shaping</type></trkpt>
   <trkpt lon="-9.141152" lat="39.250560"><ele>42.25</ele></trkpt>
   <trkpt lon="-9.141223" lat="39.251220"><ele>44.25</ele></trkpt>
   <trkpt lon="-9.141276" lat="39.251531"><ele>43.75</ele></trkpt>
   <trkpt lon="-9.141308" lat="39.251661"><ele>42.75</ele></trkpt>
   <trkpt lon="-9.141349" lat="39.251756"><ele>41.0</ele></trkpt>
   <trkpt lon="-9.141421" lat="39.251853"><ele>40.25</ele></trkpt>
   <trkpt lon="-9.141494" lat="39.251927"><ele>40.75</ele></trkpt>
   <trkpt lon="-9.141652" lat="39.252062"><ele>42.25</ele></trkpt>
   <trkpt lon="-9.142486" lat="39.252608"><ele>43.75</ele></trkpt>
   <trkpt lon="-9.142628" lat="39.252720"><ele>42.5</ele></trkpt>
   <trkpt lon="-9.142756" lat="39.252852"><ele>42.0</ele></trkpt>
   <trkpt lon="-9.143228" lat="39.253468"><ele>42.25</ele></trkpt>
   <trkpt lon="-9.143367" lat="39.253676"><ele>40.25</ele></trkpt>
   <trkpt lon="-9.143416" lat="39.253767"><ele>39.25</ele></trkpt>
   <trkpt lon="-9.143467" lat="39.253889"><ele>37.75</ele></trkpt>
   <trkpt lon="-9.143495" lat="39.253982"><ele>37.5</ele></trkpt>
   <trkpt lon="-9.143610" lat="39.254475"><ele>36.75</ele></trkpt>
   <trkpt lon="-9.143594" lat="39.254578"><ele>36.75</ele><sym>left_slight</sym></trkpt>
   <trkpt lon="-9.143599" lat="39.254634"><ele>36.75</ele></trkpt>
   <trkpt lon="-9.143620" lat="39.254697"><ele>37.0</ele></trkpt>
   <trkpt lon="-9.143657" lat="39.254762"><ele>37.0</ele><sym>left_slight</sym></trkpt>
   <trkpt lon="-9.143706" lat="39.254767"><ele>37.25</ele></trkpt>
   <trkpt lon="-9.143812" lat="39.254792"><ele>37.5</ele></trkpt>
   <trkpt lon="-9.143890" lat="39.254825"><ele>38.0</ele></trkpt>
   <trkpt lon="-9.144123" lat="39.254966"><ele>39.5</ele></trkpt>
   <trkpt lon="-9.144238" lat="39.255047"><ele>39.5</ele></trkpt>
   <trkpt lon="-9.145265" lat="39.255807"><ele>36.0</ele></trkpt>
   <trkpt lon="-9.146196" lat="39.256510"><ele>35.0</ele></trkpt>
   <trkpt lon="-9.146563" lat="39.256830"><ele>33.0</ele></trkpt>
   <trkpt lon="-9.147099" lat="39.257324"><ele>34.5</ele></trkpt>
   <trkpt lon="-9.147448" lat="39.257672"><ele>35.0</ele></trkpt>
   <trkpt lon="-9.148110" lat="39.258415"><ele>34.5</ele></trkpt>
   <trkpt lon="-9.148344" lat="39.258700"><ele>32.75</ele></trkpt>
   <trkpt lon="-9.148652" lat="39.259114"><ele>32.75</ele></trkpt>
   <trkpt lon="-9.148759" lat="39.259256"><ele>33.0</ele></trkpt>
   <trkpt lon="-9.148893" lat="39.259473"><ele>32.75</ele></trkpt>
   <trkpt lon="-9.149101" lat="39.259816"><ele>32.25</ele></trkpt>
   <trkpt lon="-9.149250" lat="39.260077"><ele>31.5</ele></trkpt>
   <trkpt lon="-9.149783" lat="39.261065"><ele>32.25</ele></trkpt>
   <trkpt lon="-9.150283" lat="39.261959"><ele>30.75</ele></trkpt>
   <trkpt lon="-9.150411" lat="39.262167"><ele>29.75</ele></trkpt>
   <trkpt lon="-9.150494" lat="39.262269"><ele>29.25</ele></trkpt>
   <trkpt lon="-9.150589" lat="39.262359"><ele>29.0</ele></trkpt>
   <trkpt lon="-9.150696" lat="39.262446"><ele>29.25</ele></trkpt>
   <trkpt lon="-9.150949" lat="39.262607"><ele>29.5</ele></trkpt>
   <trkpt lon="-9.151084" lat="39.262679"><ele>29.25</ele></trkpt>
   <trkpt lon="-9.151132" lat="39.262700"><ele>29.25</ele><sym>right_slight</sym></trkpt>
   <trkpt lon="-9.151203" lat="39.262768"><ele>29.0</ele></trkpt>
   <trkpt lon="-9.151245" lat="39.262809"><ele>28.75</ele><sym>roundabout_e2</sym></trkpt>
   <trkpt lon="-9.151256" lat="39.262868"><ele>29.0</ele></trkpt>
   <trkpt lon="-9.151298" lat="39.262919"><ele>29.0</ele></trkpt>
   <trkpt lon="-9.151362" lat="39.262951"><ele>29.0</ele></trkpt>
   <trkpt lon="-9.151439" lat="39.262961"><ele>29.0</ele></trkpt>
   <trkpt lon="-9.151488" lat="39.262953"><ele>29.0</ele></trkpt>
   <trkpt lon="-9.151533" lat="39.262936"><ele>29.25</ele></trkpt>
   <trkpt lon="-9.151570" lat="39.262909"><ele>29.25</ele></trkpt>
   <trkpt lon="-9.151596" lat="39.262876"><ele>29.25</ele></trkpt>
   <trkpt lon="-9.151610" lat="39.262839"><ele>29.0</ele></trkpt>
   <trkpt lon="-9.151659" lat="39.262806"><ele>29.0</ele></trkpt>
   <trkpt lon="-9.151742" lat="39.262749"><ele>28.75</ele></trkpt>
   <trkpt lon="-9.151899" lat="39.262702"><ele>28.25</ele></trkpt>
   <trkpt lon="-9.151989" lat="39.262658"><ele>28.25</ele></trkpt>
   <trkpt lon="-9.152969" lat="39.262085"><ele>30.5</ele><sym>u-turn_right</sym></trkpt>
   <trkpt lon="-9.152973" lat="39.262080"><ele>31.75</ele><sym>pass_place</sym><type>Shaping</type></trkpt>
   <trkpt lon="-9.152969" lat="39.262085"><ele>30.5</ele></trkpt>
   <trkpt lon="-9.151989" lat="39.262658"><ele>28.25</ele></trkpt>
   <trkpt lon="-9.151899" lat="39.262702"><ele>28.25</ele></trkpt>
   <trkpt lon="-9.151742" lat="39.262749"><ele>28.75</ele><sym>right_slight</sym></trkpt>
   <trkpt lon="-9.151630" lat="39.262742"><ele>29.0</ele></trkpt>
   <trkpt lon="-9.151579" lat="39.262738"><ele>29.0</ele><sym>roundabout_e4</sym></trkpt>
   <trkpt lon="-9.151550" lat="39.262712"><ele>29.0</ele></trkpt>
   <trkpt lon="-9.151471" lat="39.262680"><ele>29.25</ele></trkpt>
   <trkpt lon="-9.151383" lat="39.262681"><ele>29.25</ele></trkpt>
   <trkpt lon="-9.151335" lat="39.262697"><ele>29.25</ele></trkpt>
   <trkpt lon="-9.151294" lat="39.262722"><ele>29.0</ele></trkpt>
   <trkpt lon="-9.151260" lat="39.262762"><ele>29.0</ele></trkpt>
   <trkpt lon="-9.151245" lat="39.262809"><ele>28.75</ele></trkpt>
   <trkpt lon="-9.151256" lat="39.262868"><ele>29.0</ele></trkpt>
   <trkpt lon="-9.151298" lat="39.262919"><ele>29.0</ele></trkpt>
   <trkpt lon="-9.151362" lat="39.262951"><ele>29.0</ele></trkpt>
   <trkpt lon="-9.151439" lat="39.262961"><ele>29.0</ele></trkpt>
   <trkpt lon="-9.151488" lat="39.262953"><ele>29.0</ele></trkpt>
   <trkpt lon="-9.151533" lat="39.262936"><ele>29.25</ele></trkpt>
   <trkpt lon="-9.151570" lat="39.262909"><ele>29.25</ele></trkpt>
   <trkpt lon="-9.151596" lat="39.262876"><ele>29.25</ele></trkpt>
   <trkpt lon="-9.151610" lat="39.262839"><ele>29.0</ele></trkpt>
   <trkpt lon="-9.151659" lat="39.262806"><ele>29.0</ele></trkpt>
   <trkpt lon="-9.151742" lat="39.262749"><ele>28.75</ele></trkpt>
   <trkpt lon="-9.151899" lat="39.262702"><ele>28.25</ele></trkpt>
   <trkpt lon="-9.151989" lat="39.262658"><ele>28.25</ele></trkpt>
   <trkpt lon="-9.152969" lat="39.262085"><ele>30.5</ele><sym>right_slight</sym></trkpt>
   <trkpt lon="-9.153105" lat="39.262059"><ele>31.0</ele></trkpt>
   <trkpt lon="-9.153158" lat="39.262047"><ele>31.25</ele><sym>roundabout_e2</sym></trkpt>
   <trkpt lon="-9.153213" lat="39.262070"><ele>31.25</ele></trkpt>
   <trkpt lon="-9.153275" lat="39.262078"><ele>31.25</ele></trkpt>
   <trkpt lon="-9.153324" lat="39.262074"><ele>31.5</ele></trkpt>
   <trkpt lon="-9.153370" lat="39.262060"><ele>31.5</ele></trkpt>
   <trkpt lon="-9.153410" lat="39.262038"><ele>31.5</ele></trkpt>
   <trkpt lon="-9.153443" lat="39.262006"><ele>31.75</ele></trkpt>
   <trkpt lon="-9.153465" lat="39.261969"><ele>31.75</ele></trkpt>
   <trkpt lon="-9.153473" lat="39.261929"><ele>32.0</ele></trkpt>
   <trkpt lon="-9.153467" lat="39.261888"><ele>32.0</ele></trkpt>
   <trkpt lon="-9.153519" lat="39.261762"><ele>32.0</ele><sym>right_slight</sym></trkpt>
   <trkpt lon="-9.153814" lat="39.261593"><ele>31.25</ele></trkpt>
   <trkpt lon="-9.154169" lat="39.261402"><ele>29.75</ele></trkpt>
   <trkpt lon="-9.154325" lat="39.261337"><ele>30.0</ele></trkpt>
   <trkpt lon="-9.154478" lat="39.261290"><ele>29.75</ele></trkpt>
   <trkpt lon="-9.154623" lat="39.261259"><ele>29.5</ele></trkpt>
   <trkpt lon="-9.154804" lat="39.261241"><ele>29.5</ele></trkpt>
   <trkpt lon="-9.154954" lat="39.261237"><ele>29.75</ele></trkpt>
   <trkpt lon="-9.155169" lat="39.261259"><ele>30.25</ele></trkpt>
   <trkpt lon="-9.157534" lat="39.261692"><ele>35.5</ele></trkpt>
   <trkpt lon="-9.157965" lat="39.261771"><ele>33.75</ele></trkpt>
   <trkpt lon="-9.158022" lat="39.261781"><ele>33.5</ele></trkpt>
   <trkpt lon="-9.158263" lat="39.261825"><ele>33.25</ele></trkpt>
   <trkpt lon="-9.158317" lat="39.261835"><ele>33.25</ele><sym>roundabout_e1</sym></trkpt>
   <trkpt lon="-9.158310" lat="39.261859"><ele>33.25</ele></trkpt>
   <trkpt lon="-9.158314" lat="39.261907"><ele>33.0</ele></trkpt>
   <trkpt lon="-9.158328" lat="39.261940"><ele>33.0</ele></trkpt>
   <trkpt lon="-9.158351" lat="39.261970"><ele>33.25</ele></trkpt>
   <trkpt lon="-9.158394" lat="39.262005"><ele>33.75</ele></trkpt>
   <trkpt lon="-9.158422" lat="39.262018"><ele>34.0</ele></trkpt>
   <trkpt lon="-9.158381" lat="39.262044"><ele>33.75</ele></trkpt>
   <trkpt lon="-9.158247" lat="39.262111"><ele>34.0</ele></trkpt>
   <trkpt lon="-9.158161" lat="39.262143"><ele>34.25</ele></trkpt>
   <trkpt lon="-9.157960" lat="39.262185"><ele>35.0</ele><sym>left_sharp</sym></trkpt>
   <trkpt lon="-9.157972" lat="39.262232"><ele>35.25</ele></trkpt>
   <trkpt lon="-9.158059" lat="39.262320"><ele>36.25</ele></trkpt>
   <trkpt lon="-9.158527" lat="39.262769"><ele>41.75</ele><sym>left_slight</sym></trkpt>
   <trkpt lon="-9.158611" lat="39.262781"><ele>42.0</ele></trkpt>
   <trkpt lon="-9.158838" lat="39.262799"><ele>43.0</ele></trkpt>
   <trkpt lon="-9.159069" lat="39.262808"><ele>45.0</ele></trkpt>
   <trkpt lon="-9.159227" lat="39.262830"><ele>46.5</ele></trkpt>
   <trkpt lon="-9.159323" lat="39.262856"><ele>47.25</ele></trkpt>
   <trkpt lon="-9.159377" lat="39.262890"><ele>47.75</ele></trkpt>
   <trkpt lon="-9.159507" lat="39.263011"><ele>49.5</ele></trkpt>
   <trkpt lon="-9.159669" lat="39.263235"><ele>51.5</ele></trkpt>
   <trkpt lon="-9.159704" lat="39.263295"><ele>52.25</ele></trkpt>
   <trkpt lon="-9.159724" lat="39.263355"><ele>53.25</ele></trkpt>
   <trkpt lon="-9.159729" lat="39.263415"><ele>53.75</ele></trkpt>
   <trkpt lon="-9.159670" lat="39.263738"><ele>56.0</ele></trkpt>
   <trkpt lon="-9.159542" lat="39.264335"><ele>53.25</ele></trkpt>
   <trkpt lon="-9.159517" lat="39.264502"><ele>52.75</ele></trkpt>
   <trkpt lon="-9.159509" lat="39.264559"><ele>52.5</ele></trkpt>
   <trkpt lon="-9.159353" lat="39.265218"><ele>50.0</ele></trkpt>
   <trkpt lon="-9.159348" lat="39.265279"><ele>49.75</ele></trkpt>
   <trkpt lon="-9.159470" lat="39.265649"><ele>48.75</ele></trkpt>
   <trkpt lon="-9.159522" lat="39.265682"><ele>48.75</ele><sym>right</sym></trkpt>
   <trkpt lon="-9.159484" lat="39.265728"><ele>48.75</ele></trkpt>
   <trkpt lon="-9.159286" lat="39.265964"><ele>48.75</ele></trkpt>
   <trkpt lon="-9.159220" lat="39.266038"><ele>48.75</ele></trkpt>
   <trkpt lon="-9.159136" lat="39.266140"><ele>48.75</ele></trkpt>
   <trkpt lon="-9.159070" lat="39.266220"><ele>48.25</ele></trkpt>
   <trkpt lon="-9.158882" lat="39.266438"><ele>47.75</ele></trkpt>
   <trkpt lon="-9.158796" lat="39.266538"><ele>47.75</ele></trkpt>
   <trkpt lon="-9.158738" lat="39.266605"><ele>47.75</ele></trkpt>
   <trkpt lon="-9.158702" lat="39.266663"><ele>47.5</ele></trkpt>
   <trkpt lon="-9.158684" lat="39.266709"><ele>47.5</ele></trkpt>
   <trkpt lon="-9.158670" lat="39.266776"><ele>47.25</ele></trkpt>
   <trkpt lon="-9.158654" lat="39.266862"><ele>47.0</ele><sym>right</sym></trkpt>
   <trkpt lon="-9.158455" lat="39.266827"><ele>47.5</ele></trkpt>
   <trkpt lon="-9.158336" lat="39.266806"><ele>47.75</ele></trkpt>
   <trkpt lon="-9.158275" lat="39.266795"><ele>48.0</ele><sym>left</sym></trkpt>
   <trkpt lon="-9.158223" lat="39.267045"><ele>48.25</ele><sym>left</sym></trkpt>
   <trkpt lon="-9.158271" lat="39.267048"><ele>48.0</ele><sym>pass_place</sym><type>Via</type></trkpt>
  </trkseg>
 </trk>
</gpx>
