<?xml version="1.0" encoding="UTF-8"?>
<!-- track-length = 39854 filtered ascend = 940 plain-ascend = 0 cost=136239 energy=.3kwh time=3h 16m 45s -->
<gpx 
 xmlns="http://www.topografix.com/GPX/1/1" 
 xmlns:xsi="http://www.w3.org/2001/XMLSchema-instance" 
 xsi:schemaLocation="http://www.topografix.com/GPX/1/1 http://www.topografix.com/GPX/1/1/gpx.xsd" 
 creator="BRouter-1.7.9" version="1.1"><wpt lat="38.76965" lon="-9.4442"><name>Fonte Clara</name><sym>Drinking Water</sym></wpt><wpt lat="38.77142" lon="-9.45494"><name>Fonte das Pedras Irmãs</name><sym>Drinking Water</sym></wpt><wpt lat="38.77005" lon="-9.43652"><name>Chafariz dos Currais</name><sym>Drinking Water</sym></wpt><wpt lat="38.79562" lon="-9.47081"><name>O Moinho Verde</name><sym>Restaurant</sym></wpt><wpt lat="38.7962" lon="-9.4702"><name>Mãeterra - Bistrô Ovo-Lacto-Vegetariano &amp; Vegano</name><sym>Restaurant</sym></wpt><wpt lat="38.75205" lon="-9.44873"><name>Cervejaria Caracol</name><sym>Restaurant</sym></wpt><wpt lat="38.77599" lon="-9.4813"><name>Café Ocidente</name><sym>Restaurant</sym></wpt><wpt lat="38.77633" lon="-9.4812"><name>Drinking water</name><sym>Drinking Water</sym></wpt><wpt lat="38.75322" lon="-9.44901"><name>Café</name><sym>Restaurant</sym></wpt><wpt lat="38.75574" lon="-9.44715"><name>Drinking water</name><sym>Drinking Water</sym></wpt><wpt lat="38.75277" lon="-9.4505"><name>Drinking water</name><sym>Drinking Water</sym></wpt><wpt lat="38.75283" lon="-9.45051"><name>Bike shop</name><sym>Bike Trail</sym></wpt><wpt lat="38.7714" lon="-9.44779"><name>Drinking water</name><sym>Drinking Water</sym></wpt><wpt lat="38.79592" lon="-9.46968"><name>Amigo Amigo</name><sym>Restaurant</sym></wpt>
 <trk>
  <src>brouter_fastbike-lowtraffic_0</src>
  <type>bike</type>
  <trkseg>
   <trkpt lon="-9.459564" lat="38.801876"><ele>81.0</ele><sym>pass_place</sym><type>Via</type></trkpt>
   <trkpt lon="-9.459355" lat="38.801717"><ele>81.6</ele></trkpt>
   <trkpt lon="-9.459249" lat="38.801624"><ele>82.3</ele><sym>right_sharp</sym></trkpt>
   <trkpt lon="-9.459465" lat="38.801635"><ele>83.0</ele></trkpt>
   <trkpt lon="-9.459653" lat="38.801694"><ele>83.8</ele></trkpt>
   <trkpt lon="-9.459829" lat="38.801740"><ele>84.5</ele></trkpt>
   <trkpt lon="-9.460058" lat="38.801738"><ele>85.9</ele></trkpt>
   <trkpt lon="-9.460146" lat="38.801687"><ele>87.2</ele></trkpt>
   <trkpt lon="-9.460217" lat="38.801511"><ele>88.8</ele></trkpt>
   <trkpt lon="-9.460255" lat="38.801309"><ele>90.2</ele></trkpt>
   <trkpt lon="-9.460325" lat="38.801246"><ele>91.7</ele></trkpt>
   <trkpt lon="-9.460470" lat="38.801151"><ele>93.3</ele></trkpt>
   <trkpt lon="-9.460646" lat="38.801057"><ele>94.8</ele></trkpt>
   <trkpt lon="-9.460801" lat="38.800927"><ele>96.5</ele></trkpt>
   <trkpt lon="-9.460984" lat="38.800734"><ele>98.1</ele></trkpt>
   <trkpt lon="-9.461189" lat="38.800585"><ele>99.8</ele></trkpt>
   <trkpt lon="-9.461355" lat="38.800503"><ele>101.4</ele></trkpt>
   <trkpt lon="-9.461649" lat="38.800293"><ele>103.0</ele></trkpt>
   <trkpt lon="-9.461975" lat="38.800023"><ele>104.6</ele></trkpt>
   <trkpt lon="-9.462137" lat="38.799834"><ele>106.3</ele></trkpt>
   <trkpt lon="-9.462423" lat="38.799591"><ele>107.9</ele></trkpt>
   <trkpt lon="-9.462532" lat="38.799544"><ele>109.7</ele></trkpt>
   <trkpt lon="-9.462670" lat="38.799532"><ele>111.6</ele></trkpt>
   <trkpt lon="-9.462820" lat="38.799563"><ele>113.5</ele></trkpt>
   <trkpt lon="-9.463103" lat="38.799598"><ele>115.3</ele></trkpt>
   <trkpt lon="-9.463242" lat="38.799582"><ele>117.0</ele></trkpt>
   <trkpt lon="-9.463618" lat="38.799433"><ele>118.5</ele></trkpt>
   <trkpt lon="-9.463922" lat="38.799262"><ele>120.0</ele></trkpt>
   <trkpt lon="-9.464106" lat="38.799181"><ele>121.2</ele></trkpt>
   <trkpt lon="-9.464294" lat="38.799149"><ele>122.4</ele></trkpt>
   <trkpt lon="-9.464440" lat="38.799158"><ele>123.2</ele></trkpt>
   <trkpt lon="-9.465379" lat="38.799070"><ele>124.0</ele></trkpt>
   <trkpt lon="-9.465607" lat="38.798972"><ele>124.3</ele><sym>left_slight</sym></trkpt>
   <trkpt lon="-9.465557" lat="38.798912"><ele>124.4</ele></trkpt>
   <trkpt lon="-9.465532" lat="38.798866"><ele>124.4</ele></trkpt>
   <trkpt lon="-9.465512" lat="38.798805"><ele>124.2</ele></trkpt>
   <trkpt lon="-9.465509" lat="38.798744"><ele>123.9</ele></trkpt>
   <trkpt lon="-9.465541" lat="38.798607"><ele>123.5</ele></trkpt>
   <trkpt lon="-9.465585" lat="38.798462"><ele>123.2</ele></trkpt>
   <trkpt lon="-9.465609" lat="38.798381"><ele>123.0</ele></trkpt>
   <trkpt lon="-9.465643" lat="38.798278"><ele>123.0</ele></trkpt>
   <trkpt lon="-9.465696" lat="38.798157"><ele>123.1</ele><sym>right_slight</sym></trkpt>
   <trkpt lon="-9.465776" lat="38.798099"><ele>123.4</ele></trkpt>
   <trkpt lon="-9.465923" lat="38.798040"><ele>124.0</ele></trkpt>
   <trkpt lon="-9.466013" lat="38.798025"><ele>124.7</ele></trkpt>
   <trkpt lon="-9.466144" lat="38.797981"><ele>125.5</ele></trkpt>
   <trkpt lon="-9.466244" lat="38.797936"><ele>126.4</ele></trkpt>
   <trkpt lon="-9.466358" lat="38.797867"><ele>127.3</ele></trkpt>
   <trkpt lon="-9.466566" lat="38.797649"><ele>128.3</ele></trkpt>
   <trkpt lon="-9.466875" lat="38.797344"><ele>129.4</ele></trkpt>
   <trkpt lon="-9.466967" lat="38.797233"><ele>131.1</ele><sym>left</sym></trkpt>
   <trkpt lon="-9.466794" lat="38.797111"><ele>133.4</ele></trkpt>
   <trkpt lon="-9.466758" lat="38.797076"><ele>134.5</ele></trkpt>
   <trkpt lon="-9.466740" lat="38.797038"><ele>135.5</ele></trkpt>
   <trkpt lon="-9.466614" lat="38.796563"><ele>138.5</ele></trkpt>
   <trkpt lon="-9.466499" lat="38.796006"><ele>141.3</ele></trkpt>
   <trkpt lon="-9.466213" lat="38.795454"><ele>144.1</ele></trkpt>
   <trkpt lon="-9.466015" lat="38.795391"><ele>147.0</ele></trkpt>
   <trkpt lon="-9.465829" lat="38.794854"><ele>150.3</ele><sym>left_slight</sym></trkpt>
   <trkpt lon="-9.465660" lat="38.794756"><ele>153.8</ele></trkpt>
   <trkpt lon="-9.465414" lat="38.794554"><ele>157.2</ele></trkpt>
   <trkpt lon="-9.465264" lat="38.794392"><ele>160.2</ele></trkpt>
   <trkpt lon="-9.465127" lat="38.794187"><ele>162.7</ele></trkpt>
   <trkpt lon="-9.464972" lat="38.793850"><ele>165.2</ele></trkpt>
   <trkpt lon="-9.464832" lat="38.793554"><ele>166.6</ele></trkpt>
   <trkpt lon="-9.464798" lat="38.793480"><ele>168.1</ele></trkpt>
   <trkpt lon="-9.464731" lat="38.793267"><ele>169.6</ele></trkpt>
   <trkpt lon="-9.464697" lat="38.793090"><ele>171.2</ele></trkpt>
   <trkpt lon="-9.464646" lat="38.792724"><ele>172.8</ele></trkpt>
   <trkpt lon="-9.464613" lat="38.792608"><ele>174.3</ele></trkpt>
   <trkpt lon="-9.464567" lat="38.792506"><ele>175.6</ele></trkpt>
   <trkpt lon="-9.464480" lat="38.792408"><ele>176.8</ele></trkpt>
   <trkpt lon="-9.464372" lat="38.792284"><ele>178.0</ele></trkpt>
   <trkpt lon="-9.464179" lat="38.792063"><ele>179.1</ele></trkpt>
   <trkpt lon="-9.464076" lat="38.791925"><ele>180.1</ele></trkpt>
   <trkpt lon="-9.464058" lat="38.791890"><ele>181.0</ele></trkpt>
   <trkpt lon="-9.464043" lat="38.791811"><ele>182.1</ele></trkpt>
   <trkpt lon="-9.464043" lat="38.791630"><ele>183.1</ele></trkpt>
   <trkpt lon="-9.464037" lat="38.791599"><ele>183.9</ele></trkpt>
   <trkpt lon="-9.464010" lat="38.791540"><ele>184.6</ele></trkpt>
   <trkpt lon="-9.463934" lat="38.791459"><ele>185.1</ele></trkpt>
   <trkpt lon="-9.463893" lat="38.791432"><ele>185.6</ele></trkpt>
   <trkpt lon="-9.463821" lat="38.791401"><ele>186.0</ele></trkpt>
   <trkpt lon="-9.463633" lat="38.791359"><ele>186.3</ele></trkpt>
   <trkpt lon="-9.463492" lat="38.791349"><ele>186.6</ele></trkpt>
   <trkpt lon="-9.463322" lat="38.791358"><ele>187.0</ele></trkpt>
   <trkpt lon="-9.463169" lat="38.791380"><ele>187.2</ele></trkpt>
   <trkpt lon="-9.462959" lat="38.791407"><ele>187.6</ele></trkpt>
   <trkpt lon="-9.462855" lat="38.791399"><ele>188.1</ele></trkpt>
   <trkpt lon="-9.462766" lat="38.791371"><ele>188.6</ele></trkpt>
   <trkpt lon="-9.462723" lat="38.791349"><ele>189.1</ele><sym>pass_place</sym><type>Shaping</type></trkpt>
   <trkpt lon="-9.462679" lat="38.791319"><ele>190.1</ele></trkpt>
   <trkpt lon="-9.462589" lat="38.791239"><ele>191.2</ele></trkpt>
   <trkpt lon="-9.462429" lat="38.791060"><ele>192.4</ele></trkpt>
   <trkpt lon="-9.462318" lat="38.790954"><ele>193.9</ele></trkpt>
   <trkpt lon="-9.462273" lat="38.790922"><ele>195.0</ele></trkpt>
   <trkpt lon="-9.461935" lat="38.790740"><ele>196.6</ele></trkpt>
   <trkpt lon="-9.461717" lat="38.790603"><ele>198.2</ele></trkpt>
   <trkpt lon="-9.461592" lat="38.790543"><ele>199.7</ele></trkpt>
   <trkpt lon="-9.461095" lat="38.790391"><ele>201.1</ele></trkpt>
   <trkpt lon="-9.460988" lat="38.790379"><ele>202.5</ele></trkpt>
   <trkpt lon="-9.460935" lat="38.790383"><ele>203.5</ele></trkpt>
   <trkpt lon="-9.460869" lat="38.790397"><ele>204.6</ele></trkpt>
   <trkpt lon="-9.460768" lat="38.790444"><ele>205.5</ele></trkpt>
   <trkpt lon="-9.460712" lat="38.790487"><ele>206.3</ele></trkpt>
   <trkpt lon="-9.460391" lat="38.790788"><ele>206.8</ele></trkpt>
   <trkpt lon="-9.460347" lat="38.790818"><ele>207.3</ele></trkpt>
   <trkpt lon="-9.460304" lat="38.790837"><ele>207.8</ele></trkpt>
   <trkpt lon="-9.460239" lat="38.790856"><ele>208.3</ele></trkpt>
   <trkpt lon="-9.460181" lat="38.790860"><ele>208.8</ele></trkpt>
   <trkpt lon="-9.460122" lat="38.790855"><ele>209.4</ele></trkpt>
   <trkpt lon="-9.460072" lat="38.790842"><ele>210.0</ele></trkpt>
   <trkpt lon="-9.460023" lat="38.790819"><ele>210.5</ele></trkpt>
   <trkpt lon="-9.459975" lat="38.790783"><ele>211.2</ele></trkpt>
   <trkpt lon="-9.459952" lat="38.790743"><ele>212.0</ele></trkpt>
   <trkpt lon="-9.459946" lat="38.790704"><ele>212.9</ele></trkpt>
   <trkpt lon="-9.459950" lat="38.790588"><ele>214.2</ele></trkpt>
   <trkpt lon="-9.459972" lat="38.790538"><ele>215.5</ele></trkpt>
   <trkpt lon="-9.460253" lat="38.790232"><ele>217.2</ele></trkpt>
   <trkpt lon="-9.460490" lat="38.790012"><ele>218.8</ele></trkpt>
   <trkpt lon="-9.460547" lat="38.789930"><ele>220.3</ele></trkpt>
   <trkpt lon="-9.460797" lat="38.789423"><ele>221.8</ele></trkpt>
   <trkpt lon="-9.460849" lat="38.789052"><ele>223.2</ele></trkpt>
   <trkpt lon="-9.460876" lat="38.788981"><ele>224.5</ele></trkpt>
   <trkpt lon="-9.460901" lat="38.788945"><ele>225.5</ele></trkpt>
   <trkpt lon="-9.461102" lat="38.788726"><ele>227.1</ele></trkpt>
   <trkpt lon="-9.461130" lat="38.788683"><ele>228.2</ele></trkpt>
   <trkpt lon="-9.461150" lat="38.788637"><ele>229.2</ele></trkpt>
   <trkpt lon="-9.461161" lat="38.788561"><ele>229.6</ele></trkpt>
   <trkpt lon="-9.461160" lat="38.788481"><ele>230.2</ele></trkpt>
   <trkpt lon="-9.461070" lat="38.788198"><ele>230.9</ele></trkpt>
   <trkpt lon="-9.461077" lat="38.788012"><ele>231.7</ele></trkpt>
   <trkpt lon="-9.461303" lat="38.787419"><ele>232.5</ele></trkpt>
   <trkpt lon="-9.461358" lat="38.787158"><ele>233.2</ele></trkpt>
   <trkpt lon="-9.461384" lat="38.786536"><ele>234.1</ele></trkpt>
   <trkpt lon="-9.461405" lat="38.786432"><ele>234.8</ele></trkpt>
   <trkpt lon="-9.461448" lat="38.786330"><ele>235.2</ele></trkpt>
   <trkpt lon="-9.461550" lat="38.786243"><ele>235.5</ele></trkpt>
   <trkpt lon="-9.461681" lat="38.786173"><ele>235.7</ele></trkpt>
   <trkpt lon="-9.461816" lat="38.786119"><ele>236.0</ele></trkpt>
   <trkpt lon="-9.461967" lat="38.786104"><ele>236.0</ele></trkpt>
   <trkpt lon="-9.462099" lat="38.786128"><ele>235.9</ele></trkpt>
   <trkpt lon="-9.462192" lat="38.786171"><ele>236.3</ele></trkpt>
   <trkpt lon="-9.462368" lat="38.786341"><ele>236.8</ele></trkpt>
   <trkpt lon="-9.462467" lat="38.786397"><ele>237.4</ele></trkpt>
   <trkpt lon="-9.462609" lat="38.786422"><ele>237.6</ele></trkpt>
   <trkpt lon="-9.462750" lat="38.786409"><ele>237.9</ele></trkpt>
   <trkpt lon="-9.463130" lat="38.786183"><ele>238.0</ele></trkpt>
   <trkpt lon="-9.463337" lat="38.786137"><ele>238.2</ele></trkpt>
   <trkpt lon="-9.463759" lat="38.786114"><ele>238.6</ele></trkpt>
   <trkpt lon="-9.464086" lat="38.786118"><ele>239.1</ele></trkpt>
   <trkpt lon="-9.464300" lat="38.786173"><ele>240.0</ele></trkpt>
   <trkpt lon="-9.464672" lat="38.786335"><ele>240.5</ele></trkpt>
   <trkpt lon="-9.464831" lat="38.786426"><ele>240.4</ele></trkpt>
   <trkpt lon="-9.464960" lat="38.786459"><ele>240.2</ele></trkpt>
   <trkpt lon="-9.465115" lat="38.786455"><ele>239.9</ele></trkpt>
   <trkpt lon="-9.465245" lat="38.786398"><ele>239.9</ele></trkpt>
   <trkpt lon="-9.465915" lat="38.785914"><ele>239.9</ele></trkpt>
   <trkpt lon="-9.466001" lat="38.785824"><ele>239.9</ele></trkpt>
   <trkpt lon="-9.466038" lat="38.785744"><ele>239.8</ele></trkpt>
   <trkpt lon="-9.466120" lat="38.785456"><ele>240.0</ele></trkpt>
   <trkpt lon="-9.466140" lat="38.785406"><ele>240.4</ele></trkpt>
   <trkpt lon="-9.466188" lat="38.785332"><ele>240.5</ele></trkpt>
   <trkpt lon="-9.466295" lat="38.785263"><ele>240.9</ele></trkpt>
   <trkpt lon="-9.466403" lat="38.785217"><ele>241.2</ele></trkpt>
   <trkpt lon="-9.467268" lat="38.784867"><ele>241.2</ele></trkpt>
   <trkpt lon="-9.467720" lat="38.784701"><ele>241.1</ele></trkpt>
   <trkpt lon="-9.467960" lat="38.784587"><ele>240.8</ele></trkpt>
   <trkpt lon="-9.468051" lat="38.784529"><ele>240.3</ele></trkpt>
   <trkpt lon="-9.468189" lat="38.784424"><ele>239.9</ele></trkpt>
   <trkpt lon="-9.468584" lat="38.784062"><ele>239.5</ele></trkpt>
   <trkpt lon="-9.468705" lat="38.783971"><ele>239.0</ele></trkpt>
   <trkpt lon="-9.468850" lat="38.783884"><ele>238.4</ele></trkpt>
   <trkpt lon="-9.469336" lat="38.783627"><ele>237.9</ele></trkpt>
   <trkpt lon="-9.469427" lat="38.783569"><ele>237.5</ele></trkpt>
   <trkpt lon="-9.469558" lat="38.783464"><ele>237.2</ele></trkpt>
   <trkpt lon="-9.469701" lat="38.783319"><ele>237.2</ele></trkpt>
   <trkpt lon="-9.469828" lat="38.783157"><ele>237.3</ele></trkpt>
   <trkpt lon="-9.469869" lat="38.783091"><ele>237.6</ele></trkpt>
   <trkpt lon="-9.469937" lat="38.782951"><ele>238.1</ele></trkpt>
   <trkpt lon="-9.470055" lat="38.782674"><ele>238.5</ele></trkpt>
   <trkpt lon="-9.470058" lat="38.782668"><ele>238.7</ele><sym>pass_place</sym><type>Shaping</type></trkpt>
   <trkpt lon="-9.470153" lat="38.782447"><ele>239.0</ele></trkpt>
   <trkpt lon="-9.470196" lat="38.782364"><ele>239.1</ele></trkpt>
   <trkpt lon="-9.470240" lat="38.782314"><ele>239.0</ele></trkpt>
   <trkpt lon="-9.470291" lat="38.782269"><ele>238.8</ele></trkpt>
   <trkpt lon="-9.470361" lat="38.782231"><ele>238.8</ele></trkpt>
   <trkpt lon="-9.470422" lat="38.782210"><ele>238.7</ele></trkpt>
   <trkpt lon="-9.470499" lat="38.782193"><ele>238.6</ele></trkpt>
   <trkpt lon="-9.470566" lat="38.782195"><ele>238.8</ele></trkpt>
   <trkpt lon="-9.470638" lat="38.782205"><ele>238.8</ele></trkpt>
   <trkpt lon="-9.470719" lat="38.782230"><ele>238.9</ele></trkpt>
   <trkpt lon="-9.470839" lat="38.782310"><ele>238.9</ele></trkpt>
   <trkpt lon="-9.471593" lat="38.783025"><ele>239.0</ele></trkpt>
   <trkpt lon="-9.471962" lat="38.783263"><ele>239.0</ele></trkpt>
   <trkpt lon="-9.472270" lat="38.783390"><ele>239.0</ele></trkpt>
   <trkpt lon="-9.472693" lat="38.783533"><ele>239.1</ele></trkpt>
   <trkpt lon="-9.472835" lat="38.783553"><ele>239.4</ele></trkpt>
   <trkpt lon="-9.473090" lat="38.783530"><ele>239.6</ele></trkpt>
   <trkpt lon="-9.473198" lat="38.783488"><ele>240.0</ele></trkpt>
   <trkpt lon="-9.473415" lat="38.783358"><ele>240.2</ele></trkpt>
   <trkpt lon="-9.473507" lat="38.783273"><ele>240.8</ele></trkpt>
   <trkpt lon="-9.473632" lat="38.783082"><ele>241.5</ele></trkpt>
   <trkpt lon="-9.473675" lat="38.782982"><ele>242.2</ele></trkpt>
   <trkpt lon="-9.473695" lat="38.782775"><ele>242.9</ele></trkpt>
   <trkpt lon="-9.473572" lat="38.782303"><ele>243.6</ele></trkpt>
   <trkpt lon="-9.473404" lat="38.781943"><ele>244.2</ele></trkpt>
   <trkpt lon="-9.473336" lat="38.781795"><ele>244.7</ele></trkpt>
   <trkpt lon="-9.473330" lat="38.781742"><ele>245.2</ele></trkpt>
   <trkpt lon="-9.473335" lat="38.781677"><ele>245.7</ele></trkpt>
   <trkpt lon="-9.473351" lat="38.781615"><ele>246.1</ele></trkpt>
   <trkpt lon="-9.473408" lat="38.781447"><ele>246.5</ele></trkpt>
   <trkpt lon="-9.473504" lat="38.781214"><ele>246.6</ele></trkpt>
   <trkpt lon="-9.473545" lat="38.781155"><ele>246.6</ele></trkpt>
   <trkpt lon="-9.473604" lat="38.781090"><ele>247.0</ele></trkpt>
   <trkpt lon="-9.473678" lat="38.781025"><ele>247.1</ele></trkpt>
   <trkpt lon="-9.473804" lat="38.780942"><ele>246.8</ele></trkpt>
   <trkpt lon="-9.474444" lat="38.780563"><ele>245.9</ele></trkpt>
   <trkpt lon="-9.474645" lat="38.780439"><ele>245.0</ele></trkpt>
   <trkpt lon="-9.475203" lat="38.779989"><ele>243.8</ele><sym>right_slight</sym></trkpt>
   <trkpt lon="-9.475452" lat="38.779974"><ele>242.6</ele></trkpt>
   <trkpt lon="-9.475868" lat="38.779876"><ele>241.4</ele><sym>stay_right</sym></trkpt>
   <trkpt lon="-9.476462" lat="38.779680"><ele>240.1</ele></trkpt>
   <trkpt lon="-9.476543" lat="38.779673"><ele>238.9</ele></trkpt>
   <trkpt lon="-9.476826" lat="38.779698"><ele>237.8</ele><sym>left</sym></trkpt>
   <trkpt lon="-9.476891" lat="38.779583"><ele>236.2</ele></trkpt>
   <trkpt lon="-9.476938" lat="38.779469"><ele>234.8</ele></trkpt>
   <trkpt lon="-9.477019" lat="38.779218"><ele>233.7</ele></trkpt>
   <trkpt lon="-9.477093" lat="38.778922"><ele>233.1</ele></trkpt>
   <trkpt lon="-9.477210" lat="38.778503"><ele>232.6</ele></trkpt>
   <trkpt lon="-9.477232" lat="38.778354"><ele>232.4</ele></trkpt>
   <trkpt lon="-9.477240" lat="38.778233"><ele>232.3</ele></trkpt>
   <trkpt lon="-9.477225" lat="38.778107"><ele>232.3</ele></trkpt>
   <trkpt lon="-9.477198" lat="38.777979"><ele>232.3</ele></trkpt>
   <trkpt lon="-9.476991" lat="38.777489"><ele>232.1</ele></trkpt>
   <trkpt lon="-9.476968" lat="38.777411"><ele>231.7</ele></trkpt>
   <trkpt lon="-9.476957" lat="38.777341"><ele>231.4</ele></trkpt>
   <trkpt lon="-9.476951" lat="38.777232"><ele>231.2</ele></trkpt>
   <trkpt lon="-9.476959" lat="38.777121"><ele>231.1</ele></trkpt>
   <trkpt lon="-9.476981" lat="38.776981"><ele>231.0</ele></trkpt>
   <trkpt lon="-9.477026" lat="38.776824"><ele>230.7</ele></trkpt>
   <trkpt lon="-9.477059" lat="38.776759"><ele>230.2</ele></trkpt>
   <trkpt lon="-9.477097" lat="38.776712"><ele>229.3</ele></trkpt>
   <trkpt lon="-9.477140" lat="38.776679"><ele>228.2</ele></trkpt>
   <trkpt lon="-9.477194" lat="38.776657"><ele>227.1</ele></trkpt>
   <trkpt lon="-9.477313" lat="38.776643"><ele>226.1</ele></trkpt>
   <trkpt lon="-9.477403" lat="38.776653"><ele>225.2</ele></trkpt>
   <trkpt lon="-9.477815" lat="38.776727"><ele>224.3</ele></trkpt>
   <trkpt lon="-9.477877" lat="38.776731"><ele>223.4</ele></trkpt>
   <trkpt lon="-9.477949" lat="38.776725"><ele>222.5</ele></trkpt>
   <trkpt lon="-9.478090" lat="38.776692"><ele>221.8</ele></trkpt>
   <trkpt lon="-9.478153" lat="38.776665"><ele>221.2</ele></trkpt>
   <trkpt lon="-9.478210" lat="38.776629"><ele>220.7</ele></trkpt>
   <trkpt lon="-9.478303" lat="38.776545"><ele>220.5</ele></trkpt>
   <trkpt lon="-9.478352" lat="38.776477"><ele>220.3</ele></trkpt>
   <trkpt lon="-9.478392" lat="38.776397"><ele>220.1</ele></trkpt>
   <trkpt lon="-9.478422" lat="38.776315"><ele>219.9</ele></trkpt>
   <trkpt lon="-9.478459" lat="38.776255"><ele>219.6</ele></trkpt>
   <trkpt lon="-9.478507" lat="38.776218"><ele>219.3</ele></trkpt>
   <trkpt lon="-9.478554" lat="38.776199"><ele>219.0</ele></trkpt>
   <trkpt lon="-9.478616" lat="38.776187"><ele>218.7</ele></trkpt>
   <trkpt lon="-9.478719" lat="38.776180"><ele>218.5</ele></trkpt>
   <trkpt lon="-9.479064" lat="38.776177"><ele>218.3</ele></trkpt>
   <trkpt lon="-9.479239" lat="38.776187"><ele>218.1</ele></trkpt>
   <trkpt lon="-9.479466" lat="38.776200"><ele>217.9</ele></trkpt>
   <trkpt lon="-9.479618" lat="38.776180"><ele>217.8</ele></trkpt>
   <trkpt lon="-9.479767" lat="38.776171"><ele>217.6</ele></trkpt>
   <trkpt lon="-9.480005" lat="38.776264"><ele>217.5</ele></trkpt>
   <trkpt lon="-9.480154" lat="38.776280"><ele>217.4</ele></trkpt>
   <trkpt lon="-9.480289" lat="38.776274"><ele>217.3</ele></trkpt>
   <trkpt lon="-9.480401" lat="38.776281"><ele>217.1</ele></trkpt>
   <trkpt lon="-9.480610" lat="38.776325"><ele>216.9</ele></trkpt>
   <trkpt lon="-9.480814" lat="38.776342"><ele>216.6</ele></trkpt>
   <trkpt lon="-9.480912" lat="38.776334"><ele>216.2</ele></trkpt>
   <trkpt lon="-9.480985" lat="38.776318"><ele>215.8</ele></trkpt>
   <trkpt lon="-9.481076" lat="38.776282"><ele>215.3</ele></trkpt>
   <trkpt lon="-9.481198" lat="38.776213"><ele>214.7</ele></trkpt>
   <trkpt lon="-9.481245" lat="38.776187"><ele>214.1</ele><sym>right</sym></trkpt>
   <trkpt lon="-9.481381" lat="38.776377"><ele>213.2</ele></trkpt>
   <trkpt lon="-9.481414" lat="38.776434"><ele>212.2</ele></trkpt>
   <trkpt lon="-9.481546" lat="38.776608"><ele>211.2</ele></trkpt>
   <trkpt lon="-9.481739" lat="38.776800"><ele>210.2</ele><sym>pass_place</sym><type>Shaping</type></trkpt>
   <trkpt lon="-9.481742" lat="38.776804"><ele>210.1</ele></trkpt>
   <trkpt lon="-9.482061" lat="38.777098"><ele>208.7</ele></trkpt>
   <trkpt lon="-9.482127" lat="38.777191"><ele>207.3</ele></trkpt>
   <trkpt lon="-9.482198" lat="38.777348"><ele>205.9</ele></trkpt>
   <trkpt lon="-9.482261" lat="38.777506"><ele>204.6</ele></trkpt>
   <trkpt lon="-9.482407" lat="38.777851"><ele>203.4</ele></trkpt>
   <trkpt lon="-9.482458" lat="38.777948"><ele>202.2</ele></trkpt>
   <trkpt lon="-9.482687" lat="38.778188"><ele>201.4</ele></trkpt>
   <trkpt lon="-9.482735" lat="38.778269"><ele>200.4</ele></trkpt>
   <trkpt lon="-9.482755" lat="38.778334"><ele>199.4</ele></trkpt>
   <trkpt lon="-9.482754" lat="38.778404"><ele>198.3</ele></trkpt>
   <trkpt lon="-9.482742" lat="38.778480"><ele>197.3</ele></trkpt>
   <trkpt lon="-9.482723" lat="38.778537"><ele>196.2</ele></trkpt>
   <trkpt lon="-9.482629" lat="38.778676"><ele>195.3</ele></trkpt>
   <trkpt lon="-9.482537" lat="38.778805"><ele>193.9</ele></trkpt>
   <trkpt lon="-9.482368" lat="38.779038"><ele>192.5</ele></trkpt>
   <trkpt lon="-9.482306" lat="38.779148"><ele>191.1</ele></trkpt>
   <trkpt lon="-9.482271" lat="38.779239"><ele>189.5</ele></trkpt>
   <trkpt lon="-9.482246" lat="38.779319"><ele>187.7</ele></trkpt>
   <trkpt lon="-9.482168" lat="38.779778"><ele>186.0</ele></trkpt>
   <trkpt lon="-9.482168" lat="38.779890"><ele>184.3</ele></trkpt>
   <trkpt lon="-9.482201" lat="38.780007"><ele>182.7</ele></trkpt>
   <trkpt lon="-9.482279" lat="38.780174"><ele>181.0</ele></trkpt>
   <trkpt lon="-9.482332" lat="38.780259"><ele>179.5</ele></trkpt>
   <trkpt lon="-9.482403" lat="38.780351"><ele>177.9</ele></trkpt>
   <trkpt lon="-9.482575" lat="38.780493"><ele>176.6</ele></trkpt>
   <trkpt lon="-9.482690" lat="38.780571"><ele>175.2</ele></trkpt>
   <trkpt lon="-9.482817" lat="38.780633"><ele>173.8</ele></trkpt>
   <trkpt lon="-9.482887" lat="38.780652"><ele>172.7</ele></trkpt>
   <trkpt lon="-9.482961" lat="38.780664"><ele>171.6</ele></trkpt>
   <trkpt lon="-9.483440" lat="38.780674"><ele>170.5</ele></trkpt>
   <trkpt lon="-9.483578" lat="38.780651"><ele>169.5</ele></trkpt>
   <trkpt lon="-9.483635" lat="38.780628"><ele>168.5</ele></trkpt>
   <trkpt lon="-9.483815" lat="38.780536"><ele>167.5</ele></trkpt>
   <trkpt lon="-9.483883" lat="38.780511"><ele>166.4</ele></trkpt>
   <trkpt lon="-9.483946" lat="38.780501"><ele>165.3</ele></trkpt>
   <trkpt lon="-9.484000" lat="38.780504"><ele>164.4</ele></trkpt>
   <trkpt lon="-9.484056" lat="38.780517"><ele>163.5</ele></trkpt>
   <trkpt lon="-9.484139" lat="38.780571"><ele>162.5</ele></trkpt>
   <trkpt lon="-9.484176" lat="38.780623"><ele>161.7</ele></trkpt>
   <trkpt lon="-9.484215" lat="38.780695"><ele>160.7</ele></trkpt>
   <trkpt lon="-9.484243" lat="38.780773"><ele>159.7</ele></trkpt>
   <trkpt lon="-9.484270" lat="38.780881"><ele>158.7</ele></trkpt>
   <trkpt lon="-9.484286" lat="38.781000"><ele>157.8</ele></trkpt>
   <trkpt lon="-9.484296" lat="38.781170"><ele>156.9</ele></trkpt>
   <trkpt lon="-9.484210" lat="38.781557"><ele>156.2</ele></trkpt>
   <trkpt lon="-9.484197" lat="38.781666"><ele>155.7</ele></trkpt>
   <trkpt lon="-9.484200" lat="38.781773"><ele>155.3</ele></trkpt>
   <trkpt lon="-9.484229" lat="38.781872"><ele>155.1</ele></trkpt>
   <trkpt lon="-9.484256" lat="38.781924"><ele>154.9</ele></trkpt>
   <trkpt lon="-9.484294" lat="38.781972"><ele>154.4</ele></trkpt>
   <trkpt lon="-9.484355" lat="38.782020"><ele>154.1</ele></trkpt>
   <trkpt lon="-9.484522" lat="38.782119"><ele>153.9</ele></trkpt>
   <trkpt lon="-9.484593" lat="38.782173"><ele>153.8</ele></trkpt>
   <trkpt lon="-9.484647" lat="38.782226"><ele>153.9</ele></trkpt>
   <trkpt lon="-9.484824" lat="38.782490"><ele>153.8</ele></trkpt>
   <trkpt lon="-9.484864" lat="38.782538"><ele>153.6</ele></trkpt>
   <trkpt lon="-9.484915" lat="38.782583"><ele>153.3</ele></trkpt>
   <trkpt lon="-9.484988" lat="38.782623"><ele>152.9</ele></trkpt>
   <trkpt lon="-9.485198" lat="38.782708"><ele>152.6</ele></trkpt>
   <trkpt lon="-9.485707" lat="38.782883"><ele>152.2</ele></trkpt>
   <trkpt lon="-9.485855" lat="38.782922"><ele>152.0</ele></trkpt>
   <trkpt lon="-9.485987" lat="38.782946"><ele>151.8</ele></trkpt>
   <trkpt lon="-9.486076" lat="38.782954"><ele>151.6</ele></trkpt>
   <trkpt lon="-9.486489" lat="38.782971"><ele>151.5</ele></trkpt>
   <trkpt lon="-9.486614" lat="38.783000"><ele>151.2</ele></trkpt>
   <trkpt lon="-9.486728" lat="38.783035"><ele>151.1</ele></trkpt>
   <trkpt lon="-9.487031" lat="38.783125"><ele>150.8</ele></trkpt>
   <trkpt lon="-9.487136" lat="38.783148"><ele>150.5</ele></trkpt>
   <trkpt lon="-9.487204" lat="38.783157"><ele>150.2</ele></trkpt>
   <trkpt lon="-9.487302" lat="38.783158"><ele>149.7</ele></trkpt>
   <trkpt lon="-9.487456" lat="38.783136"><ele>149.3</ele></trkpt>
   <trkpt lon="-9.488970" lat="38.782903"><ele>149.0</ele></trkpt>
   <trkpt lon="-9.489179" lat="38.782898"><ele>148.7</ele></trkpt>
   <trkpt lon="-9.489368" lat="38.782918"><ele>147.9</ele></trkpt>
   <trkpt lon="-9.489908" lat="38.782995"><ele>146.7</ele></trkpt>
   <trkpt lon="-9.490026" lat="38.783005"><ele>145.5</ele></trkpt>
   <trkpt lon="-9.490212" lat="38.783012"><ele>143.9</ele></trkpt>
   <trkpt lon="-9.490437" lat="38.782987"><ele>142.6</ele></trkpt>
   <trkpt lon="-9.491729" lat="38.782782"><ele>141.2</ele></trkpt>
   <trkpt lon="-9.492530" lat="38.782651"><ele>139.9</ele></trkpt>
   <trkpt lon="-9.492718" lat="38.782611"><ele>138.6</ele></trkpt>
   <trkpt lon="-9.493373" lat="38.782429"><ele>137.3</ele></trkpt>
   <trkpt lon="-9.493632" lat="38.782377"><ele>135.9</ele></trkpt>
   <trkpt lon="-9.494130" lat="38.782312"><ele>134.3</ele></trkpt>
   <trkpt lon="-9.494248" lat="38.782265"><ele>133.2</ele></trkpt>
   <trkpt lon="-9.494332" lat="38.782210"><ele>132.2</ele></trkpt>
   <trkpt lon="-9.494370" lat="38.782173"><ele>131.4</ele></trkpt>
   <trkpt lon="-9.494487" lat="38.782081"><ele>130.9</ele></trkpt>
   <trkpt lon="-9.494672" lat="38.781958"><ele>130.4</ele></trkpt>
   <trkpt lon="-9.494817" lat="38.781885"><ele>130.1</ele></trkpt>
   <trkpt lon="-9.495095" lat="38.781771"><ele>130.0</ele></trkpt>
   <trkpt lon="-9.495246" lat="38.781719"><ele>129.9</ele></trkpt>
   <trkpt lon="-9.495439" lat="38.781708"><ele>129.9</ele><sym>pass_place</sym><type>Shaping</type></trkpt>
   <trkpt lon="-9.495585" lat="38.781715"><ele>129.9</ele></trkpt>
   <trkpt lon="-9.495981" lat="38.781818"><ele>130.4</ele></trkpt>
   <trkpt lon="-9.496210" lat="38.781885"><ele>130.9</ele><sym>left_slight</sym></trkpt>
   <trkpt lon="-9.496297" lat="38.781874"><ele>131.3</ele></trkpt>
   <trkpt lon="-9.496367" lat="38.781848"><ele>131.8</ele></trkpt>
   <trkpt lon="-9.496417" lat="38.781817"><ele>132.2</ele></trkpt>
   <trkpt lon="-9.496496" lat="38.781719"><ele>132.7</ele></trkpt>
   <trkpt lon="-9.496549" lat="38.781630"><ele>133.0</ele></trkpt>
   <trkpt lon="-9.496741" lat="38.781430"><ele>133.1</ele></trkpt>
   <trkpt lon="-9.496802" lat="38.781380"><ele>133.1</ele></trkpt>
   <trkpt lon="-9.497028" lat="38.781275"><ele>133.0</ele></trkpt>
   <trkpt lon="-9.497311" lat="38.781203"><ele>132.7</ele><sym>right</sym></trkpt>
   <trkpt lon="-9.497345" lat="38.781230"><ele>132.3</ele><sym>left_slight</sym></trkpt>
   <trkpt lon="-9.497397" lat="38.781250"><ele>131.7</ele></trkpt>
   <trkpt lon="-9.497485" lat="38.781249"><ele>131.1</ele><sym>left_slight</sym></trkpt>
   <trkpt lon="-9.497603" lat="38.781147"><ele>130.5</ele></trkpt>
   <trkpt lon="-9.497649" lat="38.781078"><ele>129.7</ele><sym>right_slight</sym></trkpt>
   <trkpt lon="-9.497730" lat="38.781073"><ele>128.9</ele></trkpt>
   <trkpt lon="-9.497811" lat="38.781049"><ele>128.0</ele><sym>straight</sym></trkpt>
   <trkpt lon="-9.497946" lat="38.780969"><ele>126.9</ele></trkpt>
   <trkpt lon="-9.498090" lat="38.780877"><ele>125.7</ele><sym>straight</sym></trkpt>
   <trkpt lon="-9.498346" lat="38.780698"><ele>124.6</ele></trkpt>
   <trkpt lon="-9.498483" lat="38.780640"><ele>123.5</ele><sym>straight</sym></trkpt>
   <trkpt lon="-9.498600" lat="38.780574"><ele>122.4</ele><sym>right_slight</sym></trkpt>
   <trkpt lon="-9.498699" lat="38.780545"><ele>121.3</ele></trkpt>
   <trkpt lon="-9.498795" lat="38.780546"><ele>120.4</ele><sym>left_slight</sym></trkpt>
   <trkpt lon="-9.498838" lat="38.780553"><ele>119.7</ele></trkpt>
   <trkpt lon="-9.498886" lat="38.780549"><ele>119.1</ele></trkpt>
   <trkpt lon="-9.498919" lat="38.780519"><ele>118.7</ele><sym>left</sym></trkpt>
   <trkpt lon="-9.498931" lat="38.780488"><ele>118.0</ele></trkpt>
   <trkpt lon="-9.498918" lat="38.780449"><ele>117.0</ele></trkpt>
   <trkpt lon="-9.498898" lat="38.780428"><ele>116.3</ele></trkpt>
   <trkpt lon="-9.498876" lat="38.780421"><ele>115.9</ele></trkpt>
   <trkpt lon="-9.498855" lat="38.780422"><ele>115.5</ele><sym>right</sym></trkpt>
   <trkpt lon="-9.498786" lat="38.780205"><ele>113.4</ele></trkpt>
   <trkpt lon="-9.498634" lat="38.779802"><ele>111.9</ele></trkpt>
   <trkpt lon="-9.498475" lat="38.779409"><ele>109.4</ele></trkpt>
   <trkpt lon="-9.498410" lat="38.779291"><ele>106.3</ele></trkpt>
   <trkpt lon="-9.498200" lat="38.778976"><ele>102.4</ele></trkpt>
   <trkpt lon="-9.498186" lat="38.778954"><ele>101.8</ele></trkpt>
   <trkpt lon="-9.498048" lat="38.778819"><ele>98.3</ele></trkpt>
   <trkpt lon="-9.497794" lat="38.778518"><ele>95.5</ele><sym>right</sym></trkpt>
   <trkpt lon="-9.498191" lat="38.778383"><ele>93.1</ele></trkpt>
   <trkpt lon="-9.498447" lat="38.778520"><ele>90.7</ele></trkpt>
   <trkpt lon="-9.498509" lat="38.778603"><ele>88.4</ele></trkpt>
   <trkpt lon="-9.498561" lat="38.778702"><ele>85.8</ele></trkpt>
   <trkpt lon="-9.498646" lat="38.778801"><ele>82.9</ele></trkpt>
   <trkpt lon="-9.498782" lat="38.778926"><ele>80.4</ele></trkpt>
   <trkpt lon="-9.498891" lat="38.779041"><ele>78.8</ele></trkpt>
   <trkpt lon="-9.499026" lat="38.779291"><ele>77.4</ele></trkpt>
   <trkpt lon="-9.499074" lat="38.779501"><ele>75.9</ele></trkpt>
   <trkpt lon="-9.499212" lat="38.779694"><ele>74.4</ele></trkpt>
   <trkpt lon="-9.499338" lat="38.779843"><ele>73.2</ele></trkpt>
   <trkpt lon="-9.499511" lat="38.780217"><ele>72.2</ele></trkpt>
   <trkpt lon="-9.499679" lat="38.780301"><ele>71.4</ele></trkpt>
   <trkpt lon="-9.499769" lat="38.780506"><ele>71.0</ele></trkpt>
   <trkpt lon="-9.499843" lat="38.780573"><ele>70.7</ele></trkpt>
   <trkpt lon="-9.499853" lat="38.780837"><ele>70.8</ele><sym>pass_place</sym><type>Shaping</type></trkpt>
   <trkpt lon="-9.499853" lat="38.780837"><ele>70.8</ele></trkpt>
   <trkpt lon="-9.499843" lat="38.780573"><ele>70.7</ele></trkpt>
   <trkpt lon="-9.499769" lat="38.780506"><ele>71.0</ele></trkpt>
   <trkpt lon="-9.499679" lat="38.780301"><ele>71.4</ele></trkpt>
   <trkpt lon="-9.499511" lat="38.780217"><ele>72.2</ele></trkpt>
   <trkpt lon="-9.499338" lat="38.779843"><ele>73.2</ele></trkpt>
   <trkpt lon="-9.499212" lat="38.779694"><ele>74.4</ele></trkpt>
   <trkpt lon="-9.499074" lat="38.779501"><ele>75.9</ele></trkpt>
   <trkpt lon="-9.499026" lat="38.779291"><ele>77.4</ele></trkpt>
   <trkpt lon="-9.498891" lat="38.779041"><ele>78.8</ele></trkpt>
   <trkpt lon="-9.498782" lat="38.778926"><ele>80.4</ele></trkpt>
   <trkpt lon="-9.498646" lat="38.778801"><ele>82.9</ele></trkpt>
   <trkpt lon="-9.498561" lat="38.778702"><ele>85.8</ele></trkpt>
   <trkpt lon="-9.498509" lat="38.778603"><ele>88.4</ele></trkpt>
   <trkpt lon="-9.498447" lat="38.778520"><ele>90.7</ele></trkpt>
   <trkpt lon="-9.498191" lat="38.778383"><ele>93.1</ele></trkpt>
   <trkpt lon="-9.497794" lat="38.778518"><ele>95.5</ele><sym>left</sym></trkpt>
   <trkpt lon="-9.498048" lat="38.778819"><ele>98.3</ele></trkpt>
   <trkpt lon="-9.498186" lat="38.778954"><ele>101.8</ele></trkpt>
   <trkpt lon="-9.498200" lat="38.778976"><ele>102.4</ele></trkpt>
   <trkpt lon="-9.498410" lat="38.779291"><ele>106.3</ele></trkpt>
   <trkpt lon="-9.498475" lat="38.779409"><ele>109.4</ele></trkpt>
   <trkpt lon="-9.498634" lat="38.779802"><ele>111.9</ele></trkpt>
   <trkpt lon="-9.498786" lat="38.780205"><ele>113.4</ele></trkpt>
   <trkpt lon="-9.498855" lat="38.780422"><ele>115.5</ele><sym>stay_left</sym></trkpt>
   <trkpt lon="-9.498876" lat="38.780421"><ele>115.9</ele></trkpt>
   <trkpt lon="-9.498898" lat="38.780428"><ele>116.3</ele></trkpt>
   <trkpt lon="-9.498918" lat="38.780449"><ele>117.0</ele></trkpt>
   <trkpt lon="-9.498931" lat="38.780488"><ele>118.0</ele></trkpt>
   <trkpt lon="-9.498919" lat="38.780519"><ele>118.7</ele><sym>right</sym></trkpt>
   <trkpt lon="-9.498886" lat="38.780549"><ele>119.1</ele></trkpt>
   <trkpt lon="-9.498838" lat="38.780553"><ele>119.7</ele></trkpt>
   <trkpt lon="-9.498795" lat="38.780546"><ele>120.4</ele><sym>left_slight</sym></trkpt>
   <trkpt lon="-9.498699" lat="38.780545"><ele>121.3</ele></trkpt>
   <trkpt lon="-9.498600" lat="38.780574"><ele>122.4</ele><sym>straight</sym></trkpt>
   <trkpt lon="-9.498483" lat="38.780640"><ele>123.5</ele></trkpt>
   <trkpt lon="-9.498346" lat="38.780698"><ele>124.6</ele></trkpt>
   <trkpt lon="-9.498090" lat="38.780877"><ele>125.7</ele><sym>straight</sym></trkpt>
   <trkpt lon="-9.497946" lat="38.780969"><ele>126.9</ele></trkpt>
   <trkpt lon="-9.497811" lat="38.781049"><ele>128.0</ele><sym>right_slight</sym></trkpt>
   <trkpt lon="-9.497730" lat="38.781073"><ele>129.0</ele></trkpt>
   <trkpt lon="-9.497649" lat="38.781078"><ele>130.0</ele><sym>left_slight</sym></trkpt>
   <trkpt lon="-9.497603" lat="38.781147"><ele>131.4</ele></trkpt>
   <trkpt lon="-9.497485" lat="38.781249"><ele>132.7</ele></trkpt>
   <trkpt lon="-9.497436" lat="38.781287"><ele>133.9</ele></trkpt>
   <trkpt lon="-9.497375" lat="38.781340"><ele>134.7</ele></trkpt>
   <trkpt lon="-9.497301" lat="38.781399"><ele>135.3</ele></trkpt>
   <trkpt lon="-9.497147" lat="38.781588"><ele>135.7</ele></trkpt>
   <trkpt lon="-9.496894" lat="38.781879"><ele>135.8</ele></trkpt>
   <trkpt lon="-9.496798" lat="38.781938"><ele>135.6</ele></trkpt>
   <trkpt lon="-9.496730" lat="38.781963"><ele>135.1</ele></trkpt>
   <trkpt lon="-9.496627" lat="38.781973"><ele>134.7</ele></trkpt>
   <trkpt lon="-9.496510" lat="38.781967"><ele>134.1</ele></trkpt>
   <trkpt lon="-9.496210" lat="38.781885"><ele>133.1</ele><sym>stay_right</sym></trkpt>
   <trkpt lon="-9.495981" lat="38.781818"><ele>132.1</ele></trkpt>
   <trkpt lon="-9.495585" lat="38.781715"><ele>131.3</ele></trkpt>
   <trkpt lon="-9.495439" lat="38.781708"><ele>130.8</ele><sym>left_slight</sym></trkpt>
   <trkpt lon="-9.495246" lat="38.781719"><ele>130.6</ele></trkpt>
   <trkpt lon="-9.495095" lat="38.781771"><ele>130.6</ele></trkpt>
   <trkpt lon="-9.494817" lat="38.781885"><ele>130.7</ele></trkpt>
   <trkpt lon="-9.494672" lat="38.781958"><ele>130.9</ele></trkpt>
   <trkpt lon="-9.494487" lat="38.782081"><ele>131.5</ele></trkpt>
   <trkpt lon="-9.494370" lat="38.782173"><ele>132.0</ele></trkpt>
   <trkpt lon="-9.494332" lat="38.782210"><ele>132.8</ele></trkpt>
   <trkpt lon="-9.494248" lat="38.782265"><ele>133.8</ele></trkpt>
   <trkpt lon="-9.494130" lat="38.782312"><ele>134.9</ele></trkpt>
   <trkpt lon="-9.493632" lat="38.782377"><ele>136.5</ele></trkpt>
   <trkpt lon="-9.493373" lat="38.782429"><ele>137.9</ele></trkpt>
   <trkpt lon="-9.492718" lat="38.782611"><ele>139.2</ele></trkpt>
   <trkpt lon="-9.492530" lat="38.782651"><ele>140.5</ele></trkpt>
   <trkpt lon="-9.491729" lat="38.782782"><ele>141.8</ele></trkpt>
   <trkpt lon="-9.490437" lat="38.782987"><ele>143.2</ele></trkpt>
   <trkpt lon="-9.490212" lat="38.783012"><ele>144.5</ele></trkpt>
   <trkpt lon="-9.490026" lat="38.783005"><ele>146.1</ele></trkpt>
   <trkpt lon="-9.489908" lat="38.782995"><ele>147.3</ele></trkpt>
   <trkpt lon="-9.489368" lat="38.782918"><ele>148.4</ele></trkpt>
   <trkpt lon="-9.489179" lat="38.782898"><ele>149.3</ele></trkpt>
   <trkpt lon="-9.488970" lat="38.782903"><ele>149.6</ele></trkpt>
   <trkpt lon="-9.487456" lat="38.783136"><ele>149.9</ele></trkpt>
   <trkpt lon="-9.487302" lat="38.783158"><ele>150.2</ele></trkpt>
   <trkpt lon="-9.487204" lat="38.783157"><ele>150.6</ele></trkpt>
   <trkpt lon="-9.487136" lat="38.783148"><ele>151.0</ele></trkpt>
   <trkpt lon="-9.487031" lat="38.783125"><ele>151.3</ele></trkpt>
   <trkpt lon="-9.486728" lat="38.783035"><ele>151.8</ele><sym>u-turn_right</sym></trkpt>
   <trkpt lon="-9.486731" lat="38.783029"><ele>151.8</ele><sym>pass_place</sym><type>Shaping</type></trkpt>
   <trkpt lon="-9.486728" lat="38.783035"><ele>151.8</ele></trkpt>
   <trkpt lon="-9.486614" lat="38.783000"><ele>151.9</ele></trkpt>
   <trkpt lon="-9.486489" lat="38.782971"><ele>152.2</ele></trkpt>
   <trkpt lon="-9.486076" lat="38.782954"><ele>152.3</ele></trkpt>
   <trkpt lon="-9.485987" lat="38.782946"><ele>152.4</ele></trkpt>
   <trkpt lon="-9.485855" lat="38.782922"><ele>152.6</ele></trkpt>
   <trkpt lon="-9.485707" lat="38.782883"><ele>152.8</ele></trkpt>
   <trkpt lon="-9.485198" lat="38.782708"><ele>153.2</ele></trkpt>
   <trkpt lon="-9.484988" lat="38.782623"><ele>153.5</ele></trkpt>
   <trkpt lon="-9.484915" lat="38.782583"><ele>153.9</ele></trkpt>
   <trkpt lon="-9.484864" lat="38.782538"><ele>154.1</ele></trkpt>
   <trkpt lon="-9.484824" lat="38.782490"><ele>154.3</ele></trkpt>
   <trkpt lon="-9.484647" lat="38.782226"><ele>154.5</ele></trkpt>
   <trkpt lon="-9.484593" lat="38.782173"><ele>154.4</ele></trkpt>
   <trkpt lon="-9.484522" lat="38.782119"><ele>154.5</ele></trkpt>
   <trkpt lon="-9.484355" lat="38.782020"><ele>154.7</ele></trkpt>
   <trkpt lon="-9.484294" lat="38.781972"><ele>155.0</ele></trkpt>
   <trkpt lon="-9.484256" lat="38.781924"><ele>155.4</ele></trkpt>
   <trkpt lon="-9.484229" lat="38.781872"><ele>155.7</ele></trkpt>
   <trkpt lon="-9.484200" lat="38.781773"><ele>155.9</ele></trkpt>
   <trkpt lon="-9.484197" lat="38.781666"><ele>156.3</ele></trkpt>
   <trkpt lon="-9.484210" lat="38.781557"><ele>156.8</ele></trkpt>
   <trkpt lon="-9.484296" lat="38.781170"><ele>157.5</ele></trkpt>
   <trkpt lon="-9.484286" lat="38.781000"><ele>158.3</ele></trkpt>
   <trkpt lon="-9.484270" lat="38.780881"><ele>159.3</ele></trkpt>
   <trkpt lon="-9.484243" lat="38.780773"><ele>160.3</ele></trkpt>
   <trkpt lon="-9.484215" lat="38.780695"><ele>161.3</ele></trkpt>
   <trkpt lon="-9.484176" lat="38.780623"><ele>162.3</ele></trkpt>
   <trkpt lon="-9.484139" lat="38.780571"><ele>163.1</ele></trkpt>
   <trkpt lon="-9.484056" lat="38.780517"><ele>164.1</ele></trkpt>
   <trkpt lon="-9.484000" lat="38.780504"><ele>165.0</ele></trkpt>
   <trkpt lon="-9.483946" lat="38.780501"><ele>165.9</ele></trkpt>
   <trkpt lon="-9.483883" lat="38.780511"><ele>167.0</ele></trkpt>
   <trkpt lon="-9.483815" lat="38.780536"><ele>168.1</ele></trkpt>
   <trkpt lon="-9.483635" lat="38.780628"><ele>169.1</ele></trkpt>
   <trkpt lon="-9.483578" lat="38.780651"><ele>170.1</ele></trkpt>
   <trkpt lon="-9.483440" lat="38.780674"><ele>171.1</ele></trkpt>
   <trkpt lon="-9.482961" lat="38.780664"><ele>172.2</ele></trkpt>
   <trkpt lon="-9.482887" lat="38.780652"><ele>173.3</ele></trkpt>
   <trkpt lon="-9.482817" lat="38.780633"><ele>174.4</ele></trkpt>
   <trkpt lon="-9.482690" lat="38.780571"><ele>175.8</ele></trkpt>
   <trkpt lon="-9.482575" lat="38.780493"><ele>177.1</ele></trkpt>
   <trkpt lon="-9.482403" lat="38.780351"><ele>178.5</ele></trkpt>
   <trkpt lon="-9.482332" lat="38.780259"><ele>180.1</ele></trkpt>
   <trkpt lon="-9.482279" lat="38.780174"><ele>181.6</ele></trkpt>
   <trkpt lon="-9.482201" lat="38.780007"><ele>183.3</ele></trkpt>
   <trkpt lon="-9.482168" lat="38.779890"><ele>184.9</ele></trkpt>
   <trkpt lon="-9.482168" lat="38.779778"><ele>186.6</ele></trkpt>
   <trkpt lon="-9.482246" lat="38.779319"><ele>188.3</ele></trkpt>
   <trkpt lon="-9.482271" lat="38.779239"><ele>190.1</ele></trkpt>
   <trkpt lon="-9.482306" lat="38.779148"><ele>191.7</ele></trkpt>
   <trkpt lon="-9.482368" lat="38.779038"><ele>193.1</ele></trkpt>
   <trkpt lon="-9.482537" lat="38.778805"><ele>194.5</ele></trkpt>
   <trkpt lon="-9.482629" lat="38.778676"><ele>195.8</ele></trkpt>
   <trkpt lon="-9.482723" lat="38.778537"><ele>196.8</ele></trkpt>
   <trkpt lon="-9.482742" lat="38.778480"><ele>197.8</ele></trkpt>
   <trkpt lon="-9.482754" lat="38.778404"><ele>198.8</ele></trkpt>
   <trkpt lon="-9.482755" lat="38.778334"><ele>200.0</ele></trkpt>
   <trkpt lon="-9.482735" lat="38.778269"><ele>201.0</ele></trkpt>
   <trkpt lon="-9.482687" lat="38.778188"><ele>201.9</ele></trkpt>
   <trkpt lon="-9.482458" lat="38.777948"><ele>202.8</ele></trkpt>
   <trkpt lon="-9.482407" lat="38.777851"><ele>204.0</ele></trkpt>
   <trkpt lon="-9.482261" lat="38.777506"><ele>205.4</ele></trkpt>
   <trkpt lon="-9.482198" lat="38.777348"><ele>206.8</ele></trkpt>
   <trkpt lon="-9.482127" lat="38.777191"><ele>208.2</ele></trkpt>
   <trkpt lon="-9.482061" lat="38.777098"><ele>209.7</ele></trkpt>
   <trkpt lon="-9.481742" lat="38.776804"><ele>211.0</ele></trkpt>
   <trkpt lon="-9.481546" lat="38.776608"><ele>212.3</ele></trkpt>
   <trkpt lon="-9.481414" lat="38.776434"><ele>213.3</ele></trkpt>
   <trkpt lon="-9.481381" lat="38.776377"><ele>214.3</ele></trkpt>
   <trkpt lon="-9.481245" lat="38.776187"><ele>215.3</ele></trkpt>
   <trkpt lon="-9.481199" lat="38.776086"><ele>216.3</ele></trkpt>
   <trkpt lon="-9.481145" lat="38.775941"><ele>217.0</ele></trkpt>
   <trkpt lon="-9.481122" lat="38.775895"><ele>217.5</ele></trkpt>
   <trkpt lon="-9.481078" lat="38.775838"><ele>218.1</ele></trkpt>
   <trkpt lon="-9.480934" lat="38.775658"><ele>218.6</ele></trkpt>
   <trkpt lon="-9.480859" lat="38.775565"><ele>219.3</ele></trkpt>
   <trkpt lon="-9.480794" lat="38.775482"><ele>220.0</ele></trkpt>
   <trkpt lon="-9.480605" lat="38.775230"><ele>220.8</ele></trkpt>
   <trkpt lon="-9.480502" lat="38.775073"><ele>221.8</ele></trkpt>
   <trkpt lon="-9.480379" lat="38.774819"><ele>223.1</ele></trkpt>
   <trkpt lon="-9.480297" lat="38.774671"><ele>224.2</ele></trkpt>
   <trkpt lon="-9.480210" lat="38.774541"><ele>225.9</ele></trkpt>
   <trkpt lon="-9.479977" lat="38.774275"><ele>227.7</ele></trkpt>
   <trkpt lon="-9.479775" lat="38.774043"><ele>229.6</ele></trkpt>
   <trkpt lon="-9.479485" lat="38.773747"><ele>231.4</ele></trkpt>
   <trkpt lon="-9.479282" lat="38.773455"><ele>233.3</ele></trkpt>
   <trkpt lon="-9.478900" lat="38.772822"><ele>235.2</ele></trkpt>
   <trkpt lon="-9.478581" lat="38.772447"><ele>237.1</ele></trkpt>
   <trkpt lon="-9.477956" lat="38.771952"><ele>239.0</ele></trkpt>
   <trkpt lon="-9.477878" lat="38.771914"><ele>240.7</ele></trkpt>
   <trkpt lon="-9.477784" lat="38.771890"><ele>242.2</ele></trkpt>
   <trkpt lon="-9.477489" lat="38.771844"><ele>243.8</ele></trkpt>
   <trkpt lon="-9.477261" lat="38.771832"><ele>245.1</ele></trkpt>
   <trkpt lon="-9.477179" lat="38.771835"><ele>246.7</ele></trkpt>
   <trkpt lon="-9.477088" lat="38.771861"><ele>248.2</ele></trkpt>
   <trkpt lon="-9.477024" lat="38.771895"><ele>249.7</ele></trkpt>
   <trkpt lon="-9.476987" lat="38.771922"><ele>250.6</ele></trkpt>
   <trkpt lon="-9.476785" lat="38.772180"><ele>252.0</ele></trkpt>
   <trkpt lon="-9.476541" lat="38.772545"><ele>253.3</ele></trkpt>
   <trkpt lon="-9.476539" lat="38.772548"><ele>253.4</ele><sym>pass_place</sym><type>Shaping</type></trkpt>
   <trkpt lon="-9.476329" lat="38.772874"><ele>254.6</ele></trkpt>
   <trkpt lon="-9.476192" lat="38.773032"><ele>255.8</ele></trkpt>
   <trkpt lon="-9.476124" lat="38.773078"><ele>256.7</ele></trkpt>
   <trkpt lon="-9.476060" lat="38.773107"><ele>257.4</ele></trkpt>
   <trkpt lon="-9.475973" lat="38.773124"><ele>257.9</ele><sym>left</sym></trkpt>
   <trkpt lon="-9.475984" lat="38.773219"><ele>258.6</ele></trkpt>
   <trkpt lon="-9.475978" lat="38.773273"><ele>259.3</ele></trkpt>
   <trkpt lon="-9.475842" lat="38.773833"><ele>259.8</ele></trkpt>
   <trkpt lon="-9.475792" lat="38.773956"><ele>260.2</ele><sym>right</sym></trkpt>
   <trkpt lon="-9.475522" lat="38.773879"><ele>260.5</ele></trkpt>
   <trkpt lon="-9.475292" lat="38.773919"><ele>260.8</ele></trkpt>
   <trkpt lon="-9.475205" lat="38.774035"><ele>261.2</ele></trkpt>
   <trkpt lon="-9.475208" lat="38.774127"><ele>261.7</ele></trkpt>
   <trkpt lon="-9.475244" lat="38.774197"><ele>262.3</ele></trkpt>
   <trkpt lon="-9.475241" lat="38.774268"><ele>263.0</ele></trkpt>
   <trkpt lon="-9.475221" lat="38.774322"><ele>263.4</ele></trkpt>
   <trkpt lon="-9.475192" lat="38.774348"><ele>263.6</ele></trkpt>
   <trkpt lon="-9.475148" lat="38.774374"><ele>263.8</ele></trkpt>
   <trkpt lon="-9.475113" lat="38.774382"><ele>264.2</ele></trkpt>
   <trkpt lon="-9.475069" lat="38.774381"><ele>264.8</ele></trkpt>
   <trkpt lon="-9.475004" lat="38.774353"><ele>265.4</ele></trkpt>
   <trkpt lon="-9.474969" lat="38.774311"><ele>266.1</ele></trkpt>
   <trkpt lon="-9.474921" lat="38.774229"><ele>266.7</ele></trkpt>
   <trkpt lon="-9.474842" lat="38.774117"><ele>267.3</ele></trkpt>
   <trkpt lon="-9.474783" lat="38.774088"><ele>267.9</ele></trkpt>
   <trkpt lon="-9.474728" lat="38.774069"><ele>268.5</ele></trkpt>
   <trkpt lon="-9.474664" lat="38.774072"><ele>269.0</ele></trkpt>
   <trkpt lon="-9.474603" lat="38.774083"><ele>269.6</ele></trkpt>
   <trkpt lon="-9.474545" lat="38.774109"><ele>270.4</ele></trkpt>
   <trkpt lon="-9.474423" lat="38.774208"><ele>271.3</ele></trkpt>
   <trkpt lon="-9.474383" lat="38.774260"><ele>272.2</ele></trkpt>
   <trkpt lon="-9.474355" lat="38.774308"><ele>272.9</ele></trkpt>
   <trkpt lon="-9.474340" lat="38.774353"><ele>273.7</ele></trkpt>
   <trkpt lon="-9.474330" lat="38.774519"><ele>274.6</ele></trkpt>
   <trkpt lon="-9.474357" lat="38.774652"><ele>276.3</ele></trkpt>
   <trkpt lon="-9.474423" lat="38.774858"><ele>278.1</ele></trkpt>
   <trkpt lon="-9.474431" lat="38.774908"><ele>279.4</ele></trkpt>
   <trkpt lon="-9.474427" lat="38.774945"><ele>280.3</ele></trkpt>
   <trkpt lon="-9.474363" lat="38.775079"><ele>282.1</ele></trkpt>
   <trkpt lon="-9.473843" lat="38.775615"><ele>283.6</ele></trkpt>
   <trkpt lon="-9.473650" lat="38.775710"><ele>285.0</ele></trkpt>
   <trkpt lon="-9.473044" lat="38.775857"><ele>287.3</ele></trkpt>
   <trkpt lon="-9.472773" lat="38.775894"><ele>289.5</ele></trkpt>
   <trkpt lon="-9.472438" lat="38.775905"><ele>291.5</ele></trkpt>
   <trkpt lon="-9.472263" lat="38.775959"><ele>293.3</ele></trkpt>
   <trkpt lon="-9.472090" lat="38.776099"><ele>294.5</ele></trkpt>
   <trkpt lon="-9.471647" lat="38.776655"><ele>295.8</ele></trkpt>
   <trkpt lon="-9.471407" lat="38.776858"><ele>296.3</ele></trkpt>
   <trkpt lon="-9.471224" lat="38.776983"><ele>297.8</ele></trkpt>
   <trkpt lon="-9.470931" lat="38.777009"><ele>299.8</ele></trkpt>
   <trkpt lon="-9.470598" lat="38.777007"><ele>302.6</ele></trkpt>
   <trkpt lon="-9.469687" lat="38.777020"><ele>306.0</ele></trkpt>
   <trkpt lon="-9.469158" lat="38.777051"><ele>308.9</ele></trkpt>
   <trkpt lon="-9.468348" lat="38.777095"><ele>312.1</ele></trkpt>
   <trkpt lon="-9.467874" lat="38.776911"><ele>315.9</ele></trkpt>
   <trkpt lon="-9.467474" lat="38.776671"><ele>320.2</ele></trkpt>
   <trkpt lon="-9.466810" lat="38.776169"><ele>324.6</ele></trkpt>
   <trkpt lon="-9.465951" lat="38.775537"><ele>329.3</ele></trkpt>
   <trkpt lon="-9.465719" lat="38.775339"><ele>334.6</ele></trkpt>
   <trkpt lon="-9.465391" lat="38.775058"><ele>339.3</ele></trkpt>
   <trkpt lon="-9.464782" lat="38.774709"><ele>343.8</ele></trkpt>
   <trkpt lon="-9.464322" lat="38.774524"><ele>347.9</ele></trkpt>
   <trkpt lon="-9.463666" lat="38.774319"><ele>351.3</ele></trkpt>
   <trkpt lon="-9.463230" lat="38.774286"><ele>354.6</ele></trkpt>
   <trkpt lon="-9.462997" lat="38.774295"><ele>357.8</ele></trkpt>
   <trkpt lon="-9.462542" lat="38.774366"><ele>360.8</ele></trkpt>
   <trkpt lon="-9.462154" lat="38.774409"><ele>363.3</ele></trkpt>
   <trkpt lon="-9.461753" lat="38.774471"><ele>366.2</ele></trkpt>
   <trkpt lon="-9.461550" lat="38.774663"><ele>368.9</ele></trkpt>
   <trkpt lon="-9.461328" lat="38.775226"><ele>371.4</ele><sym>pass_place</sym><type>Shaping</type></trkpt>
   <trkpt lon="-9.461230" lat="38.775280"><ele>373.6</ele></trkpt>
   <trkpt lon="-9.461083" lat="38.775300"><ele>376.3</ele></trkpt>
   <trkpt lon="-9.460616" lat="38.775330"><ele>379.5</ele></trkpt>
   <trkpt lon="-9.460051" lat="38.775269"><ele>382.7</ele></trkpt>
   <trkpt lon="-9.459644" lat="38.775333"><ele>385.9</ele></trkpt>
   <trkpt lon="-9.459291" lat="38.775411"><ele>389.0</ele></trkpt>
   <trkpt lon="-9.459024" lat="38.775360"><ele>392.0</ele></trkpt>
   <trkpt lon="-9.457875" lat="38.774929"><ele>394.9</ele></trkpt>
   <trkpt lon="-9.457690" lat="38.774904"><ele>397.1</ele></trkpt>
   <trkpt lon="-9.457478" lat="38.774914"><ele>398.9</ele></trkpt>
   <trkpt lon="-9.457229" lat="38.774965"><ele>400.4</ele></trkpt>
   <trkpt lon="-9.457060" lat="38.774965"><ele>401.6</ele></trkpt>
   <trkpt lon="-9.456913" lat="38.774935"><ele>403.4</ele></trkpt>
   <trkpt lon="-9.456804" lat="38.774859"><ele>404.8</ele></trkpt>
   <trkpt lon="-9.456747" lat="38.774744"><ele>406.0</ele></trkpt>
   <trkpt lon="-9.456776" lat="38.774571"><ele>407.2</ele></trkpt>
   <trkpt lon="-9.456746" lat="38.774353"><ele>408.2</ele></trkpt>
   <trkpt lon="-9.456658" lat="38.773527"><ele>409.4</ele></trkpt>
   <trkpt lon="-9.456639" lat="38.773173"><ele>411.3</ele></trkpt>
   <trkpt lon="-9.456618" lat="38.773084"><ele>413.1</ele></trkpt>
   <trkpt lon="-9.456628" lat="38.772975"><ele>415.1</ele></trkpt>
   <trkpt lon="-9.456695" lat="38.772908"><ele>417.2</ele></trkpt>
   <trkpt lon="-9.456953" lat="38.772811"><ele>419.5</ele></trkpt>
   <trkpt lon="-9.457237" lat="38.772676"><ele>420.9</ele></trkpt>
   <trkpt lon="-9.457280" lat="38.772656"><ele>421.8</ele></trkpt>
   <trkpt lon="-9.457321" lat="38.772636"><ele>422.8</ele></trkpt>
   <trkpt lon="-9.457491" lat="38.772503"><ele>424.9</ele></trkpt>
   <trkpt lon="-9.457791" lat="38.772268"><ele>427.0</ele></trkpt>
   <trkpt lon="-9.458069" lat="38.772120"><ele>428.9</ele></trkpt>
   <trkpt lon="-9.458208" lat="38.771896"><ele>430.5</ele></trkpt>
   <trkpt lon="-9.458274" lat="38.771577"><ele>432.1</ele></trkpt>
   <trkpt lon="-9.458224" lat="38.770601"><ele>433.9</ele></trkpt>
   <trkpt lon="-9.458210" lat="38.770530"><ele>435.5</ele><sym>right_slight</sym></trkpt>
   <trkpt lon="-9.458209" lat="38.770286"><ele>437.1</ele></trkpt>
   <trkpt lon="-9.458252" lat="38.770044"><ele>438.7</ele><sym>right_slight</sym></trkpt>
   <trkpt lon="-9.458432" lat="38.769901"><ele>440.4</ele></trkpt>
   <trkpt lon="-9.458571" lat="38.769734"><ele>441.6</ele></trkpt>
   <trkpt lon="-9.458724" lat="38.769535"><ele>442.5</ele></trkpt>
   <trkpt lon="-9.458869" lat="38.769307"><ele>443.5</ele><sym>right_slight</sym></trkpt>
   <trkpt lon="-9.459032" lat="38.769188"><ele>444.7</ele></trkpt>
   <trkpt lon="-9.459149" lat="38.769103"><ele>445.9</ele></trkpt>
   <trkpt lon="-9.459302" lat="38.768952"><ele>446.8</ele></trkpt>
   <trkpt lon="-9.459329" lat="38.768854"><ele>447.6</ele></trkpt>
   <trkpt lon="-9.459320" lat="38.768700"><ele>448.4</ele></trkpt>
   <trkpt lon="-9.459269" lat="38.768318"><ele>449.1</ele></trkpt>
   <trkpt lon="-9.459278" lat="38.768224"><ele>450.0</ele></trkpt>
   <trkpt lon="-9.459327" lat="38.768142"><ele>450.8</ele></trkpt>
   <trkpt lon="-9.459408" lat="38.768051"><ele>451.7</ele></trkpt>
   <trkpt lon="-9.459506" lat="38.767980"><ele>452.6</ele></trkpt>
   <trkpt lon="-9.459619" lat="38.767955"><ele>453.6</ele><sym>right_slight</sym></trkpt>
   <trkpt lon="-9.459770" lat="38.767945"><ele>454.5</ele></trkpt>
   <trkpt lon="-9.459889" lat="38.767946"><ele>455.4</ele></trkpt>
   <trkpt lon="-9.460028" lat="38.768002"><ele>456.3</ele></trkpt>
   <trkpt lon="-9.460190" lat="38.768102"><ele>457.2</ele></trkpt>
   <trkpt lon="-9.460304" lat="38.768177"><ele>458.1</ele></trkpt>
   <trkpt lon="-9.460335" lat="38.768237"><ele>458.9</ele></trkpt>
   <trkpt lon="-9.460312" lat="38.768247"><ele>459.4</ele></trkpt>
   <trkpt lon="-9.460332" lat="38.768306"><ele>459.9</ele></trkpt>
   <trkpt lon="-9.460334" lat="38.768307"><ele>460.0</ele><sym>u-turn_right</sym><type>Via</type></trkpt>
   <trkpt lon="-9.460332" lat="38.768306"><ele>459.9</ele></trkpt>
   <trkpt lon="-9.460312" lat="38.768247"><ele>459.4</ele></trkpt>
   <trkpt lon="-9.460335" lat="38.768237"><ele>458.9</ele><sym>left_sharp</sym></trkpt>
   <trkpt lon="-9.460304" lat="38.768177"><ele>458.1</ele></trkpt>
   <trkpt lon="-9.460190" lat="38.768102"><ele>457.2</ele></trkpt>
   <trkpt lon="-9.460028" lat="38.768002"><ele>456.3</ele></trkpt>
   <trkpt lon="-9.459889" lat="38.767946"><ele>455.4</ele></trkpt>
   <trkpt lon="-9.459770" lat="38.767945"><ele>454.5</ele></trkpt>
   <trkpt lon="-9.459619" lat="38.767955"><ele>453.6</ele><sym>stay_right</sym></trkpt>
   <trkpt lon="-9.459506" lat="38.767980"><ele>452.6</ele></trkpt>
   <trkpt lon="-9.459408" lat="38.768051"><ele>451.7</ele></trkpt>
   <trkpt lon="-9.459327" lat="38.768142"><ele>450.8</ele></trkpt>
   <trkpt lon="-9.459278" lat="38.768224"><ele>450.0</ele></trkpt>
   <trkpt lon="-9.459269" lat="38.768318"><ele>449.1</ele></trkpt>
   <trkpt lon="-9.459320" lat="38.768700"><ele>448.4</ele></trkpt>
   <trkpt lon="-9.459329" lat="38.768854"><ele>447.6</ele></trkpt>
   <trkpt lon="-9.459302" lat="38.768952"><ele>446.8</ele></trkpt>
   <trkpt lon="-9.459149" lat="38.769103"><ele>445.9</ele></trkpt>
   <trkpt lon="-9.459032" lat="38.769188"><ele>444.7</ele></trkpt>
   <trkpt lon="-9.458869" lat="38.769307"><ele>443.7</ele></trkpt>
   <trkpt lon="-9.458724" lat="38.769535"><ele>443.1</ele></trkpt>
   <trkpt lon="-9.458571" lat="38.769734"><ele>442.6</ele></trkpt>
   <trkpt lon="-9.458432" lat="38.769901"><ele>442.1</ele></trkpt>
   <trkpt lon="-9.458252" lat="38.770044"><ele>441.5</ele></trkpt>
   <trkpt lon="-9.457855" lat="38.770217"><ele>440.9</ele></trkpt>
   <trkpt lon="-9.457623" lat="38.770357"><ele>440.1</ele><sym>right_slight</sym></trkpt>
   <trkpt lon="-9.457300" lat="38.770305"><ele>439.0</ele></trkpt>
   <trkpt lon="-9.457155" lat="38.770296"><ele>438.5</ele></trkpt>
   <trkpt lon="-9.456841" lat="38.770311"><ele>438.2</ele></trkpt>
   <trkpt lon="-9.456672" lat="38.770343"><ele>438.0</ele></trkpt>
   <trkpt lon="-9.456519" lat="38.770409"><ele>437.6</ele></trkpt>
   <trkpt lon="-9.455897" lat="38.770724"><ele>437.0</ele></trkpt>
   <trkpt lon="-9.455343" lat="38.771075"><ele>436.5</ele></trkpt>
   <trkpt lon="-9.455180" lat="38.771308"><ele>436.3</ele></trkpt>
   <trkpt lon="-9.455098" lat="38.771385"><ele>436.6</ele></trkpt>
   <trkpt lon="-9.455017" lat="38.771443"><ele>437.2</ele></trkpt>
   <trkpt lon="-9.454897" lat="38.771497"><ele>438.1</ele></trkpt>
   <trkpt lon="-9.454757" lat="38.771532"><ele>439.6</ele></trkpt>
   <trkpt lon="-9.454431" lat="38.771560"><ele>440.7</ele></trkpt>
   <trkpt lon="-9.454149" lat="38.771543"><ele>441.7</ele></trkpt>
   <trkpt lon="-9.453696" lat="38.771474"><ele>442.8</ele></trkpt>
   <trkpt lon="-9.453238" lat="38.771380"><ele>443.8</ele></trkpt>
   <trkpt lon="-9.453005" lat="38.771304"><ele>444.3</ele></trkpt>
   <trkpt lon="-9.452550" lat="38.771158"><ele>444.5</ele></trkpt>
   <trkpt lon="-9.452474" lat="38.771166"><ele>444.2</ele></trkpt>
   <trkpt lon="-9.452263" lat="38.771186"><ele>443.9</ele></trkpt>
   <trkpt lon="-9.451763" lat="38.771252"><ele>443.3</ele></trkpt>
   <trkpt lon="-9.451139" lat="38.771122"><ele>442.2</ele></trkpt>
   <trkpt lon="-9.450734" lat="38.771048"><ele>440.9</ele></trkpt>
   <trkpt lon="-9.450374" lat="38.771048"><ele>439.3</ele></trkpt>
   <trkpt lon="-9.449878" lat="38.771181"><ele>437.6</ele></trkpt>
   <trkpt lon="-9.449638" lat="38.771263"><ele>435.8</ele></trkpt>
   <trkpt lon="-9.449059" lat="38.771609"><ele>433.9</ele></trkpt>
   <trkpt lon="-9.448978" lat="38.771648"><ele>432.2</ele></trkpt>
   <trkpt lon="-9.448906" lat="38.771674"><ele>430.7</ele></trkpt>
   <trkpt lon="-9.448814" lat="38.771690"><ele>429.6</ele></trkpt>
   <trkpt lon="-9.448697" lat="38.771691"><ele>428.2</ele></trkpt>
   <trkpt lon="-9.448475" lat="38.771668"><ele>426.9</ele></trkpt>
   <trkpt lon="-9.448380" lat="38.771663"><ele>425.9</ele></trkpt>
   <trkpt lon="-9.448275" lat="38.771675"><ele>424.8</ele></trkpt>
   <trkpt lon="-9.448064" lat="38.771708"><ele>423.7</ele></trkpt>
   <trkpt lon="-9.447961" lat="38.771708"><ele>422.6</ele></trkpt>
   <trkpt lon="-9.447522" lat="38.771685"><ele>421.1</ele></trkpt>
   <trkpt lon="-9.447362" lat="38.771671"><ele>418.4</ele></trkpt>
   <trkpt lon="-9.447280" lat="38.771644"><ele>416.7</ele></trkpt>
   <trkpt lon="-9.447212" lat="38.771602"><ele>415.1</ele></trkpt>
   <trkpt lon="-9.447170" lat="38.771553"><ele>413.6</ele></trkpt>
   <trkpt lon="-9.446915" lat="38.771190"><ele>410.2</ele></trkpt>
   <trkpt lon="-9.446421" lat="38.770459"><ele>406.7</ele></trkpt>
   <trkpt lon="-9.446213" lat="38.770183"><ele>403.4</ele></trkpt>
   <trkpt lon="-9.446112" lat="38.770091"><ele>400.4</ele></trkpt>
   <trkpt lon="-9.446001" lat="38.770012"><ele>397.6</ele></trkpt>
   <trkpt lon="-9.445763" lat="38.769866"><ele>394.4</ele></trkpt>
   <trkpt lon="-9.445524" lat="38.769753"><ele>391.6</ele></trkpt>
   <trkpt lon="-9.445328" lat="38.769703"><ele>390.0</ele></trkpt>
   <trkpt lon="-9.445136" lat="38.769677"><ele>388.9</ele></trkpt>
   <trkpt lon="-9.444051" lat="38.769617"><ele>387.9</ele><sym>pass_place</sym><type>Shaping</type></trkpt>
   <trkpt lon="-9.444047" lat="38.769617"><ele>387.8</ele></trkpt>
   <trkpt lon="-9.443508" lat="38.769561"><ele>387.1</ele></trkpt>
   <trkpt lon="-9.442960" lat="38.769566"><ele>386.6</ele></trkpt>
   <trkpt lon="-9.442754" lat="38.769588"><ele>385.8</ele></trkpt>
   <trkpt lon="-9.442563" lat="38.769622"><ele>384.6</ele></trkpt>
   <trkpt lon="-9.442323" lat="38.769721"><ele>383.7</ele></trkpt>
   <trkpt lon="-9.441886" lat="38.770027"><ele>383.0</ele></trkpt>
   <trkpt lon="-9.441225" lat="38.770740"><ele>382.6</ele></trkpt>
   <trkpt lon="-9.440923" lat="38.771032"><ele>382.4</ele></trkpt>
   <trkpt lon="-9.440573" lat="38.771172"><ele>382.0</ele></trkpt>
   <trkpt lon="-9.439970" lat="38.771261"><ele>381.7</ele></trkpt>
   <trkpt lon="-9.439747" lat="38.771262"><ele>380.7</ele></trkpt>
   <trkpt lon="-9.439655" lat="38.771234"><ele>379.5</ele></trkpt>
   <trkpt lon="-9.439456" lat="38.771108"><ele>378.0</ele></trkpt>
   <trkpt lon="-9.438915" lat="38.770732"><ele>376.6</ele></trkpt>
   <trkpt lon="-9.438636" lat="38.770557"><ele>375.6</ele></trkpt>
   <trkpt lon="-9.438029" lat="38.770058"><ele>374.2</ele></trkpt>
   <trkpt lon="-9.437686" lat="38.769782"><ele>372.6</ele></trkpt>
   <trkpt lon="-9.437641" lat="38.769749"><ele>371.4</ele></trkpt>
   <trkpt lon="-9.437594" lat="38.769736"><ele>370.5</ele><sym>right</sym></trkpt>
   <trkpt lon="-9.437596" lat="38.769716"><ele>370.0</ele></trkpt>
   <trkpt lon="-9.437606" lat="38.769599"><ele>368.3</ele></trkpt>
   <trkpt lon="-9.437587" lat="38.769090"><ele>367.3</ele></trkpt>
   <trkpt lon="-9.437580" lat="38.768910"><ele>366.2</ele></trkpt>
   <trkpt lon="-9.437564" lat="38.768760"><ele>365.1</ele></trkpt>
   <trkpt lon="-9.437342" lat="38.768289"><ele>364.0</ele></trkpt>
   <trkpt lon="-9.437246" lat="38.768135"><ele>363.0</ele></trkpt>
   <trkpt lon="-9.437203" lat="38.768080"><ele>362.2</ele></trkpt>
   <trkpt lon="-9.437220" lat="38.767765"><ele>361.5</ele></trkpt>
   <trkpt lon="-9.436900" lat="38.767263"><ele>360.9</ele></trkpt>
   <trkpt lon="-9.436856" lat="38.767170"><ele>359.9</ele><sym>right_slight</sym></trkpt>
   <trkpt lon="-9.436897" lat="38.767066"><ele>359.0</ele></trkpt>
   <trkpt lon="-9.436936" lat="38.767048"><ele>358.2</ele></trkpt>
   <trkpt lon="-9.437213" lat="38.767023"><ele>357.0</ele></trkpt>
   <trkpt lon="-9.437405" lat="38.767009"><ele>355.3</ele></trkpt>
   <trkpt lon="-9.437712" lat="38.766942"><ele>353.8</ele></trkpt>
   <trkpt lon="-9.437755" lat="38.766922"><ele>352.8</ele></trkpt>
   <trkpt lon="-9.437811" lat="38.766872"><ele>351.2</ele></trkpt>
   <trkpt lon="-9.437976" lat="38.766671"><ele>349.1</ele></trkpt>
   <trkpt lon="-9.438135" lat="38.766354"><ele>346.1</ele></trkpt>
   <trkpt lon="-9.438194" lat="38.766162"><ele>342.6</ele></trkpt>
   <trkpt lon="-9.438261" lat="38.766077"><ele>340.2</ele></trkpt>
   <trkpt lon="-9.438634" lat="38.765763"><ele>336.9</ele></trkpt>
   <trkpt lon="-9.438657" lat="38.765713"><ele>335.6</ele></trkpt>
   <trkpt lon="-9.438968" lat="38.764661"><ele>332.7</ele></trkpt>
   <trkpt lon="-9.439125" lat="38.764076"><ele>330.6</ele></trkpt>
   <trkpt lon="-9.439136" lat="38.764013"><ele>329.0</ele></trkpt>
   <trkpt lon="-9.439140" lat="38.763944"><ele>327.3</ele></trkpt>
   <trkpt lon="-9.439129" lat="38.763871"><ele>325.6</ele></trkpt>
   <trkpt lon="-9.438946" lat="38.763531"><ele>323.2</ele></trkpt>
   <trkpt lon="-9.438904" lat="38.763440"><ele>321.6</ele></trkpt>
   <trkpt lon="-9.438898" lat="38.763360"><ele>320.3</ele></trkpt>
   <trkpt lon="-9.438902" lat="38.763259"><ele>318.3</ele></trkpt>
   <trkpt lon="-9.438954" lat="38.763196"><ele>316.5</ele></trkpt>
   <trkpt lon="-9.439310" lat="38.763043"><ele>314.4</ele></trkpt>
   <trkpt lon="-9.439391" lat="38.762996"><ele>312.5</ele></trkpt>
   <trkpt lon="-9.439767" lat="38.762671"><ele>309.9</ele></trkpt>
   <trkpt lon="-9.440180" lat="38.762371"><ele>307.2</ele></trkpt>
   <trkpt lon="-9.440351" lat="38.762264"><ele>304.5</ele></trkpt>
   <trkpt lon="-9.440410" lat="38.762211"><ele>302.8</ele></trkpt>
   <trkpt lon="-9.440835" lat="38.761708"><ele>300.1</ele></trkpt>
   <trkpt lon="-9.441169" lat="38.761399"><ele>297.0</ele><sym>pass_place</sym><type>Shaping</type></trkpt>
   <trkpt lon="-9.441577" lat="38.761058"><ele>294.2</ele></trkpt>
   <trkpt lon="-9.441641" lat="38.761032"><ele>292.8</ele></trkpt>
   <trkpt lon="-9.442014" lat="38.760942"><ele>290.5</ele></trkpt>
   <trkpt lon="-9.442057" lat="38.760922"><ele>289.6</ele></trkpt>
   <trkpt lon="-9.442784" lat="38.760430"><ele>287.1</ele></trkpt>
   <trkpt lon="-9.442840" lat="38.760381"><ele>285.5</ele></trkpt>
   <trkpt lon="-9.442993" lat="38.760122"><ele>283.1</ele></trkpt>
   <trkpt lon="-9.443089" lat="38.759940"><ele>279.8</ele></trkpt>
   <trkpt lon="-9.443234" lat="38.759137"><ele>276.7</ele></trkpt>
   <trkpt lon="-9.443301" lat="38.758714"><ele>273.3</ele></trkpt>
   <trkpt lon="-9.443374" lat="38.758497"><ele>270.4</ele></trkpt>
   <trkpt lon="-9.443537" lat="38.758237"><ele>267.7</ele></trkpt>
   <trkpt lon="-9.443924" lat="38.757832"><ele>265.3</ele></trkpt>
   <trkpt lon="-9.444101" lat="38.757557"><ele>263.1</ele></trkpt>
   <trkpt lon="-9.444283" lat="38.757338"><ele>261.4</ele></trkpt>
   <trkpt lon="-9.444366" lat="38.757175"><ele>259.7</ele></trkpt>
   <trkpt lon="-9.444457" lat="38.756959"><ele>258.1</ele></trkpt>
   <trkpt lon="-9.444433" lat="38.756876"><ele>256.5</ele></trkpt>
   <trkpt lon="-9.444355" lat="38.756780"><ele>255.7</ele></trkpt>
   <trkpt lon="-9.444205" lat="38.756690"><ele>255.1</ele></trkpt>
   <trkpt lon="-9.444120" lat="38.756632"><ele>254.5</ele></trkpt>
   <trkpt lon="-9.444086" lat="38.756598"><ele>253.9</ele><sym>right_slight</sym></trkpt>
   <trkpt lon="-9.444066" lat="38.756552"><ele>253.2</ele></trkpt>
   <trkpt lon="-9.444062" lat="38.756500"><ele>252.4</ele></trkpt>
   <trkpt lon="-9.444098" lat="38.756421"><ele>251.4</ele><sym>right_slight</sym></trkpt>
   <trkpt lon="-9.444284" lat="38.756353"><ele>250.1</ele></trkpt>
   <trkpt lon="-9.444371" lat="38.756332"><ele>248.8</ele></trkpt>
   <trkpt lon="-9.444436" lat="38.756325"><ele>247.6</ele></trkpt>
   <trkpt lon="-9.444474" lat="38.756321"><ele>246.9</ele></trkpt>
   <trkpt lon="-9.444559" lat="38.756329"><ele>245.7</ele></trkpt>
   <trkpt lon="-9.444662" lat="38.756347"><ele>244.4</ele></trkpt>
   <trkpt lon="-9.444798" lat="38.756410"><ele>243.2</ele></trkpt>
   <trkpt lon="-9.444909" lat="38.756512"><ele>242.3</ele></trkpt>
   <trkpt lon="-9.444962" lat="38.756636"><ele>241.3</ele></trkpt>
   <trkpt lon="-9.444947" lat="38.756916"><ele>240.3</ele></trkpt>
   <trkpt lon="-9.444811" lat="38.757758"><ele>239.5</ele></trkpt>
   <trkpt lon="-9.444848" lat="38.758094"><ele>238.7</ele><sym>left_sharp</sym></trkpt>
   <trkpt lon="-9.444850" lat="38.758088"><ele>238.5</ele><sym>pass_place</sym><type>Shaping</type></trkpt>
   <trkpt lon="-9.444903" lat="38.757955"><ele>237.9</ele></trkpt>
   <trkpt lon="-9.444960" lat="38.757743"><ele>237.3</ele></trkpt>
   <trkpt lon="-9.444976" lat="38.757570"><ele>236.7</ele></trkpt>
   <trkpt lon="-9.445030" lat="38.757415"><ele>236.3</ele></trkpt>
   <trkpt lon="-9.445068" lat="38.757328"><ele>236.0</ele></trkpt>
   <trkpt lon="-9.445197" lat="38.757060"><ele>235.8</ele></trkpt>
   <trkpt lon="-9.445268" lat="38.756838"><ele>235.6</ele></trkpt>
   <trkpt lon="-9.445383" lat="38.756706"><ele>235.6</ele></trkpt>
   <trkpt lon="-9.445478" lat="38.756614"><ele>235.4</ele></trkpt>
   <trkpt lon="-9.445512" lat="38.756541"><ele>235.2</ele></trkpt>
   <trkpt lon="-9.445480" lat="38.756353"><ele>234.8</ele></trkpt>
   <trkpt lon="-9.445473" lat="38.756317"><ele>234.2</ele></trkpt>
   <trkpt lon="-9.445392" lat="38.756137"><ele>233.3</ele></trkpt>
   <trkpt lon="-9.445290" lat="38.755955"><ele>232.4</ele></trkpt>
   <trkpt lon="-9.445175" lat="38.755825"><ele>231.2</ele></trkpt>
   <trkpt lon="-9.445100" lat="38.755710"><ele>230.0</ele></trkpt>
   <trkpt lon="-9.445019" lat="38.755583"><ele>228.7</ele></trkpt>
   <trkpt lon="-9.444878" lat="38.755325"><ele>227.3</ele></trkpt>
   <trkpt lon="-9.444783" lat="38.755193"><ele>225.8</ele></trkpt>
   <trkpt lon="-9.444670" lat="38.755004"><ele>224.3</ele><sym>right</sym></trkpt>
   <trkpt lon="-9.444718" lat="38.754985"><ele>223.3</ele></trkpt>
   <trkpt lon="-9.444833" lat="38.754967"><ele>222.0</ele></trkpt>
   <trkpt lon="-9.445145" lat="38.754967"><ele>220.8</ele></trkpt>
   <trkpt lon="-9.445171" lat="38.754973"><ele>220.3</ele></trkpt>
   <trkpt lon="-9.445316" lat="38.755003"><ele>219.8</ele></trkpt>
   <trkpt lon="-9.445514" lat="38.755048"><ele>219.4</ele></trkpt>
   <trkpt lon="-9.445575" lat="38.755077"><ele>218.5</ele></trkpt>
   <trkpt lon="-9.445793" lat="38.755214"><ele>217.7</ele></trkpt>
   <trkpt lon="-9.445897" lat="38.755264"><ele>216.9</ele></trkpt>
   <trkpt lon="-9.446008" lat="38.755308"><ele>216.2</ele><sym>left_slight</sym></trkpt>
   <trkpt lon="-9.446098" lat="38.755276"><ele>214.9</ele></trkpt>
   <trkpt lon="-9.446598" lat="38.755145"><ele>213.3</ele></trkpt>
   <trkpt lon="-9.446712" lat="38.755201"><ele>210.7</ele></trkpt>
   <trkpt lon="-9.446782" lat="38.755198"><ele>209.4</ele><sym>left_slight</sym></trkpt>
   <trkpt lon="-9.446840" lat="38.755173"><ele>208.1</ele></trkpt>
   <trkpt lon="-9.447196" lat="38.754718"><ele>204.8</ele><sym>left_slight</sym></trkpt>
   <trkpt lon="-9.447199" lat="38.754457"><ele>201.5</ele></trkpt>
   <trkpt lon="-9.447327" lat="38.753919"><ele>198.6</ele><sym>right_slight</sym></trkpt>
   <trkpt lon="-9.447370" lat="38.753903"><ele>197.7</ele></trkpt>
   <trkpt lon="-9.447422" lat="38.753862"><ele>196.2</ele></trkpt>
   <trkpt lon="-9.447508" lat="38.753808"><ele>194.1</ele></trkpt>
   <trkpt lon="-9.447646" lat="38.753746"><ele>191.6</ele></trkpt>
   <trkpt lon="-9.447742" lat="38.753718"><ele>189.7</ele></trkpt>
   <trkpt lon="-9.447804" lat="38.753700"><ele>188.6</ele></trkpt>
   <trkpt lon="-9.447952" lat="38.753698"><ele>187.5</ele></trkpt>
   <trkpt lon="-9.448173" lat="38.753727"><ele>186.5</ele></trkpt>
   <trkpt lon="-9.448341" lat="38.753760"><ele>185.5</ele><sym>straight</sym></trkpt>
   <trkpt lon="-9.448662" lat="38.753843"><ele>184.7</ele></trkpt>
   <trkpt lon="-9.448811" lat="38.753899"><ele>183.8</ele></trkpt>
   <trkpt lon="-9.448986" lat="38.754009"><ele>182.8</ele></trkpt>
   <trkpt lon="-9.449140" lat="38.754138"><ele>182.0</ele></trkpt>
   <trkpt lon="-9.449312" lat="38.754279"><ele>181.3</ele></trkpt>
   <trkpt lon="-9.449450" lat="38.754408"><ele>180.6</ele></trkpt>
   <trkpt lon="-9.449604" lat="38.754567"><ele>180.2</ele></trkpt>
   <trkpt lon="-9.449694" lat="38.754731"><ele>179.8</ele></trkpt>
   <trkpt lon="-9.449719" lat="38.754814"><ele>179.5</ele></trkpt>
   <trkpt lon="-9.449737" lat="38.754914"><ele>179.3</ele></trkpt>
   <trkpt lon="-9.449776" lat="38.754969"><ele>179.0</ele></trkpt>
   <trkpt lon="-9.449850" lat="38.754999"><ele>178.8</ele></trkpt>
   <trkpt lon="-9.449936" lat="38.754995"><ele>178.7</ele></trkpt>
   <trkpt lon="-9.449979" lat="38.754957"><ele>178.6</ele></trkpt>
   <trkpt lon="-9.450040" lat="38.754874"><ele>178.4</ele></trkpt>
   <trkpt lon="-9.450097" lat="38.754688"><ele>178.4</ele></trkpt>
   <trkpt lon="-9.450110" lat="38.754581"><ele>178.3</ele></trkpt>
   <trkpt lon="-9.450106" lat="38.754485"><ele>178.3</ele></trkpt>
   <trkpt lon="-9.450072" lat="38.754372"><ele>178.3</ele></trkpt>
   <trkpt lon="-9.450039" lat="38.754312"><ele>178.4</ele><sym>right_slight</sym></trkpt>
   <trkpt lon="-9.450135" lat="38.754093"><ele>178.5</ele></trkpt>
   <trkpt lon="-9.450162" lat="38.753985"><ele>178.6</ele></trkpt>
   <trkpt lon="-9.450218" lat="38.753902"><ele>178.5</ele></trkpt>
   <trkpt lon="-9.450281" lat="38.753849"><ele>178.2</ele></trkpt>
   <trkpt lon="-9.450415" lat="38.753805"><ele>177.9</ele><sym>left_slight</sym></trkpt>
   <trkpt lon="-9.450574" lat="38.753680"><ele>177.6</ele></trkpt>
   <trkpt lon="-9.450615" lat="38.753629"><ele>176.9</ele></trkpt>
   <trkpt lon="-9.450649" lat="38.753504"><ele>176.2</ele></trkpt>
   <trkpt lon="-9.450763" lat="38.753318"><ele>175.6</ele></trkpt>
   <trkpt lon="-9.450869" lat="38.753207"><ele>175.3</ele></trkpt>
   <trkpt lon="-9.450967" lat="38.753171"><ele>175.2</ele></trkpt>
   <trkpt lon="-9.451282" lat="38.752973"><ele>175.0</ele></trkpt>
   <trkpt lon="-9.451346" lat="38.752967"><ele>175.1</ele></trkpt>
   <trkpt lon="-9.451532" lat="38.752956"><ele>175.4</ele></trkpt>
   <trkpt lon="-9.451814" lat="38.752960"><ele>176.0</ele></trkpt>
   <trkpt lon="-9.451952" lat="38.752971"><ele>176.6</ele></trkpt>
   <trkpt lon="-9.452067" lat="38.752981"><ele>177.1</ele></trkpt>
   <trkpt lon="-9.452397" lat="38.753028"><ele>177.6</ele></trkpt>
   <trkpt lon="-9.452596" lat="38.753097"><ele>177.9</ele></trkpt>
   <trkpt lon="-9.452672" lat="38.753070"><ele>178.0</ele></trkpt>
   <trkpt lon="-9.452818" lat="38.753011"><ele>177.8</ele><sym>left</sym></trkpt>
   <trkpt lon="-9.452761" lat="38.752962"><ele>177.4</ele></trkpt>
   <trkpt lon="-9.452559" lat="38.752788"><ele>176.9</ele></trkpt>
   <trkpt lon="-9.452106" lat="38.752399"><ele>176.4</ele></trkpt>
   <trkpt lon="-9.452081" lat="38.752374"><ele>175.7</ele></trkpt>
   <trkpt lon="-9.452018" lat="38.752323"><ele>175.0</ele></trkpt>
   <trkpt lon="-9.451969" lat="38.752298"><ele>174.3</ele></trkpt>
   <trkpt lon="-9.451909" lat="38.752278"><ele>173.5</ele></trkpt>
   <trkpt lon="-9.451835" lat="38.752267"><ele>172.9</ele></trkpt>
   <trkpt lon="-9.451748" lat="38.752271"><ele>172.4</ele></trkpt>
   <trkpt lon="-9.451685" lat="38.752284"><ele>171.9</ele></trkpt>
   <trkpt lon="-9.451604" lat="38.752319"><ele>171.5</ele></trkpt>
   <trkpt lon="-9.451112" lat="38.752562"><ele>171.0</ele></trkpt>
   <trkpt lon="-9.450807" lat="38.752709"><ele>170.7</ele><sym>right_slight</sym></trkpt>
   <trkpt lon="-9.450712" lat="38.752716"><ele>170.4</ele></trkpt>
   <trkpt lon="-9.450608" lat="38.752706"><ele>170.2</ele></trkpt>
   <trkpt lon="-9.450499" lat="38.752658"><ele>170.2</ele></trkpt>
   <trkpt lon="-9.450453" lat="38.752623"><ele>170.0</ele></trkpt>
   <trkpt lon="-9.450407" lat="38.752568"><ele>169.1</ele></trkpt>
   <trkpt lon="-9.450377" lat="38.752509"><ele>168.0</ele></trkpt>
   <trkpt lon="-9.450360" lat="38.752428"><ele>166.5</ele></trkpt>
   <trkpt lon="-9.450346" lat="38.752279"><ele>164.7</ele></trkpt>
   <trkpt lon="-9.450243" lat="38.750967"><ele>162.7</ele></trkpt>
   <trkpt lon="-9.450296" lat="38.749568"><ele>160.4</ele></trkpt>
   <trkpt lon="-9.450304" lat="38.749277"><ele>158.1</ele></trkpt>
   <trkpt lon="-9.450328" lat="38.748856"><ele>155.8</ele></trkpt>
   <trkpt lon="-9.450366" lat="38.748629"><ele>153.5</ele></trkpt>
   <trkpt lon="-9.450402" lat="38.748519"><ele>151.0</ele></trkpt>
   <trkpt lon="-9.450489" lat="38.748372"><ele>148.9</ele></trkpt>
   <trkpt lon="-9.450566" lat="38.748281"><ele>147.7</ele></trkpt>
   <trkpt lon="-9.450708" lat="38.748148"><ele>146.8</ele></trkpt>
   <trkpt lon="-9.451154" lat="38.747762"><ele>146.3</ele></trkpt>
   <trkpt lon="-9.451206" lat="38.747710"><ele>146.2</ele><sym>pass_place</sym><type>Shaping</type></trkpt>
   <trkpt lon="-9.451298" lat="38.747598"><ele>146.2</ele></trkpt>
   <trkpt lon="-9.451347" lat="38.747518"><ele>145.3</ele></trkpt>
   <trkpt lon="-9.451380" lat="38.747454"><ele>143.8</ele></trkpt>
   <trkpt lon="-9.451411" lat="38.747359"><ele>142.0</ele></trkpt>
   <trkpt lon="-9.451433" lat="38.747240"><ele>140.1</ele></trkpt>
   <trkpt lon="-9.451430" lat="38.747143"><ele>138.0</ele></trkpt>
   <trkpt lon="-9.451309" lat="38.746019"><ele>135.8</ele></trkpt>
   <trkpt lon="-9.451253" lat="38.745659"><ele>133.6</ele></trkpt>
   <trkpt lon="-9.451251" lat="38.745582"><ele>131.7</ele></trkpt>
   <trkpt lon="-9.451259" lat="38.745514"><ele>130.0</ele></trkpt>
   <trkpt lon="-9.451279" lat="38.745421"><ele>128.2</ele></trkpt>
   <trkpt lon="-9.451314" lat="38.745336"><ele>126.6</ele></trkpt>
   <trkpt lon="-9.451392" lat="38.745230"><ele>126.1</ele></trkpt>
   <trkpt lon="-9.451441" lat="38.745177"><ele>126.3</ele></trkpt>
   <trkpt lon="-9.451518" lat="38.745116"><ele>126.7</ele></trkpt>
   <trkpt lon="-9.451622" lat="38.745053"><ele>127.0</ele></trkpt>
   <trkpt lon="-9.451799" lat="38.744983"><ele>127.3</ele></trkpt>
   <trkpt lon="-9.452031" lat="38.744921"><ele>126.8</ele></trkpt>
   <trkpt lon="-9.452118" lat="38.744889"><ele>126.2</ele></trkpt>
   <trkpt lon="-9.452282" lat="38.744813"><ele>125.5</ele></trkpt>
   <trkpt lon="-9.452429" lat="38.744708"><ele>124.7</ele></trkpt>
   <trkpt lon="-9.452509" lat="38.744635"><ele>123.7</ele></trkpt>
   <trkpt lon="-9.453311" lat="38.743858"><ele>122.4</ele></trkpt>
   <trkpt lon="-9.453424" lat="38.743720"><ele>120.7</ele></trkpt>
   <trkpt lon="-9.453472" lat="38.743646"><ele>118.6</ele></trkpt>
   <trkpt lon="-9.453536" lat="38.743529"><ele>116.6</ele></trkpt>
   <trkpt lon="-9.453570" lat="38.743448"><ele>114.5</ele></trkpt>
   <trkpt lon="-9.453624" lat="38.743289"><ele>112.4</ele></trkpt>
   <trkpt lon="-9.453656" lat="38.743113"><ele>110.7</ele></trkpt>
   <trkpt lon="-9.453689" lat="38.742730"><ele>109.1</ele></trkpt>
   <trkpt lon="-9.453708" lat="38.742609"><ele>107.4</ele></trkpt>
   <trkpt lon="-9.453762" lat="38.742417"><ele>105.8</ele></trkpt>
   <trkpt lon="-9.453837" lat="38.742241"><ele>104.5</ele></trkpt>
   <trkpt lon="-9.454150" lat="38.741610"><ele>103.4</ele></trkpt>
   <trkpt lon="-9.454197" lat="38.741490"><ele>102.4</ele></trkpt>
   <trkpt lon="-9.454240" lat="38.741352"><ele>100.8</ele></trkpt>
   <trkpt lon="-9.454263" lat="38.741214"><ele>99.2</ele></trkpt>
   <trkpt lon="-9.454321" lat="38.740606"><ele>97.8</ele></trkpt>
   <trkpt lon="-9.454345" lat="38.740480"><ele>96.4</ele></trkpt>
   <trkpt lon="-9.454421" lat="38.740241"><ele>95.5</ele></trkpt>
   <trkpt lon="-9.454868" lat="38.739086"><ele>94.4</ele></trkpt>
   <trkpt lon="-9.454900" lat="38.739027"><ele>93.4</ele></trkpt>
   <trkpt lon="-9.454948" lat="38.738959"><ele>92.4</ele></trkpt>
   <trkpt lon="-9.455028" lat="38.738875"><ele>91.1</ele></trkpt>
   <trkpt lon="-9.455116" lat="38.738812"><ele>89.9</ele></trkpt>
   <trkpt lon="-9.455579" lat="38.738540"><ele>88.8</ele></trkpt>
   <trkpt lon="-9.455673" lat="38.738460"><ele>88.6</ele></trkpt>
   <trkpt lon="-9.455720" lat="38.738410"><ele>88.1</ele></trkpt>
   <trkpt lon="-9.455757" lat="38.738362"><ele>87.6</ele></trkpt>
   <trkpt lon="-9.455821" lat="38.738256"><ele>87.0</ele></trkpt>
   <trkpt lon="-9.455862" lat="38.738139"><ele>86.3</ele></trkpt>
   <trkpt lon="-9.455865" lat="38.738016"><ele>85.7</ele></trkpt>
   <trkpt lon="-9.455819" lat="38.737656"><ele>85.1</ele></trkpt>
   <trkpt lon="-9.455817" lat="38.737582"><ele>84.6</ele></trkpt>
   <trkpt lon="-9.455833" lat="38.737467"><ele>84.0</ele></trkpt>
   <trkpt lon="-9.455873" lat="38.737364"><ele>83.3</ele></trkpt>
   <trkpt lon="-9.456176" lat="38.736795"><ele>82.6</ele><sym>right_slight</sym></trkpt>
   <trkpt lon="-9.456285" lat="38.736707"><ele>81.9</ele></trkpt>
   <trkpt lon="-9.456385" lat="38.736621"><ele>81.5</ele></trkpt>
   <trkpt lon="-9.456441" lat="38.736543"><ele>81.1</ele></trkpt>
   <trkpt lon="-9.456478" lat="38.736461"><ele>80.9</ele></trkpt>
   <trkpt lon="-9.456492" lat="38.736395"><ele>80.6</ele></trkpt>
   <trkpt lon="-9.456506" lat="38.736195"><ele>80.3</ele><sym>right_slight</sym></trkpt>
   <trkpt lon="-9.456535" lat="38.736147"><ele>79.9</ele></trkpt>
   <trkpt lon="-9.456668" lat="38.735939"><ele>79.4</ele></trkpt>
   <trkpt lon="-9.456810" lat="38.735770"><ele>78.9</ele></trkpt>
   <trkpt lon="-9.456914" lat="38.735674"><ele>78.4</ele></trkpt>
   <trkpt lon="-9.457016" lat="38.735597"><ele>77.9</ele></trkpt>
   <trkpt lon="-9.457170" lat="38.735500"><ele>77.6</ele></trkpt>
   <trkpt lon="-9.457266" lat="38.735451"><ele>77.3</ele></trkpt>
   <trkpt lon="-9.457373" lat="38.735407"><ele>77.0</ele></trkpt>
   <trkpt lon="-9.457509" lat="38.735358"><ele>76.7</ele></trkpt>
   <trkpt lon="-9.457649" lat="38.735318"><ele>76.2</ele></trkpt>
   <trkpt lon="-9.457761" lat="38.735292"><ele>75.9</ele></trkpt>
   <trkpt lon="-9.457869" lat="38.735275"><ele>75.6</ele></trkpt>
   <trkpt lon="-9.458063" lat="38.735255"><ele>75.5</ele></trkpt>
   <trkpt lon="-9.458360" lat="38.735265"><ele>75.4</ele></trkpt>
   <trkpt lon="-9.459588" lat="38.735401"><ele>75.3</ele></trkpt>
   <trkpt lon="-9.459663" lat="38.735404"><ele>75.2</ele></trkpt>
   <trkpt lon="-9.459764" lat="38.735405"><ele>75.0</ele></trkpt>
   <trkpt lon="-9.459856" lat="38.735397"><ele>74.9</ele></trkpt>
   <trkpt lon="-9.460018" lat="38.735359"><ele>74.8</ele></trkpt>
   <trkpt lon="-9.460106" lat="38.735330"><ele>74.2</ele></trkpt>
   <trkpt lon="-9.460139" lat="38.735319"><ele>73.7</ele></trkpt>
   <trkpt lon="-9.460219" lat="38.735276"><ele>72.9</ele><sym>pass_place</sym><type>Shaping</type></trkpt>
   <trkpt lon="-9.460220" lat="38.735275"><ele>72.9</ele></trkpt>
   <trkpt lon="-9.460290" lat="38.735230"><ele>71.9</ele></trkpt>
   <trkpt lon="-9.460601" lat="38.734954"><ele>71.2</ele></trkpt>
   <trkpt lon="-9.460790" lat="38.734805"><ele>70.5</ele></trkpt>
   <trkpt lon="-9.460909" lat="38.734730"><ele>69.7</ele></trkpt>
   <trkpt lon="-9.461000" lat="38.734687"><ele>68.8</ele></trkpt>
   <trkpt lon="-9.461215" lat="38.734618"><ele>67.4</ele></trkpt>
   <trkpt lon="-9.462027" lat="38.734445"><ele>66.0</ele></trkpt>
   <trkpt lon="-9.462394" lat="38.734369"><ele>65.0</ele></trkpt>
   <trkpt lon="-9.462557" lat="38.734338"><ele>64.3</ele></trkpt>
   <trkpt lon="-9.462900" lat="38.734288"><ele>63.8</ele></trkpt>
   <trkpt lon="-9.463822" lat="38.734165"><ele>63.5</ele></trkpt>
   <trkpt lon="-9.463986" lat="38.734135"><ele>63.1</ele></trkpt>
   <trkpt lon="-9.464203" lat="38.734069"><ele>62.3</ele></trkpt>
   <trkpt lon="-9.464362" lat="38.734000"><ele>61.3</ele></trkpt>
   <trkpt lon="-9.464448" lat="38.733956"><ele>59.6</ele></trkpt>
   <trkpt lon="-9.464755" lat="38.733762"><ele>58.5</ele></trkpt>
   <trkpt lon="-9.465191" lat="38.733501"><ele>58.1</ele></trkpt>
   <trkpt lon="-9.465487" lat="38.733351"><ele>57.7</ele></trkpt>
   <trkpt lon="-9.465808" lat="38.733207"><ele>56.9</ele></trkpt>
   <trkpt lon="-9.466570" lat="38.732892"><ele>56.0</ele><sym>right</sym></trkpt>
   <trkpt lon="-9.467182" lat="38.733270"><ele>55.2</ele></trkpt>
   <trkpt lon="-9.467457" lat="38.733468"><ele>54.3</ele></trkpt>
   <trkpt lon="-9.467556" lat="38.733554"><ele>53.4</ele></trkpt>
   <trkpt lon="-9.467931" lat="38.734046"><ele>52.7</ele></trkpt>
   <trkpt lon="-9.467979" lat="38.734095"><ele>52.3</ele></trkpt>
   <trkpt lon="-9.468067" lat="38.734184"><ele>52.5</ele></trkpt>
   <trkpt lon="-9.468169" lat="38.734305"><ele>51.9</ele></trkpt>
   <trkpt lon="-9.468200" lat="38.734367"><ele>50.8</ele></trkpt>
   <trkpt lon="-9.468238" lat="38.734498"><ele>49.5</ele></trkpt>
   <trkpt lon="-9.468239" lat="38.734646"><ele>48.5</ele><sym>left</sym></trkpt>
   <trkpt lon="-9.468601" lat="38.734756"><ele>47.8</ele></trkpt>
   <trkpt lon="-9.468956" lat="38.734903"><ele>47.1</ele></trkpt>
   <trkpt lon="-9.469616" lat="38.735250"><ele>46.4</ele></trkpt>
   <trkpt lon="-9.470002" lat="38.735462"><ele>45.7</ele></trkpt>
   <trkpt lon="-9.470038" lat="38.735480"><ele>44.9</ele><sym>left</sym></trkpt>
   <trkpt lon="-9.470209" lat="38.735312"><ele>43.9</ele></trkpt>
   <trkpt lon="-9.470247" lat="38.735308"><ele>43.2</ele></trkpt>
   <trkpt lon="-9.470403" lat="38.735338"><ele>42.4</ele></trkpt>
   <trkpt lon="-9.470736" lat="38.735452"><ele>41.8</ele></trkpt>
   <trkpt lon="-9.470927" lat="38.735494"><ele>41.4</ele><sym>left_slight</sym></trkpt>
   <trkpt lon="-9.470978" lat="38.735486"><ele>41.0</ele></trkpt>
   <trkpt lon="-9.471029" lat="38.735456"><ele>40.4</ele></trkpt>
   <trkpt lon="-9.471111" lat="38.735359"><ele>39.7</ele></trkpt>
   <trkpt lon="-9.471344" lat="38.734895"><ele>39.1</ele></trkpt>
   <trkpt lon="-9.471391" lat="38.734825"><ele>38.5</ele></trkpt>
   <trkpt lon="-9.471488" lat="38.734784"><ele>38.0</ele></trkpt>
   <trkpt lon="-9.471903" lat="38.733258"><ele>37.6</ele></trkpt>
   <trkpt lon="-9.471645" lat="38.732972"><ele>37.3</ele></trkpt>
   <trkpt lon="-9.471699" lat="38.732879"><ele>37.1</ele></trkpt>
   <trkpt lon="-9.471753" lat="38.732788"><ele>37.1</ele><sym>right_slight</sym></trkpt>
   <trkpt lon="-9.472114" lat="38.732710"><ele>37.1</ele></trkpt>
   <trkpt lon="-9.472292" lat="38.732666"><ele>37.1</ele></trkpt>
   <trkpt lon="-9.472307" lat="38.732664"><ele>37.1</ele></trkpt>
   <trkpt lon="-9.472337" lat="38.732672"><ele>37.1</ele><sym>right_sharp</sym></trkpt>
   <trkpt lon="-9.472334" lat="38.732680"><ele>37.1</ele><sym>pass_place</sym><type>Shaping</type></trkpt>
   <trkpt lon="-9.472337" lat="38.732672"><ele>37.1</ele></trkpt>
   <trkpt lon="-9.472307" lat="38.732664"><ele>37.1</ele></trkpt>
   <trkpt lon="-9.472292" lat="38.732666"><ele>37.1</ele></trkpt>
   <trkpt lon="-9.472114" lat="38.732710"><ele>37.1</ele></trkpt>
   <trkpt lon="-9.471753" lat="38.732788"><ele>37.1</ele><sym>left_slight</sym></trkpt>
   <trkpt lon="-9.471699" lat="38.732879"><ele>37.1</ele></trkpt>
   <trkpt lon="-9.471645" lat="38.732972"><ele>37.3</ele></trkpt>
   <trkpt lon="-9.471903" lat="38.733258"><ele>37.6</ele></trkpt>
   <trkpt lon="-9.471488" lat="38.734784"><ele>38.0</ele></trkpt>
   <trkpt lon="-9.471391" lat="38.734825"><ele>38.5</ele></trkpt>
   <trkpt lon="-9.471344" lat="38.734895"><ele>39.1</ele></trkpt>
   <trkpt lon="-9.471111" lat="38.735359"><ele>39.7</ele></trkpt>
   <trkpt lon="-9.471029" lat="38.735456"><ele>40.4</ele></trkpt>
   <trkpt lon="-9.470978" lat="38.735486"><ele>41.0</ele></trkpt>
   <trkpt lon="-9.470927" lat="38.735494"><ele>41.4</ele><sym>right_slight</sym></trkpt>
   <trkpt lon="-9.470736" lat="38.735452"><ele>41.8</ele></trkpt>
   <trkpt lon="-9.470403" lat="38.735338"><ele>42.4</ele></trkpt>
   <trkpt lon="-9.470247" lat="38.735308"><ele>43.2</ele></trkpt>
   <trkpt lon="-9.470209" lat="38.735312"><ele>43.9</ele></trkpt>
   <trkpt lon="-9.470038" lat="38.735480"><ele>44.9</ele><sym>right</sym></trkpt>
   <trkpt lon="-9.470002" lat="38.735462"><ele>45.7</ele></trkpt>
   <trkpt lon="-9.469616" lat="38.735250"><ele>46.4</ele></trkpt>
   <trkpt lon="-9.468956" lat="38.734903"><ele>47.1</ele></trkpt>
   <trkpt lon="-9.468601" lat="38.734756"><ele>47.8</ele></trkpt>
   <trkpt lon="-9.468239" lat="38.734646"><ele>48.5</ele><sym>right</sym></trkpt>
   <trkpt lon="-9.468238" lat="38.734498"><ele>49.5</ele></trkpt>
   <trkpt lon="-9.468200" lat="38.734367"><ele>50.8</ele></trkpt>
   <trkpt lon="-9.468169" lat="38.734305"><ele>51.9</ele></trkpt>
   <trkpt lon="-9.468067" lat="38.734184"><ele>52.5</ele></trkpt>
   <trkpt lon="-9.467979" lat="38.734095"><ele>52.3</ele></trkpt>
   <trkpt lon="-9.467931" lat="38.734046"><ele>52.7</ele></trkpt>
   <trkpt lon="-9.467556" lat="38.733554"><ele>53.4</ele></trkpt>
   <trkpt lon="-9.467457" lat="38.733468"><ele>54.3</ele></trkpt>
   <trkpt lon="-9.467182" lat="38.733270"><ele>55.2</ele></trkpt>
   <trkpt lon="-9.466570" lat="38.732892"><ele>56.0</ele><sym>left_slight</sym></trkpt>
   <trkpt lon="-9.465808" lat="38.733207"><ele>56.9</ele></trkpt>
   <trkpt lon="-9.465487" lat="38.733351"><ele>57.7</ele></trkpt>
   <trkpt lon="-9.465191" lat="38.733501"><ele>58.1</ele></trkpt>
   <trkpt lon="-9.464755" lat="38.733762"><ele>58.5</ele></trkpt>
   <trkpt lon="-9.464448" lat="38.733956"><ele>59.6</ele></trkpt>
   <trkpt lon="-9.464362" lat="38.734000"><ele>61.3</ele></trkpt>
   <trkpt lon="-9.464203" lat="38.734069"><ele>62.3</ele></trkpt>
   <trkpt lon="-9.463986" lat="38.734135"><ele>63.1</ele></trkpt>
   <trkpt lon="-9.463822" lat="38.734165"><ele>63.5</ele></trkpt>
   <trkpt lon="-9.462900" lat="38.734288"><ele>63.8</ele></trkpt>
   <trkpt lon="-9.462557" lat="38.734338"><ele>64.3</ele></trkpt>
   <trkpt lon="-9.462394" lat="38.734369"><ele>65.0</ele></trkpt>
   <trkpt lon="-9.462027" lat="38.734445"><ele>66.0</ele></trkpt>
   <trkpt lon="-9.461215" lat="38.734618"><ele>67.4</ele></trkpt>
   <trkpt lon="-9.461000" lat="38.734687"><ele>68.8</ele></trkpt>
   <trkpt lon="-9.460909" lat="38.734730"><ele>69.7</ele></trkpt>
   <trkpt lon="-9.460790" lat="38.734805"><ele>70.4</ele></trkpt>
   <trkpt lon="-9.460601" lat="38.734954"><ele>71.1</ele></trkpt>
   <trkpt lon="-9.460290" lat="38.735230"><ele>71.9</ele></trkpt>
   <trkpt lon="-9.460220" lat="38.735275"><ele>72.8</ele></trkpt>
   <trkpt lon="-9.460139" lat="38.735319"><ele>73.6</ele></trkpt>
   <trkpt lon="-9.460106" lat="38.735330"><ele>74.3</ele></trkpt>
   <trkpt lon="-9.460018" lat="38.735359"><ele>75.2</ele></trkpt>
   <trkpt lon="-9.459856" lat="38.735397"><ele>75.7</ele></trkpt>
   <trkpt lon="-9.459764" lat="38.735405"><ele>75.8</ele></trkpt>
   <trkpt lon="-9.459663" lat="38.735404"><ele>76.0</ele></trkpt>
   <trkpt lon="-9.459588" lat="38.735401"><ele>76.1</ele></trkpt>
   <trkpt lon="-9.458360" lat="38.735265"><ele>76.2</ele></trkpt>
   <trkpt lon="-9.458063" lat="38.735255"><ele>76.3</ele></trkpt>
   <trkpt lon="-9.457869" lat="38.735275"><ele>76.4</ele></trkpt>
   <trkpt lon="-9.457761" lat="38.735292"><ele>76.7</ele></trkpt>
   <trkpt lon="-9.457649" lat="38.735318"><ele>77.0</ele></trkpt>
   <trkpt lon="-9.457509" lat="38.735358"><ele>77.5</ele></trkpt>
   <trkpt lon="-9.457373" lat="38.735407"><ele>77.8</ele></trkpt>
   <trkpt lon="-9.457266" lat="38.735451"><ele>78.1</ele></trkpt>
   <trkpt lon="-9.457170" lat="38.735500"><ele>78.4</ele><sym>pass_place</sym><type>Shaping</type></trkpt>
   <trkpt lon="-9.457016" lat="38.735597"><ele>78.7</ele></trkpt>
   <trkpt lon="-9.456914" lat="38.735674"><ele>79.1</ele></trkpt>
   <trkpt lon="-9.456810" lat="38.735770"><ele>79.6</ele></trkpt>
   <trkpt lon="-9.456668" lat="38.735939"><ele>80.3</ele></trkpt>
   <trkpt lon="-9.456535" lat="38.736147"><ele>81.0</ele></trkpt>
   <trkpt lon="-9.456506" lat="38.736195"><ele>81.8</ele></trkpt>
   <trkpt lon="-9.456176" lat="38.736795"><ele>82.7</ele><sym>stay_left</sym></trkpt>
   <trkpt lon="-9.455873" lat="38.737364"><ele>83.6</ele></trkpt>
   <trkpt lon="-9.455833" lat="38.737467"><ele>84.3</ele></trkpt>
   <trkpt lon="-9.455817" lat="38.737582"><ele>85.1</ele></trkpt>
   <trkpt lon="-9.455819" lat="38.737656"><ele>85.8</ele></trkpt>
   <trkpt lon="-9.455865" lat="38.738016"><ele>86.5</ele></trkpt>
   <trkpt lon="-9.455862" lat="38.738139"><ele>87.1</ele></trkpt>
   <trkpt lon="-9.455821" lat="38.738256"><ele>87.8</ele></trkpt>
   <trkpt lon="-9.455757" lat="38.738362"><ele>88.4</ele></trkpt>
   <trkpt lon="-9.455720" lat="38.738410"><ele>88.9</ele></trkpt>
   <trkpt lon="-9.455673" lat="38.738460"><ele>89.3</ele></trkpt>
   <trkpt lon="-9.455579" lat="38.738540"><ele>89.6</ele></trkpt>
   <trkpt lon="-9.455116" lat="38.738812"><ele>90.7</ele></trkpt>
   <trkpt lon="-9.455028" lat="38.738875"><ele>91.9</ele></trkpt>
   <trkpt lon="-9.454948" lat="38.738959"><ele>93.2</ele></trkpt>
   <trkpt lon="-9.454900" lat="38.739027"><ele>94.2</ele></trkpt>
   <trkpt lon="-9.454868" lat="38.739086"><ele>95.2</ele></trkpt>
   <trkpt lon="-9.454421" lat="38.740241"><ele>96.3</ele></trkpt>
   <trkpt lon="-9.454345" lat="38.740480"><ele>97.2</ele></trkpt>
   <trkpt lon="-9.454321" lat="38.740606"><ele>98.6</ele></trkpt>
   <trkpt lon="-9.454263" lat="38.741214"><ele>100.0</ele></trkpt>
   <trkpt lon="-9.454240" lat="38.741352"><ele>101.6</ele></trkpt>
   <trkpt lon="-9.454197" lat="38.741490"><ele>103.2</ele></trkpt>
   <trkpt lon="-9.454150" lat="38.741610"><ele>104.2</ele></trkpt>
   <trkpt lon="-9.453837" lat="38.742241"><ele>105.3</ele></trkpt>
   <trkpt lon="-9.453762" lat="38.742417"><ele>106.6</ele></trkpt>
   <trkpt lon="-9.453708" lat="38.742609"><ele>108.2</ele></trkpt>
   <trkpt lon="-9.453689" lat="38.742730"><ele>109.9</ele></trkpt>
   <trkpt lon="-9.453656" lat="38.743113"><ele>111.5</ele></trkpt>
   <trkpt lon="-9.453624" lat="38.743289"><ele>113.2</ele></trkpt>
   <trkpt lon="-9.453570" lat="38.743448"><ele>115.3</ele></trkpt>
   <trkpt lon="-9.453536" lat="38.743529"><ele>117.3</ele></trkpt>
   <trkpt lon="-9.453472" lat="38.743646"><ele>119.4</ele></trkpt>
   <trkpt lon="-9.453424" lat="38.743720"><ele>121.4</ele></trkpt>
   <trkpt lon="-9.453311" lat="38.743858"><ele>123.1</ele></trkpt>
   <trkpt lon="-9.452509" lat="38.744635"><ele>124.5</ele></trkpt>
   <trkpt lon="-9.452429" lat="38.744708"><ele>125.5</ele></trkpt>
   <trkpt lon="-9.452282" lat="38.744813"><ele>126.3</ele></trkpt>
   <trkpt lon="-9.452118" lat="38.744889"><ele>127.0</ele></trkpt>
   <trkpt lon="-9.452031" lat="38.744921"><ele>127.6</ele></trkpt>
   <trkpt lon="-9.451799" lat="38.744983"><ele>128.1</ele></trkpt>
   <trkpt lon="-9.451622" lat="38.745053"><ele>127.8</ele></trkpt>
   <trkpt lon="-9.451518" lat="38.745116"><ele>127.4</ele></trkpt>
   <trkpt lon="-9.451441" lat="38.745177"><ele>127.1</ele></trkpt>
   <trkpt lon="-9.451392" lat="38.745230"><ele>126.9</ele></trkpt>
   <trkpt lon="-9.451314" lat="38.745336"><ele>127.4</ele></trkpt>
   <trkpt lon="-9.451279" lat="38.745421"><ele>129.0</ele></trkpt>
   <trkpt lon="-9.451259" lat="38.745514"><ele>130.8</ele></trkpt>
   <trkpt lon="-9.451251" lat="38.745582"><ele>132.5</ele></trkpt>
   <trkpt lon="-9.451253" lat="38.745659"><ele>134.4</ele></trkpt>
   <trkpt lon="-9.451309" lat="38.746019"><ele>136.6</ele></trkpt>
   <trkpt lon="-9.451430" lat="38.747143"><ele>138.8</ele></trkpt>
   <trkpt lon="-9.451433" lat="38.747240"><ele>140.9</ele></trkpt>
   <trkpt lon="-9.451411" lat="38.747359"><ele>142.8</ele></trkpt>
   <trkpt lon="-9.451380" lat="38.747454"><ele>144.5</ele></trkpt>
   <trkpt lon="-9.451347" lat="38.747518"><ele>146.1</ele></trkpt>
   <trkpt lon="-9.451298" lat="38.747598"><ele>146.9</ele></trkpt>
   <trkpt lon="-9.451206" lat="38.747710"><ele>147.0</ele></trkpt>
   <trkpt lon="-9.451154" lat="38.747762"><ele>147.1</ele></trkpt>
   <trkpt lon="-9.450708" lat="38.748148"><ele>147.6</ele></trkpt>
   <trkpt lon="-9.450566" lat="38.748281"><ele>148.5</ele></trkpt>
   <trkpt lon="-9.450489" lat="38.748372"><ele>149.7</ele></trkpt>
   <trkpt lon="-9.450402" lat="38.748519"><ele>151.8</ele></trkpt>
   <trkpt lon="-9.450366" lat="38.748629"><ele>154.0</ele></trkpt>
   <trkpt lon="-9.450328" lat="38.748856"><ele>156.2</ele></trkpt>
   <trkpt lon="-9.450304" lat="38.749277"><ele>158.8</ele></trkpt>
   <trkpt lon="-9.450296" lat="38.749568"><ele>161.2</ele></trkpt>
   <trkpt lon="-9.450243" lat="38.750967"><ele>163.5</ele><sym>u-turn_right</sym></trkpt>
   <trkpt lon="-9.450241" lat="38.750968"><ele>163.6</ele><sym>pass_place</sym><type>Shaping</type></trkpt>
   <trkpt lon="-9.450243" lat="38.750967"><ele>163.6</ele></trkpt>
   <trkpt lon="-9.450346" lat="38.752279"><ele>165.1</ele></trkpt>
   <trkpt lon="-9.450360" lat="38.752428"><ele>166.1</ele></trkpt>
   <trkpt lon="-9.450377" lat="38.752509"><ele>166.9</ele></trkpt>
   <trkpt lon="-9.450407" lat="38.752568"><ele>166.9</ele></trkpt>
   <trkpt lon="-9.450453" lat="38.752623"><ele>166.9</ele></trkpt>
   <trkpt lon="-9.450499" lat="38.752658"><ele>167.1</ele></trkpt>
   <trkpt lon="-9.450608" lat="38.752706"><ele>167.1</ele></trkpt>
   <trkpt lon="-9.450712" lat="38.752716"><ele>167.3</ele></trkpt>
   <trkpt lon="-9.450807" lat="38.752709"><ele>167.6</ele><sym>left_slight</sym></trkpt>
   <trkpt lon="-9.451112" lat="38.752562"><ele>167.9</ele></trkpt>
   <trkpt lon="-9.451604" lat="38.752319"><ele>168.4</ele></trkpt>
   <trkpt lon="-9.451685" lat="38.752284"><ele>168.8</ele></trkpt>
   <trkpt lon="-9.451748" lat="38.752271"><ele>169.3</ele></trkpt>
   <trkpt lon="-9.451835" lat="38.752267"><ele>169.8</ele></trkpt>
   <trkpt lon="-9.451909" lat="38.752278"><ele>170.4</ele></trkpt>
   <trkpt lon="-9.451969" lat="38.752298"><ele>171.2</ele></trkpt>
   <trkpt lon="-9.452018" lat="38.752323"><ele>171.9</ele></trkpt>
   <trkpt lon="-9.452081" lat="38.752374"><ele>172.6</ele></trkpt>
   <trkpt lon="-9.452106" lat="38.752399"><ele>173.4</ele></trkpt>
   <trkpt lon="-9.452559" lat="38.752788"><ele>174.2</ele></trkpt>
   <trkpt lon="-9.452761" lat="38.752962"><ele>175.1</ele></trkpt>
   <trkpt lon="-9.452818" lat="38.753011"><ele>176.0</ele></trkpt>
   <trkpt lon="-9.452895" lat="38.753078"><ele>177.0</ele></trkpt>
   <trkpt lon="-9.452962" lat="38.753117"><ele>178.0</ele></trkpt>
   <trkpt lon="-9.453042" lat="38.753149"><ele>179.0</ele></trkpt>
   <trkpt lon="-9.453162" lat="38.753171"><ele>179.8</ele></trkpt>
   <trkpt lon="-9.453305" lat="38.753162"><ele>180.4</ele></trkpt>
   <trkpt lon="-9.453385" lat="38.753145"><ele>180.7</ele></trkpt>
   <trkpt lon="-9.453459" lat="38.753122"><ele>180.8</ele></trkpt>
   <trkpt lon="-9.453531" lat="38.753088"><ele>181.1</ele></trkpt>
   <trkpt lon="-9.453593" lat="38.753050"><ele>181.3</ele></trkpt>
   <trkpt lon="-9.453683" lat="38.752987"><ele>181.5</ele></trkpt>
   <trkpt lon="-9.453953" lat="38.752754"><ele>181.7</ele></trkpt>
   <trkpt lon="-9.454049" lat="38.752682"><ele>181.8</ele></trkpt>
   <trkpt lon="-9.454391" lat="38.752501"><ele>182.0</ele></trkpt>
   <trkpt lon="-9.454715" lat="38.752331"><ele>182.1</ele></trkpt>
   <trkpt lon="-9.454865" lat="38.752259"><ele>182.2</ele></trkpt>
   <trkpt lon="-9.454973" lat="38.752215"><ele>182.5</ele></trkpt>
   <trkpt lon="-9.455166" lat="38.752151"><ele>183.0</ele></trkpt>
   <trkpt lon="-9.455391" lat="38.752100"><ele>183.6</ele></trkpt>
   <trkpt lon="-9.455450" lat="38.752088"><ele>184.4</ele></trkpt>
   <trkpt lon="-9.455531" lat="38.752079"><ele>185.1</ele></trkpt>
   <trkpt lon="-9.455604" lat="38.752080"><ele>186.1</ele></trkpt>
   <trkpt lon="-9.455726" lat="38.752095"><ele>187.1</ele></trkpt>
   <trkpt lon="-9.455890" lat="38.752147"><ele>188.1</ele></trkpt>
   <trkpt lon="-9.456118" lat="38.752236"><ele>189.1</ele></trkpt>
   <trkpt lon="-9.456235" lat="38.752280"><ele>190.1</ele></trkpt>
   <trkpt lon="-9.456508" lat="38.752383"><ele>190.9</ele></trkpt>
   <trkpt lon="-9.456632" lat="38.752430"><ele>191.8</ele></trkpt>
   <trkpt lon="-9.456699" lat="38.752449"><ele>192.6</ele></trkpt>
   <trkpt lon="-9.456761" lat="38.752455"><ele>193.2</ele></trkpt>
   <trkpt lon="-9.456820" lat="38.752452"><ele>193.7</ele></trkpt>
   <trkpt lon="-9.456980" lat="38.752431"><ele>194.0</ele></trkpt>
   <trkpt lon="-9.457079" lat="38.752426"><ele>194.1</ele></trkpt>
   <trkpt lon="-9.457169" lat="38.752441"><ele>194.2</ele></trkpt>
   <trkpt lon="-9.457221" lat="38.752457"><ele>194.3</ele></trkpt>
   <trkpt lon="-9.457268" lat="38.752480"><ele>194.6</ele></trkpt>
   <trkpt lon="-9.457318" lat="38.752515"><ele>194.8</ele></trkpt>
   <trkpt lon="-9.457410" lat="38.752600"><ele>195.1</ele></trkpt>
   <trkpt lon="-9.457446" lat="38.752642"><ele>195.4</ele></trkpt>
   <trkpt lon="-9.457482" lat="38.752699"><ele>195.7</ele></trkpt>
   <trkpt lon="-9.457520" lat="38.752808"><ele>196.0</ele></trkpt>
   <trkpt lon="-9.457531" lat="38.752865"><ele>196.9</ele></trkpt>
   <trkpt lon="-9.457529" lat="38.752974"><ele>197.8</ele></trkpt>
   <trkpt lon="-9.457519" lat="38.753017"><ele>198.7</ele></trkpt>
   <trkpt lon="-9.457487" lat="38.753093"><ele>199.7</ele></trkpt>
   <trkpt lon="-9.457427" lat="38.753208"><ele>200.5</ele></trkpt>
   <trkpt lon="-9.456593" lat="38.754683"><ele>201.3</ele></trkpt>
   <trkpt lon="-9.456566" lat="38.754763"><ele>202.0</ele></trkpt>
   <trkpt lon="-9.456562" lat="38.754823"><ele>202.8</ele></trkpt>
   <trkpt lon="-9.456579" lat="38.754896"><ele>203.6</ele></trkpt>
   <trkpt lon="-9.456617" lat="38.754957"><ele>204.4</ele></trkpt>
   <trkpt lon="-9.456687" lat="38.755018"><ele>205.2</ele></trkpt>
   <trkpt lon="-9.456770" lat="38.755060"><ele>205.5</ele></trkpt>
   <trkpt lon="-9.456837" lat="38.755086"><ele>205.7</ele></trkpt>
   <trkpt lon="-9.457503" lat="38.755327"><ele>206.0</ele></trkpt>
   <trkpt lon="-9.457624" lat="38.755385"><ele>206.3</ele></trkpt>
   <trkpt lon="-9.457687" lat="38.755423"><ele>206.7</ele></trkpt>
   <trkpt lon="-9.457753" lat="38.755474"><ele>207.2</ele></trkpt>
   <trkpt lon="-9.457867" lat="38.755591"><ele>207.8</ele></trkpt>
   <trkpt lon="-9.457917" lat="38.755666"><ele>208.5</ele></trkpt>
   <trkpt lon="-9.457943" lat="38.755721"><ele>209.3</ele></trkpt>
   <trkpt lon="-9.457962" lat="38.755776"><ele>210.1</ele></trkpt>
   <trkpt lon="-9.457967" lat="38.755835"><ele>210.8</ele></trkpt>
   <trkpt lon="-9.457959" lat="38.755907"><ele>211.6</ele></trkpt>
   <trkpt lon="-9.457902" lat="38.756176"><ele>212.4</ele></trkpt>
   <trkpt lon="-9.457896" lat="38.756239"><ele>213.0</ele></trkpt>
   <trkpt lon="-9.457908" lat="38.756343"><ele>213.7</ele></trkpt>
   <trkpt lon="-9.457921" lat="38.756404"><ele>214.5</ele></trkpt>
   <trkpt lon="-9.457967" lat="38.756515"><ele>215.3</ele></trkpt>
   <trkpt lon="-9.458014" lat="38.756585"><ele>216.1</ele></trkpt>
   <trkpt lon="-9.458063" lat="38.756646"><ele>216.7</ele></trkpt>
   <trkpt lon="-9.458110" lat="38.756687"><ele>217.5</ele></trkpt>
   <trkpt lon="-9.459092" lat="38.757444"><ele>218.2</ele></trkpt>
   <trkpt lon="-9.459183" lat="38.757539"><ele>219.1</ele></trkpt>
   <trkpt lon="-9.459236" lat="38.757610"><ele>220.0</ele></trkpt>
   <trkpt lon="-9.459291" lat="38.757717"><ele>221.0</ele></trkpt>
   <trkpt lon="-9.459313" lat="38.757837"><ele>222.1</ele></trkpt>
   <trkpt lon="-9.459312" lat="38.757897"><ele>223.1</ele></trkpt>
   <trkpt lon="-9.459267" lat="38.758111"><ele>224.0</ele></trkpt>
   <trkpt lon="-9.459176" lat="38.758415"><ele>224.8</ele></trkpt>
   <trkpt lon="-9.459168" lat="38.758538"><ele>225.6</ele></trkpt>
   <trkpt lon="-9.459187" lat="38.758607"><ele>226.5</ele></trkpt>
   <trkpt lon="-9.459231" lat="38.758676"><ele>227.4</ele></trkpt>
   <trkpt lon="-9.459287" lat="38.758726"><ele>228.3</ele></trkpt>
   <trkpt lon="-9.459348" lat="38.758769"><ele>229.1</ele></trkpt>
   <trkpt lon="-9.459423" lat="38.758802"><ele>229.9</ele></trkpt>
   <trkpt lon="-9.459502" lat="38.758824"><ele>230.5</ele></trkpt>
   <trkpt lon="-9.459588" lat="38.758827"><ele>231.1</ele></trkpt>
   <trkpt lon="-9.459665" lat="38.758819"><ele>231.6</ele></trkpt>
   <trkpt lon="-9.459731" lat="38.758804"><ele>231.9</ele></trkpt>
   <trkpt lon="-9.459860" lat="38.758745"><ele>232.1</ele></trkpt>
   <trkpt lon="-9.459919" lat="38.758701"><ele>232.1</ele></trkpt>
   <trkpt lon="-9.459967" lat="38.758654"><ele>231.6</ele></trkpt>
   <trkpt lon="-9.460033" lat="38.758569"><ele>231.0</ele></trkpt>
   <trkpt lon="-9.460097" lat="38.758438"><ele>230.2</ele><sym>pass_place</sym><type>Shaping</type></trkpt>
   <trkpt lon="-9.460097" lat="38.758436"><ele>230.2</ele></trkpt>
   <trkpt lon="-9.460170" lat="38.758230"><ele>229.3</ele></trkpt>
   <trkpt lon="-9.460654" lat="38.757466"><ele>228.5</ele></trkpt>
   <trkpt lon="-9.460685" lat="38.757422"><ele>227.8</ele></trkpt>
   <trkpt lon="-9.460794" lat="38.757336"><ele>227.1</ele></trkpt>
   <trkpt lon="-9.460835" lat="38.757315"><ele>226.5</ele></trkpt>
   <trkpt lon="-9.460974" lat="38.757288"><ele>226.1</ele></trkpt>
   <trkpt lon="-9.461069" lat="38.757295"><ele>225.9</ele></trkpt>
   <trkpt lon="-9.461162" lat="38.757313"><ele>226.3</ele></trkpt>
   <trkpt lon="-9.461262" lat="38.757346"><ele>226.7</ele></trkpt>
   <trkpt lon="-9.461742" lat="38.757533"><ele>227.3</ele></trkpt>
   <trkpt lon="-9.461921" lat="38.757632"><ele>227.8</ele></trkpt>
   <trkpt lon="-9.462007" lat="38.757696"><ele>228.4</ele></trkpt>
   <trkpt lon="-9.462689" lat="38.758296"><ele>228.9</ele></trkpt>
   <trkpt lon="-9.462789" lat="38.758366"><ele>229.1</ele></trkpt>
   <trkpt lon="-9.462849" lat="38.758398"><ele>229.4</ele></trkpt>
   <trkpt lon="-9.463001" lat="38.758462"><ele>229.7</ele></trkpt>
   <trkpt lon="-9.463067" lat="38.758481"><ele>230.5</ele></trkpt>
   <trkpt lon="-9.463157" lat="38.758497"><ele>231.5</ele></trkpt>
   <trkpt lon="-9.463869" lat="38.758544"><ele>232.2</ele></trkpt>
   <trkpt lon="-9.463982" lat="38.758564"><ele>232.8</ele></trkpt>
   <trkpt lon="-9.464096" lat="38.758600"><ele>233.3</ele></trkpt>
   <trkpt lon="-9.464520" lat="38.758814"><ele>233.8</ele></trkpt>
   <trkpt lon="-9.464601" lat="38.758871"><ele>234.3</ele></trkpt>
   <trkpt lon="-9.464734" lat="38.759002"><ele>234.9</ele></trkpt>
   <trkpt lon="-9.464994" lat="38.759286"><ele>235.9</ele></trkpt>
   <trkpt lon="-9.465044" lat="38.759357"><ele>237.1</ele></trkpt>
   <trkpt lon="-9.465117" lat="38.759517"><ele>238.1</ele></trkpt>
   <trkpt lon="-9.465148" lat="38.759630"><ele>238.8</ele></trkpt>
   <trkpt lon="-9.465172" lat="38.759769"><ele>239.3</ele></trkpt>
   <trkpt lon="-9.465186" lat="38.759905"><ele>239.7</ele></trkpt>
   <trkpt lon="-9.465187" lat="38.760025"><ele>240.3</ele></trkpt>
   <trkpt lon="-9.465179" lat="38.760145"><ele>240.9</ele></trkpt>
   <trkpt lon="-9.465087" lat="38.760704"><ele>241.6</ele></trkpt>
   <trkpt lon="-9.465085" lat="38.760859"><ele>242.3</ele></trkpt>
   <trkpt lon="-9.465115" lat="38.761143"><ele>242.9</ele></trkpt>
   <trkpt lon="-9.465147" lat="38.761254"><ele>243.5</ele></trkpt>
   <trkpt lon="-9.465168" lat="38.761302"><ele>244.0</ele></trkpt>
   <trkpt lon="-9.465204" lat="38.761363"><ele>244.5</ele></trkpt>
   <trkpt lon="-9.465230" lat="38.761384"><ele>245.0</ele></trkpt>
   <trkpt lon="-9.465283" lat="38.761430"><ele>245.4</ele></trkpt>
   <trkpt lon="-9.465373" lat="38.761470"><ele>245.8</ele></trkpt>
   <trkpt lon="-9.465458" lat="38.761504"><ele>246.2</ele></trkpt>
   <trkpt lon="-9.465589" lat="38.761539"><ele>246.4</ele></trkpt>
   <trkpt lon="-9.465758" lat="38.761565"><ele>246.6</ele></trkpt>
   <trkpt lon="-9.465934" lat="38.761570"><ele>246.6</ele></trkpt>
   <trkpt lon="-9.466042" lat="38.761560"><ele>246.5</ele></trkpt>
   <trkpt lon="-9.466142" lat="38.761547"><ele>246.4</ele></trkpt>
   <trkpt lon="-9.466292" lat="38.761511"><ele>246.1</ele></trkpt>
   <trkpt lon="-9.466422" lat="38.761466"><ele>245.9</ele></trkpt>
   <trkpt lon="-9.466975" lat="38.761229"><ele>245.7</ele></trkpt>
   <trkpt lon="-9.467137" lat="38.761193"><ele>245.5</ele></trkpt>
   <trkpt lon="-9.467189" lat="38.761196"><ele>245.5</ele></trkpt>
   <trkpt lon="-9.467251" lat="38.761199"><ele>245.7</ele></trkpt>
   <trkpt lon="-9.467365" lat="38.761222"><ele>245.9</ele></trkpt>
   <trkpt lon="-9.467557" lat="38.761277"><ele>246.3</ele></trkpt>
   <trkpt lon="-9.467683" lat="38.761342"><ele>246.8</ele></trkpt>
   <trkpt lon="-9.467761" lat="38.761395"><ele>247.4</ele></trkpt>
   <trkpt lon="-9.467839" lat="38.761500"><ele>248.1</ele></trkpt>
   <trkpt lon="-9.467934" lat="38.761725"><ele>248.6</ele></trkpt>
   <trkpt lon="-9.467989" lat="38.761832"><ele>249.1</ele></trkpt>
   <trkpt lon="-9.468069" lat="38.761935"><ele>249.5</ele></trkpt>
   <trkpt lon="-9.468133" lat="38.761999"><ele>249.9</ele></trkpt>
   <trkpt lon="-9.468186" lat="38.762039"><ele>250.2</ele></trkpt>
   <trkpt lon="-9.468318" lat="38.762124"><ele>250.4</ele></trkpt>
   <trkpt lon="-9.468464" lat="38.762194"><ele>250.7</ele></trkpt>
   <trkpt lon="-9.468633" lat="38.762253"><ele>251.2</ele></trkpt>
   <trkpt lon="-9.469233" lat="38.762377"><ele>251.7</ele></trkpt>
   <trkpt lon="-9.469492" lat="38.762442"><ele>252.6</ele></trkpt>
   <trkpt lon="-9.469613" lat="38.762503"><ele>253.9</ele></trkpt>
   <trkpt lon="-9.469682" lat="38.762557"><ele>255.4</ele></trkpt>
   <trkpt lon="-9.470177" lat="38.763245"><ele>256.8</ele></trkpt>
   <trkpt lon="-9.470316" lat="38.763410"><ele>258.2</ele></trkpt>
   <trkpt lon="-9.470764" lat="38.764038"><ele>259.7</ele></trkpt>
   <trkpt lon="-9.471157" lat="38.764773"><ele>261.1</ele></trkpt>
   <trkpt lon="-9.471304" lat="38.764907"><ele>262.4</ele></trkpt>
   <trkpt lon="-9.471387" lat="38.764955"><ele>264.0</ele></trkpt>
   <trkpt lon="-9.471570" lat="38.765033"><ele>265.5</ele></trkpt>
   <trkpt lon="-9.471987" lat="38.765161"><ele>266.9</ele></trkpt>
   <trkpt lon="-9.472062" lat="38.765197"><ele>267.9</ele></trkpt>
   <trkpt lon="-9.472115" lat="38.765223"><ele>268.6</ele></trkpt>
   <trkpt lon="-9.472741" lat="38.765763"><ele>269.1</ele></trkpt>
   <trkpt lon="-9.472907" lat="38.765934"><ele>269.7</ele></trkpt>
   <trkpt lon="-9.473342" lat="38.766459"><ele>270.1</ele><sym>pass_place</sym><type>Shaping</type></trkpt>
   <trkpt lon="-9.473344" lat="38.766462"><ele>270.2</ele></trkpt>
   <trkpt lon="-9.473403" lat="38.766562"><ele>270.9</ele></trkpt>
   <trkpt lon="-9.473424" lat="38.766631"><ele>271.6</ele></trkpt>
   <trkpt lon="-9.473441" lat="38.766748"><ele>271.6</ele></trkpt>
   <trkpt lon="-9.473394" lat="38.767121"><ele>271.3</ele></trkpt>
   <trkpt lon="-9.473378" lat="38.767359"><ele>271.1</ele></trkpt>
   <trkpt lon="-9.473376" lat="38.767618"><ele>270.8</ele></trkpt>
   <trkpt lon="-9.473388" lat="38.767721"><ele>270.2</ele></trkpt>
   <trkpt lon="-9.473573" lat="38.768406"><ele>269.5</ele></trkpt>
   <trkpt lon="-9.473682" lat="38.768762"><ele>268.8</ele></trkpt>
   <trkpt lon="-9.473743" lat="38.769162"><ele>268.4</ele></trkpt>
   <trkpt lon="-9.473799" lat="38.769712"><ele>267.9</ele></trkpt>
   <trkpt lon="-9.473798" lat="38.769980"><ele>267.5</ele></trkpt>
   <trkpt lon="-9.473764" lat="38.770232"><ele>267.1</ele></trkpt>
   <trkpt lon="-9.473715" lat="38.770431"><ele>267.2</ele></trkpt>
   <trkpt lon="-9.473647" lat="38.770553"><ele>267.2</ele></trkpt>
   <trkpt lon="-9.473569" lat="38.770649"><ele>267.3</ele></trkpt>
   <trkpt lon="-9.473382" lat="38.770809"><ele>267.7</ele></trkpt>
   <trkpt lon="-9.473024" lat="38.770996"><ele>268.4</ele></trkpt>
   <trkpt lon="-9.472427" lat="38.771278"><ele>269.5</ele></trkpt>
   <trkpt lon="-9.472248" lat="38.771395"><ele>270.7</ele></trkpt>
   <trkpt lon="-9.471873" lat="38.771716"><ele>272.2</ele></trkpt>
   <trkpt lon="-9.471503" lat="38.771959"><ele>274.1</ele></trkpt>
   <trkpt lon="-9.471297" lat="38.772085"><ele>275.8</ele></trkpt>
   <trkpt lon="-9.471014" lat="38.772211"><ele>277.5</ele></trkpt>
   <trkpt lon="-9.470873" lat="38.772268"><ele>279.0</ele></trkpt>
   <trkpt lon="-9.470498" lat="38.772403"><ele>280.6</ele></trkpt>
   <trkpt lon="-9.470229" lat="38.772521"><ele>282.2</ele></trkpt>
   <trkpt lon="-9.470160" lat="38.772597"><ele>283.3</ele></trkpt>
   <trkpt lon="-9.470130" lat="38.772657"><ele>284.3</ele></trkpt>
   <trkpt lon="-9.470124" lat="38.772714"><ele>284.9</ele></trkpt>
   <trkpt lon="-9.470131" lat="38.772774"><ele>285.2</ele></trkpt>
   <trkpt lon="-9.470141" lat="38.772796"><ele>284.8</ele></trkpt>
   <trkpt lon="-9.470158" lat="38.772833"><ele>284.1</ele></trkpt>
   <trkpt lon="-9.470244" lat="38.772910"><ele>283.2</ele></trkpt>
   <trkpt lon="-9.470364" lat="38.772976"><ele>282.4</ele></trkpt>
   <trkpt lon="-9.470522" lat="38.773030"><ele>281.6</ele></trkpt>
   <trkpt lon="-9.471315" lat="38.773342"><ele>280.9</ele></trkpt>
   <trkpt lon="-9.471414" lat="38.773388"><ele>280.2</ele></trkpt>
   <trkpt lon="-9.471547" lat="38.773481"><ele>279.6</ele></trkpt>
   <trkpt lon="-9.471801" lat="38.773775"><ele>279.3</ele></trkpt>
   <trkpt lon="-9.471857" lat="38.773828"><ele>279.2</ele></trkpt>
   <trkpt lon="-9.471918" lat="38.773873"><ele>279.3</ele></trkpt>
   <trkpt lon="-9.471990" lat="38.773910"><ele>279.7</ele></trkpt>
   <trkpt lon="-9.472098" lat="38.773934"><ele>280.0</ele></trkpt>
   <trkpt lon="-9.472221" lat="38.773945"><ele>280.3</ele></trkpt>
   <trkpt lon="-9.472328" lat="38.773933"><ele>280.6</ele></trkpt>
   <trkpt lon="-9.472415" lat="38.773911"><ele>280.6</ele></trkpt>
   <trkpt lon="-9.472561" lat="38.773854"><ele>280.6</ele></trkpt>
   <trkpt lon="-9.472951" lat="38.773647"><ele>280.6</ele></trkpt>
   <trkpt lon="-9.473119" lat="38.773553"><ele>280.6</ele></trkpt>
   <trkpt lon="-9.473251" lat="38.773458"><ele>280.8</ele></trkpt>
   <trkpt lon="-9.473438" lat="38.773283"><ele>280.7</ele></trkpt>
   <trkpt lon="-9.473505" lat="38.773231"><ele>280.6</ele></trkpt>
   <trkpt lon="-9.473611" lat="38.773175"><ele>280.5</ele></trkpt>
   <trkpt lon="-9.473784" lat="38.773106"><ele>280.5</ele></trkpt>
   <trkpt lon="-9.474094" lat="38.772997"><ele>280.8</ele></trkpt>
   <trkpt lon="-9.474356" lat="38.772914"><ele>281.3</ele></trkpt>
   <trkpt lon="-9.474545" lat="38.772877"><ele>282.0</ele></trkpt>
   <trkpt lon="-9.474690" lat="38.772856"><ele>282.8</ele></trkpt>
   <trkpt lon="-9.475337" lat="38.772815"><ele>283.6</ele></trkpt>
   <trkpt lon="-9.475509" lat="38.772811"><ele>284.2</ele></trkpt>
   <trkpt lon="-9.475655" lat="38.772816"><ele>284.7</ele></trkpt>
   <trkpt lon="-9.475751" lat="38.772845"><ele>285.2</ele></trkpt>
   <trkpt lon="-9.475846" lat="38.772904"><ele>285.7</ele></trkpt>
   <trkpt lon="-9.475903" lat="38.772972"><ele>286.0</ele></trkpt>
   <trkpt lon="-9.475961" lat="38.773085"><ele>286.2</ele></trkpt>
   <trkpt lon="-9.475973" lat="38.773124"><ele>286.2</ele></trkpt>
   <trkpt lon="-9.475984" lat="38.773219"><ele>286.1</ele></trkpt>
   <trkpt lon="-9.475978" lat="38.773273"><ele>286.3</ele></trkpt>
   <trkpt lon="-9.475842" lat="38.773833"><ele>286.4</ele></trkpt>
   <trkpt lon="-9.475792" lat="38.773956"><ele>286.6</ele></trkpt>
   <trkpt lon="-9.475728" lat="38.774115"><ele>286.8</ele></trkpt>
   <trkpt lon="-9.475490" lat="38.774517"><ele>287.1</ele></trkpt>
   <trkpt lon="-9.475277" lat="38.774923"><ele>287.3</ele></trkpt>
   <trkpt lon="-9.475062" lat="38.775713"><ele>287.0</ele></trkpt>
   <trkpt lon="-9.475053" lat="38.775830"><ele>286.8</ele></trkpt>
   <trkpt lon="-9.475075" lat="38.775975"><ele>286.6</ele></trkpt>
   <trkpt lon="-9.475076" lat="38.775980"><ele>286.5</ele><sym>pass_place</sym><type>Shaping</type></trkpt>
   <trkpt lon="-9.475087" lat="38.776058"><ele>285.6</ele></trkpt>
   <trkpt lon="-9.475699" lat="38.777230"><ele>284.3</ele></trkpt>
   <trkpt lon="-9.475833" lat="38.777487"><ele>282.8</ele></trkpt>
   <trkpt lon="-9.475878" lat="38.777607"><ele>281.1</ele></trkpt>
   <trkpt lon="-9.476079" lat="38.778398"><ele>279.2</ele></trkpt>
   <trkpt lon="-9.476102" lat="38.778513"><ele>277.4</ele></trkpt>
   <trkpt lon="-9.476119" lat="38.778649"><ele>275.7</ele></trkpt>
   <trkpt lon="-9.476102" lat="38.778825"><ele>275.1</ele></trkpt>
   <trkpt lon="-9.476050" lat="38.779020"><ele>274.1</ele></trkpt>
   <trkpt lon="-9.475965" lat="38.779260"><ele>273.0</ele></trkpt>
   <trkpt lon="-9.475908" lat="38.779361"><ele>272.5</ele></trkpt>
   <trkpt lon="-9.475828" lat="38.779467"><ele>272.0</ele></trkpt>
   <trkpt lon="-9.475203" lat="38.779989"><ele>271.6</ele><sym>stay_right</sym></trkpt>
   <trkpt lon="-9.474645" lat="38.780439"><ele>271.5</ele></trkpt>
   <trkpt lon="-9.474444" lat="38.780563"><ele>271.5</ele></trkpt>
   <trkpt lon="-9.473804" lat="38.780942"><ele>271.5</ele></trkpt>
   <trkpt lon="-9.473678" lat="38.781025"><ele>271.7</ele></trkpt>
   <trkpt lon="-9.473604" lat="38.781090"><ele>271.7</ele></trkpt>
   <trkpt lon="-9.473545" lat="38.781155"><ele>271.4</ele></trkpt>
   <trkpt lon="-9.473504" lat="38.781214"><ele>271.4</ele></trkpt>
   <trkpt lon="-9.473408" lat="38.781447"><ele>271.3</ele></trkpt>
   <trkpt lon="-9.473351" lat="38.781615"><ele>270.9</ele></trkpt>
   <trkpt lon="-9.473335" lat="38.781677"><ele>270.5</ele></trkpt>
   <trkpt lon="-9.473330" lat="38.781742"><ele>270.0</ele></trkpt>
   <trkpt lon="-9.473336" lat="38.781795"><ele>269.5</ele></trkpt>
   <trkpt lon="-9.473404" lat="38.781943"><ele>269.0</ele></trkpt>
   <trkpt lon="-9.473572" lat="38.782303"><ele>268.4</ele></trkpt>
   <trkpt lon="-9.473695" lat="38.782775"><ele>267.7</ele></trkpt>
   <trkpt lon="-9.473675" lat="38.782982"><ele>267.0</ele></trkpt>
   <trkpt lon="-9.473632" lat="38.783082"><ele>266.2</ele></trkpt>
   <trkpt lon="-9.473507" lat="38.783273"><ele>265.5</ele></trkpt>
   <trkpt lon="-9.473415" lat="38.783358"><ele>265.0</ele></trkpt>
   <trkpt lon="-9.473198" lat="38.783488"><ele>264.8</ele></trkpt>
   <trkpt lon="-9.473090" lat="38.783530"><ele>264.4</ele></trkpt>
   <trkpt lon="-9.472835" lat="38.783553"><ele>264.1</ele></trkpt>
   <trkpt lon="-9.472693" lat="38.783533"><ele>263.9</ele></trkpt>
   <trkpt lon="-9.472270" lat="38.783390"><ele>263.8</ele></trkpt>
   <trkpt lon="-9.471962" lat="38.783263"><ele>263.7</ele></trkpt>
   <trkpt lon="-9.471593" lat="38.783025"><ele>263.7</ele></trkpt>
   <trkpt lon="-9.470839" lat="38.782310"><ele>263.7</ele></trkpt>
   <trkpt lon="-9.470719" lat="38.782230"><ele>263.7</ele></trkpt>
   <trkpt lon="-9.470638" lat="38.782205"><ele>263.6</ele></trkpt>
   <trkpt lon="-9.470566" lat="38.782195"><ele>263.5</ele></trkpt>
   <trkpt lon="-9.470499" lat="38.782193"><ele>263.4</ele></trkpt>
   <trkpt lon="-9.470422" lat="38.782210"><ele>263.5</ele></trkpt>
   <trkpt lon="-9.470361" lat="38.782231"><ele>263.7</ele></trkpt>
   <trkpt lon="-9.470291" lat="38.782269"><ele>264.0</ele></trkpt>
   <trkpt lon="-9.470240" lat="38.782314"><ele>264.2</ele></trkpt>
   <trkpt lon="-9.470196" lat="38.782364"><ele>264.2</ele></trkpt>
   <trkpt lon="-9.470153" lat="38.782447"><ele>264.0</ele></trkpt>
   <trkpt lon="-9.470055" lat="38.782674"><ele>263.7</ele></trkpt>
   <trkpt lon="-9.469937" lat="38.782951"><ele>263.3</ele></trkpt>
   <trkpt lon="-9.469869" lat="38.783091"><ele>263.0</ele></trkpt>
   <trkpt lon="-9.469828" lat="38.783157"><ele>262.8</ele></trkpt>
   <trkpt lon="-9.469701" lat="38.783319"><ele>262.8</ele></trkpt>
   <trkpt lon="-9.469558" lat="38.783464"><ele>262.9</ele></trkpt>
   <trkpt lon="-9.469427" lat="38.783569"><ele>263.1</ele></trkpt>
   <trkpt lon="-9.469336" lat="38.783627"><ele>263.5</ele></trkpt>
   <trkpt lon="-9.468850" lat="38.783884"><ele>264.0</ele></trkpt>
   <trkpt lon="-9.468705" lat="38.783971"><ele>264.6</ele></trkpt>
   <trkpt lon="-9.468584" lat="38.784062"><ele>265.2</ele></trkpt>
   <trkpt lon="-9.468189" lat="38.784424"><ele>265.5</ele></trkpt>
   <trkpt lon="-9.468051" lat="38.784529"><ele>266.0</ele></trkpt>
   <trkpt lon="-9.467960" lat="38.784587"><ele>266.5</ele></trkpt>
   <trkpt lon="-9.467720" lat="38.784701"><ele>266.8</ele></trkpt>
   <trkpt lon="-9.467268" lat="38.784867"><ele>266.9</ele></trkpt>
   <trkpt lon="-9.466403" lat="38.785217"><ele>266.9</ele></trkpt>
   <trkpt lon="-9.466295" lat="38.785263"><ele>266.6</ele></trkpt>
   <trkpt lon="-9.466188" lat="38.785332"><ele>266.2</ele></trkpt>
   <trkpt lon="-9.466140" lat="38.785406"><ele>266.0</ele></trkpt>
   <trkpt lon="-9.466120" lat="38.785456"><ele>265.6</ele><sym>pass_place</sym><type>Shaping</type></trkpt>
   <trkpt lon="-9.466038" lat="38.785744"><ele>265.5</ele></trkpt>
   <trkpt lon="-9.466001" lat="38.785824"><ele>265.5</ele></trkpt>
   <trkpt lon="-9.465915" lat="38.785914"><ele>265.5</ele></trkpt>
   <trkpt lon="-9.465245" lat="38.786398"><ele>265.5</ele></trkpt>
   <trkpt lon="-9.465115" lat="38.786455"><ele>265.5</ele></trkpt>
   <trkpt lon="-9.464960" lat="38.786459"><ele>265.8</ele></trkpt>
   <trkpt lon="-9.464831" lat="38.786426"><ele>266.1</ele></trkpt>
   <trkpt lon="-9.464672" lat="38.786335"><ele>266.2</ele></trkpt>
   <trkpt lon="-9.464300" lat="38.786173"><ele>265.6</ele></trkpt>
   <trkpt lon="-9.464086" lat="38.786118"><ele>264.7</ele></trkpt>
   <trkpt lon="-9.463759" lat="38.786114"><ele>264.2</ele></trkpt>
   <trkpt lon="-9.463337" lat="38.786137"><ele>263.8</ele></trkpt>
   <trkpt lon="-9.463130" lat="38.786183"><ele>263.7</ele></trkpt>
   <trkpt lon="-9.462750" lat="38.786409"><ele>263.5</ele></trkpt>
   <trkpt lon="-9.462609" lat="38.786422"><ele>263.3</ele></trkpt>
   <trkpt lon="-9.462467" lat="38.786397"><ele>263.0</ele></trkpt>
   <trkpt lon="-9.462368" lat="38.786341"><ele>262.4</ele></trkpt>
   <trkpt lon="-9.462192" lat="38.786171"><ele>261.9</ele></trkpt>
   <trkpt lon="-9.462099" lat="38.786128"><ele>261.5</ele></trkpt>
   <trkpt lon="-9.461967" lat="38.786104"><ele>261.6</ele></trkpt>
   <trkpt lon="-9.461816" lat="38.786119"><ele>261.7</ele></trkpt>
   <trkpt lon="-9.461681" lat="38.786173"><ele>261.4</ele></trkpt>
   <trkpt lon="-9.461550" lat="38.786243"><ele>261.1</ele></trkpt>
   <trkpt lon="-9.461448" lat="38.786330"><ele>260.9</ele></trkpt>
   <trkpt lon="-9.461405" lat="38.786432"><ele>260.5</ele></trkpt>
   <trkpt lon="-9.461384" lat="38.786536"><ele>259.7</ele></trkpt>
   <trkpt lon="-9.461358" lat="38.787158"><ele>258.9</ele></trkpt>
   <trkpt lon="-9.461303" lat="38.787419"><ele>258.1</ele></trkpt>
   <trkpt lon="-9.461077" lat="38.788012"><ele>257.3</ele></trkpt>
   <trkpt lon="-9.461070" lat="38.788198"><ele>256.5</ele></trkpt>
   <trkpt lon="-9.461160" lat="38.788481"><ele>255.9</ele></trkpt>
   <trkpt lon="-9.461161" lat="38.788561"><ele>255.2</ele></trkpt>
   <trkpt lon="-9.461150" lat="38.788637"><ele>254.8</ele></trkpt>
   <trkpt lon="-9.461130" lat="38.788683"><ele>253.9</ele></trkpt>
   <trkpt lon="-9.461102" lat="38.788726"><ele>252.7</ele></trkpt>
   <trkpt lon="-9.460901" lat="38.788945"><ele>251.2</ele></trkpt>
   <trkpt lon="-9.460876" lat="38.788981"><ele>250.2</ele></trkpt>
   <trkpt lon="-9.460849" lat="38.789052"><ele>248.8</ele></trkpt>
   <trkpt lon="-9.460797" lat="38.789423"><ele>247.4</ele></trkpt>
   <trkpt lon="-9.460547" lat="38.789930"><ele>246.0</ele></trkpt>
   <trkpt lon="-9.460490" lat="38.790012"><ele>244.4</ele></trkpt>
   <trkpt lon="-9.460253" lat="38.790232"><ele>242.8</ele></trkpt>
   <trkpt lon="-9.459972" lat="38.790538"><ele>241.1</ele></trkpt>
   <trkpt lon="-9.459950" lat="38.790588"><ele>239.8</ele></trkpt>
   <trkpt lon="-9.459946" lat="38.790704"><ele>238.5</ele></trkpt>
   <trkpt lon="-9.459952" lat="38.790743"><ele>237.7</ele></trkpt>
   <trkpt lon="-9.459975" lat="38.790783"><ele>236.9</ele></trkpt>
   <trkpt lon="-9.460023" lat="38.790819"><ele>236.2</ele></trkpt>
   <trkpt lon="-9.460072" lat="38.790842"><ele>235.6</ele></trkpt>
   <trkpt lon="-9.460122" lat="38.790855"><ele>235.0</ele></trkpt>
   <trkpt lon="-9.460181" lat="38.790860"><ele>234.5</ele></trkpt>
   <trkpt lon="-9.460239" lat="38.790856"><ele>234.0</ele></trkpt>
   <trkpt lon="-9.460304" lat="38.790837"><ele>233.4</ele></trkpt>
   <trkpt lon="-9.460347" lat="38.790818"><ele>233.0</ele></trkpt>
   <trkpt lon="-9.460391" lat="38.790788"><ele>232.5</ele></trkpt>
   <trkpt lon="-9.460712" lat="38.790487"><ele>231.9</ele></trkpt>
   <trkpt lon="-9.460768" lat="38.790444"><ele>231.1</ele></trkpt>
   <trkpt lon="-9.460869" lat="38.790397"><ele>230.2</ele></trkpt>
   <trkpt lon="-9.460935" lat="38.790383"><ele>229.2</ele></trkpt>
   <trkpt lon="-9.460988" lat="38.790379"><ele>228.2</ele></trkpt>
   <trkpt lon="-9.461095" lat="38.790391"><ele>226.8</ele></trkpt>
   <trkpt lon="-9.461592" lat="38.790543"><ele>225.4</ele></trkpt>
   <trkpt lon="-9.461717" lat="38.790603"><ele>223.8</ele></trkpt>
   <trkpt lon="-9.461935" lat="38.790740"><ele>222.2</ele></trkpt>
   <trkpt lon="-9.462273" lat="38.790922"><ele>220.7</ele></trkpt>
   <trkpt lon="-9.462318" lat="38.790954"><ele>219.5</ele></trkpt>
   <trkpt lon="-9.462429" lat="38.791060"><ele>218.0</ele></trkpt>
   <trkpt lon="-9.462589" lat="38.791239"><ele>216.8</ele></trkpt>
   <trkpt lon="-9.462679" lat="38.791319"><ele>215.7</ele></trkpt>
   <trkpt lon="-9.462723" lat="38.791349"><ele>214.7</ele></trkpt>
   <trkpt lon="-9.462766" lat="38.791371"><ele>214.2</ele></trkpt>
   <trkpt lon="-9.462855" lat="38.791399"><ele>213.7</ele></trkpt>
   <trkpt lon="-9.462959" lat="38.791407"><ele>213.2</ele></trkpt>
   <trkpt lon="-9.463169" lat="38.791380"><ele>212.9</ele></trkpt>
   <trkpt lon="-9.463322" lat="38.791358"><ele>212.6</ele></trkpt>
   <trkpt lon="-9.463492" lat="38.791349"><ele>212.3</ele></trkpt>
   <trkpt lon="-9.463633" lat="38.791359"><ele>212.0</ele></trkpt>
   <trkpt lon="-9.463821" lat="38.791401"><ele>211.7</ele></trkpt>
   <trkpt lon="-9.463893" lat="38.791432"><ele>211.2</ele></trkpt>
   <trkpt lon="-9.463934" lat="38.791459"><ele>210.8</ele></trkpt>
   <trkpt lon="-9.464010" lat="38.791540"><ele>210.2</ele></trkpt>
   <trkpt lon="-9.464037" lat="38.791599"><ele>209.5</ele></trkpt>
   <trkpt lon="-9.464043" lat="38.791630"><ele>208.8</ele></trkpt>
   <trkpt lon="-9.464043" lat="38.791811"><ele>207.7</ele></trkpt>
   <trkpt lon="-9.464058" lat="38.791890"><ele>206.7</ele></trkpt>
   <trkpt lon="-9.464076" lat="38.791925"><ele>205.7</ele></trkpt>
   <trkpt lon="-9.464179" lat="38.792063"><ele>204.7</ele></trkpt>
   <trkpt lon="-9.464372" lat="38.792284"><ele>203.7</ele></trkpt>
   <trkpt lon="-9.464480" lat="38.792408"><ele>202.5</ele></trkpt>
   <trkpt lon="-9.464567" lat="38.792506"><ele>201.2</ele></trkpt>
   <trkpt lon="-9.464613" lat="38.792608"><ele>199.9</ele></trkpt>
   <trkpt lon="-9.464646" lat="38.792724"><ele>198.4</ele></trkpt>
   <trkpt lon="-9.464697" lat="38.793090"><ele>197.1</ele></trkpt>
   <trkpt lon="-9.464731" lat="38.793267"><ele>196.1</ele></trkpt>
   <trkpt lon="-9.464798" lat="38.793480"><ele>195.3</ele></trkpt>
   <trkpt lon="-9.464832" lat="38.793554"><ele>194.5</ele></trkpt>
   <trkpt lon="-9.464972" lat="38.793850"><ele>193.7</ele><sym>left</sym></trkpt>
   <trkpt lon="-9.465179" lat="38.793801"><ele>192.9</ele></trkpt>
   <trkpt lon="-9.465306" lat="38.793780"><ele>192.2</ele></trkpt>
   <trkpt lon="-9.465402" lat="38.793788"><ele>191.4</ele></trkpt>
   <trkpt lon="-9.465469" lat="38.793809"><ele>190.9</ele></trkpt>
   <trkpt lon="-9.465501" lat="38.793828"><ele>190.5</ele></trkpt>
   <trkpt lon="-9.465541" lat="38.793865"><ele>190.4</ele></trkpt>
   <trkpt lon="-9.465573" lat="38.793907"><ele>189.8</ele></trkpt>
   <trkpt lon="-9.465708" lat="38.794206"><ele>188.9</ele><sym>pass_place</sym><type>Shaping</type></trkpt>
   <trkpt lon="-9.465764" lat="38.794266"><ele>188.0</ele></trkpt>
   <trkpt lon="-9.465811" lat="38.794300"><ele>186.8</ele></trkpt>
   <trkpt lon="-9.465934" lat="38.794361"><ele>185.5</ele></trkpt>
   <trkpt lon="-9.466390" lat="38.794564"><ele>184.1</ele></trkpt>
   <trkpt lon="-9.466739" lat="38.794721"><ele>182.8</ele></trkpt>
   <trkpt lon="-9.467221" lat="38.794908"><ele>181.6</ele></trkpt>
   <trkpt lon="-9.467539" lat="38.795014"><ele>180.2</ele></trkpt>
   <trkpt lon="-9.467694" lat="38.795045"><ele>178.8</ele></trkpt>
   <trkpt lon="-9.467754" lat="38.795047"><ele>177.6</ele></trkpt>
   <trkpt lon="-9.468210" lat="38.795015"><ele>176.6</ele></trkpt>
   <trkpt lon="-9.468332" lat="38.795027"><ele>175.7</ele><sym>right_slight</sym></trkpt>
   <trkpt lon="-9.468870" lat="38.795304"><ele>175.0</ele></trkpt>
   <trkpt lon="-9.469013" lat="38.795418"><ele>174.3</ele></trkpt>
   <trkpt lon="-9.469203" lat="38.795521"><ele>173.8</ele></trkpt>
   <trkpt lon="-9.469493" lat="38.795698"><ele>173.2</ele></trkpt>
   <trkpt lon="-9.469537" lat="38.795719"><ele>172.7</ele></trkpt>
   <trkpt lon="-9.469790" lat="38.795784"><ele>172.1</ele></trkpt>
   <trkpt lon="-9.469898" lat="38.795824"><ele>171.5</ele></trkpt>
   <trkpt lon="-9.470010" lat="38.795867"><ele>170.9</ele><sym>right_slight</sym></trkpt>
   <trkpt lon="-9.470058" lat="38.795915"><ele>170.2</ele></trkpt>
   <trkpt lon="-9.470094" lat="38.795966"><ele>169.4</ele></trkpt>
   <trkpt lon="-9.470190" lat="38.796091"><ele>168.7</ele></trkpt>
   <trkpt lon="-9.470276" lat="38.796202"><ele>167.9</ele></trkpt>
   <trkpt lon="-9.470312" lat="38.796279"><ele>167.2</ele></trkpt>
   <trkpt lon="-9.470408" lat="38.796475"><ele>166.6</ele></trkpt>
   <trkpt lon="-9.470451" lat="38.796643"><ele>166.0</ele></trkpt>
   <trkpt lon="-9.470463" lat="38.796738"><ele>165.5</ele></trkpt>
   <trkpt lon="-9.470462" lat="38.796883"><ele>164.7</ele><sym>right</sym></trkpt>
   <trkpt lon="-9.470420" lat="38.796901"><ele>163.8</ele></trkpt>
   <trkpt lon="-9.470336" lat="38.796952"><ele>162.9</ele></trkpt>
   <trkpt lon="-9.470198" lat="38.797023"><ele>162.1</ele></trkpt>
   <trkpt lon="-9.469918" lat="38.797158"><ele>161.3</ele></trkpt>
   <trkpt lon="-9.469293" lat="38.797429"><ele>160.5</ele></trkpt>
   <trkpt lon="-9.469099" lat="38.797523"><ele>159.7</ele></trkpt>
   <trkpt lon="-9.469048" lat="38.797546"><ele>158.9</ele></trkpt>
   <trkpt lon="-9.468979" lat="38.797565"><ele>158.1</ele></trkpt>
   <trkpt lon="-9.468879" lat="38.797581"><ele>157.2</ele></trkpt>
   <trkpt lon="-9.468698" lat="38.797594"><ele>156.1</ele></trkpt>
   <trkpt lon="-9.468505" lat="38.797597"><ele>155.3</ele></trkpt>
   <trkpt lon="-9.468387" lat="38.797612"><ele>154.5</ele></trkpt>
   <trkpt lon="-9.468307" lat="38.797644"><ele>153.7</ele></trkpt>
   <trkpt lon="-9.468183" lat="38.797715"><ele>152.8</ele></trkpt>
   <trkpt lon="-9.468093" lat="38.797758"><ele>151.8</ele></trkpt>
   <trkpt lon="-9.468001" lat="38.797787"><ele>150.9</ele></trkpt>
   <trkpt lon="-9.467713" lat="38.797826"><ele>149.9</ele></trkpt>
   <trkpt lon="-9.467641" lat="38.797851"><ele>149.1</ele></trkpt>
   <trkpt lon="-9.467592" lat="38.797885"><ele>148.2</ele></trkpt>
   <trkpt lon="-9.467435" lat="38.798063"><ele>147.6</ele></trkpt>
   <trkpt lon="-9.467282" lat="38.798417"><ele>147.1</ele></trkpt>
   <trkpt lon="-9.467227" lat="38.798485"><ele>146.8</ele></trkpt>
   <trkpt lon="-9.467122" lat="38.798556"><ele>146.8</ele></trkpt>
   <trkpt lon="-9.466719" lat="38.798785"><ele>146.9</ele></trkpt>
   <trkpt lon="-9.466460" lat="38.798924"><ele>147.0</ele></trkpt>
   <trkpt lon="-9.466266" lat="38.799016"><ele>147.3</ele></trkpt>
   <trkpt lon="-9.466169" lat="38.799051"><ele>147.6</ele></trkpt>
   <trkpt lon="-9.466013" lat="38.799066"><ele>147.9</ele></trkpt>
   <trkpt lon="-9.465788" lat="38.799071"><ele>148.1</ele><sym>right_slight</sym></trkpt>
   <trkpt lon="-9.465708" lat="38.799039"><ele>148.2</ele></trkpt>
   <trkpt lon="-9.465648" lat="38.799005"><ele>148.1</ele></trkpt>
   <trkpt lon="-9.465607" lat="38.798972"><ele>147.8</ele><sym>left_slight</sym></trkpt>
   <trkpt lon="-9.465379" lat="38.799070"><ele>147.2</ele></trkpt>
   <trkpt lon="-9.464440" lat="38.799158"><ele>146.2</ele></trkpt>
   <trkpt lon="-9.464294" lat="38.799149"><ele>145.1</ele></trkpt>
   <trkpt lon="-9.464106" lat="38.799181"><ele>143.9</ele></trkpt>
   <trkpt lon="-9.463922" lat="38.799262"><ele>142.5</ele></trkpt>
   <trkpt lon="-9.463618" lat="38.799433"><ele>141.1</ele></trkpt>
   <trkpt lon="-9.463242" lat="38.799582"><ele>139.5</ele></trkpt>
   <trkpt lon="-9.463103" lat="38.799598"><ele>137.8</ele></trkpt>
   <trkpt lon="-9.462820" lat="38.799563"><ele>136.1</ele></trkpt>
   <trkpt lon="-9.462670" lat="38.799532"><ele>134.1</ele></trkpt>
   <trkpt lon="-9.462532" lat="38.799544"><ele>132.2</ele></trkpt>
   <trkpt lon="-9.462423" lat="38.799591"><ele>130.4</ele></trkpt>
   <trkpt lon="-9.462137" lat="38.799834"><ele>128.9</ele></trkpt>
   <trkpt lon="-9.461975" lat="38.800023"><ele>127.1</ele></trkpt>
   <trkpt lon="-9.461649" lat="38.800293"><ele>125.5</ele></trkpt>
   <trkpt lon="-9.461355" lat="38.800503"><ele>123.9</ele></trkpt>
   <trkpt lon="-9.461189" lat="38.800585"><ele>122.3</ele></trkpt>
   <trkpt lon="-9.460984" lat="38.800734"><ele>120.6</ele></trkpt>
   <trkpt lon="-9.460801" lat="38.800927"><ele>119.0</ele></trkpt>
   <trkpt lon="-9.460646" lat="38.801057"><ele>117.3</ele></trkpt>
   <trkpt lon="-9.460470" lat="38.801151"><ele>115.8</ele></trkpt>
   <trkpt lon="-9.460325" lat="38.801246"><ele>114.2</ele><sym>left_slight</sym></trkpt>
   <trkpt lon="-9.460255" lat="38.801309"><ele>112.7</ele></trkpt>
   <trkpt lon="-9.460217" lat="38.801511"><ele>111.3</ele></trkpt>
   <trkpt lon="-9.460146" lat="38.801687"><ele>109.8</ele></trkpt>
   <trkpt lon="-9.460058" lat="38.801738"><ele>108.4</ele></trkpt>
   <trkpt lon="-9.459829" lat="38.801740"><ele>107.1</ele></trkpt>
   <trkpt lon="-9.459653" lat="38.801694"><ele>106.3</ele></trkpt>
   <trkpt lon="-9.459465" lat="38.801635"><ele>105.5</ele></trkpt>
   <trkpt lon="-9.459249" lat="38.801624"><ele>104.8</ele><sym>left_sharp</sym></trkpt>
   <trkpt lon="-9.459355" lat="38.801717"><ele>104.1</ele></trkpt>
   <trkpt lon="-9.459564" lat="38.801876"><ele>103.5</ele><sym>pass_place</sym><type>Via</type></trkpt>
  </trkseg>
 </trk>
</gpx>
