<?xml version="1.0" encoding="UTF-8"?>
<!-- track-length = 32051 filtered ascend = 793 plain-ascend = 1 cost=75207 energy=.2kwh time=2h 37m 38s -->
<gpx 
 xmlns="http://www.topografix.com/GPX/1/1" 
 xmlns:xsi="http://www.w3.org/2001/XMLSchema-instance" 
 xsi:schemaLocation="http://www.topografix.com/GPX/1/1 http://www.topografix.com/GPX/1/1/gpx.xsd" 
 creator="BRouter-1.7.9" version="1.1"><wpt lat="39.76031" lon="2.71268"><name>Drinking water</name><sym>Drinking Water</sym></wpt><wpt lat="39.76472" lon="2.71612"><name>Drinking water</name><sym>Drinking Water</sym></wpt><wpt lat="39.765" lon="2.71729"><name>Drinking water</name><sym>Drinking Water</sym></wpt><wpt lat="39.76655" lon="2.71486"><name>Bini</name><sym>Restaurant</sym></wpt><wpt lat="39.76657" lon="2.71538"><name>Sóller</name><sym>Restaurant</sym></wpt><wpt lat="39.71619" lon="2.69258"><name>Café</name><sym>Restaurant</sym></wpt><wpt lat="39.76645" lon="2.71483"><name>Drinking water</name><sym>Drinking Water</sym></wpt><wpt lat="39.7676" lon="2.71586"><name>Drinking water</name><sym>Drinking Water</sym></wpt><wpt lat="39.76519" lon="2.71518"><name>el Tren</name><sym>Restaurant</sym></wpt><wpt lat="39.76574" lon="2.71473"><name>es Pont</name><sym>Restaurant</sym></wpt><wpt lat="39.76615" lon="2.71301"><name>Drinking water</name><sym>Drinking Water</sym></wpt><wpt lat="39.76537" lon="2.71206"><name>Drinking water</name><sym>Drinking Water</sym></wpt><wpt lat="39.7314" lon="2.68606"><name>Can Topa</name><sym>Restaurant</sym></wpt>
 <trk>
  <src>brouter_fastbike-lowtraffic_0</src>
  <type>bike</type>
  <trkseg>
   <trkpt lon="2.715059" lat="39.766199"><ele>34.25</ele><sym>pass_place</sym><type>Via</type></trkpt>
   <trkpt lon="2.714825" lat="39.766186"><ele>34.0</ele><sym>left</sym></trkpt>
   <trkpt lon="2.714778" lat="39.765847"><ele>35.75</ele></trkpt>
   <trkpt lon="2.714793" lat="39.765609"><ele>36.75</ele></trkpt>
   <trkpt lon="2.714808" lat="39.765560"><ele>36.75</ele><sym>right</sym></trkpt>
   <trkpt lon="2.714747" lat="39.765536"><ele>37.0</ele></trkpt>
   <trkpt lon="2.714683" lat="39.765510"><ele>37.25</ele></trkpt>
   <trkpt lon="2.714528" lat="39.765394"><ele>38.25</ele></trkpt>
   <trkpt lon="2.714226" lat="39.765130"><ele>39.25</ele></trkpt>
   <trkpt lon="2.713769" lat="39.764686"><ele>40.75</ele></trkpt>
   <trkpt lon="2.713278" lat="39.764244"><ele>42.5</ele></trkpt>
   <trkpt lon="2.712894" lat="39.763921"><ele>43.5</ele></trkpt>
   <trkpt lon="2.712824" lat="39.763854"><ele>43.75</ele></trkpt>
   <trkpt lon="2.712760" lat="39.763786"><ele>44.25</ele></trkpt>
   <trkpt lon="2.712620" lat="39.763645"><ele>45.25</ele></trkpt>
   <trkpt lon="2.712395" lat="39.763461"><ele>46.5</ele></trkpt>
   <trkpt lon="2.711802" lat="39.762993"><ele>49.0</ele></trkpt>
   <trkpt lon="2.711441" lat="39.762775"><ele>50.75</ele></trkpt>
   <trkpt lon="2.711330" lat="39.762717"><ele>51.75</ele></trkpt>
   <trkpt lon="2.711262" lat="39.762664"><ele>52.5</ele></trkpt>
   <trkpt lon="2.711210" lat="39.762601"><ele>53.0</ele></trkpt>
   <trkpt lon="2.711199" lat="39.762555"><ele>53.25</ele></trkpt>
   <trkpt lon="2.711203" lat="39.762452"><ele>54.0</ele></trkpt>
   <trkpt lon="2.711291" lat="39.761960"><ele>56.5</ele></trkpt>
   <trkpt lon="2.711407" lat="39.761307"><ele>58.25</ele></trkpt>
   <trkpt lon="2.711438" lat="39.761103"><ele>59.5</ele><sym>right_slight</sym></trkpt>
   <trkpt lon="2.711398" lat="39.760986"><ele>61.0</ele></trkpt>
   <trkpt lon="2.711352" lat="39.760923"><ele>62.0</ele><sym>roundabout_e2</sym></trkpt>
   <trkpt lon="2.711299" lat="39.760922"><ele>62.25</ele></trkpt>
   <trkpt lon="2.711253" lat="39.760909"><ele>62.75</ele></trkpt>
   <trkpt lon="2.711205" lat="39.760878"><ele>63.25</ele></trkpt>
   <trkpt lon="2.711174" lat="39.760837"><ele>63.5</ele></trkpt>
   <trkpt lon="2.711167" lat="39.760781"><ele>64.0</ele></trkpt>
   <trkpt lon="2.711183" lat="39.760738"><ele>64.25</ele></trkpt>
   <trkpt lon="2.711202" lat="39.760715"><ele>64.25</ele></trkpt>
   <trkpt lon="2.711245" lat="39.760686"><ele>64.25</ele></trkpt>
   <trkpt lon="2.711286" lat="39.760672"><ele>64.0</ele></trkpt>
   <trkpt lon="2.711380" lat="39.760569"><ele>64.0</ele></trkpt>
   <trkpt lon="2.711507" lat="39.760430"><ele>64.0</ele></trkpt>
   <trkpt lon="2.711552" lat="39.760312"><ele>65.25</ele></trkpt>
   <trkpt lon="2.711653" lat="39.760136"><ele>66.75</ele></trkpt>
   <trkpt lon="2.711711" lat="39.759939"><ele>67.5</ele></trkpt>
   <trkpt lon="2.711715" lat="39.759702"><ele>68.5</ele></trkpt>
   <trkpt lon="2.711687" lat="39.759497"><ele>69.25</ele></trkpt>
   <trkpt lon="2.711610" lat="39.759184"><ele>71.75</ele></trkpt>
   <trkpt lon="2.711414" lat="39.758649"><ele>74.25</ele></trkpt>
   <trkpt lon="2.711250" lat="39.758272"><ele>76.25</ele></trkpt>
   <trkpt lon="2.711094" lat="39.757905"><ele>80.5</ele></trkpt>
   <trkpt lon="2.710991" lat="39.757703"><ele>81.25</ele></trkpt>
   <trkpt lon="2.710821" lat="39.757456"><ele>82.25</ele></trkpt>
   <trkpt lon="2.710673" lat="39.757282"><ele>83.25</ele></trkpt>
   <trkpt lon="2.710597" lat="39.757191"><ele>84.0</ele></trkpt>
   <trkpt lon="2.710330" lat="39.756902"><ele>85.75</ele></trkpt>
   <trkpt lon="2.710192" lat="39.756783"><ele>86.5</ele></trkpt>
   <trkpt lon="2.710115" lat="39.756743"><ele>87.5</ele></trkpt>
   <trkpt lon="2.710008" lat="39.756688"><ele>89.0</ele></trkpt>
   <trkpt lon="2.709853" lat="39.756627"><ele>90.0</ele></trkpt>
   <trkpt lon="2.709641" lat="39.756533"><ele>90.25</ele></trkpt>
   <trkpt lon="2.708973" lat="39.756122"><ele>93.5</ele></trkpt>
   <trkpt lon="2.708365" lat="39.755820"><ele>96.5</ele></trkpt>
   <trkpt lon="2.708120" lat="39.755708"><ele>98.0</ele></trkpt>
   <trkpt lon="2.707993" lat="39.755620"><ele>98.5</ele></trkpt>
   <trkpt lon="2.707884" lat="39.755517"><ele>99.5</ele></trkpt>
   <trkpt lon="2.707533" lat="39.755067"><ele>103.0</ele></trkpt>
   <trkpt lon="2.707284" lat="39.754820"><ele>104.0</ele></trkpt>
   <trkpt lon="2.707095" lat="39.754620"><ele>105.75</ele></trkpt>
   <trkpt lon="2.707027" lat="39.754509"><ele>106.25</ele></trkpt>
   <trkpt lon="2.706895" lat="39.754148"><ele>109.25</ele></trkpt>
   <trkpt lon="2.706817" lat="39.754003"><ele>109.75</ele></trkpt>
   <trkpt lon="2.706633" lat="39.753706"><ele>113.5</ele></trkpt>
   <trkpt lon="2.706604" lat="39.753631"><ele>114.75</ele></trkpt>
   <trkpt lon="2.706581" lat="39.753536"><ele>116.0</ele></trkpt>
   <trkpt lon="2.706589" lat="39.753235"><ele>116.0</ele></trkpt>
   <trkpt lon="2.706592" lat="39.753132"><ele>116.5</ele></trkpt>
   <trkpt lon="2.706579" lat="39.753017"><ele>117.0</ele></trkpt>
   <trkpt lon="2.706546" lat="39.752912"><ele>117.0</ele><sym>pass_place</sym><type>Shaping</type></trkpt>
   <trkpt lon="2.706453" lat="39.752794"><ele>118.25</ele></trkpt>
   <trkpt lon="2.706063" lat="39.752397"><ele>121.25</ele></trkpt>
   <trkpt lon="2.705850" lat="39.752235"><ele>122.0</ele></trkpt>
   <trkpt lon="2.705774" lat="39.752141"><ele>125.5</ele></trkpt>
   <trkpt lon="2.705663" lat="39.751908"><ele>129.25</ele></trkpt>
   <trkpt lon="2.705553" lat="39.751649"><ele>126.0</ele></trkpt>
   <trkpt lon="2.705452" lat="39.751514"><ele>128.75</ele></trkpt>
   <trkpt lon="2.705244" lat="39.751347"><ele>129.0</ele></trkpt>
   <trkpt lon="2.705032" lat="39.751207"><ele>131.25</ele></trkpt>
   <trkpt lon="2.704800" lat="39.751039"><ele>131.0</ele></trkpt>
   <trkpt lon="2.704667" lat="39.750924"><ele>131.0</ele></trkpt>
   <trkpt lon="2.704398" lat="39.750630"><ele>131.75</ele></trkpt>
   <trkpt lon="2.703899" lat="39.750115"><ele>138.5</ele></trkpt>
   <trkpt lon="2.703338" lat="39.749658"><ele>143.0</ele></trkpt>
   <trkpt lon="2.703099" lat="39.749429"><ele>144.25</ele></trkpt>
   <trkpt lon="2.702953" lat="39.749255"><ele>146.25</ele></trkpt>
   <trkpt lon="2.702797" lat="39.749030"><ele>146.75</ele></trkpt>
   <trkpt lon="2.702696" lat="39.748937"><ele>147.75</ele></trkpt>
   <trkpt lon="2.701878" lat="39.748571"><ele>153.25</ele></trkpt>
   <trkpt lon="2.701107" lat="39.748094"><ele>156.0</ele></trkpt>
   <trkpt lon="2.700531" lat="39.747824"><ele>161.25</ele></trkpt>
   <trkpt lon="2.700362" lat="39.747745"><ele>161.5</ele></trkpt>
   <trkpt lon="2.699617" lat="39.747484"><ele>165.0</ele></trkpt>
   <trkpt lon="2.699443" lat="39.747431"><ele>165.5</ele></trkpt>
   <trkpt lon="2.699146" lat="39.747342"><ele>167.75</ele></trkpt>
   <trkpt lon="2.699008" lat="39.747279"><ele>168.5</ele></trkpt>
   <trkpt lon="2.698932" lat="39.747235"><ele>168.5</ele></trkpt>
   <trkpt lon="2.698841" lat="39.747183"><ele>169.5</ele></trkpt>
   <trkpt lon="2.698462" lat="39.746874"><ele>174.25</ele></trkpt>
   <trkpt lon="2.698150" lat="39.746609"><ele>176.5</ele></trkpt>
   <trkpt lon="2.698039" lat="39.746517"><ele>178.0</ele></trkpt>
   <trkpt lon="2.697892" lat="39.746368"><ele>180.25</ele></trkpt>
   <trkpt lon="2.697688" lat="39.746079"><ele>182.5</ele><sym>left_slight</sym></trkpt>
   <trkpt lon="2.697702" lat="39.746013"><ele>182.25</ele></trkpt>
   <trkpt lon="2.697720" lat="39.745989"><ele>182.0</ele><sym>straight</sym></trkpt>
   <trkpt lon="2.697737" lat="39.745960"><ele>181.75</ele></trkpt>
   <trkpt lon="2.697752" lat="39.745898"><ele>181.75</ele></trkpt>
   <trkpt lon="2.697743" lat="39.745850"><ele>182.25</ele></trkpt>
   <trkpt lon="2.697641" lat="39.745608"><ele>185.75</ele></trkpt>
   <trkpt lon="2.697642" lat="39.745581"><ele>186.0</ele></trkpt>
   <trkpt lon="2.697656" lat="39.745554"><ele>186.5</ele></trkpt>
   <trkpt lon="2.697678" lat="39.745539"><ele>186.75</ele></trkpt>
   <trkpt lon="2.697716" lat="39.745532"><ele>187.25</ele></trkpt>
   <trkpt lon="2.697756" lat="39.745536"><ele>187.25</ele></trkpt>
   <trkpt lon="2.697797" lat="39.745548"><ele>187.75</ele></trkpt>
   <trkpt lon="2.697841" lat="39.745570"><ele>188.75</ele></trkpt>
   <trkpt lon="2.698073" lat="39.745730"><ele>191.25</ele></trkpt>
   <trkpt lon="2.698238" lat="39.745876"><ele>192.25</ele></trkpt>
   <trkpt lon="2.698402" lat="39.746057"><ele>193.25</ele></trkpt>
   <trkpt lon="2.698511" lat="39.746193"><ele>193.0</ele></trkpt>
   <trkpt lon="2.698546" lat="39.746221"><ele>193.5</ele></trkpt>
   <trkpt lon="2.698591" lat="39.746229"><ele>194.75</ele></trkpt>
   <trkpt lon="2.698639" lat="39.746215"><ele>196.75</ele></trkpt>
   <trkpt lon="2.698658" lat="39.746176"><ele>198.75</ele></trkpt>
   <trkpt lon="2.698655" lat="39.746144"><ele>199.25</ele></trkpt>
   <trkpt lon="2.698630" lat="39.746094"><ele>199.5</ele></trkpt>
   <trkpt lon="2.698587" lat="39.746031"><ele>199.75</ele></trkpt>
   <trkpt lon="2.698489" lat="39.745914"><ele>200.0</ele></trkpt>
   <trkpt lon="2.698076" lat="39.745436"><ele>201.25</ele></trkpt>
   <trkpt lon="2.697993" lat="39.745236"><ele>204.25</ele></trkpt>
   <trkpt lon="2.697921" lat="39.745065"><ele>207.75</ele></trkpt>
   <trkpt lon="2.697708" lat="39.744799"><ele>209.75</ele></trkpt>
   <trkpt lon="2.697592" lat="39.744676"><ele>210.5</ele></trkpt>
   <trkpt lon="2.697260" lat="39.744404"><ele>213.25</ele></trkpt>
   <trkpt lon="2.697027" lat="39.744236"><ele>214.0</ele></trkpt>
   <trkpt lon="2.696769" lat="39.744073"><ele>214.0</ele></trkpt>
   <trkpt lon="2.696519" lat="39.743915"><ele>214.25</ele></trkpt>
   <trkpt lon="2.696477" lat="39.743879"><ele>214.25</ele></trkpt>
   <trkpt lon="2.696457" lat="39.743850"><ele>214.25</ele></trkpt>
   <trkpt lon="2.696468" lat="39.743816"><ele>215.25</ele></trkpt>
   <trkpt lon="2.696498" lat="39.743798"><ele>216.25</ele></trkpt>
   <trkpt lon="2.696548" lat="39.743800"><ele>217.75</ele></trkpt>
   <trkpt lon="2.696616" lat="39.743843"><ele>218.75</ele></trkpt>
   <trkpt lon="2.696725" lat="39.743950"><ele>218.0</ele></trkpt>
   <trkpt lon="2.696764" lat="39.743960"><ele>218.5</ele></trkpt>
   <trkpt lon="2.696804" lat="39.743954"><ele>219.75</ele></trkpt>
   <trkpt lon="2.696821" lat="39.743935"><ele>220.75</ele></trkpt>
   <trkpt lon="2.696830" lat="39.743908"><ele>222.25</ele></trkpt>
   <trkpt lon="2.696822" lat="39.743889"><ele>222.75</ele></trkpt>
   <trkpt lon="2.696795" lat="39.743863"><ele>222.75</ele></trkpt>
   <trkpt lon="2.696685" lat="39.743793"><ele>221.75</ele></trkpt>
   <trkpt lon="2.696619" lat="39.743738"><ele>221.25</ele></trkpt>
   <trkpt lon="2.696573" lat="39.743685"><ele>221.0</ele></trkpt>
   <trkpt lon="2.696536" lat="39.743627"><ele>220.75</ele></trkpt>
   <trkpt lon="2.696515" lat="39.743560"><ele>221.5</ele></trkpt>
   <trkpt lon="2.696504" lat="39.743427"><ele>223.5</ele></trkpt>
   <trkpt lon="2.696476" lat="39.743294"><ele>225.5</ele></trkpt>
   <trkpt lon="2.696413" lat="39.743163"><ele>226.75</ele></trkpt>
   <trkpt lon="2.696297" lat="39.742997"><ele>228.5</ele></trkpt>
   <trkpt lon="2.696207" lat="39.742901"><ele>229.5</ele></trkpt>
   <trkpt lon="2.696081" lat="39.742808"><ele>229.5</ele><sym>pass_place</sym><type>Shaping</type></trkpt>
   <trkpt lon="2.696079" lat="39.742806"><ele>229.5</ele></trkpt>
   <trkpt lon="2.695571" lat="39.742502"><ele>232.25</ele></trkpt>
   <trkpt lon="2.695333" lat="39.742360"><ele>232.75</ele></trkpt>
   <trkpt lon="2.695229" lat="39.742261"><ele>234.5</ele></trkpt>
   <trkpt lon="2.695218" lat="39.742212"><ele>235.25</ele></trkpt>
   <trkpt lon="2.695240" lat="39.742164"><ele>236.25</ele></trkpt>
   <trkpt lon="2.695312" lat="39.742160"><ele>236.75</ele></trkpt>
   <trkpt lon="2.695385" lat="39.742177"><ele>237.75</ele></trkpt>
   <trkpt lon="2.696100" lat="39.742568"><ele>241.25</ele></trkpt>
   <trkpt lon="2.696338" lat="39.742660"><ele>242.75</ele></trkpt>
   <trkpt lon="2.696517" lat="39.742744"><ele>243.75</ele></trkpt>
   <trkpt lon="2.696587" lat="39.742791"><ele>243.5</ele></trkpt>
   <trkpt lon="2.696684" lat="39.742924"><ele>243.75</ele></trkpt>
   <trkpt lon="2.696722" lat="39.742943"><ele>244.5</ele></trkpt>
   <trkpt lon="2.696769" lat="39.742942"><ele>246.0</ele></trkpt>
   <trkpt lon="2.696808" lat="39.742922"><ele>247.75</ele></trkpt>
   <trkpt lon="2.696816" lat="39.742888"><ele>249.0</ele></trkpt>
   <trkpt lon="2.696800" lat="39.742843"><ele>249.75</ele></trkpt>
   <trkpt lon="2.696755" lat="39.742790"><ele>249.5</ele></trkpt>
   <trkpt lon="2.696524" lat="39.742617"><ele>249.75</ele></trkpt>
   <trkpt lon="2.696225" lat="39.742427"><ele>250.25</ele></trkpt>
   <trkpt lon="2.695919" lat="39.742124"><ele>251.75</ele></trkpt>
   <trkpt lon="2.695682" lat="39.741832"><ele>254.25</ele></trkpt>
   <trkpt lon="2.695381" lat="39.741498"><ele>256.0</ele></trkpt>
   <trkpt lon="2.695382" lat="39.741457"><ele>257.5</ele></trkpt>
   <trkpt lon="2.695414" lat="39.741436"><ele>258.75</ele></trkpt>
   <trkpt lon="2.695454" lat="39.741433"><ele>259.75</ele></trkpt>
   <trkpt lon="2.695504" lat="39.741455"><ele>260.0</ele></trkpt>
   <trkpt lon="2.695634" lat="39.741580"><ele>260.5</ele></trkpt>
   <trkpt lon="2.695854" lat="39.741771"><ele>261.25</ele></trkpt>
   <trkpt lon="2.696201" lat="39.742053"><ele>264.0</ele></trkpt>
   <trkpt lon="2.696451" lat="39.742266"><ele>264.75</ele></trkpt>
   <trkpt lon="2.696590" lat="39.742344"><ele>265.25</ele></trkpt>
   <trkpt lon="2.696803" lat="39.742441"><ele>267.75</ele></trkpt>
   <trkpt lon="2.697123" lat="39.742673"><ele>269.0</ele></trkpt>
   <trkpt lon="2.697407" lat="39.742846"><ele>269.0</ele></trkpt>
   <trkpt lon="2.697597" lat="39.742919"><ele>270.25</ele></trkpt>
   <trkpt lon="2.697757" lat="39.742961"><ele>272.5</ele></trkpt>
   <trkpt lon="2.697817" lat="39.742960"><ele>274.0</ele></trkpt>
   <trkpt lon="2.697845" lat="39.742936"><ele>275.75</ele><sym>right</sym></trkpt>
   <trkpt lon="2.697849" lat="39.742906"><ele>277.25</ele></trkpt>
   <trkpt lon="2.697826" lat="39.742877"><ele>277.75</ele></trkpt>
   <trkpt lon="2.697728" lat="39.742822"><ele>277.75</ele></trkpt>
   <trkpt lon="2.697439" lat="39.742681"><ele>278.25</ele></trkpt>
   <trkpt lon="2.697294" lat="39.742595"><ele>278.5</ele></trkpt>
   <trkpt lon="2.696626" lat="39.742003"><ele>282.0</ele></trkpt>
   <trkpt lon="2.696326" lat="39.741639"><ele>285.0</ele></trkpt>
   <trkpt lon="2.696145" lat="39.741379"><ele>287.25</ele></trkpt>
   <trkpt lon="2.696069" lat="39.741252"><ele>287.25</ele></trkpt>
   <trkpt lon="2.695970" lat="39.741057"><ele>289.25</ele></trkpt>
   <trkpt lon="2.695886" lat="39.740954"><ele>290.25</ele></trkpt>
   <trkpt lon="2.695427" lat="39.740526"><ele>294.5</ele></trkpt>
   <trkpt lon="2.695222" lat="39.740349"><ele>296.75</ele></trkpt>
   <trkpt lon="2.694965" lat="39.740152"><ele>298.5</ele></trkpt>
   <trkpt lon="2.694599" lat="39.739896"><ele>301.0</ele></trkpt>
   <trkpt lon="2.694292" lat="39.739638"><ele>303.25</ele></trkpt>
   <trkpt lon="2.694165" lat="39.739551"><ele>303.75</ele></trkpt>
   <trkpt lon="2.693951" lat="39.739460"><ele>305.75</ele></trkpt>
   <trkpt lon="2.693593" lat="39.739325"><ele>306.5</ele></trkpt>
   <trkpt lon="2.693260" lat="39.739242"><ele>307.25</ele></trkpt>
   <trkpt lon="2.693032" lat="39.739198"><ele>308.75</ele></trkpt>
   <trkpt lon="2.692972" lat="39.739169"><ele>309.5</ele></trkpt>
   <trkpt lon="2.692945" lat="39.739126"><ele>311.5</ele></trkpt>
   <trkpt lon="2.692976" lat="39.739091"><ele>313.25</ele></trkpt>
   <trkpt lon="2.693037" lat="39.739084"><ele>313.75</ele></trkpt>
   <trkpt lon="2.693266" lat="39.739137"><ele>313.0</ele></trkpt>
   <trkpt lon="2.693802" lat="39.739282"><ele>313.0</ele></trkpt>
   <trkpt lon="2.693915" lat="39.739306"><ele>313.75</ele></trkpt>
   <trkpt lon="2.693970" lat="39.739304"><ele>314.5</ele></trkpt>
   <trkpt lon="2.693992" lat="39.739285"><ele>315.75</ele></trkpt>
   <trkpt lon="2.693981" lat="39.739248"><ele>317.75</ele></trkpt>
   <trkpt lon="2.693939" lat="39.739219"><ele>318.75</ele></trkpt>
   <trkpt lon="2.693674" lat="39.739148"><ele>318.25</ele></trkpt>
   <trkpt lon="2.693132" lat="39.738949"><ele>321.25</ele></trkpt>
   <trkpt lon="2.692848" lat="39.738852"><ele>324.0</ele></trkpt>
   <trkpt lon="2.692696" lat="39.738811"><ele>324.75</ele></trkpt>
   <trkpt lon="2.692638" lat="39.738776"><ele>325.75</ele></trkpt>
   <trkpt lon="2.692636" lat="39.738734"><ele>327.0</ele></trkpt>
   <trkpt lon="2.692677" lat="39.738706"><ele>327.75</ele></trkpt>
   <trkpt lon="2.692741" lat="39.738693"><ele>328.0</ele></trkpt>
   <trkpt lon="2.692830" lat="39.738704"><ele>328.0</ele></trkpt>
   <trkpt lon="2.693073" lat="39.738770"><ele>328.0</ele></trkpt>
   <trkpt lon="2.693194" lat="39.738849"><ele>327.0</ele></trkpt>
   <trkpt lon="2.693840" lat="39.739042"><ele>327.25</ele></trkpt>
   <trkpt lon="2.693954" lat="39.739068"><ele>327.5</ele></trkpt>
   <trkpt lon="2.694005" lat="39.739034"><ele>330.25</ele></trkpt>
   <trkpt lon="2.694007" lat="39.738983"><ele>333.25</ele></trkpt>
   <trkpt lon="2.693948" lat="39.738954"><ele>334.0</ele></trkpt>
   <trkpt lon="2.693805" lat="39.738919"><ele>334.0</ele></trkpt>
   <trkpt lon="2.693499" lat="39.738809"><ele>334.75</ele></trkpt>
   <trkpt lon="2.693318" lat="39.738720"><ele>335.5</ele></trkpt>
   <trkpt lon="2.693207" lat="39.738643"><ele>336.25</ele></trkpt>
   <trkpt lon="2.693038" lat="39.738540"><ele>336.5</ele></trkpt>
   <trkpt lon="2.692925" lat="39.738500"><ele>337.25</ele></trkpt>
   <trkpt lon="2.692610" lat="39.738474"><ele>337.5</ele></trkpt>
   <trkpt lon="2.692558" lat="39.738455"><ele>338.5</ele></trkpt>
   <trkpt lon="2.692539" lat="39.738420"><ele>340.25</ele><sym>left_sharp</sym></trkpt>
   <trkpt lon="2.692552" lat="39.738382"><ele>341.75</ele></trkpt>
   <trkpt lon="2.692586" lat="39.738366"><ele>342.75</ele></trkpt>
   <trkpt lon="2.692775" lat="39.738361"><ele>343.25</ele></trkpt>
   <trkpt lon="2.693102" lat="39.738426"><ele>342.25</ele></trkpt>
   <trkpt lon="2.693361" lat="39.738529"><ele>344.25</ele></trkpt>
   <trkpt lon="2.693838" lat="39.738735"><ele>344.25</ele></trkpt>
   <trkpt lon="2.693878" lat="39.738747"><ele>344.25</ele></trkpt>
   <trkpt lon="2.693916" lat="39.738734"><ele>345.75</ele></trkpt>
   <trkpt lon="2.693920" lat="39.738699"><ele>347.75</ele></trkpt>
   <trkpt lon="2.693843" lat="39.738645"><ele>349.25</ele></trkpt>
   <trkpt lon="2.693707" lat="39.738581"><ele>350.0</ele></trkpt>
   <trkpt lon="2.693471" lat="39.738421"><ele>351.0</ele></trkpt>
   <trkpt lon="2.693247" lat="39.738221"><ele>352.75</ele></trkpt>
   <trkpt lon="2.693090" lat="39.738136"><ele>353.25</ele></trkpt>
   <trkpt lon="2.692916" lat="39.738064"><ele>355.0</ele></trkpt>
   <trkpt lon="2.692535" lat="39.738055"><ele>355.75</ele></trkpt>
   <trkpt lon="2.692473" lat="39.738035"><ele>355.5</ele></trkpt>
   <trkpt lon="2.692441" lat="39.738008"><ele>355.25</ele></trkpt>
   <trkpt lon="2.692462" lat="39.737963"><ele>357.25</ele></trkpt>
   <trkpt lon="2.692544" lat="39.737944"><ele>358.5</ele></trkpt>
   <trkpt lon="2.692943" lat="39.737942"><ele>359.25</ele></trkpt>
   <trkpt lon="2.693096" lat="39.737959"><ele>360.0</ele></trkpt>
   <trkpt lon="2.693250" lat="39.738028"><ele>360.25</ele></trkpt>
   <trkpt lon="2.693446" lat="39.738145"><ele>360.0</ele></trkpt>
   <trkpt lon="2.693591" lat="39.738259"><ele>360.25</ele></trkpt>
   <trkpt lon="2.693661" lat="39.738290"><ele>361.25</ele></trkpt>
   <trkpt lon="2.693725" lat="39.738294"><ele>362.75</ele></trkpt>
   <trkpt lon="2.693760" lat="39.738256"><ele>364.75</ele></trkpt>
   <trkpt lon="2.693760" lat="39.738206"><ele>366.25</ele></trkpt>
   <trkpt lon="2.693742" lat="39.738155"><ele>367.25</ele></trkpt>
   <trkpt lon="2.693419" lat="39.737952"><ele>366.5</ele></trkpt>
   <trkpt lon="2.693222" lat="39.737818"><ele>367.5</ele></trkpt>
   <trkpt lon="2.692847" lat="39.737644"><ele>368.75</ele></trkpt>
   <trkpt lon="2.692384" lat="39.737552"><ele>370.75</ele></trkpt>
   <trkpt lon="2.692226" lat="39.737527"><ele>371.5</ele></trkpt>
   <trkpt lon="2.692095" lat="39.737488"><ele>373.0</ele></trkpt>
   <trkpt lon="2.691918" lat="39.737403"><ele>375.25</ele></trkpt>
   <trkpt lon="2.691461" lat="39.737150"><ele>375.25</ele><sym>pass_place</sym><type>Shaping</type></trkpt>
   <trkpt lon="2.691138" lat="39.737002"><ele>376.25</ele></trkpt>
   <trkpt lon="2.691093" lat="39.736966"><ele>377.75</ele></trkpt>
   <trkpt lon="2.691087" lat="39.736932"><ele>379.5</ele></trkpt>
   <trkpt lon="2.691108" lat="39.736907"><ele>380.75</ele></trkpt>
   <trkpt lon="2.691152" lat="39.736900"><ele>381.5</ele></trkpt>
   <trkpt lon="2.691258" lat="39.736917"><ele>381.75</ele></trkpt>
   <trkpt lon="2.691977" lat="39.737224"><ele>383.25</ele></trkpt>
   <trkpt lon="2.692205" lat="39.737264"><ele>384.5</ele></trkpt>
   <trkpt lon="2.692482" lat="39.737290"><ele>384.25</ele></trkpt>
   <trkpt lon="2.692695" lat="39.737294"><ele>384.25</ele></trkpt>
   <trkpt lon="2.692743" lat="39.737273"><ele>385.25</ele></trkpt>
   <trkpt lon="2.692763" lat="39.737228"><ele>387.5</ele></trkpt>
   <trkpt lon="2.692742" lat="39.737200"><ele>389.0</ele></trkpt>
   <trkpt lon="2.692690" lat="39.737174"><ele>390.25</ele></trkpt>
   <trkpt lon="2.692296" lat="39.737125"><ele>392.25</ele></trkpt>
   <trkpt lon="2.692201" lat="39.737108"><ele>392.25</ele></trkpt>
   <trkpt lon="2.692103" lat="39.737074"><ele>392.25</ele></trkpt>
   <trkpt lon="2.691630" lat="39.736750"><ele>395.25</ele></trkpt>
   <trkpt lon="2.691431" lat="39.736648"><ele>395.5</ele></trkpt>
   <trkpt lon="2.691326" lat="39.736608"><ele>396.25</ele></trkpt>
   <trkpt lon="2.691221" lat="39.736583"><ele>396.75</ele></trkpt>
   <trkpt lon="2.691110" lat="39.736569"><ele>396.75</ele></trkpt>
   <trkpt lon="2.690960" lat="39.736568"><ele>397.75</ele></trkpt>
   <trkpt lon="2.690741" lat="39.736589"><ele>398.75</ele></trkpt>
   <trkpt lon="2.690681" lat="39.736582"><ele>399.5</ele></trkpt>
   <trkpt lon="2.690640" lat="39.736561"><ele>400.5</ele></trkpt>
   <trkpt lon="2.690626" lat="39.736520"><ele>401.75</ele></trkpt>
   <trkpt lon="2.690636" lat="39.736492"><ele>402.5</ele></trkpt>
   <trkpt lon="2.690695" lat="39.736449"><ele>403.25</ele></trkpt>
   <trkpt lon="2.690793" lat="39.736425"><ele>402.5</ele></trkpt>
   <trkpt lon="2.691056" lat="39.736403"><ele>403.25</ele></trkpt>
   <trkpt lon="2.691189" lat="39.736410"><ele>403.5</ele></trkpt>
   <trkpt lon="2.691325" lat="39.736433"><ele>403.5</ele></trkpt>
   <trkpt lon="2.691457" lat="39.736470"><ele>403.0</ele></trkpt>
   <trkpt lon="2.691599" lat="39.736523"><ele>402.75</ele></trkpt>
   <trkpt lon="2.691689" lat="39.736545"><ele>403.75</ele></trkpt>
   <trkpt lon="2.691744" lat="39.736529"><ele>406.25</ele></trkpt>
   <trkpt lon="2.691761" lat="39.736493"><ele>408.0</ele></trkpt>
   <trkpt lon="2.691759" lat="39.736465"><ele>409.0</ele></trkpt>
   <trkpt lon="2.691729" lat="39.736442"><ele>408.5</ele></trkpt>
   <trkpt lon="2.691069" lat="39.736228"><ele>411.75</ele></trkpt>
   <trkpt lon="2.690930" lat="39.736196"><ele>412.5</ele></trkpt>
   <trkpt lon="2.690815" lat="39.736189"><ele>412.25</ele></trkpt>
   <trkpt lon="2.690710" lat="39.736205"><ele>412.5</ele></trkpt>
   <trkpt lon="2.690641" lat="39.736223"><ele>412.25</ele></trkpt>
   <trkpt lon="2.690220" lat="39.736373"><ele>414.25</ele></trkpt>
   <trkpt lon="2.690157" lat="39.736379"><ele>414.25</ele></trkpt>
   <trkpt lon="2.690119" lat="39.736373"><ele>414.25</ele></trkpt>
   <trkpt lon="2.690099" lat="39.736344"><ele>415.25</ele></trkpt>
   <trkpt lon="2.690108" lat="39.736315"><ele>416.0</ele></trkpt>
   <trkpt lon="2.690128" lat="39.736286"><ele>417.0</ele></trkpt>
   <trkpt lon="2.690300" lat="39.736223"><ele>417.0</ele></trkpt>
   <trkpt lon="2.690552" lat="39.736085"><ele>418.0</ele></trkpt>
   <trkpt lon="2.690666" lat="39.736055"><ele>419.25</ele></trkpt>
   <trkpt lon="2.690814" lat="39.736042"><ele>419.5</ele></trkpt>
   <trkpt lon="2.690841" lat="39.736022"><ele>420.75</ele></trkpt>
   <trkpt lon="2.690844" lat="39.735988"><ele>422.75</ele></trkpt>
   <trkpt lon="2.690824" lat="39.735960"><ele>424.0</ele></trkpt>
   <trkpt lon="2.690779" lat="39.735947"><ele>424.5</ele></trkpt>
   <trkpt lon="2.690679" lat="39.735951"><ele>424.0</ele></trkpt>
   <trkpt lon="2.690397" lat="39.735988"><ele>423.5</ele></trkpt>
   <trkpt lon="2.690252" lat="39.736023"><ele>423.5</ele></trkpt>
   <trkpt lon="2.689895" lat="39.736137"><ele>423.25</ele></trkpt>
   <trkpt lon="2.689813" lat="39.736144"><ele>423.25</ele></trkpt>
   <trkpt lon="2.689775" lat="39.736127"><ele>424.0</ele></trkpt>
   <trkpt lon="2.689766" lat="39.736086"><ele>425.75</ele></trkpt>
   <trkpt lon="2.689790" lat="39.736058"><ele>426.75</ele></trkpt>
   <trkpt lon="2.689855" lat="39.736029"><ele>427.25</ele></trkpt>
   <trkpt lon="2.690412" lat="39.735897"><ele>427.0</ele></trkpt>
   <trkpt lon="2.690550" lat="39.735857"><ele>428.0</ele></trkpt>
   <trkpt lon="2.690580" lat="39.735828"><ele>429.5</ele></trkpt>
   <trkpt lon="2.690580" lat="39.735798"><ele>431.75</ele></trkpt>
   <trkpt lon="2.690551" lat="39.735772"><ele>433.5</ele></trkpt>
   <trkpt lon="2.690480" lat="39.735764"><ele>434.25</ele></trkpt>
   <trkpt lon="2.690379" lat="39.735774"><ele>433.75</ele></trkpt>
   <trkpt lon="2.689531" lat="39.735919"><ele>435.5</ele></trkpt>
   <trkpt lon="2.689151" lat="39.735978"><ele>437.5</ele></trkpt>
   <trkpt lon="2.688943" lat="39.735986"><ele>437.0</ele></trkpt>
   <trkpt lon="2.688856" lat="39.735978"><ele>437.25</ele></trkpt>
   <trkpt lon="2.688805" lat="39.735967"><ele>437.5</ele></trkpt>
   <trkpt lon="2.688648" lat="39.735847"><ele>439.0</ele></trkpt>
   <trkpt lon="2.687916" lat="39.735319"><ele>445.75</ele></trkpt>
   <trkpt lon="2.687831" lat="39.735284"><ele>445.5</ele></trkpt>
   <trkpt lon="2.687698" lat="39.735267"><ele>445.5</ele></trkpt>
   <trkpt lon="2.687586" lat="39.735244"><ele>446.5</ele></trkpt>
   <trkpt lon="2.687486" lat="39.735216"><ele>447.25</ele></trkpt>
   <trkpt lon="2.687364" lat="39.735151"><ele>447.5</ele></trkpt>
   <trkpt lon="2.687025" lat="39.734952"><ele>447.25</ele></trkpt>
   <trkpt lon="2.686972" lat="39.734907"><ele>447.0</ele></trkpt>
   <trkpt lon="2.686937" lat="39.734807"><ele>448.25</ele></trkpt>
   <trkpt lon="2.686949" lat="39.734729"><ele>450.0</ele></trkpt>
   <trkpt lon="2.686983" lat="39.734640"><ele>451.5</ele></trkpt>
   <trkpt lon="2.686998" lat="39.734545"><ele>452.25</ele></trkpt>
   <trkpt lon="2.686989" lat="39.734485"><ele>452.25</ele></trkpt>
   <trkpt lon="2.686920" lat="39.734376"><ele>452.25</ele></trkpt>
   <trkpt lon="2.686853" lat="39.734312"><ele>452.75</ele></trkpt>
   <trkpt lon="2.686044" lat="39.733686"><ele>456.75</ele></trkpt>
   <trkpt lon="2.686018" lat="39.733657"><ele>457.25</ele></trkpt>
   <trkpt lon="2.686013" lat="39.733635"><ele>457.5</ele></trkpt>
   <trkpt lon="2.686021" lat="39.733601"><ele>458.25</ele></trkpt>
   <trkpt lon="2.686032" lat="39.733583"><ele>458.5</ele></trkpt>
   <trkpt lon="2.686073" lat="39.733569"><ele>459.0</ele></trkpt>
   <trkpt lon="2.686115" lat="39.733568"><ele>459.25</ele></trkpt>
   <trkpt lon="2.686180" lat="39.733595"><ele>459.5</ele></trkpt>
   <trkpt lon="2.687170" lat="39.734134"><ele>462.75</ele></trkpt>
   <trkpt lon="2.687223" lat="39.734159"><ele>463.25</ele></trkpt>
   <trkpt lon="2.687275" lat="39.734166"><ele>465.25</ele></trkpt>
   <trkpt lon="2.687308" lat="39.734149"><ele>467.0</ele></trkpt>
   <trkpt lon="2.687323" lat="39.734124"><ele>468.5</ele></trkpt>
   <trkpt lon="2.687325" lat="39.734095"><ele>469.5</ele></trkpt>
   <trkpt lon="2.687310" lat="39.734059"><ele>470.0</ele></trkpt>
   <trkpt lon="2.687261" lat="39.734009"><ele>469.25</ele></trkpt>
   <trkpt lon="2.686963" lat="39.733804"><ele>467.75</ele></trkpt>
   <trkpt lon="2.686048" lat="39.733126"><ele>470.5</ele></trkpt>
   <trkpt lon="2.685986" lat="39.733071"><ele>471.5</ele></trkpt>
   <trkpt lon="2.685976" lat="39.733042"><ele>472.5</ele></trkpt>
   <trkpt lon="2.685980" lat="39.733014"><ele>473.5</ele></trkpt>
   <trkpt lon="2.685996" lat="39.732994"><ele>474.5</ele></trkpt>
   <trkpt lon="2.686029" lat="39.732981"><ele>475.25</ele></trkpt>
   <trkpt lon="2.686077" lat="39.732982"><ele>475.75</ele></trkpt>
   <trkpt lon="2.686348" lat="39.733090"><ele>475.5</ele><sym>pass_place</sym><type>Shaping</type></trkpt>
   <trkpt lon="2.686352" lat="39.733092"><ele>475.5</ele></trkpt>
   <trkpt lon="2.686815" lat="39.733323"><ele>476.75</ele></trkpt>
   <trkpt lon="2.687089" lat="39.733494"><ele>478.0</ele></trkpt>
   <trkpt lon="2.687131" lat="39.733514"><ele>478.75</ele></trkpt>
   <trkpt lon="2.687172" lat="39.733519"><ele>479.75</ele></trkpt>
   <trkpt lon="2.687212" lat="39.733512"><ele>480.75</ele></trkpt>
   <trkpt lon="2.687243" lat="39.733487"><ele>481.75</ele></trkpt>
   <trkpt lon="2.687258" lat="39.733460"><ele>482.25</ele></trkpt>
   <trkpt lon="2.687252" lat="39.733430"><ele>482.0</ele></trkpt>
   <trkpt lon="2.687230" lat="39.733397"><ele>481.25</ele></trkpt>
   <trkpt lon="2.686019" lat="39.732777"><ele>483.5</ele></trkpt>
   <trkpt lon="2.685923" lat="39.732711"><ele>483.25</ele></trkpt>
   <trkpt lon="2.685913" lat="39.732678"><ele>483.75</ele></trkpt>
   <trkpt lon="2.685934" lat="39.732637"><ele>484.75</ele><sym>left</sym></trkpt>
   <trkpt lon="2.685976" lat="39.732618"><ele>485.5</ele></trkpt>
   <trkpt lon="2.686011" lat="39.732618"><ele>486.0</ele></trkpt>
   <trkpt lon="2.686058" lat="39.732635"><ele>486.25</ele></trkpt>
   <trkpt lon="2.686366" lat="39.732828"><ele>484.75</ele></trkpt>
   <trkpt lon="2.686406" lat="39.732841"><ele>484.75</ele></trkpt>
   <trkpt lon="2.686443" lat="39.732839"><ele>485.5</ele></trkpt>
   <trkpt lon="2.686470" lat="39.732828"><ele>486.0</ele></trkpt>
   <trkpt lon="2.686484" lat="39.732801"><ele>487.25</ele></trkpt>
   <trkpt lon="2.686474" lat="39.732775"><ele>487.75</ele></trkpt>
   <trkpt lon="2.686454" lat="39.732750"><ele>488.0</ele></trkpt>
   <trkpt lon="2.686408" lat="39.732715"><ele>488.0</ele></trkpt>
   <trkpt lon="2.686319" lat="39.732666"><ele>488.0</ele></trkpt>
   <trkpt lon="2.686254" lat="39.732619"><ele>488.25</ele></trkpt>
   <trkpt lon="2.686205" lat="39.732571"><ele>488.5</ele></trkpt>
   <trkpt lon="2.686164" lat="39.732508"><ele>489.25</ele></trkpt>
   <trkpt lon="2.686136" lat="39.732430"><ele>489.25</ele></trkpt>
   <trkpt lon="2.686132" lat="39.732356"><ele>489.5</ele></trkpt>
   <trkpt lon="2.686189" lat="39.731728"><ele>493.75</ele></trkpt>
   <trkpt lon="2.686220" lat="39.731417"><ele>496.5</ele></trkpt>
   <trkpt lon="2.686241" lat="39.731161"><ele>499.0</ele></trkpt>
   <trkpt lon="2.686241" lat="39.731160"><ele>500.25</ele><sym>pass_place</sym><type>Shaping</type></trkpt>
   <trkpt lon="2.686286" lat="39.730583"><ele>500.25</ele></trkpt>
   <trkpt lon="2.686306" lat="39.730452"><ele>498.75</ele></trkpt>
   <trkpt lon="2.686360" lat="39.730396"><ele>497.75</ele></trkpt>
   <trkpt lon="2.686430" lat="39.730345"><ele>497.0</ele></trkpt>
   <trkpt lon="2.686549" lat="39.730285"><ele>496.0</ele></trkpt>
   <trkpt lon="2.686845" lat="39.730156"><ele>493.75</ele></trkpt>
   <trkpt lon="2.686933" lat="39.730087"><ele>493.25</ele></trkpt>
   <trkpt lon="2.686999" lat="39.730021"><ele>493.5</ele></trkpt>
   <trkpt lon="2.687204" lat="39.729750"><ele>492.25</ele></trkpt>
   <trkpt lon="2.687450" lat="39.729312"><ele>489.25</ele></trkpt>
   <trkpt lon="2.687623" lat="39.728885"><ele>487.5</ele></trkpt>
   <trkpt lon="2.687624" lat="39.728829"><ele>486.75</ele></trkpt>
   <trkpt lon="2.687604" lat="39.728797"><ele>486.0</ele></trkpt>
   <trkpt lon="2.687553" lat="39.728789"><ele>484.75</ele></trkpt>
   <trkpt lon="2.687505" lat="39.728818"><ele>484.25</ele></trkpt>
   <trkpt lon="2.687386" lat="39.729045"><ele>484.0</ele></trkpt>
   <trkpt lon="2.687280" lat="39.729196"><ele>483.5</ele></trkpt>
   <trkpt lon="2.687078" lat="39.729409"><ele>482.25</ele></trkpt>
   <trkpt lon="2.686806" lat="39.729633"><ele>482.0</ele></trkpt>
   <trkpt lon="2.686739" lat="39.729653"><ele>481.5</ele></trkpt>
   <trkpt lon="2.686683" lat="39.729644"><ele>480.75</ele></trkpt>
   <trkpt lon="2.686652" lat="39.729616"><ele>480.0</ele></trkpt>
   <trkpt lon="2.686649" lat="39.729586"><ele>479.5</ele><sym>left_slight</sym></trkpt>
   <trkpt lon="2.686708" lat="39.729509"><ele>478.5</ele></trkpt>
   <trkpt lon="2.686840" lat="39.729369"><ele>477.5</ele></trkpt>
   <trkpt lon="2.686979" lat="39.729178"><ele>476.75</ele></trkpt>
   <trkpt lon="2.687035" lat="39.729045"><ele>476.25</ele></trkpt>
   <trkpt lon="2.687076" lat="39.728913"><ele>475.5</ele></trkpt>
   <trkpt lon="2.687114" lat="39.728670"><ele>474.25</ele></trkpt>
   <trkpt lon="2.687107" lat="39.728629"><ele>474.0</ele></trkpt>
   <trkpt lon="2.687085" lat="39.728601"><ele>473.25</ele></trkpt>
   <trkpt lon="2.687049" lat="39.728586"><ele>472.25</ele></trkpt>
   <trkpt lon="2.687001" lat="39.728590"><ele>471.5</ele></trkpt>
   <trkpt lon="2.686961" lat="39.728610"><ele>471.25</ele></trkpt>
   <trkpt lon="2.686939" lat="39.728648"><ele>471.0</ele></trkpt>
   <trkpt lon="2.686815" lat="39.728960"><ele>471.75</ele></trkpt>
   <trkpt lon="2.686777" lat="39.728986"><ele>471.5</ele></trkpt>
   <trkpt lon="2.686729" lat="39.728996"><ele>471.0</ele></trkpt>
   <trkpt lon="2.686675" lat="39.728986"><ele>470.0</ele></trkpt>
   <trkpt lon="2.686639" lat="39.728960"><ele>469.75</ele></trkpt>
   <trkpt lon="2.686604" lat="39.728921"><ele>469.5</ele></trkpt>
   <trkpt lon="2.686271" lat="39.728468"><ele>464.0</ele></trkpt>
   <trkpt lon="2.686235" lat="39.728434"><ele>463.75</ele></trkpt>
   <trkpt lon="2.686203" lat="39.728415"><ele>463.75</ele></trkpt>
   <trkpt lon="2.686150" lat="39.728397"><ele>464.0</ele></trkpt>
   <trkpt lon="2.686099" lat="39.728390"><ele>464.25</ele></trkpt>
   <trkpt lon="2.686037" lat="39.728395"><ele>463.5</ele></trkpt>
   <trkpt lon="2.685979" lat="39.728408"><ele>463.0</ele></trkpt>
   <trkpt lon="2.685787" lat="39.728480"><ele>462.75</ele></trkpt>
   <trkpt lon="2.685700" lat="39.728488"><ele>463.25</ele></trkpt>
   <trkpt lon="2.685654" lat="39.728480"><ele>463.5</ele></trkpt>
   <trkpt lon="2.685607" lat="39.728436"><ele>463.0</ele></trkpt>
   <trkpt lon="2.685600" lat="39.728389"><ele>462.0</ele></trkpt>
   <trkpt lon="2.685636" lat="39.728332"><ele>460.75</ele></trkpt>
   <trkpt lon="2.685692" lat="39.728278"><ele>460.0</ele></trkpt>
   <trkpt lon="2.685789" lat="39.728216"><ele>459.0</ele></trkpt>
   <trkpt lon="2.685909" lat="39.728163"><ele>458.75</ele></trkpt>
   <trkpt lon="2.686031" lat="39.728119"><ele>458.25</ele></trkpt>
   <trkpt lon="2.686155" lat="39.728097"><ele>457.5</ele></trkpt>
   <trkpt lon="2.686297" lat="39.728091"><ele>456.25</ele></trkpt>
   <trkpt lon="2.686581" lat="39.728120"><ele>455.75</ele></trkpt>
   <trkpt lon="2.686645" lat="39.728120"><ele>455.5</ele></trkpt>
   <trkpt lon="2.686680" lat="39.728113"><ele>455.5</ele></trkpt>
   <trkpt lon="2.686719" lat="39.728073"><ele>455.0</ele></trkpt>
   <trkpt lon="2.686729" lat="39.728039"><ele>454.0</ele></trkpt>
   <trkpt lon="2.686711" lat="39.728004"><ele>452.75</ele></trkpt>
   <trkpt lon="2.686670" lat="39.727973"><ele>451.5</ele></trkpt>
   <trkpt lon="2.686174" lat="39.727814"><ele>450.25</ele></trkpt>
   <trkpt lon="2.686018" lat="39.727777"><ele>449.75</ele></trkpt>
   <trkpt lon="2.685874" lat="39.727760"><ele>449.25</ele></trkpt>
   <trkpt lon="2.685654" lat="39.727759"><ele>448.75</ele></trkpt>
   <trkpt lon="2.685338" lat="39.727771"><ele>447.75</ele></trkpt>
   <trkpt lon="2.685205" lat="39.727770"><ele>448.0</ele></trkpt>
   <trkpt lon="2.685157" lat="39.727763"><ele>448.25</ele></trkpt>
   <trkpt lon="2.685135" lat="39.727730"><ele>447.0</ele></trkpt>
   <trkpt lon="2.685135" lat="39.727691"><ele>445.5</ele></trkpt>
   <trkpt lon="2.685160" lat="39.727664"><ele>444.5</ele></trkpt>
   <trkpt lon="2.685590" lat="39.727579"><ele>442.75</ele></trkpt>
   <trkpt lon="2.685697" lat="39.727545"><ele>442.25</ele></trkpt>
   <trkpt lon="2.685866" lat="39.727474"><ele>440.75</ele></trkpt>
   <trkpt lon="2.685917" lat="39.727469"><ele>440.25</ele></trkpt>
   <trkpt lon="2.686231" lat="39.727505"><ele>440.25</ele></trkpt>
   <trkpt lon="2.686336" lat="39.727502"><ele>439.25</ele></trkpt>
   <trkpt lon="2.686481" lat="39.727490"><ele>438.75</ele></trkpt>
   <trkpt lon="2.686630" lat="39.727460"><ele>438.0</ele></trkpt>
   <trkpt lon="2.686791" lat="39.727415"><ele>437.75</ele></trkpt>
   <trkpt lon="2.686987" lat="39.727328"><ele>436.75</ele></trkpt>
   <trkpt lon="2.687067" lat="39.727273"><ele>436.5</ele></trkpt>
   <trkpt lon="2.687124" lat="39.727213"><ele>436.0</ele></trkpt>
   <trkpt lon="2.687359" lat="39.726899"><ele>432.75</ele></trkpt>
   <trkpt lon="2.687567" lat="39.726637"><ele>430.25</ele></trkpt>
   <trkpt lon="2.687601" lat="39.726583"><ele>430.25</ele></trkpt>
   <trkpt lon="2.687610" lat="39.726553"><ele>430.5</ele></trkpt>
   <trkpt lon="2.687603" lat="39.726526"><ele>430.75</ele></trkpt>
   <trkpt lon="2.687584" lat="39.726505"><ele>431.0</ele></trkpt>
   <trkpt lon="2.687550" lat="39.726492"><ele>431.25</ele></trkpt>
   <trkpt lon="2.687510" lat="39.726494"><ele>431.5</ele></trkpt>
   <trkpt lon="2.687480" lat="39.726504"><ele>431.0</ele></trkpt>
   <trkpt lon="2.687423" lat="39.726542"><ele>430.25</ele></trkpt>
   <trkpt lon="2.687123" lat="39.726768"><ele>428.75</ele></trkpt>
   <trkpt lon="2.686935" lat="39.726898"><ele>427.25</ele></trkpt>
   <trkpt lon="2.686804" lat="39.726955"><ele>427.0</ele></trkpt>
   <trkpt lon="2.686739" lat="39.726971"><ele>427.0</ele></trkpt>
   <trkpt lon="2.686611" lat="39.726986"><ele>426.75</ele></trkpt>
   <trkpt lon="2.685607" lat="39.726998"><ele>422.5</ele></trkpt>
   <trkpt lon="2.685244" lat="39.726999"><ele>421.5</ele></trkpt>
   <trkpt lon="2.685182" lat="39.726980"><ele>420.75</ele></trkpt>
   <trkpt lon="2.685154" lat="39.726952"><ele>420.0</ele></trkpt>
   <trkpt lon="2.685147" lat="39.726918"><ele>419.25</ele></trkpt>
   <trkpt lon="2.685153" lat="39.726880"><ele>418.5</ele></trkpt>
   <trkpt lon="2.685180" lat="39.726849"><ele>417.75</ele></trkpt>
   <trkpt lon="2.685236" lat="39.726830"><ele>417.5</ele></trkpt>
   <trkpt lon="2.686094" lat="39.726773"><ele>418.0</ele></trkpt>
   <trkpt lon="2.686160" lat="39.726755"><ele>418.0</ele></trkpt>
   <trkpt lon="2.686181" lat="39.726730"><ele>417.5</ele></trkpt>
   <trkpt lon="2.686189" lat="39.726702"><ele>417.0</ele></trkpt>
   <trkpt lon="2.686179" lat="39.726665"><ele>415.75</ele></trkpt>
   <trkpt lon="2.686140" lat="39.726632"><ele>414.25</ele></trkpt>
   <trkpt lon="2.686084" lat="39.726617"><ele>413.5</ele></trkpt>
   <trkpt lon="2.685012" lat="39.726525"><ele>410.75</ele></trkpt>
   <trkpt lon="2.684969" lat="39.726505"><ele>410.25</ele></trkpt>
   <trkpt lon="2.684955" lat="39.726473"><ele>409.25</ele></trkpt>
   <trkpt lon="2.684968" lat="39.726438"><ele>408.75</ele></trkpt>
   <trkpt lon="2.685000" lat="39.726414"><ele>408.5</ele></trkpt>
   <trkpt lon="2.685056" lat="39.726405"><ele>408.25</ele></trkpt>
   <trkpt lon="2.685536" lat="39.726380"><ele>406.75</ele><sym>pass_place</sym><type>Shaping</type></trkpt>
   <trkpt lon="2.685689" lat="39.726353"><ele>405.75</ele></trkpt>
   <trkpt lon="2.686205" lat="39.726191"><ele>405.75</ele></trkpt>
   <trkpt lon="2.686252" lat="39.726162"><ele>406.25</ele></trkpt>
   <trkpt lon="2.686273" lat="39.726134"><ele>406.25</ele></trkpt>
   <trkpt lon="2.686282" lat="39.726095"><ele>405.5</ele></trkpt>
   <trkpt lon="2.686270" lat="39.726056"><ele>404.5</ele></trkpt>
   <trkpt lon="2.686245" lat="39.726023"><ele>403.5</ele></trkpt>
   <trkpt lon="2.686189" lat="39.726006"><ele>402.0</ele></trkpt>
   <trkpt lon="2.686134" lat="39.726010"><ele>401.0</ele></trkpt>
   <trkpt lon="2.686078" lat="39.726023"><ele>400.5</ele></trkpt>
   <trkpt lon="2.685395" lat="39.726229"><ele>401.25</ele></trkpt>
   <trkpt lon="2.685351" lat="39.726225"><ele>401.0</ele></trkpt>
   <trkpt lon="2.685323" lat="39.726213"><ele>400.5</ele></trkpt>
   <trkpt lon="2.685308" lat="39.726197"><ele>399.75</ele></trkpt>
   <trkpt lon="2.685299" lat="39.726171"><ele>398.5</ele></trkpt>
   <trkpt lon="2.685307" lat="39.726147"><ele>397.5</ele></trkpt>
   <trkpt lon="2.685328" lat="39.726126"><ele>396.75</ele></trkpt>
   <trkpt lon="2.685369" lat="39.726107"><ele>396.5</ele></trkpt>
   <trkpt lon="2.685580" lat="39.726046"><ele>396.0</ele></trkpt>
   <trkpt lon="2.685699" lat="39.725994"><ele>395.25</ele></trkpt>
   <trkpt lon="2.686562" lat="39.725509"><ele>388.75</ele></trkpt>
   <trkpt lon="2.686595" lat="39.725472"><ele>387.25</ele></trkpt>
   <trkpt lon="2.686594" lat="39.725435"><ele>386.0</ele></trkpt>
   <trkpt lon="2.686578" lat="39.725414"><ele>385.5</ele></trkpt>
   <trkpt lon="2.686536" lat="39.725400"><ele>385.0</ele></trkpt>
   <trkpt lon="2.686499" lat="39.725400"><ele>385.0</ele></trkpt>
   <trkpt lon="2.686425" lat="39.725416"><ele>385.75</ele></trkpt>
   <trkpt lon="2.685943" lat="39.725550"><ele>386.0</ele></trkpt>
   <trkpt lon="2.685579" lat="39.725665"><ele>386.0</ele></trkpt>
   <trkpt lon="2.685488" lat="39.725689"><ele>385.75</ele></trkpt>
   <trkpt lon="2.685447" lat="39.725680"><ele>385.0</ele></trkpt>
   <trkpt lon="2.685427" lat="39.725652"><ele>384.25</ele></trkpt>
   <trkpt lon="2.685421" lat="39.725625"><ele>383.5</ele></trkpt>
   <trkpt lon="2.685445" lat="39.725585"><ele>383.0</ele></trkpt>
   <trkpt lon="2.685505" lat="39.725550"><ele>383.0</ele></trkpt>
   <trkpt lon="2.685814" lat="39.725451"><ele>381.25</ele></trkpt>
   <trkpt lon="2.686252" lat="39.725316"><ele>381.25</ele></trkpt>
   <trkpt lon="2.686283" lat="39.725290"><ele>380.5</ele></trkpt>
   <trkpt lon="2.686294" lat="39.725261"><ele>379.5</ele></trkpt>
   <trkpt lon="2.686282" lat="39.725230"><ele>378.25</ele></trkpt>
   <trkpt lon="2.686252" lat="39.725214"><ele>377.25</ele></trkpt>
   <trkpt lon="2.686209" lat="39.725213"><ele>377.0</ele></trkpt>
   <trkpt lon="2.685130" lat="39.725460"><ele>377.25</ele></trkpt>
   <trkpt lon="2.685076" lat="39.725462"><ele>377.25</ele></trkpt>
   <trkpt lon="2.685040" lat="39.725445"><ele>376.75</ele></trkpt>
   <trkpt lon="2.685017" lat="39.725425"><ele>376.25</ele></trkpt>
   <trkpt lon="2.685013" lat="39.725397"><ele>375.25</ele></trkpt>
   <trkpt lon="2.685037" lat="39.725357"><ele>374.25</ele></trkpt>
   <trkpt lon="2.685096" lat="39.725331"><ele>373.75</ele></trkpt>
   <trkpt lon="2.685867" lat="39.725126"><ele>371.75</ele></trkpt>
   <trkpt lon="2.686438" lat="39.724989"><ele>369.0</ele></trkpt>
   <trkpt lon="2.686513" lat="39.724957"><ele>368.75</ele></trkpt>
   <trkpt lon="2.686605" lat="39.724897"><ele>368.0</ele></trkpt>
   <trkpt lon="2.687250" lat="39.724412"><ele>365.25</ele></trkpt>
   <trkpt lon="2.687273" lat="39.724376"><ele>364.25</ele></trkpt>
   <trkpt lon="2.687267" lat="39.724342"><ele>363.25</ele></trkpt>
   <trkpt lon="2.687246" lat="39.724322"><ele>362.25</ele></trkpt>
   <trkpt lon="2.687210" lat="39.724318"><ele>361.5</ele></trkpt>
   <trkpt lon="2.687175" lat="39.724325"><ele>361.25</ele></trkpt>
   <trkpt lon="2.686884" lat="39.724499"><ele>361.75</ele></trkpt>
   <trkpt lon="2.686477" lat="39.724771"><ele>361.5</ele></trkpt>
   <trkpt lon="2.686414" lat="39.724802"><ele>361.5</ele></trkpt>
   <trkpt lon="2.686357" lat="39.724819"><ele>361.75</ele></trkpt>
   <trkpt lon="2.686260" lat="39.724807"><ele>361.25</ele></trkpt>
   <trkpt lon="2.686113" lat="39.724754"><ele>359.25</ele></trkpt>
   <trkpt lon="2.686048" lat="39.724739"><ele>358.25</ele></trkpt>
   <trkpt lon="2.685956" lat="39.724732"><ele>357.75</ele></trkpt>
   <trkpt lon="2.685887" lat="39.724736"><ele>357.5</ele></trkpt>
   <trkpt lon="2.685498" lat="39.724815"><ele>358.25</ele></trkpt>
   <trkpt lon="2.685428" lat="39.724811"><ele>358.5</ele></trkpt>
   <trkpt lon="2.685394" lat="39.724801"><ele>358.5</ele></trkpt>
   <trkpt lon="2.685377" lat="39.724777"><ele>357.75</ele></trkpt>
   <trkpt lon="2.685372" lat="39.724749"><ele>357.0</ele></trkpt>
   <trkpt lon="2.685391" lat="39.724713"><ele>355.75</ele></trkpt>
   <trkpt lon="2.685431" lat="39.724690"><ele>354.75</ele></trkpt>
   <trkpt lon="2.685965" lat="39.724600"><ele>354.0</ele></trkpt>
   <trkpt lon="2.686106" lat="39.724581"><ele>353.25</ele></trkpt>
   <trkpt lon="2.686248" lat="39.724553"><ele>353.0</ele></trkpt>
   <trkpt lon="2.686373" lat="39.724512"><ele>352.5</ele></trkpt>
   <trkpt lon="2.686462" lat="39.724472"><ele>352.75</ele></trkpt>
   <trkpt lon="2.686551" lat="39.724423"><ele>352.5</ele></trkpt>
   <trkpt lon="2.686624" lat="39.724369"><ele>352.0</ele></trkpt>
   <trkpt lon="2.686688" lat="39.724319"><ele>351.75</ele></trkpt>
   <trkpt lon="2.686736" lat="39.724272"><ele>351.25</ele></trkpt>
   <trkpt lon="2.686815" lat="39.724172"><ele>349.75</ele></trkpt>
   <trkpt lon="2.686849" lat="39.724111"><ele>349.5</ele></trkpt>
   <trkpt lon="2.686906" lat="39.723974"><ele>349.0</ele></trkpt>
   <trkpt lon="2.686921" lat="39.723849"><ele>348.5</ele></trkpt>
   <trkpt lon="2.686891" lat="39.723714"><ele>347.75</ele></trkpt>
   <trkpt lon="2.686612" lat="39.722862"><ele>341.5</ele></trkpt>
   <trkpt lon="2.686604" lat="39.722703"><ele>340.5</ele></trkpt>
   <trkpt lon="2.686622" lat="39.722586"><ele>339.75</ele></trkpt>
   <trkpt lon="2.686665" lat="39.722492"><ele>339.75</ele></trkpt>
   <trkpt lon="2.686732" lat="39.722377"><ele>339.25</ele></trkpt>
   <trkpt lon="2.686921" lat="39.722173"><ele>339.75</ele></trkpt>
   <trkpt lon="2.687045" lat="39.722066"><ele>340.25</ele></trkpt>
   <trkpt lon="2.687060" lat="39.722029"><ele>339.25</ele></trkpt>
   <trkpt lon="2.687054" lat="39.722004"><ele>338.0</ele></trkpt>
   <trkpt lon="2.687038" lat="39.721990"><ele>337.25</ele></trkpt>
   <trkpt lon="2.687011" lat="39.721979"><ele>336.25</ele></trkpt>
   <trkpt lon="2.686958" lat="39.721979"><ele>335.25</ele></trkpt>
   <trkpt lon="2.686915" lat="39.722007"><ele>334.75</ele></trkpt>
   <trkpt lon="2.686312" lat="39.722610"><ele>332.5</ele></trkpt>
   <trkpt lon="2.686271" lat="39.722668"><ele>332.0</ele></trkpt>
   <trkpt lon="2.686253" lat="39.722740"><ele>332.25</ele></trkpt>
   <trkpt lon="2.686250" lat="39.722913"><ele>331.5</ele></trkpt>
   <trkpt lon="2.686253" lat="39.723265"><ele>329.75</ele></trkpt>
   <trkpt lon="2.686254" lat="39.723377"><ele>330.0</ele></trkpt>
   <trkpt lon="2.686250" lat="39.723428"><ele>330.5</ele></trkpt>
   <trkpt lon="2.686227" lat="39.723458"><ele>330.5</ele></trkpt>
   <trkpt lon="2.686185" lat="39.723471"><ele>330.25</ele></trkpt>
   <trkpt lon="2.686134" lat="39.723458"><ele>329.5</ele></trkpt>
   <trkpt lon="2.686097" lat="39.723417"><ele>328.5</ele></trkpt>
   <trkpt lon="2.686062" lat="39.723268"><ele>326.75</ele></trkpt>
   <trkpt lon="2.686045" lat="39.723180"><ele>326.0</ele></trkpt>
   <trkpt lon="2.685897" lat="39.722448"><ele>322.5</ele></trkpt>
   <trkpt lon="2.685903" lat="39.722394"><ele>321.75</ele></trkpt>
   <trkpt lon="2.685936" lat="39.722340"><ele>321.5</ele></trkpt>
   <trkpt lon="2.686042" lat="39.722221"><ele>321.5</ele><sym>pass_place</sym><type>Shaping</type></trkpt>
   <trkpt lon="2.686043" lat="39.722221"><ele>321.5</ele></trkpt>
   <trkpt lon="2.686362" lat="39.721884"><ele>318.75</ele></trkpt>
   <trkpt lon="2.686517" lat="39.721697"><ele>317.0</ele></trkpt>
   <trkpt lon="2.686684" lat="39.721514"><ele>316.5</ele></trkpt>
   <trkpt lon="2.687121" lat="39.721046"><ele>314.5</ele></trkpt>
   <trkpt lon="2.687228" lat="39.720959"><ele>313.75</ele></trkpt>
   <trkpt lon="2.687406" lat="39.720828"><ele>311.5</ele></trkpt>
   <trkpt lon="2.687672" lat="39.720629"><ele>309.5</ele></trkpt>
   <trkpt lon="2.687951" lat="39.720445"><ele>309.5</ele></trkpt>
   <trkpt lon="2.688036" lat="39.720406"><ele>309.25</ele></trkpt>
   <trkpt lon="2.688681" lat="39.720197"><ele>304.5</ele></trkpt>
   <trkpt lon="2.688828" lat="39.720142"><ele>304.25</ele></trkpt>
   <trkpt lon="2.688929" lat="39.720097"><ele>304.0</ele></trkpt>
   <trkpt lon="2.689059" lat="39.720028"><ele>302.75</ele></trkpt>
   <trkpt lon="2.689193" lat="39.719944"><ele>301.75</ele></trkpt>
   <trkpt lon="2.689318" lat="39.719854"><ele>301.75</ele></trkpt>
   <trkpt lon="2.689454" lat="39.719741"><ele>299.25</ele></trkpt>
   <trkpt lon="2.689556" lat="39.719646"><ele>298.25</ele></trkpt>
   <trkpt lon="2.689714" lat="39.719531"><ele>297.75</ele></trkpt>
   <trkpt lon="2.689939" lat="39.719405"><ele>297.25</ele></trkpt>
   <trkpt lon="2.690622" lat="39.719041"><ele>292.25</ele></trkpt>
   <trkpt lon="2.690716" lat="39.718999"><ele>291.75</ele></trkpt>
   <trkpt lon="2.690842" lat="39.718963"><ele>291.75</ele></trkpt>
   <trkpt lon="2.691015" lat="39.718934"><ele>291.25</ele></trkpt>
   <trkpt lon="2.691177" lat="39.718930"><ele>291.0</ele></trkpt>
   <trkpt lon="2.691809" lat="39.718947"><ele>288.25</ele></trkpt>
   <trkpt lon="2.692731" lat="39.718873"><ele>282.75</ele></trkpt>
   <trkpt lon="2.693201" lat="39.718834"><ele>282.0</ele></trkpt>
   <trkpt lon="2.693252" lat="39.718825"><ele>282.0</ele></trkpt>
   <trkpt lon="2.693294" lat="39.718802"><ele>282.0</ele></trkpt>
   <trkpt lon="2.693296" lat="39.718770"><ele>281.75</ele></trkpt>
   <trkpt lon="2.693281" lat="39.718746"><ele>281.5</ele></trkpt>
   <trkpt lon="2.693239" lat="39.718717"><ele>281.0</ele></trkpt>
   <trkpt lon="2.692887" lat="39.718633"><ele>279.25</ele></trkpt>
   <trkpt lon="2.692575" lat="39.718569"><ele>278.0</ele></trkpt>
   <trkpt lon="2.692496" lat="39.718571"><ele>278.0</ele></trkpt>
   <trkpt lon="2.692411" lat="39.718608"><ele>277.75</ele></trkpt>
   <trkpt lon="2.692333" lat="39.718659"><ele>278.25</ele></trkpt>
   <trkpt lon="2.692290" lat="39.718678"><ele>278.5</ele></trkpt>
   <trkpt lon="2.692235" lat="39.718677"><ele>278.0</ele></trkpt>
   <trkpt lon="2.692203" lat="39.718654"><ele>277.5</ele></trkpt>
   <trkpt lon="2.692195" lat="39.718615"><ele>276.25</ele></trkpt>
   <trkpt lon="2.692213" lat="39.718584"><ele>275.25</ele></trkpt>
   <trkpt lon="2.692291" lat="39.718530"><ele>274.75</ele></trkpt>
   <trkpt lon="2.692953" lat="39.718124"><ele>272.5</ele></trkpt>
   <trkpt lon="2.693012" lat="39.718066"><ele>272.5</ele></trkpt>
   <trkpt lon="2.693022" lat="39.718002"><ele>272.5</ele></trkpt>
   <trkpt lon="2.692987" lat="39.717948"><ele>272.0</ele></trkpt>
   <trkpt lon="2.692931" lat="39.717882"><ele>271.0</ele></trkpt>
   <trkpt lon="2.692889" lat="39.717809"><ele>270.0</ele></trkpt>
   <trkpt lon="2.692871" lat="39.717742"><ele>269.25</ele></trkpt>
   <trkpt lon="2.692905" lat="39.717694"><ele>269.25</ele></trkpt>
   <trkpt lon="2.693140" lat="39.717535"><ele>269.5</ele></trkpt>
   <trkpt lon="2.693173" lat="39.717486"><ele>268.75</ele></trkpt>
   <trkpt lon="2.693172" lat="39.717439"><ele>267.25</ele></trkpt>
   <trkpt lon="2.693145" lat="39.717415"><ele>266.25</ele></trkpt>
   <trkpt lon="2.693095" lat="39.717405"><ele>265.5</ele></trkpt>
   <trkpt lon="2.692963" lat="39.717412"><ele>265.0</ele></trkpt>
   <trkpt lon="2.692547" lat="39.717454"><ele>264.5</ele></trkpt>
   <trkpt lon="2.692445" lat="39.717476"><ele>264.0</ele></trkpt>
   <trkpt lon="2.692360" lat="39.717519"><ele>263.5</ele></trkpt>
   <trkpt lon="2.692280" lat="39.717574"><ele>262.75</ele></trkpt>
   <trkpt lon="2.691767" lat="39.717991"><ele>258.75</ele></trkpt>
   <trkpt lon="2.691642" lat="39.718083"><ele>259.25</ele></trkpt>
   <trkpt lon="2.691582" lat="39.718111"><ele>259.25</ele></trkpt>
   <trkpt lon="2.691526" lat="39.718126"><ele>259.0</ele></trkpt>
   <trkpt lon="2.691467" lat="39.718131"><ele>258.25</ele></trkpt>
   <trkpt lon="2.691382" lat="39.718129"><ele>257.0</ele></trkpt>
   <trkpt lon="2.691025" lat="39.718073"><ele>256.75</ele></trkpt>
   <trkpt lon="2.690852" lat="39.718058"><ele>257.0</ele></trkpt>
   <trkpt lon="2.690478" lat="39.718039"><ele>256.5</ele></trkpt>
   <trkpt lon="2.690365" lat="39.718026"><ele>256.5</ele></trkpt>
   <trkpt lon="2.690274" lat="39.718002"><ele>256.0</ele></trkpt>
   <trkpt lon="2.690226" lat="39.717983"><ele>255.5</ele></trkpt>
   <trkpt lon="2.690172" lat="39.717948"><ele>254.5</ele></trkpt>
   <trkpt lon="2.690114" lat="39.717892"><ele>253.25</ele></trkpt>
   <trkpt lon="2.690077" lat="39.717832"><ele>252.25</ele></trkpt>
   <trkpt lon="2.690059" lat="39.717769"><ele>251.25</ele></trkpt>
   <trkpt lon="2.690058" lat="39.717684"><ele>250.0</ele></trkpt>
   <trkpt lon="2.690148" lat="39.717285"><ele>247.5</ele></trkpt>
   <trkpt lon="2.690354" lat="39.716448"><ele>241.75</ele></trkpt>
   <trkpt lon="2.690380" lat="39.716353"><ele>241.5</ele></trkpt>
   <trkpt lon="2.690385" lat="39.716274"><ele>241.0</ele></trkpt>
   <trkpt lon="2.690384" lat="39.716175"><ele>240.25</ele><sym>roundabout_e1</sym></trkpt>
   <trkpt lon="2.690351" lat="39.716108"><ele>240.0</ele></trkpt>
   <trkpt lon="2.690340" lat="39.716049"><ele>240.25</ele></trkpt>
   <trkpt lon="2.690342" lat="39.716008"><ele>240.5</ele></trkpt>
   <trkpt lon="2.690350" lat="39.715972"><ele>240.75</ele></trkpt>
   <trkpt lon="2.690384" lat="39.715933"><ele>240.5</ele></trkpt>
   <trkpt lon="2.690400" lat="39.715924"><ele>240.5</ele></trkpt>
   <trkpt lon="2.690455" lat="39.715853"><ele>239.75</ele></trkpt>
   <trkpt lon="2.690487" lat="39.715796"><ele>238.75</ele></trkpt>
   <trkpt lon="2.690520" lat="39.715708"><ele>237.75</ele></trkpt>
   <trkpt lon="2.690538" lat="39.715598"><ele>236.5</ele></trkpt>
   <trkpt lon="2.690519" lat="39.715402"><ele>235.5</ele></trkpt>
   <trkpt lon="2.690489" lat="39.715247"><ele>234.5</ele></trkpt>
   <trkpt lon="2.690231" lat="39.714086"><ele>227.25</ele></trkpt>
   <trkpt lon="2.690005" lat="39.713081"><ele>221.0</ele><sym>stay_left</sym></trkpt>
   <trkpt lon="2.690006" lat="39.713078"><ele>219.75</ele><sym>pass_place</sym><type>Shaping</type></trkpt>
   <trkpt lon="2.690005" lat="39.713081"><ele>221.0</ele></trkpt>
   <trkpt lon="2.689886" lat="39.712542"><ele>218.0</ele></trkpt>
   <trkpt lon="2.689800" lat="39.712152"><ele>215.5</ele></trkpt>
   <trkpt lon="2.689408" lat="39.710410"><ele>209.25</ele></trkpt>
   <trkpt lon="2.689318" lat="39.710063"><ele>207.25</ele></trkpt>
   <trkpt lon="2.689020" lat="39.709013"><ele>203.25</ele></trkpt>
   <trkpt lon="2.688957" lat="39.708591"><ele>202.0</ele></trkpt>
   <trkpt lon="2.688948" lat="39.708428"><ele>201.5</ele></trkpt>
   <trkpt lon="2.688955" lat="39.708230"><ele>201.0</ele></trkpt>
   <trkpt lon="2.688977" lat="39.708012"><ele>200.25</ele></trkpt>
   <trkpt lon="2.689093" lat="39.707432"><ele>198.75</ele></trkpt>
   <trkpt lon="2.689182" lat="39.707034"><ele>197.0</ele></trkpt>
   <trkpt lon="2.689248" lat="39.706538"><ele>194.75</ele></trkpt>
   <trkpt lon="2.689261" lat="39.706134"><ele>194.25</ele></trkpt>
   <trkpt lon="2.689265" lat="39.705804"><ele>193.0</ele><sym>left</sym></trkpt>
   <trkpt lon="2.689444" lat="39.705744"><ele>191.5</ele></trkpt>
   <trkpt lon="2.689591" lat="39.705661"><ele>191.25</ele></trkpt>
   <trkpt lon="2.689825" lat="39.705326"><ele>190.0</ele></trkpt>
   <trkpt lon="2.690255" lat="39.704550"><ele>187.5</ele></trkpt>
   <trkpt lon="2.690474" lat="39.704286"><ele>188.25</ele></trkpt>
   <trkpt lon="2.690797" lat="39.703926"><ele>189.75</ele></trkpt>
   <trkpt lon="2.691124" lat="39.703512"><ele>191.0</ele></trkpt>
   <trkpt lon="2.691207" lat="39.703367"><ele>191.25</ele></trkpt>
   <trkpt lon="2.691274" lat="39.703159"><ele>191.75</ele></trkpt>
   <trkpt lon="2.691333" lat="39.703075"><ele>192.25</ele></trkpt>
   <trkpt lon="2.691455" lat="39.702971"><ele>193.0</ele></trkpt>
   <trkpt lon="2.691628" lat="39.702889"><ele>194.25</ele></trkpt>
   <trkpt lon="2.691881" lat="39.702893"><ele>196.5</ele></trkpt>
   <trkpt lon="2.691970" lat="39.702876"><ele>197.0</ele></trkpt>
   <trkpt lon="2.692260" lat="39.702747"><ele>195.5</ele></trkpt>
   <trkpt lon="2.692309" lat="39.702737"><ele>195.25</ele></trkpt>
   <trkpt lon="2.692348" lat="39.702728"><ele>195.0</ele></trkpt>
   <trkpt lon="2.692527" lat="39.702740"><ele>194.25</ele></trkpt>
   <trkpt lon="2.692593" lat="39.702744"><ele>194.0</ele></trkpt>
   <trkpt lon="2.692700" lat="39.702729"><ele>193.5</ele></trkpt>
   <trkpt lon="2.693232" lat="39.702348"><ele>192.5</ele></trkpt>
   <trkpt lon="2.693613" lat="39.702036"><ele>193.25</ele></trkpt>
   <trkpt lon="2.693707" lat="39.701923"><ele>193.5</ele></trkpt>
   <trkpt lon="2.693834" lat="39.701846"><ele>194.25</ele></trkpt>
   <trkpt lon="2.694144" lat="39.701681"><ele>195.75</ele></trkpt>
   <trkpt lon="2.694895" lat="39.701240"><ele>199.0</ele></trkpt>
   <trkpt lon="2.695221" lat="39.700836"><ele>201.25</ele></trkpt>
   <trkpt lon="2.695244" lat="39.700730"><ele>202.5</ele></trkpt>
   <trkpt lon="2.695310" lat="39.700651"><ele>204.0</ele></trkpt>
   <trkpt lon="2.695497" lat="39.700619"><ele>204.75</ele></trkpt>
   <trkpt lon="2.695656" lat="39.700561"><ele>207.0</ele></trkpt>
   <trkpt lon="2.695684" lat="39.700539"><ele>207.0</ele></trkpt>
   <trkpt lon="2.695848" lat="39.700405"><ele>206.75</ele></trkpt>
   <trkpt lon="2.696149" lat="39.700246"><ele>205.25</ele></trkpt>
   <trkpt lon="2.696221" lat="39.700236"><ele>204.75</ele></trkpt>
   <trkpt lon="2.696614" lat="39.700287"><ele>203.25</ele></trkpt>
   <trkpt lon="2.696704" lat="39.700280"><ele>203.25</ele></trkpt>
   <trkpt lon="2.696779" lat="39.700265"><ele>203.5</ele></trkpt>
   <trkpt lon="2.696831" lat="39.700243"><ele>203.5</ele></trkpt>
   <trkpt lon="2.696879" lat="39.700129"><ele>201.75</ele></trkpt>
   <trkpt lon="2.697033" lat="39.699952"><ele>200.75</ele><sym>pass_place</sym><type>Shaping</type></trkpt>
   <trkpt lon="2.697033" lat="39.699952"><ele>200.75</ele></trkpt>
   <trkpt lon="2.696879" lat="39.700129"><ele>201.75</ele></trkpt>
   <trkpt lon="2.696831" lat="39.700243"><ele>203.5</ele></trkpt>
   <trkpt lon="2.696779" lat="39.700265"><ele>203.5</ele></trkpt>
   <trkpt lon="2.696704" lat="39.700280"><ele>203.25</ele></trkpt>
   <trkpt lon="2.696614" lat="39.700287"><ele>203.25</ele></trkpt>
   <trkpt lon="2.696221" lat="39.700236"><ele>204.75</ele></trkpt>
   <trkpt lon="2.696149" lat="39.700246"><ele>205.25</ele></trkpt>
   <trkpt lon="2.695848" lat="39.700405"><ele>206.75</ele></trkpt>
   <trkpt lon="2.695684" lat="39.700539"><ele>207.0</ele></trkpt>
   <trkpt lon="2.695656" lat="39.700561"><ele>207.0</ele></trkpt>
   <trkpt lon="2.695497" lat="39.700619"><ele>204.75</ele></trkpt>
   <trkpt lon="2.695310" lat="39.700651"><ele>204.0</ele></trkpt>
   <trkpt lon="2.695244" lat="39.700730"><ele>202.5</ele></trkpt>
   <trkpt lon="2.695221" lat="39.700836"><ele>201.25</ele></trkpt>
   <trkpt lon="2.694895" lat="39.701240"><ele>199.0</ele></trkpt>
   <trkpt lon="2.694144" lat="39.701681"><ele>195.75</ele></trkpt>
   <trkpt lon="2.693834" lat="39.701846"><ele>194.25</ele></trkpt>
   <trkpt lon="2.693707" lat="39.701923"><ele>193.5</ele></trkpt>
   <trkpt lon="2.693613" lat="39.702036"><ele>193.25</ele></trkpt>
   <trkpt lon="2.693232" lat="39.702348"><ele>192.5</ele></trkpt>
   <trkpt lon="2.692700" lat="39.702729"><ele>193.5</ele><sym>pass_place</sym><type>Shaping</type></trkpt>
   <trkpt lon="2.692593" lat="39.702744"><ele>194.0</ele></trkpt>
   <trkpt lon="2.692527" lat="39.702740"><ele>194.25</ele></trkpt>
   <trkpt lon="2.692348" lat="39.702728"><ele>195.0</ele></trkpt>
   <trkpt lon="2.692309" lat="39.702737"><ele>195.25</ele></trkpt>
   <trkpt lon="2.692260" lat="39.702747"><ele>195.5</ele></trkpt>
   <trkpt lon="2.691970" lat="39.702876"><ele>197.0</ele></trkpt>
   <trkpt lon="2.691881" lat="39.702893"><ele>196.5</ele></trkpt>
   <trkpt lon="2.691628" lat="39.702889"><ele>194.25</ele></trkpt>
   <trkpt lon="2.691455" lat="39.702971"><ele>193.0</ele></trkpt>
   <trkpt lon="2.691333" lat="39.703075"><ele>192.25</ele></trkpt>
   <trkpt lon="2.691274" lat="39.703159"><ele>191.75</ele></trkpt>
   <trkpt lon="2.691207" lat="39.703367"><ele>191.25</ele></trkpt>
   <trkpt lon="2.691124" lat="39.703512"><ele>191.0</ele></trkpt>
   <trkpt lon="2.690797" lat="39.703926"><ele>189.75</ele></trkpt>
   <trkpt lon="2.690474" lat="39.704286"><ele>188.25</ele></trkpt>
   <trkpt lon="2.690255" lat="39.704550"><ele>187.5</ele></trkpt>
   <trkpt lon="2.689825" lat="39.705326"><ele>190.0</ele></trkpt>
   <trkpt lon="2.689591" lat="39.705661"><ele>191.25</ele></trkpt>
   <trkpt lon="2.689444" lat="39.705744"><ele>191.5</ele></trkpt>
   <trkpt lon="2.689265" lat="39.705804"><ele>193.0</ele><sym>right</sym></trkpt>
   <trkpt lon="2.689261" lat="39.706134"><ele>194.25</ele></trkpt>
   <trkpt lon="2.689248" lat="39.706538"><ele>194.75</ele></trkpt>
   <trkpt lon="2.689182" lat="39.707034"><ele>197.0</ele></trkpt>
   <trkpt lon="2.689093" lat="39.707432"><ele>198.75</ele></trkpt>
   <trkpt lon="2.688977" lat="39.708012"><ele>200.25</ele></trkpt>
   <trkpt lon="2.688955" lat="39.708230"><ele>201.0</ele></trkpt>
   <trkpt lon="2.688948" lat="39.708428"><ele>201.5</ele></trkpt>
   <trkpt lon="2.688957" lat="39.708591"><ele>202.0</ele></trkpt>
   <trkpt lon="2.689020" lat="39.709013"><ele>203.25</ele></trkpt>
   <trkpt lon="2.689318" lat="39.710063"><ele>207.25</ele></trkpt>
   <trkpt lon="2.689408" lat="39.710410"><ele>209.25</ele></trkpt>
   <trkpt lon="2.689800" lat="39.712152"><ele>215.5</ele></trkpt>
   <trkpt lon="2.689886" lat="39.712542"><ele>218.0</ele></trkpt>
   <trkpt lon="2.690005" lat="39.713081"><ele>221.0</ele><sym>stay_right</sym></trkpt>
   <trkpt lon="2.690231" lat="39.714086"><ele>227.25</ele></trkpt>
   <trkpt lon="2.690489" lat="39.715247"><ele>234.5</ele></trkpt>
   <trkpt lon="2.690519" lat="39.715402"><ele>235.5</ele></trkpt>
   <trkpt lon="2.690538" lat="39.715598"><ele>236.5</ele></trkpt>
   <trkpt lon="2.690562" lat="39.715784"><ele>237.5</ele></trkpt>
   <trkpt lon="2.690613" lat="39.715935"><ele>238.25</ele><sym>roundabout_e3</sym></trkpt>
   <trkpt lon="2.690637" lat="39.715967"><ele>238.5</ele></trkpt>
   <trkpt lon="2.690655" lat="39.716035"><ele>239.25</ele></trkpt>
   <trkpt lon="2.690658" lat="39.716091"><ele>239.75</ele></trkpt>
   <trkpt lon="2.690641" lat="39.716158"><ele>240.25</ele></trkpt>
   <trkpt lon="2.690634" lat="39.716169"><ele>240.25</ele></trkpt>
   <trkpt lon="2.690573" lat="39.716207"><ele>240.5</ele></trkpt>
   <trkpt lon="2.690527" lat="39.716221"><ele>240.75</ele></trkpt>
   <trkpt lon="2.690501" lat="39.716220"><ele>240.75</ele></trkpt>
   <trkpt lon="2.690436" lat="39.716284"><ele>241.0</ele></trkpt>
   <trkpt lon="2.690380" lat="39.716353"><ele>241.5</ele></trkpt>
   <trkpt lon="2.690354" lat="39.716448"><ele>241.75</ele></trkpt>
   <trkpt lon="2.690148" lat="39.717285"><ele>247.5</ele></trkpt>
   <trkpt lon="2.690059" lat="39.717679"><ele>250.0</ele><sym>pass_place</sym><type>Shaping</type></trkpt>
   <trkpt lon="2.690058" lat="39.717684"><ele>250.0</ele></trkpt>
   <trkpt lon="2.690059" lat="39.717769"><ele>251.25</ele></trkpt>
   <trkpt lon="2.690077" lat="39.717832"><ele>252.25</ele></trkpt>
   <trkpt lon="2.690114" lat="39.717892"><ele>253.25</ele></trkpt>
   <trkpt lon="2.690172" lat="39.717948"><ele>254.5</ele></trkpt>
   <trkpt lon="2.690226" lat="39.717983"><ele>255.5</ele></trkpt>
   <trkpt lon="2.690274" lat="39.718002"><ele>256.0</ele></trkpt>
   <trkpt lon="2.690365" lat="39.718026"><ele>256.5</ele></trkpt>
   <trkpt lon="2.690478" lat="39.718039"><ele>256.5</ele></trkpt>
   <trkpt lon="2.690852" lat="39.718058"><ele>257.0</ele></trkpt>
   <trkpt lon="2.691025" lat="39.718073"><ele>256.75</ele></trkpt>
   <trkpt lon="2.691382" lat="39.718129"><ele>257.0</ele></trkpt>
   <trkpt lon="2.691467" lat="39.718131"><ele>258.25</ele></trkpt>
   <trkpt lon="2.691526" lat="39.718126"><ele>259.0</ele></trkpt>
   <trkpt lon="2.691582" lat="39.718111"><ele>259.25</ele></trkpt>
   <trkpt lon="2.691642" lat="39.718083"><ele>259.25</ele></trkpt>
   <trkpt lon="2.691767" lat="39.717991"><ele>258.75</ele></trkpt>
   <trkpt lon="2.692280" lat="39.717574"><ele>262.75</ele></trkpt>
   <trkpt lon="2.692360" lat="39.717519"><ele>263.5</ele></trkpt>
   <trkpt lon="2.692445" lat="39.717476"><ele>264.0</ele></trkpt>
   <trkpt lon="2.692547" lat="39.717454"><ele>264.5</ele></trkpt>
   <trkpt lon="2.692963" lat="39.717412"><ele>265.0</ele></trkpt>
   <trkpt lon="2.693095" lat="39.717405"><ele>265.5</ele></trkpt>
   <trkpt lon="2.693145" lat="39.717415"><ele>266.25</ele></trkpt>
   <trkpt lon="2.693172" lat="39.717439"><ele>267.25</ele></trkpt>
   <trkpt lon="2.693173" lat="39.717486"><ele>268.75</ele></trkpt>
   <trkpt lon="2.693140" lat="39.717535"><ele>269.5</ele></trkpt>
   <trkpt lon="2.692905" lat="39.717694"><ele>269.25</ele></trkpt>
   <trkpt lon="2.692871" lat="39.717742"><ele>269.25</ele></trkpt>
   <trkpt lon="2.692889" lat="39.717809"><ele>270.0</ele></trkpt>
   <trkpt lon="2.692931" lat="39.717882"><ele>271.0</ele></trkpt>
   <trkpt lon="2.692987" lat="39.717948"><ele>272.0</ele></trkpt>
   <trkpt lon="2.693022" lat="39.718002"><ele>272.5</ele></trkpt>
   <trkpt lon="2.693012" lat="39.718066"><ele>272.5</ele></trkpt>
   <trkpt lon="2.692953" lat="39.718124"><ele>272.5</ele></trkpt>
   <trkpt lon="2.692291" lat="39.718530"><ele>274.75</ele></trkpt>
   <trkpt lon="2.692213" lat="39.718584"><ele>275.25</ele></trkpt>
   <trkpt lon="2.692195" lat="39.718615"><ele>276.25</ele></trkpt>
   <trkpt lon="2.692203" lat="39.718654"><ele>277.5</ele></trkpt>
   <trkpt lon="2.692235" lat="39.718677"><ele>278.0</ele></trkpt>
   <trkpt lon="2.692290" lat="39.718678"><ele>278.5</ele></trkpt>
   <trkpt lon="2.692333" lat="39.718659"><ele>278.25</ele></trkpt>
   <trkpt lon="2.692411" lat="39.718608"><ele>277.75</ele></trkpt>
   <trkpt lon="2.692496" lat="39.718571"><ele>278.0</ele></trkpt>
   <trkpt lon="2.692575" lat="39.718569"><ele>278.0</ele></trkpt>
   <trkpt lon="2.692887" lat="39.718633"><ele>279.25</ele></trkpt>
   <trkpt lon="2.693239" lat="39.718717"><ele>281.0</ele></trkpt>
   <trkpt lon="2.693281" lat="39.718746"><ele>281.5</ele></trkpt>
   <trkpt lon="2.693296" lat="39.718770"><ele>281.75</ele></trkpt>
   <trkpt lon="2.693294" lat="39.718802"><ele>282.0</ele></trkpt>
   <trkpt lon="2.693252" lat="39.718825"><ele>282.0</ele></trkpt>
   <trkpt lon="2.693201" lat="39.718834"><ele>282.0</ele></trkpt>
   <trkpt lon="2.692731" lat="39.718873"><ele>282.75</ele></trkpt>
   <trkpt lon="2.691809" lat="39.718947"><ele>288.25</ele></trkpt>
   <trkpt lon="2.691177" lat="39.718930"><ele>291.0</ele></trkpt>
   <trkpt lon="2.691015" lat="39.718934"><ele>291.25</ele></trkpt>
   <trkpt lon="2.690842" lat="39.718963"><ele>291.75</ele></trkpt>
   <trkpt lon="2.690716" lat="39.718999"><ele>291.75</ele></trkpt>
   <trkpt lon="2.690622" lat="39.719041"><ele>292.25</ele></trkpt>
   <trkpt lon="2.689939" lat="39.719405"><ele>297.25</ele></trkpt>
   <trkpt lon="2.689714" lat="39.719531"><ele>297.75</ele></trkpt>
   <trkpt lon="2.689556" lat="39.719646"><ele>298.25</ele></trkpt>
   <trkpt lon="2.689454" lat="39.719741"><ele>299.25</ele></trkpt>
   <trkpt lon="2.689318" lat="39.719854"><ele>301.75</ele></trkpt>
   <trkpt lon="2.689193" lat="39.719944"><ele>301.75</ele></trkpt>
   <trkpt lon="2.689059" lat="39.720028"><ele>302.75</ele></trkpt>
   <trkpt lon="2.688929" lat="39.720097"><ele>304.0</ele></trkpt>
   <trkpt lon="2.688828" lat="39.720142"><ele>304.25</ele></trkpt>
   <trkpt lon="2.688681" lat="39.720197"><ele>304.5</ele></trkpt>
   <trkpt lon="2.688036" lat="39.720406"><ele>309.25</ele></trkpt>
   <trkpt lon="2.687951" lat="39.720445"><ele>309.5</ele></trkpt>
   <trkpt lon="2.687672" lat="39.720629"><ele>309.5</ele></trkpt>
   <trkpt lon="2.687406" lat="39.720828"><ele>311.5</ele></trkpt>
   <trkpt lon="2.687228" lat="39.720959"><ele>313.75</ele></trkpt>
   <trkpt lon="2.687121" lat="39.721046"><ele>314.5</ele></trkpt>
   <trkpt lon="2.686684" lat="39.721514"><ele>316.5</ele></trkpt>
   <trkpt lon="2.686517" lat="39.721697"><ele>317.0</ele></trkpt>
   <trkpt lon="2.686362" lat="39.721884"><ele>318.75</ele></trkpt>
   <trkpt lon="2.686043" lat="39.722221"><ele>321.5</ele></trkpt>
   <trkpt lon="2.685936" lat="39.722340"><ele>321.5</ele></trkpt>
   <trkpt lon="2.685903" lat="39.722394"><ele>321.75</ele></trkpt>
   <trkpt lon="2.685897" lat="39.722448"><ele>322.5</ele></trkpt>
   <trkpt lon="2.686045" lat="39.723180"><ele>326.0</ele></trkpt>
   <trkpt lon="2.686062" lat="39.723268"><ele>326.75</ele></trkpt>
   <trkpt lon="2.686097" lat="39.723417"><ele>328.5</ele></trkpt>
   <trkpt lon="2.686134" lat="39.723458"><ele>329.5</ele></trkpt>
   <trkpt lon="2.686185" lat="39.723471"><ele>330.25</ele></trkpt>
   <trkpt lon="2.686227" lat="39.723458"><ele>330.5</ele></trkpt>
   <trkpt lon="2.686250" lat="39.723428"><ele>330.5</ele></trkpt>
   <trkpt lon="2.686254" lat="39.723377"><ele>330.0</ele></trkpt>
   <trkpt lon="2.686253" lat="39.723265"><ele>329.75</ele></trkpt>
   <trkpt lon="2.686250" lat="39.722913"><ele>331.5</ele></trkpt>
   <trkpt lon="2.686253" lat="39.722740"><ele>332.25</ele></trkpt>
   <trkpt lon="2.686271" lat="39.722668"><ele>332.0</ele></trkpt>
   <trkpt lon="2.686312" lat="39.722610"><ele>332.5</ele></trkpt>
   <trkpt lon="2.686915" lat="39.722007"><ele>334.75</ele></trkpt>
   <trkpt lon="2.686958" lat="39.721979"><ele>335.25</ele></trkpt>
   <trkpt lon="2.687011" lat="39.721979"><ele>336.25</ele></trkpt>
   <trkpt lon="2.687038" lat="39.721990"><ele>337.25</ele></trkpt>
   <trkpt lon="2.687054" lat="39.722004"><ele>338.0</ele></trkpt>
   <trkpt lon="2.687060" lat="39.722029"><ele>339.25</ele></trkpt>
   <trkpt lon="2.687045" lat="39.722066"><ele>340.25</ele></trkpt>
   <trkpt lon="2.686921" lat="39.722173"><ele>339.75</ele></trkpt>
   <trkpt lon="2.686732" lat="39.722377"><ele>339.25</ele></trkpt>
   <trkpt lon="2.686665" lat="39.722492"><ele>339.75</ele></trkpt>
   <trkpt lon="2.686622" lat="39.722586"><ele>339.75</ele><sym>pass_place</sym><type>Shaping</type></trkpt>
   <trkpt lon="2.686604" lat="39.722703"><ele>340.5</ele></trkpt>
   <trkpt lon="2.686612" lat="39.722862"><ele>341.5</ele></trkpt>
   <trkpt lon="2.686891" lat="39.723714"><ele>347.75</ele></trkpt>
   <trkpt lon="2.686921" lat="39.723849"><ele>348.5</ele></trkpt>
   <trkpt lon="2.686906" lat="39.723974"><ele>349.0</ele></trkpt>
   <trkpt lon="2.686849" lat="39.724111"><ele>349.5</ele></trkpt>
   <trkpt lon="2.686815" lat="39.724172"><ele>349.75</ele></trkpt>
   <trkpt lon="2.686736" lat="39.724272"><ele>351.25</ele></trkpt>
   <trkpt lon="2.686688" lat="39.724319"><ele>351.75</ele></trkpt>
   <trkpt lon="2.686624" lat="39.724369"><ele>352.0</ele></trkpt>
   <trkpt lon="2.686551" lat="39.724423"><ele>352.5</ele></trkpt>
   <trkpt lon="2.686462" lat="39.724472"><ele>352.75</ele></trkpt>
   <trkpt lon="2.686373" lat="39.724512"><ele>352.5</ele></trkpt>
   <trkpt lon="2.686248" lat="39.724553"><ele>353.0</ele></trkpt>
   <trkpt lon="2.686106" lat="39.724581"><ele>353.25</ele></trkpt>
   <trkpt lon="2.685965" lat="39.724600"><ele>354.0</ele></trkpt>
   <trkpt lon="2.685431" lat="39.724690"><ele>354.75</ele></trkpt>
   <trkpt lon="2.685391" lat="39.724713"><ele>355.75</ele></trkpt>
   <trkpt lon="2.685372" lat="39.724749"><ele>357.0</ele></trkpt>
   <trkpt lon="2.685377" lat="39.724777"><ele>357.75</ele></trkpt>
   <trkpt lon="2.685394" lat="39.724801"><ele>358.5</ele></trkpt>
   <trkpt lon="2.685428" lat="39.724811"><ele>358.5</ele></trkpt>
   <trkpt lon="2.685498" lat="39.724815"><ele>358.25</ele></trkpt>
   <trkpt lon="2.685887" lat="39.724736"><ele>357.5</ele></trkpt>
   <trkpt lon="2.685956" lat="39.724732"><ele>357.75</ele></trkpt>
   <trkpt lon="2.686048" lat="39.724739"><ele>358.25</ele></trkpt>
   <trkpt lon="2.686113" lat="39.724754"><ele>359.25</ele></trkpt>
   <trkpt lon="2.686260" lat="39.724807"><ele>361.25</ele></trkpt>
   <trkpt lon="2.686357" lat="39.724819"><ele>361.75</ele></trkpt>
   <trkpt lon="2.686414" lat="39.724802"><ele>361.5</ele></trkpt>
   <trkpt lon="2.686477" lat="39.724771"><ele>361.5</ele></trkpt>
   <trkpt lon="2.686884" lat="39.724499"><ele>361.75</ele></trkpt>
   <trkpt lon="2.687175" lat="39.724325"><ele>361.25</ele></trkpt>
   <trkpt lon="2.687210" lat="39.724318"><ele>361.5</ele></trkpt>
   <trkpt lon="2.687246" lat="39.724322"><ele>362.25</ele></trkpt>
   <trkpt lon="2.687267" lat="39.724342"><ele>363.25</ele></trkpt>
   <trkpt lon="2.687273" lat="39.724376"><ele>364.25</ele></trkpt>
   <trkpt lon="2.687250" lat="39.724412"><ele>365.25</ele></trkpt>
   <trkpt lon="2.686605" lat="39.724897"><ele>368.0</ele></trkpt>
   <trkpt lon="2.686513" lat="39.724957"><ele>368.75</ele></trkpt>
   <trkpt lon="2.686438" lat="39.724989"><ele>369.0</ele></trkpt>
   <trkpt lon="2.685867" lat="39.725126"><ele>371.75</ele></trkpt>
   <trkpt lon="2.685096" lat="39.725331"><ele>373.75</ele></trkpt>
   <trkpt lon="2.685037" lat="39.725357"><ele>374.25</ele></trkpt>
   <trkpt lon="2.685013" lat="39.725397"><ele>375.25</ele></trkpt>
   <trkpt lon="2.685017" lat="39.725425"><ele>376.25</ele></trkpt>
   <trkpt lon="2.685040" lat="39.725445"><ele>376.75</ele></trkpt>
   <trkpt lon="2.685076" lat="39.725462"><ele>377.25</ele></trkpt>
   <trkpt lon="2.685130" lat="39.725460"><ele>377.25</ele></trkpt>
   <trkpt lon="2.686209" lat="39.725213"><ele>377.0</ele></trkpt>
   <trkpt lon="2.686252" lat="39.725214"><ele>377.25</ele></trkpt>
   <trkpt lon="2.686282" lat="39.725230"><ele>378.25</ele></trkpt>
   <trkpt lon="2.686294" lat="39.725261"><ele>379.5</ele></trkpt>
   <trkpt lon="2.686283" lat="39.725290"><ele>380.5</ele></trkpt>
   <trkpt lon="2.686252" lat="39.725316"><ele>381.25</ele></trkpt>
   <trkpt lon="2.685814" lat="39.725451"><ele>381.25</ele></trkpt>
   <trkpt lon="2.685505" lat="39.725550"><ele>383.0</ele></trkpt>
   <trkpt lon="2.685445" lat="39.725585"><ele>383.0</ele></trkpt>
   <trkpt lon="2.685421" lat="39.725625"><ele>383.5</ele></trkpt>
   <trkpt lon="2.685427" lat="39.725652"><ele>384.25</ele></trkpt>
   <trkpt lon="2.685447" lat="39.725680"><ele>385.0</ele></trkpt>
   <trkpt lon="2.685488" lat="39.725689"><ele>385.75</ele></trkpt>
   <trkpt lon="2.685579" lat="39.725665"><ele>386.0</ele></trkpt>
   <trkpt lon="2.685943" lat="39.725550"><ele>386.0</ele></trkpt>
   <trkpt lon="2.686425" lat="39.725416"><ele>385.75</ele></trkpt>
   <trkpt lon="2.686499" lat="39.725400"><ele>385.0</ele></trkpt>
   <trkpt lon="2.686536" lat="39.725400"><ele>385.0</ele></trkpt>
   <trkpt lon="2.686578" lat="39.725414"><ele>385.5</ele></trkpt>
   <trkpt lon="2.686594" lat="39.725435"><ele>386.0</ele></trkpt>
   <trkpt lon="2.686595" lat="39.725472"><ele>387.25</ele></trkpt>
   <trkpt lon="2.686562" lat="39.725509"><ele>388.75</ele></trkpt>
   <trkpt lon="2.685699" lat="39.725994"><ele>395.25</ele></trkpt>
   <trkpt lon="2.685580" lat="39.726046"><ele>396.0</ele></trkpt>
   <trkpt lon="2.685369" lat="39.726107"><ele>396.5</ele></trkpt>
   <trkpt lon="2.685328" lat="39.726126"><ele>396.75</ele></trkpt>
   <trkpt lon="2.685307" lat="39.726147"><ele>397.5</ele></trkpt>
   <trkpt lon="2.685299" lat="39.726171"><ele>398.5</ele></trkpt>
   <trkpt lon="2.685308" lat="39.726197"><ele>399.75</ele></trkpt>
   <trkpt lon="2.685323" lat="39.726213"><ele>400.5</ele></trkpt>
   <trkpt lon="2.685351" lat="39.726225"><ele>401.0</ele></trkpt>
   <trkpt lon="2.685395" lat="39.726229"><ele>401.25</ele></trkpt>
   <trkpt lon="2.686078" lat="39.726023"><ele>400.5</ele></trkpt>
   <trkpt lon="2.686134" lat="39.726010"><ele>401.0</ele></trkpt>
   <trkpt lon="2.686189" lat="39.726006"><ele>402.0</ele></trkpt>
   <trkpt lon="2.686245" lat="39.726023"><ele>403.5</ele></trkpt>
   <trkpt lon="2.686270" lat="39.726056"><ele>404.5</ele></trkpt>
   <trkpt lon="2.686282" lat="39.726095"><ele>405.5</ele></trkpt>
   <trkpt lon="2.686273" lat="39.726134"><ele>406.25</ele></trkpt>
   <trkpt lon="2.686252" lat="39.726162"><ele>406.25</ele></trkpt>
   <trkpt lon="2.686205" lat="39.726191"><ele>405.75</ele></trkpt>
   <trkpt lon="2.685689" lat="39.726353"><ele>405.75</ele></trkpt>
   <trkpt lon="2.685536" lat="39.726380"><ele>406.75</ele></trkpt>
   <trkpt lon="2.685056" lat="39.726405"><ele>408.25</ele></trkpt>
   <trkpt lon="2.685000" lat="39.726414"><ele>408.5</ele></trkpt>
   <trkpt lon="2.684968" lat="39.726438"><ele>408.75</ele></trkpt>
   <trkpt lon="2.684955" lat="39.726473"><ele>409.25</ele></trkpt>
   <trkpt lon="2.684969" lat="39.726505"><ele>410.25</ele></trkpt>
   <trkpt lon="2.685012" lat="39.726525"><ele>410.75</ele></trkpt>
   <trkpt lon="2.686084" lat="39.726617"><ele>413.5</ele></trkpt>
   <trkpt lon="2.686140" lat="39.726632"><ele>414.25</ele></trkpt>
   <trkpt lon="2.686179" lat="39.726665"><ele>415.75</ele></trkpt>
   <trkpt lon="2.686189" lat="39.726702"><ele>417.0</ele></trkpt>
   <trkpt lon="2.686181" lat="39.726730"><ele>417.5</ele></trkpt>
   <trkpt lon="2.686160" lat="39.726755"><ele>418.0</ele></trkpt>
   <trkpt lon="2.686094" lat="39.726773"><ele>418.0</ele></trkpt>
   <trkpt lon="2.685236" lat="39.726830"><ele>417.5</ele></trkpt>
   <trkpt lon="2.685180" lat="39.726849"><ele>417.75</ele></trkpt>
   <trkpt lon="2.685153" lat="39.726880"><ele>418.5</ele></trkpt>
   <trkpt lon="2.685147" lat="39.726918"><ele>419.25</ele></trkpt>
   <trkpt lon="2.685154" lat="39.726952"><ele>420.0</ele></trkpt>
   <trkpt lon="2.685182" lat="39.726980"><ele>420.75</ele></trkpt>
   <trkpt lon="2.685244" lat="39.726999"><ele>421.5</ele></trkpt>
   <trkpt lon="2.685607" lat="39.726998"><ele>422.5</ele></trkpt>
   <trkpt lon="2.686611" lat="39.726986"><ele>426.75</ele></trkpt>
   <trkpt lon="2.686739" lat="39.726971"><ele>427.0</ele></trkpt>
   <trkpt lon="2.686802" lat="39.726955"><ele>427.0</ele><sym>pass_place</sym><type>Shaping</type></trkpt>
   <trkpt lon="2.686804" lat="39.726955"><ele>427.0</ele></trkpt>
   <trkpt lon="2.686935" lat="39.726898"><ele>427.25</ele></trkpt>
   <trkpt lon="2.687123" lat="39.726768"><ele>428.75</ele></trkpt>
   <trkpt lon="2.687423" lat="39.726542"><ele>430.25</ele></trkpt>
   <trkpt lon="2.687480" lat="39.726504"><ele>431.0</ele></trkpt>
   <trkpt lon="2.687510" lat="39.726494"><ele>431.5</ele></trkpt>
   <trkpt lon="2.687550" lat="39.726492"><ele>431.25</ele></trkpt>
   <trkpt lon="2.687584" lat="39.726505"><ele>431.0</ele></trkpt>
   <trkpt lon="2.687603" lat="39.726526"><ele>430.75</ele></trkpt>
   <trkpt lon="2.687610" lat="39.726553"><ele>430.5</ele></trkpt>
   <trkpt lon="2.687601" lat="39.726583"><ele>430.25</ele></trkpt>
   <trkpt lon="2.687567" lat="39.726637"><ele>430.25</ele></trkpt>
   <trkpt lon="2.687359" lat="39.726899"><ele>432.75</ele></trkpt>
   <trkpt lon="2.687124" lat="39.727213"><ele>436.0</ele></trkpt>
   <trkpt lon="2.687067" lat="39.727273"><ele>436.5</ele></trkpt>
   <trkpt lon="2.686987" lat="39.727328"><ele>436.75</ele></trkpt>
   <trkpt lon="2.686791" lat="39.727415"><ele>437.75</ele></trkpt>
   <trkpt lon="2.686630" lat="39.727460"><ele>438.0</ele></trkpt>
   <trkpt lon="2.686481" lat="39.727490"><ele>438.75</ele></trkpt>
   <trkpt lon="2.686336" lat="39.727502"><ele>439.25</ele></trkpt>
   <trkpt lon="2.686231" lat="39.727505"><ele>440.25</ele></trkpt>
   <trkpt lon="2.685917" lat="39.727469"><ele>440.25</ele></trkpt>
   <trkpt lon="2.685866" lat="39.727474"><ele>440.75</ele></trkpt>
   <trkpt lon="2.685697" lat="39.727545"><ele>442.25</ele></trkpt>
   <trkpt lon="2.685590" lat="39.727579"><ele>442.75</ele></trkpt>
   <trkpt lon="2.685160" lat="39.727664"><ele>444.5</ele></trkpt>
   <trkpt lon="2.685135" lat="39.727691"><ele>445.5</ele></trkpt>
   <trkpt lon="2.685135" lat="39.727730"><ele>447.0</ele></trkpt>
   <trkpt lon="2.685157" lat="39.727763"><ele>448.25</ele></trkpt>
   <trkpt lon="2.685205" lat="39.727770"><ele>448.0</ele></trkpt>
   <trkpt lon="2.685338" lat="39.727771"><ele>447.75</ele></trkpt>
   <trkpt lon="2.685654" lat="39.727759"><ele>448.75</ele></trkpt>
   <trkpt lon="2.685874" lat="39.727760"><ele>449.25</ele></trkpt>
   <trkpt lon="2.686018" lat="39.727777"><ele>449.75</ele></trkpt>
   <trkpt lon="2.686174" lat="39.727814"><ele>450.25</ele></trkpt>
   <trkpt lon="2.686670" lat="39.727973"><ele>451.5</ele></trkpt>
   <trkpt lon="2.686711" lat="39.728004"><ele>452.75</ele></trkpt>
   <trkpt lon="2.686729" lat="39.728039"><ele>454.0</ele></trkpt>
   <trkpt lon="2.686719" lat="39.728073"><ele>455.0</ele></trkpt>
   <trkpt lon="2.686680" lat="39.728113"><ele>455.5</ele></trkpt>
   <trkpt lon="2.686645" lat="39.728120"><ele>455.5</ele></trkpt>
   <trkpt lon="2.686581" lat="39.728120"><ele>455.75</ele></trkpt>
   <trkpt lon="2.686297" lat="39.728091"><ele>456.25</ele></trkpt>
   <trkpt lon="2.686155" lat="39.728097"><ele>457.5</ele></trkpt>
   <trkpt lon="2.686031" lat="39.728119"><ele>458.25</ele></trkpt>
   <trkpt lon="2.685909" lat="39.728163"><ele>458.75</ele></trkpt>
   <trkpt lon="2.685789" lat="39.728216"><ele>459.0</ele></trkpt>
   <trkpt lon="2.685692" lat="39.728278"><ele>460.0</ele></trkpt>
   <trkpt lon="2.685636" lat="39.728332"><ele>460.75</ele></trkpt>
   <trkpt lon="2.685600" lat="39.728389"><ele>462.0</ele></trkpt>
   <trkpt lon="2.685607" lat="39.728436"><ele>463.0</ele></trkpt>
   <trkpt lon="2.685654" lat="39.728480"><ele>463.5</ele></trkpt>
   <trkpt lon="2.685700" lat="39.728488"><ele>463.25</ele></trkpt>
   <trkpt lon="2.685787" lat="39.728480"><ele>462.75</ele></trkpt>
   <trkpt lon="2.685979" lat="39.728408"><ele>463.0</ele></trkpt>
   <trkpt lon="2.686037" lat="39.728395"><ele>463.5</ele></trkpt>
   <trkpt lon="2.686099" lat="39.728390"><ele>464.25</ele></trkpt>
   <trkpt lon="2.686150" lat="39.728397"><ele>464.0</ele></trkpt>
   <trkpt lon="2.686203" lat="39.728415"><ele>463.75</ele></trkpt>
   <trkpt lon="2.686235" lat="39.728434"><ele>463.75</ele></trkpt>
   <trkpt lon="2.686271" lat="39.728468"><ele>464.0</ele></trkpt>
   <trkpt lon="2.686604" lat="39.728921"><ele>469.5</ele></trkpt>
   <trkpt lon="2.686639" lat="39.728960"><ele>469.75</ele></trkpt>
   <trkpt lon="2.686675" lat="39.728986"><ele>470.0</ele></trkpt>
   <trkpt lon="2.686729" lat="39.728996"><ele>471.0</ele></trkpt>
   <trkpt lon="2.686777" lat="39.728986"><ele>471.5</ele></trkpt>
   <trkpt lon="2.686815" lat="39.728960"><ele>471.75</ele></trkpt>
   <trkpt lon="2.686939" lat="39.728648"><ele>471.0</ele></trkpt>
   <trkpt lon="2.686961" lat="39.728610"><ele>471.25</ele></trkpt>
   <trkpt lon="2.687001" lat="39.728590"><ele>471.5</ele></trkpt>
   <trkpt lon="2.687049" lat="39.728586"><ele>472.25</ele></trkpt>
   <trkpt lon="2.687085" lat="39.728601"><ele>473.25</ele></trkpt>
   <trkpt lon="2.687107" lat="39.728629"><ele>474.0</ele></trkpt>
   <trkpt lon="2.687114" lat="39.728670"><ele>474.25</ele></trkpt>
   <trkpt lon="2.687076" lat="39.728913"><ele>475.5</ele></trkpt>
   <trkpt lon="2.687035" lat="39.729045"><ele>476.25</ele></trkpt>
   <trkpt lon="2.686979" lat="39.729178"><ele>476.75</ele></trkpt>
   <trkpt lon="2.686840" lat="39.729369"><ele>477.5</ele></trkpt>
   <trkpt lon="2.686708" lat="39.729509"><ele>478.5</ele></trkpt>
   <trkpt lon="2.686649" lat="39.729586"><ele>479.5</ele><sym>right</sym></trkpt>
   <trkpt lon="2.686652" lat="39.729616"><ele>480.0</ele></trkpt>
   <trkpt lon="2.686683" lat="39.729644"><ele>480.75</ele></trkpt>
   <trkpt lon="2.686739" lat="39.729653"><ele>481.5</ele></trkpt>
   <trkpt lon="2.686806" lat="39.729633"><ele>482.0</ele></trkpt>
   <trkpt lon="2.687078" lat="39.729409"><ele>482.25</ele></trkpt>
   <trkpt lon="2.687280" lat="39.729196"><ele>483.5</ele></trkpt>
   <trkpt lon="2.687386" lat="39.729045"><ele>484.0</ele></trkpt>
   <trkpt lon="2.687505" lat="39.728818"><ele>484.25</ele></trkpt>
   <trkpt lon="2.687553" lat="39.728789"><ele>484.75</ele></trkpt>
   <trkpt lon="2.687604" lat="39.728797"><ele>486.0</ele></trkpt>
   <trkpt lon="2.687624" lat="39.728829"><ele>486.75</ele></trkpt>
   <trkpt lon="2.687623" lat="39.728885"><ele>487.5</ele></trkpt>
   <trkpt lon="2.687450" lat="39.729312"><ele>489.25</ele></trkpt>
   <trkpt lon="2.687204" lat="39.729750"><ele>492.25</ele></trkpt>
   <trkpt lon="2.686999" lat="39.730021"><ele>493.5</ele></trkpt>
   <trkpt lon="2.686933" lat="39.730087"><ele>493.25</ele></trkpt>
   <trkpt lon="2.686845" lat="39.730156"><ele>493.75</ele></trkpt>
   <trkpt lon="2.686549" lat="39.730285"><ele>496.0</ele></trkpt>
   <trkpt lon="2.686430" lat="39.730345"><ele>497.0</ele></trkpt>
   <trkpt lon="2.686360" lat="39.730396"><ele>497.75</ele></trkpt>
   <trkpt lon="2.686306" lat="39.730452"><ele>498.75</ele></trkpt>
   <trkpt lon="2.686286" lat="39.730583"><ele>500.25</ele></trkpt>
   <trkpt lon="2.686241" lat="39.731161"><ele>499.0</ele></trkpt>
   <trkpt lon="2.686220" lat="39.731417"><ele>496.5</ele></trkpt>
   <trkpt lon="2.686189" lat="39.731728"><ele>493.75</ele></trkpt>
   <trkpt lon="2.686132" lat="39.732356"><ele>489.5</ele></trkpt>
   <trkpt lon="2.686136" lat="39.732430"><ele>489.25</ele></trkpt>
   <trkpt lon="2.686164" lat="39.732508"><ele>489.25</ele></trkpt>
   <trkpt lon="2.686205" lat="39.732571"><ele>488.5</ele></trkpt>
   <trkpt lon="2.686254" lat="39.732619"><ele>488.25</ele></trkpt>
   <trkpt lon="2.686319" lat="39.732666"><ele>488.0</ele></trkpt>
   <trkpt lon="2.686408" lat="39.732715"><ele>488.0</ele></trkpt>
   <trkpt lon="2.686454" lat="39.732750"><ele>488.0</ele></trkpt>
   <trkpt lon="2.686474" lat="39.732775"><ele>487.75</ele></trkpt>
   <trkpt lon="2.686484" lat="39.732801"><ele>487.25</ele></trkpt>
   <trkpt lon="2.686470" lat="39.732828"><ele>486.0</ele></trkpt>
   <trkpt lon="2.686443" lat="39.732839"><ele>485.5</ele></trkpt>
   <trkpt lon="2.686406" lat="39.732841"><ele>484.75</ele></trkpt>
   <trkpt lon="2.686366" lat="39.732828"><ele>484.75</ele></trkpt>
   <trkpt lon="2.686058" lat="39.732635"><ele>486.25</ele></trkpt>
   <trkpt lon="2.686011" lat="39.732618"><ele>486.0</ele></trkpt>
   <trkpt lon="2.685976" lat="39.732618"><ele>485.5</ele></trkpt>
   <trkpt lon="2.685934" lat="39.732637"><ele>484.75</ele><sym>right</sym></trkpt>
   <trkpt lon="2.685913" lat="39.732678"><ele>483.75</ele></trkpt>
   <trkpt lon="2.685923" lat="39.732711"><ele>483.25</ele></trkpt>
   <trkpt lon="2.686019" lat="39.732777"><ele>483.5</ele></trkpt>
   <trkpt lon="2.687230" lat="39.733397"><ele>481.25</ele></trkpt>
   <trkpt lon="2.687252" lat="39.733430"><ele>482.0</ele></trkpt>
   <trkpt lon="2.687258" lat="39.733460"><ele>482.25</ele></trkpt>
   <trkpt lon="2.687243" lat="39.733487"><ele>481.75</ele></trkpt>
   <trkpt lon="2.687212" lat="39.733512"><ele>480.75</ele><sym>pass_place</sym><type>Shaping</type></trkpt>
   <trkpt lon="2.687172" lat="39.733519"><ele>479.75</ele></trkpt>
   <trkpt lon="2.687131" lat="39.733514"><ele>478.75</ele></trkpt>
   <trkpt lon="2.687089" lat="39.733494"><ele>478.0</ele></trkpt>
   <trkpt lon="2.686815" lat="39.733323"><ele>476.75</ele></trkpt>
   <trkpt lon="2.686352" lat="39.733092"><ele>475.5</ele></trkpt>
   <trkpt lon="2.686077" lat="39.732982"><ele>475.75</ele></trkpt>
   <trkpt lon="2.686029" lat="39.732981"><ele>475.25</ele></trkpt>
   <trkpt lon="2.685996" lat="39.732994"><ele>474.5</ele></trkpt>
   <trkpt lon="2.685980" lat="39.733014"><ele>473.5</ele></trkpt>
   <trkpt lon="2.685976" lat="39.733042"><ele>472.5</ele></trkpt>
   <trkpt lon="2.685986" lat="39.733071"><ele>471.5</ele></trkpt>
   <trkpt lon="2.686048" lat="39.733126"><ele>470.5</ele></trkpt>
   <trkpt lon="2.686963" lat="39.733804"><ele>467.75</ele></trkpt>
   <trkpt lon="2.687261" lat="39.734009"><ele>469.25</ele></trkpt>
   <trkpt lon="2.687310" lat="39.734059"><ele>470.0</ele></trkpt>
   <trkpt lon="2.687325" lat="39.734095"><ele>469.5</ele></trkpt>
   <trkpt lon="2.687323" lat="39.734124"><ele>468.5</ele></trkpt>
   <trkpt lon="2.687308" lat="39.734149"><ele>467.0</ele></trkpt>
   <trkpt lon="2.687275" lat="39.734166"><ele>465.25</ele></trkpt>
   <trkpt lon="2.687223" lat="39.734159"><ele>463.25</ele></trkpt>
   <trkpt lon="2.687170" lat="39.734134"><ele>462.75</ele></trkpt>
   <trkpt lon="2.686180" lat="39.733595"><ele>459.5</ele></trkpt>
   <trkpt lon="2.686115" lat="39.733568"><ele>459.25</ele></trkpt>
   <trkpt lon="2.686073" lat="39.733569"><ele>459.0</ele></trkpt>
   <trkpt lon="2.686032" lat="39.733583"><ele>458.5</ele></trkpt>
   <trkpt lon="2.686021" lat="39.733601"><ele>458.25</ele></trkpt>
   <trkpt lon="2.686013" lat="39.733635"><ele>457.5</ele></trkpt>
   <trkpt lon="2.686018" lat="39.733657"><ele>457.25</ele></trkpt>
   <trkpt lon="2.686044" lat="39.733686"><ele>456.75</ele></trkpt>
   <trkpt lon="2.686853" lat="39.734312"><ele>452.75</ele></trkpt>
   <trkpt lon="2.686920" lat="39.734376"><ele>452.25</ele></trkpt>
   <trkpt lon="2.686989" lat="39.734485"><ele>452.25</ele></trkpt>
   <trkpt lon="2.686998" lat="39.734545"><ele>452.25</ele></trkpt>
   <trkpt lon="2.686983" lat="39.734640"><ele>451.5</ele></trkpt>
   <trkpt lon="2.686949" lat="39.734729"><ele>450.0</ele></trkpt>
   <trkpt lon="2.686937" lat="39.734807"><ele>448.25</ele></trkpt>
   <trkpt lon="2.686972" lat="39.734907"><ele>447.0</ele></trkpt>
   <trkpt lon="2.687025" lat="39.734952"><ele>447.25</ele></trkpt>
   <trkpt lon="2.687364" lat="39.735151"><ele>447.5</ele></trkpt>
   <trkpt lon="2.687486" lat="39.735216"><ele>447.25</ele></trkpt>
   <trkpt lon="2.687586" lat="39.735244"><ele>446.5</ele></trkpt>
   <trkpt lon="2.687698" lat="39.735267"><ele>445.5</ele></trkpt>
   <trkpt lon="2.687831" lat="39.735284"><ele>445.5</ele></trkpt>
   <trkpt lon="2.687916" lat="39.735319"><ele>445.75</ele></trkpt>
   <trkpt lon="2.688648" lat="39.735847"><ele>439.0</ele></trkpt>
   <trkpt lon="2.688805" lat="39.735967"><ele>437.5</ele></trkpt>
   <trkpt lon="2.688856" lat="39.735978"><ele>437.25</ele></trkpt>
   <trkpt lon="2.688943" lat="39.735986"><ele>437.0</ele></trkpt>
   <trkpt lon="2.689151" lat="39.735978"><ele>437.5</ele></trkpt>
   <trkpt lon="2.689531" lat="39.735919"><ele>435.5</ele></trkpt>
   <trkpt lon="2.690379" lat="39.735774"><ele>433.75</ele></trkpt>
   <trkpt lon="2.690480" lat="39.735764"><ele>434.25</ele></trkpt>
   <trkpt lon="2.690551" lat="39.735772"><ele>433.5</ele></trkpt>
   <trkpt lon="2.690580" lat="39.735798"><ele>431.75</ele></trkpt>
   <trkpt lon="2.690580" lat="39.735828"><ele>429.5</ele></trkpt>
   <trkpt lon="2.690550" lat="39.735857"><ele>428.0</ele></trkpt>
   <trkpt lon="2.690412" lat="39.735897"><ele>427.0</ele></trkpt>
   <trkpt lon="2.689855" lat="39.736029"><ele>427.25</ele></trkpt>
   <trkpt lon="2.689790" lat="39.736058"><ele>426.75</ele></trkpt>
   <trkpt lon="2.689766" lat="39.736086"><ele>425.75</ele></trkpt>
   <trkpt lon="2.689775" lat="39.736127"><ele>424.0</ele></trkpt>
   <trkpt lon="2.689813" lat="39.736144"><ele>423.25</ele></trkpt>
   <trkpt lon="2.689895" lat="39.736137"><ele>423.25</ele></trkpt>
   <trkpt lon="2.690252" lat="39.736023"><ele>423.5</ele></trkpt>
   <trkpt lon="2.690397" lat="39.735988"><ele>423.5</ele></trkpt>
   <trkpt lon="2.690679" lat="39.735951"><ele>424.0</ele></trkpt>
   <trkpt lon="2.690779" lat="39.735947"><ele>424.5</ele></trkpt>
   <trkpt lon="2.690824" lat="39.735960"><ele>424.0</ele></trkpt>
   <trkpt lon="2.690844" lat="39.735988"><ele>422.75</ele></trkpt>
   <trkpt lon="2.690841" lat="39.736022"><ele>420.75</ele></trkpt>
   <trkpt lon="2.690814" lat="39.736042"><ele>419.5</ele></trkpt>
   <trkpt lon="2.690666" lat="39.736055"><ele>419.25</ele></trkpt>
   <trkpt lon="2.690552" lat="39.736085"><ele>418.0</ele></trkpt>
   <trkpt lon="2.690300" lat="39.736223"><ele>417.0</ele></trkpt>
   <trkpt lon="2.690128" lat="39.736286"><ele>417.0</ele></trkpt>
   <trkpt lon="2.690108" lat="39.736315"><ele>416.0</ele></trkpt>
   <trkpt lon="2.690099" lat="39.736344"><ele>415.25</ele></trkpt>
   <trkpt lon="2.690119" lat="39.736373"><ele>414.25</ele></trkpt>
   <trkpt lon="2.690157" lat="39.736379"><ele>414.25</ele></trkpt>
   <trkpt lon="2.690220" lat="39.736373"><ele>414.25</ele></trkpt>
   <trkpt lon="2.690641" lat="39.736223"><ele>412.25</ele></trkpt>
   <trkpt lon="2.690710" lat="39.736205"><ele>412.5</ele></trkpt>
   <trkpt lon="2.690815" lat="39.736189"><ele>412.25</ele></trkpt>
   <trkpt lon="2.690930" lat="39.736196"><ele>412.5</ele></trkpt>
   <trkpt lon="2.691069" lat="39.736228"><ele>411.75</ele></trkpt>
   <trkpt lon="2.691729" lat="39.736442"><ele>408.5</ele></trkpt>
   <trkpt lon="2.691759" lat="39.736465"><ele>409.0</ele></trkpt>
   <trkpt lon="2.691761" lat="39.736493"><ele>408.0</ele></trkpt>
   <trkpt lon="2.691744" lat="39.736529"><ele>406.25</ele></trkpt>
   <trkpt lon="2.691689" lat="39.736545"><ele>403.75</ele></trkpt>
   <trkpt lon="2.691599" lat="39.736523"><ele>402.75</ele></trkpt>
   <trkpt lon="2.691457" lat="39.736470"><ele>403.0</ele></trkpt>
   <trkpt lon="2.691325" lat="39.736433"><ele>403.5</ele></trkpt>
   <trkpt lon="2.691189" lat="39.736410"><ele>403.5</ele></trkpt>
   <trkpt lon="2.691056" lat="39.736403"><ele>403.25</ele></trkpt>
   <trkpt lon="2.690793" lat="39.736425"><ele>402.5</ele></trkpt>
   <trkpt lon="2.690695" lat="39.736449"><ele>403.25</ele></trkpt>
   <trkpt lon="2.690636" lat="39.736492"><ele>402.5</ele></trkpt>
   <trkpt lon="2.690626" lat="39.736520"><ele>401.75</ele></trkpt>
   <trkpt lon="2.690640" lat="39.736561"><ele>400.5</ele></trkpt>
   <trkpt lon="2.690681" lat="39.736582"><ele>399.5</ele></trkpt>
   <trkpt lon="2.690741" lat="39.736589"><ele>398.75</ele></trkpt>
   <trkpt lon="2.690960" lat="39.736568"><ele>397.75</ele></trkpt>
   <trkpt lon="2.691110" lat="39.736569"><ele>396.75</ele></trkpt>
   <trkpt lon="2.691221" lat="39.736583"><ele>396.75</ele></trkpt>
   <trkpt lon="2.691326" lat="39.736608"><ele>396.25</ele></trkpt>
   <trkpt lon="2.691431" lat="39.736648"><ele>395.5</ele></trkpt>
   <trkpt lon="2.691630" lat="39.736750"><ele>395.25</ele></trkpt>
   <trkpt lon="2.692103" lat="39.737074"><ele>392.25</ele></trkpt>
   <trkpt lon="2.692201" lat="39.737108"><ele>392.25</ele></trkpt>
   <trkpt lon="2.692296" lat="39.737125"><ele>392.25</ele></trkpt>
   <trkpt lon="2.692690" lat="39.737174"><ele>390.25</ele></trkpt>
   <trkpt lon="2.692742" lat="39.737200"><ele>389.0</ele></trkpt>
   <trkpt lon="2.692763" lat="39.737228"><ele>387.5</ele></trkpt>
   <trkpt lon="2.692743" lat="39.737273"><ele>385.25</ele></trkpt>
   <trkpt lon="2.692695" lat="39.737294"><ele>384.25</ele></trkpt>
   <trkpt lon="2.692482" lat="39.737290"><ele>384.25</ele></trkpt>
   <trkpt lon="2.692205" lat="39.737264"><ele>384.5</ele></trkpt>
   <trkpt lon="2.691977" lat="39.737224"><ele>383.25</ele></trkpt>
   <trkpt lon="2.691260" lat="39.736918"><ele>381.75</ele><sym>pass_place</sym><type>Shaping</type></trkpt>
   <trkpt lon="2.691258" lat="39.736917"><ele>381.75</ele></trkpt>
   <trkpt lon="2.691152" lat="39.736900"><ele>381.5</ele></trkpt>
   <trkpt lon="2.691108" lat="39.736907"><ele>380.75</ele></trkpt>
   <trkpt lon="2.691087" lat="39.736932"><ele>379.5</ele></trkpt>
   <trkpt lon="2.691093" lat="39.736966"><ele>377.75</ele></trkpt>
   <trkpt lon="2.691138" lat="39.737002"><ele>376.25</ele></trkpt>
   <trkpt lon="2.691461" lat="39.737150"><ele>375.25</ele></trkpt>
   <trkpt lon="2.691918" lat="39.737403"><ele>375.25</ele></trkpt>
   <trkpt lon="2.692095" lat="39.737488"><ele>373.0</ele></trkpt>
   <trkpt lon="2.692226" lat="39.737527"><ele>371.5</ele></trkpt>
   <trkpt lon="2.692384" lat="39.737552"><ele>370.75</ele></trkpt>
   <trkpt lon="2.692847" lat="39.737644"><ele>368.75</ele></trkpt>
   <trkpt lon="2.693222" lat="39.737818"><ele>367.5</ele></trkpt>
   <trkpt lon="2.693419" lat="39.737952"><ele>366.5</ele></trkpt>
   <trkpt lon="2.693742" lat="39.738155"><ele>367.25</ele></trkpt>
   <trkpt lon="2.693760" lat="39.738206"><ele>366.25</ele></trkpt>
   <trkpt lon="2.693760" lat="39.738256"><ele>364.75</ele></trkpt>
   <trkpt lon="2.693725" lat="39.738294"><ele>362.75</ele></trkpt>
   <trkpt lon="2.693661" lat="39.738290"><ele>361.25</ele></trkpt>
   <trkpt lon="2.693591" lat="39.738259"><ele>360.25</ele></trkpt>
   <trkpt lon="2.693446" lat="39.738145"><ele>360.0</ele></trkpt>
   <trkpt lon="2.693250" lat="39.738028"><ele>360.25</ele></trkpt>
   <trkpt lon="2.693096" lat="39.737959"><ele>360.0</ele></trkpt>
   <trkpt lon="2.692943" lat="39.737942"><ele>359.25</ele></trkpt>
   <trkpt lon="2.692544" lat="39.737944"><ele>358.5</ele></trkpt>
   <trkpt lon="2.692462" lat="39.737963"><ele>357.25</ele></trkpt>
   <trkpt lon="2.692441" lat="39.738008"><ele>355.25</ele></trkpt>
   <trkpt lon="2.692473" lat="39.738035"><ele>355.5</ele></trkpt>
   <trkpt lon="2.692535" lat="39.738055"><ele>355.75</ele></trkpt>
   <trkpt lon="2.692916" lat="39.738064"><ele>355.0</ele></trkpt>
   <trkpt lon="2.693090" lat="39.738136"><ele>353.25</ele></trkpt>
   <trkpt lon="2.693247" lat="39.738221"><ele>352.75</ele></trkpt>
   <trkpt lon="2.693471" lat="39.738421"><ele>351.0</ele></trkpt>
   <trkpt lon="2.693707" lat="39.738581"><ele>350.0</ele></trkpt>
   <trkpt lon="2.693843" lat="39.738645"><ele>349.25</ele></trkpt>
   <trkpt lon="2.693920" lat="39.738699"><ele>347.75</ele></trkpt>
   <trkpt lon="2.693916" lat="39.738734"><ele>345.75</ele></trkpt>
   <trkpt lon="2.693878" lat="39.738747"><ele>344.25</ele></trkpt>
   <trkpt lon="2.693838" lat="39.738735"><ele>344.25</ele></trkpt>
   <trkpt lon="2.693361" lat="39.738529"><ele>344.25</ele></trkpt>
   <trkpt lon="2.693102" lat="39.738426"><ele>342.25</ele></trkpt>
   <trkpt lon="2.692775" lat="39.738361"><ele>343.25</ele></trkpt>
   <trkpt lon="2.692586" lat="39.738366"><ele>342.75</ele></trkpt>
   <trkpt lon="2.692552" lat="39.738382"><ele>341.75</ele></trkpt>
   <trkpt lon="2.692539" lat="39.738420"><ele>340.25</ele><sym>right</sym></trkpt>
   <trkpt lon="2.692558" lat="39.738455"><ele>338.5</ele></trkpt>
   <trkpt lon="2.692610" lat="39.738474"><ele>337.5</ele></trkpt>
   <trkpt lon="2.692925" lat="39.738500"><ele>337.25</ele></trkpt>
   <trkpt lon="2.693038" lat="39.738540"><ele>336.5</ele></trkpt>
   <trkpt lon="2.693207" lat="39.738643"><ele>336.25</ele></trkpt>
   <trkpt lon="2.693318" lat="39.738720"><ele>335.5</ele></trkpt>
   <trkpt lon="2.693499" lat="39.738809"><ele>334.75</ele></trkpt>
   <trkpt lon="2.693805" lat="39.738919"><ele>334.0</ele></trkpt>
   <trkpt lon="2.693948" lat="39.738954"><ele>334.0</ele></trkpt>
   <trkpt lon="2.694007" lat="39.738983"><ele>333.25</ele></trkpt>
   <trkpt lon="2.694005" lat="39.739034"><ele>330.25</ele></trkpt>
   <trkpt lon="2.693954" lat="39.739068"><ele>327.5</ele></trkpt>
   <trkpt lon="2.693840" lat="39.739042"><ele>327.25</ele></trkpt>
   <trkpt lon="2.693194" lat="39.738849"><ele>327.0</ele></trkpt>
   <trkpt lon="2.693073" lat="39.738770"><ele>328.0</ele></trkpt>
   <trkpt lon="2.692830" lat="39.738704"><ele>328.0</ele></trkpt>
   <trkpt lon="2.692741" lat="39.738693"><ele>328.0</ele></trkpt>
   <trkpt lon="2.692677" lat="39.738706"><ele>327.75</ele></trkpt>
   <trkpt lon="2.692636" lat="39.738734"><ele>327.0</ele></trkpt>
   <trkpt lon="2.692638" lat="39.738776"><ele>325.75</ele></trkpt>
   <trkpt lon="2.692696" lat="39.738811"><ele>324.75</ele></trkpt>
   <trkpt lon="2.692848" lat="39.738852"><ele>324.0</ele></trkpt>
   <trkpt lon="2.693132" lat="39.738949"><ele>321.25</ele></trkpt>
   <trkpt lon="2.693674" lat="39.739148"><ele>318.25</ele></trkpt>
   <trkpt lon="2.693939" lat="39.739219"><ele>318.75</ele></trkpt>
   <trkpt lon="2.693981" lat="39.739248"><ele>317.75</ele></trkpt>
   <trkpt lon="2.693992" lat="39.739285"><ele>315.75</ele></trkpt>
   <trkpt lon="2.693970" lat="39.739304"><ele>314.5</ele></trkpt>
   <trkpt lon="2.693915" lat="39.739306"><ele>313.75</ele></trkpt>
   <trkpt lon="2.693802" lat="39.739282"><ele>313.0</ele></trkpt>
   <trkpt lon="2.693266" lat="39.739137"><ele>313.0</ele></trkpt>
   <trkpt lon="2.693037" lat="39.739084"><ele>313.75</ele></trkpt>
   <trkpt lon="2.692976" lat="39.739091"><ele>313.25</ele></trkpt>
   <trkpt lon="2.692945" lat="39.739126"><ele>311.5</ele></trkpt>
   <trkpt lon="2.692972" lat="39.739169"><ele>309.5</ele></trkpt>
   <trkpt lon="2.693032" lat="39.739198"><ele>308.75</ele></trkpt>
   <trkpt lon="2.693260" lat="39.739242"><ele>307.25</ele></trkpt>
   <trkpt lon="2.693593" lat="39.739325"><ele>306.5</ele></trkpt>
   <trkpt lon="2.693951" lat="39.739460"><ele>305.75</ele></trkpt>
   <trkpt lon="2.694165" lat="39.739551"><ele>303.75</ele></trkpt>
   <trkpt lon="2.694292" lat="39.739638"><ele>303.25</ele></trkpt>
   <trkpt lon="2.694599" lat="39.739896"><ele>301.0</ele></trkpt>
   <trkpt lon="2.694965" lat="39.740152"><ele>298.5</ele></trkpt>
   <trkpt lon="2.695222" lat="39.740349"><ele>296.75</ele></trkpt>
   <trkpt lon="2.695427" lat="39.740526"><ele>294.5</ele></trkpt>
   <trkpt lon="2.695886" lat="39.740954"><ele>290.25</ele></trkpt>
   <trkpt lon="2.695970" lat="39.741057"><ele>289.25</ele></trkpt>
   <trkpt lon="2.696069" lat="39.741252"><ele>287.25</ele></trkpt>
   <trkpt lon="2.696145" lat="39.741379"><ele>287.25</ele></trkpt>
   <trkpt lon="2.696326" lat="39.741639"><ele>285.0</ele></trkpt>
   <trkpt lon="2.696626" lat="39.742003"><ele>282.0</ele></trkpt>
   <trkpt lon="2.697294" lat="39.742595"><ele>278.5</ele></trkpt>
   <trkpt lon="2.697439" lat="39.742681"><ele>278.25</ele></trkpt>
   <trkpt lon="2.697728" lat="39.742822"><ele>277.75</ele></trkpt>
   <trkpt lon="2.697826" lat="39.742877"><ele>277.75</ele></trkpt>
   <trkpt lon="2.697849" lat="39.742906"><ele>277.25</ele></trkpt>
   <trkpt lon="2.697845" lat="39.742936"><ele>275.75</ele><sym>left</sym></trkpt>
   <trkpt lon="2.697817" lat="39.742960"><ele>274.0</ele></trkpt>
   <trkpt lon="2.697757" lat="39.742961"><ele>272.5</ele></trkpt>
   <trkpt lon="2.697597" lat="39.742919"><ele>270.25</ele></trkpt>
   <trkpt lon="2.697407" lat="39.742846"><ele>269.0</ele></trkpt>
   <trkpt lon="2.697123" lat="39.742673"><ele>269.0</ele></trkpt>
   <trkpt lon="2.696803" lat="39.742441"><ele>267.75</ele></trkpt>
   <trkpt lon="2.696590" lat="39.742344"><ele>265.25</ele></trkpt>
   <trkpt lon="2.696451" lat="39.742266"><ele>264.75</ele></trkpt>
   <trkpt lon="2.696201" lat="39.742053"><ele>264.0</ele></trkpt>
   <trkpt lon="2.695854" lat="39.741771"><ele>261.25</ele></trkpt>
   <trkpt lon="2.695634" lat="39.741580"><ele>260.5</ele></trkpt>
   <trkpt lon="2.695504" lat="39.741455"><ele>260.0</ele></trkpt>
   <trkpt lon="2.695454" lat="39.741433"><ele>259.75</ele></trkpt>
   <trkpt lon="2.695414" lat="39.741436"><ele>258.75</ele></trkpt>
   <trkpt lon="2.695382" lat="39.741457"><ele>257.5</ele></trkpt>
   <trkpt lon="2.695381" lat="39.741498"><ele>256.0</ele></trkpt>
   <trkpt lon="2.695682" lat="39.741832"><ele>254.25</ele></trkpt>
   <trkpt lon="2.695919" lat="39.742124"><ele>251.75</ele></trkpt>
   <trkpt lon="2.696225" lat="39.742427"><ele>250.25</ele></trkpt>
   <trkpt lon="2.696524" lat="39.742617"><ele>249.75</ele></trkpt>
   <trkpt lon="2.696755" lat="39.742790"><ele>249.5</ele></trkpt>
   <trkpt lon="2.696800" lat="39.742843"><ele>249.75</ele></trkpt>
   <trkpt lon="2.696816" lat="39.742888"><ele>249.0</ele></trkpt>
   <trkpt lon="2.696808" lat="39.742922"><ele>247.75</ele></trkpt>
   <trkpt lon="2.696769" lat="39.742942"><ele>246.0</ele></trkpt>
   <trkpt lon="2.696722" lat="39.742943"><ele>244.5</ele></trkpt>
   <trkpt lon="2.696684" lat="39.742924"><ele>243.75</ele></trkpt>
   <trkpt lon="2.696587" lat="39.742791"><ele>243.5</ele></trkpt>
   <trkpt lon="2.696517" lat="39.742744"><ele>243.75</ele></trkpt>
   <trkpt lon="2.696338" lat="39.742660"><ele>242.75</ele></trkpt>
   <trkpt lon="2.696100" lat="39.742568"><ele>241.25</ele></trkpt>
   <trkpt lon="2.695385" lat="39.742177"><ele>237.75</ele></trkpt>
   <trkpt lon="2.695312" lat="39.742160"><ele>236.75</ele></trkpt>
   <trkpt lon="2.695240" lat="39.742164"><ele>236.25</ele></trkpt>
   <trkpt lon="2.695218" lat="39.742212"><ele>235.25</ele></trkpt>
   <trkpt lon="2.695229" lat="39.742261"><ele>234.5</ele></trkpt>
   <trkpt lon="2.695333" lat="39.742360"><ele>232.75</ele></trkpt>
   <trkpt lon="2.695568" lat="39.742500"><ele>232.25</ele><sym>pass_place</sym><type>Shaping</type></trkpt>
   <trkpt lon="2.695571" lat="39.742502"><ele>232.25</ele></trkpt>
   <trkpt lon="2.696079" lat="39.742806"><ele>229.5</ele></trkpt>
   <trkpt lon="2.696207" lat="39.742901"><ele>229.5</ele></trkpt>
   <trkpt lon="2.696297" lat="39.742997"><ele>228.5</ele></trkpt>
   <trkpt lon="2.696413" lat="39.743163"><ele>226.75</ele></trkpt>
   <trkpt lon="2.696476" lat="39.743294"><ele>225.5</ele></trkpt>
   <trkpt lon="2.696504" lat="39.743427"><ele>223.5</ele></trkpt>
   <trkpt lon="2.696515" lat="39.743560"><ele>221.5</ele></trkpt>
   <trkpt lon="2.696536" lat="39.743627"><ele>220.75</ele></trkpt>
   <trkpt lon="2.696573" lat="39.743685"><ele>221.0</ele></trkpt>
   <trkpt lon="2.696619" lat="39.743738"><ele>221.25</ele></trkpt>
   <trkpt lon="2.696685" lat="39.743793"><ele>221.75</ele></trkpt>
   <trkpt lon="2.696795" lat="39.743863"><ele>222.75</ele></trkpt>
   <trkpt lon="2.696822" lat="39.743889"><ele>222.75</ele></trkpt>
   <trkpt lon="2.696830" lat="39.743908"><ele>222.25</ele></trkpt>
   <trkpt lon="2.696821" lat="39.743935"><ele>220.75</ele></trkpt>
   <trkpt lon="2.696804" lat="39.743954"><ele>219.75</ele></trkpt>
   <trkpt lon="2.696764" lat="39.743960"><ele>218.5</ele></trkpt>
   <trkpt lon="2.696725" lat="39.743950"><ele>218.0</ele></trkpt>
   <trkpt lon="2.696616" lat="39.743843"><ele>218.75</ele></trkpt>
   <trkpt lon="2.696548" lat="39.743800"><ele>217.75</ele></trkpt>
   <trkpt lon="2.696498" lat="39.743798"><ele>216.25</ele></trkpt>
   <trkpt lon="2.696468" lat="39.743816"><ele>215.25</ele></trkpt>
   <trkpt lon="2.696457" lat="39.743850"><ele>214.25</ele></trkpt>
   <trkpt lon="2.696477" lat="39.743879"><ele>214.25</ele></trkpt>
   <trkpt lon="2.696519" lat="39.743915"><ele>214.25</ele></trkpt>
   <trkpt lon="2.696769" lat="39.744073"><ele>214.0</ele></trkpt>
   <trkpt lon="2.697027" lat="39.744236"><ele>214.0</ele></trkpt>
   <trkpt lon="2.697260" lat="39.744404"><ele>213.25</ele></trkpt>
   <trkpt lon="2.697592" lat="39.744676"><ele>210.5</ele></trkpt>
   <trkpt lon="2.697708" lat="39.744799"><ele>209.75</ele></trkpt>
   <trkpt lon="2.697921" lat="39.745065"><ele>207.75</ele></trkpt>
   <trkpt lon="2.697993" lat="39.745236"><ele>204.25</ele></trkpt>
   <trkpt lon="2.698076" lat="39.745436"><ele>201.25</ele></trkpt>
   <trkpt lon="2.698489" lat="39.745914"><ele>200.0</ele></trkpt>
   <trkpt lon="2.698587" lat="39.746031"><ele>199.75</ele></trkpt>
   <trkpt lon="2.698630" lat="39.746094"><ele>199.5</ele></trkpt>
   <trkpt lon="2.698655" lat="39.746144"><ele>199.25</ele></trkpt>
   <trkpt lon="2.698658" lat="39.746176"><ele>198.75</ele></trkpt>
   <trkpt lon="2.698639" lat="39.746215"><ele>196.75</ele></trkpt>
   <trkpt lon="2.698591" lat="39.746229"><ele>194.75</ele></trkpt>
   <trkpt lon="2.698546" lat="39.746221"><ele>193.5</ele></trkpt>
   <trkpt lon="2.698511" lat="39.746193"><ele>193.0</ele></trkpt>
   <trkpt lon="2.698402" lat="39.746057"><ele>193.25</ele></trkpt>
   <trkpt lon="2.698238" lat="39.745876"><ele>192.25</ele></trkpt>
   <trkpt lon="2.698073" lat="39.745730"><ele>191.25</ele></trkpt>
   <trkpt lon="2.697841" lat="39.745570"><ele>188.75</ele></trkpt>
   <trkpt lon="2.697797" lat="39.745548"><ele>187.75</ele></trkpt>
   <trkpt lon="2.697756" lat="39.745536"><ele>187.25</ele></trkpt>
   <trkpt lon="2.697716" lat="39.745532"><ele>187.25</ele></trkpt>
   <trkpt lon="2.697678" lat="39.745539"><ele>186.75</ele></trkpt>
   <trkpt lon="2.697656" lat="39.745554"><ele>186.5</ele></trkpt>
   <trkpt lon="2.697642" lat="39.745581"><ele>186.0</ele></trkpt>
   <trkpt lon="2.697641" lat="39.745608"><ele>185.75</ele></trkpt>
   <trkpt lon="2.697743" lat="39.745850"><ele>182.25</ele></trkpt>
   <trkpt lon="2.697776" lat="39.745912"><ele>181.25</ele></trkpt>
   <trkpt lon="2.697883" lat="39.746123"><ele>180.0</ele></trkpt>
   <trkpt lon="2.697969" lat="39.746376"><ele>178.75</ele></trkpt>
   <trkpt lon="2.698055" lat="39.746483"><ele>177.25</ele></trkpt>
   <trkpt lon="2.698150" lat="39.746609"><ele>176.5</ele></trkpt>
   <trkpt lon="2.698462" lat="39.746874"><ele>174.25</ele></trkpt>
   <trkpt lon="2.698841" lat="39.747183"><ele>169.5</ele></trkpt>
   <trkpt lon="2.698932" lat="39.747235"><ele>168.5</ele></trkpt>
   <trkpt lon="2.699008" lat="39.747279"><ele>168.5</ele></trkpt>
   <trkpt lon="2.699146" lat="39.747342"><ele>167.75</ele></trkpt>
   <trkpt lon="2.699443" lat="39.747431"><ele>165.5</ele></trkpt>
   <trkpt lon="2.699617" lat="39.747484"><ele>165.0</ele></trkpt>
   <trkpt lon="2.700362" lat="39.747745"><ele>161.5</ele></trkpt>
   <trkpt lon="2.700531" lat="39.747824"><ele>161.25</ele></trkpt>
   <trkpt lon="2.701107" lat="39.748094"><ele>156.0</ele></trkpt>
   <trkpt lon="2.701878" lat="39.748571"><ele>153.25</ele></trkpt>
   <trkpt lon="2.702696" lat="39.748937"><ele>147.75</ele></trkpt>
   <trkpt lon="2.702797" lat="39.749030"><ele>146.75</ele></trkpt>
   <trkpt lon="2.702953" lat="39.749255"><ele>146.25</ele></trkpt>
   <trkpt lon="2.703099" lat="39.749429"><ele>144.25</ele></trkpt>
   <trkpt lon="2.703338" lat="39.749658"><ele>143.0</ele></trkpt>
   <trkpt lon="2.703899" lat="39.750115"><ele>138.5</ele></trkpt>
   <trkpt lon="2.704398" lat="39.750630"><ele>131.75</ele></trkpt>
   <trkpt lon="2.704667" lat="39.750924"><ele>131.0</ele></trkpt>
   <trkpt lon="2.704800" lat="39.751039"><ele>131.0</ele></trkpt>
   <trkpt lon="2.705032" lat="39.751207"><ele>131.25</ele></trkpt>
   <trkpt lon="2.705244" lat="39.751347"><ele>129.0</ele></trkpt>
   <trkpt lon="2.705452" lat="39.751514"><ele>128.75</ele></trkpt>
   <trkpt lon="2.705553" lat="39.751649"><ele>126.0</ele></trkpt>
   <trkpt lon="2.705663" lat="39.751908"><ele>129.25</ele></trkpt>
   <trkpt lon="2.705774" lat="39.752141"><ele>125.5</ele></trkpt>
   <trkpt lon="2.705850" lat="39.752235"><ele>122.0</ele></trkpt>
   <trkpt lon="2.706063" lat="39.752397"><ele>121.25</ele></trkpt>
   <trkpt lon="2.706449" lat="39.752789"><ele>118.25</ele><sym>pass_place</sym><type>Shaping</type></trkpt>
   <trkpt lon="2.706453" lat="39.752794"><ele>118.25</ele></trkpt>
   <trkpt lon="2.706546" lat="39.752912"><ele>117.0</ele></trkpt>
   <trkpt lon="2.706579" lat="39.753017"><ele>117.0</ele></trkpt>
   <trkpt lon="2.706592" lat="39.753132"><ele>116.5</ele></trkpt>
   <trkpt lon="2.706589" lat="39.753235"><ele>116.0</ele></trkpt>
   <trkpt lon="2.706581" lat="39.753536"><ele>116.0</ele></trkpt>
   <trkpt lon="2.706604" lat="39.753631"><ele>114.75</ele></trkpt>
   <trkpt lon="2.706633" lat="39.753706"><ele>113.5</ele></trkpt>
   <trkpt lon="2.706817" lat="39.754003"><ele>109.75</ele></trkpt>
   <trkpt lon="2.706895" lat="39.754148"><ele>109.25</ele></trkpt>
   <trkpt lon="2.707027" lat="39.754509"><ele>106.25</ele></trkpt>
   <trkpt lon="2.707095" lat="39.754620"><ele>105.75</ele></trkpt>
   <trkpt lon="2.707284" lat="39.754820"><ele>104.0</ele></trkpt>
   <trkpt lon="2.707533" lat="39.755067"><ele>103.0</ele></trkpt>
   <trkpt lon="2.707884" lat="39.755517"><ele>99.5</ele></trkpt>
   <trkpt lon="2.707993" lat="39.755620"><ele>98.5</ele></trkpt>
   <trkpt lon="2.708120" lat="39.755708"><ele>98.0</ele></trkpt>
   <trkpt lon="2.708365" lat="39.755820"><ele>96.5</ele></trkpt>
   <trkpt lon="2.708973" lat="39.756122"><ele>93.5</ele></trkpt>
   <trkpt lon="2.709641" lat="39.756533"><ele>90.25</ele></trkpt>
   <trkpt lon="2.709853" lat="39.756627"><ele>90.0</ele></trkpt>
   <trkpt lon="2.710008" lat="39.756688"><ele>89.0</ele></trkpt>
   <trkpt lon="2.710115" lat="39.756743"><ele>87.5</ele></trkpt>
   <trkpt lon="2.710192" lat="39.756783"><ele>86.5</ele></trkpt>
   <trkpt lon="2.710330" lat="39.756902"><ele>85.75</ele></trkpt>
   <trkpt lon="2.710597" lat="39.757191"><ele>84.0</ele></trkpt>
   <trkpt lon="2.710673" lat="39.757282"><ele>83.25</ele></trkpt>
   <trkpt lon="2.710821" lat="39.757456"><ele>82.25</ele></trkpt>
   <trkpt lon="2.710991" lat="39.757703"><ele>81.25</ele></trkpt>
   <trkpt lon="2.711094" lat="39.757905"><ele>80.5</ele></trkpt>
   <trkpt lon="2.711250" lat="39.758272"><ele>76.25</ele></trkpt>
   <trkpt lon="2.711414" lat="39.758649"><ele>74.25</ele></trkpt>
   <trkpt lon="2.711610" lat="39.759184"><ele>71.75</ele></trkpt>
   <trkpt lon="2.711687" lat="39.759497"><ele>69.25</ele></trkpt>
   <trkpt lon="2.711715" lat="39.759702"><ele>68.5</ele></trkpt>
   <trkpt lon="2.711711" lat="39.759939"><ele>67.5</ele></trkpt>
   <trkpt lon="2.711653" lat="39.760136"><ele>66.75</ele></trkpt>
   <trkpt lon="2.711552" lat="39.760312"><ele>65.25</ele></trkpt>
   <trkpt lon="2.711507" lat="39.760430"><ele>64.0</ele></trkpt>
   <trkpt lon="2.711485" lat="39.760609"><ele>62.25</ele></trkpt>
   <trkpt lon="2.711471" lat="39.760723"><ele>62.0</ele><sym>roundabout_e1</sym></trkpt>
   <trkpt lon="2.711492" lat="39.760757"><ele>61.5</ele></trkpt>
   <trkpt lon="2.711497" lat="39.760820"><ele>61.0</ele></trkpt>
   <trkpt lon="2.711460" lat="39.760879"><ele>61.25</ele></trkpt>
   <trkpt lon="2.711477" lat="39.760909"><ele>60.75</ele></trkpt>
   <trkpt lon="2.711463" lat="39.761048"><ele>59.75</ele></trkpt>
   <trkpt lon="2.711438" lat="39.761103"><ele>59.5</ele></trkpt>
   <trkpt lon="2.711407" lat="39.761307"><ele>58.25</ele></trkpt>
   <trkpt lon="2.711291" lat="39.761960"><ele>56.5</ele></trkpt>
   <trkpt lon="2.711203" lat="39.762452"><ele>54.0</ele><sym>right_sharp</sym></trkpt>
   <trkpt lon="2.711272" lat="39.762431"><ele>54.0</ele><sym>right_slight</sym></trkpt>
   <trkpt lon="2.711606" lat="39.762182"><ele>53.5</ele><sym>right_slight</sym></trkpt>
   <trkpt lon="2.711705" lat="39.761765"><ele>55.25</ele></trkpt>
   <trkpt lon="2.711748" lat="39.761546"><ele>55.25</ele></trkpt>
   <trkpt lon="2.711718" lat="39.761429"><ele>55.5</ele><sym>left</sym></trkpt>
   <trkpt lon="2.711962" lat="39.761376"><ele>53.75</ele></trkpt>
   <trkpt lon="2.712060" lat="39.761367"><ele>52.25</ele></trkpt>
   <trkpt lon="2.712128" lat="39.761368"><ele>51.25</ele></trkpt>
   <trkpt lon="2.712283" lat="39.761393"><ele>50.0</ele></trkpt>
   <trkpt lon="2.712379" lat="39.761398"><ele>50.5</ele></trkpt>
   <trkpt lon="2.712398" lat="39.761400"><ele>50.5</ele><sym>left</sym></trkpt>
   <trkpt lon="2.712401" lat="39.761441"><ele>50.25</ele></trkpt>
   <trkpt lon="2.712433" lat="39.761508"><ele>49.75</ele></trkpt>
   <trkpt lon="2.712713" lat="39.761698"><ele>48.5</ele></trkpt>
   <trkpt lon="2.712831" lat="39.761798"><ele>48.5</ele></trkpt>
   <trkpt lon="2.713433" lat="39.762306"><ele>46.0</ele></trkpt>
   <trkpt lon="2.713789" lat="39.762653"><ele>44.25</ele></trkpt>
   <trkpt lon="2.714120" lat="39.762947"><ele>42.25</ele></trkpt>
   <trkpt lon="2.714162" lat="39.762978"><ele>41.5</ele></trkpt>
   <trkpt lon="2.714197" lat="39.762988"><ele>41.75</ele></trkpt>
   <trkpt lon="2.714233" lat="39.762990"><ele>42.0</ele></trkpt>
   <trkpt lon="2.714493" lat="39.762988"><ele>45.0</ele><sym>left_slight</sym></trkpt>
   <trkpt lon="2.714506" lat="39.763040"><ele>44.75</ele></trkpt>
   <trkpt lon="2.714779" lat="39.763286"><ele>48.0</ele></trkpt>
   <trkpt lon="2.714976" lat="39.763409"><ele>48.5</ele></trkpt>
   <trkpt lon="2.715171" lat="39.763727"><ele>48.75</ele></trkpt>
   <trkpt lon="2.715202" lat="39.763766"><ele>48.75</ele><sym>pass_place</sym><type>Shaping</type></trkpt>
   <trkpt lon="2.715215" lat="39.763773"><ele>48.75</ele><sym>right</sym></trkpt>
   <trkpt lon="2.715248" lat="39.763771"><ele>49.0</ele></trkpt>
   <trkpt lon="2.715360" lat="39.763705"><ele>49.75</ele></trkpt>
   <trkpt lon="2.715381" lat="39.763705"><ele>50.0</ele></trkpt>
   <trkpt lon="2.715408" lat="39.763716"><ele>50.0</ele></trkpt>
   <trkpt lon="2.716421" lat="39.764332"><ele>47.75</ele></trkpt>
   <trkpt lon="2.716249" lat="39.764542"><ele>46.25</ele></trkpt>
   <trkpt lon="2.715778" lat="39.765119"><ele>42.75</ele></trkpt>
   <trkpt lon="2.715594" lat="39.765338"><ele>40.5</ele></trkpt>
   <trkpt lon="2.715510" lat="39.765565"><ele>38.75</ele><sym>left_slight</sym></trkpt>
   <trkpt lon="2.715337" lat="39.765606"><ele>37.75</ele></trkpt>
   <trkpt lon="2.715197" lat="39.765615"><ele>37.25</ele></trkpt>
   <trkpt lon="2.715157" lat="39.765618"><ele>37.0</ele></trkpt>
   <trkpt lon="2.714896" lat="39.765574"><ele>36.75</ele></trkpt>
   <trkpt lon="2.714808" lat="39.765560"><ele>36.75</ele><sym>right</sym></trkpt>
   <trkpt lon="2.714793" lat="39.765609"><ele>36.75</ele></trkpt>
   <trkpt lon="2.714778" lat="39.765847"><ele>35.75</ele></trkpt>
   <trkpt lon="2.714825" lat="39.766186"><ele>34.0</ele><sym>right_slight</sym></trkpt>
   <trkpt lon="2.715059" lat="39.766199"><ele>34.75</ele><sym>pass_place</sym><type>Via</type></trkpt>
  </trkseg>
 </trk>
</gpx>
