<?xml version="1.0" encoding="UTF-8"?>
<!-- track-length = 45194 filtered ascend = 1122 plain-ascend = 1 cost=98225 energy=.4kwh time=3h 51m 16s -->
<gpx 
 xmlns="http://www.topografix.com/GPX/1/1" 
 xmlns:xsi="http://www.w3.org/2001/XMLSchema-instance" 
 xsi:schemaLocation="http://www.topografix.com/GPX/1/1 http://www.topografix.com/GPX/1/1/gpx.xsd" 
 creator="BRouter-1.7.9" version="1.1"><wpt lat="39.76472" lon="2.71612"><name>Drinking water</name><sym>Drinking Water</sym></wpt><wpt lat="39.765" lon="2.71729"><name>Drinking water</name><sym>Drinking Water</sym></wpt><wpt lat="39.76564" lon="2.71905"><name>Drinking water</name><sym>Drinking Water</sym></wpt><wpt lat="39.76655" lon="2.71486"><name>Bini</name><sym>Restaurant</sym></wpt><wpt lat="39.76657" lon="2.71538"><name>Sóller</name><sym>Restaurant</sym></wpt><wpt lat="39.76774" lon="2.71832"><name>Mayol</name><sym>Bike Trail</sym></wpt><wpt lat="39.76768" lon="2.7176"><name>Tramuntana Tours</name><sym>Bike Trail</sym></wpt><wpt lat="39.76789" lon="2.7184"><name>Tres Llunes</name><sym>Restaurant</sym></wpt><wpt lat="39.76645" lon="2.71483"><name>Drinking water</name><sym>Drinking Water</sym></wpt><wpt lat="39.7676" lon="2.71586"><name>Drinking water</name><sym>Drinking Water</sym></wpt><wpt lat="39.76847" lon="2.72461"><name>Drinking water</name><sym>Drinking Water</sym></wpt><wpt lat="39.78228" lon="2.74089"><name>Depor</name><sym>Restaurant</sym></wpt><wpt lat="39.78242" lon="2.74096"><name>Drinking water</name><sym>Drinking Water</sym></wpt><wpt lat="39.78402" lon="2.74282"><name>Drinking water</name><sym>Drinking Water</sym></wpt><wpt lat="39.78227" lon="2.74083"><name>Ca&#x27;n Benet</name><sym>Restaurant</sym></wpt><wpt lat="39.76519" lon="2.71518"><name>el Tren</name><sym>Restaurant</sym></wpt><wpt lat="39.76628" lon="2.71817"><name>Drinking water</name><sym>Drinking Water</sym></wpt><wpt lat="39.76789" lon="2.71964"><name>Drinking water</name><sym>Drinking Water</sym></wpt><wpt lat="39.76574" lon="2.71473"><name>es Pont</name><sym>Restaurant</sym></wpt><wpt lat="39.78282" lon="2.74066"><name>Font de sa Creveta</name><sym>Drinking Water</sym></wpt><wpt lat="39.78171" lon="2.74007"><name>Sa Font des carrer des Sol</name><sym>Drinking Water</sym></wpt><wpt lat="39.78193" lon="2.74081"><name>Corel la Café</name><sym>Restaurant</sym></wpt>
 <trk>
  <src>brouter_fastbike-lowtraffic_0</src>
  <type>bike</type>
  <trkseg>
   <trkpt lon="2.715059" lat="39.766199"><ele>34.25</ele><sym>pass_place</sym><type>Via</type></trkpt>
   <trkpt lon="2.715216" lat="39.766209"><ele>34.75</ele><sym>stay_right</sym></trkpt>
   <trkpt lon="2.715271" lat="39.766215"><ele>34.75</ele></trkpt>
   <trkpt lon="2.715565" lat="39.766247"><ele>36.0</ele></trkpt>
   <trkpt lon="2.715694" lat="39.766268"><ele>37.0</ele></trkpt>
   <trkpt lon="2.715795" lat="39.766281"><ele>38.0</ele></trkpt>
   <trkpt lon="2.716259" lat="39.766378"><ele>38.0</ele></trkpt>
   <trkpt lon="2.716297" lat="39.766339"><ele>38.25</ele><sym>left</sym></trkpt>
   <trkpt lon="2.717188" lat="39.766677"><ele>37.75</ele></trkpt>
   <trkpt lon="2.717385" lat="39.766734"><ele>38.25</ele></trkpt>
   <trkpt lon="2.718051" lat="39.766938"><ele>38.0</ele></trkpt>
   <trkpt lon="2.718768" lat="39.767157"><ele>38.0</ele></trkpt>
   <trkpt lon="2.719301" lat="39.767311"><ele>37.25</ele></trkpt>
   <trkpt lon="2.719823" lat="39.767469"><ele>37.0</ele><sym>left</sym></trkpt>
   <trkpt lon="2.719741" lat="39.767866"><ele>34.25</ele><sym>right</sym></trkpt>
   <trkpt lon="2.721064" lat="39.768267"><ele>35.0</ele><sym>right_slight</sym></trkpt>
   <trkpt lon="2.721257" lat="39.768237"><ele>36.0</ele></trkpt>
   <trkpt lon="2.721391" lat="39.768293"><ele>37.0</ele></trkpt>
   <trkpt lon="2.721855" lat="39.768512"><ele>37.75</ele></trkpt>
   <trkpt lon="2.721973" lat="39.768534"><ele>37.75</ele><sym>right_slight</sym></trkpt>
   <trkpt lon="2.722255" lat="39.768458"><ele>38.0</ele></trkpt>
   <trkpt lon="2.723000" lat="39.768526"><ele>37.5</ele></trkpt>
   <trkpt lon="2.723788" lat="39.768462"><ele>40.0</ele></trkpt>
   <trkpt lon="2.723992" lat="39.768485"><ele>40.0</ele></trkpt>
   <trkpt lon="2.724079" lat="39.768507"><ele>40.0</ele><sym>left</sym></trkpt>
   <trkpt lon="2.724077" lat="39.768530"><ele>39.5</ele></trkpt>
   <trkpt lon="2.724066" lat="39.768618"><ele>38.25</ele></trkpt>
   <trkpt lon="2.724257" lat="39.768825"><ele>39.75</ele></trkpt>
   <trkpt lon="2.724355" lat="39.769595"><ele>41.5</ele><sym>right</sym></trkpt>
   <trkpt lon="2.724667" lat="39.769644"><ele>42.5</ele></trkpt>
   <trkpt lon="2.724720" lat="39.769661"><ele>42.75</ele></trkpt>
   <trkpt lon="2.724824" lat="39.769736"><ele>43.25</ele></trkpt>
   <trkpt lon="2.724893" lat="39.769812"><ele>43.25</ele></trkpt>
   <trkpt lon="2.724996" lat="39.770048"><ele>43.75</ele></trkpt>
   <trkpt lon="2.725067" lat="39.770264"><ele>44.0</ele></trkpt>
   <trkpt lon="2.725095" lat="39.770309"><ele>43.75</ele></trkpt>
   <trkpt lon="2.725142" lat="39.770353"><ele>43.75</ele></trkpt>
   <trkpt lon="2.725667" lat="39.770717"><ele>45.0</ele></trkpt>
   <trkpt lon="2.726058" lat="39.771133"><ele>45.75</ele></trkpt>
   <trkpt lon="2.726443" lat="39.771545"><ele>47.0</ele></trkpt>
   <trkpt lon="2.726681" lat="39.771736"><ele>48.0</ele></trkpt>
   <trkpt lon="2.726946" lat="39.771910"><ele>48.75</ele></trkpt>
   <trkpt lon="2.727238" lat="39.772149"><ele>49.0</ele></trkpt>
   <trkpt lon="2.727470" lat="39.772327"><ele>50.0</ele></trkpt>
   <trkpt lon="2.727601" lat="39.772422"><ele>50.0</ele></trkpt>
   <trkpt lon="2.727714" lat="39.772478"><ele>50.5</ele></trkpt>
   <trkpt lon="2.727839" lat="39.772515"><ele>51.0</ele></trkpt>
   <trkpt lon="2.727999" lat="39.772548"><ele>51.25</ele></trkpt>
   <trkpt lon="2.728336" lat="39.772580"><ele>52.0</ele></trkpt>
   <trkpt lon="2.728806" lat="39.772622"><ele>53.25</ele></trkpt>
   <trkpt lon="2.728862" lat="39.772635"><ele>53.25</ele></trkpt>
   <trkpt lon="2.728903" lat="39.772662"><ele>53.25</ele></trkpt>
   <trkpt lon="2.729146" lat="39.772958"><ele>54.75</ele></trkpt>
   <trkpt lon="2.729324" lat="39.773213"><ele>55.75</ele></trkpt>
   <trkpt lon="2.729362" lat="39.773473"><ele>56.75</ele></trkpt>
   <trkpt lon="2.729383" lat="39.773531"><ele>57.25</ele></trkpt>
   <trkpt lon="2.729431" lat="39.773563"><ele>57.5</ele></trkpt>
   <trkpt lon="2.730112" lat="39.773692"><ele>58.0</ele></trkpt>
   <trkpt lon="2.730596" lat="39.773722"><ele>59.0</ele></trkpt>
   <trkpt lon="2.730775" lat="39.773711"><ele>59.75</ele></trkpt>
   <trkpt lon="2.730905" lat="39.773735"><ele>60.0</ele></trkpt>
   <trkpt lon="2.731256" lat="39.773834"><ele>60.75</ele><sym>pass_place</sym><type>Shaping</type></trkpt>
   <trkpt lon="2.731779" lat="39.774031"><ele>62.75</ele></trkpt>
   <trkpt lon="2.731828" lat="39.774045"><ele>62.75</ele></trkpt>
   <trkpt lon="2.732215" lat="39.774095"><ele>63.25</ele></trkpt>
   <trkpt lon="2.732482" lat="39.774148"><ele>64.0</ele></trkpt>
   <trkpt lon="2.732616" lat="39.774179"><ele>65.25</ele></trkpt>
   <trkpt lon="2.732877" lat="39.774258"><ele>66.75</ele></trkpt>
   <trkpt lon="2.733014" lat="39.774317"><ele>66.25</ele></trkpt>
   <trkpt lon="2.733495" lat="39.774468"><ele>68.5</ele></trkpt>
   <trkpt lon="2.733867" lat="39.774594"><ele>68.75</ele></trkpt>
   <trkpt lon="2.733979" lat="39.774638"><ele>69.25</ele></trkpt>
   <trkpt lon="2.734576" lat="39.774966"><ele>72.75</ele></trkpt>
   <trkpt lon="2.734715" lat="39.775047"><ele>73.5</ele></trkpt>
   <trkpt lon="2.734784" lat="39.775095"><ele>73.5</ele></trkpt>
   <trkpt lon="2.734929" lat="39.775280"><ele>74.0</ele></trkpt>
   <trkpt lon="2.734954" lat="39.775323"><ele>74.5</ele></trkpt>
   <trkpt lon="2.734978" lat="39.775390"><ele>75.25</ele></trkpt>
   <trkpt lon="2.735012" lat="39.775426"><ele>75.5</ele></trkpt>
   <trkpt lon="2.735066" lat="39.775453"><ele>75.5</ele></trkpt>
   <trkpt lon="2.735211" lat="39.775503"><ele>75.25</ele></trkpt>
   <trkpt lon="2.735435" lat="39.775569"><ele>75.5</ele></trkpt>
   <trkpt lon="2.735869" lat="39.775720"><ele>77.5</ele></trkpt>
   <trkpt lon="2.735904" lat="39.775730"><ele>77.75</ele></trkpt>
   <trkpt lon="2.736092" lat="39.775756"><ele>79.25</ele></trkpt>
   <trkpt lon="2.736188" lat="39.775811"><ele>80.0</ele></trkpt>
   <trkpt lon="2.736370" lat="39.775959"><ele>80.5</ele></trkpt>
   <trkpt lon="2.736452" lat="39.776005"><ele>80.75</ele></trkpt>
   <trkpt lon="2.736819" lat="39.776154"><ele>84.25</ele></trkpt>
   <trkpt lon="2.737131" lat="39.776303"><ele>84.5</ele></trkpt>
   <trkpt lon="2.737218" lat="39.776354"><ele>85.25</ele></trkpt>
   <trkpt lon="2.737347" lat="39.776460"><ele>87.0</ele></trkpt>
   <trkpt lon="2.737400" lat="39.776519"><ele>87.25</ele></trkpt>
   <trkpt lon="2.737528" lat="39.776694"><ele>87.0</ele></trkpt>
   <trkpt lon="2.737596" lat="39.776765"><ele>87.25</ele></trkpt>
   <trkpt lon="2.737708" lat="39.776857"><ele>88.75</ele></trkpt>
   <trkpt lon="2.737920" lat="39.777049"><ele>91.75</ele></trkpt>
   <trkpt lon="2.737992" lat="39.777104"><ele>92.25</ele></trkpt>
   <trkpt lon="2.738125" lat="39.777176"><ele>93.5</ele></trkpt>
   <trkpt lon="2.738306" lat="39.777413"><ele>95.75</ele></trkpt>
   <trkpt lon="2.738348" lat="39.777518"><ele>96.0</ele></trkpt>
   <trkpt lon="2.738390" lat="39.777701"><ele>95.5</ele></trkpt>
   <trkpt lon="2.738512" lat="39.777914"><ele>96.25</ele></trkpt>
   <trkpt lon="2.738575" lat="39.778021"><ele>95.5</ele></trkpt>
   <trkpt lon="2.738648" lat="39.778085"><ele>95.5</ele></trkpt>
   <trkpt lon="2.738795" lat="39.778187"><ele>96.75</ele></trkpt>
   <trkpt lon="2.738832" lat="39.778231"><ele>96.75</ele></trkpt>
   <trkpt lon="2.738867" lat="39.778296"><ele>97.0</ele></trkpt>
   <trkpt lon="2.738898" lat="39.778400"><ele>97.5</ele></trkpt>
   <trkpt lon="2.738915" lat="39.778500"><ele>98.25</ele></trkpt>
   <trkpt lon="2.738956" lat="39.778605"><ele>98.5</ele></trkpt>
   <trkpt lon="2.738990" lat="39.778647"><ele>99.0</ele></trkpt>
   <trkpt lon="2.739205" lat="39.778843"><ele>101.0</ele></trkpt>
   <trkpt lon="2.739224" lat="39.778875"><ele>101.5</ele></trkpt>
   <trkpt lon="2.739238" lat="39.778923"><ele>101.75</ele></trkpt>
   <trkpt lon="2.739241" lat="39.778977"><ele>102.25</ele></trkpt>
   <trkpt lon="2.739233" lat="39.779037"><ele>102.5</ele></trkpt>
   <trkpt lon="2.739142" lat="39.779253"><ele>103.5</ele></trkpt>
   <trkpt lon="2.739117" lat="39.779366"><ele>104.5</ele></trkpt>
   <trkpt lon="2.739128" lat="39.779443"><ele>105.0</ele></trkpt>
   <trkpt lon="2.739147" lat="39.779500"><ele>105.5</ele></trkpt>
   <trkpt lon="2.739176" lat="39.779557"><ele>106.0</ele></trkpt>
   <trkpt lon="2.739220" lat="39.779610"><ele>106.5</ele></trkpt>
   <trkpt lon="2.739305" lat="39.779674"><ele>106.75</ele></trkpt>
   <trkpt lon="2.739404" lat="39.779730"><ele>107.25</ele></trkpt>
   <trkpt lon="2.739538" lat="39.779793"><ele>107.75</ele></trkpt>
   <trkpt lon="2.739711" lat="39.779870"><ele>108.5</ele></trkpt>
   <trkpt lon="2.739847" lat="39.779950"><ele>110.25</ele></trkpt>
   <trkpt lon="2.739886" lat="39.779990"><ele>110.75</ele></trkpt>
   <trkpt lon="2.739918" lat="39.780044"><ele>111.25</ele></trkpt>
   <trkpt lon="2.739922" lat="39.780081"><ele>111.75</ele></trkpt>
   <trkpt lon="2.739915" lat="39.780145"><ele>112.25</ele></trkpt>
   <trkpt lon="2.739860" lat="39.780237"><ele>113.0</ele></trkpt>
   <trkpt lon="2.739798" lat="39.780288"><ele>113.5</ele></trkpt>
   <trkpt lon="2.739743" lat="39.780314"><ele>113.75</ele></trkpt>
   <trkpt lon="2.739689" lat="39.780323"><ele>114.25</ele></trkpt>
   <trkpt lon="2.739623" lat="39.780323"><ele>114.75</ele></trkpt>
   <trkpt lon="2.739525" lat="39.780307"><ele>115.0</ele></trkpt>
   <trkpt lon="2.739433" lat="39.780278"><ele>115.0</ele></trkpt>
   <trkpt lon="2.739353" lat="39.780244"><ele>115.0</ele></trkpt>
   <trkpt lon="2.739281" lat="39.780228"><ele>115.25</ele></trkpt>
   <trkpt lon="2.739224" lat="39.780223"><ele>115.75</ele></trkpt>
   <trkpt lon="2.739053" lat="39.780232"><ele>117.0</ele></trkpt>
   <trkpt lon="2.738980" lat="39.780230"><ele>117.5</ele></trkpt>
   <trkpt lon="2.738913" lat="39.780219"><ele>117.75</ele></trkpt>
   <trkpt lon="2.738574" lat="39.780093"><ele>117.5</ele></trkpt>
   <trkpt lon="2.738465" lat="39.780080"><ele>118.75</ele></trkpt>
   <trkpt lon="2.738403" lat="39.780085"><ele>119.75</ele></trkpt>
   <trkpt lon="2.738358" lat="39.780103"><ele>120.75</ele></trkpt>
   <trkpt lon="2.738329" lat="39.780123"><ele>121.25</ele></trkpt>
   <trkpt lon="2.738309" lat="39.780155"><ele>122.25</ele></trkpt>
   <trkpt lon="2.738309" lat="39.780186"><ele>122.5</ele></trkpt>
   <trkpt lon="2.738337" lat="39.780237"><ele>122.5</ele></trkpt>
   <trkpt lon="2.738362" lat="39.780263"><ele>122.5</ele></trkpt>
   <trkpt lon="2.738672" lat="39.780561"><ele>126.0</ele></trkpt>
   <trkpt lon="2.738731" lat="39.780657"><ele>127.0</ele></trkpt>
   <trkpt lon="2.738753" lat="39.780706"><ele>127.5</ele></trkpt>
   <trkpt lon="2.738797" lat="39.780753"><ele>128.0</ele></trkpt>
   <trkpt lon="2.738825" lat="39.780771"><ele>128.0</ele></trkpt>
   <trkpt lon="2.738872" lat="39.780787"><ele>128.0</ele></trkpt>
   <trkpt lon="2.739030" lat="39.780817"><ele>128.5</ele></trkpt>
   <trkpt lon="2.739219" lat="39.780850"><ele>129.0</ele></trkpt>
   <trkpt lon="2.739279" lat="39.780864"><ele>128.75</ele></trkpt>
   <trkpt lon="2.739317" lat="39.780881"><ele>128.75</ele></trkpt>
   <trkpt lon="2.739351" lat="39.780912"><ele>129.25</ele></trkpt>
   <trkpt lon="2.739392" lat="39.780973"><ele>130.0</ele></trkpt>
   <trkpt lon="2.739422" lat="39.781090"><ele>131.75</ele></trkpt>
   <trkpt lon="2.739441" lat="39.781123"><ele>132.25</ele></trkpt>
   <trkpt lon="2.739491" lat="39.781159"><ele>133.0</ele></trkpt>
   <trkpt lon="2.739617" lat="39.781232"><ele>135.0</ele></trkpt>
   <trkpt lon="2.739706" lat="39.781275"><ele>136.25</ele></trkpt>
   <trkpt lon="2.739821" lat="39.781312"><ele>136.5</ele></trkpt>
   <trkpt lon="2.740142" lat="39.781406"><ele>137.25</ele></trkpt>
   <trkpt lon="2.740186" lat="39.781417"><ele>137.5</ele></trkpt>
   <trkpt lon="2.740237" lat="39.781420"><ele>137.25</ele></trkpt>
   <trkpt lon="2.740446" lat="39.781392"><ele>137.0</ele></trkpt>
   <trkpt lon="2.740506" lat="39.781396"><ele>137.0</ele></trkpt>
   <trkpt lon="2.740577" lat="39.781420"><ele>137.25</ele></trkpt>
   <trkpt lon="2.740673" lat="39.781511"><ele>138.75</ele></trkpt>
   <trkpt lon="2.740748" lat="39.781587"><ele>140.0</ele></trkpt>
   <trkpt lon="2.740831" lat="39.781687"><ele>142.0</ele></trkpt>
   <trkpt lon="2.740882" lat="39.781777"><ele>141.75</ele></trkpt>
   <trkpt lon="2.740927" lat="39.781886"><ele>142.25</ele></trkpt>
   <trkpt lon="2.740932" lat="39.781938"><ele>143.0</ele></trkpt>
   <trkpt lon="2.740948" lat="39.782266"><ele>146.0</ele></trkpt>
   <trkpt lon="2.740955" lat="39.782314"><ele>146.5</ele></trkpt>
   <trkpt lon="2.740976" lat="39.782341"><ele>146.75</ele></trkpt>
   <trkpt lon="2.741007" lat="39.782359"><ele>146.5</ele></trkpt>
   <trkpt lon="2.741070" lat="39.782382"><ele>146.5</ele></trkpt>
   <trkpt lon="2.741227" lat="39.782416"><ele>146.0</ele></trkpt>
   <trkpt lon="2.741311" lat="39.782435"><ele>146.0</ele></trkpt>
   <trkpt lon="2.741438" lat="39.782487"><ele>145.75</ele></trkpt>
   <trkpt lon="2.741489" lat="39.782517"><ele>145.5</ele></trkpt>
   <trkpt lon="2.741529" lat="39.782552"><ele>145.5</ele></trkpt>
   <trkpt lon="2.741597" lat="39.782649"><ele>146.0</ele></trkpt>
   <trkpt lon="2.741622" lat="39.782730"><ele>147.0</ele></trkpt>
   <trkpt lon="2.741695" lat="39.782972"><ele>148.0</ele></trkpt>
   <trkpt lon="2.741710" lat="39.783011"><ele>148.25</ele></trkpt>
   <trkpt lon="2.741796" lat="39.783203"><ele>150.0</ele></trkpt>
   <trkpt lon="2.741830" lat="39.783266"><ele>150.5</ele></trkpt>
   <trkpt lon="2.741953" lat="39.783380"><ele>151.5</ele></trkpt>
   <trkpt lon="2.741998" lat="39.783419"><ele>151.5</ele></trkpt>
   <trkpt lon="2.742789" lat="39.783895"><ele>158.0</ele></trkpt>
   <trkpt lon="2.742792" lat="39.783896"><ele>157.75</ele><sym>pass_place</sym><type>Shaping</type></trkpt>
   <trkpt lon="2.743033" lat="39.784044"><ele>157.75</ele></trkpt>
   <trkpt lon="2.743278" lat="39.784193"><ele>161.0</ele></trkpt>
   <trkpt lon="2.743628" lat="39.784429"><ele>164.25</ele></trkpt>
   <trkpt lon="2.743764" lat="39.784502"><ele>165.75</ele></trkpt>
   <trkpt lon="2.743906" lat="39.784551"><ele>165.5</ele></trkpt>
   <trkpt lon="2.744043" lat="39.784589"><ele>166.0</ele></trkpt>
   <trkpt lon="2.744121" lat="39.784610"><ele>166.25</ele></trkpt>
   <trkpt lon="2.744373" lat="39.784669"><ele>167.5</ele></trkpt>
   <trkpt lon="2.744711" lat="39.784768"><ele>169.5</ele></trkpt>
   <trkpt lon="2.745047" lat="39.784858"><ele>172.0</ele></trkpt>
   <trkpt lon="2.745194" lat="39.784917"><ele>173.25</ele></trkpt>
   <trkpt lon="2.745237" lat="39.784952"><ele>174.25</ele></trkpt>
   <trkpt lon="2.745266" lat="39.784999"><ele>175.75</ele></trkpt>
   <trkpt lon="2.745271" lat="39.785104"><ele>177.25</ele></trkpt>
   <trkpt lon="2.745252" lat="39.785173"><ele>178.25</ele></trkpt>
   <trkpt lon="2.745194" lat="39.785235"><ele>179.0</ele></trkpt>
   <trkpt lon="2.745114" lat="39.785293"><ele>179.5</ele></trkpt>
   <trkpt lon="2.744989" lat="39.785312"><ele>179.75</ele></trkpt>
   <trkpt lon="2.744930" lat="39.785310"><ele>180.0</ele></trkpt>
   <trkpt lon="2.744839" lat="39.785306"><ele>180.25</ele></trkpt>
   <trkpt lon="2.744169" lat="39.785207"><ele>181.75</ele></trkpt>
   <trkpt lon="2.743775" lat="39.785141"><ele>183.0</ele></trkpt>
   <trkpt lon="2.743654" lat="39.785104"><ele>184.0</ele></trkpt>
   <trkpt lon="2.743600" lat="39.785073"><ele>184.5</ele></trkpt>
   <trkpt lon="2.743562" lat="39.785036"><ele>184.5</ele></trkpt>
   <trkpt lon="2.743423" lat="39.784785"><ele>185.75</ele></trkpt>
   <trkpt lon="2.743360" lat="39.784716"><ele>187.5</ele></trkpt>
   <trkpt lon="2.743215" lat="39.784623"><ele>186.75</ele></trkpt>
   <trkpt lon="2.742845" lat="39.784511"><ele>191.25</ele></trkpt>
   <trkpt lon="2.742690" lat="39.784497"><ele>193.0</ele></trkpt>
   <trkpt lon="2.742378" lat="39.784518"><ele>194.5</ele></trkpt>
   <trkpt lon="2.742177" lat="39.784547"><ele>195.0</ele></trkpt>
   <trkpt lon="2.742086" lat="39.784574"><ele>195.25</ele></trkpt>
   <trkpt lon="2.741983" lat="39.784627"><ele>196.75</ele></trkpt>
   <trkpt lon="2.741822" lat="39.784764"><ele>198.75</ele></trkpt>
   <trkpt lon="2.740746" lat="39.785867"><ele>216.75</ele></trkpt>
   <trkpt lon="2.740695" lat="39.785903"><ele>218.25</ele></trkpt>
   <trkpt lon="2.740626" lat="39.785939"><ele>219.25</ele></trkpt>
   <trkpt lon="2.740561" lat="39.785955"><ele>219.25</ele></trkpt>
   <trkpt lon="2.740462" lat="39.785953"><ele>219.25</ele></trkpt>
   <trkpt lon="2.740391" lat="39.785934"><ele>218.75</ele></trkpt>
   <trkpt lon="2.740184" lat="39.785837"><ele>219.25</ele></trkpt>
   <trkpt lon="2.739914" lat="39.785700"><ele>221.5</ele></trkpt>
   <trkpt lon="2.739730" lat="39.785605"><ele>222.5</ele></trkpt>
   <trkpt lon="2.739124" lat="39.785294"><ele>226.75</ele></trkpt>
   <trkpt lon="2.739041" lat="39.785236"><ele>228.0</ele></trkpt>
   <trkpt lon="2.738955" lat="39.785142"><ele>228.5</ele></trkpt>
   <trkpt lon="2.738613" lat="39.784672"><ele>230.5</ele></trkpt>
   <trkpt lon="2.738532" lat="39.784575"><ele>231.25</ele></trkpt>
   <trkpt lon="2.738483" lat="39.784542"><ele>231.75</ele></trkpt>
   <trkpt lon="2.738417" lat="39.784510"><ele>232.0</ele></trkpt>
   <trkpt lon="2.738301" lat="39.784490"><ele>232.5</ele></trkpt>
   <trkpt lon="2.738210" lat="39.784486"><ele>233.0</ele></trkpt>
   <trkpt lon="2.737782" lat="39.784493"><ele>234.75</ele></trkpt>
   <trkpt lon="2.736416" lat="39.784534"><ele>239.5</ele></trkpt>
   <trkpt lon="2.736233" lat="39.784526"><ele>240.5</ele></trkpt>
   <trkpt lon="2.735534" lat="39.784341"><ele>244.5</ele></trkpt>
   <trkpt lon="2.735423" lat="39.784316"><ele>245.5</ele></trkpt>
   <trkpt lon="2.735326" lat="39.784302"><ele>246.5</ele></trkpt>
   <trkpt lon="2.735262" lat="39.784296"><ele>247.0</ele></trkpt>
   <trkpt lon="2.735196" lat="39.784300"><ele>246.75</ele></trkpt>
   <trkpt lon="2.735025" lat="39.784339"><ele>246.5</ele></trkpt>
   <trkpt lon="2.734852" lat="39.784374"><ele>247.25</ele></trkpt>
   <trkpt lon="2.734766" lat="39.784381"><ele>247.25</ele></trkpt>
   <trkpt lon="2.734642" lat="39.784360"><ele>247.25</ele></trkpt>
   <trkpt lon="2.734557" lat="39.784333"><ele>247.5</ele></trkpt>
   <trkpt lon="2.734441" lat="39.784271"><ele>247.75</ele></trkpt>
   <trkpt lon="2.733539" lat="39.783754"><ele>255.0</ele></trkpt>
   <trkpt lon="2.733498" lat="39.783731"><ele>255.0</ele></trkpt>
   <trkpt lon="2.733298" lat="39.783628"><ele>255.25</ele></trkpt>
   <trkpt lon="2.733199" lat="39.783604"><ele>255.25</ele></trkpt>
   <trkpt lon="2.733114" lat="39.783600"><ele>255.5</ele></trkpt>
   <trkpt lon="2.733030" lat="39.783609"><ele>255.75</ele></trkpt>
   <trkpt lon="2.732959" lat="39.783628"><ele>255.25</ele></trkpt>
   <trkpt lon="2.732874" lat="39.783682"><ele>255.25</ele></trkpt>
   <trkpt lon="2.732831" lat="39.783729"><ele>255.75</ele><sym>right_slight</sym></trkpt>
   <trkpt lon="2.732799" lat="39.783852"><ele>257.25</ele><sym>right_slight</sym></trkpt>
   <trkpt lon="2.732843" lat="39.783953"><ele>258.5</ele></trkpt>
   <trkpt lon="2.732881" lat="39.784004"><ele>259.25</ele></trkpt>
   <trkpt lon="2.732937" lat="39.784061"><ele>260.25</ele><sym>right_slight</sym></trkpt>
   <trkpt lon="2.733401" lat="39.784188"><ele>263.25</ele></trkpt>
   <trkpt lon="2.733530" lat="39.784242"><ele>264.25</ele></trkpt>
   <trkpt lon="2.733648" lat="39.784302"><ele>264.75</ele></trkpt>
   <trkpt lon="2.733722" lat="39.784350"><ele>264.75</ele></trkpt>
   <trkpt lon="2.733776" lat="39.784392"><ele>265.0</ele></trkpt>
   <trkpt lon="2.733849" lat="39.784476"><ele>266.25</ele></trkpt>
   <trkpt lon="2.733929" lat="39.784587"><ele>268.0</ele></trkpt>
   <trkpt lon="2.734039" lat="39.784802"><ele>269.0</ele></trkpt>
   <trkpt lon="2.734108" lat="39.784968"><ele>269.75</ele></trkpt>
   <trkpt lon="2.734173" lat="39.785044"><ele>270.0</ele></trkpt>
   <trkpt lon="2.734234" lat="39.785088"><ele>271.0</ele></trkpt>
   <trkpt lon="2.734312" lat="39.785127"><ele>271.75</ele></trkpt>
   <trkpt lon="2.734410" lat="39.785151"><ele>272.0</ele></trkpt>
   <trkpt lon="2.734536" lat="39.785165"><ele>272.25</ele></trkpt>
   <trkpt lon="2.734726" lat="39.785172"><ele>272.75</ele><sym>pass_place</sym><type>Shaping</type></trkpt>
   <trkpt lon="2.735221" lat="39.785177"><ele>274.25</ele></trkpt>
   <trkpt lon="2.735316" lat="39.785190"><ele>275.0</ele></trkpt>
   <trkpt lon="2.735426" lat="39.785220"><ele>275.75</ele></trkpt>
   <trkpt lon="2.735546" lat="39.785262"><ele>277.25</ele></trkpt>
   <trkpt lon="2.736792" lat="39.785814"><ele>285.5</ele></trkpt>
   <trkpt lon="2.737276" lat="39.786036"><ele>288.75</ele></trkpt>
   <trkpt lon="2.737401" lat="39.786102"><ele>290.25</ele></trkpt>
   <trkpt lon="2.737501" lat="39.786177"><ele>291.75</ele></trkpt>
   <trkpt lon="2.737626" lat="39.786314"><ele>291.5</ele></trkpt>
   <trkpt lon="2.737691" lat="39.786422"><ele>292.0</ele></trkpt>
   <trkpt lon="2.737813" lat="39.786665"><ele>295.25</ele></trkpt>
   <trkpt lon="2.738079" lat="39.787160"><ele>299.25</ele></trkpt>
   <trkpt lon="2.738321" lat="39.787664"><ele>304.0</ele></trkpt>
   <trkpt lon="2.738339" lat="39.787750"><ele>305.25</ele></trkpt>
   <trkpt lon="2.738327" lat="39.787825"><ele>305.75</ele></trkpt>
   <trkpt lon="2.738293" lat="39.787890"><ele>306.0</ele></trkpt>
   <trkpt lon="2.738239" lat="39.787937"><ele>306.75</ele></trkpt>
   <trkpt lon="2.738178" lat="39.787968"><ele>307.75</ele></trkpt>
   <trkpt lon="2.738103" lat="39.787991"><ele>309.0</ele></trkpt>
   <trkpt lon="2.738013" lat="39.787989"><ele>310.75</ele></trkpt>
   <trkpt lon="2.737928" lat="39.787966"><ele>312.25</ele></trkpt>
   <trkpt lon="2.737844" lat="39.787923"><ele>313.0</ele></trkpt>
   <trkpt lon="2.737796" lat="39.787873"><ele>312.75</ele></trkpt>
   <trkpt lon="2.737731" lat="39.787785"><ele>312.5</ele></trkpt>
   <trkpt lon="2.737519" lat="39.787417"><ele>315.75</ele></trkpt>
   <trkpt lon="2.737355" lat="39.787152"><ele>315.75</ele></trkpt>
   <trkpt lon="2.737280" lat="39.787068"><ele>315.75</ele></trkpt>
   <trkpt lon="2.737206" lat="39.787022"><ele>316.75</ele></trkpt>
   <trkpt lon="2.737127" lat="39.786994"><ele>317.5</ele></trkpt>
   <trkpt lon="2.736986" lat="39.786964"><ele>318.75</ele></trkpt>
   <trkpt lon="2.735988" lat="39.786844"><ele>323.25</ele></trkpt>
   <trkpt lon="2.735173" lat="39.786760"><ele>330.0</ele></trkpt>
   <trkpt lon="2.734814" lat="39.786743"><ele>332.5</ele></trkpt>
   <trkpt lon="2.734513" lat="39.786722"><ele>333.0</ele></trkpt>
   <trkpt lon="2.734277" lat="39.786720"><ele>334.5</ele></trkpt>
   <trkpt lon="2.733820" lat="39.786737"><ele>338.0</ele></trkpt>
   <trkpt lon="2.732668" lat="39.786811"><ele>340.75</ele></trkpt>
   <trkpt lon="2.732149" lat="39.786837"><ele>345.25</ele></trkpt>
   <trkpt lon="2.732053" lat="39.786856"><ele>345.5</ele></trkpt>
   <trkpt lon="2.731979" lat="39.786886"><ele>346.5</ele></trkpt>
   <trkpt lon="2.731861" lat="39.786949"><ele>347.75</ele></trkpt>
   <trkpt lon="2.731640" lat="39.787091"><ele>350.75</ele></trkpt>
   <trkpt lon="2.731559" lat="39.787127"><ele>351.25</ele></trkpt>
   <trkpt lon="2.731475" lat="39.787148"><ele>350.75</ele></trkpt>
   <trkpt lon="2.731372" lat="39.787156"><ele>349.75</ele></trkpt>
   <trkpt lon="2.731133" lat="39.787138"><ele>353.25</ele></trkpt>
   <trkpt lon="2.730858" lat="39.787107"><ele>357.25</ele></trkpt>
   <trkpt lon="2.730213" lat="39.787008"><ele>357.5</ele></trkpt>
   <trkpt lon="2.730084" lat="39.787004"><ele>357.75</ele></trkpt>
   <trkpt lon="2.729894" lat="39.787009"><ele>359.0</ele></trkpt>
   <trkpt lon="2.729705" lat="39.787025"><ele>360.25</ele></trkpt>
   <trkpt lon="2.729269" lat="39.787117"><ele>361.5</ele></trkpt>
   <trkpt lon="2.729130" lat="39.787131"><ele>361.25</ele></trkpt>
   <trkpt lon="2.728947" lat="39.787098"><ele>363.0</ele></trkpt>
   <trkpt lon="2.728775" lat="39.786974"><ele>365.75</ele></trkpt>
   <trkpt lon="2.728539" lat="39.786744"><ele>369.75</ele></trkpt>
   <trkpt lon="2.728132" lat="39.786307"><ele>370.25</ele></trkpt>
   <trkpt lon="2.727898" lat="39.786067"><ele>375.5</ele></trkpt>
   <trkpt lon="2.727542" lat="39.785779"><ele>374.75</ele></trkpt>
   <trkpt lon="2.727284" lat="39.785697"><ele>376.75</ele></trkpt>
   <trkpt lon="2.727048" lat="39.785680"><ele>378.25</ele></trkpt>
   <trkpt lon="2.726937" lat="39.785693"><ele>379.25</ele></trkpt>
   <trkpt lon="2.726834" lat="39.785705"><ele>380.0</ele></trkpt>
   <trkpt lon="2.726512" lat="39.785812"><ele>382.75</ele></trkpt>
   <trkpt lon="2.726211" lat="39.786101"><ele>387.0</ele></trkpt>
   <trkpt lon="2.726093" lat="39.786323"><ele>387.25</ele></trkpt>
   <trkpt lon="2.726093" lat="39.786546"><ele>389.5</ele></trkpt>
   <trkpt lon="2.726254" lat="39.786958"><ele>394.25</ele></trkpt>
   <trkpt lon="2.726472" lat="39.787379"><ele>392.25</ele><sym>stay_left</sym><type>Via</type></trkpt>
   <trkpt lon="2.726526" lat="39.787493"><ele>392.0</ele></trkpt>
   <trkpt lon="2.726556" lat="39.787616"><ele>391.75</ele></trkpt>
   <trkpt lon="2.726582" lat="39.787950"><ele>392.0</ele></trkpt>
   <trkpt lon="2.726609" lat="39.788753"><ele>392.75</ele></trkpt>
   <trkpt lon="2.726644" lat="39.789476"><ele>393.75</ele></trkpt>
   <trkpt lon="2.726651" lat="39.789712"><ele>394.5</ele></trkpt>
   <trkpt lon="2.726638" lat="39.789858"><ele>395.0</ele></trkpt>
   <trkpt lon="2.726588" lat="39.789951"><ele>395.0</ele></trkpt>
   <trkpt lon="2.726501" lat="39.790033"><ele>395.25</ele></trkpt>
   <trkpt lon="2.726401" lat="39.790075"><ele>395.5</ele></trkpt>
   <trkpt lon="2.726165" lat="39.790133"><ele>396.0</ele></trkpt>
   <trkpt lon="2.725784" lat="39.790197"><ele>396.25</ele></trkpt>
   <trkpt lon="2.725376" lat="39.790281"><ele>400.0</ele></trkpt>
   <trkpt lon="2.725278" lat="39.790316"><ele>400.5</ele></trkpt>
   <trkpt lon="2.725190" lat="39.790383"><ele>400.0</ele></trkpt>
   <trkpt lon="2.725146" lat="39.790439"><ele>400.5</ele></trkpt>
   <trkpt lon="2.725117" lat="39.790515"><ele>401.75</ele></trkpt>
   <trkpt lon="2.725128" lat="39.790602"><ele>403.5</ele></trkpt>
   <trkpt lon="2.725167" lat="39.790661"><ele>404.25</ele></trkpt>
   <trkpt lon="2.725217" lat="39.790710"><ele>405.25</ele></trkpt>
   <trkpt lon="2.725251" lat="39.790732"><ele>405.75</ele></trkpt>
   <trkpt lon="2.725346" lat="39.790774"><ele>407.0</ele></trkpt>
   <trkpt lon="2.725457" lat="39.790787"><ele>408.75</ele></trkpt>
   <trkpt lon="2.725734" lat="39.790764"><ele>410.25</ele></trkpt>
   <trkpt lon="2.726291" lat="39.790682"><ele>411.5</ele></trkpt>
   <trkpt lon="2.726534" lat="39.790699"><ele>413.25</ele></trkpt>
   <trkpt lon="2.727036" lat="39.790786"><ele>416.75</ele></trkpt>
   <trkpt lon="2.727193" lat="39.790806"><ele>417.75</ele></trkpt>
   <trkpt lon="2.727337" lat="39.790798"><ele>418.25</ele></trkpt>
   <trkpt lon="2.727412" lat="39.790786"><ele>418.5</ele></trkpt>
   <trkpt lon="2.727527" lat="39.790754"><ele>419.0</ele></trkpt>
   <trkpt lon="2.727592" lat="39.790700"><ele>419.5</ele></trkpt>
   <trkpt lon="2.727650" lat="39.790598"><ele>419.75</ele></trkpt>
   <trkpt lon="2.727901" lat="39.789885"><ele>427.75</ele></trkpt>
   <trkpt lon="2.727937" lat="39.789709"><ele>428.25</ele></trkpt>
   <trkpt lon="2.727978" lat="39.789230"><ele>432.5</ele></trkpt>
   <trkpt lon="2.728019" lat="39.789115"><ele>433.0</ele></trkpt>
   <trkpt lon="2.728132" lat="39.789015"><ele>434.0</ele></trkpt>
   <trkpt lon="2.728297" lat="39.788950"><ele>436.0</ele></trkpt>
   <trkpt lon="2.728763" lat="39.788897"><ele>439.25</ele></trkpt>
   <trkpt lon="2.730036" lat="39.788780"><ele>447.5</ele></trkpt>
   <trkpt lon="2.730167" lat="39.788796"><ele>447.25</ele></trkpt>
   <trkpt lon="2.730279" lat="39.788826"><ele>447.5</ele></trkpt>
   <trkpt lon="2.730396" lat="39.788879"><ele>448.25</ele></trkpt>
   <trkpt lon="2.730880" lat="39.789157"><ele>452.0</ele></trkpt>
   <trkpt lon="2.731286" lat="39.789401"><ele>456.25</ele></trkpt>
   <trkpt lon="2.731603" lat="39.789565"><ele>458.5</ele></trkpt>
   <trkpt lon="2.732456" lat="39.789934"><ele>461.25</ele></trkpt>
   <trkpt lon="2.732607" lat="39.790036"><ele>463.75</ele></trkpt>
   <trkpt lon="2.732659" lat="39.790092"><ele>464.5</ele></trkpt>
   <trkpt lon="2.732678" lat="39.790119"><ele>464.75</ele></trkpt>
   <trkpt lon="2.732690" lat="39.790188"><ele>466.0</ele></trkpt>
   <trkpt lon="2.732694" lat="39.790271"><ele>467.75</ele></trkpt>
   <trkpt lon="2.732662" lat="39.790343"><ele>467.0</ele></trkpt>
   <trkpt lon="2.732619" lat="39.790404"><ele>466.75</ele></trkpt>
   <trkpt lon="2.732551" lat="39.790464"><ele>467.25</ele></trkpt>
   <trkpt lon="2.732457" lat="39.790531"><ele>468.75</ele></trkpt>
   <trkpt lon="2.732186" lat="39.790702"><ele>469.25</ele></trkpt>
   <trkpt lon="2.732001" lat="39.790808"><ele>470.75</ele></trkpt>
   <trkpt lon="2.731817" lat="39.790937"><ele>473.0</ele></trkpt>
   <trkpt lon="2.731694" lat="39.791060"><ele>473.0</ele></trkpt>
   <trkpt lon="2.731613" lat="39.791183"><ele>473.75</ele></trkpt>
   <trkpt lon="2.731560" lat="39.791294"><ele>474.5</ele></trkpt>
   <trkpt lon="2.731538" lat="39.791391"><ele>474.0</ele></trkpt>
   <trkpt lon="2.731578" lat="39.791643"><ele>473.5</ele></trkpt>
   <trkpt lon="2.731636" lat="39.791754"><ele>474.25</ele></trkpt>
   <trkpt lon="2.731738" lat="39.791967"><ele>477.0</ele></trkpt>
   <trkpt lon="2.731886" lat="39.792317"><ele>477.25</ele></trkpt>
   <trkpt lon="2.731936" lat="39.792411"><ele>476.75</ele></trkpt>
   <trkpt lon="2.732013" lat="39.792496"><ele>477.0</ele></trkpt>
   <trkpt lon="2.732118" lat="39.792556"><ele>477.0</ele></trkpt>
   <trkpt lon="2.732241" lat="39.792585"><ele>476.25</ele></trkpt>
   <trkpt lon="2.732272" lat="39.792584"><ele>476.5</ele></trkpt>
   <trkpt lon="2.732367" lat="39.792583"><ele>477.75</ele></trkpt>
   <trkpt lon="2.732509" lat="39.792540"><ele>478.75</ele></trkpt>
   <trkpt lon="2.732686" lat="39.792374"><ele>479.25</ele></trkpt>
   <trkpt lon="2.732912" lat="39.792177"><ele>480.0</ele></trkpt>
   <trkpt lon="2.733078" lat="39.792046"><ele>480.75</ele></trkpt>
   <trkpt lon="2.733249" lat="39.791975"><ele>480.5</ele></trkpt>
   <trkpt lon="2.733482" lat="39.791951"><ele>480.75</ele></trkpt>
   <trkpt lon="2.734629" lat="39.791906"><ele>482.75</ele><sym>pass_place</sym><type>Shaping</type></trkpt>
   <trkpt lon="2.734632" lat="39.791906"><ele>482.75</ele></trkpt>
   <trkpt lon="2.737378" lat="39.791800"><ele>506.0</ele></trkpt>
   <trkpt lon="2.737582" lat="39.791773"><ele>508.5</ele></trkpt>
   <trkpt lon="2.737686" lat="39.791754"><ele>507.5</ele></trkpt>
   <trkpt lon="2.738186" lat="39.791599"><ele>501.25</ele></trkpt>
   <trkpt lon="2.738340" lat="39.791564"><ele>501.5</ele></trkpt>
   <trkpt lon="2.738448" lat="39.791567"><ele>502.5</ele></trkpt>
   <trkpt lon="2.738802" lat="39.791629"><ele>506.75</ele></trkpt>
   <trkpt lon="2.739651" lat="39.791812"><ele>517.25</ele></trkpt>
   <trkpt lon="2.740567" lat="39.791981"><ele>520.5</ele></trkpt>
   <trkpt lon="2.740883" lat="39.792093"><ele>519.0</ele></trkpt>
   <trkpt lon="2.742070" lat="39.792564"><ele>532.5</ele></trkpt>
   <trkpt lon="2.742288" lat="39.792630"><ele>534.5</ele></trkpt>
   <trkpt lon="2.742484" lat="39.792660"><ele>535.0</ele></trkpt>
   <trkpt lon="2.742757" lat="39.792640"><ele>533.0</ele></trkpt>
   <trkpt lon="2.743919" lat="39.792433"><ele>534.0</ele></trkpt>
   <trkpt lon="2.744177" lat="39.792392"><ele>534.25</ele></trkpt>
   <trkpt lon="2.744454" lat="39.792386"><ele>534.25</ele></trkpt>
   <trkpt lon="2.744700" lat="39.792411"><ele>533.0</ele></trkpt>
   <trkpt lon="2.744866" lat="39.792455"><ele>532.5</ele></trkpt>
   <trkpt lon="2.745040" lat="39.792525"><ele>532.5</ele></trkpt>
   <trkpt lon="2.745291" lat="39.792701"><ele>531.75</ele></trkpt>
   <trkpt lon="2.745851" lat="39.793368"><ele>525.0</ele></trkpt>
   <trkpt lon="2.746442" lat="39.794107"><ele>524.0</ele></trkpt>
   <trkpt lon="2.746809" lat="39.794524"><ele>526.25</ele></trkpt>
   <trkpt lon="2.747091" lat="39.794888"><ele>528.5</ele></trkpt>
   <trkpt lon="2.747199" lat="39.795015"><ele>529.5</ele></trkpt>
   <trkpt lon="2.747317" lat="39.795104"><ele>528.5</ele></trkpt>
   <trkpt lon="2.747458" lat="39.795160"><ele>527.0</ele></trkpt>
   <trkpt lon="2.747567" lat="39.795173"><ele>528.0</ele></trkpt>
   <trkpt lon="2.747697" lat="39.795149"><ele>530.0</ele></trkpt>
   <trkpt lon="2.747837" lat="39.795099"><ele>531.25</ele></trkpt>
   <trkpt lon="2.747941" lat="39.795053"><ele>531.5</ele></trkpt>
   <trkpt lon="2.748598" lat="39.794647"><ele>533.25</ele></trkpt>
   <trkpt lon="2.748847" lat="39.794533"><ele>536.5</ele></trkpt>
   <trkpt lon="2.749936" lat="39.794162"><ele>542.75</ele></trkpt>
   <trkpt lon="2.750362" lat="39.794026"><ele>545.75</ele></trkpt>
   <trkpt lon="2.750574" lat="39.793995"><ele>546.0</ele></trkpt>
   <trkpt lon="2.750735" lat="39.793998"><ele>547.0</ele></trkpt>
   <trkpt lon="2.750922" lat="39.794032"><ele>548.25</ele></trkpt>
   <trkpt lon="2.751800" lat="39.794302"><ele>556.0</ele></trkpt>
   <trkpt lon="2.752220" lat="39.794439"><ele>556.75</ele></trkpt>
   <trkpt lon="2.752691" lat="39.794577"><ele>561.75</ele></trkpt>
   <trkpt lon="2.753036" lat="39.794743"><ele>563.0</ele><sym>pass_place</sym><type>Shaping</type></trkpt>
   <trkpt lon="2.753038" lat="39.794744"><ele>563.0</ele></trkpt>
   <trkpt lon="2.753714" lat="39.795201"><ele>568.75</ele></trkpt>
   <trkpt lon="2.753849" lat="39.795269"><ele>569.25</ele></trkpt>
   <trkpt lon="2.754590" lat="39.795523"><ele>573.75</ele></trkpt>
   <trkpt lon="2.755396" lat="39.795809"><ele>578.25</ele></trkpt>
   <trkpt lon="2.755720" lat="39.795975"><ele>583.5</ele></trkpt>
   <trkpt lon="2.756405" lat="39.796376"><ele>587.0</ele></trkpt>
   <trkpt lon="2.756521" lat="39.796428"><ele>588.5</ele></trkpt>
   <trkpt lon="2.757920" lat="39.796742"><ele>591.0</ele></trkpt>
   <trkpt lon="2.758324" lat="39.796834"><ele>592.75</ele></trkpt>
   <trkpt lon="2.758446" lat="39.796840"><ele>594.0</ele></trkpt>
   <trkpt lon="2.758544" lat="39.796828"><ele>595.0</ele></trkpt>
   <trkpt lon="2.760262" lat="39.796301"><ele>605.75</ele></trkpt>
   <trkpt lon="2.760455" lat="39.796236"><ele>608.5</ele></trkpt>
   <trkpt lon="2.760567" lat="39.796192"><ele>610.25</ele></trkpt>
   <trkpt lon="2.760690" lat="39.796104"><ele>611.5</ele></trkpt>
   <trkpt lon="2.761254" lat="39.795557"><ele>612.0</ele></trkpt>
   <trkpt lon="2.761350" lat="39.795503"><ele>610.5</ele></trkpt>
   <trkpt lon="2.761598" lat="39.795441"><ele>610.5</ele></trkpt>
   <trkpt lon="2.762184" lat="39.795314"><ele>613.25</ele></trkpt>
   <trkpt lon="2.762430" lat="39.795293"><ele>614.25</ele></trkpt>
   <trkpt lon="2.762646" lat="39.795288"><ele>615.0</ele></trkpt>
   <trkpt lon="2.762890" lat="39.795317"><ele>617.25</ele></trkpt>
   <trkpt lon="2.763512" lat="39.795431"><ele>620.0</ele></trkpt>
   <trkpt lon="2.763629" lat="39.795441"><ele>619.75</ele></trkpt>
   <trkpt lon="2.763771" lat="39.795446"><ele>621.5</ele></trkpt>
   <trkpt lon="2.764637" lat="39.795392"><ele>624.25</ele></trkpt>
   <trkpt lon="2.764911" lat="39.795379"><ele>625.75</ele></trkpt>
   <trkpt lon="2.765012" lat="39.795380"><ele>626.5</ele></trkpt>
   <trkpt lon="2.765232" lat="39.795399"><ele>627.75</ele></trkpt>
   <trkpt lon="2.765685" lat="39.795466"><ele>630.0</ele></trkpt>
   <trkpt lon="2.766491" lat="39.795575"><ele>636.0</ele></trkpt>
   <trkpt lon="2.766683" lat="39.795562"><ele>637.0</ele></trkpt>
   <trkpt lon="2.766765" lat="39.795547"><ele>637.25</ele></trkpt>
   <trkpt lon="2.766893" lat="39.795514"><ele>637.5</ele></trkpt>
   <trkpt lon="2.767167" lat="39.795428"><ele>637.75</ele></trkpt>
   <trkpt lon="2.767286" lat="39.795400"><ele>638.0</ele></trkpt>
   <trkpt lon="2.767415" lat="39.795388"><ele>638.75</ele></trkpt>
   <trkpt lon="2.767522" lat="39.795396"><ele>639.75</ele></trkpt>
   <trkpt lon="2.767614" lat="39.795422"><ele>641.0</ele></trkpt>
   <trkpt lon="2.767687" lat="39.795463"><ele>642.5</ele></trkpt>
   <trkpt lon="2.767748" lat="39.795525"><ele>644.0</ele></trkpt>
   <trkpt lon="2.767776" lat="39.795600"><ele>645.75</ele></trkpt>
   <trkpt lon="2.767787" lat="39.795679"><ele>647.25</ele></trkpt>
   <trkpt lon="2.767776" lat="39.795733"><ele>648.0</ele></trkpt>
   <trkpt lon="2.767729" lat="39.795812"><ele>649.5</ele></trkpt>
   <trkpt lon="2.767693" lat="39.795842"><ele>650.25</ele></trkpt>
   <trkpt lon="2.767267" lat="39.796040"><ele>652.25</ele></trkpt>
   <trkpt lon="2.766659" lat="39.796311"><ele>653.0</ele></trkpt>
   <trkpt lon="2.766558" lat="39.796383"><ele>656.0</ele></trkpt>
   <trkpt lon="2.766516" lat="39.796454"><ele>657.75</ele></trkpt>
   <trkpt lon="2.766494" lat="39.796535"><ele>659.75</ele></trkpt>
   <trkpt lon="2.766513" lat="39.796614"><ele>661.0</ele></trkpt>
   <trkpt lon="2.766553" lat="39.796703"><ele>662.5</ele></trkpt>
   <trkpt lon="2.766624" lat="39.796759"><ele>662.75</ele></trkpt>
   <trkpt lon="2.766710" lat="39.796798"><ele>663.0</ele></trkpt>
   <trkpt lon="2.766796" lat="39.796808"><ele>663.75</ele></trkpt>
   <trkpt lon="2.766970" lat="39.796789"><ele>664.5</ele></trkpt>
   <trkpt lon="2.767105" lat="39.796718"><ele>665.25</ele></trkpt>
   <trkpt lon="2.767524" lat="39.796278"><ele>664.0</ele></trkpt>
   <trkpt lon="2.767594" lat="39.796215"><ele>664.5</ele></trkpt>
   <trkpt lon="2.767656" lat="39.796182"><ele>665.5</ele></trkpt>
   <trkpt lon="2.767735" lat="39.796151"><ele>667.0</ele></trkpt>
   <trkpt lon="2.767812" lat="39.796131"><ele>667.75</ele></trkpt>
   <trkpt lon="2.767901" lat="39.796124"><ele>668.25</ele></trkpt>
   <trkpt lon="2.768067" lat="39.796122"><ele>669.5</ele></trkpt>
   <trkpt lon="2.770149" lat="39.796147"><ele>680.75</ele></trkpt>
   <trkpt lon="2.770149" lat="39.796146"><ele>683.25</ele><sym>pass_place</sym><type>Shaping</type></trkpt>
   <trkpt lon="2.770422" lat="39.796132"><ele>683.25</ele></trkpt>
   <trkpt lon="2.770579" lat="39.796106"><ele>684.0</ele></trkpt>
   <trkpt lon="2.770801" lat="39.796046"><ele>685.5</ele></trkpt>
   <trkpt lon="2.771038" lat="39.795940"><ele>687.25</ele></trkpt>
   <trkpt lon="2.771215" lat="39.795813"><ele>688.75</ele></trkpt>
   <trkpt lon="2.771356" lat="39.795648"><ele>690.5</ele></trkpt>
   <trkpt lon="2.771447" lat="39.795481"><ele>692.25</ele></trkpt>
   <trkpt lon="2.771541" lat="39.795255"><ele>696.25</ele></trkpt>
   <trkpt lon="2.771539" lat="39.795043"><ele>697.75</ele></trkpt>
   <trkpt lon="2.771472" lat="39.794827"><ele>698.25</ele></trkpt>
   <trkpt lon="2.771318" lat="39.794582"><ele>697.5</ele></trkpt>
   <trkpt lon="2.770397" lat="39.793396"><ele>707.25</ele></trkpt>
   <trkpt lon="2.770299" lat="39.793252"><ele>710.5</ele></trkpt>
   <trkpt lon="2.770267" lat="39.793164"><ele>711.75</ele></trkpt>
   <trkpt lon="2.770268" lat="39.793076"><ele>712.75</ele></trkpt>
   <trkpt lon="2.770301" lat="39.793003"><ele>713.0</ele></trkpt>
   <trkpt lon="2.770374" lat="39.792907"><ele>714.0</ele></trkpt>
   <trkpt lon="2.770482" lat="39.792849"><ele>715.25</ele></trkpt>
   <trkpt lon="2.770644" lat="39.792814"><ele>717.25</ele></trkpt>
   <trkpt lon="2.770786" lat="39.792829"><ele>718.75</ele></trkpt>
   <trkpt lon="2.770896" lat="39.792863"><ele>720.25</ele></trkpt>
   <trkpt lon="2.771068" lat="39.792994"><ele>721.0</ele></trkpt>
   <trkpt lon="2.771633" lat="39.793468"><ele>724.75</ele></trkpt>
   <trkpt lon="2.772107" lat="39.793836"><ele>728.5</ele></trkpt>
   <trkpt lon="2.772362" lat="39.794045"><ele>730.75</ele></trkpt>
   <trkpt lon="2.772483" lat="39.794185"><ele>731.5</ele></trkpt>
   <trkpt lon="2.772907" lat="39.794731"><ele>737.5</ele></trkpt>
   <trkpt lon="2.772961" lat="39.794773"><ele>737.25</ele></trkpt>
   <trkpt lon="2.773025" lat="39.794811"><ele>737.25</ele></trkpt>
   <trkpt lon="2.773107" lat="39.794845"><ele>737.75</ele></trkpt>
   <trkpt lon="2.773192" lat="39.794864"><ele>738.75</ele></trkpt>
   <trkpt lon="2.773282" lat="39.794878"><ele>739.75</ele></trkpt>
   <trkpt lon="2.773393" lat="39.794882"><ele>740.5</ele></trkpt>
   <trkpt lon="2.773686" lat="39.794859"><ele>741.25</ele></trkpt>
   <trkpt lon="2.773954" lat="39.794825"><ele>743.5</ele></trkpt>
   <trkpt lon="2.774057" lat="39.794818"><ele>745.25</ele></trkpt>
   <trkpt lon="2.774141" lat="39.794819"><ele>746.75</ele></trkpt>
   <trkpt lon="2.774213" lat="39.794839"><ele>747.5</ele></trkpt>
   <trkpt lon="2.774278" lat="39.794870"><ele>748.0</ele></trkpt>
   <trkpt lon="2.774336" lat="39.794913"><ele>748.0</ele></trkpt>
   <trkpt lon="2.774375" lat="39.794963"><ele>747.75</ele></trkpt>
   <trkpt lon="2.774408" lat="39.795024"><ele>747.25</ele></trkpt>
   <trkpt lon="2.774434" lat="39.795163"><ele>747.0</ele></trkpt>
   <trkpt lon="2.774572" lat="39.796082"><ele>755.75</ele></trkpt>
   <trkpt lon="2.774577" lat="39.796220"><ele>757.0</ele></trkpt>
   <trkpt lon="2.774578" lat="39.796322"><ele>758.0</ele></trkpt>
   <trkpt lon="2.774567" lat="39.796402"><ele>758.5</ele></trkpt>
   <trkpt lon="2.774534" lat="39.796507"><ele>759.5</ele></trkpt>
   <trkpt lon="2.774500" lat="39.796585"><ele>759.75</ele></trkpt>
   <trkpt lon="2.774293" lat="39.796907"><ele>761.25</ele></trkpt>
   <trkpt lon="2.774092" lat="39.797177"><ele>764.25</ele></trkpt>
   <trkpt lon="2.773910" lat="39.797346"><ele>768.0</ele></trkpt>
   <trkpt lon="2.773837" lat="39.797403"><ele>769.5</ele></trkpt>
   <trkpt lon="2.773699" lat="39.797474"><ele>769.75</ele></trkpt>
   <trkpt lon="2.773459" lat="39.797583"><ele>768.75</ele></trkpt>
   <trkpt lon="2.773043" lat="39.797744"><ele>768.5</ele></trkpt>
   <trkpt lon="2.772987" lat="39.797781"><ele>768.5</ele></trkpt>
   <trkpt lon="2.772944" lat="39.797826"><ele>768.25</ele></trkpt>
   <trkpt lon="2.772898" lat="39.797901"><ele>769.75</ele></trkpt>
   <trkpt lon="2.772887" lat="39.797977"><ele>772.25</ele></trkpt>
   <trkpt lon="2.772913" lat="39.798068"><ele>775.75</ele></trkpt>
   <trkpt lon="2.772999" lat="39.798152"><ele>780.25</ele></trkpt>
   <trkpt lon="2.773065" lat="39.798194"><ele>782.75</ele></trkpt>
   <trkpt lon="2.773163" lat="39.798222"><ele>784.25</ele></trkpt>
   <trkpt lon="2.773300" lat="39.798232"><ele>784.5</ele></trkpt>
   <trkpt lon="2.773393" lat="39.798217"><ele>785.25</ele></trkpt>
   <trkpt lon="2.773465" lat="39.798183"><ele>785.25</ele></trkpt>
   <trkpt lon="2.773523" lat="39.798134"><ele>784.5</ele></trkpt>
   <trkpt lon="2.773606" lat="39.798020"><ele>782.25</ele></trkpt>
   <trkpt lon="2.773791" lat="39.797795"><ele>782.75</ele></trkpt>
   <trkpt lon="2.773849" lat="39.797754"><ele>782.25</ele></trkpt>
   <trkpt lon="2.773910" lat="39.797726"><ele>782.5</ele></trkpt>
   <trkpt lon="2.773998" lat="39.797707"><ele>783.75</ele></trkpt>
   <trkpt lon="2.774350" lat="39.797675"><ele>787.75</ele></trkpt>
   <trkpt lon="2.774553" lat="39.797641"><ele>789.25</ele></trkpt>
   <trkpt lon="2.774687" lat="39.797602"><ele>790.0</ele></trkpt>
   <trkpt lon="2.774785" lat="39.797565"><ele>790.5</ele></trkpt>
   <trkpt lon="2.774878" lat="39.797516"><ele>790.75</ele></trkpt>
   <trkpt lon="2.774964" lat="39.797455"><ele>791.0</ele></trkpt>
   <trkpt lon="2.775103" lat="39.797314"><ele>791.75</ele></trkpt>
   <trkpt lon="2.775271" lat="39.797038"><ele>794.0</ele></trkpt>
   <trkpt lon="2.775345" lat="39.796929"><ele>796.0</ele></trkpt>
   <trkpt lon="2.775433" lat="39.796827"><ele>796.75</ele></trkpt>
   <trkpt lon="2.775500" lat="39.796761"><ele>797.0</ele></trkpt>
   <trkpt lon="2.775578" lat="39.796706"><ele>797.75</ele></trkpt>
   <trkpt lon="2.775830" lat="39.796555"><ele>798.25</ele></trkpt>
   <trkpt lon="2.776147" lat="39.796383"><ele>801.75</ele></trkpt>
   <trkpt lon="2.776240" lat="39.796319"><ele>803.0</ele></trkpt>
   <trkpt lon="2.776315" lat="39.796253"><ele>803.5</ele></trkpt>
   <trkpt lon="2.776390" lat="39.796164"><ele>803.5</ele></trkpt>
   <trkpt lon="2.776442" lat="39.796088"><ele>803.25</ele></trkpt>
   <trkpt lon="2.776704" lat="39.795671"><ele>806.0</ele></trkpt>
   <trkpt lon="2.776775" lat="39.795591"><ele>806.75</ele><sym>pass_place</sym><type>Shaping</type></trkpt>
   <trkpt lon="2.776919" lat="39.795453"><ele>808.25</ele></trkpt>
   <trkpt lon="2.777168" lat="39.795196"><ele>811.75</ele></trkpt>
   <trkpt lon="2.777199" lat="39.795151"><ele>812.25</ele></trkpt>
   <trkpt lon="2.777228" lat="39.795071"><ele>812.5</ele></trkpt>
   <trkpt lon="2.777237" lat="39.795016"><ele>812.25</ele></trkpt>
   <trkpt lon="2.777227" lat="39.794936"><ele>812.75</ele></trkpt>
   <trkpt lon="2.777194" lat="39.794808"><ele>813.25</ele></trkpt>
   <trkpt lon="2.777178" lat="39.794743"><ele>813.75</ele></trkpt>
   <trkpt lon="2.777059" lat="39.794445"><ele>815.25</ele></trkpt>
   <trkpt lon="2.777026" lat="39.794338"><ele>816.25</ele></trkpt>
   <trkpt lon="2.776944" lat="39.794184"><ele>816.5</ele></trkpt>
   <trkpt lon="2.776475" lat="39.793669"><ele>821.0</ele></trkpt>
   <trkpt lon="2.776386" lat="39.793584"><ele>822.0</ele></trkpt>
   <trkpt lon="2.776227" lat="39.793466"><ele>823.25</ele></trkpt>
   <trkpt lon="2.775690" lat="39.793177"><ele>825.75</ele></trkpt>
   <trkpt lon="2.775635" lat="39.793145"><ele>826.0</ele></trkpt>
   <trkpt lon="2.775592" lat="39.793099"><ele>827.0</ele></trkpt>
   <trkpt lon="2.775557" lat="39.793040"><ele>828.0</ele></trkpt>
   <trkpt lon="2.775539" lat="39.792973"><ele>828.0</ele></trkpt>
   <trkpt lon="2.775528" lat="39.792835"><ele>828.5</ele></trkpt>
   <trkpt lon="2.775521" lat="39.792558"><ele>831.5</ele></trkpt>
   <trkpt lon="2.775490" lat="39.792349"><ele>833.0</ele></trkpt>
   <trkpt lon="2.775426" lat="39.792182"><ele>833.5</ele></trkpt>
   <trkpt lon="2.775073" lat="39.791442"><ele>840.75</ele></trkpt>
   <trkpt lon="2.774878" lat="39.791120"><ele>842.0</ele></trkpt>
   <trkpt lon="2.774564" lat="39.790690"><ele>842.75</ele></trkpt>
   <trkpt lon="2.774498" lat="39.790595"><ele>844.75</ele></trkpt>
   <trkpt lon="2.774467" lat="39.790538"><ele>846.75</ele></trkpt>
   <trkpt lon="2.774444" lat="39.790425"><ele>852.0</ele></trkpt>
   <trkpt lon="2.774464" lat="39.790361"><ele>858.0</ele></trkpt>
   <trkpt lon="2.774547" lat="39.790295"><ele>875.75</ele></trkpt>
   <trkpt lon="2.778339" lat="39.788330"><ele>879.75</ele></trkpt>
   <trkpt lon="2.778339" lat="39.788329"><ele>875.25</ele><sym>pass_place</sym><type>Shaping</type></trkpt>
   <trkpt lon="2.778460" lat="39.788265"><ele>875.25</ele></trkpt>
   <trkpt lon="2.778576" lat="39.788232"><ele>872.25</ele></trkpt>
   <trkpt lon="2.778657" lat="39.788223"><ele>870.75</ele></trkpt>
   <trkpt lon="2.778724" lat="39.788231"><ele>870.0</ele></trkpt>
   <trkpt lon="2.778799" lat="39.788252"><ele>869.5</ele></trkpt>
   <trkpt lon="2.778859" lat="39.788284"><ele>869.25</ele></trkpt>
   <trkpt lon="2.778915" lat="39.788327"><ele>869.25</ele></trkpt>
   <trkpt lon="2.779359" lat="39.788856"><ele>870.5</ele></trkpt>
   <trkpt lon="2.779510" lat="39.788959"><ele>869.75</ele></trkpt>
   <trkpt lon="2.779953" lat="39.789143"><ele>865.25</ele></trkpt>
   <trkpt lon="2.782088" lat="39.789978"><ele>853.0</ele></trkpt>
   <trkpt lon="2.783337" lat="39.790523"><ele>847.5</ele></trkpt>
   <trkpt lon="2.783585" lat="39.790651"><ele>847.5</ele></trkpt>
   <trkpt lon="2.783751" lat="39.790748"><ele>847.25</ele></trkpt>
   <trkpt lon="2.785358" lat="39.791770"><ele>838.25</ele></trkpt>
   <trkpt lon="2.785865" lat="39.792078"><ele>836.25</ele></trkpt>
   <trkpt lon="2.786249" lat="39.792345"><ele>835.0</ele></trkpt>
   <trkpt lon="2.786432" lat="39.792515"><ele>833.5</ele></trkpt>
   <trkpt lon="2.787033" lat="39.793221"><ele>834.75</ele></trkpt>
   <trkpt lon="2.787124" lat="39.793275"><ele>833.75</ele></trkpt>
   <trkpt lon="2.787567" lat="39.793467"><ele>830.75</ele></trkpt>
   <trkpt lon="2.788655" lat="39.793997"><ele>828.75</ele></trkpt>
   <trkpt lon="2.788789" lat="39.794085"><ele>828.0</ele></trkpt>
   <trkpt lon="2.789778" lat="39.794975"><ele>825.5</ele></trkpt>
   <trkpt lon="2.789822" lat="39.795003"><ele>825.25</ele></trkpt>
   <trkpt lon="2.789879" lat="39.795039"><ele>825.0</ele></trkpt>
   <trkpt lon="2.789967" lat="39.795067"><ele>824.5</ele></trkpt>
   <trkpt lon="2.790088" lat="39.795066"><ele>824.5</ele></trkpt>
   <trkpt lon="2.790178" lat="39.795051"><ele>824.75</ele></trkpt>
   <trkpt lon="2.790257" lat="39.795009"><ele>824.75</ele></trkpt>
   <trkpt lon="2.790309" lat="39.794959"><ele>824.75</ele></trkpt>
   <trkpt lon="2.790373" lat="39.794880"><ele>824.75</ele></trkpt>
   <trkpt lon="2.790376" lat="39.794774"><ele>824.5</ele></trkpt>
   <trkpt lon="2.790164" lat="39.793537"><ele>823.5</ele></trkpt>
   <trkpt lon="2.790153" lat="39.793400"><ele>822.75</ele></trkpt>
   <trkpt lon="2.790201" lat="39.793268"><ele>823.25</ele></trkpt>
   <trkpt lon="2.790464" lat="39.792942"><ele>825.0</ele></trkpt>
   <trkpt lon="2.790638" lat="39.792741"><ele>820.75</ele></trkpt>
   <trkpt lon="2.790778" lat="39.792603"><ele>821.25</ele></trkpt>
   <trkpt lon="2.791265" lat="39.792232"><ele>822.5</ele></trkpt>
   <trkpt lon="2.791322" lat="39.792137"><ele>823.25</ele></trkpt>
   <trkpt lon="2.791370" lat="39.792006"><ele>823.75</ele></trkpt>
   <trkpt lon="2.791448" lat="39.791748"><ele>823.5</ele></trkpt>
   <trkpt lon="2.791489" lat="39.791704"><ele>823.5</ele></trkpt>
   <trkpt lon="2.791567" lat="39.791656"><ele>823.0</ele></trkpt>
   <trkpt lon="2.791691" lat="39.791643"><ele>823.25</ele></trkpt>
   <trkpt lon="2.791946" lat="39.791666"><ele>824.75</ele></trkpt>
   <trkpt lon="2.792509" lat="39.791767"><ele>827.0</ele><sym>pass_place</sym><type>Shaping</type></trkpt>
   <trkpt lon="2.792513" lat="39.791768"><ele>827.0</ele></trkpt>
   <trkpt lon="2.792988" lat="39.791867"><ele>823.5</ele></trkpt>
   <trkpt lon="2.793508" lat="39.791975"><ele>820.5</ele></trkpt>
   <trkpt lon="2.794102" lat="39.792038"><ele>818.0</ele></trkpt>
   <trkpt lon="2.794710" lat="39.792066"><ele>811.75</ele></trkpt>
   <trkpt lon="2.796136" lat="39.792109"><ele>805.75</ele></trkpt>
   <trkpt lon="2.796307" lat="39.792104"><ele>804.5</ele></trkpt>
   <trkpt lon="2.796461" lat="39.792068"><ele>803.25</ele></trkpt>
   <trkpt lon="2.796587" lat="39.791975"><ele>801.0</ele></trkpt>
   <trkpt lon="2.796621" lat="39.791866"><ele>800.25</ele></trkpt>
   <trkpt lon="2.796604" lat="39.791747"><ele>799.75</ele></trkpt>
   <trkpt lon="2.796528" lat="39.791640"><ele>798.75</ele></trkpt>
   <trkpt lon="2.795828" lat="39.791281"><ele>793.5</ele></trkpt>
   <trkpt lon="2.795629" lat="39.791140"><ele>791.0</ele></trkpt>
   <trkpt lon="2.795427" lat="39.790950"><ele>788.0</ele></trkpt>
   <trkpt lon="2.795273" lat="39.790713"><ele>786.5</ele></trkpt>
   <trkpt lon="2.795053" lat="39.790104"><ele>783.0</ele></trkpt>
   <trkpt lon="2.794892" lat="39.789815"><ele>781.0</ele></trkpt>
   <trkpt lon="2.794681" lat="39.789519"><ele>777.75</ele></trkpt>
   <trkpt lon="2.794616" lat="39.789378"><ele>775.75</ele></trkpt>
   <trkpt lon="2.794628" lat="39.789228"><ele>774.75</ele></trkpt>
   <trkpt lon="2.794698" lat="39.789095"><ele>774.25</ele></trkpt>
   <trkpt lon="2.794825" lat="39.788964"><ele>773.0</ele></trkpt>
   <trkpt lon="2.794959" lat="39.788898"><ele>772.75</ele></trkpt>
   <trkpt lon="2.795075" lat="39.788862"><ele>772.25</ele></trkpt>
   <trkpt lon="2.796807" lat="39.788514"><ele>764.0</ele></trkpt>
   <trkpt lon="2.797029" lat="39.788458"><ele>764.0</ele></trkpt>
   <trkpt lon="2.797132" lat="39.788423"><ele>763.75</ele></trkpt>
   <trkpt lon="2.797184" lat="39.788385"><ele>763.5</ele></trkpt>
   <trkpt lon="2.797205" lat="39.788345"><ele>763.0</ele></trkpt>
   <trkpt lon="2.797218" lat="39.788289"><ele>763.25</ele></trkpt>
   <trkpt lon="2.797219" lat="39.788241"><ele>763.5</ele></trkpt>
   <trkpt lon="2.797199" lat="39.788203"><ele>763.5</ele></trkpt>
   <trkpt lon="2.796800" lat="39.787706"><ele>760.25</ele></trkpt>
   <trkpt lon="2.796777" lat="39.787647"><ele>760.0</ele></trkpt>
   <trkpt lon="2.796794" lat="39.787558"><ele>760.25</ele></trkpt>
   <trkpt lon="2.796848" lat="39.787477"><ele>760.75</ele></trkpt>
   <trkpt lon="2.796983" lat="39.787348"><ele>761.5</ele></trkpt>
   <trkpt lon="2.797263" lat="39.787095"><ele>760.75</ele></trkpt>
   <trkpt lon="2.797457" lat="39.786925"><ele>758.75</ele></trkpt>
   <trkpt lon="2.797521" lat="39.786888"><ele>758.75</ele></trkpt>
   <trkpt lon="2.797565" lat="39.786875"><ele>758.75</ele></trkpt>
   <trkpt lon="2.797631" lat="39.786865"><ele>758.75</ele></trkpt>
   <trkpt lon="2.797718" lat="39.786873"><ele>758.25</ele></trkpt>
   <trkpt lon="2.797774" lat="39.786892"><ele>757.75</ele></trkpt>
   <trkpt lon="2.798208" lat="39.787083"><ele>756.25</ele></trkpt>
   <trkpt lon="2.798316" lat="39.787119"><ele>756.0</ele></trkpt>
   <trkpt lon="2.798436" lat="39.787147"><ele>755.25</ele></trkpt>
   <trkpt lon="2.798809" lat="39.787193"><ele>752.75</ele></trkpt>
   <trkpt lon="2.798963" lat="39.787228"><ele>752.0</ele></trkpt>
   <trkpt lon="2.799021" lat="39.787246"><ele>751.75</ele></trkpt>
   <trkpt lon="2.799159" lat="39.787318"><ele>751.0</ele></trkpt>
   <trkpt lon="2.799631" lat="39.787649"><ele>745.75</ele></trkpt>
   <trkpt lon="2.799918" lat="39.787822"><ele>745.0</ele></trkpt>
   <trkpt lon="2.800006" lat="39.787892"><ele>744.0</ele></trkpt>
   <trkpt lon="2.800168" lat="39.788069"><ele>742.0</ele></trkpt>
   <trkpt lon="2.800408" lat="39.788374"><ele>739.75</ele></trkpt>
   <trkpt lon="2.800508" lat="39.788480"><ele>738.5</ele></trkpt>
   <trkpt lon="2.801278" lat="39.789160"><ele>732.25</ele></trkpt>
   <trkpt lon="2.801303" lat="39.789218"><ele>732.0</ele></trkpt>
   <trkpt lon="2.801307" lat="39.789301"><ele>731.0</ele></trkpt>
   <trkpt lon="2.801303" lat="39.789468"><ele>728.5</ele></trkpt>
   <trkpt lon="2.801269" lat="39.789755"><ele>726.0</ele></trkpt>
   <trkpt lon="2.801280" lat="39.789850"><ele>725.0</ele></trkpt>
   <trkpt lon="2.801310" lat="39.789915"><ele>724.5</ele></trkpt>
   <trkpt lon="2.801370" lat="39.789988"><ele>724.0</ele></trkpt>
   <trkpt lon="2.801885" lat="39.790259"><ele>720.0</ele></trkpt>
   <trkpt lon="2.802499" lat="39.790607"><ele>716.5</ele><sym>pass_place</sym><type>Shaping</type></trkpt>
   <trkpt lon="2.802675" lat="39.790731"><ele>715.75</ele></trkpt>
   <trkpt lon="2.802783" lat="39.790868"><ele>714.5</ele></trkpt>
   <trkpt lon="2.802832" lat="39.790955"><ele>714.5</ele></trkpt>
   <trkpt lon="2.802839" lat="39.791078"><ele>713.25</ele></trkpt>
   <trkpt lon="2.802780" lat="39.791417"><ele>710.5</ele></trkpt>
   <trkpt lon="2.802775" lat="39.791517"><ele>708.5</ele></trkpt>
   <trkpt lon="2.802802" lat="39.791603"><ele>707.25</ele></trkpt>
   <trkpt lon="2.802891" lat="39.791683"><ele>706.5</ele></trkpt>
   <trkpt lon="2.803081" lat="39.791788"><ele>705.25</ele></trkpt>
   <trkpt lon="2.803965" lat="39.792154"><ele>701.0</ele></trkpt>
   <trkpt lon="2.804191" lat="39.792348"><ele>698.5</ele></trkpt>
   <trkpt lon="2.804337" lat="39.792550"><ele>695.75</ele></trkpt>
   <trkpt lon="2.804405" lat="39.792681"><ele>693.75</ele></trkpt>
   <trkpt lon="2.804454" lat="39.792749"><ele>692.75</ele></trkpt>
   <trkpt lon="2.804572" lat="39.792807"><ele>691.75</ele></trkpt>
   <trkpt lon="2.804712" lat="39.792839"><ele>691.25</ele></trkpt>
   <trkpt lon="2.804932" lat="39.792857"><ele>689.25</ele></trkpt>
   <trkpt lon="2.805131" lat="39.792825"><ele>688.25</ele></trkpt>
   <trkpt lon="2.805380" lat="39.792741"><ele>687.75</ele></trkpt>
   <trkpt lon="2.805586" lat="39.792705"><ele>686.75</ele></trkpt>
   <trkpt lon="2.805752" lat="39.792707"><ele>686.5</ele></trkpt>
   <trkpt lon="2.806665" lat="39.792840"><ele>680.75</ele></trkpt>
   <trkpt lon="2.806941" lat="39.792923"><ele>678.75</ele></trkpt>
   <trkpt lon="2.807074" lat="39.793010"><ele>677.5</ele></trkpt>
   <trkpt lon="2.807308" lat="39.793189"><ele>675.25</ele></trkpt>
   <trkpt lon="2.807959" lat="39.793741"><ele>668.75</ele></trkpt>
   <trkpt lon="2.808001" lat="39.793796"><ele>668.5</ele></trkpt>
   <trkpt lon="2.808097" lat="39.794034"><ele>666.75</ele></trkpt>
   <trkpt lon="2.808223" lat="39.794407"><ele>663.5</ele></trkpt>
   <trkpt lon="2.808336" lat="39.794632"><ele>661.75</ele></trkpt>
   <trkpt lon="2.808656" lat="39.795165"><ele>657.25</ele></trkpt>
   <trkpt lon="2.808766" lat="39.795284"><ele>655.75</ele></trkpt>
   <trkpt lon="2.808946" lat="39.795417"><ele>654.25</ele></trkpt>
   <trkpt lon="2.809445" lat="39.795734"><ele>651.0</ele></trkpt>
   <trkpt lon="2.810372" lat="39.796362"><ele>643.0</ele></trkpt>
   <trkpt lon="2.810480" lat="39.796466"><ele>641.25</ele></trkpt>
   <trkpt lon="2.810526" lat="39.796519"><ele>640.5</ele></trkpt>
   <trkpt lon="2.810594" lat="39.796613"><ele>639.25</ele></trkpt>
   <trkpt lon="2.810677" lat="39.796821"><ele>636.5</ele></trkpt>
   <trkpt lon="2.810713" lat="39.796987"><ele>634.75</ele></trkpt>
   <trkpt lon="2.810792" lat="39.797457"><ele>629.5</ele></trkpt>
   <trkpt lon="2.810795" lat="39.797646"><ele>628.0</ele></trkpt>
   <trkpt lon="2.810781" lat="39.797790"><ele>626.75</ele></trkpt>
   <trkpt lon="2.810723" lat="39.797939"><ele>625.25</ele></trkpt>
   <trkpt lon="2.810260" lat="39.798724"><ele>617.5</ele></trkpt>
   <trkpt lon="2.810193" lat="39.798826"><ele>618.0</ele></trkpt>
   <trkpt lon="2.810119" lat="39.799003"><ele>619.0</ele></trkpt>
   <trkpt lon="2.810123" lat="39.799098"><ele>619.5</ele></trkpt>
   <trkpt lon="2.810178" lat="39.799238"><ele>619.25</ele></trkpt>
   <trkpt lon="2.810903" lat="39.799987"><ele>618.25</ele></trkpt>
   <trkpt lon="2.811101" lat="39.800261"><ele>618.0</ele></trkpt>
   <trkpt lon="2.811282" lat="39.800536"><ele>618.0</ele></trkpt>
   <trkpt lon="2.811416" lat="39.800700"><ele>617.75</ele></trkpt>
   <trkpt lon="2.811845" lat="39.801160"><ele>618.5</ele></trkpt>
   <trkpt lon="2.812239" lat="39.801530"><ele>617.75</ele></trkpt>
   <trkpt lon="2.812601" lat="39.801832"><ele>618.75</ele></trkpt>
   <trkpt lon="2.813016" lat="39.802163"><ele>618.5</ele></trkpt>
   <trkpt lon="2.813641" lat="39.802637"><ele>618.75</ele><sym>pass_place</sym><type>Shaping</type></trkpt>
   <trkpt lon="2.815023" lat="39.803580"><ele>617.75</ele></trkpt>
   <trkpt lon="2.815443" lat="39.803818"><ele>617.75</ele></trkpt>
   <trkpt lon="2.815733" lat="39.804006"><ele>618.0</ele></trkpt>
   <trkpt lon="2.816083" lat="39.804277"><ele>618.25</ele></trkpt>
   <trkpt lon="2.816494" lat="39.804627"><ele>619.25</ele></trkpt>
   <trkpt lon="2.816689" lat="39.804805"><ele>619.25</ele></trkpt>
   <trkpt lon="2.816879" lat="39.805020"><ele>619.75</ele></trkpt>
   <trkpt lon="2.817068" lat="39.805274"><ele>620.75</ele></trkpt>
   <trkpt lon="2.817242" lat="39.805467"><ele>619.75</ele></trkpt>
   <trkpt lon="2.817447" lat="39.805661"><ele>623.0</ele></trkpt>
   <trkpt lon="2.817696" lat="39.805846"><ele>621.5</ele></trkpt>
   <trkpt lon="2.818393" lat="39.806314"><ele>621.25</ele></trkpt>
   <trkpt lon="2.818533" lat="39.806419"><ele>621.25</ele></trkpt>
   <trkpt lon="2.818661" lat="39.806532"><ele>621.5</ele></trkpt>
   <trkpt lon="2.819045" lat="39.806928"><ele>619.75</ele></trkpt>
   <trkpt lon="2.819732" lat="39.807678"><ele>618.75</ele></trkpt>
   <trkpt lon="2.820691" lat="39.808678"><ele>618.25</ele></trkpt>
   <trkpt lon="2.820795" lat="39.808768"><ele>618.0</ele></trkpt>
   <trkpt lon="2.821219" lat="39.809085"><ele>620.25</ele></trkpt>
   <trkpt lon="2.821362" lat="39.809207"><ele>619.75</ele></trkpt>
   <trkpt lon="2.821423" lat="39.809279"><ele>619.5</ele></trkpt>
   <trkpt lon="2.821683" lat="39.809681"><ele>618.75</ele></trkpt>
   <trkpt lon="2.821762" lat="39.809785"><ele>618.75</ele></trkpt>
   <trkpt lon="2.821878" lat="39.809923"><ele>618.75</ele></trkpt>
   <trkpt lon="2.822446" lat="39.810507"><ele>618.75</ele></trkpt>
   <trkpt lon="2.822581" lat="39.810656"><ele>620.25</ele></trkpt>
   <trkpt lon="2.822643" lat="39.810753"><ele>621.25</ele></trkpt>
   <trkpt lon="2.822669" lat="39.810811"><ele>621.75</ele></trkpt>
   <trkpt lon="2.822652" lat="39.810948"><ele>621.75</ele></trkpt>
   <trkpt lon="2.822650" lat="39.810950"><ele>621.75</ele><sym>u-turn</sym><type>Via</type></trkpt>
   <trkpt lon="2.822652" lat="39.810948"><ele>621.75</ele></trkpt>
   <trkpt lon="2.822669" lat="39.810811"><ele>621.75</ele></trkpt>
   <trkpt lon="2.822643" lat="39.810753"><ele>621.25</ele></trkpt>
   <trkpt lon="2.822581" lat="39.810656"><ele>620.25</ele></trkpt>
   <trkpt lon="2.822446" lat="39.810507"><ele>618.75</ele></trkpt>
   <trkpt lon="2.821878" lat="39.809923"><ele>618.75</ele></trkpt>
   <trkpt lon="2.821762" lat="39.809785"><ele>618.75</ele></trkpt>
   <trkpt lon="2.821683" lat="39.809681"><ele>618.75</ele></trkpt>
   <trkpt lon="2.821423" lat="39.809279"><ele>619.5</ele></trkpt>
   <trkpt lon="2.821362" lat="39.809207"><ele>619.75</ele></trkpt>
   <trkpt lon="2.821219" lat="39.809085"><ele>620.25</ele></trkpt>
   <trkpt lon="2.820795" lat="39.808768"><ele>618.0</ele></trkpt>
   <trkpt lon="2.820691" lat="39.808678"><ele>618.25</ele></trkpt>
   <trkpt lon="2.819732" lat="39.807678"><ele>618.75</ele></trkpt>
   <trkpt lon="2.819045" lat="39.806928"><ele>619.75</ele></trkpt>
   <trkpt lon="2.818661" lat="39.806532"><ele>621.5</ele></trkpt>
   <trkpt lon="2.818533" lat="39.806419"><ele>621.25</ele></trkpt>
   <trkpt lon="2.818393" lat="39.806314"><ele>621.25</ele></trkpt>
   <trkpt lon="2.817696" lat="39.805846"><ele>621.5</ele></trkpt>
   <trkpt lon="2.817447" lat="39.805661"><ele>623.0</ele></trkpt>
   <trkpt lon="2.817242" lat="39.805467"><ele>619.75</ele></trkpt>
   <trkpt lon="2.817068" lat="39.805274"><ele>620.75</ele></trkpt>
   <trkpt lon="2.816879" lat="39.805020"><ele>619.75</ele></trkpt>
   <trkpt lon="2.816689" lat="39.804805"><ele>619.25</ele></trkpt>
   <trkpt lon="2.816494" lat="39.804627"><ele>619.25</ele></trkpt>
   <trkpt lon="2.816083" lat="39.804277"><ele>618.25</ele></trkpt>
   <trkpt lon="2.815733" lat="39.804006"><ele>618.0</ele></trkpt>
   <trkpt lon="2.815443" lat="39.803818"><ele>617.75</ele></trkpt>
   <trkpt lon="2.815023" lat="39.803580"><ele>617.75</ele></trkpt>
   <trkpt lon="2.813641" lat="39.802637"><ele>618.75</ele></trkpt>
   <trkpt lon="2.813016" lat="39.802163"><ele>618.5</ele></trkpt>
   <trkpt lon="2.812601" lat="39.801832"><ele>618.75</ele></trkpt>
   <trkpt lon="2.812239" lat="39.801530"><ele>617.75</ele></trkpt>
   <trkpt lon="2.811845" lat="39.801160"><ele>618.5</ele></trkpt>
   <trkpt lon="2.811416" lat="39.800700"><ele>617.75</ele></trkpt>
   <trkpt lon="2.811282" lat="39.800536"><ele>618.0</ele></trkpt>
   <trkpt lon="2.811101" lat="39.800261"><ele>618.0</ele></trkpt>
   <trkpt lon="2.810903" lat="39.799987"><ele>618.25</ele></trkpt>
   <trkpt lon="2.810178" lat="39.799238"><ele>619.25</ele></trkpt>
   <trkpt lon="2.810123" lat="39.799098"><ele>619.5</ele></trkpt>
   <trkpt lon="2.810119" lat="39.799003"><ele>619.0</ele></trkpt>
   <trkpt lon="2.810193" lat="39.798826"><ele>618.0</ele></trkpt>
   <trkpt lon="2.810260" lat="39.798724"><ele>617.5</ele></trkpt>
   <trkpt lon="2.810722" lat="39.797940"><ele>625.25</ele><sym>pass_place</sym><type>Shaping</type></trkpt>
   <trkpt lon="2.810723" lat="39.797939"><ele>625.25</ele></trkpt>
   <trkpt lon="2.810781" lat="39.797790"><ele>626.75</ele></trkpt>
   <trkpt lon="2.810795" lat="39.797646"><ele>628.0</ele></trkpt>
   <trkpt lon="2.810792" lat="39.797457"><ele>629.5</ele></trkpt>
   <trkpt lon="2.810713" lat="39.796987"><ele>634.75</ele></trkpt>
   <trkpt lon="2.810677" lat="39.796821"><ele>636.5</ele></trkpt>
   <trkpt lon="2.810594" lat="39.796613"><ele>639.25</ele></trkpt>
   <trkpt lon="2.810526" lat="39.796519"><ele>640.5</ele></trkpt>
   <trkpt lon="2.810480" lat="39.796466"><ele>641.25</ele></trkpt>
   <trkpt lon="2.810372" lat="39.796362"><ele>643.0</ele></trkpt>
   <trkpt lon="2.809445" lat="39.795734"><ele>651.0</ele></trkpt>
   <trkpt lon="2.808946" lat="39.795417"><ele>654.25</ele></trkpt>
   <trkpt lon="2.808766" lat="39.795284"><ele>655.75</ele></trkpt>
   <trkpt lon="2.808656" lat="39.795165"><ele>657.25</ele></trkpt>
   <trkpt lon="2.808336" lat="39.794632"><ele>661.75</ele></trkpt>
   <trkpt lon="2.808223" lat="39.794407"><ele>663.5</ele></trkpt>
   <trkpt lon="2.808097" lat="39.794034"><ele>666.75</ele></trkpt>
   <trkpt lon="2.808001" lat="39.793796"><ele>668.5</ele></trkpt>
   <trkpt lon="2.807959" lat="39.793741"><ele>668.75</ele></trkpt>
   <trkpt lon="2.807308" lat="39.793189"><ele>675.25</ele></trkpt>
   <trkpt lon="2.807074" lat="39.793010"><ele>677.5</ele></trkpt>
   <trkpt lon="2.806941" lat="39.792923"><ele>678.75</ele></trkpt>
   <trkpt lon="2.806665" lat="39.792840"><ele>680.75</ele></trkpt>
   <trkpt lon="2.805752" lat="39.792707"><ele>686.5</ele></trkpt>
   <trkpt lon="2.805586" lat="39.792705"><ele>686.75</ele></trkpt>
   <trkpt lon="2.805380" lat="39.792741"><ele>687.75</ele></trkpt>
   <trkpt lon="2.805131" lat="39.792825"><ele>688.25</ele></trkpt>
   <trkpt lon="2.804932" lat="39.792857"><ele>689.25</ele></trkpt>
   <trkpt lon="2.804712" lat="39.792839"><ele>691.25</ele></trkpt>
   <trkpt lon="2.804572" lat="39.792807"><ele>691.75</ele></trkpt>
   <trkpt lon="2.804454" lat="39.792749"><ele>692.75</ele></trkpt>
   <trkpt lon="2.804405" lat="39.792681"><ele>693.75</ele></trkpt>
   <trkpt lon="2.804337" lat="39.792550"><ele>695.75</ele></trkpt>
   <trkpt lon="2.804191" lat="39.792348"><ele>698.5</ele></trkpt>
   <trkpt lon="2.803965" lat="39.792154"><ele>701.0</ele></trkpt>
   <trkpt lon="2.803081" lat="39.791788"><ele>705.25</ele></trkpt>
   <trkpt lon="2.802891" lat="39.791683"><ele>706.5</ele></trkpt>
   <trkpt lon="2.802802" lat="39.791603"><ele>707.25</ele></trkpt>
   <trkpt lon="2.802775" lat="39.791517"><ele>708.5</ele></trkpt>
   <trkpt lon="2.802780" lat="39.791417"><ele>710.5</ele></trkpt>
   <trkpt lon="2.802839" lat="39.791078"><ele>713.25</ele></trkpt>
   <trkpt lon="2.802832" lat="39.790955"><ele>714.5</ele></trkpt>
   <trkpt lon="2.802783" lat="39.790868"><ele>714.5</ele></trkpt>
   <trkpt lon="2.802675" lat="39.790731"><ele>715.75</ele></trkpt>
   <trkpt lon="2.802499" lat="39.790607"><ele>716.5</ele></trkpt>
   <trkpt lon="2.801885" lat="39.790259"><ele>720.0</ele></trkpt>
   <trkpt lon="2.801370" lat="39.789988"><ele>724.0</ele></trkpt>
   <trkpt lon="2.801310" lat="39.789915"><ele>724.5</ele></trkpt>
   <trkpt lon="2.801280" lat="39.789850"><ele>725.0</ele></trkpt>
   <trkpt lon="2.801269" lat="39.789755"><ele>726.0</ele></trkpt>
   <trkpt lon="2.801303" lat="39.789468"><ele>728.5</ele></trkpt>
   <trkpt lon="2.801307" lat="39.789301"><ele>731.0</ele></trkpt>
   <trkpt lon="2.801303" lat="39.789218"><ele>732.0</ele></trkpt>
   <trkpt lon="2.801278" lat="39.789160"><ele>732.25</ele></trkpt>
   <trkpt lon="2.800508" lat="39.788480"><ele>738.5</ele></trkpt>
   <trkpt lon="2.800408" lat="39.788374"><ele>739.75</ele></trkpt>
   <trkpt lon="2.800168" lat="39.788069"><ele>742.0</ele></trkpt>
   <trkpt lon="2.800006" lat="39.787892"><ele>744.0</ele></trkpt>
   <trkpt lon="2.799918" lat="39.787822"><ele>745.0</ele></trkpt>
   <trkpt lon="2.799631" lat="39.787649"><ele>745.75</ele></trkpt>
   <trkpt lon="2.799159" lat="39.787318"><ele>751.0</ele></trkpt>
   <trkpt lon="2.799021" lat="39.787246"><ele>751.75</ele></trkpt>
   <trkpt lon="2.798963" lat="39.787228"><ele>752.0</ele></trkpt>
   <trkpt lon="2.798809" lat="39.787193"><ele>752.75</ele></trkpt>
   <trkpt lon="2.798436" lat="39.787147"><ele>755.25</ele></trkpt>
   <trkpt lon="2.798316" lat="39.787119"><ele>756.0</ele></trkpt>
   <trkpt lon="2.798208" lat="39.787083"><ele>756.25</ele></trkpt>
   <trkpt lon="2.797774" lat="39.786892"><ele>757.75</ele><sym>pass_place</sym><type>Shaping</type></trkpt>
   <trkpt lon="2.797718" lat="39.786873"><ele>758.25</ele></trkpt>
   <trkpt lon="2.797631" lat="39.786865"><ele>758.75</ele></trkpt>
   <trkpt lon="2.797565" lat="39.786875"><ele>758.75</ele></trkpt>
   <trkpt lon="2.797521" lat="39.786888"><ele>758.75</ele></trkpt>
   <trkpt lon="2.797457" lat="39.786925"><ele>758.75</ele></trkpt>
   <trkpt lon="2.797263" lat="39.787095"><ele>760.75</ele></trkpt>
   <trkpt lon="2.796983" lat="39.787348"><ele>761.5</ele></trkpt>
   <trkpt lon="2.796848" lat="39.787477"><ele>760.75</ele></trkpt>
   <trkpt lon="2.796794" lat="39.787558"><ele>760.25</ele></trkpt>
   <trkpt lon="2.796777" lat="39.787647"><ele>760.0</ele></trkpt>
   <trkpt lon="2.796800" lat="39.787706"><ele>760.25</ele></trkpt>
   <trkpt lon="2.797199" lat="39.788203"><ele>763.5</ele></trkpt>
   <trkpt lon="2.797219" lat="39.788241"><ele>763.5</ele></trkpt>
   <trkpt lon="2.797218" lat="39.788289"><ele>763.25</ele></trkpt>
   <trkpt lon="2.797205" lat="39.788345"><ele>763.0</ele></trkpt>
   <trkpt lon="2.797184" lat="39.788385"><ele>763.5</ele></trkpt>
   <trkpt lon="2.797132" lat="39.788423"><ele>763.75</ele></trkpt>
   <trkpt lon="2.797029" lat="39.788458"><ele>764.0</ele></trkpt>
   <trkpt lon="2.796807" lat="39.788514"><ele>764.0</ele></trkpt>
   <trkpt lon="2.795075" lat="39.788862"><ele>772.25</ele></trkpt>
   <trkpt lon="2.794959" lat="39.788898"><ele>772.75</ele></trkpt>
   <trkpt lon="2.794825" lat="39.788964"><ele>773.0</ele></trkpt>
   <trkpt lon="2.794698" lat="39.789095"><ele>774.25</ele></trkpt>
   <trkpt lon="2.794628" lat="39.789228"><ele>774.75</ele></trkpt>
   <trkpt lon="2.794616" lat="39.789378"><ele>775.75</ele></trkpt>
   <trkpt lon="2.794681" lat="39.789519"><ele>777.75</ele></trkpt>
   <trkpt lon="2.794892" lat="39.789815"><ele>781.0</ele></trkpt>
   <trkpt lon="2.795053" lat="39.790104"><ele>783.0</ele></trkpt>
   <trkpt lon="2.795273" lat="39.790713"><ele>786.5</ele></trkpt>
   <trkpt lon="2.795427" lat="39.790950"><ele>788.0</ele></trkpt>
   <trkpt lon="2.795629" lat="39.791140"><ele>791.0</ele></trkpt>
   <trkpt lon="2.795828" lat="39.791281"><ele>793.5</ele></trkpt>
   <trkpt lon="2.796528" lat="39.791640"><ele>798.75</ele></trkpt>
   <trkpt lon="2.796604" lat="39.791747"><ele>799.75</ele></trkpt>
   <trkpt lon="2.796621" lat="39.791866"><ele>800.25</ele></trkpt>
   <trkpt lon="2.796587" lat="39.791975"><ele>801.0</ele></trkpt>
   <trkpt lon="2.796461" lat="39.792068"><ele>803.25</ele></trkpt>
   <trkpt lon="2.796307" lat="39.792104"><ele>804.5</ele></trkpt>
   <trkpt lon="2.796136" lat="39.792109"><ele>805.75</ele></trkpt>
   <trkpt lon="2.794710" lat="39.792066"><ele>811.75</ele></trkpt>
   <trkpt lon="2.794102" lat="39.792038"><ele>818.0</ele></trkpt>
   <trkpt lon="2.793508" lat="39.791975"><ele>820.5</ele></trkpt>
   <trkpt lon="2.792988" lat="39.791867"><ele>823.5</ele></trkpt>
   <trkpt lon="2.792513" lat="39.791768"><ele>827.0</ele></trkpt>
   <trkpt lon="2.791946" lat="39.791666"><ele>824.75</ele></trkpt>
   <trkpt lon="2.791691" lat="39.791643"><ele>823.25</ele></trkpt>
   <trkpt lon="2.791567" lat="39.791656"><ele>823.0</ele></trkpt>
   <trkpt lon="2.791489" lat="39.791704"><ele>823.5</ele></trkpt>
   <trkpt lon="2.791448" lat="39.791748"><ele>823.5</ele></trkpt>
   <trkpt lon="2.791370" lat="39.792006"><ele>823.75</ele></trkpt>
   <trkpt lon="2.791322" lat="39.792137"><ele>823.25</ele></trkpt>
   <trkpt lon="2.791265" lat="39.792232"><ele>822.5</ele></trkpt>
   <trkpt lon="2.790778" lat="39.792603"><ele>821.25</ele></trkpt>
   <trkpt lon="2.790638" lat="39.792741"><ele>820.75</ele></trkpt>
   <trkpt lon="2.790464" lat="39.792942"><ele>825.0</ele></trkpt>
   <trkpt lon="2.790201" lat="39.793268"><ele>823.25</ele></trkpt>
   <trkpt lon="2.790153" lat="39.793400"><ele>822.75</ele></trkpt>
   <trkpt lon="2.790164" lat="39.793537"><ele>823.5</ele></trkpt>
   <trkpt lon="2.790376" lat="39.794774"><ele>824.5</ele></trkpt>
   <trkpt lon="2.790373" lat="39.794880"><ele>824.75</ele></trkpt>
   <trkpt lon="2.790309" lat="39.794959"><ele>824.75</ele></trkpt>
   <trkpt lon="2.790257" lat="39.795009"><ele>824.75</ele></trkpt>
   <trkpt lon="2.790178" lat="39.795051"><ele>824.75</ele></trkpt>
   <trkpt lon="2.790088" lat="39.795066"><ele>824.5</ele></trkpt>
   <trkpt lon="2.789967" lat="39.795067"><ele>824.5</ele></trkpt>
   <trkpt lon="2.789879" lat="39.795039"><ele>825.0</ele></trkpt>
   <trkpt lon="2.789822" lat="39.795003"><ele>825.25</ele></trkpt>
   <trkpt lon="2.789778" lat="39.794975"><ele>825.5</ele></trkpt>
   <trkpt lon="2.788792" lat="39.794087"><ele>828.0</ele><sym>pass_place</sym><type>Shaping</type></trkpt>
   <trkpt lon="2.788789" lat="39.794085"><ele>828.0</ele></trkpt>
   <trkpt lon="2.788655" lat="39.793997"><ele>828.75</ele></trkpt>
   <trkpt lon="2.787567" lat="39.793467"><ele>830.75</ele></trkpt>
   <trkpt lon="2.787124" lat="39.793275"><ele>833.75</ele></trkpt>
   <trkpt lon="2.787033" lat="39.793221"><ele>834.75</ele></trkpt>
   <trkpt lon="2.786432" lat="39.792515"><ele>833.5</ele></trkpt>
   <trkpt lon="2.786249" lat="39.792345"><ele>835.0</ele></trkpt>
   <trkpt lon="2.785865" lat="39.792078"><ele>836.25</ele></trkpt>
   <trkpt lon="2.785358" lat="39.791770"><ele>838.25</ele></trkpt>
   <trkpt lon="2.783751" lat="39.790748"><ele>847.25</ele></trkpt>
   <trkpt lon="2.783585" lat="39.790651"><ele>847.5</ele></trkpt>
   <trkpt lon="2.783337" lat="39.790523"><ele>847.5</ele></trkpt>
   <trkpt lon="2.782088" lat="39.789978"><ele>853.0</ele></trkpt>
   <trkpt lon="2.779953" lat="39.789143"><ele>865.25</ele></trkpt>
   <trkpt lon="2.779510" lat="39.788959"><ele>869.75</ele></trkpt>
   <trkpt lon="2.779359" lat="39.788856"><ele>870.5</ele></trkpt>
   <trkpt lon="2.778915" lat="39.788327"><ele>869.25</ele></trkpt>
   <trkpt lon="2.778859" lat="39.788284"><ele>869.25</ele></trkpt>
   <trkpt lon="2.778799" lat="39.788252"><ele>869.5</ele></trkpt>
   <trkpt lon="2.778724" lat="39.788231"><ele>870.0</ele></trkpt>
   <trkpt lon="2.778657" lat="39.788223"><ele>870.75</ele></trkpt>
   <trkpt lon="2.778576" lat="39.788232"><ele>872.25</ele></trkpt>
   <trkpt lon="2.778460" lat="39.788265"><ele>875.25</ele></trkpt>
   <trkpt lon="2.778339" lat="39.788330"><ele>879.75</ele></trkpt>
   <trkpt lon="2.774547" lat="39.790295"><ele>875.75</ele></trkpt>
   <trkpt lon="2.774464" lat="39.790361"><ele>858.0</ele></trkpt>
   <trkpt lon="2.774444" lat="39.790425"><ele>852.0</ele></trkpt>
   <trkpt lon="2.774467" lat="39.790538"><ele>846.75</ele></trkpt>
   <trkpt lon="2.774498" lat="39.790595"><ele>844.75</ele></trkpt>
   <trkpt lon="2.774564" lat="39.790690"><ele>842.75</ele></trkpt>
   <trkpt lon="2.774878" lat="39.791120"><ele>842.0</ele></trkpt>
   <trkpt lon="2.775073" lat="39.791442"><ele>840.75</ele></trkpt>
   <trkpt lon="2.775426" lat="39.792182"><ele>833.5</ele></trkpt>
   <trkpt lon="2.775490" lat="39.792349"><ele>833.0</ele></trkpt>
   <trkpt lon="2.775521" lat="39.792558"><ele>831.5</ele></trkpt>
   <trkpt lon="2.775527" lat="39.792829"><ele>828.5</ele><sym>pass_place</sym><type>Shaping</type></trkpt>
   <trkpt lon="2.775528" lat="39.792835"><ele>828.5</ele></trkpt>
   <trkpt lon="2.775539" lat="39.792973"><ele>828.0</ele></trkpt>
   <trkpt lon="2.775557" lat="39.793040"><ele>828.0</ele></trkpt>
   <trkpt lon="2.775592" lat="39.793099"><ele>827.0</ele></trkpt>
   <trkpt lon="2.775635" lat="39.793145"><ele>826.0</ele></trkpt>
   <trkpt lon="2.775690" lat="39.793177"><ele>825.75</ele></trkpt>
   <trkpt lon="2.776227" lat="39.793466"><ele>823.25</ele></trkpt>
   <trkpt lon="2.776386" lat="39.793584"><ele>822.0</ele></trkpt>
   <trkpt lon="2.776475" lat="39.793669"><ele>821.0</ele></trkpt>
   <trkpt lon="2.776944" lat="39.794184"><ele>816.5</ele></trkpt>
   <trkpt lon="2.777026" lat="39.794338"><ele>816.25</ele></trkpt>
   <trkpt lon="2.777059" lat="39.794445"><ele>815.25</ele></trkpt>
   <trkpt lon="2.777178" lat="39.794743"><ele>813.75</ele></trkpt>
   <trkpt lon="2.777194" lat="39.794808"><ele>813.25</ele></trkpt>
   <trkpt lon="2.777227" lat="39.794936"><ele>812.75</ele></trkpt>
   <trkpt lon="2.777237" lat="39.795016"><ele>812.25</ele></trkpt>
   <trkpt lon="2.777228" lat="39.795071"><ele>812.5</ele></trkpt>
   <trkpt lon="2.777199" lat="39.795151"><ele>812.25</ele></trkpt>
   <trkpt lon="2.777168" lat="39.795196"><ele>811.75</ele></trkpt>
   <trkpt lon="2.776919" lat="39.795453"><ele>808.25</ele></trkpt>
   <trkpt lon="2.776775" lat="39.795591"><ele>806.75</ele></trkpt>
   <trkpt lon="2.776704" lat="39.795671"><ele>806.0</ele></trkpt>
   <trkpt lon="2.776442" lat="39.796088"><ele>803.25</ele></trkpt>
   <trkpt lon="2.776390" lat="39.796164"><ele>803.5</ele></trkpt>
   <trkpt lon="2.776315" lat="39.796253"><ele>803.5</ele></trkpt>
   <trkpt lon="2.776240" lat="39.796319"><ele>803.0</ele></trkpt>
   <trkpt lon="2.776147" lat="39.796383"><ele>801.75</ele></trkpt>
   <trkpt lon="2.775830" lat="39.796555"><ele>798.25</ele></trkpt>
   <trkpt lon="2.775578" lat="39.796706"><ele>797.75</ele></trkpt>
   <trkpt lon="2.775500" lat="39.796761"><ele>797.0</ele></trkpt>
   <trkpt lon="2.775433" lat="39.796827"><ele>796.75</ele></trkpt>
   <trkpt lon="2.775345" lat="39.796929"><ele>796.0</ele></trkpt>
   <trkpt lon="2.775271" lat="39.797038"><ele>794.0</ele></trkpt>
   <trkpt lon="2.775103" lat="39.797314"><ele>791.75</ele></trkpt>
   <trkpt lon="2.774964" lat="39.797455"><ele>791.0</ele></trkpt>
   <trkpt lon="2.774878" lat="39.797516"><ele>790.75</ele></trkpt>
   <trkpt lon="2.774785" lat="39.797565"><ele>790.5</ele></trkpt>
   <trkpt lon="2.774687" lat="39.797602"><ele>790.0</ele></trkpt>
   <trkpt lon="2.774553" lat="39.797641"><ele>789.25</ele></trkpt>
   <trkpt lon="2.774350" lat="39.797675"><ele>787.75</ele></trkpt>
   <trkpt lon="2.773998" lat="39.797707"><ele>783.75</ele></trkpt>
   <trkpt lon="2.773910" lat="39.797726"><ele>782.5</ele></trkpt>
   <trkpt lon="2.773849" lat="39.797754"><ele>782.25</ele></trkpt>
   <trkpt lon="2.773791" lat="39.797795"><ele>782.75</ele></trkpt>
   <trkpt lon="2.773606" lat="39.798020"><ele>782.25</ele></trkpt>
   <trkpt lon="2.773523" lat="39.798134"><ele>784.5</ele></trkpt>
   <trkpt lon="2.773465" lat="39.798183"><ele>785.25</ele></trkpt>
   <trkpt lon="2.773393" lat="39.798217"><ele>785.25</ele></trkpt>
   <trkpt lon="2.773300" lat="39.798232"><ele>784.5</ele></trkpt>
   <trkpt lon="2.773163" lat="39.798222"><ele>784.25</ele></trkpt>
   <trkpt lon="2.773065" lat="39.798194"><ele>782.75</ele></trkpt>
   <trkpt lon="2.772999" lat="39.798152"><ele>780.25</ele></trkpt>
   <trkpt lon="2.772913" lat="39.798068"><ele>775.75</ele></trkpt>
   <trkpt lon="2.772887" lat="39.797977"><ele>772.25</ele></trkpt>
   <trkpt lon="2.772898" lat="39.797901"><ele>769.75</ele></trkpt>
   <trkpt lon="2.772944" lat="39.797826"><ele>768.25</ele></trkpt>
   <trkpt lon="2.772987" lat="39.797781"><ele>768.5</ele></trkpt>
   <trkpt lon="2.773043" lat="39.797744"><ele>768.5</ele></trkpt>
   <trkpt lon="2.773459" lat="39.797583"><ele>768.75</ele></trkpt>
   <trkpt lon="2.773699" lat="39.797474"><ele>769.75</ele></trkpt>
   <trkpt lon="2.773837" lat="39.797403"><ele>769.5</ele></trkpt>
   <trkpt lon="2.773910" lat="39.797346"><ele>768.0</ele></trkpt>
   <trkpt lon="2.774092" lat="39.797177"><ele>764.25</ele></trkpt>
   <trkpt lon="2.774293" lat="39.796907"><ele>761.25</ele></trkpt>
   <trkpt lon="2.774500" lat="39.796585"><ele>759.75</ele></trkpt>
   <trkpt lon="2.774534" lat="39.796507"><ele>759.5</ele></trkpt>
   <trkpt lon="2.774567" lat="39.796402"><ele>758.5</ele></trkpt>
   <trkpt lon="2.774578" lat="39.796322"><ele>758.0</ele></trkpt>
   <trkpt lon="2.774577" lat="39.796220"><ele>757.0</ele></trkpt>
   <trkpt lon="2.774572" lat="39.796082"><ele>755.75</ele></trkpt>
   <trkpt lon="2.774434" lat="39.795163"><ele>747.0</ele></trkpt>
   <trkpt lon="2.774408" lat="39.795024"><ele>747.25</ele></trkpt>
   <trkpt lon="2.774375" lat="39.794963"><ele>747.75</ele></trkpt>
   <trkpt lon="2.774336" lat="39.794913"><ele>748.0</ele></trkpt>
   <trkpt lon="2.774278" lat="39.794870"><ele>748.0</ele></trkpt>
   <trkpt lon="2.774213" lat="39.794839"><ele>747.5</ele></trkpt>
   <trkpt lon="2.774141" lat="39.794819"><ele>746.75</ele></trkpt>
   <trkpt lon="2.774057" lat="39.794818"><ele>745.25</ele></trkpt>
   <trkpt lon="2.773954" lat="39.794825"><ele>743.5</ele></trkpt>
   <trkpt lon="2.773686" lat="39.794859"><ele>741.25</ele></trkpt>
   <trkpt lon="2.773393" lat="39.794882"><ele>740.5</ele></trkpt>
   <trkpt lon="2.773282" lat="39.794878"><ele>739.75</ele></trkpt>
   <trkpt lon="2.773192" lat="39.794864"><ele>738.75</ele></trkpt>
   <trkpt lon="2.773107" lat="39.794845"><ele>737.75</ele></trkpt>
   <trkpt lon="2.773025" lat="39.794811"><ele>737.25</ele></trkpt>
   <trkpt lon="2.772961" lat="39.794773"><ele>737.25</ele></trkpt>
   <trkpt lon="2.772907" lat="39.794731"><ele>737.5</ele></trkpt>
   <trkpt lon="2.772483" lat="39.794185"><ele>731.5</ele></trkpt>
   <trkpt lon="2.772362" lat="39.794045"><ele>730.75</ele></trkpt>
   <trkpt lon="2.772107" lat="39.793836"><ele>728.5</ele></trkpt>
   <trkpt lon="2.771633" lat="39.793468"><ele>724.75</ele></trkpt>
   <trkpt lon="2.771068" lat="39.792994"><ele>721.0</ele></trkpt>
   <trkpt lon="2.770896" lat="39.792863"><ele>720.25</ele></trkpt>
   <trkpt lon="2.770786" lat="39.792829"><ele>718.75</ele></trkpt>
   <trkpt lon="2.770644" lat="39.792814"><ele>717.25</ele></trkpt>
   <trkpt lon="2.770482" lat="39.792849"><ele>715.25</ele></trkpt>
   <trkpt lon="2.770374" lat="39.792907"><ele>714.0</ele></trkpt>
   <trkpt lon="2.770301" lat="39.793003"><ele>713.0</ele></trkpt>
   <trkpt lon="2.770268" lat="39.793076"><ele>712.75</ele></trkpt>
   <trkpt lon="2.770267" lat="39.793164"><ele>711.75</ele></trkpt>
   <trkpt lon="2.770299" lat="39.793252"><ele>710.5</ele></trkpt>
   <trkpt lon="2.770397" lat="39.793396"><ele>707.25</ele></trkpt>
   <trkpt lon="2.771317" lat="39.794580"><ele>697.5</ele><sym>pass_place</sym><type>Shaping</type></trkpt>
   <trkpt lon="2.771318" lat="39.794582"><ele>697.5</ele></trkpt>
   <trkpt lon="2.771472" lat="39.794827"><ele>698.25</ele></trkpt>
   <trkpt lon="2.771539" lat="39.795043"><ele>697.75</ele></trkpt>
   <trkpt lon="2.771541" lat="39.795255"><ele>696.25</ele></trkpt>
   <trkpt lon="2.771447" lat="39.795481"><ele>692.25</ele></trkpt>
   <trkpt lon="2.771356" lat="39.795648"><ele>690.5</ele></trkpt>
   <trkpt lon="2.771215" lat="39.795813"><ele>688.75</ele></trkpt>
   <trkpt lon="2.771038" lat="39.795940"><ele>687.25</ele></trkpt>
   <trkpt lon="2.770801" lat="39.796046"><ele>685.5</ele></trkpt>
   <trkpt lon="2.770579" lat="39.796106"><ele>684.0</ele></trkpt>
   <trkpt lon="2.770422" lat="39.796132"><ele>683.25</ele></trkpt>
   <trkpt lon="2.770149" lat="39.796147"><ele>680.75</ele></trkpt>
   <trkpt lon="2.768067" lat="39.796122"><ele>669.5</ele></trkpt>
   <trkpt lon="2.767901" lat="39.796124"><ele>668.25</ele></trkpt>
   <trkpt lon="2.767812" lat="39.796131"><ele>667.75</ele></trkpt>
   <trkpt lon="2.767735" lat="39.796151"><ele>667.0</ele></trkpt>
   <trkpt lon="2.767656" lat="39.796182"><ele>665.5</ele></trkpt>
   <trkpt lon="2.767594" lat="39.796215"><ele>664.5</ele></trkpt>
   <trkpt lon="2.767524" lat="39.796278"><ele>664.0</ele></trkpt>
   <trkpt lon="2.767105" lat="39.796718"><ele>665.25</ele></trkpt>
   <trkpt lon="2.766970" lat="39.796789"><ele>664.5</ele></trkpt>
   <trkpt lon="2.766796" lat="39.796808"><ele>663.75</ele></trkpt>
   <trkpt lon="2.766710" lat="39.796798"><ele>663.0</ele></trkpt>
   <trkpt lon="2.766624" lat="39.796759"><ele>662.75</ele></trkpt>
   <trkpt lon="2.766553" lat="39.796703"><ele>662.5</ele></trkpt>
   <trkpt lon="2.766513" lat="39.796614"><ele>661.0</ele></trkpt>
   <trkpt lon="2.766494" lat="39.796535"><ele>659.75</ele></trkpt>
   <trkpt lon="2.766516" lat="39.796454"><ele>657.75</ele></trkpt>
   <trkpt lon="2.766558" lat="39.796383"><ele>656.0</ele></trkpt>
   <trkpt lon="2.766659" lat="39.796311"><ele>653.0</ele></trkpt>
   <trkpt lon="2.767267" lat="39.796040"><ele>652.25</ele></trkpt>
   <trkpt lon="2.767693" lat="39.795842"><ele>650.25</ele></trkpt>
   <trkpt lon="2.767729" lat="39.795812"><ele>649.5</ele></trkpt>
   <trkpt lon="2.767776" lat="39.795733"><ele>648.0</ele></trkpt>
   <trkpt lon="2.767787" lat="39.795679"><ele>647.25</ele></trkpt>
   <trkpt lon="2.767776" lat="39.795600"><ele>645.75</ele></trkpt>
   <trkpt lon="2.767748" lat="39.795525"><ele>644.0</ele></trkpt>
   <trkpt lon="2.767687" lat="39.795463"><ele>642.5</ele></trkpt>
   <trkpt lon="2.767614" lat="39.795422"><ele>641.0</ele></trkpt>
   <trkpt lon="2.767522" lat="39.795396"><ele>639.75</ele></trkpt>
   <trkpt lon="2.767415" lat="39.795388"><ele>638.75</ele></trkpt>
   <trkpt lon="2.767286" lat="39.795400"><ele>638.0</ele></trkpt>
   <trkpt lon="2.767167" lat="39.795428"><ele>637.75</ele></trkpt>
   <trkpt lon="2.766893" lat="39.795514"><ele>637.5</ele></trkpt>
   <trkpt lon="2.766765" lat="39.795547"><ele>637.25</ele></trkpt>
   <trkpt lon="2.766683" lat="39.795562"><ele>637.0</ele></trkpt>
   <trkpt lon="2.766491" lat="39.795575"><ele>636.0</ele></trkpt>
   <trkpt lon="2.765685" lat="39.795466"><ele>630.0</ele></trkpt>
   <trkpt lon="2.765232" lat="39.795399"><ele>627.75</ele></trkpt>
   <trkpt lon="2.765012" lat="39.795380"><ele>626.5</ele></trkpt>
   <trkpt lon="2.764911" lat="39.795379"><ele>625.75</ele></trkpt>
   <trkpt lon="2.764637" lat="39.795392"><ele>624.25</ele></trkpt>
   <trkpt lon="2.763771" lat="39.795446"><ele>621.5</ele></trkpt>
   <trkpt lon="2.763629" lat="39.795441"><ele>619.75</ele></trkpt>
   <trkpt lon="2.763512" lat="39.795431"><ele>620.0</ele></trkpt>
   <trkpt lon="2.762890" lat="39.795317"><ele>617.25</ele></trkpt>
   <trkpt lon="2.762646" lat="39.795288"><ele>615.0</ele></trkpt>
   <trkpt lon="2.762430" lat="39.795293"><ele>614.25</ele></trkpt>
   <trkpt lon="2.762184" lat="39.795314"><ele>613.25</ele></trkpt>
   <trkpt lon="2.761598" lat="39.795441"><ele>610.5</ele></trkpt>
   <trkpt lon="2.761350" lat="39.795503"><ele>610.5</ele></trkpt>
   <trkpt lon="2.761254" lat="39.795557"><ele>612.0</ele></trkpt>
   <trkpt lon="2.760690" lat="39.796104"><ele>611.5</ele></trkpt>
   <trkpt lon="2.760567" lat="39.796192"><ele>610.25</ele></trkpt>
   <trkpt lon="2.760455" lat="39.796236"><ele>608.5</ele></trkpt>
   <trkpt lon="2.760262" lat="39.796301"><ele>605.75</ele></trkpt>
   <trkpt lon="2.758544" lat="39.796828"><ele>595.0</ele></trkpt>
   <trkpt lon="2.758446" lat="39.796840"><ele>594.0</ele></trkpt>
   <trkpt lon="2.758324" lat="39.796834"><ele>592.75</ele></trkpt>
   <trkpt lon="2.757920" lat="39.796742"><ele>591.0</ele></trkpt>
   <trkpt lon="2.756521" lat="39.796428"><ele>588.5</ele><sym>pass_place</sym><type>Shaping</type></trkpt>
   <trkpt lon="2.756405" lat="39.796376"><ele>587.0</ele></trkpt>
   <trkpt lon="2.755720" lat="39.795975"><ele>583.5</ele></trkpt>
   <trkpt lon="2.755396" lat="39.795809"><ele>578.25</ele></trkpt>
   <trkpt lon="2.754590" lat="39.795523"><ele>573.75</ele></trkpt>
   <trkpt lon="2.753849" lat="39.795269"><ele>569.25</ele></trkpt>
   <trkpt lon="2.753714" lat="39.795201"><ele>568.75</ele></trkpt>
   <trkpt lon="2.753038" lat="39.794744"><ele>563.0</ele></trkpt>
   <trkpt lon="2.752691" lat="39.794577"><ele>561.75</ele></trkpt>
   <trkpt lon="2.752220" lat="39.794439"><ele>556.75</ele></trkpt>
   <trkpt lon="2.751800" lat="39.794302"><ele>556.0</ele></trkpt>
   <trkpt lon="2.750922" lat="39.794032"><ele>548.25</ele></trkpt>
   <trkpt lon="2.750735" lat="39.793998"><ele>547.0</ele></trkpt>
   <trkpt lon="2.750574" lat="39.793995"><ele>546.0</ele></trkpt>
   <trkpt lon="2.750362" lat="39.794026"><ele>545.75</ele></trkpt>
   <trkpt lon="2.749936" lat="39.794162"><ele>542.75</ele></trkpt>
   <trkpt lon="2.748847" lat="39.794533"><ele>536.5</ele></trkpt>
   <trkpt lon="2.748598" lat="39.794647"><ele>533.25</ele></trkpt>
   <trkpt lon="2.747941" lat="39.795053"><ele>531.5</ele></trkpt>
   <trkpt lon="2.747837" lat="39.795099"><ele>531.25</ele></trkpt>
   <trkpt lon="2.747697" lat="39.795149"><ele>530.0</ele></trkpt>
   <trkpt lon="2.747567" lat="39.795173"><ele>528.0</ele></trkpt>
   <trkpt lon="2.747458" lat="39.795160"><ele>527.0</ele></trkpt>
   <trkpt lon="2.747317" lat="39.795104"><ele>528.5</ele></trkpt>
   <trkpt lon="2.747199" lat="39.795015"><ele>529.5</ele></trkpt>
   <trkpt lon="2.747091" lat="39.794888"><ele>528.5</ele></trkpt>
   <trkpt lon="2.746809" lat="39.794524"><ele>526.25</ele></trkpt>
   <trkpt lon="2.746442" lat="39.794107"><ele>524.0</ele></trkpt>
   <trkpt lon="2.745851" lat="39.793368"><ele>525.0</ele></trkpt>
   <trkpt lon="2.745291" lat="39.792701"><ele>531.75</ele></trkpt>
   <trkpt lon="2.745040" lat="39.792525"><ele>532.5</ele></trkpt>
   <trkpt lon="2.744866" lat="39.792455"><ele>532.5</ele></trkpt>
   <trkpt lon="2.744700" lat="39.792411"><ele>533.0</ele></trkpt>
   <trkpt lon="2.744454" lat="39.792386"><ele>534.25</ele></trkpt>
   <trkpt lon="2.744177" lat="39.792392"><ele>534.25</ele></trkpt>
   <trkpt lon="2.743919" lat="39.792433"><ele>534.0</ele></trkpt>
   <trkpt lon="2.742757" lat="39.792640"><ele>533.0</ele></trkpt>
   <trkpt lon="2.742484" lat="39.792660"><ele>535.0</ele></trkpt>
   <trkpt lon="2.742288" lat="39.792630"><ele>534.5</ele></trkpt>
   <trkpt lon="2.742070" lat="39.792564"><ele>532.5</ele></trkpt>
   <trkpt lon="2.740883" lat="39.792093"><ele>519.0</ele></trkpt>
   <trkpt lon="2.740567" lat="39.791981"><ele>520.5</ele></trkpt>
   <trkpt lon="2.739651" lat="39.791812"><ele>517.25</ele></trkpt>
   <trkpt lon="2.738802" lat="39.791629"><ele>506.75</ele><sym>pass_place</sym><type>Shaping</type></trkpt>
   <trkpt lon="2.738448" lat="39.791567"><ele>502.5</ele></trkpt>
   <trkpt lon="2.738340" lat="39.791564"><ele>501.5</ele></trkpt>
   <trkpt lon="2.738186" lat="39.791599"><ele>501.25</ele></trkpt>
   <trkpt lon="2.737686" lat="39.791754"><ele>507.5</ele></trkpt>
   <trkpt lon="2.737582" lat="39.791773"><ele>508.5</ele></trkpt>
   <trkpt lon="2.737378" lat="39.791800"><ele>506.0</ele></trkpt>
   <trkpt lon="2.734632" lat="39.791906"><ele>482.75</ele></trkpt>
   <trkpt lon="2.733482" lat="39.791951"><ele>480.75</ele></trkpt>
   <trkpt lon="2.733249" lat="39.791975"><ele>480.5</ele></trkpt>
   <trkpt lon="2.733078" lat="39.792046"><ele>480.75</ele></trkpt>
   <trkpt lon="2.732912" lat="39.792177"><ele>480.0</ele></trkpt>
   <trkpt lon="2.732686" lat="39.792374"><ele>479.25</ele></trkpt>
   <trkpt lon="2.732509" lat="39.792540"><ele>478.75</ele></trkpt>
   <trkpt lon="2.732367" lat="39.792583"><ele>477.75</ele></trkpt>
   <trkpt lon="2.732272" lat="39.792584"><ele>476.5</ele></trkpt>
   <trkpt lon="2.732241" lat="39.792585"><ele>476.25</ele></trkpt>
   <trkpt lon="2.732118" lat="39.792556"><ele>477.0</ele></trkpt>
   <trkpt lon="2.732013" lat="39.792496"><ele>477.0</ele></trkpt>
   <trkpt lon="2.731936" lat="39.792411"><ele>476.75</ele></trkpt>
   <trkpt lon="2.731886" lat="39.792317"><ele>477.25</ele></trkpt>
   <trkpt lon="2.731738" lat="39.791967"><ele>477.0</ele></trkpt>
   <trkpt lon="2.731636" lat="39.791754"><ele>474.25</ele></trkpt>
   <trkpt lon="2.731578" lat="39.791643"><ele>473.5</ele></trkpt>
   <trkpt lon="2.731538" lat="39.791391"><ele>474.0</ele></trkpt>
   <trkpt lon="2.731560" lat="39.791294"><ele>474.5</ele></trkpt>
   <trkpt lon="2.731613" lat="39.791183"><ele>473.75</ele></trkpt>
   <trkpt lon="2.731694" lat="39.791060"><ele>473.0</ele></trkpt>
   <trkpt lon="2.731817" lat="39.790937"><ele>473.0</ele></trkpt>
   <trkpt lon="2.732001" lat="39.790808"><ele>470.75</ele></trkpt>
   <trkpt lon="2.732186" lat="39.790702"><ele>469.25</ele></trkpt>
   <trkpt lon="2.732457" lat="39.790531"><ele>468.75</ele></trkpt>
   <trkpt lon="2.732551" lat="39.790464"><ele>467.25</ele></trkpt>
   <trkpt lon="2.732619" lat="39.790404"><ele>466.75</ele></trkpt>
   <trkpt lon="2.732662" lat="39.790343"><ele>467.0</ele></trkpt>
   <trkpt lon="2.732694" lat="39.790271"><ele>467.75</ele></trkpt>
   <trkpt lon="2.732690" lat="39.790188"><ele>466.0</ele></trkpt>
   <trkpt lon="2.732678" lat="39.790119"><ele>464.75</ele></trkpt>
   <trkpt lon="2.732659" lat="39.790092"><ele>464.5</ele></trkpt>
   <trkpt lon="2.732607" lat="39.790036"><ele>463.75</ele></trkpt>
   <trkpt lon="2.732456" lat="39.789934"><ele>461.25</ele></trkpt>
   <trkpt lon="2.731603" lat="39.789565"><ele>458.5</ele></trkpt>
   <trkpt lon="2.731286" lat="39.789401"><ele>456.25</ele></trkpt>
   <trkpt lon="2.730880" lat="39.789157"><ele>452.0</ele></trkpt>
   <trkpt lon="2.730396" lat="39.788879"><ele>448.25</ele></trkpt>
   <trkpt lon="2.730279" lat="39.788826"><ele>447.5</ele></trkpt>
   <trkpt lon="2.730167" lat="39.788796"><ele>447.25</ele></trkpt>
   <trkpt lon="2.730036" lat="39.788780"><ele>447.5</ele></trkpt>
   <trkpt lon="2.728763" lat="39.788897"><ele>439.25</ele></trkpt>
   <trkpt lon="2.728297" lat="39.788950"><ele>436.0</ele></trkpt>
   <trkpt lon="2.728132" lat="39.789015"><ele>434.0</ele></trkpt>
   <trkpt lon="2.728019" lat="39.789115"><ele>433.0</ele></trkpt>
   <trkpt lon="2.727978" lat="39.789230"><ele>432.5</ele></trkpt>
   <trkpt lon="2.727937" lat="39.789709"><ele>428.25</ele></trkpt>
   <trkpt lon="2.727901" lat="39.789885"><ele>427.75</ele></trkpt>
   <trkpt lon="2.727650" lat="39.790598"><ele>419.75</ele></trkpt>
   <trkpt lon="2.727592" lat="39.790700"><ele>419.5</ele></trkpt>
   <trkpt lon="2.727527" lat="39.790754"><ele>419.0</ele></trkpt>
   <trkpt lon="2.727412" lat="39.790786"><ele>418.5</ele></trkpt>
   <trkpt lon="2.727337" lat="39.790798"><ele>418.25</ele></trkpt>
   <trkpt lon="2.727193" lat="39.790806"><ele>417.75</ele></trkpt>
   <trkpt lon="2.727036" lat="39.790786"><ele>416.75</ele></trkpt>
   <trkpt lon="2.726534" lat="39.790699"><ele>413.25</ele></trkpt>
   <trkpt lon="2.726291" lat="39.790682"><ele>411.5</ele></trkpt>
   <trkpt lon="2.725734" lat="39.790764"><ele>410.25</ele></trkpt>
   <trkpt lon="2.725457" lat="39.790787"><ele>408.75</ele></trkpt>
   <trkpt lon="2.725346" lat="39.790774"><ele>407.0</ele></trkpt>
   <trkpt lon="2.725251" lat="39.790732"><ele>405.75</ele></trkpt>
   <trkpt lon="2.725217" lat="39.790710"><ele>405.25</ele></trkpt>
   <trkpt lon="2.725167" lat="39.790661"><ele>404.25</ele></trkpt>
   <trkpt lon="2.725128" lat="39.790602"><ele>403.5</ele></trkpt>
   <trkpt lon="2.725117" lat="39.790515"><ele>401.75</ele></trkpt>
   <trkpt lon="2.725146" lat="39.790439"><ele>400.5</ele><sym>pass_place</sym><type>Shaping</type></trkpt>
   <trkpt lon="2.725190" lat="39.790383"><ele>400.0</ele></trkpt>
   <trkpt lon="2.725278" lat="39.790316"><ele>400.5</ele></trkpt>
   <trkpt lon="2.725376" lat="39.790281"><ele>400.0</ele></trkpt>
   <trkpt lon="2.725784" lat="39.790197"><ele>396.25</ele></trkpt>
   <trkpt lon="2.726165" lat="39.790133"><ele>396.0</ele></trkpt>
   <trkpt lon="2.726401" lat="39.790075"><ele>395.5</ele></trkpt>
   <trkpt lon="2.726501" lat="39.790033"><ele>395.25</ele></trkpt>
   <trkpt lon="2.726588" lat="39.789951"><ele>395.0</ele></trkpt>
   <trkpt lon="2.726638" lat="39.789858"><ele>395.0</ele></trkpt>
   <trkpt lon="2.726651" lat="39.789712"><ele>394.5</ele></trkpt>
   <trkpt lon="2.726644" lat="39.789476"><ele>393.75</ele></trkpt>
   <trkpt lon="2.726609" lat="39.788753"><ele>392.75</ele></trkpt>
   <trkpt lon="2.726582" lat="39.787950"><ele>392.0</ele></trkpt>
   <trkpt lon="2.726556" lat="39.787616"><ele>391.75</ele></trkpt>
   <trkpt lon="2.726526" lat="39.787493"><ele>392.0</ele></trkpt>
   <trkpt lon="2.726472" lat="39.787379"><ele>392.25</ele></trkpt>
   <trkpt lon="2.726254" lat="39.786958"><ele>394.25</ele></trkpt>
   <trkpt lon="2.726093" lat="39.786546"><ele>389.5</ele></trkpt>
   <trkpt lon="2.726093" lat="39.786323"><ele>387.25</ele></trkpt>
   <trkpt lon="2.726211" lat="39.786101"><ele>387.0</ele></trkpt>
   <trkpt lon="2.726512" lat="39.785812"><ele>382.75</ele></trkpt>
   <trkpt lon="2.726834" lat="39.785705"><ele>380.0</ele></trkpt>
   <trkpt lon="2.726937" lat="39.785693"><ele>379.25</ele></trkpt>
   <trkpt lon="2.727048" lat="39.785680"><ele>378.25</ele></trkpt>
   <trkpt lon="2.727284" lat="39.785697"><ele>376.75</ele></trkpt>
   <trkpt lon="2.727542" lat="39.785779"><ele>374.75</ele></trkpt>
   <trkpt lon="2.727898" lat="39.786067"><ele>375.5</ele></trkpt>
   <trkpt lon="2.728132" lat="39.786307"><ele>370.25</ele></trkpt>
   <trkpt lon="2.728539" lat="39.786744"><ele>369.75</ele></trkpt>
   <trkpt lon="2.728775" lat="39.786974"><ele>365.75</ele></trkpt>
   <trkpt lon="2.728947" lat="39.787098"><ele>363.0</ele></trkpt>
   <trkpt lon="2.729130" lat="39.787131"><ele>361.25</ele></trkpt>
   <trkpt lon="2.729269" lat="39.787117"><ele>361.5</ele></trkpt>
   <trkpt lon="2.729705" lat="39.787025"><ele>360.25</ele></trkpt>
   <trkpt lon="2.729894" lat="39.787009"><ele>359.0</ele></trkpt>
   <trkpt lon="2.730084" lat="39.787004"><ele>357.75</ele></trkpt>
   <trkpt lon="2.730213" lat="39.787008"><ele>357.5</ele></trkpt>
   <trkpt lon="2.730858" lat="39.787107"><ele>357.25</ele></trkpt>
   <trkpt lon="2.731133" lat="39.787138"><ele>353.25</ele></trkpt>
   <trkpt lon="2.731372" lat="39.787156"><ele>349.75</ele></trkpt>
   <trkpt lon="2.731475" lat="39.787148"><ele>350.75</ele></trkpt>
   <trkpt lon="2.731559" lat="39.787127"><ele>351.25</ele></trkpt>
   <trkpt lon="2.731640" lat="39.787091"><ele>350.75</ele></trkpt>
   <trkpt lon="2.731861" lat="39.786949"><ele>347.75</ele></trkpt>
   <trkpt lon="2.731979" lat="39.786886"><ele>346.5</ele></trkpt>
   <trkpt lon="2.732053" lat="39.786856"><ele>345.5</ele></trkpt>
   <trkpt lon="2.732149" lat="39.786837"><ele>345.25</ele></trkpt>
   <trkpt lon="2.732668" lat="39.786811"><ele>340.75</ele></trkpt>
   <trkpt lon="2.733820" lat="39.786737"><ele>338.0</ele></trkpt>
   <trkpt lon="2.734277" lat="39.786720"><ele>334.5</ele></trkpt>
   <trkpt lon="2.734513" lat="39.786722"><ele>333.0</ele></trkpt>
   <trkpt lon="2.734814" lat="39.786743"><ele>332.5</ele></trkpt>
   <trkpt lon="2.735173" lat="39.786760"><ele>330.0</ele></trkpt>
   <trkpt lon="2.735988" lat="39.786844"><ele>323.25</ele></trkpt>
   <trkpt lon="2.736986" lat="39.786964"><ele>318.75</ele></trkpt>
   <trkpt lon="2.737127" lat="39.786994"><ele>317.5</ele></trkpt>
   <trkpt lon="2.737206" lat="39.787022"><ele>316.75</ele></trkpt>
   <trkpt lon="2.737280" lat="39.787068"><ele>315.75</ele></trkpt>
   <trkpt lon="2.737355" lat="39.787152"><ele>315.75</ele></trkpt>
   <trkpt lon="2.737519" lat="39.787417"><ele>315.75</ele></trkpt>
   <trkpt lon="2.737731" lat="39.787785"><ele>312.5</ele></trkpt>
   <trkpt lon="2.737796" lat="39.787873"><ele>312.75</ele></trkpt>
   <trkpt lon="2.737844" lat="39.787923"><ele>313.0</ele></trkpt>
   <trkpt lon="2.737928" lat="39.787966"><ele>312.25</ele></trkpt>
   <trkpt lon="2.738013" lat="39.787989"><ele>310.75</ele></trkpt>
   <trkpt lon="2.738103" lat="39.787991"><ele>309.0</ele></trkpt>
   <trkpt lon="2.738178" lat="39.787968"><ele>307.75</ele></trkpt>
   <trkpt lon="2.738239" lat="39.787937"><ele>306.75</ele></trkpt>
   <trkpt lon="2.738293" lat="39.787890"><ele>306.0</ele></trkpt>
   <trkpt lon="2.738327" lat="39.787825"><ele>305.75</ele></trkpt>
   <trkpt lon="2.738339" lat="39.787750"><ele>305.25</ele></trkpt>
   <trkpt lon="2.738321" lat="39.787664"><ele>304.0</ele><sym>pass_place</sym><type>Shaping</type></trkpt>
   <trkpt lon="2.738079" lat="39.787160"><ele>299.25</ele></trkpt>
   <trkpt lon="2.737813" lat="39.786665"><ele>295.25</ele></trkpt>
   <trkpt lon="2.737691" lat="39.786422"><ele>292.0</ele></trkpt>
   <trkpt lon="2.737626" lat="39.786314"><ele>291.5</ele></trkpt>
   <trkpt lon="2.737501" lat="39.786177"><ele>291.75</ele></trkpt>
   <trkpt lon="2.737401" lat="39.786102"><ele>290.25</ele></trkpt>
   <trkpt lon="2.737276" lat="39.786036"><ele>288.75</ele></trkpt>
   <trkpt lon="2.736792" lat="39.785814"><ele>285.5</ele></trkpt>
   <trkpt lon="2.735546" lat="39.785262"><ele>277.25</ele></trkpt>
   <trkpt lon="2.735426" lat="39.785220"><ele>275.75</ele></trkpt>
   <trkpt lon="2.735316" lat="39.785190"><ele>275.0</ele></trkpt>
   <trkpt lon="2.735221" lat="39.785177"><ele>274.25</ele></trkpt>
   <trkpt lon="2.734726" lat="39.785172"><ele>272.75</ele></trkpt>
   <trkpt lon="2.734536" lat="39.785165"><ele>272.25</ele></trkpt>
   <trkpt lon="2.734410" lat="39.785151"><ele>272.0</ele></trkpt>
   <trkpt lon="2.734312" lat="39.785127"><ele>271.75</ele></trkpt>
   <trkpt lon="2.734234" lat="39.785088"><ele>271.0</ele></trkpt>
   <trkpt lon="2.734173" lat="39.785044"><ele>270.0</ele></trkpt>
   <trkpt lon="2.734108" lat="39.784968"><ele>269.75</ele></trkpt>
   <trkpt lon="2.734039" lat="39.784802"><ele>269.0</ele></trkpt>
   <trkpt lon="2.733929" lat="39.784587"><ele>268.0</ele></trkpt>
   <trkpt lon="2.733849" lat="39.784476"><ele>266.25</ele></trkpt>
   <trkpt lon="2.733776" lat="39.784392"><ele>265.0</ele></trkpt>
   <trkpt lon="2.733722" lat="39.784350"><ele>264.75</ele></trkpt>
   <trkpt lon="2.733648" lat="39.784302"><ele>264.75</ele></trkpt>
   <trkpt lon="2.733530" lat="39.784242"><ele>264.25</ele></trkpt>
   <trkpt lon="2.733401" lat="39.784188"><ele>263.25</ele></trkpt>
   <trkpt lon="2.732937" lat="39.784061"><ele>260.25</ele></trkpt>
   <trkpt lon="2.732775" lat="39.784015"><ele>259.75</ele></trkpt>
   <trkpt lon="2.732688" lat="39.783990"><ele>259.0</ele><sym>left</sym></trkpt>
   <trkpt lon="2.732680" lat="39.783959"><ele>258.25</ele></trkpt>
   <trkpt lon="2.732677" lat="39.783936"><ele>258.0</ele></trkpt>
   <trkpt lon="2.732684" lat="39.783906"><ele>257.5</ele></trkpt>
   <trkpt lon="2.732734" lat="39.783826"><ele>256.75</ele></trkpt>
   <trkpt lon="2.732831" lat="39.783729"><ele>255.75</ele></trkpt>
   <trkpt lon="2.732874" lat="39.783682"><ele>255.25</ele></trkpt>
   <trkpt lon="2.732959" lat="39.783628"><ele>255.25</ele></trkpt>
   <trkpt lon="2.733030" lat="39.783609"><ele>255.75</ele></trkpt>
   <trkpt lon="2.733114" lat="39.783600"><ele>255.5</ele></trkpt>
   <trkpt lon="2.733199" lat="39.783604"><ele>255.25</ele></trkpt>
   <trkpt lon="2.733298" lat="39.783628"><ele>255.25</ele></trkpt>
   <trkpt lon="2.733498" lat="39.783731"><ele>255.0</ele></trkpt>
   <trkpt lon="2.733539" lat="39.783754"><ele>255.0</ele></trkpt>
   <trkpt lon="2.734441" lat="39.784271"><ele>247.75</ele></trkpt>
   <trkpt lon="2.734557" lat="39.784333"><ele>247.5</ele></trkpt>
   <trkpt lon="2.734642" lat="39.784360"><ele>247.25</ele></trkpt>
   <trkpt lon="2.734766" lat="39.784381"><ele>247.25</ele></trkpt>
   <trkpt lon="2.734852" lat="39.784374"><ele>247.25</ele></trkpt>
   <trkpt lon="2.735025" lat="39.784339"><ele>246.5</ele></trkpt>
   <trkpt lon="2.735196" lat="39.784300"><ele>246.75</ele></trkpt>
   <trkpt lon="2.735262" lat="39.784296"><ele>247.0</ele></trkpt>
   <trkpt lon="2.735326" lat="39.784302"><ele>246.5</ele></trkpt>
   <trkpt lon="2.735423" lat="39.784316"><ele>245.5</ele></trkpt>
   <trkpt lon="2.735534" lat="39.784341"><ele>244.5</ele></trkpt>
   <trkpt lon="2.736233" lat="39.784526"><ele>240.5</ele></trkpt>
   <trkpt lon="2.736416" lat="39.784534"><ele>239.5</ele></trkpt>
   <trkpt lon="2.737782" lat="39.784493"><ele>234.75</ele></trkpt>
   <trkpt lon="2.738210" lat="39.784486"><ele>233.0</ele></trkpt>
   <trkpt lon="2.738301" lat="39.784490"><ele>232.5</ele></trkpt>
   <trkpt lon="2.738417" lat="39.784510"><ele>232.0</ele></trkpt>
   <trkpt lon="2.738483" lat="39.784542"><ele>231.75</ele></trkpt>
   <trkpt lon="2.738532" lat="39.784575"><ele>231.25</ele></trkpt>
   <trkpt lon="2.738613" lat="39.784672"><ele>230.5</ele></trkpt>
   <trkpt lon="2.738955" lat="39.785142"><ele>228.5</ele></trkpt>
   <trkpt lon="2.739041" lat="39.785236"><ele>228.0</ele></trkpt>
   <trkpt lon="2.739124" lat="39.785294"><ele>226.75</ele></trkpt>
   <trkpt lon="2.739730" lat="39.785605"><ele>222.5</ele></trkpt>
   <trkpt lon="2.739914" lat="39.785700"><ele>221.5</ele></trkpt>
   <trkpt lon="2.740184" lat="39.785837"><ele>219.25</ele></trkpt>
   <trkpt lon="2.740391" lat="39.785934"><ele>218.75</ele></trkpt>
   <trkpt lon="2.740462" lat="39.785953"><ele>219.25</ele></trkpt>
   <trkpt lon="2.740561" lat="39.785955"><ele>219.25</ele></trkpt>
   <trkpt lon="2.740626" lat="39.785939"><ele>219.25</ele></trkpt>
   <trkpt lon="2.740695" lat="39.785903"><ele>218.25</ele></trkpt>
   <trkpt lon="2.740746" lat="39.785867"><ele>216.75</ele></trkpt>
   <trkpt lon="2.741822" lat="39.784764"><ele>198.75</ele></trkpt>
   <trkpt lon="2.741983" lat="39.784627"><ele>196.75</ele></trkpt>
   <trkpt lon="2.742086" lat="39.784574"><ele>195.25</ele></trkpt>
   <trkpt lon="2.742177" lat="39.784547"><ele>195.0</ele></trkpt>
   <trkpt lon="2.742378" lat="39.784518"><ele>194.5</ele></trkpt>
   <trkpt lon="2.742690" lat="39.784497"><ele>193.0</ele></trkpt>
   <trkpt lon="2.742845" lat="39.784511"><ele>191.25</ele></trkpt>
   <trkpt lon="2.743215" lat="39.784623"><ele>186.75</ele></trkpt>
   <trkpt lon="2.743360" lat="39.784716"><ele>187.5</ele><sym>pass_place</sym><type>Shaping</type></trkpt>
   <trkpt lon="2.743423" lat="39.784785"><ele>185.75</ele></trkpt>
   <trkpt lon="2.743562" lat="39.785036"><ele>184.5</ele></trkpt>
   <trkpt lon="2.743600" lat="39.785073"><ele>184.5</ele></trkpt>
   <trkpt lon="2.743654" lat="39.785104"><ele>184.0</ele></trkpt>
   <trkpt lon="2.743775" lat="39.785141"><ele>183.0</ele></trkpt>
   <trkpt lon="2.744169" lat="39.785207"><ele>181.75</ele></trkpt>
   <trkpt lon="2.744839" lat="39.785306"><ele>180.25</ele></trkpt>
   <trkpt lon="2.744930" lat="39.785310"><ele>180.0</ele></trkpt>
   <trkpt lon="2.744989" lat="39.785312"><ele>179.75</ele></trkpt>
   <trkpt lon="2.745114" lat="39.785293"><ele>179.5</ele></trkpt>
   <trkpt lon="2.745194" lat="39.785235"><ele>179.0</ele></trkpt>
   <trkpt lon="2.745252" lat="39.785173"><ele>178.25</ele></trkpt>
   <trkpt lon="2.745271" lat="39.785104"><ele>177.25</ele></trkpt>
   <trkpt lon="2.745266" lat="39.784999"><ele>175.75</ele></trkpt>
   <trkpt lon="2.745237" lat="39.784952"><ele>174.25</ele></trkpt>
   <trkpt lon="2.745194" lat="39.784917"><ele>173.25</ele></trkpt>
   <trkpt lon="2.745047" lat="39.784858"><ele>172.0</ele></trkpt>
   <trkpt lon="2.744711" lat="39.784768"><ele>169.5</ele></trkpt>
   <trkpt lon="2.744373" lat="39.784669"><ele>167.5</ele></trkpt>
   <trkpt lon="2.744121" lat="39.784610"><ele>166.25</ele></trkpt>
   <trkpt lon="2.744043" lat="39.784589"><ele>166.0</ele></trkpt>
   <trkpt lon="2.743906" lat="39.784551"><ele>165.5</ele></trkpt>
   <trkpt lon="2.743764" lat="39.784502"><ele>165.75</ele></trkpt>
   <trkpt lon="2.743628" lat="39.784429"><ele>164.25</ele></trkpt>
   <trkpt lon="2.743278" lat="39.784193"><ele>161.0</ele></trkpt>
   <trkpt lon="2.743033" lat="39.784044"><ele>157.75</ele></trkpt>
   <trkpt lon="2.742789" lat="39.783895"><ele>158.0</ele></trkpt>
   <trkpt lon="2.741998" lat="39.783419"><ele>151.5</ele></trkpt>
   <trkpt lon="2.741953" lat="39.783380"><ele>151.5</ele></trkpt>
   <trkpt lon="2.741830" lat="39.783266"><ele>150.5</ele></trkpt>
   <trkpt lon="2.741796" lat="39.783203"><ele>150.0</ele></trkpt>
   <trkpt lon="2.741710" lat="39.783011"><ele>148.25</ele></trkpt>
   <trkpt lon="2.741695" lat="39.782972"><ele>148.0</ele></trkpt>
   <trkpt lon="2.741622" lat="39.782730"><ele>147.0</ele></trkpt>
   <trkpt lon="2.741597" lat="39.782649"><ele>146.0</ele></trkpt>
   <trkpt lon="2.741529" lat="39.782552"><ele>145.5</ele></trkpt>
   <trkpt lon="2.741489" lat="39.782517"><ele>145.5</ele></trkpt>
   <trkpt lon="2.741438" lat="39.782487"><ele>145.75</ele></trkpt>
   <trkpt lon="2.741311" lat="39.782435"><ele>146.0</ele></trkpt>
   <trkpt lon="2.741227" lat="39.782416"><ele>146.0</ele></trkpt>
   <trkpt lon="2.741070" lat="39.782382"><ele>146.5</ele></trkpt>
   <trkpt lon="2.741007" lat="39.782359"><ele>146.5</ele></trkpt>
   <trkpt lon="2.740976" lat="39.782341"><ele>146.75</ele></trkpt>
   <trkpt lon="2.740955" lat="39.782314"><ele>146.5</ele></trkpt>
   <trkpt lon="2.740948" lat="39.782266"><ele>146.0</ele></trkpt>
   <trkpt lon="2.740932" lat="39.781938"><ele>143.0</ele></trkpt>
   <trkpt lon="2.740927" lat="39.781886"><ele>142.25</ele></trkpt>
   <trkpt lon="2.740882" lat="39.781777"><ele>141.75</ele></trkpt>
   <trkpt lon="2.740831" lat="39.781687"><ele>142.0</ele></trkpt>
   <trkpt lon="2.740748" lat="39.781587"><ele>140.0</ele></trkpt>
   <trkpt lon="2.740673" lat="39.781511"><ele>138.75</ele></trkpt>
   <trkpt lon="2.740577" lat="39.781420"><ele>137.25</ele></trkpt>
   <trkpt lon="2.740506" lat="39.781396"><ele>137.0</ele></trkpt>
   <trkpt lon="2.740446" lat="39.781392"><ele>137.0</ele></trkpt>
   <trkpt lon="2.740237" lat="39.781420"><ele>137.25</ele></trkpt>
   <trkpt lon="2.740186" lat="39.781417"><ele>137.5</ele></trkpt>
   <trkpt lon="2.740142" lat="39.781406"><ele>137.25</ele></trkpt>
   <trkpt lon="2.739821" lat="39.781312"><ele>136.5</ele></trkpt>
   <trkpt lon="2.739706" lat="39.781275"><ele>136.25</ele></trkpt>
   <trkpt lon="2.739617" lat="39.781232"><ele>135.0</ele></trkpt>
   <trkpt lon="2.739491" lat="39.781159"><ele>133.0</ele></trkpt>
   <trkpt lon="2.739441" lat="39.781123"><ele>132.25</ele></trkpt>
   <trkpt lon="2.739422" lat="39.781090"><ele>131.75</ele></trkpt>
   <trkpt lon="2.739392" lat="39.780973"><ele>130.0</ele></trkpt>
   <trkpt lon="2.739351" lat="39.780912"><ele>129.25</ele></trkpt>
   <trkpt lon="2.739317" lat="39.780881"><ele>128.75</ele></trkpt>
   <trkpt lon="2.739279" lat="39.780864"><ele>128.75</ele></trkpt>
   <trkpt lon="2.739219" lat="39.780850"><ele>129.0</ele></trkpt>
   <trkpt lon="2.739030" lat="39.780817"><ele>128.5</ele></trkpt>
   <trkpt lon="2.738872" lat="39.780787"><ele>128.0</ele></trkpt>
   <trkpt lon="2.738825" lat="39.780771"><ele>128.0</ele></trkpt>
   <trkpt lon="2.738797" lat="39.780753"><ele>128.0</ele></trkpt>
   <trkpt lon="2.738753" lat="39.780706"><ele>127.5</ele></trkpt>
   <trkpt lon="2.738731" lat="39.780657"><ele>127.0</ele></trkpt>
   <trkpt lon="2.738672" lat="39.780561"><ele>126.0</ele></trkpt>
   <trkpt lon="2.738362" lat="39.780263"><ele>122.5</ele></trkpt>
   <trkpt lon="2.738337" lat="39.780237"><ele>122.5</ele></trkpt>
   <trkpt lon="2.738309" lat="39.780186"><ele>122.5</ele></trkpt>
   <trkpt lon="2.738309" lat="39.780155"><ele>122.25</ele></trkpt>
   <trkpt lon="2.738329" lat="39.780123"><ele>121.25</ele></trkpt>
   <trkpt lon="2.738358" lat="39.780103"><ele>120.75</ele></trkpt>
   <trkpt lon="2.738403" lat="39.780085"><ele>119.75</ele></trkpt>
   <trkpt lon="2.738465" lat="39.780080"><ele>118.75</ele></trkpt>
   <trkpt lon="2.738574" lat="39.780093"><ele>117.5</ele></trkpt>
   <trkpt lon="2.738913" lat="39.780219"><ele>117.75</ele></trkpt>
   <trkpt lon="2.738980" lat="39.780230"><ele>117.5</ele></trkpt>
   <trkpt lon="2.739053" lat="39.780232"><ele>117.0</ele></trkpt>
   <trkpt lon="2.739224" lat="39.780223"><ele>115.75</ele></trkpt>
   <trkpt lon="2.739281" lat="39.780228"><ele>115.25</ele></trkpt>
   <trkpt lon="2.739353" lat="39.780244"><ele>115.0</ele></trkpt>
   <trkpt lon="2.739433" lat="39.780278"><ele>115.0</ele></trkpt>
   <trkpt lon="2.739525" lat="39.780307"><ele>115.0</ele></trkpt>
   <trkpt lon="2.739623" lat="39.780323"><ele>114.75</ele></trkpt>
   <trkpt lon="2.739689" lat="39.780323"><ele>114.25</ele></trkpt>
   <trkpt lon="2.739743" lat="39.780314"><ele>113.75</ele></trkpt>
   <trkpt lon="2.739798" lat="39.780288"><ele>113.5</ele></trkpt>
   <trkpt lon="2.739860" lat="39.780237"><ele>113.0</ele></trkpt>
   <trkpt lon="2.739915" lat="39.780145"><ele>112.25</ele></trkpt>
   <trkpt lon="2.739922" lat="39.780081"><ele>111.75</ele></trkpt>
   <trkpt lon="2.739918" lat="39.780044"><ele>111.25</ele></trkpt>
   <trkpt lon="2.739886" lat="39.779990"><ele>110.75</ele></trkpt>
   <trkpt lon="2.739847" lat="39.779950"><ele>110.25</ele></trkpt>
   <trkpt lon="2.739711" lat="39.779870"><ele>108.5</ele></trkpt>
   <trkpt lon="2.739538" lat="39.779793"><ele>107.75</ele></trkpt>
   <trkpt lon="2.739404" lat="39.779730"><ele>107.25</ele></trkpt>
   <trkpt lon="2.739305" lat="39.779674"><ele>106.75</ele></trkpt>
   <trkpt lon="2.739220" lat="39.779610"><ele>106.5</ele></trkpt>
   <trkpt lon="2.739176" lat="39.779557"><ele>106.0</ele></trkpt>
   <trkpt lon="2.739147" lat="39.779500"><ele>105.5</ele></trkpt>
   <trkpt lon="2.739128" lat="39.779443"><ele>105.0</ele></trkpt>
   <trkpt lon="2.739117" lat="39.779366"><ele>104.5</ele></trkpt>
   <trkpt lon="2.739142" lat="39.779253"><ele>103.5</ele></trkpt>
   <trkpt lon="2.739233" lat="39.779037"><ele>102.5</ele></trkpt>
   <trkpt lon="2.739241" lat="39.778977"><ele>102.25</ele></trkpt>
   <trkpt lon="2.739238" lat="39.778923"><ele>101.75</ele></trkpt>
   <trkpt lon="2.739224" lat="39.778875"><ele>101.5</ele></trkpt>
   <trkpt lon="2.739205" lat="39.778843"><ele>101.0</ele></trkpt>
   <trkpt lon="2.738990" lat="39.778647"><ele>99.0</ele></trkpt>
   <trkpt lon="2.738956" lat="39.778605"><ele>98.5</ele></trkpt>
   <trkpt lon="2.738915" lat="39.778500"><ele>98.25</ele></trkpt>
   <trkpt lon="2.738898" lat="39.778400"><ele>97.5</ele></trkpt>
   <trkpt lon="2.738867" lat="39.778296"><ele>97.0</ele></trkpt>
   <trkpt lon="2.738832" lat="39.778231"><ele>96.75</ele></trkpt>
   <trkpt lon="2.738795" lat="39.778187"><ele>96.75</ele></trkpt>
   <trkpt lon="2.738648" lat="39.778085"><ele>95.5</ele></trkpt>
   <trkpt lon="2.738575" lat="39.778021"><ele>95.5</ele></trkpt>
   <trkpt lon="2.738512" lat="39.777914"><ele>96.25</ele></trkpt>
   <trkpt lon="2.738390" lat="39.777701"><ele>95.5</ele></trkpt>
   <trkpt lon="2.738348" lat="39.777518"><ele>96.0</ele></trkpt>
   <trkpt lon="2.738306" lat="39.777413"><ele>95.75</ele></trkpt>
   <trkpt lon="2.738125" lat="39.777176"><ele>93.5</ele></trkpt>
   <trkpt lon="2.737992" lat="39.777104"><ele>92.25</ele></trkpt>
   <trkpt lon="2.737920" lat="39.777049"><ele>91.75</ele></trkpt>
   <trkpt lon="2.737708" lat="39.776857"><ele>88.75</ele></trkpt>
   <trkpt lon="2.737596" lat="39.776765"><ele>87.25</ele></trkpt>
   <trkpt lon="2.737528" lat="39.776694"><ele>87.0</ele></trkpt>
   <trkpt lon="2.737400" lat="39.776519"><ele>87.25</ele></trkpt>
   <trkpt lon="2.737347" lat="39.776460"><ele>87.0</ele></trkpt>
   <trkpt lon="2.737218" lat="39.776354"><ele>85.25</ele></trkpt>
   <trkpt lon="2.737131" lat="39.776303"><ele>84.5</ele></trkpt>
   <trkpt lon="2.736819" lat="39.776154"><ele>84.25</ele></trkpt>
   <trkpt lon="2.736452" lat="39.776005"><ele>80.75</ele><sym>pass_place</sym><type>Shaping</type></trkpt>
   <trkpt lon="2.736370" lat="39.775959"><ele>80.5</ele></trkpt>
   <trkpt lon="2.736188" lat="39.775811"><ele>80.0</ele></trkpt>
   <trkpt lon="2.736092" lat="39.775756"><ele>79.25</ele></trkpt>
   <trkpt lon="2.735904" lat="39.775730"><ele>77.75</ele></trkpt>
   <trkpt lon="2.735869" lat="39.775720"><ele>77.5</ele></trkpt>
   <trkpt lon="2.735435" lat="39.775569"><ele>75.5</ele></trkpt>
   <trkpt lon="2.735211" lat="39.775503"><ele>75.25</ele></trkpt>
   <trkpt lon="2.735066" lat="39.775453"><ele>75.5</ele></trkpt>
   <trkpt lon="2.735012" lat="39.775426"><ele>75.5</ele></trkpt>
   <trkpt lon="2.734978" lat="39.775390"><ele>75.25</ele></trkpt>
   <trkpt lon="2.734954" lat="39.775323"><ele>74.5</ele></trkpt>
   <trkpt lon="2.734929" lat="39.775280"><ele>74.0</ele></trkpt>
   <trkpt lon="2.734784" lat="39.775095"><ele>73.5</ele></trkpt>
   <trkpt lon="2.734715" lat="39.775047"><ele>73.5</ele></trkpt>
   <trkpt lon="2.734576" lat="39.774966"><ele>72.75</ele></trkpt>
   <trkpt lon="2.733979" lat="39.774638"><ele>69.25</ele></trkpt>
   <trkpt lon="2.733867" lat="39.774594"><ele>68.75</ele></trkpt>
   <trkpt lon="2.733495" lat="39.774468"><ele>68.5</ele></trkpt>
   <trkpt lon="2.733014" lat="39.774317"><ele>66.25</ele></trkpt>
   <trkpt lon="2.732877" lat="39.774258"><ele>66.75</ele></trkpt>
   <trkpt lon="2.732616" lat="39.774179"><ele>65.25</ele></trkpt>
   <trkpt lon="2.732482" lat="39.774148"><ele>64.0</ele></trkpt>
   <trkpt lon="2.732215" lat="39.774095"><ele>63.25</ele></trkpt>
   <trkpt lon="2.731828" lat="39.774045"><ele>62.75</ele></trkpt>
   <trkpt lon="2.731779" lat="39.774031"><ele>62.75</ele></trkpt>
   <trkpt lon="2.731256" lat="39.773834"><ele>60.75</ele></trkpt>
   <trkpt lon="2.730905" lat="39.773735"><ele>60.0</ele></trkpt>
   <trkpt lon="2.730775" lat="39.773711"><ele>59.75</ele></trkpt>
   <trkpt lon="2.730596" lat="39.773722"><ele>59.0</ele></trkpt>
   <trkpt lon="2.730112" lat="39.773692"><ele>58.0</ele></trkpt>
   <trkpt lon="2.729431" lat="39.773563"><ele>57.5</ele></trkpt>
   <trkpt lon="2.729383" lat="39.773531"><ele>57.25</ele></trkpt>
   <trkpt lon="2.729362" lat="39.773473"><ele>56.75</ele></trkpt>
   <trkpt lon="2.729324" lat="39.773213"><ele>55.75</ele></trkpt>
   <trkpt lon="2.729146" lat="39.772958"><ele>54.75</ele></trkpt>
   <trkpt lon="2.728903" lat="39.772662"><ele>53.25</ele></trkpt>
   <trkpt lon="2.728862" lat="39.772635"><ele>53.25</ele></trkpt>
   <trkpt lon="2.728806" lat="39.772622"><ele>53.25</ele></trkpt>
   <trkpt lon="2.728336" lat="39.772580"><ele>52.0</ele></trkpt>
   <trkpt lon="2.727999" lat="39.772548"><ele>51.25</ele></trkpt>
   <trkpt lon="2.727839" lat="39.772515"><ele>51.0</ele></trkpt>
   <trkpt lon="2.727714" lat="39.772478"><ele>50.5</ele></trkpt>
   <trkpt lon="2.727601" lat="39.772422"><ele>50.0</ele></trkpt>
   <trkpt lon="2.727470" lat="39.772327"><ele>50.0</ele></trkpt>
   <trkpt lon="2.727238" lat="39.772149"><ele>49.0</ele></trkpt>
   <trkpt lon="2.726946" lat="39.771910"><ele>48.75</ele></trkpt>
   <trkpt lon="2.726681" lat="39.771736"><ele>48.0</ele></trkpt>
   <trkpt lon="2.726443" lat="39.771545"><ele>47.0</ele></trkpt>
   <trkpt lon="2.726058" lat="39.771133"><ele>45.75</ele></trkpt>
   <trkpt lon="2.725667" lat="39.770717"><ele>45.0</ele></trkpt>
   <trkpt lon="2.725142" lat="39.770353"><ele>43.75</ele></trkpt>
   <trkpt lon="2.725095" lat="39.770309"><ele>43.75</ele></trkpt>
   <trkpt lon="2.725067" lat="39.770264"><ele>44.0</ele></trkpt>
   <trkpt lon="2.724996" lat="39.770048"><ele>43.75</ele></trkpt>
   <trkpt lon="2.724893" lat="39.769812"><ele>43.25</ele></trkpt>
   <trkpt lon="2.724824" lat="39.769736"><ele>43.25</ele></trkpt>
   <trkpt lon="2.724720" lat="39.769661"><ele>42.75</ele></trkpt>
   <trkpt lon="2.724667" lat="39.769644"><ele>42.5</ele></trkpt>
   <trkpt lon="2.724355" lat="39.769595"><ele>41.5</ele><sym>left_slight</sym></trkpt>
   <trkpt lon="2.724257" lat="39.768825"><ele>39.75</ele></trkpt>
   <trkpt lon="2.724066" lat="39.768618"><ele>38.25</ele></trkpt>
   <trkpt lon="2.724077" lat="39.768530"><ele>39.5</ele></trkpt>
   <trkpt lon="2.724079" lat="39.768507"><ele>40.0</ele><sym>stay_left</sym></trkpt>
   <trkpt lon="2.724085" lat="39.768459"><ele>40.75</ele></trkpt>
   <trkpt lon="2.724097" lat="39.768267"><ele>43.25</ele><sym>right</sym></trkpt>
   <trkpt lon="2.724023" lat="39.768232"><ele>43.5</ele></trkpt>
   <trkpt lon="2.723190" lat="39.767837"><ele>43.25</ele></trkpt>
   <trkpt lon="2.722771" lat="39.767688"><ele>42.5</ele></trkpt>
   <trkpt lon="2.722365" lat="39.767596"><ele>41.0</ele></trkpt>
   <trkpt lon="2.722133" lat="39.767564"><ele>40.5</ele></trkpt>
   <trkpt lon="2.721862" lat="39.767536"><ele>39.5</ele></trkpt>
   <trkpt lon="2.721655" lat="39.767487"><ele>39.0</ele></trkpt>
   <trkpt lon="2.721438" lat="39.767418"><ele>39.0</ele></trkpt>
   <trkpt lon="2.721205" lat="39.767301"><ele>38.75</ele></trkpt>
   <trkpt lon="2.721017" lat="39.767164"><ele>38.5</ele></trkpt>
   <trkpt lon="2.720939" lat="39.767097"><ele>38.5</ele></trkpt>
   <trkpt lon="2.720840" lat="39.767041"><ele>38.5</ele><sym>stay_left</sym></trkpt>
   <trkpt lon="2.720840" lat="39.767040"><ele>39.25</ele><sym>pass_place</sym><type>Shaping</type></trkpt>
   <trkpt lon="2.720840" lat="39.767041"><ele>38.5</ele></trkpt>
   <trkpt lon="2.719975" lat="39.766787"><ele>39.5</ele></trkpt>
   <trkpt lon="2.719767" lat="39.766724"><ele>40.25</ele></trkpt>
   <trkpt lon="2.719463" lat="39.766636"><ele>40.0</ele></trkpt>
   <trkpt lon="2.718916" lat="39.766476"><ele>41.25</ele></trkpt>
   <trkpt lon="2.718506" lat="39.766356"><ele>41.5</ele></trkpt>
   <trkpt lon="2.718489" lat="39.766351"><ele>41.5</ele></trkpt>
   <trkpt lon="2.718258" lat="39.766283"><ele>42.0</ele></trkpt>
   <trkpt lon="2.717933" lat="39.766188"><ele>41.5</ele></trkpt>
   <trkpt lon="2.717606" lat="39.766100"><ele>42.0</ele></trkpt>
   <trkpt lon="2.716796" lat="39.765814"><ele>41.0</ele></trkpt>
   <trkpt lon="2.716723" lat="39.765789"><ele>41.0</ele></trkpt>
   <trkpt lon="2.716486" lat="39.765712"><ele>41.75</ele></trkpt>
   <trkpt lon="2.716212" lat="39.765686"><ele>41.25</ele></trkpt>
   <trkpt lon="2.715881" lat="39.765631"><ele>40.5</ele></trkpt>
   <trkpt lon="2.715798" lat="39.765616"><ele>40.25</ele></trkpt>
   <trkpt lon="2.715510" lat="39.765565"><ele>38.75</ele><sym>right_slight</sym></trkpt>
   <trkpt lon="2.715337" lat="39.765606"><ele>37.75</ele></trkpt>
   <trkpt lon="2.715197" lat="39.765615"><ele>37.25</ele></trkpt>
   <trkpt lon="2.715157" lat="39.765618"><ele>37.0</ele></trkpt>
   <trkpt lon="2.714896" lat="39.765574"><ele>36.75</ele></trkpt>
   <trkpt lon="2.714808" lat="39.765560"><ele>36.75</ele><sym>right</sym></trkpt>
   <trkpt lon="2.714793" lat="39.765609"><ele>36.75</ele></trkpt>
   <trkpt lon="2.714778" lat="39.765847"><ele>35.75</ele></trkpt>
   <trkpt lon="2.714825" lat="39.766186"><ele>34.0</ele><sym>right_slight</sym></trkpt>
   <trkpt lon="2.715059" lat="39.766199"><ele>34.75</ele><sym>pass_place</sym><type>Via</type></trkpt>
  </trkseg>
 </trk>
</gpx>
