<?xml version="1.0" encoding="UTF-8"?>
<!-- track-length = 73067 filtered ascend = 2103 plain-ascend = 1 cost=172533 energy=.6kwh time=6h 43m 31s -->
<gpx 
 xmlns="http://www.topografix.com/GPX/1/1" 
 xmlns:xsi="http://www.w3.org/2001/XMLSchema-instance" 
 xsi:schemaLocation="http://www.topografix.com/GPX/1/1 http://www.topografix.com/GPX/1/1/gpx.xsd" 
 creator="BRouter-1.7.9" version="1.1"><wpt lat="39.76472" lon="2.71612"><name>Drinking water</name><sym>Drinking Water</sym></wpt><wpt lat="39.765" lon="2.71729"><name>Drinking water</name><sym>Drinking Water</sym></wpt><wpt lat="39.76564" lon="2.71905"><name>Drinking water</name><sym>Drinking Water</sym></wpt><wpt lat="39.81632" lon="2.82431"><name>Els Arcs</name><sym>Restaurant</sym></wpt><wpt lat="39.76655" lon="2.71486"><name>Bini</name><sym>Restaurant</sym></wpt><wpt lat="39.76657" lon="2.71538"><name>Sóller</name><sym>Restaurant</sym></wpt><wpt lat="39.76774" lon="2.71832"><name>Mayol</name><sym>Bike Trail</sym></wpt><wpt lat="39.76768" lon="2.7176"><name>Tramuntana Tours</name><sym>Bike Trail</sym></wpt><wpt lat="39.76789" lon="2.7184"><name>Tres Llunes</name><sym>Restaurant</sym></wpt><wpt lat="39.76645" lon="2.71483"><name>Drinking water</name><sym>Drinking Water</sym></wpt><wpt lat="39.7676" lon="2.71586"><name>Drinking water</name><sym>Drinking Water</sym></wpt><wpt lat="39.76847" lon="2.72461"><name>Drinking water</name><sym>Drinking Water</sym></wpt><wpt lat="39.78228" lon="2.74089"><name>Depor</name><sym>Restaurant</sym></wpt><wpt lat="39.78242" lon="2.74096"><name>Drinking water</name><sym>Drinking Water</sym></wpt><wpt lat="39.78402" lon="2.74282"><name>Drinking water</name><sym>Drinking Water</sym></wpt><wpt lat="39.78227" lon="2.74083"><name>Ca&#x27;n Benet</name><sym>Restaurant</sym></wpt><wpt lat="39.76519" lon="2.71518"><name>el Tren</name><sym>Restaurant</sym></wpt><wpt lat="39.76628" lon="2.71817"><name>Drinking water</name><sym>Drinking Water</sym></wpt><wpt lat="39.76789" lon="2.71964"><name>Drinking water</name><sym>Drinking Water</sym></wpt><wpt lat="39.76574" lon="2.71473"><name>es Pont</name><sym>Restaurant</sym></wpt><wpt lat="39.78282" lon="2.74066"><name>Font de sa Creveta</name><sym>Drinking Water</sym></wpt><wpt lat="39.78171" lon="2.74007"><name>Sa Font des carrer des Sol</name><sym>Drinking Water</sym></wpt><wpt lat="39.78193" lon="2.74081"><name>Corel la Café</name><sym>Restaurant</sym></wpt><wpt lat="39.84742" lon="2.79815"><name>Bike shop</name><sym>Bike Trail</sym></wpt>
 <trk>
  <src>brouter_fastbike-lowtraffic_0</src>
  <type>bike</type>
  <trkseg>
   <trkpt lon="2.715059" lat="39.766199"><ele>34.25</ele><sym>pass_place</sym><type>Via</type></trkpt>
   <trkpt lon="2.715216" lat="39.766209"><ele>34.75</ele><sym>stay_right</sym></trkpt>
   <trkpt lon="2.715271" lat="39.766215"><ele>34.75</ele></trkpt>
   <trkpt lon="2.715565" lat="39.766247"><ele>36.0</ele></trkpt>
   <trkpt lon="2.715694" lat="39.766268"><ele>37.0</ele></trkpt>
   <trkpt lon="2.715795" lat="39.766281"><ele>38.0</ele></trkpt>
   <trkpt lon="2.716259" lat="39.766378"><ele>38.0</ele></trkpt>
   <trkpt lon="2.716297" lat="39.766339"><ele>38.25</ele><sym>left</sym></trkpt>
   <trkpt lon="2.717188" lat="39.766677"><ele>37.75</ele></trkpt>
   <trkpt lon="2.717385" lat="39.766734"><ele>38.25</ele></trkpt>
   <trkpt lon="2.718051" lat="39.766938"><ele>38.0</ele></trkpt>
   <trkpt lon="2.718768" lat="39.767157"><ele>38.0</ele></trkpt>
   <trkpt lon="2.719301" lat="39.767311"><ele>37.25</ele></trkpt>
   <trkpt lon="2.719823" lat="39.767469"><ele>37.0</ele><sym>left</sym></trkpt>
   <trkpt lon="2.719741" lat="39.767866"><ele>34.25</ele><sym>right</sym></trkpt>
   <trkpt lon="2.721064" lat="39.768267"><ele>35.0</ele><sym>right_slight</sym></trkpt>
   <trkpt lon="2.721257" lat="39.768237"><ele>36.0</ele></trkpt>
   <trkpt lon="2.721391" lat="39.768293"><ele>37.0</ele></trkpt>
   <trkpt lon="2.721855" lat="39.768512"><ele>37.75</ele></trkpt>
   <trkpt lon="2.721973" lat="39.768534"><ele>37.75</ele><sym>right_slight</sym></trkpt>
   <trkpt lon="2.722255" lat="39.768458"><ele>38.0</ele></trkpt>
   <trkpt lon="2.723000" lat="39.768526"><ele>37.5</ele></trkpt>
   <trkpt lon="2.723788" lat="39.768462"><ele>40.0</ele></trkpt>
   <trkpt lon="2.723992" lat="39.768485"><ele>40.0</ele></trkpt>
   <trkpt lon="2.724079" lat="39.768507"><ele>40.0</ele><sym>left</sym></trkpt>
   <trkpt lon="2.724077" lat="39.768530"><ele>39.5</ele></trkpt>
   <trkpt lon="2.724066" lat="39.768618"><ele>38.25</ele></trkpt>
   <trkpt lon="2.724257" lat="39.768825"><ele>39.75</ele></trkpt>
   <trkpt lon="2.724355" lat="39.769595"><ele>41.5</ele><sym>right</sym></trkpt>
   <trkpt lon="2.724667" lat="39.769644"><ele>42.5</ele></trkpt>
   <trkpt lon="2.724720" lat="39.769661"><ele>42.75</ele></trkpt>
   <trkpt lon="2.724824" lat="39.769736"><ele>43.25</ele></trkpt>
   <trkpt lon="2.724893" lat="39.769812"><ele>43.25</ele></trkpt>
   <trkpt lon="2.724996" lat="39.770048"><ele>43.75</ele></trkpt>
   <trkpt lon="2.725067" lat="39.770264"><ele>44.0</ele></trkpt>
   <trkpt lon="2.725095" lat="39.770309"><ele>43.75</ele></trkpt>
   <trkpt lon="2.725142" lat="39.770353"><ele>43.75</ele></trkpt>
   <trkpt lon="2.725667" lat="39.770717"><ele>45.0</ele></trkpt>
   <trkpt lon="2.726058" lat="39.771133"><ele>45.75</ele></trkpt>
   <trkpt lon="2.726443" lat="39.771545"><ele>47.0</ele></trkpt>
   <trkpt lon="2.726681" lat="39.771736"><ele>48.0</ele></trkpt>
   <trkpt lon="2.726946" lat="39.771910"><ele>48.75</ele></trkpt>
   <trkpt lon="2.727238" lat="39.772149"><ele>49.0</ele></trkpt>
   <trkpt lon="2.727470" lat="39.772327"><ele>50.0</ele></trkpt>
   <trkpt lon="2.727601" lat="39.772422"><ele>50.0</ele></trkpt>
   <trkpt lon="2.727714" lat="39.772478"><ele>50.5</ele></trkpt>
   <trkpt lon="2.727839" lat="39.772515"><ele>51.0</ele></trkpt>
   <trkpt lon="2.727999" lat="39.772548"><ele>51.25</ele></trkpt>
   <trkpt lon="2.728336" lat="39.772580"><ele>52.0</ele></trkpt>
   <trkpt lon="2.728806" lat="39.772622"><ele>53.25</ele></trkpt>
   <trkpt lon="2.728862" lat="39.772635"><ele>53.25</ele></trkpt>
   <trkpt lon="2.728903" lat="39.772662"><ele>53.25</ele></trkpt>
   <trkpt lon="2.729146" lat="39.772958"><ele>54.75</ele></trkpt>
   <trkpt lon="2.729324" lat="39.773213"><ele>55.75</ele></trkpt>
   <trkpt lon="2.729362" lat="39.773473"><ele>56.75</ele></trkpt>
   <trkpt lon="2.729383" lat="39.773531"><ele>57.25</ele></trkpt>
   <trkpt lon="2.729431" lat="39.773563"><ele>57.5</ele></trkpt>
   <trkpt lon="2.730112" lat="39.773692"><ele>58.0</ele></trkpt>
   <trkpt lon="2.730596" lat="39.773722"><ele>59.0</ele></trkpt>
   <trkpt lon="2.730775" lat="39.773711"><ele>59.75</ele></trkpt>
   <trkpt lon="2.730905" lat="39.773735"><ele>60.0</ele></trkpt>
   <trkpt lon="2.731256" lat="39.773834"><ele>60.75</ele><sym>pass_place</sym><type>Shaping</type></trkpt>
   <trkpt lon="2.731779" lat="39.774031"><ele>62.75</ele></trkpt>
   <trkpt lon="2.731828" lat="39.774045"><ele>62.75</ele></trkpt>
   <trkpt lon="2.732215" lat="39.774095"><ele>63.25</ele></trkpt>
   <trkpt lon="2.732482" lat="39.774148"><ele>64.0</ele></trkpt>
   <trkpt lon="2.732616" lat="39.774179"><ele>65.25</ele></trkpt>
   <trkpt lon="2.732877" lat="39.774258"><ele>66.75</ele></trkpt>
   <trkpt lon="2.733014" lat="39.774317"><ele>66.25</ele></trkpt>
   <trkpt lon="2.733495" lat="39.774468"><ele>68.5</ele></trkpt>
   <trkpt lon="2.733867" lat="39.774594"><ele>68.75</ele></trkpt>
   <trkpt lon="2.733979" lat="39.774638"><ele>69.25</ele></trkpt>
   <trkpt lon="2.734576" lat="39.774966"><ele>72.75</ele></trkpt>
   <trkpt lon="2.734715" lat="39.775047"><ele>73.5</ele></trkpt>
   <trkpt lon="2.734784" lat="39.775095"><ele>73.5</ele></trkpt>
   <trkpt lon="2.734929" lat="39.775280"><ele>74.0</ele></trkpt>
   <trkpt lon="2.734954" lat="39.775323"><ele>74.5</ele></trkpt>
   <trkpt lon="2.734978" lat="39.775390"><ele>75.25</ele></trkpt>
   <trkpt lon="2.735012" lat="39.775426"><ele>75.5</ele></trkpt>
   <trkpt lon="2.735066" lat="39.775453"><ele>75.5</ele></trkpt>
   <trkpt lon="2.735211" lat="39.775503"><ele>75.25</ele></trkpt>
   <trkpt lon="2.735435" lat="39.775569"><ele>75.5</ele></trkpt>
   <trkpt lon="2.735869" lat="39.775720"><ele>77.5</ele></trkpt>
   <trkpt lon="2.735904" lat="39.775730"><ele>77.75</ele></trkpt>
   <trkpt lon="2.736092" lat="39.775756"><ele>79.25</ele></trkpt>
   <trkpt lon="2.736188" lat="39.775811"><ele>80.0</ele></trkpt>
   <trkpt lon="2.736370" lat="39.775959"><ele>80.5</ele></trkpt>
   <trkpt lon="2.736452" lat="39.776005"><ele>80.75</ele></trkpt>
   <trkpt lon="2.736819" lat="39.776154"><ele>84.25</ele></trkpt>
   <trkpt lon="2.737131" lat="39.776303"><ele>84.5</ele></trkpt>
   <trkpt lon="2.737218" lat="39.776354"><ele>85.25</ele></trkpt>
   <trkpt lon="2.737347" lat="39.776460"><ele>87.0</ele></trkpt>
   <trkpt lon="2.737400" lat="39.776519"><ele>87.25</ele></trkpt>
   <trkpt lon="2.737528" lat="39.776694"><ele>87.0</ele></trkpt>
   <trkpt lon="2.737596" lat="39.776765"><ele>87.25</ele></trkpt>
   <trkpt lon="2.737708" lat="39.776857"><ele>88.75</ele></trkpt>
   <trkpt lon="2.737920" lat="39.777049"><ele>91.75</ele></trkpt>
   <trkpt lon="2.737992" lat="39.777104"><ele>92.25</ele></trkpt>
   <trkpt lon="2.738125" lat="39.777176"><ele>93.5</ele></trkpt>
   <trkpt lon="2.738306" lat="39.777413"><ele>95.75</ele></trkpt>
   <trkpt lon="2.738348" lat="39.777518"><ele>96.0</ele></trkpt>
   <trkpt lon="2.738390" lat="39.777701"><ele>95.5</ele></trkpt>
   <trkpt lon="2.738512" lat="39.777914"><ele>96.25</ele></trkpt>
   <trkpt lon="2.738575" lat="39.778021"><ele>95.5</ele></trkpt>
   <trkpt lon="2.738648" lat="39.778085"><ele>95.5</ele></trkpt>
   <trkpt lon="2.738795" lat="39.778187"><ele>96.75</ele></trkpt>
   <trkpt lon="2.738832" lat="39.778231"><ele>96.75</ele></trkpt>
   <trkpt lon="2.738867" lat="39.778296"><ele>97.0</ele></trkpt>
   <trkpt lon="2.738898" lat="39.778400"><ele>97.5</ele></trkpt>
   <trkpt lon="2.738915" lat="39.778500"><ele>98.25</ele></trkpt>
   <trkpt lon="2.738956" lat="39.778605"><ele>98.5</ele></trkpt>
   <trkpt lon="2.738990" lat="39.778647"><ele>99.0</ele></trkpt>
   <trkpt lon="2.739205" lat="39.778843"><ele>101.0</ele></trkpt>
   <trkpt lon="2.739224" lat="39.778875"><ele>101.5</ele></trkpt>
   <trkpt lon="2.739238" lat="39.778923"><ele>101.75</ele></trkpt>
   <trkpt lon="2.739241" lat="39.778977"><ele>102.25</ele></trkpt>
   <trkpt lon="2.739233" lat="39.779037"><ele>102.5</ele></trkpt>
   <trkpt lon="2.739142" lat="39.779253"><ele>103.5</ele></trkpt>
   <trkpt lon="2.739117" lat="39.779366"><ele>104.5</ele></trkpt>
   <trkpt lon="2.739128" lat="39.779443"><ele>105.0</ele></trkpt>
   <trkpt lon="2.739147" lat="39.779500"><ele>105.5</ele></trkpt>
   <trkpt lon="2.739176" lat="39.779557"><ele>106.0</ele></trkpt>
   <trkpt lon="2.739220" lat="39.779610"><ele>106.5</ele></trkpt>
   <trkpt lon="2.739305" lat="39.779674"><ele>106.75</ele></trkpt>
   <trkpt lon="2.739404" lat="39.779730"><ele>107.25</ele></trkpt>
   <trkpt lon="2.739538" lat="39.779793"><ele>107.75</ele></trkpt>
   <trkpt lon="2.739711" lat="39.779870"><ele>108.5</ele></trkpt>
   <trkpt lon="2.739847" lat="39.779950"><ele>110.25</ele></trkpt>
   <trkpt lon="2.739886" lat="39.779990"><ele>110.75</ele></trkpt>
   <trkpt lon="2.739918" lat="39.780044"><ele>111.25</ele></trkpt>
   <trkpt lon="2.739922" lat="39.780081"><ele>111.75</ele></trkpt>
   <trkpt lon="2.739915" lat="39.780145"><ele>112.25</ele></trkpt>
   <trkpt lon="2.739860" lat="39.780237"><ele>113.0</ele></trkpt>
   <trkpt lon="2.739798" lat="39.780288"><ele>113.5</ele></trkpt>
   <trkpt lon="2.739743" lat="39.780314"><ele>113.75</ele></trkpt>
   <trkpt lon="2.739689" lat="39.780323"><ele>114.25</ele></trkpt>
   <trkpt lon="2.739623" lat="39.780323"><ele>114.75</ele></trkpt>
   <trkpt lon="2.739525" lat="39.780307"><ele>115.0</ele></trkpt>
   <trkpt lon="2.739433" lat="39.780278"><ele>115.0</ele></trkpt>
   <trkpt lon="2.739353" lat="39.780244"><ele>115.0</ele></trkpt>
   <trkpt lon="2.739281" lat="39.780228"><ele>115.25</ele></trkpt>
   <trkpt lon="2.739224" lat="39.780223"><ele>115.75</ele></trkpt>
   <trkpt lon="2.739053" lat="39.780232"><ele>117.0</ele></trkpt>
   <trkpt lon="2.738980" lat="39.780230"><ele>117.5</ele></trkpt>
   <trkpt lon="2.738913" lat="39.780219"><ele>117.75</ele></trkpt>
   <trkpt lon="2.738574" lat="39.780093"><ele>117.5</ele></trkpt>
   <trkpt lon="2.738465" lat="39.780080"><ele>118.75</ele></trkpt>
   <trkpt lon="2.738403" lat="39.780085"><ele>119.75</ele></trkpt>
   <trkpt lon="2.738358" lat="39.780103"><ele>120.75</ele></trkpt>
   <trkpt lon="2.738329" lat="39.780123"><ele>121.25</ele></trkpt>
   <trkpt lon="2.738309" lat="39.780155"><ele>122.25</ele></trkpt>
   <trkpt lon="2.738309" lat="39.780186"><ele>122.5</ele></trkpt>
   <trkpt lon="2.738337" lat="39.780237"><ele>122.5</ele></trkpt>
   <trkpt lon="2.738362" lat="39.780263"><ele>122.5</ele></trkpt>
   <trkpt lon="2.738672" lat="39.780561"><ele>126.0</ele></trkpt>
   <trkpt lon="2.738731" lat="39.780657"><ele>127.0</ele></trkpt>
   <trkpt lon="2.738753" lat="39.780706"><ele>127.5</ele></trkpt>
   <trkpt lon="2.738797" lat="39.780753"><ele>128.0</ele></trkpt>
   <trkpt lon="2.738825" lat="39.780771"><ele>128.0</ele></trkpt>
   <trkpt lon="2.738872" lat="39.780787"><ele>128.0</ele></trkpt>
   <trkpt lon="2.739030" lat="39.780817"><ele>128.5</ele></trkpt>
   <trkpt lon="2.739219" lat="39.780850"><ele>129.0</ele></trkpt>
   <trkpt lon="2.739279" lat="39.780864"><ele>128.75</ele></trkpt>
   <trkpt lon="2.739317" lat="39.780881"><ele>128.75</ele></trkpt>
   <trkpt lon="2.739351" lat="39.780912"><ele>129.25</ele></trkpt>
   <trkpt lon="2.739392" lat="39.780973"><ele>130.0</ele></trkpt>
   <trkpt lon="2.739422" lat="39.781090"><ele>131.75</ele></trkpt>
   <trkpt lon="2.739441" lat="39.781123"><ele>132.25</ele></trkpt>
   <trkpt lon="2.739491" lat="39.781159"><ele>133.0</ele></trkpt>
   <trkpt lon="2.739617" lat="39.781232"><ele>135.0</ele></trkpt>
   <trkpt lon="2.739706" lat="39.781275"><ele>136.25</ele></trkpt>
   <trkpt lon="2.739821" lat="39.781312"><ele>136.5</ele></trkpt>
   <trkpt lon="2.740142" lat="39.781406"><ele>137.25</ele></trkpt>
   <trkpt lon="2.740186" lat="39.781417"><ele>137.5</ele></trkpt>
   <trkpt lon="2.740237" lat="39.781420"><ele>137.25</ele></trkpt>
   <trkpt lon="2.740446" lat="39.781392"><ele>137.0</ele></trkpt>
   <trkpt lon="2.740506" lat="39.781396"><ele>137.0</ele></trkpt>
   <trkpt lon="2.740577" lat="39.781420"><ele>137.25</ele></trkpt>
   <trkpt lon="2.740673" lat="39.781511"><ele>138.75</ele></trkpt>
   <trkpt lon="2.740748" lat="39.781587"><ele>140.0</ele></trkpt>
   <trkpt lon="2.740831" lat="39.781687"><ele>142.0</ele></trkpt>
   <trkpt lon="2.740882" lat="39.781777"><ele>141.75</ele></trkpt>
   <trkpt lon="2.740927" lat="39.781886"><ele>142.25</ele></trkpt>
   <trkpt lon="2.740932" lat="39.781938"><ele>143.0</ele></trkpt>
   <trkpt lon="2.740948" lat="39.782266"><ele>146.0</ele></trkpt>
   <trkpt lon="2.740955" lat="39.782314"><ele>146.5</ele></trkpt>
   <trkpt lon="2.740976" lat="39.782341"><ele>146.75</ele></trkpt>
   <trkpt lon="2.741007" lat="39.782359"><ele>146.5</ele></trkpt>
   <trkpt lon="2.741070" lat="39.782382"><ele>146.5</ele></trkpt>
   <trkpt lon="2.741227" lat="39.782416"><ele>146.0</ele></trkpt>
   <trkpt lon="2.741311" lat="39.782435"><ele>146.0</ele></trkpt>
   <trkpt lon="2.741438" lat="39.782487"><ele>145.75</ele></trkpt>
   <trkpt lon="2.741489" lat="39.782517"><ele>145.5</ele></trkpt>
   <trkpt lon="2.741529" lat="39.782552"><ele>145.5</ele></trkpt>
   <trkpt lon="2.741597" lat="39.782649"><ele>146.0</ele></trkpt>
   <trkpt lon="2.741622" lat="39.782730"><ele>147.0</ele></trkpt>
   <trkpt lon="2.741695" lat="39.782972"><ele>148.0</ele></trkpt>
   <trkpt lon="2.741710" lat="39.783011"><ele>148.25</ele></trkpt>
   <trkpt lon="2.741796" lat="39.783203"><ele>150.0</ele></trkpt>
   <trkpt lon="2.741830" lat="39.783266"><ele>150.5</ele></trkpt>
   <trkpt lon="2.741953" lat="39.783380"><ele>151.5</ele></trkpt>
   <trkpt lon="2.741998" lat="39.783419"><ele>151.5</ele></trkpt>
   <trkpt lon="2.742789" lat="39.783895"><ele>158.0</ele></trkpt>
   <trkpt lon="2.742792" lat="39.783896"><ele>157.75</ele><sym>pass_place</sym><type>Shaping</type></trkpt>
   <trkpt lon="2.743033" lat="39.784044"><ele>157.75</ele></trkpt>
   <trkpt lon="2.743278" lat="39.784193"><ele>161.0</ele></trkpt>
   <trkpt lon="2.743628" lat="39.784429"><ele>164.25</ele></trkpt>
   <trkpt lon="2.743764" lat="39.784502"><ele>165.75</ele></trkpt>
   <trkpt lon="2.743906" lat="39.784551"><ele>165.5</ele></trkpt>
   <trkpt lon="2.744043" lat="39.784589"><ele>166.0</ele></trkpt>
   <trkpt lon="2.744121" lat="39.784610"><ele>166.25</ele></trkpt>
   <trkpt lon="2.744373" lat="39.784669"><ele>167.5</ele></trkpt>
   <trkpt lon="2.744711" lat="39.784768"><ele>169.5</ele></trkpt>
   <trkpt lon="2.745047" lat="39.784858"><ele>172.0</ele></trkpt>
   <trkpt lon="2.745194" lat="39.784917"><ele>173.25</ele></trkpt>
   <trkpt lon="2.745237" lat="39.784952"><ele>174.25</ele></trkpt>
   <trkpt lon="2.745266" lat="39.784999"><ele>175.75</ele></trkpt>
   <trkpt lon="2.745271" lat="39.785104"><ele>177.25</ele></trkpt>
   <trkpt lon="2.745252" lat="39.785173"><ele>178.25</ele></trkpt>
   <trkpt lon="2.745194" lat="39.785235"><ele>179.0</ele></trkpt>
   <trkpt lon="2.745114" lat="39.785293"><ele>179.5</ele></trkpt>
   <trkpt lon="2.744989" lat="39.785312"><ele>179.75</ele></trkpt>
   <trkpt lon="2.744930" lat="39.785310"><ele>180.0</ele></trkpt>
   <trkpt lon="2.744839" lat="39.785306"><ele>180.25</ele></trkpt>
   <trkpt lon="2.744169" lat="39.785207"><ele>181.75</ele></trkpt>
   <trkpt lon="2.743775" lat="39.785141"><ele>183.0</ele></trkpt>
   <trkpt lon="2.743654" lat="39.785104"><ele>184.0</ele></trkpt>
   <trkpt lon="2.743600" lat="39.785073"><ele>184.5</ele></trkpt>
   <trkpt lon="2.743562" lat="39.785036"><ele>184.5</ele></trkpt>
   <trkpt lon="2.743423" lat="39.784785"><ele>185.75</ele></trkpt>
   <trkpt lon="2.743360" lat="39.784716"><ele>187.5</ele></trkpt>
   <trkpt lon="2.743215" lat="39.784623"><ele>186.75</ele></trkpt>
   <trkpt lon="2.742845" lat="39.784511"><ele>191.25</ele></trkpt>
   <trkpt lon="2.742690" lat="39.784497"><ele>193.0</ele></trkpt>
   <trkpt lon="2.742378" lat="39.784518"><ele>194.5</ele></trkpt>
   <trkpt lon="2.742177" lat="39.784547"><ele>195.0</ele></trkpt>
   <trkpt lon="2.742086" lat="39.784574"><ele>195.25</ele></trkpt>
   <trkpt lon="2.741983" lat="39.784627"><ele>196.75</ele></trkpt>
   <trkpt lon="2.741822" lat="39.784764"><ele>198.75</ele></trkpt>
   <trkpt lon="2.740746" lat="39.785867"><ele>216.75</ele></trkpt>
   <trkpt lon="2.740695" lat="39.785903"><ele>218.25</ele></trkpt>
   <trkpt lon="2.740626" lat="39.785939"><ele>219.25</ele></trkpt>
   <trkpt lon="2.740561" lat="39.785955"><ele>219.25</ele></trkpt>
   <trkpt lon="2.740462" lat="39.785953"><ele>219.25</ele></trkpt>
   <trkpt lon="2.740391" lat="39.785934"><ele>218.75</ele></trkpt>
   <trkpt lon="2.740184" lat="39.785837"><ele>219.25</ele></trkpt>
   <trkpt lon="2.739914" lat="39.785700"><ele>221.5</ele></trkpt>
   <trkpt lon="2.739730" lat="39.785605"><ele>222.5</ele></trkpt>
   <trkpt lon="2.739124" lat="39.785294"><ele>226.75</ele></trkpt>
   <trkpt lon="2.739041" lat="39.785236"><ele>228.0</ele></trkpt>
   <trkpt lon="2.738955" lat="39.785142"><ele>228.5</ele></trkpt>
   <trkpt lon="2.738613" lat="39.784672"><ele>230.5</ele></trkpt>
   <trkpt lon="2.738532" lat="39.784575"><ele>231.25</ele></trkpt>
   <trkpt lon="2.738483" lat="39.784542"><ele>231.75</ele></trkpt>
   <trkpt lon="2.738417" lat="39.784510"><ele>232.0</ele></trkpt>
   <trkpt lon="2.738301" lat="39.784490"><ele>232.5</ele></trkpt>
   <trkpt lon="2.738210" lat="39.784486"><ele>233.0</ele></trkpt>
   <trkpt lon="2.737782" lat="39.784493"><ele>234.75</ele></trkpt>
   <trkpt lon="2.736416" lat="39.784534"><ele>239.5</ele></trkpt>
   <trkpt lon="2.736233" lat="39.784526"><ele>240.5</ele></trkpt>
   <trkpt lon="2.735534" lat="39.784341"><ele>244.5</ele></trkpt>
   <trkpt lon="2.735423" lat="39.784316"><ele>245.5</ele></trkpt>
   <trkpt lon="2.735326" lat="39.784302"><ele>246.5</ele></trkpt>
   <trkpt lon="2.735262" lat="39.784296"><ele>247.0</ele></trkpt>
   <trkpt lon="2.735196" lat="39.784300"><ele>246.75</ele></trkpt>
   <trkpt lon="2.735025" lat="39.784339"><ele>246.5</ele></trkpt>
   <trkpt lon="2.734852" lat="39.784374"><ele>247.25</ele></trkpt>
   <trkpt lon="2.734766" lat="39.784381"><ele>247.25</ele></trkpt>
   <trkpt lon="2.734642" lat="39.784360"><ele>247.25</ele></trkpt>
   <trkpt lon="2.734557" lat="39.784333"><ele>247.5</ele></trkpt>
   <trkpt lon="2.734441" lat="39.784271"><ele>247.75</ele></trkpt>
   <trkpt lon="2.733539" lat="39.783754"><ele>255.0</ele></trkpt>
   <trkpt lon="2.733498" lat="39.783731"><ele>255.0</ele></trkpt>
   <trkpt lon="2.733298" lat="39.783628"><ele>255.25</ele></trkpt>
   <trkpt lon="2.733199" lat="39.783604"><ele>255.25</ele></trkpt>
   <trkpt lon="2.733114" lat="39.783600"><ele>255.5</ele></trkpt>
   <trkpt lon="2.733030" lat="39.783609"><ele>255.75</ele></trkpt>
   <trkpt lon="2.732959" lat="39.783628"><ele>255.25</ele></trkpt>
   <trkpt lon="2.732874" lat="39.783682"><ele>255.25</ele></trkpt>
   <trkpt lon="2.732831" lat="39.783729"><ele>255.75</ele><sym>right_slight</sym></trkpt>
   <trkpt lon="2.732799" lat="39.783852"><ele>257.25</ele><sym>right_slight</sym></trkpt>
   <trkpt lon="2.732843" lat="39.783953"><ele>258.5</ele></trkpt>
   <trkpt lon="2.732881" lat="39.784004"><ele>259.25</ele></trkpt>
   <trkpt lon="2.732937" lat="39.784061"><ele>260.25</ele><sym>right_slight</sym></trkpt>
   <trkpt lon="2.733401" lat="39.784188"><ele>263.25</ele></trkpt>
   <trkpt lon="2.733530" lat="39.784242"><ele>264.25</ele></trkpt>
   <trkpt lon="2.733648" lat="39.784302"><ele>264.75</ele></trkpt>
   <trkpt lon="2.733722" lat="39.784350"><ele>264.75</ele></trkpt>
   <trkpt lon="2.733776" lat="39.784392"><ele>265.0</ele></trkpt>
   <trkpt lon="2.733849" lat="39.784476"><ele>266.25</ele></trkpt>
   <trkpt lon="2.733929" lat="39.784587"><ele>268.0</ele></trkpt>
   <trkpt lon="2.734039" lat="39.784802"><ele>269.0</ele></trkpt>
   <trkpt lon="2.734108" lat="39.784968"><ele>269.75</ele></trkpt>
   <trkpt lon="2.734173" lat="39.785044"><ele>270.0</ele></trkpt>
   <trkpt lon="2.734234" lat="39.785088"><ele>271.0</ele></trkpt>
   <trkpt lon="2.734312" lat="39.785127"><ele>271.75</ele></trkpt>
   <trkpt lon="2.734410" lat="39.785151"><ele>272.0</ele></trkpt>
   <trkpt lon="2.734536" lat="39.785165"><ele>272.25</ele></trkpt>
   <trkpt lon="2.734726" lat="39.785172"><ele>272.75</ele><sym>pass_place</sym><type>Shaping</type></trkpt>
   <trkpt lon="2.735221" lat="39.785177"><ele>274.25</ele></trkpt>
   <trkpt lon="2.735316" lat="39.785190"><ele>275.0</ele></trkpt>
   <trkpt lon="2.735426" lat="39.785220"><ele>275.75</ele></trkpt>
   <trkpt lon="2.735546" lat="39.785262"><ele>277.25</ele></trkpt>
   <trkpt lon="2.736792" lat="39.785814"><ele>285.5</ele></trkpt>
   <trkpt lon="2.737276" lat="39.786036"><ele>288.75</ele></trkpt>
   <trkpt lon="2.737401" lat="39.786102"><ele>290.25</ele></trkpt>
   <trkpt lon="2.737501" lat="39.786177"><ele>291.75</ele></trkpt>
   <trkpt lon="2.737626" lat="39.786314"><ele>291.5</ele></trkpt>
   <trkpt lon="2.737691" lat="39.786422"><ele>292.0</ele></trkpt>
   <trkpt lon="2.737813" lat="39.786665"><ele>295.25</ele></trkpt>
   <trkpt lon="2.738079" lat="39.787160"><ele>299.25</ele></trkpt>
   <trkpt lon="2.738321" lat="39.787664"><ele>304.0</ele></trkpt>
   <trkpt lon="2.738339" lat="39.787750"><ele>305.25</ele></trkpt>
   <trkpt lon="2.738327" lat="39.787825"><ele>305.75</ele></trkpt>
   <trkpt lon="2.738293" lat="39.787890"><ele>306.0</ele></trkpt>
   <trkpt lon="2.738239" lat="39.787937"><ele>306.75</ele></trkpt>
   <trkpt lon="2.738178" lat="39.787968"><ele>307.75</ele></trkpt>
   <trkpt lon="2.738103" lat="39.787991"><ele>309.0</ele></trkpt>
   <trkpt lon="2.738013" lat="39.787989"><ele>310.75</ele></trkpt>
   <trkpt lon="2.737928" lat="39.787966"><ele>312.25</ele></trkpt>
   <trkpt lon="2.737844" lat="39.787923"><ele>313.0</ele></trkpt>
   <trkpt lon="2.737796" lat="39.787873"><ele>312.75</ele></trkpt>
   <trkpt lon="2.737731" lat="39.787785"><ele>312.5</ele></trkpt>
   <trkpt lon="2.737519" lat="39.787417"><ele>315.75</ele></trkpt>
   <trkpt lon="2.737355" lat="39.787152"><ele>315.75</ele></trkpt>
   <trkpt lon="2.737280" lat="39.787068"><ele>315.75</ele></trkpt>
   <trkpt lon="2.737206" lat="39.787022"><ele>316.75</ele></trkpt>
   <trkpt lon="2.737127" lat="39.786994"><ele>317.5</ele></trkpt>
   <trkpt lon="2.736986" lat="39.786964"><ele>318.75</ele></trkpt>
   <trkpt lon="2.735988" lat="39.786844"><ele>323.25</ele></trkpt>
   <trkpt lon="2.735173" lat="39.786760"><ele>330.0</ele></trkpt>
   <trkpt lon="2.734814" lat="39.786743"><ele>332.5</ele></trkpt>
   <trkpt lon="2.734513" lat="39.786722"><ele>333.0</ele></trkpt>
   <trkpt lon="2.734277" lat="39.786720"><ele>334.5</ele></trkpt>
   <trkpt lon="2.733820" lat="39.786737"><ele>338.0</ele></trkpt>
   <trkpt lon="2.732668" lat="39.786811"><ele>340.75</ele></trkpt>
   <trkpt lon="2.732149" lat="39.786837"><ele>345.25</ele></trkpt>
   <trkpt lon="2.732053" lat="39.786856"><ele>345.5</ele></trkpt>
   <trkpt lon="2.731979" lat="39.786886"><ele>346.5</ele></trkpt>
   <trkpt lon="2.731861" lat="39.786949"><ele>347.75</ele></trkpt>
   <trkpt lon="2.731640" lat="39.787091"><ele>350.75</ele></trkpt>
   <trkpt lon="2.731559" lat="39.787127"><ele>351.25</ele></trkpt>
   <trkpt lon="2.731475" lat="39.787148"><ele>350.75</ele></trkpt>
   <trkpt lon="2.731372" lat="39.787156"><ele>349.75</ele></trkpt>
   <trkpt lon="2.731133" lat="39.787138"><ele>353.25</ele></trkpt>
   <trkpt lon="2.730858" lat="39.787107"><ele>357.25</ele></trkpt>
   <trkpt lon="2.730213" lat="39.787008"><ele>357.5</ele></trkpt>
   <trkpt lon="2.730084" lat="39.787004"><ele>357.75</ele></trkpt>
   <trkpt lon="2.729894" lat="39.787009"><ele>359.0</ele></trkpt>
   <trkpt lon="2.729705" lat="39.787025"><ele>360.25</ele></trkpt>
   <trkpt lon="2.729269" lat="39.787117"><ele>361.5</ele></trkpt>
   <trkpt lon="2.729130" lat="39.787131"><ele>361.25</ele></trkpt>
   <trkpt lon="2.728947" lat="39.787098"><ele>363.0</ele></trkpt>
   <trkpt lon="2.728775" lat="39.786974"><ele>365.75</ele></trkpt>
   <trkpt lon="2.728539" lat="39.786744"><ele>369.75</ele></trkpt>
   <trkpt lon="2.728132" lat="39.786307"><ele>370.25</ele></trkpt>
   <trkpt lon="2.727898" lat="39.786067"><ele>375.5</ele></trkpt>
   <trkpt lon="2.727542" lat="39.785779"><ele>374.75</ele></trkpt>
   <trkpt lon="2.727284" lat="39.785697"><ele>376.75</ele></trkpt>
   <trkpt lon="2.727048" lat="39.785680"><ele>378.25</ele></trkpt>
   <trkpt lon="2.726937" lat="39.785693"><ele>379.25</ele></trkpt>
   <trkpt lon="2.726834" lat="39.785705"><ele>380.0</ele></trkpt>
   <trkpt lon="2.726512" lat="39.785812"><ele>382.75</ele></trkpt>
   <trkpt lon="2.726211" lat="39.786101"><ele>387.0</ele></trkpt>
   <trkpt lon="2.726093" lat="39.786323"><ele>387.25</ele></trkpt>
   <trkpt lon="2.726093" lat="39.786546"><ele>389.5</ele></trkpt>
   <trkpt lon="2.726254" lat="39.786958"><ele>394.25</ele></trkpt>
   <trkpt lon="2.726472" lat="39.787379"><ele>392.25</ele><sym>stay_left</sym><type>Via</type></trkpt>
   <trkpt lon="2.726526" lat="39.787493"><ele>392.0</ele></trkpt>
   <trkpt lon="2.726556" lat="39.787616"><ele>391.75</ele></trkpt>
   <trkpt lon="2.726582" lat="39.787950"><ele>392.0</ele></trkpt>
   <trkpt lon="2.726609" lat="39.788753"><ele>392.75</ele></trkpt>
   <trkpt lon="2.726644" lat="39.789476"><ele>393.75</ele></trkpt>
   <trkpt lon="2.726651" lat="39.789712"><ele>394.5</ele></trkpt>
   <trkpt lon="2.726638" lat="39.789858"><ele>395.0</ele></trkpt>
   <trkpt lon="2.726588" lat="39.789951"><ele>395.0</ele></trkpt>
   <trkpt lon="2.726501" lat="39.790033"><ele>395.25</ele></trkpt>
   <trkpt lon="2.726401" lat="39.790075"><ele>395.5</ele></trkpt>
   <trkpt lon="2.726165" lat="39.790133"><ele>396.0</ele></trkpt>
   <trkpt lon="2.725784" lat="39.790197"><ele>396.25</ele></trkpt>
   <trkpt lon="2.725376" lat="39.790281"><ele>400.0</ele></trkpt>
   <trkpt lon="2.725278" lat="39.790316"><ele>400.5</ele></trkpt>
   <trkpt lon="2.725190" lat="39.790383"><ele>400.0</ele></trkpt>
   <trkpt lon="2.725146" lat="39.790439"><ele>400.5</ele></trkpt>
   <trkpt lon="2.725117" lat="39.790515"><ele>401.75</ele></trkpt>
   <trkpt lon="2.725128" lat="39.790602"><ele>403.5</ele></trkpt>
   <trkpt lon="2.725167" lat="39.790661"><ele>404.25</ele></trkpt>
   <trkpt lon="2.725217" lat="39.790710"><ele>405.25</ele></trkpt>
   <trkpt lon="2.725251" lat="39.790732"><ele>405.75</ele></trkpt>
   <trkpt lon="2.725346" lat="39.790774"><ele>407.0</ele></trkpt>
   <trkpt lon="2.725457" lat="39.790787"><ele>408.75</ele></trkpt>
   <trkpt lon="2.725734" lat="39.790764"><ele>410.25</ele></trkpt>
   <trkpt lon="2.726291" lat="39.790682"><ele>411.5</ele></trkpt>
   <trkpt lon="2.726534" lat="39.790699"><ele>413.25</ele></trkpt>
   <trkpt lon="2.727036" lat="39.790786"><ele>416.75</ele></trkpt>
   <trkpt lon="2.727193" lat="39.790806"><ele>417.75</ele></trkpt>
   <trkpt lon="2.727337" lat="39.790798"><ele>418.25</ele></trkpt>
   <trkpt lon="2.727412" lat="39.790786"><ele>418.5</ele></trkpt>
   <trkpt lon="2.727527" lat="39.790754"><ele>419.0</ele></trkpt>
   <trkpt lon="2.727592" lat="39.790700"><ele>419.5</ele></trkpt>
   <trkpt lon="2.727650" lat="39.790598"><ele>419.75</ele></trkpt>
   <trkpt lon="2.727901" lat="39.789885"><ele>427.75</ele></trkpt>
   <trkpt lon="2.727937" lat="39.789709"><ele>428.25</ele></trkpt>
   <trkpt lon="2.727978" lat="39.789230"><ele>432.5</ele></trkpt>
   <trkpt lon="2.728019" lat="39.789115"><ele>433.0</ele></trkpt>
   <trkpt lon="2.728132" lat="39.789015"><ele>434.0</ele></trkpt>
   <trkpt lon="2.728297" lat="39.788950"><ele>436.0</ele></trkpt>
   <trkpt lon="2.728763" lat="39.788897"><ele>439.25</ele></trkpt>
   <trkpt lon="2.730036" lat="39.788780"><ele>447.5</ele></trkpt>
   <trkpt lon="2.730167" lat="39.788796"><ele>447.25</ele></trkpt>
   <trkpt lon="2.730279" lat="39.788826"><ele>447.5</ele></trkpt>
   <trkpt lon="2.730396" lat="39.788879"><ele>448.25</ele></trkpt>
   <trkpt lon="2.730880" lat="39.789157"><ele>452.0</ele></trkpt>
   <trkpt lon="2.731286" lat="39.789401"><ele>456.25</ele></trkpt>
   <trkpt lon="2.731603" lat="39.789565"><ele>458.5</ele></trkpt>
   <trkpt lon="2.732456" lat="39.789934"><ele>461.25</ele></trkpt>
   <trkpt lon="2.732607" lat="39.790036"><ele>463.75</ele></trkpt>
   <trkpt lon="2.732659" lat="39.790092"><ele>464.5</ele></trkpt>
   <trkpt lon="2.732678" lat="39.790119"><ele>464.75</ele></trkpt>
   <trkpt lon="2.732690" lat="39.790188"><ele>466.0</ele></trkpt>
   <trkpt lon="2.732694" lat="39.790271"><ele>467.75</ele></trkpt>
   <trkpt lon="2.732662" lat="39.790343"><ele>467.0</ele></trkpt>
   <trkpt lon="2.732619" lat="39.790404"><ele>466.75</ele></trkpt>
   <trkpt lon="2.732551" lat="39.790464"><ele>467.25</ele></trkpt>
   <trkpt lon="2.732457" lat="39.790531"><ele>468.75</ele></trkpt>
   <trkpt lon="2.732186" lat="39.790702"><ele>469.25</ele></trkpt>
   <trkpt lon="2.732001" lat="39.790808"><ele>470.75</ele></trkpt>
   <trkpt lon="2.731817" lat="39.790937"><ele>473.0</ele></trkpt>
   <trkpt lon="2.731694" lat="39.791060"><ele>473.0</ele></trkpt>
   <trkpt lon="2.731613" lat="39.791183"><ele>473.75</ele></trkpt>
   <trkpt lon="2.731560" lat="39.791294"><ele>474.5</ele></trkpt>
   <trkpt lon="2.731538" lat="39.791391"><ele>474.0</ele></trkpt>
   <trkpt lon="2.731578" lat="39.791643"><ele>473.5</ele></trkpt>
   <trkpt lon="2.731636" lat="39.791754"><ele>474.25</ele></trkpt>
   <trkpt lon="2.731738" lat="39.791967"><ele>477.0</ele></trkpt>
   <trkpt lon="2.731886" lat="39.792317"><ele>477.25</ele></trkpt>
   <trkpt lon="2.731936" lat="39.792411"><ele>476.75</ele></trkpt>
   <trkpt lon="2.732013" lat="39.792496"><ele>477.0</ele></trkpt>
   <trkpt lon="2.732118" lat="39.792556"><ele>477.0</ele></trkpt>
   <trkpt lon="2.732241" lat="39.792585"><ele>476.25</ele></trkpt>
   <trkpt lon="2.732272" lat="39.792584"><ele>476.5</ele></trkpt>
   <trkpt lon="2.732367" lat="39.792583"><ele>477.75</ele></trkpt>
   <trkpt lon="2.732509" lat="39.792540"><ele>478.75</ele></trkpt>
   <trkpt lon="2.732686" lat="39.792374"><ele>479.25</ele></trkpt>
   <trkpt lon="2.732912" lat="39.792177"><ele>480.0</ele></trkpt>
   <trkpt lon="2.733078" lat="39.792046"><ele>480.75</ele></trkpt>
   <trkpt lon="2.733249" lat="39.791975"><ele>480.5</ele></trkpt>
   <trkpt lon="2.733482" lat="39.791951"><ele>480.75</ele></trkpt>
   <trkpt lon="2.734629" lat="39.791906"><ele>482.75</ele><sym>pass_place</sym><type>Shaping</type></trkpt>
   <trkpt lon="2.734632" lat="39.791906"><ele>482.75</ele></trkpt>
   <trkpt lon="2.737378" lat="39.791800"><ele>506.0</ele></trkpt>
   <trkpt lon="2.737582" lat="39.791773"><ele>508.5</ele></trkpt>
   <trkpt lon="2.737686" lat="39.791754"><ele>507.5</ele></trkpt>
   <trkpt lon="2.738186" lat="39.791599"><ele>501.25</ele></trkpt>
   <trkpt lon="2.738340" lat="39.791564"><ele>501.5</ele></trkpt>
   <trkpt lon="2.738448" lat="39.791567"><ele>502.5</ele></trkpt>
   <trkpt lon="2.738802" lat="39.791629"><ele>506.75</ele></trkpt>
   <trkpt lon="2.739651" lat="39.791812"><ele>517.25</ele></trkpt>
   <trkpt lon="2.740567" lat="39.791981"><ele>520.5</ele></trkpt>
   <trkpt lon="2.740883" lat="39.792093"><ele>519.0</ele></trkpt>
   <trkpt lon="2.742070" lat="39.792564"><ele>532.5</ele></trkpt>
   <trkpt lon="2.742288" lat="39.792630"><ele>534.5</ele></trkpt>
   <trkpt lon="2.742484" lat="39.792660"><ele>535.0</ele></trkpt>
   <trkpt lon="2.742757" lat="39.792640"><ele>533.0</ele></trkpt>
   <trkpt lon="2.743919" lat="39.792433"><ele>534.0</ele></trkpt>
   <trkpt lon="2.744177" lat="39.792392"><ele>534.25</ele></trkpt>
   <trkpt lon="2.744454" lat="39.792386"><ele>534.25</ele></trkpt>
   <trkpt lon="2.744700" lat="39.792411"><ele>533.0</ele></trkpt>
   <trkpt lon="2.744866" lat="39.792455"><ele>532.5</ele></trkpt>
   <trkpt lon="2.745040" lat="39.792525"><ele>532.5</ele></trkpt>
   <trkpt lon="2.745291" lat="39.792701"><ele>531.75</ele></trkpt>
   <trkpt lon="2.745851" lat="39.793368"><ele>525.0</ele></trkpt>
   <trkpt lon="2.746442" lat="39.794107"><ele>524.0</ele></trkpt>
   <trkpt lon="2.746809" lat="39.794524"><ele>526.25</ele></trkpt>
   <trkpt lon="2.747091" lat="39.794888"><ele>528.5</ele></trkpt>
   <trkpt lon="2.747199" lat="39.795015"><ele>529.5</ele></trkpt>
   <trkpt lon="2.747317" lat="39.795104"><ele>528.5</ele></trkpt>
   <trkpt lon="2.747458" lat="39.795160"><ele>527.0</ele></trkpt>
   <trkpt lon="2.747567" lat="39.795173"><ele>528.0</ele></trkpt>
   <trkpt lon="2.747697" lat="39.795149"><ele>530.0</ele></trkpt>
   <trkpt lon="2.747837" lat="39.795099"><ele>531.25</ele></trkpt>
   <trkpt lon="2.747941" lat="39.795053"><ele>531.5</ele></trkpt>
   <trkpt lon="2.748598" lat="39.794647"><ele>533.25</ele></trkpt>
   <trkpt lon="2.748847" lat="39.794533"><ele>536.5</ele></trkpt>
   <trkpt lon="2.749936" lat="39.794162"><ele>542.75</ele></trkpt>
   <trkpt lon="2.750362" lat="39.794026"><ele>545.75</ele></trkpt>
   <trkpt lon="2.750574" lat="39.793995"><ele>546.0</ele></trkpt>
   <trkpt lon="2.750735" lat="39.793998"><ele>547.0</ele></trkpt>
   <trkpt lon="2.750922" lat="39.794032"><ele>548.25</ele></trkpt>
   <trkpt lon="2.751800" lat="39.794302"><ele>556.0</ele></trkpt>
   <trkpt lon="2.752220" lat="39.794439"><ele>556.75</ele></trkpt>
   <trkpt lon="2.752691" lat="39.794577"><ele>561.75</ele></trkpt>
   <trkpt lon="2.753036" lat="39.794743"><ele>563.0</ele><sym>pass_place</sym><type>Shaping</type></trkpt>
   <trkpt lon="2.753038" lat="39.794744"><ele>563.0</ele></trkpt>
   <trkpt lon="2.753714" lat="39.795201"><ele>568.75</ele></trkpt>
   <trkpt lon="2.753849" lat="39.795269"><ele>569.25</ele></trkpt>
   <trkpt lon="2.754590" lat="39.795523"><ele>573.75</ele></trkpt>
   <trkpt lon="2.755396" lat="39.795809"><ele>578.25</ele></trkpt>
   <trkpt lon="2.755720" lat="39.795975"><ele>583.5</ele></trkpt>
   <trkpt lon="2.756405" lat="39.796376"><ele>587.0</ele></trkpt>
   <trkpt lon="2.756521" lat="39.796428"><ele>588.5</ele></trkpt>
   <trkpt lon="2.757920" lat="39.796742"><ele>591.0</ele></trkpt>
   <trkpt lon="2.758324" lat="39.796834"><ele>592.75</ele></trkpt>
   <trkpt lon="2.758446" lat="39.796840"><ele>594.0</ele></trkpt>
   <trkpt lon="2.758544" lat="39.796828"><ele>595.0</ele></trkpt>
   <trkpt lon="2.760262" lat="39.796301"><ele>605.75</ele></trkpt>
   <trkpt lon="2.760455" lat="39.796236"><ele>608.5</ele></trkpt>
   <trkpt lon="2.760567" lat="39.796192"><ele>610.25</ele></trkpt>
   <trkpt lon="2.760690" lat="39.796104"><ele>611.5</ele></trkpt>
   <trkpt lon="2.761254" lat="39.795557"><ele>612.0</ele></trkpt>
   <trkpt lon="2.761350" lat="39.795503"><ele>610.5</ele></trkpt>
   <trkpt lon="2.761598" lat="39.795441"><ele>610.5</ele></trkpt>
   <trkpt lon="2.762184" lat="39.795314"><ele>613.25</ele></trkpt>
   <trkpt lon="2.762430" lat="39.795293"><ele>614.25</ele></trkpt>
   <trkpt lon="2.762646" lat="39.795288"><ele>615.0</ele></trkpt>
   <trkpt lon="2.762890" lat="39.795317"><ele>617.25</ele></trkpt>
   <trkpt lon="2.763512" lat="39.795431"><ele>620.0</ele></trkpt>
   <trkpt lon="2.763629" lat="39.795441"><ele>619.75</ele></trkpt>
   <trkpt lon="2.763771" lat="39.795446"><ele>621.5</ele></trkpt>
   <trkpt lon="2.764637" lat="39.795392"><ele>624.25</ele></trkpt>
   <trkpt lon="2.764911" lat="39.795379"><ele>625.75</ele></trkpt>
   <trkpt lon="2.765012" lat="39.795380"><ele>626.5</ele></trkpt>
   <trkpt lon="2.765232" lat="39.795399"><ele>627.75</ele></trkpt>
   <trkpt lon="2.765685" lat="39.795466"><ele>630.0</ele></trkpt>
   <trkpt lon="2.766491" lat="39.795575"><ele>636.0</ele></trkpt>
   <trkpt lon="2.766683" lat="39.795562"><ele>637.0</ele></trkpt>
   <trkpt lon="2.766765" lat="39.795547"><ele>637.25</ele></trkpt>
   <trkpt lon="2.766893" lat="39.795514"><ele>637.5</ele></trkpt>
   <trkpt lon="2.767167" lat="39.795428"><ele>637.75</ele></trkpt>
   <trkpt lon="2.767286" lat="39.795400"><ele>638.0</ele></trkpt>
   <trkpt lon="2.767415" lat="39.795388"><ele>638.75</ele></trkpt>
   <trkpt lon="2.767522" lat="39.795396"><ele>639.75</ele></trkpt>
   <trkpt lon="2.767614" lat="39.795422"><ele>641.0</ele></trkpt>
   <trkpt lon="2.767687" lat="39.795463"><ele>642.5</ele></trkpt>
   <trkpt lon="2.767748" lat="39.795525"><ele>644.0</ele></trkpt>
   <trkpt lon="2.767776" lat="39.795600"><ele>645.75</ele></trkpt>
   <trkpt lon="2.767787" lat="39.795679"><ele>647.25</ele></trkpt>
   <trkpt lon="2.767776" lat="39.795733"><ele>648.0</ele></trkpt>
   <trkpt lon="2.767729" lat="39.795812"><ele>649.5</ele></trkpt>
   <trkpt lon="2.767693" lat="39.795842"><ele>650.25</ele></trkpt>
   <trkpt lon="2.767267" lat="39.796040"><ele>652.25</ele></trkpt>
   <trkpt lon="2.766659" lat="39.796311"><ele>653.0</ele></trkpt>
   <trkpt lon="2.766558" lat="39.796383"><ele>656.0</ele></trkpt>
   <trkpt lon="2.766516" lat="39.796454"><ele>657.75</ele></trkpt>
   <trkpt lon="2.766494" lat="39.796535"><ele>659.75</ele></trkpt>
   <trkpt lon="2.766513" lat="39.796614"><ele>661.0</ele></trkpt>
   <trkpt lon="2.766553" lat="39.796703"><ele>662.5</ele></trkpt>
   <trkpt lon="2.766624" lat="39.796759"><ele>662.75</ele></trkpt>
   <trkpt lon="2.766710" lat="39.796798"><ele>663.0</ele></trkpt>
   <trkpt lon="2.766796" lat="39.796808"><ele>663.75</ele></trkpt>
   <trkpt lon="2.766970" lat="39.796789"><ele>664.5</ele></trkpt>
   <trkpt lon="2.767105" lat="39.796718"><ele>665.25</ele></trkpt>
   <trkpt lon="2.767524" lat="39.796278"><ele>664.0</ele></trkpt>
   <trkpt lon="2.767594" lat="39.796215"><ele>664.5</ele></trkpt>
   <trkpt lon="2.767656" lat="39.796182"><ele>665.5</ele></trkpt>
   <trkpt lon="2.767735" lat="39.796151"><ele>667.0</ele></trkpt>
   <trkpt lon="2.767812" lat="39.796131"><ele>667.75</ele></trkpt>
   <trkpt lon="2.767901" lat="39.796124"><ele>668.25</ele></trkpt>
   <trkpt lon="2.768067" lat="39.796122"><ele>669.5</ele></trkpt>
   <trkpt lon="2.770149" lat="39.796147"><ele>680.75</ele></trkpt>
   <trkpt lon="2.770149" lat="39.796146"><ele>683.25</ele><sym>pass_place</sym><type>Shaping</type></trkpt>
   <trkpt lon="2.770422" lat="39.796132"><ele>683.25</ele></trkpt>
   <trkpt lon="2.770579" lat="39.796106"><ele>684.0</ele></trkpt>
   <trkpt lon="2.770801" lat="39.796046"><ele>685.5</ele></trkpt>
   <trkpt lon="2.771038" lat="39.795940"><ele>687.25</ele></trkpt>
   <trkpt lon="2.771215" lat="39.795813"><ele>688.75</ele></trkpt>
   <trkpt lon="2.771356" lat="39.795648"><ele>690.5</ele></trkpt>
   <trkpt lon="2.771447" lat="39.795481"><ele>692.25</ele></trkpt>
   <trkpt lon="2.771541" lat="39.795255"><ele>696.25</ele></trkpt>
   <trkpt lon="2.771539" lat="39.795043"><ele>697.75</ele></trkpt>
   <trkpt lon="2.771472" lat="39.794827"><ele>698.25</ele></trkpt>
   <trkpt lon="2.771318" lat="39.794582"><ele>697.5</ele></trkpt>
   <trkpt lon="2.770397" lat="39.793396"><ele>707.25</ele></trkpt>
   <trkpt lon="2.770299" lat="39.793252"><ele>710.5</ele></trkpt>
   <trkpt lon="2.770267" lat="39.793164"><ele>711.75</ele></trkpt>
   <trkpt lon="2.770268" lat="39.793076"><ele>712.75</ele></trkpt>
   <trkpt lon="2.770301" lat="39.793003"><ele>713.0</ele></trkpt>
   <trkpt lon="2.770374" lat="39.792907"><ele>714.0</ele></trkpt>
   <trkpt lon="2.770482" lat="39.792849"><ele>715.25</ele></trkpt>
   <trkpt lon="2.770644" lat="39.792814"><ele>717.25</ele></trkpt>
   <trkpt lon="2.770786" lat="39.792829"><ele>718.75</ele></trkpt>
   <trkpt lon="2.770896" lat="39.792863"><ele>720.25</ele></trkpt>
   <trkpt lon="2.771068" lat="39.792994"><ele>721.0</ele></trkpt>
   <trkpt lon="2.771633" lat="39.793468"><ele>724.75</ele></trkpt>
   <trkpt lon="2.772107" lat="39.793836"><ele>728.5</ele></trkpt>
   <trkpt lon="2.772362" lat="39.794045"><ele>730.75</ele></trkpt>
   <trkpt lon="2.772483" lat="39.794185"><ele>731.5</ele></trkpt>
   <trkpt lon="2.772907" lat="39.794731"><ele>737.5</ele></trkpt>
   <trkpt lon="2.772961" lat="39.794773"><ele>737.25</ele></trkpt>
   <trkpt lon="2.773025" lat="39.794811"><ele>737.25</ele></trkpt>
   <trkpt lon="2.773107" lat="39.794845"><ele>737.75</ele></trkpt>
   <trkpt lon="2.773192" lat="39.794864"><ele>738.75</ele></trkpt>
   <trkpt lon="2.773282" lat="39.794878"><ele>739.75</ele></trkpt>
   <trkpt lon="2.773393" lat="39.794882"><ele>740.5</ele></trkpt>
   <trkpt lon="2.773686" lat="39.794859"><ele>741.25</ele></trkpt>
   <trkpt lon="2.773954" lat="39.794825"><ele>743.5</ele></trkpt>
   <trkpt lon="2.774057" lat="39.794818"><ele>745.25</ele></trkpt>
   <trkpt lon="2.774141" lat="39.794819"><ele>746.75</ele></trkpt>
   <trkpt lon="2.774213" lat="39.794839"><ele>747.5</ele></trkpt>
   <trkpt lon="2.774278" lat="39.794870"><ele>748.0</ele></trkpt>
   <trkpt lon="2.774336" lat="39.794913"><ele>748.0</ele></trkpt>
   <trkpt lon="2.774375" lat="39.794963"><ele>747.75</ele></trkpt>
   <trkpt lon="2.774408" lat="39.795024"><ele>747.25</ele></trkpt>
   <trkpt lon="2.774434" lat="39.795163"><ele>747.0</ele></trkpt>
   <trkpt lon="2.774572" lat="39.796082"><ele>755.75</ele></trkpt>
   <trkpt lon="2.774577" lat="39.796220"><ele>757.0</ele></trkpt>
   <trkpt lon="2.774578" lat="39.796322"><ele>758.0</ele></trkpt>
   <trkpt lon="2.774567" lat="39.796402"><ele>758.5</ele></trkpt>
   <trkpt lon="2.774534" lat="39.796507"><ele>759.5</ele></trkpt>
   <trkpt lon="2.774500" lat="39.796585"><ele>759.75</ele></trkpt>
   <trkpt lon="2.774293" lat="39.796907"><ele>761.25</ele></trkpt>
   <trkpt lon="2.774092" lat="39.797177"><ele>764.25</ele></trkpt>
   <trkpt lon="2.773910" lat="39.797346"><ele>768.0</ele></trkpt>
   <trkpt lon="2.773837" lat="39.797403"><ele>769.5</ele></trkpt>
   <trkpt lon="2.773699" lat="39.797474"><ele>769.75</ele></trkpt>
   <trkpt lon="2.773459" lat="39.797583"><ele>768.75</ele></trkpt>
   <trkpt lon="2.773043" lat="39.797744"><ele>768.5</ele></trkpt>
   <trkpt lon="2.772987" lat="39.797781"><ele>768.5</ele></trkpt>
   <trkpt lon="2.772944" lat="39.797826"><ele>768.25</ele></trkpt>
   <trkpt lon="2.772898" lat="39.797901"><ele>769.75</ele></trkpt>
   <trkpt lon="2.772887" lat="39.797977"><ele>772.25</ele></trkpt>
   <trkpt lon="2.772913" lat="39.798068"><ele>775.75</ele></trkpt>
   <trkpt lon="2.772999" lat="39.798152"><ele>780.25</ele></trkpt>
   <trkpt lon="2.773065" lat="39.798194"><ele>782.75</ele></trkpt>
   <trkpt lon="2.773163" lat="39.798222"><ele>784.25</ele></trkpt>
   <trkpt lon="2.773300" lat="39.798232"><ele>784.5</ele></trkpt>
   <trkpt lon="2.773393" lat="39.798217"><ele>785.25</ele></trkpt>
   <trkpt lon="2.773465" lat="39.798183"><ele>785.25</ele></trkpt>
   <trkpt lon="2.773523" lat="39.798134"><ele>784.5</ele></trkpt>
   <trkpt lon="2.773606" lat="39.798020"><ele>782.25</ele></trkpt>
   <trkpt lon="2.773791" lat="39.797795"><ele>782.75</ele></trkpt>
   <trkpt lon="2.773849" lat="39.797754"><ele>782.25</ele></trkpt>
   <trkpt lon="2.773910" lat="39.797726"><ele>782.5</ele></trkpt>
   <trkpt lon="2.773998" lat="39.797707"><ele>783.75</ele></trkpt>
   <trkpt lon="2.774350" lat="39.797675"><ele>787.75</ele></trkpt>
   <trkpt lon="2.774553" lat="39.797641"><ele>789.25</ele></trkpt>
   <trkpt lon="2.774687" lat="39.797602"><ele>790.0</ele></trkpt>
   <trkpt lon="2.774785" lat="39.797565"><ele>790.5</ele></trkpt>
   <trkpt lon="2.774878" lat="39.797516"><ele>790.75</ele></trkpt>
   <trkpt lon="2.774964" lat="39.797455"><ele>791.0</ele></trkpt>
   <trkpt lon="2.775103" lat="39.797314"><ele>791.75</ele></trkpt>
   <trkpt lon="2.775271" lat="39.797038"><ele>794.0</ele></trkpt>
   <trkpt lon="2.775345" lat="39.796929"><ele>796.0</ele></trkpt>
   <trkpt lon="2.775433" lat="39.796827"><ele>796.75</ele></trkpt>
   <trkpt lon="2.775500" lat="39.796761"><ele>797.0</ele></trkpt>
   <trkpt lon="2.775578" lat="39.796706"><ele>797.75</ele></trkpt>
   <trkpt lon="2.775830" lat="39.796555"><ele>798.25</ele></trkpt>
   <trkpt lon="2.776147" lat="39.796383"><ele>801.75</ele></trkpt>
   <trkpt lon="2.776240" lat="39.796319"><ele>803.0</ele></trkpt>
   <trkpt lon="2.776315" lat="39.796253"><ele>803.5</ele></trkpt>
   <trkpt lon="2.776390" lat="39.796164"><ele>803.5</ele></trkpt>
   <trkpt lon="2.776442" lat="39.796088"><ele>803.25</ele></trkpt>
   <trkpt lon="2.776704" lat="39.795671"><ele>806.0</ele></trkpt>
   <trkpt lon="2.776775" lat="39.795591"><ele>806.75</ele><sym>pass_place</sym><type>Shaping</type></trkpt>
   <trkpt lon="2.776919" lat="39.795453"><ele>808.25</ele></trkpt>
   <trkpt lon="2.777168" lat="39.795196"><ele>811.75</ele></trkpt>
   <trkpt lon="2.777199" lat="39.795151"><ele>812.25</ele></trkpt>
   <trkpt lon="2.777228" lat="39.795071"><ele>812.5</ele></trkpt>
   <trkpt lon="2.777237" lat="39.795016"><ele>812.25</ele></trkpt>
   <trkpt lon="2.777227" lat="39.794936"><ele>812.75</ele></trkpt>
   <trkpt lon="2.777194" lat="39.794808"><ele>813.25</ele></trkpt>
   <trkpt lon="2.777178" lat="39.794743"><ele>813.75</ele></trkpt>
   <trkpt lon="2.777059" lat="39.794445"><ele>815.25</ele></trkpt>
   <trkpt lon="2.777026" lat="39.794338"><ele>816.25</ele></trkpt>
   <trkpt lon="2.776944" lat="39.794184"><ele>816.5</ele></trkpt>
   <trkpt lon="2.776475" lat="39.793669"><ele>821.0</ele></trkpt>
   <trkpt lon="2.776386" lat="39.793584"><ele>822.0</ele></trkpt>
   <trkpt lon="2.776227" lat="39.793466"><ele>823.25</ele></trkpt>
   <trkpt lon="2.775690" lat="39.793177"><ele>825.75</ele></trkpt>
   <trkpt lon="2.775635" lat="39.793145"><ele>826.0</ele></trkpt>
   <trkpt lon="2.775592" lat="39.793099"><ele>827.0</ele></trkpt>
   <trkpt lon="2.775557" lat="39.793040"><ele>828.0</ele></trkpt>
   <trkpt lon="2.775539" lat="39.792973"><ele>828.0</ele></trkpt>
   <trkpt lon="2.775528" lat="39.792835"><ele>828.5</ele></trkpt>
   <trkpt lon="2.775521" lat="39.792558"><ele>831.5</ele></trkpt>
   <trkpt lon="2.775490" lat="39.792349"><ele>833.0</ele></trkpt>
   <trkpt lon="2.775426" lat="39.792182"><ele>833.5</ele></trkpt>
   <trkpt lon="2.775073" lat="39.791442"><ele>840.75</ele></trkpt>
   <trkpt lon="2.774878" lat="39.791120"><ele>842.0</ele></trkpt>
   <trkpt lon="2.774564" lat="39.790690"><ele>842.75</ele></trkpt>
   <trkpt lon="2.774498" lat="39.790595"><ele>844.75</ele></trkpt>
   <trkpt lon="2.774467" lat="39.790538"><ele>846.75</ele></trkpt>
   <trkpt lon="2.774444" lat="39.790425"><ele>852.0</ele></trkpt>
   <trkpt lon="2.774464" lat="39.790361"><ele>858.0</ele></trkpt>
   <trkpt lon="2.774547" lat="39.790295"><ele>875.75</ele></trkpt>
   <trkpt lon="2.778339" lat="39.788330"><ele>879.75</ele></trkpt>
   <trkpt lon="2.778339" lat="39.788329"><ele>875.25</ele><sym>pass_place</sym><type>Shaping</type></trkpt>
   <trkpt lon="2.778460" lat="39.788265"><ele>875.25</ele></trkpt>
   <trkpt lon="2.778576" lat="39.788232"><ele>872.25</ele></trkpt>
   <trkpt lon="2.778657" lat="39.788223"><ele>870.75</ele></trkpt>
   <trkpt lon="2.778724" lat="39.788231"><ele>870.0</ele></trkpt>
   <trkpt lon="2.778799" lat="39.788252"><ele>869.5</ele></trkpt>
   <trkpt lon="2.778859" lat="39.788284"><ele>869.25</ele></trkpt>
   <trkpt lon="2.778915" lat="39.788327"><ele>869.25</ele></trkpt>
   <trkpt lon="2.779359" lat="39.788856"><ele>870.5</ele></trkpt>
   <trkpt lon="2.779510" lat="39.788959"><ele>869.75</ele></trkpt>
   <trkpt lon="2.779953" lat="39.789143"><ele>865.25</ele></trkpt>
   <trkpt lon="2.782088" lat="39.789978"><ele>853.0</ele></trkpt>
   <trkpt lon="2.783337" lat="39.790523"><ele>847.5</ele></trkpt>
   <trkpt lon="2.783585" lat="39.790651"><ele>847.5</ele></trkpt>
   <trkpt lon="2.783751" lat="39.790748"><ele>847.25</ele></trkpt>
   <trkpt lon="2.785358" lat="39.791770"><ele>838.25</ele></trkpt>
   <trkpt lon="2.785865" lat="39.792078"><ele>836.25</ele></trkpt>
   <trkpt lon="2.786249" lat="39.792345"><ele>835.0</ele></trkpt>
   <trkpt lon="2.786432" lat="39.792515"><ele>833.5</ele></trkpt>
   <trkpt lon="2.787033" lat="39.793221"><ele>834.75</ele></trkpt>
   <trkpt lon="2.787124" lat="39.793275"><ele>833.75</ele></trkpt>
   <trkpt lon="2.787567" lat="39.793467"><ele>830.75</ele></trkpt>
   <trkpt lon="2.788655" lat="39.793997"><ele>828.75</ele></trkpt>
   <trkpt lon="2.788789" lat="39.794085"><ele>828.0</ele></trkpt>
   <trkpt lon="2.789778" lat="39.794975"><ele>825.5</ele></trkpt>
   <trkpt lon="2.789822" lat="39.795003"><ele>825.25</ele></trkpt>
   <trkpt lon="2.789879" lat="39.795039"><ele>825.0</ele></trkpt>
   <trkpt lon="2.789967" lat="39.795067"><ele>824.5</ele></trkpt>
   <trkpt lon="2.790088" lat="39.795066"><ele>824.5</ele></trkpt>
   <trkpt lon="2.790178" lat="39.795051"><ele>824.75</ele></trkpt>
   <trkpt lon="2.790257" lat="39.795009"><ele>824.75</ele></trkpt>
   <trkpt lon="2.790309" lat="39.794959"><ele>824.75</ele></trkpt>
   <trkpt lon="2.790373" lat="39.794880"><ele>824.75</ele></trkpt>
   <trkpt lon="2.790376" lat="39.794774"><ele>824.5</ele></trkpt>
   <trkpt lon="2.790164" lat="39.793537"><ele>823.5</ele></trkpt>
   <trkpt lon="2.790153" lat="39.793400"><ele>822.75</ele></trkpt>
   <trkpt lon="2.790201" lat="39.793268"><ele>823.25</ele></trkpt>
   <trkpt lon="2.790464" lat="39.792942"><ele>825.0</ele></trkpt>
   <trkpt lon="2.790638" lat="39.792741"><ele>820.75</ele></trkpt>
   <trkpt lon="2.790778" lat="39.792603"><ele>821.25</ele></trkpt>
   <trkpt lon="2.791265" lat="39.792232"><ele>822.5</ele></trkpt>
   <trkpt lon="2.791322" lat="39.792137"><ele>823.25</ele></trkpt>
   <trkpt lon="2.791370" lat="39.792006"><ele>823.75</ele></trkpt>
   <trkpt lon="2.791448" lat="39.791748"><ele>823.5</ele></trkpt>
   <trkpt lon="2.791489" lat="39.791704"><ele>823.5</ele></trkpt>
   <trkpt lon="2.791567" lat="39.791656"><ele>823.0</ele></trkpt>
   <trkpt lon="2.791691" lat="39.791643"><ele>823.25</ele></trkpt>
   <trkpt lon="2.791946" lat="39.791666"><ele>824.75</ele></trkpt>
   <trkpt lon="2.792509" lat="39.791767"><ele>827.0</ele><sym>pass_place</sym><type>Shaping</type></trkpt>
   <trkpt lon="2.792513" lat="39.791768"><ele>827.0</ele></trkpt>
   <trkpt lon="2.792988" lat="39.791867"><ele>823.5</ele></trkpt>
   <trkpt lon="2.793508" lat="39.791975"><ele>820.5</ele></trkpt>
   <trkpt lon="2.794102" lat="39.792038"><ele>818.0</ele></trkpt>
   <trkpt lon="2.794710" lat="39.792066"><ele>811.75</ele></trkpt>
   <trkpt lon="2.796136" lat="39.792109"><ele>805.75</ele></trkpt>
   <trkpt lon="2.796307" lat="39.792104"><ele>804.5</ele></trkpt>
   <trkpt lon="2.796461" lat="39.792068"><ele>803.25</ele></trkpt>
   <trkpt lon="2.796587" lat="39.791975"><ele>801.0</ele></trkpt>
   <trkpt lon="2.796621" lat="39.791866"><ele>800.25</ele></trkpt>
   <trkpt lon="2.796604" lat="39.791747"><ele>799.75</ele></trkpt>
   <trkpt lon="2.796528" lat="39.791640"><ele>798.75</ele></trkpt>
   <trkpt lon="2.795828" lat="39.791281"><ele>793.5</ele></trkpt>
   <trkpt lon="2.795629" lat="39.791140"><ele>791.0</ele></trkpt>
   <trkpt lon="2.795427" lat="39.790950"><ele>788.0</ele></trkpt>
   <trkpt lon="2.795273" lat="39.790713"><ele>786.5</ele></trkpt>
   <trkpt lon="2.795053" lat="39.790104"><ele>783.0</ele></trkpt>
   <trkpt lon="2.794892" lat="39.789815"><ele>781.0</ele></trkpt>
   <trkpt lon="2.794681" lat="39.789519"><ele>777.75</ele></trkpt>
   <trkpt lon="2.794616" lat="39.789378"><ele>775.75</ele></trkpt>
   <trkpt lon="2.794628" lat="39.789228"><ele>774.75</ele></trkpt>
   <trkpt lon="2.794698" lat="39.789095"><ele>774.25</ele></trkpt>
   <trkpt lon="2.794825" lat="39.788964"><ele>773.0</ele></trkpt>
   <trkpt lon="2.794959" lat="39.788898"><ele>772.75</ele></trkpt>
   <trkpt lon="2.795075" lat="39.788862"><ele>772.25</ele></trkpt>
   <trkpt lon="2.796807" lat="39.788514"><ele>764.0</ele></trkpt>
   <trkpt lon="2.797029" lat="39.788458"><ele>764.0</ele></trkpt>
   <trkpt lon="2.797132" lat="39.788423"><ele>763.75</ele></trkpt>
   <trkpt lon="2.797184" lat="39.788385"><ele>763.5</ele></trkpt>
   <trkpt lon="2.797205" lat="39.788345"><ele>763.0</ele></trkpt>
   <trkpt lon="2.797218" lat="39.788289"><ele>763.25</ele></trkpt>
   <trkpt lon="2.797219" lat="39.788241"><ele>763.5</ele></trkpt>
   <trkpt lon="2.797199" lat="39.788203"><ele>763.5</ele></trkpt>
   <trkpt lon="2.796800" lat="39.787706"><ele>760.25</ele></trkpt>
   <trkpt lon="2.796777" lat="39.787647"><ele>760.0</ele></trkpt>
   <trkpt lon="2.796794" lat="39.787558"><ele>760.25</ele></trkpt>
   <trkpt lon="2.796848" lat="39.787477"><ele>760.75</ele></trkpt>
   <trkpt lon="2.796983" lat="39.787348"><ele>761.5</ele></trkpt>
   <trkpt lon="2.797263" lat="39.787095"><ele>760.75</ele></trkpt>
   <trkpt lon="2.797457" lat="39.786925"><ele>758.75</ele></trkpt>
   <trkpt lon="2.797521" lat="39.786888"><ele>758.75</ele></trkpt>
   <trkpt lon="2.797565" lat="39.786875"><ele>758.75</ele></trkpt>
   <trkpt lon="2.797631" lat="39.786865"><ele>758.75</ele></trkpt>
   <trkpt lon="2.797718" lat="39.786873"><ele>758.25</ele></trkpt>
   <trkpt lon="2.797774" lat="39.786892"><ele>757.75</ele></trkpt>
   <trkpt lon="2.798208" lat="39.787083"><ele>756.25</ele></trkpt>
   <trkpt lon="2.798316" lat="39.787119"><ele>756.0</ele></trkpt>
   <trkpt lon="2.798436" lat="39.787147"><ele>755.25</ele></trkpt>
   <trkpt lon="2.798809" lat="39.787193"><ele>752.75</ele></trkpt>
   <trkpt lon="2.798963" lat="39.787228"><ele>752.0</ele></trkpt>
   <trkpt lon="2.799021" lat="39.787246"><ele>751.75</ele></trkpt>
   <trkpt lon="2.799159" lat="39.787318"><ele>751.0</ele></trkpt>
   <trkpt lon="2.799631" lat="39.787649"><ele>745.75</ele></trkpt>
   <trkpt lon="2.799918" lat="39.787822"><ele>745.0</ele></trkpt>
   <trkpt lon="2.800006" lat="39.787892"><ele>744.0</ele></trkpt>
   <trkpt lon="2.800168" lat="39.788069"><ele>742.0</ele></trkpt>
   <trkpt lon="2.800408" lat="39.788374"><ele>739.75</ele></trkpt>
   <trkpt lon="2.800508" lat="39.788480"><ele>738.5</ele></trkpt>
   <trkpt lon="2.801278" lat="39.789160"><ele>732.25</ele></trkpt>
   <trkpt lon="2.801303" lat="39.789218"><ele>732.0</ele></trkpt>
   <trkpt lon="2.801307" lat="39.789301"><ele>731.0</ele></trkpt>
   <trkpt lon="2.801303" lat="39.789468"><ele>728.5</ele></trkpt>
   <trkpt lon="2.801269" lat="39.789755"><ele>726.0</ele></trkpt>
   <trkpt lon="2.801280" lat="39.789850"><ele>725.0</ele></trkpt>
   <trkpt lon="2.801310" lat="39.789915"><ele>724.5</ele></trkpt>
   <trkpt lon="2.801370" lat="39.789988"><ele>724.0</ele></trkpt>
   <trkpt lon="2.801885" lat="39.790259"><ele>720.0</ele></trkpt>
   <trkpt lon="2.802499" lat="39.790607"><ele>716.5</ele><sym>pass_place</sym><type>Shaping</type></trkpt>
   <trkpt lon="2.802675" lat="39.790731"><ele>715.75</ele></trkpt>
   <trkpt lon="2.802783" lat="39.790868"><ele>714.5</ele></trkpt>
   <trkpt lon="2.802832" lat="39.790955"><ele>714.5</ele></trkpt>
   <trkpt lon="2.802839" lat="39.791078"><ele>713.25</ele></trkpt>
   <trkpt lon="2.802780" lat="39.791417"><ele>710.5</ele></trkpt>
   <trkpt lon="2.802775" lat="39.791517"><ele>708.5</ele></trkpt>
   <trkpt lon="2.802802" lat="39.791603"><ele>707.25</ele></trkpt>
   <trkpt lon="2.802891" lat="39.791683"><ele>706.5</ele></trkpt>
   <trkpt lon="2.803081" lat="39.791788"><ele>705.25</ele></trkpt>
   <trkpt lon="2.803965" lat="39.792154"><ele>701.0</ele></trkpt>
   <trkpt lon="2.804191" lat="39.792348"><ele>698.5</ele></trkpt>
   <trkpt lon="2.804337" lat="39.792550"><ele>695.75</ele></trkpt>
   <trkpt lon="2.804405" lat="39.792681"><ele>693.75</ele></trkpt>
   <trkpt lon="2.804454" lat="39.792749"><ele>692.75</ele></trkpt>
   <trkpt lon="2.804572" lat="39.792807"><ele>691.75</ele></trkpt>
   <trkpt lon="2.804712" lat="39.792839"><ele>691.25</ele></trkpt>
   <trkpt lon="2.804932" lat="39.792857"><ele>689.25</ele></trkpt>
   <trkpt lon="2.805131" lat="39.792825"><ele>688.25</ele></trkpt>
   <trkpt lon="2.805380" lat="39.792741"><ele>687.75</ele></trkpt>
   <trkpt lon="2.805586" lat="39.792705"><ele>686.75</ele></trkpt>
   <trkpt lon="2.805752" lat="39.792707"><ele>686.5</ele></trkpt>
   <trkpt lon="2.806665" lat="39.792840"><ele>680.75</ele></trkpt>
   <trkpt lon="2.806941" lat="39.792923"><ele>678.75</ele></trkpt>
   <trkpt lon="2.807074" lat="39.793010"><ele>677.5</ele></trkpt>
   <trkpt lon="2.807308" lat="39.793189"><ele>675.25</ele></trkpt>
   <trkpt lon="2.807959" lat="39.793741"><ele>668.75</ele></trkpt>
   <trkpt lon="2.808001" lat="39.793796"><ele>668.5</ele></trkpt>
   <trkpt lon="2.808097" lat="39.794034"><ele>666.75</ele></trkpt>
   <trkpt lon="2.808223" lat="39.794407"><ele>663.5</ele></trkpt>
   <trkpt lon="2.808336" lat="39.794632"><ele>661.75</ele></trkpt>
   <trkpt lon="2.808656" lat="39.795165"><ele>657.25</ele></trkpt>
   <trkpt lon="2.808766" lat="39.795284"><ele>655.75</ele></trkpt>
   <trkpt lon="2.808946" lat="39.795417"><ele>654.25</ele></trkpt>
   <trkpt lon="2.809445" lat="39.795734"><ele>651.0</ele></trkpt>
   <trkpt lon="2.810372" lat="39.796362"><ele>643.0</ele></trkpt>
   <trkpt lon="2.810480" lat="39.796466"><ele>641.25</ele></trkpt>
   <trkpt lon="2.810526" lat="39.796519"><ele>640.5</ele></trkpt>
   <trkpt lon="2.810594" lat="39.796613"><ele>639.25</ele></trkpt>
   <trkpt lon="2.810677" lat="39.796821"><ele>636.5</ele></trkpt>
   <trkpt lon="2.810713" lat="39.796987"><ele>634.75</ele></trkpt>
   <trkpt lon="2.810792" lat="39.797457"><ele>629.5</ele></trkpt>
   <trkpt lon="2.810795" lat="39.797646"><ele>628.0</ele></trkpt>
   <trkpt lon="2.810781" lat="39.797790"><ele>626.75</ele></trkpt>
   <trkpt lon="2.810723" lat="39.797939"><ele>625.25</ele></trkpt>
   <trkpt lon="2.810260" lat="39.798724"><ele>617.5</ele></trkpt>
   <trkpt lon="2.810193" lat="39.798826"><ele>618.0</ele></trkpt>
   <trkpt lon="2.810119" lat="39.799003"><ele>619.0</ele></trkpt>
   <trkpt lon="2.810123" lat="39.799098"><ele>619.5</ele></trkpt>
   <trkpt lon="2.810178" lat="39.799238"><ele>619.25</ele></trkpt>
   <trkpt lon="2.810903" lat="39.799987"><ele>618.25</ele></trkpt>
   <trkpt lon="2.811101" lat="39.800261"><ele>618.0</ele></trkpt>
   <trkpt lon="2.811282" lat="39.800536"><ele>618.0</ele></trkpt>
   <trkpt lon="2.811416" lat="39.800700"><ele>617.75</ele></trkpt>
   <trkpt lon="2.811845" lat="39.801160"><ele>618.5</ele></trkpt>
   <trkpt lon="2.812239" lat="39.801530"><ele>617.75</ele></trkpt>
   <trkpt lon="2.812601" lat="39.801832"><ele>618.75</ele></trkpt>
   <trkpt lon="2.813016" lat="39.802163"><ele>618.5</ele></trkpt>
   <trkpt lon="2.813641" lat="39.802637"><ele>618.75</ele><sym>pass_place</sym><type>Shaping</type></trkpt>
   <trkpt lon="2.815023" lat="39.803580"><ele>617.75</ele></trkpt>
   <trkpt lon="2.815443" lat="39.803818"><ele>617.75</ele></trkpt>
   <trkpt lon="2.815733" lat="39.804006"><ele>618.0</ele></trkpt>
   <trkpt lon="2.816083" lat="39.804277"><ele>618.25</ele></trkpt>
   <trkpt lon="2.816494" lat="39.804627"><ele>619.25</ele></trkpt>
   <trkpt lon="2.816689" lat="39.804805"><ele>619.25</ele></trkpt>
   <trkpt lon="2.816879" lat="39.805020"><ele>619.75</ele></trkpt>
   <trkpt lon="2.817068" lat="39.805274"><ele>620.75</ele></trkpt>
   <trkpt lon="2.817242" lat="39.805467"><ele>619.75</ele></trkpt>
   <trkpt lon="2.817447" lat="39.805661"><ele>623.0</ele></trkpt>
   <trkpt lon="2.817696" lat="39.805846"><ele>621.5</ele></trkpt>
   <trkpt lon="2.818393" lat="39.806314"><ele>621.25</ele></trkpt>
   <trkpt lon="2.818533" lat="39.806419"><ele>621.25</ele></trkpt>
   <trkpt lon="2.818661" lat="39.806532"><ele>621.5</ele></trkpt>
   <trkpt lon="2.819045" lat="39.806928"><ele>619.75</ele></trkpt>
   <trkpt lon="2.819732" lat="39.807678"><ele>618.75</ele></trkpt>
   <trkpt lon="2.820691" lat="39.808678"><ele>618.25</ele></trkpt>
   <trkpt lon="2.820795" lat="39.808768"><ele>618.0</ele></trkpt>
   <trkpt lon="2.821219" lat="39.809085"><ele>620.25</ele></trkpt>
   <trkpt lon="2.821362" lat="39.809207"><ele>619.75</ele></trkpt>
   <trkpt lon="2.821423" lat="39.809279"><ele>619.5</ele></trkpt>
   <trkpt lon="2.821683" lat="39.809681"><ele>618.75</ele></trkpt>
   <trkpt lon="2.821762" lat="39.809785"><ele>618.75</ele></trkpt>
   <trkpt lon="2.821878" lat="39.809923"><ele>618.75</ele></trkpt>
   <trkpt lon="2.822446" lat="39.810507"><ele>618.75</ele></trkpt>
   <trkpt lon="2.822581" lat="39.810656"><ele>620.25</ele></trkpt>
   <trkpt lon="2.822643" lat="39.810753"><ele>621.25</ele></trkpt>
   <trkpt lon="2.822669" lat="39.810811"><ele>621.75</ele></trkpt>
   <trkpt lon="2.822652" lat="39.810948"><ele>621.5</ele></trkpt>
   <trkpt lon="2.822610" lat="39.811004"><ele>621.5</ele></trkpt>
   <trkpt lon="2.821000" lat="39.812774"><ele>619.75</ele></trkpt>
   <trkpt lon="2.820876" lat="39.812864"><ele>619.75</ele></trkpt>
   <trkpt lon="2.820777" lat="39.812894"><ele>618.0</ele></trkpt>
   <trkpt lon="2.820643" lat="39.812911"><ele>617.25</ele></trkpt>
   <trkpt lon="2.819817" lat="39.812902"><ele>609.0</ele></trkpt>
   <trkpt lon="2.819169" lat="39.812911"><ele>606.0</ele></trkpt>
   <trkpt lon="2.819090" lat="39.812912"><ele>606.25</ele></trkpt>
   <trkpt lon="2.818923" lat="39.812941"><ele>605.75</ele></trkpt>
   <trkpt lon="2.818796" lat="39.813007"><ele>605.5</ele></trkpt>
   <trkpt lon="2.818719" lat="39.813093"><ele>604.5</ele></trkpt>
   <trkpt lon="2.818683" lat="39.813214"><ele>602.75</ele></trkpt>
   <trkpt lon="2.818703" lat="39.813339"><ele>600.25</ele></trkpt>
   <trkpt lon="2.818805" lat="39.813451"><ele>600.75</ele></trkpt>
   <trkpt lon="2.819032" lat="39.813554"><ele>599.0</ele></trkpt>
   <trkpt lon="2.819190" lat="39.813585"><ele>597.5</ele></trkpt>
   <trkpt lon="2.819390" lat="39.813592"><ele>595.5</ele></trkpt>
   <trkpt lon="2.820120" lat="39.813580"><ele>591.75</ele><sym>pass_place</sym><type>Shaping</type></trkpt>
   <trkpt lon="2.820121" lat="39.813580"><ele>591.75</ele></trkpt>
   <trkpt lon="2.820468" lat="39.813623"><ele>591.0</ele></trkpt>
   <trkpt lon="2.820626" lat="39.813672"><ele>590.5</ele></trkpt>
   <trkpt lon="2.821435" lat="39.814072"><ele>585.0</ele></trkpt>
   <trkpt lon="2.821789" lat="39.814212"><ele>582.25</ele></trkpt>
   <trkpt lon="2.822199" lat="39.814405"><ele>578.75</ele></trkpt>
   <trkpt lon="2.822425" lat="39.814561"><ele>578.0</ele></trkpt>
   <trkpt lon="2.823374" lat="39.815587"><ele>567.0</ele></trkpt>
   <trkpt lon="2.823541" lat="39.815750"><ele>566.75</ele></trkpt>
   <trkpt lon="2.823655" lat="39.815833"><ele>564.5</ele></trkpt>
   <trkpt lon="2.823763" lat="39.815899"><ele>564.5</ele></trkpt>
   <trkpt lon="2.824050" lat="39.816049"><ele>562.5</ele></trkpt>
   <trkpt lon="2.824169" lat="39.816093"><ele>560.5</ele><sym>left</sym></trkpt>
   <trkpt lon="2.824141" lat="39.816151"><ele>560.0</ele></trkpt>
   <trkpt lon="2.824097" lat="39.816193"><ele>559.75</ele></trkpt>
   <trkpt lon="2.824042" lat="39.816213"><ele>559.5</ele></trkpt>
   <trkpt lon="2.823970" lat="39.816219"><ele>559.25</ele><sym>left_slight</sym></trkpt>
   <trkpt lon="2.823922" lat="39.816204"><ele>559.25</ele></trkpt>
   <trkpt lon="2.823799" lat="39.816149"><ele>559.25</ele></trkpt>
   <trkpt lon="2.823697" lat="39.816078"><ele>560.25</ele></trkpt>
   <trkpt lon="2.823599" lat="39.816007"><ele>560.5</ele></trkpt>
   <trkpt lon="2.823459" lat="39.815896"><ele>560.25</ele></trkpt>
   <trkpt lon="2.822844" lat="39.815336"><ele>561.0</ele></trkpt>
   <trkpt lon="2.822700" lat="39.815222"><ele>561.25</ele></trkpt>
   <trkpt lon="2.822597" lat="39.815154"><ele>561.0</ele></trkpt>
   <trkpt lon="2.822555" lat="39.815140"><ele>560.25</ele></trkpt>
   <trkpt lon="2.822514" lat="39.815138"><ele>559.25</ele></trkpt>
   <trkpt lon="2.822473" lat="39.815145"><ele>559.5</ele></trkpt>
   <trkpt lon="2.822442" lat="39.815158"><ele>559.75</ele></trkpt>
   <trkpt lon="2.822262" lat="39.815280"><ele>561.25</ele></trkpt>
   <trkpt lon="2.822039" lat="39.815452"><ele>561.25</ele></trkpt>
   <trkpt lon="2.822008" lat="39.815496"><ele>561.25</ele></trkpt>
   <trkpt lon="2.821964" lat="39.815594"><ele>561.75</ele></trkpt>
   <trkpt lon="2.821956" lat="39.815695"><ele>562.5</ele></trkpt>
   <trkpt lon="2.821967" lat="39.815743"><ele>562.5</ele></trkpt>
   <trkpt lon="2.821995" lat="39.815799"><ele>562.25</ele></trkpt>
   <trkpt lon="2.822117" lat="39.815984"><ele>561.75</ele></trkpt>
   <trkpt lon="2.822130" lat="39.816024"><ele>562.25</ele></trkpt>
   <trkpt lon="2.822135" lat="39.816074"><ele>563.0</ele></trkpt>
   <trkpt lon="2.822124" lat="39.816122"><ele>563.75</ele></trkpt>
   <trkpt lon="2.822106" lat="39.816172"><ele>563.0</ele></trkpt>
   <trkpt lon="2.822073" lat="39.816228"><ele>562.75</ele></trkpt>
   <trkpt lon="2.821746" lat="39.816638"><ele>561.75</ele></trkpt>
   <trkpt lon="2.821667" lat="39.816718"><ele>561.25</ele></trkpt>
   <trkpt lon="2.820992" lat="39.817304"><ele>565.5</ele></trkpt>
   <trkpt lon="2.820923" lat="39.817351"><ele>565.5</ele></trkpt>
   <trkpt lon="2.820838" lat="39.817395"><ele>565.75</ele></trkpt>
   <trkpt lon="2.820745" lat="39.817432"><ele>565.75</ele></trkpt>
   <trkpt lon="2.820639" lat="39.817462"><ele>566.25</ele></trkpt>
   <trkpt lon="2.820502" lat="39.817489"><ele>567.0</ele></trkpt>
   <trkpt lon="2.819591" lat="39.817609"><ele>571.25</ele></trkpt>
   <trkpt lon="2.819441" lat="39.817641"><ele>571.75</ele></trkpt>
   <trkpt lon="2.819305" lat="39.817687"><ele>572.25</ele></trkpt>
   <trkpt lon="2.817797" lat="39.818273"><ele>581.25</ele></trkpt>
   <trkpt lon="2.817533" lat="39.818358"><ele>583.5</ele></trkpt>
   <trkpt lon="2.817129" lat="39.818452"><ele>588.0</ele></trkpt>
   <trkpt lon="2.816303" lat="39.818641"><ele>591.25</ele></trkpt>
   <trkpt lon="2.816105" lat="39.818673"><ele>593.25</ele></trkpt>
   <trkpt lon="2.815952" lat="39.818689"><ele>594.25</ele></trkpt>
   <trkpt lon="2.815317" lat="39.818733"><ele>599.75</ele></trkpt>
   <trkpt lon="2.815258" lat="39.818752"><ele>600.25</ele></trkpt>
   <trkpt lon="2.815210" lat="39.818781"><ele>600.25</ele></trkpt>
   <trkpt lon="2.815179" lat="39.818807"><ele>600.25</ele></trkpt>
   <trkpt lon="2.815160" lat="39.818838"><ele>600.0</ele></trkpt>
   <trkpt lon="2.815149" lat="39.818881"><ele>599.25</ele></trkpt>
   <trkpt lon="2.815146" lat="39.818934"><ele>600.0</ele></trkpt>
   <trkpt lon="2.815165" lat="39.819083"><ele>602.25</ele></trkpt>
   <trkpt lon="2.815235" lat="39.819344"><ele>604.0</ele></trkpt>
   <trkpt lon="2.815275" lat="39.819420"><ele>604.5</ele></trkpt>
   <trkpt lon="2.815381" lat="39.819546"><ele>606.0</ele></trkpt>
   <trkpt lon="2.815543" lat="39.819677"><ele>607.75</ele></trkpt>
   <trkpt lon="2.815648" lat="39.819746"><ele>608.5</ele></trkpt>
   <trkpt lon="2.816012" lat="39.819939"><ele>611.25</ele></trkpt>
   <trkpt lon="2.816050" lat="39.819970"><ele>611.75</ele></trkpt>
   <trkpt lon="2.816077" lat="39.820003"><ele>612.5</ele></trkpt>
   <trkpt lon="2.816096" lat="39.820044"><ele>612.0</ele></trkpt>
   <trkpt lon="2.816103" lat="39.820090"><ele>611.75</ele></trkpt>
   <trkpt lon="2.816101" lat="39.820127"><ele>611.75</ele></trkpt>
   <trkpt lon="2.816089" lat="39.820164"><ele>611.75</ele></trkpt>
   <trkpt lon="2.816072" lat="39.820193"><ele>612.0</ele></trkpt>
   <trkpt lon="2.816033" lat="39.820234"><ele>613.0</ele></trkpt>
   <trkpt lon="2.815254" lat="39.820850"><ele>621.75</ele></trkpt>
   <trkpt lon="2.815207" lat="39.820899"><ele>623.0</ele></trkpt>
   <trkpt lon="2.815166" lat="39.820955"><ele>624.25</ele></trkpt>
   <trkpt lon="2.815128" lat="39.821067"><ele>624.75</ele></trkpt>
   <trkpt lon="2.815116" lat="39.821206"><ele>626.0</ele><sym>pass_place</sym><type>Shaping</type></trkpt>
   <trkpt lon="2.815123" lat="39.821277"><ele>626.75</ele></trkpt>
   <trkpt lon="2.815143" lat="39.821353"><ele>626.75</ele></trkpt>
   <trkpt lon="2.815280" lat="39.821739"><ele>630.0</ele></trkpt>
   <trkpt lon="2.815287" lat="39.821781"><ele>631.0</ele></trkpt>
   <trkpt lon="2.815280" lat="39.821818"><ele>632.25</ele></trkpt>
   <trkpt lon="2.815257" lat="39.821844"><ele>633.5</ele></trkpt>
   <trkpt lon="2.815220" lat="39.821861"><ele>634.75</ele></trkpt>
   <trkpt lon="2.815180" lat="39.821868"><ele>636.0</ele></trkpt>
   <trkpt lon="2.815138" lat="39.821860"><ele>636.75</ele></trkpt>
   <trkpt lon="2.815101" lat="39.821842"><ele>637.25</ele></trkpt>
   <trkpt lon="2.815073" lat="39.821820"><ele>637.25</ele></trkpt>
   <trkpt lon="2.815054" lat="39.821780"><ele>637.0</ele></trkpt>
   <trkpt lon="2.814992" lat="39.821576"><ele>635.0</ele></trkpt>
   <trkpt lon="2.814944" lat="39.821512"><ele>636.0</ele></trkpt>
   <trkpt lon="2.814730" lat="39.821290"><ele>639.25</ele></trkpt>
   <trkpt lon="2.814636" lat="39.821149"><ele>641.25</ele></trkpt>
   <trkpt lon="2.814605" lat="39.821068"><ele>641.75</ele></trkpt>
   <trkpt lon="2.814584" lat="39.820986"><ele>642.5</ele></trkpt>
   <trkpt lon="2.814578" lat="39.820909"><ele>642.25</ele></trkpt>
   <trkpt lon="2.814608" lat="39.820725"><ele>641.5</ele></trkpt>
   <trkpt lon="2.814608" lat="39.820679"><ele>641.75</ele></trkpt>
   <trkpt lon="2.814578" lat="39.820599"><ele>642.75</ele></trkpt>
   <trkpt lon="2.814551" lat="39.820571"><ele>643.5</ele></trkpt>
   <trkpt lon="2.814513" lat="39.820547"><ele>644.25</ele></trkpt>
   <trkpt lon="2.814469" lat="39.820535"><ele>645.0</ele></trkpt>
   <trkpt lon="2.814425" lat="39.820531"><ele>646.0</ele></trkpt>
   <trkpt lon="2.814376" lat="39.820535"><ele>647.5</ele></trkpt>
   <trkpt lon="2.814330" lat="39.820555"><ele>648.75</ele></trkpt>
   <trkpt lon="2.814298" lat="39.820579"><ele>649.75</ele></trkpt>
   <trkpt lon="2.814278" lat="39.820608"><ele>650.25</ele></trkpt>
   <trkpt lon="2.814268" lat="39.820687"><ele>651.0</ele></trkpt>
   <trkpt lon="2.814276" lat="39.820733"><ele>651.0</ele></trkpt>
   <trkpt lon="2.814357" lat="39.820992"><ele>650.5</ele></trkpt>
   <trkpt lon="2.814375" lat="39.821082"><ele>651.0</ele></trkpt>
   <trkpt lon="2.814402" lat="39.821277"><ele>653.25</ele></trkpt>
   <trkpt lon="2.814414" lat="39.821433"><ele>655.75</ele></trkpt>
   <trkpt lon="2.814447" lat="39.821539"><ele>657.0</ele></trkpt>
   <trkpt lon="2.814543" lat="39.821730"><ele>657.75</ele></trkpt>
   <trkpt lon="2.814561" lat="39.821776"><ele>657.75</ele></trkpt>
   <trkpt lon="2.814570" lat="39.821826"><ele>658.0</ele></trkpt>
   <trkpt lon="2.814564" lat="39.821927"><ele>659.5</ele></trkpt>
   <trkpt lon="2.814530" lat="39.822075"><ele>663.0</ele></trkpt>
   <trkpt lon="2.814525" lat="39.822127"><ele>663.5</ele></trkpt>
   <trkpt lon="2.814529" lat="39.822174"><ele>664.0</ele></trkpt>
   <trkpt lon="2.814548" lat="39.822220"><ele>663.75</ele></trkpt>
   <trkpt lon="2.814580" lat="39.822254"><ele>664.75</ele></trkpt>
   <trkpt lon="2.814618" lat="39.822280"><ele>665.0</ele></trkpt>
   <trkpt lon="2.814664" lat="39.822299"><ele>665.0</ele></trkpt>
   <trkpt lon="2.814732" lat="39.822320"><ele>664.75</ele></trkpt>
   <trkpt lon="2.814974" lat="39.822363"><ele>663.5</ele></trkpt>
   <trkpt lon="2.815042" lat="39.822383"><ele>663.5</ele></trkpt>
   <trkpt lon="2.815097" lat="39.822408"><ele>664.0</ele></trkpt>
   <trkpt lon="2.815201" lat="39.822488"><ele>666.25</ele></trkpt>
   <trkpt lon="2.815480" lat="39.822736"><ele>670.25</ele></trkpt>
   <trkpt lon="2.815795" lat="39.823087"><ele>672.5</ele></trkpt>
   <trkpt lon="2.815844" lat="39.823176"><ele>672.75</ele></trkpt>
   <trkpt lon="2.815854" lat="39.823230"><ele>673.25</ele></trkpt>
   <trkpt lon="2.815856" lat="39.823278"><ele>674.0</ele></trkpt>
   <trkpt lon="2.815842" lat="39.823397"><ele>675.5</ele></trkpt>
   <trkpt lon="2.815791" lat="39.823581"><ele>677.25</ele></trkpt>
   <trkpt lon="2.815757" lat="39.823662"><ele>677.5</ele></trkpt>
   <trkpt lon="2.815668" lat="39.823812"><ele>678.5</ele></trkpt>
   <trkpt lon="2.815575" lat="39.823931"><ele>680.25</ele></trkpt>
   <trkpt lon="2.815508" lat="39.823999"><ele>680.5</ele></trkpt>
   <trkpt lon="2.815247" lat="39.824185"><ele>683.0</ele></trkpt>
   <trkpt lon="2.815067" lat="39.824376"><ele>684.75</ele></trkpt>
   <trkpt lon="2.814716" lat="39.824782"><ele>690.25</ele></trkpt>
   <trkpt lon="2.814683" lat="39.824852"><ele>690.75</ele></trkpt>
   <trkpt lon="2.814682" lat="39.824886"><ele>690.75</ele></trkpt>
   <trkpt lon="2.814702" lat="39.824944"><ele>690.75</ele></trkpt>
   <trkpt lon="2.814747" lat="39.824996"><ele>691.0</ele></trkpt>
   <trkpt lon="2.814781" lat="39.825012"><ele>691.25</ele></trkpt>
   <trkpt lon="2.814828" lat="39.825023"><ele>691.75</ele></trkpt>
   <trkpt lon="2.814883" lat="39.825025"><ele>692.25</ele></trkpt>
   <trkpt lon="2.815022" lat="39.825010"><ele>692.5</ele></trkpt>
   <trkpt lon="2.815326" lat="39.824961"><ele>694.25</ele></trkpt>
   <trkpt lon="2.815443" lat="39.824967"><ele>695.0</ele></trkpt>
   <trkpt lon="2.815537" lat="39.824996"><ele>695.75</ele></trkpt>
   <trkpt lon="2.815578" lat="39.825018"><ele>696.25</ele></trkpt>
   <trkpt lon="2.815665" lat="39.825089"><ele>697.25</ele></trkpt>
   <trkpt lon="2.815781" lat="39.825165"><ele>698.5</ele></trkpt>
   <trkpt lon="2.815887" lat="39.825199"><ele>699.0</ele></trkpt>
   <trkpt lon="2.815941" lat="39.825210"><ele>699.5</ele></trkpt>
   <trkpt lon="2.816081" lat="39.825222"><ele>700.25</ele></trkpt>
   <trkpt lon="2.816341" lat="39.825207"><ele>701.25</ele></trkpt>
   <trkpt lon="2.816390" lat="39.825212"><ele>701.75</ele></trkpt>
   <trkpt lon="2.816437" lat="39.825225"><ele>701.75</ele></trkpt>
   <trkpt lon="2.816527" lat="39.825268"><ele>702.0</ele></trkpt>
   <trkpt lon="2.816626" lat="39.825334"><ele>703.0</ele></trkpt>
   <trkpt lon="2.816909" lat="39.825551"><ele>706.0</ele></trkpt>
   <trkpt lon="2.816995" lat="39.825631"><ele>706.5</ele></trkpt>
   <trkpt lon="2.817073" lat="39.825718"><ele>707.25</ele></trkpt>
   <trkpt lon="2.817193" lat="39.825876"><ele>709.0</ele></trkpt>
   <trkpt lon="2.817287" lat="39.826019"><ele>710.0</ele></trkpt>
   <trkpt lon="2.817310" lat="39.826065"><ele>710.25</ele></trkpt>
   <trkpt lon="2.817328" lat="39.826112"><ele>710.5</ele></trkpt>
   <trkpt lon="2.817353" lat="39.826222"><ele>711.25</ele></trkpt>
   <trkpt lon="2.817357" lat="39.826471"><ele>714.75</ele></trkpt>
   <trkpt lon="2.817368" lat="39.826527"><ele>715.5</ele></trkpt>
   <trkpt lon="2.817386" lat="39.826580"><ele>716.0</ele></trkpt>
   <trkpt lon="2.817441" lat="39.826680"><ele>716.75</ele></trkpt>
   <trkpt lon="2.817474" lat="39.826725"><ele>717.75</ele></trkpt>
   <trkpt lon="2.817561" lat="39.826807"><ele>719.0</ele></trkpt>
   <trkpt lon="2.817755" lat="39.826929"><ele>718.75</ele></trkpt>
   <trkpt lon="2.817854" lat="39.827007"><ele>717.75</ele></trkpt>
   <trkpt lon="2.817936" lat="39.827109"><ele>718.25</ele></trkpt>
   <trkpt lon="2.817968" lat="39.827169"><ele>719.5</ele></trkpt>
   <trkpt lon="2.818008" lat="39.827279"><ele>721.0</ele></trkpt>
   <trkpt lon="2.818021" lat="39.827413"><ele>722.25</ele></trkpt>
   <trkpt lon="2.818014" lat="39.827457"><ele>722.75</ele></trkpt>
   <trkpt lon="2.817986" lat="39.827539"><ele>724.0</ele></trkpt>
   <trkpt lon="2.817794" lat="39.827870"><ele>721.0</ele></trkpt>
   <trkpt lon="2.817709" lat="39.827993"><ele>718.0</ele></trkpt>
   <trkpt lon="2.817664" lat="39.828054"><ele>716.5</ele></trkpt>
   <trkpt lon="2.817336" lat="39.828447"><ele>712.0</ele></trkpt>
   <trkpt lon="2.817272" lat="39.828534"><ele>710.5</ele></trkpt>
   <trkpt lon="2.817216" lat="39.828645"><ele>708.5</ele></trkpt>
   <trkpt lon="2.817202" lat="39.828689"><ele>708.0</ele></trkpt>
   <trkpt lon="2.817195" lat="39.828747"><ele>707.25</ele></trkpt>
   <trkpt lon="2.817211" lat="39.828924"><ele>706.25</ele></trkpt>
   <trkpt lon="2.817212" lat="39.829126"><ele>704.75</ele></trkpt>
   <trkpt lon="2.817204" lat="39.829203"><ele>704.0</ele></trkpt>
   <trkpt lon="2.817166" lat="39.829373"><ele>702.5</ele></trkpt>
   <trkpt lon="2.817126" lat="39.829484"><ele>701.25</ele></trkpt>
   <trkpt lon="2.816791" lat="39.830227"><ele>694.75</ele></trkpt>
   <trkpt lon="2.816749" lat="39.830336"><ele>693.0</ele></trkpt>
   <trkpt lon="2.816363" lat="39.831656"><ele>676.5</ele></trkpt>
   <trkpt lon="2.816325" lat="39.831729"><ele>673.75</ele><sym>pass_place</sym><type>Shaping</type></trkpt>
   <trkpt lon="2.816261" lat="39.831800"><ele>671.0</ele></trkpt>
   <trkpt lon="2.816007" lat="39.831987"><ele>666.75</ele></trkpt>
   <trkpt lon="2.815899" lat="39.832063"><ele>666.75</ele></trkpt>
   <trkpt lon="2.815787" lat="39.832159"><ele>667.5</ele></trkpt>
   <trkpt lon="2.815756" lat="39.832199"><ele>668.25</ele></trkpt>
   <trkpt lon="2.815723" lat="39.832268"><ele>669.0</ele></trkpt>
   <trkpt lon="2.815721" lat="39.832336"><ele>669.25</ele></trkpt>
   <trkpt lon="2.815743" lat="39.832399"><ele>669.25</ele></trkpt>
   <trkpt lon="2.815766" lat="39.832432"><ele>669.25</ele></trkpt>
   <trkpt lon="2.815821" lat="39.832476"><ele>669.0</ele></trkpt>
   <trkpt lon="2.815852" lat="39.832496"><ele>668.75</ele></trkpt>
   <trkpt lon="2.815884" lat="39.832507"><ele>668.25</ele></trkpt>
   <trkpt lon="2.815950" lat="39.832516"><ele>667.25</ele></trkpt>
   <trkpt lon="2.815990" lat="39.832514"><ele>667.0</ele></trkpt>
   <trkpt lon="2.816067" lat="39.832493"><ele>666.25</ele></trkpt>
   <trkpt lon="2.816123" lat="39.832449"><ele>665.5</ele></trkpt>
   <trkpt lon="2.816153" lat="39.832393"><ele>664.75</ele></trkpt>
   <trkpt lon="2.816160" lat="39.832329"><ele>664.75</ele></trkpt>
   <trkpt lon="2.816141" lat="39.832249"><ele>665.5</ele></trkpt>
   <trkpt lon="2.816116" lat="39.832189"><ele>666.0</ele></trkpt>
   <trkpt lon="2.816091" lat="39.832151"><ele>666.5</ele></trkpt>
   <trkpt lon="2.815998" lat="39.832055"><ele>666.75</ele></trkpt>
   <trkpt lon="2.815887" lat="39.831962"><ele>665.75</ele></trkpt>
   <trkpt lon="2.815823" lat="39.831886"><ele>664.75</ele></trkpt>
   <trkpt lon="2.815789" lat="39.831832"><ele>663.75</ele></trkpt>
   <trkpt lon="2.815762" lat="39.831754"><ele>662.75</ele></trkpt>
   <trkpt lon="2.815757" lat="39.831710"><ele>662.5</ele></trkpt>
   <trkpt lon="2.815763" lat="39.831624"><ele>662.25</ele></trkpt>
   <trkpt lon="2.815801" lat="39.831493"><ele>662.0</ele></trkpt>
   <trkpt lon="2.816034" lat="39.830879"><ele>657.5</ele></trkpt>
   <trkpt lon="2.816058" lat="39.830778"><ele>657.5</ele></trkpt>
   <trkpt lon="2.816061" lat="39.830725"><ele>657.25</ele></trkpt>
   <trkpt lon="2.816052" lat="39.830589"><ele>656.25</ele></trkpt>
   <trkpt lon="2.816038" lat="39.830529"><ele>655.75</ele></trkpt>
   <trkpt lon="2.815959" lat="39.830346"><ele>655.25</ele></trkpt>
   <trkpt lon="2.815946" lat="39.830325"><ele>655.25</ele></trkpt>
   <trkpt lon="2.815905" lat="39.830294"><ele>654.5</ele></trkpt>
   <trkpt lon="2.815879" lat="39.830286"><ele>654.0</ele></trkpt>
   <trkpt lon="2.815818" lat="39.830283"><ele>653.0</ele></trkpt>
   <trkpt lon="2.815753" lat="39.830295"><ele>653.5</ele></trkpt>
   <trkpt lon="2.815538" lat="39.830390"><ele>651.0</ele></trkpt>
   <trkpt lon="2.815443" lat="39.830419"><ele>648.75</ele></trkpt>
   <trkpt lon="2.815340" lat="39.830428"><ele>647.25</ele></trkpt>
   <trkpt lon="2.815199" lat="39.830410"><ele>645.5</ele></trkpt>
   <trkpt lon="2.815159" lat="39.830395"><ele>645.0</ele></trkpt>
   <trkpt lon="2.815127" lat="39.830369"><ele>645.25</ele></trkpt>
   <trkpt lon="2.815106" lat="39.830341"><ele>646.0</ele></trkpt>
   <trkpt lon="2.815095" lat="39.830277"><ele>648.25</ele></trkpt>
   <trkpt lon="2.815098" lat="39.830243"><ele>647.25</ele></trkpt>
   <trkpt lon="2.815241" lat="39.829640"><ele>641.0</ele></trkpt>
   <trkpt lon="2.815251" lat="39.829546"><ele>641.0</ele></trkpt>
   <trkpt lon="2.815237" lat="39.829490"><ele>640.0</ele></trkpt>
   <trkpt lon="2.815189" lat="39.829444"><ele>638.25</ele></trkpt>
   <trkpt lon="2.815151" lat="39.829423"><ele>639.25</ele></trkpt>
   <trkpt lon="2.814795" lat="39.829317"><ele>636.25</ele></trkpt>
   <trkpt lon="2.814715" lat="39.829281"><ele>634.0</ele></trkpt>
   <trkpt lon="2.814606" lat="39.829221"><ele>634.25</ele></trkpt>
   <trkpt lon="2.814519" lat="39.829200"><ele>633.25</ele></trkpt>
   <trkpt lon="2.814425" lat="39.829210"><ele>631.75</ele></trkpt>
   <trkpt lon="2.814386" lat="39.829224"><ele>632.5</ele></trkpt>
   <trkpt lon="2.814359" lat="39.829246"><ele>632.5</ele></trkpt>
   <trkpt lon="2.814239" lat="39.829424"><ele>627.75</ele></trkpt>
   <trkpt lon="2.814179" lat="39.829481"><ele>626.75</ele></trkpt>
   <trkpt lon="2.814033" lat="39.829580"><ele>627.0</ele></trkpt>
   <trkpt lon="2.813567" lat="39.829826"><ele>624.5</ele></trkpt>
   <trkpt lon="2.813524" lat="39.829856"><ele>625.75</ele></trkpt>
   <trkpt lon="2.813507" lat="39.829877"><ele>626.0</ele></trkpt>
   <trkpt lon="2.813498" lat="39.829920"><ele>625.0</ele></trkpt>
   <trkpt lon="2.813507" lat="39.829944"><ele>623.75</ele></trkpt>
   <trkpt lon="2.813543" lat="39.829972"><ele>620.75</ele></trkpt>
   <trkpt lon="2.813568" lat="39.829977"><ele>619.25</ele></trkpt>
   <trkpt lon="2.813635" lat="39.829964"><ele>616.25</ele></trkpt>
   <trkpt lon="2.813761" lat="39.829907"><ele>614.75</ele></trkpt>
   <trkpt lon="2.814078" lat="39.829785"><ele>613.75</ele></trkpt>
   <trkpt lon="2.814433" lat="39.829637"><ele>611.75</ele></trkpt>
   <trkpt lon="2.814479" lat="39.829627"><ele>612.75</ele></trkpt>
   <trkpt lon="2.814521" lat="39.829624"><ele>613.5</ele></trkpt>
   <trkpt lon="2.814563" lat="39.829629"><ele>614.25</ele></trkpt>
   <trkpt lon="2.814599" lat="39.829642"><ele>614.25</ele></trkpt>
   <trkpt lon="2.814630" lat="39.829661"><ele>614.0</ele></trkpt>
   <trkpt lon="2.814661" lat="39.829704"><ele>612.5</ele></trkpt>
   <trkpt lon="2.814668" lat="39.829736"><ele>612.0</ele></trkpt>
   <trkpt lon="2.814655" lat="39.829799"><ele>612.0</ele></trkpt>
   <trkpt lon="2.814637" lat="39.829824"><ele>611.5</ele></trkpt>
   <trkpt lon="2.814611" lat="39.829845"><ele>610.5</ele></trkpt>
   <trkpt lon="2.814572" lat="39.829863"><ele>609.25</ele></trkpt>
   <trkpt lon="2.814515" lat="39.829879"><ele>607.0</ele></trkpt>
   <trkpt lon="2.814195" lat="39.829941"><ele>604.5</ele></trkpt>
   <trkpt lon="2.814104" lat="39.829968"><ele>604.25</ele></trkpt>
   <trkpt lon="2.814005" lat="39.830006"><ele>604.0</ele></trkpt>
   <trkpt lon="2.813913" lat="39.830050"><ele>603.0</ele></trkpt>
   <trkpt lon="2.813825" lat="39.830102"><ele>602.75</ele></trkpt>
   <trkpt lon="2.813654" lat="39.830240"><ele>600.75</ele></trkpt>
   <trkpt lon="2.813613" lat="39.830285"><ele>599.75</ele></trkpt>
   <trkpt lon="2.813582" lat="39.830350"><ele>601.0</ele></trkpt>
   <trkpt lon="2.813591" lat="39.830395"><ele>599.25</ele></trkpt>
   <trkpt lon="2.813605" lat="39.830410"><ele>598.0</ele></trkpt>
   <trkpt lon="2.813646" lat="39.830425"><ele>595.5</ele></trkpt>
   <trkpt lon="2.813697" lat="39.830421"><ele>593.25</ele></trkpt>
   <trkpt lon="2.813721" lat="39.830412"><ele>592.5</ele></trkpt>
   <trkpt lon="2.813745" lat="39.830394"><ele>592.0</ele></trkpt>
   <trkpt lon="2.813951" lat="39.830218"><ele>594.25</ele></trkpt>
   <trkpt lon="2.813982" lat="39.830202"><ele>594.75</ele></trkpt>
   <trkpt lon="2.814056" lat="39.830187"><ele>594.75</ele></trkpt>
   <trkpt lon="2.814100" lat="39.830190"><ele>594.25</ele></trkpt>
   <trkpt lon="2.814165" lat="39.830210"><ele>592.75</ele></trkpt>
   <trkpt lon="2.814197" lat="39.830229"><ele>593.25</ele></trkpt>
   <trkpt lon="2.814224" lat="39.830273"><ele>593.0</ele></trkpt>
   <trkpt lon="2.814223" lat="39.830330"><ele>593.25</ele></trkpt>
   <trkpt lon="2.814211" lat="39.830359"><ele>593.0</ele></trkpt>
   <trkpt lon="2.814095" lat="39.830527"><ele>588.25</ele></trkpt>
   <trkpt lon="2.814083" lat="39.830594"><ele>586.0</ele></trkpt>
   <trkpt lon="2.814106" lat="39.830687"><ele>584.5</ele></trkpt>
   <trkpt lon="2.814160" lat="39.830803"><ele>584.25</ele></trkpt>
   <trkpt lon="2.814288" lat="39.830972"><ele>582.75</ele></trkpt>
   <trkpt lon="2.814353" lat="39.831047"><ele>582.0</ele></trkpt>
   <trkpt lon="2.814421" lat="39.831105"><ele>582.25</ele></trkpt>
   <trkpt lon="2.814816" lat="39.831366"><ele>580.75</ele></trkpt>
   <trkpt lon="2.814852" lat="39.831398"><ele>580.5</ele></trkpt>
   <trkpt lon="2.814877" lat="39.831431"><ele>581.5</ele></trkpt>
   <trkpt lon="2.814892" lat="39.831476"><ele>582.25</ele></trkpt>
   <trkpt lon="2.814891" lat="39.831518"><ele>582.25</ele></trkpt>
   <trkpt lon="2.814881" lat="39.831555"><ele>582.0</ele></trkpt>
   <trkpt lon="2.814628" lat="39.831949"><ele>574.25</ele></trkpt>
   <trkpt lon="2.814561" lat="39.832071"><ele>577.0</ele></trkpt>
   <trkpt lon="2.814522" lat="39.832164"><ele>577.25</ele></trkpt>
   <trkpt lon="2.814467" lat="39.832346"><ele>577.75</ele></trkpt>
   <trkpt lon="2.814404" lat="39.832473"><ele>576.5</ele></trkpt>
   <trkpt lon="2.814328" lat="39.832597"><ele>574.75</ele></trkpt>
   <trkpt lon="2.814241" lat="39.832700"><ele>571.25</ele></trkpt>
   <trkpt lon="2.814124" lat="39.832794"><ele>567.5</ele></trkpt>
   <trkpt lon="2.813977" lat="39.832890"><ele>568.5</ele></trkpt>
   <trkpt lon="2.813791" lat="39.832990"><ele>567.25</ele></trkpt>
   <trkpt lon="2.813665" lat="39.833046"><ele>565.25</ele></trkpt>
   <trkpt lon="2.813472" lat="39.833108"><ele>564.5</ele></trkpt>
   <trkpt lon="2.812084" lat="39.833525"><ele>558.0</ele></trkpt>
   <trkpt lon="2.811991" lat="39.833542"><ele>557.75</ele></trkpt>
   <trkpt lon="2.811946" lat="39.833540"><ele>557.0</ele></trkpt>
   <trkpt lon="2.811911" lat="39.833527"><ele>556.5</ele></trkpt>
   <trkpt lon="2.811876" lat="39.833492"><ele>554.5</ele></trkpt>
   <trkpt lon="2.811868" lat="39.833465"><ele>552.75</ele></trkpt>
   <trkpt lon="2.811873" lat="39.833440"><ele>551.25</ele></trkpt>
   <trkpt lon="2.811905" lat="39.833394"><ele>548.75</ele></trkpt>
   <trkpt lon="2.811963" lat="39.833363"><ele>547.75</ele></trkpt>
   <trkpt lon="2.812052" lat="39.833331"><ele>547.75</ele></trkpt>
   <trkpt lon="2.813184" lat="39.832953"><ele>547.75</ele></trkpt>
   <trkpt lon="2.813286" lat="39.832908"><ele>547.75</ele></trkpt>
   <trkpt lon="2.813364" lat="39.832858"><ele>546.75</ele></trkpt>
   <trkpt lon="2.813493" lat="39.832750"><ele>545.75</ele></trkpt>
   <trkpt lon="2.813613" lat="39.832604"><ele>545.25</ele></trkpt>
   <trkpt lon="2.813710" lat="39.832432"><ele>542.75</ele><sym>pass_place</sym><type>Shaping</type></trkpt>
   <trkpt lon="2.813821" lat="39.832126"><ele>540.25</ele></trkpt>
   <trkpt lon="2.813875" lat="39.831907"><ele>539.75</ele></trkpt>
   <trkpt lon="2.813879" lat="39.831859"><ele>540.0</ele></trkpt>
   <trkpt lon="2.813867" lat="39.831772"><ele>540.0</ele></trkpt>
   <trkpt lon="2.813825" lat="39.831702"><ele>539.75</ele></trkpt>
   <trkpt lon="2.813799" lat="39.831677"><ele>539.5</ele></trkpt>
   <trkpt lon="2.813767" lat="39.831659"><ele>539.5</ele></trkpt>
   <trkpt lon="2.813730" lat="39.831648"><ele>539.25</ele></trkpt>
   <trkpt lon="2.813686" lat="39.831646"><ele>538.75</ele></trkpt>
   <trkpt lon="2.813640" lat="39.831654"><ele>537.75</ele></trkpt>
   <trkpt lon="2.813603" lat="39.831670"><ele>537.0</ele></trkpt>
   <trkpt lon="2.813429" lat="39.831789"><ele>536.0</ele></trkpt>
   <trkpt lon="2.813294" lat="39.831848"><ele>534.25</ele></trkpt>
   <trkpt lon="2.813199" lat="39.831876"><ele>533.25</ele></trkpt>
   <trkpt lon="2.812969" lat="39.831920"><ele>532.0</ele></trkpt>
   <trkpt lon="2.812853" lat="39.831934"><ele>531.25</ele></trkpt>
   <trkpt lon="2.812469" lat="39.831959"><ele>530.5</ele></trkpt>
   <trkpt lon="2.812426" lat="39.831970"><ele>531.25</ele></trkpt>
   <trkpt lon="2.812399" lat="39.831986"><ele>531.25</ele></trkpt>
   <trkpt lon="2.812378" lat="39.832009"><ele>530.75</ele></trkpt>
   <trkpt lon="2.812366" lat="39.832055"><ele>528.75</ele></trkpt>
   <trkpt lon="2.812373" lat="39.832081"><ele>527.75</ele></trkpt>
   <trkpt lon="2.812410" lat="39.832130"><ele>525.75</ele></trkpt>
   <trkpt lon="2.812440" lat="39.832146"><ele>525.25</ele></trkpt>
   <trkpt lon="2.812480" lat="39.832158"><ele>525.0</ele></trkpt>
   <trkpt lon="2.812527" lat="39.832162"><ele>525.0</ele></trkpt>
   <trkpt lon="2.812775" lat="39.832123"><ele>524.5</ele></trkpt>
   <trkpt lon="2.812829" lat="39.832125"><ele>524.5</ele></trkpt>
   <trkpt lon="2.812915" lat="39.832151"><ele>524.25</ele></trkpt>
   <trkpt lon="2.812946" lat="39.832173"><ele>523.75</ele></trkpt>
   <trkpt lon="2.812998" lat="39.832245"><ele>522.5</ele></trkpt>
   <trkpt lon="2.813013" lat="39.832318"><ele>523.0</ele></trkpt>
   <trkpt lon="2.813006" lat="39.832378"><ele>523.25</ele></trkpt>
   <trkpt lon="2.812992" lat="39.832434"><ele>523.25</ele></trkpt>
   <trkpt lon="2.812945" lat="39.832535"><ele>523.75</ele></trkpt>
   <trkpt lon="2.812908" lat="39.832582"><ele>524.25</ele></trkpt>
   <trkpt lon="2.812852" lat="39.832627"><ele>524.5</ele></trkpt>
   <trkpt lon="2.812790" lat="39.832663"><ele>524.0</ele></trkpt>
   <trkpt lon="2.812700" lat="39.832691"><ele>522.75</ele></trkpt>
   <trkpt lon="2.812652" lat="39.832692"><ele>522.0</ele></trkpt>
   <trkpt lon="2.812608" lat="39.832685"><ele>521.0</ele></trkpt>
   <trkpt lon="2.812558" lat="39.832670"><ele>519.75</ele></trkpt>
   <trkpt lon="2.812504" lat="39.832639"><ele>518.0</ele></trkpt>
   <trkpt lon="2.812449" lat="39.832595"><ele>516.25</ele></trkpt>
   <trkpt lon="2.812179" lat="39.832367"><ele>514.25</ele></trkpt>
   <trkpt lon="2.812109" lat="39.832324"><ele>514.0</ele></trkpt>
   <trkpt lon="2.812041" lat="39.832294"><ele>513.75</ele></trkpt>
   <trkpt lon="2.811736" lat="39.832225"><ele>510.0</ele></trkpt>
   <trkpt lon="2.811563" lat="39.832194"><ele>509.0</ele></trkpt>
   <trkpt lon="2.811008" lat="39.832130"><ele>502.25</ele></trkpt>
   <trkpt lon="2.810927" lat="39.832105"><ele>500.5</ele></trkpt>
   <trkpt lon="2.810891" lat="39.832080"><ele>500.0</ele></trkpt>
   <trkpt lon="2.810860" lat="39.832050"><ele>499.75</ele></trkpt>
   <trkpt lon="2.810804" lat="39.831963"><ele>499.75</ele></trkpt>
   <trkpt lon="2.810577" lat="39.831393"><ele>494.75</ele></trkpt>
   <trkpt lon="2.810517" lat="39.831279"><ele>494.75</ele></trkpt>
   <trkpt lon="2.810476" lat="39.831225"><ele>494.25</ele></trkpt>
   <trkpt lon="2.810327" lat="39.831065"><ele>492.75</ele></trkpt>
   <trkpt lon="2.810196" lat="39.830961"><ele>492.75</ele></trkpt>
   <trkpt lon="2.810095" lat="39.830913"><ele>491.75</ele></trkpt>
   <trkpt lon="2.809998" lat="39.830891"><ele>490.0</ele></trkpt>
   <trkpt lon="2.809880" lat="39.830889"><ele>489.75</ele></trkpt>
   <trkpt lon="2.809652" lat="39.830914"><ele>487.0</ele></trkpt>
   <trkpt lon="2.809564" lat="39.830916"><ele>485.75</ele></trkpt>
   <trkpt lon="2.808537" lat="39.830754"><ele>479.5</ele></trkpt>
   <trkpt lon="2.808406" lat="39.830725"><ele>479.0</ele></trkpt>
   <trkpt lon="2.808207" lat="39.830665"><ele>478.25</ele></trkpt>
   <trkpt lon="2.807901" lat="39.830536"><ele>477.75</ele></trkpt>
   <trkpt lon="2.807812" lat="39.830506"><ele>478.25</ele></trkpt>
   <trkpt lon="2.807718" lat="39.830486"><ele>478.5</ele></trkpt>
   <trkpt lon="2.807370" lat="39.830430"><ele>480.0</ele></trkpt>
   <trkpt lon="2.807329" lat="39.830430"><ele>479.75</ele></trkpt>
   <trkpt lon="2.807293" lat="39.830437"><ele>478.75</ele></trkpt>
   <trkpt lon="2.807267" lat="39.830451"><ele>477.5</ele></trkpt>
   <trkpt lon="2.807248" lat="39.830492"><ele>474.0</ele></trkpt>
   <trkpt lon="2.807254" lat="39.830515"><ele>472.25</ele></trkpt>
   <trkpt lon="2.807289" lat="39.830546"><ele>470.0</ele></trkpt>
   <trkpt lon="2.807375" lat="39.830567"><ele>468.75</ele></trkpt>
   <trkpt lon="2.807821" lat="39.830649"><ele>467.25</ele></trkpt>
   <trkpt lon="2.808023" lat="39.830710"><ele>468.0</ele></trkpt>
   <trkpt lon="2.808296" lat="39.830808"><ele>467.5</ele></trkpt>
   <trkpt lon="2.808343" lat="39.830845"><ele>465.5</ele></trkpt>
   <trkpt lon="2.808352" lat="39.830866"><ele>464.5</ele></trkpt>
   <trkpt lon="2.808350" lat="39.830886"><ele>463.25</ele></trkpt>
   <trkpt lon="2.808342" lat="39.830903"><ele>461.75</ele></trkpt>
   <trkpt lon="2.808321" lat="39.830918"><ele>460.5</ele></trkpt>
   <trkpt lon="2.808294" lat="39.830926"><ele>459.25</ele></trkpt>
   <trkpt lon="2.808258" lat="39.830925"><ele>458.5</ele></trkpt>
   <trkpt lon="2.808213" lat="39.830916"><ele>458.0</ele></trkpt>
   <trkpt lon="2.808018" lat="39.830834"><ele>459.25</ele></trkpt>
   <trkpt lon="2.807907" lat="39.830807"><ele>459.0</ele></trkpt>
   <trkpt lon="2.807781" lat="39.830786"><ele>457.75</ele></trkpt>
   <trkpt lon="2.807613" lat="39.830767"><ele>457.25</ele></trkpt>
   <trkpt lon="2.807448" lat="39.830753"><ele>456.75</ele></trkpt>
   <trkpt lon="2.807212" lat="39.830744"><ele>455.75</ele></trkpt>
   <trkpt lon="2.807110" lat="39.830733"><ele>454.75</ele></trkpt>
   <trkpt lon="2.807018" lat="39.830715"><ele>454.25</ele></trkpt>
   <trkpt lon="2.806543" lat="39.830590"><ele>451.5</ele></trkpt>
   <trkpt lon="2.806458" lat="39.830560"><ele>451.0</ele></trkpt>
   <trkpt lon="2.806328" lat="39.830493"><ele>452.75</ele></trkpt>
   <trkpt lon="2.806258" lat="39.830483"><ele>451.75</ele></trkpt>
   <trkpt lon="2.806229" lat="39.830489"><ele>450.5</ele></trkpt>
   <trkpt lon="2.806208" lat="39.830501"><ele>449.25</ele></trkpt>
   <trkpt lon="2.806193" lat="39.830520"><ele>447.75</ele></trkpt>
   <trkpt lon="2.806190" lat="39.830540"><ele>446.5</ele></trkpt>
   <trkpt lon="2.806196" lat="39.830565"><ele>445.5</ele></trkpt>
   <trkpt lon="2.806236" lat="39.830608"><ele>445.5</ele></trkpt>
   <trkpt lon="2.806393" lat="39.830676"><ele>447.0</ele></trkpt>
   <trkpt lon="2.806722" lat="39.830794"><ele>446.75</ele></trkpt>
   <trkpt lon="2.806801" lat="39.830836"><ele>445.75</ele></trkpt>
   <trkpt lon="2.806819" lat="39.830855"><ele>445.0</ele></trkpt>
   <trkpt lon="2.806838" lat="39.830898"><ele>443.25</ele></trkpt>
   <trkpt lon="2.806837" lat="39.830919"><ele>442.5</ele></trkpt>
   <trkpt lon="2.806831" lat="39.830944"><ele>441.25</ele></trkpt>
   <trkpt lon="2.806814" lat="39.830968"><ele>440.25</ele></trkpt>
   <trkpt lon="2.806790" lat="39.830987"><ele>439.5</ele></trkpt>
   <trkpt lon="2.806763" lat="39.830999"><ele>439.0</ele></trkpt>
   <trkpt lon="2.806693" lat="39.831008"><ele>438.5</ele></trkpt>
   <trkpt lon="2.806592" lat="39.830995"><ele>439.0</ele></trkpt>
   <trkpt lon="2.806271" lat="39.830915"><ele>440.0</ele></trkpt>
   <trkpt lon="2.806186" lat="39.830882"><ele>439.75</ele></trkpt>
   <trkpt lon="2.806148" lat="39.830858"><ele>440.0</ele></trkpt>
   <trkpt lon="2.806093" lat="39.830794"><ele>440.0</ele></trkpt>
   <trkpt lon="2.805956" lat="39.830534"><ele>439.75</ele></trkpt>
   <trkpt lon="2.805881" lat="39.830452"><ele>440.25</ele></trkpt>
   <trkpt lon="2.805301" lat="39.830027"><ele>435.0</ele></trkpt>
   <trkpt lon="2.805168" lat="39.829947"><ele>435.75</ele></trkpt>
   <trkpt lon="2.805072" lat="39.829904"><ele>435.25</ele></trkpt>
   <trkpt lon="2.804607" lat="39.829752"><ele>430.25</ele></trkpt>
   <trkpt lon="2.803599" lat="39.829387"><ele>427.5</ele></trkpt>
   <trkpt lon="2.803322" lat="39.829297"><ele>428.0</ele></trkpt>
   <trkpt lon="2.803111" lat="39.829219"><ele>427.0</ele></trkpt>
   <trkpt lon="2.803052" lat="39.829214"><ele>426.0</ele></trkpt>
   <trkpt lon="2.803022" lat="39.829218"><ele>426.25</ele></trkpt>
   <trkpt lon="2.802999" lat="39.829229"><ele>426.0</ele></trkpt>
   <trkpt lon="2.802974" lat="39.829265"><ele>424.75</ele></trkpt>
   <trkpt lon="2.802972" lat="39.829287"><ele>424.0</ele></trkpt>
   <trkpt lon="2.802977" lat="39.829310"><ele>422.75</ele></trkpt>
   <trkpt lon="2.802990" lat="39.829326"><ele>422.0</ele></trkpt>
   <trkpt lon="2.803027" lat="39.829349"><ele>420.5</ele></trkpt>
   <trkpt lon="2.803170" lat="39.829378"><ele>421.0</ele></trkpt>
   <trkpt lon="2.803302" lat="39.829417"><ele>421.75</ele></trkpt>
   <trkpt lon="2.804468" lat="39.829909"><ele>418.25</ele><sym>pass_place</sym><type>Shaping</type></trkpt>
   <trkpt lon="2.804541" lat="39.829944"><ele>418.0</ele></trkpt>
   <trkpt lon="2.804607" lat="39.829985"><ele>417.25</ele></trkpt>
   <trkpt lon="2.804665" lat="39.830031"><ele>416.25</ele></trkpt>
   <trkpt lon="2.804739" lat="39.830111"><ele>415.0</ele></trkpt>
   <trkpt lon="2.805167" lat="39.830626"><ele>411.75</ele></trkpt>
   <trkpt lon="2.805206" lat="39.830685"><ele>411.5</ele></trkpt>
   <trkpt lon="2.805223" lat="39.830763"><ele>410.5</ele></trkpt>
   <trkpt lon="2.805220" lat="39.830809"><ele>409.75</ele></trkpt>
   <trkpt lon="2.805192" lat="39.830882"><ele>410.75</ele></trkpt>
   <trkpt lon="2.805137" lat="39.830943"><ele>412.0</ele></trkpt>
   <trkpt lon="2.805055" lat="39.830989"><ele>412.5</ele></trkpt>
   <trkpt lon="2.804982" lat="39.831013"><ele>412.5</ele></trkpt>
   <trkpt lon="2.804867" lat="39.831038"><ele>412.25</ele></trkpt>
   <trkpt lon="2.804750" lat="39.831054"><ele>411.75</ele></trkpt>
   <trkpt lon="2.804495" lat="39.831064"><ele>407.0</ele></trkpt>
   <trkpt lon="2.804447" lat="39.831076"><ele>406.25</ele></trkpt>
   <trkpt lon="2.804381" lat="39.831109"><ele>403.75</ele></trkpt>
   <trkpt lon="2.804338" lat="39.831158"><ele>402.25</ele></trkpt>
   <trkpt lon="2.804158" lat="39.831512"><ele>400.25</ele></trkpt>
   <trkpt lon="2.804089" lat="39.831694"><ele>399.5</ele></trkpt>
   <trkpt lon="2.803828" lat="39.832769"><ele>389.0</ele></trkpt>
   <trkpt lon="2.803812" lat="39.832839"><ele>387.75</ele></trkpt>
   <trkpt lon="2.803805" lat="39.832912"><ele>387.0</ele></trkpt>
   <trkpt lon="2.803823" lat="39.833026"><ele>387.5</ele></trkpt>
   <trkpt lon="2.803864" lat="39.833169"><ele>386.25</ele></trkpt>
   <trkpt lon="2.803890" lat="39.833212"><ele>386.5</ele></trkpt>
   <trkpt lon="2.804161" lat="39.833558"><ele>384.5</ele></trkpt>
   <trkpt lon="2.804211" lat="39.833658"><ele>382.75</ele></trkpt>
   <trkpt lon="2.804212" lat="39.833713"><ele>382.0</ele></trkpt>
   <trkpt lon="2.804187" lat="39.833824"><ele>380.75</ele></trkpt>
   <trkpt lon="2.804095" lat="39.834014"><ele>379.75</ele></trkpt>
   <trkpt lon="2.804057" lat="39.834059"><ele>379.5</ele></trkpt>
   <trkpt lon="2.804006" lat="39.834103"><ele>379.0</ele></trkpt>
   <trkpt lon="2.803939" lat="39.834145"><ele>378.5</ele></trkpt>
   <trkpt lon="2.803864" lat="39.834178"><ele>377.75</ele></trkpt>
   <trkpt lon="2.803757" lat="39.834214"><ele>377.25</ele></trkpt>
   <trkpt lon="2.803633" lat="39.834247"><ele>377.75</ele></trkpt>
   <trkpt lon="2.803009" lat="39.834348"><ele>371.75</ele></trkpt>
   <trkpt lon="2.802935" lat="39.834365"><ele>369.75</ele></trkpt>
   <trkpt lon="2.802879" lat="39.834391"><ele>368.75</ele></trkpt>
   <trkpt lon="2.802840" lat="39.834424"><ele>368.5</ele></trkpt>
   <trkpt lon="2.802810" lat="39.834462"><ele>368.25</ele></trkpt>
   <trkpt lon="2.802565" lat="39.835034"><ele>363.0</ele></trkpt>
   <trkpt lon="2.802546" lat="39.835091"><ele>362.0</ele></trkpt>
   <trkpt lon="2.802541" lat="39.835159"><ele>361.75</ele></trkpt>
   <trkpt lon="2.802556" lat="39.835412"><ele>361.25</ele></trkpt>
   <trkpt lon="2.802564" lat="39.835453"><ele>361.25</ele></trkpt>
   <trkpt lon="2.802586" lat="39.835504"><ele>361.25</ele></trkpt>
   <trkpt lon="2.802615" lat="39.835544"><ele>361.5</ele></trkpt>
   <trkpt lon="2.802664" lat="39.835591"><ele>361.25</ele></trkpt>
   <trkpt lon="2.802720" lat="39.835631"><ele>360.5</ele></trkpt>
   <trkpt lon="2.802789" lat="39.835665"><ele>359.5</ele></trkpt>
   <trkpt lon="2.802854" lat="39.835687"><ele>359.5</ele></trkpt>
   <trkpt lon="2.803277" lat="39.835755"><ele>359.75</ele></trkpt>
   <trkpt lon="2.803335" lat="39.835757"><ele>360.25</ele></trkpt>
   <trkpt lon="2.803401" lat="39.835749"><ele>358.0</ele></trkpt>
   <trkpt lon="2.803466" lat="39.835728"><ele>356.25</ele></trkpt>
   <trkpt lon="2.803513" lat="39.835694"><ele>355.75</ele></trkpt>
   <trkpt lon="2.804003" lat="39.835232"><ele>352.75</ele></trkpt>
   <trkpt lon="2.804068" lat="39.835159"><ele>351.75</ele></trkpt>
   <trkpt lon="2.804120" lat="39.835090"><ele>351.5</ele></trkpt>
   <trkpt lon="2.804375" lat="39.834672"><ele>349.75</ele></trkpt>
   <trkpt lon="2.804440" lat="39.834615"><ele>348.25</ele></trkpt>
   <trkpt lon="2.804546" lat="39.834557"><ele>347.25</ele></trkpt>
   <trkpt lon="2.806122" lat="39.833888"><ele>339.75</ele></trkpt>
   <trkpt lon="2.806192" lat="39.833870"><ele>339.75</ele></trkpt>
   <trkpt lon="2.806278" lat="39.833867"><ele>339.25</ele></trkpt>
   <trkpt lon="2.806357" lat="39.833886"><ele>338.25</ele></trkpt>
   <trkpt lon="2.806421" lat="39.833913"><ele>338.0</ele></trkpt>
   <trkpt lon="2.806520" lat="39.834010"><ele>337.5</ele></trkpt>
   <trkpt lon="2.806658" lat="39.834265"><ele>333.5</ele></trkpt>
   <trkpt lon="2.806775" lat="39.834522"><ele>332.5</ele></trkpt>
   <trkpt lon="2.806802" lat="39.834611"><ele>332.25</ele></trkpt>
   <trkpt lon="2.806818" lat="39.834694"><ele>331.5</ele></trkpt>
   <trkpt lon="2.806817" lat="39.834767"><ele>330.75</ele></trkpt>
   <trkpt lon="2.806561" lat="39.836398"><ele>313.75</ele></trkpt>
   <trkpt lon="2.806559" lat="39.836485"><ele>312.5</ele></trkpt>
   <trkpt lon="2.806570" lat="39.836557"><ele>311.75</ele></trkpt>
   <trkpt lon="2.806673" lat="39.837106"><ele>308.0</ele></trkpt>
   <trkpt lon="2.806674" lat="39.837168"><ele>307.0</ele></trkpt>
   <trkpt lon="2.806665" lat="39.837224"><ele>305.75</ele></trkpt>
   <trkpt lon="2.806647" lat="39.837280"><ele>306.0</ele></trkpt>
   <trkpt lon="2.806614" lat="39.837344"><ele>306.0</ele></trkpt>
   <trkpt lon="2.806551" lat="39.837435"><ele>305.5</ele></trkpt>
   <trkpt lon="2.806372" lat="39.837663"><ele>303.75</ele></trkpt>
   <trkpt lon="2.806335" lat="39.837728"><ele>303.25</ele></trkpt>
   <trkpt lon="2.805963" lat="39.838601"><ele>293.0</ele></trkpt>
   <trkpt lon="2.805782" lat="39.838881"><ele>290.25</ele></trkpt>
   <trkpt lon="2.805711" lat="39.838970"><ele>289.25</ele><sym>stay_left</sym></trkpt>
   <trkpt lon="2.805710" lat="39.838968"><ele>287.25</ele><sym>pass_place</sym><type>Shaping</type></trkpt>
   <trkpt lon="2.805711" lat="39.838970"><ele>289.25</ele></trkpt>
   <trkpt lon="2.805657" lat="39.839052"><ele>288.0</ele></trkpt>
   <trkpt lon="2.805619" lat="39.839136"><ele>287.25</ele></trkpt>
   <trkpt lon="2.805590" lat="39.839224"><ele>286.5</ele></trkpt>
   <trkpt lon="2.805352" lat="39.840251"><ele>278.25</ele></trkpt>
   <trkpt lon="2.805338" lat="39.840346"><ele>277.0</ele></trkpt>
   <trkpt lon="2.805336" lat="39.840420"><ele>275.75</ele></trkpt>
   <trkpt lon="2.805345" lat="39.840504"><ele>275.0</ele></trkpt>
   <trkpt lon="2.805410" lat="39.840742"><ele>274.5</ele></trkpt>
   <trkpt lon="2.805425" lat="39.840831"><ele>274.25</ele></trkpt>
   <trkpt lon="2.805429" lat="39.840916"><ele>273.5</ele></trkpt>
   <trkpt lon="2.805417" lat="39.841067"><ele>271.75</ele></trkpt>
   <trkpt lon="2.805398" lat="39.841167"><ele>270.75</ele></trkpt>
   <trkpt lon="2.805361" lat="39.841270"><ele>269.5</ele></trkpt>
   <trkpt lon="2.805038" lat="39.841902"><ele>262.5</ele></trkpt>
   <trkpt lon="2.804974" lat="39.842000"><ele>261.5</ele></trkpt>
   <trkpt lon="2.804834" lat="39.842158"><ele>260.75</ele></trkpt>
   <trkpt lon="2.804679" lat="39.842301"><ele>258.25</ele></trkpt>
   <trkpt lon="2.804425" lat="39.842501"><ele>256.5</ele></trkpt>
   <trkpt lon="2.803975" lat="39.842834"><ele>251.75</ele></trkpt>
   <trkpt lon="2.803918" lat="39.842907"><ele>250.5</ele></trkpt>
   <trkpt lon="2.803674" lat="39.843364"><ele>245.75</ele></trkpt>
   <trkpt lon="2.803653" lat="39.843418"><ele>244.25</ele></trkpt>
   <trkpt lon="2.803649" lat="39.843469"><ele>243.5</ele></trkpt>
   <trkpt lon="2.803664" lat="39.843518"><ele>243.0</ele></trkpt>
   <trkpt lon="2.803691" lat="39.843552"><ele>242.75</ele></trkpt>
   <trkpt lon="2.803728" lat="39.843579"><ele>242.75</ele></trkpt>
   <trkpt lon="2.803788" lat="39.843600"><ele>243.0</ele></trkpt>
   <trkpt lon="2.803839" lat="39.843609"><ele>243.5</ele></trkpt>
   <trkpt lon="2.804055" lat="39.843630"><ele>242.25</ele></trkpt>
   <trkpt lon="2.804151" lat="39.843649"><ele>241.25</ele></trkpt>
   <trkpt lon="2.804210" lat="39.843671"><ele>240.75</ele></trkpt>
   <trkpt lon="2.804255" lat="39.843703"><ele>240.25</ele></trkpt>
   <trkpt lon="2.804316" lat="39.843760"><ele>239.5</ele></trkpt>
   <trkpt lon="2.804350" lat="39.843822"><ele>239.0</ele></trkpt>
   <trkpt lon="2.804380" lat="39.843911"><ele>238.5</ele></trkpt>
   <trkpt lon="2.804410" lat="39.844057"><ele>238.25</ele></trkpt>
   <trkpt lon="2.804436" lat="39.844236"><ele>237.5</ele></trkpt>
   <trkpt lon="2.804502" lat="39.844898"><ele>235.25</ele></trkpt>
   <trkpt lon="2.804494" lat="39.844988"><ele>235.25</ele></trkpt>
   <trkpt lon="2.804472" lat="39.845073"><ele>234.25</ele></trkpt>
   <trkpt lon="2.804416" lat="39.845161"><ele>233.5</ele></trkpt>
   <trkpt lon="2.804352" lat="39.845225"><ele>233.75</ele></trkpt>
   <trkpt lon="2.804291" lat="39.845267"><ele>234.25</ele></trkpt>
   <trkpt lon="2.804201" lat="39.845313"><ele>234.25</ele></trkpt>
   <trkpt lon="2.804114" lat="39.845342"><ele>233.25</ele></trkpt>
   <trkpt lon="2.804009" lat="39.845351"><ele>231.75</ele></trkpt>
   <trkpt lon="2.802985" lat="39.845306"><ele>226.5</ele></trkpt>
   <trkpt lon="2.802901" lat="39.845316"><ele>226.0</ele></trkpt>
   <trkpt lon="2.802821" lat="39.845333"><ele>225.75</ele></trkpt>
   <trkpt lon="2.802732" lat="39.845360"><ele>226.25</ele></trkpt>
   <trkpt lon="2.802654" lat="39.845406"><ele>226.75</ele></trkpt>
   <trkpt lon="2.802430" lat="39.845564"><ele>223.25</ele></trkpt>
   <trkpt lon="2.802300" lat="39.845630"><ele>221.0</ele></trkpt>
   <trkpt lon="2.802220" lat="39.845652"><ele>219.5</ele></trkpt>
   <trkpt lon="2.801973" lat="39.845662"><ele>214.75</ele></trkpt>
   <trkpt lon="2.801835" lat="39.845650"><ele>214.75</ele></trkpt>
   <trkpt lon="2.801605" lat="39.845604"><ele>215.5</ele></trkpt>
   <trkpt lon="2.801489" lat="39.845567"><ele>213.75</ele></trkpt>
   <trkpt lon="2.801381" lat="39.845523"><ele>212.75</ele></trkpt>
   <trkpt lon="2.801277" lat="39.845481"><ele>213.25</ele></trkpt>
   <trkpt lon="2.800453" lat="39.845145"><ele>210.5</ele></trkpt>
   <trkpt lon="2.800402" lat="39.845107"><ele>209.75</ele></trkpt>
   <trkpt lon="2.800280" lat="39.844993"><ele>207.0</ele></trkpt>
   <trkpt lon="2.800251" lat="39.844971"><ele>207.0</ele></trkpt>
   <trkpt lon="2.800213" lat="39.844959"><ele>206.75</ele></trkpt>
   <trkpt lon="2.800166" lat="39.844956"><ele>206.0</ele></trkpt>
   <trkpt lon="2.800121" lat="39.844965"><ele>205.25</ele></trkpt>
   <trkpt lon="2.800049" lat="39.845010"><ele>203.5</ele></trkpt>
   <trkpt lon="2.800026" lat="39.845049"><ele>203.0</ele></trkpt>
   <trkpt lon="2.800023" lat="39.845086"><ele>202.5</ele></trkpt>
   <trkpt lon="2.800034" lat="39.845133"><ele>202.5</ele></trkpt>
   <trkpt lon="2.800058" lat="39.845181"><ele>202.5</ele></trkpt>
   <trkpt lon="2.800133" lat="39.845266"><ele>202.75</ele></trkpt>
   <trkpt lon="2.800154" lat="39.845302"><ele>203.0</ele></trkpt>
   <trkpt lon="2.800165" lat="39.845344"><ele>203.0</ele></trkpt>
   <trkpt lon="2.800156" lat="39.845378"><ele>202.75</ele></trkpt>
   <trkpt lon="2.800133" lat="39.845416"><ele>202.25</ele></trkpt>
   <trkpt lon="2.800087" lat="39.845440"><ele>201.0</ele></trkpt>
   <trkpt lon="2.800043" lat="39.845451"><ele>200.0</ele></trkpt>
   <trkpt lon="2.799991" lat="39.845449"><ele>198.5</ele></trkpt>
   <trkpt lon="2.799948" lat="39.845438"><ele>196.25</ele></trkpt>
   <trkpt lon="2.799899" lat="39.845411"><ele>194.75</ele></trkpt>
   <trkpt lon="2.799741" lat="39.845295"><ele>196.75</ele></trkpt>
   <trkpt lon="2.799646" lat="39.845196"><ele>190.0</ele></trkpt>
   <trkpt lon="2.799593" lat="39.845123"><ele>188.25</ele></trkpt>
   <trkpt lon="2.799494" lat="39.844962"><ele>192.75</ele></trkpt>
   <trkpt lon="2.799396" lat="39.844515"><ele>198.75</ele></trkpt>
   <trkpt lon="2.799294" lat="39.844227"><ele>198.25</ele></trkpt>
   <trkpt lon="2.799241" lat="39.844134"><ele>191.5</ele></trkpt>
   <trkpt lon="2.799190" lat="39.844093"><ele>185.25</ele></trkpt>
   <trkpt lon="2.799087" lat="39.843950"><ele>182.0</ele></trkpt>
   <trkpt lon="2.798966" lat="39.843829"><ele>177.75</ele></trkpt>
   <trkpt lon="2.798917" lat="39.843758"><ele>176.75</ele></trkpt>
   <trkpt lon="2.798883" lat="39.843684"><ele>177.0</ele></trkpt>
   <trkpt lon="2.798800" lat="39.843420"><ele>175.75</ele></trkpt>
   <trkpt lon="2.798778" lat="39.843211"><ele>188.25</ele></trkpt>
   <trkpt lon="2.798812" lat="39.842963"><ele>201.25</ele></trkpt>
   <trkpt lon="2.798839" lat="39.842809"><ele>183.0</ele></trkpt>
   <trkpt lon="2.798838" lat="39.842696"><ele>175.5</ele></trkpt>
   <trkpt lon="2.798831" lat="39.842635"><ele>173.25</ele></trkpt>
   <trkpt lon="2.798764" lat="39.842330"><ele>166.25</ele></trkpt>
   <trkpt lon="2.798760" lat="39.842229"><ele>166.0</ele></trkpt>
   <trkpt lon="2.798771" lat="39.842171"><ele>165.75</ele></trkpt>
   <trkpt lon="2.798820" lat="39.842012"><ele>166.25</ele></trkpt>
   <trkpt lon="2.798832" lat="39.841942"><ele>165.75</ele></trkpt>
   <trkpt lon="2.798833" lat="39.841863"><ele>164.75</ele></trkpt>
   <trkpt lon="2.798797" lat="39.841236"><ele>157.5</ele></trkpt>
   <trkpt lon="2.798802" lat="39.841160"><ele>157.0</ele></trkpt>
   <trkpt lon="2.798829" lat="39.841036"><ele>156.0</ele></trkpt>
   <trkpt lon="2.798926" lat="39.840841"><ele>156.25</ele><sym>pass_place</sym><type>Shaping</type></trkpt>
   <trkpt lon="2.798959" lat="39.840725"><ele>155.75</ele></trkpt>
   <trkpt lon="2.798980" lat="39.840429"><ele>152.25</ele></trkpt>
   <trkpt lon="2.799080" lat="39.839804"><ele>148.5</ele></trkpt>
   <trkpt lon="2.799114" lat="39.839535"><ele>148.25</ele></trkpt>
   <trkpt lon="2.799153" lat="39.839110"><ele>146.25</ele></trkpt>
   <trkpt lon="2.799159" lat="39.838975"><ele>146.5</ele></trkpt>
   <trkpt lon="2.799156" lat="39.838898"><ele>146.5</ele></trkpt>
   <trkpt lon="2.799143" lat="39.838818"><ele>146.0</ele></trkpt>
   <trkpt lon="2.799010" lat="39.838257"><ele>147.0</ele></trkpt>
   <trkpt lon="2.798941" lat="39.838114"><ele>144.75</ele></trkpt>
   <trkpt lon="2.798920" lat="39.838086"><ele>144.0</ele></trkpt>
   <trkpt lon="2.798855" lat="39.838041"><ele>143.0</ele></trkpt>
   <trkpt lon="2.798739" lat="39.838011"><ele>142.5</ele></trkpt>
   <trkpt lon="2.798631" lat="39.837989"><ele>142.25</ele></trkpt>
   <trkpt lon="2.798540" lat="39.837977"><ele>141.5</ele></trkpt>
   <trkpt lon="2.798448" lat="39.837975"><ele>140.5</ele></trkpt>
   <trkpt lon="2.798294" lat="39.837989"><ele>139.75</ele></trkpt>
   <trkpt lon="2.798221" lat="39.838005"><ele>140.75</ele></trkpt>
   <trkpt lon="2.798151" lat="39.838033"><ele>141.25</ele></trkpt>
   <trkpt lon="2.798097" lat="39.838063"><ele>140.75</ele></trkpt>
   <trkpt lon="2.798037" lat="39.838107"><ele>139.5</ele></trkpt>
   <trkpt lon="2.797904" lat="39.838232"><ele>136.5</ele></trkpt>
   <trkpt lon="2.797865" lat="39.838258"><ele>136.25</ele></trkpt>
   <trkpt lon="2.797796" lat="39.838289"><ele>137.0</ele></trkpt>
   <trkpt lon="2.797661" lat="39.838325"><ele>137.5</ele></trkpt>
   <trkpt lon="2.797502" lat="39.838382"><ele>137.0</ele></trkpt>
   <trkpt lon="2.797331" lat="39.838476"><ele>136.5</ele></trkpt>
   <trkpt lon="2.797262" lat="39.838530"><ele>135.0</ele></trkpt>
   <trkpt lon="2.797134" lat="39.838648"><ele>133.25</ele></trkpt>
   <trkpt lon="2.796909" lat="39.838878"><ele>131.25</ele></trkpt>
   <trkpt lon="2.796683" lat="39.839182"><ele>128.0</ele></trkpt>
   <trkpt lon="2.796318" lat="39.839617"><ele>122.75</ele></trkpt>
   <trkpt lon="2.796255" lat="39.839676"><ele>121.75</ele></trkpt>
   <trkpt lon="2.796177" lat="39.839728"><ele>121.5</ele></trkpt>
   <trkpt lon="2.795803" lat="39.839920"><ele>121.75</ele></trkpt>
   <trkpt lon="2.795736" lat="39.839973"><ele>121.0</ele></trkpt>
   <trkpt lon="2.795687" lat="39.840028"><ele>120.25</ele></trkpt>
   <trkpt lon="2.795496" lat="39.840281"><ele>119.0</ele></trkpt>
   <trkpt lon="2.795456" lat="39.840359"><ele>119.0</ele></trkpt>
   <trkpt lon="2.795435" lat="39.840423"><ele>118.5</ele></trkpt>
   <trkpt lon="2.795428" lat="39.840479"><ele>117.5</ele></trkpt>
   <trkpt lon="2.795438" lat="39.840725"><ele>115.75</ele></trkpt>
   <trkpt lon="2.795435" lat="39.840853"><ele>115.5</ele></trkpt>
   <trkpt lon="2.795421" lat="39.840945"><ele>115.0</ele></trkpt>
   <trkpt lon="2.795352" lat="39.841227"><ele>113.0</ele></trkpt>
   <trkpt lon="2.795292" lat="39.841406"><ele>111.25</ele></trkpt>
   <trkpt lon="2.795271" lat="39.841531"><ele>110.75</ele></trkpt>
   <trkpt lon="2.795276" lat="39.841692"><ele>109.0</ele></trkpt>
   <trkpt lon="2.795313" lat="39.841863"><ele>107.5</ele></trkpt>
   <trkpt lon="2.795330" lat="39.841995"><ele>106.25</ele></trkpt>
   <trkpt lon="2.795330" lat="39.842168"><ele>104.5</ele></trkpt>
   <trkpt lon="2.795346" lat="39.842267"><ele>103.75</ele></trkpt>
   <trkpt lon="2.795373" lat="39.842336"><ele>103.5</ele></trkpt>
   <trkpt lon="2.795415" lat="39.842390"><ele>102.75</ele></trkpt>
   <trkpt lon="2.795484" lat="39.842444"><ele>101.5</ele></trkpt>
   <trkpt lon="2.795645" lat="39.842529"><ele>98.5</ele></trkpt>
   <trkpt lon="2.795716" lat="39.842573"><ele>97.0</ele></trkpt>
   <trkpt lon="2.795768" lat="39.842615"><ele>96.5</ele></trkpt>
   <trkpt lon="2.795809" lat="39.842667"><ele>96.25</ele></trkpt>
   <trkpt lon="2.795840" lat="39.842726"><ele>96.5</ele></trkpt>
   <trkpt lon="2.795856" lat="39.842784"><ele>96.5</ele></trkpt>
   <trkpt lon="2.795850" lat="39.842824"><ele>95.75</ele></trkpt>
   <trkpt lon="2.795831" lat="39.842858"><ele>95.5</ele></trkpt>
   <trkpt lon="2.795793" lat="39.842884"><ele>95.25</ele></trkpt>
   <trkpt lon="2.795745" lat="39.842903"><ele>95.25</ele></trkpt>
   <trkpt lon="2.795484" lat="39.842964"><ele>96.0</ele></trkpt>
   <trkpt lon="2.795418" lat="39.842986"><ele>96.0</ele></trkpt>
   <trkpt lon="2.795371" lat="39.843016"><ele>95.75</ele></trkpt>
   <trkpt lon="2.795307" lat="39.843101"><ele>94.75</ele></trkpt>
   <trkpt lon="2.795269" lat="39.843229"><ele>93.75</ele></trkpt>
   <trkpt lon="2.795265" lat="39.843327"><ele>92.5</ele></trkpt>
   <trkpt lon="2.795278" lat="39.843489"><ele>91.25</ele></trkpt>
   <trkpt lon="2.795329" lat="39.843895"><ele>87.5</ele></trkpt>
   <trkpt lon="2.795323" lat="39.843956"><ele>86.5</ele></trkpt>
   <trkpt lon="2.795300" lat="39.844018"><ele>86.25</ele></trkpt>
   <trkpt lon="2.795266" lat="39.844072"><ele>86.25</ele></trkpt>
   <trkpt lon="2.795216" lat="39.844125"><ele>86.5</ele></trkpt>
   <trkpt lon="2.795140" lat="39.844179"><ele>86.75</ele></trkpt>
   <trkpt lon="2.795042" lat="39.844234"><ele>86.25</ele></trkpt>
   <trkpt lon="2.794947" lat="39.844272"><ele>85.75</ele></trkpt>
   <trkpt lon="2.794684" lat="39.844331"><ele>85.25</ele></trkpt>
   <trkpt lon="2.794298" lat="39.844415"><ele>84.0</ele></trkpt>
   <trkpt lon="2.794214" lat="39.844441"><ele>83.75</ele></trkpt>
   <trkpt lon="2.794141" lat="39.844478"><ele>83.75</ele></trkpt>
   <trkpt lon="2.794073" lat="39.844523"><ele>83.75</ele></trkpt>
   <trkpt lon="2.794055" lat="39.844544"><ele>83.75</ele></trkpt>
   <trkpt lon="2.794043" lat="39.844571"><ele>83.75</ele></trkpt>
   <trkpt lon="2.794041" lat="39.844600"><ele>83.75</ele></trkpt>
   <trkpt lon="2.794052" lat="39.844634"><ele>83.25</ele></trkpt>
   <trkpt lon="2.794091" lat="39.844683"><ele>82.5</ele></trkpt>
   <trkpt lon="2.794164" lat="39.844726"><ele>81.0</ele></trkpt>
   <trkpt lon="2.794359" lat="39.844774"><ele>79.5</ele></trkpt>
   <trkpt lon="2.794469" lat="39.844800"><ele>78.75</ele></trkpt>
   <trkpt lon="2.794697" lat="39.844868"><ele>78.0</ele></trkpt>
   <trkpt lon="2.795145" lat="39.845027"><ele>75.0</ele></trkpt>
   <trkpt lon="2.795365" lat="39.845093"><ele>74.0</ele></trkpt>
   <trkpt lon="2.795515" lat="39.845126"><ele>73.5</ele></trkpt>
   <trkpt lon="2.795671" lat="39.845150"><ele>73.25</ele></trkpt>
   <trkpt lon="2.796182" lat="39.845202"><ele>70.5</ele></trkpt>
   <trkpt lon="2.796380" lat="39.845241"><ele>69.25</ele></trkpt>
   <trkpt lon="2.796509" lat="39.845294"><ele>68.25</ele></trkpt>
   <trkpt lon="2.796605" lat="39.845359"><ele>68.25</ele></trkpt>
   <trkpt lon="2.796729" lat="39.845464"><ele>67.75</ele></trkpt>
   <trkpt lon="2.796781" lat="39.845521"><ele>67.25</ele></trkpt>
   <trkpt lon="2.796902" lat="39.845702"><ele>64.75</ele></trkpt>
   <trkpt lon="2.796950" lat="39.845790"><ele>63.5</ele></trkpt>
   <trkpt lon="2.797002" lat="39.845937"><ele>63.0</ele></trkpt>
   <trkpt lon="2.797052" lat="39.846348"><ele>61.25</ele></trkpt>
   <trkpt lon="2.797098" lat="39.846565"><ele>59.25</ele></trkpt>
   <trkpt lon="2.797159" lat="39.846750"><ele>58.0</ele></trkpt>
   <trkpt lon="2.797189" lat="39.846806"><ele>57.25</ele></trkpt>
   <trkpt lon="2.797244" lat="39.846913"><ele>56.0</ele></trkpt>
   <trkpt lon="2.797402" lat="39.847085"><ele>55.75</ele></trkpt>
   <trkpt lon="2.797527" lat="39.847188"><ele>53.25</ele></trkpt>
   <trkpt lon="2.797737" lat="39.847380"><ele>49.5</ele><sym>pass_place</sym><type>Shaping</type></trkpt>
   <trkpt lon="2.797741" lat="39.847383"><ele>49.5</ele></trkpt>
   <trkpt lon="2.797949" lat="39.847613"><ele>47.25</ele></trkpt>
   <trkpt lon="2.798458" lat="39.847934"><ele>41.5</ele></trkpt>
   <trkpt lon="2.798503" lat="39.847964"><ele>41.5</ele></trkpt>
   <trkpt lon="2.798679" lat="39.848066"><ele>41.75</ele></trkpt>
   <trkpt lon="2.798740" lat="39.848142"><ele>41.5</ele></trkpt>
   <trkpt lon="2.799355" lat="39.848976"><ele>33.0</ele></trkpt>
   <trkpt lon="2.799403" lat="39.849074"><ele>31.75</ele></trkpt>
   <trkpt lon="2.799439" lat="39.849178"><ele>29.75</ele></trkpt>
   <trkpt lon="2.799462" lat="39.849330"><ele>28.25</ele></trkpt>
   <trkpt lon="2.799494" lat="39.849442"><ele>28.0</ele></trkpt>
   <trkpt lon="2.799551" lat="39.849553"><ele>28.0</ele></trkpt>
   <trkpt lon="2.799628" lat="39.849676"><ele>27.25</ele></trkpt>
   <trkpt lon="2.799863" lat="39.850054"><ele>20.0</ele></trkpt>
   <trkpt lon="2.799906" lat="39.850146"><ele>19.0</ele></trkpt>
   <trkpt lon="2.799942" lat="39.850326"><ele>15.0</ele></trkpt>
   <trkpt lon="2.799938" lat="39.850349"><ele>14.5</ele><sym>right</sym></trkpt>
   <trkpt lon="2.799995" lat="39.850375"><ele>13.75</ele></trkpt>
   <trkpt lon="2.800022" lat="39.850387"><ele>14.0</ele><sym>left_sharp</sym></trkpt>
   <trkpt lon="2.799983" lat="39.850411"><ele>13.0</ele></trkpt>
   <trkpt lon="2.799931" lat="39.850410"><ele>13.25</ele></trkpt>
   <trkpt lon="2.799901" lat="39.850409"><ele>13.5</ele></trkpt>
   <trkpt lon="2.799803" lat="39.850411"><ele>13.75</ele></trkpt>
   <trkpt lon="2.799705" lat="39.850429"><ele>14.0</ele></trkpt>
   <trkpt lon="2.799635" lat="39.850461"><ele>14.75</ele><sym>right_slight</sym></trkpt>
   <trkpt lon="2.799605" lat="39.850500"><ele>14.75</ele></trkpt>
   <trkpt lon="2.799571" lat="39.850565"><ele>14.5</ele></trkpt>
   <trkpt lon="2.799544" lat="39.850641"><ele>13.75</ele></trkpt>
   <trkpt lon="2.799534" lat="39.850733"><ele>12.5</ele></trkpt>
   <trkpt lon="2.799513" lat="39.850785"><ele>12.0</ele></trkpt>
   <trkpt lon="2.799484" lat="39.850825"><ele>12.0</ele></trkpt>
   <trkpt lon="2.799421" lat="39.850875"><ele>12.75</ele></trkpt>
   <trkpt lon="2.799414" lat="39.850909"><ele>12.25</ele></trkpt>
   <trkpt lon="2.799429" lat="39.850929"><ele>11.75</ele><sym>right</sym></trkpt>
   <trkpt lon="2.799461" lat="39.850935"><ele>11.5</ele></trkpt>
   <trkpt lon="2.799485" lat="39.850928"><ele>11.25</ele></trkpt>
   <trkpt lon="2.799691" lat="39.850774"><ele>8.75</ele><sym>u-turn_right</sym></trkpt>
   <trkpt lon="2.799689" lat="39.850769"><ele>8.75</ele><sym>pass_place</sym><type>Shaping</type></trkpt>
   <trkpt lon="2.799691" lat="39.850774"><ele>8.75</ele></trkpt>
   <trkpt lon="2.799485" lat="39.850928"><ele>11.5</ele></trkpt>
   <trkpt lon="2.799461" lat="39.850935"><ele>11.75</ele></trkpt>
   <trkpt lon="2.799429" lat="39.850929"><ele>12.25</ele><sym>left_sharp</sym></trkpt>
   <trkpt lon="2.799414" lat="39.850909"><ele>12.25</ele></trkpt>
   <trkpt lon="2.799421" lat="39.850875"><ele>12.75</ele></trkpt>
   <trkpt lon="2.799484" lat="39.850825"><ele>12.0</ele></trkpt>
   <trkpt lon="2.799513" lat="39.850785"><ele>12.0</ele></trkpt>
   <trkpt lon="2.799534" lat="39.850733"><ele>12.5</ele></trkpt>
   <trkpt lon="2.799544" lat="39.850641"><ele>13.75</ele></trkpt>
   <trkpt lon="2.799571" lat="39.850565"><ele>14.5</ele></trkpt>
   <trkpt lon="2.799605" lat="39.850500"><ele>14.75</ele></trkpt>
   <trkpt lon="2.799635" lat="39.850461"><ele>14.75</ele><sym>left_slight</sym></trkpt>
   <trkpt lon="2.799705" lat="39.850429"><ele>14.0</ele></trkpt>
   <trkpt lon="2.799803" lat="39.850411"><ele>13.75</ele></trkpt>
   <trkpt lon="2.799901" lat="39.850409"><ele>13.5</ele></trkpt>
   <trkpt lon="2.799931" lat="39.850410"><ele>13.25</ele><sym>right_slight</sym></trkpt>
   <trkpt lon="2.799983" lat="39.850411"><ele>13.0</ele></trkpt>
   <trkpt lon="2.800022" lat="39.850387"><ele>14.0</ele><sym>right_sharp</sym></trkpt>
   <trkpt lon="2.799995" lat="39.850375"><ele>13.75</ele></trkpt>
   <trkpt lon="2.799938" lat="39.850349"><ele>14.5</ele><sym>right_slight</sym></trkpt>
   <trkpt lon="2.799914" lat="39.850369"><ele>14.25</ele></trkpt>
   <trkpt lon="2.799893" lat="39.850372"><ele>14.25</ele></trkpt>
   <trkpt lon="2.799795" lat="39.850375"><ele>14.5</ele></trkpt>
   <trkpt lon="2.799680" lat="39.850394"><ele>15.25</ele></trkpt>
   <trkpt lon="2.799615" lat="39.850419"><ele>16.0</ele></trkpt>
   <trkpt lon="2.799581" lat="39.850440"><ele>16.25</ele></trkpt>
   <trkpt lon="2.799530" lat="39.850488"><ele>16.75</ele></trkpt>
   <trkpt lon="2.799298" lat="39.850846"><ele>18.0</ele></trkpt>
   <trkpt lon="2.799231" lat="39.850966"><ele>18.0</ele></trkpt>
   <trkpt lon="2.799171" lat="39.851019"><ele>19.25</ele></trkpt>
   <trkpt lon="2.799124" lat="39.851027"><ele>21.25</ele></trkpt>
   <trkpt lon="2.799083" lat="39.851006"><ele>23.25</ele></trkpt>
   <trkpt lon="2.799070" lat="39.850979"><ele>24.25</ele></trkpt>
   <trkpt lon="2.799076" lat="39.850937"><ele>24.75</ele></trkpt>
   <trkpt lon="2.799153" lat="39.850810"><ele>24.0</ele></trkpt>
   <trkpt lon="2.799204" lat="39.850664"><ele>25.0</ele></trkpt>
   <trkpt lon="2.799229" lat="39.850442"><ele>27.25</ele></trkpt>
   <trkpt lon="2.799212" lat="39.850207"><ele>29.0</ele></trkpt>
   <trkpt lon="2.799122" lat="39.849778"><ele>31.5</ele></trkpt>
   <trkpt lon="2.798995" lat="39.849314"><ele>34.75</ele></trkpt>
   <trkpt lon="2.798952" lat="39.849201"><ele>35.5</ele></trkpt>
   <trkpt lon="2.798913" lat="39.849138"><ele>36.0</ele></trkpt>
   <trkpt lon="2.798734" lat="39.848973"><ele>40.0</ele></trkpt>
   <trkpt lon="2.798696" lat="39.848908"><ele>40.25</ele></trkpt>
   <trkpt lon="2.798662" lat="39.848828"><ele>40.5</ele></trkpt>
   <trkpt lon="2.798620" lat="39.848655"><ele>40.25</ele></trkpt>
   <trkpt lon="2.798587" lat="39.848582"><ele>40.75</ele></trkpt>
   <trkpt lon="2.798417" lat="39.848337"><ele>42.25</ele></trkpt>
   <trkpt lon="2.798131" lat="39.848009"><ele>46.0</ele></trkpt>
   <trkpt lon="2.797975" lat="39.847788"><ele>48.0</ele></trkpt>
   <trkpt lon="2.797961" lat="39.847746"><ele>48.0</ele></trkpt>
   <trkpt lon="2.797949" lat="39.847613"><ele>47.25</ele><sym>right_slight</sym></trkpt>
   <trkpt lon="2.797741" lat="39.847383"><ele>49.5</ele></trkpt>
   <trkpt lon="2.797527" lat="39.847188"><ele>53.25</ele></trkpt>
   <trkpt lon="2.797402" lat="39.847085"><ele>55.75</ele></trkpt>
   <trkpt lon="2.797244" lat="39.846913"><ele>56.0</ele></trkpt>
   <trkpt lon="2.797189" lat="39.846806"><ele>57.25</ele></trkpt>
   <trkpt lon="2.797159" lat="39.846750"><ele>58.0</ele></trkpt>
   <trkpt lon="2.797098" lat="39.846565"><ele>59.25</ele></trkpt>
   <trkpt lon="2.797052" lat="39.846348"><ele>61.25</ele></trkpt>
   <trkpt lon="2.797002" lat="39.845937"><ele>63.0</ele></trkpt>
   <trkpt lon="2.796950" lat="39.845790"><ele>63.5</ele></trkpt>
   <trkpt lon="2.796902" lat="39.845702"><ele>64.75</ele></trkpt>
   <trkpt lon="2.796781" lat="39.845521"><ele>67.25</ele></trkpt>
   <trkpt lon="2.796729" lat="39.845464"><ele>67.75</ele></trkpt>
   <trkpt lon="2.796605" lat="39.845359"><ele>68.25</ele></trkpt>
   <trkpt lon="2.796509" lat="39.845294"><ele>68.25</ele></trkpt>
   <trkpt lon="2.796380" lat="39.845241"><ele>69.25</ele></trkpt>
   <trkpt lon="2.796182" lat="39.845202"><ele>70.5</ele></trkpt>
   <trkpt lon="2.795671" lat="39.845150"><ele>73.25</ele></trkpt>
   <trkpt lon="2.795515" lat="39.845126"><ele>73.5</ele></trkpt>
   <trkpt lon="2.795365" lat="39.845093"><ele>74.0</ele></trkpt>
   <trkpt lon="2.795145" lat="39.845027"><ele>75.0</ele></trkpt>
   <trkpt lon="2.794697" lat="39.844868"><ele>78.0</ele></trkpt>
   <trkpt lon="2.794469" lat="39.844800"><ele>78.75</ele></trkpt>
   <trkpt lon="2.794359" lat="39.844774"><ele>79.5</ele></trkpt>
   <trkpt lon="2.794164" lat="39.844726"><ele>81.0</ele></trkpt>
   <trkpt lon="2.794091" lat="39.844683"><ele>82.5</ele></trkpt>
   <trkpt lon="2.794052" lat="39.844634"><ele>83.25</ele></trkpt>
   <trkpt lon="2.794041" lat="39.844600"><ele>83.75</ele></trkpt>
   <trkpt lon="2.794043" lat="39.844571"><ele>83.75</ele></trkpt>
   <trkpt lon="2.794055" lat="39.844544"><ele>83.75</ele></trkpt>
   <trkpt lon="2.794073" lat="39.844523"><ele>83.75</ele></trkpt>
   <trkpt lon="2.794141" lat="39.844478"><ele>83.75</ele></trkpt>
   <trkpt lon="2.794214" lat="39.844441"><ele>83.75</ele></trkpt>
   <trkpt lon="2.794298" lat="39.844415"><ele>84.0</ele></trkpt>
   <trkpt lon="2.794684" lat="39.844331"><ele>85.25</ele></trkpt>
   <trkpt lon="2.794947" lat="39.844272"><ele>85.75</ele></trkpt>
   <trkpt lon="2.795042" lat="39.844234"><ele>86.25</ele></trkpt>
   <trkpt lon="2.795140" lat="39.844179"><ele>86.75</ele></trkpt>
   <trkpt lon="2.795216" lat="39.844125"><ele>86.5</ele></trkpt>
   <trkpt lon="2.795266" lat="39.844072"><ele>86.25</ele></trkpt>
   <trkpt lon="2.795300" lat="39.844018"><ele>86.25</ele></trkpt>
   <trkpt lon="2.795323" lat="39.843956"><ele>86.5</ele></trkpt>
   <trkpt lon="2.795329" lat="39.843895"><ele>87.5</ele></trkpt>
   <trkpt lon="2.795278" lat="39.843489"><ele>91.25</ele></trkpt>
   <trkpt lon="2.795265" lat="39.843327"><ele>92.5</ele></trkpt>
   <trkpt lon="2.795269" lat="39.843229"><ele>93.75</ele></trkpt>
   <trkpt lon="2.795307" lat="39.843101"><ele>94.75</ele></trkpt>
   <trkpt lon="2.795371" lat="39.843016"><ele>95.75</ele></trkpt>
   <trkpt lon="2.795418" lat="39.842986"><ele>96.0</ele></trkpt>
   <trkpt lon="2.795484" lat="39.842964"><ele>96.0</ele></trkpt>
   <trkpt lon="2.795745" lat="39.842903"><ele>95.25</ele></trkpt>
   <trkpt lon="2.795793" lat="39.842884"><ele>95.25</ele></trkpt>
   <trkpt lon="2.795831" lat="39.842858"><ele>95.5</ele></trkpt>
   <trkpt lon="2.795850" lat="39.842824"><ele>95.75</ele></trkpt>
   <trkpt lon="2.795856" lat="39.842784"><ele>96.5</ele></trkpt>
   <trkpt lon="2.795840" lat="39.842726"><ele>96.5</ele></trkpt>
   <trkpt lon="2.795809" lat="39.842667"><ele>96.25</ele></trkpt>
   <trkpt lon="2.795768" lat="39.842615"><ele>96.5</ele></trkpt>
   <trkpt lon="2.795716" lat="39.842573"><ele>97.0</ele></trkpt>
   <trkpt lon="2.795645" lat="39.842529"><ele>98.5</ele></trkpt>
   <trkpt lon="2.795484" lat="39.842444"><ele>101.5</ele></trkpt>
   <trkpt lon="2.795415" lat="39.842390"><ele>102.75</ele></trkpt>
   <trkpt lon="2.795373" lat="39.842336"><ele>103.5</ele></trkpt>
   <trkpt lon="2.795346" lat="39.842267"><ele>103.75</ele></trkpt>
   <trkpt lon="2.795330" lat="39.842168"><ele>104.5</ele></trkpt>
   <trkpt lon="2.795330" lat="39.841995"><ele>106.25</ele></trkpt>
   <trkpt lon="2.795313" lat="39.841863"><ele>107.5</ele></trkpt>
   <trkpt lon="2.795276" lat="39.841692"><ele>109.0</ele></trkpt>
   <trkpt lon="2.795271" lat="39.841531"><ele>110.75</ele></trkpt>
   <trkpt lon="2.795292" lat="39.841406"><ele>111.25</ele></trkpt>
   <trkpt lon="2.795352" lat="39.841227"><ele>113.0</ele></trkpt>
   <trkpt lon="2.795421" lat="39.840945"><ele>115.0</ele></trkpt>
   <trkpt lon="2.795435" lat="39.840853"><ele>115.5</ele></trkpt>
   <trkpt lon="2.795438" lat="39.840725"><ele>115.75</ele></trkpt>
   <trkpt lon="2.795428" lat="39.840479"><ele>117.5</ele></trkpt>
   <trkpt lon="2.795435" lat="39.840423"><ele>118.5</ele></trkpt>
   <trkpt lon="2.795456" lat="39.840359"><ele>119.0</ele></trkpt>
   <trkpt lon="2.795496" lat="39.840281"><ele>119.0</ele></trkpt>
   <trkpt lon="2.795686" lat="39.840028"><ele>120.25</ele><sym>pass_place</sym><type>Shaping</type></trkpt>
   <trkpt lon="2.795687" lat="39.840028"><ele>120.25</ele></trkpt>
   <trkpt lon="2.795736" lat="39.839973"><ele>121.0</ele></trkpt>
   <trkpt lon="2.795803" lat="39.839920"><ele>121.75</ele></trkpt>
   <trkpt lon="2.796177" lat="39.839728"><ele>121.5</ele></trkpt>
   <trkpt lon="2.796255" lat="39.839676"><ele>121.75</ele></trkpt>
   <trkpt lon="2.796318" lat="39.839617"><ele>122.75</ele></trkpt>
   <trkpt lon="2.796683" lat="39.839182"><ele>128.0</ele></trkpt>
   <trkpt lon="2.796909" lat="39.838878"><ele>131.25</ele></trkpt>
   <trkpt lon="2.797134" lat="39.838648"><ele>133.25</ele></trkpt>
   <trkpt lon="2.797262" lat="39.838530"><ele>135.0</ele></trkpt>
   <trkpt lon="2.797331" lat="39.838476"><ele>136.5</ele></trkpt>
   <trkpt lon="2.797502" lat="39.838382"><ele>137.0</ele></trkpt>
   <trkpt lon="2.797661" lat="39.838325"><ele>137.5</ele></trkpt>
   <trkpt lon="2.797796" lat="39.838289"><ele>137.0</ele></trkpt>
   <trkpt lon="2.797865" lat="39.838258"><ele>136.25</ele></trkpt>
   <trkpt lon="2.797904" lat="39.838232"><ele>136.5</ele></trkpt>
   <trkpt lon="2.798037" lat="39.838107"><ele>139.5</ele></trkpt>
   <trkpt lon="2.798097" lat="39.838063"><ele>140.75</ele></trkpt>
   <trkpt lon="2.798151" lat="39.838033"><ele>141.25</ele></trkpt>
   <trkpt lon="2.798221" lat="39.838005"><ele>140.75</ele></trkpt>
   <trkpt lon="2.798294" lat="39.837989"><ele>139.75</ele></trkpt>
   <trkpt lon="2.798448" lat="39.837975"><ele>140.5</ele></trkpt>
   <trkpt lon="2.798540" lat="39.837977"><ele>141.5</ele></trkpt>
   <trkpt lon="2.798631" lat="39.837989"><ele>142.25</ele></trkpt>
   <trkpt lon="2.798739" lat="39.838011"><ele>142.5</ele></trkpt>
   <trkpt lon="2.798855" lat="39.838041"><ele>143.0</ele></trkpt>
   <trkpt lon="2.798920" lat="39.838086"><ele>144.0</ele></trkpt>
   <trkpt lon="2.798941" lat="39.838114"><ele>144.75</ele></trkpt>
   <trkpt lon="2.799010" lat="39.838257"><ele>147.0</ele></trkpt>
   <trkpt lon="2.799143" lat="39.838818"><ele>146.0</ele></trkpt>
   <trkpt lon="2.799156" lat="39.838898"><ele>146.5</ele></trkpt>
   <trkpt lon="2.799159" lat="39.838975"><ele>146.5</ele></trkpt>
   <trkpt lon="2.799153" lat="39.839110"><ele>146.25</ele></trkpt>
   <trkpt lon="2.799114" lat="39.839535"><ele>148.25</ele></trkpt>
   <trkpt lon="2.799080" lat="39.839804"><ele>148.5</ele></trkpt>
   <trkpt lon="2.798980" lat="39.840429"><ele>152.25</ele></trkpt>
   <trkpt lon="2.798959" lat="39.840725"><ele>155.75</ele></trkpt>
   <trkpt lon="2.798926" lat="39.840841"><ele>156.25</ele></trkpt>
   <trkpt lon="2.798829" lat="39.841036"><ele>156.0</ele></trkpt>
   <trkpt lon="2.798802" lat="39.841160"><ele>157.0</ele></trkpt>
   <trkpt lon="2.798797" lat="39.841236"><ele>157.5</ele></trkpt>
   <trkpt lon="2.798833" lat="39.841863"><ele>164.75</ele></trkpt>
   <trkpt lon="2.798832" lat="39.841942"><ele>165.75</ele></trkpt>
   <trkpt lon="2.798820" lat="39.842012"><ele>166.25</ele></trkpt>
   <trkpt lon="2.798771" lat="39.842171"><ele>165.75</ele></trkpt>
   <trkpt lon="2.798760" lat="39.842229"><ele>166.0</ele></trkpt>
   <trkpt lon="2.798764" lat="39.842330"><ele>166.25</ele></trkpt>
   <trkpt lon="2.798831" lat="39.842635"><ele>173.25</ele></trkpt>
   <trkpt lon="2.798838" lat="39.842696"><ele>175.5</ele></trkpt>
   <trkpt lon="2.798839" lat="39.842809"><ele>183.0</ele></trkpt>
   <trkpt lon="2.798812" lat="39.842963"><ele>201.25</ele></trkpt>
   <trkpt lon="2.798778" lat="39.843211"><ele>188.25</ele></trkpt>
   <trkpt lon="2.798800" lat="39.843420"><ele>175.75</ele></trkpt>
   <trkpt lon="2.798883" lat="39.843684"><ele>177.0</ele></trkpt>
   <trkpt lon="2.798917" lat="39.843758"><ele>176.75</ele></trkpt>
   <trkpt lon="2.798966" lat="39.843829"><ele>177.75</ele></trkpt>
   <trkpt lon="2.799087" lat="39.843950"><ele>182.0</ele></trkpt>
   <trkpt lon="2.799190" lat="39.844093"><ele>185.25</ele></trkpt>
   <trkpt lon="2.799241" lat="39.844134"><ele>191.5</ele></trkpt>
   <trkpt lon="2.799294" lat="39.844227"><ele>198.25</ele></trkpt>
   <trkpt lon="2.799396" lat="39.844515"><ele>198.75</ele></trkpt>
   <trkpt lon="2.799494" lat="39.844962"><ele>192.75</ele></trkpt>
   <trkpt lon="2.799593" lat="39.845123"><ele>188.25</ele></trkpt>
   <trkpt lon="2.799646" lat="39.845196"><ele>190.0</ele></trkpt>
   <trkpt lon="2.799741" lat="39.845295"><ele>196.75</ele></trkpt>
   <trkpt lon="2.799899" lat="39.845411"><ele>194.75</ele></trkpt>
   <trkpt lon="2.799948" lat="39.845438"><ele>196.25</ele></trkpt>
   <trkpt lon="2.799991" lat="39.845449"><ele>198.5</ele></trkpt>
   <trkpt lon="2.800043" lat="39.845451"><ele>200.0</ele></trkpt>
   <trkpt lon="2.800087" lat="39.845440"><ele>201.0</ele></trkpt>
   <trkpt lon="2.800133" lat="39.845416"><ele>202.25</ele></trkpt>
   <trkpt lon="2.800156" lat="39.845378"><ele>202.75</ele></trkpt>
   <trkpt lon="2.800165" lat="39.845344"><ele>203.0</ele></trkpt>
   <trkpt lon="2.800154" lat="39.845302"><ele>203.0</ele></trkpt>
   <trkpt lon="2.800133" lat="39.845266"><ele>202.75</ele></trkpt>
   <trkpt lon="2.800058" lat="39.845181"><ele>202.5</ele></trkpt>
   <trkpt lon="2.800034" lat="39.845133"><ele>202.5</ele></trkpt>
   <trkpt lon="2.800023" lat="39.845086"><ele>202.5</ele></trkpt>
   <trkpt lon="2.800026" lat="39.845049"><ele>203.0</ele></trkpt>
   <trkpt lon="2.800049" lat="39.845010"><ele>203.5</ele></trkpt>
   <trkpt lon="2.800121" lat="39.844965"><ele>205.25</ele></trkpt>
   <trkpt lon="2.800166" lat="39.844956"><ele>206.0</ele></trkpt>
   <trkpt lon="2.800213" lat="39.844959"><ele>206.75</ele></trkpt>
   <trkpt lon="2.800251" lat="39.844971"><ele>207.0</ele></trkpt>
   <trkpt lon="2.800280" lat="39.844993"><ele>207.0</ele></trkpt>
   <trkpt lon="2.800402" lat="39.845107"><ele>209.75</ele></trkpt>
   <trkpt lon="2.800453" lat="39.845145"><ele>210.5</ele></trkpt>
   <trkpt lon="2.801277" lat="39.845481"><ele>213.25</ele></trkpt>
   <trkpt lon="2.801381" lat="39.845523"><ele>212.75</ele></trkpt>
   <trkpt lon="2.801489" lat="39.845567"><ele>213.75</ele></trkpt>
   <trkpt lon="2.801605" lat="39.845604"><ele>215.5</ele></trkpt>
   <trkpt lon="2.801835" lat="39.845650"><ele>214.75</ele></trkpt>
   <trkpt lon="2.801973" lat="39.845662"><ele>214.75</ele></trkpt>
   <trkpt lon="2.802220" lat="39.845652"><ele>219.5</ele></trkpt>
   <trkpt lon="2.802300" lat="39.845630"><ele>221.0</ele></trkpt>
   <trkpt lon="2.802430" lat="39.845564"><ele>223.25</ele></trkpt>
   <trkpt lon="2.802654" lat="39.845406"><ele>226.75</ele></trkpt>
   <trkpt lon="2.802732" lat="39.845360"><ele>226.25</ele></trkpt>
   <trkpt lon="2.802821" lat="39.845333"><ele>225.75</ele></trkpt>
   <trkpt lon="2.802901" lat="39.845316"><ele>226.0</ele></trkpt>
   <trkpt lon="2.802985" lat="39.845306"><ele>226.5</ele></trkpt>
   <trkpt lon="2.804009" lat="39.845351"><ele>231.75</ele></trkpt>
   <trkpt lon="2.804114" lat="39.845342"><ele>233.25</ele></trkpt>
   <trkpt lon="2.804201" lat="39.845313"><ele>234.25</ele></trkpt>
   <trkpt lon="2.804291" lat="39.845267"><ele>234.25</ele></trkpt>
   <trkpt lon="2.804352" lat="39.845225"><ele>233.75</ele></trkpt>
   <trkpt lon="2.804416" lat="39.845161"><ele>233.5</ele></trkpt>
   <trkpt lon="2.804472" lat="39.845073"><ele>234.25</ele></trkpt>
   <trkpt lon="2.804494" lat="39.844988"><ele>235.25</ele></trkpt>
   <trkpt lon="2.804502" lat="39.844898"><ele>235.25</ele></trkpt>
   <trkpt lon="2.804436" lat="39.844239"><ele>237.5</ele><sym>pass_place</sym><type>Shaping</type></trkpt>
   <trkpt lon="2.804436" lat="39.844236"><ele>237.5</ele></trkpt>
   <trkpt lon="2.804410" lat="39.844057"><ele>238.25</ele></trkpt>
   <trkpt lon="2.804380" lat="39.843911"><ele>238.5</ele></trkpt>
   <trkpt lon="2.804350" lat="39.843822"><ele>239.0</ele></trkpt>
   <trkpt lon="2.804316" lat="39.843760"><ele>239.5</ele></trkpt>
   <trkpt lon="2.804255" lat="39.843703"><ele>240.25</ele></trkpt>
   <trkpt lon="2.804210" lat="39.843671"><ele>240.75</ele></trkpt>
   <trkpt lon="2.804151" lat="39.843649"><ele>241.25</ele></trkpt>
   <trkpt lon="2.804055" lat="39.843630"><ele>242.25</ele></trkpt>
   <trkpt lon="2.803839" lat="39.843609"><ele>243.5</ele></trkpt>
   <trkpt lon="2.803788" lat="39.843600"><ele>243.0</ele></trkpt>
   <trkpt lon="2.803728" lat="39.843579"><ele>242.75</ele></trkpt>
   <trkpt lon="2.803691" lat="39.843552"><ele>242.75</ele></trkpt>
   <trkpt lon="2.803664" lat="39.843518"><ele>243.0</ele></trkpt>
   <trkpt lon="2.803649" lat="39.843469"><ele>243.5</ele></trkpt>
   <trkpt lon="2.803653" lat="39.843418"><ele>244.25</ele></trkpt>
   <trkpt lon="2.803674" lat="39.843364"><ele>245.75</ele></trkpt>
   <trkpt lon="2.803918" lat="39.842907"><ele>250.5</ele></trkpt>
   <trkpt lon="2.803975" lat="39.842834"><ele>251.75</ele></trkpt>
   <trkpt lon="2.804425" lat="39.842501"><ele>256.5</ele></trkpt>
   <trkpt lon="2.804679" lat="39.842301"><ele>258.25</ele></trkpt>
   <trkpt lon="2.804834" lat="39.842158"><ele>260.75</ele></trkpt>
   <trkpt lon="2.804974" lat="39.842000"><ele>261.5</ele></trkpt>
   <trkpt lon="2.805038" lat="39.841902"><ele>262.5</ele></trkpt>
   <trkpt lon="2.805361" lat="39.841270"><ele>269.5</ele></trkpt>
   <trkpt lon="2.805398" lat="39.841167"><ele>270.75</ele></trkpt>
   <trkpt lon="2.805417" lat="39.841067"><ele>271.75</ele></trkpt>
   <trkpt lon="2.805429" lat="39.840916"><ele>273.5</ele></trkpt>
   <trkpt lon="2.805425" lat="39.840831"><ele>274.25</ele></trkpt>
   <trkpt lon="2.805410" lat="39.840742"><ele>274.5</ele></trkpt>
   <trkpt lon="2.805345" lat="39.840504"><ele>275.0</ele></trkpt>
   <trkpt lon="2.805336" lat="39.840420"><ele>275.75</ele></trkpt>
   <trkpt lon="2.805338" lat="39.840346"><ele>277.0</ele></trkpt>
   <trkpt lon="2.805352" lat="39.840251"><ele>278.25</ele></trkpt>
   <trkpt lon="2.805590" lat="39.839224"><ele>286.5</ele></trkpt>
   <trkpt lon="2.805619" lat="39.839136"><ele>287.25</ele></trkpt>
   <trkpt lon="2.805657" lat="39.839052"><ele>288.0</ele></trkpt>
   <trkpt lon="2.805711" lat="39.838970"><ele>289.25</ele><sym>stay_left</sym></trkpt>
   <trkpt lon="2.805782" lat="39.838881"><ele>290.25</ele></trkpt>
   <trkpt lon="2.805963" lat="39.838601"><ele>293.0</ele></trkpt>
   <trkpt lon="2.806335" lat="39.837728"><ele>303.25</ele></trkpt>
   <trkpt lon="2.806372" lat="39.837663"><ele>303.75</ele></trkpt>
   <trkpt lon="2.806551" lat="39.837435"><ele>305.5</ele></trkpt>
   <trkpt lon="2.806614" lat="39.837344"><ele>306.0</ele></trkpt>
   <trkpt lon="2.806647" lat="39.837280"><ele>306.0</ele></trkpt>
   <trkpt lon="2.806665" lat="39.837224"><ele>305.75</ele></trkpt>
   <trkpt lon="2.806674" lat="39.837168"><ele>307.0</ele></trkpt>
   <trkpt lon="2.806673" lat="39.837106"><ele>308.0</ele></trkpt>
   <trkpt lon="2.806570" lat="39.836557"><ele>311.75</ele></trkpt>
   <trkpt lon="2.806559" lat="39.836485"><ele>312.5</ele></trkpt>
   <trkpt lon="2.806561" lat="39.836398"><ele>313.75</ele></trkpt>
   <trkpt lon="2.806817" lat="39.834767"><ele>330.75</ele></trkpt>
   <trkpt lon="2.806818" lat="39.834694"><ele>331.5</ele></trkpt>
   <trkpt lon="2.806802" lat="39.834611"><ele>332.25</ele></trkpt>
   <trkpt lon="2.806775" lat="39.834522"><ele>332.5</ele></trkpt>
   <trkpt lon="2.806658" lat="39.834265"><ele>333.5</ele></trkpt>
   <trkpt lon="2.806520" lat="39.834010"><ele>337.5</ele></trkpt>
   <trkpt lon="2.806421" lat="39.833913"><ele>338.0</ele></trkpt>
   <trkpt lon="2.806357" lat="39.833886"><ele>338.25</ele></trkpt>
   <trkpt lon="2.806278" lat="39.833867"><ele>339.25</ele></trkpt>
   <trkpt lon="2.806192" lat="39.833870"><ele>339.75</ele></trkpt>
   <trkpt lon="2.806122" lat="39.833888"><ele>339.75</ele></trkpt>
   <trkpt lon="2.804546" lat="39.834557"><ele>347.25</ele></trkpt>
   <trkpt lon="2.804440" lat="39.834615"><ele>348.25</ele></trkpt>
   <trkpt lon="2.804375" lat="39.834672"><ele>349.75</ele></trkpt>
   <trkpt lon="2.804120" lat="39.835090"><ele>351.5</ele></trkpt>
   <trkpt lon="2.804068" lat="39.835159"><ele>351.75</ele></trkpt>
   <trkpt lon="2.804003" lat="39.835232"><ele>352.75</ele></trkpt>
   <trkpt lon="2.803513" lat="39.835694"><ele>355.75</ele></trkpt>
   <trkpt lon="2.803466" lat="39.835728"><ele>356.25</ele></trkpt>
   <trkpt lon="2.803401" lat="39.835749"><ele>358.0</ele></trkpt>
   <trkpt lon="2.803335" lat="39.835757"><ele>360.25</ele></trkpt>
   <trkpt lon="2.803277" lat="39.835755"><ele>359.75</ele></trkpt>
   <trkpt lon="2.802854" lat="39.835687"><ele>359.5</ele></trkpt>
   <trkpt lon="2.802789" lat="39.835665"><ele>359.5</ele></trkpt>
   <trkpt lon="2.802720" lat="39.835631"><ele>360.5</ele></trkpt>
   <trkpt lon="2.802664" lat="39.835591"><ele>361.25</ele></trkpt>
   <trkpt lon="2.802615" lat="39.835544"><ele>361.5</ele></trkpt>
   <trkpt lon="2.802586" lat="39.835504"><ele>361.25</ele></trkpt>
   <trkpt lon="2.802564" lat="39.835453"><ele>361.25</ele></trkpt>
   <trkpt lon="2.802556" lat="39.835412"><ele>361.25</ele></trkpt>
   <trkpt lon="2.802541" lat="39.835159"><ele>361.75</ele></trkpt>
   <trkpt lon="2.802546" lat="39.835091"><ele>362.0</ele></trkpt>
   <trkpt lon="2.802565" lat="39.835034"><ele>363.0</ele></trkpt>
   <trkpt lon="2.802810" lat="39.834462"><ele>368.25</ele><sym>pass_place</sym><type>Shaping</type></trkpt>
   <trkpt lon="2.802840" lat="39.834424"><ele>368.5</ele></trkpt>
   <trkpt lon="2.802879" lat="39.834391"><ele>368.75</ele></trkpt>
   <trkpt lon="2.802935" lat="39.834365"><ele>369.75</ele></trkpt>
   <trkpt lon="2.803009" lat="39.834348"><ele>371.75</ele></trkpt>
   <trkpt lon="2.803633" lat="39.834247"><ele>377.75</ele></trkpt>
   <trkpt lon="2.803757" lat="39.834214"><ele>377.25</ele></trkpt>
   <trkpt lon="2.803864" lat="39.834178"><ele>377.75</ele></trkpt>
   <trkpt lon="2.803939" lat="39.834145"><ele>378.5</ele></trkpt>
   <trkpt lon="2.804006" lat="39.834103"><ele>379.0</ele></trkpt>
   <trkpt lon="2.804057" lat="39.834059"><ele>379.5</ele></trkpt>
   <trkpt lon="2.804095" lat="39.834014"><ele>379.75</ele></trkpt>
   <trkpt lon="2.804187" lat="39.833824"><ele>380.75</ele></trkpt>
   <trkpt lon="2.804212" lat="39.833713"><ele>382.0</ele></trkpt>
   <trkpt lon="2.804211" lat="39.833658"><ele>382.75</ele></trkpt>
   <trkpt lon="2.804161" lat="39.833558"><ele>384.5</ele></trkpt>
   <trkpt lon="2.803890" lat="39.833212"><ele>386.5</ele></trkpt>
   <trkpt lon="2.803864" lat="39.833169"><ele>386.25</ele></trkpt>
   <trkpt lon="2.803823" lat="39.833026"><ele>387.5</ele></trkpt>
   <trkpt lon="2.803805" lat="39.832912"><ele>387.0</ele></trkpt>
   <trkpt lon="2.803812" lat="39.832839"><ele>387.75</ele></trkpt>
   <trkpt lon="2.803828" lat="39.832769"><ele>389.0</ele></trkpt>
   <trkpt lon="2.804089" lat="39.831694"><ele>399.5</ele></trkpt>
   <trkpt lon="2.804158" lat="39.831512"><ele>400.25</ele></trkpt>
   <trkpt lon="2.804338" lat="39.831158"><ele>402.25</ele></trkpt>
   <trkpt lon="2.804381" lat="39.831109"><ele>403.75</ele></trkpt>
   <trkpt lon="2.804447" lat="39.831076"><ele>406.25</ele></trkpt>
   <trkpt lon="2.804495" lat="39.831064"><ele>407.0</ele></trkpt>
   <trkpt lon="2.804750" lat="39.831054"><ele>411.75</ele></trkpt>
   <trkpt lon="2.804867" lat="39.831038"><ele>412.25</ele></trkpt>
   <trkpt lon="2.804982" lat="39.831013"><ele>412.5</ele></trkpt>
   <trkpt lon="2.805055" lat="39.830989"><ele>412.5</ele></trkpt>
   <trkpt lon="2.805137" lat="39.830943"><ele>412.0</ele></trkpt>
   <trkpt lon="2.805192" lat="39.830882"><ele>410.75</ele></trkpt>
   <trkpt lon="2.805220" lat="39.830809"><ele>409.75</ele></trkpt>
   <trkpt lon="2.805223" lat="39.830763"><ele>410.5</ele></trkpt>
   <trkpt lon="2.805206" lat="39.830685"><ele>411.5</ele></trkpt>
   <trkpt lon="2.805167" lat="39.830626"><ele>411.75</ele></trkpt>
   <trkpt lon="2.804739" lat="39.830111"><ele>415.0</ele></trkpt>
   <trkpt lon="2.804665" lat="39.830031"><ele>416.25</ele></trkpt>
   <trkpt lon="2.804607" lat="39.829985"><ele>417.25</ele></trkpt>
   <trkpt lon="2.804541" lat="39.829944"><ele>418.0</ele></trkpt>
   <trkpt lon="2.804468" lat="39.829909"><ele>418.25</ele></trkpt>
   <trkpt lon="2.803302" lat="39.829417"><ele>421.75</ele></trkpt>
   <trkpt lon="2.803170" lat="39.829378"><ele>421.0</ele></trkpt>
   <trkpt lon="2.803027" lat="39.829349"><ele>420.5</ele></trkpt>
   <trkpt lon="2.802990" lat="39.829326"><ele>422.0</ele></trkpt>
   <trkpt lon="2.802977" lat="39.829310"><ele>422.75</ele></trkpt>
   <trkpt lon="2.802972" lat="39.829287"><ele>424.0</ele></trkpt>
   <trkpt lon="2.802974" lat="39.829265"><ele>424.75</ele></trkpt>
   <trkpt lon="2.802999" lat="39.829229"><ele>426.0</ele></trkpt>
   <trkpt lon="2.803022" lat="39.829218"><ele>426.25</ele></trkpt>
   <trkpt lon="2.803052" lat="39.829214"><ele>426.0</ele></trkpt>
   <trkpt lon="2.803111" lat="39.829219"><ele>427.0</ele></trkpt>
   <trkpt lon="2.803322" lat="39.829297"><ele>428.0</ele></trkpt>
   <trkpt lon="2.803599" lat="39.829387"><ele>427.5</ele></trkpt>
   <trkpt lon="2.804607" lat="39.829752"><ele>430.25</ele></trkpt>
   <trkpt lon="2.805072" lat="39.829904"><ele>435.25</ele></trkpt>
   <trkpt lon="2.805168" lat="39.829947"><ele>435.75</ele></trkpt>
   <trkpt lon="2.805301" lat="39.830027"><ele>435.0</ele></trkpt>
   <trkpt lon="2.805881" lat="39.830452"><ele>440.25</ele></trkpt>
   <trkpt lon="2.805956" lat="39.830534"><ele>439.75</ele></trkpt>
   <trkpt lon="2.806093" lat="39.830794"><ele>440.0</ele></trkpt>
   <trkpt lon="2.806148" lat="39.830858"><ele>440.0</ele></trkpt>
   <trkpt lon="2.806186" lat="39.830882"><ele>439.75</ele></trkpt>
   <trkpt lon="2.806271" lat="39.830915"><ele>440.0</ele></trkpt>
   <trkpt lon="2.806592" lat="39.830995"><ele>439.0</ele></trkpt>
   <trkpt lon="2.806693" lat="39.831008"><ele>438.5</ele></trkpt>
   <trkpt lon="2.806763" lat="39.830999"><ele>439.0</ele></trkpt>
   <trkpt lon="2.806790" lat="39.830987"><ele>439.5</ele></trkpt>
   <trkpt lon="2.806814" lat="39.830968"><ele>440.25</ele></trkpt>
   <trkpt lon="2.806831" lat="39.830944"><ele>441.25</ele></trkpt>
   <trkpt lon="2.806837" lat="39.830919"><ele>442.5</ele></trkpt>
   <trkpt lon="2.806838" lat="39.830898"><ele>443.25</ele></trkpt>
   <trkpt lon="2.806819" lat="39.830855"><ele>445.0</ele></trkpt>
   <trkpt lon="2.806801" lat="39.830836"><ele>445.75</ele></trkpt>
   <trkpt lon="2.806722" lat="39.830794"><ele>446.75</ele></trkpt>
   <trkpt lon="2.806393" lat="39.830676"><ele>447.0</ele></trkpt>
   <trkpt lon="2.806236" lat="39.830608"><ele>445.5</ele></trkpt>
   <trkpt lon="2.806196" lat="39.830565"><ele>445.5</ele></trkpt>
   <trkpt lon="2.806190" lat="39.830540"><ele>446.5</ele></trkpt>
   <trkpt lon="2.806193" lat="39.830520"><ele>447.75</ele></trkpt>
   <trkpt lon="2.806208" lat="39.830501"><ele>449.25</ele></trkpt>
   <trkpt lon="2.806229" lat="39.830489"><ele>450.5</ele></trkpt>
   <trkpt lon="2.806258" lat="39.830483"><ele>451.75</ele></trkpt>
   <trkpt lon="2.806328" lat="39.830493"><ele>452.75</ele></trkpt>
   <trkpt lon="2.806458" lat="39.830560"><ele>451.0</ele></trkpt>
   <trkpt lon="2.806543" lat="39.830590"><ele>451.5</ele></trkpt>
   <trkpt lon="2.807018" lat="39.830715"><ele>454.25</ele></trkpt>
   <trkpt lon="2.807110" lat="39.830733"><ele>454.75</ele></trkpt>
   <trkpt lon="2.807212" lat="39.830744"><ele>455.75</ele></trkpt>
   <trkpt lon="2.807448" lat="39.830753"><ele>456.75</ele></trkpt>
   <trkpt lon="2.807613" lat="39.830767"><ele>457.25</ele></trkpt>
   <trkpt lon="2.807781" lat="39.830786"><ele>457.75</ele></trkpt>
   <trkpt lon="2.807907" lat="39.830807"><ele>459.0</ele></trkpt>
   <trkpt lon="2.808018" lat="39.830834"><ele>459.25</ele></trkpt>
   <trkpt lon="2.808213" lat="39.830916"><ele>458.0</ele></trkpt>
   <trkpt lon="2.808258" lat="39.830925"><ele>458.5</ele></trkpt>
   <trkpt lon="2.808294" lat="39.830926"><ele>459.25</ele></trkpt>
   <trkpt lon="2.808321" lat="39.830918"><ele>460.5</ele></trkpt>
   <trkpt lon="2.808342" lat="39.830903"><ele>461.75</ele></trkpt>
   <trkpt lon="2.808350" lat="39.830886"><ele>463.25</ele></trkpt>
   <trkpt lon="2.808352" lat="39.830866"><ele>464.5</ele></trkpt>
   <trkpt lon="2.808343" lat="39.830845"><ele>465.5</ele></trkpt>
   <trkpt lon="2.808296" lat="39.830808"><ele>467.5</ele></trkpt>
   <trkpt lon="2.808023" lat="39.830710"><ele>468.0</ele></trkpt>
   <trkpt lon="2.807821" lat="39.830649"><ele>467.25</ele></trkpt>
   <trkpt lon="2.807375" lat="39.830567"><ele>468.75</ele></trkpt>
   <trkpt lon="2.807289" lat="39.830546"><ele>470.0</ele></trkpt>
   <trkpt lon="2.807254" lat="39.830515"><ele>472.25</ele></trkpt>
   <trkpt lon="2.807248" lat="39.830492"><ele>474.0</ele></trkpt>
   <trkpt lon="2.807267" lat="39.830451"><ele>477.5</ele></trkpt>
   <trkpt lon="2.807293" lat="39.830437"><ele>478.75</ele></trkpt>
   <trkpt lon="2.807329" lat="39.830430"><ele>479.75</ele></trkpt>
   <trkpt lon="2.807370" lat="39.830430"><ele>480.0</ele></trkpt>
   <trkpt lon="2.807718" lat="39.830486"><ele>478.5</ele></trkpt>
   <trkpt lon="2.807812" lat="39.830506"><ele>478.25</ele></trkpt>
   <trkpt lon="2.807901" lat="39.830536"><ele>477.75</ele></trkpt>
   <trkpt lon="2.808207" lat="39.830665"><ele>478.25</ele></trkpt>
   <trkpt lon="2.808406" lat="39.830725"><ele>479.0</ele></trkpt>
   <trkpt lon="2.808537" lat="39.830754"><ele>479.5</ele></trkpt>
   <trkpt lon="2.809560" lat="39.830915"><ele>485.75</ele><sym>pass_place</sym><type>Shaping</type></trkpt>
   <trkpt lon="2.809564" lat="39.830916"><ele>485.75</ele></trkpt>
   <trkpt lon="2.809652" lat="39.830914"><ele>487.0</ele></trkpt>
   <trkpt lon="2.809880" lat="39.830889"><ele>489.75</ele></trkpt>
   <trkpt lon="2.809998" lat="39.830891"><ele>490.0</ele></trkpt>
   <trkpt lon="2.810095" lat="39.830913"><ele>491.75</ele></trkpt>
   <trkpt lon="2.810196" lat="39.830961"><ele>492.75</ele></trkpt>
   <trkpt lon="2.810327" lat="39.831065"><ele>492.75</ele></trkpt>
   <trkpt lon="2.810476" lat="39.831225"><ele>494.25</ele></trkpt>
   <trkpt lon="2.810517" lat="39.831279"><ele>494.75</ele></trkpt>
   <trkpt lon="2.810577" lat="39.831393"><ele>494.75</ele></trkpt>
   <trkpt lon="2.810804" lat="39.831963"><ele>499.75</ele></trkpt>
   <trkpt lon="2.810860" lat="39.832050"><ele>499.75</ele></trkpt>
   <trkpt lon="2.810891" lat="39.832080"><ele>500.0</ele></trkpt>
   <trkpt lon="2.810927" lat="39.832105"><ele>500.5</ele></trkpt>
   <trkpt lon="2.811008" lat="39.832130"><ele>502.25</ele></trkpt>
   <trkpt lon="2.811563" lat="39.832194"><ele>509.0</ele></trkpt>
   <trkpt lon="2.811736" lat="39.832225"><ele>510.0</ele></trkpt>
   <trkpt lon="2.812041" lat="39.832294"><ele>513.75</ele></trkpt>
   <trkpt lon="2.812109" lat="39.832324"><ele>514.0</ele></trkpt>
   <trkpt lon="2.812179" lat="39.832367"><ele>514.25</ele></trkpt>
   <trkpt lon="2.812449" lat="39.832595"><ele>516.25</ele></trkpt>
   <trkpt lon="2.812504" lat="39.832639"><ele>518.0</ele></trkpt>
   <trkpt lon="2.812558" lat="39.832670"><ele>519.75</ele></trkpt>
   <trkpt lon="2.812608" lat="39.832685"><ele>521.0</ele></trkpt>
   <trkpt lon="2.812652" lat="39.832692"><ele>522.0</ele></trkpt>
   <trkpt lon="2.812700" lat="39.832691"><ele>522.75</ele></trkpt>
   <trkpt lon="2.812790" lat="39.832663"><ele>524.0</ele></trkpt>
   <trkpt lon="2.812852" lat="39.832627"><ele>524.5</ele></trkpt>
   <trkpt lon="2.812908" lat="39.832582"><ele>524.25</ele></trkpt>
   <trkpt lon="2.812945" lat="39.832535"><ele>523.75</ele></trkpt>
   <trkpt lon="2.812992" lat="39.832434"><ele>523.25</ele></trkpt>
   <trkpt lon="2.813006" lat="39.832378"><ele>523.25</ele></trkpt>
   <trkpt lon="2.813013" lat="39.832318"><ele>523.0</ele></trkpt>
   <trkpt lon="2.812998" lat="39.832245"><ele>522.5</ele></trkpt>
   <trkpt lon="2.812946" lat="39.832173"><ele>523.75</ele></trkpt>
   <trkpt lon="2.812915" lat="39.832151"><ele>524.25</ele></trkpt>
   <trkpt lon="2.812829" lat="39.832125"><ele>524.5</ele></trkpt>
   <trkpt lon="2.812775" lat="39.832123"><ele>524.5</ele></trkpt>
   <trkpt lon="2.812527" lat="39.832162"><ele>525.0</ele></trkpt>
   <trkpt lon="2.812480" lat="39.832158"><ele>525.0</ele></trkpt>
   <trkpt lon="2.812440" lat="39.832146"><ele>525.25</ele></trkpt>
   <trkpt lon="2.812410" lat="39.832130"><ele>525.75</ele></trkpt>
   <trkpt lon="2.812373" lat="39.832081"><ele>527.75</ele></trkpt>
   <trkpt lon="2.812366" lat="39.832055"><ele>528.75</ele></trkpt>
   <trkpt lon="2.812378" lat="39.832009"><ele>530.75</ele></trkpt>
   <trkpt lon="2.812399" lat="39.831986"><ele>531.25</ele></trkpt>
   <trkpt lon="2.812426" lat="39.831970"><ele>531.25</ele></trkpt>
   <trkpt lon="2.812469" lat="39.831959"><ele>530.5</ele></trkpt>
   <trkpt lon="2.812853" lat="39.831934"><ele>531.25</ele></trkpt>
   <trkpt lon="2.812969" lat="39.831920"><ele>532.0</ele></trkpt>
   <trkpt lon="2.813199" lat="39.831876"><ele>533.25</ele></trkpt>
   <trkpt lon="2.813294" lat="39.831848"><ele>534.25</ele></trkpt>
   <trkpt lon="2.813429" lat="39.831789"><ele>536.0</ele></trkpt>
   <trkpt lon="2.813603" lat="39.831670"><ele>537.0</ele></trkpt>
   <trkpt lon="2.813640" lat="39.831654"><ele>537.75</ele></trkpt>
   <trkpt lon="2.813686" lat="39.831646"><ele>538.75</ele></trkpt>
   <trkpt lon="2.813730" lat="39.831648"><ele>539.25</ele></trkpt>
   <trkpt lon="2.813767" lat="39.831659"><ele>539.5</ele></trkpt>
   <trkpt lon="2.813799" lat="39.831677"><ele>539.5</ele></trkpt>
   <trkpt lon="2.813825" lat="39.831702"><ele>539.75</ele></trkpt>
   <trkpt lon="2.813867" lat="39.831772"><ele>540.0</ele></trkpt>
   <trkpt lon="2.813879" lat="39.831859"><ele>540.0</ele></trkpt>
   <trkpt lon="2.813875" lat="39.831907"><ele>539.75</ele></trkpt>
   <trkpt lon="2.813821" lat="39.832126"><ele>540.25</ele></trkpt>
   <trkpt lon="2.813710" lat="39.832432"><ele>542.75</ele></trkpt>
   <trkpt lon="2.813613" lat="39.832604"><ele>545.25</ele></trkpt>
   <trkpt lon="2.813493" lat="39.832750"><ele>545.75</ele></trkpt>
   <trkpt lon="2.813364" lat="39.832858"><ele>546.75</ele></trkpt>
   <trkpt lon="2.813286" lat="39.832908"><ele>547.75</ele></trkpt>
   <trkpt lon="2.813184" lat="39.832953"><ele>547.75</ele></trkpt>
   <trkpt lon="2.812052" lat="39.833331"><ele>547.75</ele></trkpt>
   <trkpt lon="2.811963" lat="39.833363"><ele>547.75</ele></trkpt>
   <trkpt lon="2.811905" lat="39.833394"><ele>548.75</ele></trkpt>
   <trkpt lon="2.811873" lat="39.833440"><ele>551.25</ele></trkpt>
   <trkpt lon="2.811868" lat="39.833465"><ele>552.75</ele></trkpt>
   <trkpt lon="2.811876" lat="39.833492"><ele>554.5</ele></trkpt>
   <trkpt lon="2.811911" lat="39.833527"><ele>556.5</ele></trkpt>
   <trkpt lon="2.811946" lat="39.833540"><ele>557.0</ele></trkpt>
   <trkpt lon="2.811991" lat="39.833542"><ele>557.75</ele></trkpt>
   <trkpt lon="2.812084" lat="39.833525"><ele>558.0</ele></trkpt>
   <trkpt lon="2.813472" lat="39.833108"><ele>564.5</ele></trkpt>
   <trkpt lon="2.813665" lat="39.833046"><ele>565.25</ele></trkpt>
   <trkpt lon="2.813791" lat="39.832990"><ele>567.25</ele></trkpt>
   <trkpt lon="2.813977" lat="39.832890"><ele>568.5</ele></trkpt>
   <trkpt lon="2.814124" lat="39.832794"><ele>567.5</ele></trkpt>
   <trkpt lon="2.814241" lat="39.832700"><ele>571.25</ele></trkpt>
   <trkpt lon="2.814328" lat="39.832597"><ele>574.75</ele></trkpt>
   <trkpt lon="2.814404" lat="39.832473"><ele>576.5</ele></trkpt>
   <trkpt lon="2.814467" lat="39.832346"><ele>577.75</ele></trkpt>
   <trkpt lon="2.814522" lat="39.832164"><ele>577.25</ele></trkpt>
   <trkpt lon="2.814561" lat="39.832071"><ele>577.0</ele></trkpt>
   <trkpt lon="2.814628" lat="39.831949"><ele>574.25</ele></trkpt>
   <trkpt lon="2.814881" lat="39.831555"><ele>582.0</ele></trkpt>
   <trkpt lon="2.814891" lat="39.831518"><ele>582.25</ele></trkpt>
   <trkpt lon="2.814892" lat="39.831476"><ele>582.25</ele></trkpt>
   <trkpt lon="2.814877" lat="39.831431"><ele>581.5</ele></trkpt>
   <trkpt lon="2.814852" lat="39.831398"><ele>580.5</ele></trkpt>
   <trkpt lon="2.814816" lat="39.831366"><ele>580.75</ele></trkpt>
   <trkpt lon="2.814421" lat="39.831105"><ele>582.25</ele></trkpt>
   <trkpt lon="2.814353" lat="39.831047"><ele>582.0</ele></trkpt>
   <trkpt lon="2.814288" lat="39.830972"><ele>582.75</ele></trkpt>
   <trkpt lon="2.814160" lat="39.830803"><ele>584.25</ele></trkpt>
   <trkpt lon="2.814106" lat="39.830687"><ele>584.5</ele></trkpt>
   <trkpt lon="2.814083" lat="39.830594"><ele>586.0</ele></trkpt>
   <trkpt lon="2.814095" lat="39.830527"><ele>588.25</ele></trkpt>
   <trkpt lon="2.814211" lat="39.830359"><ele>593.0</ele></trkpt>
   <trkpt lon="2.814223" lat="39.830330"><ele>593.25</ele></trkpt>
   <trkpt lon="2.814224" lat="39.830273"><ele>593.0</ele></trkpt>
   <trkpt lon="2.814197" lat="39.830229"><ele>593.25</ele></trkpt>
   <trkpt lon="2.814165" lat="39.830210"><ele>592.75</ele></trkpt>
   <trkpt lon="2.814100" lat="39.830190"><ele>594.25</ele></trkpt>
   <trkpt lon="2.814056" lat="39.830187"><ele>594.75</ele></trkpt>
   <trkpt lon="2.813982" lat="39.830202"><ele>594.75</ele></trkpt>
   <trkpt lon="2.813951" lat="39.830218"><ele>594.25</ele></trkpt>
   <trkpt lon="2.813745" lat="39.830394"><ele>592.0</ele></trkpt>
   <trkpt lon="2.813721" lat="39.830412"><ele>592.5</ele></trkpt>
   <trkpt lon="2.813697" lat="39.830421"><ele>593.25</ele></trkpt>
   <trkpt lon="2.813646" lat="39.830425"><ele>595.5</ele></trkpt>
   <trkpt lon="2.813605" lat="39.830410"><ele>598.0</ele></trkpt>
   <trkpt lon="2.813591" lat="39.830395"><ele>599.25</ele></trkpt>
   <trkpt lon="2.813582" lat="39.830350"><ele>601.0</ele></trkpt>
   <trkpt lon="2.813613" lat="39.830285"><ele>599.75</ele></trkpt>
   <trkpt lon="2.813654" lat="39.830240"><ele>600.75</ele></trkpt>
   <trkpt lon="2.813825" lat="39.830102"><ele>602.75</ele></trkpt>
   <trkpt lon="2.813913" lat="39.830050"><ele>603.0</ele></trkpt>
   <trkpt lon="2.814005" lat="39.830006"><ele>604.0</ele></trkpt>
   <trkpt lon="2.814104" lat="39.829968"><ele>604.25</ele></trkpt>
   <trkpt lon="2.814195" lat="39.829941"><ele>604.5</ele></trkpt>
   <trkpt lon="2.814515" lat="39.829879"><ele>607.0</ele></trkpt>
   <trkpt lon="2.814572" lat="39.829863"><ele>609.25</ele></trkpt>
   <trkpt lon="2.814611" lat="39.829845"><ele>610.5</ele></trkpt>
   <trkpt lon="2.814637" lat="39.829824"><ele>611.5</ele></trkpt>
   <trkpt lon="2.814655" lat="39.829799"><ele>612.0</ele></trkpt>
   <trkpt lon="2.814668" lat="39.829736"><ele>612.0</ele></trkpt>
   <trkpt lon="2.814661" lat="39.829704"><ele>612.5</ele></trkpt>
   <trkpt lon="2.814630" lat="39.829661"><ele>614.0</ele></trkpt>
   <trkpt lon="2.814599" lat="39.829642"><ele>614.25</ele></trkpt>
   <trkpt lon="2.814563" lat="39.829629"><ele>614.25</ele></trkpt>
   <trkpt lon="2.814521" lat="39.829624"><ele>613.5</ele></trkpt>
   <trkpt lon="2.814479" lat="39.829627"><ele>612.75</ele></trkpt>
   <trkpt lon="2.814433" lat="39.829637"><ele>611.75</ele></trkpt>
   <trkpt lon="2.814078" lat="39.829785"><ele>613.75</ele></trkpt>
   <trkpt lon="2.813761" lat="39.829907"><ele>614.75</ele></trkpt>
   <trkpt lon="2.813635" lat="39.829964"><ele>616.25</ele></trkpt>
   <trkpt lon="2.813568" lat="39.829977"><ele>619.25</ele></trkpt>
   <trkpt lon="2.813543" lat="39.829972"><ele>620.75</ele></trkpt>
   <trkpt lon="2.813507" lat="39.829944"><ele>623.75</ele></trkpt>
   <trkpt lon="2.813498" lat="39.829920"><ele>625.0</ele></trkpt>
   <trkpt lon="2.813507" lat="39.829877"><ele>626.0</ele></trkpt>
   <trkpt lon="2.813524" lat="39.829856"><ele>625.75</ele></trkpt>
   <trkpt lon="2.813567" lat="39.829826"><ele>624.5</ele></trkpt>
   <trkpt lon="2.814030" lat="39.829581"><ele>627.0</ele><sym>pass_place</sym><type>Shaping</type></trkpt>
   <trkpt lon="2.814033" lat="39.829580"><ele>627.0</ele></trkpt>
   <trkpt lon="2.814179" lat="39.829481"><ele>626.75</ele></trkpt>
   <trkpt lon="2.814239" lat="39.829424"><ele>627.75</ele></trkpt>
   <trkpt lon="2.814359" lat="39.829246"><ele>632.5</ele></trkpt>
   <trkpt lon="2.814386" lat="39.829224"><ele>632.5</ele></trkpt>
   <trkpt lon="2.814425" lat="39.829210"><ele>631.75</ele></trkpt>
   <trkpt lon="2.814519" lat="39.829200"><ele>633.25</ele></trkpt>
   <trkpt lon="2.814606" lat="39.829221"><ele>634.25</ele></trkpt>
   <trkpt lon="2.814715" lat="39.829281"><ele>634.0</ele></trkpt>
   <trkpt lon="2.814795" lat="39.829317"><ele>636.25</ele></trkpt>
   <trkpt lon="2.815151" lat="39.829423"><ele>639.25</ele></trkpt>
   <trkpt lon="2.815189" lat="39.829444"><ele>638.25</ele></trkpt>
   <trkpt lon="2.815237" lat="39.829490"><ele>640.0</ele></trkpt>
   <trkpt lon="2.815251" lat="39.829546"><ele>641.0</ele></trkpt>
   <trkpt lon="2.815241" lat="39.829640"><ele>641.0</ele></trkpt>
   <trkpt lon="2.815098" lat="39.830243"><ele>647.25</ele></trkpt>
   <trkpt lon="2.815095" lat="39.830277"><ele>648.25</ele></trkpt>
   <trkpt lon="2.815106" lat="39.830341"><ele>646.0</ele></trkpt>
   <trkpt lon="2.815127" lat="39.830369"><ele>645.25</ele></trkpt>
   <trkpt lon="2.815159" lat="39.830395"><ele>645.0</ele></trkpt>
   <trkpt lon="2.815199" lat="39.830410"><ele>645.5</ele></trkpt>
   <trkpt lon="2.815340" lat="39.830428"><ele>647.25</ele></trkpt>
   <trkpt lon="2.815443" lat="39.830419"><ele>648.75</ele></trkpt>
   <trkpt lon="2.815538" lat="39.830390"><ele>651.0</ele></trkpt>
   <trkpt lon="2.815753" lat="39.830295"><ele>653.5</ele></trkpt>
   <trkpt lon="2.815818" lat="39.830283"><ele>653.0</ele></trkpt>
   <trkpt lon="2.815879" lat="39.830286"><ele>654.0</ele></trkpt>
   <trkpt lon="2.815905" lat="39.830294"><ele>654.5</ele></trkpt>
   <trkpt lon="2.815946" lat="39.830325"><ele>655.25</ele></trkpt>
   <trkpt lon="2.815959" lat="39.830346"><ele>655.25</ele></trkpt>
   <trkpt lon="2.816038" lat="39.830529"><ele>655.75</ele></trkpt>
   <trkpt lon="2.816052" lat="39.830589"><ele>656.25</ele></trkpt>
   <trkpt lon="2.816061" lat="39.830725"><ele>657.25</ele></trkpt>
   <trkpt lon="2.816058" lat="39.830778"><ele>657.5</ele></trkpt>
   <trkpt lon="2.816034" lat="39.830879"><ele>657.5</ele></trkpt>
   <trkpt lon="2.815801" lat="39.831493"><ele>662.0</ele></trkpt>
   <trkpt lon="2.815763" lat="39.831624"><ele>662.25</ele></trkpt>
   <trkpt lon="2.815757" lat="39.831710"><ele>662.5</ele></trkpt>
   <trkpt lon="2.815762" lat="39.831754"><ele>662.75</ele></trkpt>
   <trkpt lon="2.815789" lat="39.831832"><ele>663.75</ele></trkpt>
   <trkpt lon="2.815823" lat="39.831886"><ele>664.75</ele></trkpt>
   <trkpt lon="2.815887" lat="39.831962"><ele>665.75</ele></trkpt>
   <trkpt lon="2.815998" lat="39.832055"><ele>666.75</ele></trkpt>
   <trkpt lon="2.816091" lat="39.832151"><ele>666.5</ele></trkpt>
   <trkpt lon="2.816116" lat="39.832189"><ele>666.0</ele></trkpt>
   <trkpt lon="2.816141" lat="39.832249"><ele>665.5</ele></trkpt>
   <trkpt lon="2.816160" lat="39.832329"><ele>664.75</ele></trkpt>
   <trkpt lon="2.816153" lat="39.832393"><ele>664.75</ele></trkpt>
   <trkpt lon="2.816123" lat="39.832449"><ele>665.5</ele></trkpt>
   <trkpt lon="2.816067" lat="39.832493"><ele>666.25</ele></trkpt>
   <trkpt lon="2.815990" lat="39.832514"><ele>667.0</ele></trkpt>
   <trkpt lon="2.815950" lat="39.832516"><ele>667.25</ele></trkpt>
   <trkpt lon="2.815884" lat="39.832507"><ele>668.25</ele></trkpt>
   <trkpt lon="2.815852" lat="39.832496"><ele>668.75</ele></trkpt>
   <trkpt lon="2.815821" lat="39.832476"><ele>669.0</ele></trkpt>
   <trkpt lon="2.815766" lat="39.832432"><ele>669.25</ele></trkpt>
   <trkpt lon="2.815743" lat="39.832399"><ele>669.25</ele></trkpt>
   <trkpt lon="2.815721" lat="39.832336"><ele>669.25</ele></trkpt>
   <trkpt lon="2.815723" lat="39.832268"><ele>669.0</ele></trkpt>
   <trkpt lon="2.815756" lat="39.832199"><ele>668.25</ele></trkpt>
   <trkpt lon="2.815787" lat="39.832159"><ele>667.5</ele></trkpt>
   <trkpt lon="2.815899" lat="39.832063"><ele>666.75</ele></trkpt>
   <trkpt lon="2.816007" lat="39.831987"><ele>666.75</ele></trkpt>
   <trkpt lon="2.816261" lat="39.831800"><ele>671.0</ele></trkpt>
   <trkpt lon="2.816325" lat="39.831729"><ele>673.75</ele></trkpt>
   <trkpt lon="2.816363" lat="39.831656"><ele>676.5</ele></trkpt>
   <trkpt lon="2.816749" lat="39.830336"><ele>693.0</ele></trkpt>
   <trkpt lon="2.816791" lat="39.830227"><ele>694.75</ele></trkpt>
   <trkpt lon="2.817126" lat="39.829484"><ele>701.25</ele></trkpt>
   <trkpt lon="2.817166" lat="39.829373"><ele>702.5</ele></trkpt>
   <trkpt lon="2.817204" lat="39.829203"><ele>704.0</ele></trkpt>
   <trkpt lon="2.817212" lat="39.829126"><ele>704.75</ele></trkpt>
   <trkpt lon="2.817211" lat="39.828924"><ele>706.25</ele></trkpt>
   <trkpt lon="2.817195" lat="39.828747"><ele>707.25</ele></trkpt>
   <trkpt lon="2.817202" lat="39.828689"><ele>708.0</ele></trkpt>
   <trkpt lon="2.817216" lat="39.828645"><ele>708.5</ele></trkpt>
   <trkpt lon="2.817272" lat="39.828534"><ele>710.5</ele></trkpt>
   <trkpt lon="2.817336" lat="39.828447"><ele>712.0</ele></trkpt>
   <trkpt lon="2.817664" lat="39.828054"><ele>716.5</ele></trkpt>
   <trkpt lon="2.817709" lat="39.827993"><ele>718.0</ele></trkpt>
   <trkpt lon="2.817794" lat="39.827870"><ele>721.0</ele></trkpt>
   <trkpt lon="2.817986" lat="39.827539"><ele>724.0</ele></trkpt>
   <trkpt lon="2.818014" lat="39.827457"><ele>722.75</ele></trkpt>
   <trkpt lon="2.818021" lat="39.827413"><ele>722.25</ele></trkpt>
   <trkpt lon="2.818008" lat="39.827279"><ele>721.0</ele></trkpt>
   <trkpt lon="2.817968" lat="39.827169"><ele>719.5</ele></trkpt>
   <trkpt lon="2.817936" lat="39.827109"><ele>718.25</ele></trkpt>
   <trkpt lon="2.817854" lat="39.827007"><ele>717.75</ele></trkpt>
   <trkpt lon="2.817755" lat="39.826929"><ele>718.75</ele></trkpt>
   <trkpt lon="2.817561" lat="39.826807"><ele>719.0</ele></trkpt>
   <trkpt lon="2.817474" lat="39.826725"><ele>717.75</ele></trkpt>
   <trkpt lon="2.817441" lat="39.826680"><ele>716.75</ele></trkpt>
   <trkpt lon="2.817386" lat="39.826580"><ele>716.0</ele></trkpt>
   <trkpt lon="2.817368" lat="39.826527"><ele>715.5</ele></trkpt>
   <trkpt lon="2.817357" lat="39.826471"><ele>714.75</ele></trkpt>
   <trkpt lon="2.817353" lat="39.826222"><ele>711.25</ele></trkpt>
   <trkpt lon="2.817328" lat="39.826112"><ele>710.5</ele></trkpt>
   <trkpt lon="2.817310" lat="39.826065"><ele>710.25</ele></trkpt>
   <trkpt lon="2.817287" lat="39.826019"><ele>710.0</ele></trkpt>
   <trkpt lon="2.817193" lat="39.825876"><ele>709.0</ele></trkpt>
   <trkpt lon="2.817073" lat="39.825718"><ele>707.25</ele></trkpt>
   <trkpt lon="2.816995" lat="39.825631"><ele>706.5</ele></trkpt>
   <trkpt lon="2.816909" lat="39.825551"><ele>706.0</ele></trkpt>
   <trkpt lon="2.816626" lat="39.825334"><ele>703.0</ele></trkpt>
   <trkpt lon="2.816527" lat="39.825268"><ele>702.0</ele></trkpt>
   <trkpt lon="2.816437" lat="39.825225"><ele>701.75</ele></trkpt>
   <trkpt lon="2.816390" lat="39.825212"><ele>701.75</ele></trkpt>
   <trkpt lon="2.816341" lat="39.825207"><ele>701.25</ele></trkpt>
   <trkpt lon="2.816081" lat="39.825222"><ele>700.25</ele></trkpt>
   <trkpt lon="2.815941" lat="39.825210"><ele>699.5</ele></trkpt>
   <trkpt lon="2.815887" lat="39.825199"><ele>699.0</ele></trkpt>
   <trkpt lon="2.815781" lat="39.825165"><ele>698.5</ele></trkpt>
   <trkpt lon="2.815665" lat="39.825089"><ele>697.25</ele></trkpt>
   <trkpt lon="2.815578" lat="39.825018"><ele>696.25</ele></trkpt>
   <trkpt lon="2.815537" lat="39.824996"><ele>695.75</ele></trkpt>
   <trkpt lon="2.815443" lat="39.824967"><ele>695.0</ele></trkpt>
   <trkpt lon="2.815326" lat="39.824961"><ele>694.25</ele></trkpt>
   <trkpt lon="2.815022" lat="39.825010"><ele>692.5</ele></trkpt>
   <trkpt lon="2.814883" lat="39.825025"><ele>692.25</ele></trkpt>
   <trkpt lon="2.814828" lat="39.825023"><ele>691.75</ele></trkpt>
   <trkpt lon="2.814781" lat="39.825012"><ele>691.25</ele></trkpt>
   <trkpt lon="2.814747" lat="39.824996"><ele>691.0</ele></trkpt>
   <trkpt lon="2.814702" lat="39.824944"><ele>690.75</ele></trkpt>
   <trkpt lon="2.814682" lat="39.824886"><ele>690.75</ele></trkpt>
   <trkpt lon="2.814683" lat="39.824852"><ele>690.75</ele></trkpt>
   <trkpt lon="2.814716" lat="39.824782"><ele>690.25</ele></trkpt>
   <trkpt lon="2.815067" lat="39.824376"><ele>684.75</ele></trkpt>
   <trkpt lon="2.815247" lat="39.824185"><ele>683.0</ele></trkpt>
   <trkpt lon="2.815508" lat="39.823999"><ele>680.5</ele></trkpt>
   <trkpt lon="2.815575" lat="39.823931"><ele>680.25</ele></trkpt>
   <trkpt lon="2.815668" lat="39.823812"><ele>678.5</ele><sym>pass_place</sym><type>Shaping</type></trkpt>
   <trkpt lon="2.815757" lat="39.823662"><ele>677.5</ele></trkpt>
   <trkpt lon="2.815791" lat="39.823581"><ele>677.25</ele></trkpt>
   <trkpt lon="2.815842" lat="39.823397"><ele>675.5</ele></trkpt>
   <trkpt lon="2.815856" lat="39.823278"><ele>674.0</ele></trkpt>
   <trkpt lon="2.815854" lat="39.823230"><ele>673.25</ele></trkpt>
   <trkpt lon="2.815844" lat="39.823176"><ele>672.75</ele></trkpt>
   <trkpt lon="2.815795" lat="39.823087"><ele>672.5</ele></trkpt>
   <trkpt lon="2.815480" lat="39.822736"><ele>670.25</ele></trkpt>
   <trkpt lon="2.815201" lat="39.822488"><ele>666.25</ele></trkpt>
   <trkpt lon="2.815097" lat="39.822408"><ele>664.0</ele></trkpt>
   <trkpt lon="2.815042" lat="39.822383"><ele>663.5</ele></trkpt>
   <trkpt lon="2.814974" lat="39.822363"><ele>663.5</ele></trkpt>
   <trkpt lon="2.814732" lat="39.822320"><ele>664.75</ele></trkpt>
   <trkpt lon="2.814664" lat="39.822299"><ele>665.0</ele></trkpt>
   <trkpt lon="2.814618" lat="39.822280"><ele>665.0</ele></trkpt>
   <trkpt lon="2.814580" lat="39.822254"><ele>664.75</ele></trkpt>
   <trkpt lon="2.814548" lat="39.822220"><ele>663.75</ele></trkpt>
   <trkpt lon="2.814529" lat="39.822174"><ele>664.0</ele></trkpt>
   <trkpt lon="2.814525" lat="39.822127"><ele>663.5</ele></trkpt>
   <trkpt lon="2.814530" lat="39.822075"><ele>663.0</ele></trkpt>
   <trkpt lon="2.814564" lat="39.821927"><ele>659.5</ele></trkpt>
   <trkpt lon="2.814570" lat="39.821826"><ele>658.0</ele></trkpt>
   <trkpt lon="2.814561" lat="39.821776"><ele>657.75</ele></trkpt>
   <trkpt lon="2.814543" lat="39.821730"><ele>657.75</ele></trkpt>
   <trkpt lon="2.814447" lat="39.821539"><ele>657.0</ele></trkpt>
   <trkpt lon="2.814414" lat="39.821433"><ele>655.75</ele></trkpt>
   <trkpt lon="2.814402" lat="39.821277"><ele>653.25</ele></trkpt>
   <trkpt lon="2.814375" lat="39.821082"><ele>651.0</ele></trkpt>
   <trkpt lon="2.814357" lat="39.820992"><ele>650.5</ele></trkpt>
   <trkpt lon="2.814276" lat="39.820733"><ele>651.0</ele></trkpt>
   <trkpt lon="2.814268" lat="39.820687"><ele>651.0</ele></trkpt>
   <trkpt lon="2.814278" lat="39.820608"><ele>650.25</ele></trkpt>
   <trkpt lon="2.814298" lat="39.820579"><ele>649.75</ele></trkpt>
   <trkpt lon="2.814330" lat="39.820555"><ele>648.75</ele></trkpt>
   <trkpt lon="2.814376" lat="39.820535"><ele>647.5</ele></trkpt>
   <trkpt lon="2.814425" lat="39.820531"><ele>646.0</ele></trkpt>
   <trkpt lon="2.814469" lat="39.820535"><ele>645.0</ele></trkpt>
   <trkpt lon="2.814513" lat="39.820547"><ele>644.25</ele></trkpt>
   <trkpt lon="2.814551" lat="39.820571"><ele>643.5</ele></trkpt>
   <trkpt lon="2.814578" lat="39.820599"><ele>642.75</ele></trkpt>
   <trkpt lon="2.814608" lat="39.820679"><ele>641.75</ele></trkpt>
   <trkpt lon="2.814608" lat="39.820725"><ele>641.5</ele></trkpt>
   <trkpt lon="2.814578" lat="39.820909"><ele>642.25</ele></trkpt>
   <trkpt lon="2.814584" lat="39.820986"><ele>642.5</ele></trkpt>
   <trkpt lon="2.814605" lat="39.821068"><ele>641.75</ele></trkpt>
   <trkpt lon="2.814636" lat="39.821149"><ele>641.25</ele></trkpt>
   <trkpt lon="2.814730" lat="39.821290"><ele>639.25</ele></trkpt>
   <trkpt lon="2.814944" lat="39.821512"><ele>636.0</ele></trkpt>
   <trkpt lon="2.814992" lat="39.821576"><ele>635.0</ele></trkpt>
   <trkpt lon="2.815054" lat="39.821780"><ele>637.0</ele></trkpt>
   <trkpt lon="2.815073" lat="39.821820"><ele>637.25</ele></trkpt>
   <trkpt lon="2.815101" lat="39.821842"><ele>637.25</ele></trkpt>
   <trkpt lon="2.815138" lat="39.821860"><ele>636.75</ele></trkpt>
   <trkpt lon="2.815180" lat="39.821868"><ele>636.0</ele></trkpt>
   <trkpt lon="2.815220" lat="39.821861"><ele>634.75</ele></trkpt>
   <trkpt lon="2.815257" lat="39.821844"><ele>633.5</ele></trkpt>
   <trkpt lon="2.815280" lat="39.821818"><ele>632.25</ele></trkpt>
   <trkpt lon="2.815287" lat="39.821781"><ele>631.0</ele></trkpt>
   <trkpt lon="2.815280" lat="39.821739"><ele>630.0</ele></trkpt>
   <trkpt lon="2.815143" lat="39.821353"><ele>626.75</ele></trkpt>
   <trkpt lon="2.815123" lat="39.821277"><ele>626.75</ele></trkpt>
   <trkpt lon="2.815116" lat="39.821206"><ele>626.0</ele></trkpt>
   <trkpt lon="2.815128" lat="39.821067"><ele>624.75</ele></trkpt>
   <trkpt lon="2.815166" lat="39.820955"><ele>624.25</ele></trkpt>
   <trkpt lon="2.815207" lat="39.820899"><ele>623.0</ele></trkpt>
   <trkpt lon="2.815254" lat="39.820850"><ele>621.75</ele></trkpt>
   <trkpt lon="2.816033" lat="39.820234"><ele>613.0</ele></trkpt>
   <trkpt lon="2.816072" lat="39.820193"><ele>612.0</ele></trkpt>
   <trkpt lon="2.816089" lat="39.820164"><ele>611.75</ele></trkpt>
   <trkpt lon="2.816101" lat="39.820127"><ele>611.75</ele></trkpt>
   <trkpt lon="2.816103" lat="39.820090"><ele>611.75</ele></trkpt>
   <trkpt lon="2.816096" lat="39.820044"><ele>612.0</ele></trkpt>
   <trkpt lon="2.816077" lat="39.820003"><ele>612.5</ele></trkpt>
   <trkpt lon="2.816050" lat="39.819970"><ele>611.75</ele></trkpt>
   <trkpt lon="2.816012" lat="39.819939"><ele>611.25</ele></trkpt>
   <trkpt lon="2.815648" lat="39.819746"><ele>608.5</ele></trkpt>
   <trkpt lon="2.815543" lat="39.819677"><ele>607.75</ele></trkpt>
   <trkpt lon="2.815381" lat="39.819546"><ele>606.0</ele></trkpt>
   <trkpt lon="2.815275" lat="39.819420"><ele>604.5</ele></trkpt>
   <trkpt lon="2.815235" lat="39.819344"><ele>604.0</ele></trkpt>
   <trkpt lon="2.815165" lat="39.819083"><ele>602.25</ele></trkpt>
   <trkpt lon="2.815146" lat="39.818934"><ele>600.0</ele></trkpt>
   <trkpt lon="2.815149" lat="39.818881"><ele>599.25</ele></trkpt>
   <trkpt lon="2.815160" lat="39.818838"><ele>600.0</ele></trkpt>
   <trkpt lon="2.815179" lat="39.818807"><ele>600.25</ele></trkpt>
   <trkpt lon="2.815210" lat="39.818781"><ele>600.25</ele></trkpt>
   <trkpt lon="2.815258" lat="39.818752"><ele>600.25</ele></trkpt>
   <trkpt lon="2.815317" lat="39.818733"><ele>599.75</ele></trkpt>
   <trkpt lon="2.815952" lat="39.818689"><ele>594.25</ele></trkpt>
   <trkpt lon="2.816105" lat="39.818673"><ele>593.25</ele></trkpt>
   <trkpt lon="2.816303" lat="39.818641"><ele>591.25</ele></trkpt>
   <trkpt lon="2.817129" lat="39.818452"><ele>588.0</ele></trkpt>
   <trkpt lon="2.817533" lat="39.818358"><ele>583.5</ele></trkpt>
   <trkpt lon="2.817797" lat="39.818273"><ele>581.25</ele></trkpt>
   <trkpt lon="2.819305" lat="39.817687"><ele>572.25</ele></trkpt>
   <trkpt lon="2.819441" lat="39.817641"><ele>571.75</ele></trkpt>
   <trkpt lon="2.819591" lat="39.817609"><ele>571.25</ele></trkpt>
   <trkpt lon="2.820502" lat="39.817489"><ele>567.0</ele></trkpt>
   <trkpt lon="2.820639" lat="39.817462"><ele>566.25</ele></trkpt>
   <trkpt lon="2.820745" lat="39.817432"><ele>565.75</ele></trkpt>
   <trkpt lon="2.820838" lat="39.817395"><ele>565.75</ele></trkpt>
   <trkpt lon="2.820923" lat="39.817351"><ele>565.5</ele></trkpt>
   <trkpt lon="2.820992" lat="39.817304"><ele>565.5</ele></trkpt>
   <trkpt lon="2.821667" lat="39.816718"><ele>561.25</ele></trkpt>
   <trkpt lon="2.821746" lat="39.816638"><ele>561.75</ele></trkpt>
   <trkpt lon="2.822073" lat="39.816228"><ele>562.75</ele></trkpt>
   <trkpt lon="2.822106" lat="39.816172"><ele>563.0</ele></trkpt>
   <trkpt lon="2.822124" lat="39.816122"><ele>563.75</ele></trkpt>
   <trkpt lon="2.822135" lat="39.816074"><ele>563.0</ele></trkpt>
   <trkpt lon="2.822130" lat="39.816024"><ele>562.25</ele></trkpt>
   <trkpt lon="2.822117" lat="39.815984"><ele>561.75</ele></trkpt>
   <trkpt lon="2.821995" lat="39.815799"><ele>562.25</ele></trkpt>
   <trkpt lon="2.821967" lat="39.815743"><ele>562.5</ele></trkpt>
   <trkpt lon="2.821956" lat="39.815695"><ele>562.5</ele></trkpt>
   <trkpt lon="2.821964" lat="39.815594"><ele>561.75</ele></trkpt>
   <trkpt lon="2.822008" lat="39.815496"><ele>561.25</ele></trkpt>
   <trkpt lon="2.822039" lat="39.815452"><ele>561.25</ele></trkpt>
   <trkpt lon="2.822261" lat="39.815280"><ele>560.75</ele><sym>pass_place</sym><type>Shaping</type></trkpt>
   <trkpt lon="2.822262" lat="39.815280"><ele>560.5</ele></trkpt>
   <trkpt lon="2.822442" lat="39.815158"><ele>559.25</ele></trkpt>
   <trkpt lon="2.822473" lat="39.815145"><ele>559.25</ele></trkpt>
   <trkpt lon="2.822514" lat="39.815138"><ele>559.25</ele></trkpt>
   <trkpt lon="2.822555" lat="39.815140"><ele>560.25</ele></trkpt>
   <trkpt lon="2.822597" lat="39.815154"><ele>561.0</ele></trkpt>
   <trkpt lon="2.822700" lat="39.815222"><ele>561.25</ele></trkpt>
   <trkpt lon="2.822844" lat="39.815336"><ele>561.0</ele></trkpt>
   <trkpt lon="2.823459" lat="39.815896"><ele>560.25</ele></trkpt>
   <trkpt lon="2.823599" lat="39.816007"><ele>560.5</ele></trkpt>
   <trkpt lon="2.823853" lat="39.816131"><ele>560.25</ele></trkpt>
   <trkpt lon="2.823894" lat="39.816141"><ele>560.25</ele></trkpt>
   <trkpt lon="2.823954" lat="39.816137"><ele>560.25</ele></trkpt>
   <trkpt lon="2.824000" lat="39.816113"><ele>560.5</ele></trkpt>
   <trkpt lon="2.824018" lat="39.816091"><ele>561.0</ele></trkpt>
   <trkpt lon="2.824050" lat="39.816049"><ele>562.5</ele><sym>right</sym></trkpt>
   <trkpt lon="2.823763" lat="39.815899"><ele>564.5</ele></trkpt>
   <trkpt lon="2.823655" lat="39.815833"><ele>564.5</ele></trkpt>
   <trkpt lon="2.823541" lat="39.815750"><ele>566.75</ele></trkpt>
   <trkpt lon="2.823374" lat="39.815587"><ele>567.0</ele></trkpt>
   <trkpt lon="2.822425" lat="39.814561"><ele>578.0</ele></trkpt>
   <trkpt lon="2.822199" lat="39.814405"><ele>578.75</ele></trkpt>
   <trkpt lon="2.821789" lat="39.814212"><ele>582.25</ele></trkpt>
   <trkpt lon="2.821435" lat="39.814072"><ele>585.0</ele></trkpt>
   <trkpt lon="2.820626" lat="39.813672"><ele>590.5</ele></trkpt>
   <trkpt lon="2.820468" lat="39.813623"><ele>591.0</ele></trkpt>
   <trkpt lon="2.820121" lat="39.813580"><ele>591.75</ele></trkpt>
   <trkpt lon="2.819390" lat="39.813592"><ele>595.5</ele></trkpt>
   <trkpt lon="2.819190" lat="39.813585"><ele>597.5</ele></trkpt>
   <trkpt lon="2.819032" lat="39.813554"><ele>599.0</ele></trkpt>
   <trkpt lon="2.818805" lat="39.813451"><ele>600.75</ele></trkpt>
   <trkpt lon="2.818703" lat="39.813339"><ele>600.25</ele></trkpt>
   <trkpt lon="2.818683" lat="39.813214"><ele>602.75</ele></trkpt>
   <trkpt lon="2.818719" lat="39.813093"><ele>604.5</ele></trkpt>
   <trkpt lon="2.818796" lat="39.813007"><ele>605.5</ele></trkpt>
   <trkpt lon="2.818923" lat="39.812941"><ele>605.75</ele></trkpt>
   <trkpt lon="2.819090" lat="39.812912"><ele>606.25</ele></trkpt>
   <trkpt lon="2.819169" lat="39.812911"><ele>606.0</ele></trkpt>
   <trkpt lon="2.819817" lat="39.812902"><ele>609.0</ele></trkpt>
   <trkpt lon="2.820643" lat="39.812911"><ele>617.25</ele></trkpt>
   <trkpt lon="2.820777" lat="39.812894"><ele>618.0</ele></trkpt>
   <trkpt lon="2.820876" lat="39.812864"><ele>619.75</ele></trkpt>
   <trkpt lon="2.821000" lat="39.812774"><ele>619.75</ele></trkpt>
   <trkpt lon="2.822610" lat="39.811004"><ele>621.5</ele></trkpt>
   <trkpt lon="2.822652" lat="39.810948"><ele>621.75</ele></trkpt>
   <trkpt lon="2.822669" lat="39.810811"><ele>621.75</ele></trkpt>
   <trkpt lon="2.822643" lat="39.810753"><ele>621.25</ele></trkpt>
   <trkpt lon="2.822581" lat="39.810656"><ele>620.25</ele></trkpt>
   <trkpt lon="2.822446" lat="39.810507"><ele>618.75</ele></trkpt>
   <trkpt lon="2.821878" lat="39.809923"><ele>618.75</ele></trkpt>
   <trkpt lon="2.821762" lat="39.809785"><ele>618.75</ele></trkpt>
   <trkpt lon="2.821683" lat="39.809681"><ele>618.75</ele></trkpt>
   <trkpt lon="2.821423" lat="39.809279"><ele>619.5</ele></trkpt>
   <trkpt lon="2.821362" lat="39.809207"><ele>619.75</ele></trkpt>
   <trkpt lon="2.821219" lat="39.809085"><ele>620.25</ele></trkpt>
   <trkpt lon="2.820795" lat="39.808768"><ele>618.0</ele></trkpt>
   <trkpt lon="2.820691" lat="39.808678"><ele>618.25</ele></trkpt>
   <trkpt lon="2.819732" lat="39.807678"><ele>618.75</ele></trkpt>
   <trkpt lon="2.819047" lat="39.806930"><ele>619.75</ele><sym>pass_place</sym><type>Shaping</type></trkpt>
   <trkpt lon="2.819045" lat="39.806928"><ele>619.75</ele></trkpt>
   <trkpt lon="2.818661" lat="39.806532"><ele>621.5</ele></trkpt>
   <trkpt lon="2.818533" lat="39.806419"><ele>621.25</ele></trkpt>
   <trkpt lon="2.818393" lat="39.806314"><ele>621.25</ele></trkpt>
   <trkpt lon="2.817696" lat="39.805846"><ele>621.5</ele></trkpt>
   <trkpt lon="2.817447" lat="39.805661"><ele>623.0</ele></trkpt>
   <trkpt lon="2.817242" lat="39.805467"><ele>619.75</ele></trkpt>
   <trkpt lon="2.817068" lat="39.805274"><ele>620.75</ele></trkpt>
   <trkpt lon="2.816879" lat="39.805020"><ele>619.75</ele></trkpt>
   <trkpt lon="2.816689" lat="39.804805"><ele>619.25</ele></trkpt>
   <trkpt lon="2.816494" lat="39.804627"><ele>619.25</ele></trkpt>
   <trkpt lon="2.816083" lat="39.804277"><ele>618.25</ele></trkpt>
   <trkpt lon="2.815733" lat="39.804006"><ele>618.0</ele></trkpt>
   <trkpt lon="2.815443" lat="39.803818"><ele>617.75</ele></trkpt>
   <trkpt lon="2.815023" lat="39.803580"><ele>617.75</ele></trkpt>
   <trkpt lon="2.813641" lat="39.802637"><ele>618.75</ele></trkpt>
   <trkpt lon="2.813016" lat="39.802163"><ele>618.5</ele></trkpt>
   <trkpt lon="2.812601" lat="39.801832"><ele>618.75</ele></trkpt>
   <trkpt lon="2.812239" lat="39.801530"><ele>617.75</ele></trkpt>
   <trkpt lon="2.811845" lat="39.801160"><ele>618.5</ele></trkpt>
   <trkpt lon="2.811416" lat="39.800700"><ele>617.75</ele></trkpt>
   <trkpt lon="2.811282" lat="39.800536"><ele>618.0</ele></trkpt>
   <trkpt lon="2.811101" lat="39.800261"><ele>618.0</ele></trkpt>
   <trkpt lon="2.810903" lat="39.799987"><ele>618.25</ele></trkpt>
   <trkpt lon="2.810178" lat="39.799238"><ele>619.25</ele></trkpt>
   <trkpt lon="2.810123" lat="39.799098"><ele>619.5</ele></trkpt>
   <trkpt lon="2.810119" lat="39.799003"><ele>619.0</ele></trkpt>
   <trkpt lon="2.810193" lat="39.798826"><ele>618.0</ele></trkpt>
   <trkpt lon="2.810260" lat="39.798724"><ele>617.5</ele></trkpt>
   <trkpt lon="2.810723" lat="39.797939"><ele>625.25</ele></trkpt>
   <trkpt lon="2.810781" lat="39.797790"><ele>626.75</ele></trkpt>
   <trkpt lon="2.810795" lat="39.797646"><ele>628.0</ele></trkpt>
   <trkpt lon="2.810792" lat="39.797457"><ele>629.5</ele></trkpt>
   <trkpt lon="2.810713" lat="39.796987"><ele>634.75</ele></trkpt>
   <trkpt lon="2.810677" lat="39.796821"><ele>636.5</ele></trkpt>
   <trkpt lon="2.810594" lat="39.796613"><ele>639.25</ele></trkpt>
   <trkpt lon="2.810526" lat="39.796519"><ele>640.5</ele></trkpt>
   <trkpt lon="2.810480" lat="39.796466"><ele>641.25</ele></trkpt>
   <trkpt lon="2.810372" lat="39.796362"><ele>643.0</ele></trkpt>
   <trkpt lon="2.809445" lat="39.795734"><ele>651.0</ele></trkpt>
   <trkpt lon="2.808946" lat="39.795417"><ele>654.25</ele></trkpt>
   <trkpt lon="2.808766" lat="39.795284"><ele>655.75</ele></trkpt>
   <trkpt lon="2.808656" lat="39.795165"><ele>657.25</ele></trkpt>
   <trkpt lon="2.808336" lat="39.794632"><ele>661.75</ele></trkpt>
   <trkpt lon="2.808223" lat="39.794407"><ele>663.5</ele></trkpt>
   <trkpt lon="2.808097" lat="39.794034"><ele>666.75</ele><sym>pass_place</sym><type>Shaping</type></trkpt>
   <trkpt lon="2.808001" lat="39.793796"><ele>668.5</ele></trkpt>
   <trkpt lon="2.807959" lat="39.793741"><ele>668.75</ele></trkpt>
   <trkpt lon="2.807308" lat="39.793189"><ele>675.25</ele></trkpt>
   <trkpt lon="2.807074" lat="39.793010"><ele>677.5</ele></trkpt>
   <trkpt lon="2.806941" lat="39.792923"><ele>678.75</ele></trkpt>
   <trkpt lon="2.806665" lat="39.792840"><ele>680.75</ele></trkpt>
   <trkpt lon="2.805752" lat="39.792707"><ele>686.5</ele></trkpt>
   <trkpt lon="2.805586" lat="39.792705"><ele>686.75</ele></trkpt>
   <trkpt lon="2.805380" lat="39.792741"><ele>687.75</ele></trkpt>
   <trkpt lon="2.805131" lat="39.792825"><ele>688.25</ele></trkpt>
   <trkpt lon="2.804932" lat="39.792857"><ele>689.25</ele></trkpt>
   <trkpt lon="2.804712" lat="39.792839"><ele>691.25</ele></trkpt>
   <trkpt lon="2.804572" lat="39.792807"><ele>691.75</ele></trkpt>
   <trkpt lon="2.804454" lat="39.792749"><ele>692.75</ele></trkpt>
   <trkpt lon="2.804405" lat="39.792681"><ele>693.75</ele></trkpt>
   <trkpt lon="2.804337" lat="39.792550"><ele>695.75</ele></trkpt>
   <trkpt lon="2.804191" lat="39.792348"><ele>698.5</ele></trkpt>
   <trkpt lon="2.803965" lat="39.792154"><ele>701.0</ele></trkpt>
   <trkpt lon="2.803081" lat="39.791788"><ele>705.25</ele></trkpt>
   <trkpt lon="2.802891" lat="39.791683"><ele>706.5</ele></trkpt>
   <trkpt lon="2.802802" lat="39.791603"><ele>707.25</ele></trkpt>
   <trkpt lon="2.802775" lat="39.791517"><ele>708.5</ele></trkpt>
   <trkpt lon="2.802780" lat="39.791417"><ele>710.5</ele></trkpt>
   <trkpt lon="2.802839" lat="39.791078"><ele>713.25</ele></trkpt>
   <trkpt lon="2.802832" lat="39.790955"><ele>714.5</ele></trkpt>
   <trkpt lon="2.802783" lat="39.790868"><ele>714.5</ele></trkpt>
   <trkpt lon="2.802675" lat="39.790731"><ele>715.75</ele></trkpt>
   <trkpt lon="2.802499" lat="39.790607"><ele>716.5</ele></trkpt>
   <trkpt lon="2.801885" lat="39.790259"><ele>720.0</ele></trkpt>
   <trkpt lon="2.801370" lat="39.789988"><ele>724.0</ele></trkpt>
   <trkpt lon="2.801310" lat="39.789915"><ele>724.5</ele></trkpt>
   <trkpt lon="2.801280" lat="39.789850"><ele>725.0</ele></trkpt>
   <trkpt lon="2.801269" lat="39.789755"><ele>726.0</ele></trkpt>
   <trkpt lon="2.801303" lat="39.789468"><ele>728.5</ele></trkpt>
   <trkpt lon="2.801307" lat="39.789301"><ele>731.0</ele></trkpt>
   <trkpt lon="2.801303" lat="39.789218"><ele>732.0</ele></trkpt>
   <trkpt lon="2.801278" lat="39.789160"><ele>732.25</ele></trkpt>
   <trkpt lon="2.800508" lat="39.788480"><ele>738.5</ele></trkpt>
   <trkpt lon="2.800408" lat="39.788374"><ele>739.75</ele></trkpt>
   <trkpt lon="2.800168" lat="39.788069"><ele>742.0</ele></trkpt>
   <trkpt lon="2.800006" lat="39.787892"><ele>744.0</ele></trkpt>
   <trkpt lon="2.799918" lat="39.787822"><ele>745.0</ele></trkpt>
   <trkpt lon="2.799631" lat="39.787649"><ele>745.75</ele></trkpt>
   <trkpt lon="2.799159" lat="39.787318"><ele>751.0</ele></trkpt>
   <trkpt lon="2.799021" lat="39.787246"><ele>751.75</ele></trkpt>
   <trkpt lon="2.798963" lat="39.787228"><ele>752.0</ele></trkpt>
   <trkpt lon="2.798809" lat="39.787193"><ele>752.75</ele></trkpt>
   <trkpt lon="2.798436" lat="39.787147"><ele>755.25</ele></trkpt>
   <trkpt lon="2.798316" lat="39.787119"><ele>756.0</ele></trkpt>
   <trkpt lon="2.798208" lat="39.787083"><ele>756.25</ele></trkpt>
   <trkpt lon="2.797774" lat="39.786892"><ele>757.75</ele></trkpt>
   <trkpt lon="2.797718" lat="39.786873"><ele>758.25</ele></trkpt>
   <trkpt lon="2.797631" lat="39.786865"><ele>758.75</ele></trkpt>
   <trkpt lon="2.797565" lat="39.786875"><ele>758.75</ele></trkpt>
   <trkpt lon="2.797521" lat="39.786888"><ele>758.75</ele></trkpt>
   <trkpt lon="2.797457" lat="39.786925"><ele>758.75</ele></trkpt>
   <trkpt lon="2.797263" lat="39.787095"><ele>760.75</ele></trkpt>
   <trkpt lon="2.796983" lat="39.787348"><ele>761.5</ele></trkpt>
   <trkpt lon="2.796848" lat="39.787477"><ele>760.75</ele></trkpt>
   <trkpt lon="2.796794" lat="39.787558"><ele>760.25</ele></trkpt>
   <trkpt lon="2.796777" lat="39.787647"><ele>760.0</ele></trkpt>
   <trkpt lon="2.796800" lat="39.787706"><ele>760.25</ele></trkpt>
   <trkpt lon="2.797199" lat="39.788203"><ele>763.5</ele></trkpt>
   <trkpt lon="2.797219" lat="39.788241"><ele>763.5</ele></trkpt>
   <trkpt lon="2.797218" lat="39.788289"><ele>763.25</ele></trkpt>
   <trkpt lon="2.797205" lat="39.788345"><ele>763.0</ele></trkpt>
   <trkpt lon="2.797184" lat="39.788385"><ele>763.5</ele></trkpt>
   <trkpt lon="2.797132" lat="39.788423"><ele>763.75</ele></trkpt>
   <trkpt lon="2.797029" lat="39.788458"><ele>764.0</ele></trkpt>
   <trkpt lon="2.796807" lat="39.788514"><ele>764.0</ele></trkpt>
   <trkpt lon="2.795075" lat="39.788862"><ele>772.25</ele></trkpt>
   <trkpt lon="2.794959" lat="39.788898"><ele>772.75</ele></trkpt>
   <trkpt lon="2.794825" lat="39.788964"><ele>773.0</ele></trkpt>
   <trkpt lon="2.794698" lat="39.789095"><ele>774.25</ele></trkpt>
   <trkpt lon="2.794628" lat="39.789228"><ele>774.75</ele></trkpt>
   <trkpt lon="2.794616" lat="39.789378"><ele>775.75</ele><sym>pass_place</sym><type>Shaping</type></trkpt>
   <trkpt lon="2.794681" lat="39.789519"><ele>777.75</ele></trkpt>
   <trkpt lon="2.794892" lat="39.789815"><ele>781.0</ele></trkpt>
   <trkpt lon="2.795053" lat="39.790104"><ele>783.0</ele></trkpt>
   <trkpt lon="2.795273" lat="39.790713"><ele>786.5</ele></trkpt>
   <trkpt lon="2.795427" lat="39.790950"><ele>788.0</ele></trkpt>
   <trkpt lon="2.795629" lat="39.791140"><ele>791.0</ele></trkpt>
   <trkpt lon="2.795828" lat="39.791281"><ele>793.5</ele></trkpt>
   <trkpt lon="2.796528" lat="39.791640"><ele>798.75</ele></trkpt>
   <trkpt lon="2.796604" lat="39.791747"><ele>799.75</ele></trkpt>
   <trkpt lon="2.796621" lat="39.791866"><ele>800.25</ele></trkpt>
   <trkpt lon="2.796587" lat="39.791975"><ele>801.0</ele></trkpt>
   <trkpt lon="2.796461" lat="39.792068"><ele>803.25</ele></trkpt>
   <trkpt lon="2.796307" lat="39.792104"><ele>804.5</ele></trkpt>
   <trkpt lon="2.796136" lat="39.792109"><ele>805.75</ele></trkpt>
   <trkpt lon="2.794710" lat="39.792066"><ele>811.75</ele></trkpt>
   <trkpt lon="2.794102" lat="39.792038"><ele>818.0</ele></trkpt>
   <trkpt lon="2.793508" lat="39.791975"><ele>820.5</ele></trkpt>
   <trkpt lon="2.792988" lat="39.791867"><ele>823.5</ele></trkpt>
   <trkpt lon="2.792513" lat="39.791768"><ele>827.0</ele></trkpt>
   <trkpt lon="2.791946" lat="39.791666"><ele>824.75</ele></trkpt>
   <trkpt lon="2.791691" lat="39.791643"><ele>823.25</ele></trkpt>
   <trkpt lon="2.791567" lat="39.791656"><ele>823.0</ele></trkpt>
   <trkpt lon="2.791489" lat="39.791704"><ele>823.5</ele></trkpt>
   <trkpt lon="2.791448" lat="39.791748"><ele>823.5</ele></trkpt>
   <trkpt lon="2.791370" lat="39.792006"><ele>823.75</ele></trkpt>
   <trkpt lon="2.791322" lat="39.792137"><ele>823.25</ele></trkpt>
   <trkpt lon="2.791265" lat="39.792232"><ele>822.5</ele></trkpt>
   <trkpt lon="2.790778" lat="39.792603"><ele>821.25</ele></trkpt>
   <trkpt lon="2.790638" lat="39.792741"><ele>820.75</ele></trkpt>
   <trkpt lon="2.790464" lat="39.792942"><ele>825.0</ele></trkpt>
   <trkpt lon="2.790201" lat="39.793268"><ele>823.25</ele></trkpt>
   <trkpt lon="2.790153" lat="39.793400"><ele>822.75</ele></trkpt>
   <trkpt lon="2.790164" lat="39.793537"><ele>823.5</ele></trkpt>
   <trkpt lon="2.790376" lat="39.794774"><ele>824.5</ele></trkpt>
   <trkpt lon="2.790373" lat="39.794880"><ele>824.75</ele></trkpt>
   <trkpt lon="2.790309" lat="39.794959"><ele>824.75</ele></trkpt>
   <trkpt lon="2.790257" lat="39.795009"><ele>824.75</ele></trkpt>
   <trkpt lon="2.790178" lat="39.795051"><ele>824.75</ele></trkpt>
   <trkpt lon="2.790088" lat="39.795066"><ele>824.5</ele></trkpt>
   <trkpt lon="2.789967" lat="39.795067"><ele>824.5</ele></trkpt>
   <trkpt lon="2.789879" lat="39.795039"><ele>825.0</ele></trkpt>
   <trkpt lon="2.789822" lat="39.795003"><ele>825.25</ele></trkpt>
   <trkpt lon="2.789778" lat="39.794975"><ele>825.5</ele></trkpt>
   <trkpt lon="2.788789" lat="39.794085"><ele>828.0</ele></trkpt>
   <trkpt lon="2.788655" lat="39.793997"><ele>828.75</ele></trkpt>
   <trkpt lon="2.787567" lat="39.793467"><ele>830.75</ele></trkpt>
   <trkpt lon="2.787124" lat="39.793275"><ele>833.75</ele></trkpt>
   <trkpt lon="2.787033" lat="39.793221"><ele>834.75</ele></trkpt>
   <trkpt lon="2.786432" lat="39.792515"><ele>833.5</ele></trkpt>
   <trkpt lon="2.786249" lat="39.792345"><ele>835.0</ele></trkpt>
   <trkpt lon="2.785865" lat="39.792078"><ele>836.25</ele></trkpt>
   <trkpt lon="2.785358" lat="39.791770"><ele>838.25</ele></trkpt>
   <trkpt lon="2.783751" lat="39.790748"><ele>847.25</ele><sym>pass_place</sym><type>Shaping</type></trkpt>
   <trkpt lon="2.783585" lat="39.790651"><ele>847.5</ele></trkpt>
   <trkpt lon="2.783337" lat="39.790523"><ele>847.5</ele></trkpt>
   <trkpt lon="2.782088" lat="39.789978"><ele>853.0</ele></trkpt>
   <trkpt lon="2.779953" lat="39.789143"><ele>865.25</ele></trkpt>
   <trkpt lon="2.779510" lat="39.788959"><ele>869.75</ele></trkpt>
   <trkpt lon="2.779359" lat="39.788856"><ele>870.5</ele></trkpt>
   <trkpt lon="2.778915" lat="39.788327"><ele>869.25</ele></trkpt>
   <trkpt lon="2.778859" lat="39.788284"><ele>869.25</ele></trkpt>
   <trkpt lon="2.778799" lat="39.788252"><ele>869.5</ele></trkpt>
   <trkpt lon="2.778724" lat="39.788231"><ele>870.0</ele></trkpt>
   <trkpt lon="2.778657" lat="39.788223"><ele>870.75</ele></trkpt>
   <trkpt lon="2.778576" lat="39.788232"><ele>872.25</ele></trkpt>
   <trkpt lon="2.778460" lat="39.788265"><ele>875.25</ele></trkpt>
   <trkpt lon="2.778339" lat="39.788330"><ele>879.75</ele></trkpt>
   <trkpt lon="2.774547" lat="39.790295"><ele>875.75</ele></trkpt>
   <trkpt lon="2.774464" lat="39.790361"><ele>858.0</ele></trkpt>
   <trkpt lon="2.774444" lat="39.790425"><ele>852.0</ele></trkpt>
   <trkpt lon="2.774467" lat="39.790538"><ele>846.75</ele></trkpt>
   <trkpt lon="2.774498" lat="39.790595"><ele>844.75</ele></trkpt>
   <trkpt lon="2.774564" lat="39.790690"><ele>842.75</ele></trkpt>
   <trkpt lon="2.774878" lat="39.791120"><ele>842.0</ele></trkpt>
   <trkpt lon="2.775073" lat="39.791442"><ele>840.75</ele></trkpt>
   <trkpt lon="2.775426" lat="39.792182"><ele>833.5</ele></trkpt>
   <trkpt lon="2.775490" lat="39.792349"><ele>833.0</ele></trkpt>
   <trkpt lon="2.775521" lat="39.792558"><ele>831.5</ele></trkpt>
   <trkpt lon="2.775528" lat="39.792835"><ele>828.5</ele></trkpt>
   <trkpt lon="2.775539" lat="39.792973"><ele>828.0</ele></trkpt>
   <trkpt lon="2.775557" lat="39.793040"><ele>828.0</ele></trkpt>
   <trkpt lon="2.775592" lat="39.793099"><ele>827.0</ele></trkpt>
   <trkpt lon="2.775635" lat="39.793145"><ele>826.0</ele></trkpt>
   <trkpt lon="2.775690" lat="39.793177"><ele>825.75</ele></trkpt>
   <trkpt lon="2.776227" lat="39.793466"><ele>823.25</ele></trkpt>
   <trkpt lon="2.776386" lat="39.793584"><ele>822.0</ele></trkpt>
   <trkpt lon="2.776475" lat="39.793669"><ele>821.0</ele></trkpt>
   <trkpt lon="2.776944" lat="39.794184"><ele>816.5</ele></trkpt>
   <trkpt lon="2.777026" lat="39.794338"><ele>816.25</ele></trkpt>
   <trkpt lon="2.777059" lat="39.794445"><ele>815.25</ele></trkpt>
   <trkpt lon="2.777178" lat="39.794743"><ele>813.75</ele></trkpt>
   <trkpt lon="2.777194" lat="39.794808"><ele>813.25</ele></trkpt>
   <trkpt lon="2.777227" lat="39.794936"><ele>812.75</ele></trkpt>
   <trkpt lon="2.777237" lat="39.795016"><ele>812.25</ele></trkpt>
   <trkpt lon="2.777228" lat="39.795071"><ele>812.5</ele></trkpt>
   <trkpt lon="2.777199" lat="39.795151"><ele>812.25</ele></trkpt>
   <trkpt lon="2.777168" lat="39.795196"><ele>811.75</ele></trkpt>
   <trkpt lon="2.776919" lat="39.795453"><ele>808.25</ele></trkpt>
   <trkpt lon="2.776775" lat="39.795591"><ele>806.75</ele></trkpt>
   <trkpt lon="2.776704" lat="39.795671"><ele>806.0</ele></trkpt>
   <trkpt lon="2.776442" lat="39.796088"><ele>803.25</ele></trkpt>
   <trkpt lon="2.776390" lat="39.796164"><ele>803.5</ele></trkpt>
   <trkpt lon="2.776315" lat="39.796253"><ele>803.5</ele></trkpt>
   <trkpt lon="2.776240" lat="39.796319"><ele>803.0</ele></trkpt>
   <trkpt lon="2.776147" lat="39.796383"><ele>801.75</ele></trkpt>
   <trkpt lon="2.775830" lat="39.796555"><ele>798.25</ele></trkpt>
   <trkpt lon="2.775578" lat="39.796706"><ele>797.75</ele></trkpt>
   <trkpt lon="2.775500" lat="39.796761"><ele>797.0</ele></trkpt>
   <trkpt lon="2.775433" lat="39.796827"><ele>796.75</ele><sym>pass_place</sym><type>Shaping</type></trkpt>
   <trkpt lon="2.775345" lat="39.796929"><ele>796.0</ele></trkpt>
   <trkpt lon="2.775271" lat="39.797038"><ele>794.0</ele></trkpt>
   <trkpt lon="2.775103" lat="39.797314"><ele>791.75</ele></trkpt>
   <trkpt lon="2.774964" lat="39.797455"><ele>791.0</ele></trkpt>
   <trkpt lon="2.774878" lat="39.797516"><ele>790.75</ele></trkpt>
   <trkpt lon="2.774785" lat="39.797565"><ele>790.5</ele></trkpt>
   <trkpt lon="2.774687" lat="39.797602"><ele>790.0</ele></trkpt>
   <trkpt lon="2.774553" lat="39.797641"><ele>789.25</ele></trkpt>
   <trkpt lon="2.774350" lat="39.797675"><ele>787.75</ele></trkpt>
   <trkpt lon="2.773998" lat="39.797707"><ele>783.75</ele></trkpt>
   <trkpt lon="2.773910" lat="39.797726"><ele>782.5</ele></trkpt>
   <trkpt lon="2.773849" lat="39.797754"><ele>782.25</ele></trkpt>
   <trkpt lon="2.773791" lat="39.797795"><ele>782.75</ele></trkpt>
   <trkpt lon="2.773606" lat="39.798020"><ele>782.25</ele></trkpt>
   <trkpt lon="2.773523" lat="39.798134"><ele>784.5</ele></trkpt>
   <trkpt lon="2.773465" lat="39.798183"><ele>785.25</ele></trkpt>
   <trkpt lon="2.773393" lat="39.798217"><ele>785.25</ele></trkpt>
   <trkpt lon="2.773300" lat="39.798232"><ele>784.5</ele></trkpt>
   <trkpt lon="2.773163" lat="39.798222"><ele>784.25</ele></trkpt>
   <trkpt lon="2.773065" lat="39.798194"><ele>782.75</ele></trkpt>
   <trkpt lon="2.772999" lat="39.798152"><ele>780.25</ele></trkpt>
   <trkpt lon="2.772913" lat="39.798068"><ele>775.75</ele></trkpt>
   <trkpt lon="2.772887" lat="39.797977"><ele>772.25</ele></trkpt>
   <trkpt lon="2.772898" lat="39.797901"><ele>769.75</ele></trkpt>
   <trkpt lon="2.772944" lat="39.797826"><ele>768.25</ele></trkpt>
   <trkpt lon="2.772987" lat="39.797781"><ele>768.5</ele></trkpt>
   <trkpt lon="2.773043" lat="39.797744"><ele>768.5</ele></trkpt>
   <trkpt lon="2.773459" lat="39.797583"><ele>768.75</ele></trkpt>
   <trkpt lon="2.773699" lat="39.797474"><ele>769.75</ele></trkpt>
   <trkpt lon="2.773837" lat="39.797403"><ele>769.5</ele></trkpt>
   <trkpt lon="2.773910" lat="39.797346"><ele>768.0</ele></trkpt>
   <trkpt lon="2.774092" lat="39.797177"><ele>764.25</ele></trkpt>
   <trkpt lon="2.774293" lat="39.796907"><ele>761.25</ele></trkpt>
   <trkpt lon="2.774500" lat="39.796585"><ele>759.75</ele></trkpt>
   <trkpt lon="2.774534" lat="39.796507"><ele>759.5</ele></trkpt>
   <trkpt lon="2.774567" lat="39.796402"><ele>758.5</ele></trkpt>
   <trkpt lon="2.774578" lat="39.796322"><ele>758.0</ele></trkpt>
   <trkpt lon="2.774577" lat="39.796220"><ele>757.0</ele></trkpt>
   <trkpt lon="2.774572" lat="39.796082"><ele>755.75</ele></trkpt>
   <trkpt lon="2.774434" lat="39.795163"><ele>747.0</ele></trkpt>
   <trkpt lon="2.774408" lat="39.795024"><ele>747.25</ele></trkpt>
   <trkpt lon="2.774375" lat="39.794963"><ele>747.75</ele></trkpt>
   <trkpt lon="2.774336" lat="39.794913"><ele>748.0</ele></trkpt>
   <trkpt lon="2.774278" lat="39.794870"><ele>748.0</ele></trkpt>
   <trkpt lon="2.774213" lat="39.794839"><ele>747.5</ele></trkpt>
   <trkpt lon="2.774141" lat="39.794819"><ele>746.75</ele></trkpt>
   <trkpt lon="2.774057" lat="39.794818"><ele>745.25</ele></trkpt>
   <trkpt lon="2.773954" lat="39.794825"><ele>743.5</ele></trkpt>
   <trkpt lon="2.773686" lat="39.794859"><ele>741.25</ele></trkpt>
   <trkpt lon="2.773393" lat="39.794882"><ele>740.5</ele></trkpt>
   <trkpt lon="2.773282" lat="39.794878"><ele>739.75</ele></trkpt>
   <trkpt lon="2.773192" lat="39.794864"><ele>738.75</ele></trkpt>
   <trkpt lon="2.773107" lat="39.794845"><ele>737.75</ele></trkpt>
   <trkpt lon="2.773025" lat="39.794811"><ele>737.25</ele></trkpt>
   <trkpt lon="2.772961" lat="39.794773"><ele>737.25</ele></trkpt>
   <trkpt lon="2.772907" lat="39.794731"><ele>737.5</ele></trkpt>
   <trkpt lon="2.772483" lat="39.794185"><ele>731.5</ele></trkpt>
   <trkpt lon="2.772362" lat="39.794045"><ele>730.75</ele></trkpt>
   <trkpt lon="2.772107" lat="39.793836"><ele>728.5</ele></trkpt>
   <trkpt lon="2.771633" lat="39.793468"><ele>724.75</ele></trkpt>
   <trkpt lon="2.771068" lat="39.792994"><ele>721.0</ele></trkpt>
   <trkpt lon="2.770896" lat="39.792863"><ele>720.25</ele></trkpt>
   <trkpt lon="2.770786" lat="39.792829"><ele>718.75</ele></trkpt>
   <trkpt lon="2.770644" lat="39.792814"><ele>717.25</ele></trkpt>
   <trkpt lon="2.770482" lat="39.792849"><ele>715.25</ele></trkpt>
   <trkpt lon="2.770374" lat="39.792907"><ele>714.0</ele></trkpt>
   <trkpt lon="2.770301" lat="39.793003"><ele>713.0</ele></trkpt>
   <trkpt lon="2.770268" lat="39.793076"><ele>712.75</ele></trkpt>
   <trkpt lon="2.770267" lat="39.793164"><ele>711.75</ele></trkpt>
   <trkpt lon="2.770299" lat="39.793252"><ele>710.5</ele></trkpt>
   <trkpt lon="2.770397" lat="39.793396"><ele>707.25</ele></trkpt>
   <trkpt lon="2.771318" lat="39.794582"><ele>697.5</ele></trkpt>
   <trkpt lon="2.771472" lat="39.794827"><ele>698.25</ele></trkpt>
   <trkpt lon="2.771539" lat="39.795043"><ele>697.75</ele></trkpt>
   <trkpt lon="2.771541" lat="39.795255"><ele>696.25</ele></trkpt>
   <trkpt lon="2.771447" lat="39.795481"><ele>692.25</ele></trkpt>
   <trkpt lon="2.771356" lat="39.795648"><ele>690.5</ele></trkpt>
   <trkpt lon="2.771215" lat="39.795813"><ele>688.75</ele></trkpt>
   <trkpt lon="2.771038" lat="39.795940"><ele>687.25</ele></trkpt>
   <trkpt lon="2.770801" lat="39.796046"><ele>685.5</ele></trkpt>
   <trkpt lon="2.770579" lat="39.796106"><ele>684.0</ele></trkpt>
   <trkpt lon="2.770422" lat="39.796132"><ele>683.25</ele></trkpt>
   <trkpt lon="2.770149" lat="39.796147"><ele>680.75</ele></trkpt>
   <trkpt lon="2.768068" lat="39.796122"><ele>669.5</ele><sym>pass_place</sym><type>Shaping</type></trkpt>
   <trkpt lon="2.768067" lat="39.796122"><ele>669.5</ele></trkpt>
   <trkpt lon="2.767901" lat="39.796124"><ele>668.25</ele></trkpt>
   <trkpt lon="2.767812" lat="39.796131"><ele>667.75</ele></trkpt>
   <trkpt lon="2.767735" lat="39.796151"><ele>667.0</ele></trkpt>
   <trkpt lon="2.767656" lat="39.796182"><ele>665.5</ele></trkpt>
   <trkpt lon="2.767594" lat="39.796215"><ele>664.5</ele></trkpt>
   <trkpt lon="2.767524" lat="39.796278"><ele>664.0</ele></trkpt>
   <trkpt lon="2.767105" lat="39.796718"><ele>665.25</ele></trkpt>
   <trkpt lon="2.766970" lat="39.796789"><ele>664.5</ele></trkpt>
   <trkpt lon="2.766796" lat="39.796808"><ele>663.75</ele></trkpt>
   <trkpt lon="2.766710" lat="39.796798"><ele>663.0</ele></trkpt>
   <trkpt lon="2.766624" lat="39.796759"><ele>662.75</ele></trkpt>
   <trkpt lon="2.766553" lat="39.796703"><ele>662.5</ele></trkpt>
   <trkpt lon="2.766513" lat="39.796614"><ele>661.0</ele></trkpt>
   <trkpt lon="2.766494" lat="39.796535"><ele>659.75</ele></trkpt>
   <trkpt lon="2.766516" lat="39.796454"><ele>657.75</ele></trkpt>
   <trkpt lon="2.766558" lat="39.796383"><ele>656.0</ele></trkpt>
   <trkpt lon="2.766659" lat="39.796311"><ele>653.0</ele></trkpt>
   <trkpt lon="2.767267" lat="39.796040"><ele>652.25</ele></trkpt>
   <trkpt lon="2.767693" lat="39.795842"><ele>650.25</ele></trkpt>
   <trkpt lon="2.767729" lat="39.795812"><ele>649.5</ele></trkpt>
   <trkpt lon="2.767776" lat="39.795733"><ele>648.0</ele></trkpt>
   <trkpt lon="2.767787" lat="39.795679"><ele>647.25</ele></trkpt>
   <trkpt lon="2.767776" lat="39.795600"><ele>645.75</ele></trkpt>
   <trkpt lon="2.767748" lat="39.795525"><ele>644.0</ele></trkpt>
   <trkpt lon="2.767687" lat="39.795463"><ele>642.5</ele></trkpt>
   <trkpt lon="2.767614" lat="39.795422"><ele>641.0</ele></trkpt>
   <trkpt lon="2.767522" lat="39.795396"><ele>639.75</ele></trkpt>
   <trkpt lon="2.767415" lat="39.795388"><ele>638.75</ele></trkpt>
   <trkpt lon="2.767286" lat="39.795400"><ele>638.0</ele></trkpt>
   <trkpt lon="2.767167" lat="39.795428"><ele>637.75</ele></trkpt>
   <trkpt lon="2.766893" lat="39.795514"><ele>637.5</ele></trkpt>
   <trkpt lon="2.766765" lat="39.795547"><ele>637.25</ele></trkpt>
   <trkpt lon="2.766683" lat="39.795562"><ele>637.0</ele></trkpt>
   <trkpt lon="2.766491" lat="39.795575"><ele>636.0</ele></trkpt>
   <trkpt lon="2.765685" lat="39.795466"><ele>630.0</ele></trkpt>
   <trkpt lon="2.765232" lat="39.795399"><ele>627.75</ele></trkpt>
   <trkpt lon="2.765012" lat="39.795380"><ele>626.5</ele></trkpt>
   <trkpt lon="2.764911" lat="39.795379"><ele>625.75</ele></trkpt>
   <trkpt lon="2.764637" lat="39.795392"><ele>624.25</ele></trkpt>
   <trkpt lon="2.763771" lat="39.795446"><ele>621.5</ele></trkpt>
   <trkpt lon="2.763629" lat="39.795441"><ele>619.75</ele></trkpt>
   <trkpt lon="2.763512" lat="39.795431"><ele>620.0</ele></trkpt>
   <trkpt lon="2.762890" lat="39.795317"><ele>617.25</ele></trkpt>
   <trkpt lon="2.762646" lat="39.795288"><ele>615.0</ele></trkpt>
   <trkpt lon="2.762430" lat="39.795293"><ele>614.25</ele></trkpt>
   <trkpt lon="2.762184" lat="39.795314"><ele>613.25</ele></trkpt>
   <trkpt lon="2.761598" lat="39.795441"><ele>610.5</ele></trkpt>
   <trkpt lon="2.761350" lat="39.795503"><ele>610.5</ele></trkpt>
   <trkpt lon="2.761254" lat="39.795557"><ele>612.0</ele></trkpt>
   <trkpt lon="2.760690" lat="39.796104"><ele>611.5</ele></trkpt>
   <trkpt lon="2.760567" lat="39.796192"><ele>610.25</ele></trkpt>
   <trkpt lon="2.760455" lat="39.796236"><ele>608.5</ele></trkpt>
   <trkpt lon="2.760262" lat="39.796301"><ele>605.75</ele></trkpt>
   <trkpt lon="2.758544" lat="39.796828"><ele>595.0</ele></trkpt>
   <trkpt lon="2.758446" lat="39.796840"><ele>594.0</ele></trkpt>
   <trkpt lon="2.758324" lat="39.796834"><ele>592.75</ele></trkpt>
   <trkpt lon="2.757920" lat="39.796742"><ele>591.0</ele></trkpt>
   <trkpt lon="2.756521" lat="39.796428"><ele>588.5</ele></trkpt>
   <trkpt lon="2.756405" lat="39.796376"><ele>587.0</ele></trkpt>
   <trkpt lon="2.755720" lat="39.795975"><ele>583.5</ele></trkpt>
   <trkpt lon="2.755396" lat="39.795809"><ele>578.25</ele></trkpt>
   <trkpt lon="2.754590" lat="39.795523"><ele>573.75</ele></trkpt>
   <trkpt lon="2.753849" lat="39.795269"><ele>569.25</ele></trkpt>
   <trkpt lon="2.753714" lat="39.795201"><ele>568.75</ele></trkpt>
   <trkpt lon="2.753038" lat="39.794744"><ele>563.0</ele></trkpt>
   <trkpt lon="2.752691" lat="39.794577"><ele>561.75</ele></trkpt>
   <trkpt lon="2.752220" lat="39.794439"><ele>556.75</ele><sym>pass_place</sym><type>Shaping</type></trkpt>
   <trkpt lon="2.751800" lat="39.794302"><ele>556.0</ele></trkpt>
   <trkpt lon="2.750922" lat="39.794032"><ele>548.25</ele></trkpt>
   <trkpt lon="2.750735" lat="39.793998"><ele>547.0</ele></trkpt>
   <trkpt lon="2.750574" lat="39.793995"><ele>546.0</ele></trkpt>
   <trkpt lon="2.750362" lat="39.794026"><ele>545.75</ele></trkpt>
   <trkpt lon="2.749936" lat="39.794162"><ele>542.75</ele></trkpt>
   <trkpt lon="2.748847" lat="39.794533"><ele>536.5</ele></trkpt>
   <trkpt lon="2.748598" lat="39.794647"><ele>533.25</ele></trkpt>
   <trkpt lon="2.747941" lat="39.795053"><ele>531.5</ele></trkpt>
   <trkpt lon="2.747837" lat="39.795099"><ele>531.25</ele></trkpt>
   <trkpt lon="2.747697" lat="39.795149"><ele>530.0</ele></trkpt>
   <trkpt lon="2.747567" lat="39.795173"><ele>528.0</ele></trkpt>
   <trkpt lon="2.747458" lat="39.795160"><ele>527.0</ele></trkpt>
   <trkpt lon="2.747317" lat="39.795104"><ele>528.5</ele></trkpt>
   <trkpt lon="2.747199" lat="39.795015"><ele>529.5</ele></trkpt>
   <trkpt lon="2.747091" lat="39.794888"><ele>528.5</ele></trkpt>
   <trkpt lon="2.746809" lat="39.794524"><ele>526.25</ele></trkpt>
   <trkpt lon="2.746442" lat="39.794107"><ele>524.0</ele></trkpt>
   <trkpt lon="2.745851" lat="39.793368"><ele>525.0</ele></trkpt>
   <trkpt lon="2.745291" lat="39.792701"><ele>531.75</ele></trkpt>
   <trkpt lon="2.745040" lat="39.792525"><ele>532.5</ele></trkpt>
   <trkpt lon="2.744866" lat="39.792455"><ele>532.5</ele></trkpt>
   <trkpt lon="2.744700" lat="39.792411"><ele>533.0</ele></trkpt>
   <trkpt lon="2.744454" lat="39.792386"><ele>534.25</ele></trkpt>
   <trkpt lon="2.744177" lat="39.792392"><ele>534.25</ele></trkpt>
   <trkpt lon="2.743919" lat="39.792433"><ele>534.0</ele></trkpt>
   <trkpt lon="2.742757" lat="39.792640"><ele>533.0</ele></trkpt>
   <trkpt lon="2.742484" lat="39.792660"><ele>535.0</ele></trkpt>
   <trkpt lon="2.742288" lat="39.792630"><ele>534.5</ele></trkpt>
   <trkpt lon="2.742070" lat="39.792564"><ele>532.5</ele></trkpt>
   <trkpt lon="2.740883" lat="39.792093"><ele>519.0</ele></trkpt>
   <trkpt lon="2.740567" lat="39.791981"><ele>520.5</ele></trkpt>
   <trkpt lon="2.739651" lat="39.791812"><ele>517.25</ele></trkpt>
   <trkpt lon="2.738802" lat="39.791629"><ele>506.75</ele></trkpt>
   <trkpt lon="2.738448" lat="39.791567"><ele>502.5</ele></trkpt>
   <trkpt lon="2.738340" lat="39.791564"><ele>501.5</ele></trkpt>
   <trkpt lon="2.738186" lat="39.791599"><ele>501.25</ele></trkpt>
   <trkpt lon="2.737686" lat="39.791754"><ele>507.5</ele></trkpt>
   <trkpt lon="2.737582" lat="39.791773"><ele>508.5</ele></trkpt>
   <trkpt lon="2.737378" lat="39.791800"><ele>506.0</ele></trkpt>
   <trkpt lon="2.734632" lat="39.791906"><ele>482.75</ele></trkpt>
   <trkpt lon="2.733482" lat="39.791951"><ele>480.75</ele><sym>pass_place</sym><type>Shaping</type></trkpt>
   <trkpt lon="2.733249" lat="39.791975"><ele>480.5</ele></trkpt>
   <trkpt lon="2.733078" lat="39.792046"><ele>480.75</ele></trkpt>
   <trkpt lon="2.732912" lat="39.792177"><ele>480.0</ele></trkpt>
   <trkpt lon="2.732686" lat="39.792374"><ele>479.25</ele></trkpt>
   <trkpt lon="2.732509" lat="39.792540"><ele>478.75</ele></trkpt>
   <trkpt lon="2.732367" lat="39.792583"><ele>477.75</ele></trkpt>
   <trkpt lon="2.732272" lat="39.792584"><ele>476.5</ele></trkpt>
   <trkpt lon="2.732241" lat="39.792585"><ele>476.25</ele></trkpt>
   <trkpt lon="2.732118" lat="39.792556"><ele>477.0</ele></trkpt>
   <trkpt lon="2.732013" lat="39.792496"><ele>477.0</ele></trkpt>
   <trkpt lon="2.731936" lat="39.792411"><ele>476.75</ele></trkpt>
   <trkpt lon="2.731886" lat="39.792317"><ele>477.25</ele></trkpt>
   <trkpt lon="2.731738" lat="39.791967"><ele>477.0</ele></trkpt>
   <trkpt lon="2.731636" lat="39.791754"><ele>474.25</ele></trkpt>
   <trkpt lon="2.731578" lat="39.791643"><ele>473.5</ele></trkpt>
   <trkpt lon="2.731538" lat="39.791391"><ele>474.0</ele></trkpt>
   <trkpt lon="2.731560" lat="39.791294"><ele>474.5</ele></trkpt>
   <trkpt lon="2.731613" lat="39.791183"><ele>473.75</ele></trkpt>
   <trkpt lon="2.731694" lat="39.791060"><ele>473.0</ele></trkpt>
   <trkpt lon="2.731817" lat="39.790937"><ele>473.0</ele></trkpt>
   <trkpt lon="2.732001" lat="39.790808"><ele>470.75</ele></trkpt>
   <trkpt lon="2.732186" lat="39.790702"><ele>469.25</ele></trkpt>
   <trkpt lon="2.732457" lat="39.790531"><ele>468.75</ele></trkpt>
   <trkpt lon="2.732551" lat="39.790464"><ele>467.25</ele></trkpt>
   <trkpt lon="2.732619" lat="39.790404"><ele>466.75</ele></trkpt>
   <trkpt lon="2.732662" lat="39.790343"><ele>467.0</ele></trkpt>
   <trkpt lon="2.732694" lat="39.790271"><ele>467.75</ele></trkpt>
   <trkpt lon="2.732690" lat="39.790188"><ele>466.0</ele></trkpt>
   <trkpt lon="2.732678" lat="39.790119"><ele>464.75</ele></trkpt>
   <trkpt lon="2.732659" lat="39.790092"><ele>464.5</ele></trkpt>
   <trkpt lon="2.732607" lat="39.790036"><ele>463.75</ele></trkpt>
   <trkpt lon="2.732456" lat="39.789934"><ele>461.25</ele></trkpt>
   <trkpt lon="2.731603" lat="39.789565"><ele>458.5</ele></trkpt>
   <trkpt lon="2.731286" lat="39.789401"><ele>456.25</ele></trkpt>
   <trkpt lon="2.730880" lat="39.789157"><ele>452.0</ele></trkpt>
   <trkpt lon="2.730396" lat="39.788879"><ele>448.25</ele></trkpt>
   <trkpt lon="2.730279" lat="39.788826"><ele>447.5</ele></trkpt>
   <trkpt lon="2.730167" lat="39.788796"><ele>447.25</ele></trkpt>
   <trkpt lon="2.730036" lat="39.788780"><ele>447.5</ele></trkpt>
   <trkpt lon="2.728763" lat="39.788897"><ele>439.25</ele></trkpt>
   <trkpt lon="2.728297" lat="39.788950"><ele>436.0</ele></trkpt>
   <trkpt lon="2.728132" lat="39.789015"><ele>434.0</ele></trkpt>
   <trkpt lon="2.728019" lat="39.789115"><ele>433.0</ele></trkpt>
   <trkpt lon="2.727978" lat="39.789230"><ele>432.5</ele></trkpt>
   <trkpt lon="2.727937" lat="39.789709"><ele>428.25</ele></trkpt>
   <trkpt lon="2.727901" lat="39.789885"><ele>427.75</ele></trkpt>
   <trkpt lon="2.727650" lat="39.790598"><ele>419.75</ele></trkpt>
   <trkpt lon="2.727592" lat="39.790700"><ele>419.5</ele></trkpt>
   <trkpt lon="2.727527" lat="39.790754"><ele>419.0</ele></trkpt>
   <trkpt lon="2.727412" lat="39.790786"><ele>418.5</ele></trkpt>
   <trkpt lon="2.727337" lat="39.790798"><ele>418.25</ele></trkpt>
   <trkpt lon="2.727193" lat="39.790806"><ele>417.75</ele></trkpt>
   <trkpt lon="2.727036" lat="39.790786"><ele>416.75</ele></trkpt>
   <trkpt lon="2.726534" lat="39.790699"><ele>413.25</ele></trkpt>
   <trkpt lon="2.726291" lat="39.790682"><ele>411.5</ele></trkpt>
   <trkpt lon="2.725734" lat="39.790764"><ele>410.25</ele></trkpt>
   <trkpt lon="2.725457" lat="39.790787"><ele>408.75</ele></trkpt>
   <trkpt lon="2.725346" lat="39.790774"><ele>407.0</ele></trkpt>
   <trkpt lon="2.725251" lat="39.790732"><ele>405.75</ele></trkpt>
   <trkpt lon="2.725217" lat="39.790710"><ele>405.25</ele></trkpt>
   <trkpt lon="2.725167" lat="39.790661"><ele>404.25</ele></trkpt>
   <trkpt lon="2.725128" lat="39.790602"><ele>403.5</ele></trkpt>
   <trkpt lon="2.725117" lat="39.790515"><ele>401.75</ele></trkpt>
   <trkpt lon="2.725146" lat="39.790439"><ele>400.5</ele></trkpt>
   <trkpt lon="2.725190" lat="39.790383"><ele>400.0</ele></trkpt>
   <trkpt lon="2.725278" lat="39.790316"><ele>400.5</ele></trkpt>
   <trkpt lon="2.725376" lat="39.790281"><ele>400.0</ele></trkpt>
   <trkpt lon="2.725784" lat="39.790197"><ele>396.25</ele></trkpt>
   <trkpt lon="2.726165" lat="39.790133"><ele>396.0</ele></trkpt>
   <trkpt lon="2.726401" lat="39.790075"><ele>395.5</ele></trkpt>
   <trkpt lon="2.726501" lat="39.790033"><ele>395.25</ele></trkpt>
   <trkpt lon="2.726588" lat="39.789951"><ele>395.0</ele></trkpt>
   <trkpt lon="2.726638" lat="39.789858"><ele>395.0</ele></trkpt>
   <trkpt lon="2.726651" lat="39.789712"><ele>394.5</ele></trkpt>
   <trkpt lon="2.726644" lat="39.789476"><ele>393.75</ele></trkpt>
   <trkpt lon="2.726609" lat="39.788753"><ele>392.75</ele></trkpt>
   <trkpt lon="2.726582" lat="39.787950"><ele>392.0</ele></trkpt>
   <trkpt lon="2.726556" lat="39.787616"><ele>391.75</ele></trkpt>
   <trkpt lon="2.726526" lat="39.787493"><ele>392.0</ele></trkpt>
   <trkpt lon="2.726472" lat="39.787379"><ele>392.25</ele></trkpt>
   <trkpt lon="2.726254" lat="39.786958"><ele>394.25</ele><sym>pass_place</sym><type>Shaping</type></trkpt>
   <trkpt lon="2.726093" lat="39.786546"><ele>389.5</ele></trkpt>
   <trkpt lon="2.726093" lat="39.786323"><ele>387.25</ele></trkpt>
   <trkpt lon="2.726211" lat="39.786101"><ele>387.0</ele></trkpt>
   <trkpt lon="2.726512" lat="39.785812"><ele>382.75</ele></trkpt>
   <trkpt lon="2.726834" lat="39.785705"><ele>380.0</ele></trkpt>
   <trkpt lon="2.726937" lat="39.785693"><ele>379.25</ele></trkpt>
   <trkpt lon="2.727048" lat="39.785680"><ele>378.25</ele></trkpt>
   <trkpt lon="2.727284" lat="39.785697"><ele>376.75</ele></trkpt>
   <trkpt lon="2.727542" lat="39.785779"><ele>374.75</ele></trkpt>
   <trkpt lon="2.727898" lat="39.786067"><ele>375.5</ele></trkpt>
   <trkpt lon="2.728132" lat="39.786307"><ele>370.25</ele></trkpt>
   <trkpt lon="2.728539" lat="39.786744"><ele>369.75</ele></trkpt>
   <trkpt lon="2.728775" lat="39.786974"><ele>365.75</ele></trkpt>
   <trkpt lon="2.728947" lat="39.787098"><ele>363.0</ele></trkpt>
   <trkpt lon="2.729130" lat="39.787131"><ele>361.25</ele></trkpt>
   <trkpt lon="2.729269" lat="39.787117"><ele>361.5</ele></trkpt>
   <trkpt lon="2.729705" lat="39.787025"><ele>360.25</ele></trkpt>
   <trkpt lon="2.729894" lat="39.787009"><ele>359.0</ele></trkpt>
   <trkpt lon="2.730084" lat="39.787004"><ele>357.75</ele></trkpt>
   <trkpt lon="2.730213" lat="39.787008"><ele>357.5</ele></trkpt>
   <trkpt lon="2.730858" lat="39.787107"><ele>357.25</ele></trkpt>
   <trkpt lon="2.731133" lat="39.787138"><ele>353.25</ele></trkpt>
   <trkpt lon="2.731372" lat="39.787156"><ele>349.75</ele></trkpt>
   <trkpt lon="2.731475" lat="39.787148"><ele>350.75</ele></trkpt>
   <trkpt lon="2.731559" lat="39.787127"><ele>351.25</ele></trkpt>
   <trkpt lon="2.731640" lat="39.787091"><ele>350.75</ele></trkpt>
   <trkpt lon="2.731861" lat="39.786949"><ele>347.75</ele></trkpt>
   <trkpt lon="2.731979" lat="39.786886"><ele>346.5</ele></trkpt>
   <trkpt lon="2.732053" lat="39.786856"><ele>345.5</ele></trkpt>
   <trkpt lon="2.732149" lat="39.786837"><ele>345.25</ele></trkpt>
   <trkpt lon="2.732668" lat="39.786811"><ele>340.75</ele></trkpt>
   <trkpt lon="2.733820" lat="39.786737"><ele>338.0</ele></trkpt>
   <trkpt lon="2.734277" lat="39.786720"><ele>334.5</ele></trkpt>
   <trkpt lon="2.734513" lat="39.786722"><ele>333.0</ele></trkpt>
   <trkpt lon="2.734814" lat="39.786743"><ele>332.5</ele></trkpt>
   <trkpt lon="2.735173" lat="39.786760"><ele>330.0</ele></trkpt>
   <trkpt lon="2.735988" lat="39.786844"><ele>323.25</ele></trkpt>
   <trkpt lon="2.736986" lat="39.786964"><ele>318.75</ele></trkpt>
   <trkpt lon="2.737127" lat="39.786994"><ele>317.5</ele></trkpt>
   <trkpt lon="2.737206" lat="39.787022"><ele>316.75</ele></trkpt>
   <trkpt lon="2.737280" lat="39.787068"><ele>315.75</ele></trkpt>
   <trkpt lon="2.737355" lat="39.787152"><ele>315.75</ele></trkpt>
   <trkpt lon="2.737519" lat="39.787417"><ele>315.75</ele></trkpt>
   <trkpt lon="2.737731" lat="39.787785"><ele>312.5</ele></trkpt>
   <trkpt lon="2.737796" lat="39.787873"><ele>312.75</ele></trkpt>
   <trkpt lon="2.737844" lat="39.787923"><ele>313.0</ele></trkpt>
   <trkpt lon="2.737928" lat="39.787966"><ele>312.25</ele></trkpt>
   <trkpt lon="2.738013" lat="39.787989"><ele>310.75</ele></trkpt>
   <trkpt lon="2.738103" lat="39.787991"><ele>309.0</ele></trkpt>
   <trkpt lon="2.738178" lat="39.787968"><ele>307.75</ele></trkpt>
   <trkpt lon="2.738239" lat="39.787937"><ele>306.75</ele></trkpt>
   <trkpt lon="2.738293" lat="39.787890"><ele>306.0</ele></trkpt>
   <trkpt lon="2.738327" lat="39.787825"><ele>305.75</ele></trkpt>
   <trkpt lon="2.738339" lat="39.787750"><ele>305.25</ele></trkpt>
   <trkpt lon="2.738321" lat="39.787664"><ele>304.0</ele></trkpt>
   <trkpt lon="2.738079" lat="39.787160"><ele>299.25</ele></trkpt>
   <trkpt lon="2.737813" lat="39.786665"><ele>295.25</ele></trkpt>
   <trkpt lon="2.737691" lat="39.786422"><ele>292.0</ele></trkpt>
   <trkpt lon="2.737626" lat="39.786314"><ele>291.5</ele></trkpt>
   <trkpt lon="2.737501" lat="39.786177"><ele>291.75</ele></trkpt>
   <trkpt lon="2.737401" lat="39.786102"><ele>290.25</ele></trkpt>
   <trkpt lon="2.737276" lat="39.786036"><ele>288.75</ele></trkpt>
   <trkpt lon="2.736792" lat="39.785814"><ele>285.5</ele></trkpt>
   <trkpt lon="2.735546" lat="39.785262"><ele>277.25</ele></trkpt>
   <trkpt lon="2.735426" lat="39.785220"><ele>275.75</ele></trkpt>
   <trkpt lon="2.735316" lat="39.785190"><ele>275.0</ele></trkpt>
   <trkpt lon="2.735221" lat="39.785177"><ele>274.25</ele></trkpt>
   <trkpt lon="2.734726" lat="39.785172"><ele>272.75</ele></trkpt>
   <trkpt lon="2.734536" lat="39.785165"><ele>272.25</ele></trkpt>
   <trkpt lon="2.734410" lat="39.785151"><ele>272.0</ele><sym>pass_place</sym><type>Shaping</type></trkpt>
   <trkpt lon="2.734312" lat="39.785127"><ele>271.75</ele></trkpt>
   <trkpt lon="2.734234" lat="39.785088"><ele>271.0</ele></trkpt>
   <trkpt lon="2.734173" lat="39.785044"><ele>270.0</ele></trkpt>
   <trkpt lon="2.734108" lat="39.784968"><ele>269.75</ele></trkpt>
   <trkpt lon="2.734039" lat="39.784802"><ele>269.0</ele></trkpt>
   <trkpt lon="2.733929" lat="39.784587"><ele>268.0</ele></trkpt>
   <trkpt lon="2.733849" lat="39.784476"><ele>266.25</ele></trkpt>
   <trkpt lon="2.733776" lat="39.784392"><ele>265.0</ele></trkpt>
   <trkpt lon="2.733722" lat="39.784350"><ele>264.75</ele></trkpt>
   <trkpt lon="2.733648" lat="39.784302"><ele>264.75</ele></trkpt>
   <trkpt lon="2.733530" lat="39.784242"><ele>264.25</ele></trkpt>
   <trkpt lon="2.733401" lat="39.784188"><ele>263.25</ele></trkpt>
   <trkpt lon="2.732937" lat="39.784061"><ele>260.25</ele></trkpt>
   <trkpt lon="2.732775" lat="39.784015"><ele>259.75</ele></trkpt>
   <trkpt lon="2.732688" lat="39.783990"><ele>259.0</ele><sym>left</sym></trkpt>
   <trkpt lon="2.732680" lat="39.783959"><ele>258.25</ele></trkpt>
   <trkpt lon="2.732677" lat="39.783936"><ele>258.0</ele></trkpt>
   <trkpt lon="2.732684" lat="39.783906"><ele>257.5</ele></trkpt>
   <trkpt lon="2.732734" lat="39.783826"><ele>256.75</ele></trkpt>
   <trkpt lon="2.732831" lat="39.783729"><ele>255.75</ele></trkpt>
   <trkpt lon="2.732874" lat="39.783682"><ele>255.25</ele></trkpt>
   <trkpt lon="2.732959" lat="39.783628"><ele>255.25</ele></trkpt>
   <trkpt lon="2.733030" lat="39.783609"><ele>255.75</ele></trkpt>
   <trkpt lon="2.733114" lat="39.783600"><ele>255.5</ele></trkpt>
   <trkpt lon="2.733199" lat="39.783604"><ele>255.25</ele></trkpt>
   <trkpt lon="2.733298" lat="39.783628"><ele>255.25</ele></trkpt>
   <trkpt lon="2.733498" lat="39.783731"><ele>255.0</ele></trkpt>
   <trkpt lon="2.733539" lat="39.783754"><ele>255.0</ele></trkpt>
   <trkpt lon="2.734441" lat="39.784271"><ele>247.75</ele></trkpt>
   <trkpt lon="2.734557" lat="39.784333"><ele>247.5</ele></trkpt>
   <trkpt lon="2.734642" lat="39.784360"><ele>247.25</ele></trkpt>
   <trkpt lon="2.734766" lat="39.784381"><ele>247.25</ele></trkpt>
   <trkpt lon="2.734852" lat="39.784374"><ele>247.25</ele></trkpt>
   <trkpt lon="2.735025" lat="39.784339"><ele>246.5</ele></trkpt>
   <trkpt lon="2.735196" lat="39.784300"><ele>246.75</ele></trkpt>
   <trkpt lon="2.735262" lat="39.784296"><ele>247.0</ele></trkpt>
   <trkpt lon="2.735326" lat="39.784302"><ele>246.5</ele></trkpt>
   <trkpt lon="2.735423" lat="39.784316"><ele>245.5</ele></trkpt>
   <trkpt lon="2.735534" lat="39.784341"><ele>244.5</ele></trkpt>
   <trkpt lon="2.736233" lat="39.784526"><ele>240.5</ele></trkpt>
   <trkpt lon="2.736416" lat="39.784534"><ele>239.5</ele></trkpt>
   <trkpt lon="2.737782" lat="39.784493"><ele>234.75</ele></trkpt>
   <trkpt lon="2.738210" lat="39.784486"><ele>233.0</ele></trkpt>
   <trkpt lon="2.738301" lat="39.784490"><ele>232.5</ele></trkpt>
   <trkpt lon="2.738417" lat="39.784510"><ele>232.0</ele></trkpt>
   <trkpt lon="2.738483" lat="39.784542"><ele>231.75</ele></trkpt>
   <trkpt lon="2.738532" lat="39.784575"><ele>231.25</ele></trkpt>
   <trkpt lon="2.738613" lat="39.784672"><ele>230.5</ele></trkpt>
   <trkpt lon="2.738955" lat="39.785142"><ele>228.5</ele></trkpt>
   <trkpt lon="2.739041" lat="39.785236"><ele>228.0</ele></trkpt>
   <trkpt lon="2.739124" lat="39.785294"><ele>226.75</ele></trkpt>
   <trkpt lon="2.739730" lat="39.785605"><ele>222.5</ele></trkpt>
   <trkpt lon="2.739914" lat="39.785700"><ele>221.5</ele></trkpt>
   <trkpt lon="2.740184" lat="39.785837"><ele>219.25</ele></trkpt>
   <trkpt lon="2.740391" lat="39.785934"><ele>218.75</ele></trkpt>
   <trkpt lon="2.740462" lat="39.785953"><ele>219.25</ele></trkpt>
   <trkpt lon="2.740561" lat="39.785955"><ele>219.25</ele></trkpt>
   <trkpt lon="2.740626" lat="39.785939"><ele>219.25</ele></trkpt>
   <trkpt lon="2.740695" lat="39.785903"><ele>218.25</ele></trkpt>
   <trkpt lon="2.740746" lat="39.785867"><ele>216.75</ele></trkpt>
   <trkpt lon="2.741822" lat="39.784764"><ele>198.75</ele></trkpt>
   <trkpt lon="2.741983" lat="39.784627"><ele>196.75</ele></trkpt>
   <trkpt lon="2.742086" lat="39.784574"><ele>195.25</ele></trkpt>
   <trkpt lon="2.742177" lat="39.784547"><ele>195.0</ele></trkpt>
   <trkpt lon="2.742378" lat="39.784518"><ele>194.5</ele></trkpt>
   <trkpt lon="2.742690" lat="39.784497"><ele>193.0</ele></trkpt>
   <trkpt lon="2.742845" lat="39.784511"><ele>191.25</ele></trkpt>
   <trkpt lon="2.743215" lat="39.784623"><ele>186.75</ele></trkpt>
   <trkpt lon="2.743360" lat="39.784716"><ele>187.5</ele></trkpt>
   <trkpt lon="2.743423" lat="39.784785"><ele>185.75</ele></trkpt>
   <trkpt lon="2.743562" lat="39.785036"><ele>184.5</ele></trkpt>
   <trkpt lon="2.743600" lat="39.785073"><ele>184.5</ele></trkpt>
   <trkpt lon="2.743654" lat="39.785104"><ele>184.0</ele></trkpt>
   <trkpt lon="2.743775" lat="39.785141"><ele>183.0</ele></trkpt>
   <trkpt lon="2.744169" lat="39.785207"><ele>181.75</ele></trkpt>
   <trkpt lon="2.744839" lat="39.785306"><ele>180.25</ele></trkpt>
   <trkpt lon="2.744930" lat="39.785310"><ele>180.0</ele></trkpt>
   <trkpt lon="2.744989" lat="39.785312"><ele>179.75</ele></trkpt>
   <trkpt lon="2.745114" lat="39.785293"><ele>179.5</ele></trkpt>
   <trkpt lon="2.745194" lat="39.785235"><ele>179.0</ele></trkpt>
   <trkpt lon="2.745252" lat="39.785173"><ele>178.25</ele></trkpt>
   <trkpt lon="2.745271" lat="39.785104"><ele>177.25</ele></trkpt>
   <trkpt lon="2.745266" lat="39.784999"><ele>175.75</ele></trkpt>
   <trkpt lon="2.745237" lat="39.784952"><ele>174.25</ele></trkpt>
   <trkpt lon="2.745194" lat="39.784917"><ele>173.25</ele></trkpt>
   <trkpt lon="2.745047" lat="39.784858"><ele>172.0</ele></trkpt>
   <trkpt lon="2.744711" lat="39.784768"><ele>169.5</ele></trkpt>
   <trkpt lon="2.744373" lat="39.784669"><ele>167.5</ele></trkpt>
   <trkpt lon="2.744121" lat="39.784610"><ele>166.25</ele></trkpt>
   <trkpt lon="2.744043" lat="39.784589"><ele>166.0</ele></trkpt>
   <trkpt lon="2.743906" lat="39.784551"><ele>165.5</ele></trkpt>
   <trkpt lon="2.743764" lat="39.784502"><ele>165.75</ele></trkpt>
   <trkpt lon="2.743628" lat="39.784429"><ele>164.25</ele></trkpt>
   <trkpt lon="2.743278" lat="39.784193"><ele>161.0</ele></trkpt>
   <trkpt lon="2.743033" lat="39.784044"><ele>157.75</ele></trkpt>
   <trkpt lon="2.742789" lat="39.783895"><ele>158.0</ele></trkpt>
   <trkpt lon="2.741999" lat="39.783419"><ele>151.5</ele><sym>pass_place</sym><type>Shaping</type></trkpt>
   <trkpt lon="2.741998" lat="39.783419"><ele>151.5</ele></trkpt>
   <trkpt lon="2.741953" lat="39.783380"><ele>151.5</ele></trkpt>
   <trkpt lon="2.741830" lat="39.783266"><ele>150.5</ele></trkpt>
   <trkpt lon="2.741796" lat="39.783203"><ele>150.0</ele></trkpt>
   <trkpt lon="2.741710" lat="39.783011"><ele>148.25</ele></trkpt>
   <trkpt lon="2.741695" lat="39.782972"><ele>148.0</ele></trkpt>
   <trkpt lon="2.741622" lat="39.782730"><ele>147.0</ele></trkpt>
   <trkpt lon="2.741597" lat="39.782649"><ele>146.0</ele></trkpt>
   <trkpt lon="2.741529" lat="39.782552"><ele>145.5</ele></trkpt>
   <trkpt lon="2.741489" lat="39.782517"><ele>145.5</ele></trkpt>
   <trkpt lon="2.741438" lat="39.782487"><ele>145.75</ele></trkpt>
   <trkpt lon="2.741311" lat="39.782435"><ele>146.0</ele></trkpt>
   <trkpt lon="2.741227" lat="39.782416"><ele>146.0</ele></trkpt>
   <trkpt lon="2.741070" lat="39.782382"><ele>146.5</ele></trkpt>
   <trkpt lon="2.741007" lat="39.782359"><ele>146.5</ele></trkpt>
   <trkpt lon="2.740976" lat="39.782341"><ele>146.75</ele></trkpt>
   <trkpt lon="2.740955" lat="39.782314"><ele>146.5</ele></trkpt>
   <trkpt lon="2.740948" lat="39.782266"><ele>146.0</ele></trkpt>
   <trkpt lon="2.740932" lat="39.781938"><ele>143.0</ele></trkpt>
   <trkpt lon="2.740927" lat="39.781886"><ele>142.25</ele></trkpt>
   <trkpt lon="2.740882" lat="39.781777"><ele>141.75</ele></trkpt>
   <trkpt lon="2.740831" lat="39.781687"><ele>142.0</ele></trkpt>
   <trkpt lon="2.740748" lat="39.781587"><ele>140.0</ele></trkpt>
   <trkpt lon="2.740673" lat="39.781511"><ele>138.75</ele></trkpt>
   <trkpt lon="2.740577" lat="39.781420"><ele>137.25</ele></trkpt>
   <trkpt lon="2.740506" lat="39.781396"><ele>137.0</ele></trkpt>
   <trkpt lon="2.740446" lat="39.781392"><ele>137.0</ele></trkpt>
   <trkpt lon="2.740237" lat="39.781420"><ele>137.25</ele></trkpt>
   <trkpt lon="2.740186" lat="39.781417"><ele>137.5</ele></trkpt>
   <trkpt lon="2.740142" lat="39.781406"><ele>137.25</ele></trkpt>
   <trkpt lon="2.739821" lat="39.781312"><ele>136.5</ele></trkpt>
   <trkpt lon="2.739706" lat="39.781275"><ele>136.25</ele></trkpt>
   <trkpt lon="2.739617" lat="39.781232"><ele>135.0</ele></trkpt>
   <trkpt lon="2.739491" lat="39.781159"><ele>133.0</ele></trkpt>
   <trkpt lon="2.739441" lat="39.781123"><ele>132.25</ele></trkpt>
   <trkpt lon="2.739422" lat="39.781090"><ele>131.75</ele></trkpt>
   <trkpt lon="2.739392" lat="39.780973"><ele>130.0</ele></trkpt>
   <trkpt lon="2.739351" lat="39.780912"><ele>129.25</ele></trkpt>
   <trkpt lon="2.739317" lat="39.780881"><ele>128.75</ele></trkpt>
   <trkpt lon="2.739279" lat="39.780864"><ele>128.75</ele></trkpt>
   <trkpt lon="2.739219" lat="39.780850"><ele>129.0</ele></trkpt>
   <trkpt lon="2.739030" lat="39.780817"><ele>128.5</ele></trkpt>
   <trkpt lon="2.738872" lat="39.780787"><ele>128.0</ele></trkpt>
   <trkpt lon="2.738825" lat="39.780771"><ele>128.0</ele></trkpt>
   <trkpt lon="2.738797" lat="39.780753"><ele>128.0</ele></trkpt>
   <trkpt lon="2.738753" lat="39.780706"><ele>127.5</ele></trkpt>
   <trkpt lon="2.738731" lat="39.780657"><ele>127.0</ele></trkpt>
   <trkpt lon="2.738672" lat="39.780561"><ele>126.0</ele></trkpt>
   <trkpt lon="2.738362" lat="39.780263"><ele>122.5</ele></trkpt>
   <trkpt lon="2.738337" lat="39.780237"><ele>122.5</ele></trkpt>
   <trkpt lon="2.738309" lat="39.780186"><ele>122.5</ele></trkpt>
   <trkpt lon="2.738309" lat="39.780155"><ele>122.25</ele></trkpt>
   <trkpt lon="2.738329" lat="39.780123"><ele>121.25</ele></trkpt>
   <trkpt lon="2.738358" lat="39.780103"><ele>120.75</ele></trkpt>
   <trkpt lon="2.738403" lat="39.780085"><ele>119.75</ele></trkpt>
   <trkpt lon="2.738465" lat="39.780080"><ele>118.75</ele></trkpt>
   <trkpt lon="2.738574" lat="39.780093"><ele>117.5</ele></trkpt>
   <trkpt lon="2.738913" lat="39.780219"><ele>117.75</ele></trkpt>
   <trkpt lon="2.738980" lat="39.780230"><ele>117.5</ele></trkpt>
   <trkpt lon="2.739053" lat="39.780232"><ele>117.0</ele></trkpt>
   <trkpt lon="2.739224" lat="39.780223"><ele>115.75</ele></trkpt>
   <trkpt lon="2.739281" lat="39.780228"><ele>115.25</ele></trkpt>
   <trkpt lon="2.739353" lat="39.780244"><ele>115.0</ele></trkpt>
   <trkpt lon="2.739433" lat="39.780278"><ele>115.0</ele></trkpt>
   <trkpt lon="2.739525" lat="39.780307"><ele>115.0</ele></trkpt>
   <trkpt lon="2.739623" lat="39.780323"><ele>114.75</ele></trkpt>
   <trkpt lon="2.739689" lat="39.780323"><ele>114.25</ele></trkpt>
   <trkpt lon="2.739743" lat="39.780314"><ele>113.75</ele></trkpt>
   <trkpt lon="2.739798" lat="39.780288"><ele>113.5</ele></trkpt>
   <trkpt lon="2.739860" lat="39.780237"><ele>113.0</ele></trkpt>
   <trkpt lon="2.739915" lat="39.780145"><ele>112.25</ele></trkpt>
   <trkpt lon="2.739922" lat="39.780081"><ele>111.75</ele></trkpt>
   <trkpt lon="2.739918" lat="39.780044"><ele>111.25</ele></trkpt>
   <trkpt lon="2.739886" lat="39.779990"><ele>110.75</ele></trkpt>
   <trkpt lon="2.739847" lat="39.779950"><ele>110.25</ele></trkpt>
   <trkpt lon="2.739711" lat="39.779870"><ele>108.5</ele></trkpt>
   <trkpt lon="2.739538" lat="39.779793"><ele>107.75</ele></trkpt>
   <trkpt lon="2.739404" lat="39.779730"><ele>107.25</ele></trkpt>
   <trkpt lon="2.739305" lat="39.779674"><ele>106.75</ele></trkpt>
   <trkpt lon="2.739220" lat="39.779610"><ele>106.5</ele></trkpt>
   <trkpt lon="2.739176" lat="39.779557"><ele>106.0</ele></trkpt>
   <trkpt lon="2.739147" lat="39.779500"><ele>105.5</ele></trkpt>
   <trkpt lon="2.739128" lat="39.779443"><ele>105.0</ele></trkpt>
   <trkpt lon="2.739117" lat="39.779366"><ele>104.5</ele></trkpt>
   <trkpt lon="2.739142" lat="39.779253"><ele>103.5</ele></trkpt>
   <trkpt lon="2.739233" lat="39.779037"><ele>102.5</ele></trkpt>
   <trkpt lon="2.739241" lat="39.778977"><ele>102.25</ele></trkpt>
   <trkpt lon="2.739238" lat="39.778923"><ele>101.75</ele></trkpt>
   <trkpt lon="2.739224" lat="39.778875"><ele>101.5</ele></trkpt>
   <trkpt lon="2.739205" lat="39.778843"><ele>101.0</ele></trkpt>
   <trkpt lon="2.738990" lat="39.778647"><ele>99.0</ele></trkpt>
   <trkpt lon="2.738956" lat="39.778605"><ele>98.5</ele></trkpt>
   <trkpt lon="2.738915" lat="39.778500"><ele>98.25</ele></trkpt>
   <trkpt lon="2.738898" lat="39.778400"><ele>97.5</ele></trkpt>
   <trkpt lon="2.738867" lat="39.778296"><ele>97.0</ele></trkpt>
   <trkpt lon="2.738832" lat="39.778231"><ele>96.75</ele></trkpt>
   <trkpt lon="2.738795" lat="39.778187"><ele>96.75</ele></trkpt>
   <trkpt lon="2.738648" lat="39.778085"><ele>95.5</ele></trkpt>
   <trkpt lon="2.738575" lat="39.778021"><ele>95.5</ele></trkpt>
   <trkpt lon="2.738512" lat="39.777914"><ele>96.25</ele></trkpt>
   <trkpt lon="2.738390" lat="39.777701"><ele>95.5</ele></trkpt>
   <trkpt lon="2.738348" lat="39.777518"><ele>96.0</ele></trkpt>
   <trkpt lon="2.738306" lat="39.777413"><ele>95.75</ele></trkpt>
   <trkpt lon="2.738125" lat="39.777176"><ele>93.5</ele></trkpt>
   <trkpt lon="2.737992" lat="39.777104"><ele>92.25</ele></trkpt>
   <trkpt lon="2.737920" lat="39.777049"><ele>91.75</ele></trkpt>
   <trkpt lon="2.737708" lat="39.776857"><ele>88.75</ele></trkpt>
   <trkpt lon="2.737596" lat="39.776765"><ele>87.25</ele></trkpt>
   <trkpt lon="2.737528" lat="39.776694"><ele>87.0</ele></trkpt>
   <trkpt lon="2.737400" lat="39.776519"><ele>87.25</ele></trkpt>
   <trkpt lon="2.737347" lat="39.776460"><ele>87.0</ele></trkpt>
   <trkpt lon="2.737218" lat="39.776354"><ele>85.25</ele></trkpt>
   <trkpt lon="2.737131" lat="39.776303"><ele>84.5</ele></trkpt>
   <trkpt lon="2.736819" lat="39.776154"><ele>84.25</ele></trkpt>
   <trkpt lon="2.736452" lat="39.776005"><ele>80.75</ele></trkpt>
   <trkpt lon="2.736370" lat="39.775959"><ele>80.5</ele></trkpt>
   <trkpt lon="2.736188" lat="39.775811"><ele>80.0</ele></trkpt>
   <trkpt lon="2.736092" lat="39.775756"><ele>79.25</ele></trkpt>
   <trkpt lon="2.735904" lat="39.775730"><ele>77.75</ele></trkpt>
   <trkpt lon="2.735869" lat="39.775720"><ele>77.5</ele></trkpt>
   <trkpt lon="2.735435" lat="39.775569"><ele>75.5</ele></trkpt>
   <trkpt lon="2.735211" lat="39.775503"><ele>75.25</ele></trkpt>
   <trkpt lon="2.735066" lat="39.775453"><ele>75.5</ele></trkpt>
   <trkpt lon="2.735012" lat="39.775426"><ele>75.5</ele></trkpt>
   <trkpt lon="2.734978" lat="39.775390"><ele>75.25</ele></trkpt>
   <trkpt lon="2.734954" lat="39.775323"><ele>74.5</ele></trkpt>
   <trkpt lon="2.734929" lat="39.775280"><ele>74.0</ele></trkpt>
   <trkpt lon="2.734784" lat="39.775095"><ele>73.5</ele></trkpt>
   <trkpt lon="2.734715" lat="39.775047"><ele>73.5</ele></trkpt>
   <trkpt lon="2.734576" lat="39.774966"><ele>72.75</ele></trkpt>
   <trkpt lon="2.733979" lat="39.774638"><ele>69.25</ele></trkpt>
   <trkpt lon="2.733867" lat="39.774594"><ele>68.75</ele></trkpt>
   <trkpt lon="2.733495" lat="39.774468"><ele>68.5</ele></trkpt>
   <trkpt lon="2.733014" lat="39.774317"><ele>66.25</ele></trkpt>
   <trkpt lon="2.732877" lat="39.774258"><ele>66.75</ele></trkpt>
   <trkpt lon="2.732616" lat="39.774179"><ele>65.25</ele></trkpt>
   <trkpt lon="2.732482" lat="39.774148"><ele>64.0</ele></trkpt>
   <trkpt lon="2.732215" lat="39.774095"><ele>63.25</ele></trkpt>
   <trkpt lon="2.731828" lat="39.774045"><ele>62.75</ele></trkpt>
   <trkpt lon="2.731779" lat="39.774031"><ele>62.75</ele></trkpt>
   <trkpt lon="2.731256" lat="39.773834"><ele>60.75</ele></trkpt>
   <trkpt lon="2.730905" lat="39.773735"><ele>60.0</ele><sym>pass_place</sym><type>Shaping</type></trkpt>
   <trkpt lon="2.730775" lat="39.773711"><ele>59.75</ele></trkpt>
   <trkpt lon="2.730596" lat="39.773722"><ele>59.0</ele></trkpt>
   <trkpt lon="2.730112" lat="39.773692"><ele>58.0</ele></trkpt>
   <trkpt lon="2.729431" lat="39.773563"><ele>57.5</ele></trkpt>
   <trkpt lon="2.729383" lat="39.773531"><ele>57.25</ele></trkpt>
   <trkpt lon="2.729362" lat="39.773473"><ele>56.75</ele></trkpt>
   <trkpt lon="2.729324" lat="39.773213"><ele>55.75</ele></trkpt>
   <trkpt lon="2.729146" lat="39.772958"><ele>54.75</ele></trkpt>
   <trkpt lon="2.728903" lat="39.772662"><ele>53.25</ele></trkpt>
   <trkpt lon="2.728862" lat="39.772635"><ele>53.25</ele></trkpt>
   <trkpt lon="2.728806" lat="39.772622"><ele>53.25</ele></trkpt>
   <trkpt lon="2.728336" lat="39.772580"><ele>52.0</ele></trkpt>
   <trkpt lon="2.727999" lat="39.772548"><ele>51.25</ele></trkpt>
   <trkpt lon="2.727839" lat="39.772515"><ele>51.0</ele></trkpt>
   <trkpt lon="2.727714" lat="39.772478"><ele>50.5</ele></trkpt>
   <trkpt lon="2.727601" lat="39.772422"><ele>50.0</ele></trkpt>
   <trkpt lon="2.727470" lat="39.772327"><ele>50.0</ele></trkpt>
   <trkpt lon="2.727238" lat="39.772149"><ele>49.0</ele></trkpt>
   <trkpt lon="2.726946" lat="39.771910"><ele>48.75</ele></trkpt>
   <trkpt lon="2.726681" lat="39.771736"><ele>48.0</ele></trkpt>
   <trkpt lon="2.726443" lat="39.771545"><ele>47.0</ele></trkpt>
   <trkpt lon="2.726058" lat="39.771133"><ele>45.75</ele></trkpt>
   <trkpt lon="2.725667" lat="39.770717"><ele>45.0</ele></trkpt>
   <trkpt lon="2.725142" lat="39.770353"><ele>43.75</ele></trkpt>
   <trkpt lon="2.725095" lat="39.770309"><ele>43.75</ele></trkpt>
   <trkpt lon="2.725067" lat="39.770264"><ele>44.0</ele></trkpt>
   <trkpt lon="2.724996" lat="39.770048"><ele>43.75</ele></trkpt>
   <trkpt lon="2.724893" lat="39.769812"><ele>43.25</ele></trkpt>
   <trkpt lon="2.724824" lat="39.769736"><ele>43.25</ele></trkpt>
   <trkpt lon="2.724720" lat="39.769661"><ele>42.75</ele></trkpt>
   <trkpt lon="2.724667" lat="39.769644"><ele>42.5</ele></trkpt>
   <trkpt lon="2.724355" lat="39.769595"><ele>41.5</ele><sym>left_slight</sym></trkpt>
   <trkpt lon="2.724257" lat="39.768825"><ele>39.75</ele></trkpt>
   <trkpt lon="2.724066" lat="39.768618"><ele>38.25</ele></trkpt>
   <trkpt lon="2.724077" lat="39.768530"><ele>39.5</ele></trkpt>
   <trkpt lon="2.724079" lat="39.768507"><ele>40.0</ele><sym>stay_left</sym></trkpt>
   <trkpt lon="2.724085" lat="39.768459"><ele>40.75</ele></trkpt>
   <trkpt lon="2.724097" lat="39.768267"><ele>43.25</ele><sym>right</sym></trkpt>
   <trkpt lon="2.724023" lat="39.768232"><ele>43.5</ele></trkpt>
   <trkpt lon="2.723190" lat="39.767837"><ele>43.25</ele></trkpt>
   <trkpt lon="2.722771" lat="39.767688"><ele>42.5</ele></trkpt>
   <trkpt lon="2.722365" lat="39.767596"><ele>41.0</ele></trkpt>
   <trkpt lon="2.722133" lat="39.767564"><ele>40.5</ele></trkpt>
   <trkpt lon="2.721862" lat="39.767536"><ele>39.5</ele></trkpt>
   <trkpt lon="2.721655" lat="39.767487"><ele>39.0</ele></trkpt>
   <trkpt lon="2.721438" lat="39.767418"><ele>39.0</ele></trkpt>
   <trkpt lon="2.721205" lat="39.767301"><ele>38.75</ele></trkpt>
   <trkpt lon="2.721017" lat="39.767164"><ele>38.5</ele></trkpt>
   <trkpt lon="2.720939" lat="39.767097"><ele>38.5</ele></trkpt>
   <trkpt lon="2.720840" lat="39.767041"><ele>38.5</ele></trkpt>
   <trkpt lon="2.719975" lat="39.766787"><ele>39.5</ele></trkpt>
   <trkpt lon="2.719767" lat="39.766724"><ele>40.25</ele></trkpt>
   <trkpt lon="2.719463" lat="39.766636"><ele>40.0</ele></trkpt>
   <trkpt lon="2.718916" lat="39.766476"><ele>41.25</ele></trkpt>
   <trkpt lon="2.718506" lat="39.766356"><ele>41.5</ele></trkpt>
   <trkpt lon="2.718489" lat="39.766351"><ele>41.5</ele></trkpt>
   <trkpt lon="2.718258" lat="39.766283"><ele>42.0</ele></trkpt>
   <trkpt lon="2.717933" lat="39.766188"><ele>41.5</ele></trkpt>
   <trkpt lon="2.717606" lat="39.766100"><ele>42.0</ele></trkpt>
   <trkpt lon="2.716796" lat="39.765814"><ele>41.0</ele></trkpt>
   <trkpt lon="2.716723" lat="39.765789"><ele>41.0</ele></trkpt>
   <trkpt lon="2.716486" lat="39.765712"><ele>41.75</ele></trkpt>
   <trkpt lon="2.716212" lat="39.765686"><ele>41.25</ele></trkpt>
   <trkpt lon="2.715881" lat="39.765631"><ele>40.5</ele></trkpt>
   <trkpt lon="2.715798" lat="39.765616"><ele>40.25</ele></trkpt>
   <trkpt lon="2.715510" lat="39.765565"><ele>38.75</ele><sym>right_slight</sym></trkpt>
   <trkpt lon="2.715337" lat="39.765606"><ele>37.75</ele></trkpt>
   <trkpt lon="2.715197" lat="39.765615"><ele>37.25</ele></trkpt>
   <trkpt lon="2.715157" lat="39.765618"><ele>37.0</ele></trkpt>
   <trkpt lon="2.714896" lat="39.765574"><ele>36.75</ele></trkpt>
   <trkpt lon="2.714808" lat="39.765560"><ele>36.75</ele><sym>right</sym></trkpt>
   <trkpt lon="2.714793" lat="39.765609"><ele>36.75</ele></trkpt>
   <trkpt lon="2.714778" lat="39.765847"><ele>35.75</ele></trkpt>
   <trkpt lon="2.714825" lat="39.766186"><ele>34.0</ele><sym>right_slight</sym></trkpt>
   <trkpt lon="2.715059" lat="39.766199"><ele>34.75</ele><sym>pass_place</sym><type>Via</type></trkpt>
  </trkseg>
 </trk>
</gpx>
