<?xml version="1.0" encoding="UTF-8"?>
<!-- track-length = 86059 filtered ascend = 1654 plain-ascend = 1 cost=147988 energy=.6kwh time=6h 11m 7s -->
<gpx 
 xmlns="http://www.topografix.com/GPX/1/1" 
 xmlns:xsi="http://www.w3.org/2001/XMLSchema-instance" 
 xsi:schemaLocation="http://www.topografix.com/GPX/1/1 http://www.topografix.com/GPX/1/1/gpx.xsd" 
 creator="BRouter-1.7.9" version="1.1"><wpt lat="39.76472" lon="2.71612"><name>Drinking water</name><sym>Drinking Water</sym></wpt><wpt lat="39.66785" lon="2.57788"><name>Doble Coffee</name><sym>Restaurant</sym></wpt><wpt lat="39.76655" lon="2.71486"><name>Bini</name><sym>Restaurant</sym></wpt><wpt lat="39.74643" lon="2.64954"><name>sa Font Fresca</name><sym>Restaurant</sym></wpt><wpt lat="39.66734" lon="2.57827"><name>Passeig</name><sym>Restaurant</sym></wpt><wpt lat="39.6677" lon="2.57797"><name>Bar Avenida - es cafè nou</name><sym>Restaurant</sym></wpt><wpt lat="39.76657" lon="2.71538"><name>Sóller</name><sym>Restaurant</sym></wpt><wpt lat="39.71008" lon="2.62208"><name>Ponent</name><sym>Restaurant</sym></wpt><wpt lat="39.70979" lon="2.62222"><name>Sa Foganya</name><sym>Restaurant</sym></wpt><wpt lat="39.71035" lon="2.62138"><name>s&#x27;Olivera</name><sym>Restaurant</sym></wpt><wpt lat="39.66821" lon="2.57859"><name>Drinking water</name><sym>Drinking Water</sym></wpt><wpt lat="39.68723" lon="2.51384"><name>Drinking water</name><sym>Drinking Water</sym></wpt><wpt lat="39.71139" lon="2.61788"><name>Drinking water</name><sym>Drinking Water</sym></wpt><wpt lat="39.76645" lon="2.71483"><name>Drinking water</name><sym>Drinking Water</sym></wpt><wpt lat="39.7676" lon="2.71586"><name>Drinking water</name><sym>Drinking Water</sym></wpt><wpt lat="39.76822" lon="2.71144"><name>Drinking water</name><sym>Drinking Water</sym></wpt><wpt lat="39.76852" lon="2.70866"><name>Drinking water</name><sym>Drinking Water</sym></wpt><wpt lat="39.70998" lon="2.62161"><name>Gelateria Bar Meriendas</name><sym>Restaurant</sym></wpt><wpt lat="39.66308" lon="2.58146"><name>Drinking water</name><sym>Drinking Water</sym></wpt><wpt lat="39.77119" lon="2.70632"><name>Stop</name><sym>Restaurant</sym></wpt><wpt lat="39.74664" lon="2.64922"><name>The Village Cafe</name><sym>Restaurant</sym></wpt><wpt lat="39.71099" lon="2.61866"><name>Bardemossa</name><sym>Restaurant</sym></wpt><wpt lat="39.76733" lon="2.70962"><name>sa Petanca</name><sym>Restaurant</sym></wpt><wpt lat="39.74745" lon="2.64441"><name>S&#x27;Hortet</name><sym>Restaurant</sym></wpt><wpt lat="39.76519" lon="2.71518"><name>el Tren</name><sym>Restaurant</sym></wpt><wpt lat="39.76574" lon="2.71473"><name>es Pont</name><sym>Restaurant</sym></wpt><wpt lat="39.68772" lon="2.51484"><name>Bellavista</name><sym>Restaurant</sym></wpt><wpt lat="39.76615" lon="2.71301"><name>Drinking water</name><sym>Drinking Water</sym></wpt><wpt lat="39.71041" lon="2.62239"><name>Aromas</name><sym>Restaurant</sym></wpt><wpt lat="39.65922" lon="2.58872"><name>Drinking water</name><sym>Drinking Water</sym></wpt><wpt lat="39.74638" lon="2.64936"><name>Drinking water</name><sym>Drinking Water</sym></wpt><wpt lat="39.76537" lon="2.71206"><name>Drinking water</name><sym>Drinking Water</sym></wpt><wpt lat="39.7098" lon="2.62238"><name>Barbaflorida cafè</name><sym>Restaurant</sym></wpt><wpt lat="39.77149" lon="2.67621"><name>Son Mico</name><sym>Restaurant</sym></wpt><wpt lat="39.65942" lon="2.64128"><name>Sa Taverna</name><sym>Restaurant</sym></wpt><wpt lat="39.7693" lon="2.71295"><name>es Camp de s&#x27;Oca</name><sym>Restaurant</sym></wpt><wpt lat="39.66793" lon="2.57863"><name>Café</name><sym>Restaurant</sym></wpt><wpt lat="39.6871" lon="2.51432"><name>Ca&#x27;s Batle Negre</name><sym>Restaurant</sym></wpt>
 <trk>
  <src>brouter_fastbike-lowtraffic_0</src>
  <type>bike</type>
  <trkseg>
   <trkpt lon="2.715059" lat="39.766199"><ele>34.25</ele><sym>pass_place</sym><type>Via</type></trkpt>
   <trkpt lon="2.714825" lat="39.766186"><ele>34.0</ele><sym>stay_left</sym></trkpt>
   <trkpt lon="2.714103" lat="39.766114"><ele>34.75</ele><sym>right</sym></trkpt>
   <trkpt lon="2.714019" lat="39.766108"><ele>35.0</ele></trkpt>
   <trkpt lon="2.713927" lat="39.766244"><ele>34.5</ele><sym>straight</sym></trkpt>
   <trkpt lon="2.713910" lat="39.766270"><ele>34.25</ele></trkpt>
   <trkpt lon="2.713736" lat="39.766536"><ele>32.75</ele></trkpt>
   <trkpt lon="2.713331" lat="39.767046"><ele>30.5</ele></trkpt>
   <trkpt lon="2.712929" lat="39.767412"><ele>29.25</ele></trkpt>
   <trkpt lon="2.712601" lat="39.767876"><ele>28.0</ele></trkpt>
   <trkpt lon="2.712131" lat="39.768445"><ele>26.75</ele></trkpt>
   <trkpt lon="2.712065" lat="39.768505"><ele>26.5</ele></trkpt>
   <trkpt lon="2.711794" lat="39.768774"><ele>25.25</ele></trkpt>
   <trkpt lon="2.711298" lat="39.769261"><ele>23.5</ele><sym>left</sym></trkpt>
   <trkpt lon="2.711018" lat="39.769091"><ele>23.75</ele></trkpt>
   <trkpt lon="2.710869" lat="39.768986"><ele>24.25</ele></trkpt>
   <trkpt lon="2.710410" lat="39.768727"><ele>24.25</ele></trkpt>
   <trkpt lon="2.709983" lat="39.768473"><ele>24.25</ele><sym>right</sym></trkpt>
   <trkpt lon="2.709811" lat="39.768707"><ele>23.5</ele></trkpt>
   <trkpt lon="2.709651" lat="39.768924"><ele>22.75</ele><sym>left</sym></trkpt>
   <trkpt lon="2.709200" lat="39.768721"><ele>23.75</ele></trkpt>
   <trkpt lon="2.708751" lat="39.768511"><ele>24.0</ele></trkpt>
   <trkpt lon="2.708583" lat="39.768435"><ele>24.75</ele></trkpt>
   <trkpt lon="2.708216" lat="39.768263"><ele>27.75</ele><sym>right</sym></trkpt>
   <trkpt lon="2.708061" lat="39.768513"><ele>27.5</ele></trkpt>
   <trkpt lon="2.707917" lat="39.768745"><ele>27.25</ele></trkpt>
   <trkpt lon="2.707621" lat="39.768999"><ele>27.75</ele></trkpt>
   <trkpt lon="2.707438" lat="39.769156"><ele>27.25</ele></trkpt>
   <trkpt lon="2.707097" lat="39.769449"><ele>26.75</ele></trkpt>
   <trkpt lon="2.706724" lat="39.769769"><ele>28.25</ele><sym>right_slight</sym></trkpt>
   <trkpt lon="2.706684" lat="39.769868"><ele>28.25</ele></trkpt>
   <trkpt lon="2.706380" lat="39.770632"><ele>25.25</ele></trkpt>
   <trkpt lon="2.706315" lat="39.770824"><ele>24.0</ele></trkpt>
   <trkpt lon="2.706275" lat="39.770981"><ele>23.25</ele><sym>roundabout_e2</sym></trkpt>
   <trkpt lon="2.706280" lat="39.771040"><ele>23.0</ele></trkpt>
   <trkpt lon="2.706251" lat="39.771099"><ele>23.0</ele></trkpt>
   <trkpt lon="2.706221" lat="39.771121"><ele>23.0</ele></trkpt>
   <trkpt lon="2.706151" lat="39.771230"><ele>22.75</ele></trkpt>
   <trkpt lon="2.706053" lat="39.771412"><ele>22.0</ele></trkpt>
   <trkpt lon="2.705960" lat="39.771648"><ele>22.0</ele></trkpt>
   <trkpt lon="2.705807" lat="39.772136"><ele>20.5</ele></trkpt>
   <trkpt lon="2.705651" lat="39.772597"><ele>19.5</ele><sym>left_slight</sym></trkpt>
   <trkpt lon="2.705599" lat="39.772682"><ele>19.75</ele></trkpt>
   <trkpt lon="2.705579" lat="39.772728"><ele>19.75</ele></trkpt>
   <trkpt lon="2.705543" lat="39.772851"><ele>19.5</ele></trkpt>
   <trkpt lon="2.705506" lat="39.773025"><ele>18.75</ele></trkpt>
   <trkpt lon="2.705478" lat="39.773204"><ele>18.25</ele></trkpt>
   <trkpt lon="2.705460" lat="39.773482"><ele>17.5</ele></trkpt>
   <trkpt lon="2.705455" lat="39.773513"><ele>17.5</ele></trkpt>
   <trkpt lon="2.705444" lat="39.773530"><ele>17.5</ele></trkpt>
   <trkpt lon="2.705422" lat="39.773547"><ele>17.5</ele><sym>left_slight</sym></trkpt>
   <trkpt lon="2.705398" lat="39.773558"><ele>17.5</ele></trkpt>
   <trkpt lon="2.705345" lat="39.773573"><ele>17.75</ele></trkpt>
   <trkpt lon="2.705309" lat="39.773574"><ele>17.75</ele><sym>left_slight</sym></trkpt>
   <trkpt lon="2.703450" lat="39.772803"><ele>24.75</ele><sym>left_slight</sym></trkpt>
   <trkpt lon="2.703224" lat="39.772412"><ele>26.0</ele></trkpt>
   <trkpt lon="2.703046" lat="39.772184"><ele>28.25</ele></trkpt>
   <trkpt lon="2.702900" lat="39.772122"><ele>29.25</ele></trkpt>
   <trkpt lon="2.702803" lat="39.772072"><ele>29.75</ele><sym>right_slight</sym></trkpt>
   <trkpt lon="2.702703" lat="39.772058"><ele>30.0</ele><sym>pass_place</sym><type>Shaping</type></trkpt>
   <trkpt lon="2.702586" lat="39.772053"><ele>30.0</ele></trkpt>
   <trkpt lon="2.702478" lat="39.772057"><ele>30.0</ele></trkpt>
   <trkpt lon="2.702348" lat="39.772085"><ele>29.5</ele></trkpt>
   <trkpt lon="2.702203" lat="39.772130"><ele>29.5</ele></trkpt>
   <trkpt lon="2.702101" lat="39.772190"><ele>30.25</ele></trkpt>
   <trkpt lon="2.701995" lat="39.772263"><ele>31.0</ele></trkpt>
   <trkpt lon="2.701889" lat="39.772335"><ele>32.25</ele></trkpt>
   <trkpt lon="2.701847" lat="39.772382"><ele>32.75</ele></trkpt>
   <trkpt lon="2.701263" lat="39.773118"><ele>36.0</ele></trkpt>
   <trkpt lon="2.699551" lat="39.774324"><ele>46.5</ele></trkpt>
   <trkpt lon="2.699259" lat="39.774504"><ele>50.25</ele></trkpt>
   <trkpt lon="2.698970" lat="39.774658"><ele>52.25</ele></trkpt>
   <trkpt lon="2.698541" lat="39.774834"><ele>53.75</ele></trkpt>
   <trkpt lon="2.697845" lat="39.775046"><ele>53.75</ele></trkpt>
   <trkpt lon="2.697421" lat="39.775127"><ele>54.25</ele></trkpt>
   <trkpt lon="2.697182" lat="39.775143"><ele>56.75</ele></trkpt>
   <trkpt lon="2.697110" lat="39.775132"><ele>57.0</ele></trkpt>
   <trkpt lon="2.697068" lat="39.775106"><ele>57.25</ele></trkpt>
   <trkpt lon="2.697036" lat="39.775042"><ele>58.5</ele></trkpt>
   <trkpt lon="2.697039" lat="39.774976"><ele>60.25</ele></trkpt>
   <trkpt lon="2.697090" lat="39.774914"><ele>62.5</ele></trkpt>
   <trkpt lon="2.697199" lat="39.774882"><ele>62.75</ele></trkpt>
   <trkpt lon="2.697441" lat="39.774882"><ele>63.0</ele></trkpt>
   <trkpt lon="2.697823" lat="39.774831"><ele>61.25</ele></trkpt>
   <trkpt lon="2.698648" lat="39.774518"><ele>62.25</ele></trkpt>
   <trkpt lon="2.698713" lat="39.774460"><ele>63.25</ele></trkpt>
   <trkpt lon="2.698727" lat="39.774390"><ele>64.25</ele></trkpt>
   <trkpt lon="2.698691" lat="39.774311"><ele>65.75</ele></trkpt>
   <trkpt lon="2.698577" lat="39.774244"><ele>68.25</ele></trkpt>
   <trkpt lon="2.698453" lat="39.774256"><ele>70.0</ele></trkpt>
   <trkpt lon="2.698067" lat="39.774416"><ele>68.5</ele></trkpt>
   <trkpt lon="2.697936" lat="39.774461"><ele>68.75</ele></trkpt>
   <trkpt lon="2.697660" lat="39.774548"><ele>70.5</ele></trkpt>
   <trkpt lon="2.697298" lat="39.774615"><ele>71.25</ele></trkpt>
   <trkpt lon="2.697231" lat="39.774628"><ele>71.0</ele></trkpt>
   <trkpt lon="2.697065" lat="39.774659"><ele>72.0</ele></trkpt>
   <trkpt lon="2.696729" lat="39.774674"><ele>74.75</ele></trkpt>
   <trkpt lon="2.696266" lat="39.774649"><ele>77.75</ele></trkpt>
   <trkpt lon="2.696187" lat="39.774661"><ele>77.75</ele></trkpt>
   <trkpt lon="2.696118" lat="39.774688"><ele>77.25</ele></trkpt>
   <trkpt lon="2.696047" lat="39.774758"><ele>77.25</ele></trkpt>
   <trkpt lon="2.695999" lat="39.774867"><ele>78.0</ele></trkpt>
   <trkpt lon="2.695952" lat="39.775042"><ele>78.25</ele></trkpt>
   <trkpt lon="2.695888" lat="39.775162"><ele>78.75</ele></trkpt>
   <trkpt lon="2.695778" lat="39.775275"><ele>80.0</ele></trkpt>
   <trkpt lon="2.695620" lat="39.775362"><ele>80.25</ele></trkpt>
   <trkpt lon="2.695514" lat="39.775387"><ele>80.25</ele></trkpt>
   <trkpt lon="2.695341" lat="39.775404"><ele>78.75</ele></trkpt>
   <trkpt lon="2.695180" lat="39.775384"><ele>78.75</ele></trkpt>
   <trkpt lon="2.695048" lat="39.775345"><ele>80.0</ele></trkpt>
   <trkpt lon="2.694957" lat="39.775294"><ele>81.5</ele></trkpt>
   <trkpt lon="2.694866" lat="39.775229"><ele>82.25</ele></trkpt>
   <trkpt lon="2.694776" lat="39.775101"><ele>83.75</ele></trkpt>
   <trkpt lon="2.694578" lat="39.774818"><ele>86.75</ele></trkpt>
   <trkpt lon="2.694519" lat="39.774757"><ele>87.0</ele></trkpt>
   <trkpt lon="2.694435" lat="39.774700"><ele>86.75</ele></trkpt>
   <trkpt lon="2.694037" lat="39.774517"><ele>88.5</ele></trkpt>
   <trkpt lon="2.693853" lat="39.774423"><ele>89.25</ele></trkpt>
   <trkpt lon="2.693676" lat="39.774270"><ele>90.75</ele></trkpt>
   <trkpt lon="2.693470" lat="39.774028"><ele>93.0</ele></trkpt>
   <trkpt lon="2.693419" lat="39.773990"><ele>93.0</ele></trkpt>
   <trkpt lon="2.693353" lat="39.773956"><ele>92.0</ele><sym>right_slight</sym></trkpt>
   <trkpt lon="2.693253" lat="39.773939"><ele>92.25</ele></trkpt>
   <trkpt lon="2.693121" lat="39.773929"><ele>92.75</ele></trkpt>
   <trkpt lon="2.692904" lat="39.773943"><ele>95.75</ele></trkpt>
   <trkpt lon="2.692698" lat="39.774009"><ele>99.0</ele></trkpt>
   <trkpt lon="2.692512" lat="39.774089"><ele>101.0</ele></trkpt>
   <trkpt lon="2.692416" lat="39.774177"><ele>98.75</ele></trkpt>
   <trkpt lon="2.692355" lat="39.774262"><ele>99.75</ele></trkpt>
   <trkpt lon="2.692321" lat="39.774348"><ele>100.75</ele></trkpt>
   <trkpt lon="2.692319" lat="39.774738"><ele>102.25</ele></trkpt>
   <trkpt lon="2.692263" lat="39.774917"><ele>104.0</ele></trkpt>
   <trkpt lon="2.692157" lat="39.775099"><ele>105.0</ele></trkpt>
   <trkpt lon="2.691743" lat="39.775545"><ele>107.0</ele></trkpt>
   <trkpt lon="2.691594" lat="39.775650"><ele>108.0</ele></trkpt>
   <trkpt lon="2.691445" lat="39.775699"><ele>110.0</ele></trkpt>
   <trkpt lon="2.691267" lat="39.775722"><ele>110.5</ele></trkpt>
   <trkpt lon="2.691059" lat="39.775710"><ele>111.5</ele></trkpt>
   <trkpt lon="2.690936" lat="39.775675"><ele>113.0</ele></trkpt>
   <trkpt lon="2.690775" lat="39.775629"><ele>114.5</ele></trkpt>
   <trkpt lon="2.690669" lat="39.775562"><ele>115.5</ele></trkpt>
   <trkpt lon="2.690568" lat="39.775459"><ele>116.75</ele></trkpt>
   <trkpt lon="2.690437" lat="39.775259"><ele>118.75</ele></trkpt>
   <trkpt lon="2.690256" lat="39.774920"><ele>120.0</ele><sym>pass_place</sym><type>Shaping</type></trkpt>
   <trkpt lon="2.690255" lat="39.774919"><ele>120.0</ele></trkpt>
   <trkpt lon="2.690165" lat="39.774834"><ele>120.25</ele></trkpt>
   <trkpt lon="2.690094" lat="39.774766"><ele>121.0</ele></trkpt>
   <trkpt lon="2.689962" lat="39.774677"><ele>122.0</ele></trkpt>
   <trkpt lon="2.689676" lat="39.774533"><ele>124.0</ele></trkpt>
   <trkpt lon="2.689562" lat="39.774493"><ele>123.75</ele></trkpt>
   <trkpt lon="2.689376" lat="39.774429"><ele>124.25</ele></trkpt>
   <trkpt lon="2.689159" lat="39.774373"><ele>125.0</ele></trkpt>
   <trkpt lon="2.689006" lat="39.774355"><ele>126.75</ele></trkpt>
   <trkpt lon="2.688794" lat="39.774376"><ele>127.5</ele></trkpt>
   <trkpt lon="2.688509" lat="39.774426"><ele>127.75</ele></trkpt>
   <trkpt lon="2.688372" lat="39.774416"><ele>128.25</ele></trkpt>
   <trkpt lon="2.688278" lat="39.774388"><ele>128.5</ele></trkpt>
   <trkpt lon="2.688133" lat="39.774317"><ele>129.0</ele></trkpt>
   <trkpt lon="2.688001" lat="39.774223"><ele>130.75</ele></trkpt>
   <trkpt lon="2.687862" lat="39.774148"><ele>133.0</ele></trkpt>
   <trkpt lon="2.687770" lat="39.774129"><ele>133.0</ele></trkpt>
   <trkpt lon="2.687657" lat="39.774122"><ele>134.5</ele></trkpt>
   <trkpt lon="2.687561" lat="39.774138"><ele>135.5</ele></trkpt>
   <trkpt lon="2.687489" lat="39.774162"><ele>136.25</ele></trkpt>
   <trkpt lon="2.687383" lat="39.774246"><ele>137.5</ele></trkpt>
   <trkpt lon="2.687288" lat="39.774372"><ele>138.5</ele></trkpt>
   <trkpt lon="2.687124" lat="39.774650"><ele>140.25</ele></trkpt>
   <trkpt lon="2.687074" lat="39.774757"><ele>141.0</ele></trkpt>
   <trkpt lon="2.687034" lat="39.774843"><ele>141.75</ele></trkpt>
   <trkpt lon="2.686993" lat="39.774992"><ele>141.75</ele></trkpt>
   <trkpt lon="2.686940" lat="39.775273"><ele>145.0</ele></trkpt>
   <trkpt lon="2.686891" lat="39.775332"><ele>144.5</ele></trkpt>
   <trkpt lon="2.686828" lat="39.775376"><ele>144.75</ele></trkpt>
   <trkpt lon="2.686729" lat="39.775422"><ele>145.25</ele></trkpt>
   <trkpt lon="2.686598" lat="39.775483"><ele>145.25</ele></trkpt>
   <trkpt lon="2.686498" lat="39.775505"><ele>146.0</ele></trkpt>
   <trkpt lon="2.686425" lat="39.775503"><ele>147.0</ele></trkpt>
   <trkpt lon="2.686340" lat="39.775472"><ele>147.5</ele></trkpt>
   <trkpt lon="2.685932" lat="39.775185"><ele>150.5</ele></trkpt>
   <trkpt lon="2.685539" lat="39.775023"><ele>152.25</ele></trkpt>
   <trkpt lon="2.685371" lat="39.774995"><ele>153.0</ele></trkpt>
   <trkpt lon="2.684621" lat="39.774966"><ele>156.5</ele></trkpt>
   <trkpt lon="2.684472" lat="39.774944"><ele>157.5</ele></trkpt>
   <trkpt lon="2.684135" lat="39.774798"><ele>158.0</ele></trkpt>
   <trkpt lon="2.683895" lat="39.774725"><ele>159.75</ele></trkpt>
   <trkpt lon="2.683690" lat="39.774633"><ele>159.5</ele></trkpt>
   <trkpt lon="2.683546" lat="39.774515"><ele>160.25</ele></trkpt>
   <trkpt lon="2.683549" lat="39.774449"><ele>161.75</ele><sym>left</sym></trkpt>
   <trkpt lon="2.683598" lat="39.774409"><ele>163.25</ele></trkpt>
   <trkpt lon="2.683657" lat="39.774400"><ele>164.25</ele></trkpt>
   <trkpt lon="2.683734" lat="39.774434"><ele>164.0</ele></trkpt>
   <trkpt lon="2.683887" lat="39.774556"><ele>163.5</ele></trkpt>
   <trkpt lon="2.684063" lat="39.774604"><ele>164.0</ele></trkpt>
   <trkpt lon="2.684371" lat="39.774647"><ele>166.25</ele></trkpt>
   <trkpt lon="2.684992" lat="39.774646"><ele>167.75</ele></trkpt>
   <trkpt lon="2.685135" lat="39.774614"><ele>168.0</ele></trkpt>
   <trkpt lon="2.685261" lat="39.774550"><ele>169.25</ele></trkpt>
   <trkpt lon="2.685401" lat="39.774516"><ele>171.0</ele></trkpt>
   <trkpt lon="2.685509" lat="39.774515"><ele>171.75</ele></trkpt>
   <trkpt lon="2.685846" lat="39.774600"><ele>170.75</ele></trkpt>
   <trkpt lon="2.685918" lat="39.774600"><ele>169.75</ele></trkpt>
   <trkpt lon="2.685977" lat="39.774574"><ele>169.75</ele></trkpt>
   <trkpt lon="2.686004" lat="39.774538"><ele>170.25</ele></trkpt>
   <trkpt lon="2.686082" lat="39.774104"><ele>172.75</ele></trkpt>
   <trkpt lon="2.686055" lat="39.774041"><ele>173.5</ele></trkpt>
   <trkpt lon="2.685979" lat="39.774014"><ele>175.5</ele></trkpt>
   <trkpt lon="2.685912" lat="39.774019"><ele>177.25</ele></trkpt>
   <trkpt lon="2.685857" lat="39.774060"><ele>178.0</ele></trkpt>
   <trkpt lon="2.685780" lat="39.774256"><ele>177.5</ele></trkpt>
   <trkpt lon="2.685734" lat="39.774318"><ele>177.25</ele></trkpt>
   <trkpt lon="2.685655" lat="39.774349"><ele>177.25</ele></trkpt>
   <trkpt lon="2.685590" lat="39.774353"><ele>177.75</ele></trkpt>
   <trkpt lon="2.685507" lat="39.774332"><ele>178.0</ele></trkpt>
   <trkpt lon="2.685407" lat="39.774269"><ele>179.25</ele></trkpt>
   <trkpt lon="2.685156" lat="39.774035"><ele>183.25</ele></trkpt>
   <trkpt lon="2.684999" lat="39.773981"><ele>184.0</ele></trkpt>
   <trkpt lon="2.684630" lat="39.773957"><ele>183.75</ele></trkpt>
   <trkpt lon="2.684381" lat="39.773970"><ele>184.5</ele></trkpt>
   <trkpt lon="2.684012" lat="39.774013"><ele>185.0</ele></trkpt>
   <trkpt lon="2.683859" lat="39.774013"><ele>184.75</ele></trkpt>
   <trkpt lon="2.683745" lat="39.773985"><ele>184.75</ele></trkpt>
   <trkpt lon="2.683486" lat="39.773829"><ele>187.75</ele></trkpt>
   <trkpt lon="2.683421" lat="39.773756"><ele>188.0</ele></trkpt>
   <trkpt lon="2.683314" lat="39.773555"><ele>190.75</ele><sym>right_slight</sym></trkpt>
   <trkpt lon="2.683158" lat="39.773499"><ele>191.5</ele></trkpt>
   <trkpt lon="2.683036" lat="39.773483"><ele>191.5</ele></trkpt>
   <trkpt lon="2.682169" lat="39.773370"><ele>194.75</ele></trkpt>
   <trkpt lon="2.681823" lat="39.773269"><ele>197.5</ele></trkpt>
   <trkpt lon="2.681484" lat="39.773265"><ele>197.75</ele></trkpt>
   <trkpt lon="2.681167" lat="39.773303"><ele>199.25</ele></trkpt>
   <trkpt lon="2.681042" lat="39.773302"><ele>199.5</ele></trkpt>
   <trkpt lon="2.680956" lat="39.773270"><ele>199.75</ele></trkpt>
   <trkpt lon="2.680884" lat="39.773214"><ele>200.5</ele></trkpt>
   <trkpt lon="2.680784" lat="39.773137"><ele>201.75</ele></trkpt>
   <trkpt lon="2.680682" lat="39.773105"><ele>202.5</ele></trkpt>
   <trkpt lon="2.680577" lat="39.773110"><ele>202.25</ele></trkpt>
   <trkpt lon="2.680342" lat="39.773135"><ele>202.5</ele></trkpt>
   <trkpt lon="2.680238" lat="39.773124"><ele>202.5</ele></trkpt>
   <trkpt lon="2.680137" lat="39.773069"><ele>203.0</ele></trkpt>
   <trkpt lon="2.680074" lat="39.772988"><ele>204.25</ele></trkpt>
   <trkpt lon="2.680034" lat="39.772887"><ele>206.0</ele></trkpt>
   <trkpt lon="2.679981" lat="39.772779"><ele>207.5</ele></trkpt>
   <trkpt lon="2.679911" lat="39.772721"><ele>208.75</ele></trkpt>
   <trkpt lon="2.679825" lat="39.772702"><ele>208.5</ele></trkpt>
   <trkpt lon="2.679698" lat="39.772702"><ele>207.5</ele></trkpt>
   <trkpt lon="2.679211" lat="39.772701"><ele>208.0</ele></trkpt>
   <trkpt lon="2.679014" lat="39.772692"><ele>208.25</ele></trkpt>
   <trkpt lon="2.678081" lat="39.772532"><ele>214.5</ele><sym>pass_place</sym><type>Shaping</type></trkpt>
   <trkpt lon="2.677605" lat="39.772524"><ele>215.0</ele></trkpt>
   <trkpt lon="2.677376" lat="39.772473"><ele>216.75</ele></trkpt>
   <trkpt lon="2.677064" lat="39.772353"><ele>220.75</ele></trkpt>
   <trkpt lon="2.676963" lat="39.772353"><ele>220.75</ele></trkpt>
   <trkpt lon="2.676733" lat="39.772402"><ele>222.5</ele></trkpt>
   <trkpt lon="2.676676" lat="39.772442"><ele>222.0</ele></trkpt>
   <trkpt lon="2.676650" lat="39.772492"><ele>221.0</ele></trkpt>
   <trkpt lon="2.676574" lat="39.773542"><ele>224.25</ele></trkpt>
   <trkpt lon="2.676564" lat="39.773704"><ele>224.5</ele></trkpt>
   <trkpt lon="2.676546" lat="39.773764"><ele>224.25</ele></trkpt>
   <trkpt lon="2.676378" lat="39.774056"><ele>220.75</ele></trkpt>
   <trkpt lon="2.676339" lat="39.774148"><ele>220.0</ele></trkpt>
   <trkpt lon="2.676327" lat="39.774207"><ele>219.5</ele></trkpt>
   <trkpt lon="2.676307" lat="39.774420"><ele>218.75</ele></trkpt>
   <trkpt lon="2.676308" lat="39.774573"><ele>217.0</ele></trkpt>
   <trkpt lon="2.676289" lat="39.774622"><ele>216.0</ele></trkpt>
   <trkpt lon="2.676248" lat="39.774647"><ele>215.25</ele><sym>left</sym></trkpt>
   <trkpt lon="2.676180" lat="39.774648"><ele>214.25</ele></trkpt>
   <trkpt lon="2.676132" lat="39.774626"><ele>213.5</ele></trkpt>
   <trkpt lon="2.676101" lat="39.774582"><ele>213.25</ele></trkpt>
   <trkpt lon="2.676091" lat="39.774443"><ele>213.5</ele></trkpt>
   <trkpt lon="2.676092" lat="39.774315"><ele>214.0</ele></trkpt>
   <trkpt lon="2.676060" lat="39.774233"><ele>214.0</ele></trkpt>
   <trkpt lon="2.676008" lat="39.774179"><ele>213.75</ele></trkpt>
   <trkpt lon="2.675935" lat="39.774150"><ele>213.75</ele></trkpt>
   <trkpt lon="2.675820" lat="39.774140"><ele>213.25</ele></trkpt>
   <trkpt lon="2.675665" lat="39.774155"><ele>212.5</ele></trkpt>
   <trkpt lon="2.675170" lat="39.774256"><ele>209.25</ele></trkpt>
   <trkpt lon="2.675033" lat="39.774271"><ele>208.5</ele></trkpt>
   <trkpt lon="2.674842" lat="39.774278"><ele>208.0</ele></trkpt>
   <trkpt lon="2.674738" lat="39.774292"><ele>207.5</ele></trkpt>
   <trkpt lon="2.674657" lat="39.774312"><ele>207.5</ele></trkpt>
   <trkpt lon="2.674414" lat="39.774430"><ele>205.5</ele></trkpt>
   <trkpt lon="2.674309" lat="39.774468"><ele>204.25</ele></trkpt>
   <trkpt lon="2.674212" lat="39.774485"><ele>204.0</ele></trkpt>
   <trkpt lon="2.673978" lat="39.774488"><ele>202.75</ele></trkpt>
   <trkpt lon="2.673758" lat="39.774481"><ele>201.75</ele></trkpt>
   <trkpt lon="2.673501" lat="39.774450"><ele>201.0</ele></trkpt>
   <trkpt lon="2.673331" lat="39.774417"><ele>199.75</ele></trkpt>
   <trkpt lon="2.673203" lat="39.774380"><ele>198.5</ele></trkpt>
   <trkpt lon="2.673107" lat="39.774324"><ele>198.25</ele></trkpt>
   <trkpt lon="2.673030" lat="39.774252"><ele>198.75</ele></trkpt>
   <trkpt lon="2.672932" lat="39.774143"><ele>199.5</ele></trkpt>
   <trkpt lon="2.672885" lat="39.774104"><ele>199.75</ele></trkpt>
   <trkpt lon="2.672782" lat="39.774073"><ele>198.0</ele></trkpt>
   <trkpt lon="2.672087" lat="39.773965"><ele>195.25</ele></trkpt>
   <trkpt lon="2.671958" lat="39.773936"><ele>194.75</ele></trkpt>
   <trkpt lon="2.671809" lat="39.773868"><ele>193.25</ele></trkpt>
   <trkpt lon="2.671599" lat="39.773752"><ele>194.5</ele></trkpt>
   <trkpt lon="2.671534" lat="39.773738"><ele>194.5</ele></trkpt>
   <trkpt lon="2.671223" lat="39.773731"><ele>190.75</ele></trkpt>
   <trkpt lon="2.671136" lat="39.773708"><ele>190.75</ele></trkpt>
   <trkpt lon="2.671000" lat="39.773631"><ele>190.75</ele></trkpt>
   <trkpt lon="2.670800" lat="39.773541"><ele>190.75</ele></trkpt>
   <trkpt lon="2.670693" lat="39.773506"><ele>191.25</ele></trkpt>
   <trkpt lon="2.670574" lat="39.773497"><ele>189.5</ele></trkpt>
   <trkpt lon="2.670375" lat="39.773496"><ele>187.5</ele></trkpt>
   <trkpt lon="2.670257" lat="39.773474"><ele>187.0</ele></trkpt>
   <trkpt lon="2.669953" lat="39.773373"><ele>185.25</ele></trkpt>
   <trkpt lon="2.669829" lat="39.773297"><ele>183.5</ele></trkpt>
   <trkpt lon="2.669754" lat="39.773197"><ele>182.75</ele></trkpt>
   <trkpt lon="2.669631" lat="39.772894"><ele>182.25</ele></trkpt>
   <trkpt lon="2.669222" lat="39.772574"><ele>180.25</ele></trkpt>
   <trkpt lon="2.668927" lat="39.772317"><ele>179.25</ele></trkpt>
   <trkpt lon="2.668774" lat="39.772159"><ele>178.75</ele></trkpt>
   <trkpt lon="2.668374" lat="39.771665"><ele>176.0</ele></trkpt>
   <trkpt lon="2.668328" lat="39.771571"><ele>174.25</ele></trkpt>
   <trkpt lon="2.668310" lat="39.771470"><ele>173.25</ele></trkpt>
   <trkpt lon="2.668286" lat="39.771195"><ele>173.75</ele></trkpt>
   <trkpt lon="2.668252" lat="39.771141"><ele>173.0</ele></trkpt>
   <trkpt lon="2.667923" lat="39.770852"><ele>169.5</ele></trkpt>
   <trkpt lon="2.667863" lat="39.770763"><ele>168.0</ele></trkpt>
   <trkpt lon="2.667859" lat="39.770699"><ele>167.0</ele></trkpt>
   <trkpt lon="2.667885" lat="39.770612"><ele>167.25</ele></trkpt>
   <trkpt lon="2.667979" lat="39.770395"><ele>171.5</ele></trkpt>
   <trkpt lon="2.667967" lat="39.770338"><ele>171.0</ele></trkpt>
   <trkpt lon="2.667908" lat="39.770297"><ele>169.5</ele></trkpt>
   <trkpt lon="2.667767" lat="39.770246"><ele>168.25</ele></trkpt>
   <trkpt lon="2.667538" lat="39.770191"><ele>168.25</ele></trkpt>
   <trkpt lon="2.667421" lat="39.770183"><ele>168.5</ele></trkpt>
   <trkpt lon="2.667304" lat="39.770210"><ele>168.0</ele></trkpt>
   <trkpt lon="2.667187" lat="39.770266"><ele>167.0</ele></trkpt>
   <trkpt lon="2.667072" lat="39.770345"><ele>166.75</ele></trkpt>
   <trkpt lon="2.666954" lat="39.770446"><ele>165.75</ele></trkpt>
   <trkpt lon="2.666847" lat="39.770559"><ele>165.0</ele></trkpt>
   <trkpt lon="2.666690" lat="39.770767"><ele>164.0</ele></trkpt>
   <trkpt lon="2.666581" lat="39.770880"><ele>162.0</ele></trkpt>
   <trkpt lon="2.666489" lat="39.770929"><ele>160.75</ele></trkpt>
   <trkpt lon="2.666389" lat="39.770963"><ele>160.0</ele></trkpt>
   <trkpt lon="2.666081" lat="39.771010"><ele>161.0</ele></trkpt>
   <trkpt lon="2.665740" lat="39.771045"><ele>162.5</ele></trkpt>
   <trkpt lon="2.665363" lat="39.771068"><ele>161.25</ele></trkpt>
   <trkpt lon="2.664831" lat="39.771009"><ele>160.75</ele></trkpt>
   <trkpt lon="2.664552" lat="39.770970"><ele>157.5</ele></trkpt>
   <trkpt lon="2.664451" lat="39.770905"><ele>158.5</ele></trkpt>
   <trkpt lon="2.664153" lat="39.770457"><ele>160.5</ele><sym>pass_place</sym><type>Shaping</type></trkpt>
   <trkpt lon="2.664152" lat="39.770456"><ele>160.5</ele></trkpt>
   <trkpt lon="2.663962" lat="39.770304"><ele>158.25</ele></trkpt>
   <trkpt lon="2.663813" lat="39.770152"><ele>156.5</ele></trkpt>
   <trkpt lon="2.663745" lat="39.770024"><ele>157.5</ele></trkpt>
   <trkpt lon="2.663704" lat="39.769925"><ele>158.5</ele></trkpt>
   <trkpt lon="2.663650" lat="39.769832"><ele>158.75</ele></trkpt>
   <trkpt lon="2.663459" lat="39.769663"><ele>155.75</ele></trkpt>
   <trkpt lon="2.663359" lat="39.769559"><ele>154.25</ele></trkpt>
   <trkpt lon="2.663326" lat="39.769432"><ele>155.5</ele></trkpt>
   <trkpt lon="2.663338" lat="39.769296"><ele>155.5</ele></trkpt>
   <trkpt lon="2.663331" lat="39.769162"><ele>154.75</ele></trkpt>
   <trkpt lon="2.663288" lat="39.769045"><ele>155.25</ele></trkpt>
   <trkpt lon="2.663218" lat="39.768954"><ele>154.75</ele></trkpt>
   <trkpt lon="2.663032" lat="39.768791"><ele>153.5</ele></trkpt>
   <trkpt lon="2.662791" lat="39.768665"><ele>152.25</ele></trkpt>
   <trkpt lon="2.662689" lat="39.768628"><ele>152.0</ele></trkpt>
   <trkpt lon="2.662560" lat="39.768608"><ele>151.5</ele></trkpt>
   <trkpt lon="2.662344" lat="39.768611"><ele>150.25</ele></trkpt>
   <trkpt lon="2.661989" lat="39.768602"><ele>148.5</ele></trkpt>
   <trkpt lon="2.661868" lat="39.768577"><ele>147.75</ele></trkpt>
   <trkpt lon="2.661775" lat="39.768534"><ele>147.75</ele></trkpt>
   <trkpt lon="2.661611" lat="39.768405"><ele>147.5</ele></trkpt>
   <trkpt lon="2.661494" lat="39.768242"><ele>147.25</ele></trkpt>
   <trkpt lon="2.661407" lat="39.768001"><ele>146.75</ele></trkpt>
   <trkpt lon="2.661355" lat="39.767917"><ele>146.75</ele></trkpt>
   <trkpt lon="2.661283" lat="39.767842"><ele>146.0</ele></trkpt>
   <trkpt lon="2.661128" lat="39.767729"><ele>143.75</ele></trkpt>
   <trkpt lon="2.661051" lat="39.767647"><ele>143.25</ele></trkpt>
   <trkpt lon="2.660988" lat="39.767556"><ele>143.5</ele></trkpt>
   <trkpt lon="2.660886" lat="39.767313"><ele>143.5</ele></trkpt>
   <trkpt lon="2.660792" lat="39.767191"><ele>143.0</ele></trkpt>
   <trkpt lon="2.660744" lat="39.767140"><ele>143.75</ele></trkpt>
   <trkpt lon="2.660661" lat="39.767088"><ele>143.75</ele></trkpt>
   <trkpt lon="2.660406" lat="39.767008"><ele>142.25</ele></trkpt>
   <trkpt lon="2.660120" lat="39.766935"><ele>141.0</ele></trkpt>
   <trkpt lon="2.659607" lat="39.766848"><ele>139.0</ele></trkpt>
   <trkpt lon="2.659326" lat="39.766768"><ele>137.5</ele></trkpt>
   <trkpt lon="2.659091" lat="39.766661"><ele>136.75</ele></trkpt>
   <trkpt lon="2.658887" lat="39.766608"><ele>135.25</ele></trkpt>
   <trkpt lon="2.658675" lat="39.766530"><ele>134.25</ele></trkpt>
   <trkpt lon="2.658541" lat="39.766438"><ele>134.25</ele></trkpt>
   <trkpt lon="2.658408" lat="39.766353"><ele>133.75</ele></trkpt>
   <trkpt lon="2.658311" lat="39.766317"><ele>133.0</ele></trkpt>
   <trkpt lon="2.658188" lat="39.766308"><ele>132.25</ele></trkpt>
   <trkpt lon="2.658074" lat="39.766314"><ele>131.0</ele></trkpt>
   <trkpt lon="2.657851" lat="39.766369"><ele>129.25</ele></trkpt>
   <trkpt lon="2.657727" lat="39.766391"><ele>128.5</ele></trkpt>
   <trkpt lon="2.657526" lat="39.766369"><ele>128.5</ele></trkpt>
   <trkpt lon="2.657334" lat="39.766299"><ele>127.25</ele></trkpt>
   <trkpt lon="2.657158" lat="39.766164"><ele>127.25</ele></trkpt>
   <trkpt lon="2.657046" lat="39.766052"><ele>128.25</ele></trkpt>
   <trkpt lon="2.656890" lat="39.765977"><ele>126.5</ele></trkpt>
   <trkpt lon="2.656735" lat="39.765952"><ele>124.0</ele></trkpt>
   <trkpt lon="2.656582" lat="39.765913"><ele>122.75</ele></trkpt>
   <trkpt lon="2.656466" lat="39.765849"><ele>124.0</ele></trkpt>
   <trkpt lon="2.656365" lat="39.765780"><ele>124.5</ele></trkpt>
   <trkpt lon="2.656326" lat="39.765741"><ele>124.25</ele></trkpt>
   <trkpt lon="2.656208" lat="39.765697"><ele>122.5</ele></trkpt>
   <trkpt lon="2.656030" lat="39.765641"><ele>120.75</ele></trkpt>
   <trkpt lon="2.655890" lat="39.765564"><ele>121.25</ele></trkpt>
   <trkpt lon="2.655648" lat="39.765284"><ele>120.75</ele></trkpt>
   <trkpt lon="2.655457" lat="39.765137"><ele>119.25</ele></trkpt>
   <trkpt lon="2.655361" lat="39.765039"><ele>118.5</ele></trkpt>
   <trkpt lon="2.655283" lat="39.764937"><ele>118.5</ele></trkpt>
   <trkpt lon="2.655117" lat="39.764656"><ele>118.75</ele></trkpt>
   <trkpt lon="2.654786" lat="39.764306"><ele>115.5</ele></trkpt>
   <trkpt lon="2.654542" lat="39.763938"><ele>114.25</ele></trkpt>
   <trkpt lon="2.654460" lat="39.763871"><ele>114.0</ele></trkpt>
   <trkpt lon="2.654370" lat="39.763817"><ele>114.75</ele></trkpt>
   <trkpt lon="2.654228" lat="39.763755"><ele>114.75</ele></trkpt>
   <trkpt lon="2.653983" lat="39.763700"><ele>114.75</ele></trkpt>
   <trkpt lon="2.653772" lat="39.763671"><ele>114.5</ele></trkpt>
   <trkpt lon="2.653575" lat="39.763619"><ele>115.5</ele></trkpt>
   <trkpt lon="2.653448" lat="39.763560"><ele>114.75</ele></trkpt>
   <trkpt lon="2.653300" lat="39.763464"><ele>115.25</ele></trkpt>
   <trkpt lon="2.652839" lat="39.762995"><ele>118.75</ele></trkpt>
   <trkpt lon="2.652768" lat="39.762904"><ele>119.25</ele></trkpt>
   <trkpt lon="2.652729" lat="39.762825"><ele>120.0</ele></trkpt>
   <trkpt lon="2.652715" lat="39.762734"><ele>121.25</ele></trkpt>
   <trkpt lon="2.652694" lat="39.762667"><ele>121.25</ele></trkpt>
   <trkpt lon="2.652639" lat="39.762569"><ele>121.25</ele></trkpt>
   <trkpt lon="2.652580" lat="39.762508"><ele>121.25</ele></trkpt>
   <trkpt lon="2.652427" lat="39.762380"><ele>122.0</ele></trkpt>
   <trkpt lon="2.652353" lat="39.762296"><ele>122.25</ele></trkpt>
   <trkpt lon="2.652298" lat="39.762148"><ele>124.75</ele></trkpt>
   <trkpt lon="2.652245" lat="39.762077"><ele>125.5</ele></trkpt>
   <trkpt lon="2.652183" lat="39.762033"><ele>125.75</ele></trkpt>
   <trkpt lon="2.652009" lat="39.761960"><ele>126.0</ele></trkpt>
   <trkpt lon="2.651938" lat="39.761922"><ele>126.25</ele></trkpt>
   <trkpt lon="2.651868" lat="39.761856"><ele>126.75</ele></trkpt>
   <trkpt lon="2.651708" lat="39.761669"><ele>128.5</ele></trkpt>
   <trkpt lon="2.651632" lat="39.761578"><ele>129.75</ele></trkpt>
   <trkpt lon="2.651557" lat="39.761509"><ele>130.5</ele></trkpt>
   <trkpt lon="2.651440" lat="39.761449"><ele>130.5</ele></trkpt>
   <trkpt lon="2.650793" lat="39.761218"><ele>132.25</ele></trkpt>
   <trkpt lon="2.650677" lat="39.761175"><ele>132.25</ele></trkpt>
   <trkpt lon="2.650491" lat="39.761105"><ele>132.25</ele></trkpt>
   <trkpt lon="2.650406" lat="39.761028"><ele>132.0</ele></trkpt>
   <trkpt lon="2.650385" lat="39.760975"><ele>132.25</ele></trkpt>
   <trkpt lon="2.650390" lat="39.760912"><ele>132.75</ele></trkpt>
   <trkpt lon="2.650436" lat="39.760839"><ele>134.0</ele></trkpt>
   <trkpt lon="2.650640" lat="39.760675"><ele>135.25</ele></trkpt>
   <trkpt lon="2.650714" lat="39.760600"><ele>135.5</ele></trkpt>
   <trkpt lon="2.650739" lat="39.760529"><ele>135.75</ele></trkpt>
   <trkpt lon="2.650732" lat="39.760477"><ele>136.25</ele></trkpt>
   <trkpt lon="2.650685" lat="39.760375"><ele>136.25</ele></trkpt>
   <trkpt lon="2.650651" lat="39.760273"><ele>136.5</ele></trkpt>
   <trkpt lon="2.650608" lat="39.760149"><ele>136.25</ele><sym>pass_place</sym><type>Shaping</type></trkpt>
   <trkpt lon="2.650607" lat="39.760146"><ele>136.25</ele></trkpt>
   <trkpt lon="2.650555" lat="39.759983"><ele>136.0</ele></trkpt>
   <trkpt lon="2.650430" lat="39.759692"><ele>135.5</ele></trkpt>
   <trkpt lon="2.650422" lat="39.759599"><ele>135.0</ele></trkpt>
   <trkpt lon="2.650433" lat="39.759439"><ele>135.0</ele></trkpt>
   <trkpt lon="2.650450" lat="39.759327"><ele>137.0</ele></trkpt>
   <trkpt lon="2.650440" lat="39.759253"><ele>137.75</ele></trkpt>
   <trkpt lon="2.650370" lat="39.759080"><ele>138.25</ele></trkpt>
   <trkpt lon="2.650287" lat="39.758989"><ele>137.75</ele></trkpt>
   <trkpt lon="2.650123" lat="39.758867"><ele>137.5</ele></trkpt>
   <trkpt lon="2.650052" lat="39.758797"><ele>136.25</ele></trkpt>
   <trkpt lon="2.650037" lat="39.758765"><ele>135.75</ele></trkpt>
   <trkpt lon="2.650042" lat="39.758727"><ele>135.5</ele></trkpt>
   <trkpt lon="2.650070" lat="39.758663"><ele>135.75</ele></trkpt>
   <trkpt lon="2.650127" lat="39.758593"><ele>136.75</ele></trkpt>
   <trkpt lon="2.650298" lat="39.758417"><ele>138.0</ele></trkpt>
   <trkpt lon="2.650344" lat="39.758362"><ele>138.0</ele></trkpt>
   <trkpt lon="2.650397" lat="39.758243"><ele>138.5</ele></trkpt>
   <trkpt lon="2.650428" lat="39.758143"><ele>138.5</ele></trkpt>
   <trkpt lon="2.650437" lat="39.758024"><ele>139.0</ele></trkpt>
   <trkpt lon="2.650417" lat="39.757974"><ele>139.75</ele></trkpt>
   <trkpt lon="2.650376" lat="39.757934"><ele>140.0</ele></trkpt>
   <trkpt lon="2.650327" lat="39.757899"><ele>140.5</ele></trkpt>
   <trkpt lon="2.650264" lat="39.757883"><ele>140.5</ele></trkpt>
   <trkpt lon="2.650184" lat="39.757887"><ele>140.25</ele></trkpt>
   <trkpt lon="2.649974" lat="39.757918"><ele>137.75</ele></trkpt>
   <trkpt lon="2.649802" lat="39.757924"><ele>137.0</ele></trkpt>
   <trkpt lon="2.649604" lat="39.757897"><ele>138.0</ele></trkpt>
   <trkpt lon="2.649562" lat="39.757892"><ele>138.0</ele></trkpt>
   <trkpt lon="2.649330" lat="39.757817"><ele>139.75</ele></trkpt>
   <trkpt lon="2.648919" lat="39.757695"><ele>141.0</ele></trkpt>
   <trkpt lon="2.648523" lat="39.757577"><ele>144.0</ele></trkpt>
   <trkpt lon="2.648405" lat="39.757586"><ele>144.0</ele></trkpt>
   <trkpt lon="2.648304" lat="39.757637"><ele>143.0</ele></trkpt>
   <trkpt lon="2.647956" lat="39.757902"><ele>142.25</ele><sym>left_slight</sym></trkpt>
   <trkpt lon="2.647831" lat="39.757945"><ele>143.0</ele></trkpt>
   <trkpt lon="2.647743" lat="39.757961"><ele>143.5</ele></trkpt>
   <trkpt lon="2.647623" lat="39.757954"><ele>143.0</ele></trkpt>
   <trkpt lon="2.647528" lat="39.757932"><ele>143.5</ele></trkpt>
   <trkpt lon="2.647404" lat="39.757870"><ele>143.25</ele></trkpt>
   <trkpt lon="2.647321" lat="39.757790"><ele>144.0</ele></trkpt>
   <trkpt lon="2.647274" lat="39.757706"><ele>144.5</ele></trkpt>
   <trkpt lon="2.646857" lat="39.756591"><ele>149.75</ele></trkpt>
   <trkpt lon="2.646776" lat="39.756369"><ele>152.5</ele></trkpt>
   <trkpt lon="2.646764" lat="39.756292"><ele>151.75</ele></trkpt>
   <trkpt lon="2.646766" lat="39.756224"><ele>151.5</ele></trkpt>
   <trkpt lon="2.646809" lat="39.756121"><ele>152.0</ele></trkpt>
   <trkpt lon="2.647046" lat="39.755820"><ele>153.75</ele></trkpt>
   <trkpt lon="2.647084" lat="39.755763"><ele>154.5</ele></trkpt>
   <trkpt lon="2.647119" lat="39.755653"><ele>154.75</ele></trkpt>
   <trkpt lon="2.647185" lat="39.755363"><ele>155.0</ele></trkpt>
   <trkpt lon="2.647215" lat="39.755292"><ele>155.75</ele></trkpt>
   <trkpt lon="2.647260" lat="39.755233"><ele>155.5</ele></trkpt>
   <trkpt lon="2.647689" lat="39.754924"><ele>159.0</ele></trkpt>
   <trkpt lon="2.647769" lat="39.754864"><ele>159.25</ele></trkpt>
   <trkpt lon="2.647858" lat="39.754800"><ele>160.0</ele></trkpt>
   <trkpt lon="2.647893" lat="39.754727"><ele>159.5</ele></trkpt>
   <trkpt lon="2.647877" lat="39.754648"><ele>159.5</ele></trkpt>
   <trkpt lon="2.647682" lat="39.754399"><ele>159.75</ele></trkpt>
   <trkpt lon="2.647241" lat="39.753819"><ele>161.5</ele></trkpt>
   <trkpt lon="2.647179" lat="39.753722"><ele>161.25</ele></trkpt>
   <trkpt lon="2.647136" lat="39.753602"><ele>161.5</ele></trkpt>
   <trkpt lon="2.647132" lat="39.753457"><ele>162.5</ele></trkpt>
   <trkpt lon="2.647231" lat="39.752913"><ele>165.5</ele></trkpt>
   <trkpt lon="2.647232" lat="39.752839"><ele>165.75</ele></trkpt>
   <trkpt lon="2.647186" lat="39.752769"><ele>165.75</ele></trkpt>
   <trkpt lon="2.646906" lat="39.752520"><ele>166.25</ele></trkpt>
   <trkpt lon="2.646672" lat="39.752322"><ele>165.5</ele></trkpt>
   <trkpt lon="2.646641" lat="39.752277"><ele>165.5</ele></trkpt>
   <trkpt lon="2.646632" lat="39.752219"><ele>166.0</ele></trkpt>
   <trkpt lon="2.646657" lat="39.752160"><ele>166.0</ele></trkpt>
   <trkpt lon="2.646880" lat="39.751937"><ele>168.25</ele></trkpt>
   <trkpt lon="2.647137" lat="39.751658"><ele>167.75</ele></trkpt>
   <trkpt lon="2.647225" lat="39.751491"><ele>169.25</ele></trkpt>
   <trkpt lon="2.647261" lat="39.751287"><ele>169.25</ele></trkpt>
   <trkpt lon="2.647272" lat="39.751095"><ele>168.75</ele></trkpt>
   <trkpt lon="2.647282" lat="39.750996"><ele>168.5</ele></trkpt>
   <trkpt lon="2.647299" lat="39.750876"><ele>168.5</ele></trkpt>
   <trkpt lon="2.647327" lat="39.750814"><ele>169.0</ele></trkpt>
   <trkpt lon="2.647366" lat="39.750750"><ele>169.0</ele></trkpt>
   <trkpt lon="2.647428" lat="39.750680"><ele>169.5</ele></trkpt>
   <trkpt lon="2.648055" lat="39.750178"><ele>172.25</ele></trkpt>
   <trkpt lon="2.648334" lat="39.749957"><ele>175.0</ele></trkpt>
   <trkpt lon="2.648416" lat="39.749876"><ele>175.75</ele></trkpt>
   <trkpt lon="2.648440" lat="39.749806"><ele>174.5</ele></trkpt>
   <trkpt lon="2.648433" lat="39.749445"><ele>171.5</ele></trkpt>
   <trkpt lon="2.648409" lat="39.749140"><ele>175.0</ele></trkpt>
   <trkpt lon="2.648411" lat="39.749085"><ele>175.75</ele></trkpt>
   <trkpt lon="2.648443" lat="39.749002"><ele>176.75</ele></trkpt>
   <trkpt lon="2.648688" lat="39.748802"><ele>177.5</ele></trkpt>
   <trkpt lon="2.648845" lat="39.748678"><ele>177.5</ele></trkpt>
   <trkpt lon="2.648896" lat="39.748633"><ele>177.0</ele></trkpt>
   <trkpt lon="2.648911" lat="39.748616"><ele>177.0</ele></trkpt>
   <trkpt lon="2.648985" lat="39.748541"><ele>177.25</ele></trkpt>
   <trkpt lon="2.649029" lat="39.748476"><ele>177.75</ele></trkpt>
   <trkpt lon="2.649047" lat="39.748398"><ele>177.75</ele></trkpt>
   <trkpt lon="2.649046" lat="39.748374"><ele>177.75</ele></trkpt>
   <trkpt lon="2.649021" lat="39.748293"><ele>177.5</ele></trkpt>
   <trkpt lon="2.648690" lat="39.747823"><ele>175.0</ele></trkpt>
   <trkpt lon="2.648688" lat="39.747819"><ele>172.75</ele><sym>pass_place</sym><type>Shaping</type></trkpt>
   <trkpt lon="2.648588" lat="39.747658"><ele>172.75</ele></trkpt>
   <trkpt lon="2.648567" lat="39.747581"><ele>172.25</ele></trkpt>
   <trkpt lon="2.648564" lat="39.747486"><ele>172.5</ele></trkpt>
   <trkpt lon="2.648585" lat="39.747389"><ele>172.0</ele></trkpt>
   <trkpt lon="2.648624" lat="39.747316"><ele>172.25</ele></trkpt>
   <trkpt lon="2.648673" lat="39.747248"><ele>172.5</ele></trkpt>
   <trkpt lon="2.648732" lat="39.747184"><ele>172.5</ele></trkpt>
   <trkpt lon="2.648862" lat="39.747093"><ele>172.5</ele></trkpt>
   <trkpt lon="2.648893" lat="39.747075"><ele>172.75</ele></trkpt>
   <trkpt lon="2.649369" lat="39.746803"><ele>170.75</ele></trkpt>
   <trkpt lon="2.649484" lat="39.746737"><ele>170.25</ele></trkpt>
   <trkpt lon="2.649537" lat="39.746708"><ele>170.0</ele></trkpt>
   <trkpt lon="2.649596" lat="39.746662"><ele>169.5</ele></trkpt>
   <trkpt lon="2.649640" lat="39.746601"><ele>169.75</ele></trkpt>
   <trkpt lon="2.649654" lat="39.746518"><ele>169.75</ele></trkpt>
   <trkpt lon="2.649652" lat="39.746420"><ele>169.5</ele></trkpt>
   <trkpt lon="2.649641" lat="39.746361"><ele>169.75</ele></trkpt>
   <trkpt lon="2.649593" lat="39.746313"><ele>170.0</ele></trkpt>
   <trkpt lon="2.649546" lat="39.746295"><ele>169.75</ele></trkpt>
   <trkpt lon="2.649514" lat="39.746292"><ele>169.5</ele></trkpt>
   <trkpt lon="2.649430" lat="39.746305"><ele>168.25</ele></trkpt>
   <trkpt lon="2.649321" lat="39.746343"><ele>166.5</ele></trkpt>
   <trkpt lon="2.649188" lat="39.746365"><ele>165.25</ele></trkpt>
   <trkpt lon="2.649113" lat="39.746370"><ele>164.5</ele></trkpt>
   <trkpt lon="2.649021" lat="39.746366"><ele>164.25</ele></trkpt>
   <trkpt lon="2.648094" lat="39.746195"><ele>162.5</ele></trkpt>
   <trkpt lon="2.647731" lat="39.746108"><ele>161.5</ele></trkpt>
   <trkpt lon="2.647665" lat="39.746093"><ele>161.5</ele></trkpt>
   <trkpt lon="2.647513" lat="39.746058"><ele>161.25</ele></trkpt>
   <trkpt lon="2.646961" lat="39.745931"><ele>158.75</ele></trkpt>
   <trkpt lon="2.646860" lat="39.745903"><ele>158.0</ele></trkpt>
   <trkpt lon="2.646783" lat="39.745865"><ele>158.0</ele></trkpt>
   <trkpt lon="2.646702" lat="39.745813"><ele>158.25</ele></trkpt>
   <trkpt lon="2.646281" lat="39.745458"><ele>157.25</ele></trkpt>
   <trkpt lon="2.645908" lat="39.745116"><ele>156.5</ele></trkpt>
   <trkpt lon="2.645648" lat="39.744797"><ele>156.0</ele></trkpt>
   <trkpt lon="2.645581" lat="39.744759"><ele>154.75</ele></trkpt>
   <trkpt lon="2.645504" lat="39.744737"><ele>154.25</ele></trkpt>
   <trkpt lon="2.645386" lat="39.744741"><ele>153.25</ele></trkpt>
   <trkpt lon="2.645313" lat="39.744765"><ele>152.5</ele></trkpt>
   <trkpt lon="2.645248" lat="39.744802"><ele>152.5</ele></trkpt>
   <trkpt lon="2.645191" lat="39.744881"><ele>153.0</ele></trkpt>
   <trkpt lon="2.644887" lat="39.745772"><ele>150.25</ele></trkpt>
   <trkpt lon="2.644784" lat="39.746016"><ele>148.5</ele></trkpt>
   <trkpt lon="2.644710" lat="39.746127"><ele>147.75</ele></trkpt>
   <trkpt lon="2.644591" lat="39.746252"><ele>146.75</ele></trkpt>
   <trkpt lon="2.644430" lat="39.746382"><ele>146.5</ele></trkpt>
   <trkpt lon="2.644095" lat="39.746636"><ele>143.75</ele></trkpt>
   <trkpt lon="2.643921" lat="39.746793"><ele>142.5</ele></trkpt>
   <trkpt lon="2.643690" lat="39.747124"><ele>140.5</ele></trkpt>
   <trkpt lon="2.643595" lat="39.747204"><ele>140.75</ele></trkpt>
   <trkpt lon="2.643467" lat="39.747264"><ele>139.5</ele></trkpt>
   <trkpt lon="2.643362" lat="39.747294"><ele>139.0</ele></trkpt>
   <trkpt lon="2.643199" lat="39.747309"><ele>138.75</ele></trkpt>
   <trkpt lon="2.642579" lat="39.747302"><ele>136.25</ele></trkpt>
   <trkpt lon="2.642473" lat="39.747298"><ele>136.25</ele></trkpt>
   <trkpt lon="2.642329" lat="39.747296"><ele>136.5</ele></trkpt>
   <trkpt lon="2.642216" lat="39.747316"><ele>135.75</ele></trkpt>
   <trkpt lon="2.642147" lat="39.747327"><ele>135.5</ele></trkpt>
   <trkpt lon="2.641978" lat="39.747378"><ele>134.25</ele></trkpt>
   <trkpt lon="2.641876" lat="39.747422"><ele>133.25</ele></trkpt>
   <trkpt lon="2.641844" lat="39.747455"><ele>132.75</ele></trkpt>
   <trkpt lon="2.641795" lat="39.747536"><ele>132.5</ele></trkpt>
   <trkpt lon="2.641787" lat="39.747606"><ele>133.75</ele></trkpt>
   <trkpt lon="2.641807" lat="39.747676"><ele>134.5</ele></trkpt>
   <trkpt lon="2.641850" lat="39.747725"><ele>134.0</ele></trkpt>
   <trkpt lon="2.642274" lat="39.747986"><ele>131.25</ele></trkpt>
   <trkpt lon="2.642392" lat="39.748091"><ele>130.5</ele></trkpt>
   <trkpt lon="2.642493" lat="39.748201"><ele>129.25</ele></trkpt>
   <trkpt lon="2.642531" lat="39.748315"><ele>130.0</ele></trkpt>
   <trkpt lon="2.642537" lat="39.748435"><ele>129.25</ele></trkpt>
   <trkpt lon="2.642480" lat="39.748563"><ele>129.75</ele></trkpt>
   <trkpt lon="2.642433" lat="39.748622"><ele>130.5</ele></trkpt>
   <trkpt lon="2.642357" lat="39.748687"><ele>130.5</ele></trkpt>
   <trkpt lon="2.642006" lat="39.748931"><ele>131.5</ele></trkpt>
   <trkpt lon="2.641638" lat="39.749186"><ele>133.5</ele></trkpt>
   <trkpt lon="2.641548" lat="39.749268"><ele>135.25</ele></trkpt>
   <trkpt lon="2.641463" lat="39.749365"><ele>136.5</ele></trkpt>
   <trkpt lon="2.641409" lat="39.749530"><ele>137.5</ele></trkpt>
   <trkpt lon="2.641416" lat="39.749646"><ele>138.0</ele></trkpt>
   <trkpt lon="2.641453" lat="39.749766"><ele>138.25</ele></trkpt>
   <trkpt lon="2.641500" lat="39.749848"><ele>138.75</ele></trkpt>
   <trkpt lon="2.641608" lat="39.750018"><ele>139.25</ele></trkpt>
   <trkpt lon="2.641722" lat="39.750216"><ele>139.5</ele></trkpt>
   <trkpt lon="2.641764" lat="39.750344"><ele>139.5</ele></trkpt>
   <trkpt lon="2.641764" lat="39.750414"><ele>139.75</ele></trkpt>
   <trkpt lon="2.641718" lat="39.750524"><ele>141.5</ele></trkpt>
   <trkpt lon="2.641617" lat="39.750651"><ele>142.25</ele></trkpt>
   <trkpt lon="2.641462" lat="39.750798"><ele>144.0</ele></trkpt>
   <trkpt lon="2.641277" lat="39.750912"><ele>146.25</ele></trkpt>
   <trkpt lon="2.641078" lat="39.750997"><ele>147.0</ele></trkpt>
   <trkpt lon="2.640866" lat="39.751035"><ele>148.75</ele></trkpt>
   <trkpt lon="2.640689" lat="39.751053"><ele>150.0</ele></trkpt>
   <trkpt lon="2.640480" lat="39.751083"><ele>150.75</ele></trkpt>
   <trkpt lon="2.640240" lat="39.751104"><ele>151.5</ele></trkpt>
   <trkpt lon="2.640110" lat="39.751101"><ele>152.5</ele></trkpt>
   <trkpt lon="2.639974" lat="39.751085"><ele>154.0</ele></trkpt>
   <trkpt lon="2.639858" lat="39.751063"><ele>154.75</ele></trkpt>
   <trkpt lon="2.639709" lat="39.751014"><ele>156.25</ele></trkpt>
   <trkpt lon="2.639252" lat="39.750775"><ele>158.5</ele></trkpt>
   <trkpt lon="2.639079" lat="39.750684"><ele>160.0</ele></trkpt>
   <trkpt lon="2.638607" lat="39.750424"><ele>162.0</ele><sym>pass_place</sym><type>Shaping</type></trkpt>
   <trkpt lon="2.638455" lat="39.750399"><ele>161.25</ele></trkpt>
   <trkpt lon="2.638330" lat="39.750417"><ele>159.5</ele></trkpt>
   <trkpt lon="2.638253" lat="39.750444"><ele>160.5</ele></trkpt>
   <trkpt lon="2.638248" lat="39.750446"><ele>160.5</ele></trkpt>
   <trkpt lon="2.638173" lat="39.750521"><ele>161.75</ele></trkpt>
   <trkpt lon="2.638130" lat="39.750602"><ele>162.5</ele></trkpt>
   <trkpt lon="2.638111" lat="39.750644"><ele>162.75</ele></trkpt>
   <trkpt lon="2.638015" lat="39.751039"><ele>164.5</ele></trkpt>
   <trkpt lon="2.637916" lat="39.751221"><ele>165.25</ele></trkpt>
   <trkpt lon="2.637836" lat="39.751351"><ele>166.25</ele></trkpt>
   <trkpt lon="2.637793" lat="39.751456"><ele>167.5</ele></trkpt>
   <trkpt lon="2.637784" lat="39.751554"><ele>168.25</ele></trkpt>
   <trkpt lon="2.637809" lat="39.751667"><ele>168.0</ele></trkpt>
   <trkpt lon="2.638055" lat="39.752122"><ele>172.0</ele></trkpt>
   <trkpt lon="2.638113" lat="39.752247"><ele>173.25</ele></trkpt>
   <trkpt lon="2.638128" lat="39.752325"><ele>173.25</ele></trkpt>
   <trkpt lon="2.638126" lat="39.752442"><ele>174.25</ele></trkpt>
   <trkpt lon="2.637940" lat="39.753094"><ele>179.75</ele></trkpt>
   <trkpt lon="2.637878" lat="39.753240"><ele>179.5</ele></trkpt>
   <trkpt lon="2.637789" lat="39.753338"><ele>180.5</ele></trkpt>
   <trkpt lon="2.637633" lat="39.753483"><ele>183.25</ele></trkpt>
   <trkpt lon="2.637540" lat="39.753621"><ele>182.75</ele></trkpt>
   <trkpt lon="2.637267" lat="39.754260"><ele>189.0</ele></trkpt>
   <trkpt lon="2.637136" lat="39.754422"><ele>191.75</ele></trkpt>
   <trkpt lon="2.637071" lat="39.754472"><ele>192.5</ele></trkpt>
   <trkpt lon="2.636967" lat="39.754536"><ele>193.0</ele></trkpt>
   <trkpt lon="2.636837" lat="39.754580"><ele>194.25</ele></trkpt>
   <trkpt lon="2.636546" lat="39.754621"><ele>197.25</ele></trkpt>
   <trkpt lon="2.636205" lat="39.754656"><ele>199.75</ele></trkpt>
   <trkpt lon="2.636076" lat="39.754701"><ele>200.75</ele></trkpt>
   <trkpt lon="2.636016" lat="39.754753"><ele>201.75</ele></trkpt>
   <trkpt lon="2.635988" lat="39.754819"><ele>202.75</ele></trkpt>
   <trkpt lon="2.635980" lat="39.754941"><ele>203.5</ele></trkpt>
   <trkpt lon="2.636001" lat="39.755261"><ele>205.25</ele></trkpt>
   <trkpt lon="2.635951" lat="39.755856"><ele>208.25</ele></trkpt>
   <trkpt lon="2.635909" lat="39.756035"><ele>209.0</ele></trkpt>
   <trkpt lon="2.635819" lat="39.756200"><ele>210.0</ele></trkpt>
   <trkpt lon="2.635688" lat="39.756331"><ele>210.75</ele></trkpt>
   <trkpt lon="2.635490" lat="39.756448"><ele>211.75</ele></trkpt>
   <trkpt lon="2.635284" lat="39.756548"><ele>212.0</ele></trkpt>
   <trkpt lon="2.635107" lat="39.756611"><ele>213.75</ele></trkpt>
   <trkpt lon="2.634910" lat="39.756661"><ele>215.5</ele></trkpt>
   <trkpt lon="2.634743" lat="39.756675"><ele>216.5</ele></trkpt>
   <trkpt lon="2.634034" lat="39.756658"><ele>220.5</ele></trkpt>
   <trkpt lon="2.633816" lat="39.756629"><ele>220.75</ele></trkpt>
   <trkpt lon="2.633613" lat="39.756567"><ele>220.25</ele></trkpt>
   <trkpt lon="2.633465" lat="39.756495"><ele>221.0</ele></trkpt>
   <trkpt lon="2.633323" lat="39.756400"><ele>222.5</ele></trkpt>
   <trkpt lon="2.633131" lat="39.756229"><ele>223.0</ele></trkpt>
   <trkpt lon="2.633034" lat="39.756106"><ele>224.25</ele></trkpt>
   <trkpt lon="2.632934" lat="39.755919"><ele>223.75</ele></trkpt>
   <trkpt lon="2.632800" lat="39.755238"><ele>231.25</ele></trkpt>
   <trkpt lon="2.632622" lat="39.754356"><ele>241.0</ele></trkpt>
   <trkpt lon="2.632548" lat="39.754151"><ele>243.5</ele></trkpt>
   <trkpt lon="2.632281" lat="39.753646"><ele>249.0</ele></trkpt>
   <trkpt lon="2.632146" lat="39.753464"><ele>251.75</ele></trkpt>
   <trkpt lon="2.631920" lat="39.753268"><ele>253.75</ele></trkpt>
   <trkpt lon="2.631692" lat="39.753114"><ele>255.25</ele></trkpt>
   <trkpt lon="2.631502" lat="39.752997"><ele>257.5</ele></trkpt>
   <trkpt lon="2.631294" lat="39.752907"><ele>259.5</ele></trkpt>
   <trkpt lon="2.631124" lat="39.752858"><ele>261.0</ele></trkpt>
   <trkpt lon="2.630700" lat="39.752804"><ele>263.0</ele></trkpt>
   <trkpt lon="2.630445" lat="39.752765"><ele>264.75</ele></trkpt>
   <trkpt lon="2.630239" lat="39.752702"><ele>266.5</ele></trkpt>
   <trkpt lon="2.630017" lat="39.752587"><ele>268.0</ele></trkpt>
   <trkpt lon="2.629896" lat="39.752478"><ele>270.25</ele></trkpt>
   <trkpt lon="2.629820" lat="39.752367"><ele>271.75</ele></trkpt>
   <trkpt lon="2.629765" lat="39.752269"><ele>272.75</ele></trkpt>
   <trkpt lon="2.629739" lat="39.752153"><ele>273.5</ele></trkpt>
   <trkpt lon="2.629732" lat="39.752031"><ele>274.25</ele></trkpt>
   <trkpt lon="2.629742" lat="39.751920"><ele>275.25</ele></trkpt>
   <trkpt lon="2.629834" lat="39.751693"><ele>276.5</ele></trkpt>
   <trkpt lon="2.629968" lat="39.751442"><ele>277.5</ele></trkpt>
   <trkpt lon="2.630165" lat="39.751111"><ele>278.5</ele></trkpt>
   <trkpt lon="2.630326" lat="39.750814"><ele>280.0</ele></trkpt>
   <trkpt lon="2.630498" lat="39.750279"><ele>282.25</ele><sym>pass_place</sym><type>Shaping</type></trkpt>
   <trkpt lon="2.630499" lat="39.750279"><ele>282.25</ele></trkpt>
   <trkpt lon="2.630612" lat="39.749982"><ele>284.0</ele></trkpt>
   <trkpt lon="2.630664" lat="39.749879"><ele>284.75</ele></trkpt>
   <trkpt lon="2.630741" lat="39.749778"><ele>285.25</ele></trkpt>
   <trkpt lon="2.630979" lat="39.749511"><ele>287.75</ele></trkpt>
   <trkpt lon="2.631059" lat="39.749422"><ele>287.75</ele></trkpt>
   <trkpt lon="2.631122" lat="39.749326"><ele>288.75</ele></trkpt>
   <trkpt lon="2.631147" lat="39.749234"><ele>288.75</ele></trkpt>
   <trkpt lon="2.631150" lat="39.749164"><ele>288.5</ele></trkpt>
   <trkpt lon="2.631130" lat="39.749090"><ele>289.5</ele></trkpt>
   <trkpt lon="2.630649" lat="39.747959"><ele>300.25</ele></trkpt>
   <trkpt lon="2.630547" lat="39.747825"><ele>300.25</ele></trkpt>
   <trkpt lon="2.629225" lat="39.746652"><ele>310.75</ele></trkpt>
   <trkpt lon="2.629093" lat="39.746510"><ele>312.5</ele></trkpt>
   <trkpt lon="2.629022" lat="39.746391"><ele>313.25</ele></trkpt>
   <trkpt lon="2.628787" lat="39.745372"><ele>308.5</ele></trkpt>
   <trkpt lon="2.628725" lat="39.745048"><ele>309.0</ele></trkpt>
   <trkpt lon="2.628593" lat="39.744841"><ele>308.75</ele></trkpt>
   <trkpt lon="2.628415" lat="39.744623"><ele>309.75</ele></trkpt>
   <trkpt lon="2.627866" lat="39.743837"><ele>311.75</ele></trkpt>
   <trkpt lon="2.627686" lat="39.743601"><ele>313.25</ele></trkpt>
   <trkpt lon="2.627521" lat="39.743424"><ele>314.75</ele></trkpt>
   <trkpt lon="2.627402" lat="39.743333"><ele>315.25</ele></trkpt>
   <trkpt lon="2.626967" lat="39.743045"><ele>317.0</ele></trkpt>
   <trkpt lon="2.626606" lat="39.742846"><ele>318.5</ele></trkpt>
   <trkpt lon="2.626257" lat="39.742695"><ele>320.0</ele></trkpt>
   <trkpt lon="2.625427" lat="39.742351"><ele>324.25</ele></trkpt>
   <trkpt lon="2.624265" lat="39.741757"><ele>331.75</ele></trkpt>
   <trkpt lon="2.623454" lat="39.741321"><ele>335.75</ele></trkpt>
   <trkpt lon="2.623285" lat="39.741204"><ele>336.75</ele></trkpt>
   <trkpt lon="2.623160" lat="39.741091"><ele>338.0</ele></trkpt>
   <trkpt lon="2.623054" lat="39.740976"><ele>338.75</ele></trkpt>
   <trkpt lon="2.622949" lat="39.740840"><ele>339.75</ele></trkpt>
   <trkpt lon="2.622364" lat="39.739965"><ele>343.5</ele></trkpt>
   <trkpt lon="2.622044" lat="39.739503"><ele>347.5</ele></trkpt>
   <trkpt lon="2.621746" lat="39.739062"><ele>351.25</ele></trkpt>
   <trkpt lon="2.621640" lat="39.738921"><ele>352.0</ele></trkpt>
   <trkpt lon="2.621505" lat="39.738783"><ele>352.75</ele></trkpt>
   <trkpt lon="2.621395" lat="39.738685"><ele>353.25</ele></trkpt>
   <trkpt lon="2.621174" lat="39.738521"><ele>355.25</ele></trkpt>
   <trkpt lon="2.620748" lat="39.738254"><ele>357.75</ele></trkpt>
   <trkpt lon="2.620541" lat="39.738134"><ele>358.5</ele></trkpt>
   <trkpt lon="2.620340" lat="39.738044"><ele>359.75</ele></trkpt>
   <trkpt lon="2.620225" lat="39.738003"><ele>360.5</ele></trkpt>
   <trkpt lon="2.620094" lat="39.737968"><ele>360.5</ele></trkpt>
   <trkpt lon="2.619963" lat="39.737957"><ele>360.25</ele></trkpt>
   <trkpt lon="2.619897" lat="39.737961"><ele>361.0</ele></trkpt>
   <trkpt lon="2.619713" lat="39.738000"><ele>362.0</ele></trkpt>
   <trkpt lon="2.619471" lat="39.738069"><ele>363.0</ele><sym>pass_place</sym><type>Shaping</type></trkpt>
   <trkpt lon="2.619268" lat="39.738091"><ele>363.25</ele></trkpt>
   <trkpt lon="2.618837" lat="39.738093"><ele>364.75</ele></trkpt>
   <trkpt lon="2.618781" lat="39.738093"><ele>365.0</ele></trkpt>
   <trkpt lon="2.618715" lat="39.738097"><ele>365.25</ele></trkpt>
   <trkpt lon="2.618532" lat="39.738107"><ele>365.25</ele></trkpt>
   <trkpt lon="2.618128" lat="39.738134"><ele>365.75</ele></trkpt>
   <trkpt lon="2.618054" lat="39.738123"><ele>366.5</ele></trkpt>
   <trkpt lon="2.617978" lat="39.738101"><ele>365.75</ele></trkpt>
   <trkpt lon="2.617922" lat="39.738073"><ele>365.75</ele></trkpt>
   <trkpt lon="2.617872" lat="39.738036"><ele>366.25</ele></trkpt>
   <trkpt lon="2.617822" lat="39.737972"><ele>367.25</ele></trkpt>
   <trkpt lon="2.617680" lat="39.737744"><ele>369.25</ele></trkpt>
   <trkpt lon="2.617230" lat="39.736899"><ele>374.5</ele></trkpt>
   <trkpt lon="2.617137" lat="39.736808"><ele>375.25</ele></trkpt>
   <trkpt lon="2.617021" lat="39.736728"><ele>375.75</ele></trkpt>
   <trkpt lon="2.616883" lat="39.736686"><ele>375.25</ele></trkpt>
   <trkpt lon="2.616701" lat="39.736674"><ele>374.75</ele></trkpt>
   <trkpt lon="2.616103" lat="39.736698"><ele>375.0</ele></trkpt>
   <trkpt lon="2.615920" lat="39.736699"><ele>374.75</ele></trkpt>
   <trkpt lon="2.615753" lat="39.736685"><ele>375.0</ele></trkpt>
   <trkpt lon="2.615557" lat="39.736660"><ele>375.25</ele></trkpt>
   <trkpt lon="2.615368" lat="39.736622"><ele>375.25</ele></trkpt>
   <trkpt lon="2.614911" lat="39.736485"><ele>377.5</ele></trkpt>
   <trkpt lon="2.614817" lat="39.736447"><ele>377.75</ele></trkpt>
   <trkpt lon="2.614731" lat="39.736391"><ele>379.0</ele></trkpt>
   <trkpt lon="2.614679" lat="39.736333"><ele>379.5</ele></trkpt>
   <trkpt lon="2.614577" lat="39.736144"><ele>381.5</ele></trkpt>
   <trkpt lon="2.614531" lat="39.736088"><ele>381.5</ele></trkpt>
   <trkpt lon="2.614383" lat="39.735950"><ele>383.5</ele></trkpt>
   <trkpt lon="2.614219" lat="39.735854"><ele>385.0</ele></trkpt>
   <trkpt lon="2.613971" lat="39.735733"><ele>386.25</ele></trkpt>
   <trkpt lon="2.613693" lat="39.735627"><ele>386.0</ele></trkpt>
   <trkpt lon="2.613625" lat="39.735587"><ele>386.25</ele></trkpt>
   <trkpt lon="2.613307" lat="39.735348"><ele>387.75</ele></trkpt>
   <trkpt lon="2.613018" lat="39.735190"><ele>391.0</ele></trkpt>
   <trkpt lon="2.612785" lat="39.735083"><ele>391.5</ele></trkpt>
   <trkpt lon="2.612588" lat="39.734971"><ele>387.75</ele></trkpt>
   <trkpt lon="2.612509" lat="39.734916"><ele>387.0</ele></trkpt>
   <trkpt lon="2.612338" lat="39.734755"><ele>386.0</ele></trkpt>
   <trkpt lon="2.612262" lat="39.734686"><ele>385.0</ele></trkpt>
   <trkpt lon="2.611929" lat="39.734386"><ele>383.5</ele></trkpt>
   <trkpt lon="2.611880" lat="39.734329"><ele>383.25</ele></trkpt>
   <trkpt lon="2.611852" lat="39.734292"><ele>383.0</ele></trkpt>
   <trkpt lon="2.611781" lat="39.734155"><ele>382.0</ele></trkpt>
   <trkpt lon="2.611692" lat="39.733945"><ele>380.75</ele></trkpt>
   <trkpt lon="2.611614" lat="39.733806"><ele>381.25</ele></trkpt>
   <trkpt lon="2.611484" lat="39.733716"><ele>381.75</ele></trkpt>
   <trkpt lon="2.610245" lat="39.733222"><ele>387.25</ele></trkpt>
   <trkpt lon="2.609622" lat="39.732806"><ele>391.75</ele></trkpt>
   <trkpt lon="2.609529" lat="39.732728"><ele>391.75</ele></trkpt>
   <trkpt lon="2.609473" lat="39.732643"><ele>391.5</ele></trkpt>
   <trkpt lon="2.609454" lat="39.732327"><ele>392.75</ele></trkpt>
   <trkpt lon="2.609458" lat="39.732243"><ele>393.25</ele></trkpt>
   <trkpt lon="2.609438" lat="39.732026"><ele>394.75</ele></trkpt>
   <trkpt lon="2.609338" lat="39.731754"><ele>394.75</ele></trkpt>
   <trkpt lon="2.609115" lat="39.731387"><ele>395.0</ele></trkpt>
   <trkpt lon="2.608783" lat="39.730974"><ele>395.5</ele></trkpt>
   <trkpt lon="2.607664" lat="39.729916"><ele>400.25</ele></trkpt>
   <trkpt lon="2.607595" lat="39.729814"><ele>400.5</ele></trkpt>
   <trkpt lon="2.607577" lat="39.729693"><ele>402.5</ele></trkpt>
   <trkpt lon="2.607553" lat="39.729284"><ele>403.75</ele></trkpt>
   <trkpt lon="2.607588" lat="39.729183"><ele>404.5</ele></trkpt>
   <trkpt lon="2.607661" lat="39.729070"><ele>405.0</ele></trkpt>
   <trkpt lon="2.607706" lat="39.728928"><ele>404.25</ele></trkpt>
   <trkpt lon="2.607713" lat="39.728810"><ele>404.25</ele></trkpt>
   <trkpt lon="2.607705" lat="39.728649"><ele>404.25</ele></trkpt>
   <trkpt lon="2.607668" lat="39.728508"><ele>405.25</ele></trkpt>
   <trkpt lon="2.607504" lat="39.728195"><ele>407.5</ele></trkpt>
   <trkpt lon="2.607412" lat="39.727998"><ele>408.75</ele></trkpt>
   <trkpt lon="2.607232" lat="39.727526"><ele>409.75</ele></trkpt>
   <trkpt lon="2.607163" lat="39.727396"><ele>409.75</ele></trkpt>
   <trkpt lon="2.607044" lat="39.727217"><ele>409.75</ele><sym>pass_place</sym><type>Shaping</type></trkpt>
   <trkpt lon="2.606718" lat="39.726921"><ele>411.25</ele></trkpt>
   <trkpt lon="2.606557" lat="39.726736"><ele>410.5</ele></trkpt>
   <trkpt lon="2.606459" lat="39.726547"><ele>411.75</ele></trkpt>
   <trkpt lon="2.606419" lat="39.726436"><ele>412.0</ele></trkpt>
   <trkpt lon="2.606393" lat="39.726321"><ele>411.75</ele></trkpt>
   <trkpt lon="2.606396" lat="39.726256"><ele>411.5</ele></trkpt>
   <trkpt lon="2.606422" lat="39.726149"><ele>412.0</ele></trkpt>
   <trkpt lon="2.606570" lat="39.725838"><ele>412.75</ele></trkpt>
   <trkpt lon="2.606598" lat="39.725750"><ele>413.75</ele></trkpt>
   <trkpt lon="2.606587" lat="39.725644"><ele>413.75</ele></trkpt>
   <trkpt lon="2.606535" lat="39.725543"><ele>412.75</ele></trkpt>
   <trkpt lon="2.606218" lat="39.725058"><ele>416.25</ele></trkpt>
   <trkpt lon="2.606153" lat="39.724891"><ele>416.5</ele></trkpt>
   <trkpt lon="2.606095" lat="39.724127"><ele>424.25</ele></trkpt>
   <trkpt lon="2.605979" lat="39.723640"><ele>428.75</ele></trkpt>
   <trkpt lon="2.605866" lat="39.723236"><ele>424.5</ele><sym>stay_right</sym></trkpt>
   <trkpt lon="2.605835" lat="39.723124"><ele>422.75</ele></trkpt>
   <trkpt lon="2.605830" lat="39.723092"><ele>422.25</ele></trkpt>
   <trkpt lon="2.605798" lat="39.722884"><ele>420.25</ele></trkpt>
   <trkpt lon="2.605792" lat="39.722763"><ele>419.0</ele></trkpt>
   <trkpt lon="2.605796" lat="39.722664"><ele>417.5</ele></trkpt>
   <trkpt lon="2.605828" lat="39.722571"><ele>416.0</ele></trkpt>
   <trkpt lon="2.605879" lat="39.722490"><ele>415.5</ele></trkpt>
   <trkpt lon="2.606024" lat="39.722326"><ele>413.75</ele></trkpt>
   <trkpt lon="2.606151" lat="39.722213"><ele>412.0</ele></trkpt>
   <trkpt lon="2.606262" lat="39.722102"><ele>410.5</ele></trkpt>
   <trkpt lon="2.606341" lat="39.721977"><ele>408.75</ele></trkpt>
   <trkpt lon="2.606385" lat="39.721878"><ele>408.0</ele></trkpt>
   <trkpt lon="2.606419" lat="39.721745"><ele>407.5</ele></trkpt>
   <trkpt lon="2.606531" lat="39.720284"><ele>391.0</ele></trkpt>
   <trkpt lon="2.606636" lat="39.719513"><ele>387.5</ele></trkpt>
   <trkpt lon="2.606897" lat="39.717778"><ele>378.25</ele></trkpt>
   <trkpt lon="2.606978" lat="39.717239"><ele>378.5</ele></trkpt>
   <trkpt lon="2.607028" lat="39.717067"><ele>378.75</ele></trkpt>
   <trkpt lon="2.607491" lat="39.716345"><ele>379.25</ele></trkpt>
   <trkpt lon="2.607574" lat="39.716214"><ele>378.0</ele></trkpt>
   <trkpt lon="2.607735" lat="39.715927"><ele>377.25</ele></trkpt>
   <trkpt lon="2.608455" lat="39.714475"><ele>374.25</ele></trkpt>
   <trkpt lon="2.608494" lat="39.714394"><ele>374.5</ele></trkpt>
   <trkpt lon="2.608670" lat="39.714029"><ele>374.5</ele></trkpt>
   <trkpt lon="2.608731" lat="39.713921"><ele>374.5</ele></trkpt>
   <trkpt lon="2.609299" lat="39.713011"><ele>373.5</ele></trkpt>
   <trkpt lon="2.609332" lat="39.712959"><ele>373.5</ele></trkpt>
   <trkpt lon="2.609381" lat="39.712887"><ele>373.75</ele></trkpt>
   <trkpt lon="2.609584" lat="39.712585"><ele>372.75</ele></trkpt>
   <trkpt lon="2.609769" lat="39.712312"><ele>372.25</ele></trkpt>
   <trkpt lon="2.610262" lat="39.711480"><ele>372.75</ele><sym>pass_place</sym><type>Shaping</type></trkpt>
   <trkpt lon="2.610263" lat="39.711480"><ele>372.75</ele></trkpt>
   <trkpt lon="2.610475" lat="39.711151"><ele>373.5</ele></trkpt>
   <trkpt lon="2.610524" lat="39.711049"><ele>374.5</ele></trkpt>
   <trkpt lon="2.610539" lat="39.710991"><ele>375.25</ele><sym>right</sym></trkpt>
   <trkpt lon="2.609980" lat="39.710977"><ele>374.75</ele></trkpt>
   <trkpt lon="2.609657" lat="39.710970"><ele>373.75</ele></trkpt>
   <trkpt lon="2.609409" lat="39.710943"><ele>373.5</ele></trkpt>
   <trkpt lon="2.609115" lat="39.710878"><ele>373.25</ele></trkpt>
   <trkpt lon="2.608795" lat="39.710756"><ele>372.75</ele></trkpt>
   <trkpt lon="2.608488" lat="39.710620"><ele>372.75</ele></trkpt>
   <trkpt lon="2.608266" lat="39.710518"><ele>372.75</ele></trkpt>
   <trkpt lon="2.608057" lat="39.710421"><ele>372.25</ele></trkpt>
   <trkpt lon="2.607856" lat="39.710348"><ele>372.25</ele></trkpt>
   <trkpt lon="2.607280" lat="39.710194"><ele>371.25</ele></trkpt>
   <trkpt lon="2.606732" lat="39.710048"><ele>372.5</ele></trkpt>
   <trkpt lon="2.606318" lat="39.709937"><ele>372.25</ele><sym>stay_left</sym></trkpt>
   <trkpt lon="2.604252" lat="39.709361"><ele>371.75</ele></trkpt>
   <trkpt lon="2.603813" lat="39.709221"><ele>372.25</ele></trkpt>
   <trkpt lon="2.603689" lat="39.709181"><ele>372.0</ele></trkpt>
   <trkpt lon="2.603238" lat="39.709005"><ele>371.75</ele></trkpt>
   <trkpt lon="2.602986" lat="39.708897"><ele>370.5</ele></trkpt>
   <trkpt lon="2.601671" lat="39.708167"><ele>369.5</ele></trkpt>
   <trkpt lon="2.599349" lat="39.706876"><ele>365.75</ele></trkpt>
   <trkpt lon="2.597625" lat="39.705786"><ele>365.5</ele></trkpt>
   <trkpt lon="2.597558" lat="39.705742"><ele>365.5</ele></trkpt>
   <trkpt lon="2.596011" lat="39.704737"><ele>367.5</ele></trkpt>
   <trkpt lon="2.595000" lat="39.704079"><ele>369.25</ele></trkpt>
   <trkpt lon="2.593896" lat="39.703359"><ele>374.75</ele></trkpt>
   <trkpt lon="2.593090" lat="39.702861"><ele>379.25</ele></trkpt>
   <trkpt lon="2.593088" lat="39.702860"><ele>386.25</ele><sym>pass_place</sym><type>Shaping</type></trkpt>
   <trkpt lon="2.591769" lat="39.701986"><ele>386.25</ele></trkpt>
   <trkpt lon="2.591611" lat="39.701905"><ele>386.25</ele></trkpt>
   <trkpt lon="2.591491" lat="39.701867"><ele>386.5</ele></trkpt>
   <trkpt lon="2.591094" lat="39.701779"><ele>386.75</ele></trkpt>
   <trkpt lon="2.590082" lat="39.701562"><ele>387.0</ele></trkpt>
   <trkpt lon="2.589566" lat="39.701474"><ele>387.0</ele></trkpt>
   <trkpt lon="2.589368" lat="39.701466"><ele>388.0</ele></trkpt>
   <trkpt lon="2.588821" lat="39.701474"><ele>390.25</ele></trkpt>
   <trkpt lon="2.588633" lat="39.701482"><ele>391.0</ele></trkpt>
   <trkpt lon="2.588539" lat="39.701501"><ele>391.5</ele></trkpt>
   <trkpt lon="2.588459" lat="39.701525"><ele>392.0</ele></trkpt>
   <trkpt lon="2.588346" lat="39.701580"><ele>391.5</ele></trkpt>
   <trkpt lon="2.588109" lat="39.701711"><ele>392.75</ele></trkpt>
   <trkpt lon="2.587807" lat="39.701824"><ele>394.25</ele></trkpt>
   <trkpt lon="2.587732" lat="39.701840"><ele>394.25</ele></trkpt>
   <trkpt lon="2.587500" lat="39.701852"><ele>394.5</ele></trkpt>
   <trkpt lon="2.587030" lat="39.701865"><ele>397.0</ele></trkpt>
   <trkpt lon="2.586780" lat="39.701863"><ele>398.5</ele></trkpt>
   <trkpt lon="2.586683" lat="39.701856"><ele>399.0</ele></trkpt>
   <trkpt lon="2.586583" lat="39.701839"><ele>399.25</ele></trkpt>
   <trkpt lon="2.586485" lat="39.701809"><ele>399.75</ele></trkpt>
   <trkpt lon="2.586339" lat="39.701742"><ele>400.5</ele></trkpt>
   <trkpt lon="2.586143" lat="39.701610"><ele>401.75</ele></trkpt>
   <trkpt lon="2.585891" lat="39.701424"><ele>403.5</ele></trkpt>
   <trkpt lon="2.585495" lat="39.701146"><ele>406.5</ele></trkpt>
   <trkpt lon="2.585351" lat="39.701036"><ele>408.0</ele></trkpt>
   <trkpt lon="2.585227" lat="39.700930"><ele>409.0</ele></trkpt>
   <trkpt lon="2.584426" lat="39.700181"><ele>413.75</ele></trkpt>
   <trkpt lon="2.584281" lat="39.700067"><ele>414.5</ele></trkpt>
   <trkpt lon="2.584232" lat="39.700037"><ele>414.5</ele></trkpt>
   <trkpt lon="2.584176" lat="39.700013"><ele>414.75</ele></trkpt>
   <trkpt lon="2.584115" lat="39.699994"><ele>415.25</ele></trkpt>
   <trkpt lon="2.583965" lat="39.699968"><ele>416.75</ele></trkpt>
   <trkpt lon="2.583800" lat="39.699962"><ele>417.5</ele></trkpt>
   <trkpt lon="2.583636" lat="39.699976"><ele>417.5</ele></trkpt>
   <trkpt lon="2.582916" lat="39.700077"><ele>419.5</ele></trkpt>
   <trkpt lon="2.582738" lat="39.700096"><ele>420.25</ele></trkpt>
   <trkpt lon="2.582585" lat="39.700104"><ele>420.25</ele></trkpt>
   <trkpt lon="2.582219" lat="39.700106"><ele>421.0</ele></trkpt>
   <trkpt lon="2.581490" lat="39.700090"><ele>421.75</ele></trkpt>
   <trkpt lon="2.581122" lat="39.700073"><ele>422.25</ele></trkpt>
   <trkpt lon="2.580992" lat="39.700037"><ele>423.0</ele></trkpt>
   <trkpt lon="2.580926" lat="39.700001"><ele>424.25</ele></trkpt>
   <trkpt lon="2.580833" lat="39.699936"><ele>425.5</ele></trkpt>
   <trkpt lon="2.580557" lat="39.699708"><ele>427.5</ele></trkpt>
   <trkpt lon="2.580454" lat="39.699655"><ele>429.0</ele></trkpt>
   <trkpt lon="2.580403" lat="39.699638"><ele>429.25</ele></trkpt>
   <trkpt lon="2.580337" lat="39.699624"><ele>429.5</ele></trkpt>
   <trkpt lon="2.580180" lat="39.699616"><ele>430.25</ele></trkpt>
   <trkpt lon="2.580000" lat="39.699622"><ele>431.0</ele></trkpt>
   <trkpt lon="2.579794" lat="39.699640"><ele>432.25</ele></trkpt>
   <trkpt lon="2.579682" lat="39.699633"><ele>433.25</ele></trkpt>
   <trkpt lon="2.579568" lat="39.699596"><ele>434.25</ele></trkpt>
   <trkpt lon="2.579520" lat="39.699574"><ele>434.5</ele></trkpt>
   <trkpt lon="2.579435" lat="39.699512"><ele>435.0</ele></trkpt>
   <trkpt lon="2.579031" lat="39.698986"><ele>439.0</ele></trkpt>
   <trkpt lon="2.578971" lat="39.698901"><ele>438.5</ele></trkpt>
   <trkpt lon="2.578909" lat="39.698788"><ele>438.75</ele></trkpt>
   <trkpt lon="2.578841" lat="39.698569"><ele>439.5</ele></trkpt>
   <trkpt lon="2.578403" lat="39.696797"><ele>448.5</ele></trkpt>
   <trkpt lon="2.578393" lat="39.696662"><ele>449.25</ele></trkpt>
   <trkpt lon="2.578413" lat="39.696520"><ele>451.25</ele></trkpt>
   <trkpt lon="2.578438" lat="39.696450"><ele>452.25</ele></trkpt>
   <trkpt lon="2.578475" lat="39.696383"><ele>453.5</ele></trkpt>
   <trkpt lon="2.578552" lat="39.696284"><ele>454.25</ele></trkpt>
   <trkpt lon="2.578699" lat="39.696141"><ele>456.0</ele></trkpt>
   <trkpt lon="2.579496" lat="39.695430"><ele>460.25</ele><sym>pass_place</sym><type>Shaping</type></trkpt>
   <trkpt lon="2.579593" lat="39.695324"><ele>461.0</ele></trkpt>
   <trkpt lon="2.579668" lat="39.695216"><ele>461.75</ele></trkpt>
   <trkpt lon="2.579707" lat="39.695135"><ele>462.25</ele></trkpt>
   <trkpt lon="2.579757" lat="39.694996"><ele>463.25</ele></trkpt>
   <trkpt lon="2.579949" lat="39.694316"><ele>464.75</ele></trkpt>
   <trkpt lon="2.579967" lat="39.694231"><ele>465.25</ele></trkpt>
   <trkpt lon="2.579969" lat="39.694181"><ele>465.5</ele></trkpt>
   <trkpt lon="2.579965" lat="39.694139"><ele>466.0</ele></trkpt>
   <trkpt lon="2.579938" lat="39.694084"><ele>466.75</ele></trkpt>
   <trkpt lon="2.579880" lat="39.694030"><ele>467.5</ele></trkpt>
   <trkpt lon="2.579712" lat="39.693956"><ele>468.25</ele></trkpt>
   <trkpt lon="2.579461" lat="39.693884"><ele>469.0</ele></trkpt>
   <trkpt lon="2.579264" lat="39.693855"><ele>470.0</ele></trkpt>
   <trkpt lon="2.579098" lat="39.693854"><ele>470.5</ele></trkpt>
   <trkpt lon="2.578280" lat="39.693888"><ele>474.0</ele></trkpt>
   <trkpt lon="2.578179" lat="39.693886"><ele>474.0</ele></trkpt>
   <trkpt lon="2.577072" lat="39.693822"><ele>476.25</ele></trkpt>
   <trkpt lon="2.576958" lat="39.693804"><ele>477.0</ele></trkpt>
   <trkpt lon="2.576851" lat="39.693766"><ele>477.25</ele></trkpt>
   <trkpt lon="2.576747" lat="39.693695"><ele>479.0</ele></trkpt>
   <trkpt lon="2.576699" lat="39.693654"><ele>480.25</ele></trkpt>
   <trkpt lon="2.576198" lat="39.693187"><ele>485.0</ele></trkpt>
   <trkpt lon="2.576079" lat="39.693088"><ele>486.5</ele></trkpt>
   <trkpt lon="2.575943" lat="39.693004"><ele>488.75</ele></trkpt>
   <trkpt lon="2.575350" lat="39.692729"><ele>492.75</ele></trkpt>
   <trkpt lon="2.575213" lat="39.692654"><ele>493.25</ele></trkpt>
   <trkpt lon="2.575134" lat="39.692590"><ele>493.75</ele></trkpt>
   <trkpt lon="2.575088" lat="39.692513"><ele>494.0</ele></trkpt>
   <trkpt lon="2.575061" lat="39.692404"><ele>494.0</ele></trkpt>
   <trkpt lon="2.574957" lat="39.691389"><ele>496.75</ele></trkpt>
   <trkpt lon="2.574908" lat="39.690946"><ele>498.25</ele></trkpt>
   <trkpt lon="2.574880" lat="39.690797"><ele>498.0</ele></trkpt>
   <trkpt lon="2.574846" lat="39.690668"><ele>497.75</ele></trkpt>
   <trkpt lon="2.574766" lat="39.690499"><ele>498.75</ele></trkpt>
   <trkpt lon="2.574640" lat="39.690309"><ele>499.0</ele><sym>pass_place</sym><type>Shaping</type></trkpt>
   <trkpt lon="2.574516" lat="39.690146"><ele>497.5</ele></trkpt>
   <trkpt lon="2.574441" lat="39.690021"><ele>495.5</ele></trkpt>
   <trkpt lon="2.574351" lat="39.689831"><ele>495.5</ele></trkpt>
   <trkpt lon="2.574339" lat="39.689783"><ele>495.5</ele></trkpt>
   <trkpt lon="2.574333" lat="39.689634"><ele>495.75</ele></trkpt>
   <trkpt lon="2.574410" lat="39.688685"><ele>488.0</ele></trkpt>
   <trkpt lon="2.574456" lat="39.688232"><ele>484.75</ele></trkpt>
   <trkpt lon="2.574456" lat="39.688119"><ele>484.0</ele></trkpt>
   <trkpt lon="2.574435" lat="39.688042"><ele>483.75</ele></trkpt>
   <trkpt lon="2.574413" lat="39.688005"><ele>483.25</ele></trkpt>
   <trkpt lon="2.574343" lat="39.687928"><ele>482.5</ele></trkpt>
   <trkpt lon="2.574244" lat="39.687851"><ele>482.0</ele></trkpt>
   <trkpt lon="2.574135" lat="39.687784"><ele>481.5</ele></trkpt>
   <trkpt lon="2.574016" lat="39.687738"><ele>480.75</ele></trkpt>
   <trkpt lon="2.573610" lat="39.687639"><ele>479.5</ele></trkpt>
   <trkpt lon="2.573559" lat="39.687618"><ele>479.5</ele></trkpt>
   <trkpt lon="2.573489" lat="39.687572"><ele>479.25</ele></trkpt>
   <trkpt lon="2.573459" lat="39.687544"><ele>478.75</ele></trkpt>
   <trkpt lon="2.573416" lat="39.687479"><ele>478.0</ele></trkpt>
   <trkpt lon="2.573332" lat="39.687197"><ele>476.5</ele></trkpt>
   <trkpt lon="2.573291" lat="39.687130"><ele>476.5</ele></trkpt>
   <trkpt lon="2.573256" lat="39.687093"><ele>476.5</ele></trkpt>
   <trkpt lon="2.573189" lat="39.687047"><ele>476.5</ele></trkpt>
   <trkpt lon="2.573110" lat="39.687025"><ele>477.0</ele></trkpt>
   <trkpt lon="2.572686" lat="39.686993"><ele>475.5</ele></trkpt>
   <trkpt lon="2.572612" lat="39.686977"><ele>474.5</ele></trkpt>
   <trkpt lon="2.572586" lat="39.686966"><ele>474.0</ele></trkpt>
   <trkpt lon="2.572567" lat="39.686949"><ele>473.0</ele></trkpt>
   <trkpt lon="2.572549" lat="39.686910"><ele>472.0</ele></trkpt>
   <trkpt lon="2.572557" lat="39.686862"><ele>470.5</ele></trkpt>
   <trkpt lon="2.572599" lat="39.686817"><ele>469.25</ele></trkpt>
   <trkpt lon="2.572626" lat="39.686799"><ele>468.75</ele></trkpt>
   <trkpt lon="2.572699" lat="39.686773"><ele>468.0</ele></trkpt>
   <trkpt lon="2.573137" lat="39.686662"><ele>466.0</ele></trkpt>
   <trkpt lon="2.573284" lat="39.686645"><ele>465.5</ele></trkpt>
   <trkpt lon="2.573375" lat="39.686651"><ele>465.5</ele></trkpt>
   <trkpt lon="2.573416" lat="39.686661"><ele>465.5</ele></trkpt>
   <trkpt lon="2.573470" lat="39.686689"><ele>465.25</ele></trkpt>
   <trkpt lon="2.573520" lat="39.686750"><ele>465.5</ele></trkpt>
   <trkpt lon="2.573540" lat="39.686807"><ele>465.75</ele></trkpt>
   <trkpt lon="2.573607" lat="39.687107"><ele>467.25</ele></trkpt>
   <trkpt lon="2.573637" lat="39.687205"><ele>467.0</ele></trkpt>
   <trkpt lon="2.573672" lat="39.687278"><ele>467.25</ele></trkpt>
   <trkpt lon="2.573724" lat="39.687319"><ele>466.75</ele></trkpt>
   <trkpt lon="2.573821" lat="39.687359"><ele>466.0</ele></trkpt>
   <trkpt lon="2.573913" lat="39.687374"><ele>465.25</ele></trkpt>
   <trkpt lon="2.573970" lat="39.687373"><ele>465.0</ele></trkpt>
   <trkpt lon="2.574131" lat="39.687341"><ele>463.25</ele></trkpt>
   <trkpt lon="2.574533" lat="39.687232"><ele>463.75</ele></trkpt>
   <trkpt lon="2.574588" lat="39.687223"><ele>464.0</ele></trkpt>
   <trkpt lon="2.574636" lat="39.687222"><ele>464.25</ele></trkpt>
   <trkpt lon="2.574709" lat="39.687230"><ele>465.0</ele></trkpt>
   <trkpt lon="2.574741" lat="39.687241"><ele>465.0</ele></trkpt>
   <trkpt lon="2.574795" lat="39.687277"><ele>464.5</ele></trkpt>
   <trkpt lon="2.574850" lat="39.687349"><ele>464.5</ele></trkpt>
   <trkpt lon="2.574864" lat="39.687383"><ele>464.5</ele></trkpt>
   <trkpt lon="2.574922" lat="39.687635"><ele>466.0</ele></trkpt>
   <trkpt lon="2.574998" lat="39.688056"><ele>467.0</ele></trkpt>
   <trkpt lon="2.575065" lat="39.688508"><ele>465.5</ele></trkpt>
   <trkpt lon="2.575072" lat="39.688584"><ele>465.75</ele></trkpt>
   <trkpt lon="2.575045" lat="39.688906"><ele>467.25</ele></trkpt>
   <trkpt lon="2.575048" lat="39.688940"><ele>468.25</ele></trkpt>
   <trkpt lon="2.575068" lat="39.688995"><ele>469.5</ele></trkpt>
   <trkpt lon="2.575088" lat="39.689015"><ele>469.5</ele></trkpt>
   <trkpt lon="2.575114" lat="39.689029"><ele>469.25</ele></trkpt>
   <trkpt lon="2.575175" lat="39.689034"><ele>467.5</ele></trkpt>
   <trkpt lon="2.575207" lat="39.689027"><ele>466.5</ele></trkpt>
   <trkpt lon="2.575260" lat="39.688996"><ele>464.0</ele></trkpt>
   <trkpt lon="2.575289" lat="39.688943"><ele>461.75</ele></trkpt>
   <trkpt lon="2.575297" lat="39.688899"><ele>460.5</ele></trkpt>
   <trkpt lon="2.575288" lat="39.688577"><ele>459.25</ele></trkpt>
   <trkpt lon="2.575300" lat="39.688334"><ele>456.25</ele></trkpt>
   <trkpt lon="2.575320" lat="39.688237"><ele>456.25</ele></trkpt>
   <trkpt lon="2.575355" lat="39.688142"><ele>455.75</ele></trkpt>
   <trkpt lon="2.575403" lat="39.688045"><ele>454.75</ele></trkpt>
   <trkpt lon="2.575418" lat="39.687982"><ele>453.25</ele></trkpt>
   <trkpt lon="2.575403" lat="39.687920"><ele>452.75</ele></trkpt>
   <trkpt lon="2.575298" lat="39.687750"><ele>453.25</ele></trkpt>
   <trkpt lon="2.575268" lat="39.687681"><ele>453.5</ele></trkpt>
   <trkpt lon="2.575262" lat="39.687647"><ele>453.5</ele></trkpt>
   <trkpt lon="2.575263" lat="39.687594"><ele>453.0</ele></trkpt>
   <trkpt lon="2.575272" lat="39.687564"><ele>452.5</ele></trkpt>
   <trkpt lon="2.575306" lat="39.687500"><ele>451.0</ele></trkpt>
   <trkpt lon="2.575335" lat="39.687462"><ele>450.75</ele></trkpt>
   <trkpt lon="2.575555" lat="39.687200"><ele>448.75</ele></trkpt>
   <trkpt lon="2.575583" lat="39.687148"><ele>447.5</ele></trkpt>
   <trkpt lon="2.575581" lat="39.687098"><ele>447.25</ele></trkpt>
   <trkpt lon="2.575553" lat="39.687045"><ele>447.75</ele></trkpt>
   <trkpt lon="2.575518" lat="39.687011"><ele>448.0</ele></trkpt>
   <trkpt lon="2.575162" lat="39.686718"><ele>446.0</ele></trkpt>
   <trkpt lon="2.575098" lat="39.686654"><ele>445.0</ele></trkpt>
   <trkpt lon="2.575073" lat="39.686616"><ele>444.75</ele></trkpt>
   <trkpt lon="2.575047" lat="39.686536"><ele>444.0</ele></trkpt>
   <trkpt lon="2.574987" lat="39.686212"><ele>441.75</ele></trkpt>
   <trkpt lon="2.574967" lat="39.686107"><ele>441.0</ele></trkpt>
   <trkpt lon="2.574937" lat="39.686031"><ele>439.25</ele></trkpt>
   <trkpt lon="2.574903" lat="39.685993"><ele>438.5</ele></trkpt>
   <trkpt lon="2.574870" lat="39.685972"><ele>438.0</ele></trkpt>
   <trkpt lon="2.574831" lat="39.685953"><ele>437.75</ele></trkpt>
   <trkpt lon="2.574792" lat="39.685945"><ele>437.75</ele></trkpt>
   <trkpt lon="2.574713" lat="39.685946"><ele>438.0</ele></trkpt>
   <trkpt lon="2.574670" lat="39.685957"><ele>437.75</ele></trkpt>
   <trkpt lon="2.574629" lat="39.685977"><ele>437.75</ele></trkpt>
   <trkpt lon="2.574591" lat="39.686000"><ele>437.75</ele></trkpt>
   <trkpt lon="2.574484" lat="39.686117"><ele>439.5</ele></trkpt>
   <trkpt lon="2.574411" lat="39.686165"><ele>439.5</ele></trkpt>
   <trkpt lon="2.574369" lat="39.686183"><ele>439.5</ele></trkpt>
   <trkpt lon="2.574322" lat="39.686194"><ele>439.5</ele></trkpt>
   <trkpt lon="2.574221" lat="39.686200"><ele>439.25</ele></trkpt>
   <trkpt lon="2.574119" lat="39.686186"><ele>439.25</ele></trkpt>
   <trkpt lon="2.573576" lat="39.686048"><ele>438.25</ele></trkpt>
   <trkpt lon="2.573405" lat="39.685990"><ele>437.75</ele></trkpt>
   <trkpt lon="2.573307" lat="39.685934"><ele>438.5</ele></trkpt>
   <trkpt lon="2.573280" lat="39.685903"><ele>438.5</ele></trkpt>
   <trkpt lon="2.573239" lat="39.685812"><ele>438.25</ele></trkpt>
   <trkpt lon="2.573218" lat="39.685660"><ele>437.0</ele></trkpt>
   <trkpt lon="2.573212" lat="39.685569"><ele>436.25</ele></trkpt>
   <trkpt lon="2.573218" lat="39.685488"><ele>435.75</ele></trkpt>
   <trkpt lon="2.573235" lat="39.685409"><ele>435.0</ele></trkpt>
   <trkpt lon="2.573265" lat="39.685312"><ele>434.0</ele></trkpt>
   <trkpt lon="2.573303" lat="39.685223"><ele>433.0</ele></trkpt>
   <trkpt lon="2.573361" lat="39.685114"><ele>431.75</ele></trkpt>
   <trkpt lon="2.573610" lat="39.684745"><ele>428.75</ele></trkpt>
   <trkpt lon="2.573655" lat="39.684643"><ele>427.75</ele></trkpt>
   <trkpt lon="2.573663" lat="39.684593"><ele>427.75</ele></trkpt>
   <trkpt lon="2.573668" lat="39.684407"><ele>427.5</ele></trkpt>
   <trkpt lon="2.573656" lat="39.684054"><ele>425.0</ele></trkpt>
   <trkpt lon="2.573634" lat="39.683962"><ele>424.25</ele></trkpt>
   <trkpt lon="2.573617" lat="39.683931"><ele>424.25</ele></trkpt>
   <trkpt lon="2.573591" lat="39.683906"><ele>424.0</ele></trkpt>
   <trkpt lon="2.573554" lat="39.683884"><ele>423.5</ele></trkpt>
   <trkpt lon="2.573511" lat="39.683874"><ele>423.0</ele></trkpt>
   <trkpt lon="2.573409" lat="39.683870"><ele>422.5</ele></trkpt>
   <trkpt lon="2.573354" lat="39.683879"><ele>422.5</ele></trkpt>
   <trkpt lon="2.573274" lat="39.683905"><ele>422.25</ele></trkpt>
   <trkpt lon="2.573082" lat="39.683990"><ele>422.5</ele></trkpt>
   <trkpt lon="2.572658" lat="39.684187"><ele>422.5</ele><sym>pass_place</sym><type>Shaping</type></trkpt>
   <trkpt lon="2.572657" lat="39.684188"><ele>422.5</ele></trkpt>
   <trkpt lon="2.572587" lat="39.684209"><ele>422.25</ele></trkpt>
   <trkpt lon="2.572444" lat="39.684223"><ele>421.5</ele></trkpt>
   <trkpt lon="2.572324" lat="39.684207"><ele>421.0</ele></trkpt>
   <trkpt lon="2.572224" lat="39.684162"><ele>419.75</ele></trkpt>
   <trkpt lon="2.572134" lat="39.684096"><ele>420.0</ele></trkpt>
   <trkpt lon="2.572091" lat="39.684052"><ele>419.75</ele></trkpt>
   <trkpt lon="2.571866" lat="39.683722"><ele>417.25</ele></trkpt>
   <trkpt lon="2.571445" lat="39.683168"><ele>411.5</ele></trkpt>
   <trkpt lon="2.571394" lat="39.683105"><ele>411.0</ele></trkpt>
   <trkpt lon="2.571326" lat="39.683043"><ele>410.25</ele></trkpt>
   <trkpt lon="2.571255" lat="39.682997"><ele>409.75</ele></trkpt>
   <trkpt lon="2.571156" lat="39.682953"><ele>409.5</ele></trkpt>
   <trkpt lon="2.571062" lat="39.682921"><ele>409.0</ele></trkpt>
   <trkpt lon="2.570952" lat="39.682895"><ele>408.5</ele></trkpt>
   <trkpt lon="2.570365" lat="39.682795"><ele>406.25</ele></trkpt>
   <trkpt lon="2.570120" lat="39.682747"><ele>405.5</ele></trkpt>
   <trkpt lon="2.569927" lat="39.682710"><ele>405.0</ele></trkpt>
   <trkpt lon="2.569706" lat="39.682682"><ele>404.5</ele></trkpt>
   <trkpt lon="2.569543" lat="39.682696"><ele>403.5</ele></trkpt>
   <trkpt lon="2.569460" lat="39.682720"><ele>403.25</ele></trkpt>
   <trkpt lon="2.569385" lat="39.682754"><ele>402.5</ele></trkpt>
   <trkpt lon="2.569320" lat="39.682798"><ele>401.5</ele></trkpt>
   <trkpt lon="2.569256" lat="39.682851"><ele>401.25</ele></trkpt>
   <trkpt lon="2.569047" lat="39.683055"><ele>400.5</ele></trkpt>
   <trkpt lon="2.568925" lat="39.683160"><ele>398.75</ele></trkpt>
   <trkpt lon="2.568793" lat="39.683259"><ele>399.5</ele></trkpt>
   <trkpt lon="2.568720" lat="39.683298"><ele>400.25</ele></trkpt>
   <trkpt lon="2.568640" lat="39.683325"><ele>400.75</ele></trkpt>
   <trkpt lon="2.568557" lat="39.683338"><ele>400.75</ele></trkpt>
   <trkpt lon="2.568471" lat="39.683344"><ele>400.5</ele></trkpt>
   <trkpt lon="2.568371" lat="39.683339"><ele>400.0</ele></trkpt>
   <trkpt lon="2.568252" lat="39.683317"><ele>399.25</ele></trkpt>
   <trkpt lon="2.568048" lat="39.683267"><ele>397.75</ele></trkpt>
   <trkpt lon="2.567922" lat="39.683225"><ele>397.75</ele></trkpt>
   <trkpt lon="2.567719" lat="39.683120"><ele>398.0</ele></trkpt>
   <trkpt lon="2.567322" lat="39.682865"><ele>397.75</ele></trkpt>
   <trkpt lon="2.566640" lat="39.682455"><ele>392.5</ele></trkpt>
   <trkpt lon="2.566580" lat="39.682412"><ele>391.75</ele></trkpt>
   <trkpt lon="2.566500" lat="39.682342"><ele>390.75</ele></trkpt>
   <trkpt lon="2.566442" lat="39.682275"><ele>389.75</ele></trkpt>
   <trkpt lon="2.566026" lat="39.681729"><ele>384.75</ele></trkpt>
   <trkpt lon="2.565950" lat="39.681604"><ele>383.25</ele></trkpt>
   <trkpt lon="2.565938" lat="39.681514"><ele>382.5</ele></trkpt>
   <trkpt lon="2.565945" lat="39.681459"><ele>382.25</ele></trkpt>
   <trkpt lon="2.565968" lat="39.681401"><ele>382.0</ele></trkpt>
   <trkpt lon="2.565996" lat="39.681355"><ele>381.5</ele></trkpt>
   <trkpt lon="2.566031" lat="39.681320"><ele>381.0</ele></trkpt>
   <trkpt lon="2.566127" lat="39.681245"><ele>380.25</ele></trkpt>
   <trkpt lon="2.566195" lat="39.681207"><ele>380.0</ele></trkpt>
   <trkpt lon="2.566291" lat="39.681167"><ele>379.5</ele></trkpt>
   <trkpt lon="2.566385" lat="39.681133"><ele>379.25</ele></trkpt>
   <trkpt lon="2.566514" lat="39.681098"><ele>378.25</ele></trkpt>
   <trkpt lon="2.566653" lat="39.681071"><ele>377.25</ele></trkpt>
   <trkpt lon="2.567111" lat="39.680999"><ele>374.25</ele></trkpt>
   <trkpt lon="2.567212" lat="39.680970"><ele>373.75</ele></trkpt>
   <trkpt lon="2.567469" lat="39.680859"><ele>372.25</ele></trkpt>
   <trkpt lon="2.567533" lat="39.680807"><ele>371.25</ele></trkpt>
   <trkpt lon="2.567548" lat="39.680775"><ele>370.75</ele></trkpt>
   <trkpt lon="2.567544" lat="39.680698"><ele>370.0</ele></trkpt>
   <trkpt lon="2.567430" lat="39.680444"><ele>367.75</ele></trkpt>
   <trkpt lon="2.567387" lat="39.680306"><ele>366.75</ele></trkpt>
   <trkpt lon="2.567323" lat="39.679567"><ele>364.75</ele></trkpt>
   <trkpt lon="2.567309" lat="39.679493"><ele>364.75</ele></trkpt>
   <trkpt lon="2.567272" lat="39.679420"><ele>364.75</ele></trkpt>
   <trkpt lon="2.567189" lat="39.679364"><ele>364.75</ele></trkpt>
   <trkpt lon="2.567137" lat="39.679347"><ele>364.25</ele></trkpt>
   <trkpt lon="2.567030" lat="39.679333"><ele>363.75</ele></trkpt>
   <trkpt lon="2.566896" lat="39.679349"><ele>362.75</ele></trkpt>
   <trkpt lon="2.566826" lat="39.679367"><ele>362.0</ele></trkpt>
   <trkpt lon="2.565548" lat="39.679756"><ele>355.25</ele></trkpt>
   <trkpt lon="2.565477" lat="39.679770"><ele>355.25</ele></trkpt>
   <trkpt lon="2.565399" lat="39.679775"><ele>355.0</ele></trkpt>
   <trkpt lon="2.565323" lat="39.679771"><ele>354.5</ele></trkpt>
   <trkpt lon="2.565180" lat="39.679738"><ele>354.5</ele></trkpt>
   <trkpt lon="2.564733" lat="39.679533"><ele>353.5</ele></trkpt>
   <trkpt lon="2.564657" lat="39.679509"><ele>353.25</ele></trkpt>
   <trkpt lon="2.564509" lat="39.679468"><ele>353.0</ele></trkpt>
   <trkpt lon="2.564411" lat="39.679450"><ele>352.75</ele></trkpt>
   <trkpt lon="2.564297" lat="39.679438"><ele>352.25</ele></trkpt>
   <trkpt lon="2.564199" lat="39.679436"><ele>352.0</ele></trkpt>
   <trkpt lon="2.564086" lat="39.679444"><ele>351.5</ele></trkpt>
   <trkpt lon="2.563886" lat="39.679476"><ele>351.25</ele></trkpt>
   <trkpt lon="2.563743" lat="39.679507"><ele>351.25</ele></trkpt>
   <trkpt lon="2.563384" lat="39.679600"><ele>349.75</ele></trkpt>
   <trkpt lon="2.563211" lat="39.679645"><ele>348.75</ele></trkpt>
   <trkpt lon="2.562461" lat="39.679833"><ele>343.75</ele></trkpt>
   <trkpt lon="2.560482" lat="39.680330"><ele>334.25</ele></trkpt>
   <trkpt lon="2.560295" lat="39.680367"><ele>332.25</ele></trkpt>
   <trkpt lon="2.560139" lat="39.680387"><ele>331.75</ele></trkpt>
   <trkpt lon="2.559978" lat="39.680393"><ele>331.25</ele></trkpt>
   <trkpt lon="2.559834" lat="39.680387"><ele>330.75</ele></trkpt>
   <trkpt lon="2.559685" lat="39.680372"><ele>330.0</ele></trkpt>
   <trkpt lon="2.559529" lat="39.680341"><ele>329.5</ele><sym>pass_place</sym><type>Shaping</type></trkpt>
   <trkpt lon="2.559262" lat="39.680270"><ele>328.75</ele></trkpt>
   <trkpt lon="2.558395" lat="39.680042"><ele>328.5</ele></trkpt>
   <trkpt lon="2.558169" lat="39.679996"><ele>328.75</ele><sym>left_slight</sym></trkpt>
   <trkpt lon="2.557976" lat="39.679934"><ele>328.75</ele></trkpt>
   <trkpt lon="2.557943" lat="39.679916"><ele>328.75</ele></trkpt>
   <trkpt lon="2.557920" lat="39.679894"><ele>328.75</ele></trkpt>
   <trkpt lon="2.557900" lat="39.679859"><ele>329.0</ele></trkpt>
   <trkpt lon="2.557868" lat="39.679806"><ele>329.25</ele><sym>left_slight</sym></trkpt>
   <trkpt lon="2.557915" lat="39.679740"><ele>329.25</ele></trkpt>
   <trkpt lon="2.558011" lat="39.679547"><ele>329.0</ele></trkpt>
   <trkpt lon="2.558037" lat="39.679437"><ele>329.0</ele></trkpt>
   <trkpt lon="2.558041" lat="39.679351"><ele>329.0</ele></trkpt>
   <trkpt lon="2.558028" lat="39.679122"><ele>328.75</ele></trkpt>
   <trkpt lon="2.558037" lat="39.678666"><ele>327.25</ele></trkpt>
   <trkpt lon="2.558025" lat="39.678518"><ele>326.25</ele></trkpt>
   <trkpt lon="2.557989" lat="39.678350"><ele>325.25</ele></trkpt>
   <trkpt lon="2.557890" lat="39.678116"><ele>323.5</ele></trkpt>
   <trkpt lon="2.557812" lat="39.677984"><ele>322.75</ele></trkpt>
   <trkpt lon="2.557768" lat="39.677877"><ele>322.0</ele></trkpt>
   <trkpt lon="2.557751" lat="39.677789"><ele>321.5</ele></trkpt>
   <trkpt lon="2.557744" lat="39.677684"><ele>321.0</ele></trkpt>
   <trkpt lon="2.557763" lat="39.677563"><ele>320.25</ele></trkpt>
   <trkpt lon="2.557803" lat="39.677425"><ele>319.25</ele></trkpt>
   <trkpt lon="2.557961" lat="39.677111"><ele>316.5</ele></trkpt>
   <trkpt lon="2.558026" lat="39.676983"><ele>316.0</ele></trkpt>
   <trkpt lon="2.558116" lat="39.676808"><ele>313.75</ele></trkpt>
   <trkpt lon="2.558206" lat="39.676700"><ele>312.5</ele></trkpt>
   <trkpt lon="2.558323" lat="39.676605"><ele>310.75</ele></trkpt>
   <trkpt lon="2.558496" lat="39.676527"><ele>308.25</ele></trkpt>
   <trkpt lon="2.558673" lat="39.676496"><ele>306.75</ele></trkpt>
   <trkpt lon="2.558909" lat="39.676498"><ele>305.0</ele></trkpt>
   <trkpt lon="2.559345" lat="39.676521"><ele>302.0</ele></trkpt>
   <trkpt lon="2.559537" lat="39.676507"><ele>300.5</ele></trkpt>
   <trkpt lon="2.559701" lat="39.676454"><ele>299.0</ele></trkpt>
   <trkpt lon="2.559857" lat="39.676370"><ele>298.25</ele></trkpt>
   <trkpt lon="2.559955" lat="39.676257"><ele>297.0</ele></trkpt>
   <trkpt lon="2.560031" lat="39.676118"><ele>296.25</ele></trkpt>
   <trkpt lon="2.560061" lat="39.675950"><ele>295.25</ele></trkpt>
   <trkpt lon="2.559987" lat="39.674897"><ele>288.0</ele></trkpt>
   <trkpt lon="2.559989" lat="39.674809"><ele>287.0</ele></trkpt>
   <trkpt lon="2.560004" lat="39.674725"><ele>285.75</ele></trkpt>
   <trkpt lon="2.560040" lat="39.674641"><ele>286.25</ele></trkpt>
   <trkpt lon="2.560104" lat="39.674551"><ele>285.75</ele></trkpt>
   <trkpt lon="2.560213" lat="39.674421"><ele>284.0</ele></trkpt>
   <trkpt lon="2.560268" lat="39.674336"><ele>283.5</ele></trkpt>
   <trkpt lon="2.560297" lat="39.674229"><ele>283.75</ele></trkpt>
   <trkpt lon="2.560291" lat="39.674110"><ele>284.5</ele></trkpt>
   <trkpt lon="2.560188" lat="39.673656"><ele>287.25</ele></trkpt>
   <trkpt lon="2.560172" lat="39.673483"><ele>288.0</ele></trkpt>
   <trkpt lon="2.560178" lat="39.673361"><ele>288.5</ele></trkpt>
   <trkpt lon="2.560202" lat="39.673228"><ele>287.75</ele></trkpt>
   <trkpt lon="2.560279" lat="39.672979"><ele>285.75</ele></trkpt>
   <trkpt lon="2.560339" lat="39.672845"><ele>285.0</ele></trkpt>
   <trkpt lon="2.560406" lat="39.672754"><ele>284.5</ele></trkpt>
   <trkpt lon="2.560457" lat="39.672697"><ele>284.0</ele></trkpt>
   <trkpt lon="2.560518" lat="39.672644"><ele>283.25</ele></trkpt>
   <trkpt lon="2.560604" lat="39.672582"><ele>282.5</ele></trkpt>
   <trkpt lon="2.560777" lat="39.672499"><ele>280.5</ele></trkpt>
   <trkpt lon="2.561148" lat="39.672389"><ele>280.75</ele></trkpt>
   <trkpt lon="2.561259" lat="39.672330"><ele>279.0</ele></trkpt>
   <trkpt lon="2.561445" lat="39.672201"><ele>275.0</ele></trkpt>
   <trkpt lon="2.561517" lat="39.672124"><ele>275.0</ele></trkpt>
   <trkpt lon="2.561589" lat="39.672017"><ele>274.0</ele></trkpt>
   <trkpt lon="2.561630" lat="39.671874"><ele>272.5</ele></trkpt>
   <trkpt lon="2.561682" lat="39.671553"><ele>268.75</ele></trkpt>
   <trkpt lon="2.561703" lat="39.671309"><ele>267.25</ele></trkpt>
   <trkpt lon="2.561735" lat="39.671071"><ele>266.75</ele></trkpt>
   <trkpt lon="2.561769" lat="39.670943"><ele>264.5</ele></trkpt>
   <trkpt lon="2.561811" lat="39.670844"><ele>263.0</ele></trkpt>
   <trkpt lon="2.561956" lat="39.670663"><ele>259.75</ele></trkpt>
   <trkpt lon="2.562057" lat="39.670572"><ele>258.25</ele></trkpt>
   <trkpt lon="2.562186" lat="39.670487"><ele>256.0</ele></trkpt>
   <trkpt lon="2.562366" lat="39.670408"><ele>254.0</ele></trkpt>
   <trkpt lon="2.562577" lat="39.670342"><ele>253.25</ele></trkpt>
   <trkpt lon="2.562782" lat="39.670289"><ele>252.5</ele></trkpt>
   <trkpt lon="2.562999" lat="39.670241"><ele>251.0</ele></trkpt>
   <trkpt lon="2.563163" lat="39.670212"><ele>249.5</ele></trkpt>
   <trkpt lon="2.563259" lat="39.670205"><ele>249.0</ele></trkpt>
   <trkpt lon="2.563494" lat="39.670219"><ele>248.5</ele></trkpt>
   <trkpt lon="2.563679" lat="39.670244"><ele>248.25</ele></trkpt>
   <trkpt lon="2.563999" lat="39.670309"><ele>246.5</ele></trkpt>
   <trkpt lon="2.564341" lat="39.670397"><ele>245.0</ele></trkpt>
   <trkpt lon="2.564428" lat="39.670409"><ele>244.25</ele></trkpt>
   <trkpt lon="2.564463" lat="39.670403"><ele>244.0</ele></trkpt>
   <trkpt lon="2.564492" lat="39.670399"><ele>244.0</ele></trkpt>
   <trkpt lon="2.564571" lat="39.670369"><ele>243.5</ele></trkpt>
   <trkpt lon="2.564670" lat="39.670323"><ele>242.75</ele></trkpt>
   <trkpt lon="2.565404" lat="39.669922"><ele>239.75</ele></trkpt>
   <trkpt lon="2.565527" lat="39.669866"><ele>238.5</ele></trkpt>
   <trkpt lon="2.566244" lat="39.669655"><ele>236.25</ele></trkpt>
   <trkpt lon="2.566399" lat="39.669595"><ele>234.75</ele></trkpt>
   <trkpt lon="2.566568" lat="39.669503"><ele>233.25</ele></trkpt>
   <trkpt lon="2.566571" lat="39.669501"><ele>231.75</ele><sym>pass_place</sym><type>Shaping</type></trkpt>
   <trkpt lon="2.566658" lat="39.669446"><ele>231.75</ele></trkpt>
   <trkpt lon="2.566762" lat="39.669376"><ele>231.75</ele></trkpt>
   <trkpt lon="2.567060" lat="39.669163"><ele>230.25</ele></trkpt>
   <trkpt lon="2.567214" lat="39.669050"><ele>230.25</ele></trkpt>
   <trkpt lon="2.567384" lat="39.668949"><ele>229.0</ele></trkpt>
   <trkpt lon="2.567433" lat="39.668929"><ele>228.25</ele></trkpt>
   <trkpt lon="2.567575" lat="39.668871"><ele>228.0</ele></trkpt>
   <trkpt lon="2.567744" lat="39.668815"><ele>228.5</ele></trkpt>
   <trkpt lon="2.567949" lat="39.668775"><ele>228.5</ele></trkpt>
   <trkpt lon="2.568191" lat="39.668766"><ele>227.5</ele></trkpt>
   <trkpt lon="2.568508" lat="39.668796"><ele>226.0</ele></trkpt>
   <trkpt lon="2.568792" lat="39.668876"><ele>224.0</ele></trkpt>
   <trkpt lon="2.568981" lat="39.668999"><ele>224.0</ele></trkpt>
   <trkpt lon="2.569139" lat="39.669181"><ele>221.75</ele></trkpt>
   <trkpt lon="2.569334" lat="39.669809"><ele>219.5</ele></trkpt>
   <trkpt lon="2.569347" lat="39.669955"><ele>218.5</ele></trkpt>
   <trkpt lon="2.569342" lat="39.670093"><ele>218.0</ele></trkpt>
   <trkpt lon="2.569277" lat="39.670383"><ele>216.5</ele></trkpt>
   <trkpt lon="2.569269" lat="39.670484"><ele>216.0</ele></trkpt>
   <trkpt lon="2.569296" lat="39.670569"><ele>215.75</ele></trkpt>
   <trkpt lon="2.569384" lat="39.670663"><ele>215.5</ele></trkpt>
   <trkpt lon="2.569480" lat="39.670715"><ele>215.25</ele></trkpt>
   <trkpt lon="2.569592" lat="39.670741"><ele>214.75</ele></trkpt>
   <trkpt lon="2.569693" lat="39.670745"><ele>214.5</ele></trkpt>
   <trkpt lon="2.569791" lat="39.670736"><ele>214.0</ele></trkpt>
   <trkpt lon="2.569933" lat="39.670681"><ele>213.25</ele></trkpt>
   <trkpt lon="2.570609" lat="39.670293"><ele>209.75</ele></trkpt>
   <trkpt lon="2.570760" lat="39.670219"><ele>210.0</ele></trkpt>
   <trkpt lon="2.570922" lat="39.670165"><ele>209.25</ele></trkpt>
   <trkpt lon="2.571101" lat="39.670133"><ele>209.0</ele></trkpt>
   <trkpt lon="2.571275" lat="39.670129"><ele>208.25</ele></trkpt>
   <trkpt lon="2.571403" lat="39.670144"><ele>207.75</ele></trkpt>
   <trkpt lon="2.571499" lat="39.670177"><ele>207.5</ele></trkpt>
   <trkpt lon="2.571627" lat="39.670250"><ele>207.0</ele></trkpt>
   <trkpt lon="2.571697" lat="39.670333"><ele>206.5</ele></trkpt>
   <trkpt lon="2.571751" lat="39.670448"><ele>206.0</ele></trkpt>
   <trkpt lon="2.571781" lat="39.670629"><ele>206.0</ele></trkpt>
   <trkpt lon="2.571821" lat="39.670867"><ele>207.0</ele></trkpt>
   <trkpt lon="2.571848" lat="39.670978"><ele>206.25</ele></trkpt>
   <trkpt lon="2.571909" lat="39.671076"><ele>204.75</ele></trkpt>
   <trkpt lon="2.572043" lat="39.671189"><ele>205.5</ele></trkpt>
   <trkpt lon="2.572203" lat="39.671272"><ele>205.0</ele></trkpt>
   <trkpt lon="2.572365" lat="39.671344"><ele>203.75</ele></trkpt>
   <trkpt lon="2.573448" lat="39.671695"><ele>199.25</ele></trkpt>
   <trkpt lon="2.573663" lat="39.671748"><ele>199.25</ele></trkpt>
   <trkpt lon="2.573754" lat="39.671763"><ele>198.75</ele></trkpt>
   <trkpt lon="2.573827" lat="39.671767"><ele>198.5</ele></trkpt>
   <trkpt lon="2.573902" lat="39.671745"><ele>198.0</ele></trkpt>
   <trkpt lon="2.573955" lat="39.671701"><ele>197.5</ele></trkpt>
   <trkpt lon="2.573992" lat="39.671642"><ele>196.5</ele></trkpt>
   <trkpt lon="2.574028" lat="39.671549"><ele>195.75</ele></trkpt>
   <trkpt lon="2.574145" lat="39.671208"><ele>193.5</ele></trkpt>
   <trkpt lon="2.574249" lat="39.670955"><ele>194.25</ele></trkpt>
   <trkpt lon="2.574308" lat="39.670845"><ele>193.25</ele></trkpt>
   <trkpt lon="2.574361" lat="39.670771"><ele>195.0</ele></trkpt>
   <trkpt lon="2.574450" lat="39.670707"><ele>195.25</ele></trkpt>
   <trkpt lon="2.574594" lat="39.670654"><ele>195.5</ele></trkpt>
   <trkpt lon="2.575101" lat="39.670558"><ele>192.25</ele></trkpt>
   <trkpt lon="2.575335" lat="39.670513"><ele>192.25</ele></trkpt>
   <trkpt lon="2.575800" lat="39.670425"><ele>192.0</ele></trkpt>
   <trkpt lon="2.575911" lat="39.670394"><ele>191.75</ele></trkpt>
   <trkpt lon="2.576040" lat="39.670340"><ele>191.5</ele></trkpt>
   <trkpt lon="2.576095" lat="39.670310"><ele>191.5</ele></trkpt>
   <trkpt lon="2.576639" lat="39.669965"><ele>190.25</ele></trkpt>
   <trkpt lon="2.577034" lat="39.669685"><ele>188.5</ele></trkpt>
   <trkpt lon="2.577045" lat="39.669649"><ele>188.5</ele><sym>right_sharp</sym><type>Via</type></trkpt>
   <trkpt lon="2.577034" lat="39.669685"><ele>188.5</ele></trkpt>
   <trkpt lon="2.576639" lat="39.669965"><ele>190.25</ele></trkpt>
   <trkpt lon="2.576095" lat="39.670310"><ele>191.5</ele></trkpt>
   <trkpt lon="2.576040" lat="39.670340"><ele>191.5</ele></trkpt>
   <trkpt lon="2.575911" lat="39.670394"><ele>191.75</ele></trkpt>
   <trkpt lon="2.575800" lat="39.670425"><ele>192.0</ele></trkpt>
   <trkpt lon="2.575335" lat="39.670513"><ele>192.25</ele></trkpt>
   <trkpt lon="2.575101" lat="39.670558"><ele>192.25</ele></trkpt>
   <trkpt lon="2.574594" lat="39.670654"><ele>195.5</ele></trkpt>
   <trkpt lon="2.574450" lat="39.670707"><ele>195.25</ele></trkpt>
   <trkpt lon="2.574361" lat="39.670771"><ele>195.0</ele></trkpt>
   <trkpt lon="2.574308" lat="39.670845"><ele>193.25</ele></trkpt>
   <trkpt lon="2.574249" lat="39.670955"><ele>194.25</ele></trkpt>
   <trkpt lon="2.574145" lat="39.671208"><ele>193.5</ele></trkpt>
   <trkpt lon="2.574028" lat="39.671549"><ele>195.75</ele></trkpt>
   <trkpt lon="2.573992" lat="39.671642"><ele>196.5</ele></trkpt>
   <trkpt lon="2.573955" lat="39.671701"><ele>197.5</ele></trkpt>
   <trkpt lon="2.573902" lat="39.671745"><ele>198.0</ele></trkpt>
   <trkpt lon="2.573827" lat="39.671767"><ele>198.5</ele></trkpt>
   <trkpt lon="2.573754" lat="39.671763"><ele>198.75</ele></trkpt>
   <trkpt lon="2.573663" lat="39.671748"><ele>199.25</ele></trkpt>
   <trkpt lon="2.573448" lat="39.671695"><ele>199.25</ele></trkpt>
   <trkpt lon="2.572365" lat="39.671344"><ele>203.75</ele></trkpt>
   <trkpt lon="2.572203" lat="39.671272"><ele>205.0</ele></trkpt>
   <trkpt lon="2.572043" lat="39.671189"><ele>205.5</ele></trkpt>
   <trkpt lon="2.571909" lat="39.671076"><ele>204.75</ele></trkpt>
   <trkpt lon="2.571848" lat="39.670978"><ele>206.25</ele></trkpt>
   <trkpt lon="2.571821" lat="39.670867"><ele>207.0</ele></trkpt>
   <trkpt lon="2.571781" lat="39.670629"><ele>206.0</ele></trkpt>
   <trkpt lon="2.571751" lat="39.670448"><ele>206.0</ele></trkpt>
   <trkpt lon="2.571697" lat="39.670333"><ele>206.5</ele></trkpt>
   <trkpt lon="2.571627" lat="39.670250"><ele>207.0</ele></trkpt>
   <trkpt lon="2.571499" lat="39.670177"><ele>207.5</ele></trkpt>
   <trkpt lon="2.571403" lat="39.670144"><ele>207.75</ele></trkpt>
   <trkpt lon="2.571275" lat="39.670129"><ele>208.25</ele></trkpt>
   <trkpt lon="2.571101" lat="39.670133"><ele>209.0</ele></trkpt>
   <trkpt lon="2.570922" lat="39.670165"><ele>209.25</ele></trkpt>
   <trkpt lon="2.570760" lat="39.670219"><ele>210.0</ele></trkpt>
   <trkpt lon="2.570609" lat="39.670293"><ele>209.75</ele></trkpt>
   <trkpt lon="2.569933" lat="39.670681"><ele>213.25</ele></trkpt>
   <trkpt lon="2.569791" lat="39.670736"><ele>214.0</ele></trkpt>
   <trkpt lon="2.569693" lat="39.670745"><ele>214.5</ele></trkpt>
   <trkpt lon="2.569592" lat="39.670741"><ele>214.75</ele></trkpt>
   <trkpt lon="2.569480" lat="39.670715"><ele>215.25</ele></trkpt>
   <trkpt lon="2.569384" lat="39.670663"><ele>215.5</ele></trkpt>
   <trkpt lon="2.569296" lat="39.670569"><ele>215.75</ele></trkpt>
   <trkpt lon="2.569269" lat="39.670484"><ele>216.0</ele></trkpt>
   <trkpt lon="2.569277" lat="39.670383"><ele>216.5</ele></trkpt>
   <trkpt lon="2.569342" lat="39.670093"><ele>218.0</ele></trkpt>
   <trkpt lon="2.569347" lat="39.669955"><ele>218.5</ele></trkpt>
   <trkpt lon="2.569334" lat="39.669809"><ele>219.5</ele></trkpt>
   <trkpt lon="2.569139" lat="39.669181"><ele>221.75</ele></trkpt>
   <trkpt lon="2.568981" lat="39.668999"><ele>224.0</ele></trkpt>
   <trkpt lon="2.568792" lat="39.668876"><ele>224.0</ele></trkpt>
   <trkpt lon="2.568508" lat="39.668796"><ele>226.0</ele></trkpt>
   <trkpt lon="2.568191" lat="39.668766"><ele>227.5</ele></trkpt>
   <trkpt lon="2.567949" lat="39.668775"><ele>228.5</ele></trkpt>
   <trkpt lon="2.567744" lat="39.668815"><ele>228.5</ele></trkpt>
   <trkpt lon="2.567575" lat="39.668871"><ele>228.0</ele></trkpt>
   <trkpt lon="2.567433" lat="39.668929"><ele>228.25</ele></trkpt>
   <trkpt lon="2.567384" lat="39.668949"><ele>229.0</ele></trkpt>
   <trkpt lon="2.567214" lat="39.669050"><ele>230.25</ele></trkpt>
   <trkpt lon="2.567060" lat="39.669163"><ele>230.25</ele></trkpt>
   <trkpt lon="2.566762" lat="39.669376"><ele>231.75</ele></trkpt>
   <trkpt lon="2.566658" lat="39.669446"><ele>231.75</ele></trkpt>
   <trkpt lon="2.566568" lat="39.669503"><ele>233.25</ele></trkpt>
   <trkpt lon="2.566399" lat="39.669595"><ele>234.75</ele></trkpt>
   <trkpt lon="2.566244" lat="39.669655"><ele>236.25</ele></trkpt>
   <trkpt lon="2.565527" lat="39.669866"><ele>238.5</ele></trkpt>
   <trkpt lon="2.565404" lat="39.669922"><ele>239.75</ele></trkpt>
   <trkpt lon="2.564670" lat="39.670323"><ele>242.75</ele></trkpt>
   <trkpt lon="2.564571" lat="39.670369"><ele>243.5</ele></trkpt>
   <trkpt lon="2.564492" lat="39.670399"><ele>244.0</ele></trkpt>
   <trkpt lon="2.564463" lat="39.670403"><ele>244.0</ele></trkpt>
   <trkpt lon="2.564428" lat="39.670409"><ele>244.25</ele></trkpt>
   <trkpt lon="2.564341" lat="39.670397"><ele>245.0</ele></trkpt>
   <trkpt lon="2.563999" lat="39.670309"><ele>246.5</ele></trkpt>
   <trkpt lon="2.563679" lat="39.670244"><ele>248.25</ele></trkpt>
   <trkpt lon="2.563494" lat="39.670219"><ele>248.5</ele></trkpt>
   <trkpt lon="2.563259" lat="39.670205"><ele>249.0</ele></trkpt>
   <trkpt lon="2.563163" lat="39.670212"><ele>249.5</ele></trkpt>
   <trkpt lon="2.562999" lat="39.670241"><ele>251.0</ele></trkpt>
   <trkpt lon="2.562782" lat="39.670289"><ele>252.5</ele></trkpt>
   <trkpt lon="2.562577" lat="39.670342"><ele>253.25</ele></trkpt>
   <trkpt lon="2.562366" lat="39.670408"><ele>254.0</ele></trkpt>
   <trkpt lon="2.562186" lat="39.670487"><ele>256.0</ele></trkpt>
   <trkpt lon="2.562057" lat="39.670572"><ele>258.25</ele></trkpt>
   <trkpt lon="2.561956" lat="39.670663"><ele>259.75</ele></trkpt>
   <trkpt lon="2.561811" lat="39.670844"><ele>263.0</ele></trkpt>
   <trkpt lon="2.561769" lat="39.670943"><ele>264.5</ele></trkpt>
   <trkpt lon="2.561735" lat="39.671069"><ele>266.75</ele><sym>pass_place</sym><type>Shaping</type></trkpt>
   <trkpt lon="2.561735" lat="39.671071"><ele>266.75</ele></trkpt>
   <trkpt lon="2.561703" lat="39.671309"><ele>267.25</ele></trkpt>
   <trkpt lon="2.561682" lat="39.671553"><ele>268.75</ele></trkpt>
   <trkpt lon="2.561630" lat="39.671874"><ele>272.5</ele></trkpt>
   <trkpt lon="2.561589" lat="39.672017"><ele>274.0</ele></trkpt>
   <trkpt lon="2.561517" lat="39.672124"><ele>275.0</ele></trkpt>
   <trkpt lon="2.561445" lat="39.672201"><ele>275.0</ele></trkpt>
   <trkpt lon="2.561259" lat="39.672330"><ele>279.0</ele></trkpt>
   <trkpt lon="2.561148" lat="39.672389"><ele>280.75</ele></trkpt>
   <trkpt lon="2.560777" lat="39.672499"><ele>280.5</ele></trkpt>
   <trkpt lon="2.560604" lat="39.672582"><ele>282.5</ele></trkpt>
   <trkpt lon="2.560518" lat="39.672644"><ele>283.25</ele></trkpt>
   <trkpt lon="2.560457" lat="39.672697"><ele>284.0</ele></trkpt>
   <trkpt lon="2.560406" lat="39.672754"><ele>284.5</ele></trkpt>
   <trkpt lon="2.560339" lat="39.672845"><ele>285.0</ele></trkpt>
   <trkpt lon="2.560279" lat="39.672979"><ele>285.75</ele></trkpt>
   <trkpt lon="2.560202" lat="39.673228"><ele>287.75</ele></trkpt>
   <trkpt lon="2.560178" lat="39.673361"><ele>288.5</ele></trkpt>
   <trkpt lon="2.560172" lat="39.673483"><ele>288.0</ele></trkpt>
   <trkpt lon="2.560188" lat="39.673656"><ele>287.25</ele></trkpt>
   <trkpt lon="2.560291" lat="39.674110"><ele>284.5</ele></trkpt>
   <trkpt lon="2.560297" lat="39.674229"><ele>283.75</ele></trkpt>
   <trkpt lon="2.560268" lat="39.674336"><ele>283.5</ele></trkpt>
   <trkpt lon="2.560213" lat="39.674421"><ele>284.0</ele></trkpt>
   <trkpt lon="2.560104" lat="39.674551"><ele>285.75</ele></trkpt>
   <trkpt lon="2.560040" lat="39.674641"><ele>286.25</ele></trkpt>
   <trkpt lon="2.560004" lat="39.674725"><ele>285.75</ele></trkpt>
   <trkpt lon="2.559989" lat="39.674809"><ele>287.0</ele></trkpt>
   <trkpt lon="2.559987" lat="39.674897"><ele>288.0</ele></trkpt>
   <trkpt lon="2.560061" lat="39.675950"><ele>295.25</ele></trkpt>
   <trkpt lon="2.560031" lat="39.676118"><ele>296.25</ele></trkpt>
   <trkpt lon="2.559955" lat="39.676257"><ele>297.0</ele></trkpt>
   <trkpt lon="2.559857" lat="39.676370"><ele>298.25</ele></trkpt>
   <trkpt lon="2.559701" lat="39.676454"><ele>299.0</ele></trkpt>
   <trkpt lon="2.559537" lat="39.676507"><ele>300.5</ele></trkpt>
   <trkpt lon="2.559345" lat="39.676521"><ele>302.0</ele></trkpt>
   <trkpt lon="2.558909" lat="39.676498"><ele>305.0</ele></trkpt>
   <trkpt lon="2.558673" lat="39.676496"><ele>306.75</ele></trkpt>
   <trkpt lon="2.558496" lat="39.676527"><ele>308.25</ele></trkpt>
   <trkpt lon="2.558323" lat="39.676605"><ele>310.75</ele></trkpt>
   <trkpt lon="2.558206" lat="39.676700"><ele>312.5</ele></trkpt>
   <trkpt lon="2.558116" lat="39.676808"><ele>313.75</ele></trkpt>
   <trkpt lon="2.558026" lat="39.676983"><ele>316.0</ele></trkpt>
   <trkpt lon="2.557961" lat="39.677111"><ele>316.5</ele></trkpt>
   <trkpt lon="2.557803" lat="39.677425"><ele>319.25</ele></trkpt>
   <trkpt lon="2.557763" lat="39.677563"><ele>320.25</ele></trkpt>
   <trkpt lon="2.557744" lat="39.677684"><ele>321.0</ele></trkpt>
   <trkpt lon="2.557751" lat="39.677789"><ele>321.5</ele></trkpt>
   <trkpt lon="2.557768" lat="39.677877"><ele>322.0</ele></trkpt>
   <trkpt lon="2.557812" lat="39.677984"><ele>322.75</ele></trkpt>
   <trkpt lon="2.557890" lat="39.678116"><ele>323.5</ele></trkpt>
   <trkpt lon="2.557989" lat="39.678350"><ele>325.25</ele></trkpt>
   <trkpt lon="2.558025" lat="39.678518"><ele>326.25</ele></trkpt>
   <trkpt lon="2.558037" lat="39.678666"><ele>327.25</ele></trkpt>
   <trkpt lon="2.558028" lat="39.679122"><ele>328.75</ele></trkpt>
   <trkpt lon="2.558041" lat="39.679351"><ele>329.0</ele></trkpt>
   <trkpt lon="2.558037" lat="39.679437"><ele>329.0</ele></trkpt>
   <trkpt lon="2.558011" lat="39.679547"><ele>329.0</ele></trkpt>
   <trkpt lon="2.557915" lat="39.679740"><ele>329.25</ele></trkpt>
   <trkpt lon="2.557868" lat="39.679806"><ele>329.25</ele></trkpt>
   <trkpt lon="2.557799" lat="39.679879"><ele>328.75</ele></trkpt>
   <trkpt lon="2.557516" lat="39.680168"><ele>328.0</ele></trkpt>
   <trkpt lon="2.557253" lat="39.680401"><ele>326.0</ele></trkpt>
   <trkpt lon="2.556665" lat="39.680982"><ele>322.25</ele></trkpt>
   <trkpt lon="2.556500" lat="39.681122"><ele>321.5</ele></trkpt>
   <trkpt lon="2.556402" lat="39.681189"><ele>321.0</ele></trkpt>
   <trkpt lon="2.555581" lat="39.681650"><ele>321.0</ele></trkpt>
   <trkpt lon="2.555480" lat="39.681685"><ele>320.25</ele></trkpt>
   <trkpt lon="2.555381" lat="39.681707"><ele>319.5</ele></trkpt>
   <trkpt lon="2.555241" lat="39.681710"><ele>319.0</ele></trkpt>
   <trkpt lon="2.554972" lat="39.681685"><ele>315.75</ele></trkpt>
   <trkpt lon="2.554627" lat="39.681640"><ele>314.75</ele></trkpt>
   <trkpt lon="2.554476" lat="39.681597"><ele>314.0</ele></trkpt>
   <trkpt lon="2.554347" lat="39.681547"><ele>313.5</ele></trkpt>
   <trkpt lon="2.554185" lat="39.681462"><ele>312.0</ele></trkpt>
   <trkpt lon="2.554112" lat="39.681404"><ele>311.25</ele></trkpt>
   <trkpt lon="2.554068" lat="39.681355"><ele>311.0</ele></trkpt>
   <trkpt lon="2.553901" lat="39.681118"><ele>311.25</ele></trkpt>
   <trkpt lon="2.553835" lat="39.681060"><ele>311.75</ele></trkpt>
   <trkpt lon="2.553464" lat="39.680802"><ele>310.5</ele></trkpt>
   <trkpt lon="2.553302" lat="39.680742"><ele>309.25</ele></trkpt>
   <trkpt lon="2.553067" lat="39.680694"><ele>308.0</ele></trkpt>
   <trkpt lon="2.552852" lat="39.680690"><ele>307.0</ele></trkpt>
   <trkpt lon="2.552584" lat="39.680696"><ele>306.75</ele></trkpt>
   <trkpt lon="2.552367" lat="39.680688"><ele>305.25</ele></trkpt>
   <trkpt lon="2.552235" lat="39.680647"><ele>304.5</ele></trkpt>
   <trkpt lon="2.552119" lat="39.680590"><ele>305.5</ele></trkpt>
   <trkpt lon="2.551943" lat="39.680551"><ele>306.0</ele></trkpt>
   <trkpt lon="2.551940" lat="39.680551"><ele>306.5</ele><sym>pass_place</sym><type>Shaping</type></trkpt>
   <trkpt lon="2.551777" lat="39.680554"><ele>306.5</ele></trkpt>
   <trkpt lon="2.551607" lat="39.680594"><ele>306.5</ele></trkpt>
   <trkpt lon="2.551452" lat="39.680677"><ele>307.25</ele></trkpt>
   <trkpt lon="2.551329" lat="39.680801"><ele>308.75</ele></trkpt>
   <trkpt lon="2.551220" lat="39.681009"><ele>310.25</ele></trkpt>
   <trkpt lon="2.551128" lat="39.681133"><ele>311.0</ele></trkpt>
   <trkpt lon="2.551005" lat="39.681240"><ele>312.25</ele></trkpt>
   <trkpt lon="2.550667" lat="39.681467"><ele>316.25</ele></trkpt>
   <trkpt lon="2.550540" lat="39.681542"><ele>319.25</ele></trkpt>
   <trkpt lon="2.550373" lat="39.681582"><ele>319.0</ele></trkpt>
   <trkpt lon="2.550214" lat="39.681591"><ele>319.0</ele></trkpt>
   <trkpt lon="2.550093" lat="39.681573"><ele>320.25</ele></trkpt>
   <trkpt lon="2.549978" lat="39.681543"><ele>321.0</ele></trkpt>
   <trkpt lon="2.549851" lat="39.681469"><ele>319.25</ele></trkpt>
   <trkpt lon="2.549547" lat="39.681185"><ele>321.5</ele></trkpt>
   <trkpt lon="2.549310" lat="39.680997"><ele>324.75</ele></trkpt>
   <trkpt lon="2.549189" lat="39.680958"><ele>324.25</ele></trkpt>
   <trkpt lon="2.549054" lat="39.680931"><ele>326.25</ele></trkpt>
   <trkpt lon="2.548904" lat="39.680956"><ele>327.25</ele></trkpt>
   <trkpt lon="2.548810" lat="39.681052"><ele>328.0</ele></trkpt>
   <trkpt lon="2.548736" lat="39.681204"><ele>326.75</ele></trkpt>
   <trkpt lon="2.548687" lat="39.681356"><ele>322.75</ele></trkpt>
   <trkpt lon="2.548625" lat="39.681493"><ele>319.75</ele></trkpt>
   <trkpt lon="2.548529" lat="39.681544"><ele>319.5</ele></trkpt>
   <trkpt lon="2.548405" lat="39.681556"><ele>320.75</ele></trkpt>
   <trkpt lon="2.548259" lat="39.681560"><ele>321.75</ele></trkpt>
   <trkpt lon="2.548015" lat="39.681659"><ele>318.25</ele></trkpt>
   <trkpt lon="2.547901" lat="39.681748"><ele>318.0</ele></trkpt>
   <trkpt lon="2.547725" lat="39.681941"><ele>315.0</ele></trkpt>
   <trkpt lon="2.547534" lat="39.682094"><ele>313.25</ele></trkpt>
   <trkpt lon="2.547031" lat="39.682370"><ele>311.25</ele></trkpt>
   <trkpt lon="2.546946" lat="39.682456"><ele>310.5</ele></trkpt>
   <trkpt lon="2.546901" lat="39.682542"><ele>310.25</ele></trkpt>
   <trkpt lon="2.546888" lat="39.682639"><ele>310.0</ele></trkpt>
   <trkpt lon="2.547048" lat="39.683141"><ele>302.0</ele></trkpt>
   <trkpt lon="2.547060" lat="39.683308"><ele>301.75</ele></trkpt>
   <trkpt lon="2.546997" lat="39.683410"><ele>299.75</ele></trkpt>
   <trkpt lon="2.546880" lat="39.683476"><ele>299.25</ele></trkpt>
   <trkpt lon="2.546645" lat="39.683571"><ele>299.0</ele></trkpt>
   <trkpt lon="2.546487" lat="39.683648"><ele>298.25</ele></trkpt>
   <trkpt lon="2.546360" lat="39.683760"><ele>297.5</ele></trkpt>
   <trkpt lon="2.546286" lat="39.683862"><ele>297.0</ele></trkpt>
   <trkpt lon="2.546060" lat="39.684364"><ele>293.75</ele></trkpt>
   <trkpt lon="2.545945" lat="39.684591"><ele>292.75</ele></trkpt>
   <trkpt lon="2.545782" lat="39.684804"><ele>293.0</ele></trkpt>
   <trkpt lon="2.545640" lat="39.684912"><ele>294.5</ele></trkpt>
   <trkpt lon="2.545514" lat="39.684990"><ele>295.25</ele></trkpt>
   <trkpt lon="2.545352" lat="39.685054"><ele>295.25</ele></trkpt>
   <trkpt lon="2.545173" lat="39.685099"><ele>295.5</ele></trkpt>
   <trkpt lon="2.545020" lat="39.685113"><ele>296.0</ele></trkpt>
   <trkpt lon="2.544918" lat="39.685102"><ele>296.0</ele></trkpt>
   <trkpt lon="2.544730" lat="39.685021"><ele>296.5</ele></trkpt>
   <trkpt lon="2.544326" lat="39.684776"><ele>296.0</ele></trkpt>
   <trkpt lon="2.544225" lat="39.684735"><ele>296.0</ele></trkpt>
   <trkpt lon="2.544092" lat="39.684722"><ele>296.0</ele></trkpt>
   <trkpt lon="2.543935" lat="39.684727"><ele>295.75</ele></trkpt>
   <trkpt lon="2.543582" lat="39.684757"><ele>295.0</ele></trkpt>
   <trkpt lon="2.543287" lat="39.684761"><ele>295.5</ele></trkpt>
   <trkpt lon="2.543079" lat="39.684742"><ele>295.5</ele></trkpt>
   <trkpt lon="2.542893" lat="39.684675"><ele>295.25</ele></trkpt>
   <trkpt lon="2.542811" lat="39.684617"><ele>294.75</ele></trkpt>
   <trkpt lon="2.542758" lat="39.684550"><ele>294.0</ele></trkpt>
   <trkpt lon="2.542756" lat="39.684449"><ele>294.25</ele></trkpt>
   <trkpt lon="2.542885" lat="39.684106"><ele>296.5</ele></trkpt>
   <trkpt lon="2.542955" lat="39.683740"><ele>296.25</ele></trkpt>
   <trkpt lon="2.542999" lat="39.683338"><ele>297.25</ele></trkpt>
   <trkpt lon="2.542950" lat="39.683231"><ele>297.0</ele></trkpt>
   <trkpt lon="2.542868" lat="39.683147"><ele>296.5</ele></trkpt>
   <trkpt lon="2.542723" lat="39.683093"><ele>295.25</ele></trkpt>
   <trkpt lon="2.542057" lat="39.683039"><ele>292.5</ele></trkpt>
   <trkpt lon="2.541919" lat="39.683062"><ele>291.25</ele></trkpt>
   <trkpt lon="2.541808" lat="39.683136"><ele>291.75</ele></trkpt>
   <trkpt lon="2.541766" lat="39.683220"><ele>290.75</ele></trkpt>
   <trkpt lon="2.541726" lat="39.683395"><ele>288.75</ele></trkpt>
   <trkpt lon="2.541708" lat="39.683553"><ele>287.75</ele></trkpt>
   <trkpt lon="2.541657" lat="39.683652"><ele>288.0</ele></trkpt>
   <trkpt lon="2.541621" lat="39.683703"><ele>287.25</ele></trkpt>
   <trkpt lon="2.541500" lat="39.683780"><ele>286.5</ele></trkpt>
   <trkpt lon="2.541320" lat="39.683838"><ele>286.25</ele></trkpt>
   <trkpt lon="2.540999" lat="39.683917"><ele>285.0</ele></trkpt>
   <trkpt lon="2.540714" lat="39.683973"><ele>283.75</ele></trkpt>
   <trkpt lon="2.540537" lat="39.683997"><ele>282.25</ele></trkpt>
   <trkpt lon="2.540341" lat="39.683978"><ele>281.25</ele></trkpt>
   <trkpt lon="2.540096" lat="39.683945"><ele>279.5</ele></trkpt>
   <trkpt lon="2.539933" lat="39.683973"><ele>278.75</ele></trkpt>
   <trkpt lon="2.539832" lat="39.684048"><ele>279.0</ele></trkpt>
   <trkpt lon="2.539789" lat="39.684161"><ele>277.25</ele></trkpt>
   <trkpt lon="2.539860" lat="39.684317"><ele>280.25</ele></trkpt>
   <trkpt lon="2.540147" lat="39.684612"><ele>276.25</ele></trkpt>
   <trkpt lon="2.540242" lat="39.684747"><ele>275.0</ele></trkpt>
   <trkpt lon="2.540279" lat="39.684860"><ele>274.25</ele></trkpt>
   <trkpt lon="2.540299" lat="39.685063"><ele>274.0</ele></trkpt>
   <trkpt lon="2.540197" lat="39.685259"><ele>276.25</ele><sym>pass_place</sym><type>Shaping</type></trkpt>
   <trkpt lon="2.540196" lat="39.685262"><ele>276.25</ele></trkpt>
   <trkpt lon="2.539975" lat="39.685554"><ele>277.75</ele></trkpt>
   <trkpt lon="2.539778" lat="39.685844"><ele>278.75</ele></trkpt>
   <trkpt lon="2.539725" lat="39.685975"><ele>279.25</ele></trkpt>
   <trkpt lon="2.539693" lat="39.686138"><ele>279.75</ele></trkpt>
   <trkpt lon="2.539702" lat="39.686286"><ele>279.25</ele></trkpt>
   <trkpt lon="2.539697" lat="39.686439"><ele>278.75</ele></trkpt>
   <trkpt lon="2.539675" lat="39.686517"><ele>278.25</ele></trkpt>
   <trkpt lon="2.539584" lat="39.686602"><ele>278.5</ele></trkpt>
   <trkpt lon="2.539465" lat="39.686623"><ele>279.5</ele></trkpt>
   <trkpt lon="2.539204" lat="39.686604"><ele>279.75</ele></trkpt>
   <trkpt lon="2.539041" lat="39.686562"><ele>279.5</ele></trkpt>
   <trkpt lon="2.538871" lat="39.686503"><ele>279.5</ele></trkpt>
   <trkpt lon="2.538724" lat="39.686482"><ele>278.75</ele></trkpt>
   <trkpt lon="2.538587" lat="39.686488"><ele>277.25</ele></trkpt>
   <trkpt lon="2.538344" lat="39.686512"><ele>277.5</ele></trkpt>
   <trkpt lon="2.538123" lat="39.686554"><ele>275.5</ele></trkpt>
   <trkpt lon="2.537755" lat="39.686595"><ele>275.5</ele></trkpt>
   <trkpt lon="2.537487" lat="39.686591"><ele>274.25</ele></trkpt>
   <trkpt lon="2.537320" lat="39.686524"><ele>271.5</ele></trkpt>
   <trkpt lon="2.537073" lat="39.686307"><ele>273.25</ele></trkpt>
   <trkpt lon="2.536957" lat="39.686242"><ele>274.0</ele></trkpt>
   <trkpt lon="2.536764" lat="39.686207"><ele>273.0</ele></trkpt>
   <trkpt lon="2.536524" lat="39.686180"><ele>272.25</ele></trkpt>
   <trkpt lon="2.536362" lat="39.686210"><ele>271.0</ele></trkpt>
   <trkpt lon="2.536265" lat="39.686288"><ele>270.5</ele></trkpt>
   <trkpt lon="2.536206" lat="39.686419"><ele>270.0</ele></trkpt>
   <trkpt lon="2.536190" lat="39.686618"><ele>269.75</ele></trkpt>
   <trkpt lon="2.536156" lat="39.686828"><ele>270.25</ele></trkpt>
   <trkpt lon="2.536178" lat="39.687043"><ele>270.75</ele></trkpt>
   <trkpt lon="2.536261" lat="39.687265"><ele>271.5</ele></trkpt>
   <trkpt lon="2.536363" lat="39.687435"><ele>272.25</ele></trkpt>
   <trkpt lon="2.536415" lat="39.687568"><ele>272.5</ele></trkpt>
   <trkpt lon="2.536427" lat="39.687681"><ele>272.5</ele></trkpt>
   <trkpt lon="2.535867" lat="39.688537"><ele>277.25</ele></trkpt>
   <trkpt lon="2.535621" lat="39.688793"><ele>280.75</ele></trkpt>
   <trkpt lon="2.535455" lat="39.688939"><ele>281.0</ele></trkpt>
   <trkpt lon="2.535397" lat="39.688976"><ele>281.25</ele></trkpt>
   <trkpt lon="2.535296" lat="39.689024"><ele>282.25</ele></trkpt>
   <trkpt lon="2.535215" lat="39.689049"><ele>282.25</ele></trkpt>
   <trkpt lon="2.534878" lat="39.689085"><ele>283.25</ele></trkpt>
   <trkpt lon="2.534751" lat="39.689111"><ele>283.75</ele></trkpt>
   <trkpt lon="2.534671" lat="39.689138"><ele>283.75</ele></trkpt>
   <trkpt lon="2.534616" lat="39.689164"><ele>283.75</ele></trkpt>
   <trkpt lon="2.534539" lat="39.689212"><ele>284.5</ele></trkpt>
   <trkpt lon="2.533704" lat="39.689965"><ele>291.75</ele></trkpt>
   <trkpt lon="2.531828" lat="39.691614"><ele>299.5</ele></trkpt>
   <trkpt lon="2.531255" lat="39.692120"><ele>297.5</ele></trkpt>
   <trkpt lon="2.531193" lat="39.692184"><ele>296.0</ele></trkpt>
   <trkpt lon="2.531078" lat="39.692328"><ele>294.75</ele></trkpt>
   <trkpt lon="2.530941" lat="39.692549"><ele>294.75</ele></trkpt>
   <trkpt lon="2.530892" lat="39.692616"><ele>294.0</ele></trkpt>
   <trkpt lon="2.530819" lat="39.692683"><ele>292.75</ele></trkpt>
   <trkpt lon="2.530773" lat="39.692710"><ele>292.25</ele></trkpt>
   <trkpt lon="2.530698" lat="39.692728"><ele>291.5</ele></trkpt>
   <trkpt lon="2.530642" lat="39.692729"><ele>290.5</ele></trkpt>
   <trkpt lon="2.530559" lat="39.692717"><ele>289.25</ele></trkpt>
   <trkpt lon="2.530514" lat="39.692700"><ele>289.25</ele></trkpt>
   <trkpt lon="2.530441" lat="39.692658"><ele>288.75</ele></trkpt>
   <trkpt lon="2.530412" lat="39.692626"><ele>288.0</ele></trkpt>
   <trkpt lon="2.530381" lat="39.692561"><ele>286.5</ele></trkpt>
   <trkpt lon="2.530376" lat="39.692493"><ele>284.75</ele></trkpt>
   <trkpt lon="2.530385" lat="39.692459"><ele>284.25</ele></trkpt>
   <trkpt lon="2.530500" lat="39.692219"><ele>282.5</ele></trkpt>
   <trkpt lon="2.530580" lat="39.692011"><ele>282.25</ele></trkpt>
   <trkpt lon="2.530618" lat="39.691935"><ele>282.0</ele></trkpt>
   <trkpt lon="2.530702" lat="39.691813"><ele>280.75</ele></trkpt>
   <trkpt lon="2.530883" lat="39.691591"><ele>278.75</ele></trkpt>
   <trkpt lon="2.530912" lat="39.691542"><ele>278.75</ele></trkpt>
   <trkpt lon="2.530934" lat="39.691488"><ele>278.75</ele></trkpt>
   <trkpt lon="2.530940" lat="39.691449"><ele>278.5</ele></trkpt>
   <trkpt lon="2.530931" lat="39.691370"><ele>277.75</ele></trkpt>
   <trkpt lon="2.530903" lat="39.691302"><ele>277.5</ele></trkpt>
   <trkpt lon="2.530864" lat="39.691240"><ele>277.0</ele></trkpt>
   <trkpt lon="2.530762" lat="39.691107"><ele>274.75</ele></trkpt>
   <trkpt lon="2.530627" lat="39.690972"><ele>273.25</ele></trkpt>
   <trkpt lon="2.530533" lat="39.690896"><ele>272.0</ele></trkpt>
   <trkpt lon="2.530451" lat="39.690840"><ele>271.75</ele></trkpt>
   <trkpt lon="2.529679" lat="39.690387"><ele>266.5</ele></trkpt>
   <trkpt lon="2.529588" lat="39.690316"><ele>265.75</ele></trkpt>
   <trkpt lon="2.529500" lat="39.690230"><ele>264.75</ele></trkpt>
   <trkpt lon="2.529456" lat="39.690170"><ele>264.0</ele></trkpt>
   <trkpt lon="2.529428" lat="39.690096"><ele>263.75</ele></trkpt>
   <trkpt lon="2.529431" lat="39.690022"><ele>264.25</ele></trkpt>
   <trkpt lon="2.529491" lat="39.689854"><ele>265.0</ele></trkpt>
   <trkpt lon="2.529495" lat="39.689811"><ele>264.75</ele></trkpt>
   <trkpt lon="2.529476" lat="39.689743"><ele>263.5</ele><sym>pass_place</sym><type>Shaping</type></trkpt>
   <trkpt lon="2.529432" lat="39.689688"><ele>262.75</ele></trkpt>
   <trkpt lon="2.529348" lat="39.689637"><ele>262.5</ele></trkpt>
   <trkpt lon="2.529301" lat="39.689619"><ele>262.0</ele></trkpt>
   <trkpt lon="2.529233" lat="39.689608"><ele>260.75</ele></trkpt>
   <trkpt lon="2.529169" lat="39.689609"><ele>259.25</ele></trkpt>
   <trkpt lon="2.529062" lat="39.689637"><ele>257.75</ele></trkpt>
   <trkpt lon="2.529017" lat="39.689660"><ele>257.0</ele></trkpt>
   <trkpt lon="2.528961" lat="39.689714"><ele>256.5</ele></trkpt>
   <trkpt lon="2.528934" lat="39.689752"><ele>255.75</ele></trkpt>
   <trkpt lon="2.528922" lat="39.689787"><ele>255.25</ele></trkpt>
   <trkpt lon="2.528915" lat="39.689877"><ele>254.0</ele></trkpt>
   <trkpt lon="2.528924" lat="39.689935"><ele>253.25</ele></trkpt>
   <trkpt lon="2.528980" lat="39.690127"><ele>252.25</ele></trkpt>
   <trkpt lon="2.529272" lat="39.690872"><ele>247.25</ele></trkpt>
   <trkpt lon="2.529299" lat="39.690947"><ele>247.0</ele></trkpt>
   <trkpt lon="2.529305" lat="39.690991"><ele>246.75</ele></trkpt>
   <trkpt lon="2.529294" lat="39.691057"><ele>245.75</ele></trkpt>
   <trkpt lon="2.529275" lat="39.691092"><ele>245.25</ele></trkpt>
   <trkpt lon="2.529220" lat="39.691143"><ele>244.75</ele></trkpt>
   <trkpt lon="2.529178" lat="39.691167"><ele>244.25</ele></trkpt>
   <trkpt lon="2.529096" lat="39.691193"><ele>243.25</ele></trkpt>
   <trkpt lon="2.529004" lat="39.691199"><ele>242.0</ele></trkpt>
   <trkpt lon="2.528960" lat="39.691195"><ele>241.5</ele></trkpt>
   <trkpt lon="2.528871" lat="39.691165"><ele>240.25</ele></trkpt>
   <trkpt lon="2.528806" lat="39.691117"><ele>239.25</ele></trkpt>
   <trkpt lon="2.528769" lat="39.691055"><ele>238.75</ele></trkpt>
   <trkpt lon="2.528722" lat="39.690841"><ele>238.0</ele></trkpt>
   <trkpt lon="2.528679" lat="39.690734"><ele>237.75</ele></trkpt>
   <trkpt lon="2.528655" lat="39.690698"><ele>237.5</ele></trkpt>
   <trkpt lon="2.528573" lat="39.690611"><ele>236.25</ele></trkpt>
   <trkpt lon="2.528412" lat="39.690479"><ele>234.75</ele></trkpt>
   <trkpt lon="2.528325" lat="39.690394"><ele>234.0</ele></trkpt>
   <trkpt lon="2.528274" lat="39.690291"><ele>233.75</ele></trkpt>
   <trkpt lon="2.528160" lat="39.689937"><ele>232.0</ele></trkpt>
   <trkpt lon="2.528099" lat="39.689825"><ele>230.75</ele></trkpt>
   <trkpt lon="2.528023" lat="39.689747"><ele>229.5</ele></trkpt>
   <trkpt lon="2.527941" lat="39.689684"><ele>229.5</ele></trkpt>
   <trkpt lon="2.527785" lat="39.689585"><ele>229.0</ele></trkpt>
   <trkpt lon="2.527650" lat="39.689524"><ele>228.0</ele></trkpt>
   <trkpt lon="2.527620" lat="39.689516"><ele>227.75</ele></trkpt>
   <trkpt lon="2.527559" lat="39.689514"><ele>227.0</ele></trkpt>
   <trkpt lon="2.527492" lat="39.689526"><ele>226.0</ele></trkpt>
   <trkpt lon="2.527394" lat="39.689571"><ele>225.0</ele></trkpt>
   <trkpt lon="2.527335" lat="39.689625"><ele>224.5</ele></trkpt>
   <trkpt lon="2.527318" lat="39.689652"><ele>224.25</ele></trkpt>
   <trkpt lon="2.527302" lat="39.689690"><ele>224.0</ele></trkpt>
   <trkpt lon="2.527296" lat="39.689730"><ele>223.75</ele></trkpt>
   <trkpt lon="2.527296" lat="39.689777"><ele>222.75</ele></trkpt>
   <trkpt lon="2.527330" lat="39.689875"><ele>221.0</ele></trkpt>
   <trkpt lon="2.527744" lat="39.690538"><ele>217.75</ele></trkpt>
   <trkpt lon="2.527790" lat="39.690627"><ele>217.75</ele></trkpt>
   <trkpt lon="2.527801" lat="39.690662"><ele>218.0</ele></trkpt>
   <trkpt lon="2.527806" lat="39.690697"><ele>218.0</ele></trkpt>
   <trkpt lon="2.527799" lat="39.690756"><ele>217.25</ele></trkpt>
   <trkpt lon="2.527773" lat="39.690818"><ele>216.0</ele></trkpt>
   <trkpt lon="2.527755" lat="39.690843"><ele>215.75</ele></trkpt>
   <trkpt lon="2.527726" lat="39.690874"><ele>216.25</ele></trkpt>
   <trkpt lon="2.527658" lat="39.690915"><ele>216.5</ele></trkpt>
   <trkpt lon="2.527619" lat="39.690930"><ele>216.5</ele></trkpt>
   <trkpt lon="2.527546" lat="39.690945"><ele>216.5</ele></trkpt>
   <trkpt lon="2.527465" lat="39.690947"><ele>216.5</ele></trkpt>
   <trkpt lon="2.527424" lat="39.690941"><ele>216.5</ele></trkpt>
   <trkpt lon="2.527387" lat="39.690929"><ele>216.25</ele></trkpt>
   <trkpt lon="2.527325" lat="39.690892"><ele>215.25</ele></trkpt>
   <trkpt lon="2.527294" lat="39.690865"><ele>214.25</ele></trkpt>
   <trkpt lon="2.527257" lat="39.690812"><ele>212.75</ele></trkpt>
   <trkpt lon="2.527181" lat="39.690630"><ele>211.0</ele></trkpt>
   <trkpt lon="2.527138" lat="39.690553"><ele>210.75</ele></trkpt>
   <trkpt lon="2.527087" lat="39.690487"><ele>210.75</ele></trkpt>
   <trkpt lon="2.526986" lat="39.690396"><ele>209.75</ele></trkpt>
   <trkpt lon="2.526905" lat="39.690348"><ele>208.0</ele></trkpt>
   <trkpt lon="2.526827" lat="39.690321"><ele>206.5</ele></trkpt>
   <trkpt lon="2.526749" lat="39.690310"><ele>205.75</ele></trkpt>
   <trkpt lon="2.526705" lat="39.690312"><ele>205.5</ele></trkpt>
   <trkpt lon="2.526631" lat="39.690324"><ele>205.25</ele></trkpt>
   <trkpt lon="2.526550" lat="39.690352"><ele>205.25</ele></trkpt>
   <trkpt lon="2.526235" lat="39.690552"><ele>201.25</ele></trkpt>
   <trkpt lon="2.526137" lat="39.690596"><ele>200.25</ele></trkpt>
   <trkpt lon="2.526081" lat="39.690610"><ele>200.0</ele></trkpt>
   <trkpt lon="2.526015" lat="39.690620"><ele>200.5</ele></trkpt>
   <trkpt lon="2.525687" lat="39.690627"><ele>198.75</ele></trkpt>
   <trkpt lon="2.525370" lat="39.690657"><ele>198.0</ele></trkpt>
   <trkpt lon="2.525276" lat="39.690657"><ele>197.5</ele></trkpt>
   <trkpt lon="2.525228" lat="39.690653"><ele>197.75</ele></trkpt>
   <trkpt lon="2.525141" lat="39.690631"><ele>196.5</ele></trkpt>
   <trkpt lon="2.525048" lat="39.690595"><ele>194.25</ele></trkpt>
   <trkpt lon="2.524928" lat="39.690535"><ele>191.25</ele></trkpt>
   <trkpt lon="2.524823" lat="39.690463"><ele>190.25</ele></trkpt>
   <trkpt lon="2.524662" lat="39.690311"><ele>187.75</ele></trkpt>
   <trkpt lon="2.524553" lat="39.690230"><ele>187.0</ele></trkpt>
   <trkpt lon="2.524381" lat="39.690145"><ele>186.25</ele></trkpt>
   <trkpt lon="2.524254" lat="39.690105"><ele>185.5</ele></trkpt>
   <trkpt lon="2.524105" lat="39.690072"><ele>184.75</ele></trkpt>
   <trkpt lon="2.523215" lat="39.689956"><ele>178.75</ele></trkpt>
   <trkpt lon="2.523081" lat="39.689953"><ele>178.5</ele></trkpt>
   <trkpt lon="2.522767" lat="39.689960"><ele>176.25</ele></trkpt>
   <trkpt lon="2.522513" lat="39.689973"><ele>175.0</ele></trkpt>
   <trkpt lon="2.521848" lat="39.690019"><ele>171.75</ele></trkpt>
   <trkpt lon="2.521781" lat="39.690019"><ele>171.25</ele></trkpt>
   <trkpt lon="2.521700" lat="39.690007"><ele>170.25</ele></trkpt>
   <trkpt lon="2.521616" lat="39.689974"><ele>169.0</ele></trkpt>
   <trkpt lon="2.521567" lat="39.689940"><ele>168.25</ele></trkpt>
   <trkpt lon="2.521533" lat="39.689899"><ele>167.0</ele></trkpt>
   <trkpt lon="2.521519" lat="39.689855"><ele>166.25</ele></trkpt>
   <trkpt lon="2.521522" lat="39.689796"><ele>165.25</ele></trkpt>
   <trkpt lon="2.521546" lat="39.689745"><ele>164.5</ele></trkpt>
   <trkpt lon="2.521595" lat="39.689701"><ele>164.0</ele></trkpt>
   <trkpt lon="2.521633" lat="39.689680"><ele>163.75</ele></trkpt>
   <trkpt lon="2.521762" lat="39.689636"><ele>163.0</ele></trkpt>
   <trkpt lon="2.521858" lat="39.689613"><ele>162.5</ele></trkpt>
   <trkpt lon="2.522427" lat="39.689526"><ele>158.75</ele></trkpt>
   <trkpt lon="2.522790" lat="39.689478"><ele>157.25</ele></trkpt>
   <trkpt lon="2.523064" lat="39.689460"><ele>156.5</ele></trkpt>
   <trkpt lon="2.523412" lat="39.689449"><ele>155.75</ele></trkpt>
   <trkpt lon="2.523858" lat="39.689468"><ele>155.25</ele></trkpt>
   <trkpt lon="2.523951" lat="39.689455"><ele>154.75</ele></trkpt>
   <trkpt lon="2.524028" lat="39.689426"><ele>154.5</ele></trkpt>
   <trkpt lon="2.524058" lat="39.689407"><ele>154.5</ele></trkpt>
   <trkpt lon="2.524104" lat="39.689362"><ele>154.25</ele></trkpt>
   <trkpt lon="2.524119" lat="39.689333"><ele>154.0</ele></trkpt>
   <trkpt lon="2.524133" lat="39.689277"><ele>153.5</ele></trkpt>
   <trkpt lon="2.524127" lat="39.689220"><ele>152.75</ele></trkpt>
   <trkpt lon="2.524102" lat="39.689161"><ele>151.5</ele></trkpt>
   <trkpt lon="2.523955" lat="39.688903"><ele>149.25</ele></trkpt>
   <trkpt lon="2.523928" lat="39.688816"><ele>147.5</ele></trkpt>
   <trkpt lon="2.523932" lat="39.688762"><ele>146.75</ele></trkpt>
   <trkpt lon="2.523955" lat="39.688711"><ele>147.0</ele></trkpt>
   <trkpt lon="2.523980" lat="39.688678"><ele>147.25</ele></trkpt>
   <trkpt lon="2.524170" lat="39.688476"><ele>147.0</ele></trkpt>
   <trkpt lon="2.524235" lat="39.688397"><ele>146.5</ele></trkpt>
   <trkpt lon="2.524403" lat="39.688141"><ele>145.25</ele></trkpt>
   <trkpt lon="2.524429" lat="39.688081"><ele>144.25</ele></trkpt>
   <trkpt lon="2.524431" lat="39.688055"><ele>143.75</ele></trkpt>
   <trkpt lon="2.524428" lat="39.688030"><ele>143.75</ele></trkpt>
   <trkpt lon="2.524405" lat="39.687975"><ele>143.5</ele></trkpt>
   <trkpt lon="2.524361" lat="39.687922"><ele>143.5</ele></trkpt>
   <trkpt lon="2.524313" lat="39.687889"><ele>143.25</ele></trkpt>
   <trkpt lon="2.524278" lat="39.687875"><ele>143.0</ele></trkpt>
   <trkpt lon="2.524213" lat="39.687860"><ele>142.75</ele></trkpt>
   <trkpt lon="2.524118" lat="39.687862"><ele>142.5</ele></trkpt>
   <trkpt lon="2.524058" lat="39.687873"><ele>142.5</ele></trkpt>
   <trkpt lon="2.523675" lat="39.688014"><ele>137.75</ele></trkpt>
   <trkpt lon="2.523251" lat="39.688117"><ele>136.0</ele></trkpt>
   <trkpt lon="2.523185" lat="39.688136"><ele>135.75</ele></trkpt>
   <trkpt lon="2.522981" lat="39.688213"><ele>132.25</ele><sym>pass_place</sym><type>Shaping</type></trkpt>
   <trkpt lon="2.522977" lat="39.688215"><ele>132.25</ele></trkpt>
   <trkpt lon="2.522891" lat="39.688231"><ele>131.5</ele></trkpt>
   <trkpt lon="2.522748" lat="39.688233"><ele>131.25</ele></trkpt>
   <trkpt lon="2.522699" lat="39.688227"><ele>131.25</ele></trkpt>
   <trkpt lon="2.522601" lat="39.688201"><ele>131.25</ele></trkpt>
   <trkpt lon="2.522455" lat="39.688138"><ele>131.0</ele></trkpt>
   <trkpt lon="2.522270" lat="39.688044"><ele>129.5</ele></trkpt>
   <trkpt lon="2.522071" lat="39.687934"><ele>126.75</ele></trkpt>
   <trkpt lon="2.521969" lat="39.687840"><ele>126.5</ele></trkpt>
   <trkpt lon="2.521920" lat="39.687769"><ele>126.75</ele></trkpt>
   <trkpt lon="2.521819" lat="39.687572"><ele>126.75</ele></trkpt>
   <trkpt lon="2.521736" lat="39.687433"><ele>126.25</ele></trkpt>
   <trkpt lon="2.521632" lat="39.687314"><ele>125.5</ele></trkpt>
   <trkpt lon="2.521293" lat="39.686995"><ele>123.75</ele></trkpt>
   <trkpt lon="2.521240" lat="39.686957"><ele>124.0</ele></trkpt>
   <trkpt lon="2.521149" lat="39.686921"><ele>124.25</ele><sym>right_slight</sym></trkpt>
   <trkpt lon="2.521063" lat="39.686915"><ele>124.75</ele></trkpt>
   <trkpt lon="2.521013" lat="39.686918"><ele>125.0</ele></trkpt>
   <trkpt lon="2.520919" lat="39.686939"><ele>124.25</ele></trkpt>
   <trkpt lon="2.520829" lat="39.686971"><ele>123.5</ele></trkpt>
   <trkpt lon="2.520509" lat="39.687134"><ele>123.75</ele></trkpt>
   <trkpt lon="2.520425" lat="39.687178"><ele>123.0</ele></trkpt>
   <trkpt lon="2.520338" lat="39.687243"><ele>123.0</ele></trkpt>
   <trkpt lon="2.520273" lat="39.687322"><ele>123.25</ele></trkpt>
   <trkpt lon="2.520229" lat="39.687420"><ele>122.25</ele></trkpt>
   <trkpt lon="2.520216" lat="39.687478"><ele>121.5</ele></trkpt>
   <trkpt lon="2.520186" lat="39.687575"><ele>120.5</ele></trkpt>
   <trkpt lon="2.520153" lat="39.687621"><ele>120.25</ele></trkpt>
   <trkpt lon="2.520086" lat="39.687665"><ele>120.75</ele></trkpt>
   <trkpt lon="2.519854" lat="39.687782"><ele>120.75</ele></trkpt>
   <trkpt lon="2.519679" lat="39.687859"><ele>119.75</ele></trkpt>
   <trkpt lon="2.519601" lat="39.687877"><ele>119.0</ele></trkpt>
   <trkpt lon="2.519537" lat="39.687869"><ele>119.0</ele></trkpt>
   <trkpt lon="2.519509" lat="39.687859"><ele>119.0</ele></trkpt>
   <trkpt lon="2.519467" lat="39.687832"><ele>119.5</ele></trkpt>
   <trkpt lon="2.519226" lat="39.687604"><ele>119.25</ele></trkpt>
   <trkpt lon="2.519147" lat="39.687531"><ele>119.0</ele></trkpt>
   <trkpt lon="2.519079" lat="39.687480"><ele>119.5</ele></trkpt>
   <trkpt lon="2.519009" lat="39.687453"><ele>119.5</ele></trkpt>
   <trkpt lon="2.518901" lat="39.687440"><ele>118.75</ele></trkpt>
   <trkpt lon="2.518736" lat="39.687438"><ele>117.0</ele></trkpt>
   <trkpt lon="2.518645" lat="39.687431"><ele>116.25</ele></trkpt>
   <trkpt lon="2.518555" lat="39.687405"><ele>115.75</ele></trkpt>
   <trkpt lon="2.518495" lat="39.687378"><ele>115.5</ele></trkpt>
   <trkpt lon="2.518418" lat="39.687350"><ele>114.75</ele></trkpt>
   <trkpt lon="2.518327" lat="39.687339"><ele>113.25</ele></trkpt>
   <trkpt lon="2.518228" lat="39.687349"><ele>114.25</ele></trkpt>
   <trkpt lon="2.518142" lat="39.687381"><ele>114.5</ele></trkpt>
   <trkpt lon="2.518102" lat="39.687406"><ele>114.25</ele></trkpt>
   <trkpt lon="2.517973" lat="39.687498"><ele>113.5</ele></trkpt>
   <trkpt lon="2.517871" lat="39.687553"><ele>113.75</ele></trkpt>
   <trkpt lon="2.517763" lat="39.687579"><ele>114.5</ele></trkpt>
   <trkpt lon="2.517491" lat="39.687629"><ele>113.5</ele></trkpt>
   <trkpt lon="2.517391" lat="39.687643"><ele>112.75</ele></trkpt>
   <trkpt lon="2.517093" lat="39.687659"><ele>110.5</ele></trkpt>
   <trkpt lon="2.516987" lat="39.687680"><ele>109.25</ele></trkpt>
   <trkpt lon="2.516511" lat="39.687850"><ele>108.0</ele></trkpt>
   <trkpt lon="2.516357" lat="39.687913"><ele>106.75</ele></trkpt>
   <trkpt lon="2.516127" lat="39.688026"><ele>106.5</ele></trkpt>
   <trkpt lon="2.516034" lat="39.688062"><ele>105.5</ele></trkpt>
   <trkpt lon="2.515993" lat="39.688070"><ele>105.0</ele></trkpt>
   <trkpt lon="2.515943" lat="39.688074"><ele>105.0</ele></trkpt>
   <trkpt lon="2.515802" lat="39.688061"><ele>105.25</ele></trkpt>
   <trkpt lon="2.515747" lat="39.688051"><ele>104.75</ele></trkpt>
   <trkpt lon="2.515688" lat="39.688030"><ele>104.75</ele><sym>pass_place</sym><type>Shaping</type></trkpt>
   <trkpt lon="2.515686" lat="39.688029"><ele>104.75</ele></trkpt>
   <trkpt lon="2.514380" lat="39.687469"><ele>106.25</ele><sym>u-turn</sym><type>Via</type></trkpt>
   <trkpt lon="2.515686" lat="39.688029"><ele>104.75</ele><sym>pass_place</sym><type>Shaping</type></trkpt>
   <trkpt lon="2.515747" lat="39.688051"><ele>104.75</ele></trkpt>
   <trkpt lon="2.515802" lat="39.688061"><ele>105.25</ele></trkpt>
   <trkpt lon="2.515943" lat="39.688074"><ele>105.0</ele></trkpt>
   <trkpt lon="2.515993" lat="39.688070"><ele>105.0</ele></trkpt>
   <trkpt lon="2.516034" lat="39.688062"><ele>105.5</ele></trkpt>
   <trkpt lon="2.516127" lat="39.688026"><ele>106.5</ele></trkpt>
   <trkpt lon="2.516357" lat="39.687913"><ele>106.75</ele></trkpt>
   <trkpt lon="2.516511" lat="39.687850"><ele>108.0</ele></trkpt>
   <trkpt lon="2.516987" lat="39.687680"><ele>109.25</ele></trkpt>
   <trkpt lon="2.517093" lat="39.687659"><ele>110.5</ele></trkpt>
   <trkpt lon="2.517391" lat="39.687643"><ele>112.75</ele></trkpt>
   <trkpt lon="2.517491" lat="39.687629"><ele>113.5</ele></trkpt>
   <trkpt lon="2.517763" lat="39.687579"><ele>114.5</ele></trkpt>
   <trkpt lon="2.517871" lat="39.687553"><ele>113.75</ele></trkpt>
   <trkpt lon="2.517973" lat="39.687498"><ele>113.5</ele></trkpt>
   <trkpt lon="2.518102" lat="39.687406"><ele>114.25</ele></trkpt>
   <trkpt lon="2.518142" lat="39.687381"><ele>114.5</ele></trkpt>
   <trkpt lon="2.518228" lat="39.687349"><ele>114.25</ele></trkpt>
   <trkpt lon="2.518327" lat="39.687339"><ele>113.25</ele></trkpt>
   <trkpt lon="2.518418" lat="39.687350"><ele>114.75</ele></trkpt>
   <trkpt lon="2.518495" lat="39.687378"><ele>115.5</ele></trkpt>
   <trkpt lon="2.518555" lat="39.687405"><ele>115.75</ele></trkpt>
   <trkpt lon="2.518645" lat="39.687431"><ele>116.25</ele></trkpt>
   <trkpt lon="2.518736" lat="39.687438"><ele>117.0</ele></trkpt>
   <trkpt lon="2.518901" lat="39.687440"><ele>118.75</ele></trkpt>
   <trkpt lon="2.519009" lat="39.687453"><ele>119.5</ele></trkpt>
   <trkpt lon="2.519079" lat="39.687480"><ele>119.5</ele></trkpt>
   <trkpt lon="2.519147" lat="39.687531"><ele>119.0</ele></trkpt>
   <trkpt lon="2.519226" lat="39.687604"><ele>119.25</ele></trkpt>
   <trkpt lon="2.519467" lat="39.687832"><ele>119.5</ele></trkpt>
   <trkpt lon="2.519509" lat="39.687859"><ele>119.0</ele></trkpt>
   <trkpt lon="2.519537" lat="39.687869"><ele>119.0</ele></trkpt>
   <trkpt lon="2.519601" lat="39.687877"><ele>119.0</ele></trkpt>
   <trkpt lon="2.519679" lat="39.687859"><ele>119.75</ele></trkpt>
   <trkpt lon="2.519854" lat="39.687782"><ele>120.75</ele></trkpt>
   <trkpt lon="2.520086" lat="39.687665"><ele>120.75</ele></trkpt>
   <trkpt lon="2.520153" lat="39.687621"><ele>120.25</ele></trkpt>
   <trkpt lon="2.520186" lat="39.687575"><ele>120.5</ele></trkpt>
   <trkpt lon="2.520216" lat="39.687478"><ele>121.5</ele></trkpt>
   <trkpt lon="2.520229" lat="39.687420"><ele>122.25</ele></trkpt>
   <trkpt lon="2.520273" lat="39.687322"><ele>123.25</ele></trkpt>
   <trkpt lon="2.520338" lat="39.687243"><ele>123.0</ele></trkpt>
   <trkpt lon="2.520425" lat="39.687178"><ele>123.0</ele></trkpt>
   <trkpt lon="2.520509" lat="39.687134"><ele>123.75</ele></trkpt>
   <trkpt lon="2.520829" lat="39.686971"><ele>123.5</ele></trkpt>
   <trkpt lon="2.520919" lat="39.686939"><ele>124.25</ele></trkpt>
   <trkpt lon="2.521013" lat="39.686918"><ele>125.0</ele></trkpt>
   <trkpt lon="2.521063" lat="39.686915"><ele>124.75</ele></trkpt>
   <trkpt lon="2.521149" lat="39.686921"><ele>124.25</ele><sym>left_slight</sym></trkpt>
   <trkpt lon="2.521240" lat="39.686957"><ele>124.0</ele></trkpt>
   <trkpt lon="2.521293" lat="39.686995"><ele>123.75</ele></trkpt>
   <trkpt lon="2.521632" lat="39.687314"><ele>125.5</ele></trkpt>
   <trkpt lon="2.521736" lat="39.687433"><ele>126.25</ele></trkpt>
   <trkpt lon="2.521819" lat="39.687572"><ele>126.75</ele></trkpt>
   <trkpt lon="2.521920" lat="39.687769"><ele>126.75</ele></trkpt>
   <trkpt lon="2.521969" lat="39.687840"><ele>126.5</ele></trkpt>
   <trkpt lon="2.522071" lat="39.687934"><ele>126.75</ele></trkpt>
   <trkpt lon="2.522270" lat="39.688044"><ele>129.5</ele></trkpt>
   <trkpt lon="2.522455" lat="39.688138"><ele>131.0</ele></trkpt>
   <trkpt lon="2.522601" lat="39.688201"><ele>131.25</ele></trkpt>
   <trkpt lon="2.522699" lat="39.688227"><ele>131.25</ele></trkpt>
   <trkpt lon="2.522748" lat="39.688233"><ele>131.25</ele></trkpt>
   <trkpt lon="2.522891" lat="39.688231"><ele>131.5</ele></trkpt>
   <trkpt lon="2.522977" lat="39.688215"><ele>132.25</ele></trkpt>
   <trkpt lon="2.523185" lat="39.688136"><ele>135.75</ele></trkpt>
   <trkpt lon="2.523251" lat="39.688117"><ele>136.0</ele></trkpt>
   <trkpt lon="2.523675" lat="39.688014"><ele>137.75</ele></trkpt>
   <trkpt lon="2.524058" lat="39.687873"><ele>142.5</ele></trkpt>
   <trkpt lon="2.524118" lat="39.687862"><ele>142.5</ele></trkpt>
   <trkpt lon="2.524213" lat="39.687860"><ele>142.75</ele></trkpt>
   <trkpt lon="2.524278" lat="39.687875"><ele>143.0</ele></trkpt>
   <trkpt lon="2.524313" lat="39.687889"><ele>143.25</ele></trkpt>
   <trkpt lon="2.524361" lat="39.687922"><ele>143.5</ele></trkpt>
   <trkpt lon="2.524405" lat="39.687975"><ele>143.5</ele></trkpt>
   <trkpt lon="2.524428" lat="39.688030"><ele>143.75</ele></trkpt>
   <trkpt lon="2.524431" lat="39.688055"><ele>143.75</ele></trkpt>
   <trkpt lon="2.524429" lat="39.688081"><ele>144.25</ele></trkpt>
   <trkpt lon="2.524403" lat="39.688141"><ele>145.25</ele></trkpt>
   <trkpt lon="2.524235" lat="39.688397"><ele>146.5</ele></trkpt>
   <trkpt lon="2.524170" lat="39.688476"><ele>147.0</ele></trkpt>
   <trkpt lon="2.523980" lat="39.688678"><ele>147.25</ele></trkpt>
   <trkpt lon="2.523955" lat="39.688711"><ele>147.0</ele></trkpt>
   <trkpt lon="2.523932" lat="39.688762"><ele>146.75</ele></trkpt>
   <trkpt lon="2.523928" lat="39.688816"><ele>147.5</ele></trkpt>
   <trkpt lon="2.523955" lat="39.688903"><ele>149.25</ele></trkpt>
   <trkpt lon="2.524102" lat="39.689161"><ele>151.5</ele></trkpt>
   <trkpt lon="2.524127" lat="39.689220"><ele>152.75</ele></trkpt>
   <trkpt lon="2.524133" lat="39.689277"><ele>153.5</ele></trkpt>
   <trkpt lon="2.524119" lat="39.689333"><ele>154.0</ele></trkpt>
   <trkpt lon="2.524104" lat="39.689362"><ele>154.25</ele></trkpt>
   <trkpt lon="2.524058" lat="39.689407"><ele>154.5</ele></trkpt>
   <trkpt lon="2.524028" lat="39.689426"><ele>154.5</ele></trkpt>
   <trkpt lon="2.523951" lat="39.689455"><ele>154.75</ele></trkpt>
   <trkpt lon="2.523858" lat="39.689468"><ele>155.25</ele></trkpt>
   <trkpt lon="2.523412" lat="39.689449"><ele>155.75</ele></trkpt>
   <trkpt lon="2.523064" lat="39.689460"><ele>156.5</ele></trkpt>
   <trkpt lon="2.522790" lat="39.689478"><ele>157.25</ele></trkpt>
   <trkpt lon="2.522427" lat="39.689526"><ele>158.75</ele></trkpt>
   <trkpt lon="2.521858" lat="39.689613"><ele>162.5</ele></trkpt>
   <trkpt lon="2.521762" lat="39.689636"><ele>163.0</ele></trkpt>
   <trkpt lon="2.521633" lat="39.689680"><ele>163.75</ele></trkpt>
   <trkpt lon="2.521595" lat="39.689701"><ele>164.0</ele></trkpt>
   <trkpt lon="2.521546" lat="39.689745"><ele>164.5</ele></trkpt>
   <trkpt lon="2.521522" lat="39.689796"><ele>165.25</ele></trkpt>
   <trkpt lon="2.521519" lat="39.689855"><ele>166.25</ele></trkpt>
   <trkpt lon="2.521533" lat="39.689899"><ele>167.0</ele></trkpt>
   <trkpt lon="2.521567" lat="39.689940"><ele>168.25</ele></trkpt>
   <trkpt lon="2.521616" lat="39.689974"><ele>169.0</ele></trkpt>
   <trkpt lon="2.521700" lat="39.690007"><ele>170.25</ele></trkpt>
   <trkpt lon="2.521781" lat="39.690019"><ele>171.25</ele></trkpt>
   <trkpt lon="2.521848" lat="39.690019"><ele>171.75</ele></trkpt>
   <trkpt lon="2.522513" lat="39.689973"><ele>175.0</ele></trkpt>
   <trkpt lon="2.522767" lat="39.689960"><ele>176.25</ele></trkpt>
   <trkpt lon="2.523081" lat="39.689953"><ele>178.5</ele></trkpt>
   <trkpt lon="2.523215" lat="39.689956"><ele>178.75</ele></trkpt>
   <trkpt lon="2.524105" lat="39.690072"><ele>184.75</ele></trkpt>
   <trkpt lon="2.524254" lat="39.690105"><ele>185.5</ele></trkpt>
   <trkpt lon="2.524381" lat="39.690145"><ele>186.25</ele></trkpt>
   <trkpt lon="2.524553" lat="39.690230"><ele>187.0</ele></trkpt>
   <trkpt lon="2.524662" lat="39.690311"><ele>187.75</ele></trkpt>
   <trkpt lon="2.524823" lat="39.690463"><ele>190.25</ele></trkpt>
   <trkpt lon="2.524928" lat="39.690535"><ele>191.25</ele></trkpt>
   <trkpt lon="2.525048" lat="39.690595"><ele>194.25</ele></trkpt>
   <trkpt lon="2.525141" lat="39.690631"><ele>196.5</ele></trkpt>
   <trkpt lon="2.525228" lat="39.690653"><ele>197.75</ele></trkpt>
   <trkpt lon="2.525276" lat="39.690657"><ele>197.5</ele></trkpt>
   <trkpt lon="2.525370" lat="39.690657"><ele>198.0</ele></trkpt>
   <trkpt lon="2.525687" lat="39.690627"><ele>198.75</ele></trkpt>
   <trkpt lon="2.526015" lat="39.690620"><ele>200.5</ele></trkpt>
   <trkpt lon="2.526081" lat="39.690610"><ele>200.0</ele></trkpt>
   <trkpt lon="2.526137" lat="39.690596"><ele>200.25</ele></trkpt>
   <trkpt lon="2.526235" lat="39.690552"><ele>201.25</ele></trkpt>
   <trkpt lon="2.526550" lat="39.690352"><ele>205.25</ele><sym>pass_place</sym><type>Shaping</type></trkpt>
   <trkpt lon="2.526631" lat="39.690324"><ele>205.25</ele></trkpt>
   <trkpt lon="2.526705" lat="39.690312"><ele>205.5</ele></trkpt>
   <trkpt lon="2.526749" lat="39.690310"><ele>205.75</ele></trkpt>
   <trkpt lon="2.526827" lat="39.690321"><ele>206.5</ele></trkpt>
   <trkpt lon="2.526905" lat="39.690348"><ele>208.0</ele></trkpt>
   <trkpt lon="2.526986" lat="39.690396"><ele>209.75</ele></trkpt>
   <trkpt lon="2.527087" lat="39.690487"><ele>210.75</ele></trkpt>
   <trkpt lon="2.527138" lat="39.690553"><ele>210.75</ele></trkpt>
   <trkpt lon="2.527181" lat="39.690630"><ele>211.0</ele></trkpt>
   <trkpt lon="2.527257" lat="39.690812"><ele>212.75</ele></trkpt>
   <trkpt lon="2.527294" lat="39.690865"><ele>214.25</ele></trkpt>
   <trkpt lon="2.527325" lat="39.690892"><ele>215.25</ele></trkpt>
   <trkpt lon="2.527387" lat="39.690929"><ele>216.25</ele></trkpt>
   <trkpt lon="2.527424" lat="39.690941"><ele>216.5</ele></trkpt>
   <trkpt lon="2.527465" lat="39.690947"><ele>216.5</ele></trkpt>
   <trkpt lon="2.527546" lat="39.690945"><ele>216.5</ele></trkpt>
   <trkpt lon="2.527619" lat="39.690930"><ele>216.5</ele></trkpt>
   <trkpt lon="2.527658" lat="39.690915"><ele>216.5</ele></trkpt>
   <trkpt lon="2.527726" lat="39.690874"><ele>216.25</ele></trkpt>
   <trkpt lon="2.527755" lat="39.690843"><ele>215.75</ele></trkpt>
   <trkpt lon="2.527773" lat="39.690818"><ele>216.0</ele></trkpt>
   <trkpt lon="2.527799" lat="39.690756"><ele>217.25</ele></trkpt>
   <trkpt lon="2.527806" lat="39.690697"><ele>218.0</ele></trkpt>
   <trkpt lon="2.527801" lat="39.690662"><ele>218.0</ele></trkpt>
   <trkpt lon="2.527790" lat="39.690627"><ele>217.75</ele></trkpt>
   <trkpt lon="2.527744" lat="39.690538"><ele>217.75</ele></trkpt>
   <trkpt lon="2.527330" lat="39.689875"><ele>221.0</ele></trkpt>
   <trkpt lon="2.527296" lat="39.689777"><ele>222.75</ele></trkpt>
   <trkpt lon="2.527296" lat="39.689730"><ele>223.75</ele></trkpt>
   <trkpt lon="2.527302" lat="39.689690"><ele>224.0</ele></trkpt>
   <trkpt lon="2.527318" lat="39.689652"><ele>224.25</ele></trkpt>
   <trkpt lon="2.527335" lat="39.689625"><ele>224.5</ele></trkpt>
   <trkpt lon="2.527394" lat="39.689571"><ele>225.0</ele></trkpt>
   <trkpt lon="2.527492" lat="39.689526"><ele>226.0</ele></trkpt>
   <trkpt lon="2.527559" lat="39.689514"><ele>227.0</ele></trkpt>
   <trkpt lon="2.527620" lat="39.689516"><ele>227.75</ele></trkpt>
   <trkpt lon="2.527650" lat="39.689524"><ele>228.0</ele></trkpt>
   <trkpt lon="2.527785" lat="39.689585"><ele>229.0</ele></trkpt>
   <trkpt lon="2.527941" lat="39.689684"><ele>229.5</ele></trkpt>
   <trkpt lon="2.528023" lat="39.689747"><ele>229.5</ele></trkpt>
   <trkpt lon="2.528099" lat="39.689825"><ele>230.75</ele></trkpt>
   <trkpt lon="2.528160" lat="39.689937"><ele>232.0</ele></trkpt>
   <trkpt lon="2.528274" lat="39.690291"><ele>233.75</ele></trkpt>
   <trkpt lon="2.528325" lat="39.690394"><ele>234.0</ele></trkpt>
   <trkpt lon="2.528412" lat="39.690479"><ele>234.75</ele></trkpt>
   <trkpt lon="2.528573" lat="39.690611"><ele>236.25</ele></trkpt>
   <trkpt lon="2.528655" lat="39.690698"><ele>237.5</ele></trkpt>
   <trkpt lon="2.528679" lat="39.690734"><ele>237.75</ele></trkpt>
   <trkpt lon="2.528722" lat="39.690841"><ele>238.0</ele></trkpt>
   <trkpt lon="2.528769" lat="39.691055"><ele>238.75</ele></trkpt>
   <trkpt lon="2.528806" lat="39.691117"><ele>239.25</ele></trkpt>
   <trkpt lon="2.528871" lat="39.691165"><ele>240.25</ele></trkpt>
   <trkpt lon="2.528960" lat="39.691195"><ele>241.5</ele></trkpt>
   <trkpt lon="2.529004" lat="39.691199"><ele>242.0</ele></trkpt>
   <trkpt lon="2.529096" lat="39.691193"><ele>243.25</ele></trkpt>
   <trkpt lon="2.529178" lat="39.691167"><ele>244.25</ele></trkpt>
   <trkpt lon="2.529220" lat="39.691143"><ele>244.75</ele></trkpt>
   <trkpt lon="2.529275" lat="39.691092"><ele>245.25</ele></trkpt>
   <trkpt lon="2.529294" lat="39.691057"><ele>245.75</ele></trkpt>
   <trkpt lon="2.529305" lat="39.690991"><ele>246.75</ele></trkpt>
   <trkpt lon="2.529299" lat="39.690947"><ele>247.0</ele></trkpt>
   <trkpt lon="2.529272" lat="39.690872"><ele>247.25</ele></trkpt>
   <trkpt lon="2.528980" lat="39.690127"><ele>252.25</ele></trkpt>
   <trkpt lon="2.528924" lat="39.689935"><ele>253.25</ele></trkpt>
   <trkpt lon="2.528915" lat="39.689877"><ele>254.0</ele></trkpt>
   <trkpt lon="2.528922" lat="39.689787"><ele>255.25</ele></trkpt>
   <trkpt lon="2.528934" lat="39.689752"><ele>255.75</ele></trkpt>
   <trkpt lon="2.528961" lat="39.689714"><ele>256.5</ele></trkpt>
   <trkpt lon="2.529017" lat="39.689660"><ele>257.0</ele></trkpt>
   <trkpt lon="2.529062" lat="39.689637"><ele>257.75</ele></trkpt>
   <trkpt lon="2.529169" lat="39.689609"><ele>259.25</ele></trkpt>
   <trkpt lon="2.529233" lat="39.689608"><ele>260.75</ele></trkpt>
   <trkpt lon="2.529301" lat="39.689619"><ele>262.0</ele></trkpt>
   <trkpt lon="2.529348" lat="39.689637"><ele>262.5</ele></trkpt>
   <trkpt lon="2.529432" lat="39.689688"><ele>262.75</ele></trkpt>
   <trkpt lon="2.529476" lat="39.689743"><ele>263.5</ele></trkpt>
   <trkpt lon="2.529495" lat="39.689811"><ele>264.75</ele></trkpt>
   <trkpt lon="2.529491" lat="39.689854"><ele>265.0</ele></trkpt>
   <trkpt lon="2.529431" lat="39.690022"><ele>264.25</ele></trkpt>
   <trkpt lon="2.529428" lat="39.690096"><ele>263.75</ele></trkpt>
   <trkpt lon="2.529456" lat="39.690170"><ele>264.0</ele></trkpt>
   <trkpt lon="2.529500" lat="39.690230"><ele>264.75</ele></trkpt>
   <trkpt lon="2.529588" lat="39.690316"><ele>265.75</ele></trkpt>
   <trkpt lon="2.529679" lat="39.690387"><ele>266.5</ele></trkpt>
   <trkpt lon="2.530451" lat="39.690840"><ele>271.75</ele></trkpt>
   <trkpt lon="2.530533" lat="39.690896"><ele>272.0</ele></trkpt>
   <trkpt lon="2.530627" lat="39.690972"><ele>273.25</ele></trkpt>
   <trkpt lon="2.530762" lat="39.691107"><ele>274.75</ele></trkpt>
   <trkpt lon="2.530864" lat="39.691240"><ele>277.0</ele></trkpt>
   <trkpt lon="2.530903" lat="39.691302"><ele>277.5</ele></trkpt>
   <trkpt lon="2.530931" lat="39.691370"><ele>277.75</ele></trkpt>
   <trkpt lon="2.530940" lat="39.691449"><ele>278.5</ele></trkpt>
   <trkpt lon="2.530934" lat="39.691488"><ele>278.75</ele></trkpt>
   <trkpt lon="2.530912" lat="39.691542"><ele>278.75</ele></trkpt>
   <trkpt lon="2.530883" lat="39.691591"><ele>278.75</ele></trkpt>
   <trkpt lon="2.530702" lat="39.691813"><ele>280.75</ele></trkpt>
   <trkpt lon="2.530618" lat="39.691935"><ele>282.0</ele></trkpt>
   <trkpt lon="2.530580" lat="39.692011"><ele>282.25</ele></trkpt>
   <trkpt lon="2.530500" lat="39.692219"><ele>282.5</ele></trkpt>
   <trkpt lon="2.530385" lat="39.692459"><ele>284.25</ele></trkpt>
   <trkpt lon="2.530376" lat="39.692493"><ele>284.75</ele></trkpt>
   <trkpt lon="2.530381" lat="39.692561"><ele>286.5</ele></trkpt>
   <trkpt lon="2.530412" lat="39.692626"><ele>288.0</ele></trkpt>
   <trkpt lon="2.530441" lat="39.692658"><ele>288.75</ele></trkpt>
   <trkpt lon="2.530514" lat="39.692700"><ele>289.25</ele></trkpt>
   <trkpt lon="2.530559" lat="39.692717"><ele>289.25</ele></trkpt>
   <trkpt lon="2.530642" lat="39.692729"><ele>290.5</ele></trkpt>
   <trkpt lon="2.530698" lat="39.692728"><ele>291.5</ele></trkpt>
   <trkpt lon="2.530773" lat="39.692710"><ele>292.25</ele></trkpt>
   <trkpt lon="2.530819" lat="39.692683"><ele>292.75</ele></trkpt>
   <trkpt lon="2.530892" lat="39.692616"><ele>294.0</ele></trkpt>
   <trkpt lon="2.530941" lat="39.692549"><ele>294.75</ele></trkpt>
   <trkpt lon="2.531078" lat="39.692328"><ele>294.75</ele></trkpt>
   <trkpt lon="2.531193" lat="39.692184"><ele>296.0</ele></trkpt>
   <trkpt lon="2.531255" lat="39.692120"><ele>297.5</ele></trkpt>
   <trkpt lon="2.531828" lat="39.691614"><ele>299.5</ele></trkpt>
   <trkpt lon="2.533704" lat="39.689965"><ele>291.75</ele></trkpt>
   <trkpt lon="2.534539" lat="39.689212"><ele>284.5</ele></trkpt>
   <trkpt lon="2.534616" lat="39.689164"><ele>283.75</ele></trkpt>
   <trkpt lon="2.534671" lat="39.689138"><ele>283.75</ele></trkpt>
   <trkpt lon="2.534751" lat="39.689111"><ele>283.75</ele></trkpt>
   <trkpt lon="2.534878" lat="39.689085"><ele>283.25</ele></trkpt>
   <trkpt lon="2.535215" lat="39.689049"><ele>282.25</ele></trkpt>
   <trkpt lon="2.535296" lat="39.689024"><ele>282.25</ele></trkpt>
   <trkpt lon="2.535397" lat="39.688976"><ele>281.25</ele></trkpt>
   <trkpt lon="2.535397" lat="39.688979"><ele>280.0</ele><sym>pass_place</sym><type>Shaping</type></trkpt>
   <trkpt lon="2.535397" lat="39.688976"><ele>281.25</ele></trkpt>
   <trkpt lon="2.535455" lat="39.688939"><ele>281.0</ele></trkpt>
   <trkpt lon="2.535621" lat="39.688793"><ele>280.75</ele></trkpt>
   <trkpt lon="2.535867" lat="39.688537"><ele>277.25</ele></trkpt>
   <trkpt lon="2.536427" lat="39.687681"><ele>272.5</ele></trkpt>
   <trkpt lon="2.536415" lat="39.687568"><ele>272.5</ele></trkpt>
   <trkpt lon="2.536363" lat="39.687435"><ele>272.25</ele></trkpt>
   <trkpt lon="2.536261" lat="39.687265"><ele>271.5</ele></trkpt>
   <trkpt lon="2.536178" lat="39.687043"><ele>270.75</ele></trkpt>
   <trkpt lon="2.536156" lat="39.686828"><ele>270.25</ele></trkpt>
   <trkpt lon="2.536190" lat="39.686618"><ele>269.75</ele></trkpt>
   <trkpt lon="2.536206" lat="39.686419"><ele>270.0</ele></trkpt>
   <trkpt lon="2.536265" lat="39.686288"><ele>270.5</ele></trkpt>
   <trkpt lon="2.536362" lat="39.686210"><ele>271.0</ele></trkpt>
   <trkpt lon="2.536524" lat="39.686180"><ele>272.25</ele></trkpt>
   <trkpt lon="2.536764" lat="39.686207"><ele>273.0</ele></trkpt>
   <trkpt lon="2.536957" lat="39.686242"><ele>274.0</ele></trkpt>
   <trkpt lon="2.537073" lat="39.686307"><ele>273.25</ele></trkpt>
   <trkpt lon="2.537320" lat="39.686524"><ele>271.5</ele></trkpt>
   <trkpt lon="2.537487" lat="39.686591"><ele>274.25</ele></trkpt>
   <trkpt lon="2.537755" lat="39.686595"><ele>275.5</ele></trkpt>
   <trkpt lon="2.538123" lat="39.686554"><ele>275.5</ele></trkpt>
   <trkpt lon="2.538344" lat="39.686512"><ele>277.5</ele></trkpt>
   <trkpt lon="2.538587" lat="39.686488"><ele>277.25</ele></trkpt>
   <trkpt lon="2.538724" lat="39.686482"><ele>278.75</ele></trkpt>
   <trkpt lon="2.538871" lat="39.686503"><ele>279.5</ele></trkpt>
   <trkpt lon="2.539041" lat="39.686562"><ele>279.5</ele></trkpt>
   <trkpt lon="2.539204" lat="39.686604"><ele>279.75</ele></trkpt>
   <trkpt lon="2.539465" lat="39.686623"><ele>279.5</ele></trkpt>
   <trkpt lon="2.539584" lat="39.686602"><ele>278.5</ele></trkpt>
   <trkpt lon="2.539675" lat="39.686517"><ele>278.25</ele></trkpt>
   <trkpt lon="2.539697" lat="39.686439"><ele>278.75</ele></trkpt>
   <trkpt lon="2.539702" lat="39.686286"><ele>279.25</ele></trkpt>
   <trkpt lon="2.539693" lat="39.686138"><ele>279.75</ele></trkpt>
   <trkpt lon="2.539725" lat="39.685975"><ele>279.25</ele></trkpt>
   <trkpt lon="2.539778" lat="39.685844"><ele>278.75</ele></trkpt>
   <trkpt lon="2.539975" lat="39.685554"><ele>277.75</ele></trkpt>
   <trkpt lon="2.540196" lat="39.685262"><ele>276.25</ele></trkpt>
   <trkpt lon="2.540299" lat="39.685063"><ele>274.0</ele></trkpt>
   <trkpt lon="2.540279" lat="39.684860"><ele>274.25</ele></trkpt>
   <trkpt lon="2.540242" lat="39.684747"><ele>275.0</ele></trkpt>
   <trkpt lon="2.540147" lat="39.684612"><ele>276.25</ele></trkpt>
   <trkpt lon="2.539860" lat="39.684317"><ele>280.25</ele></trkpt>
   <trkpt lon="2.539789" lat="39.684161"><ele>277.25</ele></trkpt>
   <trkpt lon="2.539832" lat="39.684048"><ele>279.0</ele></trkpt>
   <trkpt lon="2.539933" lat="39.683973"><ele>278.75</ele></trkpt>
   <trkpt lon="2.540096" lat="39.683945"><ele>279.5</ele></trkpt>
   <trkpt lon="2.540341" lat="39.683978"><ele>281.25</ele></trkpt>
   <trkpt lon="2.540537" lat="39.683997"><ele>282.25</ele></trkpt>
   <trkpt lon="2.540714" lat="39.683973"><ele>283.75</ele></trkpt>
   <trkpt lon="2.540999" lat="39.683917"><ele>285.0</ele></trkpt>
   <trkpt lon="2.541320" lat="39.683838"><ele>286.25</ele></trkpt>
   <trkpt lon="2.541500" lat="39.683780"><ele>286.5</ele></trkpt>
   <trkpt lon="2.541621" lat="39.683703"><ele>287.25</ele></trkpt>
   <trkpt lon="2.541657" lat="39.683652"><ele>288.0</ele></trkpt>
   <trkpt lon="2.541708" lat="39.683553"><ele>287.75</ele></trkpt>
   <trkpt lon="2.541726" lat="39.683395"><ele>288.75</ele></trkpt>
   <trkpt lon="2.541766" lat="39.683220"><ele>290.75</ele></trkpt>
   <trkpt lon="2.541808" lat="39.683136"><ele>291.75</ele></trkpt>
   <trkpt lon="2.541919" lat="39.683062"><ele>291.25</ele></trkpt>
   <trkpt lon="2.542057" lat="39.683039"><ele>292.5</ele></trkpt>
   <trkpt lon="2.542723" lat="39.683093"><ele>295.25</ele></trkpt>
   <trkpt lon="2.542868" lat="39.683147"><ele>296.5</ele></trkpt>
   <trkpt lon="2.542950" lat="39.683231"><ele>297.0</ele></trkpt>
   <trkpt lon="2.542999" lat="39.683338"><ele>297.25</ele></trkpt>
   <trkpt lon="2.542955" lat="39.683740"><ele>296.25</ele></trkpt>
   <trkpt lon="2.542885" lat="39.684106"><ele>296.5</ele></trkpt>
   <trkpt lon="2.542756" lat="39.684449"><ele>294.25</ele></trkpt>
   <trkpt lon="2.542758" lat="39.684550"><ele>294.0</ele></trkpt>
   <trkpt lon="2.542811" lat="39.684617"><ele>294.75</ele></trkpt>
   <trkpt lon="2.542893" lat="39.684675"><ele>295.25</ele></trkpt>
   <trkpt lon="2.543079" lat="39.684742"><ele>295.5</ele></trkpt>
   <trkpt lon="2.543287" lat="39.684761"><ele>295.5</ele></trkpt>
   <trkpt lon="2.543582" lat="39.684757"><ele>295.0</ele></trkpt>
   <trkpt lon="2.543935" lat="39.684727"><ele>295.75</ele></trkpt>
   <trkpt lon="2.544092" lat="39.684722"><ele>296.0</ele></trkpt>
   <trkpt lon="2.544225" lat="39.684735"><ele>296.0</ele></trkpt>
   <trkpt lon="2.544326" lat="39.684776"><ele>296.0</ele></trkpt>
   <trkpt lon="2.544730" lat="39.685021"><ele>296.5</ele></trkpt>
   <trkpt lon="2.544918" lat="39.685102"><ele>296.0</ele></trkpt>
   <trkpt lon="2.545020" lat="39.685113"><ele>296.0</ele></trkpt>
   <trkpt lon="2.545173" lat="39.685099"><ele>295.5</ele></trkpt>
   <trkpt lon="2.545352" lat="39.685054"><ele>295.25</ele></trkpt>
   <trkpt lon="2.545514" lat="39.684990"><ele>295.25</ele></trkpt>
   <trkpt lon="2.545640" lat="39.684912"><ele>294.5</ele></trkpt>
   <trkpt lon="2.545782" lat="39.684804"><ele>293.0</ele></trkpt>
   <trkpt lon="2.545945" lat="39.684591"><ele>292.75</ele></trkpt>
   <trkpt lon="2.546060" lat="39.684364"><ele>293.75</ele></trkpt>
   <trkpt lon="2.546286" lat="39.683862"><ele>297.0</ele><sym>pass_place</sym><type>Shaping</type></trkpt>
   <trkpt lon="2.546360" lat="39.683760"><ele>297.5</ele></trkpt>
   <trkpt lon="2.546487" lat="39.683648"><ele>298.25</ele></trkpt>
   <trkpt lon="2.546645" lat="39.683571"><ele>299.0</ele></trkpt>
   <trkpt lon="2.546880" lat="39.683476"><ele>299.25</ele></trkpt>
   <trkpt lon="2.546997" lat="39.683410"><ele>299.75</ele></trkpt>
   <trkpt lon="2.547060" lat="39.683308"><ele>301.75</ele></trkpt>
   <trkpt lon="2.547048" lat="39.683141"><ele>302.0</ele></trkpt>
   <trkpt lon="2.546888" lat="39.682639"><ele>310.0</ele></trkpt>
   <trkpt lon="2.546901" lat="39.682542"><ele>310.25</ele></trkpt>
   <trkpt lon="2.546946" lat="39.682456"><ele>310.5</ele></trkpt>
   <trkpt lon="2.547031" lat="39.682370"><ele>311.25</ele></trkpt>
   <trkpt lon="2.547534" lat="39.682094"><ele>313.25</ele></trkpt>
   <trkpt lon="2.547725" lat="39.681941"><ele>315.0</ele></trkpt>
   <trkpt lon="2.547901" lat="39.681748"><ele>318.0</ele></trkpt>
   <trkpt lon="2.548015" lat="39.681659"><ele>318.25</ele></trkpt>
   <trkpt lon="2.548259" lat="39.681560"><ele>321.75</ele></trkpt>
   <trkpt lon="2.548405" lat="39.681556"><ele>320.75</ele></trkpt>
   <trkpt lon="2.548529" lat="39.681544"><ele>319.5</ele></trkpt>
   <trkpt lon="2.548625" lat="39.681493"><ele>319.75</ele></trkpt>
   <trkpt lon="2.548687" lat="39.681356"><ele>322.75</ele></trkpt>
   <trkpt lon="2.548736" lat="39.681204"><ele>326.75</ele></trkpt>
   <trkpt lon="2.548810" lat="39.681052"><ele>328.0</ele></trkpt>
   <trkpt lon="2.548904" lat="39.680956"><ele>327.25</ele></trkpt>
   <trkpt lon="2.549054" lat="39.680931"><ele>326.25</ele></trkpt>
   <trkpt lon="2.549189" lat="39.680958"><ele>324.25</ele></trkpt>
   <trkpt lon="2.549310" lat="39.680997"><ele>324.75</ele></trkpt>
   <trkpt lon="2.549547" lat="39.681185"><ele>321.5</ele></trkpt>
   <trkpt lon="2.549851" lat="39.681469"><ele>319.25</ele></trkpt>
   <trkpt lon="2.549978" lat="39.681543"><ele>321.0</ele></trkpt>
   <trkpt lon="2.550093" lat="39.681573"><ele>320.25</ele></trkpt>
   <trkpt lon="2.550214" lat="39.681591"><ele>319.0</ele></trkpt>
   <trkpt lon="2.550373" lat="39.681582"><ele>319.0</ele></trkpt>
   <trkpt lon="2.550540" lat="39.681542"><ele>319.25</ele></trkpt>
   <trkpt lon="2.550667" lat="39.681467"><ele>316.25</ele></trkpt>
   <trkpt lon="2.551005" lat="39.681240"><ele>312.25</ele></trkpt>
   <trkpt lon="2.551128" lat="39.681133"><ele>311.0</ele></trkpt>
   <trkpt lon="2.551220" lat="39.681009"><ele>310.25</ele></trkpt>
   <trkpt lon="2.551329" lat="39.680801"><ele>308.75</ele></trkpt>
   <trkpt lon="2.551452" lat="39.680677"><ele>307.25</ele></trkpt>
   <trkpt lon="2.551607" lat="39.680594"><ele>306.5</ele></trkpt>
   <trkpt lon="2.551777" lat="39.680554"><ele>306.5</ele></trkpt>
   <trkpt lon="2.551943" lat="39.680551"><ele>306.0</ele></trkpt>
   <trkpt lon="2.552119" lat="39.680590"><ele>305.5</ele></trkpt>
   <trkpt lon="2.552235" lat="39.680647"><ele>304.5</ele></trkpt>
   <trkpt lon="2.552367" lat="39.680688"><ele>305.25</ele></trkpt>
   <trkpt lon="2.552584" lat="39.680696"><ele>306.75</ele></trkpt>
   <trkpt lon="2.552852" lat="39.680690"><ele>307.0</ele></trkpt>
   <trkpt lon="2.553067" lat="39.680694"><ele>308.0</ele></trkpt>
   <trkpt lon="2.553302" lat="39.680742"><ele>309.25</ele></trkpt>
   <trkpt lon="2.553464" lat="39.680802"><ele>310.5</ele></trkpt>
   <trkpt lon="2.553835" lat="39.681060"><ele>311.75</ele></trkpt>
   <trkpt lon="2.553901" lat="39.681118"><ele>311.25</ele></trkpt>
   <trkpt lon="2.554068" lat="39.681355"><ele>311.0</ele></trkpt>
   <trkpt lon="2.554112" lat="39.681404"><ele>311.25</ele><sym>right_slight</sym></trkpt>
   <trkpt lon="2.554185" lat="39.681462"><ele>312.0</ele></trkpt>
   <trkpt lon="2.554347" lat="39.681547"><ele>313.5</ele></trkpt>
   <trkpt lon="2.554476" lat="39.681597"><ele>314.0</ele></trkpt>
   <trkpt lon="2.554627" lat="39.681640"><ele>314.75</ele></trkpt>
   <trkpt lon="2.554972" lat="39.681685"><ele>315.75</ele></trkpt>
   <trkpt lon="2.555241" lat="39.681710"><ele>319.0</ele></trkpt>
   <trkpt lon="2.555381" lat="39.681707"><ele>319.5</ele></trkpt>
   <trkpt lon="2.555480" lat="39.681685"><ele>320.25</ele></trkpt>
   <trkpt lon="2.555581" lat="39.681650"><ele>321.0</ele></trkpt>
   <trkpt lon="2.556402" lat="39.681189"><ele>321.0</ele></trkpt>
   <trkpt lon="2.556500" lat="39.681122"><ele>321.5</ele></trkpt>
   <trkpt lon="2.556665" lat="39.680982"><ele>322.25</ele></trkpt>
   <trkpt lon="2.557253" lat="39.680401"><ele>326.0</ele></trkpt>
   <trkpt lon="2.557516" lat="39.680168"><ele>328.0</ele></trkpt>
   <trkpt lon="2.557799" lat="39.679879"><ele>328.75</ele></trkpt>
   <trkpt lon="2.557868" lat="39.679806"><ele>329.25</ele></trkpt>
   <trkpt lon="2.557915" lat="39.679740"><ele>329.25</ele></trkpt>
   <trkpt lon="2.558011" lat="39.679547"><ele>329.0</ele></trkpt>
   <trkpt lon="2.558037" lat="39.679437"><ele>329.0</ele></trkpt>
   <trkpt lon="2.558041" lat="39.679351"><ele>329.0</ele></trkpt>
   <trkpt lon="2.558028" lat="39.679122"><ele>328.75</ele></trkpt>
   <trkpt lon="2.558037" lat="39.678666"><ele>327.25</ele></trkpt>
   <trkpt lon="2.558025" lat="39.678518"><ele>326.25</ele></trkpt>
   <trkpt lon="2.557989" lat="39.678350"><ele>325.25</ele></trkpt>
   <trkpt lon="2.557890" lat="39.678116"><ele>323.5</ele></trkpt>
   <trkpt lon="2.557812" lat="39.677984"><ele>322.75</ele></trkpt>
   <trkpt lon="2.557768" lat="39.677877"><ele>322.0</ele></trkpt>
   <trkpt lon="2.557751" lat="39.677789"><ele>321.5</ele></trkpt>
   <trkpt lon="2.557744" lat="39.677684"><ele>321.0</ele></trkpt>
   <trkpt lon="2.557763" lat="39.677563"><ele>320.25</ele></trkpt>
   <trkpt lon="2.557803" lat="39.677425"><ele>319.25</ele></trkpt>
   <trkpt lon="2.557961" lat="39.677111"><ele>316.5</ele></trkpt>
   <trkpt lon="2.558026" lat="39.676983"><ele>316.0</ele></trkpt>
   <trkpt lon="2.558116" lat="39.676808"><ele>313.75</ele></trkpt>
   <trkpt lon="2.558206" lat="39.676700"><ele>312.5</ele></trkpt>
   <trkpt lon="2.558318" lat="39.676608"><ele>310.75</ele><sym>pass_place</sym><type>Shaping</type></trkpt>
   <trkpt lon="2.558323" lat="39.676605"><ele>310.75</ele></trkpt>
   <trkpt lon="2.558496" lat="39.676527"><ele>308.25</ele></trkpt>
   <trkpt lon="2.558673" lat="39.676496"><ele>306.75</ele></trkpt>
   <trkpt lon="2.558909" lat="39.676498"><ele>305.0</ele></trkpt>
   <trkpt lon="2.559345" lat="39.676521"><ele>302.0</ele></trkpt>
   <trkpt lon="2.559537" lat="39.676507"><ele>300.5</ele></trkpt>
   <trkpt lon="2.559701" lat="39.676454"><ele>299.0</ele></trkpt>
   <trkpt lon="2.559857" lat="39.676370"><ele>298.25</ele></trkpt>
   <trkpt lon="2.559955" lat="39.676257"><ele>297.0</ele></trkpt>
   <trkpt lon="2.560031" lat="39.676118"><ele>296.25</ele></trkpt>
   <trkpt lon="2.560061" lat="39.675950"><ele>295.25</ele></trkpt>
   <trkpt lon="2.559987" lat="39.674897"><ele>288.0</ele></trkpt>
   <trkpt lon="2.559989" lat="39.674809"><ele>287.0</ele></trkpt>
   <trkpt lon="2.560004" lat="39.674725"><ele>285.75</ele></trkpt>
   <trkpt lon="2.560040" lat="39.674641"><ele>286.25</ele></trkpt>
   <trkpt lon="2.560104" lat="39.674551"><ele>285.75</ele></trkpt>
   <trkpt lon="2.560213" lat="39.674421"><ele>284.0</ele></trkpt>
   <trkpt lon="2.560268" lat="39.674336"><ele>283.5</ele></trkpt>
   <trkpt lon="2.560297" lat="39.674229"><ele>283.75</ele></trkpt>
   <trkpt lon="2.560291" lat="39.674110"><ele>284.5</ele></trkpt>
   <trkpt lon="2.560188" lat="39.673656"><ele>287.25</ele></trkpt>
   <trkpt lon="2.560172" lat="39.673483"><ele>288.0</ele></trkpt>
   <trkpt lon="2.560178" lat="39.673361"><ele>288.5</ele></trkpt>
   <trkpt lon="2.560202" lat="39.673228"><ele>287.75</ele></trkpt>
   <trkpt lon="2.560279" lat="39.672979"><ele>285.75</ele></trkpt>
   <trkpt lon="2.560339" lat="39.672845"><ele>285.0</ele></trkpt>
   <trkpt lon="2.560406" lat="39.672754"><ele>284.5</ele></trkpt>
   <trkpt lon="2.560457" lat="39.672697"><ele>284.0</ele></trkpt>
   <trkpt lon="2.560518" lat="39.672644"><ele>283.25</ele></trkpt>
   <trkpt lon="2.560604" lat="39.672582"><ele>282.5</ele></trkpt>
   <trkpt lon="2.560777" lat="39.672499"><ele>280.5</ele></trkpt>
   <trkpt lon="2.561148" lat="39.672389"><ele>280.75</ele></trkpt>
   <trkpt lon="2.561259" lat="39.672330"><ele>279.0</ele></trkpt>
   <trkpt lon="2.561445" lat="39.672201"><ele>275.0</ele></trkpt>
   <trkpt lon="2.561517" lat="39.672124"><ele>275.0</ele></trkpt>
   <trkpt lon="2.561589" lat="39.672017"><ele>274.0</ele></trkpt>
   <trkpt lon="2.561630" lat="39.671874"><ele>272.5</ele></trkpt>
   <trkpt lon="2.561682" lat="39.671553"><ele>268.75</ele></trkpt>
   <trkpt lon="2.561703" lat="39.671309"><ele>267.25</ele></trkpt>
   <trkpt lon="2.561735" lat="39.671071"><ele>266.75</ele></trkpt>
   <trkpt lon="2.561769" lat="39.670943"><ele>264.5</ele></trkpt>
   <trkpt lon="2.561811" lat="39.670844"><ele>263.0</ele></trkpt>
   <trkpt lon="2.561956" lat="39.670663"><ele>259.75</ele></trkpt>
   <trkpt lon="2.562057" lat="39.670572"><ele>258.25</ele></trkpt>
   <trkpt lon="2.562186" lat="39.670487"><ele>256.0</ele></trkpt>
   <trkpt lon="2.562366" lat="39.670408"><ele>254.0</ele></trkpt>
   <trkpt lon="2.562577" lat="39.670342"><ele>253.25</ele></trkpt>
   <trkpt lon="2.562782" lat="39.670289"><ele>252.5</ele></trkpt>
   <trkpt lon="2.562999" lat="39.670241"><ele>251.0</ele></trkpt>
   <trkpt lon="2.563163" lat="39.670212"><ele>249.5</ele></trkpt>
   <trkpt lon="2.563259" lat="39.670205"><ele>249.0</ele></trkpt>
   <trkpt lon="2.563494" lat="39.670219"><ele>248.5</ele></trkpt>
   <trkpt lon="2.563679" lat="39.670244"><ele>248.25</ele></trkpt>
   <trkpt lon="2.563999" lat="39.670309"><ele>246.5</ele></trkpt>
   <trkpt lon="2.564341" lat="39.670397"><ele>245.0</ele></trkpt>
   <trkpt lon="2.564428" lat="39.670409"><ele>244.25</ele></trkpt>
   <trkpt lon="2.564463" lat="39.670403"><ele>244.0</ele></trkpt>
   <trkpt lon="2.564492" lat="39.670399"><ele>244.0</ele></trkpt>
   <trkpt lon="2.564571" lat="39.670369"><ele>243.5</ele></trkpt>
   <trkpt lon="2.564670" lat="39.670323"><ele>242.75</ele></trkpt>
   <trkpt lon="2.565404" lat="39.669922"><ele>239.75</ele></trkpt>
   <trkpt lon="2.565527" lat="39.669866"><ele>238.5</ele></trkpt>
   <trkpt lon="2.566244" lat="39.669655"><ele>236.25</ele></trkpt>
   <trkpt lon="2.566399" lat="39.669595"><ele>234.75</ele></trkpt>
   <trkpt lon="2.566568" lat="39.669503"><ele>233.25</ele></trkpt>
   <trkpt lon="2.566658" lat="39.669446"><ele>231.75</ele></trkpt>
   <trkpt lon="2.566762" lat="39.669376"><ele>231.75</ele></trkpt>
   <trkpt lon="2.567060" lat="39.669163"><ele>230.25</ele></trkpt>
   <trkpt lon="2.567214" lat="39.669050"><ele>230.25</ele></trkpt>
   <trkpt lon="2.567384" lat="39.668949"><ele>229.0</ele></trkpt>
   <trkpt lon="2.567433" lat="39.668929"><ele>228.25</ele></trkpt>
   <trkpt lon="2.567575" lat="39.668871"><ele>228.0</ele></trkpt>
   <trkpt lon="2.567744" lat="39.668815"><ele>228.5</ele></trkpt>
   <trkpt lon="2.567949" lat="39.668775"><ele>228.5</ele></trkpt>
   <trkpt lon="2.568191" lat="39.668766"><ele>227.5</ele></trkpt>
   <trkpt lon="2.568508" lat="39.668796"><ele>226.0</ele></trkpt>
   <trkpt lon="2.568792" lat="39.668876"><ele>224.0</ele></trkpt>
   <trkpt lon="2.568981" lat="39.668999"><ele>224.0</ele></trkpt>
   <trkpt lon="2.569139" lat="39.669181"><ele>221.75</ele></trkpt>
   <trkpt lon="2.569334" lat="39.669809"><ele>219.5</ele></trkpt>
   <trkpt lon="2.569347" lat="39.669955"><ele>218.5</ele></trkpt>
   <trkpt lon="2.569342" lat="39.670093"><ele>218.0</ele></trkpt>
   <trkpt lon="2.569277" lat="39.670383"><ele>216.5</ele></trkpt>
   <trkpt lon="2.569269" lat="39.670484"><ele>216.0</ele></trkpt>
   <trkpt lon="2.569296" lat="39.670569"><ele>215.75</ele></trkpt>
   <trkpt lon="2.569384" lat="39.670663"><ele>215.5</ele></trkpt>
   <trkpt lon="2.569480" lat="39.670715"><ele>215.25</ele></trkpt>
   <trkpt lon="2.569592" lat="39.670741"><ele>214.75</ele></trkpt>
   <trkpt lon="2.569693" lat="39.670745"><ele>214.5</ele></trkpt>
   <trkpt lon="2.569791" lat="39.670736"><ele>214.0</ele></trkpt>
   <trkpt lon="2.569933" lat="39.670681"><ele>213.25</ele></trkpt>
   <trkpt lon="2.570609" lat="39.670293"><ele>209.75</ele><sym>pass_place</sym><type>Shaping</type></trkpt>
   <trkpt lon="2.570760" lat="39.670219"><ele>210.0</ele></trkpt>
   <trkpt lon="2.570922" lat="39.670165"><ele>209.25</ele></trkpt>
   <trkpt lon="2.571101" lat="39.670133"><ele>209.0</ele></trkpt>
   <trkpt lon="2.571275" lat="39.670129"><ele>208.25</ele></trkpt>
   <trkpt lon="2.571403" lat="39.670144"><ele>207.75</ele></trkpt>
   <trkpt lon="2.571499" lat="39.670177"><ele>207.5</ele></trkpt>
   <trkpt lon="2.571627" lat="39.670250"><ele>207.0</ele></trkpt>
   <trkpt lon="2.571697" lat="39.670333"><ele>206.5</ele></trkpt>
   <trkpt lon="2.571751" lat="39.670448"><ele>206.0</ele></trkpt>
   <trkpt lon="2.571781" lat="39.670629"><ele>206.0</ele></trkpt>
   <trkpt lon="2.571821" lat="39.670867"><ele>207.0</ele></trkpt>
   <trkpt lon="2.571848" lat="39.670978"><ele>206.25</ele></trkpt>
   <trkpt lon="2.571909" lat="39.671076"><ele>204.75</ele></trkpt>
   <trkpt lon="2.572043" lat="39.671189"><ele>205.5</ele></trkpt>
   <trkpt lon="2.572203" lat="39.671272"><ele>205.0</ele></trkpt>
   <trkpt lon="2.572365" lat="39.671344"><ele>203.75</ele></trkpt>
   <trkpt lon="2.573448" lat="39.671695"><ele>199.25</ele></trkpt>
   <trkpt lon="2.573663" lat="39.671748"><ele>199.25</ele></trkpt>
   <trkpt lon="2.573754" lat="39.671763"><ele>198.75</ele></trkpt>
   <trkpt lon="2.573827" lat="39.671767"><ele>198.5</ele></trkpt>
   <trkpt lon="2.573902" lat="39.671745"><ele>198.0</ele></trkpt>
   <trkpt lon="2.573955" lat="39.671701"><ele>197.5</ele></trkpt>
   <trkpt lon="2.573992" lat="39.671642"><ele>196.5</ele></trkpt>
   <trkpt lon="2.574028" lat="39.671549"><ele>195.75</ele></trkpt>
   <trkpt lon="2.574145" lat="39.671208"><ele>193.5</ele></trkpt>
   <trkpt lon="2.574249" lat="39.670955"><ele>194.25</ele></trkpt>
   <trkpt lon="2.574308" lat="39.670845"><ele>193.25</ele></trkpt>
   <trkpt lon="2.574361" lat="39.670771"><ele>195.0</ele></trkpt>
   <trkpt lon="2.574450" lat="39.670707"><ele>195.25</ele></trkpt>
   <trkpt lon="2.574594" lat="39.670654"><ele>195.5</ele></trkpt>
   <trkpt lon="2.575101" lat="39.670558"><ele>192.25</ele></trkpt>
   <trkpt lon="2.575335" lat="39.670513"><ele>192.25</ele></trkpt>
   <trkpt lon="2.575800" lat="39.670425"><ele>192.0</ele></trkpt>
   <trkpt lon="2.575911" lat="39.670394"><ele>191.75</ele></trkpt>
   <trkpt lon="2.576040" lat="39.670340"><ele>191.5</ele></trkpt>
   <trkpt lon="2.576095" lat="39.670310"><ele>191.5</ele></trkpt>
   <trkpt lon="2.576639" lat="39.669965"><ele>190.25</ele></trkpt>
   <trkpt lon="2.577034" lat="39.669685"><ele>188.5</ele></trkpt>
   <trkpt lon="2.577046" lat="39.669648"><ele>188.5</ele></trkpt>
   <trkpt lon="2.577055" lat="39.669497"><ele>188.5</ele></trkpt>
   <trkpt lon="2.577087" lat="39.669365"><ele>188.75</ele></trkpt>
   <trkpt lon="2.577170" lat="39.669212"><ele>189.0</ele></trkpt>
   <trkpt lon="2.577289" lat="39.669014"><ele>188.5</ele></trkpt>
   <trkpt lon="2.577403" lat="39.668898"><ele>188.25</ele></trkpt>
   <trkpt lon="2.577450" lat="39.668818"><ele>188.0</ele></trkpt>
   <trkpt lon="2.577508" lat="39.668668"><ele>187.75</ele></trkpt>
   <trkpt lon="2.577523" lat="39.668629"><ele>187.75</ele></trkpt>
   <trkpt lon="2.577691" lat="39.668412"><ele>186.75</ele></trkpt>
   <trkpt lon="2.577727" lat="39.668368"><ele>186.25</ele></trkpt>
   <trkpt lon="2.577747" lat="39.668338"><ele>186.0</ele></trkpt>
   <trkpt lon="2.578032" lat="39.667977"><ele>185.0</ele></trkpt>
   <trkpt lon="2.578116" lat="39.667870"><ele>184.75</ele></trkpt>
   <trkpt lon="2.578158" lat="39.667819"><ele>184.5</ele></trkpt>
   <trkpt lon="2.578271" lat="39.667680"><ele>183.75</ele></trkpt>
   <trkpt lon="2.578551" lat="39.667349"><ele>182.75</ele></trkpt>
   <trkpt lon="2.578599" lat="39.667279"><ele>182.25</ele></trkpt>
   <trkpt lon="2.578879" lat="39.666855"><ele>180.0</ele></trkpt>
   <trkpt lon="2.579186" lat="39.666343"><ele>177.75</ele></trkpt>
   <trkpt lon="2.579257" lat="39.665953"><ele>177.0</ele></trkpt>
   <trkpt lon="2.579423" lat="39.665651"><ele>176.25</ele></trkpt>
   <trkpt lon="2.579903" lat="39.665067"><ele>174.5</ele></trkpt>
   <trkpt lon="2.580259" lat="39.664704"><ele>173.0</ele></trkpt>
   <trkpt lon="2.580417" lat="39.664517"><ele>173.0</ele></trkpt>
   <trkpt lon="2.580587" lat="39.664303"><ele>173.25</ele></trkpt>
   <trkpt lon="2.580833" lat="39.663927"><ele>172.75</ele></trkpt>
   <trkpt lon="2.580982" lat="39.663748"><ele>172.0</ele></trkpt>
   <trkpt lon="2.581416" lat="39.663173"><ele>170.75</ele></trkpt>
   <trkpt lon="2.581591" lat="39.662979"><ele>170.25</ele></trkpt>
   <trkpt lon="2.581920" lat="39.662729"><ele>169.5</ele></trkpt>
   <trkpt lon="2.582530" lat="39.662383"><ele>168.25</ele></trkpt>
   <trkpt lon="2.583239" lat="39.662028"><ele>168.5</ele><sym>pass_place</sym><type>Shaping</type></trkpt>
   <trkpt lon="2.583245" lat="39.662026"><ele>168.5</ele></trkpt>
   <trkpt lon="2.584258" lat="39.661709"><ele>167.25</ele></trkpt>
   <trkpt lon="2.584312" lat="39.661679"><ele>167.25</ele></trkpt>
   <trkpt lon="2.584581" lat="39.661531"><ele>166.25</ele></trkpt>
   <trkpt lon="2.584853" lat="39.661388"><ele>166.5</ele></trkpt>
   <trkpt lon="2.585273" lat="39.661167"><ele>165.5</ele></trkpt>
   <trkpt lon="2.585630" lat="39.660964"><ele>165.0</ele></trkpt>
   <trkpt lon="2.586017" lat="39.660564"><ele>164.5</ele></trkpt>
   <trkpt lon="2.586341" lat="39.660175"><ele>164.25</ele></trkpt>
   <trkpt lon="2.586414" lat="39.660109"><ele>164.75</ele></trkpt>
   <trkpt lon="2.586507" lat="39.660025"><ele>165.25</ele></trkpt>
   <trkpt lon="2.586643" lat="39.659951"><ele>165.0</ele></trkpt>
   <trkpt lon="2.586898" lat="39.659839"><ele>165.0</ele><sym>left_slight</sym></trkpt>
   <trkpt lon="2.587580" lat="39.659707"><ele>164.25</ele></trkpt>
   <trkpt lon="2.587681" lat="39.659687"><ele>163.75</ele></trkpt>
   <trkpt lon="2.588068" lat="39.659644"><ele>162.75</ele></trkpt>
   <trkpt lon="2.588253" lat="39.659623"><ele>163.25</ele></trkpt>
   <trkpt lon="2.588541" lat="39.659590"><ele>163.0</ele></trkpt>
   <trkpt lon="2.590529" lat="39.659299"><ele>158.5</ele></trkpt>
   <trkpt lon="2.591014" lat="39.659217"><ele>158.75</ele></trkpt>
   <trkpt lon="2.592007" lat="39.658968"><ele>157.5</ele></trkpt>
   <trkpt lon="2.593313" lat="39.658616"><ele>156.0</ele></trkpt>
   <trkpt lon="2.593441" lat="39.658594"><ele>156.0</ele></trkpt>
   <trkpt lon="2.593666" lat="39.658599"><ele>156.0</ele></trkpt>
   <trkpt lon="2.594080" lat="39.658627"><ele>155.25</ele></trkpt>
   <trkpt lon="2.594279" lat="39.658619"><ele>155.0</ele></trkpt>
   <trkpt lon="2.595219" lat="39.658472"><ele>154.5</ele></trkpt>
   <trkpt lon="2.597184" lat="39.658151"><ele>153.5</ele></trkpt>
   <trkpt lon="2.597362" lat="39.658137"><ele>154.5</ele></trkpt>
   <trkpt lon="2.597548" lat="39.658147"><ele>155.5</ele></trkpt>
   <trkpt lon="2.597864" lat="39.658201"><ele>156.25</ele></trkpt>
   <trkpt lon="2.599068" lat="39.658454"><ele>154.25</ele></trkpt>
   <trkpt lon="2.599258" lat="39.658515"><ele>153.25</ele></trkpt>
   <trkpt lon="2.599971" lat="39.658886"><ele>150.75</ele></trkpt>
   <trkpt lon="2.600197" lat="39.658979"><ele>151.0</ele></trkpt>
   <trkpt lon="2.601449" lat="39.659382"><ele>148.0</ele></trkpt>
   <trkpt lon="2.601764" lat="39.659460"><ele>147.75</ele></trkpt>
   <trkpt lon="2.602068" lat="39.659497"><ele>147.25</ele></trkpt>
   <trkpt lon="2.603698" lat="39.659584"><ele>146.75</ele><sym>pass_place</sym><type>Shaping</type></trkpt>
   <trkpt lon="2.603704" lat="39.659585"><ele>146.75</ele></trkpt>
   <trkpt lon="2.604042" lat="39.659610"><ele>146.5</ele></trkpt>
   <trkpt lon="2.604331" lat="39.659666"><ele>146.0</ele></trkpt>
   <trkpt lon="2.605037" lat="39.659819"><ele>144.25</ele></trkpt>
   <trkpt lon="2.605539" lat="39.659952"><ele>143.5</ele></trkpt>
   <trkpt lon="2.606299" lat="39.660137"><ele>142.0</ele></trkpt>
   <trkpt lon="2.606962" lat="39.660212"><ele>140.25</ele></trkpt>
   <trkpt lon="2.607225" lat="39.660223"><ele>139.25</ele></trkpt>
   <trkpt lon="2.607535" lat="39.660192"><ele>139.25</ele></trkpt>
   <trkpt lon="2.607714" lat="39.660149"><ele>139.0</ele></trkpt>
   <trkpt lon="2.607815" lat="39.660125"><ele>139.0</ele></trkpt>
   <trkpt lon="2.608091" lat="39.660028"><ele>139.5</ele></trkpt>
   <trkpt lon="2.609098" lat="39.659676"><ele>138.5</ele></trkpt>
   <trkpt lon="2.609328" lat="39.659611"><ele>138.0</ele></trkpt>
   <trkpt lon="2.609545" lat="39.659584"><ele>137.75</ele></trkpt>
   <trkpt lon="2.610079" lat="39.659557"><ele>137.25</ele></trkpt>
   <trkpt lon="2.610284" lat="39.659541"><ele>136.75</ele></trkpt>
   <trkpt lon="2.611705" lat="39.659321"><ele>136.25</ele></trkpt>
   <trkpt lon="2.611902" lat="39.659291"><ele>136.0</ele></trkpt>
   <trkpt lon="2.614099" lat="39.658971"><ele>134.25</ele></trkpt>
   <trkpt lon="2.614362" lat="39.658912"><ele>134.0</ele></trkpt>
   <trkpt lon="2.615650" lat="39.658553"><ele>131.75</ele></trkpt>
   <trkpt lon="2.615791" lat="39.658505"><ele>131.5</ele></trkpt>
   <trkpt lon="2.615974" lat="39.658442"><ele>131.0</ele></trkpt>
   <trkpt lon="2.616750" lat="39.658064"><ele>130.25</ele></trkpt>
   <trkpt lon="2.617163" lat="39.657787"><ele>129.25</ele></trkpt>
   <trkpt lon="2.617573" lat="39.657520"><ele>129.0</ele></trkpt>
   <trkpt lon="2.619139" lat="39.656455"><ele>126.75</ele></trkpt>
   <trkpt lon="2.619329" lat="39.656346"><ele>126.25</ele></trkpt>
   <trkpt lon="2.619518" lat="39.656286"><ele>126.0</ele></trkpt>
   <trkpt lon="2.619973" lat="39.656218"><ele>125.5</ele></trkpt>
   <trkpt lon="2.620348" lat="39.656174"><ele>125.0</ele></trkpt>
   <trkpt lon="2.620575" lat="39.656159"><ele>125.0</ele></trkpt>
   <trkpt lon="2.621037" lat="39.656175"><ele>125.25</ele></trkpt>
   <trkpt lon="2.621274" lat="39.656219"><ele>125.25</ele></trkpt>
   <trkpt lon="2.621836" lat="39.656365"><ele>125.25</ele></trkpt>
   <trkpt lon="2.622288" lat="39.656456"><ele>125.25</ele></trkpt>
   <trkpt lon="2.623109" lat="39.656621"><ele>124.75</ele></trkpt>
   <trkpt lon="2.624077" lat="39.656788"><ele>124.25</ele><sym>pass_place</sym><type>Shaping</type></trkpt>
   <trkpt lon="2.624302" lat="39.656808"><ele>124.0</ele></trkpt>
   <trkpt lon="2.625966" lat="39.656862"><ele>122.0</ele></trkpt>
   <trkpt lon="2.626103" lat="39.656850"><ele>121.5</ele></trkpt>
   <trkpt lon="2.626680" lat="39.656718"><ele>121.5</ele></trkpt>
   <trkpt lon="2.628067" lat="39.656400"><ele>121.75</ele></trkpt>
   <trkpt lon="2.628292" lat="39.656374"><ele>122.0</ele></trkpt>
   <trkpt lon="2.628457" lat="39.656385"><ele>122.0</ele></trkpt>
   <trkpt lon="2.629452" lat="39.656706"><ele>119.5</ele></trkpt>
   <trkpt lon="2.629613" lat="39.656757"><ele>119.25</ele></trkpt>
   <trkpt lon="2.630231" lat="39.656921"><ele>118.0</ele></trkpt>
   <trkpt lon="2.630493" lat="39.656945"><ele>117.75</ele></trkpt>
   <trkpt lon="2.630713" lat="39.656934"><ele>117.5</ele></trkpt>
   <trkpt lon="2.632784" lat="39.656545"><ele>116.75</ele></trkpt>
   <trkpt lon="2.632952" lat="39.656539"><ele>116.75</ele></trkpt>
   <trkpt lon="2.633744" lat="39.656621"><ele>116.75</ele></trkpt>
   <trkpt lon="2.634319" lat="39.656631"><ele>116.75</ele></trkpt>
   <trkpt lon="2.634998" lat="39.656547"><ele>117.0</ele></trkpt>
   <trkpt lon="2.635307" lat="39.656474"><ele>116.5</ele></trkpt>
   <trkpt lon="2.636010" lat="39.656264"><ele>115.75</ele></trkpt>
   <trkpt lon="2.636950" lat="39.655965"><ele>112.5</ele></trkpt>
   <trkpt lon="2.637343" lat="39.655874"><ele>111.25</ele></trkpt>
   <trkpt lon="2.639432" lat="39.655471"><ele>107.0</ele></trkpt>
   <trkpt lon="2.639667" lat="39.655425"><ele>107.0</ele></trkpt>
   <trkpt lon="2.640146" lat="39.655319"><ele>106.25</ele><sym>right_slight</sym></trkpt>
   <trkpt lon="2.640303" lat="39.655171"><ele>106.0</ele><sym>roundabout_e2</sym></trkpt>
   <trkpt lon="2.640336" lat="39.655113"><ele>106.0</ele></trkpt>
   <trkpt lon="2.640404" lat="39.655066"><ele>106.0</ele></trkpt>
   <trkpt lon="2.640459" lat="39.655048"><ele>106.0</ele></trkpt>
   <trkpt lon="2.640521" lat="39.655046"><ele>106.0</ele></trkpt>
   <trkpt lon="2.640569" lat="39.655055"><ele>105.75</ele></trkpt>
   <trkpt lon="2.640630" lat="39.655071"><ele>105.75</ele></trkpt>
   <trkpt lon="2.640681" lat="39.655100"><ele>105.5</ele></trkpt>
   <trkpt lon="2.640714" lat="39.655161"><ele>105.75</ele></trkpt>
   <trkpt lon="2.640811" lat="39.655174"><ele>105.5</ele></trkpt>
   <trkpt lon="2.640982" lat="39.655218"><ele>105.25</ele><sym>left_slight</sym></trkpt>
   <trkpt lon="2.641019" lat="39.655301"><ele>105.25</ele></trkpt>
   <trkpt lon="2.641002" lat="39.655898"><ele>104.75</ele></trkpt>
   <trkpt lon="2.641026" lat="39.655960"><ele>105.25</ele></trkpt>
   <trkpt lon="2.641278" lat="39.656224"><ele>106.25</ele></trkpt>
   <trkpt lon="2.641286" lat="39.656267"><ele>106.5</ele></trkpt>
   <trkpt lon="2.641520" lat="39.657494"><ele>107.75</ele></trkpt>
   <trkpt lon="2.641457" lat="39.657554"><ele>108.0</ele><sym>right_slight</sym></trkpt>
   <trkpt lon="2.641502" lat="39.657661"><ele>108.0</ele></trkpt>
   <trkpt lon="2.641559" lat="39.658159"><ele>108.75</ele><sym>pass_place</sym><type>Shaping</type></trkpt>
   <trkpt lon="2.641560" lat="39.658163"><ele>108.75</ele></trkpt>
   <trkpt lon="2.641558" lat="39.658363"><ele>109.0</ele></trkpt>
   <trkpt lon="2.641491" lat="39.659303"><ele>111.0</ele><sym>right_slight</sym></trkpt>
   <trkpt lon="2.641533" lat="39.659464"><ele>111.0</ele></trkpt>
   <trkpt lon="2.641551" lat="39.659572"><ele>111.0</ele></trkpt>
   <trkpt lon="2.641599" lat="39.659646"><ele>111.0</ele></trkpt>
   <trkpt lon="2.641667" lat="39.659705"><ele>111.0</ele></trkpt>
   <trkpt lon="2.641684" lat="39.659719"><ele>111.0</ele><sym>roundabout_e2</sym></trkpt>
   <trkpt lon="2.641731" lat="39.659717"><ele>111.0</ele></trkpt>
   <trkpt lon="2.641775" lat="39.659727"><ele>111.0</ele></trkpt>
   <trkpt lon="2.641812" lat="39.659748"><ele>111.0</ele></trkpt>
   <trkpt lon="2.641838" lat="39.659777"><ele>111.0</ele></trkpt>
   <trkpt lon="2.641851" lat="39.659811"><ele>111.25</ele></trkpt>
   <trkpt lon="2.641848" lat="39.659846"><ele>111.25</ele></trkpt>
   <trkpt lon="2.641831" lat="39.659878"><ele>111.5</ele></trkpt>
   <trkpt lon="2.641803" lat="39.659903"><ele>111.5</ele></trkpt>
   <trkpt lon="2.641768" lat="39.659920"><ele>111.5</ele></trkpt>
   <trkpt lon="2.641697" lat="39.659986"><ele>111.75</ele></trkpt>
   <trkpt lon="2.641602" lat="39.660095"><ele>112.0</ele></trkpt>
   <trkpt lon="2.641534" lat="39.660202"><ele>112.0</ele></trkpt>
   <trkpt lon="2.641482" lat="39.660408"><ele>112.25</ele></trkpt>
   <trkpt lon="2.641394" lat="39.660676"><ele>112.75</ele></trkpt>
   <trkpt lon="2.641374" lat="39.660897"><ele>113.0</ele></trkpt>
   <trkpt lon="2.641310" lat="39.661557"><ele>114.0</ele></trkpt>
   <trkpt lon="2.641080" lat="39.662243"><ele>115.0</ele></trkpt>
   <trkpt lon="2.641052" lat="39.662510"><ele>116.0</ele></trkpt>
   <trkpt lon="2.640980" lat="39.663192"><ele>117.0</ele></trkpt>
   <trkpt lon="2.641000" lat="39.663447"><ele>117.25</ele></trkpt>
   <trkpt lon="2.641150" lat="39.665391"><ele>120.25</ele></trkpt>
   <trkpt lon="2.641175" lat="39.666834"><ele>123.0</ele></trkpt>
   <trkpt lon="2.641184" lat="39.667317"><ele>124.0</ele></trkpt>
   <trkpt lon="2.641240" lat="39.667943"><ele>125.5</ele></trkpt>
   <trkpt lon="2.641333" lat="39.668765"><ele>127.0</ele></trkpt>
   <trkpt lon="2.641611" lat="39.669907"><ele>129.5</ele></trkpt>
   <trkpt lon="2.641617" lat="39.670071"><ele>130.0</ele></trkpt>
   <trkpt lon="2.641493" lat="39.671325"><ele>132.25</ele></trkpt>
   <trkpt lon="2.641407" lat="39.671535"><ele>132.75</ele></trkpt>
   <trkpt lon="2.640855" lat="39.672960"><ele>135.75</ele></trkpt>
   <trkpt lon="2.640820" lat="39.673083"><ele>136.0</ele></trkpt>
   <trkpt lon="2.640819" lat="39.673247"><ele>136.5</ele></trkpt>
   <trkpt lon="2.640902" lat="39.673848"><ele>137.5</ele></trkpt>
   <trkpt lon="2.640916" lat="39.674178"><ele>138.25</ele><sym>pass_place</sym><type>Shaping</type></trkpt>
   <trkpt lon="2.640917" lat="39.674179"><ele>138.25</ele></trkpt>
   <trkpt lon="2.640905" lat="39.674711"><ele>139.5</ele></trkpt>
   <trkpt lon="2.640862" lat="39.674912"><ele>139.75</ele></trkpt>
   <trkpt lon="2.640714" lat="39.675303"><ele>140.5</ele></trkpt>
   <trkpt lon="2.640398" lat="39.676073"><ele>142.25</ele></trkpt>
   <trkpt lon="2.640317" lat="39.676390"><ele>143.75</ele></trkpt>
   <trkpt lon="2.640247" lat="39.676729"><ele>144.25</ele></trkpt>
   <trkpt lon="2.640114" lat="39.677415"><ele>146.25</ele></trkpt>
   <trkpt lon="2.640022" lat="39.677939"><ele>148.5</ele></trkpt>
   <trkpt lon="2.639848" lat="39.679323"><ele>152.5</ele></trkpt>
   <trkpt lon="2.639710" lat="39.679823"><ele>154.0</ele></trkpt>
   <trkpt lon="2.639576" lat="39.680160"><ele>154.5</ele></trkpt>
   <trkpt lon="2.639304" lat="39.680508"><ele>155.5</ele></trkpt>
   <trkpt lon="2.638538" lat="39.681375"><ele>157.25</ele></trkpt>
   <trkpt lon="2.638354" lat="39.681722"><ele>157.5</ele></trkpt>
   <trkpt lon="2.638259" lat="39.681954"><ele>158.0</ele></trkpt>
   <trkpt lon="2.638208" lat="39.682101"><ele>158.25</ele></trkpt>
   <trkpt lon="2.638184" lat="39.682299"><ele>158.75</ele></trkpt>
   <trkpt lon="2.638156" lat="39.682919"><ele>161.0</ele></trkpt>
   <trkpt lon="2.638097" lat="39.683228"><ele>162.25</ele></trkpt>
   <trkpt lon="2.637390" lat="39.685447"><ele>172.75</ele></trkpt>
   <trkpt lon="2.637360" lat="39.685622"><ele>173.5</ele></trkpt>
   <trkpt lon="2.637342" lat="39.685891"><ele>174.0</ele></trkpt>
   <trkpt lon="2.637349" lat="39.686240"><ele>175.75</ele></trkpt>
   <trkpt lon="2.637405" lat="39.686385"><ele>176.0</ele></trkpt>
   <trkpt lon="2.637733" lat="39.687034"><ele>179.5</ele></trkpt>
   <trkpt lon="2.637787" lat="39.687239"><ele>179.75</ele></trkpt>
   <trkpt lon="2.637802" lat="39.687456"><ele>181.25</ele></trkpt>
   <trkpt lon="2.637784" lat="39.687680"><ele>181.75</ele></trkpt>
   <trkpt lon="2.637721" lat="39.687962"><ele>182.75</ele></trkpt>
   <trkpt lon="2.637628" lat="39.688144"><ele>184.25</ele></trkpt>
   <trkpt lon="2.637400" lat="39.688423"><ele>187.0</ele></trkpt>
   <trkpt lon="2.637005" lat="39.688943"><ele>189.25</ele></trkpt>
   <trkpt lon="2.636807" lat="39.689242"><ele>190.0</ele></trkpt>
   <trkpt lon="2.636113" lat="39.690500"><ele>200.25</ele><sym>pass_place</sym><type>Shaping</type></trkpt>
   <trkpt lon="2.635938" lat="39.690844"><ele>202.75</ele></trkpt>
   <trkpt lon="2.635850" lat="39.691089"><ele>204.5</ele></trkpt>
   <trkpt lon="2.635786" lat="39.691371"><ele>207.25</ele></trkpt>
   <trkpt lon="2.635765" lat="39.691578"><ele>210.5</ele></trkpt>
   <trkpt lon="2.635735" lat="39.691742"><ele>212.75</ele></trkpt>
   <trkpt lon="2.635678" lat="39.691902"><ele>214.25</ele></trkpt>
   <trkpt lon="2.635575" lat="39.692088"><ele>215.75</ele></trkpt>
   <trkpt lon="2.635249" lat="39.692561"><ele>221.75</ele></trkpt>
   <trkpt lon="2.635032" lat="39.692813"><ele>225.5</ele></trkpt>
   <trkpt lon="2.634788" lat="39.693058"><ele>229.0</ele></trkpt>
   <trkpt lon="2.634705" lat="39.693112"><ele>230.25</ele></trkpt>
   <trkpt lon="2.634591" lat="39.693171"><ele>231.75</ele></trkpt>
   <trkpt lon="2.634369" lat="39.693287"><ele>231.75</ele></trkpt>
   <trkpt lon="2.634245" lat="39.693347"><ele>233.0</ele></trkpt>
   <trkpt lon="2.633882" lat="39.693526"><ele>236.25</ele></trkpt>
   <trkpt lon="2.633083" lat="39.693912"><ele>241.5</ele></trkpt>
   <trkpt lon="2.632308" lat="39.694296"><ele>246.25</ele></trkpt>
   <trkpt lon="2.632193" lat="39.694332"><ele>246.5</ele></trkpt>
   <trkpt lon="2.632062" lat="39.694351"><ele>247.0</ele></trkpt>
   <trkpt lon="2.631340" lat="39.694365"><ele>249.75</ele></trkpt>
   <trkpt lon="2.631207" lat="39.694381"><ele>250.25</ele></trkpt>
   <trkpt lon="2.631122" lat="39.694416"><ele>251.0</ele></trkpt>
   <trkpt lon="2.631043" lat="39.694476"><ele>251.5</ele></trkpt>
   <trkpt lon="2.630576" lat="39.695100"><ele>255.25</ele></trkpt>
   <trkpt lon="2.630477" lat="39.695196"><ele>256.25</ele></trkpt>
   <trkpt lon="2.629972" lat="39.695629"><ele>261.0</ele></trkpt>
   <trkpt lon="2.629680" lat="39.695890"><ele>262.5</ele></trkpt>
   <trkpt lon="2.629415" lat="39.696191"><ele>265.0</ele></trkpt>
   <trkpt lon="2.629326" lat="39.696308"><ele>265.0</ele></trkpt>
   <trkpt lon="2.629295" lat="39.696385"><ele>265.75</ele></trkpt>
   <trkpt lon="2.629287" lat="39.696477"><ele>265.0</ele></trkpt>
   <trkpt lon="2.629350" lat="39.696778"><ele>266.25</ele></trkpt>
   <trkpt lon="2.629374" lat="39.696931"><ele>267.5</ele></trkpt>
   <trkpt lon="2.629363" lat="39.697042"><ele>269.0</ele></trkpt>
   <trkpt lon="2.628999" lat="39.697933"><ele>273.5</ele></trkpt>
   <trkpt lon="2.628970" lat="39.698078"><ele>274.25</ele></trkpt>
   <trkpt lon="2.629007" lat="39.699087"><ele>281.25</ele></trkpt>
   <trkpt lon="2.629042" lat="39.699192"><ele>282.25</ele></trkpt>
   <trkpt lon="2.629101" lat="39.699284"><ele>282.25</ele></trkpt>
   <trkpt lon="2.629404" lat="39.699591"><ele>284.5</ele></trkpt>
   <trkpt lon="2.629466" lat="39.699700"><ele>285.5</ele></trkpt>
   <trkpt lon="2.629475" lat="39.699793"><ele>286.0</ele></trkpt>
   <trkpt lon="2.629459" lat="39.699886"><ele>286.25</ele></trkpt>
   <trkpt lon="2.629315" lat="39.700349"><ele>288.5</ele></trkpt>
   <trkpt lon="2.629304" lat="39.700483"><ele>289.5</ele></trkpt>
   <trkpt lon="2.629355" lat="39.701098"><ele>293.5</ele></trkpt>
   <trkpt lon="2.629310" lat="39.701253"><ele>295.75</ele></trkpt>
   <trkpt lon="2.628087" lat="39.703515"><ele>315.75</ele><sym>left_slight</sym></trkpt>
   <trkpt lon="2.627941" lat="39.703584"><ele>315.0</ele></trkpt>
   <trkpt lon="2.627782" lat="39.703711"><ele>315.0</ele><sym>pass_place</sym><type>Shaping</type></trkpt>
   <trkpt lon="2.627482" lat="39.704113"><ele>314.0</ele></trkpt>
   <trkpt lon="2.626915" lat="39.704476"><ele>315.0</ele></trkpt>
   <trkpt lon="2.626695" lat="39.704767"><ele>317.25</ele></trkpt>
   <trkpt lon="2.626587" lat="39.704878"><ele>319.0</ele></trkpt>
   <trkpt lon="2.626502" lat="39.704964"><ele>319.25</ele></trkpt>
   <trkpt lon="2.626330" lat="39.705116"><ele>322.0</ele></trkpt>
   <trkpt lon="2.625984" lat="39.705382"><ele>327.5</ele></trkpt>
   <trkpt lon="2.625673" lat="39.705830"><ele>327.25</ele></trkpt>
   <trkpt lon="2.625517" lat="39.705964"><ele>328.0</ele></trkpt>
   <trkpt lon="2.625378" lat="39.706025"><ele>329.0</ele></trkpt>
   <trkpt lon="2.625261" lat="39.706077"><ele>329.0</ele></trkpt>
   <trkpt lon="2.624661" lat="39.706171"><ele>334.25</ele><sym>right</sym></trkpt>
   <trkpt lon="2.624887" lat="39.706516"><ele>338.5</ele></trkpt>
   <trkpt lon="2.625095" lat="39.706676"><ele>337.75</ele></trkpt>
   <trkpt lon="2.625452" lat="39.707087"><ele>339.25</ele><sym>left_slight</sym></trkpt>
   <trkpt lon="2.625495" lat="39.707261"><ele>342.0</ele></trkpt>
   <trkpt lon="2.625517" lat="39.707458"><ele>343.5</ele></trkpt>
   <trkpt lon="2.625517" lat="39.707645"><ele>344.5</ele><sym>left_slight</sym></trkpt>
   <trkpt lon="2.625423" lat="39.707820"><ele>348.75</ele></trkpt>
   <trkpt lon="2.625343" lat="39.708045"><ele>352.25</ele></trkpt>
   <trkpt lon="2.625140" lat="39.708324"><ele>357.0</ele></trkpt>
   <trkpt lon="2.624898" lat="39.708586"><ele>359.75</ele></trkpt>
   <trkpt lon="2.624755" lat="39.708742"><ele>365.0</ele></trkpt>
   <trkpt lon="2.624767" lat="39.708829"><ele>365.25</ele></trkpt>
   <trkpt lon="2.624831" lat="39.708958"><ele>365.5</ele></trkpt>
   <trkpt lon="2.624922" lat="39.709085"><ele>365.75</ele></trkpt>
   <trkpt lon="2.624949" lat="39.709244"><ele>367.75</ele></trkpt>
   <trkpt lon="2.624951" lat="39.709316"><ele>368.75</ele></trkpt>
   <trkpt lon="2.624969" lat="39.709459"><ele>370.75</ele></trkpt>
   <trkpt lon="2.625002" lat="39.709512"><ele>371.5</ele></trkpt>
   <trkpt lon="2.625040" lat="39.709540"><ele>372.0</ele></trkpt>
   <trkpt lon="2.625208" lat="39.709566"><ele>371.75</ele></trkpt>
   <trkpt lon="2.625229" lat="39.709585"><ele>372.25</ele></trkpt>
   <trkpt lon="2.625252" lat="39.709631"><ele>373.0</ele></trkpt>
   <trkpt lon="2.625459" lat="39.709839"><ele>376.0</ele></trkpt>
   <trkpt lon="2.625537" lat="39.709896"><ele>377.0</ele></trkpt>
   <trkpt lon="2.625716" lat="39.709956"><ele>378.5</ele></trkpt>
   <trkpt lon="2.625939" lat="39.710035"><ele>378.25</ele><sym>left</sym></trkpt>
   <trkpt lon="2.625890" lat="39.710311"><ele>382.0</ele></trkpt>
   <trkpt lon="2.625886" lat="39.710386"><ele>382.5</ele></trkpt>
   <trkpt lon="2.625917" lat="39.710524"><ele>382.75</ele></trkpt>
   <trkpt lon="2.625876" lat="39.710578"><ele>384.0</ele></trkpt>
   <trkpt lon="2.625777" lat="39.710702"><ele>385.5</ele><sym>left</sym></trkpt>
   <trkpt lon="2.625594" lat="39.710669"><ele>387.75</ele></trkpt>
   <trkpt lon="2.625540" lat="39.710720"><ele>388.75</ele></trkpt>
   <trkpt lon="2.625462" lat="39.710747"><ele>389.5</ele></trkpt>
   <trkpt lon="2.625135" lat="39.710802"><ele>393.25</ele></trkpt>
   <trkpt lon="2.624859" lat="39.710842"><ele>397.0</ele><sym>right_slight</sym></trkpt>
   <trkpt lon="2.624460" lat="39.711406"><ele>403.75</ele></trkpt>
   <trkpt lon="2.624375" lat="39.711487"><ele>405.25</ele></trkpt>
   <trkpt lon="2.624250" lat="39.711547"><ele>407.25</ele></trkpt>
   <trkpt lon="2.623586" lat="39.711747"><ele>412.5</ele><sym>right</sym></trkpt>
   <trkpt lon="2.623582" lat="39.711888"><ele>415.0</ele><sym>left</sym></trkpt>
   <trkpt lon="2.623518" lat="39.711886"><ele>415.0</ele></trkpt>
   <trkpt lon="2.623217" lat="39.711845"><ele>414.75</ele></trkpt>
   <trkpt lon="2.622907" lat="39.711772"><ele>413.75</ele></trkpt>
   <trkpt lon="2.622789" lat="39.711734"><ele>413.0</ele></trkpt>
   <trkpt lon="2.622703" lat="39.711701"><ele>412.25</ele></trkpt>
   <trkpt lon="2.622577" lat="39.711654"><ele>412.0</ele></trkpt>
   <trkpt lon="2.622437" lat="39.711589"><ele>412.0</ele></trkpt>
   <trkpt lon="2.622128" lat="39.711396"><ele>410.0</ele></trkpt>
   <trkpt lon="2.621732" lat="39.711006"><ele>407.25</ele></trkpt>
   <trkpt lon="2.621687" lat="39.710965"><ele>406.75</ele></trkpt>
   <trkpt lon="2.621475" lat="39.710754"><ele>405.75</ele></trkpt>
   <trkpt lon="2.621365" lat="39.710638"><ele>405.0</ele></trkpt>
   <trkpt lon="2.621266" lat="39.710528"><ele>404.25</ele></trkpt>
   <trkpt lon="2.621150" lat="39.710406"><ele>403.5</ele></trkpt>
   <trkpt lon="2.621030" lat="39.710283"><ele>403.0</ele></trkpt>
   <trkpt lon="2.620908" lat="39.710155"><ele>402.5</ele></trkpt>
   <trkpt lon="2.620752" lat="39.710017"><ele>401.75</ele></trkpt>
   <trkpt lon="2.620619" lat="39.709948"><ele>401.25</ele></trkpt>
   <trkpt lon="2.620438" lat="39.709892"><ele>401.5</ele></trkpt>
   <trkpt lon="2.620342" lat="39.709880"><ele>401.75</ele></trkpt>
   <trkpt lon="2.620118" lat="39.709865"><ele>401.0</ele></trkpt>
   <trkpt lon="2.619692" lat="39.709857"><ele>400.25</ele></trkpt>
   <trkpt lon="2.618377" lat="39.709876"><ele>397.0</ele></trkpt>
   <trkpt lon="2.618091" lat="39.709923"><ele>395.5</ele><sym>pass_place</sym><type>Shaping</type></trkpt>
   <trkpt lon="2.618091" lat="39.709924"><ele>395.5</ele><sym>stay_left</sym></trkpt>
   <trkpt lon="2.617930" lat="39.709946"><ele>395.25</ele></trkpt>
   <trkpt lon="2.616979" lat="39.710105"><ele>392.0</ele></trkpt>
   <trkpt lon="2.615689" lat="39.710097"><ele>388.25</ele></trkpt>
   <trkpt lon="2.615377" lat="39.710109"><ele>387.5</ele></trkpt>
   <trkpt lon="2.615082" lat="39.710144"><ele>387.0</ele></trkpt>
   <trkpt lon="2.614863" lat="39.710192"><ele>385.75</ele></trkpt>
   <trkpt lon="2.613931" lat="39.710470"><ele>383.25</ele></trkpt>
   <trkpt lon="2.612655" lat="39.710755"><ele>379.0</ele></trkpt>
   <trkpt lon="2.610539" lat="39.710991"><ele>375.25</ele><sym>right</sym></trkpt>
   <trkpt lon="2.610524" lat="39.711049"><ele>374.5</ele></trkpt>
   <trkpt lon="2.610475" lat="39.711151"><ele>373.5</ele></trkpt>
   <trkpt lon="2.610263" lat="39.711480"><ele>372.75</ele></trkpt>
   <trkpt lon="2.609769" lat="39.712312"><ele>372.25</ele></trkpt>
   <trkpt lon="2.609584" lat="39.712585"><ele>372.75</ele></trkpt>
   <trkpt lon="2.609381" lat="39.712887"><ele>373.75</ele></trkpt>
   <trkpt lon="2.609332" lat="39.712959"><ele>373.5</ele></trkpt>
   <trkpt lon="2.609299" lat="39.713011"><ele>373.5</ele></trkpt>
   <trkpt lon="2.608731" lat="39.713921"><ele>374.5</ele></trkpt>
   <trkpt lon="2.608670" lat="39.714029"><ele>374.5</ele></trkpt>
   <trkpt lon="2.608494" lat="39.714394"><ele>374.5</ele></trkpt>
   <trkpt lon="2.608455" lat="39.714475"><ele>374.25</ele></trkpt>
   <trkpt lon="2.607735" lat="39.715927"><ele>377.25</ele></trkpt>
   <trkpt lon="2.607574" lat="39.716214"><ele>378.0</ele></trkpt>
   <trkpt lon="2.607491" lat="39.716345"><ele>379.25</ele></trkpt>
   <trkpt lon="2.607028" lat="39.717067"><ele>378.75</ele></trkpt>
   <trkpt lon="2.606978" lat="39.717239"><ele>378.5</ele></trkpt>
   <trkpt lon="2.606897" lat="39.717778"><ele>378.25</ele></trkpt>
   <trkpt lon="2.606636" lat="39.719513"><ele>387.5</ele></trkpt>
   <trkpt lon="2.606531" lat="39.720284"><ele>391.0</ele></trkpt>
   <trkpt lon="2.606419" lat="39.721739"><ele>407.5</ele><sym>pass_place</sym><type>Shaping</type></trkpt>
   <trkpt lon="2.606419" lat="39.721745"><ele>407.5</ele></trkpt>
   <trkpt lon="2.606385" lat="39.721878"><ele>408.0</ele></trkpt>
   <trkpt lon="2.606341" lat="39.721977"><ele>408.75</ele></trkpt>
   <trkpt lon="2.606262" lat="39.722102"><ele>410.5</ele></trkpt>
   <trkpt lon="2.606151" lat="39.722213"><ele>412.0</ele></trkpt>
   <trkpt lon="2.606024" lat="39.722326"><ele>413.75</ele></trkpt>
   <trkpt lon="2.605879" lat="39.722490"><ele>415.5</ele></trkpt>
   <trkpt lon="2.605828" lat="39.722571"><ele>416.0</ele></trkpt>
   <trkpt lon="2.605796" lat="39.722664"><ele>417.5</ele></trkpt>
   <trkpt lon="2.605792" lat="39.722763"><ele>419.0</ele></trkpt>
   <trkpt lon="2.605798" lat="39.722884"><ele>420.25</ele></trkpt>
   <trkpt lon="2.605830" lat="39.723092"><ele>422.25</ele></trkpt>
   <trkpt lon="2.605835" lat="39.723124"><ele>422.75</ele></trkpt>
   <trkpt lon="2.605866" lat="39.723236"><ele>424.5</ele><sym>stay_right</sym></trkpt>
   <trkpt lon="2.605979" lat="39.723640"><ele>428.75</ele></trkpt>
   <trkpt lon="2.606095" lat="39.724127"><ele>424.25</ele></trkpt>
   <trkpt lon="2.606153" lat="39.724891"><ele>416.5</ele></trkpt>
   <trkpt lon="2.606218" lat="39.725058"><ele>416.25</ele></trkpt>
   <trkpt lon="2.606535" lat="39.725543"><ele>412.75</ele></trkpt>
   <trkpt lon="2.606587" lat="39.725644"><ele>413.75</ele></trkpt>
   <trkpt lon="2.606598" lat="39.725750"><ele>413.75</ele></trkpt>
   <trkpt lon="2.606570" lat="39.725838"><ele>412.75</ele></trkpt>
   <trkpt lon="2.606422" lat="39.726149"><ele>412.0</ele></trkpt>
   <trkpt lon="2.606396" lat="39.726256"><ele>411.5</ele></trkpt>
   <trkpt lon="2.606393" lat="39.726321"><ele>411.75</ele></trkpt>
   <trkpt lon="2.606419" lat="39.726436"><ele>412.0</ele></trkpt>
   <trkpt lon="2.606459" lat="39.726547"><ele>411.75</ele></trkpt>
   <trkpt lon="2.606557" lat="39.726736"><ele>410.5</ele></trkpt>
   <trkpt lon="2.606718" lat="39.726921"><ele>411.25</ele></trkpt>
   <trkpt lon="2.607044" lat="39.727217"><ele>409.75</ele></trkpt>
   <trkpt lon="2.607163" lat="39.727396"><ele>409.75</ele></trkpt>
   <trkpt lon="2.607232" lat="39.727526"><ele>409.75</ele></trkpt>
   <trkpt lon="2.607412" lat="39.727998"><ele>408.75</ele></trkpt>
   <trkpt lon="2.607504" lat="39.728195"><ele>407.5</ele></trkpt>
   <trkpt lon="2.607668" lat="39.728508"><ele>405.25</ele></trkpt>
   <trkpt lon="2.607705" lat="39.728649"><ele>404.25</ele></trkpt>
   <trkpt lon="2.607713" lat="39.728810"><ele>404.25</ele></trkpt>
   <trkpt lon="2.607706" lat="39.728928"><ele>404.25</ele></trkpt>
   <trkpt lon="2.607661" lat="39.729070"><ele>405.0</ele></trkpt>
   <trkpt lon="2.607588" lat="39.729183"><ele>404.5</ele></trkpt>
   <trkpt lon="2.607553" lat="39.729284"><ele>403.75</ele></trkpt>
   <trkpt lon="2.607577" lat="39.729693"><ele>402.5</ele></trkpt>
   <trkpt lon="2.607595" lat="39.729814"><ele>400.5</ele></trkpt>
   <trkpt lon="2.607664" lat="39.729916"><ele>400.25</ele></trkpt>
   <trkpt lon="2.608783" lat="39.730974"><ele>395.5</ele></trkpt>
   <trkpt lon="2.609115" lat="39.731387"><ele>395.0</ele></trkpt>
   <trkpt lon="2.609338" lat="39.731754"><ele>394.75</ele></trkpt>
   <trkpt lon="2.609438" lat="39.732026"><ele>394.75</ele></trkpt>
   <trkpt lon="2.609458" lat="39.732243"><ele>393.25</ele></trkpt>
   <trkpt lon="2.609454" lat="39.732327"><ele>392.75</ele></trkpt>
   <trkpt lon="2.609473" lat="39.732643"><ele>391.5</ele></trkpt>
   <trkpt lon="2.609529" lat="39.732728"><ele>391.75</ele></trkpt>
   <trkpt lon="2.609622" lat="39.732806"><ele>391.75</ele></trkpt>
   <trkpt lon="2.610245" lat="39.733222"><ele>387.25</ele></trkpt>
   <trkpt lon="2.611484" lat="39.733716"><ele>381.75</ele></trkpt>
   <trkpt lon="2.611614" lat="39.733806"><ele>381.25</ele></trkpt>
   <trkpt lon="2.611692" lat="39.733945"><ele>380.75</ele></trkpt>
   <trkpt lon="2.611781" lat="39.734155"><ele>382.0</ele></trkpt>
   <trkpt lon="2.611852" lat="39.734292"><ele>383.0</ele></trkpt>
   <trkpt lon="2.611880" lat="39.734329"><ele>383.25</ele></trkpt>
   <trkpt lon="2.611929" lat="39.734386"><ele>383.5</ele></trkpt>
   <trkpt lon="2.612262" lat="39.734686"><ele>385.0</ele></trkpt>
   <trkpt lon="2.612338" lat="39.734755"><ele>386.0</ele></trkpt>
   <trkpt lon="2.612509" lat="39.734916"><ele>387.0</ele></trkpt>
   <trkpt lon="2.612588" lat="39.734971"><ele>387.75</ele></trkpt>
   <trkpt lon="2.612785" lat="39.735083"><ele>391.5</ele></trkpt>
   <trkpt lon="2.613018" lat="39.735190"><ele>391.0</ele></trkpt>
   <trkpt lon="2.613307" lat="39.735348"><ele>387.75</ele></trkpt>
   <trkpt lon="2.613623" lat="39.735586"><ele>386.25</ele><sym>pass_place</sym><type>Shaping</type></trkpt>
   <trkpt lon="2.613625" lat="39.735587"><ele>386.25</ele></trkpt>
   <trkpt lon="2.613693" lat="39.735627"><ele>386.0</ele></trkpt>
   <trkpt lon="2.613971" lat="39.735733"><ele>386.25</ele></trkpt>
   <trkpt lon="2.614219" lat="39.735854"><ele>385.0</ele></trkpt>
   <trkpt lon="2.614383" lat="39.735950"><ele>383.5</ele></trkpt>
   <trkpt lon="2.614531" lat="39.736088"><ele>381.5</ele></trkpt>
   <trkpt lon="2.614577" lat="39.736144"><ele>381.5</ele></trkpt>
   <trkpt lon="2.614679" lat="39.736333"><ele>379.5</ele></trkpt>
   <trkpt lon="2.614731" lat="39.736391"><ele>379.0</ele></trkpt>
   <trkpt lon="2.614817" lat="39.736447"><ele>377.75</ele></trkpt>
   <trkpt lon="2.614911" lat="39.736485"><ele>377.5</ele></trkpt>
   <trkpt lon="2.615368" lat="39.736622"><ele>375.25</ele></trkpt>
   <trkpt lon="2.615557" lat="39.736660"><ele>375.25</ele></trkpt>
   <trkpt lon="2.615753" lat="39.736685"><ele>375.0</ele></trkpt>
   <trkpt lon="2.615920" lat="39.736699"><ele>374.75</ele></trkpt>
   <trkpt lon="2.616103" lat="39.736698"><ele>375.0</ele></trkpt>
   <trkpt lon="2.616701" lat="39.736674"><ele>374.75</ele></trkpt>
   <trkpt lon="2.616883" lat="39.736686"><ele>375.25</ele></trkpt>
   <trkpt lon="2.617021" lat="39.736728"><ele>375.75</ele></trkpt>
   <trkpt lon="2.617137" lat="39.736808"><ele>375.25</ele></trkpt>
   <trkpt lon="2.617230" lat="39.736899"><ele>374.5</ele></trkpt>
   <trkpt lon="2.617680" lat="39.737744"><ele>369.25</ele></trkpt>
   <trkpt lon="2.617822" lat="39.737972"><ele>367.25</ele></trkpt>
   <trkpt lon="2.617872" lat="39.738036"><ele>366.25</ele></trkpt>
   <trkpt lon="2.617922" lat="39.738073"><ele>365.75</ele></trkpt>
   <trkpt lon="2.617978" lat="39.738101"><ele>365.75</ele></trkpt>
   <trkpt lon="2.618054" lat="39.738123"><ele>366.5</ele></trkpt>
   <trkpt lon="2.618128" lat="39.738134"><ele>365.75</ele></trkpt>
   <trkpt lon="2.618532" lat="39.738107"><ele>365.25</ele></trkpt>
   <trkpt lon="2.618715" lat="39.738097"><ele>365.25</ele></trkpt>
   <trkpt lon="2.618781" lat="39.738093"><ele>365.0</ele></trkpt>
   <trkpt lon="2.618837" lat="39.738093"><ele>364.75</ele></trkpt>
   <trkpt lon="2.619268" lat="39.738091"><ele>363.25</ele></trkpt>
   <trkpt lon="2.619471" lat="39.738069"><ele>363.0</ele></trkpt>
   <trkpt lon="2.619713" lat="39.738000"><ele>362.0</ele></trkpt>
   <trkpt lon="2.619897" lat="39.737961"><ele>361.0</ele></trkpt>
   <trkpt lon="2.619963" lat="39.737957"><ele>360.25</ele></trkpt>
   <trkpt lon="2.620094" lat="39.737968"><ele>360.5</ele></trkpt>
   <trkpt lon="2.620225" lat="39.738003"><ele>360.5</ele></trkpt>
   <trkpt lon="2.620340" lat="39.738044"><ele>359.75</ele></trkpt>
   <trkpt lon="2.620541" lat="39.738134"><ele>358.5</ele></trkpt>
   <trkpt lon="2.620748" lat="39.738254"><ele>357.75</ele></trkpt>
   <trkpt lon="2.621174" lat="39.738521"><ele>355.25</ele></trkpt>
   <trkpt lon="2.621395" lat="39.738685"><ele>353.25</ele></trkpt>
   <trkpt lon="2.621505" lat="39.738783"><ele>352.75</ele></trkpt>
   <trkpt lon="2.621640" lat="39.738921"><ele>352.0</ele></trkpt>
   <trkpt lon="2.621746" lat="39.739062"><ele>351.25</ele></trkpt>
   <trkpt lon="2.622044" lat="39.739503"><ele>347.5</ele></trkpt>
   <trkpt lon="2.622364" lat="39.739965"><ele>343.5</ele></trkpt>
   <trkpt lon="2.622949" lat="39.740840"><ele>339.75</ele></trkpt>
   <trkpt lon="2.623054" lat="39.740976"><ele>338.75</ele></trkpt>
   <trkpt lon="2.623160" lat="39.741091"><ele>338.0</ele></trkpt>
   <trkpt lon="2.623285" lat="39.741204"><ele>336.75</ele></trkpt>
   <trkpt lon="2.623454" lat="39.741321"><ele>335.75</ele></trkpt>
   <trkpt lon="2.624265" lat="39.741757"><ele>331.75</ele></trkpt>
   <trkpt lon="2.625427" lat="39.742351"><ele>324.25</ele></trkpt>
   <trkpt lon="2.626257" lat="39.742695"><ele>320.0</ele></trkpt>
   <trkpt lon="2.626606" lat="39.742846"><ele>318.5</ele></trkpt>
   <trkpt lon="2.626967" lat="39.743045"><ele>317.0</ele></trkpt>
   <trkpt lon="2.627402" lat="39.743333"><ele>315.25</ele></trkpt>
   <trkpt lon="2.627521" lat="39.743424"><ele>314.75</ele></trkpt>
   <trkpt lon="2.627686" lat="39.743601"><ele>313.25</ele></trkpt>
   <trkpt lon="2.627866" lat="39.743837"><ele>311.75</ele></trkpt>
   <trkpt lon="2.628415" lat="39.744623"><ele>309.75</ele></trkpt>
   <trkpt lon="2.628593" lat="39.744841"><ele>308.75</ele></trkpt>
   <trkpt lon="2.628725" lat="39.745048"><ele>309.0</ele><sym>pass_place</sym><type>Shaping</type></trkpt>
   <trkpt lon="2.628787" lat="39.745372"><ele>308.5</ele></trkpt>
   <trkpt lon="2.629022" lat="39.746391"><ele>313.25</ele></trkpt>
   <trkpt lon="2.629093" lat="39.746510"><ele>312.5</ele></trkpt>
   <trkpt lon="2.629225" lat="39.746652"><ele>310.75</ele></trkpt>
   <trkpt lon="2.630547" lat="39.747825"><ele>300.25</ele></trkpt>
   <trkpt lon="2.630649" lat="39.747959"><ele>300.25</ele></trkpt>
   <trkpt lon="2.631130" lat="39.749090"><ele>289.5</ele></trkpt>
   <trkpt lon="2.631150" lat="39.749164"><ele>288.5</ele></trkpt>
   <trkpt lon="2.631147" lat="39.749234"><ele>288.75</ele></trkpt>
   <trkpt lon="2.631122" lat="39.749326"><ele>288.75</ele></trkpt>
   <trkpt lon="2.631059" lat="39.749422"><ele>287.75</ele></trkpt>
   <trkpt lon="2.630979" lat="39.749511"><ele>287.75</ele></trkpt>
   <trkpt lon="2.630741" lat="39.749778"><ele>285.25</ele></trkpt>
   <trkpt lon="2.630664" lat="39.749879"><ele>284.75</ele></trkpt>
   <trkpt lon="2.630612" lat="39.749982"><ele>284.0</ele></trkpt>
   <trkpt lon="2.630499" lat="39.750279"><ele>282.25</ele></trkpt>
   <trkpt lon="2.630326" lat="39.750814"><ele>280.0</ele></trkpt>
   <trkpt lon="2.630165" lat="39.751111"><ele>278.5</ele></trkpt>
   <trkpt lon="2.629968" lat="39.751442"><ele>277.5</ele></trkpt>
   <trkpt lon="2.629834" lat="39.751693"><ele>276.5</ele></trkpt>
   <trkpt lon="2.629742" lat="39.751920"><ele>275.25</ele></trkpt>
   <trkpt lon="2.629732" lat="39.752031"><ele>274.25</ele></trkpt>
   <trkpt lon="2.629739" lat="39.752153"><ele>273.5</ele></trkpt>
   <trkpt lon="2.629765" lat="39.752269"><ele>272.75</ele></trkpt>
   <trkpt lon="2.629820" lat="39.752367"><ele>271.75</ele></trkpt>
   <trkpt lon="2.629896" lat="39.752478"><ele>270.25</ele></trkpt>
   <trkpt lon="2.630017" lat="39.752587"><ele>268.0</ele></trkpt>
   <trkpt lon="2.630239" lat="39.752702"><ele>266.5</ele></trkpt>
   <trkpt lon="2.630445" lat="39.752765"><ele>264.75</ele></trkpt>
   <trkpt lon="2.630700" lat="39.752804"><ele>263.0</ele></trkpt>
   <trkpt lon="2.631124" lat="39.752858"><ele>261.0</ele></trkpt>
   <trkpt lon="2.631294" lat="39.752907"><ele>259.5</ele></trkpt>
   <trkpt lon="2.631502" lat="39.752997"><ele>257.5</ele></trkpt>
   <trkpt lon="2.631692" lat="39.753114"><ele>255.25</ele></trkpt>
   <trkpt lon="2.631920" lat="39.753268"><ele>253.75</ele></trkpt>
   <trkpt lon="2.632146" lat="39.753464"><ele>251.75</ele></trkpt>
   <trkpt lon="2.632281" lat="39.753646"><ele>249.0</ele></trkpt>
   <trkpt lon="2.632548" lat="39.754151"><ele>243.5</ele></trkpt>
   <trkpt lon="2.632622" lat="39.754356"><ele>241.0</ele></trkpt>
   <trkpt lon="2.632800" lat="39.755238"><ele>231.25</ele></trkpt>
   <trkpt lon="2.632934" lat="39.755919"><ele>223.75</ele></trkpt>
   <trkpt lon="2.633034" lat="39.756106"><ele>224.25</ele></trkpt>
   <trkpt lon="2.633131" lat="39.756229"><ele>223.0</ele></trkpt>
   <trkpt lon="2.633323" lat="39.756400"><ele>222.5</ele></trkpt>
   <trkpt lon="2.633465" lat="39.756495"><ele>221.0</ele></trkpt>
   <trkpt lon="2.633613" lat="39.756567"><ele>220.25</ele></trkpt>
   <trkpt lon="2.633816" lat="39.756629"><ele>220.75</ele></trkpt>
   <trkpt lon="2.634034" lat="39.756658"><ele>220.5</ele></trkpt>
   <trkpt lon="2.634743" lat="39.756675"><ele>216.5</ele></trkpt>
   <trkpt lon="2.634910" lat="39.756661"><ele>215.5</ele></trkpt>
   <trkpt lon="2.635107" lat="39.756611"><ele>213.75</ele></trkpt>
   <trkpt lon="2.635284" lat="39.756548"><ele>212.0</ele></trkpt>
   <trkpt lon="2.635490" lat="39.756448"><ele>211.75</ele></trkpt>
   <trkpt lon="2.635688" lat="39.756331"><ele>210.75</ele></trkpt>
   <trkpt lon="2.635819" lat="39.756200"><ele>210.0</ele></trkpt>
   <trkpt lon="2.635909" lat="39.756035"><ele>209.0</ele></trkpt>
   <trkpt lon="2.635951" lat="39.755856"><ele>208.25</ele></trkpt>
   <trkpt lon="2.636001" lat="39.755261"><ele>205.25</ele><sym>pass_place</sym><type>Shaping</type></trkpt>
   <trkpt lon="2.635980" lat="39.754941"><ele>203.5</ele></trkpt>
   <trkpt lon="2.635988" lat="39.754819"><ele>202.75</ele></trkpt>
   <trkpt lon="2.636016" lat="39.754753"><ele>201.75</ele></trkpt>
   <trkpt lon="2.636076" lat="39.754701"><ele>200.75</ele></trkpt>
   <trkpt lon="2.636205" lat="39.754656"><ele>199.75</ele></trkpt>
   <trkpt lon="2.636546" lat="39.754621"><ele>197.25</ele></trkpt>
   <trkpt lon="2.636837" lat="39.754580"><ele>194.25</ele></trkpt>
   <trkpt lon="2.636967" lat="39.754536"><ele>193.0</ele></trkpt>
   <trkpt lon="2.637071" lat="39.754472"><ele>192.5</ele></trkpt>
   <trkpt lon="2.637136" lat="39.754422"><ele>191.75</ele></trkpt>
   <trkpt lon="2.637267" lat="39.754260"><ele>189.0</ele></trkpt>
   <trkpt lon="2.637540" lat="39.753621"><ele>182.75</ele></trkpt>
   <trkpt lon="2.637633" lat="39.753483"><ele>183.25</ele></trkpt>
   <trkpt lon="2.637789" lat="39.753338"><ele>180.5</ele></trkpt>
   <trkpt lon="2.637878" lat="39.753240"><ele>179.5</ele></trkpt>
   <trkpt lon="2.637940" lat="39.753094"><ele>179.75</ele></trkpt>
   <trkpt lon="2.638126" lat="39.752442"><ele>174.25</ele></trkpt>
   <trkpt lon="2.638128" lat="39.752325"><ele>173.25</ele></trkpt>
   <trkpt lon="2.638113" lat="39.752247"><ele>173.25</ele></trkpt>
   <trkpt lon="2.638055" lat="39.752122"><ele>172.0</ele></trkpt>
   <trkpt lon="2.637809" lat="39.751667"><ele>168.0</ele></trkpt>
   <trkpt lon="2.637784" lat="39.751554"><ele>168.25</ele></trkpt>
   <trkpt lon="2.637793" lat="39.751456"><ele>167.5</ele></trkpt>
   <trkpt lon="2.637836" lat="39.751351"><ele>166.25</ele></trkpt>
   <trkpt lon="2.637916" lat="39.751221"><ele>165.25</ele></trkpt>
   <trkpt lon="2.638015" lat="39.751039"><ele>164.5</ele></trkpt>
   <trkpt lon="2.638111" lat="39.750644"><ele>162.75</ele></trkpt>
   <trkpt lon="2.638130" lat="39.750602"><ele>162.5</ele></trkpt>
   <trkpt lon="2.638173" lat="39.750521"><ele>161.75</ele></trkpt>
   <trkpt lon="2.638248" lat="39.750446"><ele>160.5</ele></trkpt>
   <trkpt lon="2.638253" lat="39.750444"><ele>160.5</ele></trkpt>
   <trkpt lon="2.638330" lat="39.750417"><ele>159.5</ele></trkpt>
   <trkpt lon="2.638455" lat="39.750399"><ele>161.25</ele></trkpt>
   <trkpt lon="2.638607" lat="39.750424"><ele>162.0</ele></trkpt>
   <trkpt lon="2.639079" lat="39.750684"><ele>160.0</ele></trkpt>
   <trkpt lon="2.639252" lat="39.750775"><ele>158.5</ele></trkpt>
   <trkpt lon="2.639709" lat="39.751014"><ele>156.25</ele></trkpt>
   <trkpt lon="2.639858" lat="39.751063"><ele>154.75</ele></trkpt>
   <trkpt lon="2.639974" lat="39.751085"><ele>154.0</ele></trkpt>
   <trkpt lon="2.640110" lat="39.751101"><ele>152.5</ele></trkpt>
   <trkpt lon="2.640240" lat="39.751104"><ele>151.5</ele></trkpt>
   <trkpt lon="2.640480" lat="39.751083"><ele>150.75</ele></trkpt>
   <trkpt lon="2.640689" lat="39.751053"><ele>150.0</ele></trkpt>
   <trkpt lon="2.640866" lat="39.751035"><ele>148.75</ele></trkpt>
   <trkpt lon="2.641078" lat="39.750997"><ele>147.0</ele></trkpt>
   <trkpt lon="2.641277" lat="39.750912"><ele>146.25</ele></trkpt>
   <trkpt lon="2.641462" lat="39.750798"><ele>144.0</ele></trkpt>
   <trkpt lon="2.641617" lat="39.750651"><ele>142.25</ele></trkpt>
   <trkpt lon="2.641718" lat="39.750524"><ele>141.5</ele></trkpt>
   <trkpt lon="2.641764" lat="39.750414"><ele>139.75</ele></trkpt>
   <trkpt lon="2.641764" lat="39.750344"><ele>139.5</ele></trkpt>
   <trkpt lon="2.641722" lat="39.750216"><ele>139.5</ele></trkpt>
   <trkpt lon="2.641608" lat="39.750018"><ele>139.25</ele></trkpt>
   <trkpt lon="2.641500" lat="39.749848"><ele>138.75</ele></trkpt>
   <trkpt lon="2.641453" lat="39.749766"><ele>138.25</ele></trkpt>
   <trkpt lon="2.641416" lat="39.749646"><ele>138.0</ele></trkpt>
   <trkpt lon="2.641409" lat="39.749530"><ele>137.5</ele></trkpt>
   <trkpt lon="2.641463" lat="39.749365"><ele>136.5</ele></trkpt>
   <trkpt lon="2.641548" lat="39.749268"><ele>135.25</ele></trkpt>
   <trkpt lon="2.641638" lat="39.749186"><ele>133.5</ele></trkpt>
   <trkpt lon="2.642006" lat="39.748931"><ele>131.5</ele></trkpt>
   <trkpt lon="2.642357" lat="39.748687"><ele>130.5</ele></trkpt>
   <trkpt lon="2.642433" lat="39.748622"><ele>130.5</ele></trkpt>
   <trkpt lon="2.642480" lat="39.748563"><ele>129.75</ele></trkpt>
   <trkpt lon="2.642537" lat="39.748435"><ele>129.25</ele></trkpt>
   <trkpt lon="2.642531" lat="39.748315"><ele>130.0</ele></trkpt>
   <trkpt lon="2.642493" lat="39.748201"><ele>129.25</ele></trkpt>
   <trkpt lon="2.642392" lat="39.748091"><ele>130.5</ele></trkpt>
   <trkpt lon="2.642274" lat="39.747986"><ele>131.25</ele></trkpt>
   <trkpt lon="2.641850" lat="39.747725"><ele>134.0</ele></trkpt>
   <trkpt lon="2.641807" lat="39.747676"><ele>134.5</ele></trkpt>
   <trkpt lon="2.641787" lat="39.747606"><ele>133.75</ele></trkpt>
   <trkpt lon="2.641795" lat="39.747536"><ele>132.5</ele></trkpt>
   <trkpt lon="2.641844" lat="39.747455"><ele>132.75</ele></trkpt>
   <trkpt lon="2.641876" lat="39.747422"><ele>133.25</ele></trkpt>
   <trkpt lon="2.641978" lat="39.747378"><ele>134.25</ele></trkpt>
   <trkpt lon="2.642147" lat="39.747327"><ele>135.5</ele></trkpt>
   <trkpt lon="2.642216" lat="39.747316"><ele>135.75</ele></trkpt>
   <trkpt lon="2.642329" lat="39.747296"><ele>136.5</ele></trkpt>
   <trkpt lon="2.642473" lat="39.747298"><ele>136.25</ele></trkpt>
   <trkpt lon="2.642579" lat="39.747302"><ele>136.25</ele></trkpt>
   <trkpt lon="2.643199" lat="39.747309"><ele>138.75</ele></trkpt>
   <trkpt lon="2.643362" lat="39.747294"><ele>139.0</ele></trkpt>
   <trkpt lon="2.643467" lat="39.747264"><ele>139.5</ele></trkpt>
   <trkpt lon="2.643595" lat="39.747204"><ele>140.75</ele></trkpt>
   <trkpt lon="2.643690" lat="39.747124"><ele>140.5</ele></trkpt>
   <trkpt lon="2.643921" lat="39.746793"><ele>142.5</ele></trkpt>
   <trkpt lon="2.644095" lat="39.746636"><ele>143.75</ele></trkpt>
   <trkpt lon="2.644430" lat="39.746382"><ele>146.5</ele></trkpt>
   <trkpt lon="2.644591" lat="39.746252"><ele>146.75</ele></trkpt>
   <trkpt lon="2.644710" lat="39.746127"><ele>147.75</ele></trkpt>
   <trkpt lon="2.644784" lat="39.746016"><ele>148.5</ele></trkpt>
   <trkpt lon="2.644887" lat="39.745772"><ele>150.25</ele></trkpt>
   <trkpt lon="2.645191" lat="39.744881"><ele>153.0</ele><sym>pass_place</sym><type>Shaping</type></trkpt>
   <trkpt lon="2.645248" lat="39.744802"><ele>152.5</ele></trkpt>
   <trkpt lon="2.645313" lat="39.744765"><ele>152.5</ele></trkpt>
   <trkpt lon="2.645386" lat="39.744741"><ele>153.25</ele></trkpt>
   <trkpt lon="2.645504" lat="39.744737"><ele>154.25</ele></trkpt>
   <trkpt lon="2.645581" lat="39.744759"><ele>154.75</ele></trkpt>
   <trkpt lon="2.645648" lat="39.744797"><ele>156.0</ele></trkpt>
   <trkpt lon="2.645908" lat="39.745116"><ele>156.5</ele></trkpt>
   <trkpt lon="2.646281" lat="39.745458"><ele>157.25</ele></trkpt>
   <trkpt lon="2.646702" lat="39.745813"><ele>158.25</ele></trkpt>
   <trkpt lon="2.646783" lat="39.745865"><ele>158.0</ele></trkpt>
   <trkpt lon="2.646860" lat="39.745903"><ele>158.0</ele></trkpt>
   <trkpt lon="2.646961" lat="39.745931"><ele>158.75</ele></trkpt>
   <trkpt lon="2.647513" lat="39.746058"><ele>161.25</ele></trkpt>
   <trkpt lon="2.647665" lat="39.746093"><ele>161.5</ele></trkpt>
   <trkpt lon="2.647731" lat="39.746108"><ele>161.5</ele></trkpt>
   <trkpt lon="2.648094" lat="39.746195"><ele>162.5</ele></trkpt>
   <trkpt lon="2.649021" lat="39.746366"><ele>164.25</ele></trkpt>
   <trkpt lon="2.649113" lat="39.746370"><ele>164.5</ele></trkpt>
   <trkpt lon="2.649188" lat="39.746365"><ele>165.25</ele></trkpt>
   <trkpt lon="2.649321" lat="39.746343"><ele>166.5</ele></trkpt>
   <trkpt lon="2.649430" lat="39.746305"><ele>168.25</ele></trkpt>
   <trkpt lon="2.649514" lat="39.746292"><ele>169.5</ele></trkpt>
   <trkpt lon="2.649546" lat="39.746295"><ele>169.75</ele></trkpt>
   <trkpt lon="2.649593" lat="39.746313"><ele>170.0</ele></trkpt>
   <trkpt lon="2.649641" lat="39.746361"><ele>169.75</ele></trkpt>
   <trkpt lon="2.649652" lat="39.746420"><ele>169.5</ele></trkpt>
   <trkpt lon="2.649654" lat="39.746518"><ele>169.75</ele></trkpt>
   <trkpt lon="2.649640" lat="39.746601"><ele>169.75</ele></trkpt>
   <trkpt lon="2.649596" lat="39.746662"><ele>169.5</ele></trkpt>
   <trkpt lon="2.649537" lat="39.746708"><ele>170.0</ele></trkpt>
   <trkpt lon="2.649484" lat="39.746737"><ele>170.25</ele></trkpt>
   <trkpt lon="2.649369" lat="39.746803"><ele>170.75</ele></trkpt>
   <trkpt lon="2.648893" lat="39.747075"><ele>172.75</ele></trkpt>
   <trkpt lon="2.648862" lat="39.747093"><ele>172.5</ele></trkpt>
   <trkpt lon="2.648732" lat="39.747184"><ele>172.5</ele></trkpt>
   <trkpt lon="2.648673" lat="39.747248"><ele>172.5</ele></trkpt>
   <trkpt lon="2.648624" lat="39.747316"><ele>172.25</ele></trkpt>
   <trkpt lon="2.648585" lat="39.747389"><ele>172.0</ele></trkpt>
   <trkpt lon="2.648564" lat="39.747486"><ele>172.5</ele></trkpt>
   <trkpt lon="2.648567" lat="39.747581"><ele>172.25</ele></trkpt>
   <trkpt lon="2.648588" lat="39.747658"><ele>172.75</ele></trkpt>
   <trkpt lon="2.648690" lat="39.747823"><ele>175.0</ele></trkpt>
   <trkpt lon="2.649021" lat="39.748293"><ele>177.5</ele></trkpt>
   <trkpt lon="2.649046" lat="39.748374"><ele>177.75</ele></trkpt>
   <trkpt lon="2.649047" lat="39.748398"><ele>177.75</ele></trkpt>
   <trkpt lon="2.649029" lat="39.748476"><ele>177.75</ele></trkpt>
   <trkpt lon="2.648985" lat="39.748541"><ele>177.25</ele></trkpt>
   <trkpt lon="2.648911" lat="39.748616"><ele>177.0</ele></trkpt>
   <trkpt lon="2.648896" lat="39.748633"><ele>177.0</ele></trkpt>
   <trkpt lon="2.648845" lat="39.748678"><ele>177.5</ele></trkpt>
   <trkpt lon="2.648688" lat="39.748802"><ele>177.5</ele></trkpt>
   <trkpt lon="2.648443" lat="39.749002"><ele>176.75</ele></trkpt>
   <trkpt lon="2.648411" lat="39.749085"><ele>175.75</ele></trkpt>
   <trkpt lon="2.648409" lat="39.749140"><ele>175.0</ele></trkpt>
   <trkpt lon="2.648433" lat="39.749445"><ele>171.5</ele></trkpt>
   <trkpt lon="2.648440" lat="39.749806"><ele>174.5</ele></trkpt>
   <trkpt lon="2.648416" lat="39.749876"><ele>175.75</ele></trkpt>
   <trkpt lon="2.648334" lat="39.749957"><ele>175.0</ele></trkpt>
   <trkpt lon="2.648055" lat="39.750178"><ele>172.25</ele></trkpt>
   <trkpt lon="2.647428" lat="39.750680"><ele>169.5</ele></trkpt>
   <trkpt lon="2.647366" lat="39.750750"><ele>169.0</ele></trkpt>
   <trkpt lon="2.647327" lat="39.750814"><ele>169.0</ele></trkpt>
   <trkpt lon="2.647299" lat="39.750876"><ele>168.5</ele></trkpt>
   <trkpt lon="2.647282" lat="39.750996"><ele>168.5</ele></trkpt>
   <trkpt lon="2.647272" lat="39.751095"><ele>168.75</ele></trkpt>
   <trkpt lon="2.647261" lat="39.751287"><ele>169.25</ele></trkpt>
   <trkpt lon="2.647225" lat="39.751491"><ele>169.25</ele></trkpt>
   <trkpt lon="2.647137" lat="39.751658"><ele>167.75</ele></trkpt>
   <trkpt lon="2.646880" lat="39.751937"><ele>168.25</ele></trkpt>
   <trkpt lon="2.646657" lat="39.752160"><ele>166.0</ele></trkpt>
   <trkpt lon="2.646632" lat="39.752219"><ele>166.0</ele></trkpt>
   <trkpt lon="2.646641" lat="39.752277"><ele>165.5</ele></trkpt>
   <trkpt lon="2.646672" lat="39.752322"><ele>165.5</ele></trkpt>
   <trkpt lon="2.646906" lat="39.752520"><ele>166.25</ele></trkpt>
   <trkpt lon="2.647186" lat="39.752769"><ele>165.75</ele></trkpt>
   <trkpt lon="2.647232" lat="39.752839"><ele>165.75</ele></trkpt>
   <trkpt lon="2.647231" lat="39.752913"><ele>165.5</ele></trkpt>
   <trkpt lon="2.647132" lat="39.753457"><ele>162.5</ele></trkpt>
   <trkpt lon="2.647136" lat="39.753602"><ele>161.5</ele></trkpt>
   <trkpt lon="2.647179" lat="39.753722"><ele>161.25</ele></trkpt>
   <trkpt lon="2.647241" lat="39.753819"><ele>161.5</ele></trkpt>
   <trkpt lon="2.647682" lat="39.754399"><ele>159.75</ele></trkpt>
   <trkpt lon="2.647877" lat="39.754648"><ele>159.5</ele></trkpt>
   <trkpt lon="2.647893" lat="39.754727"><ele>159.5</ele></trkpt>
   <trkpt lon="2.647858" lat="39.754800"><ele>160.0</ele></trkpt>
   <trkpt lon="2.647769" lat="39.754864"><ele>159.25</ele></trkpt>
   <trkpt lon="2.647689" lat="39.754924"><ele>159.0</ele></trkpt>
   <trkpt lon="2.647260" lat="39.755233"><ele>155.5</ele></trkpt>
   <trkpt lon="2.647215" lat="39.755292"><ele>155.75</ele></trkpt>
   <trkpt lon="2.647185" lat="39.755363"><ele>155.0</ele></trkpt>
   <trkpt lon="2.647119" lat="39.755653"><ele>154.75</ele></trkpt>
   <trkpt lon="2.647084" lat="39.755763"><ele>154.5</ele></trkpt>
   <trkpt lon="2.647046" lat="39.755820"><ele>153.75</ele></trkpt>
   <trkpt lon="2.646809" lat="39.756121"><ele>152.0</ele></trkpt>
   <trkpt lon="2.646766" lat="39.756224"><ele>151.5</ele></trkpt>
   <trkpt lon="2.646764" lat="39.756292"><ele>151.75</ele></trkpt>
   <trkpt lon="2.646776" lat="39.756369"><ele>152.5</ele></trkpt>
   <trkpt lon="2.646857" lat="39.756591"><ele>149.75</ele></trkpt>
   <trkpt lon="2.647274" lat="39.757706"><ele>144.5</ele><sym>pass_place</sym><type>Shaping</type></trkpt>
   <trkpt lon="2.647321" lat="39.757790"><ele>144.0</ele></trkpt>
   <trkpt lon="2.647404" lat="39.757870"><ele>143.25</ele></trkpt>
   <trkpt lon="2.647528" lat="39.757932"><ele>143.5</ele></trkpt>
   <trkpt lon="2.647623" lat="39.757954"><ele>143.0</ele></trkpt>
   <trkpt lon="2.647743" lat="39.757961"><ele>143.5</ele></trkpt>
   <trkpt lon="2.647831" lat="39.757945"><ele>143.0</ele></trkpt>
   <trkpt lon="2.647956" lat="39.757902"><ele>142.25</ele><sym>right_slight</sym></trkpt>
   <trkpt lon="2.648304" lat="39.757637"><ele>143.0</ele></trkpt>
   <trkpt lon="2.648405" lat="39.757586"><ele>144.0</ele></trkpt>
   <trkpt lon="2.648523" lat="39.757577"><ele>144.0</ele></trkpt>
   <trkpt lon="2.648919" lat="39.757695"><ele>141.0</ele></trkpt>
   <trkpt lon="2.649330" lat="39.757817"><ele>139.75</ele></trkpt>
   <trkpt lon="2.649562" lat="39.757892"><ele>138.0</ele></trkpt>
   <trkpt lon="2.649604" lat="39.757897"><ele>138.0</ele></trkpt>
   <trkpt lon="2.649802" lat="39.757924"><ele>137.0</ele></trkpt>
   <trkpt lon="2.649974" lat="39.757918"><ele>137.75</ele></trkpt>
   <trkpt lon="2.650184" lat="39.757887"><ele>140.25</ele></trkpt>
   <trkpt lon="2.650264" lat="39.757883"><ele>140.5</ele></trkpt>
   <trkpt lon="2.650327" lat="39.757899"><ele>140.5</ele></trkpt>
   <trkpt lon="2.650376" lat="39.757934"><ele>140.0</ele></trkpt>
   <trkpt lon="2.650417" lat="39.757974"><ele>139.75</ele></trkpt>
   <trkpt lon="2.650437" lat="39.758024"><ele>139.0</ele></trkpt>
   <trkpt lon="2.650428" lat="39.758143"><ele>138.5</ele></trkpt>
   <trkpt lon="2.650397" lat="39.758243"><ele>138.5</ele></trkpt>
   <trkpt lon="2.650344" lat="39.758362"><ele>138.0</ele></trkpt>
   <trkpt lon="2.650298" lat="39.758417"><ele>138.0</ele></trkpt>
   <trkpt lon="2.650127" lat="39.758593"><ele>136.75</ele></trkpt>
   <trkpt lon="2.650070" lat="39.758663"><ele>135.75</ele></trkpt>
   <trkpt lon="2.650042" lat="39.758727"><ele>135.5</ele></trkpt>
   <trkpt lon="2.650037" lat="39.758765"><ele>135.75</ele></trkpt>
   <trkpt lon="2.650052" lat="39.758797"><ele>136.25</ele></trkpt>
   <trkpt lon="2.650123" lat="39.758867"><ele>137.5</ele></trkpt>
   <trkpt lon="2.650287" lat="39.758989"><ele>137.75</ele></trkpt>
   <trkpt lon="2.650370" lat="39.759080"><ele>138.25</ele></trkpt>
   <trkpt lon="2.650440" lat="39.759253"><ele>137.75</ele></trkpt>
   <trkpt lon="2.650450" lat="39.759327"><ele>137.0</ele></trkpt>
   <trkpt lon="2.650433" lat="39.759439"><ele>135.0</ele></trkpt>
   <trkpt lon="2.650422" lat="39.759599"><ele>135.0</ele></trkpt>
   <trkpt lon="2.650430" lat="39.759692"><ele>135.5</ele></trkpt>
   <trkpt lon="2.650555" lat="39.759983"><ele>136.0</ele></trkpt>
   <trkpt lon="2.650607" lat="39.760146"><ele>136.25</ele></trkpt>
   <trkpt lon="2.650651" lat="39.760273"><ele>136.5</ele></trkpt>
   <trkpt lon="2.650685" lat="39.760375"><ele>136.25</ele></trkpt>
   <trkpt lon="2.650732" lat="39.760477"><ele>136.25</ele></trkpt>
   <trkpt lon="2.650739" lat="39.760529"><ele>135.75</ele></trkpt>
   <trkpt lon="2.650714" lat="39.760600"><ele>135.5</ele></trkpt>
   <trkpt lon="2.650640" lat="39.760675"><ele>135.25</ele></trkpt>
   <trkpt lon="2.650436" lat="39.760839"><ele>134.0</ele></trkpt>
   <trkpt lon="2.650390" lat="39.760912"><ele>132.75</ele></trkpt>
   <trkpt lon="2.650385" lat="39.760975"><ele>132.25</ele></trkpt>
   <trkpt lon="2.650406" lat="39.761028"><ele>132.0</ele></trkpt>
   <trkpt lon="2.650491" lat="39.761105"><ele>132.25</ele></trkpt>
   <trkpt lon="2.650677" lat="39.761175"><ele>132.25</ele></trkpt>
   <trkpt lon="2.650793" lat="39.761218"><ele>132.25</ele></trkpt>
   <trkpt lon="2.651440" lat="39.761449"><ele>130.5</ele></trkpt>
   <trkpt lon="2.651557" lat="39.761509"><ele>130.5</ele></trkpt>
   <trkpt lon="2.651632" lat="39.761578"><ele>129.75</ele></trkpt>
   <trkpt lon="2.651708" lat="39.761669"><ele>128.5</ele></trkpt>
   <trkpt lon="2.651868" lat="39.761856"><ele>126.75</ele></trkpt>
   <trkpt lon="2.651938" lat="39.761922"><ele>126.25</ele></trkpt>
   <trkpt lon="2.652009" lat="39.761960"><ele>126.0</ele></trkpt>
   <trkpt lon="2.652183" lat="39.762033"><ele>125.75</ele></trkpt>
   <trkpt lon="2.652245" lat="39.762077"><ele>125.5</ele></trkpt>
   <trkpt lon="2.652298" lat="39.762148"><ele>124.75</ele></trkpt>
   <trkpt lon="2.652353" lat="39.762296"><ele>122.25</ele></trkpt>
   <trkpt lon="2.652427" lat="39.762380"><ele>122.0</ele></trkpt>
   <trkpt lon="2.652580" lat="39.762508"><ele>121.25</ele></trkpt>
   <trkpt lon="2.652639" lat="39.762569"><ele>121.25</ele></trkpt>
   <trkpt lon="2.652694" lat="39.762667"><ele>121.25</ele></trkpt>
   <trkpt lon="2.652715" lat="39.762734"><ele>121.25</ele></trkpt>
   <trkpt lon="2.652729" lat="39.762825"><ele>120.0</ele></trkpt>
   <trkpt lon="2.652768" lat="39.762904"><ele>119.25</ele></trkpt>
   <trkpt lon="2.652839" lat="39.762995"><ele>118.75</ele></trkpt>
   <trkpt lon="2.653300" lat="39.763464"><ele>115.25</ele></trkpt>
   <trkpt lon="2.653448" lat="39.763560"><ele>114.75</ele></trkpt>
   <trkpt lon="2.653575" lat="39.763619"><ele>115.5</ele></trkpt>
   <trkpt lon="2.653772" lat="39.763671"><ele>114.5</ele></trkpt>
   <trkpt lon="2.653983" lat="39.763700"><ele>114.75</ele></trkpt>
   <trkpt lon="2.654228" lat="39.763755"><ele>114.75</ele></trkpt>
   <trkpt lon="2.654370" lat="39.763817"><ele>114.75</ele></trkpt>
   <trkpt lon="2.654460" lat="39.763871"><ele>114.0</ele></trkpt>
   <trkpt lon="2.654542" lat="39.763938"><ele>114.25</ele></trkpt>
   <trkpt lon="2.654786" lat="39.764306"><ele>115.5</ele></trkpt>
   <trkpt lon="2.655117" lat="39.764656"><ele>118.75</ele></trkpt>
   <trkpt lon="2.655283" lat="39.764937"><ele>118.5</ele></trkpt>
   <trkpt lon="2.655361" lat="39.765039"><ele>118.5</ele></trkpt>
   <trkpt lon="2.655457" lat="39.765137"><ele>119.25</ele></trkpt>
   <trkpt lon="2.655648" lat="39.765284"><ele>120.75</ele></trkpt>
   <trkpt lon="2.655890" lat="39.765564"><ele>121.25</ele></trkpt>
   <trkpt lon="2.656030" lat="39.765641"><ele>120.75</ele></trkpt>
   <trkpt lon="2.656208" lat="39.765697"><ele>122.5</ele></trkpt>
   <trkpt lon="2.656326" lat="39.765741"><ele>124.25</ele></trkpt>
   <trkpt lon="2.656365" lat="39.765780"><ele>124.5</ele></trkpt>
   <trkpt lon="2.656466" lat="39.765849"><ele>124.0</ele></trkpt>
   <trkpt lon="2.656582" lat="39.765913"><ele>122.75</ele></trkpt>
   <trkpt lon="2.656735" lat="39.765952"><ele>124.0</ele></trkpt>
   <trkpt lon="2.656890" lat="39.765977"><ele>126.5</ele></trkpt>
   <trkpt lon="2.657046" lat="39.766052"><ele>128.25</ele></trkpt>
   <trkpt lon="2.657158" lat="39.766164"><ele>127.25</ele></trkpt>
   <trkpt lon="2.657334" lat="39.766299"><ele>127.25</ele></trkpt>
   <trkpt lon="2.657526" lat="39.766369"><ele>128.5</ele></trkpt>
   <trkpt lon="2.657727" lat="39.766391"><ele>128.5</ele></trkpt>
   <trkpt lon="2.657851" lat="39.766369"><ele>129.25</ele></trkpt>
   <trkpt lon="2.658074" lat="39.766314"><ele>131.0</ele></trkpt>
   <trkpt lon="2.658188" lat="39.766308"><ele>132.25</ele></trkpt>
   <trkpt lon="2.658311" lat="39.766317"><ele>133.0</ele></trkpt>
   <trkpt lon="2.658408" lat="39.766353"><ele>133.75</ele></trkpt>
   <trkpt lon="2.658541" lat="39.766438"><ele>134.25</ele></trkpt>
   <trkpt lon="2.658675" lat="39.766530"><ele>134.25</ele></trkpt>
   <trkpt lon="2.658887" lat="39.766608"><ele>135.25</ele></trkpt>
   <trkpt lon="2.659091" lat="39.766661"><ele>136.75</ele></trkpt>
   <trkpt lon="2.659326" lat="39.766768"><ele>137.5</ele></trkpt>
   <trkpt lon="2.659607" lat="39.766848"><ele>139.0</ele></trkpt>
   <trkpt lon="2.660117" lat="39.766934"><ele>141.0</ele><sym>pass_place</sym><type>Shaping</type></trkpt>
   <trkpt lon="2.660120" lat="39.766935"><ele>141.0</ele></trkpt>
   <trkpt lon="2.660406" lat="39.767008"><ele>142.25</ele></trkpt>
   <trkpt lon="2.660661" lat="39.767088"><ele>143.75</ele></trkpt>
   <trkpt lon="2.660744" lat="39.767140"><ele>143.75</ele></trkpt>
   <trkpt lon="2.660792" lat="39.767191"><ele>143.0</ele></trkpt>
   <trkpt lon="2.660886" lat="39.767313"><ele>143.5</ele></trkpt>
   <trkpt lon="2.660988" lat="39.767556"><ele>143.5</ele></trkpt>
   <trkpt lon="2.661051" lat="39.767647"><ele>143.25</ele></trkpt>
   <trkpt lon="2.661128" lat="39.767729"><ele>143.75</ele></trkpt>
   <trkpt lon="2.661283" lat="39.767842"><ele>146.0</ele></trkpt>
   <trkpt lon="2.661355" lat="39.767917"><ele>146.75</ele></trkpt>
   <trkpt lon="2.661407" lat="39.768001"><ele>146.75</ele></trkpt>
   <trkpt lon="2.661494" lat="39.768242"><ele>147.25</ele></trkpt>
   <trkpt lon="2.661611" lat="39.768405"><ele>147.5</ele></trkpt>
   <trkpt lon="2.661775" lat="39.768534"><ele>147.75</ele></trkpt>
   <trkpt lon="2.661868" lat="39.768577"><ele>147.75</ele></trkpt>
   <trkpt lon="2.661989" lat="39.768602"><ele>148.5</ele></trkpt>
   <trkpt lon="2.662344" lat="39.768611"><ele>150.25</ele></trkpt>
   <trkpt lon="2.662560" lat="39.768608"><ele>151.5</ele></trkpt>
   <trkpt lon="2.662689" lat="39.768628"><ele>152.0</ele></trkpt>
   <trkpt lon="2.662791" lat="39.768665"><ele>152.25</ele></trkpt>
   <trkpt lon="2.663032" lat="39.768791"><ele>153.5</ele></trkpt>
   <trkpt lon="2.663218" lat="39.768954"><ele>154.75</ele></trkpt>
   <trkpt lon="2.663288" lat="39.769045"><ele>155.25</ele></trkpt>
   <trkpt lon="2.663331" lat="39.769162"><ele>154.75</ele></trkpt>
   <trkpt lon="2.663338" lat="39.769296"><ele>155.5</ele></trkpt>
   <trkpt lon="2.663326" lat="39.769432"><ele>155.5</ele></trkpt>
   <trkpt lon="2.663359" lat="39.769559"><ele>154.25</ele></trkpt>
   <trkpt lon="2.663459" lat="39.769663"><ele>155.75</ele></trkpt>
   <trkpt lon="2.663650" lat="39.769832"><ele>158.75</ele></trkpt>
   <trkpt lon="2.663704" lat="39.769925"><ele>158.5</ele></trkpt>
   <trkpt lon="2.663745" lat="39.770024"><ele>157.5</ele></trkpt>
   <trkpt lon="2.663813" lat="39.770152"><ele>156.5</ele></trkpt>
   <trkpt lon="2.663962" lat="39.770304"><ele>158.25</ele></trkpt>
   <trkpt lon="2.664152" lat="39.770456"><ele>160.5</ele></trkpt>
   <trkpt lon="2.664451" lat="39.770905"><ele>158.5</ele></trkpt>
   <trkpt lon="2.664552" lat="39.770970"><ele>157.5</ele></trkpt>
   <trkpt lon="2.664831" lat="39.771009"><ele>160.75</ele></trkpt>
   <trkpt lon="2.665363" lat="39.771068"><ele>161.25</ele></trkpt>
   <trkpt lon="2.665740" lat="39.771045"><ele>162.5</ele></trkpt>
   <trkpt lon="2.666081" lat="39.771010"><ele>161.0</ele></trkpt>
   <trkpt lon="2.666389" lat="39.770963"><ele>160.0</ele></trkpt>
   <trkpt lon="2.666489" lat="39.770929"><ele>160.75</ele></trkpt>
   <trkpt lon="2.666581" lat="39.770880"><ele>162.0</ele></trkpt>
   <trkpt lon="2.666690" lat="39.770767"><ele>164.0</ele></trkpt>
   <trkpt lon="2.666847" lat="39.770559"><ele>165.0</ele></trkpt>
   <trkpt lon="2.666954" lat="39.770446"><ele>165.75</ele></trkpt>
   <trkpt lon="2.667072" lat="39.770345"><ele>166.75</ele></trkpt>
   <trkpt lon="2.667187" lat="39.770266"><ele>167.0</ele></trkpt>
   <trkpt lon="2.667304" lat="39.770210"><ele>168.0</ele></trkpt>
   <trkpt lon="2.667421" lat="39.770183"><ele>168.5</ele></trkpt>
   <trkpt lon="2.667538" lat="39.770191"><ele>168.25</ele></trkpt>
   <trkpt lon="2.667767" lat="39.770246"><ele>168.25</ele></trkpt>
   <trkpt lon="2.667908" lat="39.770297"><ele>169.5</ele></trkpt>
   <trkpt lon="2.667967" lat="39.770338"><ele>171.0</ele></trkpt>
   <trkpt lon="2.667979" lat="39.770395"><ele>171.5</ele></trkpt>
   <trkpt lon="2.667885" lat="39.770612"><ele>167.25</ele></trkpt>
   <trkpt lon="2.667859" lat="39.770699"><ele>167.0</ele></trkpt>
   <trkpt lon="2.667863" lat="39.770763"><ele>168.0</ele></trkpt>
   <trkpt lon="2.667923" lat="39.770852"><ele>169.5</ele></trkpt>
   <trkpt lon="2.668252" lat="39.771141"><ele>173.0</ele></trkpt>
   <trkpt lon="2.668286" lat="39.771195"><ele>173.75</ele></trkpt>
   <trkpt lon="2.668310" lat="39.771470"><ele>173.25</ele></trkpt>
   <trkpt lon="2.668328" lat="39.771571"><ele>174.25</ele></trkpt>
   <trkpt lon="2.668374" lat="39.771665"><ele>176.0</ele></trkpt>
   <trkpt lon="2.668774" lat="39.772159"><ele>178.75</ele></trkpt>
   <trkpt lon="2.668927" lat="39.772317"><ele>179.25</ele></trkpt>
   <trkpt lon="2.669222" lat="39.772574"><ele>180.25</ele></trkpt>
   <trkpt lon="2.669631" lat="39.772894"><ele>182.25</ele></trkpt>
   <trkpt lon="2.669754" lat="39.773197"><ele>182.75</ele></trkpt>
   <trkpt lon="2.669829" lat="39.773297"><ele>183.5</ele></trkpt>
   <trkpt lon="2.669953" lat="39.773373"><ele>185.25</ele></trkpt>
   <trkpt lon="2.670257" lat="39.773474"><ele>187.0</ele></trkpt>
   <trkpt lon="2.670375" lat="39.773496"><ele>187.5</ele></trkpt>
   <trkpt lon="2.670574" lat="39.773497"><ele>189.5</ele></trkpt>
   <trkpt lon="2.670693" lat="39.773506"><ele>191.25</ele></trkpt>
   <trkpt lon="2.670800" lat="39.773541"><ele>190.75</ele></trkpt>
   <trkpt lon="2.671000" lat="39.773631"><ele>190.75</ele></trkpt>
   <trkpt lon="2.671136" lat="39.773708"><ele>190.75</ele></trkpt>
   <trkpt lon="2.671223" lat="39.773731"><ele>190.75</ele></trkpt>
   <trkpt lon="2.671534" lat="39.773738"><ele>194.5</ele></trkpt>
   <trkpt lon="2.671599" lat="39.773752"><ele>194.5</ele></trkpt>
   <trkpt lon="2.671809" lat="39.773868"><ele>193.25</ele></trkpt>
   <trkpt lon="2.671958" lat="39.773936"><ele>194.75</ele></trkpt>
   <trkpt lon="2.672087" lat="39.773965"><ele>195.25</ele></trkpt>
   <trkpt lon="2.672782" lat="39.774073"><ele>198.0</ele></trkpt>
   <trkpt lon="2.672885" lat="39.774104"><ele>199.75</ele></trkpt>
   <trkpt lon="2.672932" lat="39.774143"><ele>199.5</ele></trkpt>
   <trkpt lon="2.673030" lat="39.774252"><ele>198.75</ele></trkpt>
   <trkpt lon="2.673107" lat="39.774324"><ele>198.25</ele></trkpt>
   <trkpt lon="2.673203" lat="39.774380"><ele>198.5</ele></trkpt>
   <trkpt lon="2.673331" lat="39.774417"><ele>199.75</ele></trkpt>
   <trkpt lon="2.673501" lat="39.774450"><ele>201.0</ele></trkpt>
   <trkpt lon="2.673758" lat="39.774481"><ele>201.75</ele></trkpt>
   <trkpt lon="2.673978" lat="39.774488"><ele>202.75</ele></trkpt>
   <trkpt lon="2.674212" lat="39.774485"><ele>204.0</ele></trkpt>
   <trkpt lon="2.674309" lat="39.774468"><ele>204.25</ele></trkpt>
   <trkpt lon="2.674414" lat="39.774430"><ele>205.5</ele></trkpt>
   <trkpt lon="2.674657" lat="39.774312"><ele>207.5</ele><sym>pass_place</sym><type>Shaping</type></trkpt>
   <trkpt lon="2.674738" lat="39.774292"><ele>207.5</ele></trkpt>
   <trkpt lon="2.674842" lat="39.774278"><ele>208.0</ele></trkpt>
   <trkpt lon="2.675033" lat="39.774271"><ele>208.5</ele></trkpt>
   <trkpt lon="2.675170" lat="39.774256"><ele>209.25</ele></trkpt>
   <trkpt lon="2.675665" lat="39.774155"><ele>212.5</ele></trkpt>
   <trkpt lon="2.675820" lat="39.774140"><ele>213.25</ele></trkpt>
   <trkpt lon="2.675935" lat="39.774150"><ele>213.75</ele></trkpt>
   <trkpt lon="2.676008" lat="39.774179"><ele>213.75</ele></trkpt>
   <trkpt lon="2.676060" lat="39.774233"><ele>214.0</ele></trkpt>
   <trkpt lon="2.676092" lat="39.774315"><ele>214.0</ele></trkpt>
   <trkpt lon="2.676091" lat="39.774443"><ele>213.5</ele></trkpt>
   <trkpt lon="2.676101" lat="39.774582"><ele>213.25</ele></trkpt>
   <trkpt lon="2.676132" lat="39.774626"><ele>213.5</ele></trkpt>
   <trkpt lon="2.676180" lat="39.774648"><ele>214.25</ele></trkpt>
   <trkpt lon="2.676248" lat="39.774647"><ele>215.25</ele><sym>right_slight</sym></trkpt>
   <trkpt lon="2.676289" lat="39.774622"><ele>216.0</ele></trkpt>
   <trkpt lon="2.676308" lat="39.774573"><ele>217.0</ele></trkpt>
   <trkpt lon="2.676307" lat="39.774420"><ele>218.75</ele></trkpt>
   <trkpt lon="2.676327" lat="39.774207"><ele>219.5</ele></trkpt>
   <trkpt lon="2.676339" lat="39.774148"><ele>220.0</ele></trkpt>
   <trkpt lon="2.676378" lat="39.774056"><ele>220.75</ele></trkpt>
   <trkpt lon="2.676546" lat="39.773764"><ele>224.25</ele></trkpt>
   <trkpt lon="2.676564" lat="39.773704"><ele>224.5</ele></trkpt>
   <trkpt lon="2.676574" lat="39.773542"><ele>224.25</ele></trkpt>
   <trkpt lon="2.676650" lat="39.772492"><ele>221.0</ele></trkpt>
   <trkpt lon="2.676676" lat="39.772442"><ele>222.0</ele></trkpt>
   <trkpt lon="2.676733" lat="39.772402"><ele>222.5</ele></trkpt>
   <trkpt lon="2.676963" lat="39.772353"><ele>220.75</ele></trkpt>
   <trkpt lon="2.677064" lat="39.772353"><ele>220.75</ele></trkpt>
   <trkpt lon="2.677376" lat="39.772473"><ele>216.75</ele></trkpt>
   <trkpt lon="2.677605" lat="39.772524"><ele>215.0</ele></trkpt>
   <trkpt lon="2.678081" lat="39.772532"><ele>214.5</ele></trkpt>
   <trkpt lon="2.679014" lat="39.772692"><ele>208.25</ele></trkpt>
   <trkpt lon="2.679211" lat="39.772701"><ele>208.0</ele></trkpt>
   <trkpt lon="2.679698" lat="39.772702"><ele>207.5</ele></trkpt>
   <trkpt lon="2.679825" lat="39.772702"><ele>208.5</ele></trkpt>
   <trkpt lon="2.679911" lat="39.772721"><ele>208.75</ele></trkpt>
   <trkpt lon="2.679981" lat="39.772779"><ele>207.5</ele></trkpt>
   <trkpt lon="2.680034" lat="39.772887"><ele>206.0</ele></trkpt>
   <trkpt lon="2.680074" lat="39.772988"><ele>204.25</ele></trkpt>
   <trkpt lon="2.680137" lat="39.773069"><ele>203.0</ele></trkpt>
   <trkpt lon="2.680238" lat="39.773124"><ele>202.5</ele></trkpt>
   <trkpt lon="2.680342" lat="39.773135"><ele>202.5</ele></trkpt>
   <trkpt lon="2.680577" lat="39.773110"><ele>202.25</ele></trkpt>
   <trkpt lon="2.680682" lat="39.773105"><ele>202.5</ele></trkpt>
   <trkpt lon="2.680784" lat="39.773137"><ele>201.75</ele></trkpt>
   <trkpt lon="2.680884" lat="39.773214"><ele>200.5</ele></trkpt>
   <trkpt lon="2.680956" lat="39.773270"><ele>199.75</ele></trkpt>
   <trkpt lon="2.681042" lat="39.773302"><ele>199.5</ele></trkpt>
   <trkpt lon="2.681167" lat="39.773303"><ele>199.25</ele></trkpt>
   <trkpt lon="2.681484" lat="39.773265"><ele>197.75</ele></trkpt>
   <trkpt lon="2.681823" lat="39.773269"><ele>197.5</ele></trkpt>
   <trkpt lon="2.682169" lat="39.773370"><ele>194.75</ele></trkpt>
   <trkpt lon="2.683036" lat="39.773483"><ele>191.5</ele></trkpt>
   <trkpt lon="2.683158" lat="39.773499"><ele>191.5</ele></trkpt>
   <trkpt lon="2.683314" lat="39.773555"><ele>190.75</ele><sym>left_slight</sym></trkpt>
   <trkpt lon="2.683421" lat="39.773756"><ele>188.0</ele></trkpt>
   <trkpt lon="2.683486" lat="39.773829"><ele>187.75</ele></trkpt>
   <trkpt lon="2.683745" lat="39.773985"><ele>184.75</ele></trkpt>
   <trkpt lon="2.683859" lat="39.774013"><ele>184.75</ele></trkpt>
   <trkpt lon="2.684012" lat="39.774013"><ele>185.0</ele></trkpt>
   <trkpt lon="2.684381" lat="39.773970"><ele>184.5</ele></trkpt>
   <trkpt lon="2.684630" lat="39.773957"><ele>183.75</ele></trkpt>
   <trkpt lon="2.684999" lat="39.773981"><ele>184.0</ele></trkpt>
   <trkpt lon="2.685156" lat="39.774035"><ele>183.25</ele></trkpt>
   <trkpt lon="2.685407" lat="39.774269"><ele>179.25</ele></trkpt>
   <trkpt lon="2.685507" lat="39.774332"><ele>178.0</ele></trkpt>
   <trkpt lon="2.685590" lat="39.774353"><ele>177.75</ele></trkpt>
   <trkpt lon="2.685655" lat="39.774349"><ele>177.25</ele></trkpt>
   <trkpt lon="2.685734" lat="39.774318"><ele>177.25</ele></trkpt>
   <trkpt lon="2.685780" lat="39.774256"><ele>177.5</ele></trkpt>
   <trkpt lon="2.685857" lat="39.774060"><ele>178.0</ele></trkpt>
   <trkpt lon="2.685912" lat="39.774019"><ele>177.25</ele></trkpt>
   <trkpt lon="2.685979" lat="39.774014"><ele>175.5</ele></trkpt>
   <trkpt lon="2.686055" lat="39.774041"><ele>173.5</ele></trkpt>
   <trkpt lon="2.686082" lat="39.774104"><ele>172.75</ele></trkpt>
   <trkpt lon="2.686004" lat="39.774538"><ele>170.25</ele></trkpt>
   <trkpt lon="2.685977" lat="39.774574"><ele>169.75</ele></trkpt>
   <trkpt lon="2.685918" lat="39.774600"><ele>169.75</ele></trkpt>
   <trkpt lon="2.685846" lat="39.774600"><ele>170.75</ele></trkpt>
   <trkpt lon="2.685509" lat="39.774515"><ele>171.75</ele></trkpt>
   <trkpt lon="2.685401" lat="39.774516"><ele>171.0</ele></trkpt>
   <trkpt lon="2.685261" lat="39.774550"><ele>169.25</ele></trkpt>
   <trkpt lon="2.685135" lat="39.774614"><ele>168.0</ele></trkpt>
   <trkpt lon="2.684992" lat="39.774646"><ele>167.75</ele></trkpt>
   <trkpt lon="2.684371" lat="39.774647"><ele>166.25</ele></trkpt>
   <trkpt lon="2.684063" lat="39.774604"><ele>164.0</ele></trkpt>
   <trkpt lon="2.683887" lat="39.774556"><ele>163.5</ele></trkpt>
   <trkpt lon="2.683734" lat="39.774434"><ele>164.0</ele></trkpt>
   <trkpt lon="2.683657" lat="39.774400"><ele>164.25</ele></trkpt>
   <trkpt lon="2.683598" lat="39.774409"><ele>163.25</ele></trkpt>
   <trkpt lon="2.683549" lat="39.774449"><ele>161.75</ele><sym>right</sym></trkpt>
   <trkpt lon="2.683546" lat="39.774515"><ele>160.25</ele></trkpt>
   <trkpt lon="2.683690" lat="39.774633"><ele>159.5</ele></trkpt>
   <trkpt lon="2.683895" lat="39.774725"><ele>159.75</ele></trkpt>
   <trkpt lon="2.684135" lat="39.774798"><ele>158.0</ele></trkpt>
   <trkpt lon="2.684472" lat="39.774944"><ele>157.5</ele></trkpt>
   <trkpt lon="2.684621" lat="39.774966"><ele>156.5</ele></trkpt>
   <trkpt lon="2.685368" lat="39.774994"><ele>153.0</ele><sym>pass_place</sym><type>Shaping</type></trkpt>
   <trkpt lon="2.685371" lat="39.774995"><ele>153.0</ele></trkpt>
   <trkpt lon="2.685539" lat="39.775023"><ele>152.25</ele></trkpt>
   <trkpt lon="2.685932" lat="39.775185"><ele>150.5</ele></trkpt>
   <trkpt lon="2.686340" lat="39.775472"><ele>147.5</ele></trkpt>
   <trkpt lon="2.686425" lat="39.775503"><ele>147.0</ele></trkpt>
   <trkpt lon="2.686498" lat="39.775505"><ele>146.0</ele></trkpt>
   <trkpt lon="2.686598" lat="39.775483"><ele>145.25</ele></trkpt>
   <trkpt lon="2.686729" lat="39.775422"><ele>145.25</ele></trkpt>
   <trkpt lon="2.686828" lat="39.775376"><ele>144.75</ele></trkpt>
   <trkpt lon="2.686891" lat="39.775332"><ele>144.5</ele></trkpt>
   <trkpt lon="2.686940" lat="39.775273"><ele>145.0</ele></trkpt>
   <trkpt lon="2.686993" lat="39.774992"><ele>141.75</ele></trkpt>
   <trkpt lon="2.687034" lat="39.774843"><ele>141.75</ele></trkpt>
   <trkpt lon="2.687074" lat="39.774757"><ele>141.0</ele></trkpt>
   <trkpt lon="2.687124" lat="39.774650"><ele>140.25</ele></trkpt>
   <trkpt lon="2.687288" lat="39.774372"><ele>138.5</ele></trkpt>
   <trkpt lon="2.687383" lat="39.774246"><ele>137.5</ele></trkpt>
   <trkpt lon="2.687489" lat="39.774162"><ele>136.25</ele></trkpt>
   <trkpt lon="2.687561" lat="39.774138"><ele>135.5</ele></trkpt>
   <trkpt lon="2.687657" lat="39.774122"><ele>134.5</ele></trkpt>
   <trkpt lon="2.687770" lat="39.774129"><ele>133.0</ele></trkpt>
   <trkpt lon="2.687862" lat="39.774148"><ele>133.0</ele></trkpt>
   <trkpt lon="2.688001" lat="39.774223"><ele>130.75</ele></trkpt>
   <trkpt lon="2.688133" lat="39.774317"><ele>129.0</ele></trkpt>
   <trkpt lon="2.688278" lat="39.774388"><ele>128.5</ele></trkpt>
   <trkpt lon="2.688372" lat="39.774416"><ele>128.25</ele></trkpt>
   <trkpt lon="2.688509" lat="39.774426"><ele>127.75</ele></trkpt>
   <trkpt lon="2.688794" lat="39.774376"><ele>127.5</ele></trkpt>
   <trkpt lon="2.689006" lat="39.774355"><ele>126.75</ele></trkpt>
   <trkpt lon="2.689159" lat="39.774373"><ele>125.0</ele></trkpt>
   <trkpt lon="2.689376" lat="39.774429"><ele>124.25</ele></trkpt>
   <trkpt lon="2.689562" lat="39.774493"><ele>123.75</ele></trkpt>
   <trkpt lon="2.689676" lat="39.774533"><ele>124.0</ele></trkpt>
   <trkpt lon="2.689962" lat="39.774677"><ele>122.0</ele></trkpt>
   <trkpt lon="2.690094" lat="39.774766"><ele>121.0</ele></trkpt>
   <trkpt lon="2.690165" lat="39.774834"><ele>120.25</ele></trkpt>
   <trkpt lon="2.690255" lat="39.774919"><ele>120.0</ele></trkpt>
   <trkpt lon="2.690437" lat="39.775259"><ele>118.75</ele></trkpt>
   <trkpt lon="2.690568" lat="39.775459"><ele>116.75</ele></trkpt>
   <trkpt lon="2.690669" lat="39.775562"><ele>115.5</ele></trkpt>
   <trkpt lon="2.690775" lat="39.775629"><ele>114.5</ele></trkpt>
   <trkpt lon="2.690936" lat="39.775675"><ele>113.0</ele></trkpt>
   <trkpt lon="2.691059" lat="39.775710"><ele>111.5</ele></trkpt>
   <trkpt lon="2.691267" lat="39.775722"><ele>110.5</ele></trkpt>
   <trkpt lon="2.691445" lat="39.775699"><ele>110.0</ele></trkpt>
   <trkpt lon="2.691594" lat="39.775650"><ele>108.0</ele></trkpt>
   <trkpt lon="2.691743" lat="39.775545"><ele>107.0</ele></trkpt>
   <trkpt lon="2.692157" lat="39.775099"><ele>105.0</ele></trkpt>
   <trkpt lon="2.692263" lat="39.774917"><ele>104.0</ele></trkpt>
   <trkpt lon="2.692319" lat="39.774738"><ele>102.25</ele></trkpt>
   <trkpt lon="2.692321" lat="39.774348"><ele>100.75</ele></trkpt>
   <trkpt lon="2.692355" lat="39.774262"><ele>99.75</ele></trkpt>
   <trkpt lon="2.692416" lat="39.774177"><ele>98.75</ele></trkpt>
   <trkpt lon="2.692512" lat="39.774089"><ele>101.0</ele></trkpt>
   <trkpt lon="2.692698" lat="39.774009"><ele>99.0</ele></trkpt>
   <trkpt lon="2.692904" lat="39.773943"><ele>95.75</ele></trkpt>
   <trkpt lon="2.693121" lat="39.773929"><ele>92.75</ele></trkpt>
   <trkpt lon="2.693253" lat="39.773939"><ele>92.25</ele></trkpt>
   <trkpt lon="2.693353" lat="39.773956"><ele>92.0</ele><sym>stay_right</sym></trkpt>
   <trkpt lon="2.693419" lat="39.773990"><ele>93.0</ele></trkpt>
   <trkpt lon="2.693470" lat="39.774028"><ele>93.0</ele></trkpt>
   <trkpt lon="2.693676" lat="39.774270"><ele>90.75</ele></trkpt>
   <trkpt lon="2.693853" lat="39.774423"><ele>89.25</ele></trkpt>
   <trkpt lon="2.694037" lat="39.774517"><ele>88.5</ele></trkpt>
   <trkpt lon="2.694435" lat="39.774700"><ele>86.75</ele></trkpt>
   <trkpt lon="2.694519" lat="39.774757"><ele>87.0</ele></trkpt>
   <trkpt lon="2.694578" lat="39.774818"><ele>86.75</ele></trkpt>
   <trkpt lon="2.694776" lat="39.775101"><ele>83.75</ele></trkpt>
   <trkpt lon="2.694866" lat="39.775229"><ele>82.25</ele></trkpt>
   <trkpt lon="2.694957" lat="39.775294"><ele>81.5</ele></trkpt>
   <trkpt lon="2.695048" lat="39.775345"><ele>80.0</ele></trkpt>
   <trkpt lon="2.695180" lat="39.775384"><ele>78.75</ele></trkpt>
   <trkpt lon="2.695341" lat="39.775404"><ele>78.75</ele></trkpt>
   <trkpt lon="2.695514" lat="39.775387"><ele>80.25</ele></trkpt>
   <trkpt lon="2.695620" lat="39.775362"><ele>80.25</ele></trkpt>
   <trkpt lon="2.695778" lat="39.775275"><ele>80.0</ele></trkpt>
   <trkpt lon="2.695888" lat="39.775162"><ele>78.75</ele></trkpt>
   <trkpt lon="2.695952" lat="39.775042"><ele>78.25</ele></trkpt>
   <trkpt lon="2.695999" lat="39.774867"><ele>78.0</ele></trkpt>
   <trkpt lon="2.696047" lat="39.774758"><ele>77.25</ele></trkpt>
   <trkpt lon="2.696118" lat="39.774688"><ele>77.25</ele></trkpt>
   <trkpt lon="2.696187" lat="39.774661"><ele>77.75</ele></trkpt>
   <trkpt lon="2.696266" lat="39.774649"><ele>77.75</ele></trkpt>
   <trkpt lon="2.696729" lat="39.774674"><ele>74.75</ele></trkpt>
   <trkpt lon="2.697065" lat="39.774659"><ele>72.0</ele></trkpt>
   <trkpt lon="2.697231" lat="39.774628"><ele>71.0</ele></trkpt>
   <trkpt lon="2.697298" lat="39.774615"><ele>71.25</ele></trkpt>
   <trkpt lon="2.697660" lat="39.774548"><ele>70.5</ele></trkpt>
   <trkpt lon="2.697936" lat="39.774461"><ele>68.75</ele></trkpt>
   <trkpt lon="2.698067" lat="39.774416"><ele>68.5</ele></trkpt>
   <trkpt lon="2.698453" lat="39.774256"><ele>70.0</ele></trkpt>
   <trkpt lon="2.698577" lat="39.774244"><ele>68.25</ele></trkpt>
   <trkpt lon="2.698691" lat="39.774311"><ele>65.75</ele></trkpt>
   <trkpt lon="2.698727" lat="39.774390"><ele>64.25</ele></trkpt>
   <trkpt lon="2.698713" lat="39.774460"><ele>63.25</ele></trkpt>
   <trkpt lon="2.698648" lat="39.774518"><ele>62.25</ele></trkpt>
   <trkpt lon="2.697823" lat="39.774831"><ele>61.25</ele></trkpt>
   <trkpt lon="2.697441" lat="39.774882"><ele>63.0</ele></trkpt>
   <trkpt lon="2.697199" lat="39.774882"><ele>62.75</ele></trkpt>
   <trkpt lon="2.697090" lat="39.774914"><ele>62.5</ele></trkpt>
   <trkpt lon="2.697039" lat="39.774976"><ele>60.25</ele></trkpt>
   <trkpt lon="2.697036" lat="39.775042"><ele>58.5</ele></trkpt>
   <trkpt lon="2.697068" lat="39.775106"><ele>57.25</ele></trkpt>
   <trkpt lon="2.697110" lat="39.775132"><ele>57.0</ele></trkpt>
   <trkpt lon="2.697182" lat="39.775143"><ele>56.75</ele></trkpt>
   <trkpt lon="2.697419" lat="39.775127"><ele>54.25</ele><sym>pass_place</sym><type>Shaping</type></trkpt>
   <trkpt lon="2.697421" lat="39.775127"><ele>54.25</ele></trkpt>
   <trkpt lon="2.697845" lat="39.775046"><ele>53.75</ele></trkpt>
   <trkpt lon="2.698541" lat="39.774834"><ele>53.75</ele></trkpt>
   <trkpt lon="2.698970" lat="39.774658"><ele>52.25</ele></trkpt>
   <trkpt lon="2.699259" lat="39.774504"><ele>50.25</ele></trkpt>
   <trkpt lon="2.699551" lat="39.774324"><ele>46.5</ele></trkpt>
   <trkpt lon="2.701263" lat="39.773118"><ele>36.0</ele></trkpt>
   <trkpt lon="2.701847" lat="39.772382"><ele>32.75</ele></trkpt>
   <trkpt lon="2.701889" lat="39.772335"><ele>32.25</ele></trkpt>
   <trkpt lon="2.701942" lat="39.772261"><ele>31.75</ele></trkpt>
   <trkpt lon="2.702021" lat="39.772176"><ele>31.0</ele></trkpt>
   <trkpt lon="2.702183" lat="39.772073"><ele>29.75</ele></trkpt>
   <trkpt lon="2.702803" lat="39.771816"><ele>30.5</ele></trkpt>
   <trkpt lon="2.703008" lat="39.771743"><ele>30.5</ele></trkpt>
   <trkpt lon="2.703814" lat="39.771423"><ele>29.75</ele></trkpt>
   <trkpt lon="2.704291" lat="39.771234"><ele>28.75</ele></trkpt>
   <trkpt lon="2.704717" lat="39.771057"><ele>28.0</ele></trkpt>
   <trkpt lon="2.704909" lat="39.770977"><ele>28.0</ele></trkpt>
   <trkpt lon="2.705329" lat="39.770821"><ele>26.75</ele></trkpt>
   <trkpt lon="2.705529" lat="39.770735"><ele>26.75</ele></trkpt>
   <trkpt lon="2.705572" lat="39.770725"><ele>26.5</ele><sym>right_slight</sym></trkpt>
   <trkpt lon="2.705583" lat="39.770702"><ele>26.75</ele></trkpt>
   <trkpt lon="2.706200" lat="39.770175"><ele>29.5</ele></trkpt>
   <trkpt lon="2.706463" lat="39.769958"><ele>29.5</ele></trkpt>
   <trkpt lon="2.706724" lat="39.769769"><ele>28.25</ele><sym>right_slight</sym></trkpt>
   <trkpt lon="2.707180" lat="39.768645"><ele>30.0</ele></trkpt>
   <trkpt lon="2.707507" lat="39.767828"><ele>31.75</ele></trkpt>
   <trkpt lon="2.707828" lat="39.767027"><ele>34.25</ele></trkpt>
   <trkpt lon="2.707819" lat="39.766967"><ele>34.75</ele></trkpt>
   <trkpt lon="2.707814" lat="39.766901"><ele>35.0</ele></trkpt>
   <trkpt lon="2.707809" lat="39.766829"><ele>35.25</ele><sym>roundabout_e2</sym></trkpt>
   <trkpt lon="2.707782" lat="39.766804"><ele>35.25</ele></trkpt>
   <trkpt lon="2.707767" lat="39.766767"><ele>35.5</ele></trkpt>
   <trkpt lon="2.707768" lat="39.766741"><ele>35.75</ele></trkpt>
   <trkpt lon="2.707788" lat="39.766705"><ele>35.75</ele></trkpt>
   <trkpt lon="2.707819" lat="39.766681"><ele>35.75</ele></trkpt>
   <trkpt lon="2.707853" lat="39.766669"><ele>35.75</ele></trkpt>
   <trkpt lon="2.707898" lat="39.766665"><ele>36.0</ele></trkpt>
   <trkpt lon="2.707930" lat="39.766671"><ele>35.75</ele></trkpt>
   <trkpt lon="2.707966" lat="39.766687"><ele>35.75</ele></trkpt>
   <trkpt lon="2.707982" lat="39.766701"><ele>35.75</ele></trkpt>
   <trkpt lon="2.708004" lat="39.766735"><ele>35.5</ele></trkpt>
   <trkpt lon="2.708047" lat="39.766763"><ele>35.25</ele></trkpt>
   <trkpt lon="2.708113" lat="39.766806"><ele>34.5</ele></trkpt>
   <trkpt lon="2.708548" lat="39.766981"><ele>32.0</ele></trkpt>
   <trkpt lon="2.708936" lat="39.767131"><ele>30.0</ele></trkpt>
   <trkpt lon="2.709343" lat="39.767304"><ele>28.25</ele></trkpt>
   <trkpt lon="2.709659" lat="39.767432"><ele>27.25</ele></trkpt>
   <trkpt lon="2.709879" lat="39.767523"><ele>26.75</ele></trkpt>
   <trkpt lon="2.710296" lat="39.767705"><ele>26.75</ele></trkpt>
   <trkpt lon="2.710452" lat="39.767773"><ele>27.0</ele></trkpt>
   <trkpt lon="2.710957" lat="39.767992"><ele>26.75</ele></trkpt>
   <trkpt lon="2.710996" lat="39.768009"><ele>26.75</ele></trkpt>
   <trkpt lon="2.711252" lat="39.768121"><ele>26.75</ele></trkpt>
   <trkpt lon="2.711366" lat="39.768170"><ele>26.75</ele><sym>roundabout_e1</sym></trkpt>
   <trkpt lon="2.711384" lat="39.768154"><ele>26.75</ele></trkpt>
   <trkpt lon="2.711434" lat="39.768135"><ele>27.0</ele></trkpt>
   <trkpt lon="2.711489" lat="39.768141"><ele>27.0</ele></trkpt>
   <trkpt lon="2.711539" lat="39.768073"><ele>26.75</ele></trkpt>
   <trkpt lon="2.712789" lat="39.766367"><ele>33.0</ele></trkpt>
   <trkpt lon="2.712953" lat="39.766144"><ele>33.75</ele></trkpt>
   <trkpt lon="2.713023" lat="39.765980"><ele>34.75</ele><sym>left</sym></trkpt>
   <trkpt lon="2.713079" lat="39.765980"><ele>34.75</ele></trkpt>
   <trkpt lon="2.713481" lat="39.765979"><ele>35.0</ele></trkpt>
   <trkpt lon="2.713720" lat="39.766101"><ele>35.0</ele></trkpt>
   <trkpt lon="2.713868" lat="39.766204"><ele>34.5</ele></trkpt>
   <trkpt lon="2.713927" lat="39.766244"><ele>34.5</ele></trkpt>
   <trkpt lon="2.714190" lat="39.766353"><ele>34.0</ele></trkpt>
   <trkpt lon="2.714609" lat="39.766471"><ele>33.5</ele></trkpt>
   <trkpt lon="2.714695" lat="39.766505"><ele>33.0</ele><sym>right</sym></trkpt>
   <trkpt lon="2.714731" lat="39.766486"><ele>33.25</ele></trkpt>
   <trkpt lon="2.714782" lat="39.766443"><ele>33.5</ele></trkpt>
   <trkpt lon="2.714824" lat="39.766373"><ele>34.0</ele></trkpt>
   <trkpt lon="2.714825" lat="39.766186"><ele>34.0</ele><sym>left</sym></trkpt>
   <trkpt lon="2.715059" lat="39.766199"><ele>34.75</ele><sym>pass_place</sym><type>Via</type></trkpt>
  </trkseg>
 </trk>
</gpx>
