<?xml version="1.0" encoding="UTF-8"?>
<!-- track-length = 95719 filtered ascend = 1615 plain-ascend = 1 cost=181565 energy=.6kwh time=6h 42m 45s -->
<gpx 
 xmlns="http://www.topografix.com/GPX/1/1" 
 xmlns:xsi="http://www.w3.org/2001/XMLSchema-instance" 
 xsi:schemaLocation="http://www.topografix.com/GPX/1/1 http://www.topografix.com/GPX/1/1/gpx.xsd" 
 creator="BRouter-1.7.9" version="1.1"><wpt lat="39.76031" lon="2.71268"><name>Drinking water</name><sym>Drinking Water</sym></wpt><wpt lat="39.76472" lon="2.71612"><name>Drinking water</name><sym>Drinking Water</sym></wpt><wpt lat="39.765" lon="2.71729"><name>Drinking water</name><sym>Drinking Water</sym></wpt><wpt lat="39.76564" lon="2.71905"><name>Drinking water</name><sym>Drinking Water</sym></wpt><wpt lat="39.82227" lon="2.88397"><name>Sa Plaça</name><sym>Restaurant</sym></wpt><wpt lat="39.81632" lon="2.82431"><name>Els Arcs</name><sym>Restaurant</sym></wpt><wpt lat="39.77128" lon="2.9029"><name>Can Tomeu</name><sym>Restaurant</sym></wpt><wpt lat="39.76655" lon="2.71486"><name>Bini</name><sym>Restaurant</sym></wpt><wpt lat="39.82245" lon="2.8847"><name>Drinking water</name><sym>Drinking Water</sym></wpt><wpt lat="39.82272" lon="2.89168"><name>Drinking water</name><sym>Drinking Water</sym></wpt><wpt lat="39.77017" lon="2.90234"><name>S’Aturada</name><sym>Restaurant</sym></wpt><wpt lat="39.76657" lon="2.71538"><name>Sóller</name><sym>Restaurant</sym></wpt><wpt lat="39.71619" lon="2.69258"><name>Café</name><sym>Restaurant</sym></wpt><wpt lat="39.72117" lon="2.90773"><name>Drinking water</name><sym>Drinking Water</sym></wpt><wpt lat="39.6495" lon="2.77692"><name>Dit i Fet</name><sym>Restaurant</sym></wpt><wpt lat="39.6497" lon="2.77733"><name>Sa Plaça</name><sym>Restaurant</sym></wpt><wpt lat="39.76774" lon="2.71832"><name>Mayol</name><sym>Bike Trail</sym></wpt><wpt lat="39.76768" lon="2.7176"><name>Tramuntana Tours</name><sym>Bike Trail</sym></wpt><wpt lat="39.76789" lon="2.7184"><name>Tres Llunes</name><sym>Restaurant</sym></wpt><wpt lat="39.65109" lon="2.77276"><name>Cafè Comerç</name><sym>Restaurant</sym></wpt><wpt lat="39.65014" lon="2.77031"><name>Can Chus</name><sym>Restaurant</sym></wpt><wpt lat="39.76645" lon="2.71483"><name>Drinking water</name><sym>Drinking Water</sym></wpt><wpt lat="39.7676" lon="2.71586"><name>Drinking water</name><sym>Drinking Water</sym></wpt><wpt lat="39.76847" lon="2.72461"><name>Drinking water</name><sym>Drinking Water</sym></wpt><wpt lat="39.75614" lon="2.90436"><name>Xilvar</name><sym>Restaurant</sym></wpt><wpt lat="39.78228" lon="2.74089"><name>Depor</name><sym>Restaurant</sym></wpt><wpt lat="39.78242" lon="2.74096"><name>Drinking water</name><sym>Drinking Water</sym></wpt><wpt lat="39.71928" lon="2.90745"><name>Cristal</name><sym>Restaurant</sym></wpt><wpt lat="39.71871" lon="2.90919"><name>Café</name><sym>Restaurant</sym></wpt><wpt lat="39.71457" lon="2.91239"><name>Café</name><sym>Restaurant</sym></wpt><wpt lat="39.71551" lon="2.91093"><name>Mercantil</name><sym>Restaurant</sym></wpt><wpt lat="39.71978" lon="2.91016"><name>Drinking water</name><sym>Drinking Water</sym></wpt><wpt lat="39.72132" lon="2.91132"><name>Maties</name><sym>Restaurant</sym></wpt><wpt lat="39.78402" lon="2.74282"><name>Drinking water</name><sym>Drinking Water</sym></wpt><wpt lat="39.78227" lon="2.74083"><name>Ca&#x27;n Benet</name><sym>Restaurant</sym></wpt><wpt lat="39.72285" lon="2.90874"><name>Alfonso</name><sym>Restaurant</sym></wpt><wpt lat="39.69084" lon="2.70235"><name>Drinking water</name><sym>Drinking Water</sym></wpt><wpt lat="39.71809" lon="2.91136"><name>Sebastián</name><sym>Restaurant</sym></wpt><wpt lat="39.76519" lon="2.71518"><name>el Tren</name><sym>Restaurant</sym></wpt><wpt lat="39.7263" lon="2.9115"><name>So na monda</name><sym>Restaurant</sym></wpt>
 <trk>
  <src>brouter_fastbike-lowtraffic_0</src>
  <type>bike</type>
  <trkseg>
   <trkpt lon="2.715059" lat="39.766199"><ele>34.25</ele><sym>pass_place</sym><type>Via</type></trkpt>
   <trkpt lon="2.715216" lat="39.766209"><ele>34.75</ele><sym>stay_right</sym></trkpt>
   <trkpt lon="2.715271" lat="39.766215"><ele>34.75</ele></trkpt>
   <trkpt lon="2.715565" lat="39.766247"><ele>36.0</ele></trkpt>
   <trkpt lon="2.715694" lat="39.766268"><ele>37.0</ele></trkpt>
   <trkpt lon="2.715795" lat="39.766281"><ele>38.0</ele></trkpt>
   <trkpt lon="2.716259" lat="39.766378"><ele>38.0</ele></trkpt>
   <trkpt lon="2.716297" lat="39.766339"><ele>38.25</ele><sym>left</sym></trkpt>
   <trkpt lon="2.717188" lat="39.766677"><ele>37.75</ele></trkpt>
   <trkpt lon="2.717385" lat="39.766734"><ele>38.25</ele></trkpt>
   <trkpt lon="2.718051" lat="39.766938"><ele>38.0</ele></trkpt>
   <trkpt lon="2.718768" lat="39.767157"><ele>38.0</ele></trkpt>
   <trkpt lon="2.719301" lat="39.767311"><ele>37.25</ele></trkpt>
   <trkpt lon="2.719823" lat="39.767469"><ele>37.0</ele><sym>left</sym></trkpt>
   <trkpt lon="2.719741" lat="39.767866"><ele>34.25</ele><sym>right</sym></trkpt>
   <trkpt lon="2.721064" lat="39.768267"><ele>35.0</ele><sym>right_slight</sym></trkpt>
   <trkpt lon="2.721257" lat="39.768237"><ele>36.0</ele></trkpt>
   <trkpt lon="2.721391" lat="39.768293"><ele>37.0</ele></trkpt>
   <trkpt lon="2.721855" lat="39.768512"><ele>37.75</ele></trkpt>
   <trkpt lon="2.721973" lat="39.768534"><ele>37.75</ele><sym>right_slight</sym></trkpt>
   <trkpt lon="2.722255" lat="39.768458"><ele>38.0</ele></trkpt>
   <trkpt lon="2.723000" lat="39.768526"><ele>37.5</ele></trkpt>
   <trkpt lon="2.723788" lat="39.768462"><ele>40.0</ele></trkpt>
   <trkpt lon="2.723992" lat="39.768485"><ele>40.0</ele></trkpt>
   <trkpt lon="2.724079" lat="39.768507"><ele>40.0</ele><sym>left</sym></trkpt>
   <trkpt lon="2.724077" lat="39.768530"><ele>39.5</ele></trkpt>
   <trkpt lon="2.724066" lat="39.768618"><ele>38.25</ele></trkpt>
   <trkpt lon="2.724257" lat="39.768825"><ele>39.75</ele></trkpt>
   <trkpt lon="2.724355" lat="39.769595"><ele>41.5</ele><sym>right</sym></trkpt>
   <trkpt lon="2.724667" lat="39.769644"><ele>42.5</ele></trkpt>
   <trkpt lon="2.724720" lat="39.769661"><ele>42.75</ele></trkpt>
   <trkpt lon="2.724824" lat="39.769736"><ele>43.25</ele></trkpt>
   <trkpt lon="2.724893" lat="39.769812"><ele>43.25</ele></trkpt>
   <trkpt lon="2.724996" lat="39.770048"><ele>43.75</ele></trkpt>
   <trkpt lon="2.725067" lat="39.770264"><ele>44.0</ele></trkpt>
   <trkpt lon="2.725095" lat="39.770309"><ele>43.75</ele></trkpt>
   <trkpt lon="2.725142" lat="39.770353"><ele>43.75</ele></trkpt>
   <trkpt lon="2.725667" lat="39.770717"><ele>45.0</ele></trkpt>
   <trkpt lon="2.726058" lat="39.771133"><ele>45.75</ele></trkpt>
   <trkpt lon="2.726443" lat="39.771545"><ele>47.0</ele></trkpt>
   <trkpt lon="2.726681" lat="39.771736"><ele>48.0</ele></trkpt>
   <trkpt lon="2.726946" lat="39.771910"><ele>48.75</ele></trkpt>
   <trkpt lon="2.727238" lat="39.772149"><ele>49.0</ele></trkpt>
   <trkpt lon="2.727470" lat="39.772327"><ele>50.0</ele></trkpt>
   <trkpt lon="2.727601" lat="39.772422"><ele>50.0</ele></trkpt>
   <trkpt lon="2.727714" lat="39.772478"><ele>50.5</ele></trkpt>
   <trkpt lon="2.727839" lat="39.772515"><ele>51.0</ele></trkpt>
   <trkpt lon="2.727999" lat="39.772548"><ele>51.25</ele></trkpt>
   <trkpt lon="2.728336" lat="39.772580"><ele>52.0</ele></trkpt>
   <trkpt lon="2.728806" lat="39.772622"><ele>53.25</ele></trkpt>
   <trkpt lon="2.728862" lat="39.772635"><ele>53.25</ele></trkpt>
   <trkpt lon="2.728903" lat="39.772662"><ele>53.25</ele></trkpt>
   <trkpt lon="2.729146" lat="39.772958"><ele>54.75</ele></trkpt>
   <trkpt lon="2.729324" lat="39.773213"><ele>55.75</ele></trkpt>
   <trkpt lon="2.729362" lat="39.773473"><ele>56.75</ele></trkpt>
   <trkpt lon="2.729383" lat="39.773531"><ele>57.25</ele></trkpt>
   <trkpt lon="2.729431" lat="39.773563"><ele>57.5</ele></trkpt>
   <trkpt lon="2.730112" lat="39.773692"><ele>58.0</ele></trkpt>
   <trkpt lon="2.730596" lat="39.773722"><ele>59.0</ele></trkpt>
   <trkpt lon="2.730775" lat="39.773711"><ele>59.75</ele></trkpt>
   <trkpt lon="2.730905" lat="39.773735"><ele>60.0</ele></trkpt>
   <trkpt lon="2.731256" lat="39.773834"><ele>60.75</ele><sym>pass_place</sym><type>Shaping</type></trkpt>
   <trkpt lon="2.731779" lat="39.774031"><ele>62.75</ele></trkpt>
   <trkpt lon="2.731828" lat="39.774045"><ele>62.75</ele></trkpt>
   <trkpt lon="2.732215" lat="39.774095"><ele>63.25</ele></trkpt>
   <trkpt lon="2.732482" lat="39.774148"><ele>64.0</ele></trkpt>
   <trkpt lon="2.732616" lat="39.774179"><ele>65.25</ele></trkpt>
   <trkpt lon="2.732877" lat="39.774258"><ele>66.75</ele></trkpt>
   <trkpt lon="2.733014" lat="39.774317"><ele>66.25</ele></trkpt>
   <trkpt lon="2.733495" lat="39.774468"><ele>68.5</ele></trkpt>
   <trkpt lon="2.733867" lat="39.774594"><ele>68.75</ele></trkpt>
   <trkpt lon="2.733979" lat="39.774638"><ele>69.25</ele></trkpt>
   <trkpt lon="2.734576" lat="39.774966"><ele>72.75</ele></trkpt>
   <trkpt lon="2.734715" lat="39.775047"><ele>73.5</ele></trkpt>
   <trkpt lon="2.734784" lat="39.775095"><ele>73.5</ele></trkpt>
   <trkpt lon="2.734929" lat="39.775280"><ele>74.0</ele></trkpt>
   <trkpt lon="2.734954" lat="39.775323"><ele>74.5</ele></trkpt>
   <trkpt lon="2.734978" lat="39.775390"><ele>75.25</ele></trkpt>
   <trkpt lon="2.735012" lat="39.775426"><ele>75.5</ele></trkpt>
   <trkpt lon="2.735066" lat="39.775453"><ele>75.5</ele></trkpt>
   <trkpt lon="2.735211" lat="39.775503"><ele>75.25</ele></trkpt>
   <trkpt lon="2.735435" lat="39.775569"><ele>75.5</ele></trkpt>
   <trkpt lon="2.735869" lat="39.775720"><ele>77.5</ele></trkpt>
   <trkpt lon="2.735904" lat="39.775730"><ele>77.75</ele></trkpt>
   <trkpt lon="2.736092" lat="39.775756"><ele>79.25</ele></trkpt>
   <trkpt lon="2.736188" lat="39.775811"><ele>80.0</ele></trkpt>
   <trkpt lon="2.736370" lat="39.775959"><ele>80.5</ele></trkpt>
   <trkpt lon="2.736452" lat="39.776005"><ele>80.75</ele></trkpt>
   <trkpt lon="2.736819" lat="39.776154"><ele>84.25</ele></trkpt>
   <trkpt lon="2.737131" lat="39.776303"><ele>84.5</ele></trkpt>
   <trkpt lon="2.737218" lat="39.776354"><ele>85.25</ele></trkpt>
   <trkpt lon="2.737347" lat="39.776460"><ele>87.0</ele></trkpt>
   <trkpt lon="2.737400" lat="39.776519"><ele>87.25</ele></trkpt>
   <trkpt lon="2.737528" lat="39.776694"><ele>87.0</ele></trkpt>
   <trkpt lon="2.737596" lat="39.776765"><ele>87.25</ele></trkpt>
   <trkpt lon="2.737708" lat="39.776857"><ele>88.75</ele></trkpt>
   <trkpt lon="2.737920" lat="39.777049"><ele>91.75</ele></trkpt>
   <trkpt lon="2.737992" lat="39.777104"><ele>92.25</ele></trkpt>
   <trkpt lon="2.738125" lat="39.777176"><ele>93.5</ele></trkpt>
   <trkpt lon="2.738306" lat="39.777413"><ele>95.75</ele></trkpt>
   <trkpt lon="2.738348" lat="39.777518"><ele>96.0</ele></trkpt>
   <trkpt lon="2.738390" lat="39.777701"><ele>95.5</ele></trkpt>
   <trkpt lon="2.738512" lat="39.777914"><ele>96.25</ele></trkpt>
   <trkpt lon="2.738575" lat="39.778021"><ele>95.5</ele></trkpt>
   <trkpt lon="2.738648" lat="39.778085"><ele>95.5</ele></trkpt>
   <trkpt lon="2.738795" lat="39.778187"><ele>96.75</ele></trkpt>
   <trkpt lon="2.738832" lat="39.778231"><ele>96.75</ele></trkpt>
   <trkpt lon="2.738867" lat="39.778296"><ele>97.0</ele></trkpt>
   <trkpt lon="2.738898" lat="39.778400"><ele>97.5</ele></trkpt>
   <trkpt lon="2.738915" lat="39.778500"><ele>98.25</ele></trkpt>
   <trkpt lon="2.738956" lat="39.778605"><ele>98.5</ele></trkpt>
   <trkpt lon="2.738990" lat="39.778647"><ele>99.0</ele></trkpt>
   <trkpt lon="2.739205" lat="39.778843"><ele>101.0</ele></trkpt>
   <trkpt lon="2.739224" lat="39.778875"><ele>101.5</ele></trkpt>
   <trkpt lon="2.739238" lat="39.778923"><ele>101.75</ele></trkpt>
   <trkpt lon="2.739241" lat="39.778977"><ele>102.25</ele></trkpt>
   <trkpt lon="2.739233" lat="39.779037"><ele>102.5</ele></trkpt>
   <trkpt lon="2.739142" lat="39.779253"><ele>103.5</ele></trkpt>
   <trkpt lon="2.739117" lat="39.779366"><ele>104.5</ele></trkpt>
   <trkpt lon="2.739128" lat="39.779443"><ele>105.0</ele></trkpt>
   <trkpt lon="2.739147" lat="39.779500"><ele>105.5</ele></trkpt>
   <trkpt lon="2.739176" lat="39.779557"><ele>106.0</ele></trkpt>
   <trkpt lon="2.739220" lat="39.779610"><ele>106.5</ele></trkpt>
   <trkpt lon="2.739305" lat="39.779674"><ele>106.75</ele></trkpt>
   <trkpt lon="2.739404" lat="39.779730"><ele>107.25</ele></trkpt>
   <trkpt lon="2.739538" lat="39.779793"><ele>107.75</ele></trkpt>
   <trkpt lon="2.739711" lat="39.779870"><ele>108.5</ele></trkpt>
   <trkpt lon="2.739847" lat="39.779950"><ele>110.25</ele></trkpt>
   <trkpt lon="2.739886" lat="39.779990"><ele>110.75</ele></trkpt>
   <trkpt lon="2.739918" lat="39.780044"><ele>111.25</ele></trkpt>
   <trkpt lon="2.739922" lat="39.780081"><ele>111.75</ele></trkpt>
   <trkpt lon="2.739915" lat="39.780145"><ele>112.25</ele></trkpt>
   <trkpt lon="2.739860" lat="39.780237"><ele>113.0</ele></trkpt>
   <trkpt lon="2.739798" lat="39.780288"><ele>113.5</ele></trkpt>
   <trkpt lon="2.739743" lat="39.780314"><ele>113.75</ele></trkpt>
   <trkpt lon="2.739689" lat="39.780323"><ele>114.25</ele></trkpt>
   <trkpt lon="2.739623" lat="39.780323"><ele>114.75</ele></trkpt>
   <trkpt lon="2.739525" lat="39.780307"><ele>115.0</ele></trkpt>
   <trkpt lon="2.739433" lat="39.780278"><ele>115.0</ele></trkpt>
   <trkpt lon="2.739353" lat="39.780244"><ele>115.0</ele></trkpt>
   <trkpt lon="2.739281" lat="39.780228"><ele>115.25</ele></trkpt>
   <trkpt lon="2.739224" lat="39.780223"><ele>115.75</ele></trkpt>
   <trkpt lon="2.739053" lat="39.780232"><ele>117.0</ele></trkpt>
   <trkpt lon="2.738980" lat="39.780230"><ele>117.5</ele></trkpt>
   <trkpt lon="2.738913" lat="39.780219"><ele>117.75</ele></trkpt>
   <trkpt lon="2.738574" lat="39.780093"><ele>117.5</ele></trkpt>
   <trkpt lon="2.738465" lat="39.780080"><ele>118.75</ele></trkpt>
   <trkpt lon="2.738403" lat="39.780085"><ele>119.75</ele></trkpt>
   <trkpt lon="2.738358" lat="39.780103"><ele>120.75</ele></trkpt>
   <trkpt lon="2.738329" lat="39.780123"><ele>121.25</ele></trkpt>
   <trkpt lon="2.738309" lat="39.780155"><ele>122.25</ele></trkpt>
   <trkpt lon="2.738309" lat="39.780186"><ele>122.5</ele></trkpt>
   <trkpt lon="2.738337" lat="39.780237"><ele>122.5</ele></trkpt>
   <trkpt lon="2.738362" lat="39.780263"><ele>122.5</ele></trkpt>
   <trkpt lon="2.738672" lat="39.780561"><ele>126.0</ele></trkpt>
   <trkpt lon="2.738731" lat="39.780657"><ele>127.0</ele></trkpt>
   <trkpt lon="2.738753" lat="39.780706"><ele>127.5</ele></trkpt>
   <trkpt lon="2.738797" lat="39.780753"><ele>128.0</ele></trkpt>
   <trkpt lon="2.738825" lat="39.780771"><ele>128.0</ele></trkpt>
   <trkpt lon="2.738872" lat="39.780787"><ele>128.0</ele></trkpt>
   <trkpt lon="2.739030" lat="39.780817"><ele>128.5</ele></trkpt>
   <trkpt lon="2.739219" lat="39.780850"><ele>129.0</ele></trkpt>
   <trkpt lon="2.739279" lat="39.780864"><ele>128.75</ele></trkpt>
   <trkpt lon="2.739317" lat="39.780881"><ele>128.75</ele></trkpt>
   <trkpt lon="2.739351" lat="39.780912"><ele>129.25</ele></trkpt>
   <trkpt lon="2.739392" lat="39.780973"><ele>130.0</ele></trkpt>
   <trkpt lon="2.739422" lat="39.781090"><ele>131.75</ele></trkpt>
   <trkpt lon="2.739441" lat="39.781123"><ele>132.25</ele></trkpt>
   <trkpt lon="2.739491" lat="39.781159"><ele>133.0</ele></trkpt>
   <trkpt lon="2.739617" lat="39.781232"><ele>135.0</ele></trkpt>
   <trkpt lon="2.739706" lat="39.781275"><ele>136.25</ele></trkpt>
   <trkpt lon="2.739821" lat="39.781312"><ele>136.5</ele></trkpt>
   <trkpt lon="2.740142" lat="39.781406"><ele>137.25</ele></trkpt>
   <trkpt lon="2.740186" lat="39.781417"><ele>137.5</ele></trkpt>
   <trkpt lon="2.740237" lat="39.781420"><ele>137.25</ele></trkpt>
   <trkpt lon="2.740446" lat="39.781392"><ele>137.0</ele></trkpt>
   <trkpt lon="2.740506" lat="39.781396"><ele>137.0</ele></trkpt>
   <trkpt lon="2.740577" lat="39.781420"><ele>137.25</ele></trkpt>
   <trkpt lon="2.740673" lat="39.781511"><ele>138.75</ele></trkpt>
   <trkpt lon="2.740748" lat="39.781587"><ele>140.0</ele></trkpt>
   <trkpt lon="2.740831" lat="39.781687"><ele>142.0</ele></trkpt>
   <trkpt lon="2.740882" lat="39.781777"><ele>141.75</ele></trkpt>
   <trkpt lon="2.740927" lat="39.781886"><ele>142.25</ele></trkpt>
   <trkpt lon="2.740932" lat="39.781938"><ele>143.0</ele></trkpt>
   <trkpt lon="2.740948" lat="39.782266"><ele>146.0</ele></trkpt>
   <trkpt lon="2.740955" lat="39.782314"><ele>146.5</ele></trkpt>
   <trkpt lon="2.740976" lat="39.782341"><ele>146.75</ele></trkpt>
   <trkpt lon="2.741007" lat="39.782359"><ele>146.5</ele></trkpt>
   <trkpt lon="2.741070" lat="39.782382"><ele>146.5</ele></trkpt>
   <trkpt lon="2.741227" lat="39.782416"><ele>146.0</ele></trkpt>
   <trkpt lon="2.741311" lat="39.782435"><ele>146.0</ele></trkpt>
   <trkpt lon="2.741438" lat="39.782487"><ele>145.75</ele></trkpt>
   <trkpt lon="2.741489" lat="39.782517"><ele>145.5</ele></trkpt>
   <trkpt lon="2.741529" lat="39.782552"><ele>145.5</ele></trkpt>
   <trkpt lon="2.741597" lat="39.782649"><ele>146.0</ele></trkpt>
   <trkpt lon="2.741622" lat="39.782730"><ele>147.0</ele></trkpt>
   <trkpt lon="2.741695" lat="39.782972"><ele>148.0</ele></trkpt>
   <trkpt lon="2.741710" lat="39.783011"><ele>148.25</ele></trkpt>
   <trkpt lon="2.741796" lat="39.783203"><ele>150.0</ele></trkpt>
   <trkpt lon="2.741830" lat="39.783266"><ele>150.5</ele></trkpt>
   <trkpt lon="2.741953" lat="39.783380"><ele>151.5</ele></trkpt>
   <trkpt lon="2.741998" lat="39.783419"><ele>151.5</ele></trkpt>
   <trkpt lon="2.742789" lat="39.783895"><ele>158.0</ele></trkpt>
   <trkpt lon="2.742792" lat="39.783896"><ele>157.75</ele><sym>pass_place</sym><type>Shaping</type></trkpt>
   <trkpt lon="2.743033" lat="39.784044"><ele>157.75</ele></trkpt>
   <trkpt lon="2.743278" lat="39.784193"><ele>161.0</ele></trkpt>
   <trkpt lon="2.743628" lat="39.784429"><ele>164.25</ele></trkpt>
   <trkpt lon="2.743764" lat="39.784502"><ele>165.75</ele></trkpt>
   <trkpt lon="2.743906" lat="39.784551"><ele>165.5</ele></trkpt>
   <trkpt lon="2.744043" lat="39.784589"><ele>166.0</ele></trkpt>
   <trkpt lon="2.744121" lat="39.784610"><ele>166.25</ele></trkpt>
   <trkpt lon="2.744373" lat="39.784669"><ele>167.5</ele></trkpt>
   <trkpt lon="2.744711" lat="39.784768"><ele>169.5</ele></trkpt>
   <trkpt lon="2.745047" lat="39.784858"><ele>172.0</ele></trkpt>
   <trkpt lon="2.745194" lat="39.784917"><ele>173.25</ele></trkpt>
   <trkpt lon="2.745237" lat="39.784952"><ele>174.25</ele></trkpt>
   <trkpt lon="2.745266" lat="39.784999"><ele>175.75</ele></trkpt>
   <trkpt lon="2.745271" lat="39.785104"><ele>177.25</ele></trkpt>
   <trkpt lon="2.745252" lat="39.785173"><ele>178.25</ele></trkpt>
   <trkpt lon="2.745194" lat="39.785235"><ele>179.0</ele></trkpt>
   <trkpt lon="2.745114" lat="39.785293"><ele>179.5</ele></trkpt>
   <trkpt lon="2.744989" lat="39.785312"><ele>179.75</ele></trkpt>
   <trkpt lon="2.744930" lat="39.785310"><ele>180.0</ele></trkpt>
   <trkpt lon="2.744839" lat="39.785306"><ele>180.25</ele></trkpt>
   <trkpt lon="2.744169" lat="39.785207"><ele>181.75</ele></trkpt>
   <trkpt lon="2.743775" lat="39.785141"><ele>183.0</ele></trkpt>
   <trkpt lon="2.743654" lat="39.785104"><ele>184.0</ele></trkpt>
   <trkpt lon="2.743600" lat="39.785073"><ele>184.5</ele></trkpt>
   <trkpt lon="2.743562" lat="39.785036"><ele>184.5</ele></trkpt>
   <trkpt lon="2.743423" lat="39.784785"><ele>185.75</ele></trkpt>
   <trkpt lon="2.743360" lat="39.784716"><ele>187.5</ele></trkpt>
   <trkpt lon="2.743215" lat="39.784623"><ele>186.75</ele></trkpt>
   <trkpt lon="2.742845" lat="39.784511"><ele>191.25</ele></trkpt>
   <trkpt lon="2.742690" lat="39.784497"><ele>193.0</ele></trkpt>
   <trkpt lon="2.742378" lat="39.784518"><ele>194.5</ele></trkpt>
   <trkpt lon="2.742177" lat="39.784547"><ele>195.0</ele></trkpt>
   <trkpt lon="2.742086" lat="39.784574"><ele>195.25</ele></trkpt>
   <trkpt lon="2.741983" lat="39.784627"><ele>196.75</ele></trkpt>
   <trkpt lon="2.741822" lat="39.784764"><ele>198.75</ele></trkpt>
   <trkpt lon="2.740746" lat="39.785867"><ele>216.75</ele></trkpt>
   <trkpt lon="2.740695" lat="39.785903"><ele>218.25</ele></trkpt>
   <trkpt lon="2.740626" lat="39.785939"><ele>219.25</ele></trkpt>
   <trkpt lon="2.740561" lat="39.785955"><ele>219.25</ele></trkpt>
   <trkpt lon="2.740462" lat="39.785953"><ele>219.25</ele></trkpt>
   <trkpt lon="2.740391" lat="39.785934"><ele>218.75</ele></trkpt>
   <trkpt lon="2.740184" lat="39.785837"><ele>219.25</ele></trkpt>
   <trkpt lon="2.739914" lat="39.785700"><ele>221.5</ele></trkpt>
   <trkpt lon="2.739730" lat="39.785605"><ele>222.5</ele></trkpt>
   <trkpt lon="2.739124" lat="39.785294"><ele>226.75</ele></trkpt>
   <trkpt lon="2.739041" lat="39.785236"><ele>228.0</ele></trkpt>
   <trkpt lon="2.738955" lat="39.785142"><ele>228.5</ele></trkpt>
   <trkpt lon="2.738613" lat="39.784672"><ele>230.5</ele></trkpt>
   <trkpt lon="2.738532" lat="39.784575"><ele>231.25</ele></trkpt>
   <trkpt lon="2.738483" lat="39.784542"><ele>231.75</ele></trkpt>
   <trkpt lon="2.738417" lat="39.784510"><ele>232.0</ele></trkpt>
   <trkpt lon="2.738301" lat="39.784490"><ele>232.5</ele></trkpt>
   <trkpt lon="2.738210" lat="39.784486"><ele>233.0</ele></trkpt>
   <trkpt lon="2.737782" lat="39.784493"><ele>234.75</ele></trkpt>
   <trkpt lon="2.736416" lat="39.784534"><ele>239.5</ele></trkpt>
   <trkpt lon="2.736233" lat="39.784526"><ele>240.5</ele></trkpt>
   <trkpt lon="2.735534" lat="39.784341"><ele>244.5</ele></trkpt>
   <trkpt lon="2.735423" lat="39.784316"><ele>245.5</ele></trkpt>
   <trkpt lon="2.735326" lat="39.784302"><ele>246.5</ele></trkpt>
   <trkpt lon="2.735262" lat="39.784296"><ele>247.0</ele></trkpt>
   <trkpt lon="2.735196" lat="39.784300"><ele>246.75</ele></trkpt>
   <trkpt lon="2.735025" lat="39.784339"><ele>246.5</ele></trkpt>
   <trkpt lon="2.734852" lat="39.784374"><ele>247.25</ele></trkpt>
   <trkpt lon="2.734766" lat="39.784381"><ele>247.25</ele></trkpt>
   <trkpt lon="2.734642" lat="39.784360"><ele>247.25</ele></trkpt>
   <trkpt lon="2.734557" lat="39.784333"><ele>247.5</ele></trkpt>
   <trkpt lon="2.734441" lat="39.784271"><ele>247.75</ele></trkpt>
   <trkpt lon="2.733539" lat="39.783754"><ele>255.0</ele></trkpt>
   <trkpt lon="2.733498" lat="39.783731"><ele>255.0</ele></trkpt>
   <trkpt lon="2.733298" lat="39.783628"><ele>255.25</ele></trkpt>
   <trkpt lon="2.733199" lat="39.783604"><ele>255.25</ele></trkpt>
   <trkpt lon="2.733114" lat="39.783600"><ele>255.5</ele></trkpt>
   <trkpt lon="2.733030" lat="39.783609"><ele>255.75</ele></trkpt>
   <trkpt lon="2.732959" lat="39.783628"><ele>255.25</ele></trkpt>
   <trkpt lon="2.732874" lat="39.783682"><ele>255.25</ele></trkpt>
   <trkpt lon="2.732831" lat="39.783729"><ele>255.75</ele><sym>right_slight</sym></trkpt>
   <trkpt lon="2.732799" lat="39.783852"><ele>257.25</ele><sym>right_slight</sym></trkpt>
   <trkpt lon="2.732843" lat="39.783953"><ele>258.5</ele></trkpt>
   <trkpt lon="2.732881" lat="39.784004"><ele>259.25</ele></trkpt>
   <trkpt lon="2.732937" lat="39.784061"><ele>260.25</ele><sym>right_slight</sym></trkpt>
   <trkpt lon="2.733401" lat="39.784188"><ele>263.25</ele></trkpt>
   <trkpt lon="2.733530" lat="39.784242"><ele>264.25</ele></trkpt>
   <trkpt lon="2.733648" lat="39.784302"><ele>264.75</ele></trkpt>
   <trkpt lon="2.733722" lat="39.784350"><ele>264.75</ele></trkpt>
   <trkpt lon="2.733776" lat="39.784392"><ele>265.0</ele></trkpt>
   <trkpt lon="2.733849" lat="39.784476"><ele>266.25</ele></trkpt>
   <trkpt lon="2.733929" lat="39.784587"><ele>268.0</ele></trkpt>
   <trkpt lon="2.734039" lat="39.784802"><ele>269.0</ele></trkpt>
   <trkpt lon="2.734108" lat="39.784968"><ele>269.75</ele></trkpt>
   <trkpt lon="2.734173" lat="39.785044"><ele>270.0</ele></trkpt>
   <trkpt lon="2.734234" lat="39.785088"><ele>271.0</ele></trkpt>
   <trkpt lon="2.734312" lat="39.785127"><ele>271.75</ele></trkpt>
   <trkpt lon="2.734410" lat="39.785151"><ele>272.0</ele></trkpt>
   <trkpt lon="2.734536" lat="39.785165"><ele>272.25</ele></trkpt>
   <trkpt lon="2.734726" lat="39.785172"><ele>272.75</ele><sym>pass_place</sym><type>Shaping</type></trkpt>
   <trkpt lon="2.735221" lat="39.785177"><ele>274.25</ele></trkpt>
   <trkpt lon="2.735316" lat="39.785190"><ele>275.0</ele></trkpt>
   <trkpt lon="2.735426" lat="39.785220"><ele>275.75</ele></trkpt>
   <trkpt lon="2.735546" lat="39.785262"><ele>277.25</ele></trkpt>
   <trkpt lon="2.736792" lat="39.785814"><ele>285.5</ele></trkpt>
   <trkpt lon="2.737276" lat="39.786036"><ele>288.75</ele></trkpt>
   <trkpt lon="2.737401" lat="39.786102"><ele>290.25</ele></trkpt>
   <trkpt lon="2.737501" lat="39.786177"><ele>291.75</ele></trkpt>
   <trkpt lon="2.737626" lat="39.786314"><ele>291.5</ele></trkpt>
   <trkpt lon="2.737691" lat="39.786422"><ele>292.0</ele></trkpt>
   <trkpt lon="2.737813" lat="39.786665"><ele>295.25</ele></trkpt>
   <trkpt lon="2.738079" lat="39.787160"><ele>299.25</ele></trkpt>
   <trkpt lon="2.738321" lat="39.787664"><ele>304.0</ele></trkpt>
   <trkpt lon="2.738339" lat="39.787750"><ele>305.25</ele></trkpt>
   <trkpt lon="2.738327" lat="39.787825"><ele>305.75</ele></trkpt>
   <trkpt lon="2.738293" lat="39.787890"><ele>306.0</ele></trkpt>
   <trkpt lon="2.738239" lat="39.787937"><ele>306.75</ele></trkpt>
   <trkpt lon="2.738178" lat="39.787968"><ele>307.75</ele></trkpt>
   <trkpt lon="2.738103" lat="39.787991"><ele>309.0</ele></trkpt>
   <trkpt lon="2.738013" lat="39.787989"><ele>310.75</ele></trkpt>
   <trkpt lon="2.737928" lat="39.787966"><ele>312.25</ele></trkpt>
   <trkpt lon="2.737844" lat="39.787923"><ele>313.0</ele></trkpt>
   <trkpt lon="2.737796" lat="39.787873"><ele>312.75</ele></trkpt>
   <trkpt lon="2.737731" lat="39.787785"><ele>312.5</ele></trkpt>
   <trkpt lon="2.737519" lat="39.787417"><ele>315.75</ele></trkpt>
   <trkpt lon="2.737355" lat="39.787152"><ele>315.75</ele></trkpt>
   <trkpt lon="2.737280" lat="39.787068"><ele>315.75</ele></trkpt>
   <trkpt lon="2.737206" lat="39.787022"><ele>316.75</ele></trkpt>
   <trkpt lon="2.737127" lat="39.786994"><ele>317.5</ele></trkpt>
   <trkpt lon="2.736986" lat="39.786964"><ele>318.75</ele></trkpt>
   <trkpt lon="2.735988" lat="39.786844"><ele>323.25</ele></trkpt>
   <trkpt lon="2.735173" lat="39.786760"><ele>330.0</ele></trkpt>
   <trkpt lon="2.734814" lat="39.786743"><ele>332.5</ele></trkpt>
   <trkpt lon="2.734513" lat="39.786722"><ele>333.0</ele></trkpt>
   <trkpt lon="2.734277" lat="39.786720"><ele>334.5</ele></trkpt>
   <trkpt lon="2.733820" lat="39.786737"><ele>338.0</ele></trkpt>
   <trkpt lon="2.732668" lat="39.786811"><ele>340.75</ele></trkpt>
   <trkpt lon="2.732149" lat="39.786837"><ele>345.25</ele></trkpt>
   <trkpt lon="2.732053" lat="39.786856"><ele>345.5</ele></trkpt>
   <trkpt lon="2.731979" lat="39.786886"><ele>346.5</ele></trkpt>
   <trkpt lon="2.731861" lat="39.786949"><ele>347.75</ele></trkpt>
   <trkpt lon="2.731640" lat="39.787091"><ele>350.75</ele></trkpt>
   <trkpt lon="2.731559" lat="39.787127"><ele>351.25</ele></trkpt>
   <trkpt lon="2.731475" lat="39.787148"><ele>350.75</ele></trkpt>
   <trkpt lon="2.731372" lat="39.787156"><ele>349.75</ele></trkpt>
   <trkpt lon="2.731133" lat="39.787138"><ele>353.25</ele></trkpt>
   <trkpt lon="2.730858" lat="39.787107"><ele>357.25</ele></trkpt>
   <trkpt lon="2.730213" lat="39.787008"><ele>357.5</ele></trkpt>
   <trkpt lon="2.730084" lat="39.787004"><ele>357.75</ele></trkpt>
   <trkpt lon="2.729894" lat="39.787009"><ele>359.0</ele></trkpt>
   <trkpt lon="2.729705" lat="39.787025"><ele>360.25</ele></trkpt>
   <trkpt lon="2.729269" lat="39.787117"><ele>361.5</ele></trkpt>
   <trkpt lon="2.729130" lat="39.787131"><ele>361.25</ele></trkpt>
   <trkpt lon="2.728947" lat="39.787098"><ele>363.0</ele></trkpt>
   <trkpt lon="2.728775" lat="39.786974"><ele>365.75</ele></trkpt>
   <trkpt lon="2.728539" lat="39.786744"><ele>369.75</ele></trkpt>
   <trkpt lon="2.728132" lat="39.786307"><ele>370.25</ele></trkpt>
   <trkpt lon="2.727898" lat="39.786067"><ele>375.5</ele></trkpt>
   <trkpt lon="2.727542" lat="39.785779"><ele>374.75</ele></trkpt>
   <trkpt lon="2.727284" lat="39.785697"><ele>376.75</ele></trkpt>
   <trkpt lon="2.727048" lat="39.785680"><ele>378.25</ele></trkpt>
   <trkpt lon="2.726937" lat="39.785693"><ele>379.25</ele></trkpt>
   <trkpt lon="2.726834" lat="39.785705"><ele>380.0</ele></trkpt>
   <trkpt lon="2.726512" lat="39.785812"><ele>382.75</ele></trkpt>
   <trkpt lon="2.726211" lat="39.786101"><ele>387.0</ele></trkpt>
   <trkpt lon="2.726093" lat="39.786323"><ele>387.25</ele></trkpt>
   <trkpt lon="2.726093" lat="39.786546"><ele>389.5</ele></trkpt>
   <trkpt lon="2.726254" lat="39.786958"><ele>394.25</ele></trkpt>
   <trkpt lon="2.726472" lat="39.787379"><ele>392.25</ele><sym>stay_left</sym><type>Via</type></trkpt>
   <trkpt lon="2.726526" lat="39.787493"><ele>392.0</ele></trkpt>
   <trkpt lon="2.726556" lat="39.787616"><ele>391.75</ele></trkpt>
   <trkpt lon="2.726582" lat="39.787950"><ele>392.0</ele></trkpt>
   <trkpt lon="2.726609" lat="39.788753"><ele>392.75</ele></trkpt>
   <trkpt lon="2.726644" lat="39.789476"><ele>393.75</ele></trkpt>
   <trkpt lon="2.726651" lat="39.789712"><ele>394.5</ele></trkpt>
   <trkpt lon="2.726638" lat="39.789858"><ele>395.0</ele></trkpt>
   <trkpt lon="2.726588" lat="39.789951"><ele>395.0</ele></trkpt>
   <trkpt lon="2.726501" lat="39.790033"><ele>395.25</ele></trkpt>
   <trkpt lon="2.726401" lat="39.790075"><ele>395.5</ele></trkpt>
   <trkpt lon="2.726165" lat="39.790133"><ele>396.0</ele></trkpt>
   <trkpt lon="2.725784" lat="39.790197"><ele>396.25</ele></trkpt>
   <trkpt lon="2.725376" lat="39.790281"><ele>400.0</ele></trkpt>
   <trkpt lon="2.725278" lat="39.790316"><ele>400.5</ele></trkpt>
   <trkpt lon="2.725190" lat="39.790383"><ele>400.0</ele></trkpt>
   <trkpt lon="2.725146" lat="39.790439"><ele>400.5</ele></trkpt>
   <trkpt lon="2.725117" lat="39.790515"><ele>401.75</ele></trkpt>
   <trkpt lon="2.725128" lat="39.790602"><ele>403.5</ele></trkpt>
   <trkpt lon="2.725167" lat="39.790661"><ele>404.25</ele></trkpt>
   <trkpt lon="2.725217" lat="39.790710"><ele>405.25</ele></trkpt>
   <trkpt lon="2.725251" lat="39.790732"><ele>405.75</ele></trkpt>
   <trkpt lon="2.725346" lat="39.790774"><ele>407.0</ele></trkpt>
   <trkpt lon="2.725457" lat="39.790787"><ele>408.75</ele></trkpt>
   <trkpt lon="2.725734" lat="39.790764"><ele>410.25</ele></trkpt>
   <trkpt lon="2.726291" lat="39.790682"><ele>411.5</ele></trkpt>
   <trkpt lon="2.726534" lat="39.790699"><ele>413.25</ele></trkpt>
   <trkpt lon="2.727036" lat="39.790786"><ele>416.75</ele></trkpt>
   <trkpt lon="2.727193" lat="39.790806"><ele>417.75</ele></trkpt>
   <trkpt lon="2.727337" lat="39.790798"><ele>418.25</ele></trkpt>
   <trkpt lon="2.727412" lat="39.790786"><ele>418.5</ele></trkpt>
   <trkpt lon="2.727527" lat="39.790754"><ele>419.0</ele></trkpt>
   <trkpt lon="2.727592" lat="39.790700"><ele>419.5</ele></trkpt>
   <trkpt lon="2.727650" lat="39.790598"><ele>419.75</ele></trkpt>
   <trkpt lon="2.727901" lat="39.789885"><ele>427.75</ele></trkpt>
   <trkpt lon="2.727937" lat="39.789709"><ele>428.25</ele></trkpt>
   <trkpt lon="2.727978" lat="39.789230"><ele>432.5</ele></trkpt>
   <trkpt lon="2.728019" lat="39.789115"><ele>433.0</ele></trkpt>
   <trkpt lon="2.728132" lat="39.789015"><ele>434.0</ele></trkpt>
   <trkpt lon="2.728297" lat="39.788950"><ele>436.0</ele></trkpt>
   <trkpt lon="2.728763" lat="39.788897"><ele>439.25</ele></trkpt>
   <trkpt lon="2.730036" lat="39.788780"><ele>447.5</ele></trkpt>
   <trkpt lon="2.730167" lat="39.788796"><ele>447.25</ele></trkpt>
   <trkpt lon="2.730279" lat="39.788826"><ele>447.5</ele></trkpt>
   <trkpt lon="2.730396" lat="39.788879"><ele>448.25</ele></trkpt>
   <trkpt lon="2.730880" lat="39.789157"><ele>452.0</ele></trkpt>
   <trkpt lon="2.731286" lat="39.789401"><ele>456.25</ele></trkpt>
   <trkpt lon="2.731603" lat="39.789565"><ele>458.5</ele></trkpt>
   <trkpt lon="2.732456" lat="39.789934"><ele>461.25</ele></trkpt>
   <trkpt lon="2.732607" lat="39.790036"><ele>463.75</ele></trkpt>
   <trkpt lon="2.732659" lat="39.790092"><ele>464.5</ele></trkpt>
   <trkpt lon="2.732678" lat="39.790119"><ele>464.75</ele></trkpt>
   <trkpt lon="2.732690" lat="39.790188"><ele>466.0</ele></trkpt>
   <trkpt lon="2.732694" lat="39.790271"><ele>467.75</ele></trkpt>
   <trkpt lon="2.732662" lat="39.790343"><ele>467.0</ele></trkpt>
   <trkpt lon="2.732619" lat="39.790404"><ele>466.75</ele></trkpt>
   <trkpt lon="2.732551" lat="39.790464"><ele>467.25</ele></trkpt>
   <trkpt lon="2.732457" lat="39.790531"><ele>468.75</ele></trkpt>
   <trkpt lon="2.732186" lat="39.790702"><ele>469.25</ele></trkpt>
   <trkpt lon="2.732001" lat="39.790808"><ele>470.75</ele></trkpt>
   <trkpt lon="2.731817" lat="39.790937"><ele>473.0</ele></trkpt>
   <trkpt lon="2.731694" lat="39.791060"><ele>473.0</ele></trkpt>
   <trkpt lon="2.731613" lat="39.791183"><ele>473.75</ele></trkpt>
   <trkpt lon="2.731560" lat="39.791294"><ele>474.5</ele></trkpt>
   <trkpt lon="2.731538" lat="39.791391"><ele>474.0</ele></trkpt>
   <trkpt lon="2.731578" lat="39.791643"><ele>473.5</ele></trkpt>
   <trkpt lon="2.731636" lat="39.791754"><ele>474.25</ele></trkpt>
   <trkpt lon="2.731738" lat="39.791967"><ele>477.0</ele></trkpt>
   <trkpt lon="2.731886" lat="39.792317"><ele>477.25</ele></trkpt>
   <trkpt lon="2.731936" lat="39.792411"><ele>476.75</ele></trkpt>
   <trkpt lon="2.732013" lat="39.792496"><ele>477.0</ele></trkpt>
   <trkpt lon="2.732118" lat="39.792556"><ele>477.0</ele></trkpt>
   <trkpt lon="2.732241" lat="39.792585"><ele>476.25</ele></trkpt>
   <trkpt lon="2.732272" lat="39.792584"><ele>476.5</ele></trkpt>
   <trkpt lon="2.732367" lat="39.792583"><ele>477.75</ele></trkpt>
   <trkpt lon="2.732509" lat="39.792540"><ele>478.75</ele></trkpt>
   <trkpt lon="2.732686" lat="39.792374"><ele>479.25</ele></trkpt>
   <trkpt lon="2.732912" lat="39.792177"><ele>480.0</ele></trkpt>
   <trkpt lon="2.733078" lat="39.792046"><ele>480.75</ele></trkpt>
   <trkpt lon="2.733249" lat="39.791975"><ele>480.5</ele></trkpt>
   <trkpt lon="2.733482" lat="39.791951"><ele>480.75</ele></trkpt>
   <trkpt lon="2.734629" lat="39.791906"><ele>482.75</ele><sym>pass_place</sym><type>Shaping</type></trkpt>
   <trkpt lon="2.734632" lat="39.791906"><ele>482.75</ele></trkpt>
   <trkpt lon="2.737378" lat="39.791800"><ele>506.0</ele></trkpt>
   <trkpt lon="2.737582" lat="39.791773"><ele>508.5</ele></trkpt>
   <trkpt lon="2.737686" lat="39.791754"><ele>507.5</ele></trkpt>
   <trkpt lon="2.738186" lat="39.791599"><ele>501.25</ele></trkpt>
   <trkpt lon="2.738340" lat="39.791564"><ele>501.5</ele></trkpt>
   <trkpt lon="2.738448" lat="39.791567"><ele>502.5</ele></trkpt>
   <trkpt lon="2.738802" lat="39.791629"><ele>506.75</ele></trkpt>
   <trkpt lon="2.739651" lat="39.791812"><ele>517.25</ele></trkpt>
   <trkpt lon="2.740567" lat="39.791981"><ele>520.5</ele></trkpt>
   <trkpt lon="2.740883" lat="39.792093"><ele>519.0</ele></trkpt>
   <trkpt lon="2.742070" lat="39.792564"><ele>532.5</ele></trkpt>
   <trkpt lon="2.742288" lat="39.792630"><ele>534.5</ele></trkpt>
   <trkpt lon="2.742484" lat="39.792660"><ele>535.0</ele></trkpt>
   <trkpt lon="2.742757" lat="39.792640"><ele>533.0</ele></trkpt>
   <trkpt lon="2.743919" lat="39.792433"><ele>534.0</ele></trkpt>
   <trkpt lon="2.744177" lat="39.792392"><ele>534.25</ele></trkpt>
   <trkpt lon="2.744454" lat="39.792386"><ele>534.25</ele></trkpt>
   <trkpt lon="2.744700" lat="39.792411"><ele>533.0</ele></trkpt>
   <trkpt lon="2.744866" lat="39.792455"><ele>532.5</ele></trkpt>
   <trkpt lon="2.745040" lat="39.792525"><ele>532.5</ele></trkpt>
   <trkpt lon="2.745291" lat="39.792701"><ele>531.75</ele></trkpt>
   <trkpt lon="2.745851" lat="39.793368"><ele>525.0</ele></trkpt>
   <trkpt lon="2.746442" lat="39.794107"><ele>524.0</ele></trkpt>
   <trkpt lon="2.746809" lat="39.794524"><ele>526.25</ele></trkpt>
   <trkpt lon="2.747091" lat="39.794888"><ele>528.5</ele></trkpt>
   <trkpt lon="2.747199" lat="39.795015"><ele>529.5</ele></trkpt>
   <trkpt lon="2.747317" lat="39.795104"><ele>528.5</ele></trkpt>
   <trkpt lon="2.747458" lat="39.795160"><ele>527.0</ele></trkpt>
   <trkpt lon="2.747567" lat="39.795173"><ele>528.0</ele></trkpt>
   <trkpt lon="2.747697" lat="39.795149"><ele>530.0</ele></trkpt>
   <trkpt lon="2.747837" lat="39.795099"><ele>531.25</ele></trkpt>
   <trkpt lon="2.747941" lat="39.795053"><ele>531.5</ele></trkpt>
   <trkpt lon="2.748598" lat="39.794647"><ele>533.25</ele></trkpt>
   <trkpt lon="2.748847" lat="39.794533"><ele>536.5</ele></trkpt>
   <trkpt lon="2.749936" lat="39.794162"><ele>542.75</ele></trkpt>
   <trkpt lon="2.750362" lat="39.794026"><ele>545.75</ele></trkpt>
   <trkpt lon="2.750574" lat="39.793995"><ele>546.0</ele></trkpt>
   <trkpt lon="2.750735" lat="39.793998"><ele>547.0</ele></trkpt>
   <trkpt lon="2.750922" lat="39.794032"><ele>548.25</ele></trkpt>
   <trkpt lon="2.751800" lat="39.794302"><ele>556.0</ele></trkpt>
   <trkpt lon="2.752220" lat="39.794439"><ele>556.75</ele></trkpt>
   <trkpt lon="2.752691" lat="39.794577"><ele>561.75</ele></trkpt>
   <trkpt lon="2.753036" lat="39.794743"><ele>563.0</ele><sym>pass_place</sym><type>Shaping</type></trkpt>
   <trkpt lon="2.753038" lat="39.794744"><ele>563.0</ele></trkpt>
   <trkpt lon="2.753714" lat="39.795201"><ele>568.75</ele></trkpt>
   <trkpt lon="2.753849" lat="39.795269"><ele>569.25</ele></trkpt>
   <trkpt lon="2.754590" lat="39.795523"><ele>573.75</ele></trkpt>
   <trkpt lon="2.755396" lat="39.795809"><ele>578.25</ele></trkpt>
   <trkpt lon="2.755720" lat="39.795975"><ele>583.5</ele></trkpt>
   <trkpt lon="2.756405" lat="39.796376"><ele>587.0</ele></trkpt>
   <trkpt lon="2.756521" lat="39.796428"><ele>588.5</ele></trkpt>
   <trkpt lon="2.757920" lat="39.796742"><ele>591.0</ele></trkpt>
   <trkpt lon="2.758324" lat="39.796834"><ele>592.75</ele></trkpt>
   <trkpt lon="2.758446" lat="39.796840"><ele>594.0</ele></trkpt>
   <trkpt lon="2.758544" lat="39.796828"><ele>595.0</ele></trkpt>
   <trkpt lon="2.760262" lat="39.796301"><ele>605.75</ele></trkpt>
   <trkpt lon="2.760455" lat="39.796236"><ele>608.5</ele></trkpt>
   <trkpt lon="2.760567" lat="39.796192"><ele>610.25</ele></trkpt>
   <trkpt lon="2.760690" lat="39.796104"><ele>611.5</ele></trkpt>
   <trkpt lon="2.761254" lat="39.795557"><ele>612.0</ele></trkpt>
   <trkpt lon="2.761350" lat="39.795503"><ele>610.5</ele></trkpt>
   <trkpt lon="2.761598" lat="39.795441"><ele>610.5</ele></trkpt>
   <trkpt lon="2.762184" lat="39.795314"><ele>613.25</ele></trkpt>
   <trkpt lon="2.762430" lat="39.795293"><ele>614.25</ele></trkpt>
   <trkpt lon="2.762646" lat="39.795288"><ele>615.0</ele></trkpt>
   <trkpt lon="2.762890" lat="39.795317"><ele>617.25</ele></trkpt>
   <trkpt lon="2.763512" lat="39.795431"><ele>620.0</ele></trkpt>
   <trkpt lon="2.763629" lat="39.795441"><ele>619.75</ele></trkpt>
   <trkpt lon="2.763771" lat="39.795446"><ele>621.5</ele></trkpt>
   <trkpt lon="2.764637" lat="39.795392"><ele>624.25</ele></trkpt>
   <trkpt lon="2.764911" lat="39.795379"><ele>625.75</ele></trkpt>
   <trkpt lon="2.765012" lat="39.795380"><ele>626.5</ele></trkpt>
   <trkpt lon="2.765232" lat="39.795399"><ele>627.75</ele></trkpt>
   <trkpt lon="2.765685" lat="39.795466"><ele>630.0</ele></trkpt>
   <trkpt lon="2.766491" lat="39.795575"><ele>636.0</ele></trkpt>
   <trkpt lon="2.766683" lat="39.795562"><ele>637.0</ele></trkpt>
   <trkpt lon="2.766765" lat="39.795547"><ele>637.25</ele></trkpt>
   <trkpt lon="2.766893" lat="39.795514"><ele>637.5</ele></trkpt>
   <trkpt lon="2.767167" lat="39.795428"><ele>637.75</ele></trkpt>
   <trkpt lon="2.767286" lat="39.795400"><ele>638.0</ele></trkpt>
   <trkpt lon="2.767415" lat="39.795388"><ele>638.75</ele></trkpt>
   <trkpt lon="2.767522" lat="39.795396"><ele>639.75</ele></trkpt>
   <trkpt lon="2.767614" lat="39.795422"><ele>641.0</ele></trkpt>
   <trkpt lon="2.767687" lat="39.795463"><ele>642.5</ele></trkpt>
   <trkpt lon="2.767748" lat="39.795525"><ele>644.0</ele></trkpt>
   <trkpt lon="2.767776" lat="39.795600"><ele>645.75</ele></trkpt>
   <trkpt lon="2.767787" lat="39.795679"><ele>647.25</ele></trkpt>
   <trkpt lon="2.767776" lat="39.795733"><ele>648.0</ele></trkpt>
   <trkpt lon="2.767729" lat="39.795812"><ele>649.5</ele></trkpt>
   <trkpt lon="2.767693" lat="39.795842"><ele>650.25</ele></trkpt>
   <trkpt lon="2.767267" lat="39.796040"><ele>652.25</ele></trkpt>
   <trkpt lon="2.766659" lat="39.796311"><ele>653.0</ele></trkpt>
   <trkpt lon="2.766558" lat="39.796383"><ele>656.0</ele></trkpt>
   <trkpt lon="2.766516" lat="39.796454"><ele>657.75</ele></trkpt>
   <trkpt lon="2.766494" lat="39.796535"><ele>659.75</ele></trkpt>
   <trkpt lon="2.766513" lat="39.796614"><ele>661.0</ele></trkpt>
   <trkpt lon="2.766553" lat="39.796703"><ele>662.5</ele></trkpt>
   <trkpt lon="2.766624" lat="39.796759"><ele>662.75</ele></trkpt>
   <trkpt lon="2.766710" lat="39.796798"><ele>663.0</ele></trkpt>
   <trkpt lon="2.766796" lat="39.796808"><ele>663.75</ele></trkpt>
   <trkpt lon="2.766970" lat="39.796789"><ele>664.5</ele></trkpt>
   <trkpt lon="2.767105" lat="39.796718"><ele>665.25</ele></trkpt>
   <trkpt lon="2.767524" lat="39.796278"><ele>664.0</ele></trkpt>
   <trkpt lon="2.767594" lat="39.796215"><ele>664.5</ele></trkpt>
   <trkpt lon="2.767656" lat="39.796182"><ele>665.5</ele></trkpt>
   <trkpt lon="2.767735" lat="39.796151"><ele>667.0</ele></trkpt>
   <trkpt lon="2.767812" lat="39.796131"><ele>667.75</ele></trkpt>
   <trkpt lon="2.767901" lat="39.796124"><ele>668.25</ele></trkpt>
   <trkpt lon="2.768067" lat="39.796122"><ele>669.5</ele></trkpt>
   <trkpt lon="2.770149" lat="39.796147"><ele>680.75</ele></trkpt>
   <trkpt lon="2.770149" lat="39.796146"><ele>683.25</ele><sym>pass_place</sym><type>Shaping</type></trkpt>
   <trkpt lon="2.770422" lat="39.796132"><ele>683.25</ele></trkpt>
   <trkpt lon="2.770579" lat="39.796106"><ele>684.0</ele></trkpt>
   <trkpt lon="2.770801" lat="39.796046"><ele>685.5</ele></trkpt>
   <trkpt lon="2.771038" lat="39.795940"><ele>687.25</ele></trkpt>
   <trkpt lon="2.771215" lat="39.795813"><ele>688.75</ele></trkpt>
   <trkpt lon="2.771356" lat="39.795648"><ele>690.5</ele></trkpt>
   <trkpt lon="2.771447" lat="39.795481"><ele>692.25</ele></trkpt>
   <trkpt lon="2.771541" lat="39.795255"><ele>696.25</ele></trkpt>
   <trkpt lon="2.771539" lat="39.795043"><ele>697.75</ele></trkpt>
   <trkpt lon="2.771472" lat="39.794827"><ele>698.25</ele></trkpt>
   <trkpt lon="2.771318" lat="39.794582"><ele>697.5</ele></trkpt>
   <trkpt lon="2.770397" lat="39.793396"><ele>707.25</ele></trkpt>
   <trkpt lon="2.770299" lat="39.793252"><ele>710.5</ele></trkpt>
   <trkpt lon="2.770267" lat="39.793164"><ele>711.75</ele></trkpt>
   <trkpt lon="2.770268" lat="39.793076"><ele>712.75</ele></trkpt>
   <trkpt lon="2.770301" lat="39.793003"><ele>713.0</ele></trkpt>
   <trkpt lon="2.770374" lat="39.792907"><ele>714.0</ele></trkpt>
   <trkpt lon="2.770482" lat="39.792849"><ele>715.25</ele></trkpt>
   <trkpt lon="2.770644" lat="39.792814"><ele>717.25</ele></trkpt>
   <trkpt lon="2.770786" lat="39.792829"><ele>718.75</ele></trkpt>
   <trkpt lon="2.770896" lat="39.792863"><ele>720.25</ele></trkpt>
   <trkpt lon="2.771068" lat="39.792994"><ele>721.0</ele></trkpt>
   <trkpt lon="2.771633" lat="39.793468"><ele>724.75</ele></trkpt>
   <trkpt lon="2.772107" lat="39.793836"><ele>728.5</ele></trkpt>
   <trkpt lon="2.772362" lat="39.794045"><ele>730.75</ele></trkpt>
   <trkpt lon="2.772483" lat="39.794185"><ele>731.5</ele></trkpt>
   <trkpt lon="2.772907" lat="39.794731"><ele>737.5</ele></trkpt>
   <trkpt lon="2.772961" lat="39.794773"><ele>737.25</ele></trkpt>
   <trkpt lon="2.773025" lat="39.794811"><ele>737.25</ele></trkpt>
   <trkpt lon="2.773107" lat="39.794845"><ele>737.75</ele></trkpt>
   <trkpt lon="2.773192" lat="39.794864"><ele>738.75</ele></trkpt>
   <trkpt lon="2.773282" lat="39.794878"><ele>739.75</ele></trkpt>
   <trkpt lon="2.773393" lat="39.794882"><ele>740.5</ele></trkpt>
   <trkpt lon="2.773686" lat="39.794859"><ele>741.25</ele></trkpt>
   <trkpt lon="2.773954" lat="39.794825"><ele>743.5</ele></trkpt>
   <trkpt lon="2.774057" lat="39.794818"><ele>745.25</ele></trkpt>
   <trkpt lon="2.774141" lat="39.794819"><ele>746.75</ele></trkpt>
   <trkpt lon="2.774213" lat="39.794839"><ele>747.5</ele></trkpt>
   <trkpt lon="2.774278" lat="39.794870"><ele>748.0</ele></trkpt>
   <trkpt lon="2.774336" lat="39.794913"><ele>748.0</ele></trkpt>
   <trkpt lon="2.774375" lat="39.794963"><ele>747.75</ele></trkpt>
   <trkpt lon="2.774408" lat="39.795024"><ele>747.25</ele></trkpt>
   <trkpt lon="2.774434" lat="39.795163"><ele>747.0</ele></trkpt>
   <trkpt lon="2.774572" lat="39.796082"><ele>755.75</ele></trkpt>
   <trkpt lon="2.774577" lat="39.796220"><ele>757.0</ele></trkpt>
   <trkpt lon="2.774578" lat="39.796322"><ele>758.0</ele></trkpt>
   <trkpt lon="2.774567" lat="39.796402"><ele>758.5</ele></trkpt>
   <trkpt lon="2.774534" lat="39.796507"><ele>759.5</ele></trkpt>
   <trkpt lon="2.774500" lat="39.796585"><ele>759.75</ele></trkpt>
   <trkpt lon="2.774293" lat="39.796907"><ele>761.25</ele></trkpt>
   <trkpt lon="2.774092" lat="39.797177"><ele>764.25</ele></trkpt>
   <trkpt lon="2.773910" lat="39.797346"><ele>768.0</ele></trkpt>
   <trkpt lon="2.773837" lat="39.797403"><ele>769.5</ele></trkpt>
   <trkpt lon="2.773699" lat="39.797474"><ele>769.75</ele></trkpt>
   <trkpt lon="2.773459" lat="39.797583"><ele>768.75</ele></trkpt>
   <trkpt lon="2.773043" lat="39.797744"><ele>768.5</ele></trkpt>
   <trkpt lon="2.772987" lat="39.797781"><ele>768.5</ele></trkpt>
   <trkpt lon="2.772944" lat="39.797826"><ele>768.25</ele></trkpt>
   <trkpt lon="2.772898" lat="39.797901"><ele>769.75</ele></trkpt>
   <trkpt lon="2.772887" lat="39.797977"><ele>772.25</ele></trkpt>
   <trkpt lon="2.772913" lat="39.798068"><ele>775.75</ele></trkpt>
   <trkpt lon="2.772999" lat="39.798152"><ele>780.25</ele></trkpt>
   <trkpt lon="2.773065" lat="39.798194"><ele>782.75</ele></trkpt>
   <trkpt lon="2.773163" lat="39.798222"><ele>784.25</ele></trkpt>
   <trkpt lon="2.773300" lat="39.798232"><ele>784.5</ele></trkpt>
   <trkpt lon="2.773393" lat="39.798217"><ele>785.25</ele></trkpt>
   <trkpt lon="2.773465" lat="39.798183"><ele>785.25</ele></trkpt>
   <trkpt lon="2.773523" lat="39.798134"><ele>784.5</ele></trkpt>
   <trkpt lon="2.773606" lat="39.798020"><ele>782.25</ele></trkpt>
   <trkpt lon="2.773791" lat="39.797795"><ele>782.75</ele></trkpt>
   <trkpt lon="2.773849" lat="39.797754"><ele>782.25</ele></trkpt>
   <trkpt lon="2.773910" lat="39.797726"><ele>782.5</ele></trkpt>
   <trkpt lon="2.773998" lat="39.797707"><ele>783.75</ele></trkpt>
   <trkpt lon="2.774350" lat="39.797675"><ele>787.75</ele></trkpt>
   <trkpt lon="2.774553" lat="39.797641"><ele>789.25</ele></trkpt>
   <trkpt lon="2.774687" lat="39.797602"><ele>790.0</ele></trkpt>
   <trkpt lon="2.774785" lat="39.797565"><ele>790.5</ele></trkpt>
   <trkpt lon="2.774878" lat="39.797516"><ele>790.75</ele></trkpt>
   <trkpt lon="2.774964" lat="39.797455"><ele>791.0</ele></trkpt>
   <trkpt lon="2.775103" lat="39.797314"><ele>791.75</ele></trkpt>
   <trkpt lon="2.775271" lat="39.797038"><ele>794.0</ele></trkpt>
   <trkpt lon="2.775345" lat="39.796929"><ele>796.0</ele></trkpt>
   <trkpt lon="2.775433" lat="39.796827"><ele>796.75</ele></trkpt>
   <trkpt lon="2.775500" lat="39.796761"><ele>797.0</ele></trkpt>
   <trkpt lon="2.775578" lat="39.796706"><ele>797.75</ele></trkpt>
   <trkpt lon="2.775830" lat="39.796555"><ele>798.25</ele></trkpt>
   <trkpt lon="2.776147" lat="39.796383"><ele>801.75</ele></trkpt>
   <trkpt lon="2.776240" lat="39.796319"><ele>803.0</ele></trkpt>
   <trkpt lon="2.776315" lat="39.796253"><ele>803.5</ele></trkpt>
   <trkpt lon="2.776390" lat="39.796164"><ele>803.5</ele></trkpt>
   <trkpt lon="2.776442" lat="39.796088"><ele>803.25</ele></trkpt>
   <trkpt lon="2.776704" lat="39.795671"><ele>806.0</ele></trkpt>
   <trkpt lon="2.776775" lat="39.795591"><ele>806.75</ele><sym>pass_place</sym><type>Shaping</type></trkpt>
   <trkpt lon="2.776919" lat="39.795453"><ele>808.25</ele></trkpt>
   <trkpt lon="2.777168" lat="39.795196"><ele>811.75</ele></trkpt>
   <trkpt lon="2.777199" lat="39.795151"><ele>812.25</ele></trkpt>
   <trkpt lon="2.777228" lat="39.795071"><ele>812.5</ele></trkpt>
   <trkpt lon="2.777237" lat="39.795016"><ele>812.25</ele></trkpt>
   <trkpt lon="2.777227" lat="39.794936"><ele>812.75</ele></trkpt>
   <trkpt lon="2.777194" lat="39.794808"><ele>813.25</ele></trkpt>
   <trkpt lon="2.777178" lat="39.794743"><ele>813.75</ele></trkpt>
   <trkpt lon="2.777059" lat="39.794445"><ele>815.25</ele></trkpt>
   <trkpt lon="2.777026" lat="39.794338"><ele>816.25</ele></trkpt>
   <trkpt lon="2.776944" lat="39.794184"><ele>816.5</ele></trkpt>
   <trkpt lon="2.776475" lat="39.793669"><ele>821.0</ele></trkpt>
   <trkpt lon="2.776386" lat="39.793584"><ele>822.0</ele></trkpt>
   <trkpt lon="2.776227" lat="39.793466"><ele>823.25</ele></trkpt>
   <trkpt lon="2.775690" lat="39.793177"><ele>825.75</ele></trkpt>
   <trkpt lon="2.775635" lat="39.793145"><ele>826.0</ele></trkpt>
   <trkpt lon="2.775592" lat="39.793099"><ele>827.0</ele></trkpt>
   <trkpt lon="2.775557" lat="39.793040"><ele>828.0</ele></trkpt>
   <trkpt lon="2.775539" lat="39.792973"><ele>828.0</ele></trkpt>
   <trkpt lon="2.775528" lat="39.792835"><ele>828.5</ele></trkpt>
   <trkpt lon="2.775521" lat="39.792558"><ele>831.5</ele></trkpt>
   <trkpt lon="2.775490" lat="39.792349"><ele>833.0</ele></trkpt>
   <trkpt lon="2.775426" lat="39.792182"><ele>833.5</ele></trkpt>
   <trkpt lon="2.775073" lat="39.791442"><ele>840.75</ele></trkpt>
   <trkpt lon="2.774878" lat="39.791120"><ele>842.0</ele></trkpt>
   <trkpt lon="2.774564" lat="39.790690"><ele>842.75</ele></trkpt>
   <trkpt lon="2.774498" lat="39.790595"><ele>844.75</ele></trkpt>
   <trkpt lon="2.774467" lat="39.790538"><ele>846.75</ele></trkpt>
   <trkpt lon="2.774444" lat="39.790425"><ele>852.0</ele></trkpt>
   <trkpt lon="2.774464" lat="39.790361"><ele>858.0</ele></trkpt>
   <trkpt lon="2.774547" lat="39.790295"><ele>875.75</ele></trkpt>
   <trkpt lon="2.778339" lat="39.788330"><ele>879.75</ele></trkpt>
   <trkpt lon="2.778339" lat="39.788329"><ele>875.25</ele><sym>pass_place</sym><type>Shaping</type></trkpt>
   <trkpt lon="2.778460" lat="39.788265"><ele>875.25</ele></trkpt>
   <trkpt lon="2.778576" lat="39.788232"><ele>872.25</ele></trkpt>
   <trkpt lon="2.778657" lat="39.788223"><ele>870.75</ele></trkpt>
   <trkpt lon="2.778724" lat="39.788231"><ele>870.0</ele></trkpt>
   <trkpt lon="2.778799" lat="39.788252"><ele>869.5</ele></trkpt>
   <trkpt lon="2.778859" lat="39.788284"><ele>869.25</ele></trkpt>
   <trkpt lon="2.778915" lat="39.788327"><ele>869.25</ele></trkpt>
   <trkpt lon="2.779359" lat="39.788856"><ele>870.5</ele></trkpt>
   <trkpt lon="2.779510" lat="39.788959"><ele>869.75</ele></trkpt>
   <trkpt lon="2.779953" lat="39.789143"><ele>865.25</ele></trkpt>
   <trkpt lon="2.782088" lat="39.789978"><ele>853.0</ele></trkpt>
   <trkpt lon="2.783337" lat="39.790523"><ele>847.5</ele></trkpt>
   <trkpt lon="2.783585" lat="39.790651"><ele>847.5</ele></trkpt>
   <trkpt lon="2.783751" lat="39.790748"><ele>847.25</ele></trkpt>
   <trkpt lon="2.785358" lat="39.791770"><ele>838.25</ele></trkpt>
   <trkpt lon="2.785865" lat="39.792078"><ele>836.25</ele></trkpt>
   <trkpt lon="2.786249" lat="39.792345"><ele>835.0</ele></trkpt>
   <trkpt lon="2.786432" lat="39.792515"><ele>833.5</ele></trkpt>
   <trkpt lon="2.787033" lat="39.793221"><ele>834.75</ele></trkpt>
   <trkpt lon="2.787124" lat="39.793275"><ele>833.75</ele></trkpt>
   <trkpt lon="2.787567" lat="39.793467"><ele>830.75</ele></trkpt>
   <trkpt lon="2.788655" lat="39.793997"><ele>828.75</ele></trkpt>
   <trkpt lon="2.788789" lat="39.794085"><ele>828.0</ele></trkpt>
   <trkpt lon="2.789778" lat="39.794975"><ele>825.5</ele></trkpt>
   <trkpt lon="2.789822" lat="39.795003"><ele>825.25</ele></trkpt>
   <trkpt lon="2.789879" lat="39.795039"><ele>825.0</ele></trkpt>
   <trkpt lon="2.789967" lat="39.795067"><ele>824.5</ele></trkpt>
   <trkpt lon="2.790088" lat="39.795066"><ele>824.5</ele></trkpt>
   <trkpt lon="2.790178" lat="39.795051"><ele>824.75</ele></trkpt>
   <trkpt lon="2.790257" lat="39.795009"><ele>824.75</ele></trkpt>
   <trkpt lon="2.790309" lat="39.794959"><ele>824.75</ele></trkpt>
   <trkpt lon="2.790373" lat="39.794880"><ele>824.75</ele></trkpt>
   <trkpt lon="2.790376" lat="39.794774"><ele>824.5</ele></trkpt>
   <trkpt lon="2.790164" lat="39.793537"><ele>823.5</ele></trkpt>
   <trkpt lon="2.790153" lat="39.793400"><ele>822.75</ele></trkpt>
   <trkpt lon="2.790201" lat="39.793268"><ele>823.25</ele></trkpt>
   <trkpt lon="2.790464" lat="39.792942"><ele>825.0</ele></trkpt>
   <trkpt lon="2.790638" lat="39.792741"><ele>820.75</ele></trkpt>
   <trkpt lon="2.790778" lat="39.792603"><ele>821.25</ele></trkpt>
   <trkpt lon="2.791265" lat="39.792232"><ele>822.5</ele></trkpt>
   <trkpt lon="2.791322" lat="39.792137"><ele>823.25</ele></trkpt>
   <trkpt lon="2.791370" lat="39.792006"><ele>823.75</ele></trkpt>
   <trkpt lon="2.791448" lat="39.791748"><ele>823.5</ele></trkpt>
   <trkpt lon="2.791489" lat="39.791704"><ele>823.5</ele></trkpt>
   <trkpt lon="2.791567" lat="39.791656"><ele>823.0</ele></trkpt>
   <trkpt lon="2.791691" lat="39.791643"><ele>823.25</ele></trkpt>
   <trkpt lon="2.791946" lat="39.791666"><ele>824.75</ele></trkpt>
   <trkpt lon="2.792509" lat="39.791767"><ele>827.0</ele><sym>pass_place</sym><type>Shaping</type></trkpt>
   <trkpt lon="2.792513" lat="39.791768"><ele>827.0</ele></trkpt>
   <trkpt lon="2.792988" lat="39.791867"><ele>823.5</ele></trkpt>
   <trkpt lon="2.793508" lat="39.791975"><ele>820.5</ele></trkpt>
   <trkpt lon="2.794102" lat="39.792038"><ele>818.0</ele></trkpt>
   <trkpt lon="2.794710" lat="39.792066"><ele>811.75</ele></trkpt>
   <trkpt lon="2.796136" lat="39.792109"><ele>805.75</ele></trkpt>
   <trkpt lon="2.796307" lat="39.792104"><ele>804.5</ele></trkpt>
   <trkpt lon="2.796461" lat="39.792068"><ele>803.25</ele></trkpt>
   <trkpt lon="2.796587" lat="39.791975"><ele>801.0</ele></trkpt>
   <trkpt lon="2.796621" lat="39.791866"><ele>800.25</ele></trkpt>
   <trkpt lon="2.796604" lat="39.791747"><ele>799.75</ele></trkpt>
   <trkpt lon="2.796528" lat="39.791640"><ele>798.75</ele></trkpt>
   <trkpt lon="2.795828" lat="39.791281"><ele>793.5</ele></trkpt>
   <trkpt lon="2.795629" lat="39.791140"><ele>791.0</ele></trkpt>
   <trkpt lon="2.795427" lat="39.790950"><ele>788.0</ele></trkpt>
   <trkpt lon="2.795273" lat="39.790713"><ele>786.5</ele></trkpt>
   <trkpt lon="2.795053" lat="39.790104"><ele>783.0</ele></trkpt>
   <trkpt lon="2.794892" lat="39.789815"><ele>781.0</ele></trkpt>
   <trkpt lon="2.794681" lat="39.789519"><ele>777.75</ele></trkpt>
   <trkpt lon="2.794616" lat="39.789378"><ele>775.75</ele></trkpt>
   <trkpt lon="2.794628" lat="39.789228"><ele>774.75</ele></trkpt>
   <trkpt lon="2.794698" lat="39.789095"><ele>774.25</ele></trkpt>
   <trkpt lon="2.794825" lat="39.788964"><ele>773.0</ele></trkpt>
   <trkpt lon="2.794959" lat="39.788898"><ele>772.75</ele></trkpt>
   <trkpt lon="2.795075" lat="39.788862"><ele>772.25</ele></trkpt>
   <trkpt lon="2.796807" lat="39.788514"><ele>764.0</ele></trkpt>
   <trkpt lon="2.797029" lat="39.788458"><ele>764.0</ele></trkpt>
   <trkpt lon="2.797132" lat="39.788423"><ele>763.75</ele></trkpt>
   <trkpt lon="2.797184" lat="39.788385"><ele>763.5</ele></trkpt>
   <trkpt lon="2.797205" lat="39.788345"><ele>763.0</ele></trkpt>
   <trkpt lon="2.797218" lat="39.788289"><ele>763.25</ele></trkpt>
   <trkpt lon="2.797219" lat="39.788241"><ele>763.5</ele></trkpt>
   <trkpt lon="2.797199" lat="39.788203"><ele>763.5</ele></trkpt>
   <trkpt lon="2.796800" lat="39.787706"><ele>760.25</ele></trkpt>
   <trkpt lon="2.796777" lat="39.787647"><ele>760.0</ele></trkpt>
   <trkpt lon="2.796794" lat="39.787558"><ele>760.25</ele></trkpt>
   <trkpt lon="2.796848" lat="39.787477"><ele>760.75</ele></trkpt>
   <trkpt lon="2.796983" lat="39.787348"><ele>761.5</ele></trkpt>
   <trkpt lon="2.797263" lat="39.787095"><ele>760.75</ele></trkpt>
   <trkpt lon="2.797457" lat="39.786925"><ele>758.75</ele></trkpt>
   <trkpt lon="2.797521" lat="39.786888"><ele>758.75</ele></trkpt>
   <trkpt lon="2.797565" lat="39.786875"><ele>758.75</ele></trkpt>
   <trkpt lon="2.797631" lat="39.786865"><ele>758.75</ele></trkpt>
   <trkpt lon="2.797718" lat="39.786873"><ele>758.25</ele></trkpt>
   <trkpt lon="2.797774" lat="39.786892"><ele>757.75</ele></trkpt>
   <trkpt lon="2.798208" lat="39.787083"><ele>756.25</ele></trkpt>
   <trkpt lon="2.798316" lat="39.787119"><ele>756.0</ele></trkpt>
   <trkpt lon="2.798436" lat="39.787147"><ele>755.25</ele></trkpt>
   <trkpt lon="2.798809" lat="39.787193"><ele>752.75</ele></trkpt>
   <trkpt lon="2.798963" lat="39.787228"><ele>752.0</ele></trkpt>
   <trkpt lon="2.799021" lat="39.787246"><ele>751.75</ele></trkpt>
   <trkpt lon="2.799159" lat="39.787318"><ele>751.0</ele></trkpt>
   <trkpt lon="2.799631" lat="39.787649"><ele>745.75</ele></trkpt>
   <trkpt lon="2.799918" lat="39.787822"><ele>745.0</ele></trkpt>
   <trkpt lon="2.800006" lat="39.787892"><ele>744.0</ele></trkpt>
   <trkpt lon="2.800168" lat="39.788069"><ele>742.0</ele></trkpt>
   <trkpt lon="2.800408" lat="39.788374"><ele>739.75</ele></trkpt>
   <trkpt lon="2.800508" lat="39.788480"><ele>738.5</ele></trkpt>
   <trkpt lon="2.801278" lat="39.789160"><ele>732.25</ele></trkpt>
   <trkpt lon="2.801303" lat="39.789218"><ele>732.0</ele></trkpt>
   <trkpt lon="2.801307" lat="39.789301"><ele>731.0</ele></trkpt>
   <trkpt lon="2.801303" lat="39.789468"><ele>728.5</ele></trkpt>
   <trkpt lon="2.801269" lat="39.789755"><ele>726.0</ele></trkpt>
   <trkpt lon="2.801280" lat="39.789850"><ele>725.0</ele></trkpt>
   <trkpt lon="2.801310" lat="39.789915"><ele>724.5</ele></trkpt>
   <trkpt lon="2.801370" lat="39.789988"><ele>724.0</ele></trkpt>
   <trkpt lon="2.801885" lat="39.790259"><ele>720.0</ele></trkpt>
   <trkpt lon="2.802499" lat="39.790607"><ele>716.5</ele><sym>pass_place</sym><type>Shaping</type></trkpt>
   <trkpt lon="2.802675" lat="39.790731"><ele>715.75</ele></trkpt>
   <trkpt lon="2.802783" lat="39.790868"><ele>714.5</ele></trkpt>
   <trkpt lon="2.802832" lat="39.790955"><ele>714.5</ele></trkpt>
   <trkpt lon="2.802839" lat="39.791078"><ele>713.25</ele></trkpt>
   <trkpt lon="2.802780" lat="39.791417"><ele>710.5</ele></trkpt>
   <trkpt lon="2.802775" lat="39.791517"><ele>708.5</ele></trkpt>
   <trkpt lon="2.802802" lat="39.791603"><ele>707.25</ele></trkpt>
   <trkpt lon="2.802891" lat="39.791683"><ele>706.5</ele></trkpt>
   <trkpt lon="2.803081" lat="39.791788"><ele>705.25</ele></trkpt>
   <trkpt lon="2.803965" lat="39.792154"><ele>701.0</ele></trkpt>
   <trkpt lon="2.804191" lat="39.792348"><ele>698.5</ele></trkpt>
   <trkpt lon="2.804337" lat="39.792550"><ele>695.75</ele></trkpt>
   <trkpt lon="2.804405" lat="39.792681"><ele>693.75</ele></trkpt>
   <trkpt lon="2.804454" lat="39.792749"><ele>692.75</ele></trkpt>
   <trkpt lon="2.804572" lat="39.792807"><ele>691.75</ele></trkpt>
   <trkpt lon="2.804712" lat="39.792839"><ele>691.25</ele></trkpt>
   <trkpt lon="2.804932" lat="39.792857"><ele>689.25</ele></trkpt>
   <trkpt lon="2.805131" lat="39.792825"><ele>688.25</ele></trkpt>
   <trkpt lon="2.805380" lat="39.792741"><ele>687.75</ele></trkpt>
   <trkpt lon="2.805586" lat="39.792705"><ele>686.75</ele></trkpt>
   <trkpt lon="2.805752" lat="39.792707"><ele>686.5</ele></trkpt>
   <trkpt lon="2.806665" lat="39.792840"><ele>680.75</ele></trkpt>
   <trkpt lon="2.806941" lat="39.792923"><ele>678.75</ele></trkpt>
   <trkpt lon="2.807074" lat="39.793010"><ele>677.5</ele></trkpt>
   <trkpt lon="2.807308" lat="39.793189"><ele>675.25</ele></trkpt>
   <trkpt lon="2.807959" lat="39.793741"><ele>668.75</ele></trkpt>
   <trkpt lon="2.808001" lat="39.793796"><ele>668.5</ele></trkpt>
   <trkpt lon="2.808097" lat="39.794034"><ele>666.75</ele></trkpt>
   <trkpt lon="2.808223" lat="39.794407"><ele>663.5</ele></trkpt>
   <trkpt lon="2.808336" lat="39.794632"><ele>661.75</ele></trkpt>
   <trkpt lon="2.808656" lat="39.795165"><ele>657.25</ele></trkpt>
   <trkpt lon="2.808766" lat="39.795284"><ele>655.75</ele></trkpt>
   <trkpt lon="2.808946" lat="39.795417"><ele>654.25</ele></trkpt>
   <trkpt lon="2.809445" lat="39.795734"><ele>651.0</ele></trkpt>
   <trkpt lon="2.810372" lat="39.796362"><ele>643.0</ele></trkpt>
   <trkpt lon="2.810480" lat="39.796466"><ele>641.25</ele></trkpt>
   <trkpt lon="2.810526" lat="39.796519"><ele>640.5</ele></trkpt>
   <trkpt lon="2.810594" lat="39.796613"><ele>639.25</ele></trkpt>
   <trkpt lon="2.810677" lat="39.796821"><ele>636.5</ele></trkpt>
   <trkpt lon="2.810713" lat="39.796987"><ele>634.75</ele></trkpt>
   <trkpt lon="2.810792" lat="39.797457"><ele>629.5</ele></trkpt>
   <trkpt lon="2.810795" lat="39.797646"><ele>628.0</ele></trkpt>
   <trkpt lon="2.810781" lat="39.797790"><ele>626.75</ele></trkpt>
   <trkpt lon="2.810723" lat="39.797939"><ele>625.25</ele></trkpt>
   <trkpt lon="2.810260" lat="39.798724"><ele>617.5</ele></trkpt>
   <trkpt lon="2.810193" lat="39.798826"><ele>618.0</ele></trkpt>
   <trkpt lon="2.810119" lat="39.799003"><ele>619.0</ele></trkpt>
   <trkpt lon="2.810123" lat="39.799098"><ele>619.5</ele></trkpt>
   <trkpt lon="2.810178" lat="39.799238"><ele>619.25</ele></trkpt>
   <trkpt lon="2.810903" lat="39.799987"><ele>618.25</ele></trkpt>
   <trkpt lon="2.811101" lat="39.800261"><ele>618.0</ele></trkpt>
   <trkpt lon="2.811282" lat="39.800536"><ele>618.0</ele></trkpt>
   <trkpt lon="2.811416" lat="39.800700"><ele>617.75</ele></trkpt>
   <trkpt lon="2.811845" lat="39.801160"><ele>618.5</ele></trkpt>
   <trkpt lon="2.812239" lat="39.801530"><ele>617.75</ele></trkpt>
   <trkpt lon="2.812601" lat="39.801832"><ele>618.75</ele></trkpt>
   <trkpt lon="2.813016" lat="39.802163"><ele>618.5</ele></trkpt>
   <trkpt lon="2.813641" lat="39.802637"><ele>618.75</ele><sym>pass_place</sym><type>Shaping</type></trkpt>
   <trkpt lon="2.815023" lat="39.803580"><ele>617.75</ele></trkpt>
   <trkpt lon="2.815443" lat="39.803818"><ele>617.75</ele></trkpt>
   <trkpt lon="2.815733" lat="39.804006"><ele>618.0</ele></trkpt>
   <trkpt lon="2.816083" lat="39.804277"><ele>618.25</ele></trkpt>
   <trkpt lon="2.816494" lat="39.804627"><ele>619.25</ele></trkpt>
   <trkpt lon="2.816689" lat="39.804805"><ele>619.25</ele></trkpt>
   <trkpt lon="2.816879" lat="39.805020"><ele>619.75</ele></trkpt>
   <trkpt lon="2.817068" lat="39.805274"><ele>620.75</ele></trkpt>
   <trkpt lon="2.817242" lat="39.805467"><ele>619.75</ele></trkpt>
   <trkpt lon="2.817447" lat="39.805661"><ele>623.0</ele></trkpt>
   <trkpt lon="2.817696" lat="39.805846"><ele>621.5</ele></trkpt>
   <trkpt lon="2.818393" lat="39.806314"><ele>621.25</ele></trkpt>
   <trkpt lon="2.818533" lat="39.806419"><ele>621.25</ele></trkpt>
   <trkpt lon="2.818661" lat="39.806532"><ele>621.5</ele></trkpt>
   <trkpt lon="2.819045" lat="39.806928"><ele>619.75</ele></trkpt>
   <trkpt lon="2.819732" lat="39.807678"><ele>618.75</ele></trkpt>
   <trkpt lon="2.820691" lat="39.808678"><ele>618.25</ele></trkpt>
   <trkpt lon="2.820795" lat="39.808768"><ele>618.0</ele></trkpt>
   <trkpt lon="2.821219" lat="39.809085"><ele>620.25</ele></trkpt>
   <trkpt lon="2.821362" lat="39.809207"><ele>619.75</ele></trkpt>
   <trkpt lon="2.821423" lat="39.809279"><ele>619.5</ele></trkpt>
   <trkpt lon="2.821683" lat="39.809681"><ele>618.75</ele></trkpt>
   <trkpt lon="2.821762" lat="39.809785"><ele>618.75</ele></trkpt>
   <trkpt lon="2.821878" lat="39.809923"><ele>618.75</ele></trkpt>
   <trkpt lon="2.822446" lat="39.810507"><ele>618.75</ele></trkpt>
   <trkpt lon="2.822581" lat="39.810656"><ele>620.25</ele></trkpt>
   <trkpt lon="2.822643" lat="39.810753"><ele>621.25</ele></trkpt>
   <trkpt lon="2.822669" lat="39.810811"><ele>621.75</ele></trkpt>
   <trkpt lon="2.822652" lat="39.810948"><ele>621.5</ele></trkpt>
   <trkpt lon="2.822610" lat="39.811004"><ele>621.5</ele></trkpt>
   <trkpt lon="2.821000" lat="39.812774"><ele>619.75</ele></trkpt>
   <trkpt lon="2.820876" lat="39.812864"><ele>619.75</ele></trkpt>
   <trkpt lon="2.820777" lat="39.812894"><ele>618.0</ele></trkpt>
   <trkpt lon="2.820643" lat="39.812911"><ele>617.25</ele></trkpt>
   <trkpt lon="2.819817" lat="39.812902"><ele>609.0</ele></trkpt>
   <trkpt lon="2.819169" lat="39.812911"><ele>606.0</ele></trkpt>
   <trkpt lon="2.819090" lat="39.812912"><ele>606.25</ele></trkpt>
   <trkpt lon="2.818923" lat="39.812941"><ele>605.75</ele></trkpt>
   <trkpt lon="2.818796" lat="39.813007"><ele>605.5</ele></trkpt>
   <trkpt lon="2.818719" lat="39.813093"><ele>604.5</ele></trkpt>
   <trkpt lon="2.818683" lat="39.813214"><ele>602.75</ele></trkpt>
   <trkpt lon="2.818703" lat="39.813339"><ele>600.25</ele></trkpt>
   <trkpt lon="2.818805" lat="39.813451"><ele>600.75</ele></trkpt>
   <trkpt lon="2.819032" lat="39.813554"><ele>599.0</ele></trkpt>
   <trkpt lon="2.819190" lat="39.813585"><ele>597.5</ele></trkpt>
   <trkpt lon="2.819390" lat="39.813592"><ele>595.5</ele></trkpt>
   <trkpt lon="2.820120" lat="39.813580"><ele>591.75</ele><sym>pass_place</sym><type>Shaping</type></trkpt>
   <trkpt lon="2.820121" lat="39.813580"><ele>591.75</ele></trkpt>
   <trkpt lon="2.820468" lat="39.813623"><ele>591.0</ele></trkpt>
   <trkpt lon="2.820626" lat="39.813672"><ele>590.5</ele></trkpt>
   <trkpt lon="2.821435" lat="39.814072"><ele>585.0</ele></trkpt>
   <trkpt lon="2.821789" lat="39.814212"><ele>582.25</ele></trkpt>
   <trkpt lon="2.822199" lat="39.814405"><ele>578.75</ele></trkpt>
   <trkpt lon="2.822425" lat="39.814561"><ele>578.0</ele></trkpt>
   <trkpt lon="2.823374" lat="39.815587"><ele>567.0</ele></trkpt>
   <trkpt lon="2.823541" lat="39.815750"><ele>566.75</ele></trkpt>
   <trkpt lon="2.823655" lat="39.815833"><ele>564.5</ele></trkpt>
   <trkpt lon="2.823763" lat="39.815899"><ele>564.5</ele></trkpt>
   <trkpt lon="2.824050" lat="39.816049"><ele>562.5</ele></trkpt>
   <trkpt lon="2.824169" lat="39.816093"><ele>560.5</ele></trkpt>
   <trkpt lon="2.824382" lat="39.816111"><ele>559.0</ele></trkpt>
   <trkpt lon="2.824477" lat="39.816103"><ele>558.75</ele></trkpt>
   <trkpt lon="2.824583" lat="39.816072"><ele>558.25</ele></trkpt>
   <trkpt lon="2.824628" lat="39.816050"><ele>558.25</ele></trkpt>
   <trkpt lon="2.824770" lat="39.815961"><ele>557.0</ele></trkpt>
   <trkpt lon="2.825143" lat="39.815590"><ele>552.75</ele></trkpt>
   <trkpt lon="2.825244" lat="39.815472"><ele>551.25</ele></trkpt>
   <trkpt lon="2.825473" lat="39.815100"><ele>550.25</ele></trkpt>
   <trkpt lon="2.825530" lat="39.815034"><ele>548.75</ele></trkpt>
   <trkpt lon="2.825599" lat="39.814972"><ele>548.25</ele></trkpt>
   <trkpt lon="2.825735" lat="39.814902"><ele>548.0</ele></trkpt>
   <trkpt lon="2.825847" lat="39.814871"><ele>547.75</ele></trkpt>
   <trkpt lon="2.825958" lat="39.814872"><ele>547.5</ele></trkpt>
   <trkpt lon="2.826075" lat="39.814893"><ele>547.25</ele></trkpt>
   <trkpt lon="2.826252" lat="39.814956"><ele>547.25</ele></trkpt>
   <trkpt lon="2.826520" lat="39.815092"><ele>546.0</ele></trkpt>
   <trkpt lon="2.826746" lat="39.815215"><ele>544.75</ele></trkpt>
   <trkpt lon="2.826985" lat="39.815370"><ele>540.0</ele></trkpt>
   <trkpt lon="2.827119" lat="39.815483"><ele>539.75</ele></trkpt>
   <trkpt lon="2.827401" lat="39.815766"><ele>537.75</ele></trkpt>
   <trkpt lon="2.827520" lat="39.815852"><ele>538.0</ele></trkpt>
   <trkpt lon="2.827619" lat="39.815908"><ele>536.25</ele></trkpt>
   <trkpt lon="2.827749" lat="39.815945"><ele>536.5</ele></trkpt>
   <trkpt lon="2.827971" lat="39.815985"><ele>536.25</ele></trkpt>
   <trkpt lon="2.828282" lat="39.816023"><ele>536.25</ele></trkpt>
   <trkpt lon="2.829742" lat="39.816230"><ele>530.5</ele></trkpt>
   <trkpt lon="2.829800" lat="39.816279"><ele>529.75</ele></trkpt>
   <trkpt lon="2.829832" lat="39.816357"><ele>527.75</ele></trkpt>
   <trkpt lon="2.829858" lat="39.816440"><ele>528.0</ele></trkpt>
   <trkpt lon="2.829861" lat="39.816525"><ele>529.25</ele></trkpt>
   <trkpt lon="2.829832" lat="39.816621"><ele>530.0</ele></trkpt>
   <trkpt lon="2.829735" lat="39.816751"><ele>530.5</ele></trkpt>
   <trkpt lon="2.829545" lat="39.816937"><ele>531.25</ele></trkpt>
   <trkpt lon="2.828918" lat="39.817555"><ele>536.5</ele></trkpt>
   <trkpt lon="2.828762" lat="39.817724"><ele>536.25</ele></trkpt>
   <trkpt lon="2.828728" lat="39.817813"><ele>536.5</ele></trkpt>
   <trkpt lon="2.828734" lat="39.817910"><ele>536.75</ele></trkpt>
   <trkpt lon="2.828755" lat="39.817975"><ele>537.5</ele></trkpt>
   <trkpt lon="2.828806" lat="39.818054"><ele>538.75</ele></trkpt>
   <trkpt lon="2.828944" lat="39.818196"><ele>540.25</ele></trkpt>
   <trkpt lon="2.829040" lat="39.818261"><ele>541.5</ele></trkpt>
   <trkpt lon="2.829128" lat="39.818288"><ele>543.0</ele></trkpt>
   <trkpt lon="2.829574" lat="39.818368"><ele>546.75</ele></trkpt>
   <trkpt lon="2.829747" lat="39.818415"><ele>548.5</ele></trkpt>
   <trkpt lon="2.829837" lat="39.818451"><ele>549.5</ele><sym>left_slight</sym></trkpt>
   <trkpt lon="2.829882" lat="39.818521"><ele>550.0</ele></trkpt>
   <trkpt lon="2.829887" lat="39.818594"><ele>549.5</ele></trkpt>
   <trkpt lon="2.829857" lat="39.818660"><ele>549.75</ele></trkpt>
   <trkpt lon="2.829806" lat="39.818757"><ele>550.5</ele></trkpt>
   <trkpt lon="2.829578" lat="39.818957"><ele>548.75</ele></trkpt>
   <trkpt lon="2.829514" lat="39.819030"><ele>548.25</ele></trkpt>
   <trkpt lon="2.829505" lat="39.819107"><ele>549.25</ele></trkpt>
   <trkpt lon="2.829534" lat="39.819168"><ele>551.25</ele></trkpt>
   <trkpt lon="2.829650" lat="39.819306"><ele>553.25</ele></trkpt>
   <trkpt lon="2.829871" lat="39.819500"><ele>555.0</ele></trkpt>
   <trkpt lon="2.830009" lat="39.819650"><ele>556.0</ele></trkpt>
   <trkpt lon="2.830063" lat="39.819795"><ele>556.5</ele></trkpt>
   <trkpt lon="2.830078" lat="39.820004"><ele>557.5</ele></trkpt>
   <trkpt lon="2.830050" lat="39.820174"><ele>558.0</ele></trkpt>
   <trkpt lon="2.830014" lat="39.820316"><ele>558.5</ele></trkpt>
   <trkpt lon="2.829948" lat="39.820488"><ele>559.75</ele></trkpt>
   <trkpt lon="2.829848" lat="39.820625"><ele>560.25</ele></trkpt>
   <trkpt lon="2.829755" lat="39.820693"><ele>560.5</ele></trkpt>
   <trkpt lon="2.829612" lat="39.820770"><ele>561.25</ele></trkpt>
   <trkpt lon="2.829460" lat="39.820819"><ele>561.5</ele></trkpt>
   <trkpt lon="2.829118" lat="39.820905"><ele>561.25</ele></trkpt>
   <trkpt lon="2.828946" lat="39.820962"><ele>560.5</ele></trkpt>
   <trkpt lon="2.828842" lat="39.821030"><ele>560.5</ele></trkpt>
   <trkpt lon="2.828775" lat="39.821088"><ele>560.25</ele></trkpt>
   <trkpt lon="2.828673" lat="39.821235"><ele>560.75</ele></trkpt>
   <trkpt lon="2.828372" lat="39.821579"><ele>561.25</ele><sym>pass_place</sym><type>Shaping</type></trkpt>
   <trkpt lon="2.828253" lat="39.821664"><ele>561.25</ele></trkpt>
   <trkpt lon="2.828139" lat="39.821689"><ele>560.5</ele></trkpt>
   <trkpt lon="2.828033" lat="39.821690"><ele>559.0</ele></trkpt>
   <trkpt lon="2.827796" lat="39.821664"><ele>558.75</ele></trkpt>
   <trkpt lon="2.827730" lat="39.821674"><ele>557.75</ele></trkpt>
   <trkpt lon="2.827675" lat="39.821716"><ele>557.5</ele></trkpt>
   <trkpt lon="2.827652" lat="39.821779"><ele>558.5</ele></trkpt>
   <trkpt lon="2.827594" lat="39.822073"><ele>561.25</ele></trkpt>
   <trkpt lon="2.827508" lat="39.822251"><ele>556.0</ele></trkpt>
   <trkpt lon="2.827396" lat="39.822435"><ele>556.25</ele></trkpt>
   <trkpt lon="2.827338" lat="39.822560"><ele>557.25</ele></trkpt>
   <trkpt lon="2.827311" lat="39.822652"><ele>557.5</ele></trkpt>
   <trkpt lon="2.827308" lat="39.822770"><ele>558.75</ele></trkpt>
   <trkpt lon="2.827337" lat="39.822887"><ele>559.0</ele></trkpt>
   <trkpt lon="2.827384" lat="39.823007"><ele>559.5</ele></trkpt>
   <trkpt lon="2.827528" lat="39.823262"><ele>559.5</ele></trkpt>
   <trkpt lon="2.827732" lat="39.823499"><ele>561.5</ele></trkpt>
   <trkpt lon="2.827943" lat="39.823680"><ele>564.25</ele></trkpt>
   <trkpt lon="2.828442" lat="39.824108"><ele>565.25</ele></trkpt>
   <trkpt lon="2.829089" lat="39.824749"><ele>568.0</ele></trkpt>
   <trkpt lon="2.829193" lat="39.824880"><ele>569.0</ele></trkpt>
   <trkpt lon="2.829304" lat="39.825140"><ele>568.75</ele></trkpt>
   <trkpt lon="2.829370" lat="39.825240"><ele>570.0</ele></trkpt>
   <trkpt lon="2.829497" lat="39.825490"><ele>572.25</ele></trkpt>
   <trkpt lon="2.829562" lat="39.825724"><ele>572.25</ele></trkpt>
   <trkpt lon="2.829599" lat="39.825902"><ele>572.25</ele></trkpt>
   <trkpt lon="2.829652" lat="39.826084"><ele>573.0</ele></trkpt>
   <trkpt lon="2.829713" lat="39.826214"><ele>573.5</ele></trkpt>
   <trkpt lon="2.829925" lat="39.826533"><ele>574.5</ele></trkpt>
   <trkpt lon="2.829997" lat="39.826607"><ele>574.75</ele></trkpt>
   <trkpt lon="2.830596" lat="39.827107"><ele>578.0</ele></trkpt>
   <trkpt lon="2.831291" lat="39.827599"><ele>575.75</ele></trkpt>
   <trkpt lon="2.831529" lat="39.827749"><ele>575.75</ele></trkpt>
   <trkpt lon="2.831668" lat="39.827793"><ele>576.75</ele></trkpt>
   <trkpt lon="2.831764" lat="39.827812"><ele>576.75</ele></trkpt>
   <trkpt lon="2.832413" lat="39.827890"><ele>582.0</ele></trkpt>
   <trkpt lon="2.832867" lat="39.828014"><ele>585.5</ele></trkpt>
   <trkpt lon="2.833164" lat="39.828101"><ele>587.5</ele></trkpt>
   <trkpt lon="2.833371" lat="39.828185"><ele>588.0</ele></trkpt>
   <trkpt lon="2.833686" lat="39.828348"><ele>587.0</ele></trkpt>
   <trkpt lon="2.833916" lat="39.828401"><ele>588.25</ele></trkpt>
   <trkpt lon="2.834142" lat="39.828435"><ele>591.0</ele></trkpt>
   <trkpt lon="2.834228" lat="39.828442"><ele>591.25</ele></trkpt>
   <trkpt lon="2.834365" lat="39.828428"><ele>592.25</ele></trkpt>
   <trkpt lon="2.835249" lat="39.828211"><ele>600.0</ele></trkpt>
   <trkpt lon="2.835559" lat="39.828165"><ele>602.25</ele></trkpt>
   <trkpt lon="2.835900" lat="39.828158"><ele>601.0</ele></trkpt>
   <trkpt lon="2.836156" lat="39.828184"><ele>601.75</ele></trkpt>
   <trkpt lon="2.836409" lat="39.828272"><ele>603.25</ele></trkpt>
   <trkpt lon="2.836535" lat="39.828332"><ele>604.25</ele></trkpt>
   <trkpt lon="2.836789" lat="39.828482"><ele>605.75</ele></trkpt>
   <trkpt lon="2.836922" lat="39.828578"><ele>605.25</ele></trkpt>
   <trkpt lon="2.837027" lat="39.828616"><ele>604.5</ele></trkpt>
   <trkpt lon="2.837167" lat="39.828640"><ele>602.5</ele></trkpt>
   <trkpt lon="2.837220" lat="39.828646"><ele>602.5</ele></trkpt>
   <trkpt lon="2.837308" lat="39.828645"><ele>603.0</ele></trkpt>
   <trkpt lon="2.837421" lat="39.828632"><ele>605.25</ele></trkpt>
   <trkpt lon="2.837654" lat="39.828568"><ele>608.25</ele></trkpt>
   <trkpt lon="2.838020" lat="39.828445"><ele>606.75</ele></trkpt>
   <trkpt lon="2.838092" lat="39.828402"><ele>606.5</ele></trkpt>
   <trkpt lon="2.838158" lat="39.828314"><ele>607.0</ele></trkpt>
   <trkpt lon="2.838383" lat="39.827857"><ele>605.0</ele></trkpt>
   <trkpt lon="2.838615" lat="39.827500"><ele>606.75</ele></trkpt>
   <trkpt lon="2.838823" lat="39.827204"><ele>609.5</ele></trkpt>
   <trkpt lon="2.838881" lat="39.827061"><ele>609.5</ele></trkpt>
   <trkpt lon="2.838917" lat="39.826924"><ele>609.75</ele></trkpt>
   <trkpt lon="2.839078" lat="39.826308"><ele>611.75</ele></trkpt>
   <trkpt lon="2.839135" lat="39.826124"><ele>613.0</ele></trkpt>
   <trkpt lon="2.839168" lat="39.826056"><ele>613.25</ele></trkpt>
   <trkpt lon="2.839224" lat="39.825990"><ele>613.75</ele></trkpt>
   <trkpt lon="2.839360" lat="39.825887"><ele>614.5</ele></trkpt>
   <trkpt lon="2.839446" lat="39.825854"><ele>614.75</ele></trkpt>
   <trkpt lon="2.839520" lat="39.825835"><ele>615.25</ele></trkpt>
   <trkpt lon="2.839635" lat="39.825821"><ele>616.0</ele></trkpt>
   <trkpt lon="2.839776" lat="39.825809"><ele>617.0</ele><sym>pass_place</sym><type>Shaping</type></trkpt>
   <trkpt lon="2.840431" lat="39.825785"><ele>620.5</ele></trkpt>
   <trkpt lon="2.840857" lat="39.825776"><ele>622.75</ele></trkpt>
   <trkpt lon="2.841095" lat="39.825800"><ele>622.5</ele></trkpt>
   <trkpt lon="2.841490" lat="39.825858"><ele>626.5</ele></trkpt>
   <trkpt lon="2.841522" lat="39.825896"><ele>627.0</ele></trkpt>
   <trkpt lon="2.841531" lat="39.825939"><ele>627.0</ele></trkpt>
   <trkpt lon="2.841505" lat="39.826001"><ele>626.25</ele></trkpt>
   <trkpt lon="2.841423" lat="39.826093"><ele>624.5</ele></trkpt>
   <trkpt lon="2.841345" lat="39.826221"><ele>623.0</ele></trkpt>
   <trkpt lon="2.841329" lat="39.826276"><ele>622.5</ele></trkpt>
   <trkpt lon="2.841342" lat="39.826332"><ele>623.5</ele></trkpt>
   <trkpt lon="2.841385" lat="39.826375"><ele>625.5</ele></trkpt>
   <trkpt lon="2.841497" lat="39.826432"><ele>625.75</ele></trkpt>
   <trkpt lon="2.841736" lat="39.826523"><ele>626.0</ele></trkpt>
   <trkpt lon="2.841858" lat="39.826562"><ele>627.0</ele></trkpt>
   <trkpt lon="2.841962" lat="39.826575"><ele>628.5</ele></trkpt>
   <trkpt lon="2.842122" lat="39.826572"><ele>629.25</ele></trkpt>
   <trkpt lon="2.842541" lat="39.826543"><ele>630.0</ele></trkpt>
   <trkpt lon="2.843518" lat="39.826484"><ele>633.75</ele></trkpt>
   <trkpt lon="2.843841" lat="39.826467"><ele>633.25</ele></trkpt>
   <trkpt lon="2.844004" lat="39.826454"><ele>632.5</ele></trkpt>
   <trkpt lon="2.844830" lat="39.826330"><ele>633.0</ele></trkpt>
   <trkpt lon="2.846052" lat="39.826090"><ele>630.75</ele></trkpt>
   <trkpt lon="2.846190" lat="39.826079"><ele>631.0</ele></trkpt>
   <trkpt lon="2.846461" lat="39.826100"><ele>630.0</ele></trkpt>
   <trkpt lon="2.846997" lat="39.826158"><ele>633.25</ele></trkpt>
   <trkpt lon="2.847210" lat="39.826176"><ele>636.25</ele></trkpt>
   <trkpt lon="2.847306" lat="39.826164"><ele>636.25</ele></trkpt>
   <trkpt lon="2.847417" lat="39.826139"><ele>636.0</ele></trkpt>
   <trkpt lon="2.847564" lat="39.826086"><ele>636.0</ele></trkpt>
   <trkpt lon="2.847645" lat="39.826039"><ele>636.5</ele></trkpt>
   <trkpt lon="2.847716" lat="39.825977"><ele>636.75</ele></trkpt>
   <trkpt lon="2.847797" lat="39.825884"><ele>637.25</ele></trkpt>
   <trkpt lon="2.847916" lat="39.825701"><ele>638.25</ele></trkpt>
   <trkpt lon="2.847978" lat="39.825618"><ele>638.75</ele></trkpt>
   <trkpt lon="2.848057" lat="39.825571"><ele>638.75</ele></trkpt>
   <trkpt lon="2.849233" lat="39.825134"><ele>641.0</ele></trkpt>
   <trkpt lon="2.850090" lat="39.824921"><ele>641.5</ele></trkpt>
   <trkpt lon="2.850231" lat="39.824865"><ele>642.0</ele></trkpt>
   <trkpt lon="2.850307" lat="39.824824"><ele>641.75</ele></trkpt>
   <trkpt lon="2.850948" lat="39.824365"><ele>639.0</ele></trkpt>
   <trkpt lon="2.851227" lat="39.824138"><ele>636.5</ele></trkpt>
   <trkpt lon="2.851535" lat="39.823872"><ele>637.5</ele></trkpt>
   <trkpt lon="2.851711" lat="39.823591"><ele>638.25</ele></trkpt>
   <trkpt lon="2.851775" lat="39.823518"><ele>638.25</ele></trkpt>
   <trkpt lon="2.851871" lat="39.823439"><ele>637.75</ele></trkpt>
   <trkpt lon="2.852032" lat="39.823326"><ele>637.75</ele></trkpt>
   <trkpt lon="2.852139" lat="39.823276"><ele>638.0</ele></trkpt>
   <trkpt lon="2.852240" lat="39.823252"><ele>637.75</ele></trkpt>
   <trkpt lon="2.852386" lat="39.823234"><ele>637.0</ele></trkpt>
   <trkpt lon="2.852571" lat="39.823221"><ele>635.5</ele></trkpt>
   <trkpt lon="2.852688" lat="39.823192"><ele>634.5</ele></trkpt>
   <trkpt lon="2.852793" lat="39.823154"><ele>633.75</ele></trkpt>
   <trkpt lon="2.853019" lat="39.823048"><ele>633.5</ele></trkpt>
   <trkpt lon="2.853315" lat="39.822889"><ele>632.25</ele></trkpt>
   <trkpt lon="2.853693" lat="39.822653"><ele>633.5</ele></trkpt>
   <trkpt lon="2.853889" lat="39.822520"><ele>633.5</ele></trkpt>
   <trkpt lon="2.853975" lat="39.822485"><ele>634.75</ele></trkpt>
   <trkpt lon="2.854069" lat="39.822478"><ele>635.75</ele></trkpt>
   <trkpt lon="2.854162" lat="39.822486"><ele>635.75</ele></trkpt>
   <trkpt lon="2.854256" lat="39.822504"><ele>636.0</ele></trkpt>
   <trkpt lon="2.854382" lat="39.822538"><ele>637.75</ele></trkpt>
   <trkpt lon="2.854423" lat="39.822540"><ele>638.25</ele></trkpt>
   <trkpt lon="2.854562" lat="39.822538"><ele>638.25</ele></trkpt>
   <trkpt lon="2.854728" lat="39.822516"><ele>638.5</ele></trkpt>
   <trkpt lon="2.855471" lat="39.822372"><ele>637.75</ele></trkpt>
   <trkpt lon="2.855605" lat="39.822375"><ele>638.0</ele></trkpt>
   <trkpt lon="2.855712" lat="39.822392"><ele>638.5</ele></trkpt>
   <trkpt lon="2.855826" lat="39.822433"><ele>638.75</ele></trkpt>
   <trkpt lon="2.855908" lat="39.822489"><ele>638.5</ele></trkpt>
   <trkpt lon="2.855995" lat="39.822602"><ele>638.5</ele></trkpt>
   <trkpt lon="2.856051" lat="39.822727"><ele>639.0</ele></trkpt>
   <trkpt lon="2.856161" lat="39.823034"><ele>641.75</ele></trkpt>
   <trkpt lon="2.856354" lat="39.823480"><ele>644.25</ele></trkpt>
   <trkpt lon="2.856413" lat="39.823594"><ele>646.25</ele></trkpt>
   <trkpt lon="2.856465" lat="39.823662"><ele>646.5</ele></trkpt>
   <trkpt lon="2.856556" lat="39.823738"><ele>646.75</ele></trkpt>
   <trkpt lon="2.856686" lat="39.823818"><ele>647.5</ele></trkpt>
   <trkpt lon="2.857005" lat="39.823966"><ele>647.25</ele><sym>pass_place</sym><type>Shaping</type></trkpt>
   <trkpt lon="2.857413" lat="39.824115"><ele>647.5</ele></trkpt>
   <trkpt lon="2.857507" lat="39.824137"><ele>648.0</ele></trkpt>
   <trkpt lon="2.857735" lat="39.824150"><ele>647.5</ele></trkpt>
   <trkpt lon="2.857821" lat="39.824164"><ele>647.5</ele></trkpt>
   <trkpt lon="2.857919" lat="39.824198"><ele>647.5</ele></trkpt>
   <trkpt lon="2.858060" lat="39.824275"><ele>647.5</ele></trkpt>
   <trkpt lon="2.858650" lat="39.824646"><ele>649.0</ele></trkpt>
   <trkpt lon="2.858792" lat="39.824721"><ele>648.75</ele></trkpt>
   <trkpt lon="2.858913" lat="39.824774"><ele>649.25</ele></trkpt>
   <trkpt lon="2.859037" lat="39.824801"><ele>649.25</ele></trkpt>
   <trkpt lon="2.859140" lat="39.824793"><ele>649.5</ele></trkpt>
   <trkpt lon="2.859218" lat="39.824767"><ele>649.5</ele></trkpt>
   <trkpt lon="2.860047" lat="39.824382"><ele>648.75</ele></trkpt>
   <trkpt lon="2.860981" lat="39.823927"><ele>648.0</ele></trkpt>
   <trkpt lon="2.861045" lat="39.823867"><ele>648.5</ele></trkpt>
   <trkpt lon="2.861072" lat="39.823815"><ele>648.5</ele></trkpt>
   <trkpt lon="2.861088" lat="39.823720"><ele>649.0</ele></trkpt>
   <trkpt lon="2.860999" lat="39.823451"><ele>653.25</ele></trkpt>
   <trkpt lon="2.860986" lat="39.823371"><ele>653.25</ele></trkpt>
   <trkpt lon="2.861018" lat="39.823310"><ele>653.0</ele></trkpt>
   <trkpt lon="2.861088" lat="39.823268"><ele>653.5</ele></trkpt>
   <trkpt lon="2.861195" lat="39.823241"><ele>654.25</ele></trkpt>
   <trkpt lon="2.861357" lat="39.823246"><ele>653.5</ele></trkpt>
   <trkpt lon="2.861517" lat="39.823271"><ele>654.0</ele></trkpt>
   <trkpt lon="2.861743" lat="39.823327"><ele>654.0</ele></trkpt>
   <trkpt lon="2.861834" lat="39.823344"><ele>654.0</ele></trkpt>
   <trkpt lon="2.861909" lat="39.823349"><ele>654.75</ele></trkpt>
   <trkpt lon="2.861948" lat="39.823339"><ele>655.5</ele></trkpt>
   <trkpt lon="2.861989" lat="39.823315"><ele>655.25</ele></trkpt>
   <trkpt lon="2.862121" lat="39.823201"><ele>655.75</ele></trkpt>
   <trkpt lon="2.862202" lat="39.823148"><ele>656.0</ele></trkpt>
   <trkpt lon="2.862286" lat="39.823108"><ele>657.0</ele></trkpt>
   <trkpt lon="2.862392" lat="39.823087"><ele>658.0</ele></trkpt>
   <trkpt lon="2.862534" lat="39.823083"><ele>658.5</ele></trkpt>
   <trkpt lon="2.862776" lat="39.823088"><ele>660.5</ele></trkpt>
   <trkpt lon="2.862898" lat="39.823075"><ele>660.75</ele></trkpt>
   <trkpt lon="2.862971" lat="39.823057"><ele>660.75</ele></trkpt>
   <trkpt lon="2.863057" lat="39.823023"><ele>661.25</ele></trkpt>
   <trkpt lon="2.863580" lat="39.822711"><ele>659.0</ele></trkpt>
   <trkpt lon="2.863980" lat="39.822476"><ele>660.0</ele></trkpt>
   <trkpt lon="2.864494" lat="39.822149"><ele>662.0</ele></trkpt>
   <trkpt lon="2.864674" lat="39.822052"><ele>663.0</ele></trkpt>
   <trkpt lon="2.864803" lat="39.822022"><ele>663.5</ele></trkpt>
   <trkpt lon="2.864894" lat="39.822008"><ele>664.0</ele></trkpt>
   <trkpt lon="2.865009" lat="39.822009"><ele>664.25</ele></trkpt>
   <trkpt lon="2.865181" lat="39.822052"><ele>665.5</ele></trkpt>
   <trkpt lon="2.865448" lat="39.822197"><ele>665.5</ele></trkpt>
   <trkpt lon="2.865543" lat="39.822218"><ele>666.75</ele></trkpt>
   <trkpt lon="2.865637" lat="39.822217"><ele>667.25</ele></trkpt>
   <trkpt lon="2.865701" lat="39.822204"><ele>667.75</ele></trkpt>
   <trkpt lon="2.865801" lat="39.822152"><ele>668.75</ele></trkpt>
   <trkpt lon="2.866397" lat="39.821718"><ele>669.75</ele></trkpt>
   <trkpt lon="2.866512" lat="39.821644"><ele>669.75</ele></trkpt>
   <trkpt lon="2.866646" lat="39.821581"><ele>669.25</ele></trkpt>
   <trkpt lon="2.866775" lat="39.821540"><ele>669.5</ele></trkpt>
   <trkpt lon="2.866935" lat="39.821520"><ele>669.0</ele></trkpt>
   <trkpt lon="2.867134" lat="39.821528"><ele>670.0</ele></trkpt>
   <trkpt lon="2.867262" lat="39.821545"><ele>670.25</ele></trkpt>
   <trkpt lon="2.867427" lat="39.821581"><ele>670.75</ele></trkpt>
   <trkpt lon="2.867727" lat="39.821688"><ele>671.25</ele></trkpt>
   <trkpt lon="2.867909" lat="39.821729"><ele>672.0</ele></trkpt>
   <trkpt lon="2.868694" lat="39.821859"><ele>675.0</ele></trkpt>
   <trkpt lon="2.868784" lat="39.821865"><ele>675.25</ele></trkpt>
   <trkpt lon="2.868946" lat="39.821859"><ele>676.0</ele></trkpt>
   <trkpt lon="2.869250" lat="39.821830"><ele>677.0</ele></trkpt>
   <trkpt lon="2.869433" lat="39.821798"><ele>677.5</ele></trkpt>
   <trkpt lon="2.869781" lat="39.821718"><ele>677.25</ele></trkpt>
   <trkpt lon="2.869893" lat="39.821683"><ele>677.0</ele></trkpt>
   <trkpt lon="2.870046" lat="39.821612"><ele>676.75</ele></trkpt>
   <trkpt lon="2.870249" lat="39.821502"><ele>676.0</ele></trkpt>
   <trkpt lon="2.870390" lat="39.821434"><ele>676.0</ele></trkpt>
   <trkpt lon="2.871176" lat="39.821106"><ele>674.75</ele></trkpt>
   <trkpt lon="2.872072" lat="39.820745"><ele>671.5</ele></trkpt>
   <trkpt lon="2.872302" lat="39.820636"><ele>671.0</ele></trkpt>
   <trkpt lon="2.872403" lat="39.820591"><ele>671.0</ele></trkpt>
   <trkpt lon="2.872582" lat="39.820498"><ele>671.0</ele></trkpt>
   <trkpt lon="2.872720" lat="39.820437"><ele>671.25</ele></trkpt>
   <trkpt lon="2.872885" lat="39.820398"><ele>671.75</ele></trkpt>
   <trkpt lon="2.873092" lat="39.820389"><ele>672.25</ele></trkpt>
   <trkpt lon="2.873246" lat="39.820399"><ele>672.75</ele></trkpt>
   <trkpt lon="2.873820" lat="39.820505"><ele>672.75</ele></trkpt>
   <trkpt lon="2.874284" lat="39.820642"><ele>673.25</ele></trkpt>
   <trkpt lon="2.874356" lat="39.820646"><ele>673.25</ele></trkpt>
   <trkpt lon="2.874456" lat="39.820614"><ele>673.5</ele></trkpt>
   <trkpt lon="2.874608" lat="39.820495"><ele>672.5</ele></trkpt>
   <trkpt lon="2.874711" lat="39.820399"><ele>671.5</ele></trkpt>
   <trkpt lon="2.874921" lat="39.820231"><ele>669.75</ele><sym>pass_place</sym><type>Shaping</type></trkpt>
   <trkpt lon="2.875012" lat="39.820206"><ele>669.0</ele></trkpt>
   <trkpt lon="2.875217" lat="39.820175"><ele>667.75</ele></trkpt>
   <trkpt lon="2.875451" lat="39.820148"><ele>665.75</ele></trkpt>
   <trkpt lon="2.875633" lat="39.820116"><ele>664.75</ele></trkpt>
   <trkpt lon="2.875751" lat="39.820082"><ele>664.0</ele></trkpt>
   <trkpt lon="2.876001" lat="39.819971"><ele>663.25</ele></trkpt>
   <trkpt lon="2.876218" lat="39.819841"><ele>661.75</ele></trkpt>
   <trkpt lon="2.876291" lat="39.819766"><ele>661.25</ele></trkpt>
   <trkpt lon="2.876342" lat="39.819653"><ele>661.0</ele></trkpt>
   <trkpt lon="2.876396" lat="39.819505"><ele>660.5</ele></trkpt>
   <trkpt lon="2.876444" lat="39.819321"><ele>659.0</ele></trkpt>
   <trkpt lon="2.876485" lat="39.819052"><ele>658.0</ele></trkpt>
   <trkpt lon="2.876508" lat="39.818812"><ele>658.5</ele></trkpt>
   <trkpt lon="2.876529" lat="39.818717"><ele>658.25</ele></trkpt>
   <trkpt lon="2.876568" lat="39.818614"><ele>657.5</ele></trkpt>
   <trkpt lon="2.876649" lat="39.818501"><ele>657.25</ele></trkpt>
   <trkpt lon="2.876841" lat="39.818339"><ele>656.0</ele></trkpt>
   <trkpt lon="2.876975" lat="39.818269"><ele>654.5</ele></trkpt>
   <trkpt lon="2.877069" lat="39.818236"><ele>652.75</ele></trkpt>
   <trkpt lon="2.877157" lat="39.818187"><ele>651.75</ele></trkpt>
   <trkpt lon="2.877203" lat="39.818137"><ele>652.0</ele></trkpt>
   <trkpt lon="2.877227" lat="39.818087"><ele>652.5</ele></trkpt>
   <trkpt lon="2.877305" lat="39.817711"><ele>649.0</ele></trkpt>
   <trkpt lon="2.877312" lat="39.817645"><ele>648.25</ele></trkpt>
   <trkpt lon="2.877298" lat="39.817597"><ele>648.5</ele></trkpt>
   <trkpt lon="2.877255" lat="39.817515"><ele>649.0</ele></trkpt>
   <trkpt lon="2.877208" lat="39.817450"><ele>650.0</ele></trkpt>
   <trkpt lon="2.877167" lat="39.817360"><ele>650.75</ele></trkpt>
   <trkpt lon="2.877151" lat="39.817287"><ele>650.25</ele></trkpt>
   <trkpt lon="2.877159" lat="39.817178"><ele>649.25</ele></trkpt>
   <trkpt lon="2.877182" lat="39.817096"><ele>649.25</ele></trkpt>
   <trkpt lon="2.877216" lat="39.817036"><ele>649.0</ele></trkpt>
   <trkpt lon="2.877275" lat="39.816989"><ele>648.5</ele></trkpt>
   <trkpt lon="2.877372" lat="39.816962"><ele>647.25</ele></trkpt>
   <trkpt lon="2.877494" lat="39.816947"><ele>646.0</ele></trkpt>
   <trkpt lon="2.877662" lat="39.816939"><ele>645.5</ele></trkpt>
   <trkpt lon="2.877846" lat="39.816964"><ele>644.5</ele></trkpt>
   <trkpt lon="2.878152" lat="39.817065"><ele>641.0</ele></trkpt>
   <trkpt lon="2.878203" lat="39.817067"><ele>640.5</ele></trkpt>
   <trkpt lon="2.878261" lat="39.817056"><ele>640.0</ele></trkpt>
   <trkpt lon="2.878312" lat="39.816997"><ele>640.5</ele></trkpt>
   <trkpt lon="2.878317" lat="39.816957"><ele>641.0</ele></trkpt>
   <trkpt lon="2.878306" lat="39.816922"><ele>641.0</ele></trkpt>
   <trkpt lon="2.878174" lat="39.816651"><ele>640.5</ele></trkpt>
   <trkpt lon="2.878171" lat="39.816533"><ele>640.75</ele></trkpt>
   <trkpt lon="2.878189" lat="39.816450"><ele>640.0</ele></trkpt>
   <trkpt lon="2.878239" lat="39.816327"><ele>639.25</ele></trkpt>
   <trkpt lon="2.878327" lat="39.816192"><ele>638.0</ele></trkpt>
   <trkpt lon="2.878442" lat="39.816069"><ele>637.5</ele></trkpt>
   <trkpt lon="2.878512" lat="39.816012"><ele>637.25</ele></trkpt>
   <trkpt lon="2.878623" lat="39.815959"><ele>635.5</ele></trkpt>
   <trkpt lon="2.878842" lat="39.815880"><ele>632.5</ele></trkpt>
   <trkpt lon="2.879143" lat="39.815739"><ele>632.75</ele></trkpt>
   <trkpt lon="2.879256" lat="39.815700"><ele>632.75</ele></trkpt>
   <trkpt lon="2.879364" lat="39.815685"><ele>632.0</ele></trkpt>
   <trkpt lon="2.879448" lat="39.815679"><ele>631.0</ele></trkpt>
   <trkpt lon="2.879703" lat="39.815715"><ele>629.0</ele></trkpt>
   <trkpt lon="2.879846" lat="39.815745"><ele>627.75</ele></trkpt>
   <trkpt lon="2.880134" lat="39.815776"><ele>626.25</ele></trkpt>
   <trkpt lon="2.880528" lat="39.815803"><ele>624.25</ele></trkpt>
   <trkpt lon="2.880647" lat="39.815790"><ele>623.5</ele></trkpt>
   <trkpt lon="2.880736" lat="39.815761"><ele>623.25</ele></trkpt>
   <trkpt lon="2.880814" lat="39.815717"><ele>623.5</ele></trkpt>
   <trkpt lon="2.881053" lat="39.815540"><ele>622.5</ele></trkpt>
   <trkpt lon="2.881200" lat="39.815460"><ele>622.75</ele></trkpt>
   <trkpt lon="2.881313" lat="39.815406"><ele>622.75</ele></trkpt>
   <trkpt lon="2.881486" lat="39.815368"><ele>621.75</ele></trkpt>
   <trkpt lon="2.881624" lat="39.815354"><ele>620.5</ele></trkpt>
   <trkpt lon="2.881757" lat="39.815362"><ele>619.25</ele></trkpt>
   <trkpt lon="2.882326" lat="39.815497"><ele>616.25</ele></trkpt>
   <trkpt lon="2.882409" lat="39.815508"><ele>615.75</ele></trkpt>
   <trkpt lon="2.882522" lat="39.815507"><ele>615.5</ele></trkpt>
   <trkpt lon="2.882701" lat="39.815498"><ele>614.75</ele></trkpt>
   <trkpt lon="2.882943" lat="39.815498"><ele>614.0</ele></trkpt>
   <trkpt lon="2.883656" lat="39.815421"><ele>612.0</ele></trkpt>
   <trkpt lon="2.884307" lat="39.815417"><ele>606.5</ele></trkpt>
   <trkpt lon="2.884705" lat="39.815336"><ele>604.25</ele></trkpt>
   <trkpt lon="2.884780" lat="39.815325"><ele>604.25</ele></trkpt>
   <trkpt lon="2.884879" lat="39.815323"><ele>604.5</ele></trkpt>
   <trkpt lon="2.884977" lat="39.815343"><ele>603.75</ele></trkpt>
   <trkpt lon="2.885046" lat="39.815370"><ele>603.5</ele></trkpt>
   <trkpt lon="2.885528" lat="39.815638"><ele>598.75</ele></trkpt>
   <trkpt lon="2.885625" lat="39.815670"><ele>597.75</ele></trkpt>
   <trkpt lon="2.885757" lat="39.815692"><ele>596.75</ele></trkpt>
   <trkpt lon="2.885932" lat="39.815730"><ele>596.25</ele></trkpt>
   <trkpt lon="2.886061" lat="39.815776"><ele>596.0</ele></trkpt>
   <trkpt lon="2.886405" lat="39.815955"><ele>596.5</ele></trkpt>
   <trkpt lon="2.886475" lat="39.815978"><ele>595.5</ele></trkpt>
   <trkpt lon="2.886531" lat="39.815989"><ele>595.0</ele></trkpt>
   <trkpt lon="2.886602" lat="39.815981"><ele>594.5</ele></trkpt>
   <trkpt lon="2.886692" lat="39.815954"><ele>593.75</ele></trkpt>
   <trkpt lon="2.886973" lat="39.815786"><ele>592.0</ele></trkpt>
   <trkpt lon="2.887328" lat="39.815601"><ele>590.0</ele></trkpt>
   <trkpt lon="2.887586" lat="39.815504"><ele>588.25</ele></trkpt>
   <trkpt lon="2.887808" lat="39.815430"><ele>587.25</ele></trkpt>
   <trkpt lon="2.887943" lat="39.815376"><ele>586.5</ele></trkpt>
   <trkpt lon="2.888032" lat="39.815312"><ele>586.0</ele></trkpt>
   <trkpt lon="2.888186" lat="39.815175"><ele>584.75</ele></trkpt>
   <trkpt lon="2.888849" lat="39.814304"><ele>578.5</ele></trkpt>
   <trkpt lon="2.889122" lat="39.813930"><ele>577.5</ele></trkpt>
   <trkpt lon="2.889369" lat="39.813511"><ele>575.25</ele></trkpt>
   <trkpt lon="2.889369" lat="39.813509"><ele>575.0</ele><sym>pass_place</sym><type>Shaping</type></trkpt>
   <trkpt lon="2.889468" lat="39.813337"><ele>575.0</ele><sym>left</sym></trkpt>
   <trkpt lon="2.889578" lat="39.813395"><ele>574.5</ele></trkpt>
   <trkpt lon="2.889713" lat="39.813468"><ele>573.0</ele></trkpt>
   <trkpt lon="2.890171" lat="39.813778"><ele>568.25</ele></trkpt>
   <trkpt lon="2.890319" lat="39.813883"><ele>566.5</ele></trkpt>
   <trkpt lon="2.890761" lat="39.814412"><ele>562.0</ele></trkpt>
   <trkpt lon="2.890873" lat="39.814468"><ele>562.0</ele></trkpt>
   <trkpt lon="2.891028" lat="39.814523"><ele>560.75</ele></trkpt>
   <trkpt lon="2.891630" lat="39.814622"><ele>560.0</ele></trkpt>
   <trkpt lon="2.891798" lat="39.814667"><ele>559.0</ele></trkpt>
   <trkpt lon="2.892226" lat="39.814867"><ele>554.25</ele></trkpt>
   <trkpt lon="2.892561" lat="39.815029"><ele>552.5</ele></trkpt>
   <trkpt lon="2.892872" lat="39.815153"><ele>552.0</ele></trkpt>
   <trkpt lon="2.893260" lat="39.815224"><ele>549.25</ele></trkpt>
   <trkpt lon="2.893771" lat="39.815295"><ele>547.5</ele></trkpt>
   <trkpt lon="2.894761" lat="39.815453"><ele>543.0</ele></trkpt>
   <trkpt lon="2.895397" lat="39.815536"><ele>540.5</ele></trkpt>
   <trkpt lon="2.895659" lat="39.815580"><ele>539.0</ele></trkpt>
   <trkpt lon="2.896028" lat="39.815650"><ele>537.5</ele></trkpt>
   <trkpt lon="2.896211" lat="39.815724"><ele>536.75</ele></trkpt>
   <trkpt lon="2.896282" lat="39.815784"><ele>536.25</ele></trkpt>
   <trkpt lon="2.896310" lat="39.815808"><ele>536.0</ele></trkpt>
   <trkpt lon="2.896349" lat="39.815879"><ele>535.25</ele></trkpt>
   <trkpt lon="2.896380" lat="39.815977"><ele>534.25</ele></trkpt>
   <trkpt lon="2.896367" lat="39.816072"><ele>533.25</ele></trkpt>
   <trkpt lon="2.896300" lat="39.816170"><ele>532.0</ele></trkpt>
   <trkpt lon="2.896216" lat="39.816238"><ele>531.25</ele></trkpt>
   <trkpt lon="2.896067" lat="39.816304"><ele>530.75</ele></trkpt>
   <trkpt lon="2.895805" lat="39.816383"><ele>530.75</ele></trkpt>
   <trkpt lon="2.895383" lat="39.816460"><ele>528.5</ele></trkpt>
   <trkpt lon="2.895195" lat="39.816502"><ele>528.0</ele></trkpt>
   <trkpt lon="2.894260" lat="39.816687"><ele>525.25</ele></trkpt>
   <trkpt lon="2.894107" lat="39.816740"><ele>525.0</ele></trkpt>
   <trkpt lon="2.893988" lat="39.816806"><ele>524.75</ele></trkpt>
   <trkpt lon="2.893917" lat="39.816876"><ele>524.75</ele></trkpt>
   <trkpt lon="2.893892" lat="39.816912"><ele>524.75</ele></trkpt>
   <trkpt lon="2.893803" lat="39.817106"><ele>524.5</ele></trkpt>
   <trkpt lon="2.893787" lat="39.817195"><ele>524.5</ele></trkpt>
   <trkpt lon="2.893761" lat="39.817264"><ele>523.75</ele></trkpt>
   <trkpt lon="2.893729" lat="39.817296"><ele>523.0</ele></trkpt>
   <trkpt lon="2.893707" lat="39.817319"><ele>522.25</ele></trkpt>
   <trkpt lon="2.893573" lat="39.817368"><ele>520.75</ele></trkpt>
   <trkpt lon="2.892704" lat="39.817581"><ele>519.0</ele></trkpt>
   <trkpt lon="2.892585" lat="39.817626"><ele>518.5</ele></trkpt>
   <trkpt lon="2.892493" lat="39.817702"><ele>517.75</ele></trkpt>
   <trkpt lon="2.892477" lat="39.817777"><ele>516.75</ele></trkpt>
   <trkpt lon="2.892489" lat="39.817865"><ele>516.25</ele></trkpt>
   <trkpt lon="2.892547" lat="39.818070"><ele>514.75</ele></trkpt>
   <trkpt lon="2.892669" lat="39.818637"><ele>511.5</ele></trkpt>
   <trkpt lon="2.892708" lat="39.819537"><ele>505.5</ele></trkpt>
   <trkpt lon="2.892708" lat="39.819640"><ele>505.5</ele></trkpt>
   <trkpt lon="2.892694" lat="39.819715"><ele>505.5</ele></trkpt>
   <trkpt lon="2.892648" lat="39.819778"><ele>504.75</ele></trkpt>
   <trkpt lon="2.892379" lat="39.819992"><ele>503.0</ele></trkpt>
   <trkpt lon="2.892329" lat="39.820051"><ele>502.25</ele></trkpt>
   <trkpt lon="2.892284" lat="39.820129"><ele>501.25</ele></trkpt>
   <trkpt lon="2.892287" lat="39.820260"><ele>499.25</ele></trkpt>
   <trkpt lon="2.892354" lat="39.820565"><ele>495.75</ele></trkpt>
   <trkpt lon="2.892400" lat="39.820739"><ele>495.0</ele></trkpt>
   <trkpt lon="2.892456" lat="39.820792"><ele>495.0</ele><sym>left</sym></trkpt>
   <trkpt lon="2.892418" lat="39.820822"><ele>494.75</ele></trkpt>
   <trkpt lon="2.892379" lat="39.820847"><ele>494.25</ele></trkpt>
   <trkpt lon="2.892317" lat="39.820869"><ele>493.75</ele></trkpt>
   <trkpt lon="2.891194" lat="39.821195"><ele>490.5</ele></trkpt>
   <trkpt lon="2.890931" lat="39.821272"><ele>490.0</ele></trkpt>
   <trkpt lon="2.890075" lat="39.821528"><ele>487.0</ele></trkpt>
   <trkpt lon="2.889325" lat="39.821740"><ele>483.75</ele></trkpt>
   <trkpt lon="2.889059" lat="39.821790"><ele>481.5</ele></trkpt>
   <trkpt lon="2.888198" lat="39.821915"><ele>479.75</ele><sym>pass_place</sym><type>Shaping</type></trkpt>
   <trkpt lon="2.888198" lat="39.821916"><ele>479.75</ele></trkpt>
   <trkpt lon="2.887730" lat="39.821972"><ele>478.75</ele></trkpt>
   <trkpt lon="2.887576" lat="39.821981"><ele>478.25</ele></trkpt>
   <trkpt lon="2.887477" lat="39.821973"><ele>478.0</ele><sym>right</sym></trkpt>
   <trkpt lon="2.887426" lat="39.822029"><ele>478.0</ele></trkpt>
   <trkpt lon="2.887253" lat="39.822220"><ele>477.0</ele></trkpt>
   <trkpt lon="2.886973" lat="39.822427"><ele>476.0</ele></trkpt>
   <trkpt lon="2.886895" lat="39.822446"><ele>476.0</ele></trkpt>
   <trkpt lon="2.886773" lat="39.822476"><ele>476.0</ele></trkpt>
   <trkpt lon="2.886414" lat="39.822525"><ele>475.75</ele></trkpt>
   <trkpt lon="2.885963" lat="39.822545"><ele>474.5</ele></trkpt>
   <trkpt lon="2.885899" lat="39.822538"><ele>474.25</ele></trkpt>
   <trkpt lon="2.885850" lat="39.822533"><ele>474.0</ele></trkpt>
   <trkpt lon="2.885722" lat="39.822520"><ele>474.25</ele></trkpt>
   <trkpt lon="2.885453" lat="39.822489"><ele>474.25</ele></trkpt>
   <trkpt lon="2.884874" lat="39.822397"><ele>474.25</ele></trkpt>
   <trkpt lon="2.884769" lat="39.822379"><ele>474.25</ele><sym>u-turn</sym><type>Via</type></trkpt>
   <trkpt lon="2.884874" lat="39.822397"><ele>474.25</ele></trkpt>
   <trkpt lon="2.885453" lat="39.822489"><ele>474.25</ele></trkpt>
   <trkpt lon="2.885722" lat="39.822520"><ele>474.25</ele></trkpt>
   <trkpt lon="2.885850" lat="39.822533"><ele>474.0</ele></trkpt>
   <trkpt lon="2.885899" lat="39.822538"><ele>474.25</ele></trkpt>
   <trkpt lon="2.885963" lat="39.822545"><ele>474.5</ele></trkpt>
   <trkpt lon="2.886414" lat="39.822525"><ele>475.75</ele></trkpt>
   <trkpt lon="2.886773" lat="39.822476"><ele>476.0</ele></trkpt>
   <trkpt lon="2.886895" lat="39.822446"><ele>476.0</ele></trkpt>
   <trkpt lon="2.886973" lat="39.822427"><ele>476.0</ele></trkpt>
   <trkpt lon="2.887253" lat="39.822220"><ele>477.0</ele></trkpt>
   <trkpt lon="2.887426" lat="39.822029"><ele>478.0</ele></trkpt>
   <trkpt lon="2.887477" lat="39.821973"><ele>478.0</ele><sym>left_slight</sym></trkpt>
   <trkpt lon="2.887576" lat="39.821981"><ele>478.25</ele></trkpt>
   <trkpt lon="2.887730" lat="39.821972"><ele>478.75</ele></trkpt>
   <trkpt lon="2.888198" lat="39.821916"><ele>479.75</ele></trkpt>
   <trkpt lon="2.889059" lat="39.821790"><ele>481.5</ele></trkpt>
   <trkpt lon="2.889325" lat="39.821740"><ele>483.75</ele></trkpt>
   <trkpt lon="2.890075" lat="39.821528"><ele>487.0</ele></trkpt>
   <trkpt lon="2.890931" lat="39.821272"><ele>490.0</ele></trkpt>
   <trkpt lon="2.891194" lat="39.821195"><ele>490.5</ele></trkpt>
   <trkpt lon="2.892317" lat="39.820869"><ele>493.75</ele></trkpt>
   <trkpt lon="2.892379" lat="39.820847"><ele>494.25</ele></trkpt>
   <trkpt lon="2.892418" lat="39.820822"><ele>494.75</ele></trkpt>
   <trkpt lon="2.892456" lat="39.820792"><ele>495.0</ele><sym>right_slight</sym></trkpt>
   <trkpt lon="2.892400" lat="39.820739"><ele>495.0</ele></trkpt>
   <trkpt lon="2.892354" lat="39.820565"><ele>495.75</ele></trkpt>
   <trkpt lon="2.892287" lat="39.820260"><ele>499.25</ele></trkpt>
   <trkpt lon="2.892284" lat="39.820129"><ele>501.25</ele></trkpt>
   <trkpt lon="2.892329" lat="39.820051"><ele>502.25</ele></trkpt>
   <trkpt lon="2.892379" lat="39.819992"><ele>503.0</ele></trkpt>
   <trkpt lon="2.892648" lat="39.819778"><ele>504.75</ele></trkpt>
   <trkpt lon="2.892694" lat="39.819715"><ele>505.5</ele></trkpt>
   <trkpt lon="2.892708" lat="39.819640"><ele>505.5</ele></trkpt>
   <trkpt lon="2.892708" lat="39.819537"><ele>505.5</ele></trkpt>
   <trkpt lon="2.892669" lat="39.818637"><ele>511.5</ele></trkpt>
   <trkpt lon="2.892547" lat="39.818070"><ele>514.75</ele></trkpt>
   <trkpt lon="2.892489" lat="39.817865"><ele>516.25</ele></trkpt>
   <trkpt lon="2.892477" lat="39.817777"><ele>516.75</ele></trkpt>
   <trkpt lon="2.892493" lat="39.817702"><ele>517.75</ele></trkpt>
   <trkpt lon="2.892585" lat="39.817626"><ele>518.5</ele></trkpt>
   <trkpt lon="2.892704" lat="39.817581"><ele>519.0</ele></trkpt>
   <trkpt lon="2.893573" lat="39.817368"><ele>520.75</ele></trkpt>
   <trkpt lon="2.893707" lat="39.817319"><ele>522.25</ele></trkpt>
   <trkpt lon="2.893729" lat="39.817296"><ele>523.0</ele></trkpt>
   <trkpt lon="2.893761" lat="39.817264"><ele>523.75</ele></trkpt>
   <trkpt lon="2.893787" lat="39.817195"><ele>524.5</ele></trkpt>
   <trkpt lon="2.893803" lat="39.817106"><ele>524.5</ele></trkpt>
   <trkpt lon="2.893892" lat="39.816912"><ele>524.75</ele></trkpt>
   <trkpt lon="2.893917" lat="39.816876"><ele>524.75</ele></trkpt>
   <trkpt lon="2.893988" lat="39.816806"><ele>524.75</ele></trkpt>
   <trkpt lon="2.894107" lat="39.816740"><ele>525.0</ele></trkpt>
   <trkpt lon="2.894260" lat="39.816687"><ele>525.25</ele></trkpt>
   <trkpt lon="2.895195" lat="39.816502"><ele>528.0</ele></trkpt>
   <trkpt lon="2.895383" lat="39.816460"><ele>528.5</ele></trkpt>
   <trkpt lon="2.895805" lat="39.816383"><ele>530.75</ele></trkpt>
   <trkpt lon="2.896067" lat="39.816304"><ele>530.75</ele></trkpt>
   <trkpt lon="2.896216" lat="39.816238"><ele>531.25</ele></trkpt>
   <trkpt lon="2.896300" lat="39.816170"><ele>532.0</ele></trkpt>
   <trkpt lon="2.896367" lat="39.816072"><ele>533.25</ele></trkpt>
   <trkpt lon="2.896380" lat="39.815977"><ele>534.25</ele></trkpt>
   <trkpt lon="2.896349" lat="39.815879"><ele>535.25</ele></trkpt>
   <trkpt lon="2.896310" lat="39.815808"><ele>536.0</ele></trkpt>
   <trkpt lon="2.896282" lat="39.815784"><ele>536.25</ele></trkpt>
   <trkpt lon="2.896211" lat="39.815724"><ele>536.75</ele></trkpt>
   <trkpt lon="2.896028" lat="39.815650"><ele>537.5</ele></trkpt>
   <trkpt lon="2.895659" lat="39.815580"><ele>539.0</ele></trkpt>
   <trkpt lon="2.895397" lat="39.815536"><ele>540.5</ele></trkpt>
   <trkpt lon="2.894761" lat="39.815453"><ele>543.0</ele></trkpt>
   <trkpt lon="2.893771" lat="39.815295"><ele>547.5</ele></trkpt>
   <trkpt lon="2.893260" lat="39.815224"><ele>549.25</ele></trkpt>
   <trkpt lon="2.892872" lat="39.815153"><ele>552.0</ele><sym>pass_place</sym><type>Shaping</type></trkpt>
   <trkpt lon="2.892561" lat="39.815029"><ele>552.5</ele></trkpt>
   <trkpt lon="2.892226" lat="39.814867"><ele>554.25</ele></trkpt>
   <trkpt lon="2.891798" lat="39.814667"><ele>559.0</ele></trkpt>
   <trkpt lon="2.891630" lat="39.814622"><ele>560.0</ele></trkpt>
   <trkpt lon="2.891028" lat="39.814523"><ele>560.75</ele></trkpt>
   <trkpt lon="2.890873" lat="39.814468"><ele>562.0</ele></trkpt>
   <trkpt lon="2.890761" lat="39.814412"><ele>562.0</ele></trkpt>
   <trkpt lon="2.890319" lat="39.813883"><ele>566.5</ele></trkpt>
   <trkpt lon="2.890171" lat="39.813778"><ele>568.25</ele></trkpt>
   <trkpt lon="2.889713" lat="39.813468"><ele>573.0</ele></trkpt>
   <trkpt lon="2.889578" lat="39.813395"><ele>574.5</ele></trkpt>
   <trkpt lon="2.889468" lat="39.813337"><ele>575.0</ele><sym>left_slight</sym></trkpt>
   <trkpt lon="2.889519" lat="39.813195"><ele>577.5</ele></trkpt>
   <trkpt lon="2.889550" lat="39.813076"><ele>579.75</ele></trkpt>
   <trkpt lon="2.889625" lat="39.812701"><ele>580.75</ele></trkpt>
   <trkpt lon="2.889635" lat="39.812665"><ele>580.5</ele></trkpt>
   <trkpt lon="2.889732" lat="39.812291"><ele>577.0</ele></trkpt>
   <trkpt lon="2.889744" lat="39.812233"><ele>576.75</ele></trkpt>
   <trkpt lon="2.889811" lat="39.811931"><ele>575.5</ele></trkpt>
   <trkpt lon="2.889819" lat="39.811757"><ele>573.5</ele></trkpt>
   <trkpt lon="2.889787" lat="39.811700"><ele>573.5</ele></trkpt>
   <trkpt lon="2.889669" lat="39.811561"><ele>574.0</ele></trkpt>
   <trkpt lon="2.889645" lat="39.811518"><ele>573.5</ele></trkpt>
   <trkpt lon="2.889618" lat="39.811357"><ele>570.0</ele></trkpt>
   <trkpt lon="2.889632" lat="39.811154"><ele>570.5</ele></trkpt>
   <trkpt lon="2.889654" lat="39.811107"><ele>570.75</ele></trkpt>
   <trkpt lon="2.889703" lat="39.811079"><ele>572.0</ele></trkpt>
   <trkpt lon="2.889753" lat="39.811071"><ele>572.25</ele></trkpt>
   <trkpt lon="2.889863" lat="39.811099"><ele>571.25</ele></trkpt>
   <trkpt lon="2.890181" lat="39.811214"><ele>569.0</ele></trkpt>
   <trkpt lon="2.890424" lat="39.811299"><ele>567.5</ele></trkpt>
   <trkpt lon="2.890536" lat="39.811316"><ele>567.0</ele></trkpt>
   <trkpt lon="2.890641" lat="39.811314"><ele>566.0</ele></trkpt>
   <trkpt lon="2.890729" lat="39.811299"><ele>565.5</ele></trkpt>
   <trkpt lon="2.890976" lat="39.811210"><ele>565.0</ele></trkpt>
   <trkpt lon="2.891239" lat="39.811136"><ele>563.25</ele></trkpt>
   <trkpt lon="2.891528" lat="39.811088"><ele>561.5</ele></trkpt>
   <trkpt lon="2.892608" lat="39.811010"><ele>560.0</ele></trkpt>
   <trkpt lon="2.892773" lat="39.810970"><ele>560.0</ele></trkpt>
   <trkpt lon="2.892914" lat="39.810922"><ele>556.5</ele></trkpt>
   <trkpt lon="2.894518" lat="39.810222"><ele>549.75</ele></trkpt>
   <trkpt lon="2.894985" lat="39.809990"><ele>545.25</ele></trkpt>
   <trkpt lon="2.895062" lat="39.809915"><ele>544.75</ele></trkpt>
   <trkpt lon="2.895124" lat="39.809813"><ele>544.25</ele></trkpt>
   <trkpt lon="2.895151" lat="39.809716"><ele>543.5</ele></trkpt>
   <trkpt lon="2.895143" lat="39.809613"><ele>541.75</ele></trkpt>
   <trkpt lon="2.895095" lat="39.809269"><ele>540.0</ele></trkpt>
   <trkpt lon="2.895109" lat="39.809207"><ele>539.75</ele></trkpt>
   <trkpt lon="2.895136" lat="39.809146"><ele>539.75</ele></trkpt>
   <trkpt lon="2.895195" lat="39.809055"><ele>540.75</ele></trkpt>
   <trkpt lon="2.895383" lat="39.808898"><ele>540.0</ele></trkpt>
   <trkpt lon="2.895832" lat="39.808572"><ele>535.5</ele></trkpt>
   <trkpt lon="2.895952" lat="39.808480"><ele>534.25</ele></trkpt>
   <trkpt lon="2.895996" lat="39.808436"><ele>534.0</ele></trkpt>
   <trkpt lon="2.896077" lat="39.808273"><ele>533.5</ele></trkpt>
   <trkpt lon="2.896138" lat="39.808088"><ele>531.5</ele></trkpt>
   <trkpt lon="2.896195" lat="39.807957"><ele>530.75</ele></trkpt>
   <trkpt lon="2.896246" lat="39.807851"><ele>530.5</ele></trkpt>
   <trkpt lon="2.896302" lat="39.807782"><ele>529.75</ele></trkpt>
   <trkpt lon="2.896427" lat="39.807674"><ele>530.25</ele></trkpt>
   <trkpt lon="2.896502" lat="39.807627"><ele>529.5</ele></trkpt>
   <trkpt lon="2.896561" lat="39.807570"><ele>529.25</ele></trkpt>
   <trkpt lon="2.896765" lat="39.807240"><ele>529.75</ele></trkpt>
   <trkpt lon="2.896812" lat="39.807213"><ele>528.75</ele></trkpt>
   <trkpt lon="2.896870" lat="39.807218"><ele>527.0</ele></trkpt>
   <trkpt lon="2.896919" lat="39.807266"><ele>524.75</ele></trkpt>
   <trkpt lon="2.896923" lat="39.807305"><ele>523.75</ele></trkpt>
   <trkpt lon="2.896735" lat="39.807744"><ele>521.5</ele></trkpt>
   <trkpt lon="2.896621" lat="39.808134"><ele>520.0</ele></trkpt>
   <trkpt lon="2.896632" lat="39.808207"><ele>519.0</ele></trkpt>
   <trkpt lon="2.896692" lat="39.808256"><ele>517.0</ele></trkpt>
   <trkpt lon="2.896769" lat="39.808258"><ele>515.0</ele></trkpt>
   <trkpt lon="2.896894" lat="39.808185"><ele>513.25</ele></trkpt>
   <trkpt lon="2.896984" lat="39.808120"><ele>512.0</ele></trkpt>
   <trkpt lon="2.897028" lat="39.808025"><ele>512.5</ele></trkpt>
   <trkpt lon="2.897042" lat="39.807538"><ele>515.75</ele></trkpt>
   <trkpt lon="2.897097" lat="39.807425"><ele>515.25</ele></trkpt>
   <trkpt lon="2.897511" lat="39.806795"><ele>509.25</ele></trkpt>
   <trkpt lon="2.897568" lat="39.806753"><ele>507.75</ele><sym>pass_place</sym><type>Shaping</type></trkpt>
   <trkpt lon="2.897613" lat="39.806755"><ele>505.5</ele></trkpt>
   <trkpt lon="2.897646" lat="39.806774"><ele>503.75</ele></trkpt>
   <trkpt lon="2.897681" lat="39.806835"><ele>501.0</ele></trkpt>
   <trkpt lon="2.897622" lat="39.807191"><ele>499.75</ele></trkpt>
   <trkpt lon="2.897583" lat="39.807482"><ele>500.75</ele></trkpt>
   <trkpt lon="2.897580" lat="39.807594"><ele>501.75</ele></trkpt>
   <trkpt lon="2.897629" lat="39.807654"><ele>502.0</ele></trkpt>
   <trkpt lon="2.897726" lat="39.807674"><ele>501.0</ele></trkpt>
   <trkpt lon="2.897784" lat="39.807621"><ele>499.5</ele></trkpt>
   <trkpt lon="2.897797" lat="39.807543"><ele>497.75</ele></trkpt>
   <trkpt lon="2.897753" lat="39.807231"><ele>495.0</ele></trkpt>
   <trkpt lon="2.897753" lat="39.807049"><ele>495.5</ele></trkpt>
   <trkpt lon="2.897785" lat="39.806907"><ele>495.25</ele></trkpt>
   <trkpt lon="2.898011" lat="39.806517"><ele>492.25</ele></trkpt>
   <trkpt lon="2.898208" lat="39.806115"><ele>492.0</ele></trkpt>
   <trkpt lon="2.898243" lat="39.806068"><ele>492.25</ele></trkpt>
   <trkpt lon="2.898290" lat="39.806041"><ele>490.75</ele></trkpt>
   <trkpt lon="2.898339" lat="39.806044"><ele>488.0</ele></trkpt>
   <trkpt lon="2.898374" lat="39.806067"><ele>485.0</ele></trkpt>
   <trkpt lon="2.898383" lat="39.806109"><ele>483.0</ele></trkpt>
   <trkpt lon="2.898375" lat="39.806151"><ele>483.0</ele></trkpt>
   <trkpt lon="2.898022" lat="39.807081"><ele>482.0</ele></trkpt>
   <trkpt lon="2.898018" lat="39.807139"><ele>482.0</ele></trkpt>
   <trkpt lon="2.898039" lat="39.807188"><ele>480.75</ele></trkpt>
   <trkpt lon="2.898110" lat="39.807252"><ele>479.5</ele><sym>right</sym></trkpt>
   <trkpt lon="2.898190" lat="39.807251"><ele>478.0</ele></trkpt>
   <trkpt lon="2.898241" lat="39.807219"><ele>476.5</ele></trkpt>
   <trkpt lon="2.898352" lat="39.806964"><ele>472.5</ele></trkpt>
   <trkpt lon="2.898429" lat="39.806764"><ele>471.5</ele></trkpt>
   <trkpt lon="2.898545" lat="39.806369"><ele>470.75</ele></trkpt>
   <trkpt lon="2.898660" lat="39.806109"><ele>467.25</ele></trkpt>
   <trkpt lon="2.898767" lat="39.805888"><ele>466.25</ele></trkpt>
   <trkpt lon="2.898799" lat="39.805787"><ele>465.0</ele></trkpt>
   <trkpt lon="2.898817" lat="39.805675"><ele>463.5</ele></trkpt>
   <trkpt lon="2.898812" lat="39.805415"><ele>461.0</ele></trkpt>
   <trkpt lon="2.898801" lat="39.805280"><ele>459.0</ele></trkpt>
   <trkpt lon="2.898766" lat="39.805190"><ele>458.0</ele></trkpt>
   <trkpt lon="2.898522" lat="39.804905"><ele>462.75</ele></trkpt>
   <trkpt lon="2.898499" lat="39.804856"><ele>463.75</ele></trkpt>
   <trkpt lon="2.898514" lat="39.804799"><ele>463.25</ele></trkpt>
   <trkpt lon="2.898636" lat="39.804631"><ele>461.75</ele></trkpt>
   <trkpt lon="2.898874" lat="39.804375"><ele>472.0</ele></trkpt>
   <trkpt lon="2.899099" lat="39.804234"><ele>469.25</ele></trkpt>
   <trkpt lon="2.899491" lat="39.804023"><ele>471.75</ele></trkpt>
   <trkpt lon="2.899816" lat="39.803872"><ele>464.75</ele></trkpt>
   <trkpt lon="2.899914" lat="39.803800"><ele>462.25</ele></trkpt>
   <trkpt lon="2.899969" lat="39.803724"><ele>463.25</ele></trkpt>
   <trkpt lon="2.900002" lat="39.803654"><ele>466.0</ele></trkpt>
   <trkpt lon="2.900024" lat="39.803564"><ele>471.5</ele></trkpt>
   <trkpt lon="2.900095" lat="39.803081"><ele>469.25</ele></trkpt>
   <trkpt lon="2.900078" lat="39.802992"><ele>466.5</ele></trkpt>
   <trkpt lon="2.900028" lat="39.802947"><ele>465.75</ele></trkpt>
   <trkpt lon="2.899825" lat="39.802845"><ele>465.0</ele></trkpt>
   <trkpt lon="2.898891" lat="39.802449"><ele>461.5</ele></trkpt>
   <trkpt lon="2.897911" lat="39.802014"><ele>463.5</ele></trkpt>
   <trkpt lon="2.897782" lat="39.801915"><ele>463.0</ele></trkpt>
   <trkpt lon="2.897564" lat="39.801693"><ele>462.75</ele></trkpt>
   <trkpt lon="2.897390" lat="39.801437"><ele>462.75</ele></trkpt>
   <trkpt lon="2.897294" lat="39.801235"><ele>463.25</ele></trkpt>
   <trkpt lon="2.897215" lat="39.800974"><ele>463.5</ele></trkpt>
   <trkpt lon="2.897202" lat="39.800658"><ele>462.5</ele></trkpt>
   <trkpt lon="2.897225" lat="39.800469"><ele>461.75</ele></trkpt>
   <trkpt lon="2.897277" lat="39.800272"><ele>461.0</ele></trkpt>
   <trkpt lon="2.897350" lat="39.800095"><ele>460.25</ele></trkpt>
   <trkpt lon="2.897620" lat="39.799569"><ele>457.5</ele></trkpt>
   <trkpt lon="2.898028" lat="39.798784"><ele>454.5</ele></trkpt>
   <trkpt lon="2.898031" lat="39.798641"><ele>453.25</ele></trkpt>
   <trkpt lon="2.898016" lat="39.798549"><ele>452.5</ele></trkpt>
   <trkpt lon="2.897919" lat="39.798359"><ele>451.5</ele></trkpt>
   <trkpt lon="2.897838" lat="39.798264"><ele>451.25</ele></trkpt>
   <trkpt lon="2.897683" lat="39.798121"><ele>450.5</ele></trkpt>
   <trkpt lon="2.897083" lat="39.797671"><ele>448.75</ele></trkpt>
   <trkpt lon="2.896575" lat="39.797264"><ele>447.75</ele><sym>pass_place</sym><type>Shaping</type></trkpt>
   <trkpt lon="2.896504" lat="39.797157"><ele>446.75</ele></trkpt>
   <trkpt lon="2.896465" lat="39.797007"><ele>445.25</ele></trkpt>
   <trkpt lon="2.896486" lat="39.796883"><ele>444.0</ele></trkpt>
   <trkpt lon="2.896586" lat="39.796643"><ele>441.5</ele></trkpt>
   <trkpt lon="2.896599" lat="39.796536"><ele>441.0</ele></trkpt>
   <trkpt lon="2.896590" lat="39.796414"><ele>441.25</ele></trkpt>
   <trkpt lon="2.896174" lat="39.795364"><ele>435.25</ele></trkpt>
   <trkpt lon="2.896126" lat="39.795290"><ele>435.5</ele></trkpt>
   <trkpt lon="2.895726" lat="39.794894"><ele>432.75</ele></trkpt>
   <trkpt lon="2.895193" lat="39.794412"><ele>430.25</ele></trkpt>
   <trkpt lon="2.895064" lat="39.794267"><ele>431.0</ele></trkpt>
   <trkpt lon="2.894988" lat="39.794136"><ele>430.75</ele></trkpt>
   <trkpt lon="2.894958" lat="39.793979"><ele>428.25</ele></trkpt>
   <trkpt lon="2.894748" lat="39.793154"><ele>423.0</ele></trkpt>
   <trkpt lon="2.894703" lat="39.793016"><ele>422.5</ele></trkpt>
   <trkpt lon="2.894375" lat="39.792368"><ele>423.75</ele></trkpt>
   <trkpt lon="2.894311" lat="39.792150"><ele>424.0</ele></trkpt>
   <trkpt lon="2.894304" lat="39.792017"><ele>423.5</ele></trkpt>
   <trkpt lon="2.894324" lat="39.791879"><ele>422.75</ele></trkpt>
   <trkpt lon="2.894572" lat="39.791253"><ele>421.5</ele></trkpt>
   <trkpt lon="2.894587" lat="39.791173"><ele>421.75</ele></trkpt>
   <trkpt lon="2.894576" lat="39.791127"><ele>421.75</ele></trkpt>
   <trkpt lon="2.894415" lat="39.790820"><ele>419.5</ele></trkpt>
   <trkpt lon="2.894151" lat="39.790383"><ele>416.25</ele></trkpt>
   <trkpt lon="2.893897" lat="39.790058"><ele>412.75</ele></trkpt>
   <trkpt lon="2.893880" lat="39.790015"><ele>412.75</ele></trkpt>
   <trkpt lon="2.893909" lat="39.789966"><ele>412.5</ele></trkpt>
   <trkpt lon="2.894052" lat="39.789868"><ele>413.0</ele></trkpt>
   <trkpt lon="2.894132" lat="39.789801"><ele>412.75</ele></trkpt>
   <trkpt lon="2.894176" lat="39.789718"><ele>411.0</ele></trkpt>
   <trkpt lon="2.894222" lat="39.789403"><ele>409.75</ele></trkpt>
   <trkpt lon="2.894303" lat="39.789197"><ele>411.0</ele></trkpt>
   <trkpt lon="2.894307" lat="39.789118"><ele>410.75</ele></trkpt>
   <trkpt lon="2.894277" lat="39.789069"><ele>409.5</ele></trkpt>
   <trkpt lon="2.894211" lat="39.789055"><ele>407.5</ele></trkpt>
   <trkpt lon="2.894162" lat="39.789053"><ele>406.0</ele></trkpt>
   <trkpt lon="2.894107" lat="39.789078"><ele>405.0</ele></trkpt>
   <trkpt lon="2.894062" lat="39.789137"><ele>404.75</ele></trkpt>
   <trkpt lon="2.893987" lat="39.789321"><ele>404.75</ele></trkpt>
   <trkpt lon="2.893852" lat="39.789546"><ele>404.0</ele></trkpt>
   <trkpt lon="2.893756" lat="39.789754"><ele>404.75</ele></trkpt>
   <trkpt lon="2.893699" lat="39.789811"><ele>405.25</ele></trkpt>
   <trkpt lon="2.893624" lat="39.789829"><ele>404.5</ele></trkpt>
   <trkpt lon="2.893554" lat="39.789799"><ele>402.75</ele></trkpt>
   <trkpt lon="2.893539" lat="39.789733"><ele>401.0</ele></trkpt>
   <trkpt lon="2.893610" lat="39.789513"><ele>399.5</ele></trkpt>
   <trkpt lon="2.893634" lat="39.789388"><ele>399.0</ele></trkpt>
   <trkpt lon="2.893650" lat="39.789145"><ele>397.25</ele></trkpt>
   <trkpt lon="2.893693" lat="39.788870"><ele>394.75</ele></trkpt>
   <trkpt lon="2.893696" lat="39.788799"><ele>393.25</ele></trkpt>
   <trkpt lon="2.893670" lat="39.788755"><ele>392.0</ele><sym>right</sym></trkpt>
   <trkpt lon="2.893589" lat="39.788755"><ele>390.5</ele></trkpt>
   <trkpt lon="2.893522" lat="39.788786"><ele>389.75</ele></trkpt>
   <trkpt lon="2.893458" lat="39.788893"><ele>390.75</ele></trkpt>
   <trkpt lon="2.893383" lat="39.788979"><ele>390.5</ele></trkpt>
   <trkpt lon="2.892767" lat="39.789546"><ele>386.25</ele></trkpt>
   <trkpt lon="2.892556" lat="39.789711"><ele>385.25</ele></trkpt>
   <trkpt lon="2.892402" lat="39.789782"><ele>384.75</ele></trkpt>
   <trkpt lon="2.892256" lat="39.789813"><ele>383.5</ele></trkpt>
   <trkpt lon="2.891737" lat="39.789881"><ele>379.25</ele></trkpt>
   <trkpt lon="2.891625" lat="39.789910"><ele>378.25</ele></trkpt>
   <trkpt lon="2.891572" lat="39.789973"><ele>378.5</ele></trkpt>
   <trkpt lon="2.891455" lat="39.790156"><ele>378.0</ele></trkpt>
   <trkpt lon="2.891123" lat="39.790878"><ele>374.25</ele></trkpt>
   <trkpt lon="2.891060" lat="39.790986"><ele>373.25</ele></trkpt>
   <trkpt lon="2.890993" lat="39.791032"><ele>373.5</ele></trkpt>
   <trkpt lon="2.890937" lat="39.791036"><ele>373.5</ele></trkpt>
   <trkpt lon="2.890889" lat="39.791025"><ele>373.5</ele><sym>left_slight</sym></trkpt>
   <trkpt lon="2.890815" lat="39.790942"><ele>373.0</ele></trkpt>
   <trkpt lon="2.890552" lat="39.790349"><ele>369.25</ele></trkpt>
   <trkpt lon="2.890492" lat="39.790279"><ele>368.75</ele></trkpt>
   <trkpt lon="2.890194" lat="39.790142"><ele>370.75</ele></trkpt>
   <trkpt lon="2.890176" lat="39.790113"><ele>370.25</ele></trkpt>
   <trkpt lon="2.890171" lat="39.790077"><ele>369.75</ele></trkpt>
   <trkpt lon="2.890186" lat="39.790050"><ele>369.0</ele><sym>left_slight</sym></trkpt>
   <trkpt lon="2.890226" lat="39.790032"><ele>368.25</ele></trkpt>
   <trkpt lon="2.890427" lat="39.789985"><ele>365.75</ele></trkpt>
   <trkpt lon="2.890686" lat="39.789933"><ele>364.25</ele></trkpt>
   <trkpt lon="2.890781" lat="39.789894"><ele>363.25</ele></trkpt>
   <trkpt lon="2.890831" lat="39.789840"><ele>362.5</ele></trkpt>
   <trkpt lon="2.890864" lat="39.789750"><ele>362.5</ele><sym>pass_place</sym><type>Shaping</type></trkpt>
   <trkpt lon="2.890865" lat="39.789749"><ele>362.5</ele></trkpt>
   <trkpt lon="2.890953" lat="39.789357"><ele>362.5</ele></trkpt>
   <trkpt lon="2.890980" lat="39.789276"><ele>362.5</ele></trkpt>
   <trkpt lon="2.891024" lat="39.789207"><ele>361.0</ele></trkpt>
   <trkpt lon="2.891110" lat="39.789133"><ele>359.0</ele></trkpt>
   <trkpt lon="2.891493" lat="39.788957"><ele>357.25</ele></trkpt>
   <trkpt lon="2.891599" lat="39.788876"><ele>354.75</ele></trkpt>
   <trkpt lon="2.891739" lat="39.788711"><ele>351.75</ele></trkpt>
   <trkpt lon="2.892022" lat="39.788242"><ele>348.25</ele></trkpt>
   <trkpt lon="2.892047" lat="39.788149"><ele>348.25</ele></trkpt>
   <trkpt lon="2.892040" lat="39.788073"><ele>348.5</ele></trkpt>
   <trkpt lon="2.891954" lat="39.787945"><ele>346.5</ele></trkpt>
   <trkpt lon="2.891507" lat="39.787480"><ele>342.75</ele></trkpt>
   <trkpt lon="2.891484" lat="39.787422"><ele>343.0</ele></trkpt>
   <trkpt lon="2.891500" lat="39.787340"><ele>342.5</ele></trkpt>
   <trkpt lon="2.891545" lat="39.787271"><ele>341.75</ele></trkpt>
   <trkpt lon="2.891966" lat="39.787047"><ele>338.0</ele></trkpt>
   <trkpt lon="2.892166" lat="39.786956"><ele>337.25</ele></trkpt>
   <trkpt lon="2.892235" lat="39.786941"><ele>337.0</ele></trkpt>
   <trkpt lon="2.892317" lat="39.786937"><ele>336.75</ele></trkpt>
   <trkpt lon="2.892504" lat="39.786957"><ele>334.75</ele></trkpt>
   <trkpt lon="2.892977" lat="39.787066"><ele>330.0</ele></trkpt>
   <trkpt lon="2.893095" lat="39.787074"><ele>329.0</ele></trkpt>
   <trkpt lon="2.893159" lat="39.787062"><ele>329.25</ele></trkpt>
   <trkpt lon="2.893211" lat="39.787034"><ele>329.5</ele></trkpt>
   <trkpt lon="2.893291" lat="39.786942"><ele>329.75</ele></trkpt>
   <trkpt lon="2.893404" lat="39.786749"><ele>328.0</ele></trkpt>
   <trkpt lon="2.893533" lat="39.786566"><ele>326.5</ele></trkpt>
   <trkpt lon="2.893603" lat="39.786484"><ele>324.25</ele></trkpt>
   <trkpt lon="2.893707" lat="39.786414"><ele>323.75</ele></trkpt>
   <trkpt lon="2.894649" lat="39.785972"><ele>320.75</ele></trkpt>
   <trkpt lon="2.894755" lat="39.785912"><ele>320.0</ele></trkpt>
   <trkpt lon="2.894875" lat="39.785816"><ele>318.5</ele></trkpt>
   <trkpt lon="2.895817" lat="39.784776"><ele>309.75</ele></trkpt>
   <trkpt lon="2.895901" lat="39.784681"><ele>308.75</ele></trkpt>
   <trkpt lon="2.895947" lat="39.784599"><ele>308.75</ele></trkpt>
   <trkpt lon="2.895973" lat="39.784421"><ele>308.5</ele></trkpt>
   <trkpt lon="2.895971" lat="39.784317"><ele>308.25</ele></trkpt>
   <trkpt lon="2.895970" lat="39.784063"><ele>306.0</ele></trkpt>
   <trkpt lon="2.896023" lat="39.783931"><ele>304.25</ele></trkpt>
   <trkpt lon="2.896123" lat="39.783738"><ele>302.5</ele></trkpt>
   <trkpt lon="2.896169" lat="39.783611"><ele>301.5</ele></trkpt>
   <trkpt lon="2.896210" lat="39.783524"><ele>302.5</ele></trkpt>
   <trkpt lon="2.896221" lat="39.783455"><ele>302.25</ele></trkpt>
   <trkpt lon="2.896202" lat="39.783380"><ele>300.75</ele></trkpt>
   <trkpt lon="2.896118" lat="39.783217"><ele>297.75</ele></trkpt>
   <trkpt lon="2.896017" lat="39.783053"><ele>297.5</ele></trkpt>
   <trkpt lon="2.895970" lat="39.782956"><ele>296.0</ele></trkpt>
   <trkpt lon="2.895948" lat="39.782872"><ele>295.0</ele></trkpt>
   <trkpt lon="2.895963" lat="39.782779"><ele>295.25</ele></trkpt>
   <trkpt lon="2.896047" lat="39.782608"><ele>294.75</ele></trkpt>
   <trkpt lon="2.896162" lat="39.782440"><ele>294.0</ele></trkpt>
   <trkpt lon="2.896321" lat="39.782179"><ele>291.75</ele></trkpt>
   <trkpt lon="2.896416" lat="39.782069"><ele>290.75</ele></trkpt>
   <trkpt lon="2.896651" lat="39.781831"><ele>289.5</ele></trkpt>
   <trkpt lon="2.896692" lat="39.781775"><ele>289.25</ele></trkpt>
   <trkpt lon="2.896715" lat="39.781677"><ele>287.0</ele></trkpt>
   <trkpt lon="2.896731" lat="39.781550"><ele>286.5</ele></trkpt>
   <trkpt lon="2.896753" lat="39.781333"><ele>285.0</ele></trkpt>
   <trkpt lon="2.896769" lat="39.781223"><ele>283.25</ele></trkpt>
   <trkpt lon="2.896808" lat="39.781157"><ele>283.25</ele></trkpt>
   <trkpt lon="2.897666" lat="39.780497"><ele>280.5</ele></trkpt>
   <trkpt lon="2.897732" lat="39.780440"><ele>280.5</ele></trkpt>
   <trkpt lon="2.897791" lat="39.780350"><ele>279.75</ele></trkpt>
   <trkpt lon="2.897987" lat="39.779978"><ele>276.25</ele></trkpt>
   <trkpt lon="2.898300" lat="39.779461"><ele>271.0</ele></trkpt>
   <trkpt lon="2.898343" lat="39.779313"><ele>270.0</ele></trkpt>
   <trkpt lon="2.898443" lat="39.778837"><ele>269.0</ele></trkpt>
   <trkpt lon="2.898669" lat="39.778442"><ele>266.0</ele></trkpt>
   <trkpt lon="2.898751" lat="39.778276"><ele>266.0</ele></trkpt>
   <trkpt lon="2.898783" lat="39.778188"><ele>265.75</ele></trkpt>
   <trkpt lon="2.898800" lat="39.778096"><ele>264.75</ele></trkpt>
   <trkpt lon="2.898829" lat="39.777675"><ele>261.0</ele></trkpt>
   <trkpt lon="2.898816" lat="39.777503"><ele>259.0</ele></trkpt>
   <trkpt lon="2.898781" lat="39.777370"><ele>259.75</ele></trkpt>
   <trkpt lon="2.898584" lat="39.776889"><ele>259.75</ele></trkpt>
   <trkpt lon="2.898542" lat="39.776837"><ele>259.5</ele></trkpt>
   <trkpt lon="2.898488" lat="39.776816"><ele>257.75</ele></trkpt>
   <trkpt lon="2.898433" lat="39.776816"><ele>255.5</ele><sym>pass_place</sym><type>Shaping</type></trkpt>
   <trkpt lon="2.898390" lat="39.776847"><ele>253.25</ele></trkpt>
   <trkpt lon="2.898372" lat="39.776892"><ele>251.75</ele></trkpt>
   <trkpt lon="2.898382" lat="39.776956"><ele>251.25</ele></trkpt>
   <trkpt lon="2.898406" lat="39.777030"><ele>250.25</ele></trkpt>
   <trkpt lon="2.898508" lat="39.777273"><ele>249.5</ele></trkpt>
   <trkpt lon="2.898566" lat="39.777530"><ele>248.75</ele></trkpt>
   <trkpt lon="2.898568" lat="39.777654"><ele>249.5</ele></trkpt>
   <trkpt lon="2.898553" lat="39.777782"><ele>249.25</ele></trkpt>
   <trkpt lon="2.898396" lat="39.778259"><ele>247.75</ele></trkpt>
   <trkpt lon="2.898352" lat="39.778440"><ele>249.0</ele></trkpt>
   <trkpt lon="2.898319" lat="39.778502"><ele>249.0</ele></trkpt>
   <trkpt lon="2.898252" lat="39.778542"><ele>247.0</ele></trkpt>
   <trkpt lon="2.898199" lat="39.778549"><ele>244.75</ele></trkpt>
   <trkpt lon="2.898138" lat="39.778533"><ele>241.25</ele></trkpt>
   <trkpt lon="2.898111" lat="39.778487"><ele>239.25</ele></trkpt>
   <trkpt lon="2.898116" lat="39.778427"><ele>238.25</ele></trkpt>
   <trkpt lon="2.898152" lat="39.778326"><ele>237.5</ele></trkpt>
   <trkpt lon="2.898313" lat="39.777633"><ele>237.5</ele></trkpt>
   <trkpt lon="2.898314" lat="39.777563"><ele>237.25</ele></trkpt>
   <trkpt lon="2.898041" lat="39.777009"><ele>235.0</ele></trkpt>
   <trkpt lon="2.897949" lat="39.776737"><ele>232.25</ele></trkpt>
   <trkpt lon="2.897930" lat="39.776583"><ele>231.25</ele></trkpt>
   <trkpt lon="2.897925" lat="39.776447"><ele>230.5</ele></trkpt>
   <trkpt lon="2.897951" lat="39.776309"><ele>229.25</ele></trkpt>
   <trkpt lon="2.898070" lat="39.776065"><ele>227.75</ele></trkpt>
   <trkpt lon="2.898213" lat="39.775863"><ele>226.5</ele></trkpt>
   <trkpt lon="2.898277" lat="39.775758"><ele>226.5</ele></trkpt>
   <trkpt lon="2.898311" lat="39.775662"><ele>226.0</ele></trkpt>
   <trkpt lon="2.898332" lat="39.775488"><ele>223.75</ele></trkpt>
   <trkpt lon="2.898356" lat="39.775377"><ele>223.75</ele></trkpt>
   <trkpt lon="2.898444" lat="39.775231"><ele>226.5</ele></trkpt>
   <trkpt lon="2.898458" lat="39.775126"><ele>227.5</ele></trkpt>
   <trkpt lon="2.898455" lat="39.775067"><ele>227.25</ele></trkpt>
   <trkpt lon="2.898442" lat="39.775023"><ele>226.75</ele></trkpt>
   <trkpt lon="2.898415" lat="39.775000"><ele>225.25</ele></trkpt>
   <trkpt lon="2.898362" lat="39.774985"><ele>222.25</ele></trkpt>
   <trkpt lon="2.898310" lat="39.775003"><ele>219.5</ele></trkpt>
   <trkpt lon="2.898278" lat="39.775049"><ele>217.75</ele></trkpt>
   <trkpt lon="2.898186" lat="39.775446"><ele>215.75</ele></trkpt>
   <trkpt lon="2.898007" lat="39.775853"><ele>217.0</ele></trkpt>
   <trkpt lon="2.897898" lat="39.776032"><ele>219.0</ele></trkpt>
   <trkpt lon="2.897847" lat="39.776058"><ele>217.5</ele></trkpt>
   <trkpt lon="2.897793" lat="39.776062"><ele>215.25</ele></trkpt>
   <trkpt lon="2.897750" lat="39.776047"><ele>213.25</ele></trkpt>
   <trkpt lon="2.897721" lat="39.776018"><ele>211.5</ele></trkpt>
   <trkpt lon="2.897704" lat="39.775987"><ele>210.0</ele></trkpt>
   <trkpt lon="2.897707" lat="39.775940"><ele>208.75</ele></trkpt>
   <trkpt lon="2.897946" lat="39.775684"><ele>209.75</ele></trkpt>
   <trkpt lon="2.897998" lat="39.775608"><ele>209.75</ele></trkpt>
   <trkpt lon="2.898035" lat="39.775508"><ele>209.0</ele></trkpt>
   <trkpt lon="2.898071" lat="39.775302"><ele>207.25</ele></trkpt>
   <trkpt lon="2.898084" lat="39.775174"><ele>207.0</ele></trkpt>
   <trkpt lon="2.898079" lat="39.775080"><ele>206.5</ele></trkpt>
   <trkpt lon="2.898006" lat="39.774849"><ele>203.25</ele></trkpt>
   <trkpt lon="2.897946" lat="39.774470"><ele>201.5</ele></trkpt>
   <trkpt lon="2.897932" lat="39.774224"><ele>200.0</ele></trkpt>
   <trkpt lon="2.897957" lat="39.774028"><ele>198.75</ele></trkpt>
   <trkpt lon="2.898071" lat="39.773693"><ele>197.0</ele></trkpt>
   <trkpt lon="2.898359" lat="39.773185"><ele>193.0</ele></trkpt>
   <trkpt lon="2.898439" lat="39.773082"><ele>192.25</ele></trkpt>
   <trkpt lon="2.898612" lat="39.772886"><ele>191.0</ele></trkpt>
   <trkpt lon="2.898745" lat="39.772746"><ele>189.0</ele></trkpt>
   <trkpt lon="2.898964" lat="39.772543"><ele>187.0</ele></trkpt>
   <trkpt lon="2.899023" lat="39.772490"><ele>186.0</ele></trkpt>
   <trkpt lon="2.899142" lat="39.772435"><ele>185.75</ele></trkpt>
   <trkpt lon="2.899165" lat="39.772427"><ele>185.75</ele></trkpt>
   <trkpt lon="2.899649" lat="39.772270"><ele>183.5</ele></trkpt>
   <trkpt lon="2.899783" lat="39.772226"><ele>183.0</ele></trkpt>
   <trkpt lon="2.900199" lat="39.772065"><ele>180.75</ele></trkpt>
   <trkpt lon="2.900288" lat="39.772030"><ele>180.5</ele></trkpt>
   <trkpt lon="2.900456" lat="39.771965"><ele>179.25</ele></trkpt>
   <trkpt lon="2.900643" lat="39.771891"><ele>178.0</ele></trkpt>
   <trkpt lon="2.901109" lat="39.771652"><ele>174.75</ele></trkpt>
   <trkpt lon="2.901214" lat="39.771584"><ele>174.5</ele></trkpt>
   <trkpt lon="2.901437" lat="39.771420"><ele>173.0</ele></trkpt>
   <trkpt lon="2.901478" lat="39.771376"><ele>172.5</ele></trkpt>
   <trkpt lon="2.901525" lat="39.771326"><ele>172.25</ele></trkpt>
   <trkpt lon="2.901723" lat="39.771072"><ele>172.0</ele></trkpt>
   <trkpt lon="2.901862" lat="39.770812"><ele>170.5</ele></trkpt>
   <trkpt lon="2.902236" lat="39.770154"><ele>167.5</ele><sym>right_slight</sym></trkpt>
   <trkpt lon="2.902234" lat="39.770150"><ele>164.75</ele><sym>pass_place</sym><type>Shaping</type></trkpt>
   <trkpt lon="2.902105" lat="39.769816"><ele>164.75</ele></trkpt>
   <trkpt lon="2.902094" lat="39.769756"><ele>164.5</ele></trkpt>
   <trkpt lon="2.902101" lat="39.769693"><ele>164.25</ele></trkpt>
   <trkpt lon="2.902135" lat="39.769543"><ele>163.75</ele></trkpt>
   <trkpt lon="2.902171" lat="39.769370"><ele>163.0</ele></trkpt>
   <trkpt lon="2.902221" lat="39.769151"><ele>161.75</ele></trkpt>
   <trkpt lon="2.902269" lat="39.768908"><ele>161.0</ele></trkpt>
   <trkpt lon="2.902274" lat="39.768850"><ele>161.0</ele><sym>right_slight</sym></trkpt>
   <trkpt lon="2.902128" lat="39.768768"><ele>160.5</ele></trkpt>
   <trkpt lon="2.901986" lat="39.768641"><ele>160.75</ele></trkpt>
   <trkpt lon="2.901932" lat="39.768606"><ele>161.0</ele></trkpt>
   <trkpt lon="2.901861" lat="39.768548"><ele>161.0</ele></trkpt>
   <trkpt lon="2.901608" lat="39.768261"><ele>160.5</ele></trkpt>
   <trkpt lon="2.901450" lat="39.768039"><ele>160.5</ele></trkpt>
   <trkpt lon="2.901342" lat="39.767885"><ele>160.5</ele></trkpt>
   <trkpt lon="2.901237" lat="39.767690"><ele>160.0</ele></trkpt>
   <trkpt lon="2.901054" lat="39.767449"><ele>160.0</ele></trkpt>
   <trkpt lon="2.900711" lat="39.767249"><ele>161.25</ele></trkpt>
   <trkpt lon="2.900565" lat="39.767178"><ele>162.5</ele></trkpt>
   <trkpt lon="2.900521" lat="39.767164"><ele>162.5</ele></trkpt>
   <trkpt lon="2.900382" lat="39.767123"><ele>162.75</ele></trkpt>
   <trkpt lon="2.900308" lat="39.767070"><ele>162.75</ele></trkpt>
   <trkpt lon="2.899713" lat="39.766587"><ele>161.25</ele></trkpt>
   <trkpt lon="2.899651" lat="39.766537"><ele>161.25</ele></trkpt>
   <trkpt lon="2.899396" lat="39.766424"><ele>161.25</ele></trkpt>
   <trkpt lon="2.899211" lat="39.766366"><ele>161.5</ele><sym>left_slight</sym></trkpt>
   <trkpt lon="2.899162" lat="39.766300"><ele>161.25</ele></trkpt>
   <trkpt lon="2.898917" lat="39.766176"><ele>161.25</ele></trkpt>
   <trkpt lon="2.898540" lat="39.765806"><ele>161.25</ele></trkpt>
   <trkpt lon="2.897725" lat="39.764878"><ele>163.75</ele></trkpt>
   <trkpt lon="2.897616" lat="39.764791"><ele>164.5</ele></trkpt>
   <trkpt lon="2.897574" lat="39.764758"><ele>164.75</ele></trkpt>
   <trkpt lon="2.897179" lat="39.764172"><ele>166.0</ele></trkpt>
   <trkpt lon="2.897190" lat="39.763982"><ele>165.5</ele></trkpt>
   <trkpt lon="2.897394" lat="39.763624"><ele>163.75</ele><sym>right</sym></trkpt>
   <trkpt lon="2.896471" lat="39.763167"><ele>165.5</ele><sym>left</sym></trkpt>
   <trkpt lon="2.897654" lat="39.761695"><ele>158.25</ele></trkpt>
   <trkpt lon="2.897802" lat="39.761563"><ele>157.75</ele></trkpt>
   <trkpt lon="2.898071" lat="39.761344"><ele>156.75</ele></trkpt>
   <trkpt lon="2.898186" lat="39.761201"><ele>156.5</ele></trkpt>
   <trkpt lon="2.898341" lat="39.761029"><ele>156.5</ele></trkpt>
   <trkpt lon="2.898485" lat="39.760911"><ele>158.0</ele></trkpt>
   <trkpt lon="2.898645" lat="39.760859"><ele>159.75</ele></trkpt>
   <trkpt lon="2.898774" lat="39.760866"><ele>160.25</ele></trkpt>
   <trkpt lon="2.898964" lat="39.760861"><ele>161.0</ele></trkpt>
   <trkpt lon="2.899067" lat="39.760838"><ele>161.25</ele></trkpt>
   <trkpt lon="2.899208" lat="39.760728"><ele>164.5</ele></trkpt>
   <trkpt lon="2.899371" lat="39.760616"><ele>167.5</ele></trkpt>
   <trkpt lon="2.899612" lat="39.760517"><ele>168.5</ele></trkpt>
   <trkpt lon="2.899775" lat="39.760399"><ele>170.0</ele></trkpt>
   <trkpt lon="2.900052" lat="39.760125"><ele>173.25</ele></trkpt>
   <trkpt lon="2.900276" lat="39.759962"><ele>176.0</ele></trkpt>
   <trkpt lon="2.900405" lat="39.759880"><ele>178.25</ele></trkpt>
   <trkpt lon="2.900497" lat="39.759874"><ele>178.5</ele></trkpt>
   <trkpt lon="2.900899" lat="39.760011"><ele>179.0</ele></trkpt>
   <trkpt lon="2.900962" lat="39.760015"><ele>179.5</ele></trkpt>
   <trkpt lon="2.901046" lat="39.760020"><ele>180.0</ele><sym>right</sym></trkpt>
   <trkpt lon="2.901046" lat="39.759948"><ele>181.25</ele></trkpt>
   <trkpt lon="2.901104" lat="39.759834"><ele>182.75</ele></trkpt>
   <trkpt lon="2.901144" lat="39.759736"><ele>184.25</ele></trkpt>
   <trkpt lon="2.901156" lat="39.759704"><ele>184.75</ele></trkpt>
   <trkpt lon="2.901425" lat="39.759039"><ele>180.0</ele></trkpt>
   <trkpt lon="2.901539" lat="39.758788"><ele>180.0</ele></trkpt>
   <trkpt lon="2.901583" lat="39.758717"><ele>179.5</ele></trkpt>
   <trkpt lon="2.901698" lat="39.758545"><ele>178.25</ele></trkpt>
   <trkpt lon="2.901791" lat="39.758434"><ele>177.0</ele></trkpt>
   <trkpt lon="2.902076" lat="39.758111"><ele>172.5</ele></trkpt>
   <trkpt lon="2.902078" lat="39.758108"><ele>170.5</ele><sym>pass_place</sym><type>Shaping</type></trkpt>
   <trkpt lon="2.902406" lat="39.757704"><ele>170.5</ele></trkpt>
   <trkpt lon="2.902627" lat="39.757490"><ele>169.25</ele></trkpt>
   <trkpt lon="2.903120" lat="39.757013"><ele>167.25</ele></trkpt>
   <trkpt lon="2.903425" lat="39.756735"><ele>165.5</ele></trkpt>
   <trkpt lon="2.903515" lat="39.756638"><ele>164.75</ele></trkpt>
   <trkpt lon="2.903636" lat="39.756483"><ele>163.5</ele></trkpt>
   <trkpt lon="2.903690" lat="39.756425"><ele>163.0</ele></trkpt>
   <trkpt lon="2.903714" lat="39.756403"><ele>162.75</ele></trkpt>
   <trkpt lon="2.903929" lat="39.756242"><ele>161.75</ele></trkpt>
   <trkpt lon="2.903988" lat="39.756211"><ele>161.25</ele></trkpt>
   <trkpt lon="2.904152" lat="39.756148"><ele>158.75</ele></trkpt>
   <trkpt lon="2.904221" lat="39.756121"><ele>157.75</ele></trkpt>
   <trkpt lon="2.904388" lat="39.756065"><ele>157.0</ele></trkpt>
   <trkpt lon="2.904440" lat="39.756003"><ele>157.0</ele></trkpt>
   <trkpt lon="2.904454" lat="39.755961"><ele>156.75</ele></trkpt>
   <trkpt lon="2.904455" lat="39.755913"><ele>156.75</ele></trkpt>
   <trkpt lon="2.904434" lat="39.755829"><ele>157.0</ele></trkpt>
   <trkpt lon="2.904405" lat="39.755762"><ele>156.75</ele></trkpt>
   <trkpt lon="2.904269" lat="39.755530"><ele>157.0</ele></trkpt>
   <trkpt lon="2.903972" lat="39.755060"><ele>154.5</ele></trkpt>
   <trkpt lon="2.903747" lat="39.754696"><ele>153.75</ele></trkpt>
   <trkpt lon="2.902394" lat="39.752482"><ele>150.25</ele></trkpt>
   <trkpt lon="2.902221" lat="39.752202"><ele>150.0</ele></trkpt>
   <trkpt lon="2.902157" lat="39.752080"><ele>150.0</ele></trkpt>
   <trkpt lon="2.902130" lat="39.751975"><ele>150.25</ele></trkpt>
   <trkpt lon="2.902120" lat="39.751846"><ele>150.5</ele></trkpt>
   <trkpt lon="2.902379" lat="39.751098"><ele>150.25</ele></trkpt>
   <trkpt lon="2.902456" lat="39.750876"><ele>150.75</ele></trkpt>
   <trkpt lon="2.902504" lat="39.750735"><ele>150.75</ele></trkpt>
   <trkpt lon="2.902640" lat="39.750301"><ele>149.5</ele></trkpt>
   <trkpt lon="2.902726" lat="39.750087"><ele>149.5</ele></trkpt>
   <trkpt lon="2.902872" lat="39.749767"><ele>149.0</ele></trkpt>
   <trkpt lon="2.902936" lat="39.749628"><ele>148.5</ele></trkpt>
   <trkpt lon="2.903595" lat="39.748037"><ele>144.0</ele></trkpt>
   <trkpt lon="2.904257" lat="39.746479"><ele>147.25</ele><sym>pass_place</sym><type>Shaping</type></trkpt>
   <trkpt lon="2.904259" lat="39.746476"><ele>147.25</ele></trkpt>
   <trkpt lon="2.904458" lat="39.746147"><ele>147.5</ele></trkpt>
   <trkpt lon="2.904585" lat="39.745996"><ele>146.75</ele></trkpt>
   <trkpt lon="2.904829" lat="39.745790"><ele>146.0</ele></trkpt>
   <trkpt lon="2.906436" lat="39.744791"><ele>139.75</ele></trkpt>
   <trkpt lon="2.906574" lat="39.744690"><ele>139.0</ele></trkpt>
   <trkpt lon="2.907542" lat="39.743847"><ele>134.0</ele></trkpt>
   <trkpt lon="2.907748" lat="39.743632"><ele>132.5</ele></trkpt>
   <trkpt lon="2.907905" lat="39.743439"><ele>130.25</ele></trkpt>
   <trkpt lon="2.908011" lat="39.743273"><ele>129.5</ele></trkpt>
   <trkpt lon="2.908111" lat="39.743080"><ele>128.75</ele></trkpt>
   <trkpt lon="2.908313" lat="39.742601"><ele>127.0</ele></trkpt>
   <trkpt lon="2.908364" lat="39.742477"><ele>126.5</ele></trkpt>
   <trkpt lon="2.908583" lat="39.741961"><ele>126.75</ele></trkpt>
   <trkpt lon="2.908748" lat="39.741462"><ele>126.0</ele></trkpt>
   <trkpt lon="2.908794" lat="39.741257"><ele>126.0</ele></trkpt>
   <trkpt lon="2.908871" lat="39.740680"><ele>126.75</ele></trkpt>
   <trkpt lon="2.908949" lat="39.740177"><ele>126.75</ele></trkpt>
   <trkpt lon="2.908969" lat="39.740085"><ele>126.5</ele></trkpt>
   <trkpt lon="2.909090" lat="39.739626"><ele>127.25</ele></trkpt>
   <trkpt lon="2.909117" lat="39.739532"><ele>127.5</ele></trkpt>
   <trkpt lon="2.909262" lat="39.739162"><ele>126.75</ele></trkpt>
   <trkpt lon="2.909266" lat="39.739151"><ele>126.75</ele></trkpt>
   <trkpt lon="2.909362" lat="39.738907"><ele>127.5</ele></trkpt>
   <trkpt lon="2.909991" lat="39.737281"><ele>134.0</ele></trkpt>
   <trkpt lon="2.910222" lat="39.736063"><ele>137.0</ele><sym>right</sym></trkpt>
   <trkpt lon="2.909824" lat="39.735979"><ele>137.0</ele><sym>left</sym></trkpt>
   <trkpt lon="2.909788" lat="39.735751"><ele>136.75</ele></trkpt>
   <trkpt lon="2.909735" lat="39.735415"><ele>135.5</ele></trkpt>
   <trkpt lon="2.909594" lat="39.734634"><ele>134.0</ele></trkpt>
   <trkpt lon="2.909756" lat="39.733945"><ele>133.0</ele></trkpt>
   <trkpt lon="2.909982" lat="39.732890"><ele>131.75</ele></trkpt>
   <trkpt lon="2.910222" lat="39.731485"><ele>128.25</ele></trkpt>
   <trkpt lon="2.910222" lat="39.731480"><ele>127.0</ele><sym>pass_place</sym><type>Shaping</type></trkpt>
   <trkpt lon="2.910267" lat="39.731031"><ele>127.0</ele></trkpt>
   <trkpt lon="2.910238" lat="39.730727"><ele>126.5</ele></trkpt>
   <trkpt lon="2.910160" lat="39.730352"><ele>126.0</ele></trkpt>
   <trkpt lon="2.910065" lat="39.730042"><ele>126.5</ele></trkpt>
   <trkpt lon="2.910076" lat="39.729846"><ele>126.0</ele></trkpt>
   <trkpt lon="2.910038" lat="39.729785"><ele>126.0</ele></trkpt>
   <trkpt lon="2.910056" lat="39.728957"><ele>125.0</ele></trkpt>
   <trkpt lon="2.910027" lat="39.728046"><ele>120.75</ele></trkpt>
   <trkpt lon="2.910031" lat="39.727262"><ele>119.75</ele></trkpt>
   <trkpt lon="2.910341" lat="39.726601"><ele>117.75</ele></trkpt>
   <trkpt lon="2.910598" lat="39.726164"><ele>116.75</ele></trkpt>
   <trkpt lon="2.910860" lat="39.725706"><ele>115.75</ele></trkpt>
   <trkpt lon="2.911324" lat="39.724878"><ele>119.5</ele><sym>right</sym></trkpt>
   <trkpt lon="2.910639" lat="39.724696"><ele>125.5</ele></trkpt>
   <trkpt lon="2.910197" lat="39.724579"><ele>129.75</ele></trkpt>
   <trkpt lon="2.909615" lat="39.724441"><ele>135.5</ele><sym>left_slight</sym></trkpt>
   <trkpt lon="2.908610" lat="39.723825"><ele>135.25</ele></trkpt>
   <trkpt lon="2.908221" lat="39.723620"><ele>133.0</ele><sym>left</sym></trkpt>
   <trkpt lon="2.908854" lat="39.722837"><ele>127.25</ele></trkpt>
   <trkpt lon="2.909332" lat="39.722306"><ele>123.75</ele></trkpt>
   <trkpt lon="2.909532" lat="39.722044"><ele>122.5</ele></trkpt>
   <trkpt lon="2.909705" lat="39.721816"><ele>122.0</ele></trkpt>
   <trkpt lon="2.909888" lat="39.721523"><ele>121.75</ele></trkpt>
   <trkpt lon="2.909912" lat="39.721477"><ele>121.75</ele><sym>right</sym></trkpt>
   <trkpt lon="2.909761" lat="39.721429"><ele>122.5</ele></trkpt>
   <trkpt lon="2.909726" lat="39.721412"><ele>122.75</ele></trkpt>
   <trkpt lon="2.909517" lat="39.721317"><ele>123.0</ele></trkpt>
   <trkpt lon="2.909463" lat="39.721286"><ele>123.0</ele></trkpt>
   <trkpt lon="2.909084" lat="39.721087"><ele>122.75</ele></trkpt>
   <trkpt lon="2.908879" lat="39.720954"><ele>121.75</ele></trkpt>
   <trkpt lon="2.908776" lat="39.720877"><ele>121.5</ele></trkpt>
   <trkpt lon="2.908715" lat="39.720831"><ele>121.5</ele><sym>left</sym></trkpt>
   <trkpt lon="2.908922" lat="39.720667"><ele>121.0</ele></trkpt>
   <trkpt lon="2.908953" lat="39.720637"><ele>121.0</ele></trkpt>
   <trkpt lon="2.909006" lat="39.720599"><ele>121.0</ele></trkpt>
   <trkpt lon="2.909305" lat="39.720365"><ele>120.25</ele></trkpt>
   <trkpt lon="2.909336" lat="39.720341"><ele>120.0</ele></trkpt>
   <trkpt lon="2.909603" lat="39.720130"><ele>119.5</ele></trkpt>
   <trkpt lon="2.909648" lat="39.720095"><ele>119.25</ele></trkpt>
   <trkpt lon="2.909923" lat="39.719876"><ele>119.25</ele></trkpt>
   <trkpt lon="2.909969" lat="39.719858"><ele>119.25</ele></trkpt>
   <trkpt lon="2.910015" lat="39.719855"><ele>119.25</ele></trkpt>
   <trkpt lon="2.910045" lat="39.719858"><ele>119.25</ele></trkpt>
   <trkpt lon="2.910086" lat="39.719873"><ele>119.5</ele></trkpt>
   <trkpt lon="2.910181" lat="39.719929"><ele>119.5</ele><sym>right</sym></trkpt>
   <trkpt lon="2.910199" lat="39.719870"><ele>119.5</ele></trkpt>
   <trkpt lon="2.910218" lat="39.719826"><ele>119.25</ele></trkpt>
   <trkpt lon="2.910254" lat="39.719777"><ele>119.0</ele></trkpt>
   <trkpt lon="2.910307" lat="39.719707"><ele>118.75</ele></trkpt>
   <trkpt lon="2.910361" lat="39.719650"><ele>118.25</ele></trkpt>
   <trkpt lon="2.910397" lat="39.719620"><ele>118.25</ele></trkpt>
   <trkpt lon="2.910411" lat="39.719608"><ele>118.0</ele></trkpt>
   <trkpt lon="2.910607" lat="39.719492"><ele>117.25</ele></trkpt>
   <trkpt lon="2.910760" lat="39.719428"><ele>117.5</ele><sym>right_slight</sym></trkpt>
   <trkpt lon="2.910833" lat="39.719272"><ele>115.5</ele><sym>left_slight</sym></trkpt>
   <trkpt lon="2.911364" lat="39.719058"><ele>114.5</ele><sym>left</sym></trkpt>
   <trkpt lon="2.911549" lat="39.719259"><ele>116.0</ele><sym>pass_place</sym><type>Shaping</type></trkpt>
   <trkpt lon="2.911550" lat="39.719261"><ele>116.0</ele><sym>right</sym></trkpt>
   <trkpt lon="2.911966" lat="39.719098"><ele>115.75</ele></trkpt>
   <trkpt lon="2.912247" lat="39.718934"><ele>115.0</ele></trkpt>
   <trkpt lon="2.912908" lat="39.718389"><ele>113.75</ele><sym>right</sym></trkpt>
   <trkpt lon="2.912283" lat="39.717635"><ele>111.25</ele><sym>straight</sym></trkpt>
   <trkpt lon="2.912234" lat="39.717626"><ele>111.25</ele></trkpt>
   <trkpt lon="2.912206" lat="39.717589"><ele>111.25</ele></trkpt>
   <trkpt lon="2.912182" lat="39.717559"><ele>111.25</ele></trkpt>
   <trkpt lon="2.912186" lat="39.717513"><ele>111.0</ele><sym>right_slight</sym></trkpt>
   <trkpt lon="2.912146" lat="39.717460"><ele>111.25</ele></trkpt>
   <trkpt lon="2.911784" lat="39.716987"><ele>112.75</ele></trkpt>
   <trkpt lon="2.911740" lat="39.716930"><ele>113.0</ele></trkpt>
   <trkpt lon="2.911607" lat="39.716761"><ele>114.25</ele></trkpt>
   <trkpt lon="2.911510" lat="39.716636"><ele>115.0</ele></trkpt>
   <trkpt lon="2.911337" lat="39.716410"><ele>115.75</ele></trkpt>
   <trkpt lon="2.911213" lat="39.716274"><ele>116.0</ele></trkpt>
   <trkpt lon="2.911138" lat="39.716194"><ele>116.0</ele></trkpt>
   <trkpt lon="2.911091" lat="39.716114"><ele>116.0</ele></trkpt>
   <trkpt lon="2.911055" lat="39.716054"><ele>116.25</ele></trkpt>
   <trkpt lon="2.910989" lat="39.715955"><ele>116.75</ele></trkpt>
   <trkpt lon="2.910729" lat="39.715485"><ele>117.0</ele></trkpt>
   <trkpt lon="2.910644" lat="39.715340"><ele>117.0</ele></trkpt>
   <trkpt lon="2.910589" lat="39.715249"><ele>117.0</ele></trkpt>
   <trkpt lon="2.910229" lat="39.714586"><ele>118.0</ele></trkpt>
   <trkpt lon="2.910174" lat="39.714489"><ele>118.0</ele></trkpt>
   <trkpt lon="2.910135" lat="39.714421"><ele>118.0</ele></trkpt>
   <trkpt lon="2.909832" lat="39.713887"><ele>117.75</ele></trkpt>
   <trkpt lon="2.909574" lat="39.713460"><ele>117.5</ele><sym>right_slight</sym></trkpt>
   <trkpt lon="2.909370" lat="39.713372"><ele>118.0</ele></trkpt>
   <trkpt lon="2.909330" lat="39.713338"><ele>118.0</ele><sym>right_slight</sym></trkpt>
   <trkpt lon="2.909208" lat="39.713306"><ele>117.75</ele></trkpt>
   <trkpt lon="2.909184" lat="39.713298"><ele>117.75</ele></trkpt>
   <trkpt lon="2.908968" lat="39.713203"><ele>118.0</ele></trkpt>
   <trkpt lon="2.908900" lat="39.713172"><ele>118.0</ele></trkpt>
   <trkpt lon="2.908820" lat="39.713127"><ele>118.0</ele></trkpt>
   <trkpt lon="2.908771" lat="39.713061"><ele>118.0</ele></trkpt>
   <trkpt lon="2.908764" lat="39.712990"><ele>117.75</ele></trkpt>
   <trkpt lon="2.908769" lat="39.712945"><ele>117.75</ele></trkpt>
   <trkpt lon="2.908777" lat="39.712905"><ele>117.5</ele><sym>right_slight</sym></trkpt>
   <trkpt lon="2.908720" lat="39.712798"><ele>117.5</ele></trkpt>
   <trkpt lon="2.908739" lat="39.712681"><ele>117.25</ele></trkpt>
   <trkpt lon="2.908760" lat="39.712531"><ele>117.0</ele></trkpt>
   <trkpt lon="2.908874" lat="39.711743"><ele>116.25</ele></trkpt>
   <trkpt lon="2.908895" lat="39.711602"><ele>116.0</ele></trkpt>
   <trkpt lon="2.908915" lat="39.711464"><ele>116.0</ele></trkpt>
   <trkpt lon="2.908952" lat="39.711206"><ele>116.0</ele></trkpt>
   <trkpt lon="2.908964" lat="39.711121"><ele>116.0</ele></trkpt>
   <trkpt lon="2.908962" lat="39.710959"><ele>116.0</ele></trkpt>
   <trkpt lon="2.908921" lat="39.710829"><ele>116.0</ele></trkpt>
   <trkpt lon="2.908888" lat="39.710758"><ele>116.0</ele><sym>roundabout_e2</sym></trkpt>
   <trkpt lon="2.908856" lat="39.710723"><ele>116.0</ele></trkpt>
   <trkpt lon="2.908829" lat="39.710645"><ele>116.0</ele></trkpt>
   <trkpt lon="2.908831" lat="39.710604"><ele>116.0</ele></trkpt>
   <trkpt lon="2.908861" lat="39.710533"><ele>116.0</ele></trkpt>
   <trkpt lon="2.908920" lat="39.710478"><ele>116.0</ele></trkpt>
   <trkpt lon="2.908965" lat="39.710455"><ele>116.0</ele></trkpt>
   <trkpt lon="2.909104" lat="39.710313"><ele>116.0</ele></trkpt>
   <trkpt lon="2.909224" lat="39.710143"><ele>115.25</ele></trkpt>
   <trkpt lon="2.909241" lat="39.710095"><ele>115.0</ele></trkpt>
   <trkpt lon="2.909311" lat="39.709884"><ele>114.75</ele></trkpt>
   <trkpt lon="2.909609" lat="39.708897"><ele>115.0</ele></trkpt>
   <trkpt lon="2.909775" lat="39.708340"><ele>116.0</ele></trkpt>
   <trkpt lon="2.910039" lat="39.707537"><ele>114.25</ele></trkpt>
   <trkpt lon="2.910160" lat="39.707090"><ele>111.5</ele></trkpt>
   <trkpt lon="2.910268" lat="39.706730"><ele>111.75</ele></trkpt>
   <trkpt lon="2.910292" lat="39.706534"><ele>111.25</ele></trkpt>
   <trkpt lon="2.910275" lat="39.706475"><ele>111.25</ele></trkpt>
   <trkpt lon="2.910236" lat="39.706416"><ele>111.0</ele><sym>roundabout_e3</sym></trkpt>
   <trkpt lon="2.910213" lat="39.706393"><ele>111.0</ele></trkpt>
   <trkpt lon="2.910198" lat="39.706370"><ele>111.0</ele></trkpt>
   <trkpt lon="2.910183" lat="39.706316"><ele>111.0</ele></trkpt>
   <trkpt lon="2.910192" lat="39.706261"><ele>111.0</ele></trkpt>
   <trkpt lon="2.910217" lat="39.706220"><ele>111.0</ele></trkpt>
   <trkpt lon="2.910266" lat="39.706178"><ele>111.0</ele></trkpt>
   <trkpt lon="2.910314" lat="39.706117"><ele>110.75</ele></trkpt>
   <trkpt lon="2.910380" lat="39.705951"><ele>110.25</ele></trkpt>
   <trkpt lon="2.910412" lat="39.705346"><ele>109.5</ele></trkpt>
   <trkpt lon="2.910524" lat="39.704410"><ele>107.0</ele><sym>pass_place</sym><type>Shaping</type></trkpt>
   <trkpt lon="2.910525" lat="39.704405"><ele>107.0</ele></trkpt>
   <trkpt lon="2.910551" lat="39.703951"><ele>106.0</ele></trkpt>
   <trkpt lon="2.910545" lat="39.703644"><ele>105.75</ele></trkpt>
   <trkpt lon="2.910499" lat="39.703283"><ele>105.0</ele></trkpt>
   <trkpt lon="2.910410" lat="39.702904"><ele>104.5</ele></trkpt>
   <trkpt lon="2.910298" lat="39.702620"><ele>104.75</ele></trkpt>
   <trkpt lon="2.910017" lat="39.702038"><ele>105.25</ele></trkpt>
   <trkpt lon="2.909937" lat="39.701877"><ele>105.0</ele></trkpt>
   <trkpt lon="2.909883" lat="39.701722"><ele>105.25</ele></trkpt>
   <trkpt lon="2.909849" lat="39.701562"><ele>105.25</ele></trkpt>
   <trkpt lon="2.909862" lat="39.701307"><ele>105.0</ele></trkpt>
   <trkpt lon="2.909997" lat="39.701035"><ele>104.75</ele></trkpt>
   <trkpt lon="2.910028" lat="39.700987"><ele>105.0</ele></trkpt>
   <trkpt lon="2.910218" lat="39.700696"><ele>104.5</ele></trkpt>
   <trkpt lon="2.910911" lat="39.699791"><ele>103.0</ele></trkpt>
   <trkpt lon="2.911068" lat="39.699557"><ele>102.75</ele></trkpt>
   <trkpt lon="2.911129" lat="39.699439"><ele>102.75</ele></trkpt>
   <trkpt lon="2.911251" lat="39.699094"><ele>102.0</ele></trkpt>
   <trkpt lon="2.911318" lat="39.698624"><ele>101.75</ele></trkpt>
   <trkpt lon="2.911396" lat="39.698171"><ele>100.75</ele></trkpt>
   <trkpt lon="2.911530" lat="39.697589"><ele>100.0</ele></trkpt>
   <trkpt lon="2.911705" lat="39.696979"><ele>99.75</ele></trkpt>
   <trkpt lon="2.912085" lat="39.695788"><ele>98.0</ele></trkpt>
   <trkpt lon="2.912965" lat="39.693580"><ele>94.75</ele></trkpt>
   <trkpt lon="2.913416" lat="39.692359"><ele>94.0</ele></trkpt>
   <trkpt lon="2.913972" lat="39.690946"><ele>92.75</ele></trkpt>
   <trkpt lon="2.914079" lat="39.690614"><ele>92.75</ele></trkpt>
   <trkpt lon="2.914169" lat="39.690264"><ele>92.75</ele></trkpt>
   <trkpt lon="2.914470" lat="39.689586"><ele>91.75</ele></trkpt>
   <trkpt lon="2.914864" lat="39.688701"><ele>91.25</ele><sym>pass_place</sym><type>Shaping</type></trkpt>
   <trkpt lon="2.915079" lat="39.688137"><ele>91.5</ele></trkpt>
   <trkpt lon="2.915243" lat="39.687522"><ele>91.0</ele></trkpt>
   <trkpt lon="2.915369" lat="39.686906"><ele>90.5</ele></trkpt>
   <trkpt lon="2.915480" lat="39.685758"><ele>90.0</ele><sym>right</sym></trkpt>
   <trkpt lon="2.914435" lat="39.685224"><ele>90.75</ele></trkpt>
   <trkpt lon="2.912822" lat="39.684444"><ele>91.0</ele></trkpt>
   <trkpt lon="2.912190" lat="39.684239"><ele>90.25</ele></trkpt>
   <trkpt lon="2.911051" lat="39.683782"><ele>90.0</ele></trkpt>
   <trkpt lon="2.910570" lat="39.683520"><ele>90.75</ele></trkpt>
   <trkpt lon="2.909681" lat="39.682973"><ele>91.5</ele></trkpt>
   <trkpt lon="2.909420" lat="39.682760"><ele>90.0</ele></trkpt>
   <trkpt lon="2.909315" lat="39.682653"><ele>90.0</ele></trkpt>
   <trkpt lon="2.908950" lat="39.682456"><ele>90.75</ele></trkpt>
   <trkpt lon="2.908342" lat="39.682273"><ele>91.75</ele></trkpt>
   <trkpt lon="2.908042" lat="39.682257"><ele>92.75</ele></trkpt>
   <trkpt lon="2.907685" lat="39.682174"><ele>93.0</ele></trkpt>
   <trkpt lon="2.907072" lat="39.682023"><ele>93.5</ele></trkpt>
   <trkpt lon="2.906770" lat="39.681958"><ele>93.75</ele></trkpt>
   <trkpt lon="2.906127" lat="39.681753"><ele>94.0</ele></trkpt>
   <trkpt lon="2.905293" lat="39.681428"><ele>94.75</ele></trkpt>
   <trkpt lon="2.904282" lat="39.681034"><ele>94.25</ele></trkpt>
   <trkpt lon="2.903556" lat="39.680767"><ele>93.75</ele></trkpt>
   <trkpt lon="2.901909" lat="39.680161"><ele>94.0</ele></trkpt>
   <trkpt lon="2.900782" lat="39.679660"><ele>94.75</ele></trkpt>
   <trkpt lon="2.899833" lat="39.679280"><ele>95.0</ele><sym>pass_place</sym><type>Shaping</type></trkpt>
   <trkpt lon="2.898824" lat="39.678841"><ele>94.75</ele></trkpt>
   <trkpt lon="2.896774" lat="39.678052"><ele>95.0</ele></trkpt>
   <trkpt lon="2.896711" lat="39.678019"><ele>95.0</ele></trkpt>
   <trkpt lon="2.893922" lat="39.676579"><ele>96.0</ele></trkpt>
   <trkpt lon="2.892825" lat="39.676017"><ele>96.0</ele></trkpt>
   <trkpt lon="2.890457" lat="39.674919"><ele>97.0</ele></trkpt>
   <trkpt lon="2.889790" lat="39.674586"><ele>97.0</ele></trkpt>
   <trkpt lon="2.888152" lat="39.673768"><ele>97.75</ele></trkpt>
   <trkpt lon="2.887336" lat="39.673386"><ele>98.25</ele></trkpt>
   <trkpt lon="2.886924" lat="39.673218"><ele>98.5</ele></trkpt>
   <trkpt lon="2.886200" lat="39.672997"><ele>98.75</ele></trkpt>
   <trkpt lon="2.885840" lat="39.672858"><ele>99.0</ele></trkpt>
   <trkpt lon="2.885475" lat="39.672664"><ele>99.0</ele></trkpt>
   <trkpt lon="2.881792" lat="39.670266"><ele>101.75</ele><sym>pass_place</sym><type>Shaping</type></trkpt>
   <trkpt lon="2.881789" lat="39.670265"><ele>101.75</ele></trkpt>
   <trkpt lon="2.878599" lat="39.668307"><ele>102.75</ele></trkpt>
   <trkpt lon="2.877859" lat="39.668012"><ele>102.75</ele></trkpt>
   <trkpt lon="2.877118" lat="39.667477"><ele>103.0</ele></trkpt>
   <trkpt lon="2.875562" lat="39.666354"><ele>103.0</ele></trkpt>
   <trkpt lon="2.875344" lat="39.666211"><ele>103.25</ele></trkpt>
   <trkpt lon="2.875193" lat="39.666150"><ele>103.25</ele></trkpt>
   <trkpt lon="2.875047" lat="39.666125"><ele>103.75</ele></trkpt>
   <trkpt lon="2.874907" lat="39.666130"><ele>104.0</ele></trkpt>
   <trkpt lon="2.874776" lat="39.666162"><ele>104.0</ele></trkpt>
   <trkpt lon="2.874661" lat="39.666221"><ele>104.0</ele></trkpt>
   <trkpt lon="2.874550" lat="39.666300"><ele>104.25</ele></trkpt>
   <trkpt lon="2.874455" lat="39.666403"><ele>104.75</ele><sym>roundabout_e3</sym></trkpt>
   <trkpt lon="2.874479" lat="39.666434"><ele>104.5</ele></trkpt>
   <trkpt lon="2.874480" lat="39.666453"><ele>104.5</ele></trkpt>
   <trkpt lon="2.874460" lat="39.666486"><ele>104.5</ele></trkpt>
   <trkpt lon="2.874440" lat="39.666498"><ele>104.5</ele></trkpt>
   <trkpt lon="2.874390" lat="39.666504"><ele>104.5</ele></trkpt>
   <trkpt lon="2.874346" lat="39.666485"><ele>104.5</ele></trkpt>
   <trkpt lon="2.874327" lat="39.666449"><ele>104.75</ele></trkpt>
   <trkpt lon="2.874331" lat="39.666429"><ele>104.75</ele></trkpt>
   <trkpt lon="2.873950" lat="39.666288"><ele>104.5</ele></trkpt>
   <trkpt lon="2.872689" lat="39.665799"><ele>105.0</ele></trkpt>
   <trkpt lon="2.871145" lat="39.665029"><ele>106.0</ele></trkpt>
   <trkpt lon="2.870528" lat="39.664703"><ele>106.0</ele></trkpt>
   <trkpt lon="2.870210" lat="39.664586"><ele>106.5</ele></trkpt>
   <trkpt lon="2.869800" lat="39.664364"><ele>107.0</ele></trkpt>
   <trkpt lon="2.869332" lat="39.664052"><ele>107.0</ele></trkpt>
   <trkpt lon="2.867720" lat="39.663294"><ele>107.75</ele></trkpt>
   <trkpt lon="2.865953" lat="39.662873"><ele>108.5</ele></trkpt>
   <trkpt lon="2.865346" lat="39.662877"><ele>109.0</ele></trkpt>
   <trkpt lon="2.864108" lat="39.662674"><ele>110.0</ele><sym>pass_place</sym><type>Shaping</type></trkpt>
   <trkpt lon="2.861839" lat="39.662106"><ele>111.0</ele></trkpt>
   <trkpt lon="2.861141" lat="39.661941"><ele>111.0</ele></trkpt>
   <trkpt lon="2.860331" lat="39.661727"><ele>111.75</ele></trkpt>
   <trkpt lon="2.859177" lat="39.661509"><ele>112.0</ele></trkpt>
   <trkpt lon="2.858448" lat="39.661487"><ele>112.0</ele></trkpt>
   <trkpt lon="2.858257" lat="39.661468"><ele>112.25</ele></trkpt>
   <trkpt lon="2.858082" lat="39.661439"><ele>112.75</ele></trkpt>
   <trkpt lon="2.857738" lat="39.661341"><ele>112.75</ele></trkpt>
   <trkpt lon="2.857461" lat="39.661277"><ele>112.5</ele></trkpt>
   <trkpt lon="2.856629" lat="39.661170"><ele>113.0</ele></trkpt>
   <trkpt lon="2.856075" lat="39.661107"><ele>113.0</ele></trkpt>
   <trkpt lon="2.855967" lat="39.661095"><ele>113.0</ele></trkpt>
   <trkpt lon="2.854649" lat="39.661043"><ele>114.0</ele><sym>straight</sym></trkpt>
   <trkpt lon="2.854065" lat="39.661054"><ele>114.25</ele></trkpt>
   <trkpt lon="2.853023" lat="39.661153"><ele>115.0</ele></trkpt>
   <trkpt lon="2.852245" lat="39.661106"><ele>116.0</ele></trkpt>
   <trkpt lon="2.851181" lat="39.661105"><ele>117.0</ele></trkpt>
   <trkpt lon="2.850901" lat="39.661094"><ele>117.5</ele></trkpt>
   <trkpt lon="2.850477" lat="39.661077"><ele>117.75</ele></trkpt>
   <trkpt lon="2.850048" lat="39.660979"><ele>117.75</ele></trkpt>
   <trkpt lon="2.848739" lat="39.660636"><ele>119.0</ele></trkpt>
   <trkpt lon="2.848267" lat="39.660501"><ele>119.0</ele></trkpt>
   <trkpt lon="2.847029" lat="39.660147"><ele>119.75</ele></trkpt>
   <trkpt lon="2.844632" lat="39.659437"><ele>120.75</ele></trkpt>
   <trkpt lon="2.843836" lat="39.659264"><ele>120.25</ele></trkpt>
   <trkpt lon="2.841588" lat="39.658792"><ele>121.75</ele><sym>pass_place</sym><type>Shaping</type></trkpt>
   <trkpt lon="2.841586" lat="39.658792"><ele>121.75</ele></trkpt>
   <trkpt lon="2.840866" lat="39.658691"><ele>122.0</ele></trkpt>
   <trkpt lon="2.840333" lat="39.658535"><ele>121.5</ele></trkpt>
   <trkpt lon="2.839937" lat="39.658501"><ele>121.5</ele></trkpt>
   <trkpt lon="2.839883" lat="39.658497"><ele>121.5</ele></trkpt>
   <trkpt lon="2.839661" lat="39.658480"><ele>121.5</ele></trkpt>
   <trkpt lon="2.839009" lat="39.658422"><ele>123.0</ele></trkpt>
   <trkpt lon="2.838544" lat="39.658313"><ele>122.0</ele></trkpt>
   <trkpt lon="2.838249" lat="39.658266"><ele>122.0</ele></trkpt>
   <trkpt lon="2.838122" lat="39.658248"><ele>122.5</ele></trkpt>
   <trkpt lon="2.836732" lat="39.658274"><ele>123.75</ele></trkpt>
   <trkpt lon="2.835844" lat="39.658299"><ele>123.75</ele></trkpt>
   <trkpt lon="2.835011" lat="39.658306"><ele>123.75</ele></trkpt>
   <trkpt lon="2.833829" lat="39.658138"><ele>124.25</ele></trkpt>
   <trkpt lon="2.833431" lat="39.658068"><ele>125.0</ele></trkpt>
   <trkpt lon="2.831578" lat="39.657713"><ele>125.75</ele></trkpt>
   <trkpt lon="2.830717" lat="39.657477"><ele>125.75</ele></trkpt>
   <trkpt lon="2.830228" lat="39.657342"><ele>125.5</ele></trkpt>
   <trkpt lon="2.829550" lat="39.657080"><ele>126.0</ele></trkpt>
   <trkpt lon="2.828995" lat="39.656912"><ele>126.0</ele></trkpt>
   <trkpt lon="2.827425" lat="39.656436"><ele>126.0</ele></trkpt>
   <trkpt lon="2.827345" lat="39.656412"><ele>126.0</ele></trkpt>
   <trkpt lon="2.826198" lat="39.656257"><ele>126.0</ele></trkpt>
   <trkpt lon="2.825798" lat="39.656233"><ele>126.0</ele></trkpt>
   <trkpt lon="2.824090" lat="39.656133"><ele>126.75</ele></trkpt>
   <trkpt lon="2.823375" lat="39.656152"><ele>126.75</ele></trkpt>
   <trkpt lon="2.822246" lat="39.656076"><ele>126.75</ele></trkpt>
   <trkpt lon="2.822024" lat="39.656071"><ele>126.75</ele></trkpt>
   <trkpt lon="2.820980" lat="39.656081"><ele>126.75</ele><sym>pass_place</sym><type>Shaping</type></trkpt>
   <trkpt lon="2.820979" lat="39.656082"><ele>126.75</ele></trkpt>
   <trkpt lon="2.816093" lat="39.655653"><ele>126.0</ele></trkpt>
   <trkpt lon="2.816041" lat="39.655652"><ele>126.0</ele></trkpt>
   <trkpt lon="2.813786" lat="39.655493"><ele>127.0</ele></trkpt>
   <trkpt lon="2.813629" lat="39.655479"><ele>127.0</ele></trkpt>
   <trkpt lon="2.812956" lat="39.655345"><ele>127.0</ele></trkpt>
   <trkpt lon="2.812599" lat="39.655349"><ele>127.0</ele></trkpt>
   <trkpt lon="2.812275" lat="39.655372"><ele>127.0</ele></trkpt>
   <trkpt lon="2.811899" lat="39.655370"><ele>127.0</ele></trkpt>
   <trkpt lon="2.810876" lat="39.655323"><ele>126.75</ele></trkpt>
   <trkpt lon="2.810219" lat="39.655346"><ele>127.0</ele></trkpt>
   <trkpt lon="2.810148" lat="39.655348"><ele>126.75</ele></trkpt>
   <trkpt lon="2.809697" lat="39.655280"><ele>127.0</ele><sym>left_slight</sym></trkpt>
   <trkpt lon="2.809293" lat="39.655064"><ele>127.0</ele></trkpt>
   <trkpt lon="2.808389" lat="39.654411"><ele>126.0</ele></trkpt>
   <trkpt lon="2.807720" lat="39.653975"><ele>126.0</ele></trkpt>
   <trkpt lon="2.807498" lat="39.653769"><ele>125.75</ele></trkpt>
   <trkpt lon="2.807126" lat="39.653440"><ele>125.0</ele></trkpt>
   <trkpt lon="2.806747" lat="39.653157"><ele>125.0</ele></trkpt>
   <trkpt lon="2.806570" lat="39.653048"><ele>124.75</ele></trkpt>
   <trkpt lon="2.806267" lat="39.652913"><ele>124.75</ele></trkpt>
   <trkpt lon="2.805119" lat="39.652500"><ele>124.0</ele></trkpt>
   <trkpt lon="2.804745" lat="39.652347"><ele>124.0</ele></trkpt>
   <trkpt lon="2.804473" lat="39.652209"><ele>124.0</ele></trkpt>
   <trkpt lon="2.804236" lat="39.652116"><ele>123.5</ele></trkpt>
   <trkpt lon="2.803965" lat="39.652047"><ele>123.75</ele></trkpt>
   <trkpt lon="2.803425" lat="39.651921"><ele>123.75</ele></trkpt>
   <trkpt lon="2.803081" lat="39.651823"><ele>123.5</ele></trkpt>
   <trkpt lon="2.802651" lat="39.651657"><ele>123.0</ele></trkpt>
   <trkpt lon="2.802418" lat="39.651583"><ele>123.0</ele></trkpt>
   <trkpt lon="2.801609" lat="39.651378"><ele>123.0</ele><sym>pass_place</sym><type>Shaping</type></trkpt>
   <trkpt lon="2.801607" lat="39.651378"><ele>123.0</ele></trkpt>
   <trkpt lon="2.801094" lat="39.651259"><ele>123.0</ele></trkpt>
   <trkpt lon="2.800510" lat="39.651105"><ele>123.0</ele></trkpt>
   <trkpt lon="2.799123" lat="39.650870"><ele>123.0</ele></trkpt>
   <trkpt lon="2.798401" lat="39.650758"><ele>123.5</ele></trkpt>
   <trkpt lon="2.797207" lat="39.650574"><ele>128.25</ele></trkpt>
   <trkpt lon="2.796345" lat="39.650444"><ele>125.0</ele></trkpt>
   <trkpt lon="2.792281" lat="39.649771"><ele>122.75</ele></trkpt>
   <trkpt lon="2.791973" lat="39.649743"><ele>123.0</ele></trkpt>
   <trkpt lon="2.791586" lat="39.649879"><ele>124.0</ele></trkpt>
   <trkpt lon="2.791256" lat="39.649938"><ele>124.0</ele></trkpt>
   <trkpt lon="2.791120" lat="39.649945"><ele>124.0</ele></trkpt>
   <trkpt lon="2.790824" lat="39.649796"><ele>125.0</ele></trkpt>
   <trkpt lon="2.790477" lat="39.649558"><ele>125.0</ele></trkpt>
   <trkpt lon="2.790222" lat="39.649266"><ele>124.75</ele></trkpt>
   <trkpt lon="2.790114" lat="39.649202"><ele>124.25</ele></trkpt>
   <trkpt lon="2.789908" lat="39.649162"><ele>123.75</ele></trkpt>
   <trkpt lon="2.789610" lat="39.649128"><ele>123.25</ele></trkpt>
   <trkpt lon="2.788786" lat="39.649007"><ele>122.25</ele></trkpt>
   <trkpt lon="2.788379" lat="39.648926"><ele>122.75</ele></trkpt>
   <trkpt lon="2.787962" lat="39.648848"><ele>122.75</ele></trkpt>
   <trkpt lon="2.785876" lat="39.648479"><ele>123.0</ele></trkpt>
   <trkpt lon="2.785339" lat="39.648390"><ele>122.75</ele></trkpt>
   <trkpt lon="2.784557" lat="39.648260"><ele>123.25</ele></trkpt>
   <trkpt lon="2.782067" lat="39.647871"><ele>125.0</ele></trkpt>
   <trkpt lon="2.781912" lat="39.647824"><ele>125.0</ele></trkpt>
   <trkpt lon="2.781895" lat="39.647794"><ele>125.0</ele><sym>right</sym></trkpt>
   <trkpt lon="2.781664" lat="39.647868"><ele>125.0</ele></trkpt>
   <trkpt lon="2.781533" lat="39.647907"><ele>125.0</ele></trkpt>
   <trkpt lon="2.781440" lat="39.647931"><ele>125.0</ele><sym>pass_place</sym><type>Shaping</type></trkpt>
   <trkpt lon="2.781437" lat="39.647932"><ele>125.0</ele></trkpt>
   <trkpt lon="2.781218" lat="39.648168"><ele>125.0</ele></trkpt>
   <trkpt lon="2.781096" lat="39.648305"><ele>125.75</ele></trkpt>
   <trkpt lon="2.781076" lat="39.648328"><ele>125.75</ele></trkpt>
   <trkpt lon="2.780405" lat="39.649156"><ele>125.75</ele></trkpt>
   <trkpt lon="2.780239" lat="39.649329"><ele>126.0</ele></trkpt>
   <trkpt lon="2.780013" lat="39.649463"><ele>125.75</ele></trkpt>
   <trkpt lon="2.779663" lat="39.649658"><ele>126.0</ele></trkpt>
   <trkpt lon="2.778583" lat="39.650237"><ele>126.75</ele></trkpt>
   <trkpt lon="2.778506" lat="39.650301"><ele>127.0</ele><sym>left</sym></trkpt>
   <trkpt lon="2.777506" lat="39.649725"><ele>127.0</ele></trkpt>
   <trkpt lon="2.777498" lat="39.649720"><ele>127.0</ele></trkpt>
   <trkpt lon="2.777472" lat="39.649706"><ele>127.0</ele></trkpt>
   <trkpt lon="2.777437" lat="39.649688"><ele>127.0</ele></trkpt>
   <trkpt lon="2.777393" lat="39.649665"><ele>127.0</ele></trkpt>
   <trkpt lon="2.777290" lat="39.649611"><ele>127.0</ele></trkpt>
   <trkpt lon="2.776910" lat="39.649411"><ele>127.0</ele><sym>right</sym></trkpt>
   <trkpt lon="2.776503" lat="39.649722"><ele>127.75</ele></trkpt>
   <trkpt lon="2.775748" lat="39.650303"><ele>128.75</ele></trkpt>
   <trkpt lon="2.775179" lat="39.650750"><ele>129.0</ele></trkpt>
   <trkpt lon="2.774808" lat="39.651114"><ele>128.75</ele></trkpt>
   <trkpt lon="2.774460" lat="39.651465"><ele>129.0</ele></trkpt>
   <trkpt lon="2.774191" lat="39.651736"><ele>129.0</ele></trkpt>
   <trkpt lon="2.774170" lat="39.651757"><ele>129.25</ele></trkpt>
   <trkpt lon="2.774135" lat="39.651793"><ele>129.25</ele><sym>left</sym></trkpt>
   <trkpt lon="2.774052" lat="39.651755"><ele>129.25</ele></trkpt>
   <trkpt lon="2.774029" lat="39.651744"><ele>129.25</ele></trkpt>
   <trkpt lon="2.773650" lat="39.651566"><ele>129.5</ele></trkpt>
   <trkpt lon="2.773476" lat="39.651446"><ele>129.0</ele></trkpt>
   <trkpt lon="2.773289" lat="39.651285"><ele>129.0</ele></trkpt>
   <trkpt lon="2.773230" lat="39.651252"><ele>129.0</ele></trkpt>
   <trkpt lon="2.773204" lat="39.651230"><ele>129.0</ele></trkpt>
   <trkpt lon="2.773140" lat="39.651177"><ele>129.0</ele></trkpt>
   <trkpt lon="2.772992" lat="39.651039"><ele>128.5</ele></trkpt>
   <trkpt lon="2.772995" lat="39.651016"><ele>128.5</ele><sym>right_slight</sym></trkpt>
   <trkpt lon="2.772828" lat="39.650884"><ele>128.0</ele></trkpt>
   <trkpt lon="2.772709" lat="39.650818"><ele>128.0</ele></trkpt>
   <trkpt lon="2.772508" lat="39.650724"><ele>128.0</ele><sym>right</sym></trkpt>
   <trkpt lon="2.772440" lat="39.650808"><ele>128.0</ele></trkpt>
   <trkpt lon="2.772409" lat="39.650840"><ele>128.0</ele></trkpt>
   <trkpt lon="2.772306" lat="39.650894"><ele>128.0</ele></trkpt>
   <trkpt lon="2.772113" lat="39.650932"><ele>128.0</ele></trkpt>
   <trkpt lon="2.771934" lat="39.650987"><ele>128.5</ele></trkpt>
   <trkpt lon="2.771847" lat="39.650992"><ele>128.25</ele></trkpt>
   <trkpt lon="2.771805" lat="39.650995"><ele>128.25</ele></trkpt>
   <trkpt lon="2.771650" lat="39.651004"><ele>128.0</ele></trkpt>
   <trkpt lon="2.771611" lat="39.651007"><ele>128.0</ele></trkpt>
   <trkpt lon="2.771519" lat="39.651012"><ele>128.0</ele></trkpt>
   <trkpt lon="2.771463" lat="39.651015"><ele>128.0</ele></trkpt>
   <trkpt lon="2.771255" lat="39.651026"><ele>128.0</ele></trkpt>
   <trkpt lon="2.770880" lat="39.651069"><ele>128.0</ele><sym>stay_left</sym></trkpt>
   <trkpt lon="2.770879" lat="39.651069"><ele>128.0</ele><sym>pass_place</sym><type>Shaping</type></trkpt>
   <trkpt lon="2.770880" lat="39.651069"><ele>128.0</ele></trkpt>
   <trkpt lon="2.770745" lat="39.651087"><ele>128.0</ele></trkpt>
   <trkpt lon="2.770462" lat="39.651125"><ele>128.25</ele></trkpt>
   <trkpt lon="2.769779" lat="39.651218"><ele>129.0</ele></trkpt>
   <trkpt lon="2.768662" lat="39.651369"><ele>129.0</ele></trkpt>
   <trkpt lon="2.768451" lat="39.651403"><ele>129.0</ele></trkpt>
   <trkpt lon="2.767975" lat="39.651467"><ele>129.0</ele></trkpt>
   <trkpt lon="2.767462" lat="39.651533"><ele>129.0</ele></trkpt>
   <trkpt lon="2.767258" lat="39.651557"><ele>129.0</ele></trkpt>
   <trkpt lon="2.766677" lat="39.651627"><ele>129.75</ele></trkpt>
   <trkpt lon="2.766154" lat="39.651703"><ele>130.0</ele></trkpt>
   <trkpt lon="2.765680" lat="39.651708"><ele>130.0</ele></trkpt>
   <trkpt lon="2.764260" lat="39.651937"><ele>130.5</ele></trkpt>
   <trkpt lon="2.763911" lat="39.651980"><ele>130.75</ele></trkpt>
   <trkpt lon="2.762971" lat="39.652140"><ele>131.0</ele></trkpt>
   <trkpt lon="2.762591" lat="39.652233"><ele>131.0</ele></trkpt>
   <trkpt lon="2.762116" lat="39.652466"><ele>131.25</ele></trkpt>
   <trkpt lon="2.760756" lat="39.653258"><ele>131.25</ele></trkpt>
   <trkpt lon="2.760508" lat="39.653377"><ele>131.75</ele></trkpt>
   <trkpt lon="2.759649" lat="39.653791"><ele>132.75</ele></trkpt>
   <trkpt lon="2.759397" lat="39.653963"><ele>134.5</ele></trkpt>
   <trkpt lon="2.759181" lat="39.654202"><ele>134.25</ele></trkpt>
   <trkpt lon="2.758830" lat="39.654415"><ele>133.5</ele></trkpt>
   <trkpt lon="2.758661" lat="39.654466"><ele>133.75</ele></trkpt>
   <trkpt lon="2.758478" lat="39.654508"><ele>132.0</ele></trkpt>
   <trkpt lon="2.758137" lat="39.654552"><ele>130.5</ele></trkpt>
   <trkpt lon="2.757783" lat="39.654616"><ele>130.0</ele></trkpt>
   <trkpt lon="2.757605" lat="39.654671"><ele>129.75</ele></trkpt>
   <trkpt lon="2.756624" lat="39.655072"><ele>130.0</ele></trkpt>
   <trkpt lon="2.756394" lat="39.655210"><ele>130.0</ele></trkpt>
   <trkpt lon="2.756045" lat="39.655474"><ele>130.0</ele></trkpt>
   <trkpt lon="2.755664" lat="39.655881"><ele>130.25</ele></trkpt>
   <trkpt lon="2.754799" lat="39.656464"><ele>130.25</ele></trkpt>
   <trkpt lon="2.754026" lat="39.656993"><ele>131.0</ele></trkpt>
   <trkpt lon="2.753656" lat="39.657332"><ele>131.0</ele></trkpt>
   <trkpt lon="2.753263" lat="39.657634"><ele>130.0</ele></trkpt>
   <trkpt lon="2.752647" lat="39.658037"><ele>129.5</ele><sym>pass_place</sym><type>Shaping</type></trkpt>
   <trkpt lon="2.752646" lat="39.658039"><ele>129.5</ele></trkpt>
   <trkpt lon="2.752382" lat="39.658212"><ele>128.25</ele></trkpt>
   <trkpt lon="2.751533" lat="39.658496"><ele>124.5</ele></trkpt>
   <trkpt lon="2.751346" lat="39.658568"><ele>124.0</ele></trkpt>
   <trkpt lon="2.750585" lat="39.658741"><ele>125.25</ele></trkpt>
   <trkpt lon="2.750364" lat="39.658780"><ele>126.5</ele></trkpt>
   <trkpt lon="2.749396" lat="39.658836"><ele>128.75</ele></trkpt>
   <trkpt lon="2.748574" lat="39.658908"><ele>130.0</ele></trkpt>
   <trkpt lon="2.747788" lat="39.659062"><ele>130.5</ele></trkpt>
   <trkpt lon="2.746938" lat="39.659246"><ele>131.0</ele></trkpt>
   <trkpt lon="2.745007" lat="39.659538"><ele>131.25</ele></trkpt>
   <trkpt lon="2.742965" lat="39.659740"><ele>131.0</ele></trkpt>
   <trkpt lon="2.742019" lat="39.659697"><ele>130.0</ele></trkpt>
   <trkpt lon="2.739763" lat="39.659595"><ele>129.5</ele></trkpt>
   <trkpt lon="2.738397" lat="39.659310"><ele>128.5</ele></trkpt>
   <trkpt lon="2.738330" lat="39.659299"><ele>128.25</ele></trkpt>
   <trkpt lon="2.737528" lat="39.659169"><ele>128.0</ele></trkpt>
   <trkpt lon="2.736805" lat="39.659142"><ele>126.75</ele></trkpt>
   <trkpt lon="2.736312" lat="39.659158"><ele>126.75</ele></trkpt>
   <trkpt lon="2.735565" lat="39.659181"><ele>126.0</ele></trkpt>
   <trkpt lon="2.734885" lat="39.659203"><ele>125.5</ele></trkpt>
   <trkpt lon="2.734179" lat="39.659414"><ele>125.75</ele></trkpt>
   <trkpt lon="2.733553" lat="39.659602"><ele>125.5</ele></trkpt>
   <trkpt lon="2.732289" lat="39.660296"><ele>124.25</ele><sym>pass_place</sym><type>Shaping</type></trkpt>
   <trkpt lon="2.731506" lat="39.660635"><ele>124.25</ele></trkpt>
   <trkpt lon="2.730234" lat="39.660905"><ele>123.5</ele></trkpt>
   <trkpt lon="2.729666" lat="39.660969"><ele>122.75</ele></trkpt>
   <trkpt lon="2.728771" lat="39.661024"><ele>122.0</ele></trkpt>
   <trkpt lon="2.728451" lat="39.661073"><ele>121.25</ele></trkpt>
   <trkpt lon="2.726850" lat="39.661319"><ele>119.0</ele></trkpt>
   <trkpt lon="2.726436" lat="39.661365"><ele>118.75</ele></trkpt>
   <trkpt lon="2.726188" lat="39.661392"><ele>119.0</ele></trkpt>
   <trkpt lon="2.725924" lat="39.661399"><ele>119.5</ele></trkpt>
   <trkpt lon="2.725541" lat="39.661342"><ele>120.5</ele></trkpt>
   <trkpt lon="2.724922" lat="39.661283"><ele>119.75</ele></trkpt>
   <trkpt lon="2.724616" lat="39.661324"><ele>119.0</ele></trkpt>
   <trkpt lon="2.723966" lat="39.661517"><ele>118.5</ele></trkpt>
   <trkpt lon="2.723305" lat="39.661714"><ele>118.0</ele></trkpt>
   <trkpt lon="2.721282" lat="39.662292"><ele>119.75</ele></trkpt>
   <trkpt lon="2.720512" lat="39.662415"><ele>120.25</ele></trkpt>
   <trkpt lon="2.720051" lat="39.662488"><ele>121.5</ele></trkpt>
   <trkpt lon="2.719724" lat="39.662533"><ele>122.0</ele></trkpt>
   <trkpt lon="2.719013" lat="39.662739"><ele>124.75</ele></trkpt>
   <trkpt lon="2.718201" lat="39.663237"><ele>128.25</ele></trkpt>
   <trkpt lon="2.717729" lat="39.663469"><ele>128.25</ele></trkpt>
   <trkpt lon="2.716232" lat="39.664202"><ele>125.5</ele></trkpt>
   <trkpt lon="2.716197" lat="39.664230"><ele>125.5</ele></trkpt>
   <trkpt lon="2.714686" lat="39.665443"><ele>125.25</ele></trkpt>
   <trkpt lon="2.714075" lat="39.666006"><ele>126.0</ele></trkpt>
   <trkpt lon="2.714048" lat="39.666031"><ele>126.0</ele></trkpt>
   <trkpt lon="2.713864" lat="39.666235"><ele>126.25</ele></trkpt>
   <trkpt lon="2.713825" lat="39.666265"><ele>126.5</ele><sym>roundabout_e1</sym></trkpt>
   <trkpt lon="2.713827" lat="39.666324"><ele>126.75</ele></trkpt>
   <trkpt lon="2.713808" lat="39.666381"><ele>126.75</ele></trkpt>
   <trkpt lon="2.713769" lat="39.666431"><ele>127.0</ele></trkpt>
   <trkpt lon="2.713714" lat="39.666472"><ele>127.0</ele><sym>pass_place</sym><type>Shaping</type></trkpt>
   <trkpt lon="2.713646" lat="39.666500"><ele>127.0</ele></trkpt>
   <trkpt lon="2.713571" lat="39.666513"><ele>126.75</ele></trkpt>
   <trkpt lon="2.713498" lat="39.666628"><ele>126.5</ele></trkpt>
   <trkpt lon="2.713419" lat="39.666703"><ele>126.25</ele></trkpt>
   <trkpt lon="2.713232" lat="39.666970"><ele>126.5</ele></trkpt>
   <trkpt lon="2.713075" lat="39.667191"><ele>126.75</ele></trkpt>
   <trkpt lon="2.712075" lat="39.668629"><ele>128.0</ele></trkpt>
   <trkpt lon="2.711069" lat="39.670056"><ele>132.0</ele></trkpt>
   <trkpt lon="2.711016" lat="39.670130"><ele>132.0</ele></trkpt>
   <trkpt lon="2.710867" lat="39.670343"><ele>132.0</ele></trkpt>
   <trkpt lon="2.709749" lat="39.671980"><ele>136.75</ele></trkpt>
   <trkpt lon="2.708951" lat="39.673088"><ele>139.75</ele></trkpt>
   <trkpt lon="2.708519" lat="39.673701"><ele>141.25</ele></trkpt>
   <trkpt lon="2.708471" lat="39.673769"><ele>141.5</ele></trkpt>
   <trkpt lon="2.706789" lat="39.676187"><ele>154.25</ele></trkpt>
   <trkpt lon="2.705950" lat="39.677360"><ele>156.75</ele></trkpt>
   <trkpt lon="2.705778" lat="39.677617"><ele>157.25</ele></trkpt>
   <trkpt lon="2.705634" lat="39.677831"><ele>158.0</ele></trkpt>
   <trkpt lon="2.705524" lat="39.678034"><ele>158.75</ele></trkpt>
   <trkpt lon="2.705439" lat="39.678240"><ele>158.75</ele></trkpt>
   <trkpt lon="2.705161" lat="39.679046"><ele>160.5</ele></trkpt>
   <trkpt lon="2.705116" lat="39.679172"><ele>161.0</ele></trkpt>
   <trkpt lon="2.704597" lat="39.680636"><ele>163.75</ele></trkpt>
   <trkpt lon="2.703959" lat="39.682449"><ele>165.75</ele><sym>pass_place</sym><type>Shaping</type></trkpt>
   <trkpt lon="2.703958" lat="39.682453"><ele>165.75</ele></trkpt>
   <trkpt lon="2.703821" lat="39.682845"><ele>166.75</ele></trkpt>
   <trkpt lon="2.703595" lat="39.683490"><ele>169.5</ele></trkpt>
   <trkpt lon="2.703172" lat="39.684697"><ele>174.75</ele></trkpt>
   <trkpt lon="2.702942" lat="39.685354"><ele>178.25</ele></trkpt>
   <trkpt lon="2.702928" lat="39.685394"><ele>178.25</ele></trkpt>
   <trkpt lon="2.702849" lat="39.685618"><ele>179.25</ele></trkpt>
   <trkpt lon="2.702467" lat="39.686703"><ele>184.0</ele></trkpt>
   <trkpt lon="2.702421" lat="39.686865"><ele>184.75</ele></trkpt>
   <trkpt lon="2.702399" lat="39.686948"><ele>185.25</ele></trkpt>
   <trkpt lon="2.702367" lat="39.687132"><ele>185.5</ele></trkpt>
   <trkpt lon="2.702330" lat="39.688157"><ele>190.5</ele></trkpt>
   <trkpt lon="2.702322" lat="39.688366"><ele>192.0</ele></trkpt>
   <trkpt lon="2.702289" lat="39.688905"><ele>194.25</ele></trkpt>
   <trkpt lon="2.702274" lat="39.689130"><ele>195.0</ele></trkpt>
   <trkpt lon="2.702260" lat="39.689336"><ele>195.75</ele></trkpt>
   <trkpt lon="2.702220" lat="39.689942"><ele>198.75</ele></trkpt>
   <trkpt lon="2.702182" lat="39.690506"><ele>200.5</ele></trkpt>
   <trkpt lon="2.702171" lat="39.690666"><ele>201.0</ele></trkpt>
   <trkpt lon="2.702147" lat="39.691039"><ele>202.75</ele></trkpt>
   <trkpt lon="2.702025" lat="39.691299"><ele>203.0</ele></trkpt>
   <trkpt lon="2.701970" lat="39.691440"><ele>203.25</ele></trkpt>
   <trkpt lon="2.701567" lat="39.692274"><ele>204.75</ele></trkpt>
   <trkpt lon="2.700714" lat="39.694024"><ele>207.5</ele></trkpt>
   <trkpt lon="2.700694" lat="39.694067"><ele>207.75</ele></trkpt>
   <trkpt lon="2.700590" lat="39.694293"><ele>208.5</ele></trkpt>
   <trkpt lon="2.700398" lat="39.694676"><ele>209.25</ele></trkpt>
   <trkpt lon="2.700226" lat="39.695029"><ele>211.0</ele></trkpt>
   <trkpt lon="2.700116" lat="39.695247"><ele>212.25</ele></trkpt>
   <trkpt lon="2.700092" lat="39.695296"><ele>212.25</ele></trkpt>
   <trkpt lon="2.699821" lat="39.695859"><ele>213.5</ele></trkpt>
   <trkpt lon="2.699751" lat="39.696035"><ele>213.25</ele></trkpt>
   <trkpt lon="2.699729" lat="39.696084"><ele>213.0</ele></trkpt>
   <trkpt lon="2.699627" lat="39.696317"><ele>213.0</ele></trkpt>
   <trkpt lon="2.699593" lat="39.696393"><ele>212.75</ele></trkpt>
   <trkpt lon="2.699527" lat="39.696543"><ele>212.5</ele></trkpt>
   <trkpt lon="2.699501" lat="39.696603"><ele>212.25</ele></trkpt>
   <trkpt lon="2.699492" lat="39.696622"><ele>212.25</ele></trkpt>
   <trkpt lon="2.699439" lat="39.696700"><ele>212.0</ele></trkpt>
   <trkpt lon="2.699370" lat="39.696818"><ele>212.0</ele></trkpt>
   <trkpt lon="2.699260" lat="39.697038"><ele>210.75</ele></trkpt>
   <trkpt lon="2.698974" lat="39.697074"><ele>210.25</ele><sym>pass_place</sym><type>Shaping</type></trkpt>
   <trkpt lon="2.698773" lat="39.697081"><ele>209.25</ele></trkpt>
   <trkpt lon="2.698266" lat="39.697041"><ele>207.0</ele><sym>right_sharp</sym></trkpt>
   <trkpt lon="2.698274" lat="39.697101"><ele>206.25</ele></trkpt>
   <trkpt lon="2.698424" lat="39.697299"><ele>204.25</ele></trkpt>
   <trkpt lon="2.698469" lat="39.697380"><ele>204.0</ele></trkpt>
   <trkpt lon="2.698439" lat="39.697762"><ele>199.5</ele></trkpt>
   <trkpt lon="2.698472" lat="39.697806"><ele>199.5</ele></trkpt>
   <trkpt lon="2.698563" lat="39.697826"><ele>200.25</ele></trkpt>
   <trkpt lon="2.698900" lat="39.697861"><ele>200.0</ele><sym>left</sym></trkpt>
   <trkpt lon="2.698897" lat="39.697944"><ele>199.0</ele></trkpt>
   <trkpt lon="2.698868" lat="39.698187"><ele>198.75</ele></trkpt>
   <trkpt lon="2.698865" lat="39.698218"><ele>198.75</ele></trkpt>
   <trkpt lon="2.698622" lat="39.698898"><ele>200.0</ele></trkpt>
   <trkpt lon="2.698527" lat="39.699070"><ele>200.5</ele></trkpt>
   <trkpt lon="2.698384" lat="39.699159"><ele>200.25</ele></trkpt>
   <trkpt lon="2.698211" lat="39.699243"><ele>200.75</ele><sym>left_slight</sym></trkpt>
   <trkpt lon="2.697777" lat="39.699276"><ele>200.25</ele></trkpt>
   <trkpt lon="2.697457" lat="39.699390"><ele>200.0</ele></trkpt>
   <trkpt lon="2.697332" lat="39.699479"><ele>199.25</ele></trkpt>
   <trkpt lon="2.697257" lat="39.699615"><ele>200.0</ele></trkpt>
   <trkpt lon="2.697033" lat="39.699952"><ele>200.75</ele></trkpt>
   <trkpt lon="2.696879" lat="39.700129"><ele>201.75</ele></trkpt>
   <trkpt lon="2.696831" lat="39.700243"><ele>203.5</ele></trkpt>
   <trkpt lon="2.696779" lat="39.700265"><ele>203.5</ele></trkpt>
   <trkpt lon="2.696704" lat="39.700280"><ele>203.25</ele></trkpt>
   <trkpt lon="2.696614" lat="39.700287"><ele>203.25</ele></trkpt>
   <trkpt lon="2.696221" lat="39.700236"><ele>204.75</ele></trkpt>
   <trkpt lon="2.696149" lat="39.700246"><ele>205.25</ele></trkpt>
   <trkpt lon="2.695848" lat="39.700405"><ele>206.75</ele></trkpt>
   <trkpt lon="2.695684" lat="39.700539"><ele>207.0</ele></trkpt>
   <trkpt lon="2.695656" lat="39.700561"><ele>207.0</ele></trkpt>
   <trkpt lon="2.695497" lat="39.700619"><ele>204.75</ele></trkpt>
   <trkpt lon="2.695310" lat="39.700651"><ele>204.0</ele></trkpt>
   <trkpt lon="2.695244" lat="39.700730"><ele>202.5</ele></trkpt>
   <trkpt lon="2.695221" lat="39.700836"><ele>201.25</ele></trkpt>
   <trkpt lon="2.694895" lat="39.701240"><ele>199.0</ele></trkpt>
   <trkpt lon="2.694144" lat="39.701681"><ele>195.75</ele></trkpt>
   <trkpt lon="2.693834" lat="39.701846"><ele>194.25</ele></trkpt>
   <trkpt lon="2.693707" lat="39.701923"><ele>193.5</ele></trkpt>
   <trkpt lon="2.693613" lat="39.702036"><ele>193.25</ele></trkpt>
   <trkpt lon="2.693232" lat="39.702348"><ele>192.5</ele></trkpt>
   <trkpt lon="2.692700" lat="39.702729"><ele>193.5</ele></trkpt>
   <trkpt lon="2.692593" lat="39.702744"><ele>194.0</ele></trkpt>
   <trkpt lon="2.692527" lat="39.702740"><ele>194.25</ele></trkpt>
   <trkpt lon="2.692348" lat="39.702728"><ele>195.0</ele></trkpt>
   <trkpt lon="2.692309" lat="39.702737"><ele>195.25</ele></trkpt>
   <trkpt lon="2.692260" lat="39.702747"><ele>195.5</ele></trkpt>
   <trkpt lon="2.691970" lat="39.702876"><ele>197.0</ele></trkpt>
   <trkpt lon="2.691881" lat="39.702893"><ele>196.5</ele></trkpt>
   <trkpt lon="2.691628" lat="39.702889"><ele>194.25</ele></trkpt>
   <trkpt lon="2.691455" lat="39.702971"><ele>193.0</ele></trkpt>
   <trkpt lon="2.691333" lat="39.703075"><ele>192.25</ele></trkpt>
   <trkpt lon="2.691274" lat="39.703159"><ele>191.75</ele></trkpt>
   <trkpt lon="2.691207" lat="39.703367"><ele>191.25</ele></trkpt>
   <trkpt lon="2.691124" lat="39.703512"><ele>191.0</ele></trkpt>
   <trkpt lon="2.690797" lat="39.703926"><ele>189.75</ele></trkpt>
   <trkpt lon="2.690474" lat="39.704286"><ele>188.25</ele></trkpt>
   <trkpt lon="2.690255" lat="39.704550"><ele>187.5</ele></trkpt>
   <trkpt lon="2.689825" lat="39.705326"><ele>190.0</ele></trkpt>
   <trkpt lon="2.689591" lat="39.705661"><ele>191.25</ele></trkpt>
   <trkpt lon="2.689444" lat="39.705744"><ele>191.5</ele></trkpt>
   <trkpt lon="2.689265" lat="39.705804"><ele>193.0</ele><sym>right</sym></trkpt>
   <trkpt lon="2.689261" lat="39.706134"><ele>194.25</ele></trkpt>
   <trkpt lon="2.689248" lat="39.706538"><ele>194.75</ele></trkpt>
   <trkpt lon="2.689182" lat="39.707034"><ele>197.0</ele></trkpt>
   <trkpt lon="2.689093" lat="39.707432"><ele>198.75</ele></trkpt>
   <trkpt lon="2.688977" lat="39.708012"><ele>200.25</ele></trkpt>
   <trkpt lon="2.688955" lat="39.708230"><ele>201.0</ele></trkpt>
   <trkpt lon="2.688948" lat="39.708428"><ele>201.5</ele></trkpt>
   <trkpt lon="2.688956" lat="39.708589"><ele>202.0</ele><sym>pass_place</sym><type>Shaping</type></trkpt>
   <trkpt lon="2.688957" lat="39.708591"><ele>202.0</ele></trkpt>
   <trkpt lon="2.689020" lat="39.709013"><ele>203.25</ele></trkpt>
   <trkpt lon="2.689318" lat="39.710063"><ele>207.25</ele></trkpt>
   <trkpt lon="2.689408" lat="39.710410"><ele>209.25</ele></trkpt>
   <trkpt lon="2.689800" lat="39.712152"><ele>215.5</ele></trkpt>
   <trkpt lon="2.689886" lat="39.712542"><ele>218.0</ele></trkpt>
   <trkpt lon="2.690005" lat="39.713081"><ele>221.0</ele></trkpt>
   <trkpt lon="2.690231" lat="39.714086"><ele>227.25</ele></trkpt>
   <trkpt lon="2.690489" lat="39.715247"><ele>234.5</ele></trkpt>
   <trkpt lon="2.690519" lat="39.715402"><ele>235.5</ele></trkpt>
   <trkpt lon="2.690538" lat="39.715598"><ele>236.5</ele></trkpt>
   <trkpt lon="2.690562" lat="39.715784"><ele>237.5</ele></trkpt>
   <trkpt lon="2.690613" lat="39.715935"><ele>238.25</ele><sym>roundabout_e3</sym></trkpt>
   <trkpt lon="2.690637" lat="39.715967"><ele>238.5</ele></trkpt>
   <trkpt lon="2.690655" lat="39.716035"><ele>239.25</ele></trkpt>
   <trkpt lon="2.690658" lat="39.716091"><ele>239.75</ele></trkpt>
   <trkpt lon="2.690641" lat="39.716158"><ele>240.25</ele></trkpt>
   <trkpt lon="2.690634" lat="39.716169"><ele>240.25</ele></trkpt>
   <trkpt lon="2.690573" lat="39.716207"><ele>240.5</ele></trkpt>
   <trkpt lon="2.690527" lat="39.716221"><ele>240.75</ele></trkpt>
   <trkpt lon="2.690501" lat="39.716220"><ele>240.75</ele></trkpt>
   <trkpt lon="2.690436" lat="39.716284"><ele>241.0</ele></trkpt>
   <trkpt lon="2.690380" lat="39.716353"><ele>241.5</ele></trkpt>
   <trkpt lon="2.690354" lat="39.716448"><ele>241.75</ele></trkpt>
   <trkpt lon="2.690148" lat="39.717285"><ele>247.5</ele></trkpt>
   <trkpt lon="2.690058" lat="39.717684"><ele>250.0</ele></trkpt>
   <trkpt lon="2.690059" lat="39.717769"><ele>251.25</ele></trkpt>
   <trkpt lon="2.690077" lat="39.717832"><ele>252.25</ele></trkpt>
   <trkpt lon="2.690114" lat="39.717892"><ele>253.25</ele></trkpt>
   <trkpt lon="2.690172" lat="39.717948"><ele>254.5</ele></trkpt>
   <trkpt lon="2.690226" lat="39.717983"><ele>255.5</ele></trkpt>
   <trkpt lon="2.690274" lat="39.718002"><ele>256.0</ele></trkpt>
   <trkpt lon="2.690365" lat="39.718026"><ele>256.5</ele></trkpt>
   <trkpt lon="2.690478" lat="39.718039"><ele>256.5</ele></trkpt>
   <trkpt lon="2.690852" lat="39.718058"><ele>257.0</ele></trkpt>
   <trkpt lon="2.691025" lat="39.718073"><ele>256.75</ele></trkpt>
   <trkpt lon="2.691382" lat="39.718129"><ele>257.0</ele></trkpt>
   <trkpt lon="2.691467" lat="39.718131"><ele>258.25</ele></trkpt>
   <trkpt lon="2.691526" lat="39.718126"><ele>259.0</ele></trkpt>
   <trkpt lon="2.691582" lat="39.718111"><ele>259.25</ele></trkpt>
   <trkpt lon="2.691642" lat="39.718083"><ele>259.25</ele></trkpt>
   <trkpt lon="2.691767" lat="39.717991"><ele>258.75</ele></trkpt>
   <trkpt lon="2.692280" lat="39.717574"><ele>262.75</ele></trkpt>
   <trkpt lon="2.692360" lat="39.717519"><ele>263.5</ele></trkpt>
   <trkpt lon="2.692445" lat="39.717476"><ele>264.0</ele></trkpt>
   <trkpt lon="2.692547" lat="39.717454"><ele>264.5</ele></trkpt>
   <trkpt lon="2.692963" lat="39.717412"><ele>265.0</ele></trkpt>
   <trkpt lon="2.693095" lat="39.717405"><ele>265.5</ele></trkpt>
   <trkpt lon="2.693145" lat="39.717415"><ele>266.25</ele></trkpt>
   <trkpt lon="2.693172" lat="39.717439"><ele>267.25</ele></trkpt>
   <trkpt lon="2.693173" lat="39.717486"><ele>268.75</ele></trkpt>
   <trkpt lon="2.693140" lat="39.717535"><ele>269.5</ele></trkpt>
   <trkpt lon="2.692905" lat="39.717694"><ele>269.25</ele></trkpt>
   <trkpt lon="2.692871" lat="39.717742"><ele>269.25</ele></trkpt>
   <trkpt lon="2.692889" lat="39.717809"><ele>270.0</ele></trkpt>
   <trkpt lon="2.692931" lat="39.717882"><ele>271.0</ele></trkpt>
   <trkpt lon="2.692987" lat="39.717948"><ele>272.0</ele></trkpt>
   <trkpt lon="2.693022" lat="39.718002"><ele>272.5</ele></trkpt>
   <trkpt lon="2.693012" lat="39.718066"><ele>272.5</ele></trkpt>
   <trkpt lon="2.692953" lat="39.718124"><ele>272.5</ele></trkpt>
   <trkpt lon="2.692291" lat="39.718530"><ele>274.75</ele></trkpt>
   <trkpt lon="2.692213" lat="39.718584"><ele>275.25</ele></trkpt>
   <trkpt lon="2.692195" lat="39.718615"><ele>276.25</ele></trkpt>
   <trkpt lon="2.692203" lat="39.718654"><ele>277.5</ele></trkpt>
   <trkpt lon="2.692235" lat="39.718677"><ele>278.0</ele></trkpt>
   <trkpt lon="2.692290" lat="39.718678"><ele>278.5</ele></trkpt>
   <trkpt lon="2.692333" lat="39.718659"><ele>278.25</ele></trkpt>
   <trkpt lon="2.692411" lat="39.718608"><ele>277.75</ele></trkpt>
   <trkpt lon="2.692496" lat="39.718571"><ele>278.0</ele></trkpt>
   <trkpt lon="2.692575" lat="39.718569"><ele>278.0</ele></trkpt>
   <trkpt lon="2.692887" lat="39.718633"><ele>279.25</ele></trkpt>
   <trkpt lon="2.693239" lat="39.718717"><ele>281.0</ele></trkpt>
   <trkpt lon="2.693281" lat="39.718746"><ele>281.5</ele></trkpt>
   <trkpt lon="2.693296" lat="39.718770"><ele>281.75</ele></trkpt>
   <trkpt lon="2.693294" lat="39.718802"><ele>282.0</ele></trkpt>
   <trkpt lon="2.693252" lat="39.718825"><ele>282.0</ele></trkpt>
   <trkpt lon="2.693201" lat="39.718834"><ele>282.0</ele></trkpt>
   <trkpt lon="2.692731" lat="39.718873"><ele>282.75</ele></trkpt>
   <trkpt lon="2.691809" lat="39.718947"><ele>288.25</ele></trkpt>
   <trkpt lon="2.691178" lat="39.718930"><ele>291.0</ele><sym>pass_place</sym><type>Shaping</type></trkpt>
   <trkpt lon="2.691177" lat="39.718930"><ele>291.0</ele></trkpt>
   <trkpt lon="2.691015" lat="39.718934"><ele>291.25</ele></trkpt>
   <trkpt lon="2.690842" lat="39.718963"><ele>291.75</ele></trkpt>
   <trkpt lon="2.690716" lat="39.718999"><ele>291.75</ele></trkpt>
   <trkpt lon="2.690622" lat="39.719041"><ele>292.25</ele></trkpt>
   <trkpt lon="2.689939" lat="39.719405"><ele>297.25</ele></trkpt>
   <trkpt lon="2.689714" lat="39.719531"><ele>297.75</ele></trkpt>
   <trkpt lon="2.689556" lat="39.719646"><ele>298.25</ele></trkpt>
   <trkpt lon="2.689454" lat="39.719741"><ele>299.25</ele></trkpt>
   <trkpt lon="2.689318" lat="39.719854"><ele>301.75</ele></trkpt>
   <trkpt lon="2.689193" lat="39.719944"><ele>301.75</ele></trkpt>
   <trkpt lon="2.689059" lat="39.720028"><ele>302.75</ele></trkpt>
   <trkpt lon="2.688929" lat="39.720097"><ele>304.0</ele></trkpt>
   <trkpt lon="2.688828" lat="39.720142"><ele>304.25</ele></trkpt>
   <trkpt lon="2.688681" lat="39.720197"><ele>304.5</ele></trkpt>
   <trkpt lon="2.688036" lat="39.720406"><ele>309.25</ele></trkpt>
   <trkpt lon="2.687951" lat="39.720445"><ele>309.5</ele></trkpt>
   <trkpt lon="2.687672" lat="39.720629"><ele>309.5</ele></trkpt>
   <trkpt lon="2.687406" lat="39.720828"><ele>311.5</ele></trkpt>
   <trkpt lon="2.687228" lat="39.720959"><ele>313.75</ele></trkpt>
   <trkpt lon="2.687121" lat="39.721046"><ele>314.5</ele></trkpt>
   <trkpt lon="2.686684" lat="39.721514"><ele>316.5</ele></trkpt>
   <trkpt lon="2.686517" lat="39.721697"><ele>317.0</ele></trkpt>
   <trkpt lon="2.686362" lat="39.721884"><ele>318.75</ele></trkpt>
   <trkpt lon="2.686043" lat="39.722221"><ele>321.5</ele></trkpt>
   <trkpt lon="2.685936" lat="39.722340"><ele>321.5</ele></trkpt>
   <trkpt lon="2.685903" lat="39.722394"><ele>321.75</ele></trkpt>
   <trkpt lon="2.685897" lat="39.722448"><ele>322.5</ele></trkpt>
   <trkpt lon="2.686045" lat="39.723180"><ele>326.0</ele></trkpt>
   <trkpt lon="2.686062" lat="39.723268"><ele>326.75</ele></trkpt>
   <trkpt lon="2.686097" lat="39.723417"><ele>328.5</ele></trkpt>
   <trkpt lon="2.686134" lat="39.723458"><ele>329.5</ele></trkpt>
   <trkpt lon="2.686185" lat="39.723471"><ele>330.25</ele></trkpt>
   <trkpt lon="2.686227" lat="39.723458"><ele>330.5</ele></trkpt>
   <trkpt lon="2.686250" lat="39.723428"><ele>330.5</ele></trkpt>
   <trkpt lon="2.686254" lat="39.723377"><ele>330.0</ele></trkpt>
   <trkpt lon="2.686253" lat="39.723265"><ele>329.75</ele></trkpt>
   <trkpt lon="2.686250" lat="39.722913"><ele>331.5</ele></trkpt>
   <trkpt lon="2.686253" lat="39.722740"><ele>332.25</ele></trkpt>
   <trkpt lon="2.686271" lat="39.722668"><ele>332.0</ele></trkpt>
   <trkpt lon="2.686312" lat="39.722610"><ele>332.5</ele></trkpt>
   <trkpt lon="2.686915" lat="39.722007"><ele>334.75</ele></trkpt>
   <trkpt lon="2.686958" lat="39.721979"><ele>335.25</ele></trkpt>
   <trkpt lon="2.687011" lat="39.721979"><ele>336.25</ele></trkpt>
   <trkpt lon="2.687038" lat="39.721990"><ele>337.25</ele></trkpt>
   <trkpt lon="2.687054" lat="39.722004"><ele>338.0</ele></trkpt>
   <trkpt lon="2.687060" lat="39.722029"><ele>339.25</ele></trkpt>
   <trkpt lon="2.687045" lat="39.722066"><ele>340.25</ele></trkpt>
   <trkpt lon="2.686921" lat="39.722173"><ele>339.75</ele></trkpt>
   <trkpt lon="2.686732" lat="39.722377"><ele>339.25</ele></trkpt>
   <trkpt lon="2.686665" lat="39.722492"><ele>339.75</ele></trkpt>
   <trkpt lon="2.686622" lat="39.722586"><ele>339.75</ele></trkpt>
   <trkpt lon="2.686604" lat="39.722703"><ele>340.5</ele></trkpt>
   <trkpt lon="2.686612" lat="39.722862"><ele>341.5</ele></trkpt>
   <trkpt lon="2.686891" lat="39.723714"><ele>347.75</ele></trkpt>
   <trkpt lon="2.686921" lat="39.723849"><ele>348.5</ele></trkpt>
   <trkpt lon="2.686906" lat="39.723974"><ele>349.0</ele></trkpt>
   <trkpt lon="2.686849" lat="39.724111"><ele>349.5</ele></trkpt>
   <trkpt lon="2.686815" lat="39.724172"><ele>349.75</ele></trkpt>
   <trkpt lon="2.686736" lat="39.724272"><ele>351.25</ele></trkpt>
   <trkpt lon="2.686688" lat="39.724319"><ele>351.75</ele></trkpt>
   <trkpt lon="2.686624" lat="39.724369"><ele>352.0</ele></trkpt>
   <trkpt lon="2.686551" lat="39.724423"><ele>352.5</ele></trkpt>
   <trkpt lon="2.686462" lat="39.724472"><ele>352.75</ele></trkpt>
   <trkpt lon="2.686373" lat="39.724512"><ele>352.5</ele></trkpt>
   <trkpt lon="2.686248" lat="39.724553"><ele>353.0</ele></trkpt>
   <trkpt lon="2.686106" lat="39.724581"><ele>353.25</ele></trkpt>
   <trkpt lon="2.685965" lat="39.724600"><ele>354.0</ele></trkpt>
   <trkpt lon="2.685431" lat="39.724690"><ele>354.75</ele></trkpt>
   <trkpt lon="2.685391" lat="39.724713"><ele>355.75</ele></trkpt>
   <trkpt lon="2.685372" lat="39.724749"><ele>357.0</ele></trkpt>
   <trkpt lon="2.685377" lat="39.724777"><ele>357.75</ele></trkpt>
   <trkpt lon="2.685394" lat="39.724801"><ele>358.5</ele></trkpt>
   <trkpt lon="2.685428" lat="39.724811"><ele>358.5</ele></trkpt>
   <trkpt lon="2.685498" lat="39.724815"><ele>358.25</ele></trkpt>
   <trkpt lon="2.685887" lat="39.724736"><ele>357.5</ele></trkpt>
   <trkpt lon="2.685956" lat="39.724732"><ele>357.75</ele></trkpt>
   <trkpt lon="2.686048" lat="39.724739"><ele>358.25</ele></trkpt>
   <trkpt lon="2.686113" lat="39.724754"><ele>359.25</ele></trkpt>
   <trkpt lon="2.686260" lat="39.724807"><ele>361.25</ele></trkpt>
   <trkpt lon="2.686357" lat="39.724819"><ele>361.75</ele></trkpt>
   <trkpt lon="2.686414" lat="39.724802"><ele>361.5</ele></trkpt>
   <trkpt lon="2.686477" lat="39.724771"><ele>361.5</ele></trkpt>
   <trkpt lon="2.686884" lat="39.724499"><ele>361.75</ele></trkpt>
   <trkpt lon="2.687175" lat="39.724325"><ele>361.25</ele></trkpt>
   <trkpt lon="2.687210" lat="39.724318"><ele>361.5</ele></trkpt>
   <trkpt lon="2.687246" lat="39.724322"><ele>362.25</ele></trkpt>
   <trkpt lon="2.687267" lat="39.724342"><ele>363.25</ele></trkpt>
   <trkpt lon="2.687273" lat="39.724376"><ele>364.25</ele></trkpt>
   <trkpt lon="2.687250" lat="39.724412"><ele>365.25</ele></trkpt>
   <trkpt lon="2.686605" lat="39.724897"><ele>368.0</ele></trkpt>
   <trkpt lon="2.686513" lat="39.724957"><ele>368.75</ele></trkpt>
   <trkpt lon="2.686438" lat="39.724989"><ele>369.0</ele></trkpt>
   <trkpt lon="2.685867" lat="39.725126"><ele>371.75</ele></trkpt>
   <trkpt lon="2.685096" lat="39.725331"><ele>373.75</ele></trkpt>
   <trkpt lon="2.685037" lat="39.725357"><ele>374.25</ele></trkpt>
   <trkpt lon="2.685013" lat="39.725397"><ele>375.25</ele></trkpt>
   <trkpt lon="2.685017" lat="39.725425"><ele>376.25</ele></trkpt>
   <trkpt lon="2.685040" lat="39.725445"><ele>376.75</ele></trkpt>
   <trkpt lon="2.685076" lat="39.725462"><ele>377.25</ele></trkpt>
   <trkpt lon="2.685130" lat="39.725460"><ele>377.25</ele></trkpt>
   <trkpt lon="2.686209" lat="39.725213"><ele>377.0</ele><sym>pass_place</sym><type>Shaping</type></trkpt>
   <trkpt lon="2.686252" lat="39.725214"><ele>377.25</ele></trkpt>
   <trkpt lon="2.686282" lat="39.725230"><ele>378.25</ele></trkpt>
   <trkpt lon="2.686294" lat="39.725261"><ele>379.5</ele></trkpt>
   <trkpt lon="2.686283" lat="39.725290"><ele>380.5</ele></trkpt>
   <trkpt lon="2.686252" lat="39.725316"><ele>381.25</ele></trkpt>
   <trkpt lon="2.685814" lat="39.725451"><ele>381.25</ele></trkpt>
   <trkpt lon="2.685505" lat="39.725550"><ele>383.0</ele></trkpt>
   <trkpt lon="2.685445" lat="39.725585"><ele>383.0</ele></trkpt>
   <trkpt lon="2.685421" lat="39.725625"><ele>383.5</ele></trkpt>
   <trkpt lon="2.685427" lat="39.725652"><ele>384.25</ele></trkpt>
   <trkpt lon="2.685447" lat="39.725680"><ele>385.0</ele></trkpt>
   <trkpt lon="2.685488" lat="39.725689"><ele>385.75</ele></trkpt>
   <trkpt lon="2.685579" lat="39.725665"><ele>386.0</ele></trkpt>
   <trkpt lon="2.685943" lat="39.725550"><ele>386.0</ele></trkpt>
   <trkpt lon="2.686425" lat="39.725416"><ele>385.75</ele></trkpt>
   <trkpt lon="2.686499" lat="39.725400"><ele>385.0</ele></trkpt>
   <trkpt lon="2.686536" lat="39.725400"><ele>385.0</ele></trkpt>
   <trkpt lon="2.686578" lat="39.725414"><ele>385.5</ele></trkpt>
   <trkpt lon="2.686594" lat="39.725435"><ele>386.0</ele></trkpt>
   <trkpt lon="2.686595" lat="39.725472"><ele>387.25</ele></trkpt>
   <trkpt lon="2.686562" lat="39.725509"><ele>388.75</ele></trkpt>
   <trkpt lon="2.685699" lat="39.725994"><ele>395.25</ele></trkpt>
   <trkpt lon="2.685580" lat="39.726046"><ele>396.0</ele></trkpt>
   <trkpt lon="2.685369" lat="39.726107"><ele>396.5</ele></trkpt>
   <trkpt lon="2.685328" lat="39.726126"><ele>396.75</ele></trkpt>
   <trkpt lon="2.685307" lat="39.726147"><ele>397.5</ele></trkpt>
   <trkpt lon="2.685299" lat="39.726171"><ele>398.5</ele></trkpt>
   <trkpt lon="2.685308" lat="39.726197"><ele>399.75</ele></trkpt>
   <trkpt lon="2.685323" lat="39.726213"><ele>400.5</ele></trkpt>
   <trkpt lon="2.685351" lat="39.726225"><ele>401.0</ele></trkpt>
   <trkpt lon="2.685395" lat="39.726229"><ele>401.25</ele></trkpt>
   <trkpt lon="2.686078" lat="39.726023"><ele>400.5</ele></trkpt>
   <trkpt lon="2.686134" lat="39.726010"><ele>401.0</ele></trkpt>
   <trkpt lon="2.686189" lat="39.726006"><ele>402.0</ele></trkpt>
   <trkpt lon="2.686245" lat="39.726023"><ele>403.5</ele></trkpt>
   <trkpt lon="2.686270" lat="39.726056"><ele>404.5</ele></trkpt>
   <trkpt lon="2.686282" lat="39.726095"><ele>405.5</ele></trkpt>
   <trkpt lon="2.686273" lat="39.726134"><ele>406.25</ele></trkpt>
   <trkpt lon="2.686252" lat="39.726162"><ele>406.25</ele></trkpt>
   <trkpt lon="2.686205" lat="39.726191"><ele>405.75</ele></trkpt>
   <trkpt lon="2.685689" lat="39.726353"><ele>405.75</ele></trkpt>
   <trkpt lon="2.685536" lat="39.726380"><ele>406.75</ele></trkpt>
   <trkpt lon="2.685056" lat="39.726405"><ele>408.25</ele></trkpt>
   <trkpt lon="2.685000" lat="39.726414"><ele>408.5</ele></trkpt>
   <trkpt lon="2.684968" lat="39.726438"><ele>408.75</ele></trkpt>
   <trkpt lon="2.684955" lat="39.726473"><ele>409.25</ele></trkpt>
   <trkpt lon="2.684969" lat="39.726505"><ele>410.25</ele></trkpt>
   <trkpt lon="2.685012" lat="39.726525"><ele>410.75</ele></trkpt>
   <trkpt lon="2.686084" lat="39.726617"><ele>413.5</ele></trkpt>
   <trkpt lon="2.686140" lat="39.726632"><ele>414.25</ele></trkpt>
   <trkpt lon="2.686179" lat="39.726665"><ele>415.75</ele></trkpt>
   <trkpt lon="2.686189" lat="39.726702"><ele>417.0</ele></trkpt>
   <trkpt lon="2.686181" lat="39.726730"><ele>417.5</ele></trkpt>
   <trkpt lon="2.686160" lat="39.726755"><ele>418.0</ele></trkpt>
   <trkpt lon="2.686094" lat="39.726773"><ele>418.0</ele></trkpt>
   <trkpt lon="2.685236" lat="39.726830"><ele>417.5</ele></trkpt>
   <trkpt lon="2.685180" lat="39.726849"><ele>417.75</ele></trkpt>
   <trkpt lon="2.685153" lat="39.726880"><ele>418.5</ele></trkpt>
   <trkpt lon="2.685147" lat="39.726918"><ele>419.25</ele></trkpt>
   <trkpt lon="2.685154" lat="39.726952"><ele>420.0</ele></trkpt>
   <trkpt lon="2.685182" lat="39.726980"><ele>420.75</ele></trkpt>
   <trkpt lon="2.685244" lat="39.726999"><ele>421.5</ele></trkpt>
   <trkpt lon="2.685607" lat="39.726998"><ele>422.5</ele></trkpt>
   <trkpt lon="2.686611" lat="39.726986"><ele>426.75</ele></trkpt>
   <trkpt lon="2.686739" lat="39.726971"><ele>427.0</ele></trkpt>
   <trkpt lon="2.686804" lat="39.726955"><ele>427.0</ele></trkpt>
   <trkpt lon="2.686935" lat="39.726898"><ele>427.25</ele></trkpt>
   <trkpt lon="2.687123" lat="39.726768"><ele>428.75</ele></trkpt>
   <trkpt lon="2.687423" lat="39.726542"><ele>430.25</ele></trkpt>
   <trkpt lon="2.687480" lat="39.726504"><ele>431.0</ele></trkpt>
   <trkpt lon="2.687510" lat="39.726494"><ele>431.5</ele></trkpt>
   <trkpt lon="2.687550" lat="39.726492"><ele>431.25</ele></trkpt>
   <trkpt lon="2.687584" lat="39.726505"><ele>431.0</ele></trkpt>
   <trkpt lon="2.687603" lat="39.726526"><ele>430.75</ele></trkpt>
   <trkpt lon="2.687610" lat="39.726553"><ele>430.5</ele></trkpt>
   <trkpt lon="2.687601" lat="39.726583"><ele>430.25</ele></trkpt>
   <trkpt lon="2.687567" lat="39.726637"><ele>430.25</ele></trkpt>
   <trkpt lon="2.687359" lat="39.726899"><ele>432.75</ele></trkpt>
   <trkpt lon="2.687124" lat="39.727213"><ele>436.0</ele></trkpt>
   <trkpt lon="2.687067" lat="39.727273"><ele>436.5</ele></trkpt>
   <trkpt lon="2.686987" lat="39.727328"><ele>436.75</ele></trkpt>
   <trkpt lon="2.686791" lat="39.727415"><ele>437.75</ele></trkpt>
   <trkpt lon="2.686630" lat="39.727460"><ele>438.0</ele></trkpt>
   <trkpt lon="2.686481" lat="39.727490"><ele>438.75</ele></trkpt>
   <trkpt lon="2.686336" lat="39.727502"><ele>439.25</ele></trkpt>
   <trkpt lon="2.686231" lat="39.727505"><ele>440.25</ele></trkpt>
   <trkpt lon="2.685917" lat="39.727469"><ele>440.25</ele></trkpt>
   <trkpt lon="2.685866" lat="39.727474"><ele>440.75</ele></trkpt>
   <trkpt lon="2.685697" lat="39.727545"><ele>442.25</ele></trkpt>
   <trkpt lon="2.685590" lat="39.727579"><ele>442.75</ele></trkpt>
   <trkpt lon="2.685160" lat="39.727664"><ele>444.5</ele></trkpt>
   <trkpt lon="2.685135" lat="39.727691"><ele>445.5</ele></trkpt>
   <trkpt lon="2.685135" lat="39.727730"><ele>447.0</ele></trkpt>
   <trkpt lon="2.685157" lat="39.727763"><ele>448.25</ele></trkpt>
   <trkpt lon="2.685205" lat="39.727770"><ele>448.0</ele></trkpt>
   <trkpt lon="2.685338" lat="39.727771"><ele>447.75</ele></trkpt>
   <trkpt lon="2.685654" lat="39.727759"><ele>448.75</ele></trkpt>
   <trkpt lon="2.685874" lat="39.727760"><ele>449.25</ele></trkpt>
   <trkpt lon="2.686018" lat="39.727777"><ele>449.75</ele></trkpt>
   <trkpt lon="2.686174" lat="39.727814"><ele>450.25</ele></trkpt>
   <trkpt lon="2.686670" lat="39.727973"><ele>451.5</ele></trkpt>
   <trkpt lon="2.686711" lat="39.728004"><ele>452.75</ele></trkpt>
   <trkpt lon="2.686729" lat="39.728039"><ele>454.0</ele></trkpt>
   <trkpt lon="2.686719" lat="39.728073"><ele>455.0</ele></trkpt>
   <trkpt lon="2.686680" lat="39.728113"><ele>455.5</ele></trkpt>
   <trkpt lon="2.686645" lat="39.728120"><ele>455.5</ele></trkpt>
   <trkpt lon="2.686581" lat="39.728120"><ele>455.75</ele></trkpt>
   <trkpt lon="2.686297" lat="39.728091"><ele>456.25</ele></trkpt>
   <trkpt lon="2.686155" lat="39.728097"><ele>457.5</ele></trkpt>
   <trkpt lon="2.686031" lat="39.728119"><ele>458.25</ele></trkpt>
   <trkpt lon="2.685909" lat="39.728163"><ele>458.75</ele></trkpt>
   <trkpt lon="2.685789" lat="39.728216"><ele>459.0</ele></trkpt>
   <trkpt lon="2.685692" lat="39.728278"><ele>460.0</ele></trkpt>
   <trkpt lon="2.685636" lat="39.728332"><ele>460.75</ele></trkpt>
   <trkpt lon="2.685600" lat="39.728389"><ele>462.0</ele></trkpt>
   <trkpt lon="2.685607" lat="39.728436"><ele>463.0</ele></trkpt>
   <trkpt lon="2.685654" lat="39.728480"><ele>463.5</ele></trkpt>
   <trkpt lon="2.685700" lat="39.728488"><ele>463.25</ele></trkpt>
   <trkpt lon="2.685787" lat="39.728480"><ele>462.75</ele></trkpt>
   <trkpt lon="2.685979" lat="39.728408"><ele>463.0</ele></trkpt>
   <trkpt lon="2.686037" lat="39.728395"><ele>463.5</ele></trkpt>
   <trkpt lon="2.686099" lat="39.728390"><ele>464.25</ele></trkpt>
   <trkpt lon="2.686150" lat="39.728397"><ele>464.0</ele></trkpt>
   <trkpt lon="2.686203" lat="39.728415"><ele>463.75</ele></trkpt>
   <trkpt lon="2.686235" lat="39.728434"><ele>463.75</ele></trkpt>
   <trkpt lon="2.686271" lat="39.728468"><ele>464.0</ele></trkpt>
   <trkpt lon="2.686604" lat="39.728921"><ele>469.5</ele></trkpt>
   <trkpt lon="2.686639" lat="39.728960"><ele>469.75</ele></trkpt>
   <trkpt lon="2.686675" lat="39.728986"><ele>470.0</ele></trkpt>
   <trkpt lon="2.686729" lat="39.728996"><ele>471.0</ele></trkpt>
   <trkpt lon="2.686777" lat="39.728986"><ele>471.5</ele></trkpt>
   <trkpt lon="2.686815" lat="39.728960"><ele>471.75</ele></trkpt>
   <trkpt lon="2.686939" lat="39.728648"><ele>471.0</ele></trkpt>
   <trkpt lon="2.686961" lat="39.728610"><ele>471.25</ele></trkpt>
   <trkpt lon="2.687001" lat="39.728590"><ele>471.5</ele></trkpt>
   <trkpt lon="2.687049" lat="39.728586"><ele>472.25</ele></trkpt>
   <trkpt lon="2.687085" lat="39.728601"><ele>473.25</ele></trkpt>
   <trkpt lon="2.687107" lat="39.728629"><ele>474.0</ele></trkpt>
   <trkpt lon="2.687114" lat="39.728670"><ele>474.25</ele></trkpt>
   <trkpt lon="2.687076" lat="39.728909"><ele>475.5</ele><sym>pass_place</sym><type>Shaping</type></trkpt>
   <trkpt lon="2.687076" lat="39.728913"><ele>475.5</ele></trkpt>
   <trkpt lon="2.687035" lat="39.729045"><ele>476.25</ele></trkpt>
   <trkpt lon="2.686979" lat="39.729178"><ele>476.75</ele></trkpt>
   <trkpt lon="2.686840" lat="39.729369"><ele>477.5</ele></trkpt>
   <trkpt lon="2.686708" lat="39.729509"><ele>478.5</ele></trkpt>
   <trkpt lon="2.686649" lat="39.729586"><ele>479.5</ele><sym>right</sym></trkpt>
   <trkpt lon="2.686652" lat="39.729616"><ele>480.0</ele></trkpt>
   <trkpt lon="2.686683" lat="39.729644"><ele>480.75</ele></trkpt>
   <trkpt lon="2.686739" lat="39.729653"><ele>481.5</ele></trkpt>
   <trkpt lon="2.686806" lat="39.729633"><ele>482.0</ele></trkpt>
   <trkpt lon="2.687078" lat="39.729409"><ele>482.25</ele></trkpt>
   <trkpt lon="2.687280" lat="39.729196"><ele>483.5</ele></trkpt>
   <trkpt lon="2.687386" lat="39.729045"><ele>484.0</ele></trkpt>
   <trkpt lon="2.687505" lat="39.728818"><ele>484.25</ele></trkpt>
   <trkpt lon="2.687553" lat="39.728789"><ele>484.75</ele></trkpt>
   <trkpt lon="2.687604" lat="39.728797"><ele>486.0</ele></trkpt>
   <trkpt lon="2.687624" lat="39.728829"><ele>486.75</ele></trkpt>
   <trkpt lon="2.687623" lat="39.728885"><ele>487.5</ele></trkpt>
   <trkpt lon="2.687450" lat="39.729312"><ele>489.25</ele></trkpt>
   <trkpt lon="2.687204" lat="39.729750"><ele>492.25</ele></trkpt>
   <trkpt lon="2.686999" lat="39.730021"><ele>493.5</ele></trkpt>
   <trkpt lon="2.686933" lat="39.730087"><ele>493.25</ele></trkpt>
   <trkpt lon="2.686845" lat="39.730156"><ele>493.75</ele></trkpt>
   <trkpt lon="2.686549" lat="39.730285"><ele>496.0</ele></trkpt>
   <trkpt lon="2.686430" lat="39.730345"><ele>497.0</ele></trkpt>
   <trkpt lon="2.686360" lat="39.730396"><ele>497.75</ele></trkpt>
   <trkpt lon="2.686306" lat="39.730452"><ele>498.75</ele></trkpt>
   <trkpt lon="2.686286" lat="39.730583"><ele>500.25</ele></trkpt>
   <trkpt lon="2.686241" lat="39.731161"><ele>499.0</ele></trkpt>
   <trkpt lon="2.686220" lat="39.731417"><ele>496.5</ele></trkpt>
   <trkpt lon="2.686189" lat="39.731728"><ele>493.75</ele></trkpt>
   <trkpt lon="2.686132" lat="39.732356"><ele>489.5</ele></trkpt>
   <trkpt lon="2.686136" lat="39.732430"><ele>489.25</ele></trkpt>
   <trkpt lon="2.686164" lat="39.732508"><ele>489.25</ele></trkpt>
   <trkpt lon="2.686205" lat="39.732571"><ele>488.5</ele></trkpt>
   <trkpt lon="2.686254" lat="39.732619"><ele>488.25</ele></trkpt>
   <trkpt lon="2.686319" lat="39.732666"><ele>488.0</ele></trkpt>
   <trkpt lon="2.686408" lat="39.732715"><ele>488.0</ele></trkpt>
   <trkpt lon="2.686454" lat="39.732750"><ele>488.0</ele></trkpt>
   <trkpt lon="2.686474" lat="39.732775"><ele>487.75</ele></trkpt>
   <trkpt lon="2.686484" lat="39.732801"><ele>487.25</ele></trkpt>
   <trkpt lon="2.686470" lat="39.732828"><ele>486.0</ele></trkpt>
   <trkpt lon="2.686443" lat="39.732839"><ele>485.5</ele></trkpt>
   <trkpt lon="2.686406" lat="39.732841"><ele>484.75</ele></trkpt>
   <trkpt lon="2.686366" lat="39.732828"><ele>484.75</ele></trkpt>
   <trkpt lon="2.686058" lat="39.732635"><ele>486.25</ele></trkpt>
   <trkpt lon="2.686011" lat="39.732618"><ele>486.0</ele></trkpt>
   <trkpt lon="2.685976" lat="39.732618"><ele>485.5</ele></trkpt>
   <trkpt lon="2.685934" lat="39.732637"><ele>484.75</ele><sym>right</sym></trkpt>
   <trkpt lon="2.685913" lat="39.732678"><ele>483.75</ele></trkpt>
   <trkpt lon="2.685923" lat="39.732711"><ele>483.25</ele></trkpt>
   <trkpt lon="2.686019" lat="39.732777"><ele>483.5</ele></trkpt>
   <trkpt lon="2.687230" lat="39.733397"><ele>481.25</ele></trkpt>
   <trkpt lon="2.687252" lat="39.733430"><ele>482.0</ele></trkpt>
   <trkpt lon="2.687258" lat="39.733460"><ele>482.25</ele></trkpt>
   <trkpt lon="2.687243" lat="39.733487"><ele>481.75</ele></trkpt>
   <trkpt lon="2.687212" lat="39.733512"><ele>480.75</ele></trkpt>
   <trkpt lon="2.687172" lat="39.733519"><ele>479.75</ele></trkpt>
   <trkpt lon="2.687131" lat="39.733514"><ele>478.75</ele></trkpt>
   <trkpt lon="2.687089" lat="39.733494"><ele>478.0</ele></trkpt>
   <trkpt lon="2.686815" lat="39.733323"><ele>476.75</ele></trkpt>
   <trkpt lon="2.686352" lat="39.733092"><ele>475.5</ele></trkpt>
   <trkpt lon="2.686077" lat="39.732982"><ele>475.75</ele></trkpt>
   <trkpt lon="2.686029" lat="39.732981"><ele>475.25</ele></trkpt>
   <trkpt lon="2.685996" lat="39.732994"><ele>474.5</ele></trkpt>
   <trkpt lon="2.685980" lat="39.733014"><ele>473.5</ele></trkpt>
   <trkpt lon="2.685976" lat="39.733042"><ele>472.5</ele></trkpt>
   <trkpt lon="2.685986" lat="39.733071"><ele>471.5</ele></trkpt>
   <trkpt lon="2.686048" lat="39.733126"><ele>470.5</ele></trkpt>
   <trkpt lon="2.686963" lat="39.733804"><ele>467.75</ele></trkpt>
   <trkpt lon="2.687261" lat="39.734009"><ele>469.25</ele></trkpt>
   <trkpt lon="2.687310" lat="39.734059"><ele>470.0</ele></trkpt>
   <trkpt lon="2.687325" lat="39.734095"><ele>469.5</ele></trkpt>
   <trkpt lon="2.687323" lat="39.734124"><ele>468.5</ele></trkpt>
   <trkpt lon="2.687308" lat="39.734149"><ele>467.0</ele></trkpt>
   <trkpt lon="2.687275" lat="39.734166"><ele>465.25</ele></trkpt>
   <trkpt lon="2.687223" lat="39.734159"><ele>463.25</ele></trkpt>
   <trkpt lon="2.687170" lat="39.734134"><ele>462.75</ele></trkpt>
   <trkpt lon="2.686180" lat="39.733595"><ele>459.5</ele></trkpt>
   <trkpt lon="2.686115" lat="39.733568"><ele>459.25</ele></trkpt>
   <trkpt lon="2.686073" lat="39.733569"><ele>459.0</ele></trkpt>
   <trkpt lon="2.686032" lat="39.733583"><ele>458.5</ele></trkpt>
   <trkpt lon="2.686021" lat="39.733601"><ele>458.25</ele></trkpt>
   <trkpt lon="2.686013" lat="39.733635"><ele>457.5</ele></trkpt>
   <trkpt lon="2.686018" lat="39.733657"><ele>457.25</ele></trkpt>
   <trkpt lon="2.686044" lat="39.733686"><ele>456.75</ele></trkpt>
   <trkpt lon="2.686853" lat="39.734312"><ele>452.75</ele></trkpt>
   <trkpt lon="2.686920" lat="39.734376"><ele>452.25</ele></trkpt>
   <trkpt lon="2.686989" lat="39.734485"><ele>452.25</ele></trkpt>
   <trkpt lon="2.686998" lat="39.734545"><ele>452.25</ele></trkpt>
   <trkpt lon="2.686983" lat="39.734640"><ele>451.5</ele></trkpt>
   <trkpt lon="2.686949" lat="39.734729"><ele>450.0</ele></trkpt>
   <trkpt lon="2.686937" lat="39.734807"><ele>448.25</ele></trkpt>
   <trkpt lon="2.686972" lat="39.734907"><ele>447.0</ele></trkpt>
   <trkpt lon="2.687025" lat="39.734952"><ele>447.25</ele></trkpt>
   <trkpt lon="2.687364" lat="39.735151"><ele>447.5</ele></trkpt>
   <trkpt lon="2.687486" lat="39.735216"><ele>447.25</ele></trkpt>
   <trkpt lon="2.687586" lat="39.735244"><ele>446.5</ele></trkpt>
   <trkpt lon="2.687698" lat="39.735267"><ele>445.5</ele></trkpt>
   <trkpt lon="2.687831" lat="39.735284"><ele>445.5</ele></trkpt>
   <trkpt lon="2.687916" lat="39.735319"><ele>445.75</ele></trkpt>
   <trkpt lon="2.688648" lat="39.735847"><ele>439.0</ele></trkpt>
   <trkpt lon="2.688805" lat="39.735967"><ele>437.5</ele></trkpt>
   <trkpt lon="2.688856" lat="39.735978"><ele>437.25</ele></trkpt>
   <trkpt lon="2.688943" lat="39.735986"><ele>437.0</ele></trkpt>
   <trkpt lon="2.689151" lat="39.735978"><ele>437.5</ele></trkpt>
   <trkpt lon="2.689529" lat="39.735919"><ele>435.5</ele><sym>pass_place</sym><type>Shaping</type></trkpt>
   <trkpt lon="2.689531" lat="39.735919"><ele>435.5</ele></trkpt>
   <trkpt lon="2.690379" lat="39.735774"><ele>433.75</ele></trkpt>
   <trkpt lon="2.690480" lat="39.735764"><ele>434.25</ele></trkpt>
   <trkpt lon="2.690551" lat="39.735772"><ele>433.5</ele></trkpt>
   <trkpt lon="2.690580" lat="39.735798"><ele>431.75</ele></trkpt>
   <trkpt lon="2.690580" lat="39.735828"><ele>429.5</ele></trkpt>
   <trkpt lon="2.690550" lat="39.735857"><ele>428.0</ele></trkpt>
   <trkpt lon="2.690412" lat="39.735897"><ele>427.0</ele></trkpt>
   <trkpt lon="2.689855" lat="39.736029"><ele>427.25</ele></trkpt>
   <trkpt lon="2.689790" lat="39.736058"><ele>426.75</ele></trkpt>
   <trkpt lon="2.689766" lat="39.736086"><ele>425.75</ele></trkpt>
   <trkpt lon="2.689775" lat="39.736127"><ele>424.0</ele></trkpt>
   <trkpt lon="2.689813" lat="39.736144"><ele>423.25</ele></trkpt>
   <trkpt lon="2.689895" lat="39.736137"><ele>423.25</ele></trkpt>
   <trkpt lon="2.690252" lat="39.736023"><ele>423.5</ele></trkpt>
   <trkpt lon="2.690397" lat="39.735988"><ele>423.5</ele></trkpt>
   <trkpt lon="2.690679" lat="39.735951"><ele>424.0</ele></trkpt>
   <trkpt lon="2.690779" lat="39.735947"><ele>424.5</ele></trkpt>
   <trkpt lon="2.690824" lat="39.735960"><ele>424.0</ele></trkpt>
   <trkpt lon="2.690844" lat="39.735988"><ele>422.75</ele></trkpt>
   <trkpt lon="2.690841" lat="39.736022"><ele>420.75</ele></trkpt>
   <trkpt lon="2.690814" lat="39.736042"><ele>419.5</ele></trkpt>
   <trkpt lon="2.690666" lat="39.736055"><ele>419.25</ele></trkpt>
   <trkpt lon="2.690552" lat="39.736085"><ele>418.0</ele></trkpt>
   <trkpt lon="2.690300" lat="39.736223"><ele>417.0</ele></trkpt>
   <trkpt lon="2.690128" lat="39.736286"><ele>417.0</ele></trkpt>
   <trkpt lon="2.690108" lat="39.736315"><ele>416.0</ele></trkpt>
   <trkpt lon="2.690099" lat="39.736344"><ele>415.25</ele></trkpt>
   <trkpt lon="2.690119" lat="39.736373"><ele>414.25</ele></trkpt>
   <trkpt lon="2.690157" lat="39.736379"><ele>414.25</ele></trkpt>
   <trkpt lon="2.690220" lat="39.736373"><ele>414.25</ele></trkpt>
   <trkpt lon="2.690641" lat="39.736223"><ele>412.25</ele></trkpt>
   <trkpt lon="2.690710" lat="39.736205"><ele>412.5</ele></trkpt>
   <trkpt lon="2.690815" lat="39.736189"><ele>412.25</ele></trkpt>
   <trkpt lon="2.690930" lat="39.736196"><ele>412.5</ele></trkpt>
   <trkpt lon="2.691069" lat="39.736228"><ele>411.75</ele></trkpt>
   <trkpt lon="2.691729" lat="39.736442"><ele>408.5</ele></trkpt>
   <trkpt lon="2.691759" lat="39.736465"><ele>409.0</ele></trkpt>
   <trkpt lon="2.691761" lat="39.736493"><ele>408.0</ele></trkpt>
   <trkpt lon="2.691744" lat="39.736529"><ele>406.25</ele></trkpt>
   <trkpt lon="2.691689" lat="39.736545"><ele>403.75</ele></trkpt>
   <trkpt lon="2.691599" lat="39.736523"><ele>402.75</ele></trkpt>
   <trkpt lon="2.691457" lat="39.736470"><ele>403.0</ele></trkpt>
   <trkpt lon="2.691325" lat="39.736433"><ele>403.5</ele></trkpt>
   <trkpt lon="2.691189" lat="39.736410"><ele>403.5</ele></trkpt>
   <trkpt lon="2.691056" lat="39.736403"><ele>403.25</ele></trkpt>
   <trkpt lon="2.690793" lat="39.736425"><ele>402.5</ele></trkpt>
   <trkpt lon="2.690695" lat="39.736449"><ele>403.25</ele></trkpt>
   <trkpt lon="2.690636" lat="39.736492"><ele>402.5</ele></trkpt>
   <trkpt lon="2.690626" lat="39.736520"><ele>401.75</ele></trkpt>
   <trkpt lon="2.690640" lat="39.736561"><ele>400.5</ele></trkpt>
   <trkpt lon="2.690681" lat="39.736582"><ele>399.5</ele></trkpt>
   <trkpt lon="2.690741" lat="39.736589"><ele>398.75</ele></trkpt>
   <trkpt lon="2.690960" lat="39.736568"><ele>397.75</ele></trkpt>
   <trkpt lon="2.691110" lat="39.736569"><ele>396.75</ele></trkpt>
   <trkpt lon="2.691221" lat="39.736583"><ele>396.75</ele></trkpt>
   <trkpt lon="2.691326" lat="39.736608"><ele>396.25</ele></trkpt>
   <trkpt lon="2.691431" lat="39.736648"><ele>395.5</ele></trkpt>
   <trkpt lon="2.691630" lat="39.736750"><ele>395.25</ele></trkpt>
   <trkpt lon="2.692103" lat="39.737074"><ele>392.25</ele></trkpt>
   <trkpt lon="2.692201" lat="39.737108"><ele>392.25</ele></trkpt>
   <trkpt lon="2.692296" lat="39.737125"><ele>392.25</ele></trkpt>
   <trkpt lon="2.692690" lat="39.737174"><ele>390.25</ele></trkpt>
   <trkpt lon="2.692742" lat="39.737200"><ele>389.0</ele></trkpt>
   <trkpt lon="2.692763" lat="39.737228"><ele>387.5</ele></trkpt>
   <trkpt lon="2.692743" lat="39.737273"><ele>385.25</ele></trkpt>
   <trkpt lon="2.692695" lat="39.737294"><ele>384.25</ele></trkpt>
   <trkpt lon="2.692482" lat="39.737290"><ele>384.25</ele></trkpt>
   <trkpt lon="2.692205" lat="39.737264"><ele>384.5</ele></trkpt>
   <trkpt lon="2.691977" lat="39.737224"><ele>383.25</ele></trkpt>
   <trkpt lon="2.691258" lat="39.736917"><ele>381.75</ele></trkpt>
   <trkpt lon="2.691152" lat="39.736900"><ele>381.5</ele></trkpt>
   <trkpt lon="2.691108" lat="39.736907"><ele>380.75</ele></trkpt>
   <trkpt lon="2.691087" lat="39.736932"><ele>379.5</ele></trkpt>
   <trkpt lon="2.691093" lat="39.736966"><ele>377.75</ele></trkpt>
   <trkpt lon="2.691138" lat="39.737002"><ele>376.25</ele></trkpt>
   <trkpt lon="2.691461" lat="39.737150"><ele>375.25</ele></trkpt>
   <trkpt lon="2.691918" lat="39.737403"><ele>375.25</ele></trkpt>
   <trkpt lon="2.692095" lat="39.737488"><ele>373.0</ele></trkpt>
   <trkpt lon="2.692226" lat="39.737527"><ele>371.5</ele></trkpt>
   <trkpt lon="2.692384" lat="39.737552"><ele>370.75</ele></trkpt>
   <trkpt lon="2.692847" lat="39.737644"><ele>368.75</ele></trkpt>
   <trkpt lon="2.693222" lat="39.737818"><ele>367.5</ele></trkpt>
   <trkpt lon="2.693419" lat="39.737952"><ele>366.5</ele></trkpt>
   <trkpt lon="2.693742" lat="39.738155"><ele>367.25</ele></trkpt>
   <trkpt lon="2.693760" lat="39.738206"><ele>366.25</ele></trkpt>
   <trkpt lon="2.693760" lat="39.738256"><ele>364.75</ele></trkpt>
   <trkpt lon="2.693725" lat="39.738294"><ele>362.75</ele></trkpt>
   <trkpt lon="2.693661" lat="39.738290"><ele>361.25</ele></trkpt>
   <trkpt lon="2.693591" lat="39.738259"><ele>360.25</ele></trkpt>
   <trkpt lon="2.693446" lat="39.738145"><ele>360.0</ele></trkpt>
   <trkpt lon="2.693250" lat="39.738028"><ele>360.25</ele></trkpt>
   <trkpt lon="2.693096" lat="39.737959"><ele>360.0</ele></trkpt>
   <trkpt lon="2.692943" lat="39.737942"><ele>359.25</ele></trkpt>
   <trkpt lon="2.692544" lat="39.737944"><ele>358.5</ele></trkpt>
   <trkpt lon="2.692462" lat="39.737963"><ele>357.25</ele></trkpt>
   <trkpt lon="2.692441" lat="39.738008"><ele>355.25</ele></trkpt>
   <trkpt lon="2.692473" lat="39.738035"><ele>355.5</ele></trkpt>
   <trkpt lon="2.692535" lat="39.738055"><ele>355.75</ele></trkpt>
   <trkpt lon="2.692916" lat="39.738064"><ele>355.0</ele></trkpt>
   <trkpt lon="2.693090" lat="39.738136"><ele>353.25</ele></trkpt>
   <trkpt lon="2.693247" lat="39.738221"><ele>352.75</ele></trkpt>
   <trkpt lon="2.693471" lat="39.738421"><ele>351.0</ele></trkpt>
   <trkpt lon="2.693707" lat="39.738581"><ele>350.0</ele></trkpt>
   <trkpt lon="2.693843" lat="39.738645"><ele>349.25</ele></trkpt>
   <trkpt lon="2.693920" lat="39.738699"><ele>347.75</ele></trkpt>
   <trkpt lon="2.693916" lat="39.738734"><ele>345.75</ele></trkpt>
   <trkpt lon="2.693878" lat="39.738747"><ele>344.25</ele></trkpt>
   <trkpt lon="2.693838" lat="39.738735"><ele>344.25</ele></trkpt>
   <trkpt lon="2.693361" lat="39.738529"><ele>344.25</ele></trkpt>
   <trkpt lon="2.693102" lat="39.738426"><ele>342.25</ele></trkpt>
   <trkpt lon="2.692775" lat="39.738361"><ele>343.25</ele></trkpt>
   <trkpt lon="2.692586" lat="39.738366"><ele>342.75</ele></trkpt>
   <trkpt lon="2.692552" lat="39.738382"><ele>341.75</ele></trkpt>
   <trkpt lon="2.692539" lat="39.738420"><ele>340.25</ele><sym>right</sym></trkpt>
   <trkpt lon="2.692558" lat="39.738455"><ele>338.5</ele></trkpt>
   <trkpt lon="2.692610" lat="39.738474"><ele>337.5</ele></trkpt>
   <trkpt lon="2.692925" lat="39.738500"><ele>337.25</ele></trkpt>
   <trkpt lon="2.693038" lat="39.738540"><ele>336.5</ele></trkpt>
   <trkpt lon="2.693207" lat="39.738643"><ele>336.25</ele></trkpt>
   <trkpt lon="2.693318" lat="39.738720"><ele>335.5</ele></trkpt>
   <trkpt lon="2.693499" lat="39.738809"><ele>334.75</ele></trkpt>
   <trkpt lon="2.693805" lat="39.738919"><ele>334.0</ele></trkpt>
   <trkpt lon="2.693948" lat="39.738954"><ele>334.0</ele></trkpt>
   <trkpt lon="2.694007" lat="39.738983"><ele>333.25</ele></trkpt>
   <trkpt lon="2.694005" lat="39.739034"><ele>330.25</ele></trkpt>
   <trkpt lon="2.693954" lat="39.739068"><ele>327.5</ele></trkpt>
   <trkpt lon="2.693840" lat="39.739042"><ele>327.25</ele></trkpt>
   <trkpt lon="2.693194" lat="39.738849"><ele>327.0</ele></trkpt>
   <trkpt lon="2.693073" lat="39.738770"><ele>328.0</ele></trkpt>
   <trkpt lon="2.692830" lat="39.738704"><ele>328.0</ele></trkpt>
   <trkpt lon="2.692741" lat="39.738693"><ele>328.0</ele></trkpt>
   <trkpt lon="2.692677" lat="39.738706"><ele>327.75</ele></trkpt>
   <trkpt lon="2.692636" lat="39.738734"><ele>327.0</ele></trkpt>
   <trkpt lon="2.692638" lat="39.738776"><ele>325.75</ele></trkpt>
   <trkpt lon="2.692696" lat="39.738811"><ele>324.75</ele></trkpt>
   <trkpt lon="2.692848" lat="39.738852"><ele>324.0</ele></trkpt>
   <trkpt lon="2.693132" lat="39.738949"><ele>321.25</ele></trkpt>
   <trkpt lon="2.693674" lat="39.739148"><ele>318.25</ele></trkpt>
   <trkpt lon="2.693939" lat="39.739219"><ele>318.75</ele></trkpt>
   <trkpt lon="2.693981" lat="39.739248"><ele>317.75</ele></trkpt>
   <trkpt lon="2.693992" lat="39.739285"><ele>315.75</ele></trkpt>
   <trkpt lon="2.693970" lat="39.739304"><ele>314.5</ele></trkpt>
   <trkpt lon="2.693915" lat="39.739306"><ele>313.75</ele></trkpt>
   <trkpt lon="2.693802" lat="39.739282"><ele>313.0</ele></trkpt>
   <trkpt lon="2.693266" lat="39.739137"><ele>313.0</ele></trkpt>
   <trkpt lon="2.693037" lat="39.739084"><ele>313.75</ele></trkpt>
   <trkpt lon="2.692976" lat="39.739091"><ele>313.25</ele></trkpt>
   <trkpt lon="2.692945" lat="39.739126"><ele>311.5</ele></trkpt>
   <trkpt lon="2.692972" lat="39.739169"><ele>309.5</ele></trkpt>
   <trkpt lon="2.693032" lat="39.739198"><ele>308.75</ele></trkpt>
   <trkpt lon="2.693260" lat="39.739242"><ele>307.25</ele></trkpt>
   <trkpt lon="2.693593" lat="39.739325"><ele>306.5</ele></trkpt>
   <trkpt lon="2.693951" lat="39.739460"><ele>305.75</ele></trkpt>
   <trkpt lon="2.694165" lat="39.739551"><ele>303.75</ele></trkpt>
   <trkpt lon="2.694292" lat="39.739638"><ele>303.25</ele></trkpt>
   <trkpt lon="2.694599" lat="39.739896"><ele>301.0</ele></trkpt>
   <trkpt lon="2.694965" lat="39.740152"><ele>298.5</ele></trkpt>
   <trkpt lon="2.695222" lat="39.740349"><ele>296.75</ele></trkpt>
   <trkpt lon="2.695427" lat="39.740526"><ele>294.5</ele></trkpt>
   <trkpt lon="2.695884" lat="39.740953"><ele>290.25</ele><sym>pass_place</sym><type>Shaping</type></trkpt>
   <trkpt lon="2.695886" lat="39.740954"><ele>290.25</ele></trkpt>
   <trkpt lon="2.695970" lat="39.741057"><ele>289.25</ele></trkpt>
   <trkpt lon="2.696069" lat="39.741252"><ele>287.25</ele></trkpt>
   <trkpt lon="2.696145" lat="39.741379"><ele>287.25</ele></trkpt>
   <trkpt lon="2.696326" lat="39.741639"><ele>285.0</ele></trkpt>
   <trkpt lon="2.696626" lat="39.742003"><ele>282.0</ele></trkpt>
   <trkpt lon="2.697294" lat="39.742595"><ele>278.5</ele></trkpt>
   <trkpt lon="2.697439" lat="39.742681"><ele>278.25</ele></trkpt>
   <trkpt lon="2.697728" lat="39.742822"><ele>277.75</ele></trkpt>
   <trkpt lon="2.697826" lat="39.742877"><ele>277.75</ele></trkpt>
   <trkpt lon="2.697849" lat="39.742906"><ele>277.25</ele></trkpt>
   <trkpt lon="2.697845" lat="39.742936"><ele>275.75</ele><sym>left</sym></trkpt>
   <trkpt lon="2.697817" lat="39.742960"><ele>274.0</ele></trkpt>
   <trkpt lon="2.697757" lat="39.742961"><ele>272.5</ele></trkpt>
   <trkpt lon="2.697597" lat="39.742919"><ele>270.25</ele></trkpt>
   <trkpt lon="2.697407" lat="39.742846"><ele>269.0</ele></trkpt>
   <trkpt lon="2.697123" lat="39.742673"><ele>269.0</ele></trkpt>
   <trkpt lon="2.696803" lat="39.742441"><ele>267.75</ele></trkpt>
   <trkpt lon="2.696590" lat="39.742344"><ele>265.25</ele></trkpt>
   <trkpt lon="2.696451" lat="39.742266"><ele>264.75</ele></trkpt>
   <trkpt lon="2.696201" lat="39.742053"><ele>264.0</ele></trkpt>
   <trkpt lon="2.695854" lat="39.741771"><ele>261.25</ele></trkpt>
   <trkpt lon="2.695634" lat="39.741580"><ele>260.5</ele></trkpt>
   <trkpt lon="2.695504" lat="39.741455"><ele>260.0</ele></trkpt>
   <trkpt lon="2.695454" lat="39.741433"><ele>259.75</ele></trkpt>
   <trkpt lon="2.695414" lat="39.741436"><ele>258.75</ele></trkpt>
   <trkpt lon="2.695382" lat="39.741457"><ele>257.5</ele></trkpt>
   <trkpt lon="2.695381" lat="39.741498"><ele>256.0</ele></trkpt>
   <trkpt lon="2.695682" lat="39.741832"><ele>254.25</ele></trkpt>
   <trkpt lon="2.695919" lat="39.742124"><ele>251.75</ele></trkpt>
   <trkpt lon="2.696225" lat="39.742427"><ele>250.25</ele></trkpt>
   <trkpt lon="2.696524" lat="39.742617"><ele>249.75</ele></trkpt>
   <trkpt lon="2.696755" lat="39.742790"><ele>249.5</ele></trkpt>
   <trkpt lon="2.696800" lat="39.742843"><ele>249.75</ele></trkpt>
   <trkpt lon="2.696816" lat="39.742888"><ele>249.0</ele></trkpt>
   <trkpt lon="2.696808" lat="39.742922"><ele>247.75</ele></trkpt>
   <trkpt lon="2.696769" lat="39.742942"><ele>246.0</ele></trkpt>
   <trkpt lon="2.696722" lat="39.742943"><ele>244.5</ele></trkpt>
   <trkpt lon="2.696684" lat="39.742924"><ele>243.75</ele></trkpt>
   <trkpt lon="2.696587" lat="39.742791"><ele>243.5</ele></trkpt>
   <trkpt lon="2.696517" lat="39.742744"><ele>243.75</ele></trkpt>
   <trkpt lon="2.696338" lat="39.742660"><ele>242.75</ele></trkpt>
   <trkpt lon="2.696100" lat="39.742568"><ele>241.25</ele></trkpt>
   <trkpt lon="2.695385" lat="39.742177"><ele>237.75</ele></trkpt>
   <trkpt lon="2.695312" lat="39.742160"><ele>236.75</ele></trkpt>
   <trkpt lon="2.695240" lat="39.742164"><ele>236.25</ele></trkpt>
   <trkpt lon="2.695218" lat="39.742212"><ele>235.25</ele></trkpt>
   <trkpt lon="2.695229" lat="39.742261"><ele>234.5</ele></trkpt>
   <trkpt lon="2.695333" lat="39.742360"><ele>232.75</ele></trkpt>
   <trkpt lon="2.695571" lat="39.742502"><ele>232.25</ele></trkpt>
   <trkpt lon="2.696079" lat="39.742806"><ele>229.5</ele></trkpt>
   <trkpt lon="2.696207" lat="39.742901"><ele>229.5</ele></trkpt>
   <trkpt lon="2.696297" lat="39.742997"><ele>228.5</ele></trkpt>
   <trkpt lon="2.696413" lat="39.743163"><ele>226.75</ele></trkpt>
   <trkpt lon="2.696476" lat="39.743294"><ele>225.5</ele></trkpt>
   <trkpt lon="2.696504" lat="39.743427"><ele>223.5</ele></trkpt>
   <trkpt lon="2.696515" lat="39.743560"><ele>221.5</ele></trkpt>
   <trkpt lon="2.696536" lat="39.743627"><ele>220.75</ele></trkpt>
   <trkpt lon="2.696573" lat="39.743685"><ele>221.0</ele></trkpt>
   <trkpt lon="2.696619" lat="39.743738"><ele>221.25</ele></trkpt>
   <trkpt lon="2.696685" lat="39.743793"><ele>221.75</ele></trkpt>
   <trkpt lon="2.696795" lat="39.743863"><ele>222.75</ele></trkpt>
   <trkpt lon="2.696822" lat="39.743889"><ele>222.75</ele></trkpt>
   <trkpt lon="2.696830" lat="39.743908"><ele>222.25</ele></trkpt>
   <trkpt lon="2.696821" lat="39.743935"><ele>220.75</ele></trkpt>
   <trkpt lon="2.696804" lat="39.743954"><ele>219.75</ele></trkpt>
   <trkpt lon="2.696764" lat="39.743960"><ele>218.5</ele></trkpt>
   <trkpt lon="2.696725" lat="39.743950"><ele>218.0</ele></trkpt>
   <trkpt lon="2.696616" lat="39.743843"><ele>218.75</ele></trkpt>
   <trkpt lon="2.696548" lat="39.743800"><ele>217.75</ele></trkpt>
   <trkpt lon="2.696498" lat="39.743798"><ele>216.25</ele></trkpt>
   <trkpt lon="2.696468" lat="39.743816"><ele>215.25</ele></trkpt>
   <trkpt lon="2.696457" lat="39.743850"><ele>214.25</ele></trkpt>
   <trkpt lon="2.696477" lat="39.743879"><ele>214.25</ele></trkpt>
   <trkpt lon="2.696519" lat="39.743915"><ele>214.25</ele></trkpt>
   <trkpt lon="2.696769" lat="39.744073"><ele>214.0</ele></trkpt>
   <trkpt lon="2.697027" lat="39.744236"><ele>214.0</ele></trkpt>
   <trkpt lon="2.697260" lat="39.744404"><ele>213.25</ele></trkpt>
   <trkpt lon="2.697592" lat="39.744676"><ele>210.5</ele></trkpt>
   <trkpt lon="2.697708" lat="39.744799"><ele>209.75</ele></trkpt>
   <trkpt lon="2.697921" lat="39.745065"><ele>207.75</ele></trkpt>
   <trkpt lon="2.697993" lat="39.745236"><ele>204.25</ele></trkpt>
   <trkpt lon="2.698076" lat="39.745436"><ele>201.25</ele></trkpt>
   <trkpt lon="2.698489" lat="39.745914"><ele>200.0</ele></trkpt>
   <trkpt lon="2.698587" lat="39.746031"><ele>199.75</ele></trkpt>
   <trkpt lon="2.698630" lat="39.746094"><ele>199.5</ele></trkpt>
   <trkpt lon="2.698655" lat="39.746144"><ele>199.25</ele></trkpt>
   <trkpt lon="2.698658" lat="39.746176"><ele>198.75</ele></trkpt>
   <trkpt lon="2.698639" lat="39.746215"><ele>196.75</ele></trkpt>
   <trkpt lon="2.698591" lat="39.746229"><ele>194.75</ele></trkpt>
   <trkpt lon="2.698546" lat="39.746221"><ele>193.5</ele></trkpt>
   <trkpt lon="2.698511" lat="39.746193"><ele>193.0</ele></trkpt>
   <trkpt lon="2.698402" lat="39.746057"><ele>193.25</ele></trkpt>
   <trkpt lon="2.698238" lat="39.745876"><ele>192.25</ele></trkpt>
   <trkpt lon="2.698073" lat="39.745730"><ele>191.25</ele></trkpt>
   <trkpt lon="2.697841" lat="39.745570"><ele>188.75</ele></trkpt>
   <trkpt lon="2.697797" lat="39.745548"><ele>187.75</ele></trkpt>
   <trkpt lon="2.697756" lat="39.745536"><ele>187.25</ele></trkpt>
   <trkpt lon="2.697716" lat="39.745532"><ele>187.25</ele></trkpt>
   <trkpt lon="2.697678" lat="39.745539"><ele>186.75</ele></trkpt>
   <trkpt lon="2.697656" lat="39.745554"><ele>186.5</ele></trkpt>
   <trkpt lon="2.697642" lat="39.745581"><ele>186.0</ele></trkpt>
   <trkpt lon="2.697641" lat="39.745608"><ele>185.75</ele></trkpt>
   <trkpt lon="2.697743" lat="39.745850"><ele>182.25</ele></trkpt>
   <trkpt lon="2.697776" lat="39.745912"><ele>181.25</ele></trkpt>
   <trkpt lon="2.697883" lat="39.746123"><ele>180.0</ele></trkpt>
   <trkpt lon="2.697969" lat="39.746376"><ele>178.75</ele></trkpt>
   <trkpt lon="2.698055" lat="39.746483"><ele>177.25</ele></trkpt>
   <trkpt lon="2.698150" lat="39.746609"><ele>176.5</ele><sym>pass_place</sym><type>Shaping</type></trkpt>
   <trkpt lon="2.698462" lat="39.746874"><ele>174.25</ele></trkpt>
   <trkpt lon="2.698841" lat="39.747183"><ele>169.5</ele></trkpt>
   <trkpt lon="2.698932" lat="39.747235"><ele>168.5</ele></trkpt>
   <trkpt lon="2.699008" lat="39.747279"><ele>168.5</ele></trkpt>
   <trkpt lon="2.699146" lat="39.747342"><ele>167.75</ele></trkpt>
   <trkpt lon="2.699443" lat="39.747431"><ele>165.5</ele></trkpt>
   <trkpt lon="2.699617" lat="39.747484"><ele>165.0</ele></trkpt>
   <trkpt lon="2.700362" lat="39.747745"><ele>161.5</ele></trkpt>
   <trkpt lon="2.700531" lat="39.747824"><ele>161.25</ele></trkpt>
   <trkpt lon="2.701107" lat="39.748094"><ele>156.0</ele></trkpt>
   <trkpt lon="2.701878" lat="39.748571"><ele>153.25</ele></trkpt>
   <trkpt lon="2.702696" lat="39.748937"><ele>147.75</ele></trkpt>
   <trkpt lon="2.702797" lat="39.749030"><ele>146.75</ele></trkpt>
   <trkpt lon="2.702953" lat="39.749255"><ele>146.25</ele></trkpt>
   <trkpt lon="2.703099" lat="39.749429"><ele>144.25</ele></trkpt>
   <trkpt lon="2.703338" lat="39.749658"><ele>143.0</ele></trkpt>
   <trkpt lon="2.703899" lat="39.750115"><ele>138.5</ele></trkpt>
   <trkpt lon="2.704398" lat="39.750630"><ele>131.75</ele></trkpt>
   <trkpt lon="2.704667" lat="39.750924"><ele>131.0</ele></trkpt>
   <trkpt lon="2.704800" lat="39.751039"><ele>131.0</ele></trkpt>
   <trkpt lon="2.705032" lat="39.751207"><ele>131.25</ele></trkpt>
   <trkpt lon="2.705244" lat="39.751347"><ele>129.0</ele></trkpt>
   <trkpt lon="2.705452" lat="39.751514"><ele>128.75</ele></trkpt>
   <trkpt lon="2.705553" lat="39.751649"><ele>126.0</ele></trkpt>
   <trkpt lon="2.705663" lat="39.751908"><ele>129.25</ele></trkpt>
   <trkpt lon="2.705774" lat="39.752141"><ele>125.5</ele></trkpt>
   <trkpt lon="2.705850" lat="39.752235"><ele>122.0</ele></trkpt>
   <trkpt lon="2.706063" lat="39.752397"><ele>121.25</ele></trkpt>
   <trkpt lon="2.706453" lat="39.752794"><ele>118.25</ele></trkpt>
   <trkpt lon="2.706546" lat="39.752912"><ele>117.0</ele></trkpt>
   <trkpt lon="2.706579" lat="39.753017"><ele>117.0</ele></trkpt>
   <trkpt lon="2.706592" lat="39.753132"><ele>116.5</ele></trkpt>
   <trkpt lon="2.706589" lat="39.753235"><ele>116.0</ele></trkpt>
   <trkpt lon="2.706581" lat="39.753536"><ele>116.0</ele></trkpt>
   <trkpt lon="2.706604" lat="39.753631"><ele>114.75</ele></trkpt>
   <trkpt lon="2.706633" lat="39.753706"><ele>113.5</ele></trkpt>
   <trkpt lon="2.706817" lat="39.754003"><ele>109.75</ele></trkpt>
   <trkpt lon="2.706895" lat="39.754148"><ele>109.25</ele></trkpt>
   <trkpt lon="2.707027" lat="39.754509"><ele>106.25</ele></trkpt>
   <trkpt lon="2.707095" lat="39.754620"><ele>105.75</ele></trkpt>
   <trkpt lon="2.707284" lat="39.754820"><ele>104.0</ele></trkpt>
   <trkpt lon="2.707533" lat="39.755067"><ele>103.0</ele></trkpt>
   <trkpt lon="2.707884" lat="39.755517"><ele>99.5</ele></trkpt>
   <trkpt lon="2.707993" lat="39.755620"><ele>98.5</ele></trkpt>
   <trkpt lon="2.708120" lat="39.755708"><ele>98.0</ele></trkpt>
   <trkpt lon="2.708365" lat="39.755820"><ele>96.5</ele></trkpt>
   <trkpt lon="2.708973" lat="39.756122"><ele>93.5</ele></trkpt>
   <trkpt lon="2.709641" lat="39.756533"><ele>90.25</ele></trkpt>
   <trkpt lon="2.709853" lat="39.756627"><ele>90.0</ele></trkpt>
   <trkpt lon="2.710008" lat="39.756688"><ele>89.0</ele></trkpt>
   <trkpt lon="2.710115" lat="39.756743"><ele>87.5</ele></trkpt>
   <trkpt lon="2.710192" lat="39.756783"><ele>86.5</ele></trkpt>
   <trkpt lon="2.710330" lat="39.756902"><ele>85.75</ele></trkpt>
   <trkpt lon="2.710597" lat="39.757191"><ele>84.0</ele></trkpt>
   <trkpt lon="2.710673" lat="39.757282"><ele>83.25</ele></trkpt>
   <trkpt lon="2.710821" lat="39.757456"><ele>82.25</ele></trkpt>
   <trkpt lon="2.710991" lat="39.757703"><ele>81.25</ele></trkpt>
   <trkpt lon="2.711094" lat="39.757905"><ele>80.5</ele></trkpt>
   <trkpt lon="2.711250" lat="39.758272"><ele>76.25</ele></trkpt>
   <trkpt lon="2.711414" lat="39.758649"><ele>74.25</ele><sym>pass_place</sym><type>Shaping</type></trkpt>
   <trkpt lon="2.711610" lat="39.759184"><ele>71.75</ele></trkpt>
   <trkpt lon="2.711687" lat="39.759497"><ele>69.25</ele></trkpt>
   <trkpt lon="2.711715" lat="39.759702"><ele>68.5</ele></trkpt>
   <trkpt lon="2.711711" lat="39.759939"><ele>67.5</ele></trkpt>
   <trkpt lon="2.711653" lat="39.760136"><ele>66.75</ele></trkpt>
   <trkpt lon="2.711552" lat="39.760312"><ele>65.25</ele></trkpt>
   <trkpt lon="2.711507" lat="39.760430"><ele>64.0</ele></trkpt>
   <trkpt lon="2.711485" lat="39.760609"><ele>62.25</ele></trkpt>
   <trkpt lon="2.711471" lat="39.760723"><ele>62.0</ele><sym>roundabout_e1</sym></trkpt>
   <trkpt lon="2.711492" lat="39.760757"><ele>61.5</ele></trkpt>
   <trkpt lon="2.711497" lat="39.760820"><ele>61.0</ele></trkpt>
   <trkpt lon="2.711460" lat="39.760879"><ele>61.25</ele></trkpt>
   <trkpt lon="2.711477" lat="39.760909"><ele>60.75</ele></trkpt>
   <trkpt lon="2.711463" lat="39.761048"><ele>59.75</ele></trkpt>
   <trkpt lon="2.711438" lat="39.761103"><ele>59.5</ele></trkpt>
   <trkpt lon="2.711407" lat="39.761307"><ele>58.25</ele></trkpt>
   <trkpt lon="2.711291" lat="39.761960"><ele>56.5</ele></trkpt>
   <trkpt lon="2.711203" lat="39.762452"><ele>54.0</ele><sym>right_sharp</sym></trkpt>
   <trkpt lon="2.711272" lat="39.762431"><ele>54.0</ele><sym>right_slight</sym></trkpt>
   <trkpt lon="2.711606" lat="39.762182"><ele>53.5</ele><sym>right_slight</sym></trkpt>
   <trkpt lon="2.711705" lat="39.761765"><ele>55.25</ele></trkpt>
   <trkpt lon="2.711748" lat="39.761546"><ele>55.25</ele></trkpt>
   <trkpt lon="2.711718" lat="39.761429"><ele>55.5</ele><sym>left</sym></trkpt>
   <trkpt lon="2.711962" lat="39.761376"><ele>53.75</ele></trkpt>
   <trkpt lon="2.712060" lat="39.761367"><ele>52.25</ele></trkpt>
   <trkpt lon="2.712128" lat="39.761368"><ele>51.25</ele></trkpt>
   <trkpt lon="2.712283" lat="39.761393"><ele>50.0</ele></trkpt>
   <trkpt lon="2.712379" lat="39.761398"><ele>50.5</ele></trkpt>
   <trkpt lon="2.712398" lat="39.761400"><ele>50.5</ele><sym>left</sym></trkpt>
   <trkpt lon="2.712401" lat="39.761441"><ele>50.25</ele></trkpt>
   <trkpt lon="2.712433" lat="39.761508"><ele>49.75</ele></trkpt>
   <trkpt lon="2.712713" lat="39.761698"><ele>48.5</ele></trkpt>
   <trkpt lon="2.712831" lat="39.761798"><ele>48.5</ele></trkpt>
   <trkpt lon="2.713433" lat="39.762306"><ele>46.0</ele></trkpt>
   <trkpt lon="2.713789" lat="39.762653"><ele>44.25</ele></trkpt>
   <trkpt lon="2.714120" lat="39.762947"><ele>42.25</ele></trkpt>
   <trkpt lon="2.714162" lat="39.762978"><ele>41.5</ele></trkpt>
   <trkpt lon="2.714197" lat="39.762988"><ele>41.75</ele></trkpt>
   <trkpt lon="2.714233" lat="39.762990"><ele>42.0</ele></trkpt>
   <trkpt lon="2.714493" lat="39.762988"><ele>45.0</ele><sym>left_slight</sym></trkpt>
   <trkpt lon="2.714506" lat="39.763040"><ele>44.75</ele></trkpt>
   <trkpt lon="2.714779" lat="39.763286"><ele>48.0</ele></trkpt>
   <trkpt lon="2.714976" lat="39.763409"><ele>48.5</ele></trkpt>
   <trkpt lon="2.715171" lat="39.763727"><ele>48.75</ele></trkpt>
   <trkpt lon="2.715202" lat="39.763766"><ele>48.75</ele></trkpt>
   <trkpt lon="2.715215" lat="39.763773"><ele>48.75</ele><sym>right</sym></trkpt>
   <trkpt lon="2.715248" lat="39.763771"><ele>49.0</ele></trkpt>
   <trkpt lon="2.715360" lat="39.763705"><ele>49.75</ele></trkpt>
   <trkpt lon="2.715381" lat="39.763705"><ele>50.0</ele></trkpt>
   <trkpt lon="2.715408" lat="39.763716"><ele>50.0</ele></trkpt>
   <trkpt lon="2.716421" lat="39.764332"><ele>47.75</ele></trkpt>
   <trkpt lon="2.716249" lat="39.764542"><ele>46.25</ele></trkpt>
   <trkpt lon="2.715778" lat="39.765119"><ele>42.75</ele></trkpt>
   <trkpt lon="2.715594" lat="39.765338"><ele>40.5</ele></trkpt>
   <trkpt lon="2.715510" lat="39.765565"><ele>38.75</ele><sym>left_slight</sym></trkpt>
   <trkpt lon="2.715337" lat="39.765606"><ele>37.75</ele></trkpt>
   <trkpt lon="2.715197" lat="39.765615"><ele>37.25</ele></trkpt>
   <trkpt lon="2.715157" lat="39.765618"><ele>37.0</ele></trkpt>
   <trkpt lon="2.714896" lat="39.765574"><ele>36.75</ele></trkpt>
   <trkpt lon="2.714808" lat="39.765560"><ele>36.75</ele><sym>right</sym></trkpt>
   <trkpt lon="2.714793" lat="39.765609"><ele>36.75</ele></trkpt>
   <trkpt lon="2.714778" lat="39.765847"><ele>35.75</ele></trkpt>
   <trkpt lon="2.714825" lat="39.766186"><ele>34.0</ele><sym>right_slight</sym></trkpt>
   <trkpt lon="2.715059" lat="39.766199"><ele>34.75</ele><sym>pass_place</sym><type>Via</type></trkpt>
  </trkseg>
 </trk>
</gpx>
